"1"	"ENSG00000000005"	5.87173288464292
"2"	"ENSG00000000460"	1.37172028981373
"3"	"ENSG00000000938"	1.61677869220712
"4"	"ENSG00000000971"	1.14144936864346
"5"	"ENSG00000001626"	1.65501366737101
"6"	"ENSG00000001631"	2.63243077923953
"7"	"ENSG00000002016"	1.00062311216131
"8"	"ENSG00000002079"	1.35137555224945
"9"	"ENSG00000002330"	1.22716695468504
"10"	"ENSG00000002726"	3.50089616844233
"11"	"ENSG00000002822"	5.66804150532664
"12"	"ENSG00000002834"	2.24702478380097
"13"	"ENSG00000002919"	1.04944913264508
"14"	"ENSG00000003137"	3.28284378842891
"15"	"ENSG00000003249"	3.44259126601582
"16"	"ENSG00000003402"	1.45426567105725
"17"	"ENSG00000003436"	1.2493686406024
"18"	"ENSG00000003756"	1.65242886011364
"19"	"ENSG00000004139"	1.46549635210634
"20"	"ENSG00000004142"	1.35822071655457
"21"	"ENSG00000004478"	1.98665100685657
"22"	"ENSG00000004534"	1.53476036005999
"23"	"ENSG00000004776"	6.69517972534436
"24"	"ENSG00000004777"	1.86134014649179
"25"	"ENSG00000004799"	5.60164542959329
"26"	"ENSG00000004809"	1.32366736164959
"27"	"ENSG00000004838"	2.31944445479588
"28"	"ENSG00000004846"	3.73304292985335
"29"	"ENSG00000004848"	2.86212296873275
"30"	"ENSG00000004939"	2.20515456814858
"31"	"ENSG00000004961"	1.20199220403459
"32"	"ENSG00000005001"	1.48351140694
"33"	"ENSG00000005022"	1.35760287381247
"34"	"ENSG00000005073"	1.87841828225342
"35"	"ENSG00000005102"	4.04456094243378
"36"	"ENSG00000005108"	2.34751569173702
"37"	"ENSG00000005156"	1.53935566466834
"38"	"ENSG00000005175"	1.08050175270397
"39"	"ENSG00000005189"	1.3764508644752
"40"	"ENSG00000005194"	1.0435534200415
"41"	"ENSG00000005206"	1.33254712616346
"42"	"ENSG00000005249"	1.63019475574324
"43"	"ENSG00000005379"	1.76278005861521
"44"	"ENSG00000005381"	1.69207518149271
"45"	"ENSG00000005469"	1.27835598591046
"46"	"ENSG00000005513"	2.38037891840882
"47"	"ENSG00000005844"	1.92086043890609
"48"	"ENSG00000005893"	1.6166242554188
"49"	"ENSG00000006007"	1.52283551909576
"50"	"ENSG00000006016"	1.08922586553997
"51"	"ENSG00000006025"	1.03783175792037
"52"	"ENSG00000006118"	3.72350622783595
"53"	"ENSG00000006125"	1.06559375390512
"54"	"ENSG00000006128"	4.36353785167016
"55"	"ENSG00000006210"	1.39836436538586
"56"	"ENSG00000006283"	2.63752530542032
"57"	"ENSG00000006327"	1.71262044608547
"58"	"ENSG00000006377"	2.0225776919832
"59"	"ENSG00000006432"	1.96559683959653
"60"	"ENSG00000006451"	1.47685856977494
"61"	"ENSG00000006453"	1.11274417630052
"62"	"ENSG00000006576"	1.07529618239823
"63"	"ENSG00000006625"	1.05826252126423
"64"	"ENSG00000006634"	1.88572309821368
"65"	"ENSG00000006652"	3.21425286588497
"66"	"ENSG00000006704"	1.35394704484669
"67"	"ENSG00000006747"	2.43784006680485
"68"	"ENSG00000006756"	1.48272650464106
"69"	"ENSG00000006757"	1.27558834204173
"70"	"ENSG00000006788"	1.71543720360402
"71"	"ENSG00000006837"	2.20267429990419
"72"	"ENSG00000007062"	1.59112919592446
"73"	"ENSG00000007174"	2.33297320901872
"74"	"ENSG00000007202"	1.24882785575644
"75"	"ENSG00000007255"	1.20920492896066
"76"	"ENSG00000007314"	4.57942736395603
"77"	"ENSG00000007350"	2.32270132446829
"78"	"ENSG00000007372"	4.56741929905041
"79"	"ENSG00000007516"	1.07118807092738
"80"	"ENSG00000007545"	1.49352902666862
"81"	"ENSG00000007908"	2.20589009038708
"82"	"ENSG00000007933"	1.12627374995332
"83"	"ENSG00000007952"	1.7066811944945
"84"	"ENSG00000007968"	4.14764209785869
"85"	"ENSG00000008083"	1.06973126734248
"86"	"ENSG00000008118"	1.32113715303026
"87"	"ENSG00000008128"	4.95032150322048
"88"	"ENSG00000008196"	2.75500968154238
"89"	"ENSG00000008226"	2.10473384694488
"90"	"ENSG00000008256"	1.29903247903501
"91"	"ENSG00000008283"	3.11991001865945
"92"	"ENSG00000008300"	2.29171106252534
"93"	"ENSG00000008311"	2.88954832132357
"94"	"ENSG00000008438"	2.82556594102575
"95"	"ENSG00000008516"	1.15835411304086
"96"	"ENSG00000008517"	1.12052744558572
"97"	"ENSG00000008710"	2.1092402526436
"98"	"ENSG00000008735"	3.20203855406978
"99"	"ENSG00000008838"	2.04700488557389
"100"	"ENSG00000009413"	1.23473553374549
"101"	"ENSG00000009694"	2.70175033996476
"102"	"ENSG00000009724"	2.65249240293244
"103"	"ENSG00000009765"	4.996669901296
"104"	"ENSG00000009790"	2.28360167783076
"105"	"ENSG00000009844"	1.53365872482704
"106"	"ENSG00000009950"	5.45868174031159
"107"	"ENSG00000009954"	1.07703616985748
"108"	"ENSG00000010030"	2.83930399241922
"109"	"ENSG00000010072"	1.10793158566526
"110"	"ENSG00000010165"	1.28809307728909
"111"	"ENSG00000010256"	1.09330762000739
"112"	"ENSG00000010278"	1.83071707477575
"113"	"ENSG00000010282"	5.28223853703385
"114"	"ENSG00000010292"	1.87382382986015
"115"	"ENSG00000010295"	1.91996151153432
"116"	"ENSG00000010310"	3.21587765393833
"117"	"ENSG00000010318"	1.01428087480295
"118"	"ENSG00000010319"	4.08762405839596
"119"	"ENSG00000010322"	1.66018102756836
"120"	"ENSG00000010327"	2.68094562353783
"121"	"ENSG00000010404"	4.71889371714386
"122"	"ENSG00000010438"	2.60706220201455
"123"	"ENSG00000010539"	1.03935697546297
"124"	"ENSG00000010610"	1.48962815564968
"125"	"ENSG00000010671"	1.14859057234474
"126"	"ENSG00000010810"	1.50351923055937
"127"	"ENSG00000011009"	1.29077984624714
"128"	"ENSG00000011021"	1.87555265282043
"129"	"ENSG00000011201"	1.95519952134945
"130"	"ENSG00000011243"	1.26033985319673
"131"	"ENSG00000011260"	1.57722916437839
"132"	"ENSG00000011332"	2.20184551008775
"133"	"ENSG00000011347"	1.60172552484348
"134"	"ENSG00000011422"	1.66929094934306
"135"	"ENSG00000011426"	5.56959361610865
"136"	"ENSG00000011465"	1.989805566614
"137"	"ENSG00000011523"	1.33608636532116
"138"	"ENSG00000011590"	1.01949453410767
"139"	"ENSG00000011600"	1.26290226357446
"140"	"ENSG00000011638"	1.1899475994335
"141"	"ENSG00000012048"	2.30667751046106
"142"	"ENSG00000012124"	1.15534450120395
"143"	"ENSG00000012171"	2.02007292109486
"144"	"ENSG00000012174"	1.23335479000137
"145"	"ENSG00000012223"	2.02648399519625
"146"	"ENSG00000012817"	11.3559695613128
"147"	"ENSG00000012822"	2.24060284870694
"148"	"ENSG00000012963"	1.03095304241223
"149"	"ENSG00000013275"	1.34867842652115
"150"	"ENSG00000013293"	3.5309195509305
"151"	"ENSG00000013297"	3.28757240346936
"152"	"ENSG00000013306"	1.18365548952305
"153"	"ENSG00000013441"	1.78773849325034
"154"	"ENSG00000013503"	1.09722653254748
"155"	"ENSG00000013588"	3.22517834139154
"156"	"ENSG00000013619"	1.6312999808914
"157"	"ENSG00000013725"	2.5736247622891
"158"	"ENSG00000013810"	3.09971172741099
"159"	"ENSG00000014138"	1.0827247380081
"160"	"ENSG00000014216"	1.02048747969474
"161"	"ENSG00000015413"	1.27103624115697
"162"	"ENSG00000015479"	1.61248532051674
"163"	"ENSG00000015532"	1.48580982691745
"164"	"ENSG00000016490"	5.79785792779704
"165"	"ENSG00000016602"	5.52833445950345
"166"	"ENSG00000017260"	1.19338876308459
"167"	"ENSG00000017427"	3.81435902011823
"168"	"ENSG00000017483"	1.45145302387202
"169"	"ENSG00000018280"	1.78211892386674
"170"	"ENSG00000018625"	5.99868791659211
"171"	"ENSG00000019144"	2.14027489056867
"172"	"ENSG00000019186"	1.85081850266482
"173"	"ENSG00000019485"	1.45261995070043
"174"	"ENSG00000019505"	7.67623766425727
"175"	"ENSG00000019582"	1.12538021598593
"176"	"ENSG00000019991"	1.88689498600517
"177"	"ENSG00000020181"	1.77522119658832
"178"	"ENSG00000020256"	1.54086395462156
"179"	"ENSG00000020577"	2.11713209183513
"180"	"ENSG00000021461"	1.81550882767285
"181"	"ENSG00000021574"	1.0611663351005
"182"	"ENSG00000021852"	4.04731229742486
"183"	"ENSG00000022267"	4.69781207284467
"184"	"ENSG00000022556"	2.62137265075514
"185"	"ENSG00000022567"	1.02089882798259
"186"	"ENSG00000023572"	2.37844601073126
"187"	"ENSG00000023839"	1.92515083224171
"188"	"ENSG00000024422"	2.37131795494339
"189"	"ENSG00000024526"	5.72762856580577
"190"	"ENSG00000025293"	1.11202765675769
"191"	"ENSG00000025423"	3.10818915360058
"192"	"ENSG00000025434"	1.50548415481485
"193"	"ENSG00000025772"	1.14301089890738
"194"	"ENSG00000025796"	1.13216396630648
"195"	"ENSG00000026025"	1.99353529501081
"196"	"ENSG00000026559"	2.94487981373334
"197"	"ENSG00000026652"	1.24808093415334
"198"	"ENSG00000026751"	3.47306791458311
"199"	"ENSG00000027001"	1.83867324240149
"200"	"ENSG00000027644"	1.44496930386435
"201"	"ENSG00000027869"	1.13734437160304
"202"	"ENSG00000028116"	1.03112533229132
"203"	"ENSG00000028137"	1.63568301227535
"204"	"ENSG00000028277"	1.65703504972139
"205"	"ENSG00000029153"	1.17051637962176
"206"	"ENSG00000029364"	1.64547574947595
"207"	"ENSG00000029559"	8.45459751745874
"208"	"ENSG00000029993"	4.14254489292489
"209"	"ENSG00000030110"	1.39420441290375
"210"	"ENSG00000030582"	1.25035478809675
"211"	"ENSG00000031081"	1.05447904977745
"212"	"ENSG00000032389"	1.50589140706333
"213"	"ENSG00000033011"	1.34414279212944
"214"	"ENSG00000033050"	1.11266520514382
"215"	"ENSG00000033170"	1.62064423567727
"216"	"ENSG00000034053"	1.77089972033648
"217"	"ENSG00000034239"	2.83294216551955
"218"	"ENSG00000034510"	1.86273204106995
"219"	"ENSG00000034971"	9.25202863877586
"220"	"ENSG00000035141"	1.44373195526615
"221"	"ENSG00000035499"	4.38085080052041
"222"	"ENSG00000035664"	1.84900905061598
"223"	"ENSG00000035687"	1.11806249281986
"224"	"ENSG00000035720"	2.32954750381571
"225"	"ENSG00000036448"	2.23998743073588
"226"	"ENSG00000036473"	4.92182021963502
"227"	"ENSG00000036530"	1.90701702338768
"228"	"ENSG00000036672"	1.46318758905255
"229"	"ENSG00000037042"	1.5903329403748
"230"	"ENSG00000037241"	1.29593865742494
"231"	"ENSG00000037280"	2.44512803242938
"232"	"ENSG00000037897"	1.11941274426808
"233"	"ENSG00000038002"	1.44459484334046
"234"	"ENSG00000038210"	1.04254505304028
"235"	"ENSG00000038295"	1.55848080204648
"236"	"ENSG00000038427"	2.04663702652506
"237"	"ENSG00000038945"	1.59119046694764
"238"	"ENSG00000039068"	3.40300740362229
"239"	"ENSG00000039523"	1.37839711635791
"240"	"ENSG00000039537"	4.4413058824274
"241"	"ENSG00000040275"	1.21859609852712
"242"	"ENSG00000040608"	2.34342414136324
"243"	"ENSG00000040731"	5.37287978757034
"244"	"ENSG00000041353"	2.88751391671226
"245"	"ENSG00000041357"	1.2318835502028
"246"	"ENSG00000041515"	1.87312395315193
"247"	"ENSG00000041982"	1.59003722336268
"248"	"ENSG00000042062"	3.10628497556037
"249"	"ENSG00000042088"	1.46103042349281
"250"	"ENSG00000042286"	1.86898863035585
"251"	"ENSG00000042429"	2.69113539334416
"252"	"ENSG00000042493"	1.64972054964309
"253"	"ENSG00000042753"	1.0747331023849
"254"	"ENSG00000042832"	2.02936353053106
"255"	"ENSG00000043093"	1.09005282655574
"256"	"ENSG00000043355"	4.34953792699705
"257"	"ENSG00000043591"	2.94091881168563
"258"	"ENSG00000044574"	1.03707657344285
"259"	"ENSG00000046653"	1.67558292894728
"260"	"ENSG00000046889"	2.97943684033313
"261"	"ENSG00000047230"	1.4052623127097
"262"	"ENSG00000047457"	3.35838683406319
"263"	"ENSG00000047597"	1.2060262037129
"264"	"ENSG00000047617"	3.01162229486253
"265"	"ENSG00000047634"	2.15313332871409
"266"	"ENSG00000047648"	2.56955923089688
"267"	"ENSG00000047662"	2.51389430027784
"268"	"ENSG00000047936"	2.78580027426739
"269"	"ENSG00000048140"	1.20248955791487
"270"	"ENSG00000048392"	1.11237304098014
"271"	"ENSG00000048462"	2.91787207241874
"272"	"ENSG00000048540"	2.10507737649298
"273"	"ENSG00000048649"	1.00840093970923
"274"	"ENSG00000048740"	1.83320002283036
"275"	"ENSG00000048991"	1.23791445300156
"276"	"ENSG00000049130"	1.15341870881644
"277"	"ENSG00000049247"	3.69652268021225
"278"	"ENSG00000049249"	4.65404995834296
"279"	"ENSG00000049283"	4.21949212528097
"280"	"ENSG00000049449"	1.07537044121876
"281"	"ENSG00000049540"	2.15363666667802
"282"	"ENSG00000049541"	1.79440085361485
"283"	"ENSG00000049656"	1.16951921781297
"284"	"ENSG00000049768"	3.8612077808124
"285"	"ENSG00000050030"	2.19368775073285
"286"	"ENSG00000050393"	1.17178167205889
"287"	"ENSG00000050438"	1.87243474564847
"288"	"ENSG00000050555"	1.79949617727326
"289"	"ENSG00000050628"	2.83677562774725
"290"	"ENSG00000050730"	4.25894299907628
"291"	"ENSG00000050748"	1.07872855715518
"292"	"ENSG00000050767"	1.70047799967681
"293"	"ENSG00000051009"	1.2457434678863
"294"	"ENSG00000051180"	4.04260052970894
"295"	"ENSG00000051341"	3.72022157174361
"296"	"ENSG00000051382"	1.09807024738269
"297"	"ENSG00000051596"	1.33619432982349
"298"	"ENSG00000051825"	1.15067074357476
"299"	"ENSG00000052344"	3.00318745381003
"300"	"ENSG00000052749"	1.08038384597071
"301"	"ENSG00000052802"	2.2473127746485
"302"	"ENSG00000052850"	3.33112645691301
"303"	"ENSG00000053108"	1.91165736793808
"304"	"ENSG00000053254"	1.15260452405943
"305"	"ENSG00000053438"	5.36003932217633
"306"	"ENSG00000053702"	1.75141961685664
"307"	"ENSG00000053747"	2.71839116059188
"308"	"ENSG00000054179"	1.88953728104098
"309"	"ENSG00000054219"	1.33165387143577
"310"	"ENSG00000054277"	1.89464986379896
"311"	"ENSG00000054356"	2.17321426670019
"312"	"ENSG00000054392"	1.05473402545254
"313"	"ENSG00000054598"	2.34743714648071
"314"	"ENSG00000054803"	2.29451249475119
"315"	"ENSG00000054938"	2.5150914055795
"316"	"ENSG00000055118"	1.95884118087075
"317"	"ENSG00000055163"	1.37045770539881
"318"	"ENSG00000055332"	1.20215484942514
"319"	"ENSG00000055732"	2.24810392233806
"320"	"ENSG00000055813"	6.12722576303812
"321"	"ENSG00000055955"	6.32933044293902
"322"	"ENSG00000055957"	1.45773454236318
"323"	"ENSG00000056998"	2.40168817696697
"324"	"ENSG00000057468"	2.02481113692505
"325"	"ENSG00000057593"	3.41310411035293
"326"	"ENSG00000057608"	1.36441309369546
"327"	"ENSG00000057935"	1.1028906387854
"328"	"ENSG00000058262"	1.32747692376631
"329"	"ENSG00000058335"	3.86893092669504
"330"	"ENSG00000058404"	2.02185721119887
"331"	"ENSG00000058453"	1.39978887756063
"332"	"ENSG00000058673"	2.07851629448396
"333"	"ENSG00000058799"	1.50100461994815
"334"	"ENSG00000058804"	1.7949229275219
"335"	"ENSG00000058866"	2.07647118618578
"336"	"ENSG00000059122"	1.39580960119342
"337"	"ENSG00000059145"	1.22523912815191
"338"	"ENSG00000059573"	2.65895797820326
"339"	"ENSG00000059804"	2.9315713141924
"340"	"ENSG00000060138"	1.56600448769144
"341"	"ENSG00000060140"	1.84749323611249
"342"	"ENSG00000060718"	7.88469523317331
"343"	"ENSG00000060982"	1.08425950742579
"344"	"ENSG00000061273"	1.42235905928756
"345"	"ENSG00000061656"	1.89373750773533
"346"	"ENSG00000061794"	1.61748381873638
"347"	"ENSG00000062038"	2.1120550091434
"348"	"ENSG00000062282"	3.31276497370068
"349"	"ENSG00000062524"	1.0776964163299
"350"	"ENSG00000062582"	7.68918972148744
"351"	"ENSG00000062716"	1.68982270058344
"352"	"ENSG00000062725"	1.22254856115702
"353"	"ENSG00000063015"	2.71795476762945
"354"	"ENSG00000063127"	1.07095289990092
"355"	"ENSG00000063180"	2.15768929615578
"356"	"ENSG00000063438"	4.55634775181663
"357"	"ENSG00000064012"	1.09763079636933
"358"	"ENSG00000064042"	1.01647532831318
"359"	"ENSG00000064102"	1.24383599326037
"360"	"ENSG00000064115"	1.44329283631259
"361"	"ENSG00000064195"	3.36605167073331
"362"	"ENSG00000064199"	1.42589306067341
"363"	"ENSG00000064205"	2.2330800749255
"364"	"ENSG00000064218"	1.35372187346457
"365"	"ENSG00000064225"	1.0472487484509
"366"	"ENSG00000064270"	2.52307744225976
"367"	"ENSG00000064300"	2.83136036960961
"368"	"ENSG00000064309"	1.82146368589949
"369"	"ENSG00000064419"	1.03237420780768
"370"	"ENSG00000064547"	1.65966336323143
"371"	"ENSG00000064651"	2.43653578913175
"372"	"ENSG00000064692"	1.13658851194626
"373"	"ENSG00000064763"	1.89927149557179
"374"	"ENSG00000064787"	2.88654287581085
"375"	"ENSG00000064989"	1.02209225610418
"376"	"ENSG00000065057"	1.07167341833454
"377"	"ENSG00000065154"	1.25550167527385
"378"	"ENSG00000065183"	1.00349590272058
"379"	"ENSG00000065325"	3.87673887983281
"380"	"ENSG00000065328"	2.7384880118061
"381"	"ENSG00000065361"	2.24409972042103
"382"	"ENSG00000065371"	3.59226104890596
"383"	"ENSG00000065457"	1.13600176963534
"384"	"ENSG00000065518"	1.06043445611662
"385"	"ENSG00000065534"	1.70715243614494
"386"	"ENSG00000065600"	1.87162611649558
"387"	"ENSG00000065609"	1.05897760383439
"388"	"ENSG00000065618"	2.47826630593807
"389"	"ENSG00000065621"	1.09380801971645
"390"	"ENSG00000065675"	1.31241471181852
"391"	"ENSG00000065717"	1.40488159408993
"392"	"ENSG00000065809"	1.09355761924897
"393"	"ENSG00000065923"	2.19909402172804
"394"	"ENSG00000066032"	3.81729768077843
"395"	"ENSG00000066056"	2.39080693501699
"396"	"ENSG00000066084"	1.43254860795008
"397"	"ENSG00000066185"	1.06436300326389
"398"	"ENSG00000066230"	1.38564473279512
"399"	"ENSG00000066248"	1.23053716256878
"400"	"ENSG00000066279"	5.69150056517074
"401"	"ENSG00000066294"	1.63997084037079
"402"	"ENSG00000066382"	2.31446462448456
"403"	"ENSG00000066405"	2.63778768143518
"404"	"ENSG00000066427"	1.09180519697427
"405"	"ENSG00000066455"	1.12603033784946
"406"	"ENSG00000066583"	1.2504943928081
"407"	"ENSG00000066735"	1.89569111992083
"408"	"ENSG00000066777"	1.26681007679768
"409"	"ENSG00000066813"	1.97225901393057
"410"	"ENSG00000066855"	2.0628390870801
"411"	"ENSG00000066923"	1.42836686134058
"412"	"ENSG00000067048"	11.7361096732604
"413"	"ENSG00000067064"	1.57417645638782
"414"	"ENSG00000067082"	1.41668634660847
"415"	"ENSG00000067113"	2.7092379657861
"416"	"ENSG00000067141"	1.10698923800531
"417"	"ENSG00000067167"	1.09800930440339
"418"	"ENSG00000067225"	2.08788023873313
"419"	"ENSG00000067445"	1.90114990849649
"420"	"ENSG00000067606"	1.55903173539271
"421"	"ENSG00000067646"	10.0840695385877
"422"	"ENSG00000067704"	1.10692876635983
"423"	"ENSG00000067715"	1.3122710134262
"424"	"ENSG00000067798"	1.22935828571985
"425"	"ENSG00000067840"	1.27232442984328
"426"	"ENSG00000067842"	2.63773568933525
"427"	"ENSG00000067992"	3.31335687075857
"428"	"ENSG00000068001"	1.30007570808178
"429"	"ENSG00000068028"	1.09032434507012
"430"	"ENSG00000068097"	1.99153563224995
"431"	"ENSG00000068366"	1.19213836428999
"432"	"ENSG00000068489"	5.3102681269264
"433"	"ENSG00000068615"	2.06710344252637
"434"	"ENSG00000068781"	1.96908584342516
"435"	"ENSG00000068784"	1.10092178185157
"436"	"ENSG00000068796"	1.46037204956469
"437"	"ENSG00000068831"	2.68139125988377
"438"	"ENSG00000068878"	1.69385563431143
"439"	"ENSG00000068885"	1.16147024812642
"440"	"ENSG00000068976"	4.28311208732574
"441"	"ENSG00000069011"	5.64707576640867
"442"	"ENSG00000069020"	1.10214822259665
"443"	"ENSG00000069122"	2.57082167730092
"444"	"ENSG00000069275"	1.31913058485908
"445"	"ENSG00000069329"	1.50774995575293
"446"	"ENSG00000069431"	2.18868354010292
"447"	"ENSG00000069509"	1.69671321518349
"448"	"ENSG00000069667"	1.37053199549234
"449"	"ENSG00000069702"	3.76910559256533
"450"	"ENSG00000069764"	2.33825209499341
"451"	"ENSG00000069812"	2.38287720583414
"452"	"ENSG00000069956"	1.20036691934983
"453"	"ENSG00000070031"	4.73441604658508
"454"	"ENSG00000070081"	1.82723940873501
"455"	"ENSG00000070087"	1.57478025177881
"456"	"ENSG00000070159"	1.07509679151385
"457"	"ENSG00000070190"	2.14838406467944
"458"	"ENSG00000070193"	2.84565641949413
"459"	"ENSG00000070371"	1.32257915235325
"460"	"ENSG00000070388"	2.11975427742721
"461"	"ENSG00000070404"	2.14319428476625
"462"	"ENSG00000070501"	1.63080378194564
"463"	"ENSG00000070610"	1.04213532014435
"464"	"ENSG00000070669"	5.77362787514884
"465"	"ENSG00000070729"	2.29486318134162
"466"	"ENSG00000070731"	1.20414823058661
"467"	"ENSG00000070756"	1.7679529381313
"468"	"ENSG00000070770"	1.01572423935658
"469"	"ENSG00000070778"	1.33532605633288
"470"	"ENSG00000070886"	2.73466859980677
"471"	"ENSG00000070915"	5.59490546722888
"472"	"ENSG00000070961"	1.04443196397595
"473"	"ENSG00000071073"	2.16588967860967
"474"	"ENSG00000071205"	1.20775170232975
"475"	"ENSG00000071242"	1.51196009172919
"476"	"ENSG00000071282"	1.42162891374004
"477"	"ENSG00000071462"	1.32035071735805
"478"	"ENSG00000071539"	3.74542984579511
"479"	"ENSG00000071553"	1.6714033496496
"480"	"ENSG00000071564"	1.13782765044717
"481"	"ENSG00000071909"	1.63394069253257
"482"	"ENSG00000071967"	1.19535658610668
"483"	"ENSG00000071991"	3.92747488554535
"484"	"ENSG00000072041"	1.76447946556141
"485"	"ENSG00000072042"	1.36506085742863
"486"	"ENSG00000072163"	3.23604578948497
"487"	"ENSG00000072195"	2.8832668363595
"488"	"ENSG00000072274"	2.13478890204321
"489"	"ENSG00000072310"	1.05700774263613
"490"	"ENSG00000072501"	1.55385541289512
"491"	"ENSG00000072506"	1.36853049620727
"492"	"ENSG00000072518"	1.28353548996313
"493"	"ENSG00000072571"	5.10978337050757
"494"	"ENSG00000072657"	5.07923599565511
"495"	"ENSG00000072682"	1.99033521875146
"496"	"ENSG00000072778"	1.52508312080325
"497"	"ENSG00000072818"	1.0489911837728
"498"	"ENSG00000072858"	2.69485526896368
"499"	"ENSG00000072864"	1.28550570118427
"500"	"ENSG00000072952"	1.90160161023351
"501"	"ENSG00000073060"	1.78691491204038
"502"	"ENSG00000073111"	2.107584124705
"503"	"ENSG00000073282"	1.27192477778711
"504"	"ENSG00000073350"	2.21605203772965
"505"	"ENSG00000073417"	1.1249698268771
"506"	"ENSG00000073578"	3.48899004473526
"507"	"ENSG00000073584"	2.23016600722996
"508"	"ENSG00000073605"	1.90755287764901
"509"	"ENSG00000073670"	2.48024178356922
"510"	"ENSG00000073711"	1.42568118189551
"511"	"ENSG00000073712"	1.58157690892827
"512"	"ENSG00000073734"	3.0675841869496
"513"	"ENSG00000073756"	1.43590406154936
"514"	"ENSG00000073792"	1.90152638478241
"515"	"ENSG00000073803"	1.15786594311857
"516"	"ENSG00000073849"	1.7573436533038
"517"	"ENSG00000073861"	1.16365385855267
"518"	"ENSG00000073969"	1.45619957997794
"519"	"ENSG00000074047"	1.11699264325801
"520"	"ENSG00000074071"	1.23272967868535
"521"	"ENSG00000074201"	1.39451512055949
"522"	"ENSG00000074211"	4.73329235964813
"523"	"ENSG00000074276"	1.10220349456934
"524"	"ENSG00000074370"	2.5894634083001
"525"	"ENSG00000074410"	1.6939964554084
"526"	"ENSG00000074416"	1.4078403123015
"527"	"ENSG00000074590"	1.25526661055688
"528"	"ENSG00000074660"	2.51014490568617
"529"	"ENSG00000074695"	1.09706761465908
"530"	"ENSG00000074696"	2.35825445026552
"531"	"ENSG00000074800"	1.34580688363262
"532"	"ENSG00000074803"	6.41314863520881
"533"	"ENSG00000075035"	2.28953236480381
"534"	"ENSG00000075043"	2.50173857149997
"535"	"ENSG00000075131"	1.21024053568933
"536"	"ENSG00000075213"	1.21437445642665
"537"	"ENSG00000075218"	4.42140389041282
"538"	"ENSG00000075223"	1.37443423913565
"539"	"ENSG00000075234"	1.22432732771418
"540"	"ENSG00000075275"	1.63490066140362
"541"	"ENSG00000075426"	1.37223556759821
"542"	"ENSG00000075461"	2.57058531466978
"543"	"ENSG00000075624"	1.0046054064444
"544"	"ENSG00000075702"	2.55866647625319
"545"	"ENSG00000075790"	5.83877747935354
"546"	"ENSG00000075826"	3.41893526158485
"547"	"ENSG00000075886"	1.17315254904389
"548"	"ENSG00000075891"	4.38826963353205
"549"	"ENSG00000076003"	1.85460584821067
"550"	"ENSG00000076067"	1.51023520348567
"551"	"ENSG00000076344"	2.05662363126154
"552"	"ENSG00000076356"	1.02979155087105
"553"	"ENSG00000076382"	3.50615337116921
"554"	"ENSG00000076554"	2.95635108775588
"555"	"ENSG00000076555"	5.44686082628322
"556"	"ENSG00000076604"	1.88637027239497
"557"	"ENSG00000076662"	1.66234755108073
"558"	"ENSG00000076706"	2.2492768859918
"559"	"ENSG00000076716"	1.74978519116888
"560"	"ENSG00000076826"	1.13597875997707
"561"	"ENSG00000076864"	2.3035295541768
"562"	"ENSG00000077009"	5.11453764773175
"563"	"ENSG00000077063"	2.35918947579277
"564"	"ENSG00000077097"	1.07573549644207
"565"	"ENSG00000077147"	1.09595446531653
"566"	"ENSG00000077152"	4.95103753969866
"567"	"ENSG00000077157"	1.97465580615475
"568"	"ENSG00000077232"	1.17112028854672
"569"	"ENSG00000077235"	1.42434795332558
"570"	"ENSG00000077264"	3.08886674224435
"571"	"ENSG00000077274"	3.39044358316652
"572"	"ENSG00000077279"	1.96291582510498
"573"	"ENSG00000077348"	1.0203559450107
"574"	"ENSG00000077454"	2.52517759143991
"575"	"ENSG00000077458"	1.05423060893763
"576"	"ENSG00000077585"	2.02176613983795
"577"	"ENSG00000077616"	3.20902377705508
"578"	"ENSG00000077684"	1.37175172974038
"579"	"ENSG00000077721"	1.16325879664998
"580"	"ENSG00000077782"	1.61446120390681
"581"	"ENSG00000077935"	4.1956164538001
"582"	"ENSG00000077942"	1.44527296006554
"583"	"ENSG00000077943"	1.15761294511398
"584"	"ENSG00000077984"	1.31501557458887
"585"	"ENSG00000078018"	1.09993489249016
"586"	"ENSG00000078053"	1.40881993419121
"587"	"ENSG00000078081"	4.5875043930166
"588"	"ENSG00000078098"	1.82665749458123
"589"	"ENSG00000078114"	1.60668110378065
"590"	"ENSG00000078399"	2.08642243242922
"591"	"ENSG00000078401"	1.07201565941357
"592"	"ENSG00000078549"	3.63972069020337
"593"	"ENSG00000078579"	1.01083647123724
"594"	"ENSG00000078589"	4.35519311973305
"595"	"ENSG00000078596"	2.17114016856251
"596"	"ENSG00000078668"	1.10233452255072
"597"	"ENSG00000078795"	1.44351078183658
"598"	"ENSG00000078804"	1.31950306243359
"599"	"ENSG00000078814"	2.09217102545389
"600"	"ENSG00000078898"	5.49678904096662
"601"	"ENSG00000079102"	1.74498245070123
"602"	"ENSG00000079112"	3.1036431892252
"603"	"ENSG00000079156"	1.27901876481977
"604"	"ENSG00000079215"	1.26140181246736
"605"	"ENSG00000079246"	1.19840370916314
"606"	"ENSG00000079263"	2.20552143308599
"607"	"ENSG00000079308"	2.67322805403917
"608"	"ENSG00000079335"	1.08815557592204
"609"	"ENSG00000079337"	4.30932425665666
"610"	"ENSG00000079435"	5.50841212603064
"611"	"ENSG00000079459"	1.03541391836212
"612"	"ENSG00000079462"	3.39676873244663
"613"	"ENSG00000079616"	1.94071286016207
"614"	"ENSG00000079689"	1.42929540629777
"615"	"ENSG00000079691"	1.36812930327528
"616"	"ENSG00000079819"	1.47525209202375
"617"	"ENSG00000079841"	2.67204253821939
"618"	"ENSG00000079931"	1.44053945617921
"619"	"ENSG00000080007"	1.09853585088502
"620"	"ENSG00000080166"	4.53810385029932
"621"	"ENSG00000080224"	1.33051367673507
"622"	"ENSG00000080298"	1.17232929146853
"623"	"ENSG00000080561"	1.4928278163502
"624"	"ENSG00000080573"	1.61582967244838
"625"	"ENSG00000080603"	5.05831541376456
"626"	"ENSG00000080824"	1.82339291095078
"627"	"ENSG00000080839"	1.42654782745954
"628"	"ENSG00000080854"	1.70940053364197
"629"	"ENSG00000080947"	2.080560966141
"630"	"ENSG00000080986"	4.58111918748576
"631"	"ENSG00000081026"	1.3102317631383
"632"	"ENSG00000081041"	3.49275865810712
"633"	"ENSG00000081051"	1.77526984529214
"634"	"ENSG00000081138"	2.83917414779552
"635"	"ENSG00000081181"	1.18063529620713
"636"	"ENSG00000081189"	1.37578380258398
"637"	"ENSG00000081237"	1.62716333753578
"638"	"ENSG00000081248"	1.67522931359347
"639"	"ENSG00000081377"	1.73416222603369
"640"	"ENSG00000081803"	1.45659745913868
"641"	"ENSG00000081923"	1.34654473802882
"642"	"ENSG00000081985"	2.37456650395396
"643"	"ENSG00000082014"	2.0563771988879
"644"	"ENSG00000082074"	2.1499596007488
"645"	"ENSG00000082126"	2.17772232275508
"646"	"ENSG00000082175"	1.80616794954648
"647"	"ENSG00000082213"	1.35470036848014
"648"	"ENSG00000082269"	1.13332565106294
"649"	"ENSG00000082458"	2.55293318470945
"650"	"ENSG00000082497"	2.54630623101864
"651"	"ENSG00000082556"	1.41011851896659
"652"	"ENSG00000082701"	1.34620650579831
"653"	"ENSG00000082929"	3.12981682642253
"654"	"ENSG00000083067"	2.38412479502701
"655"	"ENSG00000083099"	1.14283794776529
"656"	"ENSG00000083307"	2.69532039654489
"657"	"ENSG00000083444"	1.08370206066313
"658"	"ENSG00000083782"	7.50069671447212
"659"	"ENSG00000083857"	1.34796142663159
"660"	"ENSG00000084073"	1.64701649870655
"661"	"ENSG00000084090"	1.26256659441953
"662"	"ENSG00000084093"	1.17038792486341
"663"	"ENSG00000084444"	1.47798868475519
"664"	"ENSG00000084453"	2.02766274333406
"665"	"ENSG00000084628"	4.69459369588171
"666"	"ENSG00000084674"	5.10521575446095
"667"	"ENSG00000084710"	1.64039892148846
"668"	"ENSG00000084731"	1.01925805106198
"669"	"ENSG00000084733"	1.37246870854733
"670"	"ENSG00000084734"	2.97120401157887
"671"	"ENSG00000084764"	1.20064102840755
"672"	"ENSG00000085117"	1.12822085615302
"673"	"ENSG00000085276"	1.91208360284621
"674"	"ENSG00000085365"	1.00579945759954
"675"	"ENSG00000085552"	2.81072099611905
"676"	"ENSG00000085563"	2.38923161839726
"677"	"ENSG00000085644"	1.03596302844258
"678"	"ENSG00000085719"	1.61746203089332
"679"	"ENSG00000085741"	3.02614542949485
"680"	"ENSG00000085760"	1.06691361603263
"681"	"ENSG00000085831"	1.84520139989793
"682"	"ENSG00000085840"	3.48676150172381
"683"	"ENSG00000085999"	3.63272722135378
"684"	"ENSG00000086061"	1.52872977541275
"685"	"ENSG00000086062"	1.29804146923137
"686"	"ENSG00000086189"	1.84740991208458
"687"	"ENSG00000086205"	1.24706369143378
"688"	"ENSG00000086232"	1.76671599384655
"689"	"ENSG00000086288"	1.92553890843155
"690"	"ENSG00000086289"	1.19593067445071
"691"	"ENSG00000086475"	1.02124302152682
"692"	"ENSG00000086548"	7.88157981069836
"693"	"ENSG00000086570"	1.47647896997477
"694"	"ENSG00000086598"	1.83459251721268
"695"	"ENSG00000086717"	3.95961718549188
"696"	"ENSG00000086730"	1.43756611803286
"697"	"ENSG00000086848"	2.60357111616236
"698"	"ENSG00000086967"	2.52673133389996
"699"	"ENSG00000087074"	1.6745745272282
"700"	"ENSG00000087085"	1.24080140955265
"701"	"ENSG00000087111"	1.05349932057854
"702"	"ENSG00000087128"	4.65063237095862
"703"	"ENSG00000087237"	2.35451430014459
"704"	"ENSG00000087250"	2.21133556699778
"705"	"ENSG00000087266"	1.04434113480673
"706"	"ENSG00000087299"	1.12638753785344
"707"	"ENSG00000087301"	1.1380522630081
"708"	"ENSG00000087460"	1.51439504080246
"709"	"ENSG00000087502"	1.40653979269496
"710"	"ENSG00000087510"	1.0084436701235
"711"	"ENSG00000087586"	4.79949320006095
"712"	"ENSG00000087903"	1.44048568402203
"713"	"ENSG00000087995"	1.90594936873202
"714"	"ENSG00000088002"	1.71937461125903
"715"	"ENSG00000088035"	1.17720115711287
"716"	"ENSG00000088305"	2.26017963585229
"717"	"ENSG00000088320"	3.26056539486007
"718"	"ENSG00000088325"	5.21256555386586
"719"	"ENSG00000088356"	1.13463314193439
"720"	"ENSG00000088386"	3.63500666830131
"721"	"ENSG00000088387"	1.28866800659808
"722"	"ENSG00000088543"	1.07897504791364
"723"	"ENSG00000088726"	4.17262672823507
"724"	"ENSG00000088766"	5.81484887501336
"725"	"ENSG00000088854"	1.33825652168613
"726"	"ENSG00000088970"	1.30085042066344
"727"	"ENSG00000088986"	1.25817106484439
"728"	"ENSG00000088992"	2.11821048021154
"729"	"ENSG00000089012"	3.86984142075383
"730"	"ENSG00000089050"	1.44472029561243
"731"	"ENSG00000089101"	2.31115938940608
"732"	"ENSG00000089127"	2.28572034241083
"733"	"ENSG00000089159"	1.95699591902846
"734"	"ENSG00000089169"	3.11096050477
"735"	"ENSG00000089177"	1.18535242402612
"736"	"ENSG00000089199"	1.49845799531003
"737"	"ENSG00000089225"	1.61843154831135
"738"	"ENSG00000089248"	1.37250573642789
"739"	"ENSG00000089250"	1.90337652780262
"740"	"ENSG00000089356"	4.45939187794842
"741"	"ENSG00000089558"	2.43688459879558
"742"	"ENSG00000089597"	1.20813322667816
"743"	"ENSG00000089685"	5.56559616471513
"744"	"ENSG00000089692"	2.23053445518839
"745"	"ENSG00000089723"	2.60402630932331
"746"	"ENSG00000089847"	1.21844602621314
"747"	"ENSG00000089876"	1.04311036696795
"748"	"ENSG00000090006"	3.21722450937122
"749"	"ENSG00000090013"	1.30138137158994
"750"	"ENSG00000090020"	1.4495862737442
"751"	"ENSG00000090054"	1.2771016841507
"752"	"ENSG00000090238"	1.399520925319
"753"	"ENSG00000090263"	1.31587074741817
"754"	"ENSG00000090376"	2.83340592791879
"755"	"ENSG00000090382"	3.91660382674904
"756"	"ENSG00000090530"	1.56520165727041
"757"	"ENSG00000090534"	1.02664129320725
"758"	"ENSG00000090539"	1.39246476639315
"759"	"ENSG00000090554"	6.73977645850294
"760"	"ENSG00000090659"	2.76965967990656
"761"	"ENSG00000090661"	1.47339481023889
"762"	"ENSG00000090776"	2.24668510107537
"763"	"ENSG00000090889"	5.99759046535173
"764"	"ENSG00000090924"	1.36993450052486
"765"	"ENSG00000090932"	2.54060401317159
"766"	"ENSG00000090971"	1.4529400753592
"767"	"ENSG00000090975"	2.13442309804252
"768"	"ENSG00000091128"	1.77028829468854
"769"	"ENSG00000091136"	1.13521522019333
"770"	"ENSG00000091138"	1.12438279430754
"771"	"ENSG00000091317"	1.14817428660249
"772"	"ENSG00000091482"	3.41435912682308
"773"	"ENSG00000091483"	1.37474629425484
"774"	"ENSG00000091490"	1.97618778579751
"775"	"ENSG00000091513"	1.26337303401143
"776"	"ENSG00000091536"	1.73579581977217
"777"	"ENSG00000091583"	1.38274339210336
"778"	"ENSG00000091592"	3.20670261792548
"779"	"ENSG00000091651"	4.17697879716038
"780"	"ENSG00000091656"	1.10993732907697
"781"	"ENSG00000091704"	8.19143726274266
"782"	"ENSG00000092009"	3.12875009963421
"783"	"ENSG00000092010"	1.03359641199247
"784"	"ENSG00000092036"	1.74282012133929
"785"	"ENSG00000092051"	2.50150391779847
"786"	"ENSG00000092054"	6.55440602492239
"787"	"ENSG00000092098"	7.02439344590705
"788"	"ENSG00000092377"	8.12683304544773
"789"	"ENSG00000092421"	2.73528865435581
"790"	"ENSG00000092445"	1.1442113447227
"791"	"ENSG00000092470"	1.89355449128307
"792"	"ENSG00000092529"	4.73029108630306
"793"	"ENSG00000092531"	1.35246670648213
"794"	"ENSG00000092607"	2.64324660985266
"795"	"ENSG00000092621"	1.7218399074522
"796"	"ENSG00000092820"	2.45689391847794
"797"	"ENSG00000092853"	5.06963154963858
"798"	"ENSG00000092964"	1.33004680557921
"799"	"ENSG00000092969"	1.29342678960737
"800"	"ENSG00000092978"	1.15171307052834
"801"	"ENSG00000093000"	1.10243954066563
"802"	"ENSG00000093009"	4.69735770276688
"803"	"ENSG00000093072"	1.63580607743334
"804"	"ENSG00000093134"	2.15830306976967
"805"	"ENSG00000093217"	2.04188270478996
"806"	"ENSG00000094755"	2.16589145675628
"807"	"ENSG00000094804"	5.85997597565837
"808"	"ENSG00000094841"	1.03077266119963
"809"	"ENSG00000094916"	1.3194032799598
"810"	"ENSG00000094963"	3.58295736807793
"811"	"ENSG00000094975"	2.13921406322772
"812"	"ENSG00000095002"	1.65413044761294
"813"	"ENSG00000095059"	4.96589539996382
"814"	"ENSG00000095066"	1.04488689812754
"815"	"ENSG00000095110"	4.41381698836515
"816"	"ENSG00000095261"	1.60772277962389
"817"	"ENSG00000095321"	2.0211262922084
"818"	"ENSG00000095370"	1.65281152096898
"819"	"ENSG00000095380"	1.40259044347009
"820"	"ENSG00000095564"	1.38438242488071
"821"	"ENSG00000095585"	2.52140709534122
"822"	"ENSG00000095587"	2.1386955157707
"823"	"ENSG00000095627"	4.74439222259227
"824"	"ENSG00000095637"	3.4679761703387
"825"	"ENSG00000095739"	3.16293888666916
"826"	"ENSG00000095752"	1.61879301941575
"827"	"ENSG00000095917"	1.93003942575429
"828"	"ENSG00000095932"	1.5380964919154
"829"	"ENSG00000095970"	2.19952501027473
"830"	"ENSG00000096006"	9.16541438125648
"831"	"ENSG00000096060"	1.01978766790305
"832"	"ENSG00000096088"	1.16322929289417
"833"	"ENSG00000096092"	1.33496490691651
"834"	"ENSG00000096093"	1.2455734344813
"835"	"ENSG00000096384"	1.12205718148779
"836"	"ENSG00000096654"	1.09924341848636
"837"	"ENSG00000096696"	2.68943696804026
"838"	"ENSG00000096996"	2.05935186107591
"839"	"ENSG00000097021"	1.99613189350233
"840"	"ENSG00000097046"	1.76943523579718
"841"	"ENSG00000097096"	1.82714377268393
"842"	"ENSG00000099139"	2.04065167643405
"843"	"ENSG00000099203"	1.4092939320824
"844"	"ENSG00000099219"	2.69753238896539
"845"	"ENSG00000099250"	1.24194393692092
"846"	"ENSG00000099251"	2.02453232071105
"847"	"ENSG00000099256"	1.1476161178879
"848"	"ENSG00000099260"	2.42847026689267
"849"	"ENSG00000099282"	1.0790115321716
"850"	"ENSG00000099284"	2.51053659850816
"851"	"ENSG00000099326"	1.03482069671423
"852"	"ENSG00000099337"	1.4003817051598
"853"	"ENSG00000099365"	2.07941633061346
"854"	"ENSG00000099622"	1.04934124371678
"855"	"ENSG00000099715"	2.64216327234326
"856"	"ENSG00000099725"	9.03840600203969
"857"	"ENSG00000099769"	1.67864932355284
"858"	"ENSG00000099800"	1.06030416027556
"859"	"ENSG00000099812"	4.46636607124898
"860"	"ENSG00000099822"	2.5191609109016
"861"	"ENSG00000099834"	1.62736534480963
"862"	"ENSG00000099840"	1.9924924488708
"863"	"ENSG00000099849"	1.16178622051012
"864"	"ENSG00000099860"	1.80774492768811
"865"	"ENSG00000099864"	2.51924661283938
"866"	"ENSG00000099866"	2.07842875300986
"867"	"ENSG00000099869"	3.20468289961132
"868"	"ENSG00000099904"	1.60584816391563
"869"	"ENSG00000099937"	1.64433419769109
"870"	"ENSG00000099940"	1.0420761270886
"871"	"ENSG00000099949"	2.57265957709445
"872"	"ENSG00000099953"	7.13218503686396
"873"	"ENSG00000099956"	1.01915451465065
"874"	"ENSG00000099957"	1.72548030563245
"875"	"ENSG00000099960"	2.0217639542403
"876"	"ENSG00000099977"	11.7948920394373
"877"	"ENSG00000099984"	2.73902991910472
"878"	"ENSG00000099985"	1.75201813105259
"879"	"ENSG00000099992"	1.33361458788196
"880"	"ENSG00000099994"	3.15223007809652
"881"	"ENSG00000099998"	1.54704903376828
"882"	"ENSG00000100003"	1.32728282253962
"883"	"ENSG00000100031"	2.4693195016713
"884"	"ENSG00000100033"	1.19113730860245
"885"	"ENSG00000100034"	1.17272273114456
"886"	"ENSG00000100038"	2.50121414518115
"887"	"ENSG00000100060"	1.12079301155936
"888"	"ENSG00000100065"	1.52233359487993
"889"	"ENSG00000100068"	1.60350155100311
"890"	"ENSG00000100077"	1.14808022810746
"891"	"ENSG00000100078"	2.86771211492248
"892"	"ENSG00000100079"	3.03478578641246
"893"	"ENSG00000100095"	2.13726510500988
"894"	"ENSG00000100105"	1.33039252395928
"895"	"ENSG00000100116"	1.91667706375495
"896"	"ENSG00000100142"	4.26693994112388
"897"	"ENSG00000100147"	3.45138163539064
"898"	"ENSG00000100154"	1.55252347464286
"899"	"ENSG00000100156"	1.20230023497123
"900"	"ENSG00000100162"	4.22615944901466
"901"	"ENSG00000100167"	3.58908729247578
"902"	"ENSG00000100170"	2.51038203938546
"903"	"ENSG00000100181"	1.6354478518427
"904"	"ENSG00000100191"	2.49991122342175
"905"	"ENSG00000100196"	2.44598724121077
"906"	"ENSG00000100197"	1.00455316315343
"907"	"ENSG00000100207"	1.07149587639375
"908"	"ENSG00000100216"	1.27925395502052
"909"	"ENSG00000100219"	1.96671408860753
"910"	"ENSG00000100228"	1.3815667334317
"911"	"ENSG00000100234"	1.48549821520948
"912"	"ENSG00000100242"	1.35483489113852
"913"	"ENSG00000100246"	1.18305602287164
"914"	"ENSG00000100253"	1.56595646914277
"915"	"ENSG00000100263"	1.2518080578585
"916"	"ENSG00000100276"	1.08102046754134
"917"	"ENSG00000100280"	1.3186853169772
"918"	"ENSG00000100288"	8.33267837096261
"919"	"ENSG00000100290"	2.79442941221221
"920"	"ENSG00000100292"	1.22350807084108
"921"	"ENSG00000100294"	1.08761395384123
"922"	"ENSG00000100297"	1.38996346596487
"923"	"ENSG00000100298"	1.55639045972544
"924"	"ENSG00000100302"	2.12169960646038
"925"	"ENSG00000100304"	1.53322133009567
"926"	"ENSG00000100307"	2.3011492353237
"927"	"ENSG00000100312"	3.73396755506226
"928"	"ENSG00000100336"	1.12958381237271
"929"	"ENSG00000100342"	1.00912184643633
"930"	"ENSG00000100350"	2.52313297644658
"931"	"ENSG00000100359"	6.81287900921637
"932"	"ENSG00000100362"	5.86727119798494
"933"	"ENSG00000100372"	1.28076888623837
"934"	"ENSG00000100373"	3.07638301346345
"935"	"ENSG00000100385"	3.02179257484015
"936"	"ENSG00000100401"	1.40163133064453
"937"	"ENSG00000100417"	1.06568608016503
"938"	"ENSG00000100426"	1.6106401042184
"939"	"ENSG00000100429"	1.13406258935969
"940"	"ENSG00000100445"	2.22196794861115
"941"	"ENSG00000100448"	2.68867237634704
"942"	"ENSG00000100450"	2.17941456849399
"943"	"ENSG00000100453"	2.30548704482775
"944"	"ENSG00000100479"	2.17240371707027
"945"	"ENSG00000100522"	2.16933777049691
"946"	"ENSG00000100526"	3.56252301736944
"947"	"ENSG00000100528"	1.12772513603383
"948"	"ENSG00000100554"	1.48155278851947
"949"	"ENSG00000100558"	3.53470722745427
"950"	"ENSG00000100565"	1.58427648791641
"951"	"ENSG00000100567"	1.28254467840329
"952"	"ENSG00000100577"	1.45502063192101
"953"	"ENSG00000100583"	2.55118576381607
"954"	"ENSG00000100591"	1.30631243458248
"955"	"ENSG00000100596"	1.57590705084537
"956"	"ENSG00000100600"	1.1111012568172
"957"	"ENSG00000100604"	2.74392852303028
"958"	"ENSG00000100625"	3.19300217612576
"959"	"ENSG00000100626"	2.38817011286143
"960"	"ENSG00000100629"	1.64288681743875
"961"	"ENSG00000100632"	1.34178217536812
"962"	"ENSG00000100650"	1.95472822616851
"963"	"ENSG00000100678"	1.57524701675363
"964"	"ENSG00000100721"	5.49980486836338
"965"	"ENSG00000100744"	1.68605823462892
"966"	"ENSG00000100749"	1.46763063684193
"967"	"ENSG00000100767"	1.88835418592716
"968"	"ENSG00000100804"	1.39504223293373
"969"	"ENSG00000100836"	4.50685729625169
"970"	"ENSG00000100867"	1.79328564508944
"971"	"ENSG00000100883"	1.26272277564865
"972"	"ENSG00000100884"	1.41454759651825
"973"	"ENSG00000100889"	1.32427184894865
"974"	"ENSG00000100890"	2.12055151395488
"975"	"ENSG00000100902"	4.05455534777566
"976"	"ENSG00000100911"	1.52919595286183
"977"	"ENSG00000100926"	3.48956351878039
"978"	"ENSG00000100968"	1.74057260913063
"979"	"ENSG00000100979"	1.27146043735867
"980"	"ENSG00000100983"	1.31379693672973
"981"	"ENSG00000100985"	3.09757272538256
"982"	"ENSG00000100997"	1.2192493249602
"983"	"ENSG00000101000"	2.54771908363345
"984"	"ENSG00000101003"	4.54926748949485
"985"	"ENSG00000101049"	4.29359409180882
"986"	"ENSG00000101057"	6.19745369086173
"987"	"ENSG00000101079"	1.08553272449811
"988"	"ENSG00000101082"	1.85733332782205
"989"	"ENSG00000101084"	4.97803022051341
"990"	"ENSG00000101104"	1.58554460391318
"991"	"ENSG00000101115"	2.7023094591109
"992"	"ENSG00000101126"	1.29046658734563
"993"	"ENSG00000101138"	1.62612552658616
"994"	"ENSG00000101144"	2.51732548138958
"995"	"ENSG00000101146"	1.46028121617627
"996"	"ENSG00000101152"	1.26614810694694
"997"	"ENSG00000101158"	1.3474929811985
"998"	"ENSG00000101160"	1.19613769017199
"999"	"ENSG00000101161"	1.03885240715406
"1000"	"ENSG00000101166"	1.62058894120102
"1001"	"ENSG00000101180"	2.05217920248522
"1002"	"ENSG00000101187"	4.5202049246689
"1003"	"ENSG00000101188"	2.65297916528438
"1004"	"ENSG00000101193"	1.42215235102647
"1005"	"ENSG00000101198"	2.42302754111136
"1006"	"ENSG00000101200"	4.47284343808986
"1007"	"ENSG00000101203"	1.38400091128183
"1008"	"ENSG00000101204"	3.37064629642622
"1009"	"ENSG00000101210"	4.25738557632253
"1010"	"ENSG00000101213"	2.99553298981617
"1011"	"ENSG00000101222"	2.6802524815133
"1012"	"ENSG00000101230"	1.79884776184246
"1013"	"ENSG00000101251"	3.67751881999942
"1014"	"ENSG00000101255"	2.50411386851055
"1015"	"ENSG00000101266"	1.1482474408837
"1016"	"ENSG00000101276"	2.00950764218725
"1017"	"ENSG00000101278"	2.19075314795265
"1018"	"ENSG00000101280"	6.68819585882213
"1019"	"ENSG00000101282"	2.006780620637
"1020"	"ENSG00000101294"	1.64274444721601
"1021"	"ENSG00000101298"	2.39562262963306
"1022"	"ENSG00000101310"	1.89332417699791
"1023"	"ENSG00000101331"	2.98648203889469
"1024"	"ENSG00000101335"	1.51366174299103
"1025"	"ENSG00000101336"	1.08797460638035
"1026"	"ENSG00000101342"	4.25438461481553
"1027"	"ENSG00000101343"	1.47577124907855
"1028"	"ENSG00000101347"	1.01166955988055
"1029"	"ENSG00000101349"	3.5426229735191
"1030"	"ENSG00000101350"	1.13348801603005
"1031"	"ENSG00000101353"	1.62883960712932
"1032"	"ENSG00000101367"	1.12578520741296
"1033"	"ENSG00000101384"	1.3272935619707
"1034"	"ENSG00000101405"	2.4756354825958
"1035"	"ENSG00000101412"	3.45909952020375
"1036"	"ENSG00000101417"	2.10177902735782
"1037"	"ENSG00000101435"	3.80348710393736
"1038"	"ENSG00000101439"	1.4606700363742
"1039"	"ENSG00000101440"	2.44100899349182
"1040"	"ENSG00000101441"	9.20410388406688
"1041"	"ENSG00000101444"	1.74201994924191
"1042"	"ENSG00000101445"	1.75867702927488
"1043"	"ENSG00000101447"	4.24556109295097
"1044"	"ENSG00000101460"	1.23714358429744
"1045"	"ENSG00000101463"	3.13333433554238
"1046"	"ENSG00000101464"	1.74822299930093
"1047"	"ENSG00000101470"	2.41795163765076
"1048"	"ENSG00000101474"	1.01254406229699
"1049"	"ENSG00000101493"	1.86020214364117
"1050"	"ENSG00000101542"	4.5641060730802
"1051"	"ENSG00000101605"	3.26075760944571
"1052"	"ENSG00000101680"	1.02554842620893
"1053"	"ENSG00000101695"	1.7156159519917
"1054"	"ENSG00000101811"	1.62895852840977
"1055"	"ENSG00000101825"	3.6138085409576
"1056"	"ENSG00000101842"	3.29848876933023
"1057"	"ENSG00000101843"	1.35777562521931
"1058"	"ENSG00000101850"	1.93339802506718
"1059"	"ENSG00000101868"	1.20195651369316
"1060"	"ENSG00000101883"	2.75641712373944
"1061"	"ENSG00000101888"	1.73934751243141
"1062"	"ENSG00000101898"	7.85195514121721
"1063"	"ENSG00000101911"	1.79619837620016
"1064"	"ENSG00000101916"	1.98867151509484
"1065"	"ENSG00000101928"	1.29284274949642
"1066"	"ENSG00000101935"	1.73436319498305
"1067"	"ENSG00000101938"	4.25119457702802
"1068"	"ENSG00000101945"	1.3130778374236
"1069"	"ENSG00000101955"	3.97889094296881
"1070"	"ENSG00000101966"	1.08473295872747
"1071"	"ENSG00000102001"	1.49492439810506
"1072"	"ENSG00000102010"	3.77372157631623
"1073"	"ENSG00000102043"	1.17082296169212
"1074"	"ENSG00000102053"	1.51132860661136
"1075"	"ENSG00000102054"	1.32592826636594
"1076"	"ENSG00000102096"	2.25115850430967
"1077"	"ENSG00000102100"	2.2552514028134
"1078"	"ENSG00000102109"	1.20776614577307
"1079"	"ENSG00000102125"	1.04664858572613
"1080"	"ENSG00000102144"	1.816994893835
"1081"	"ENSG00000102145"	1.23483803144143
"1082"	"ENSG00000102158"	1.53757474277512
"1083"	"ENSG00000102172"	1.85445740263339
"1084"	"ENSG00000102174"	2.25768265118211
"1085"	"ENSG00000102178"	1.24747535359428
"1086"	"ENSG00000102221"	1.27654672362617
"1087"	"ENSG00000102225"	1.03413477475293
"1088"	"ENSG00000102239"	4.24567262934445
"1089"	"ENSG00000102241"	1.07206551163704
"1090"	"ENSG00000102243"	1.0071950139033
"1091"	"ENSG00000102245"	1.85654291041523
"1092"	"ENSG00000102287"	2.77268865837573
"1093"	"ENSG00000102313"	2.15850601947362
"1094"	"ENSG00000102316"	1.33015832477557
"1095"	"ENSG00000102349"	1.1245157057185
"1096"	"ENSG00000102359"	1.28227166718444
"1097"	"ENSG00000102362"	1.3237772563769
"1098"	"ENSG00000102384"	3.41838364665483
"1099"	"ENSG00000102390"	1.26682847648753
"1100"	"ENSG00000102393"	1.0446837016446
"1101"	"ENSG00000102468"	2.97109474729253
"1102"	"ENSG00000102524"	2.11370881663367
"1103"	"ENSG00000102575"	1.87956880908978
"1104"	"ENSG00000102580"	1.38846044103327
"1105"	"ENSG00000102606"	1.44588901922413
"1106"	"ENSG00000102678"	3.22453134978601
"1107"	"ENSG00000102683"	2.70814295541326
"1108"	"ENSG00000102743"	2.80979716707377
"1109"	"ENSG00000102755"	1.48041385139629
"1110"	"ENSG00000102760"	2.36080651040409
"1111"	"ENSG00000102796"	2.1997393570249
"1112"	"ENSG00000102802"	3.84306542362136
"1113"	"ENSG00000102805"	1.34497580032742
"1114"	"ENSG00000102854"	4.82395885962957
"1115"	"ENSG00000102878"	2.1909074431051
"1116"	"ENSG00000102879"	1.85409395685853
"1117"	"ENSG00000102886"	1.4175275419115
"1118"	"ENSG00000102898"	1.32710265716755
"1119"	"ENSG00000102900"	1.05498512874539
"1120"	"ENSG00000102901"	1.89749098022175
"1121"	"ENSG00000102908"	1.22394566879819
"1122"	"ENSG00000102910"	1.0217722797692
"1123"	"ENSG00000102924"	2.03685699416324
"1124"	"ENSG00000102931"	2.43433094786387
"1125"	"ENSG00000102935"	1.22516182338944
"1126"	"ENSG00000102962"	2.78906801140666
"1127"	"ENSG00000102970"	3.7249785758566
"1128"	"ENSG00000102981"	1.10508049884522
"1129"	"ENSG00000102996"	1.6588561468538
"1130"	"ENSG00000103005"	1.08420236475637
"1131"	"ENSG00000103021"	1.85832159639421
"1132"	"ENSG00000103034"	1.93937940671809
"1133"	"ENSG00000103044"	2.08412241923326
"1134"	"ENSG00000103064"	2.24954857339228
"1135"	"ENSG00000103067"	1.88883050917
"1136"	"ENSG00000103089"	3.64318224373078
"1137"	"ENSG00000103168"	1.98777050779487
"1138"	"ENSG00000103184"	1.49394032328006
"1139"	"ENSG00000103196"	1.33822814767711
"1140"	"ENSG00000103202"	1.28966183741609
"1141"	"ENSG00000103226"	1.06733305754882
"1142"	"ENSG00000103241"	1.96819978636332
"1143"	"ENSG00000103253"	1.38320946532957
"1144"	"ENSG00000103257"	2.80777324645644
"1145"	"ENSG00000103260"	2.18748990679952
"1146"	"ENSG00000103264"	2.18228572092645
"1147"	"ENSG00000103310"	6.47384856985464
"1148"	"ENSG00000103313"	1.35858785756459
"1149"	"ENSG00000103316"	3.22824776487596
"1150"	"ENSG00000103342"	1.22747324529319
"1151"	"ENSG00000103353"	1.23136473043977
"1152"	"ENSG00000103356"	1.2666442006283
"1153"	"ENSG00000103363"	1.02851939784727
"1154"	"ENSG00000103375"	2.10994735943161
"1155"	"ENSG00000103381"	1.34669983906739
"1156"	"ENSG00000103423"	1.09617951518586
"1157"	"ENSG00000103460"	3.20278857617579
"1158"	"ENSG00000103472"	4.67736610269413
"1159"	"ENSG00000103485"	3.48146580781218
"1160"	"ENSG00000103490"	1.9509615773569
"1161"	"ENSG00000103494"	1.42341349736944
"1162"	"ENSG00000103512"	1.24060054343005
"1163"	"ENSG00000103522"	4.64864454303557
"1164"	"ENSG00000103534"	2.32761648906789
"1165"	"ENSG00000103546"	1.91447087106909
"1166"	"ENSG00000103550"	1.80275866471259
"1167"	"ENSG00000103591"	1.45914979659654
"1168"	"ENSG00000103599"	1.05904616224483
"1169"	"ENSG00000103647"	2.88246687290991
"1170"	"ENSG00000103653"	1.17669158699373
"1171"	"ENSG00000103710"	2.24155119190176
"1172"	"ENSG00000103742"	1.07655115500208
"1173"	"ENSG00000103769"	1.01592679732512
"1174"	"ENSG00000103855"	1.24310297258318
"1175"	"ENSG00000103888"	3.43822431691419
"1176"	"ENSG00000104043"	1.75195817915853
"1177"	"ENSG00000104044"	1.75925973508102
"1178"	"ENSG00000104059"	1.60015560665565
"1179"	"ENSG00000104081"	1.40267109784647
"1180"	"ENSG00000104140"	2.15167880320499
"1181"	"ENSG00000104142"	1.03682620723493
"1182"	"ENSG00000104147"	2.58439160198024
"1183"	"ENSG00000104205"	2.03015369449268
"1184"	"ENSG00000104213"	1.16155679543062
"1185"	"ENSG00000104219"	1.15731598575553
"1186"	"ENSG00000104267"	1.26260672279166
"1187"	"ENSG00000104312"	1.39176180836632
"1188"	"ENSG00000104320"	1.52073833658877
"1189"	"ENSG00000104321"	4.28837552419182
"1190"	"ENSG00000104331"	1.08013058757507
"1191"	"ENSG00000104332"	2.67390821813618
"1192"	"ENSG00000104341"	2.52518112420611
"1193"	"ENSG00000104356"	1.88567978763512
"1194"	"ENSG00000104369"	2.07052149781047
"1195"	"ENSG00000104371"	3.03016735758318
"1196"	"ENSG00000104413"	3.77619134845414
"1197"	"ENSG00000104415"	4.17690388996551
"1198"	"ENSG00000104442"	1.29530863963655
"1199"	"ENSG00000104447"	1.11982181116552
"1200"	"ENSG00000104450"	1.88747105545748
"1201"	"ENSG00000104522"	2.2941380486206
"1202"	"ENSG00000104524"	2.00638549597289
"1203"	"ENSG00000104549"	3.65435679238232
"1204"	"ENSG00000104611"	2.05786842207072
"1205"	"ENSG00000104635"	1.29331838386012
"1206"	"ENSG00000104687"	2.50054880212964
"1207"	"ENSG00000104714"	1.28266969028468
"1208"	"ENSG00000104722"	1.07311042721834
"1209"	"ENSG00000104728"	6.99432872210236
"1210"	"ENSG00000104738"	3.26057448929394
"1211"	"ENSG00000104760"	1.96023045865275
"1212"	"ENSG00000104808"	1.98880372235179
"1213"	"ENSG00000104814"	1.27441937512597
"1214"	"ENSG00000104835"	3.23676672547596
"1215"	"ENSG00000104848"	1.25772116507397
"1216"	"ENSG00000104852"	1.45139216809597
"1217"	"ENSG00000104859"	1.48415010221238
"1218"	"ENSG00000104866"	1.05160492718678
"1219"	"ENSG00000104870"	1.27784925101311
"1220"	"ENSG00000104879"	5.82549547853064
"1221"	"ENSG00000104888"	3.61983585232556
"1222"	"ENSG00000104889"	5.54074077067758
"1223"	"ENSG00000104894"	1.23974287450279
"1224"	"ENSG00000104899"	1.90692479210826
"1225"	"ENSG00000104901"	1.00559102761771
"1226"	"ENSG00000104936"	1.70985764072457
"1227"	"ENSG00000104938"	2.49562795214518
"1228"	"ENSG00000104951"	3.76083771850773
"1229"	"ENSG00000104957"	1.47568195540398
"1230"	"ENSG00000104967"	2.64549517879119
"1231"	"ENSG00000104972"	1.5002963681211
"1232"	"ENSG00000105011"	4.95673928572754
"1233"	"ENSG00000105048"	2.51743950640802
"1234"	"ENSG00000105137"	1.51581173327972
"1235"	"ENSG00000105141"	8.89490719959163
"1236"	"ENSG00000105143"	4.77979649796131
"1237"	"ENSG00000105171"	1.17172801942093
"1238"	"ENSG00000105173"	3.54293266500805
"1239"	"ENSG00000105176"	1.17605702106191
"1240"	"ENSG00000105219"	1.21247135605631
"1241"	"ENSG00000105220"	1.01281718158784
"1242"	"ENSG00000105227"	1.6117003553034
"1243"	"ENSG00000105245"	1.24142393554733
"1244"	"ENSG00000105246"	1.04269082276005
"1245"	"ENSG00000105255"	1.02213314416735
"1246"	"ENSG00000105270"	1.37455193548699
"1247"	"ENSG00000105278"	2.42492070856901
"1248"	"ENSG00000105289"	2.31993018682991
"1249"	"ENSG00000105290"	2.43319517088824
"1250"	"ENSG00000105339"	2.50292256977508
"1251"	"ENSG00000105352"	1.58347683087138
"1252"	"ENSG00000105357"	1.20400980454584
"1253"	"ENSG00000105366"	2.37895197132201
"1254"	"ENSG00000105369"	3.45063368090189
"1255"	"ENSG00000105373"	1.21875174853008
"1256"	"ENSG00000105374"	1.76549714661785
"1257"	"ENSG00000105376"	1.75458067570041
"1258"	"ENSG00000105379"	1.60242396861418
"1259"	"ENSG00000105388"	4.57363739213675
"1260"	"ENSG00000105393"	1.06035171598116
"1261"	"ENSG00000105404"	3.14240989565746
"1262"	"ENSG00000105427"	1.87864610966679
"1263"	"ENSG00000105438"	1.19973794617881
"1264"	"ENSG00000105464"	1.9428422657687
"1265"	"ENSG00000105467"	4.05523580649914
"1266"	"ENSG00000105483"	1.22147504815151
"1267"	"ENSG00000105486"	1.03031995460331
"1268"	"ENSG00000105492"	1.54398799592194
"1269"	"ENSG00000105501"	2.51798183175459
"1270"	"ENSG00000105509"	1.49800540477872
"1271"	"ENSG00000105514"	2.99763076067814
"1272"	"ENSG00000105523"	2.2254402909665
"1273"	"ENSG00000105538"	2.62685985594867
"1274"	"ENSG00000105549"	2.52941203409306
"1275"	"ENSG00000105559"	1.72880155596814
"1276"	"ENSG00000105583"	13.6852800862597
"1277"	"ENSG00000105609"	2.57535294301442
"1278"	"ENSG00000105610"	1.41160688213654
"1279"	"ENSG00000105612"	1.58422194179262
"1280"	"ENSG00000105613"	1.26041483310261
"1281"	"ENSG00000105619"	1.08465527576712
"1282"	"ENSG00000105641"	4.18621584144982
"1283"	"ENSG00000105643"	1.87289917407372
"1284"	"ENSG00000105647"	8.35823147927886
"1285"	"ENSG00000105649"	1.33546643030738
"1286"	"ENSG00000105650"	7.6106304875187
"1287"	"ENSG00000105664"	3.098233393377
"1288"	"ENSG00000105668"	4.2560298591684
"1289"	"ENSG00000105675"	2.58884599650954
"1290"	"ENSG00000105695"	2.08457553966595
"1291"	"ENSG00000105697"	2.18077436899078
"1292"	"ENSG00000105699"	2.42027347984056
"1293"	"ENSG00000105707"	1.19101678291284
"1294"	"ENSG00000105711"	2.04843181871366
"1295"	"ENSG00000105737"	1.55288454689629
"1296"	"ENSG00000105738"	2.22650812269578
"1297"	"ENSG00000105750"	1.21696389168748
"1298"	"ENSG00000105767"	1.63894561913485
"1299"	"ENSG00000105778"	1.15876702428622
"1300"	"ENSG00000105784"	1.93784426908075
"1301"	"ENSG00000105792"	2.24349940508325
"1302"	"ENSG00000105808"	4.17941379942464
"1303"	"ENSG00000105825"	1.81594618015069
"1304"	"ENSG00000105851"	2.56683743693705
"1305"	"ENSG00000105852"	1.54573022888848
"1306"	"ENSG00000105877"	3.62762959794653
"1307"	"ENSG00000105887"	1.10358561536997
"1308"	"ENSG00000105894"	1.66083604469376
"1309"	"ENSG00000105926"	1.15593775448121
"1310"	"ENSG00000105929"	3.48788594073279
"1311"	"ENSG00000105939"	1.11778196629602
"1312"	"ENSG00000105948"	1.06298819964479
"1313"	"ENSG00000105967"	1.09375450942302
"1314"	"ENSG00000105968"	1.40722022705408
"1315"	"ENSG00000105971"	2.77601780665026
"1316"	"ENSG00000105974"	3.319140895031
"1317"	"ENSG00000105989"	2.71503330879652
"1318"	"ENSG00000105996"	2.97206343717333
"1319"	"ENSG00000105997"	2.7631578460363
"1320"	"ENSG00000106003"	2.21453729910479
"1321"	"ENSG00000106004"	2.63928414643595
"1322"	"ENSG00000106006"	2.22668801899671
"1323"	"ENSG00000106012"	1.17164498476614
"1324"	"ENSG00000106013"	2.5132666876798
"1325"	"ENSG00000106018"	1.39040203283957
"1326"	"ENSG00000106028"	1.14577131175158
"1327"	"ENSG00000106031"	1.17615859271584
"1328"	"ENSG00000106052"	1.17398515687886
"1329"	"ENSG00000106069"	5.52437982188884
"1330"	"ENSG00000106077"	1.96810969170213
"1331"	"ENSG00000106078"	1.42485273912
"1332"	"ENSG00000106089"	1.498019126738
"1333"	"ENSG00000106100"	1.45680356136208
"1334"	"ENSG00000106105"	1.44726020796859
"1335"	"ENSG00000106113"	3.49135583898924
"1336"	"ENSG00000106125"	3.69213606239783
"1337"	"ENSG00000106133"	3.64773926025167
"1338"	"ENSG00000106153"	1.1204727817886
"1339"	"ENSG00000106246"	2.67655731764782
"1340"	"ENSG00000106258"	1.90320964927083
"1341"	"ENSG00000106268"	1.69151996445673
"1342"	"ENSG00000106278"	1.38969819242168
"1343"	"ENSG00000106327"	2.09189524055185
"1344"	"ENSG00000106328"	2.37234038331405
"1345"	"ENSG00000106355"	1.2735830665467
"1346"	"ENSG00000106366"	1.07846864653952
"1347"	"ENSG00000106367"	1.84770315713374
"1348"	"ENSG00000106399"	1.75655711941215
"1349"	"ENSG00000106404"	2.24332136932787
"1350"	"ENSG00000106443"	1.22083585062298
"1351"	"ENSG00000106460"	1.1004367981608
"1352"	"ENSG00000106462"	2.36972214626564
"1353"	"ENSG00000106479"	1.06943456990611
"1354"	"ENSG00000106484"	1.22496648384134
"1355"	"ENSG00000106511"	4.13901284142825
"1356"	"ENSG00000106526"	1.07355463719903
"1357"	"ENSG00000106536"	1.10730044423763
"1358"	"ENSG00000106537"	1.83750813152325
"1359"	"ENSG00000106538"	1.32929744867533
"1360"	"ENSG00000106541"	4.31192469797635
"1361"	"ENSG00000106546"	1.06664718032361
"1362"	"ENSG00000106588"	6.65275751765484
"1363"	"ENSG00000106605"	1.37510931330577
"1364"	"ENSG00000106628"	1.22351030543935
"1365"	"ENSG00000106631"	2.26874878683956
"1366"	"ENSG00000106633"	3.04489697387755
"1367"	"ENSG00000106636"	1.46290645192278
"1368"	"ENSG00000106638"	1.47040465558301
"1369"	"ENSG00000106683"	1.85420071449728
"1370"	"ENSG00000106686"	1.43342990697273
"1371"	"ENSG00000106688"	1.04573651842565
"1372"	"ENSG00000106689"	4.93098745566022
"1373"	"ENSG00000106714"	4.50265255156974
"1374"	"ENSG00000106772"	1.96684360218086
"1375"	"ENSG00000106780"	1.37685049348919
"1376"	"ENSG00000106785"	2.11078616980623
"1377"	"ENSG00000106789"	2.68226534639511
"1378"	"ENSG00000106799"	1.77371182479112
"1379"	"ENSG00000106803"	1.27084908657191
"1380"	"ENSG00000106809"	2.51178950094588
"1381"	"ENSG00000106819"	2.86327497179914
"1382"	"ENSG00000106823"	1.50605469097219
"1383"	"ENSG00000106852"	2.70901210234267
"1384"	"ENSG00000106927"	2.92972736385144
"1385"	"ENSG00000106952"	1.4732715124221
"1386"	"ENSG00000106976"	1.61225591780578
"1387"	"ENSG00000106991"	1.56539383898556
"1388"	"ENSG00000106992"	2.59719886225172
"1389"	"ENSG00000107020"	1.29619339513229
"1390"	"ENSG00000107104"	1.88164114687488
"1391"	"ENSG00000107105"	3.01410634385096
"1392"	"ENSG00000107130"	1.56955295809191
"1393"	"ENSG00000107159"	5.84812322380602
"1394"	"ENSG00000107165"	2.62282597579631
"1395"	"ENSG00000107186"	1.36135920131204
"1396"	"ENSG00000107201"	1.77149377404949
"1397"	"ENSG00000107281"	1.51817618488415
"1398"	"ENSG00000107282"	1.10606283617512
"1399"	"ENSG00000107295"	1.69785790276434
"1400"	"ENSG00000107317"	6.5802368369778
"1401"	"ENSG00000107372"	1.50498144818414
"1402"	"ENSG00000107485"	1.84805076092678
"1403"	"ENSG00000107551"	1.6470314255117
"1404"	"ENSG00000107562"	1.72860574833861
"1405"	"ENSG00000107593"	2.02727029834241
"1406"	"ENSG00000107611"	2.36844904831675
"1407"	"ENSG00000107731"	2.85029500761377
"1408"	"ENSG00000107736"	2.59982495001899
"1409"	"ENSG00000107738"	2.25336782529916
"1410"	"ENSG00000107742"	1.35864805226036
"1411"	"ENSG00000107796"	2.00842492715125
"1412"	"ENSG00000107821"	2.01598346681313
"1413"	"ENSG00000107831"	3.33583566429814
"1414"	"ENSG00000107833"	1.23241875835104
"1415"	"ENSG00000107859"	1.62378542047724
"1416"	"ENSG00000107863"	1.13978701393003
"1417"	"ENSG00000107949"	1.1233166056409
"1418"	"ENSG00000107954"	2.04963659497276
"1419"	"ENSG00000107968"	1.78644486333383
"1420"	"ENSG00000107984"	2.01691318675695
"1421"	"ENSG00000108001"	3.9006978127211
"1422"	"ENSG00000108018"	2.45475453326622
"1423"	"ENSG00000108064"	1.30435306229929
"1424"	"ENSG00000108091"	1.98689876997072
"1425"	"ENSG00000108106"	1.87229790107102
"1426"	"ENSG00000108176"	1.65599303513903
"1427"	"ENSG00000108179"	1.44900213329695
"1428"	"ENSG00000108256"	1.30676454296325
"1429"	"ENSG00000108298"	2.03788113861208
"1430"	"ENSG00000108306"	1.56458535447469
"1431"	"ENSG00000108342"	6.36419405676332
"1432"	"ENSG00000108344"	3.54520141512459
"1433"	"ENSG00000108375"	1.31434211711091
"1434"	"ENSG00000108381"	4.54898213117926
"1435"	"ENSG00000108384"	1.31812374384776
"1436"	"ENSG00000108387"	2.20562702792462
"1437"	"ENSG00000108395"	1.94205718724328
"1438"	"ENSG00000108405"	1.20730208779637
"1439"	"ENSG00000108406"	1.36712297358643
"1440"	"ENSG00000108423"	1.55819926385186
"1441"	"ENSG00000108439"	1.7987053066243
"1442"	"ENSG00000108443"	1.20262101960338
"1443"	"ENSG00000108465"	4.52793702660326
"1444"	"ENSG00000108468"	1.86010946555999
"1445"	"ENSG00000108474"	2.51028347657902
"1446"	"ENSG00000108509"	1.34193681278801
"1447"	"ENSG00000108515"	1.22761069091477
"1448"	"ENSG00000108551"	2.84815533279683
"1449"	"ENSG00000108556"	1.38233564097176
"1450"	"ENSG00000108576"	2.95567242671682
"1451"	"ENSG00000108582"	1.32645615718362
"1452"	"ENSG00000108588"	1.28253751247178
"1453"	"ENSG00000108592"	1.03857353670857
"1454"	"ENSG00000108602"	2.02125151541476
"1455"	"ENSG00000108604"	1.42204636999278
"1456"	"ENSG00000108622"	2.63605947843654
"1457"	"ENSG00000108639"	1.64635991244577
"1458"	"ENSG00000108671"	1.3992847305415
"1459"	"ENSG00000108679"	1.33926240799371
"1460"	"ENSG00000108684"	1.58694819863601
"1461"	"ENSG00000108688"	3.45094519782427
"1462"	"ENSG00000108700"	1.44245531279588
"1463"	"ENSG00000108759"	1.48272533173462
"1464"	"ENSG00000108773"	2.1601171602491
"1465"	"ENSG00000108774"	1.39967835843312
"1466"	"ENSG00000108786"	1.08448217915022
"1467"	"ENSG00000108797"	1.90617486897218
"1468"	"ENSG00000108799"	2.49634353359533
"1469"	"ENSG00000108813"	2.61486086548188
"1470"	"ENSG00000108821"	3.22798766787343
"1471"	"ENSG00000108823"	3.80316357867027
"1472"	"ENSG00000108826"	1.90208508737144
"1473"	"ENSG00000108829"	2.55009344784555
"1474"	"ENSG00000108852"	1.17104522419809
"1475"	"ENSG00000108878"	1.16665745523959
"1476"	"ENSG00000108924"	2.73642912906884
"1477"	"ENSG00000108932"	1.94304223607714
"1478"	"ENSG00000108950"	1.07241300794445
"1479"	"ENSG00000108958"	2.61728026749618
"1480"	"ENSG00000108960"	1.28079932958915
"1481"	"ENSG00000108961"	2.83734566589767
"1482"	"ENSG00000108963"	1.19352245588241
"1483"	"ENSG00000108984"	1.66550331847936
"1484"	"ENSG00000109046"	2.01172180147159
"1485"	"ENSG00000109047"	2.16825886061061
"1486"	"ENSG00000109061"	4.18759239359371
"1487"	"ENSG00000109062"	2.97502775050339
"1488"	"ENSG00000109063"	2.12044309341862
"1489"	"ENSG00000109066"	1.03503355829185
"1490"	"ENSG00000109084"	3.16004233009098
"1491"	"ENSG00000109089"	1.65982553985643
"1492"	"ENSG00000109099"	1.38073803185955
"1493"	"ENSG00000109107"	1.37314554593606
"1494"	"ENSG00000109133"	1.50667796312048
"1495"	"ENSG00000109158"	3.57752428919538
"1496"	"ENSG00000109182"	3.4712413482642
"1497"	"ENSG00000109193"	3.42225645971006
"1498"	"ENSG00000109255"	5.84879514989943
"1499"	"ENSG00000109265"	4.24876959982238
"1500"	"ENSG00000109323"	1.25310097454513
"1501"	"ENSG00000109424"	3.84377946684214
"1502"	"ENSG00000109436"	1.00833586970956
"1503"	"ENSG00000109572"	1.59733478998478
"1504"	"ENSG00000109576"	1.54782936328697
"1505"	"ENSG00000109586"	3.00036567135876
"1506"	"ENSG00000109610"	2.68287295775998
"1507"	"ENSG00000109625"	1.94908951301978
"1508"	"ENSG00000109674"	5.72712085878668
"1509"	"ENSG00000109684"	3.03819039292495
"1510"	"ENSG00000109686"	1.66491675807957
"1511"	"ENSG00000109705"	2.88559719803731
"1512"	"ENSG00000109758"	1.13043520437879
"1513"	"ENSG00000109794"	2.40263101008299
"1514"	"ENSG00000109805"	4.98787525187187
"1515"	"ENSG00000109814"	1.84742113178457
"1516"	"ENSG00000109819"	1.11078786486778
"1517"	"ENSG00000109832"	2.32133595600191
"1518"	"ENSG00000109846"	2.93107111846941
"1519"	"ENSG00000109854"	1.03619509596283
"1520"	"ENSG00000109881"	1.58937083034109
"1521"	"ENSG00000109906"	2.19342461076135
"1522"	"ENSG00000109919"	1.67633302701614
"1523"	"ENSG00000109920"	1.3271003577676
"1524"	"ENSG00000109929"	1.58723167704173
"1525"	"ENSG00000109943"	2.50640103772219
"1526"	"ENSG00000109956"	1.91891057641493
"1527"	"ENSG00000109971"	1.89893336487205
"1528"	"ENSG00000110025"	5.7746798759138
"1529"	"ENSG00000110031"	1.39350020996761
"1530"	"ENSG00000110057"	1.14146753930655
"1531"	"ENSG00000110063"	1.5344168988372
"1532"	"ENSG00000110076"	1.16920639274708
"1533"	"ENSG00000110092"	1.16163433824513
"1534"	"ENSG00000110107"	1.33957995530251
"1535"	"ENSG00000110169"	1.91085135587567
"1536"	"ENSG00000110203"	1.54779364995668
"1537"	"ENSG00000110218"	1.34895120219562
"1538"	"ENSG00000110237"	1.49715103172199
"1539"	"ENSG00000110245"	6.38964196319054
"1540"	"ENSG00000110318"	1.2835148593462
"1541"	"ENSG00000110321"	1.25543326437094
"1542"	"ENSG00000110367"	1.28338945369783
"1543"	"ENSG00000110375"	3.75417356120511
"1544"	"ENSG00000110400"	1.9300297976834
"1545"	"ENSG00000110422"	1.15484229386401
"1546"	"ENSG00000110427"	2.38529319808715
"1547"	"ENSG00000110446"	1.03137346981807
"1548"	"ENSG00000110448"	2.61330127900052
"1549"	"ENSG00000110455"	1.87409060473199
"1550"	"ENSG00000110484"	2.93057605142874
"1551"	"ENSG00000110492"	2.50930503462747
"1552"	"ENSG00000110536"	1.44627461190309
"1553"	"ENSG00000110660"	1.6526194910124
"1554"	"ENSG00000110675"	1.01989875960832
"1555"	"ENSG00000110680"	1.81877087581143
"1556"	"ENSG00000110717"	1.05463541529365
"1557"	"ENSG00000110719"	1.02039360343644
"1558"	"ENSG00000110723"	1.36734739326038
"1559"	"ENSG00000110777"	2.17189910118658
"1560"	"ENSG00000110786"	2.95920790173497
"1561"	"ENSG00000110799"	2.5272274669145
"1562"	"ENSG00000110801"	3.34263798554813
"1563"	"ENSG00000110852"	1.05892254870256
"1564"	"ENSG00000110876"	2.3008298259737
"1565"	"ENSG00000110888"	1.57161993664719
"1566"	"ENSG00000110917"	1.18472667827393
"1567"	"ENSG00000110921"	1.47265446394547
"1568"	"ENSG00000110934"	1.50696140966903
"1569"	"ENSG00000110944"	1.42277490339621
"1570"	"ENSG00000110958"	1.02419480884059
"1571"	"ENSG00000110987"	1.22658600828323
"1572"	"ENSG00000111012"	2.08748661070084
"1573"	"ENSG00000111046"	4.26694577925403
"1574"	"ENSG00000111057"	2.84025244087544
"1575"	"ENSG00000111077"	3.42218907824926
"1576"	"ENSG00000111087"	1.98900279417371
"1577"	"ENSG00000111110"	2.28227580253479
"1578"	"ENSG00000111196"	1.22716049706014
"1579"	"ENSG00000111206"	4.54984032483687
"1580"	"ENSG00000111215"	4.80395189321769
"1581"	"ENSG00000111245"	7.06714488006853
"1582"	"ENSG00000111247"	3.26045604897903
"1583"	"ENSG00000111249"	1.00486352967351
"1584"	"ENSG00000111262"	1.94689558598005
"1585"	"ENSG00000111275"	1.676490284849
"1586"	"ENSG00000111291"	1.42420738312522
"1587"	"ENSG00000111305"	1.61409435196633
"1588"	"ENSG00000111319"	1.1216314216245
"1589"	"ENSG00000111325"	4.28088881794851
"1590"	"ENSG00000111328"	2.38539217040525
"1591"	"ENSG00000111331"	2.37271045914313
"1592"	"ENSG00000111335"	2.66385476507192
"1593"	"ENSG00000111339"	2.6777613103625
"1594"	"ENSG00000111344"	1.02836163954472
"1595"	"ENSG00000111348"	1.22159541757475
"1596"	"ENSG00000111371"	2.41650782953084
"1597"	"ENSG00000111404"	5.55000587506503
"1598"	"ENSG00000111405"	2.15408646893799
"1599"	"ENSG00000111412"	2.01867066573958
"1600"	"ENSG00000111424"	1.67602520988559
"1601"	"ENSG00000111445"	1.09029406050027
"1602"	"ENSG00000111450"	1.48981872861366
"1603"	"ENSG00000111452"	3.5104581266897
"1604"	"ENSG00000111481"	1.41639911296443
"1605"	"ENSG00000111530"	1.18140609582986
"1606"	"ENSG00000111537"	2.59054070486364
"1607"	"ENSG00000111602"	2.03169939288606
"1608"	"ENSG00000111639"	1.54830100791404
"1609"	"ENSG00000111640"	1.6693396929047
"1610"	"ENSG00000111641"	6.91541205998984
"1611"	"ENSG00000111642"	2.11866214359645
"1612"	"ENSG00000111664"	1.93952069926645
"1613"	"ENSG00000111665"	2.29173524372408
"1614"	"ENSG00000111666"	1.03217475933719
"1615"	"ENSG00000111667"	1.31685924920493
"1616"	"ENSG00000111669"	1.12489142654718
"1617"	"ENSG00000111670"	1.04142817201291
"1618"	"ENSG00000111676"	1.15261118654164
"1619"	"ENSG00000111679"	1.38535607455284
"1620"	"ENSG00000111713"	9.73474093126015
"1621"	"ENSG00000111716"	6.33726854502871
"1622"	"ENSG00000111729"	3.91409409224066
"1623"	"ENSG00000111732"	5.02825202219425
"1624"	"ENSG00000111752"	1.63364679802137
"1625"	"ENSG00000111783"	2.32980228847427
"1626"	"ENSG00000111788"	1.93476382097063
"1627"	"ENSG00000111796"	1.05258292346375
"1628"	"ENSG00000111799"	1.32833203161509
"1629"	"ENSG00000111816"	2.77031770928587
"1630"	"ENSG00000111817"	1.27874779904677
"1631"	"ENSG00000111837"	1.12797467929514
"1632"	"ENSG00000111845"	1.02839247625472
"1633"	"ENSG00000111846"	1.84501656242358
"1634"	"ENSG00000111859"	1.88335628724618
"1635"	"ENSG00000111860"	1.53877460824785
"1636"	"ENSG00000111863"	1.91117152808092
"1637"	"ENSG00000111875"	1.66449713232992
"1638"	"ENSG00000111879"	1.42917566514032
"1639"	"ENSG00000111911"	1.28019160151191
"1640"	"ENSG00000111961"	1.56579806316813
"1641"	"ENSG00000111962"	1.06406938167077
"1642"	"ENSG00000111981"	3.12048749374869
"1643"	"ENSG00000112029"	2.19401573645522
"1644"	"ENSG00000112096"	1.27706901466286
"1645"	"ENSG00000112110"	1.10481635295959
"1646"	"ENSG00000112118"	1.51920865527649
"1647"	"ENSG00000112137"	1.05727362621474
"1648"	"ENSG00000112149"	1.26723793117867
"1649"	"ENSG00000112164"	1.32644890050425
"1650"	"ENSG00000112167"	1.22409992836343
"1651"	"ENSG00000112175"	2.24753047546834
"1652"	"ENSG00000112182"	1.04880765060934
"1653"	"ENSG00000112183"	3.06567427327741
"1654"	"ENSG00000112195"	1.697718835853
"1655"	"ENSG00000112214"	4.47269014144366
"1656"	"ENSG00000112242"	1.34836692455903
"1657"	"ENSG00000112245"	9.70509304717167
"1658"	"ENSG00000112246"	1.71610469295685
"1659"	"ENSG00000112249"	1.58399627430239
"1660"	"ENSG00000112280"	1.67360082500135
"1661"	"ENSG00000112297"	1.65221643947614
"1662"	"ENSG00000112304"	1.23916010307894
"1663"	"ENSG00000112309"	3.4004769890467
"1664"	"ENSG00000112312"	1.12192438660352
"1665"	"ENSG00000112319"	2.26203771597393
"1666"	"ENSG00000112320"	1.80097713335735
"1667"	"ENSG00000112339"	1.27407616272388
"1668"	"ENSG00000112357"	1.05045909618733
"1669"	"ENSG00000112365"	1.16137933312999
"1670"	"ENSG00000112367"	1.18328383708483
"1671"	"ENSG00000112378"	1.83948812120859
"1672"	"ENSG00000112379"	3.30192872192159
"1673"	"ENSG00000112414"	1.6179693631616
"1674"	"ENSG00000112473"	1.66126919070304
"1675"	"ENSG00000112486"	3.21447503854605
"1676"	"ENSG00000112511"	1.36558777623067
"1677"	"ENSG00000112530"	1.27823328055977
"1678"	"ENSG00000112531"	1.18131429216579
"1679"	"ENSG00000112578"	1.31775860525909
"1680"	"ENSG00000112651"	3.92826774567972
"1681"	"ENSG00000112655"	2.27694612352477
"1682"	"ENSG00000112699"	2.07931360953865
"1683"	"ENSG00000112706"	1.0505478623129
"1684"	"ENSG00000112742"	5.11535747202349
"1685"	"ENSG00000112769"	1.07225202163899
"1686"	"ENSG00000112782"	2.33925234980499
"1687"	"ENSG00000112796"	2.10620303597576
"1688"	"ENSG00000112799"	2.26567338691212
"1689"	"ENSG00000112818"	1.29815878012993
"1690"	"ENSG00000112837"	2.15392208284988
"1691"	"ENSG00000112893"	2.08416995983062
"1692"	"ENSG00000112936"	4.4291163333772
"1693"	"ENSG00000112964"	2.40331470676242
"1694"	"ENSG00000112972"	1.72341213168441
"1695"	"ENSG00000112977"	1.65726896491896
"1696"	"ENSG00000112984"	5.81356531742331
"1697"	"ENSG00000113013"	1.0515634656204
"1698"	"ENSG00000113070"	2.29788928932854
"1699"	"ENSG00000113073"	1.54442163643298
"1700"	"ENSG00000113088"	2.46464591669813
"1701"	"ENSG00000113108"	2.52854724642883
"1702"	"ENSG00000113119"	1.24220580255301
"1703"	"ENSG00000113161"	1.86773455749142
"1704"	"ENSG00000113194"	1.00505550621541
"1705"	"ENSG00000113212"	1.27485664296704
"1706"	"ENSG00000113231"	3.46672366713784
"1707"	"ENSG00000113240"	1.5864878228523
"1708"	"ENSG00000113248"	2.25602927214125
"1709"	"ENSG00000113262"	1.14782177498265
"1710"	"ENSG00000113273"	1.20682328951426
"1711"	"ENSG00000113296"	1.8980063775972
"1712"	"ENSG00000113300"	1.28023055582877
"1713"	"ENSG00000113302"	3.97118951041695
"1714"	"ENSG00000113303"	1.30680419269828
"1715"	"ENSG00000113319"	1.52879527318117
"1716"	"ENSG00000113368"	4.06258696218766
"1717"	"ENSG00000113384"	1.09435653003539
"1718"	"ENSG00000113396"	1.91758399094462
"1719"	"ENSG00000113407"	1.7295018148721
"1720"	"ENSG00000113456"	1.27742103969472
"1721"	"ENSG00000113460"	1.18961308596456
"1722"	"ENSG00000113494"	2.7309184322009
"1723"	"ENSG00000113522"	4.20230286887438
"1724"	"ENSG00000113569"	1.63016704627743
"1725"	"ENSG00000113580"	1.03371313825836
"1726"	"ENSG00000113594"	3.47958892075954
"1727"	"ENSG00000113600"	2.68367902414127
"1728"	"ENSG00000113615"	1.05431502620121
"1729"	"ENSG00000113643"	1.03513776305805
"1730"	"ENSG00000113645"	1.64048326023025
"1731"	"ENSG00000113648"	1.20414042785208
"1732"	"ENSG00000113719"	1.77051197809143
"1733"	"ENSG00000113721"	1.24192497700538
"1734"	"ENSG00000113739"	1.99110132072995
"1735"	"ENSG00000113749"	1.37668382928327
"1736"	"ENSG00000113763"	2.51707604613286
"1737"	"ENSG00000113810"	2.38905115376452
"1738"	"ENSG00000113916"	2.8628100189443
"1739"	"ENSG00000113924"	3.19425632619215
"1740"	"ENSG00000113971"	3.48674220594994
"1741"	"ENSG00000114013"	2.25101862898928
"1742"	"ENSG00000114019"	1.91880658437442
"1743"	"ENSG00000114023"	1.06945160723026
"1744"	"ENSG00000114054"	1.67263487589363
"1745"	"ENSG00000114107"	1.40754817859154
"1746"	"ENSG00000114113"	2.97611994280689
"1747"	"ENSG00000114115"	1.75237281908232
"1748"	"ENSG00000114124"	1.02502450344576
"1749"	"ENSG00000114200"	2.86937470807887
"1750"	"ENSG00000114248"	5.83520357118138
"1751"	"ENSG00000114251"	1.19568068390998
"1752"	"ENSG00000114268"	1.87651491390787
"1753"	"ENSG00000114270"	1.66282406541083
"1754"	"ENSG00000114279"	1.11872570709347
"1755"	"ENSG00000114346"	3.22538883909862
"1756"	"ENSG00000114374"	10.7941157898734
"1757"	"ENSG00000114378"	2.30643991443967
"1758"	"ENSG00000114405"	2.48560185568438
"1759"	"ENSG00000114473"	1.3048217743203
"1760"	"ENSG00000114480"	1.48223433621231
"1761"	"ENSG00000114491"	1.20129455976233
"1762"	"ENSG00000114529"	1.72661185183034
"1763"	"ENSG00000114547"	2.43794974451837
"1764"	"ENSG00000114573"	1.50917173481447
"1765"	"ENSG00000114626"	1.86756346078161
"1766"	"ENSG00000114631"	2.82746223010181
"1767"	"ENSG00000114646"	2.29745376262889
"1768"	"ENSG00000114656"	2.79929644574891
"1769"	"ENSG00000114686"	1.30314662612312
"1770"	"ENSG00000114698"	2.8685973598151
"1771"	"ENSG00000114757"	1.12524869418402
"1772"	"ENSG00000114771"	2.45656338638438
"1773"	"ENSG00000114805"	3.46757256234539
"1774"	"ENSG00000114812"	1.29798484986387
"1775"	"ENSG00000114841"	2.47334137970676
"1776"	"ENSG00000114850"	1.1057627883997
"1777"	"ENSG00000114853"	1.84930269512611
"1778"	"ENSG00000114854"	3.82869378008207
"1779"	"ENSG00000114857"	2.15617972752247
"1780"	"ENSG00000114978"	1.08581524279973
"1781"	"ENSG00000114993"	1.47212946006369
"1782"	"ENSG00000115008"	2.03837778202357
"1783"	"ENSG00000115009"	2.25788693321836
"1784"	"ENSG00000115041"	1.57199059904782
"1785"	"ENSG00000115042"	1.00208452666461
"1786"	"ENSG00000115084"	2.00825713299725
"1787"	"ENSG00000115091"	1.46023775692286
"1788"	"ENSG00000115112"	4.14497989651902
"1789"	"ENSG00000115128"	1.15941901484458
"1790"	"ENSG00000115137"	1.11295982013628
"1791"	"ENSG00000115138"	2.18326608418346
"1792"	"ENSG00000115155"	1.11196257992888
"1793"	"ENSG00000115159"	1.66511213064936
"1794"	"ENSG00000115163"	4.25770591886652
"1795"	"ENSG00000115165"	1.54633648655426
"1796"	"ENSG00000115194"	2.66018354193644
"1797"	"ENSG00000115221"	3.80858174683154
"1798"	"ENSG00000115226"	2.91720196702458
"1799"	"ENSG00000115232"	1.90438257223314
"1800"	"ENSG00000115233"	1.80104830611005
"1801"	"ENSG00000115241"	1.26374259059586
"1802"	"ENSG00000115252"	1.58174040794354
"1803"	"ENSG00000115255"	2.15611373326806
"1804"	"ENSG00000115266"	1.51065391789654
"1805"	"ENSG00000115267"	1.93481197512687
"1806"	"ENSG00000115274"	7.13895445227084
"1807"	"ENSG00000115286"	1.93892503590383
"1808"	"ENSG00000115295"	2.34239406122113
"1809"	"ENSG00000115306"	1.49596097208193
"1810"	"ENSG00000115339"	2.53068102333741
"1811"	"ENSG00000115353"	3.44160144962709
"1812"	"ENSG00000115361"	1.79129383553487
"1813"	"ENSG00000115363"	1.62292172055514
"1814"	"ENSG00000115364"	1.88521775954194
"1815"	"ENSG00000115380"	1.43349088178531
"1816"	"ENSG00000115386"	10.3753830633809
"1817"	"ENSG00000115414"	4.13305000643863
"1818"	"ENSG00000115415"	2.51324912998888
"1819"	"ENSG00000115459"	1.57095029518775
"1820"	"ENSG00000115468"	1.45210438256524
"1821"	"ENSG00000115474"	1.01438522951845
"1822"	"ENSG00000115486"	1.075413200702
"1823"	"ENSG00000115507"	3.69714585610983
"1824"	"ENSG00000115514"	1.26918504615852
"1825"	"ENSG00000115523"	1.01390971196503
"1826"	"ENSG00000115539"	1.65115931657971
"1827"	"ENSG00000115556"	1.8106516186537
"1828"	"ENSG00000115590"	2.21276640756197
"1829"	"ENSG00000115592"	2.94455292143812
"1830"	"ENSG00000115593"	3.7965676942427
"1831"	"ENSG00000115594"	1.57354757513671
"1832"	"ENSG00000115596"	1.06525681110232
"1833"	"ENSG00000115602"	5.38928585186103
"1834"	"ENSG00000115604"	2.55778487446745
"1835"	"ENSG00000115607"	1.66938591836618
"1836"	"ENSG00000115616"	3.70351671988561
"1837"	"ENSG00000115648"	1.28086215196516
"1838"	"ENSG00000115652"	1.08750404615216
"1839"	"ENSG00000115657"	2.28519614313648
"1840"	"ENSG00000115665"	1.34570051030663
"1841"	"ENSG00000115677"	1.31540420156736
"1842"	"ENSG00000115705"	3.17360496061339
"1843"	"ENSG00000115718"	3.05935906598243
"1844"	"ENSG00000115762"	1.09993258066739
"1845"	"ENSG00000115806"	1.2099979484156
"1846"	"ENSG00000115844"	1.30913810726931
"1847"	"ENSG00000115850"	4.90540268571439
"1848"	"ENSG00000115884"	4.85447160408636
"1849"	"ENSG00000115902"	2.09806675332602
"1850"	"ENSG00000115919"	3.89776553298831
"1851"	"ENSG00000115956"	1.289072283431
"1852"	"ENSG00000116014"	2.55556676496447
"1853"	"ENSG00000116016"	2.29718937888533
"1854"	"ENSG00000116030"	1.21515070828335
"1855"	"ENSG00000116031"	1.16957224125588
"1856"	"ENSG00000116032"	2.3887975134144
"1857"	"ENSG00000116035"	1.11440483244104
"1858"	"ENSG00000116039"	6.08094867210214
"1859"	"ENSG00000116062"	1.34543335270234
"1860"	"ENSG00000116096"	1.33558578056946
"1861"	"ENSG00000116106"	1.63937286144522
"1862"	"ENSG00000116128"	1.58042706131067
"1863"	"ENSG00000116133"	2.46855008187526
"1864"	"ENSG00000116147"	1.7583276321406
"1865"	"ENSG00000116161"	1.5159057157499
"1866"	"ENSG00000116176"	2.31713524907025
"1867"	"ENSG00000116183"	5.71358883179046
"1868"	"ENSG00000116191"	1.4213133945055
"1869"	"ENSG00000116194"	4.64955887732815
"1870"	"ENSG00000116221"	1.164314620091
"1871"	"ENSG00000116237"	1.08664427854608
"1872"	"ENSG00000116251"	1.26672044712774
"1873"	"ENSG00000116260"	1.25564336770926
"1874"	"ENSG00000116285"	2.16499879355495
"1875"	"ENSG00000116299"	3.05148880786933
"1876"	"ENSG00000116329"	3.37917996827059
"1877"	"ENSG00000116396"	1.54601132575138
"1878"	"ENSG00000116406"	1.07887619936188
"1879"	"ENSG00000116489"	1.38199679733415
"1880"	"ENSG00000116521"	1.15303438432009
"1881"	"ENSG00000116525"	1.1304770178914
"1882"	"ENSG00000116586"	1.5920386212151
"1883"	"ENSG00000116652"	2.69152110786859
"1884"	"ENSG00000116663"	1.7276575568527
"1885"	"ENSG00000116678"	3.12706404903226
"1886"	"ENSG00000116690"	3.55169410397778
"1887"	"ENSG00000116698"	1.04798429218317
"1888"	"ENSG00000116701"	1.04981508315985
"1889"	"ENSG00000116704"	1.05618228196474
"1890"	"ENSG00000116711"	1.56110599426862
"1891"	"ENSG00000116717"	1.91759276384171
"1892"	"ENSG00000116741"	1.73533633032211
"1893"	"ENSG00000116745"	2.92214476358338
"1894"	"ENSG00000116750"	1.26889390370265
"1895"	"ENSG00000116754"	1.50002871778637
"1896"	"ENSG00000116771"	2.84466237342545
"1897"	"ENSG00000116783"	7.21500983471805
"1898"	"ENSG00000116819"	1.03715651498617
"1899"	"ENSG00000116824"	3.76307578517729
"1900"	"ENSG00000116833"	2.22944321608123
"1901"	"ENSG00000116857"	1.64147775116118
"1902"	"ENSG00000116906"	1.0116115437024
"1903"	"ENSG00000116962"	1.53856382053626
"1904"	"ENSG00000116985"	1.54316443502511
"1905"	"ENSG00000116990"	2.77446895608121
"1906"	"ENSG00000117009"	5.27375695332213
"1907"	"ENSG00000117013"	1.7806267354035
"1908"	"ENSG00000117020"	1.78098826917031
"1909"	"ENSG00000117090"	1.59816562836525
"1910"	"ENSG00000117091"	2.15938601835551
"1911"	"ENSG00000117114"	1.0485201264027
"1912"	"ENSG00000117115"	2.86584433631603
"1913"	"ENSG00000117139"	2.1151843956777
"1914"	"ENSG00000117151"	1.1486727185735
"1915"	"ENSG00000117152"	3.32937705799152
"1916"	"ENSG00000117153"	1.03327790779303
"1917"	"ENSG00000117154"	1.09886406076363
"1918"	"ENSG00000117155"	2.59424240169073
"1919"	"ENSG00000117215"	6.55970036165244
"1920"	"ENSG00000117222"	1.64045283233754
"1921"	"ENSG00000117226"	1.12119420539203
"1922"	"ENSG00000117228"	1.06585341452274
"1923"	"ENSG00000117245"	2.68877722032946
"1924"	"ENSG00000117308"	2.2192837551584
"1925"	"ENSG00000117318"	1.57260647063893
"1926"	"ENSG00000117322"	4.25081339703932
"1927"	"ENSG00000117362"	1.28833983552747
"1928"	"ENSG00000117394"	1.25517697546545
"1929"	"ENSG00000117395"	1.19088828129734
"1930"	"ENSG00000117399"	4.78403459865049
"1931"	"ENSG00000117410"	1.54903670072201
"1932"	"ENSG00000117425"	2.81959544030963
"1933"	"ENSG00000117448"	1.64464772112585
"1934"	"ENSG00000117450"	1.43870656046005
"1935"	"ENSG00000117472"	4.03920120601207
"1936"	"ENSG00000117475"	1.12338408255219
"1937"	"ENSG00000117507"	2.2747552323424
"1938"	"ENSG00000117525"	2.91921267122216
"1939"	"ENSG00000117560"	3.62654393393589
"1940"	"ENSG00000117569"	1.39505260000456
"1941"	"ENSG00000117586"	2.96876731781319
"1942"	"ENSG00000117593"	1.94367823980254
"1943"	"ENSG00000117594"	1.73389409569841
"1944"	"ENSG00000117595"	1.87199034755713
"1945"	"ENSG00000117600"	1.07428070752747
"1946"	"ENSG00000117602"	1.0588260830328
"1947"	"ENSG00000117616"	2.02537814817069
"1948"	"ENSG00000117632"	2.77378968562854
"1949"	"ENSG00000117650"	6.50484167758227
"1950"	"ENSG00000117676"	1.71868291427297
"1951"	"ENSG00000117697"	1.18466156478203
"1952"	"ENSG00000117707"	1.49444075869644
"1953"	"ENSG00000117724"	5.77417618496875
"1954"	"ENSG00000117834"	1.52609203247629
"1955"	"ENSG00000117862"	3.16553428240004
"1956"	"ENSG00000117877"	1.73067831274634
"1957"	"ENSG00000117971"	1.9950337255377
"1958"	"ENSG00000117983"	5.07504164453686
"1959"	"ENSG00000118004"	2.00142351716244
"1960"	"ENSG00000118017"	1.67565280490108
"1961"	"ENSG00000118094"	1.90763563930632
"1962"	"ENSG00000118137"	3.51270906044914
"1963"	"ENSG00000118160"	1.82336277138258
"1964"	"ENSG00000118193"	5.2052330726024
"1965"	"ENSG00000118194"	2.20383928662567
"1966"	"ENSG00000118242"	1.52892081500116
"1967"	"ENSG00000118245"	7.54478525151981
"1968"	"ENSG00000118263"	1.10258993383268
"1969"	"ENSG00000118271"	1.72861093164281
"1970"	"ENSG00000118298"	1.66248336341339
"1971"	"ENSG00000118308"	1.31771559450771
"1972"	"ENSG00000118407"	2.75802787265594
"1973"	"ENSG00000118432"	5.20911581862557
"1974"	"ENSG00000118491"	5.45480428638235
"1975"	"ENSG00000118495"	2.78565158488113
"1976"	"ENSG00000118515"	1.12401941048084
"1977"	"ENSG00000118520"	2.61736297630818
"1978"	"ENSG00000118526"	5.24436451476013
"1979"	"ENSG00000118596"	2.54286136103142
"1980"	"ENSG00000118640"	2.236003196841
"1981"	"ENSG00000118655"	1.21867813140044
"1982"	"ENSG00000118705"	1.87173923192375
"1983"	"ENSG00000118729"	4.34660102025529
"1984"	"ENSG00000118762"	1.60099215742844
"1985"	"ENSG00000118785"	1.69433441238105
"1986"	"ENSG00000118804"	4.99872337076754
"1987"	"ENSG00000118898"	1.26038535203144
"1988"	"ENSG00000118939"	2.83671486831876
"1989"	"ENSG00000118946"	1.42173669866334
"1990"	"ENSG00000119004"	1.60536625326638
"1991"	"ENSG00000119013"	1.37388359190905
"1992"	"ENSG00000119042"	1.20380534023327
"1993"	"ENSG00000119121"	3.89544952224196
"1994"	"ENSG00000119125"	2.10473193204492
"1995"	"ENSG00000119138"	2.37719790846819
"1996"	"ENSG00000119139"	6.81690762222766
"1997"	"ENSG00000119147"	5.41733426870917
"1998"	"ENSG00000119185"	1.11966555140364
"1999"	"ENSG00000119203"	1.58074185136341
"2000"	"ENSG00000119227"	1.15523321562729
"2001"	"ENSG00000119280"	1.05542598799555
"2002"	"ENSG00000119314"	1.27784489891765
"2003"	"ENSG00000119318"	1.18108678911325
"2004"	"ENSG00000119333"	2.29708757584854
"2005"	"ENSG00000119335"	1.50601588623107
"2006"	"ENSG00000119383"	1.84287706497651
"2007"	"ENSG00000119392"	1.22561145514255
"2008"	"ENSG00000119401"	1.01159511441199
"2009"	"ENSG00000119408"	1.81231308929511
"2010"	"ENSG00000119411"	2.11550457460626
"2011"	"ENSG00000119421"	1.26414784084129
"2012"	"ENSG00000119440"	1.22738831228852
"2013"	"ENSG00000119508"	2.5640421197492
"2014"	"ENSG00000119523"	1.22947415706856
"2015"	"ENSG00000119547"	6.29910407174476
"2016"	"ENSG00000119608"	1.72312076059747
"2017"	"ENSG00000119614"	1.94504771026555
"2018"	"ENSG00000119688"	1.01057364030211
"2019"	"ENSG00000119698"	1.24241298252972
"2020"	"ENSG00000119699"	1.08455159136626
"2021"	"ENSG00000119705"	1.09604735889328
"2022"	"ENSG00000119714"	1.33991543112717
"2023"	"ENSG00000119715"	1.01697905268682
"2024"	"ENSG00000119725"	5.76434235032048
"2025"	"ENSG00000119771"	3.62650693757224
"2026"	"ENSG00000119772"	1.10993664539062
"2027"	"ENSG00000119782"	1.80104830977707
"2028"	"ENSG00000119812"	1.47034560662002
"2029"	"ENSG00000119844"	1.2400198513757
"2030"	"ENSG00000119865"	2.19678537755415
"2031"	"ENSG00000119878"	1.20650176819242
"2032"	"ENSG00000119888"	4.19927733005763
"2033"	"ENSG00000119912"	1.4107732637237
"2034"	"ENSG00000119915"	1.64178668351307
"2035"	"ENSG00000119917"	1.62247978118111
"2036"	"ENSG00000119922"	2.09985463102828
"2037"	"ENSG00000119927"	3.7602656064891
"2038"	"ENSG00000119929"	1.10468257657349
"2039"	"ENSG00000119943"	1.2920753852317
"2040"	"ENSG00000119969"	2.69952288119534
"2041"	"ENSG00000119986"	1.41949912158012
"2042"	"ENSG00000120049"	5.75865947947762
"2043"	"ENSG00000120053"	1.7186711188581
"2044"	"ENSG00000120055"	2.88624230919842
"2045"	"ENSG00000120057"	6.24305446739914
"2046"	"ENSG00000120063"	1.13334295976656
"2047"	"ENSG00000120075"	1.27253961675285
"2048"	"ENSG00000120088"	7.1439458771546
"2049"	"ENSG00000120129"	3.01162343242319
"2050"	"ENSG00000120149"	2.16782443947698
"2051"	"ENSG00000120156"	2.2674569258265
"2052"	"ENSG00000120160"	4.6798854738219
"2053"	"ENSG00000120162"	2.03995352729716
"2054"	"ENSG00000120251"	1.46583933893609
"2055"	"ENSG00000120256"	3.69617110782282
"2056"	"ENSG00000120278"	1.85426631689143
"2057"	"ENSG00000120279"	2.5167357282734
"2058"	"ENSG00000120280"	1.91731824127588
"2059"	"ENSG00000120318"	2.3924077039146
"2060"	"ENSG00000120322"	1.56710054526765
"2061"	"ENSG00000120328"	1.00622581680252
"2062"	"ENSG00000120329"	1.91803246823963
"2063"	"ENSG00000120332"	1.55548911768557
"2064"	"ENSG00000120334"	2.09450817439406
"2065"	"ENSG00000120337"	2.52788359550179
"2066"	"ENSG00000120341"	7.06041164215808
"2067"	"ENSG00000120437"	1.08804133879525
"2068"	"ENSG00000120457"	1.62535647263526
"2069"	"ENSG00000120458"	1.64093841115759
"2070"	"ENSG00000120498"	3.01011117442788
"2071"	"ENSG00000120509"	1.57261383104805
"2072"	"ENSG00000120645"	3.25288303891029
"2073"	"ENSG00000120659"	2.42661491400952
"2074"	"ENSG00000120664"	1.34344737467748
"2075"	"ENSG00000120675"	1.06508836634996
"2076"	"ENSG00000120693"	1.67239908883105
"2077"	"ENSG00000120694"	2.16064919388161
"2078"	"ENSG00000120696"	1.42509365098239
"2079"	"ENSG00000120729"	4.49434309132182
"2080"	"ENSG00000120738"	1.5473209085635
"2081"	"ENSG00000120742"	1.21004614785064
"2082"	"ENSG00000120756"	2.19305281399727
"2083"	"ENSG00000120784"	1.02607935886788
"2084"	"ENSG00000120798"	1.18591968090942
"2085"	"ENSG00000120802"	1.53136425424301
"2086"	"ENSG00000120805"	1.14147476149261
"2087"	"ENSG00000120832"	1.2141394777072
"2088"	"ENSG00000120833"	2.85239285082088
"2089"	"ENSG00000120875"	1.28708745529617
"2090"	"ENSG00000120889"	1.07111150732595
"2091"	"ENSG00000120896"	1.96252754974684
"2092"	"ENSG00000120907"	5.82234162120542
"2093"	"ENSG00000120910"	1.22753815599767
"2094"	"ENSG00000120913"	1.4350855299081
"2095"	"ENSG00000120937"	3.3468795372041
"2096"	"ENSG00000120949"	1.65461413516439
"2097"	"ENSG00000120992"	1.47379421459772
"2098"	"ENSG00000121005"	1.38051919649201
"2099"	"ENSG00000121039"	1.21806397883982
"2100"	"ENSG00000121058"	1.24750246071683
"2101"	"ENSG00000121068"	2.4655826187616
"2102"	"ENSG00000121073"	2.00628806682946
"2103"	"ENSG00000121089"	2.0596748386647
"2104"	"ENSG00000121152"	4.22836598208234
"2105"	"ENSG00000121207"	1.62580369899632
"2106"	"ENSG00000121211"	2.93889563587863
"2107"	"ENSG00000121270"	5.01933132244931
"2108"	"ENSG00000121310"	1.08121814584201
"2109"	"ENSG00000121318"	1.74623861152439
"2110"	"ENSG00000121361"	1.92513393088628
"2111"	"ENSG00000121380"	1.79017225446062
"2112"	"ENSG00000121410"	4.81953872064493
"2113"	"ENSG00000121440"	1.58772249292263
"2114"	"ENSG00000121486"	1.17015130781661
"2115"	"ENSG00000121552"	1.90547310490442
"2116"	"ENSG00000121577"	1.08618382135612
"2117"	"ENSG00000121579"	1.01683750282785
"2118"	"ENSG00000121594"	3.01947286519132
"2119"	"ENSG00000121621"	4.34149169195396
"2120"	"ENSG00000121644"	1.32193878989637
"2121"	"ENSG00000121671"	1.17756002580776
"2122"	"ENSG00000121690"	1.39713078655137
"2123"	"ENSG00000121691"	1.63765196789853
"2124"	"ENSG00000121716"	4.97585056737825
"2125"	"ENSG00000121742"	1.47842858571494
"2126"	"ENSG00000121743"	2.23263665018762
"2127"	"ENSG00000121753"	1.17790907005322
"2128"	"ENSG00000121764"	3.53518798737989
"2129"	"ENSG00000121807"	3.3600186795994
"2130"	"ENSG00000121851"	1.67166729194951
"2131"	"ENSG00000121858"	1.93926824950212
"2132"	"ENSG00000121871"	3.02781883782902
"2133"	"ENSG00000121895"	3.13138137515472
"2134"	"ENSG00000121898"	1.22156471969888
"2135"	"ENSG00000121900"	1.50374277253987
"2136"	"ENSG00000121904"	1.703162983376
"2137"	"ENSG00000121931"	1.42731580165392
"2138"	"ENSG00000121957"	1.10989408686779
"2139"	"ENSG00000121966"	1.82032533360779
"2140"	"ENSG00000121988"	1.1424733073802
"2141"	"ENSG00000122025"	2.50301667023346
"2142"	"ENSG00000122026"	1.28139550280986
"2143"	"ENSG00000122035"	1.47173697621284
"2144"	"ENSG00000122121"	3.07643544380503
"2145"	"ENSG00000122122"	1.29475052941377
"2146"	"ENSG00000122133"	3.10190002274117
"2147"	"ENSG00000122136"	2.27891504327799
"2148"	"ENSG00000122145"	1.53833569256352
"2149"	"ENSG00000122188"	2.78388946969452
"2150"	"ENSG00000122218"	1.69447123035109
"2151"	"ENSG00000122223"	1.07359948551457
"2152"	"ENSG00000122304"	10.7644590871401
"2153"	"ENSG00000122367"	3.86501155770467
"2154"	"ENSG00000122375"	4.48900754406668
"2155"	"ENSG00000122378"	1.23918051255314
"2156"	"ENSG00000122420"	4.02541909922678
"2157"	"ENSG00000122435"	1.03690578733628
"2158"	"ENSG00000122477"	1.72156995560037
"2159"	"ENSG00000122481"	3.10674504468954
"2160"	"ENSG00000122490"	1.57691949922904
"2161"	"ENSG00000122547"	2.25429133257298
"2162"	"ENSG00000122548"	3.78736392203439
"2163"	"ENSG00000122565"	1.31185175573313
"2164"	"ENSG00000122584"	7.87917510977576
"2165"	"ENSG00000122585"	6.80551553924259
"2166"	"ENSG00000122591"	2.07027900851805
"2167"	"ENSG00000122592"	1.5112707418762
"2168"	"ENSG00000122641"	4.57765279022776
"2169"	"ENSG00000122679"	2.27140564241318
"2170"	"ENSG00000122687"	7.81910111558151
"2171"	"ENSG00000122691"	1.64067238322841
"2172"	"ENSG00000122707"	1.53904456298218
"2173"	"ENSG00000122729"	1.6454195086225
"2174"	"ENSG00000122733"	3.49431712788809
"2175"	"ENSG00000122756"	4.07609757563125
"2176"	"ENSG00000122778"	1.96697669039651
"2177"	"ENSG00000122779"	1.37637960781795
"2178"	"ENSG00000122787"	5.0840434103162
"2179"	"ENSG00000122824"	1.82344370671072
"2180"	"ENSG00000122852"	1.52273007105913
"2181"	"ENSG00000122861"	2.12002960405761
"2182"	"ENSG00000122863"	1.7065024514432
"2183"	"ENSG00000122873"	1.20374170046724
"2184"	"ENSG00000122884"	1.86374026153978
"2185"	"ENSG00000122952"	4.3004137126947
"2186"	"ENSG00000122966"	2.39216760212332
"2187"	"ENSG00000122971"	2.48402159555143
"2188"	"ENSG00000123009"	1.33078282104515
"2189"	"ENSG00000123094"	1.00266855063729
"2190"	"ENSG00000123119"	2.98051085510356
"2191"	"ENSG00000123131"	1.34531554980871
"2192"	"ENSG00000123159"	1.00112623519968
"2193"	"ENSG00000123191"	1.25728344623101
"2194"	"ENSG00000123201"	2.31728728788082
"2195"	"ENSG00000123213"	1.9664710482318
"2196"	"ENSG00000123219"	2.62136513971163
"2197"	"ENSG00000123243"	4.06557201308394
"2198"	"ENSG00000123297"	5.08130257399841
"2199"	"ENSG00000123338"	1.20937688132873
"2200"	"ENSG00000123342"	2.33614051506825
"2201"	"ENSG00000123349"	7.43170073621443
"2202"	"ENSG00000123352"	1.32279358738859
"2203"	"ENSG00000123358"	3.38882302627698
"2204"	"ENSG00000123360"	2.79098142690199
"2205"	"ENSG00000123364"	5.44232868361783
"2206"	"ENSG00000123384"	1.42362379733039
"2207"	"ENSG00000123388"	5.71670497724912
"2208"	"ENSG00000123407"	6.96459470557658
"2209"	"ENSG00000123453"	1.83659675097156
"2210"	"ENSG00000123473"	3.26417224982706
"2211"	"ENSG00000123485"	4.99545139674841
"2212"	"ENSG00000123500"	9.0463657317903
"2213"	"ENSG00000123560"	4.93698669280459
"2214"	"ENSG00000123562"	1.10338831145199
"2215"	"ENSG00000123572"	1.96016314258945
"2216"	"ENSG00000123609"	1.30418496879817
"2217"	"ENSG00000123612"	4.47046999459378
"2218"	"ENSG00000123684"	1.14073180363074
"2219"	"ENSG00000123685"	1.196514150641
"2220"	"ENSG00000123689"	5.36742557296685
"2221"	"ENSG00000123700"	1.4309218013865
"2222"	"ENSG00000123728"	1.22237295859132
"2223"	"ENSG00000123836"	1.19008043801398
"2224"	"ENSG00000123838"	1.71060038469062
"2225"	"ENSG00000123892"	1.84550008253736
"2226"	"ENSG00000123975"	3.95907140848192
"2227"	"ENSG00000123983"	2.27989864665297
"2228"	"ENSG00000123989"	2.05279173605668
"2229"	"ENSG00000124003"	3.65449396634363
"2230"	"ENSG00000124019"	2.21878887766726
"2231"	"ENSG00000124067"	1.63097089229496
"2232"	"ENSG00000124097"	1.67590463548795
"2233"	"ENSG00000124098"	1.56851263452687
"2234"	"ENSG00000124102"	1.74211124752603
"2235"	"ENSG00000124103"	1.85679294180221
"2236"	"ENSG00000124104"	1.71283944478986
"2237"	"ENSG00000124107"	2.65289443896403
"2238"	"ENSG00000124116"	2.19550515202733
"2239"	"ENSG00000124134"	1.81998924156344
"2240"	"ENSG00000124143"	2.37900702024819
"2241"	"ENSG00000124155"	1.01361347951102
"2242"	"ENSG00000124164"	1.24847945733289
"2243"	"ENSG00000124171"	1.3301757359838
"2244"	"ENSG00000124172"	1.21139482057074
"2245"	"ENSG00000124194"	1.64990789518904
"2246"	"ENSG00000124205"	4.48583756542061
"2247"	"ENSG00000124207"	1.81928096025301
"2248"	"ENSG00000124209"	1.29872017077672
"2249"	"ENSG00000124212"	2.28340247448501
"2250"	"ENSG00000124214"	1.23146312971001
"2251"	"ENSG00000124216"	1.27411290320627
"2252"	"ENSG00000124217"	2.04408352144899
"2253"	"ENSG00000124222"	1.21952719373919
"2254"	"ENSG00000124224"	1.96239140495602
"2255"	"ENSG00000124225"	1.90814322623978
"2256"	"ENSG00000124226"	1.46362361760074
"2257"	"ENSG00000124232"	2.74171326495807
"2258"	"ENSG00000124243"	1.84134478761913
"2259"	"ENSG00000124253"	6.00661364395265
"2260"	"ENSG00000124256"	2.43620313902121
"2261"	"ENSG00000124257"	2.15520321354526
"2262"	"ENSG00000124334"	2.16164044825803
"2263"	"ENSG00000124357"	1.24722817722924
"2264"	"ENSG00000124429"	3.54135108526235
"2265"	"ENSG00000124440"	8.10131722193185
"2266"	"ENSG00000124466"	2.6050197839639
"2267"	"ENSG00000124469"	2.5705839972918
"2268"	"ENSG00000124486"	1.28488263808749
"2269"	"ENSG00000124490"	2.09704785828604
"2270"	"ENSG00000124491"	1.40798678987827
"2271"	"ENSG00000124493"	3.82559527953604
"2272"	"ENSG00000124496"	1.21279879593785
"2273"	"ENSG00000124507"	2.28702503065327
"2274"	"ENSG00000124541"	1.22386804377492
"2275"	"ENSG00000124549"	1.21100865719344
"2276"	"ENSG00000124557"	3.67028144913807
"2277"	"ENSG00000124562"	1.15181541467447
"2278"	"ENSG00000124571"	1.0785467569531
"2279"	"ENSG00000124575"	1.0230415002249
"2280"	"ENSG00000124593"	3.54309736069601
"2281"	"ENSG00000124614"	8.66219217367703
"2282"	"ENSG00000124615"	3.03795655161359
"2283"	"ENSG00000124635"	3.92594828999821
"2284"	"ENSG00000124641"	1.34204086388371
"2285"	"ENSG00000124657"	5.79813224375713
"2286"	"ENSG00000124659"	1.27106281850845
"2287"	"ENSG00000124664"	2.58675989530994
"2288"	"ENSG00000124678"	1.09049557651228
"2289"	"ENSG00000124688"	1.18214388379975
"2290"	"ENSG00000124701"	1.58162827162411
"2291"	"ENSG00000124713"	1.17374173770376
"2292"	"ENSG00000124721"	3.420279639732
"2293"	"ENSG00000124731"	2.24375984785151
"2294"	"ENSG00000124743"	2.11673999125194
"2295"	"ENSG00000124762"	1.26359818652366
"2296"	"ENSG00000124766"	2.19761855776734
"2297"	"ENSG00000124767"	1.78605335170469
"2298"	"ENSG00000124783"	1.47087279392434
"2299"	"ENSG00000124785"	2.51463628584669
"2300"	"ENSG00000124787"	1.4129484490466
"2301"	"ENSG00000124813"	1.24582009192258
"2302"	"ENSG00000124839"	1.31475358921855
"2303"	"ENSG00000124935"	1.87615497005096
"2304"	"ENSG00000124939"	2.37637283314223
"2305"	"ENSG00000125148"	1.20265204358854
"2306"	"ENSG00000125166"	1.48548948505826
"2307"	"ENSG00000125245"	2.40903593736346
"2308"	"ENSG00000125246"	1.08607141170907
"2309"	"ENSG00000125247"	1.54153559953067
"2310"	"ENSG00000125257"	2.62683228167895
"2311"	"ENSG00000125266"	1.42337860855557
"2312"	"ENSG00000125304"	1.61266342559465
"2313"	"ENSG00000125337"	1.62887671220174
"2314"	"ENSG00000125352"	1.05622232567305
"2315"	"ENSG00000125354"	1.2307356651998
"2316"	"ENSG00000125356"	1.32839760147684
"2317"	"ENSG00000125384"	1.50407976937822
"2318"	"ENSG00000125398"	1.43886991303781
"2319"	"ENSG00000125414"	5.49992890038388
"2320"	"ENSG00000125445"	1.07611273424703
"2321"	"ENSG00000125449"	1.00345623918371
"2322"	"ENSG00000125462"	1.00075984251844
"2323"	"ENSG00000125484"	1.72717039875465
"2324"	"ENSG00000125503"	1.63574672608401
"2325"	"ENSG00000125505"	1.94183277385947
"2326"	"ENSG00000125508"	4.19805445790382
"2327"	"ENSG00000125510"	3.45653953098595
"2328"	"ENSG00000125534"	1.25412450375668
"2329"	"ENSG00000125538"	2.46443972846109
"2330"	"ENSG00000125629"	1.01849622902221
"2331"	"ENSG00000125630"	1.48835157372346
"2332"	"ENSG00000125637"	1.17896475257172
"2333"	"ENSG00000125675"	1.60523299636252
"2334"	"ENSG00000125686"	3.33826808931216
"2335"	"ENSG00000125726"	1.4562483806859
"2336"	"ENSG00000125730"	1.06722153759124
"2337"	"ENSG00000125733"	2.0055790846251
"2338"	"ENSG00000125735"	1.54670941766002
"2339"	"ENSG00000125740"	1.83754662205544
"2340"	"ENSG00000125780"	6.86422798716268
"2341"	"ENSG00000125810"	1.28222339677134
"2342"	"ENSG00000125813"	2.87139194246187
"2343"	"ENSG00000125834"	1.01829564873278
"2344"	"ENSG00000125844"	1.40223982074472
"2345"	"ENSG00000125845"	3.93135494300335
"2346"	"ENSG00000125848"	2.39531994545257
"2347"	"ENSG00000125850"	1.18435612396389
"2348"	"ENSG00000125864"	1.61263015157603
"2349"	"ENSG00000125869"	4.07749133576592
"2350"	"ENSG00000125870"	1.23731879196347
"2351"	"ENSG00000125871"	1.13443896479247
"2352"	"ENSG00000125878"	3.06407814287609
"2353"	"ENSG00000125879"	5.43608943376436
"2354"	"ENSG00000125895"	2.7244237841507
"2355"	"ENSG00000125898"	2.26778083739303
"2356"	"ENSG00000125931"	6.75957510906949
"2357"	"ENSG00000125965"	2.80908217523962
"2358"	"ENSG00000125968"	2.91079592616193
"2359"	"ENSG00000125971"	2.81739416872057
"2360"	"ENSG00000125991"	1.03463391300894
"2361"	"ENSG00000125995"	1.19655920702249
"2362"	"ENSG00000125998"	2.48470463300321
"2363"	"ENSG00000125999"	6.85794979166046
"2364"	"ENSG00000126001"	1.02099777427885
"2365"	"ENSG00000126003"	1.39817930365796
"2366"	"ENSG00000126016"	1.47557473895177
"2367"	"ENSG00000126067"	1.26198686717558
"2368"	"ENSG00000126091"	4.51428813730598
"2369"	"ENSG00000126214"	2.99532190114584
"2370"	"ENSG00000126217"	1.36130199462045
"2371"	"ENSG00000126218"	3.20204310944035
"2372"	"ENSG00000126231"	1.90322389676795
"2373"	"ENSG00000126233"	4.16830169428804
"2374"	"ENSG00000126246"	3.22672701875168
"2375"	"ENSG00000126251"	4.10685335273623
"2376"	"ENSG00000126266"	2.32813374729629
"2377"	"ENSG00000126267"	1.53536066536964
"2378"	"ENSG00000126353"	1.37635063977281
"2379"	"ENSG00000126368"	2.26867486039698
"2380"	"ENSG00000126432"	1.03252948508501
"2381"	"ENSG00000126453"	1.45404115194602
"2382"	"ENSG00000126458"	1.22743970031385
"2383"	"ENSG00000126460"	1.39901471959401
"2384"	"ENSG00000126467"	2.62849591962166
"2385"	"ENSG00000126500"	1.45317423329968
"2386"	"ENSG00000126522"	1.11190504390886
"2387"	"ENSG00000126545"	7.78798028324753
"2388"	"ENSG00000126561"	1.88962986526603
"2389"	"ENSG00000126709"	3.16173649733403
"2390"	"ENSG00000126733"	2.40671462426418
"2391"	"ENSG00000126759"	3.76080390122835
"2392"	"ENSG00000126767"	1.05806985445647
"2393"	"ENSG00000126768"	1.13411671554796
"2394"	"ENSG00000126778"	2.94538759771192
"2395"	"ENSG00000126785"	1.90026110677148
"2396"	"ENSG00000126787"	5.67264502677209
"2397"	"ENSG00000126790"	2.0908259405382
"2398"	"ENSG00000126803"	1.79512034050256
"2399"	"ENSG00000126838"	2.78274973527555
"2400"	"ENSG00000126861"	1.42694646932299
"2401"	"ENSG00000126882"	1.28016107283967
"2402"	"ENSG00000126895"	4.06461390300543
"2403"	"ENSG00000126950"	1.83234204451062
"2404"	"ENSG00000126952"	1.40672433793009
"2405"	"ENSG00000126953"	1.33193071839069
"2406"	"ENSG00000127022"	1.41230507087739
"2407"	"ENSG00000127125"	1.05074926719435
"2408"	"ENSG00000127129"	1.19780312523924
"2409"	"ENSG00000127152"	1.58631791583695
"2410"	"ENSG00000127191"	1.12995425937695
"2411"	"ENSG00000127241"	4.21260969225121
"2412"	"ENSG00000127249"	3.55493864528426
"2413"	"ENSG00000127252"	3.03204058128483
"2414"	"ENSG00000127311"	1.55250633280634
"2415"	"ENSG00000127324"	2.56224105910217
"2416"	"ENSG00000127325"	1.04334063717346
"2417"	"ENSG00000127328"	1.61673464172683
"2418"	"ENSG00000127329"	2.60220064050778
"2419"	"ENSG00000127334"	1.26164238373876
"2420"	"ENSG00000127362"	1.76656318712806
"2421"	"ENSG00000127366"	2.16099376337559
"2422"	"ENSG00000127415"	1.59217156922364
"2423"	"ENSG00000127418"	1.28882352589754
"2424"	"ENSG00000127423"	4.01010392540048
"2425"	"ENSG00000127472"	1.41004840616955
"2426"	"ENSG00000127511"	1.58024551633211
"2427"	"ENSG00000127526"	1.16378342431979
"2428"	"ENSG00000127528"	2.53662974127701
"2429"	"ENSG00000127533"	2.80004797603558
"2430"	"ENSG00000127540"	1.95899554219262
"2431"	"ENSG00000127561"	2.91356563926436
"2432"	"ENSG00000127564"	4.72041305014256
"2433"	"ENSG00000127585"	2.18618960936033
"2434"	"ENSG00000127589"	1.7866401027569
"2435"	"ENSG00000127616"	1.33689018530056
"2436"	"ENSG00000127743"	2.34898439682269
"2437"	"ENSG00000127774"	4.83238634354471
"2438"	"ENSG00000127824"	1.3070820624927
"2439"	"ENSG00000127831"	1.55593877573883
"2440"	"ENSG00000127838"	1.51480511585056
"2441"	"ENSG00000127863"	1.5124101402794
"2442"	"ENSG00000127920"	2.8258665477265
"2443"	"ENSG00000127922"	1.19698322768702
"2444"	"ENSG00000127952"	1.67062759908611
"2445"	"ENSG00000127954"	2.15470224281269
"2446"	"ENSG00000127955"	1.96455872444115
"2447"	"ENSG00000127957"	1.39885665447061
"2448"	"ENSG00000128011"	1.4269868929451
"2449"	"ENSG00000128016"	3.00106500726223
"2450"	"ENSG00000128039"	2.52651962617777
"2451"	"ENSG00000128040"	1.21876656033386
"2452"	"ENSG00000128045"	2.92657826511544
"2453"	"ENSG00000128050"	2.10104979220121
"2454"	"ENSG00000128052"	1.27167207619481
"2455"	"ENSG00000128059"	1.77218682011797
"2456"	"ENSG00000128159"	1.77209480536937
"2457"	"ENSG00000128165"	4.16009298487386
"2458"	"ENSG00000128203"	1.70870318899094
"2459"	"ENSG00000128218"	2.59961386307664
"2460"	"ENSG00000128242"	1.59080502909452
"2461"	"ENSG00000128253"	2.06347921479428
"2462"	"ENSG00000128262"	3.03666822524793
"2463"	"ENSG00000128266"	1.33720323665371
"2464"	"ENSG00000128268"	3.00987634904512
"2465"	"ENSG00000128271"	4.89143342827538
"2466"	"ENSG00000128274"	2.18048996979918
"2467"	"ENSG00000128284"	1.28231672847144
"2468"	"ENSG00000128285"	2.81912526197363
"2469"	"ENSG00000128298"	1.48003324380077
"2470"	"ENSG00000128313"	1.62364055278343
"2471"	"ENSG00000128340"	2.0084274474103
"2472"	"ENSG00000128394"	1.92948633277108
"2473"	"ENSG00000128408"	4.06886774139666
"2474"	"ENSG00000128422"	3.29748941649824
"2475"	"ENSG00000128482"	2.6264216250466
"2476"	"ENSG00000128510"	2.34562682636337
"2477"	"ENSG00000128536"	1.411327926074
"2478"	"ENSG00000128564"	3.54413261998329
"2479"	"ENSG00000128573"	1.94081409709526
"2480"	"ENSG00000128581"	1.30154312325595
"2481"	"ENSG00000128591"	2.01467253184225
"2482"	"ENSG00000128594"	1.53461813091545
"2483"	"ENSG00000128595"	1.32350736433486
"2484"	"ENSG00000128596"	1.10631038247913
"2485"	"ENSG00000128617"	4.38186915338095
"2486"	"ENSG00000128626"	1.48053986542466
"2487"	"ENSG00000128645"	1.62048251304963
"2488"	"ENSG00000128652"	3.22276456475444
"2489"	"ENSG00000128655"	1.58332279049583
"2490"	"ENSG00000128708"	1.05533234422556
"2491"	"ENSG00000128709"	2.09022214158927
"2492"	"ENSG00000128710"	1.77155653480983
"2493"	"ENSG00000128714"	1.48092923333038
"2494"	"ENSG00000128739"	3.19724465965958
"2495"	"ENSG00000128815"	1.62020365174396
"2496"	"ENSG00000128872"	1.16565078652104
"2497"	"ENSG00000128881"	1.32457779485263
"2498"	"ENSG00000128886"	3.06512547535869
"2499"	"ENSG00000128917"	1.93332560671972
"2500"	"ENSG00000128918"	3.09893733194622
"2501"	"ENSG00000128944"	2.00959263685056
"2502"	"ENSG00000128965"	1.78711549090339
"2503"	"ENSG00000129007"	6.30112685698708
"2504"	"ENSG00000129038"	1.75297854372586
"2505"	"ENSG00000129084"	2.39002827156759
"2506"	"ENSG00000129167"	1.47777676632759
"2507"	"ENSG00000129170"	5.21359918640008
"2508"	"ENSG00000129173"	4.969531623144
"2509"	"ENSG00000129195"	4.449519527482
"2510"	"ENSG00000129204"	3.67838332018805
"2511"	"ENSG00000129226"	11.2281370196649
"2512"	"ENSG00000129235"	1.93408450320404
"2513"	"ENSG00000129244"	2.87913817822968
"2514"	"ENSG00000129295"	1.60322379279084
"2515"	"ENSG00000129354"	2.99261296647724
"2516"	"ENSG00000129451"	1.11231342601764
"2517"	"ENSG00000129455"	3.17628546139583
"2518"	"ENSG00000129465"	1.95365369736003
"2519"	"ENSG00000129467"	4.24829778441142
"2520"	"ENSG00000129473"	1.03746662872195
"2521"	"ENSG00000129480"	1.06332819459547
"2522"	"ENSG00000129514"	3.04010723460843
"2523"	"ENSG00000129521"	2.72523632694543
"2524"	"ENSG00000129559"	1.18206538870328
"2525"	"ENSG00000129596"	4.33574418192666
"2526"	"ENSG00000129625"	1.18167348014788
"2527"	"ENSG00000129654"	6.46750869278289
"2528"	"ENSG00000129657"	1.10103449289917
"2529"	"ENSG00000129680"	2.63477801780335
"2530"	"ENSG00000129682"	1.28910280807171
"2531"	"ENSG00000129757"	3.05901680573326
"2532"	"ENSG00000129810"	5.31396909451837
"2533"	"ENSG00000129824"	11.5283491419533
"2534"	"ENSG00000129910"	1.18931678037529
"2535"	"ENSG00000129911"	1.11702889403901
"2536"	"ENSG00000129946"	1.63275267667227
"2537"	"ENSG00000129951"	1.77393168769161
"2538"	"ENSG00000129988"	4.26198897470348
"2539"	"ENSG00000129990"	4.51195524245558
"2540"	"ENSG00000129991"	1.81227036071236
"2541"	"ENSG00000129993"	1.12963223519961
"2542"	"ENSG00000130005"	1.12509942435326
"2543"	"ENSG00000130021"	1.42384069937036
"2544"	"ENSG00000130032"	3.27644968440365
"2545"	"ENSG00000130035"	2.48625811723752
"2546"	"ENSG00000130037"	1.68410004322894
"2547"	"ENSG00000130045"	2.13182196492778
"2548"	"ENSG00000130052"	2.12679260285473
"2549"	"ENSG00000130054"	3.27572272890056
"2550"	"ENSG00000130055"	4.36501073678607
"2551"	"ENSG00000130119"	3.09215342393455
"2552"	"ENSG00000130147"	1.71375035727321
"2553"	"ENSG00000130158"	2.03682909427893
"2554"	"ENSG00000130173"	7.54146054043768
"2555"	"ENSG00000130176"	2.65634914393341
"2556"	"ENSG00000130193"	1.7055341631386
"2557"	"ENSG00000130202"	1.01530483249808
"2558"	"ENSG00000130224"	2.15236460026307
"2559"	"ENSG00000130226"	2.73661871241627
"2560"	"ENSG00000130234"	2.57667768017655
"2561"	"ENSG00000130294"	4.10372997943384
"2562"	"ENSG00000130300"	1.45774588390792
"2563"	"ENSG00000130303"	1.0252902110114
"2564"	"ENSG00000130304"	1.25372273982896
"2565"	"ENSG00000130307"	4.42282340126217
"2566"	"ENSG00000130338"	1.41344642947693
"2567"	"ENSG00000130347"	1.84681987312992
"2568"	"ENSG00000130348"	1.23845668865332
"2569"	"ENSG00000130349"	1.56140021491117
"2570"	"ENSG00000130377"	1.60989704934135
"2571"	"ENSG00000130413"	1.85114436469717
"2572"	"ENSG00000130427"	5.55338869256789
"2573"	"ENSG00000130429"	6.54016168217849
"2574"	"ENSG00000130433"	3.1163441753912
"2575"	"ENSG00000130475"	1.10587535856639
"2576"	"ENSG00000130477"	1.91000754280256
"2577"	"ENSG00000130487"	5.75083648331094
"2578"	"ENSG00000130520"	1.56935397293251
"2579"	"ENSG00000130522"	1.30744472993516
"2580"	"ENSG00000130528"	3.15465107682441
"2581"	"ENSG00000130544"	1.16516236667448
"2582"	"ENSG00000130545"	2.55827914297278
"2583"	"ENSG00000130558"	1.67261766009049
"2584"	"ENSG00000130584"	1.62948122532631
"2585"	"ENSG00000130590"	1.53162522271605
"2586"	"ENSG00000130595"	4.86662075127255
"2587"	"ENSG00000130598"	2.23559222373317
"2588"	"ENSG00000130600"	1.02774693721917
"2589"	"ENSG00000130635"	2.35234909840206
"2590"	"ENSG00000130649"	1.8213656395287
"2591"	"ENSG00000130653"	2.29484167587805
"2592"	"ENSG00000130656"	4.28132475956034
"2593"	"ENSG00000130669"	2.05307741309768
"2594"	"ENSG00000130675"	5.92477013529638
"2595"	"ENSG00000130684"	1.36825419054149
"2596"	"ENSG00000130695"	1.21752054710721
"2597"	"ENSG00000130700"	4.18514133977906
"2598"	"ENSG00000130701"	2.09628674138748
"2599"	"ENSG00000130702"	1.31614162297524
"2600"	"ENSG00000130720"	4.66001651869051
"2601"	"ENSG00000130726"	1.12002987843331
"2602"	"ENSG00000130741"	1.63062472001606
"2603"	"ENSG00000130762"	1.06975295196951
"2604"	"ENSG00000130768"	2.21084572752655
"2605"	"ENSG00000130770"	1.32361651945704
"2606"	"ENSG00000130772"	1.29324353413825
"2607"	"ENSG00000130810"	2.8652765399379
"2608"	"ENSG00000130816"	1.07640885941087
"2609"	"ENSG00000130822"	1.77255983813983
"2610"	"ENSG00000130826"	1.31125550584581
"2611"	"ENSG00000130829"	1.75639611271133
"2612"	"ENSG00000130844"	1.36333132294437
"2613"	"ENSG00000130876"	5.80904294136799
"2614"	"ENSG00000130935"	1.4830054862014
"2615"	"ENSG00000130948"	8.56725742990925
"2616"	"ENSG00000130956"	1.82482552014112
"2617"	"ENSG00000130958"	2.65540666571789
"2618"	"ENSG00000130985"	1.11959659524658
"2619"	"ENSG00000130988"	2.81648754229919
"2620"	"ENSG00000130997"	2.00748015654242
"2621"	"ENSG00000131002"	11.2188516195445
"2622"	"ENSG00000131015"	2.17713420744243
"2623"	"ENSG00000131016"	3.85612780467095
"2624"	"ENSG00000131018"	1.77407027308083
"2625"	"ENSG00000131019"	3.08362380418537
"2626"	"ENSG00000131037"	1.16296492727584
"2627"	"ENSG00000131044"	1.25592398290703
"2628"	"ENSG00000131055"	1.79429261376081
"2629"	"ENSG00000131067"	1.27669003082618
"2630"	"ENSG00000131069"	1.2090969762176
"2631"	"ENSG00000131080"	1.53548163819114
"2632"	"ENSG00000131095"	4.06070302365851
"2633"	"ENSG00000131096"	1.23286344306781
"2634"	"ENSG00000131097"	1.77051034366718
"2635"	"ENSG00000131153"	3.67344163444674
"2636"	"ENSG00000131171"	1.26885795088926
"2637"	"ENSG00000131174"	1.16640149654015
"2638"	"ENSG00000131187"	3.30072377669157
"2639"	"ENSG00000131188"	1.31400918787144
"2640"	"ENSG00000131196"	1.1332190801865
"2641"	"ENSG00000131203"	3.31658670872937
"2642"	"ENSG00000131233"	3.23075125161733
"2643"	"ENSG00000131236"	1.12712716381611
"2644"	"ENSG00000131238"	1.96252051407444
"2645"	"ENSG00000131242"	2.66114605850015
"2646"	"ENSG00000131351"	1.4856210837797
"2647"	"ENSG00000131370"	2.21277139358661
"2648"	"ENSG00000131386"	4.92516144350315
"2649"	"ENSG00000131400"	1.44000196024888
"2650"	"ENSG00000131401"	3.15259448027957
"2651"	"ENSG00000131409"	2.78655815239403
"2652"	"ENSG00000131435"	1.69043397224314
"2653"	"ENSG00000131459"	1.50874105390313
"2654"	"ENSG00000131462"	1.07064777402013
"2655"	"ENSG00000131471"	3.96024980666412
"2656"	"ENSG00000131477"	2.38856321038501
"2657"	"ENSG00000131480"	2.50129166404711
"2658"	"ENSG00000131503"	6.48066519251476
"2659"	"ENSG00000131634"	1.54688618312878
"2660"	"ENSG00000131650"	5.167625749097
"2661"	"ENSG00000131668"	2.10843135833949
"2662"	"ENSG00000131686"	3.87820859932834
"2663"	"ENSG00000131724"	1.53523294955355
"2664"	"ENSG00000131730"	1.53975943893599
"2665"	"ENSG00000131747"	6.48862615526722
"2666"	"ENSG00000131748"	2.6594522655237
"2667"	"ENSG00000131759"	1.14663208608989
"2668"	"ENSG00000131771"	4.22424253984952
"2669"	"ENSG00000131778"	6.51253637569081
"2670"	"ENSG00000131779"	1.10516713141516
"2671"	"ENSG00000131831"	2.75693421136183
"2672"	"ENSG00000131844"	1.46446141022362
"2673"	"ENSG00000131885"	2.32448305317178
"2674"	"ENSG00000131941"	1.16244555537678
"2675"	"ENSG00000131943"	1.25336954794247
"2676"	"ENSG00000131944"	1.87489318939306
"2677"	"ENSG00000131969"	1.10492117004221
"2678"	"ENSG00000131979"	1.28673213555628
"2679"	"ENSG00000132000"	1.38267735321414
"2680"	"ENSG00000132002"	1.16032856434868
"2681"	"ENSG00000132010"	3.28196432978442
"2682"	"ENSG00000132031"	1.34082915988374
"2683"	"ENSG00000132155"	1.16083279387254
"2684"	"ENSG00000132164"	4.78061177251216
"2685"	"ENSG00000132170"	4.09602031720357
"2686"	"ENSG00000132182"	2.87631120198045
"2687"	"ENSG00000132185"	3.81374689787997
"2688"	"ENSG00000132205"	1.08421839292478
"2689"	"ENSG00000132207"	6.04869925084497
"2690"	"ENSG00000132254"	1.01377759420929
"2691"	"ENSG00000132294"	1.39772251194946
"2692"	"ENSG00000132305"	1.0532327207191
"2693"	"ENSG00000132313"	1.06157784391728
"2694"	"ENSG00000132330"	2.92541821627089
"2695"	"ENSG00000132341"	1.15869817101806
"2696"	"ENSG00000132357"	1.03976424192173
"2697"	"ENSG00000132386"	1.49116117702957
"2698"	"ENSG00000132424"	2.09058241988525
"2699"	"ENSG00000132432"	1.35194995616392
"2700"	"ENSG00000132434"	1.40210428206404
"2701"	"ENSG00000132436"	1.50343695102216
"2702"	"ENSG00000132437"	5.35707938395306
"2703"	"ENSG00000132463"	1.26004044266842
"2704"	"ENSG00000132464"	1.54699418862178
"2705"	"ENSG00000132465"	1.09545801894745
"2706"	"ENSG00000132485"	1.2397990471595
"2707"	"ENSG00000132518"	2.9348829703236
"2708"	"ENSG00000132522"	7.90718191383262
"2709"	"ENSG00000132530"	1.41099247454627
"2710"	"ENSG00000132535"	1.43337047786734
"2711"	"ENSG00000132554"	1.18612785479374
"2712"	"ENSG00000132561"	1.36135989060748
"2713"	"ENSG00000132563"	1.46058018317738
"2714"	"ENSG00000132570"	1.16011362572892
"2715"	"ENSG00000132581"	1.28566819912241
"2716"	"ENSG00000132591"	1.36801429094126
"2717"	"ENSG00000132603"	1.01069073996724
"2718"	"ENSG00000132622"	2.82536577136271
"2719"	"ENSG00000132623"	2.0636253478444
"2720"	"ENSG00000132635"	1.25556209997349
"2721"	"ENSG00000132646"	2.40126464390416
"2722"	"ENSG00000132676"	1.45209010553327
"2723"	"ENSG00000132677"	3.65679490451254
"2724"	"ENSG00000132681"	1.26011706400789
"2725"	"ENSG00000132688"	1.35495702530288
"2726"	"ENSG00000132693"	4.5274796933196
"2727"	"ENSG00000132698"	3.16020697954443
"2728"	"ENSG00000132702"	4.3314721981829
"2729"	"ENSG00000132704"	2.16876808056084
"2730"	"ENSG00000132716"	1.91914141179009
"2731"	"ENSG00000132744"	4.61100234342935
"2732"	"ENSG00000132746"	3.16742899801419
"2733"	"ENSG00000132749"	1.36231447659126
"2734"	"ENSG00000132763"	1.17791650100538
"2735"	"ENSG00000132781"	4.73388109491963
"2736"	"ENSG00000132793"	2.15458615650138
"2737"	"ENSG00000132801"	1.39729190231859
"2738"	"ENSG00000132821"	4.5456281699254
"2739"	"ENSG00000132825"	1.76728072588854
"2740"	"ENSG00000132837"	2.23785203902357
"2741"	"ENSG00000132840"	2.54114870612055
"2742"	"ENSG00000132846"	1.37885513545592
"2743"	"ENSG00000132849"	1.09078407237681
"2744"	"ENSG00000132854"	1.36898147885869
"2745"	"ENSG00000132855"	1.51788897405373
"2746"	"ENSG00000132874"	2.09825604431152
"2747"	"ENSG00000132879"	1.16262392338605
"2748"	"ENSG00000132932"	3.81072049486565
"2749"	"ENSG00000132938"	2.06824725664829
"2750"	"ENSG00000132964"	1.10297995779413
"2751"	"ENSG00000132967"	2.2883595046248
"2752"	"ENSG00000132970"	3.04124749477108
"2753"	"ENSG00000133027"	3.14351146632879
"2754"	"ENSG00000133030"	1.21822522145683
"2755"	"ENSG00000133055"	2.42926150511069
"2756"	"ENSG00000133063"	1.55696649522701
"2757"	"ENSG00000133067"	2.22820656253285
"2758"	"ENSG00000133083"	1.90934476333692
"2759"	"ENSG00000133104"	1.24325987371917
"2760"	"ENSG00000133105"	5.64643830911363
"2761"	"ENSG00000133106"	1.44683305355856
"2762"	"ENSG00000133110"	3.45384348924222
"2763"	"ENSG00000133116"	3.22426160534188
"2764"	"ENSG00000133119"	1.63440585500262
"2765"	"ENSG00000133121"	1.21824851873999
"2766"	"ENSG00000133131"	1.38741261944173
"2767"	"ENSG00000133195"	2.61364603175698
"2768"	"ENSG00000133216"	1.22972592980757
"2769"	"ENSG00000133302"	1.18830208354504
"2770"	"ENSG00000133313"	1.2511216614386
"2771"	"ENSG00000133317"	2.87439506518673
"2772"	"ENSG00000133321"	2.60333523520378
"2773"	"ENSG00000133328"	3.43343153413901
"2774"	"ENSG00000133392"	3.7249692169124
"2775"	"ENSG00000133422"	1.06184490077261
"2776"	"ENSG00000133433"	1.36773258520446
"2777"	"ENSG00000133466"	1.9581020199474
"2778"	"ENSG00000133519"	1.35732396558308
"2779"	"ENSG00000133561"	1.33881760772397
"2780"	"ENSG00000133624"	1.87129369801472
"2781"	"ENSG00000133640"	1.14674343573583
"2782"	"ENSG00000133665"	1.92207086966694
"2783"	"ENSG00000133678"	2.09303125160222
"2784"	"ENSG00000133687"	2.29899403064689
"2785"	"ENSG00000133710"	1.03976899728623
"2786"	"ENSG00000133739"	1.45081810089208
"2787"	"ENSG00000133742"	4.46486878599622
"2788"	"ENSG00000133794"	1.39719434758092
"2789"	"ENSG00000133800"	5.48527653829639
"2790"	"ENSG00000133816"	2.05615883416652
"2791"	"ENSG00000133874"	1.21564125374519
"2792"	"ENSG00000133878"	1.08073590560863
"2793"	"ENSG00000133935"	1.48348343633512
"2794"	"ENSG00000133937"	1.99921469445379
"2795"	"ENSG00000133962"	1.89689572657744
"2796"	"ENSG00000133983"	2.56983718911131
"2797"	"ENSG00000133985"	2.78716618557639
"2798"	"ENSG00000134007"	1.76304185329549
"2799"	"ENSG00000134020"	2.69290283679826
"2800"	"ENSG00000134028"	3.61596291274806
"2801"	"ENSG00000134030"	1.55826323214568
"2802"	"ENSG00000134057"	4.32414003090264
"2803"	"ENSG00000134058"	1.06218091955358
"2804"	"ENSG00000134061"	2.18875021482389
"2805"	"ENSG00000134070"	1.46977044245764
"2806"	"ENSG00000134072"	5.66228713424268
"2807"	"ENSG00000134077"	1.12704448579888
"2808"	"ENSG00000134121"	2.96663392352612
"2809"	"ENSG00000134138"	1.63682381204341
"2810"	"ENSG00000134160"	1.81031406714745
"2811"	"ENSG00000134201"	3.04777164372055
"2812"	"ENSG00000134207"	1.18437847073274
"2813"	"ENSG00000134215"	2.13382514366555
"2814"	"ENSG00000134222"	1.98885370938306
"2815"	"ENSG00000134240"	2.91786032451434
"2816"	"ENSG00000134242"	1.25871836048726
"2817"	"ENSG00000134245"	2.49580499662752
"2818"	"ENSG00000134247"	1.89332445317562
"2819"	"ENSG00000134256"	1.71692698869222
"2820"	"ENSG00000134258"	1.03814953515452
"2821"	"ENSG00000134259"	2.45863805887162
"2822"	"ENSG00000134291"	1.67295409028394
"2823"	"ENSG00000134308"	1.13871327723243
"2824"	"ENSG00000134318"	1.09054412397126
"2825"	"ENSG00000134321"	2.54086431282026
"2826"	"ENSG00000134323"	3.83495010945849
"2827"	"ENSG00000134324"	1.81141247281416
"2828"	"ENSG00000134326"	1.38854673293561
"2829"	"ENSG00000134339"	5.51167702153813
"2830"	"ENSG00000134352"	1.06061622423668
"2831"	"ENSG00000134363"	1.02673857483075
"2832"	"ENSG00000134375"	1.31898207316304
"2833"	"ENSG00000134376"	1.4920969588662
"2834"	"ENSG00000134398"	1.36111617817471
"2835"	"ENSG00000134419"	2.82672166823548
"2836"	"ENSG00000134443"	3.16201475346417
"2837"	"ENSG00000134460"	1.75341129111807
"2838"	"ENSG00000134463"	1.99715442079903
"2839"	"ENSG00000134470"	1.17827954700595
"2840"	"ENSG00000134480"	1.01910942739974
"2841"	"ENSG00000134490"	1.77492138188547
"2842"	"ENSG00000134504"	1.56980774917735
"2843"	"ENSG00000134516"	1.15125627165111
"2844"	"ENSG00000134531"	1.6522514396849
"2845"	"ENSG00000134532"	2.45428232281083
"2846"	"ENSG00000134533"	1.44609132856966
"2847"	"ENSG00000134548"	2.55753492525249
"2848"	"ENSG00000134571"	3.42551112644094
"2849"	"ENSG00000134602"	1.7459882153128
"2850"	"ENSG00000134612"	1.08471941080139
"2851"	"ENSG00000134627"	1.60047517347245
"2852"	"ENSG00000134690"	4.16515490152508
"2853"	"ENSG00000134709"	1.95629625878591
"2854"	"ENSG00000134716"	3.00499103655081
"2855"	"ENSG00000134717"	1.00439212882855
"2856"	"ENSG00000134755"	1.72926593575532
"2857"	"ENSG00000134757"	1.40311426565537
"2858"	"ENSG00000134760"	2.51265268903074
"2859"	"ENSG00000134762"	1.51347958286458
"2860"	"ENSG00000134780"	1.17192636247778
"2861"	"ENSG00000134802"	2.3825412009582
"2862"	"ENSG00000134809"	1.10089414195257
"2863"	"ENSG00000134824"	3.85895636635391
"2864"	"ENSG00000134853"	1.82188850617562
"2865"	"ENSG00000134873"	2.57075019366516
"2866"	"ENSG00000134874"	1.27159307055792
"2867"	"ENSG00000134884"	1.77922237940278
"2868"	"ENSG00000134909"	1.06396274698146
"2869"	"ENSG00000134910"	1.70918905649323
"2870"	"ENSG00000134917"	1.25298992643208
"2871"	"ENSG00000134940"	1.68208601161352
"2872"	"ENSG00000134954"	1.14447578125894
"2873"	"ENSG00000134955"	1.14463990345179
"2874"	"ENSG00000134962"	3.81758769148101
"2875"	"ENSG00000134986"	1.48476539313098
"2876"	"ENSG00000135040"	1.08337249069781
"2877"	"ENSG00000135046"	1.89633814532884
"2878"	"ENSG00000135052"	2.52051786610688
"2879"	"ENSG00000135063"	3.43281487946866
"2880"	"ENSG00000135069"	1.80855054912488
"2881"	"ENSG00000135074"	1.38851101206905
"2882"	"ENSG00000135077"	1.39268732372073
"2883"	"ENSG00000135083"	1.74018274991738
"2884"	"ENSG00000135094"	2.64108761714459
"2885"	"ENSG00000135097"	1.39397865296541
"2886"	"ENSG00000135114"	2.57486301262237
"2887"	"ENSG00000135116"	1.83528473785994
"2888"	"ENSG00000135119"	2.46278320022231
"2889"	"ENSG00000135127"	3.47961580568085
"2890"	"ENSG00000135144"	2.62931289581933
"2891"	"ENSG00000135164"	1.31777303484894
"2892"	"ENSG00000135205"	1.3909372857167
"2893"	"ENSG00000135218"	3.83416283615499
"2894"	"ENSG00000135226"	6.39438240069322
"2895"	"ENSG00000135250"	1.01291148433617
"2896"	"ENSG00000135269"	1.08595288465061
"2897"	"ENSG00000135298"	3.99607668192525
"2898"	"ENSG00000135324"	1.05734973238605
"2899"	"ENSG00000135346"	2.58502369679669
"2900"	"ENSG00000135363"	1.43458308765574
"2901"	"ENSG00000135373"	3.03758495765596
"2902"	"ENSG00000135374"	1.36079813168948
"2903"	"ENSG00000135378"	2.20658354573136
"2904"	"ENSG00000135387"	1.30624191040335
"2905"	"ENSG00000135390"	1.00810212891043
"2906"	"ENSG00000135406"	3.35520780237591
"2907"	"ENSG00000135423"	1.05409467231418
"2908"	"ENSG00000135424"	5.54283148451066
"2909"	"ENSG00000135426"	1.60517711859288
"2910"	"ENSG00000135437"	7.07077947280892
"2911"	"ENSG00000135441"	3.24750588509094
"2912"	"ENSG00000135447"	3.05668774137414
"2913"	"ENSG00000135451"	3.6662755915686
"2914"	"ENSG00000135472"	3.44614778151977
"2915"	"ENSG00000135473"	2.26803706954743
"2916"	"ENSG00000135476"	3.52169938577437
"2917"	"ENSG00000135477"	2.55813386672467
"2918"	"ENSG00000135480"	2.21638276186467
"2919"	"ENSG00000135502"	8.53693822931316
"2920"	"ENSG00000135519"	1.22362871569597
"2921"	"ENSG00000135525"	2.41411957185033
"2922"	"ENSG00000135535"	1.59554169325528
"2923"	"ENSG00000135547"	1.01212916695227
"2924"	"ENSG00000135549"	3.15949645579342
"2925"	"ENSG00000135587"	1.33622407344843
"2926"	"ENSG00000135604"	1.87370866533418
"2927"	"ENSG00000135624"	1.17975738979797
"2928"	"ENSG00000135678"	2.90612270850378
"2929"	"ENSG00000135686"	1.40452227766447
"2930"	"ENSG00000135698"	1.97280809275508
"2931"	"ENSG00000135702"	4.43681804474888
"2932"	"ENSG00000135709"	1.18517628481684
"2933"	"ENSG00000135722"	2.27475091461828
"2934"	"ENSG00000135744"	1.35274606457901
"2935"	"ENSG00000135750"	3.51998884230537
"2936"	"ENSG00000135763"	1.33491257691206
"2937"	"ENSG00000135766"	4.42858927933704
"2938"	"ENSG00000135773"	4.46510133714111
"2939"	"ENSG00000135821"	1.4877117407188
"2940"	"ENSG00000135823"	1.44896084246659
"2941"	"ENSG00000135829"	1.02287006174818
"2942"	"ENSG00000135835"	1.55748361214617
"2943"	"ENSG00000135845"	1.05053768314508
"2944"	"ENSG00000135862"	1.31287529698889
"2945"	"ENSG00000135898"	1.00640259779972
"2946"	"ENSG00000135899"	1.45397582877143
"2947"	"ENSG00000135903"	2.73781696038144
"2948"	"ENSG00000135913"	1.0237706064995
"2949"	"ENSG00000135917"	5.71231343489384
"2950"	"ENSG00000135925"	1.20317439260601
"2951"	"ENSG00000135930"	1.257291207829
"2952"	"ENSG00000135931"	1.60456282527563
"2953"	"ENSG00000135953"	1.06852410287074
"2954"	"ENSG00000135960"	1.62024266136942
"2955"	"ENSG00000135976"	2.00472440563925
"2956"	"ENSG00000136011"	2.30621246405455
"2957"	"ENSG00000136014"	3.31679031546183
"2958"	"ENSG00000136026"	2.38203443529398
"2959"	"ENSG00000136040"	1.78525394348053
"2960"	"ENSG00000136052"	1.45686495597064
"2961"	"ENSG00000136059"	1.26376453965304
"2962"	"ENSG00000136098"	1.67521824281431
"2963"	"ENSG00000136099"	1.18585507638556
"2964"	"ENSG00000136108"	2.89113619259271
"2965"	"ENSG00000136114"	2.00299956068621
"2966"	"ENSG00000136122"	1.68876784659223
"2967"	"ENSG00000136141"	1.23271926486543
"2968"	"ENSG00000136149"	1.17008580131348
"2969"	"ENSG00000136153"	1.52862645400015
"2970"	"ENSG00000136155"	1.73628503078662
"2971"	"ENSG00000136158"	3.4715812054673
"2972"	"ENSG00000136160"	3.96479676799707
"2973"	"ENSG00000136161"	1.04176507778441
"2974"	"ENSG00000136167"	1.73153598179897
"2975"	"ENSG00000136193"	1.14269857845231
"2976"	"ENSG00000136197"	4.52699346437808
"2977"	"ENSG00000136231"	1.20379933135865
"2978"	"ENSG00000136240"	1.71873867548225
"2979"	"ENSG00000136244"	3.70707450100436
"2980"	"ENSG00000136250"	1.6798434991715
"2981"	"ENSG00000136261"	1.61072536661786
"2982"	"ENSG00000136274"	2.4454446587605
"2983"	"ENSG00000136286"	1.1008500592686
"2984"	"ENSG00000136295"	1.87985453468961
"2985"	"ENSG00000136327"	2.34563914310028
"2986"	"ENSG00000136367"	1.078871543907
"2987"	"ENSG00000136371"	4.85508888476869
"2988"	"ENSG00000136379"	2.12402650008886
"2989"	"ENSG00000136383"	1.70543321245223
"2990"	"ENSG00000136404"	1.49358961499215
"2991"	"ENSG00000136463"	1.51550293968554
"2992"	"ENSG00000136478"	1.40641551147874
"2993"	"ENSG00000136485"	1.57084366926924
"2994"	"ENSG00000136490"	2.00283934862763
"2995"	"ENSG00000136492"	3.41716802951671
"2996"	"ENSG00000136504"	1.10473284932272
"2997"	"ENSG00000136514"	1.78728799436519
"2998"	"ENSG00000136518"	1.25139535909357
"2999"	"ENSG00000136521"	1.04387667470925
"3000"	"ENSG00000136522"	1.69531386381261
"3001"	"ENSG00000136541"	1.23731761480582
"3002"	"ENSG00000136542"	3.15396292026648
"3003"	"ENSG00000136546"	4.10042094944234
"3004"	"ENSG00000136573"	1.33661402358608
"3005"	"ENSG00000136574"	2.63191869891555
"3006"	"ENSG00000136603"	1.30508242843979
"3007"	"ENSG00000136628"	1.89060542885732
"3008"	"ENSG00000136630"	3.12960074267872
"3009"	"ENSG00000136634"	1.4226448834931
"3010"	"ENSG00000136689"	1.07412808663993
"3011"	"ENSG00000136717"	1.228222074196
"3012"	"ENSG00000136720"	1.12693135572889
"3013"	"ENSG00000136731"	1.56482394192309
"3014"	"ENSG00000136732"	2.34469401318804
"3015"	"ENSG00000136758"	1.07504934272764
"3016"	"ENSG00000136770"	1.87021070706021
"3017"	"ENSG00000136810"	1.7754288285353
"3018"	"ENSG00000136811"	1.25281681508431
"3019"	"ENSG00000136816"	1.16479127727536
"3020"	"ENSG00000136824"	1.86936315794386
"3021"	"ENSG00000136826"	2.49987159029185
"3022"	"ENSG00000136830"	1.13183813614842
"3023"	"ENSG00000136842"	2.93107801599845
"3024"	"ENSG00000136848"	1.06979042884674
"3025"	"ENSG00000136854"	1.31775038298807
"3026"	"ENSG00000136859"	1.11702438959213
"3027"	"ENSG00000136867"	2.169370486986
"3028"	"ENSG00000136868"	2.18844430674992
"3029"	"ENSG00000136872"	2.5307640835542
"3030"	"ENSG00000136874"	1.60790492847173
"3031"	"ENSG00000136875"	1.18078117040713
"3032"	"ENSG00000136883"	2.37768623357105
"3033"	"ENSG00000136888"	1.55574686444283
"3034"	"ENSG00000136908"	1.68228263509613
"3035"	"ENSG00000136928"	3.74278865076052
"3036"	"ENSG00000136929"	1.73861140646011
"3037"	"ENSG00000136930"	1.08944332626733
"3038"	"ENSG00000136931"	3.07958606505735
"3039"	"ENSG00000136937"	1.17264924077089
"3040"	"ENSG00000136943"	2.47035744143552
"3041"	"ENSG00000136944"	1.83411554423151
"3042"	"ENSG00000136950"	1.1205581531451
"3043"	"ENSG00000136960"	3.17135299216933
"3044"	"ENSG00000136982"	2.15700481569483
"3045"	"ENSG00000136986"	1.43446588788878
"3046"	"ENSG00000136997"	1.9655318904838
"3047"	"ENSG00000136999"	1.53332844188984
"3048"	"ENSG00000137033"	2.40711869802538
"3049"	"ENSG00000137055"	1.08292106167744
"3050"	"ENSG00000137070"	2.93791953542697
"3051"	"ENSG00000137077"	2.09275991237135
"3052"	"ENSG00000137078"	2.33403190761947
"3053"	"ENSG00000137098"	1.54876571971367
"3054"	"ENSG00000137124"	1.17975959041857
"3055"	"ENSG00000137133"	6.60677510583948
"3056"	"ENSG00000137142"	6.85166845462344
"3057"	"ENSG00000137166"	1.36158841542287
"3058"	"ENSG00000137168"	1.6970019290369
"3059"	"ENSG00000137193"	1.81085906726385
"3060"	"ENSG00000137203"	1.57157864803306
"3061"	"ENSG00000137216"	1.50165664486913
"3062"	"ENSG00000137218"	1.17740105195897
"3063"	"ENSG00000137221"	1.07965751139968
"3064"	"ENSG00000137225"	3.42311881839715
"3065"	"ENSG00000137261"	3.57666845908197
"3066"	"ENSG00000137270"	3.04746626284103
"3067"	"ENSG00000137285"	1.13320871939562
"3068"	"ENSG00000137288"	2.07127254775005
"3069"	"ENSG00000137309"	2.34775392256299
"3070"	"ENSG00000137310"	2.07325273706574
"3071"	"ENSG00000137364"	1.92209589892798
"3072"	"ENSG00000137392"	3.78933650846732
"3073"	"ENSG00000137393"	1.25137031925619
"3074"	"ENSG00000137411"	7.1613889699193
"3075"	"ENSG00000137434"	1.97620612273835
"3076"	"ENSG00000137441"	4.15868133145038
"3077"	"ENSG00000137460"	2.36439291440043
"3078"	"ENSG00000137463"	2.51215050707524
"3079"	"ENSG00000137501"	1.7042198117313
"3080"	"ENSG00000137504"	1.17895487192785
"3081"	"ENSG00000137507"	2.19001634082209
"3082"	"ENSG00000137513"	1.18361480050585
"3083"	"ENSG00000137547"	1.38683857426933
"3084"	"ENSG00000137558"	4.82690743085494
"3085"	"ENSG00000137563"	2.55654240093675
"3086"	"ENSG00000137571"	2.18369762530673
"3087"	"ENSG00000137573"	3.27901938003288
"3088"	"ENSG00000137628"	1.30351580396388
"3089"	"ENSG00000137634"	2.85041916943448
"3090"	"ENSG00000137642"	1.57124319249336
"3091"	"ENSG00000137648"	4.75084307477502
"3092"	"ENSG00000137672"	1.89198582124342
"3093"	"ENSG00000137674"	2.15290274222624
"3094"	"ENSG00000137675"	3.66630495591697
"3095"	"ENSG00000137692"	1.03048557148374
"3096"	"ENSG00000137709"	1.84616470424223
"3097"	"ENSG00000137726"	2.83129190407468
"3098"	"ENSG00000137727"	3.44307774644135
"3099"	"ENSG00000137731"	3.75440434410636
"3100"	"ENSG00000137745"	9.30634309804809
"3101"	"ENSG00000137747"	2.15411401273935
"3102"	"ENSG00000137766"	1.8044140003394
"3103"	"ENSG00000137802"	1.33745472365528
"3104"	"ENSG00000137804"	3.99563281472396
"3105"	"ENSG00000137807"	3.64419858379562
"3106"	"ENSG00000137809"	2.59806426770604
"3107"	"ENSG00000137812"	4.71365469157622
"3108"	"ENSG00000137817"	1.09038323272737
"3109"	"ENSG00000137819"	1.30787036486395
"3110"	"ENSG00000137821"	1.02219903635444
"3111"	"ENSG00000137825"	1.7858308762254
"3112"	"ENSG00000137831"	1.0707383696957
"3113"	"ENSG00000137834"	1.801392445756
"3114"	"ENSG00000137842"	1.28881124190707
"3115"	"ENSG00000137843"	1.65646439803043
"3116"	"ENSG00000137845"	1.11618678386967
"3117"	"ENSG00000137868"	1.83886754649005
"3118"	"ENSG00000137869"	3.42103018895808
"3119"	"ENSG00000137871"	1.92165743605774
"3120"	"ENSG00000137872"	1.97476341032569
"3121"	"ENSG00000137877"	1.09155701479275
"3122"	"ENSG00000137880"	2.77053730414133
"3123"	"ENSG00000137959"	1.11497317938544
"3124"	"ENSG00000137960"	2.81637857965317
"3125"	"ENSG00000137968"	2.00509955678421
"3126"	"ENSG00000137975"	5.2129359934165
"3127"	"ENSG00000137976"	1.77005020312919
"3128"	"ENSG00000138018"	1.61502247091645
"3129"	"ENSG00000138028"	1.72161193249646
"3130"	"ENSG00000138031"	2.36510633592908
"3131"	"ENSG00000138032"	1.07098979397788
"3132"	"ENSG00000138039"	5.81512877536938
"3133"	"ENSG00000138061"	1.27697346461143
"3134"	"ENSG00000138071"	1.71240893667198
"3135"	"ENSG00000138074"	1.13747153332857
"3136"	"ENSG00000138079"	1.3133255484864
"3137"	"ENSG00000138083"	2.53004481564121
"3138"	"ENSG00000138095"	1.25324246900353
"3139"	"ENSG00000138131"	2.84964890368625
"3140"	"ENSG00000138135"	2.08433420755227
"3141"	"ENSG00000138152"	1.31879722044009
"3142"	"ENSG00000138160"	4.69708155130632
"3143"	"ENSG00000138161"	5.28638767846995
"3144"	"ENSG00000138172"	1.29920167516373
"3145"	"ENSG00000138180"	5.40918155114259
"3146"	"ENSG00000138182"	2.15971382127507
"3147"	"ENSG00000138207"	5.8057513809457
"3148"	"ENSG00000138271"	4.37632633849423
"3149"	"ENSG00000138311"	1.78849316393317
"3150"	"ENSG00000138315"	2.95406763684592
"3151"	"ENSG00000138316"	2.28234939440808
"3152"	"ENSG00000138346"	1.81343504897036
"3153"	"ENSG00000138347"	3.67772592539847
"3154"	"ENSG00000138356"	3.33904961029137
"3155"	"ENSG00000138363"	1.73616538987896
"3156"	"ENSG00000138376"	1.55498176104119
"3157"	"ENSG00000138379"	1.55680211024623
"3158"	"ENSG00000138380"	1.5016045830496
"3159"	"ENSG00000138381"	1.07415500642373
"3160"	"ENSG00000138386"	1.18664176644179
"3161"	"ENSG00000138395"	1.07776088601942
"3162"	"ENSG00000138413"	1.53270968071263
"3163"	"ENSG00000138430"	1.69302982764298
"3164"	"ENSG00000138435"	3.34811840340298
"3165"	"ENSG00000138448"	1.09075921114829
"3166"	"ENSG00000138449"	1.57673716566541
"3167"	"ENSG00000138468"	1.27210968219733
"3168"	"ENSG00000138483"	1.71874724174728
"3169"	"ENSG00000138496"	1.49543334784063
"3170"	"ENSG00000138606"	1.34920090859341
"3171"	"ENSG00000138622"	2.54534189899279
"3172"	"ENSG00000138623"	1.46561928945408
"3173"	"ENSG00000138639"	1.52780047043424
"3174"	"ENSG00000138640"	1.51211784492586
"3175"	"ENSG00000138641"	6.65302688057367
"3176"	"ENSG00000138642"	1.3409974724698
"3177"	"ENSG00000138650"	3.64839146150181
"3178"	"ENSG00000138675"	4.33706287409247
"3179"	"ENSG00000138678"	2.11014988417572
"3180"	"ENSG00000138685"	4.21953160861531
"3181"	"ENSG00000138696"	4.29249685908469
"3182"	"ENSG00000138722"	4.38512520314833
"3183"	"ENSG00000138735"	1.67982927369915
"3184"	"ENSG00000138738"	1.90692646581468
"3185"	"ENSG00000138741"	1.42327874178276
"3186"	"ENSG00000138755"	5.45950791567532
"3187"	"ENSG00000138757"	1.57536537201603
"3188"	"ENSG00000138760"	1.32843686041718
"3189"	"ENSG00000138771"	1.4078055624217
"3190"	"ENSG00000138778"	4.30204780958525
"3191"	"ENSG00000138780"	1.41454843062811
"3192"	"ENSG00000138792"	1.27614342940913
"3193"	"ENSG00000138794"	1.74844399032691
"3194"	"ENSG00000138795"	1.26112609791233
"3195"	"ENSG00000138829"	4.46413738200995
"3196"	"ENSG00000138834"	1.93144276120841
"3197"	"ENSG00000138944"	1.02602378782859
"3198"	"ENSG00000139044"	2.13898163267548
"3199"	"ENSG00000139055"	3.16359497793195
"3200"	"ENSG00000139112"	2.25844712580031
"3201"	"ENSG00000139116"	1.68808407033321
"3202"	"ENSG00000139117"	1.81435229494232
"3203"	"ENSG00000139132"	1.60817595213207
"3204"	"ENSG00000139133"	1.08669125387396
"3205"	"ENSG00000139151"	2.31566947701607
"3206"	"ENSG00000139155"	2.5036019763963
"3207"	"ENSG00000139178"	1.12758594898881
"3208"	"ENSG00000139180"	1.61309601052689
"3209"	"ENSG00000139190"	1.29817633989571
"3210"	"ENSG00000139193"	1.92593375292554
"3211"	"ENSG00000139200"	1.74360629086037
"3212"	"ENSG00000139209"	1.85608043364108
"3213"	"ENSG00000139219"	3.27268282354073
"3214"	"ENSG00000139269"	1.17802141451155
"3215"	"ENSG00000139292"	1.63534680572489
"3216"	"ENSG00000139304"	2.47891894042193
"3217"	"ENSG00000139324"	1.4241569732497
"3218"	"ENSG00000139329"	1.97332807299131
"3219"	"ENSG00000139343"	1.52128931199902
"3220"	"ENSG00000139352"	3.5625524329957
"3221"	"ENSG00000139354"	1.80079039577768
"3222"	"ENSG00000139405"	1.19420831692526
"3223"	"ENSG00000139410"	2.32577864741586
"3224"	"ENSG00000139436"	1.6955095356876
"3225"	"ENSG00000139438"	2.1871305530032
"3226"	"ENSG00000139514"	1.16311717293894
"3227"	"ENSG00000139517"	1.67248309225421
"3228"	"ENSG00000139537"	1.0358693831314
"3229"	"ENSG00000139540"	2.2957295876189
"3230"	"ENSG00000139547"	1.84917489545677
"3231"	"ENSG00000139567"	1.90028242108747
"3232"	"ENSG00000139572"	2.18656127299787
"3233"	"ENSG00000139574"	10.4298654629425
"3234"	"ENSG00000139579"	1.22579703707588
"3235"	"ENSG00000139597"	2.33225662260632
"3236"	"ENSG00000139618"	2.96432424060525
"3237"	"ENSG00000139625"	1.75564287509485
"3238"	"ENSG00000139626"	1.86468243989347
"3239"	"ENSG00000139629"	3.23171975296852
"3240"	"ENSG00000139631"	2.6239263294026
"3241"	"ENSG00000139636"	1.18174824265913
"3242"	"ENSG00000139637"	8.28663153804802
"3243"	"ENSG00000139644"	1.35005193659309
"3244"	"ENSG00000139668"	1.64638358629439
"3245"	"ENSG00000139675"	1.70910138760834
"3246"	"ENSG00000139679"	1.2837726730752
"3247"	"ENSG00000139697"	1.03197503394772
"3248"	"ENSG00000139725"	1.37583757575226
"3249"	"ENSG00000139726"	1.27117629062749
"3250"	"ENSG00000139734"	4.73528480929514
"3251"	"ENSG00000139800"	4.25593704612215
"3252"	"ENSG00000139874"	3.38025991510231
"3253"	"ENSG00000139899"	1.16888697238603
"3254"	"ENSG00000139910"	4.71430627346058
"3255"	"ENSG00000139914"	1.86629050020217
"3256"	"ENSG00000139915"	3.57473488361986
"3257"	"ENSG00000139946"	2.46265776723676
"3258"	"ENSG00000139970"	1.6916902124961
"3259"	"ENSG00000139973"	2.12799761156456
"3260"	"ENSG00000139998"	1.78279141827148
"3261"	"ENSG00000140009"	1.94854708364768
"3262"	"ENSG00000140015"	3.57627655598037
"3263"	"ENSG00000140025"	1.33321946612105
"3264"	"ENSG00000140030"	1.81429174688031
"3265"	"ENSG00000140043"	3.33208841560828
"3266"	"ENSG00000140090"	1.27776361841753
"3267"	"ENSG00000140092"	2.2772766449182
"3268"	"ENSG00000140093"	3.42308524451994
"3269"	"ENSG00000140157"	1.09570721371184
"3270"	"ENSG00000140263"	2.43759791483389
"3271"	"ENSG00000140274"	1.68155237837454
"3272"	"ENSG00000140279"	1.47560569735015
"3273"	"ENSG00000140284"	1.98321239869207
"3274"	"ENSG00000140285"	2.9968403617771
"3275"	"ENSG00000140287"	2.07127944649508
"3276"	"ENSG00000140297"	1.42026057578604
"3277"	"ENSG00000140350"	1.1030499277015
"3278"	"ENSG00000140379"	1.27594010170288
"3279"	"ENSG00000140398"	1.66913510202736
"3280"	"ENSG00000140400"	2.25292584783789
"3281"	"ENSG00000140403"	1.63919182867311
"3282"	"ENSG00000140451"	1.69513695026902
"3283"	"ENSG00000140459"	2.01463010361694
"3284"	"ENSG00000140464"	1.2069352240743
"3285"	"ENSG00000140465"	7.73440014459509
"3286"	"ENSG00000140481"	1.75626766759799
"3287"	"ENSG00000140488"	11.37221960512
"3288"	"ENSG00000140506"	2.58795300555884
"3289"	"ENSG00000140525"	2.43792800235433
"3290"	"ENSG00000140534"	1.82267475782376
"3291"	"ENSG00000140538"	4.09395877724729
"3292"	"ENSG00000140543"	3.59946178571229
"3293"	"ENSG00000140545"	1.97689981013773
"3294"	"ENSG00000140548"	1.3379461322318
"3295"	"ENSG00000140598"	1.09667150053477
"3296"	"ENSG00000140650"	1.36367305077793
"3297"	"ENSG00000140682"	1.55553766389834
"3298"	"ENSG00000140694"	1.1692105845988
"3299"	"ENSG00000140743"	1.12703004702218
"3300"	"ENSG00000140749"	2.7971538106177
"3301"	"ENSG00000140795"	1.93794754525782
"3302"	"ENSG00000140798"	4.24759151428568
"3303"	"ENSG00000140832"	2.3667015382535
"3304"	"ENSG00000140859"	1.61742813525778
"3305"	"ENSG00000140873"	3.99367986480467
"3306"	"ENSG00000140876"	1.51142672611027
"3307"	"ENSG00000140905"	3.51250376968531
"3308"	"ENSG00000140932"	1.41577943097709
"3309"	"ENSG00000140937"	2.07670351912753
"3310"	"ENSG00000140945"	1.8524229791832
"3311"	"ENSG00000140950"	1.35202046551008
"3312"	"ENSG00000140955"	1.7366074475481
"3313"	"ENSG00000140987"	4.74850589448247
"3314"	"ENSG00000141028"	1.06488900081536
"3315"	"ENSG00000141052"	4.31415280740988
"3316"	"ENSG00000141068"	2.29490222341051
"3317"	"ENSG00000141086"	9.44235057208458
"3318"	"ENSG00000141161"	1.75460382902923
"3319"	"ENSG00000141179"	1.48170562608081
"3320"	"ENSG00000141198"	2.44435741362163
"3321"	"ENSG00000141232"	1.58080045839849
"3322"	"ENSG00000141255"	3.23837971555744
"3323"	"ENSG00000141258"	1.46318079731234
"3324"	"ENSG00000141293"	1.73037870249426
"3325"	"ENSG00000141294"	2.44551959401119
"3326"	"ENSG00000141295"	1.43954482901899
"3327"	"ENSG00000141314"	2.11857775031916
"3328"	"ENSG00000141338"	4.95061661118102
"3329"	"ENSG00000141367"	2.61554188541032
"3330"	"ENSG00000141378"	2.13870610943554
"3331"	"ENSG00000141391"	1.10332399148437
"3332"	"ENSG00000141404"	1.34989785543957
"3333"	"ENSG00000141424"	1.59364538595561
"3334"	"ENSG00000141429"	1.50534924381473
"3335"	"ENSG00000141431"	2.46012646336292
"3336"	"ENSG00000141433"	2.36761134762401
"3337"	"ENSG00000141447"	1.17892392136696
"3338"	"ENSG00000141449"	1.2461108660204
"3339"	"ENSG00000141469"	1.45676276801124
"3340"	"ENSG00000141485"	2.65691033944027
"3341"	"ENSG00000141510"	1.13115779071368
"3342"	"ENSG00000141526"	1.24830067583616
"3343"	"ENSG00000141543"	1.09239766023487
"3344"	"ENSG00000141552"	1.11134524252432
"3345"	"ENSG00000141570"	1.59289666603819
"3346"	"ENSG00000141574"	1.12213346146079
"3347"	"ENSG00000141576"	2.80700141078916
"3348"	"ENSG00000141582"	1.58126443879924
"3349"	"ENSG00000141639"	1.25871132385675
"3350"	"ENSG00000141642"	1.1123008461084
"3351"	"ENSG00000141665"	1.17118092339276
"3352"	"ENSG00000141668"	4.08264753869241
"3353"	"ENSG00000141696"	1.61560588000179
"3354"	"ENSG00000141736"	5.52367523109861
"3355"	"ENSG00000141738"	3.93382923193313
"3356"	"ENSG00000141741"	4.22175290612331
"3357"	"ENSG00000141744"	3.66767619129587
"3358"	"ENSG00000141753"	1.68766675359034
"3359"	"ENSG00000141837"	1.27712151286321
"3360"	"ENSG00000141854"	2.36255954609468
"3361"	"ENSG00000141858"	1.22226123834835
"3362"	"ENSG00000141933"	1.72399343636441
"3363"	"ENSG00000141934"	2.42385108951807
"3364"	"ENSG00000141968"	1.5962635216922
"3365"	"ENSG00000141977"	4.8925560843758
"3366"	"ENSG00000141994"	1.21533608024855
"3367"	"ENSG00000142025"	5.75882387865333
"3368"	"ENSG00000142046"	2.94071047799236
"3369"	"ENSG00000142102"	2.18535203927711
"3370"	"ENSG00000142149"	1.0570206982269
"3371"	"ENSG00000142168"	1.04825005412197
"3372"	"ENSG00000142178"	2.88933567843805
"3373"	"ENSG00000142185"	2.2414692754117
"3374"	"ENSG00000142197"	3.06897099944938
"3375"	"ENSG00000142208"	1.11150277018591
"3376"	"ENSG00000142230"	1.24563803450712
"3377"	"ENSG00000142233"	2.56765650839456
"3378"	"ENSG00000142235"	1.73995123083375
"3379"	"ENSG00000142252"	3.50578704901445
"3380"	"ENSG00000142279"	2.41112409430536
"3381"	"ENSG00000142303"	2.82006509598399
"3382"	"ENSG00000142396"	1.09365564781417
"3383"	"ENSG00000142405"	1.10276918442457
"3384"	"ENSG00000142512"	1.14478742291249
"3385"	"ENSG00000142515"	4.27348765005861
"3386"	"ENSG00000142530"	2.00909270129126
"3387"	"ENSG00000142549"	2.33980617544716
"3388"	"ENSG00000142606"	1.46806395995732
"3389"	"ENSG00000142609"	1.03496129571403
"3390"	"ENSG00000142611"	1.38572748923982
"3391"	"ENSG00000142615"	5.97824794500315
"3392"	"ENSG00000142619"	6.57487016423953
"3393"	"ENSG00000142621"	2.01999402321071
"3394"	"ENSG00000142623"	1.71360109882544
"3395"	"ENSG00000142627"	1.31902842080876
"3396"	"ENSG00000142657"	1.00888019715425
"3397"	"ENSG00000142661"	1.09683093290475
"3398"	"ENSG00000142677"	1.31150280377557
"3399"	"ENSG00000142694"	13.0680016258627
"3400"	"ENSG00000142731"	2.95220910362861
"3401"	"ENSG00000142733"	2.00597248671843
"3402"	"ENSG00000142748"	3.73002351120059
"3403"	"ENSG00000142789"	11.1218783559763
"3404"	"ENSG00000142871"	1.9078297001652
"3405"	"ENSG00000142875"	1.62183643636896
"3406"	"ENSG00000142910"	3.48644014001664
"3407"	"ENSG00000142945"	4.60629014219806
"3408"	"ENSG00000142949"	1.49697004452722
"3409"	"ENSG00000142961"	1.04238186447398
"3410"	"ENSG00000142973"	1.17525045054495
"3411"	"ENSG00000143028"	2.30293272309567
"3412"	"ENSG00000143036"	1.47782483682819
"3413"	"ENSG00000143061"	2.94386703039687
"3414"	"ENSG00000143106"	1.59929451594324
"3415"	"ENSG00000143119"	1.6327961528756
"3416"	"ENSG00000143125"	5.10273860510849
"3417"	"ENSG00000143127"	3.58032430241712
"3418"	"ENSG00000143153"	1.91713685093364
"3419"	"ENSG00000143155"	1.42367235623477
"3420"	"ENSG00000143157"	1.44674812208725
"3421"	"ENSG00000143158"	1.43954519008904
"3422"	"ENSG00000143167"	1.41611050386344
"3423"	"ENSG00000143171"	1.46383803183478
"3424"	"ENSG00000143178"	1.3320287271231
"3425"	"ENSG00000143179"	2.0748238096345
"3426"	"ENSG00000143183"	1.80460149016731
"3427"	"ENSG00000143184"	1.63332127054991
"3428"	"ENSG00000143185"	2.49999607563278
"3429"	"ENSG00000143194"	3.43309659956225
"3430"	"ENSG00000143195"	2.81754537912848
"3431"	"ENSG00000143196"	4.93473877961186
"3432"	"ENSG00000143207"	1.12331431212999
"3433"	"ENSG00000143217"	1.95466361985139
"3434"	"ENSG00000143222"	1.20063918214851
"3435"	"ENSG00000143228"	4.93677280270391
"3436"	"ENSG00000143248"	1.38145475766975
"3437"	"ENSG00000143256"	1.00163143982016
"3438"	"ENSG00000143257"	1.94439412674488
"3439"	"ENSG00000143297"	2.04383114018742
"3440"	"ENSG00000143314"	1.3242738025418
"3441"	"ENSG00000143315"	2.54380972663891
"3442"	"ENSG00000143318"	1.58187981160016
"3443"	"ENSG00000143319"	1.62141722840869
"3444"	"ENSG00000143320"	3.50659891317628
"3445"	"ENSG00000143321"	1.5153323541479
"3446"	"ENSG00000143324"	1.20561677424294
"3447"	"ENSG00000143333"	1.45165318518168
"3448"	"ENSG00000143363"	1.31509261974434
"3449"	"ENSG00000143365"	1.43781008977674
"3450"	"ENSG00000143367"	1.76701377270645
"3451"	"ENSG00000143368"	1.42429381207533
"3452"	"ENSG00000143369"	2.02087594203697
"3453"	"ENSG00000143374"	1.27501782751683
"3454"	"ENSG00000143382"	4.02239947065112
"3455"	"ENSG00000143412"	2.62470204992012
"3456"	"ENSG00000143418"	1.30740395993467
"3457"	"ENSG00000143420"	1.15524347039575
"3458"	"ENSG00000143434"	1.91689038931636
"3459"	"ENSG00000143450"	1.30470791316538
"3460"	"ENSG00000143452"	1.31209849419022
"3461"	"ENSG00000143457"	1.67646414316296
"3462"	"ENSG00000143469"	1.56947719560066
"3463"	"ENSG00000143473"	1.07477653492928
"3464"	"ENSG00000143476"	5.11603376548508
"3465"	"ENSG00000143479"	1.06656009824569
"3466"	"ENSG00000143493"	2.44381304798193
"3467"	"ENSG00000143494"	1.63917804521445
"3468"	"ENSG00000143499"	1.04664282940751
"3469"	"ENSG00000143502"	2.14352521506398
"3470"	"ENSG00000143507"	2.01194902350783
"3471"	"ENSG00000143512"	5.35019322133234
"3472"	"ENSG00000143515"	1.00278149309232
"3473"	"ENSG00000143520"	5.38644419803448
"3474"	"ENSG00000143536"	1.49288606798981
"3475"	"ENSG00000143537"	1.07262328797627
"3476"	"ENSG00000143543"	2.58953061678597
"3477"	"ENSG00000143545"	2.48210812988322
"3478"	"ENSG00000143546"	3.83273705663261
"3479"	"ENSG00000143549"	1.44447114010533
"3480"	"ENSG00000143554"	1.09194442710186
"3481"	"ENSG00000143556"	10.3686200663081
"3482"	"ENSG00000143570"	5.91801058675931
"3483"	"ENSG00000143575"	1.01999677566161
"3484"	"ENSG00000143578"	2.78311285597023
"3485"	"ENSG00000143590"	2.66954753237077
"3486"	"ENSG00000143612"	1.32344836261976
"3487"	"ENSG00000143621"	1.61874920204554
"3488"	"ENSG00000143631"	1.21162729204271
"3489"	"ENSG00000143632"	2.32425082603374
"3490"	"ENSG00000143653"	1.12951731548347
"3491"	"ENSG00000143674"	1.03010963314681
"3492"	"ENSG00000143727"	1.0997518259204
"3493"	"ENSG00000143742"	1.66303136565858
"3494"	"ENSG00000143748"	1.83332613420013
"3495"	"ENSG00000143753"	1.50475350099701
"3496"	"ENSG00000143756"	1.35125065844879
"3497"	"ENSG00000143761"	1.29354852826694
"3498"	"ENSG00000143768"	2.12051796351219
"3499"	"ENSG00000143771"	1.27206224661763
"3500"	"ENSG00000143797"	2.57633924870888
"3501"	"ENSG00000143799"	2.17569804055763
"3502"	"ENSG00000143801"	4.14584577214591
"3503"	"ENSG00000143839"	2.3603436338651
"3504"	"ENSG00000143850"	1.35867116626564
"3505"	"ENSG00000143851"	2.3354905167735
"3506"	"ENSG00000143858"	1.24795983773363
"3507"	"ENSG00000143867"	4.69305465356379
"3508"	"ENSG00000143869"	1.15169774607833
"3509"	"ENSG00000143870"	1.40108696944617
"3510"	"ENSG00000143891"	1.45136458455909
"3511"	"ENSG00000143942"	1.31040822135891
"3512"	"ENSG00000143954"	5.5542373033663
"3513"	"ENSG00000143977"	1.54616268384011
"3514"	"ENSG00000143995"	2.02455535375861
"3515"	"ENSG00000144021"	1.86250492916181
"3516"	"ENSG00000144031"	4.23392546396616
"3517"	"ENSG00000144035"	1.31565634425076
"3518"	"ENSG00000144040"	1.05069570351449
"3519"	"ENSG00000144045"	4.45039505542513
"3520"	"ENSG00000144057"	3.01943666520776
"3521"	"ENSG00000144120"	1.38669223870166
"3522"	"ENSG00000144136"	1.11585674006224
"3523"	"ENSG00000144152"	1.00558635404667
"3524"	"ENSG00000144191"	1.25444709620284
"3525"	"ENSG00000144228"	1.10592978042491
"3526"	"ENSG00000144229"	1.875201616316
"3527"	"ENSG00000144230"	6.20651539544232
"3528"	"ENSG00000144231"	1.55400686197439
"3529"	"ENSG00000144278"	1.55945134708728
"3530"	"ENSG00000144290"	2.47660359914811
"3531"	"ENSG00000144306"	1.09105412483765
"3532"	"ENSG00000144320"	1.08001224687988
"3533"	"ENSG00000144339"	5.44899741069099
"3534"	"ENSG00000144354"	2.19019577226903
"3535"	"ENSG00000144355"	4.50402194753609
"3536"	"ENSG00000144381"	1.68032430749923
"3537"	"ENSG00000144401"	1.03313339508619
"3538"	"ENSG00000144452"	7.21219922518911
"3539"	"ENSG00000144460"	1.17097063216935
"3540"	"ENSG00000144476"	2.10138754540181
"3541"	"ENSG00000144481"	1.47544149887389
"3542"	"ENSG00000144485"	2.79112737139765
"3543"	"ENSG00000144488"	1.86566530538464
"3544"	"ENSG00000144554"	1.96970128399132
"3545"	"ENSG00000144583"	4.01751065129159
"3546"	"ENSG00000144591"	1.1736718886725
"3547"	"ENSG00000144596"	2.72901690608439
"3548"	"ENSG00000144597"	1.17649891386924
"3549"	"ENSG00000144642"	2.94809868323227
"3550"	"ENSG00000144644"	1.14759432834521
"3551"	"ENSG00000144648"	1.59013133972901
"3552"	"ENSG00000144649"	1.68758419561435
"3553"	"ENSG00000144655"	1.99032526784471
"3554"	"ENSG00000144668"	1.41242014443936
"3555"	"ENSG00000144681"	1.54354325706066
"3556"	"ENSG00000144712"	1.70776357880622
"3557"	"ENSG00000144724"	1.46835861780231
"3558"	"ENSG00000144792"	1.34590101848549
"3559"	"ENSG00000144802"	1.28151187433315
"3560"	"ENSG00000144810"	2.42651463250193
"3561"	"ENSG00000144834"	1.26699898423642
"3562"	"ENSG00000144852"	1.46234216906907
"3563"	"ENSG00000144857"	2.70102593840552
"3564"	"ENSG00000144867"	1.70496124740967
"3565"	"ENSG00000144868"	1.11572517090102
"3566"	"ENSG00000144891"	4.72943295892891
"3567"	"ENSG00000144908"	5.5040105307807
"3568"	"ENSG00000144935"	2.28439903217373
"3569"	"ENSG00000144959"	2.32602374549109
"3570"	"ENSG00000145020"	7.873734257571
"3571"	"ENSG00000145029"	14.0165954704124
"3572"	"ENSG00000145040"	1.22720476798708
"3573"	"ENSG00000145050"	1.32718434164549
"3574"	"ENSG00000145063"	1.80658027453905
"3575"	"ENSG00000145075"	12.0952436479234
"3576"	"ENSG00000145087"	3.58984150260353
"3577"	"ENSG00000145088"	2.61747314345392
"3578"	"ENSG00000145103"	2.69072392266512
"3579"	"ENSG00000145107"	2.30075466498883
"3580"	"ENSG00000145147"	1.03094218684485
"3581"	"ENSG00000145194"	9.89250015859724
"3582"	"ENSG00000145242"	1.68268762489161
"3583"	"ENSG00000145244"	2.06208029222326
"3584"	"ENSG00000145247"	2.05099093766489
"3585"	"ENSG00000145283"	2.66838428613592
"3586"	"ENSG00000145293"	1.23440916229965
"3587"	"ENSG00000145332"	1.01708402594938
"3588"	"ENSG00000145335"	2.18177888824614
"3589"	"ENSG00000145354"	1.13058138539838
"3590"	"ENSG00000145358"	2.11261725991083
"3591"	"ENSG00000145362"	2.35124070779774
"3592"	"ENSG00000145386"	3.54073656974116
"3593"	"ENSG00000145390"	1.43734545680868
"3594"	"ENSG00000145423"	1.17000703528293
"3595"	"ENSG00000145425"	1.00250234005469
"3596"	"ENSG00000145451"	5.00517491264467
"3597"	"ENSG00000145491"	1.02352858115331
"3598"	"ENSG00000145494"	1.18787491636266
"3599"	"ENSG00000145536"	2.09993371417983
"3600"	"ENSG00000145545"	2.74764857482598
"3601"	"ENSG00000145555"	1.28265945036925
"3602"	"ENSG00000145569"	1.06931845945627
"3603"	"ENSG00000145604"	1.6302972377842
"3604"	"ENSG00000145623"	1.05809646737752
"3605"	"ENSG00000145649"	2.96508110795692
"3606"	"ENSG00000145681"	4.21535264746985
"3607"	"ENSG00000145692"	3.48067012975668
"3608"	"ENSG00000145703"	1.8508392999548
"3609"	"ENSG00000145708"	4.7726034507714
"3610"	"ENSG00000145757"	2.25206647123093
"3611"	"ENSG00000145777"	4.08863147582863
"3612"	"ENSG00000145808"	1.95425079655227
"3613"	"ENSG00000145817"	1.0773105671095
"3614"	"ENSG00000145824"	1.08910346314968
"3615"	"ENSG00000145850"	1.04822525366086
"3616"	"ENSG00000145908"	1.43728870966437
"3617"	"ENSG00000145911"	1.64360015838958
"3618"	"ENSG00000145920"	3.72455947357886
"3619"	"ENSG00000145936"	2.22502323776266
"3620"	"ENSG00000145949"	2.08860329130623
"3621"	"ENSG00000145975"	1.13037533028724
"3622"	"ENSG00000145979"	1.62150164059181
"3623"	"ENSG00000145990"	1.91148067986413
"3624"	"ENSG00000146001"	1.60001206412466
"3625"	"ENSG00000146005"	2.55904095587691
"3626"	"ENSG00000146006"	2.49458909683153
"3627"	"ENSG00000146013"	1.77765273657721
"3628"	"ENSG00000146021"	2.1714353821442
"3629"	"ENSG00000146054"	2.8940587457719
"3630"	"ENSG00000146067"	2.19422462369309
"3631"	"ENSG00000146070"	2.02658342924564
"3632"	"ENSG00000146090"	2.30589101289925
"3633"	"ENSG00000146122"	3.00543165819369
"3634"	"ENSG00000146143"	1.81483402106872
"3635"	"ENSG00000146147"	2.71005696461535
"3636"	"ENSG00000146151"	1.80745270237368
"3637"	"ENSG00000146197"	3.21262345604231
"3638"	"ENSG00000146215"	1.46329311135141
"3639"	"ENSG00000146216"	2.50809307983344
"3640"	"ENSG00000146232"	1.46623918652704
"3641"	"ENSG00000146250"	1.09780321189395
"3642"	"ENSG00000146263"	1.47241393744302
"3643"	"ENSG00000146267"	2.28291024904605
"3644"	"ENSG00000146278"	1.05065174585279
"3645"	"ENSG00000146281"	1.66270174142613
"3646"	"ENSG00000146285"	1.41110967437235
"3647"	"ENSG00000146373"	1.25543511010003
"3648"	"ENSG00000146374"	3.46585456816091
"3649"	"ENSG00000146386"	2.9430457508852
"3650"	"ENSG00000146410"	3.62573364765138
"3651"	"ENSG00000146411"	1.43726708991773
"3652"	"ENSG00000146425"	1.47414291207149
"3653"	"ENSG00000146426"	1.30148426374361
"3654"	"ENSG00000146453"	2.01539151508799
"3655"	"ENSG00000146469"	5.17763247092626
"3656"	"ENSG00000146476"	1.40377068465534
"3657"	"ENSG00000146477"	3.29825723173385
"3658"	"ENSG00000146521"	1.6371201762139
"3659"	"ENSG00000146556"	1.49994499709541
"3660"	"ENSG00000146592"	2.53843767393609
"3661"	"ENSG00000146666"	1.50271505836641
"3662"	"ENSG00000146670"	4.6179558153169
"3663"	"ENSG00000146674"	1.5274468074463
"3664"	"ENSG00000146678"	3.55762455691568
"3665"	"ENSG00000146701"	1.18934672206048
"3666"	"ENSG00000146731"	1.62116034688072
"3667"	"ENSG00000146733"	2.34993753231643
"3668"	"ENSG00000146755"	1.45404520877598
"3669"	"ENSG00000146830"	1.32361101874045
"3670"	"ENSG00000146839"	3.26505011611723
"3671"	"ENSG00000146842"	1.20336189157158
"3672"	"ENSG00000146904"	1.57682349238656
"3673"	"ENSG00000146918"	1.96769016900937
"3674"	"ENSG00000146950"	2.09091607298022
"3675"	"ENSG00000146955"	5.88410243732062
"3676"	"ENSG00000146963"	2.22722000507454
"3677"	"ENSG00000146966"	2.74866630385413
"3678"	"ENSG00000147027"	1.64602617929198
"3679"	"ENSG00000147041"	2.39986880518513
"3680"	"ENSG00000147044"	1.60808545927945
"3681"	"ENSG00000147059"	1.46408996622437
"3682"	"ENSG00000147082"	1.25579820776581
"3683"	"ENSG00000147100"	1.37507989997074
"3684"	"ENSG00000147113"	2.77962420886528
"3685"	"ENSG00000147117"	1.07711317239831
"3686"	"ENSG00000147119"	2.05306344410202
"3687"	"ENSG00000147123"	1.25358451082521
"3688"	"ENSG00000147138"	3.79120821134092
"3689"	"ENSG00000147162"	1.44773443448627
"3690"	"ENSG00000147174"	1.59996617277124
"3691"	"ENSG00000147206"	1.77565368756154
"3692"	"ENSG00000147231"	1.717002971385
"3693"	"ENSG00000147234"	3.15011583239924
"3694"	"ENSG00000147251"	1.60817185292387
"3695"	"ENSG00000147255"	2.18822309791541
"3696"	"ENSG00000147256"	2.90553087375041
"3697"	"ENSG00000147257"	2.46924950194887
"3698"	"ENSG00000147378"	3.28179070112221
"3699"	"ENSG00000147394"	1.65745199091481
"3700"	"ENSG00000147400"	1.67861038349791
"3701"	"ENSG00000147434"	5.70944810478778
"3702"	"ENSG00000147437"	2.9190732741929
"3703"	"ENSG00000147439"	1.12394459118944
"3704"	"ENSG00000147454"	1.31978542744484
"3705"	"ENSG00000147475"	1.1451253419445
"3706"	"ENSG00000147485"	1.81090546445431
"3707"	"ENSG00000147509"	1.19541855704122
"3708"	"ENSG00000147526"	2.02759370486008
"3709"	"ENSG00000147533"	1.82584751896707
"3710"	"ENSG00000147535"	1.32439354582563
"3711"	"ENSG00000147536"	2.72013870613325
"3712"	"ENSG00000147570"	3.78182692501546
"3713"	"ENSG00000147573"	1.64593708235049
"3714"	"ENSG00000147576"	4.7597048903469
"3715"	"ENSG00000147586"	1.94393204759296
"3716"	"ENSG00000147588"	5.04279715302133
"3717"	"ENSG00000147614"	3.20335981799559
"3718"	"ENSG00000147642"	1.33641655353309
"3719"	"ENSG00000147647"	1.8467634792886
"3720"	"ENSG00000147649"	1.59330652550396
"3721"	"ENSG00000147669"	1.44764308678233
"3722"	"ENSG00000147676"	4.45929469635326
"3723"	"ENSG00000147677"	1.1575124984688
"3724"	"ENSG00000147679"	1.17969264053148
"3725"	"ENSG00000147684"	1.34672867874509
"3726"	"ENSG00000147689"	6.7520490063554
"3727"	"ENSG00000147697"	3.53069854159025
"3728"	"ENSG00000147724"	3.30791304772159
"3729"	"ENSG00000147799"	1.03894664707085
"3730"	"ENSG00000147804"	1.86598311278002
"3731"	"ENSG00000147872"	3.17110743986508
"3732"	"ENSG00000147889"	2.72268758618203
"3733"	"ENSG00000147894"	1.75782283249866
"3734"	"ENSG00000147912"	1.04850503147695
"3735"	"ENSG00000148019"	1.22509063100015
"3736"	"ENSG00000148053"	3.47466948505651
"3737"	"ENSG00000148082"	2.01574173065375
"3738"	"ENSG00000148153"	1.45513273216132
"3739"	"ENSG00000148180"	2.72967313374323
"3740"	"ENSG00000148219"	2.17399594620096
"3741"	"ENSG00000148225"	1.05649954945698
"3742"	"ENSG00000148229"	1.22124935926232
"3743"	"ENSG00000148248"	1.14889463520657
"3744"	"ENSG00000148288"	1.56954506451421
"3745"	"ENSG00000148339"	1.30878137047143
"3746"	"ENSG00000148346"	1.42667606579295
"3747"	"ENSG00000148357"	3.07519329116544
"3748"	"ENSG00000148358"	1.35897988815304
"3749"	"ENSG00000148384"	1.28709863817961
"3750"	"ENSG00000148396"	1.70513868150245
"3751"	"ENSG00000148400"	1.04073305202058
"3752"	"ENSG00000148408"	4.13824083024043
"3753"	"ENSG00000148459"	1.34009140470475
"3754"	"ENSG00000148482"	1.01251766129131
"3755"	"ENSG00000148483"	2.29982853865272
"3756"	"ENSG00000148488"	2.41599793368494
"3757"	"ENSG00000148516"	1.41328228891872
"3758"	"ENSG00000148541"	2.88547166673589
"3759"	"ENSG00000148604"	3.66268401300068
"3760"	"ENSG00000148671"	6.74694848132285
"3761"	"ENSG00000148677"	1.43826371250481
"3762"	"ENSG00000148700"	1.0543602051055
"3763"	"ENSG00000148702"	3.64428981347927
"3764"	"ENSG00000148737"	1.25928124150667
"3765"	"ENSG00000148773"	5.53434222141741
"3766"	"ENSG00000148795"	5.52172619392945
"3767"	"ENSG00000148798"	4.74895658790882
"3768"	"ENSG00000148824"	2.82123728778981
"3769"	"ENSG00000148832"	3.62558411217056
"3770"	"ENSG00000148841"	1.53073298545235
"3771"	"ENSG00000148848"	2.25222877342982
"3772"	"ENSG00000148908"	1.90304878716293
"3773"	"ENSG00000148926"	3.19721064761727
"3774"	"ENSG00000148942"	1.65517338539115
"3775"	"ENSG00000148965"	6.16378596992978
"3776"	"ENSG00000149016"	1.51656316630524
"3777"	"ENSG00000149043"	1.54913955569018
"3778"	"ENSG00000149084"	1.10452229150479
"3779"	"ENSG00000149090"	2.48321747886181
"3780"	"ENSG00000149124"	5.17876630604026
"3781"	"ENSG00000149131"	1.67778895375829
"3782"	"ENSG00000149177"	1.70814316200723
"3783"	"ENSG00000149231"	1.61330619616234
"3784"	"ENSG00000149243"	1.78532660064434
"3785"	"ENSG00000149256"	1.33033328393535
"3786"	"ENSG00000149269"	1.611072304137
"3787"	"ENSG00000149289"	1.14171123537881
"3788"	"ENSG00000149294"	2.20798282184717
"3789"	"ENSG00000149295"	1.44131890951068
"3790"	"ENSG00000149300"	7.15092799251608
"3791"	"ENSG00000149328"	1.69024537018383
"3792"	"ENSG00000149346"	1.26047021690724
"3793"	"ENSG00000149380"	2.29258061421847
"3794"	"ENSG00000149418"	2.85212021652262
"3795"	"ENSG00000149428"	1.5047981953039
"3796"	"ENSG00000149451"	6.44403681976984
"3797"	"ENSG00000149476"	1.12822910209762
"3798"	"ENSG00000149488"	1.72712973103278
"3799"	"ENSG00000149489"	1.02234030937107
"3800"	"ENSG00000149499"	1.55555770063773
"3801"	"ENSG00000149503"	1.66963711579812
"3802"	"ENSG00000149527"	2.63986479976223
"3803"	"ENSG00000149547"	1.08892582203223
"3804"	"ENSG00000149554"	2.57333701591554
"3805"	"ENSG00000149557"	1.54662788906838
"3806"	"ENSG00000149564"	2.25232852396608
"3807"	"ENSG00000149575"	1.95756109680955
"3808"	"ENSG00000149577"	1.00187239483218
"3809"	"ENSG00000149591"	1.80011392290319
"3810"	"ENSG00000149596"	1.09501707872498
"3811"	"ENSG00000149599"	1.73973755029505
"3812"	"ENSG00000149609"	4.80839436867326
"3813"	"ENSG00000149634"	1.66950597083411
"3814"	"ENSG00000149636"	1.80242422560655
"3815"	"ENSG00000149639"	1.06366198032438
"3816"	"ENSG00000149654"	1.25181955816744
"3817"	"ENSG00000149656"	2.04307032480151
"3818"	"ENSG00000149657"	1.32675846363818
"3819"	"ENSG00000149658"	1.03325861672683
"3820"	"ENSG00000149679"	1.6186693427464
"3821"	"ENSG00000149798"	10.9965228226226
"3822"	"ENSG00000149923"	1.72887572395024
"3823"	"ENSG00000149925"	5.65992482121062
"3824"	"ENSG00000149926"	1.33483062818225
"3825"	"ENSG00000149968"	1.18358126943826
"3826"	"ENSG00000149970"	3.06338672865648
"3827"	"ENSG00000150048"	3.3239894411945
"3828"	"ENSG00000150051"	1.42831695179324
"3829"	"ENSG00000150054"	1.17701191783985
"3830"	"ENSG00000150175"	1.83437935690151
"3831"	"ENSG00000150337"	2.76787315018293
"3832"	"ENSG00000150403"	1.25524499587832
"3833"	"ENSG00000150457"	1.21798112813827
"3834"	"ENSG00000150471"	2.82517263140537
"3835"	"ENSG00000150477"	1.05382304237361
"3836"	"ENSG00000150510"	1.74273100297731
"3837"	"ENSG00000150527"	1.21605836188243
"3838"	"ENSG00000150551"	1.73227232079111
"3839"	"ENSG00000150556"	1.41528904472776
"3840"	"ENSG00000150594"	2.7575945720393
"3841"	"ENSG00000150625"	2.12158388886062
"3842"	"ENSG00000150627"	2.57124542587544
"3843"	"ENSG00000150630"	1.00883224792472
"3844"	"ENSG00000150637"	1.52895918921272
"3845"	"ENSG00000150667"	2.25990427504562
"3846"	"ENSG00000150722"	1.67477527664288
"3847"	"ENSG00000150750"	2.69189866354293
"3848"	"ENSG00000150753"	1.74884654563335
"3849"	"ENSG00000150756"	1.2596464306349
"3850"	"ENSG00000150764"	1.17569314354982
"3851"	"ENSG00000150782"	1.77871673748358
"3852"	"ENSG00000150783"	2.17125450981913
"3853"	"ENSG00000150873"	2.65024963628747
"3854"	"ENSG00000150893"	1.05208633961298
"3855"	"ENSG00000150907"	2.49670315931394
"3856"	"ENSG00000150938"	1.81407169775236
"3857"	"ENSG00000150961"	1.20023135908408
"3858"	"ENSG00000151006"	3.2805706598657
"3859"	"ENSG00000151012"	1.85949108089255
"3860"	"ENSG00000151023"	1.75438283108938
"3861"	"ENSG00000151025"	3.48694687359665
"3862"	"ENSG00000151062"	1.32459585768567
"3863"	"ENSG00000151093"	1.04685552942212
"3864"	"ENSG00000151117"	3.3726674474243
"3865"	"ENSG00000151135"	1.34951280568211
"3866"	"ENSG00000151136"	1.1453541958862
"3867"	"ENSG00000151150"	1.98160882216369
"3868"	"ENSG00000151151"	1.17107792077746
"3869"	"ENSG00000151176"	1.01534583129852
"3870"	"ENSG00000151276"	1.40419487010386
"3871"	"ENSG00000151320"	1.06735568408175
"3872"	"ENSG00000151360"	2.86670322041393
"3873"	"ENSG00000151364"	2.27416187408616
"3874"	"ENSG00000151365"	1.33324598073945
"3875"	"ENSG00000151376"	2.83823657331059
"3876"	"ENSG00000151388"	1.26780387055102
"3877"	"ENSG00000151458"	1.68637795976369
"3878"	"ENSG00000151468"	2.34783441731123
"3879"	"ENSG00000151474"	1.4021209375459
"3880"	"ENSG00000151490"	1.47068444757484
"3881"	"ENSG00000151491"	1.55448836651753
"3882"	"ENSG00000151503"	1.33305799295473
"3883"	"ENSG00000151572"	2.01777622034669
"3884"	"ENSG00000151575"	1.95982376249542
"3885"	"ENSG00000151623"	1.66206483847611
"3886"	"ENSG00000151650"	2.91840630843205
"3887"	"ENSG00000151651"	2.01221635311262
"3888"	"ENSG00000151687"	1.80046355817906
"3889"	"ENSG00000151689"	1.7006383613682
"3890"	"ENSG00000151690"	1.01627350164806
"3891"	"ENSG00000151702"	1.39597671394652
"3892"	"ENSG00000151715"	3.21929631198149
"3893"	"ENSG00000151725"	4.11801468746294
"3894"	"ENSG00000151726"	1.54927615334283
"3895"	"ENSG00000151748"	1.03682823708487
"3896"	"ENSG00000151778"	1.08791264211636
"3897"	"ENSG00000151789"	2.54930196673857
"3898"	"ENSG00000151790"	6.28060986022494
"3899"	"ENSG00000151834"	1.12633734010574
"3900"	"ENSG00000151846"	1.58069997662606
"3901"	"ENSG00000151882"	1.23826881952385
"3902"	"ENSG00000151914"	1.81271799454078
"3903"	"ENSG00000151917"	1.57809088422982
"3904"	"ENSG00000151962"	1.60745084391051
"3905"	"ENSG00000152056"	3.44487778251869
"3906"	"ENSG00000152092"	2.8058829209532
"3907"	"ENSG00000152117"	1.49921129048793
"3908"	"ENSG00000152127"	1.04820336813144
"3909"	"ENSG00000152147"	1.55733509298167
"3910"	"ENSG00000152154"	2.63557453463061
"3911"	"ENSG00000152207"	1.14437317703949
"3912"	"ENSG00000152208"	1.84436090413057
"3913"	"ENSG00000152213"	1.78455212240223
"3914"	"ENSG00000152217"	1.41989318558397
"3915"	"ENSG00000152253"	3.76336516028615
"3916"	"ENSG00000152254"	3.79595460729865
"3917"	"ENSG00000152270"	3.21849313317932
"3918"	"ENSG00000152284"	1.57158341417925
"3919"	"ENSG00000152315"	1.64362387861056
"3920"	"ENSG00000152332"	1.34030315043652
"3921"	"ENSG00000152380"	1.17138442240583
"3922"	"ENSG00000152382"	1.00670366729881
"3923"	"ENSG00000152413"	1.18427116340696
"3924"	"ENSG00000152455"	1.88029165921342
"3925"	"ENSG00000152457"	1.4287129989019
"3926"	"ENSG00000152463"	4.90911950295615
"3927"	"ENSG00000152465"	1.87136291608595
"3928"	"ENSG00000152492"	1.34968894901428
"3929"	"ENSG00000152495"	1.70289762688734
"3930"	"ENSG00000152503"	2.5752417205688
"3931"	"ENSG00000152518"	2.35029724439797
"3932"	"ENSG00000152527"	2.89343441718068
"3933"	"ENSG00000152558"	1.89134581200128
"3934"	"ENSG00000152578"	1.77821626515584
"3935"	"ENSG00000152580"	3.3471473131198
"3936"	"ENSG00000152583"	2.63759797590855
"3937"	"ENSG00000152669"	3.46565511347674
"3938"	"ENSG00000152672"	2.04656713917331
"3939"	"ENSG00000152683"	1.0840150629278
"3940"	"ENSG00000152760"	2.06903622749957
"3941"	"ENSG00000152766"	5.48099409065506
"3942"	"ENSG00000152779"	3.48919784312568
"3943"	"ENSG00000152782"	1.46625773715173
"3944"	"ENSG00000152784"	2.82290465439881
"3945"	"ENSG00000152785"	1.09452371472611
"3946"	"ENSG00000152795"	1.02440250301979
"3947"	"ENSG00000152804"	1.34900196778878
"3948"	"ENSG00000152894"	1.27156924024216
"3949"	"ENSG00000152910"	3.37457995588038
"3950"	"ENSG00000152926"	1.78763813528763
"3951"	"ENSG00000152931"	1.54743122222844
"3952"	"ENSG00000152932"	2.50416122643554
"3953"	"ENSG00000152939"	3.22530507225384
"3954"	"ENSG00000152977"	3.38214414846917
"3955"	"ENSG00000153002"	3.25302361417999
"3956"	"ENSG00000153044"	1.89807714920158
"3957"	"ENSG00000153060"	2.53314352851325
"3958"	"ENSG00000153071"	1.11071426466005
"3959"	"ENSG00000153086"	2.40560253447154
"3960"	"ENSG00000153093"	3.59930957259612
"3961"	"ENSG00000153130"	1.22185898329463
"3962"	"ENSG00000153132"	3.99817079135182
"3963"	"ENSG00000153147"	1.12223635458143
"3964"	"ENSG00000153157"	1.19005511497633
"3965"	"ENSG00000153162"	3.19028631346749
"3966"	"ENSG00000153208"	1.78535833421398
"3967"	"ENSG00000153214"	1.40887074929543
"3968"	"ENSG00000153233"	1.02991953104582
"3969"	"ENSG00000153234"	1.15675305824892
"3970"	"ENSG00000153246"	1.69491140720519
"3971"	"ENSG00000153253"	2.59670487204273
"3972"	"ENSG00000153283"	1.96645874417157
"3973"	"ENSG00000153291"	4.79395821356844
"3974"	"ENSG00000153292"	2.84808082403254
"3975"	"ENSG00000153294"	3.79321386651866
"3976"	"ENSG00000153303"	4.78401630551507
"3977"	"ENSG00000153310"	1.92245324460192
"3978"	"ENSG00000153347"	1.61720331113089
"3979"	"ENSG00000153363"	1.43414052214357
"3980"	"ENSG00000153395"	1.51839050571294
"3981"	"ENSG00000153404"	1.42731266837487
"3982"	"ENSG00000153406"	1.46950678450084
"3983"	"ENSG00000153531"	1.26755513599907
"3984"	"ENSG00000153551"	1.41450397186663
"3985"	"ENSG00000153561"	1.00292531704739
"3986"	"ENSG00000153563"	2.06431587603986
"3987"	"ENSG00000153714"	1.6769081947835
"3988"	"ENSG00000153721"	1.14306462048877
"3989"	"ENSG00000153767"	1.38972991920759
"3990"	"ENSG00000153789"	2.57909746441455
"3991"	"ENSG00000153814"	1.09953237920227
"3992"	"ENSG00000153820"	3.30443647829698
"3993"	"ENSG00000153822"	3.0669967770909
"3994"	"ENSG00000153823"	2.90397413604933
"3995"	"ENSG00000153898"	1.53384868395886
"3996"	"ENSG00000153902"	5.01930494375591
"3997"	"ENSG00000153904"	1.311032977197
"3998"	"ENSG00000153930"	1.06550481441441
"3999"	"ENSG00000153944"	1.27231917745374
"4000"	"ENSG00000153956"	1.41655966161661
"4001"	"ENSG00000153976"	1.76220528400733
"4002"	"ENSG00000153982"	2.85407352931255
"4003"	"ENSG00000154016"	1.21931946432615
"4004"	"ENSG00000154027"	1.84895823831588
"4005"	"ENSG00000154040"	1.09962655828113
"4006"	"ENSG00000154065"	4.01779395227206
"4007"	"ENSG00000154096"	1.60526826124655
"4008"	"ENSG00000154118"	2.86041657639775
"4009"	"ENSG00000154133"	2.89225975758436
"4010"	"ENSG00000154134"	3.4429549804886
"4011"	"ENSG00000154144"	1.04502751389208
"4012"	"ENSG00000154153"	1.24466472652523
"4013"	"ENSG00000154162"	1.46285137721013
"4014"	"ENSG00000154174"	1.29037720535728
"4015"	"ENSG00000154175"	2.08880577448377
"4016"	"ENSG00000154188"	2.03290298898667
"4017"	"ENSG00000154198"	3.69858657353322
"4018"	"ENSG00000154227"	1.13943102972189
"4019"	"ENSG00000154240"	2.22568299482965
"4020"	"ENSG00000154252"	5.36378598900842
"4021"	"ENSG00000154258"	5.58986811722692
"4022"	"ENSG00000154262"	4.12471422700375
"4023"	"ENSG00000154263"	5.95083755020034
"4024"	"ENSG00000154265"	2.51166140934698
"4025"	"ENSG00000154269"	3.70073054239911
"4026"	"ENSG00000154274"	1.47465802529337
"4027"	"ENSG00000154305"	1.68179618815359
"4028"	"ENSG00000154310"	2.37150356173281
"4029"	"ENSG00000154319"	3.16988057807291
"4030"	"ENSG00000154330"	3.87990389450282
"4031"	"ENSG00000154342"	2.46059032648071
"4032"	"ENSG00000154358"	1.75423657869215
"4033"	"ENSG00000154359"	1.47906743977874
"4034"	"ENSG00000154380"	2.09159738650323
"4035"	"ENSG00000154429"	1.19355965348856
"4036"	"ENSG00000154451"	3.73281775368927
"4037"	"ENSG00000154473"	1.28674258753809
"4038"	"ENSG00000154478"	1.57792565889432
"4039"	"ENSG00000154493"	4.19156637503602
"4040"	"ENSG00000154529"	5.0459342375618
"4041"	"ENSG00000154548"	1.3020807770475
"4042"	"ENSG00000154620"	8.75115835488655
"4043"	"ENSG00000154639"	2.99601471396991
"4044"	"ENSG00000154654"	2.20362985551132
"4045"	"ENSG00000154655"	2.15809174045648
"4046"	"ENSG00000154678"	2.97246041393346
"4047"	"ENSG00000154721"	2.10159673053375
"4048"	"ENSG00000154734"	3.51569273626918
"4049"	"ENSG00000154736"	2.6022785073099
"4050"	"ENSG00000154783"	1.11680764082501
"4051"	"ENSG00000154803"	1.41496858410548
"4052"	"ENSG00000154822"	1.22228193820957
"4053"	"ENSG00000154839"	5.09355117798089
"4054"	"ENSG00000154856"	2.3562521261351
"4055"	"ENSG00000154874"	2.50203193938024
"4056"	"ENSG00000154920"	3.52920630067129
"4057"	"ENSG00000154928"	1.32293261234732
"4058"	"ENSG00000154975"	4.84005328660421
"4059"	"ENSG00000154978"	1.4095413301026
"4060"	"ENSG00000155034"	2.00443545937154
"4061"	"ENSG00000155066"	2.22601804110219
"4062"	"ENSG00000155096"	1.65567075841
"4063"	"ENSG00000155099"	1.67041191700915
"4064"	"ENSG00000155115"	1.2982176095697
"4065"	"ENSG00000155189"	1.16327017902394
"4066"	"ENSG00000155269"	1.7723539761134
"4067"	"ENSG00000155304"	1.20819036994612
"4068"	"ENSG00000155324"	1.01205295803252
"4069"	"ENSG00000155330"	1.23704704971056
"4070"	"ENSG00000155368"	1.66917618954391
"4071"	"ENSG00000155393"	1.12903259118405
"4072"	"ENSG00000155428"	2.606293670283
"4073"	"ENSG00000155465"	1.18969643101082
"4074"	"ENSG00000155511"	4.06718406112722
"4075"	"ENSG00000155561"	1.02612498344496
"4076"	"ENSG00000155629"	1.62181297162429
"4077"	"ENSG00000155657"	2.32909280400961
"4078"	"ENSG00000155659"	1.78770379908431
"4079"	"ENSG00000155660"	2.10648782928237
"4080"	"ENSG00000155719"	1.28678803517975
"4081"	"ENSG00000155816"	2.02473573471923
"4082"	"ENSG00000155827"	1.09282090724809
"4083"	"ENSG00000155875"	1.0596232789493
"4084"	"ENSG00000155886"	5.16462270265654
"4085"	"ENSG00000155893"	1.16167751541016
"4086"	"ENSG00000155918"	3.92519320080256
"4087"	"ENSG00000155957"	2.17072416318635
"4088"	"ENSG00000155959"	1.08559068744351
"4089"	"ENSG00000155961"	2.27711289081802
"4090"	"ENSG00000155962"	1.26292880026038
"4091"	"ENSG00000155970"	3.94622401717046
"4092"	"ENSG00000155974"	2.63797926026009
"4093"	"ENSG00000155980"	1.20203239544316
"4094"	"ENSG00000156006"	3.27995808881909
"4095"	"ENSG00000156009"	3.54668170718192
"4096"	"ENSG00000156011"	1.03628018658822
"4097"	"ENSG00000156017"	1.22770917698245
"4098"	"ENSG00000156042"	1.79366077911706
"4099"	"ENSG00000156049"	1.12119891198705
"4100"	"ENSG00000156076"	4.76623970567561
"4101"	"ENSG00000156096"	7.33855853709014
"4102"	"ENSG00000156110"	1.45792731585542
"4103"	"ENSG00000156113"	1.0493557064936
"4104"	"ENSG00000156127"	1.89451409274911
"4105"	"ENSG00000156136"	1.16929252652321
"4106"	"ENSG00000156140"	2.78880765618111
"4107"	"ENSG00000156150"	2.13805176278042
"4108"	"ENSG00000156170"	1.78485179534764
"4109"	"ENSG00000156194"	2.16686612856397
"4110"	"ENSG00000156234"	3.92928579899036
"4111"	"ENSG00000156261"	1.18335565784413
"4112"	"ENSG00000156269"	3.61002239795299
"4113"	"ENSG00000156298"	4.23340005231154
"4114"	"ENSG00000156299"	1.04691743646327
"4115"	"ENSG00000156313"	2.3535950019458
"4116"	"ENSG00000156411"	1.06608684657915
"4117"	"ENSG00000156414"	1.31794183111657
"4118"	"ENSG00000156427"	1.50379010973272
"4119"	"ENSG00000156469"	1.20368680177161
"4120"	"ENSG00000156471"	1.40632929885169
"4121"	"ENSG00000156486"	2.5036564191064
"4122"	"ENSG00000156509"	2.32891776192668
"4123"	"ENSG00000156515"	1.09991349890592
"4124"	"ENSG00000156531"	1.29324392870656
"4125"	"ENSG00000156564"	4.25387616818611
"4126"	"ENSG00000156574"	1.86819818561176
"4127"	"ENSG00000156587"	1.49111674015295
"4128"	"ENSG00000156599"	1.15609878290748
"4129"	"ENSG00000156675"	2.43915496593754
"4130"	"ENSG00000156689"	6.12267063819507
"4131"	"ENSG00000156709"	1.80908828510422
"4132"	"ENSG00000156711"	1.43454126503161
"4133"	"ENSG00000156738"	2.72504933521334
"4134"	"ENSG00000156787"	1.944897969344
"4135"	"ENSG00000156795"	1.25406784168584
"4136"	"ENSG00000156802"	2.76371921144367
"4137"	"ENSG00000156831"	1.08798914799526
"4138"	"ENSG00000156869"	2.37279840766686
"4139"	"ENSG00000156875"	6.18382942444361
"4140"	"ENSG00000156876"	1.13260090617804
"4141"	"ENSG00000156885"	3.31205340968403
"4142"	"ENSG00000156886"	1.88207077208534
"4143"	"ENSG00000156920"	4.80416187801247
"4144"	"ENSG00000156966"	1.8654757493178
"4145"	"ENSG00000156968"	3.07795507727432
"4146"	"ENSG00000156970"	4.13116936022237
"4147"	"ENSG00000157020"	1.26294843080006
"4148"	"ENSG00000157021"	1.00430376944803
"4149"	"ENSG00000157064"	2.79510036074316
"4150"	"ENSG00000157110"	2.56889649500649
"4151"	"ENSG00000157111"	2.21948111843327
"4152"	"ENSG00000157119"	5.72231679491688
"4153"	"ENSG00000157150"	6.75323059044898
"4154"	"ENSG00000157152"	5.33111850087444
"4155"	"ENSG00000157168"	1.31071332431748
"4156"	"ENSG00000157193"	1.3021655078181
"4157"	"ENSG00000157211"	4.52583539762313
"4158"	"ENSG00000157214"	1.47831966924726
"4159"	"ENSG00000157306"	1.82601190154417
"4160"	"ENSG00000157322"	1.32857996656594
"4161"	"ENSG00000157343"	1.4040856456821
"4162"	"ENSG00000157368"	1.32628691206448
"4163"	"ENSG00000157404"	1.91801509196304
"4164"	"ENSG00000157423"	1.1528106899335
"4165"	"ENSG00000157445"	1.57434648084007
"4166"	"ENSG00000157456"	4.60870163274929
"4167"	"ENSG00000157470"	1.92196425765028
"4168"	"ENSG00000157510"	2.36486016869162
"4169"	"ENSG00000157514"	1.540914013688
"4170"	"ENSG00000157542"	2.70283655640857
"4171"	"ENSG00000157554"	2.36501482447322
"4172"	"ENSG00000157557"	2.15639966448476
"4173"	"ENSG00000157578"	1.35741542460495
"4174"	"ENSG00000157593"	1.30243531174634
"4175"	"ENSG00000157601"	1.80647899440926
"4176"	"ENSG00000157613"	2.85944817892309
"4177"	"ENSG00000157617"	1.2760299574345
"4178"	"ENSG00000157653"	1.04516338954895
"4179"	"ENSG00000157693"	1.34872436502684
"4180"	"ENSG00000157703"	1.64194618795724
"4181"	"ENSG00000157766"	2.13609916423559
"4182"	"ENSG00000157778"	1.47238606222928
"4183"	"ENSG00000157782"	3.76423106199633
"4184"	"ENSG00000157796"	1.48632587236741
"4185"	"ENSG00000157823"	1.269872970049
"4186"	"ENSG00000157851"	4.26616486942191
"4187"	"ENSG00000157856"	1.96709094344507
"4188"	"ENSG00000157870"	1.27240536260003
"4189"	"ENSG00000157873"	1.58430948232519
"4190"	"ENSG00000157890"	1.1176500386292
"4191"	"ENSG00000157927"	1.81451425136178
"4192"	"ENSG00000157978"	1.06129631447414
"4193"	"ENSG00000157992"	1.26207745576681
"4194"	"ENSG00000158006"	1.27604376354823
"4195"	"ENSG00000158014"	1.55681424722152
"4196"	"ENSG00000158022"	1.69175194466591
"4197"	"ENSG00000158042"	1.6468720325373
"4198"	"ENSG00000158055"	2.79737696314403
"4199"	"ENSG00000158089"	3.01128830541831
"4200"	"ENSG00000158104"	3.32563709808623
"4201"	"ENSG00000158125"	1.04401960052834
"4202"	"ENSG00000158158"	1.52325645771204
"4203"	"ENSG00000158163"	2.09517552613105
"4204"	"ENSG00000158164"	3.14317867471124
"4205"	"ENSG00000158169"	1.19812055258099
"4206"	"ENSG00000158186"	1.90447430342544
"4207"	"ENSG00000158258"	1.08488886691566
"4208"	"ENSG00000158286"	1.6306804911637
"4209"	"ENSG00000158292"	1.13274506769568
"4210"	"ENSG00000158296"	1.61998035005441
"4211"	"ENSG00000158301"	1.02757290819206
"4212"	"ENSG00000158315"	1.82391791893663
"4213"	"ENSG00000158352"	1.82637609074174
"4214"	"ENSG00000158373"	2.77432668027148
"4215"	"ENSG00000158402"	5.45740423183805
"4216"	"ENSG00000158406"	4.82445950288615
"4217"	"ENSG00000158417"	1.04315825654678
"4218"	"ENSG00000158423"	1.48433234153886
"4219"	"ENSG00000158428"	1.30200102753864
"4220"	"ENSG00000158435"	1.27609823723157
"4221"	"ENSG00000158445"	3.08067691859343
"4222"	"ENSG00000158457"	1.86599285768905
"4223"	"ENSG00000158458"	2.70115976457463
"4224"	"ENSG00000158477"	3.66931407103099
"4225"	"ENSG00000158480"	1.39938670678924
"4226"	"ENSG00000158481"	1.52064156071959
"4227"	"ENSG00000158482"	1.92614232976061
"4228"	"ENSG00000158485"	3.2161576090182
"4229"	"ENSG00000158486"	3.74065104727806
"4230"	"ENSG00000158488"	3.20956047335164
"4231"	"ENSG00000158516"	5.94134416782056
"4232"	"ENSG00000158517"	1.36274590244172
"4233"	"ENSG00000158525"	2.38814462769419
"4234"	"ENSG00000158555"	1.20358753420398
"4235"	"ENSG00000158560"	1.98852271053605
"4236"	"ENSG00000158571"	2.84341109607242
"4237"	"ENSG00000158578"	4.15452656300128
"4238"	"ENSG00000158683"	1.10831438466972
"4239"	"ENSG00000158710"	1.38542159328213
"4240"	"ENSG00000158715"	1.06517107948076
"4241"	"ENSG00000158748"	2.72367747156217
"4242"	"ENSG00000158769"	1.17832337019594
"4243"	"ENSG00000158805"	1.56041237437096
"4244"	"ENSG00000158813"	3.15411814809754
"4245"	"ENSG00000158815"	4.20774843773425
"4246"	"ENSG00000158828"	1.04710204701261
"4247"	"ENSG00000158850"	1.14598423725897
"4248"	"ENSG00000158856"	1.51840200600683
"4249"	"ENSG00000158859"	2.08585407278337
"4250"	"ENSG00000158863"	1.16963817297422
"4251"	"ENSG00000158865"	2.89410912995213
"4252"	"ENSG00000158874"	3.70217266141739
"4253"	"ENSG00000158887"	4.90167272995707
"4254"	"ENSG00000158966"	2.70813226643133
"4255"	"ENSG00000158987"	1.03911965153317
"4256"	"ENSG00000159055"	2.29464115818822
"4257"	"ENSG00000159063"	2.0026814411956
"4258"	"ENSG00000159079"	1.73798141424457
"4259"	"ENSG00000159110"	4.24974809505586
"4260"	"ENSG00000159131"	1.02005506631324
"4261"	"ENSG00000159164"	1.16548966153032
"4262"	"ENSG00000159166"	3.2453163151086
"4263"	"ENSG00000159184"	5.2363717856354
"4264"	"ENSG00000159189"	1.22869383820288
"4265"	"ENSG00000159197"	3.35015932417098
"4266"	"ENSG00000159199"	2.21170268254856
"4267"	"ENSG00000159202"	1.90463633754156
"4268"	"ENSG00000159210"	1.082233461665
"4269"	"ENSG00000159212"	1.16724384626204
"4270"	"ENSG00000159217"	4.87781852439863
"4271"	"ENSG00000159247"	2.23056856285015
"4272"	"ENSG00000159251"	4.63759819119193
"4273"	"ENSG00000159259"	2.35873532969946
"4274"	"ENSG00000159261"	2.02189679317006
"4275"	"ENSG00000159263"	1.63572214650101
"4276"	"ENSG00000159267"	1.5419986309988
"4277"	"ENSG00000159307"	1.07233410197976
"4278"	"ENSG00000159337"	2.2728372139229
"4279"	"ENSG00000159339"	1.95609678435242
"4280"	"ENSG00000159346"	1.59083499651508
"4281"	"ENSG00000159352"	1.09402148749391
"4282"	"ENSG00000159377"	1.14391920871814
"4283"	"ENSG00000159387"	1.54162922987421
"4284"	"ENSG00000159399"	1.29562065996111
"4285"	"ENSG00000159403"	1.58316606400333
"4286"	"ENSG00000159409"	2.34528657982959
"4287"	"ENSG00000159433"	4.04708824279013
"4288"	"ENSG00000159450"	1.477872116044
"4289"	"ENSG00000159496"	1.76401035068319
"4290"	"ENSG00000159556"	3.82720061818221
"4291"	"ENSG00000159579"	1.14440672867118
"4292"	"ENSG00000159588"	1.86604566259925
"4293"	"ENSG00000159618"	2.18793816019349
"4294"	"ENSG00000159648"	2.04234339123117
"4295"	"ENSG00000159714"	1.3155886785196
"4296"	"ENSG00000159720"	1.029975867881
"4297"	"ENSG00000159733"	1.42409882081356
"4298"	"ENSG00000159761"	2.41937928380929
"4299"	"ENSG00000159763"	2.69799265696446
"4300"	"ENSG00000159784"	1.29535522689477
"4301"	"ENSG00000159871"	1.07603505980467
"4302"	"ENSG00000159873"	1.49837949623547
"4303"	"ENSG00000159884"	2.66400148161408
"4304"	"ENSG00000159899"	2.42649440627604
"4305"	"ENSG00000159958"	1.02602761665925
"4306"	"ENSG00000160007"	1.06177826782053
"4307"	"ENSG00000160013"	1.21863090955926
"4308"	"ENSG00000160055"	1.14822082453882
"4309"	"ENSG00000160097"	1.61239138208809
"4310"	"ENSG00000160117"	1.18258051883324
"4311"	"ENSG00000160124"	1.18887168540944
"4312"	"ENSG00000160131"	1.04015257949583
"4313"	"ENSG00000160145"	1.61840762437861
"4314"	"ENSG00000160161"	3.62432548632586
"4315"	"ENSG00000160180"	3.97898361898208
"4316"	"ENSG00000160182"	5.27839819328274
"4317"	"ENSG00000160183"	1.18289033403748
"4318"	"ENSG00000160185"	2.37247593072902
"4319"	"ENSG00000160188"	2.91462950215323
"4320"	"ENSG00000160190"	2.20836144974683
"4321"	"ENSG00000160191"	1.05380788551997
"4322"	"ENSG00000160207"	1.49748671546912
"4323"	"ENSG00000160208"	1.09578193968412
"4324"	"ENSG00000160211"	2.17232429039824
"4325"	"ENSG00000160213"	1.44386107793646
"4326"	"ENSG00000160216"	1.14843638345435
"4327"	"ENSG00000160219"	1.70629314245742
"4328"	"ENSG00000160224"	2.93553634695203
"4329"	"ENSG00000160226"	1.69061233603309
"4330"	"ENSG00000160229"	2.28427845248957
"4331"	"ENSG00000160255"	1.63179984797992
"4332"	"ENSG00000160271"	3.88713552926108
"4333"	"ENSG00000160293"	1.40900320043274
"4334"	"ENSG00000160298"	1.08542390605822
"4335"	"ENSG00000160307"	4.59310142422636
"4336"	"ENSG00000160318"	1.46820410831172
"4337"	"ENSG00000160325"	2.31295162035319
"4338"	"ENSG00000160345"	1.96543439910068
"4339"	"ENSG00000160352"	1.33159750277766
"4340"	"ENSG00000160401"	2.59527275989192
"4341"	"ENSG00000160404"	1.27303751492828
"4342"	"ENSG00000160408"	9.3715449345123
"4343"	"ENSG00000160446"	1.82502955151313
"4344"	"ENSG00000160447"	1.49446816723248
"4345"	"ENSG00000160460"	1.24662138647561
"4346"	"ENSG00000160471"	1.61442984103671
"4347"	"ENSG00000160539"	1.85006861257813
"4348"	"ENSG00000160551"	1.03060473376367
"4349"	"ENSG00000160593"	1.23278696407315
"4350"	"ENSG00000160606"	3.70284995933494
"4351"	"ENSG00000160654"	3.55593777511874
"4352"	"ENSG00000160678"	1.76711268520982
"4353"	"ENSG00000160688"	1.40454976552059
"4354"	"ENSG00000160710"	1.39663472712843
"4355"	"ENSG00000160716"	1.13481321025931
"4356"	"ENSG00000160753"	1.13162835470293
"4357"	"ENSG00000160783"	1.02339249124344
"4358"	"ENSG00000160791"	3.92568769602267
"4359"	"ENSG00000160801"	3.77210911101537
"4360"	"ENSG00000160808"	2.41860566788848
"4361"	"ENSG00000160856"	3.04089584886542
"4362"	"ENSG00000160867"	3.01416593130605
"4363"	"ENSG00000160868"	3.18067540103307
"4364"	"ENSG00000160870"	5.39550991023784
"4365"	"ENSG00000160877"	2.17441061135938
"4366"	"ENSG00000160882"	6.01180941066796
"4367"	"ENSG00000160932"	1.25950248412088
"4368"	"ENSG00000160949"	2.38321240274355
"4369"	"ENSG00000160951"	2.09359143191807
"4370"	"ENSG00000160957"	2.22225860938989
"4371"	"ENSG00000160961"	1.55338515296584
"4372"	"ENSG00000160991"	1.14091687125578
"4373"	"ENSG00000161010"	2.34896781713783
"4374"	"ENSG00000161055"	1.86658598940504
"4375"	"ENSG00000161132"	2.51690754789107
"4376"	"ENSG00000161179"	1.05681910768601
"4377"	"ENSG00000161180"	2.9013543389933
"4378"	"ENSG00000161265"	3.17445288414883
"4379"	"ENSG00000161267"	1.65258092957738
"4380"	"ENSG00000161281"	2.73143879001147
"4381"	"ENSG00000161395"	3.72055524681079
"4382"	"ENSG00000161405"	4.10250137378532
"4383"	"ENSG00000161513"	1.24760445296094
"4384"	"ENSG00000161544"	2.90067075790035
"4385"	"ENSG00000161551"	1.64315488325249
"4386"	"ENSG00000161594"	3.44185966524182
"4387"	"ENSG00000161609"	1.85756580549447
"4388"	"ENSG00000161634"	5.26541277510278
"4389"	"ENSG00000161640"	2.08673658840203
"4390"	"ENSG00000161643"	1.24263531768641
"4391"	"ENSG00000161649"	7.41297567095332
"4392"	"ENSG00000161653"	1.27684669711091
"4393"	"ENSG00000161682"	2.32572857204848
"4394"	"ENSG00000161714"	1.41821030021807
"4395"	"ENSG00000161798"	3.19172161943374
"4396"	"ENSG00000161800"	3.18932783989842
"4397"	"ENSG00000161835"	3.45720424168365
"4398"	"ENSG00000161847"	1.24144750740455
"4399"	"ENSG00000161888"	3.89746887626006
"4400"	"ENSG00000161896"	1.50744954522437
"4401"	"ENSG00000161905"	2.2801301391006
"4402"	"ENSG00000161912"	1.35407520839749
"4403"	"ENSG00000161929"	1.43482035390782
"4404"	"ENSG00000161940"	1.24435970797653
"4405"	"ENSG00000161955"	1.4631749290595
"4406"	"ENSG00000161956"	2.43916820272374
"4407"	"ENSG00000161958"	5.42776518219434
"4408"	"ENSG00000161960"	8.77577316527866
"4409"	"ENSG00000161970"	4.58963850337697
"4410"	"ENSG00000161980"	2.13758788918924
"4411"	"ENSG00000161981"	1.71574313129489
"4412"	"ENSG00000162004"	2.61193196155722
"4413"	"ENSG00000162006"	3.11876714474203
"4414"	"ENSG00000162032"	7.00484433789482
"4415"	"ENSG00000162040"	2.96296420786264
"4416"	"ENSG00000162062"	3.34232815393133
"4417"	"ENSG00000162063"	2.97278378159466
"4418"	"ENSG00000162065"	1.29298936198983
"4419"	"ENSG00000162073"	3.069525123388
"4420"	"ENSG00000162078"	2.59026349495892
"4421"	"ENSG00000162105"	1.46822904249184
"4422"	"ENSG00000162129"	1.92096217964751
"4423"	"ENSG00000162148"	1.6850461616671
"4424"	"ENSG00000162194"	1.20744077243473
"4425"	"ENSG00000162267"	3.10164314257894
"4426"	"ENSG00000162300"	2.96830374593432
"4427"	"ENSG00000162341"	2.16971664540685
"4428"	"ENSG00000162365"	1.19367085892494
"4429"	"ENSG00000162366"	2.88626960667048
"4430"	"ENSG00000162367"	3.64481957690711
"4431"	"ENSG00000162373"	1.2338449240296
"4432"	"ENSG00000162374"	3.68150786069619
"4433"	"ENSG00000162377"	1.52105206787349
"4434"	"ENSG00000162383"	2.97175374372327
"4435"	"ENSG00000162396"	1.71988950937806
"4436"	"ENSG00000162399"	2.1156126903983
"4437"	"ENSG00000162407"	2.78166557959688
"4438"	"ENSG00000162409"	1.67984934862585
"4439"	"ENSG00000162413"	1.27282236359776
"4440"	"ENSG00000162426"	2.06402811906442
"4441"	"ENSG00000162438"	5.13056960649142
"4442"	"ENSG00000162441"	1.9129012801887
"4443"	"ENSG00000162444"	4.94141136827876
"4444"	"ENSG00000162461"	2.51778716476373
"4445"	"ENSG00000162482"	1.84285861118902
"4446"	"ENSG00000162490"	2.90657142209608
"4447"	"ENSG00000162494"	3.60327667996918
"4448"	"ENSG00000162496"	1.39874588857792
"4449"	"ENSG00000162522"	1.62018892631555
"4450"	"ENSG00000162526"	5.45977513256505
"4451"	"ENSG00000162543"	1.46976603564696
"4452"	"ENSG00000162545"	1.57333007866479
"4453"	"ENSG00000162551"	1.81264615782484
"4454"	"ENSG00000162571"	3.35145359700214
"4455"	"ENSG00000162572"	2.30556194091342
"4456"	"ENSG00000162601"	1.25479094228202
"4457"	"ENSG00000162607"	1.13561591566287
"4458"	"ENSG00000162614"	1.5898899036273
"4459"	"ENSG00000162618"	2.50334457661869
"4460"	"ENSG00000162631"	2.27463012347488
"4461"	"ENSG00000162639"	2.20480269725044
"4462"	"ENSG00000162643"	1.16969965279121
"4463"	"ENSG00000162669"	4.01890646434136
"4464"	"ENSG00000162670"	6.98020931134454
"4465"	"ENSG00000162676"	1.18479178279172
"4466"	"ENSG00000162687"	2.6802034808761
"4467"	"ENSG00000162688"	1.92900891811359
"4468"	"ENSG00000162702"	1.86976632644878
"4469"	"ENSG00000162704"	1.02018940068215
"4470"	"ENSG00000162706"	4.04467295101908
"4471"	"ENSG00000162722"	2.01972436623177
"4472"	"ENSG00000162723"	2.02877643303096
"4473"	"ENSG00000162729"	1.19399475011947
"4474"	"ENSG00000162733"	1.82738134953019
"4475"	"ENSG00000162736"	1.07235995509102
"4476"	"ENSG00000162739"	2.47992735888182
"4477"	"ENSG00000162745"	1.08797962726073
"4478"	"ENSG00000162747"	1.28345026424456
"4479"	"ENSG00000162755"	1.3589079678296
"4480"	"ENSG00000162757"	1.7060896105822
"4481"	"ENSG00000162761"	2.79932722423339
"4482"	"ENSG00000162769"	1.35841582264516
"4483"	"ENSG00000162772"	2.10259122450905
"4484"	"ENSG00000162777"	1.38100133238903
"4485"	"ENSG00000162782"	1.06006597730268
"4486"	"ENSG00000162804"	1.68490288114123
"4487"	"ENSG00000162813"	1.65503387070751
"4488"	"ENSG00000162814"	2.81809309912191
"4489"	"ENSG00000162819"	1.52721104418356
"4490"	"ENSG00000162843"	2.46495492420995
"4491"	"ENSG00000162849"	4.54471209014372
"4492"	"ENSG00000162851"	1.49045816016761
"4493"	"ENSG00000162873"	1.38554380253183
"4494"	"ENSG00000162877"	1.72350335558346
"4495"	"ENSG00000162878"	3.35886170081725
"4496"	"ENSG00000162881"	1.11661457618646
"4497"	"ENSG00000162882"	1.65631565263019
"4498"	"ENSG00000162885"	1.85042946613741
"4499"	"ENSG00000162889"	1.08230969161381
"4500"	"ENSG00000162891"	2.37042618837571
"4501"	"ENSG00000162892"	1.28676728408193
"4502"	"ENSG00000162894"	1.45062969001615
"4503"	"ENSG00000162913"	1.0872087435297
"4504"	"ENSG00000162927"	1.62204193250412
"4505"	"ENSG00000162928"	1.62402725104267
"4506"	"ENSG00000162931"	1.09623546808624
"4507"	"ENSG00000162944"	1.18530325092896
"4508"	"ENSG00000162949"	3.69357747383109
"4509"	"ENSG00000162951"	3.35349047515678
"4510"	"ENSG00000162961"	1.37178443653717
"4511"	"ENSG00000162972"	1.00141951245539
"4512"	"ENSG00000162975"	2.17091097051113
"4513"	"ENSG00000162981"	1.64632810732021
"4514"	"ENSG00000162989"	4.88924338621501
"4515"	"ENSG00000162997"	1.80271010005512
"4516"	"ENSG00000163006"	2.12978430600499
"4517"	"ENSG00000163012"	3.56437602663736
"4518"	"ENSG00000163017"	3.09317270757325
"4519"	"ENSG00000163032"	1.82908457391388
"4520"	"ENSG00000163050"	9.28309197059608
"4521"	"ENSG00000163072"	1.42071540551867
"4522"	"ENSG00000163075"	2.16764607600497
"4523"	"ENSG00000163082"	3.4992226171193
"4524"	"ENSG00000163092"	4.22416205867012
"4525"	"ENSG00000163093"	1.65645727862856
"4526"	"ENSG00000163131"	1.73293808925248
"4527"	"ENSG00000163132"	2.53125290748803
"4528"	"ENSG00000163145"	3.26707083255147
"4529"	"ENSG00000163154"	1.31257462710985
"4530"	"ENSG00000163159"	1.27064546688968
"4531"	"ENSG00000163171"	1.38317632125667
"4532"	"ENSG00000163191"	2.01225259132988
"4533"	"ENSG00000163207"	3.7358115343329
"4534"	"ENSG00000163209"	2.31141605391326
"4535"	"ENSG00000163214"	1.00826194269332
"4536"	"ENSG00000163216"	1.40369903155017
"4537"	"ENSG00000163220"	3.68109447928648
"4538"	"ENSG00000163221"	2.79890207181736
"4539"	"ENSG00000163235"	1.25422069366151
"4540"	"ENSG00000163239"	4.22471561681957
"4541"	"ENSG00000163285"	3.73343751983324
"4542"	"ENSG00000163293"	1.90698906603177
"4543"	"ENSG00000163297"	1.63472848030907
"4544"	"ENSG00000163331"	2.22959829395527
"4545"	"ENSG00000163344"	1.39773059529641
"4546"	"ENSG00000163347"	2.5138917842219
"4547"	"ENSG00000163348"	1.53624041925906
"4548"	"ENSG00000163354"	1.68206293914781
"4549"	"ENSG00000163362"	3.71735785924082
"4550"	"ENSG00000163376"	1.5611251937338
"4551"	"ENSG00000163378"	1.2436122160583
"4552"	"ENSG00000163382"	1.62744620647253
"4553"	"ENSG00000163394"	1.83951933064134
"4554"	"ENSG00000163395"	4.00599377041117
"4555"	"ENSG00000163406"	2.22604083267914
"4556"	"ENSG00000163421"	3.21472989460413
"4557"	"ENSG00000163431"	3.52374778311908
"4558"	"ENSG00000163453"	1.16199614296444
"4559"	"ENSG00000163462"	1.72382009244219
"4560"	"ENSG00000163463"	4.40753701926077
"4561"	"ENSG00000163467"	1.4559057125299
"4562"	"ENSG00000163468"	2.08234306862102
"4563"	"ENSG00000163472"	1.6273987987488
"4564"	"ENSG00000163492"	1.06138940565761
"4565"	"ENSG00000163507"	2.53169262868315
"4566"	"ENSG00000163508"	2.21102455622357
"4567"	"ENSG00000163513"	2.45677930125236
"4568"	"ENSG00000163519"	1.81291439702974
"4569"	"ENSG00000163520"	1.11134360953812
"4570"	"ENSG00000163527"	1.63714117475642
"4571"	"ENSG00000163534"	1.95781327530804
"4572"	"ENSG00000163535"	2.72181686666195
"4573"	"ENSG00000163545"	2.09953848686533
"4574"	"ENSG00000163554"	1.67382462424815
"4575"	"ENSG00000163558"	1.15029734326947
"4576"	"ENSG00000163563"	1.47049036464731
"4577"	"ENSG00000163568"	2.75753154722648
"4578"	"ENSG00000163586"	8.78631745471831
"4579"	"ENSG00000163596"	2.20670216670784
"4580"	"ENSG00000163599"	1.76082109689828
"4581"	"ENSG00000163600"	3.41363581005548
"4582"	"ENSG00000163611"	3.15386893292607
"4583"	"ENSG00000163618"	1.37297172840492
"4584"	"ENSG00000163623"	1.56143789023977
"4585"	"ENSG00000163624"	2.68799961546331
"4586"	"ENSG00000163626"	1.18145821233712
"4587"	"ENSG00000163631"	2.40482186790191
"4588"	"ENSG00000163633"	6.39969133919096
"4589"	"ENSG00000163638"	3.14235215108275
"4590"	"ENSG00000163655"	1.65121343385683
"4591"	"ENSG00000163660"	1.62990027284194
"4592"	"ENSG00000163661"	6.3491549379753
"4593"	"ENSG00000163683"	2.11593022772244
"4594"	"ENSG00000163687"	3.6210833044496
"4595"	"ENSG00000163689"	2.76036566359461
"4596"	"ENSG00000163694"	2.12418776773805
"4597"	"ENSG00000163703"	4.25763398975419
"4598"	"ENSG00000163704"	1.71944385953752
"4599"	"ENSG00000163710"	5.24542746825363
"4600"	"ENSG00000163728"	1.67432389409009
"4601"	"ENSG00000163734"	2.60652425243075
"4602"	"ENSG00000163735"	1.45082404346953
"4603"	"ENSG00000163736"	1.9047424583921
"4604"	"ENSG00000163737"	3.32797353166224
"4605"	"ENSG00000163749"	1.36364458372343
"4606"	"ENSG00000163788"	1.61438563844923
"4607"	"ENSG00000163793"	2.57124516791095
"4608"	"ENSG00000163808"	4.05936175395169
"4609"	"ENSG00000163814"	2.92938506586196
"4610"	"ENSG00000163815"	4.0681076636352
"4611"	"ENSG00000163823"	1.67728413716558
"4612"	"ENSG00000163827"	3.02870723688731
"4613"	"ENSG00000163833"	4.20409034860549
"4614"	"ENSG00000163840"	1.49140704934478
"4615"	"ENSG00000163864"	1.23006444055603
"4616"	"ENSG00000163867"	1.32470733760039
"4617"	"ENSG00000163884"	5.17710941026956
"4618"	"ENSG00000163888"	5.8772896938508
"4619"	"ENSG00000163898"	2.48315345901256
"4620"	"ENSG00000163900"	1.07559416068863
"4621"	"ENSG00000163902"	1.69518302955215
"4622"	"ENSG00000163918"	1.90569798674416
"4623"	"ENSG00000163923"	2.06490199903291
"4624"	"ENSG00000163958"	2.12435303646037
"4625"	"ENSG00000163959"	1.00312210152026
"4626"	"ENSG00000163964"	1.69399737932093
"4627"	"ENSG00000163993"	6.42443149662293
"4628"	"ENSG00000163995"	2.33240825661806
"4629"	"ENSG00000164007"	3.52229288741696
"4630"	"ENSG00000164008"	1.59717267737185
"4631"	"ENSG00000164032"	1.77706672942076
"4632"	"ENSG00000164035"	2.42369647939316
"4633"	"ENSG00000164038"	1.21279088453429
"4634"	"ENSG00000164039"	1.31482273546329
"4635"	"ENSG00000164045"	3.78295734461217
"4636"	"ENSG00000164047"	4.07712715625243
"4637"	"ENSG00000164049"	1.86302176876765
"4638"	"ENSG00000164051"	1.04659318238558
"4639"	"ENSG00000164056"	2.9459383308656
"4640"	"ENSG00000164062"	1.51046284848371
"4641"	"ENSG00000164066"	1.350229278282
"4642"	"ENSG00000164078"	2.32269630907755
"4643"	"ENSG00000164087"	3.07948053177056
"4644"	"ENSG00000164089"	1.01465674170414
"4645"	"ENSG00000164099"	3.88284805247283
"4646"	"ENSG00000164100"	1.09671278881302
"4647"	"ENSG00000164106"	2.71940419952549
"4648"	"ENSG00000164107"	3.35389544877226
"4649"	"ENSG00000164109"	3.62538086021212
"4650"	"ENSG00000164114"	1.20984882020676
"4651"	"ENSG00000164120"	2.15904497773327
"4652"	"ENSG00000164122"	4.12474782820409
"4653"	"ENSG00000164128"	3.67513986484391
"4654"	"ENSG00000164129"	5.72557839131012
"4655"	"ENSG00000164134"	1.20095899784824
"4656"	"ENSG00000164136"	1.33974515768852
"4657"	"ENSG00000164142"	3.15627898625195
"4658"	"ENSG00000164161"	2.14748038948419
"4659"	"ENSG00000164162"	1.2081283991081
"4660"	"ENSG00000164171"	1.32497133135945
"4661"	"ENSG00000164175"	1.05991475397967
"4662"	"ENSG00000164176"	1.10787927279355
"4663"	"ENSG00000164187"	1.06093217175571
"4664"	"ENSG00000164197"	1.18278169124548
"4665"	"ENSG00000164199"	2.20516120700923
"4666"	"ENSG00000164220"	2.11647585791302
"4667"	"ENSG00000164236"	1.68614582601759
"4668"	"ENSG00000164237"	2.40306124483596
"4669"	"ENSG00000164244"	1.50400288432891
"4670"	"ENSG00000164251"	2.36127881876136
"4671"	"ENSG00000164266"	1.78776852269407
"4672"	"ENSG00000164270"	1.41250048561859
"4673"	"ENSG00000164283"	4.592699307136
"4674"	"ENSG00000164294"	1.5146929812879
"4675"	"ENSG00000164300"	1.2812822692601
"4676"	"ENSG00000164303"	1.25001345140531
"4677"	"ENSG00000164305"	1.68375297209542
"4678"	"ENSG00000164309"	2.03045759636262
"4679"	"ENSG00000164318"	2.65786098643206
"4680"	"ENSG00000164326"	2.29902403512819
"4681"	"ENSG00000164330"	3.10911038250681
"4682"	"ENSG00000164334"	1.30049982798176
"4683"	"ENSG00000164344"	1.94455829932176
"4684"	"ENSG00000164362"	3.12448593930281
"4685"	"ENSG00000164385"	1.25074659367484
"4686"	"ENSG00000164404"	1.38557860945584
"4687"	"ENSG00000164405"	1.34889009693992
"4688"	"ENSG00000164406"	1.91649612178735
"4689"	"ENSG00000164411"	2.57183561988346
"4690"	"ENSG00000164434"	7.6806240803431
"4691"	"ENSG00000164463"	1.52177316964177
"4692"	"ENSG00000164466"	1.36672794750594
"4693"	"ENSG00000164485"	1.49937878325139
"4694"	"ENSG00000164488"	1.96297518971434
"4695"	"ENSG00000164494"	1.13730062662527
"4696"	"ENSG00000164520"	1.00597929907989
"4697"	"ENSG00000164530"	2.77875020501817
"4698"	"ENSG00000164542"	2.06598907369728
"4699"	"ENSG00000164543"	1.10888921707231
"4700"	"ENSG00000164556"	1.8406159336727
"4701"	"ENSG00000164574"	1.61861289098746
"4702"	"ENSG00000164588"	1.03688288212911
"4703"	"ENSG00000164591"	1.56629817382892
"4704"	"ENSG00000164611"	4.26249265046496
"4705"	"ENSG00000164619"	4.00543641632175
"4706"	"ENSG00000164626"	1.45837924535848
"4707"	"ENSG00000164638"	1.29543165597247
"4708"	"ENSG00000164649"	1.03420468042563
"4709"	"ENSG00000164654"	1.14625511125048
"4710"	"ENSG00000164659"	1.14252103121661
"4711"	"ENSG00000164683"	1.47986111912554
"4712"	"ENSG00000164687"	3.43407566974666
"4713"	"ENSG00000164690"	1.80390196911843
"4714"	"ENSG00000164691"	1.41312413131157
"4715"	"ENSG00000164692"	2.60236160213489
"4716"	"ENSG00000164694"	3.10077626642475
"4717"	"ENSG00000164695"	1.46825841783063
"4718"	"ENSG00000164733"	1.27213986385066
"4719"	"ENSG00000164736"	4.49401487770597
"4720"	"ENSG00000164741"	2.35656315999289
"4721"	"ENSG00000164746"	1.52256508028225
"4722"	"ENSG00000164754"	1.53034330931283
"4723"	"ENSG00000164756"	5.81115691246482
"4724"	"ENSG00000164778"	1.71832597057928
"4725"	"ENSG00000164818"	1.21131114543116
"4726"	"ENSG00000164821"	4.57171795787625
"4727"	"ENSG00000164823"	1.25044776824123
"4728"	"ENSG00000164828"	1.10592507862316
"4729"	"ENSG00000164849"	4.17427027981388
"4730"	"ENSG00000164850"	2.29965550433068
"4731"	"ENSG00000164855"	1.21217683777939
"4732"	"ENSG00000164867"	1.88474042074639
"4733"	"ENSG00000164879"	4.06530540005695
"4734"	"ENSG00000164885"	1.91066570029603
"4735"	"ENSG00000164893"	3.03100671081918
"4736"	"ENSG00000164898"	4.54555040112927
"4737"	"ENSG00000164904"	1.12326191498557
"4738"	"ENSG00000164919"	1.26184981203579
"4739"	"ENSG00000164920"	1.60635503964523
"4740"	"ENSG00000164924"	1.81169210010276
"4741"	"ENSG00000164929"	1.19286694442038
"4742"	"ENSG00000164932"	2.30564233067865
"4743"	"ENSG00000164933"	7.68917985604347
"4744"	"ENSG00000164934"	1.88001751496326
"4745"	"ENSG00000164938"	1.27013415768236
"4746"	"ENSG00000164941"	1.37880750030394
"4747"	"ENSG00000164944"	1.22857776647169
"4748"	"ENSG00000164946"	2.3978294479169
"4749"	"ENSG00000164949"	1.71473216140773
"4750"	"ENSG00000164951"	1.97565614868274
"4751"	"ENSG00000164961"	1.23334846458338
"4752"	"ENSG00000164967"	1.07804313556685
"4753"	"ENSG00000164972"	1.35868939697706
"4754"	"ENSG00000164976"	2.04720814863536
"4755"	"ENSG00000164983"	1.18383151562257
"4756"	"ENSG00000165025"	1.55021603761031
"4757"	"ENSG00000165028"	2.22633529385617
"4758"	"ENSG00000165029"	1.35894832282661
"4759"	"ENSG00000165030"	2.07778534424192
"4760"	"ENSG00000165061"	3.07963168435031
"4761"	"ENSG00000165071"	1.03465830035704
"4762"	"ENSG00000165072"	3.30900320148895
"4763"	"ENSG00000165076"	1.27652923917198
"4764"	"ENSG00000165078"	4.01993510043441
"4765"	"ENSG00000165091"	1.80349489998838
"4766"	"ENSG00000165092"	1.78020291524515
"4767"	"ENSG00000165097"	1.45398323139781
"4768"	"ENSG00000165105"	1.54574137697481
"4769"	"ENSG00000165121"	1.69069704064554
"4770"	"ENSG00000165124"	3.62334013496926
"4771"	"ENSG00000165125"	3.18459991844296
"4772"	"ENSG00000165152"	2.19027397933567
"4773"	"ENSG00000165164"	3.25365439649249
"4774"	"ENSG00000165168"	2.11061625821019
"4775"	"ENSG00000165178"	1.0865668343072
"4776"	"ENSG00000165181"	1.62480412407806
"4777"	"ENSG00000165185"	1.4605423844861
"4778"	"ENSG00000165186"	1.34846895025456
"4779"	"ENSG00000165188"	1.11716946012461
"4780"	"ENSG00000165194"	2.12382081189829
"4781"	"ENSG00000165197"	5.61227960842952
"4782"	"ENSG00000165209"	2.24379013872904
"4783"	"ENSG00000165215"	2.15915284609271
"4784"	"ENSG00000165244"	2.68562246517365
"4785"	"ENSG00000165246"	7.43935760374848
"4786"	"ENSG00000165269"	6.83753110534276
"4787"	"ENSG00000165272"	3.09246974306215
"4788"	"ENSG00000165275"	1.07676528443807
"4789"	"ENSG00000165280"	1.08791152914126
"4790"	"ENSG00000165304"	5.49693292319077
"4791"	"ENSG00000165309"	4.97512714212069
"4792"	"ENSG00000165325"	1.38962650677789
"4793"	"ENSG00000165349"	3.94716648864227
"4794"	"ENSG00000165359"	1.08784625840094
"4795"	"ENSG00000165376"	2.26498194428521
"4796"	"ENSG00000165379"	2.58389272591107
"4797"	"ENSG00000165383"	1.09162541803737
"4798"	"ENSG00000165389"	1.61030088459797
"4799"	"ENSG00000165410"	2.16980301934169
"4800"	"ENSG00000165424"	1.91314537918975
"4801"	"ENSG00000165434"	1.86280526644311
"4802"	"ENSG00000165443"	1.67586075084211
"4803"	"ENSG00000165474"	5.19407374442223
"4804"	"ENSG00000165478"	5.89474382447411
"4805"	"ENSG00000165480"	5.6295372171063
"4806"	"ENSG00000165490"	3.10291109953305
"4807"	"ENSG00000165501"	1.20162597611559
"4808"	"ENSG00000165506"	1.18789464704931
"4809"	"ENSG00000165507"	4.16717731845058
"4810"	"ENSG00000165509"	1.20853225095589
"4811"	"ENSG00000165521"	1.41627165706704
"4812"	"ENSG00000165527"	1.44751086075443
"4813"	"ENSG00000165548"	2.8385133666247
"4814"	"ENSG00000165591"	1.7154063473428
"4815"	"ENSG00000165626"	1.36111588049688
"4816"	"ENSG00000165629"	1.32515257971082
"4817"	"ENSG00000165630"	1.5013009355723
"4818"	"ENSG00000165633"	1.64300973728375
"4819"	"ENSG00000165644"	1.10048568715095
"4820"	"ENSG00000165671"	1.06611863388458
"4821"	"ENSG00000165685"	3.33538110335232
"4822"	"ENSG00000165694"	1.34681599590228
"4823"	"ENSG00000165695"	1.6294255059646
"4824"	"ENSG00000165704"	1.27950652708215
"4825"	"ENSG00000165714"	1.04006589635806
"4826"	"ENSG00000165716"	1.51432583887647
"4827"	"ENSG00000165724"	1.13727928368369
"4828"	"ENSG00000165731"	4.10037633629883
"4829"	"ENSG00000165757"	1.05085090548649
"4830"	"ENSG00000165792"	1.58581482586052
"4831"	"ENSG00000165794"	1.1537790649634
"4832"	"ENSG00000165795"	2.97701707137655
"4833"	"ENSG00000165799"	2.17291237863946
"4834"	"ENSG00000165801"	1.66180378802877
"4835"	"ENSG00000165804"	2.2354257517349
"4836"	"ENSG00000165810"	7.10061650289402
"4837"	"ENSG00000165816"	2.91996561751227
"4838"	"ENSG00000165819"	1.02083654772099
"4839"	"ENSG00000165828"	4.94204699518821
"4840"	"ENSG00000165832"	1.28154884422349
"4841"	"ENSG00000165837"	1.38495422386824
"4842"	"ENSG00000165863"	2.5600034484213
"4843"	"ENSG00000165874"	1.53336688720904
"4844"	"ENSG00000165887"	1.64625067222068
"4845"	"ENSG00000165891"	4.29091970553965
"4846"	"ENSG00000165905"	1.508661244881
"4847"	"ENSG00000165914"	1.29773234869815
"4848"	"ENSG00000165929"	1.67879699639425
"4849"	"ENSG00000165934"	1.32131123447824
"4850"	"ENSG00000165935"	1.39934095516492
"4851"	"ENSG00000165949"	1.67980379604304
"4852"	"ENSG00000165966"	3.89640929942188
"4853"	"ENSG00000165972"	1.64752319248441
"4854"	"ENSG00000165995"	2.75868440288385
"4855"	"ENSG00000165996"	2.10551487008515
"4856"	"ENSG00000166002"	1.14716930672383
"4857"	"ENSG00000166035"	1.35410854295637
"4858"	"ENSG00000166086"	2.39216766455261
"4859"	"ENSG00000166090"	2.29643361828358
"4860"	"ENSG00000166091"	4.79737344679038
"4861"	"ENSG00000166105"	1.43024944304738
"4862"	"ENSG00000166106"	1.30999068948515
"4863"	"ENSG00000166126"	3.20698867729407
"4864"	"ENSG00000166136"	3.82887913264891
"4865"	"ENSG00000166143"	2.12323810704183
"4866"	"ENSG00000166145"	2.19723148020742
"4867"	"ENSG00000166148"	2.67315310076506
"4868"	"ENSG00000166153"	1.00699167857891
"4869"	"ENSG00000166159"	4.56022606138091
"4870"	"ENSG00000166171"	1.58351665001558
"4871"	"ENSG00000166173"	2.56418975225724
"4872"	"ENSG00000166183"	2.17077834947418
"4873"	"ENSG00000166189"	1.03925868292641
"4874"	"ENSG00000166192"	1.07609696952355
"4875"	"ENSG00000166197"	1.11007348704845
"4876"	"ENSG00000166206"	2.4984965775838
"4877"	"ENSG00000166224"	1.87558381585516
"4878"	"ENSG00000166226"	1.48162850164638
"4879"	"ENSG00000166228"	1.18085604455361
"4880"	"ENSG00000166246"	2.00753640317881
"4881"	"ENSG00000166250"	1.92141384928429
"4882"	"ENSG00000166257"	3.27498335941584
"4883"	"ENSG00000166265"	2.51846997206419
"4884"	"ENSG00000166268"	2.8881348892382
"4885"	"ENSG00000166289"	1.2188670003752
"4886"	"ENSG00000166292"	5.4430539385787
"4887"	"ENSG00000166313"	1.44646464978804
"4888"	"ENSG00000166317"	3.06777911562884
"4889"	"ENSG00000166333"	8.53339653391928
"4890"	"ENSG00000166337"	4.37539579860292
"4891"	"ENSG00000166341"	1.26152504925177
"4892"	"ENSG00000166343"	1.32107097597112
"4893"	"ENSG00000166359"	1.80740438720755
"4894"	"ENSG00000166387"	1.24510647516343
"4895"	"ENSG00000166391"	2.67754979498897
"4896"	"ENSG00000166396"	1.51462836432668
"4897"	"ENSG00000166398"	1.3656964921615
"4898"	"ENSG00000166402"	2.25342558933387
"4899"	"ENSG00000166405"	3.84787820829489
"4900"	"ENSG00000166407"	1.59882913229723
"4901"	"ENSG00000166415"	2.10882625016231
"4902"	"ENSG00000166426"	1.78021299129825
"4903"	"ENSG00000166428"	2.12589596779483
"4904"	"ENSG00000166432"	1.99710104110393
"4905"	"ENSG00000166436"	1.62446070512668
"4906"	"ENSG00000166446"	1.46422465513825
"4907"	"ENSG00000166451"	2.28390439145226
"4908"	"ENSG00000166455"	7.2731547587358
"4909"	"ENSG00000166473"	4.31524835226984
"4910"	"ENSG00000166477"	1.85158365450421
"4911"	"ENSG00000166482"	3.06086137305065
"4912"	"ENSG00000166501"	1.4500964600386
"4913"	"ENSG00000166507"	8.38682080820317
"4914"	"ENSG00000166508"	1.02615825558298
"4915"	"ENSG00000166509"	9.63911498743824
"4916"	"ENSG00000166510"	3.01260689649893
"4917"	"ENSG00000166527"	3.10852489930426
"4918"	"ENSG00000166532"	2.11991297701282
"4919"	"ENSG00000166535"	4.47232553645467
"4920"	"ENSG00000166548"	1.03223031464016
"4921"	"ENSG00000166557"	2.54909382942932
"4922"	"ENSG00000166562"	1.65086054738063
"4923"	"ENSG00000166573"	2.18578463052435
"4924"	"ENSG00000166578"	1.61960601603168
"4925"	"ENSG00000166592"	3.02292453577055
"4926"	"ENSG00000166664"	2.04797883061023
"4927"	"ENSG00000166670"	5.23392268771745
"4928"	"ENSG00000166676"	1.01591115485204
"4929"	"ENSG00000166682"	3.87558638294277
"4930"	"ENSG00000166707"	1.20746792070224
"4931"	"ENSG00000166736"	3.14676049740565
"4932"	"ENSG00000166741"	1.68078376673353
"4933"	"ENSG00000166743"	5.15005155666472
"4934"	"ENSG00000166787"	5.86839985082461
"4935"	"ENSG00000166793"	3.31535104298586
"4936"	"ENSG00000166796"	1.17927237243981
"4937"	"ENSG00000166797"	1.1550121754419
"4938"	"ENSG00000166803"	4.38474602590891
"4939"	"ENSG00000166813"	1.92696512026782
"4940"	"ENSG00000166819"	6.02301522462619
"4941"	"ENSG00000166825"	2.18988373832309
"4942"	"ENSG00000166831"	1.93393253836168
"4943"	"ENSG00000166833"	1.46107630104791
"4944"	"ENSG00000166839"	1.88808294529985
"4945"	"ENSG00000166840"	4.16873319232526
"4946"	"ENSG00000166847"	1.08256475294754
"4947"	"ENSG00000166851"	3.8322500835321
"4948"	"ENSG00000166856"	2.94319343072697
"4949"	"ENSG00000166866"	1.52202787549154
"4950"	"ENSG00000166869"	1.98760216596649
"4951"	"ENSG00000166888"	1.0487013360816
"4952"	"ENSG00000166897"	2.38334299547745
"4953"	"ENSG00000166900"	1.03126188491725
"4954"	"ENSG00000166908"	1.48589077282587
"4955"	"ENSG00000166912"	1.14764535299367
"4956"	"ENSG00000166913"	1.09537424308104
"4957"	"ENSG00000166917"	5.18988283532365
"4958"	"ENSG00000166920"	1.85677652818138
"4959"	"ENSG00000166922"	1.04078100185059
"4960"	"ENSG00000166923"	1.82408734966964
"4961"	"ENSG00000166924"	4.45179932845355
"4962"	"ENSG00000166926"	2.10002624499589
"4963"	"ENSG00000166947"	3.70389748554427
"4964"	"ENSG00000166949"	1.15601763541676
"4965"	"ENSG00000166960"	4.34921040136032
"4966"	"ENSG00000166979"	1.56068478621846
"4967"	"ENSG00000166987"	1.15298567827523
"4968"	"ENSG00000167004"	1.77552363575329
"4969"	"ENSG00000167034"	1.95646650281902
"4970"	"ENSG00000167046"	2.4130797611953
"4971"	"ENSG00000167077"	1.46345795331964
"4972"	"ENSG00000167080"	8.28601168584599
"4973"	"ENSG00000167083"	1.11678526885491
"4974"	"ENSG00000167085"	1.52427656193263
"4975"	"ENSG00000167088"	1.19206061868751
"4976"	"ENSG00000167094"	1.9553624834842
"4977"	"ENSG00000167105"	2.87255067740503
"4978"	"ENSG00000167106"	1.5300064070606
"4979"	"ENSG00000167107"	1.14695235745184
"4980"	"ENSG00000167114"	1.33745570150027
"4981"	"ENSG00000167130"	1.91905624870697
"4982"	"ENSG00000167136"	1.01129528941148
"4983"	"ENSG00000167178"	1.70143528991893
"4984"	"ENSG00000167183"	3.4471954516871
"4985"	"ENSG00000167202"	1.05172973400049
"4986"	"ENSG00000167207"	1.45751787252475
"4987"	"ENSG00000167208"	2.82831739551303
"4988"	"ENSG00000167210"	2.41164266268205
"4989"	"ENSG00000167220"	4.98362962942792
"4990"	"ENSG00000167232"	1.28102448324723
"4991"	"ENSG00000167244"	6.61247085903417
"4992"	"ENSG00000167258"	2.53040368313985
"4993"	"ENSG00000167280"	2.01609216633535
"4994"	"ENSG00000167281"	3.1115150008927
"4995"	"ENSG00000167283"	1.73949004179297
"4996"	"ENSG00000167286"	3.04705531893004
"4997"	"ENSG00000167302"	1.34931781153276
"4998"	"ENSG00000167306"	2.24214798301798
"4999"	"ENSG00000167311"	1.04668925183299
"5000"	"ENSG00000167315"	1.3176041292526
"5001"	"ENSG00000167325"	1.735312657143
"5002"	"ENSG00000167332"	1.27941661846822
"5003"	"ENSG00000167371"	3.21979985397062
"5004"	"ENSG00000167377"	5.6855197983769
"5005"	"ENSG00000167397"	1.72680133397254
"5006"	"ENSG00000167434"	7.88239645883115
"5007"	"ENSG00000167447"	1.66549849143675
"5008"	"ENSG00000167476"	2.82902003031233
"5009"	"ENSG00000167483"	1.20665614057946
"5010"	"ENSG00000167513"	3.91518068853232
"5011"	"ENSG00000167531"	9.86164472605509
"5012"	"ENSG00000167535"	1.42762611107391
"5013"	"ENSG00000167536"	1.46517780781494
"5014"	"ENSG00000167549"	2.26208121998025
"5015"	"ENSG00000167550"	1.28868668168824
"5016"	"ENSG00000167553"	1.89822767001723
"5017"	"ENSG00000167554"	1.47507328375231
"5018"	"ENSG00000167578"	4.66138826567932
"5019"	"ENSG00000167588"	6.09749012742976
"5020"	"ENSG00000167600"	1.05576832065455
"5021"	"ENSG00000167604"	1.43930343236515
"5022"	"ENSG00000167608"	1.33673421975124
"5023"	"ENSG00000167614"	1.80480626662016
"5024"	"ENSG00000167615"	3.11765149658526
"5025"	"ENSG00000167618"	3.1802059136388
"5026"	"ENSG00000167619"	1.54910106448143
"5027"	"ENSG00000167632"	1.29533726047597
"5028"	"ENSG00000167634"	2.9180356682769
"5029"	"ENSG00000167635"	1.22426019225607
"5030"	"ENSG00000167641"	4.5551577085357
"5031"	"ENSG00000167644"	10.9728086631716
"5032"	"ENSG00000167646"	2.23140444395812
"5033"	"ENSG00000167653"	3.49686366063487
"5034"	"ENSG00000167656"	1.86360093497771
"5035"	"ENSG00000167664"	1.27573410444256
"5036"	"ENSG00000167670"	1.23877687695879
"5037"	"ENSG00000167676"	6.24701016617496
"5038"	"ENSG00000167680"	1.69597143860767
"5039"	"ENSG00000167700"	1.15731514025076
"5040"	"ENSG00000167701"	3.33135225578862
"5041"	"ENSG00000167705"	1.67427639519723
"5042"	"ENSG00000167711"	3.45517507605809
"5043"	"ENSG00000167716"	1.07773982153317
"5044"	"ENSG00000167723"	1.90472180024342
"5045"	"ENSG00000167741"	1.69609400086284
"5046"	"ENSG00000167747"	1.65429567651075
"5047"	"ENSG00000167749"	1.1347580051263
"5048"	"ENSG00000167751"	2.86403056799475
"5049"	"ENSG00000167759"	1.24868312696644
"5050"	"ENSG00000167766"	1.68333593067698
"5051"	"ENSG00000167767"	2.05249232017033
"5052"	"ENSG00000167768"	3.79644869030316
"5053"	"ENSG00000167771"	3.14055185544538
"5054"	"ENSG00000167772"	3.47135623264692
"5055"	"ENSG00000167775"	1.39072697111641
"5056"	"ENSG00000167779"	4.93595372416476
"5057"	"ENSG00000167780"	1.38261633379655
"5058"	"ENSG00000167799"	2.66587660784818
"5059"	"ENSG00000167815"	1.17243613265854
"5060"	"ENSG00000167858"	2.5203680204072
"5061"	"ENSG00000167861"	1.97052267364995
"5062"	"ENSG00000167862"	1.46064888749484
"5063"	"ENSG00000167874"	3.00137509906083
"5064"	"ENSG00000167880"	2.31666003187839
"5065"	"ENSG00000167889"	1.59850420309903
"5066"	"ENSG00000167900"	4.61243287476042
"5067"	"ENSG00000167904"	1.11566539442473
"5068"	"ENSG00000167910"	3.27458483888982
"5069"	"ENSG00000167914"	1.82112840100848
"5070"	"ENSG00000167916"	5.59409514768971
"5071"	"ENSG00000167920"	1.52370857418985
"5072"	"ENSG00000167964"	3.03649594912558
"5073"	"ENSG00000167972"	1.22842775189958
"5074"	"ENSG00000167977"	1.67420158584424
"5075"	"ENSG00000167978"	1.2128545158353
"5076"	"ENSG00000167985"	1.33500901980319
"5077"	"ENSG00000167986"	1.22793280017526
"5078"	"ENSG00000167987"	1.07327656396877
"5079"	"ENSG00000167992"	2.94896947453462
"5080"	"ENSG00000167994"	1.33401646516187
"5081"	"ENSG00000167995"	2.69728213185186
"5082"	"ENSG00000167996"	2.80457035643046
"5083"	"ENSG00000168000"	4.58199732324221
"5084"	"ENSG00000168004"	1.99145013506923
"5085"	"ENSG00000168005"	1.36173930836353
"5086"	"ENSG00000168010"	1.49161442797132
"5087"	"ENSG00000168056"	1.15662739133195
"5088"	"ENSG00000168060"	1.96652306048604
"5089"	"ENSG00000168061"	1.71478101953698
"5090"	"ENSG00000168062"	2.13960686964681
"5091"	"ENSG00000168070"	1.5730021196222
"5092"	"ENSG00000168078"	5.48655120468688
"5093"	"ENSG00000168079"	5.6216672628065
"5094"	"ENSG00000168081"	2.88714852066085
"5095"	"ENSG00000168101"	1.01755703084972
"5096"	"ENSG00000168143"	3.25514735088155
"5097"	"ENSG00000168159"	1.54169493272394
"5098"	"ENSG00000168209"	1.29950079502041
"5099"	"ENSG00000168229"	1.6754223671617
"5100"	"ENSG00000168237"	2.67057834254605
"5101"	"ENSG00000168243"	2.58444572510186
"5102"	"ENSG00000168255"	2.58349364537875
"5103"	"ENSG00000168263"	1.52968604360699
"5104"	"ENSG00000168268"	1.14550098979814
"5105"	"ENSG00000168269"	1.82519572266754
"5106"	"ENSG00000168275"	1.39476098915337
"5107"	"ENSG00000168280"	1.28487935969984
"5108"	"ENSG00000168282"	2.54338566398361
"5109"	"ENSG00000168306"	1.02669164560402
"5110"	"ENSG00000168309"	5.3816372963953
"5111"	"ENSG00000168314"	1.66243297490088
"5112"	"ENSG00000168329"	1.43835936287967
"5113"	"ENSG00000168333"	6.57177406470072
"5114"	"ENSG00000168334"	2.54732101238558
"5115"	"ENSG00000168350"	2.56966014085124
"5116"	"ENSG00000168356"	1.74278285492143
"5117"	"ENSG00000168374"	1.51523267014675
"5118"	"ENSG00000168389"	2.5465500825196
"5119"	"ENSG00000168393"	1.47410394865215
"5120"	"ENSG00000168394"	1.75662854359078
"5121"	"ENSG00000168411"	1.55147343278076
"5122"	"ENSG00000168421"	2.26453573183008
"5123"	"ENSG00000168427"	3.11982676440507
"5124"	"ENSG00000168439"	1.80853414300486
"5125"	"ENSG00000168447"	1.52940653931287
"5126"	"ENSG00000168461"	1.15677367001611
"5127"	"ENSG00000168476"	1.07019680336145
"5128"	"ENSG00000168477"	4.35113053164173
"5129"	"ENSG00000168481"	2.45548931480782
"5130"	"ENSG00000168484"	3.0189888551372
"5131"	"ENSG00000168487"	1.07125718862396
"5132"	"ENSG00000168490"	4.27384016142146
"5133"	"ENSG00000168491"	1.66925740029755
"5134"	"ENSG00000168496"	2.82843146245973
"5135"	"ENSG00000168497"	5.26196700813762
"5136"	"ENSG00000168509"	2.6859886077642
"5137"	"ENSG00000168528"	2.44427121744239
"5138"	"ENSG00000168530"	6.96847466632537
"5139"	"ENSG00000168539"	1.80323790294711
"5140"	"ENSG00000168542"	2.70075530529913
"5141"	"ENSG00000168546"	2.23780920970012
"5142"	"ENSG00000168556"	1.29726367199697
"5143"	"ENSG00000168594"	2.1507977541346
"5144"	"ENSG00000168612"	1.20065669185574
"5145"	"ENSG00000168615"	1.29175945778343
"5146"	"ENSG00000168631"	1.94709450653054
"5147"	"ENSG00000168646"	1.43353972624274
"5148"	"ENSG00000168658"	1.82536711487793
"5149"	"ENSG00000168671"	6.8969980222579
"5150"	"ENSG00000168672"	2.28323912532277
"5151"	"ENSG00000168675"	1.16177325733292
"5152"	"ENSG00000168685"	1.41269177234146
"5153"	"ENSG00000168701"	1.18386471065879
"5154"	"ENSG00000168702"	2.23377108746267
"5155"	"ENSG00000168724"	1.08344768275419
"5156"	"ENSG00000168734"	1.27102808906507
"5157"	"ENSG00000168743"	1.84903043148369
"5158"	"ENSG00000168754"	2.10475456495015
"5159"	"ENSG00000168772"	1.76342519064255
"5160"	"ENSG00000168779"	1.23020746143765
"5161"	"ENSG00000168802"	7.18995783321991
"5162"	"ENSG00000168806"	1.2079845912438
"5163"	"ENSG00000168811"	1.06562939334565
"5164"	"ENSG00000168824"	1.76197412797843
"5165"	"ENSG00000168852"	1.55130656224586
"5166"	"ENSG00000168872"	1.53823118282483
"5167"	"ENSG00000168874"	5.60875808183756
"5168"	"ENSG00000168894"	1.17789219380585
"5169"	"ENSG00000168903"	2.9305624980603
"5170"	"ENSG00000168907"	2.12748689222102
"5171"	"ENSG00000168913"	1.1678691059839
"5172"	"ENSG00000168916"	1.21544815384062
"5173"	"ENSG00000168917"	2.6854662447189
"5174"	"ENSG00000168925"	6.17497772200388
"5175"	"ENSG00000168928"	6.33903570238123
"5176"	"ENSG00000168938"	1.19823525080116
"5177"	"ENSG00000168961"	1.30372752067811
"5178"	"ENSG00000168993"	3.10370336291642
"5179"	"ENSG00000168994"	1.27626487799831
"5180"	"ENSG00000168995"	1.06410470139799
"5181"	"ENSG00000169006"	2.99537802476635
"5182"	"ENSG00000169031"	1.43452943203286
"5183"	"ENSG00000169047"	1.01606146028832
"5184"	"ENSG00000169067"	1.57367346806972
"5185"	"ENSG00000169075"	3.07154457825993
"5186"	"ENSG00000169083"	2.16930562742414
"5187"	"ENSG00000169085"	6.20388500351732
"5188"	"ENSG00000169116"	1.09325286515604
"5189"	"ENSG00000169118"	1.02431608642717
"5190"	"ENSG00000169129"	1.25618042595058
"5191"	"ENSG00000169139"	1.15608676907329
"5192"	"ENSG00000169174"	3.03468161135723
"5193"	"ENSG00000169188"	1.63158325167468
"5194"	"ENSG00000169189"	1.10084171949703
"5195"	"ENSG00000169203"	3.57376530939955
"5196"	"ENSG00000169213"	2.05974478315238
"5197"	"ENSG00000169218"	2.21813759210176
"5198"	"ENSG00000169223"	1.46224618398848
"5199"	"ENSG00000169228"	3.7759912401164
"5200"	"ENSG00000169241"	2.59563140848853
"5201"	"ENSG00000169245"	5.70968211118931
"5202"	"ENSG00000169246"	2.16064641541218
"5203"	"ENSG00000169248"	5.62913606427583
"5204"	"ENSG00000169252"	3.8362483073532
"5205"	"ENSG00000169255"	1.62370283028966
"5206"	"ENSG00000169258"	3.48281185123586
"5207"	"ENSG00000169271"	4.05910979215931
"5208"	"ENSG00000169282"	2.89290461096012
"5209"	"ENSG00000169291"	2.88535037418287
"5210"	"ENSG00000169302"	2.89287347317849
"5211"	"ENSG00000169306"	1.73433799223775
"5212"	"ENSG00000169330"	2.01492427116725
"5213"	"ENSG00000169347"	2.54178147270101
"5214"	"ENSG00000169371"	1.06568725986789
"5215"	"ENSG00000169397"	1.27443723721621
"5216"	"ENSG00000169403"	1.70988857094175
"5217"	"ENSG00000169413"	1.02580763630023
"5218"	"ENSG00000169418"	4.65825507781573
"5219"	"ENSG00000169427"	2.09540336724154
"5220"	"ENSG00000169429"	1.34656875532741
"5221"	"ENSG00000169432"	2.1929183522509
"5222"	"ENSG00000169435"	1.39963484257985
"5223"	"ENSG00000169436"	2.76508239203964
"5224"	"ENSG00000169442"	1.66406928676328
"5225"	"ENSG00000169469"	1.26084353334967
"5226"	"ENSG00000169474"	3.5467579642544
"5227"	"ENSG00000169490"	1.09509409420577
"5228"	"ENSG00000169495"	1.12564965266773
"5229"	"ENSG00000169507"	1.86315451940516
"5230"	"ENSG00000169515"	1.31047244696426
"5231"	"ENSG00000169554"	1.64746740021762
"5232"	"ENSG00000169562"	4.00091618526804
"5233"	"ENSG00000169564"	4.47742272744114
"5234"	"ENSG00000169570"	1.77213854903554
"5235"	"ENSG00000169583"	3.34332170450902
"5236"	"ENSG00000169594"	2.58483325182125
"5237"	"ENSG00000169605"	6.89677643494467
"5238"	"ENSG00000169607"	5.48023019053377
"5239"	"ENSG00000169618"	1.33432103754895
"5240"	"ENSG00000169627"	1.1572748284277
"5241"	"ENSG00000169629"	1.92590923382672
"5242"	"ENSG00000169660"	1.31992775665061
"5243"	"ENSG00000169679"	5.42035142626097
"5244"	"ENSG00000169682"	6.48853280446714
"5245"	"ENSG00000169683"	1.55556168632177
"5246"	"ENSG00000169684"	2.04625273377157
"5247"	"ENSG00000169689"	1.54543728886408
"5248"	"ENSG00000169692"	1.92578835921455
"5249"	"ENSG00000169715"	1.71011466973796
"5250"	"ENSG00000169744"	3.07778869454226
"5251"	"ENSG00000169750"	1.76216279582539
"5252"	"ENSG00000169760"	2.00335446042185
"5253"	"ENSG00000169783"	1.26195458926995
"5254"	"ENSG00000169813"	1.35605917866838
"5255"	"ENSG00000169851"	2.03345851838196
"5256"	"ENSG00000169862"	2.13915810834024
"5257"	"ENSG00000169877"	2.25550828605758
"5258"	"ENSG00000169885"	1.44542548807966
"5259"	"ENSG00000169891"	1.46797416816554
"5260"	"ENSG00000169894"	3.26052843423536
"5261"	"ENSG00000169895"	2.05049971826443
"5262"	"ENSG00000169900"	7.0193729113839
"5263"	"ENSG00000169903"	1.57704008419504
"5264"	"ENSG00000169905"	1.36991111902235
"5265"	"ENSG00000169918"	1.80829387891727
"5266"	"ENSG00000169919"	1.41348816620075
"5267"	"ENSG00000169946"	1.38202162674618
"5268"	"ENSG00000169962"	2.36750641792507
"5269"	"ENSG00000169992"	1.55038267611797
"5270"	"ENSG00000169994"	3.01065878356559
"5271"	"ENSG00000170006"	1.67532462733694
"5272"	"ENSG00000170011"	2.46864478574119
"5273"	"ENSG00000170017"	2.87672919494607
"5274"	"ENSG00000170044"	4.62542468783274
"5275"	"ENSG00000170049"	2.16816914968347
"5276"	"ENSG00000170054"	2.00970598933525
"5277"	"ENSG00000170074"	2.17334844683063
"5278"	"ENSG00000170089"	1.47697707537542
"5279"	"ENSG00000170091"	2.17605391609449
"5280"	"ENSG00000170099"	5.0482530683283
"5281"	"ENSG00000170122"	1.41401393013183
"5282"	"ENSG00000170128"	2.29534883955748
"5283"	"ENSG00000170142"	1.09136425790402
"5284"	"ENSG00000170145"	1.85560232569155
"5285"	"ENSG00000170153"	1.98827898490341
"5286"	"ENSG00000170160"	3.6823137297887
"5287"	"ENSG00000170161"	1.19470708296014
"5288"	"ENSG00000170166"	3.80917919998737
"5289"	"ENSG00000170185"	1.33714956398503
"5290"	"ENSG00000170191"	1.01572995502045
"5291"	"ENSG00000170209"	1.47357804978205
"5292"	"ENSG00000170214"	1.22778334119939
"5293"	"ENSG00000170222"	1.17472805688089
"5294"	"ENSG00000170231"	5.87594174855258
"5295"	"ENSG00000170236"	1.29514067492268
"5296"	"ENSG00000170262"	6.05943499900257
"5297"	"ENSG00000170266"	1.77016302566924
"5298"	"ENSG00000170270"	1.58799426743118
"5299"	"ENSG00000170271"	2.45516133618609
"5300"	"ENSG00000170276"	9.71698953221203
"5301"	"ENSG00000170289"	1.54249118791089
"5302"	"ENSG00000170290"	2.14317178758828
"5303"	"ENSG00000170296"	9.51641002971465
"5304"	"ENSG00000170298"	2.71910188034887
"5305"	"ENSG00000170312"	4.55961704103782
"5306"	"ENSG00000170323"	6.74941030028372
"5307"	"ENSG00000170324"	1.09408937116567
"5308"	"ENSG00000170340"	1.14258188982259
"5309"	"ENSG00000170345"	1.99717438498271
"5310"	"ENSG00000170348"	1.04264821681831
"5311"	"ENSG00000170356"	1.52881463776927
"5312"	"ENSG00000170365"	1.37467023444766
"5313"	"ENSG00000170369"	5.36606398700536
"5314"	"ENSG00000170370"	1.81983995944572
"5315"	"ENSG00000170373"	9.40066651821122
"5316"	"ENSG00000170374"	1.25305413783721
"5317"	"ENSG00000170381"	2.01262230845685
"5318"	"ENSG00000170382"	1.21737407411321
"5319"	"ENSG00000170396"	2.67682940537167
"5320"	"ENSG00000170412"	1.96274723635487
"5321"	"ENSG00000170417"	1.488184164022
"5322"	"ENSG00000170419"	6.48463446402495
"5323"	"ENSG00000170421"	3.10214255584179
"5324"	"ENSG00000170425"	1.57288932993691
"5325"	"ENSG00000170442"	4.04654411277055
"5326"	"ENSG00000170464"	1.52679428272695
"5327"	"ENSG00000170465"	1.19299457290519
"5328"	"ENSG00000170468"	1.40407199215253
"5329"	"ENSG00000170473"	1.09314577919893
"5330"	"ENSG00000170476"	3.47467064541345
"5331"	"ENSG00000170477"	1.1721512629751
"5332"	"ENSG00000170482"	1.72940727905757
"5333"	"ENSG00000170498"	2.40355437778313
"5334"	"ENSG00000170500"	1.6030268178871
"5335"	"ENSG00000170509"	6.35308524047715
"5336"	"ENSG00000170523"	2.23374998414395
"5337"	"ENSG00000170525"	2.09413250615298
"5338"	"ENSG00000170540"	1.27963987362422
"5339"	"ENSG00000170549"	3.48299380539871
"5340"	"ENSG00000170558"	4.02839206148658
"5341"	"ENSG00000170571"	1.28976566972518
"5342"	"ENSG00000170577"	2.68487797755444
"5343"	"ENSG00000170606"	1.76018401988603
"5344"	"ENSG00000170608"	3.46411975294876
"5345"	"ENSG00000170615"	4.18673762498205
"5346"	"ENSG00000170619"	1.07366882901136
"5347"	"ENSG00000170627"	2.73336624703425
"5348"	"ENSG00000170633"	1.04538871224783
"5349"	"ENSG00000170667"	1.37537935801478
"5350"	"ENSG00000170681"	1.03246736272877
"5351"	"ENSG00000170684"	2.3627451464285
"5352"	"ENSG00000170689"	2.68000298812896
"5353"	"ENSG00000170734"	1.84140145042593
"5354"	"ENSG00000170743"	2.4996650860992
"5355"	"ENSG00000170745"	2.25715961407138
"5356"	"ENSG00000170775"	1.98529106213616
"5357"	"ENSG00000170779"	1.5265919803673
"5358"	"ENSG00000170786"	4.88933929231083
"5359"	"ENSG00000170807"	4.11988482372218
"5360"	"ENSG00000170827"	1.3678097334573
"5361"	"ENSG00000170832"	1.77372804544501
"5362"	"ENSG00000170837"	1.10727729656698
"5363"	"ENSG00000170855"	1.06917428487641
"5364"	"ENSG00000170860"	1.1305981636903
"5365"	"ENSG00000170881"	1.20654638401667
"5366"	"ENSG00000170890"	4.68288034776857
"5367"	"ENSG00000170891"	2.50909858175384
"5368"	"ENSG00000170892"	1.15755148536073
"5369"	"ENSG00000170893"	2.00873730039859
"5370"	"ENSG00000170906"	1.05599409839313
"5371"	"ENSG00000170909"	1.41684195636608
"5372"	"ENSG00000170917"	1.20379233484377
"5373"	"ENSG00000170919"	1.64275860920014
"5374"	"ENSG00000170921"	1.88079516511395
"5375"	"ENSG00000170935"	1.40344739055815
"5376"	"ENSG00000170955"	3.6471322740892
"5377"	"ENSG00000170962"	1.64450850871007
"5378"	"ENSG00000170965"	6.29935552948409
"5379"	"ENSG00000170989"	3.39040391629449
"5380"	"ENSG00000171004"	3.77405203181797
"5381"	"ENSG00000171017"	2.40801654167979
"5382"	"ENSG00000171033"	1.34159834897686
"5383"	"ENSG00000171056"	3.30194720779161
"5384"	"ENSG00000171067"	1.17664166684164
"5385"	"ENSG00000171084"	1.34546887095568
"5386"	"ENSG00000171097"	5.49747378046123
"5387"	"ENSG00000171101"	1.641311325847
"5388"	"ENSG00000171102"	1.85710037200075
"5389"	"ENSG00000171115"	2.0767336636475
"5390"	"ENSG00000171116"	1.19656263230614
"5391"	"ENSG00000171124"	4.03496862545401
"5392"	"ENSG00000171126"	2.43194595665498
"5393"	"ENSG00000171130"	1.92869531297913
"5394"	"ENSG00000171155"	1.07393260050106
"5395"	"ENSG00000171189"	2.05050402021675
"5396"	"ENSG00000171195"	6.52084557421607
"5397"	"ENSG00000171199"	5.79157631793853
"5398"	"ENSG00000171201"	1.89829981223562
"5399"	"ENSG00000171208"	3.17717713024049
"5400"	"ENSG00000171209"	11.1610224757208
"5401"	"ENSG00000171219"	1.03402529441115
"5402"	"ENSG00000171223"	1.64244144509957
"5403"	"ENSG00000171224"	1.81331533492981
"5404"	"ENSG00000171227"	1.63271279789895
"5405"	"ENSG00000171234"	3.65328587614435
"5406"	"ENSG00000171236"	2.32164260266376
"5407"	"ENSG00000171241"	4.05951352181494
"5408"	"ENSG00000171246"	1.31572539638471
"5409"	"ENSG00000171302"	2.32897804737576
"5410"	"ENSG00000171307"	1.31735951210298
"5411"	"ENSG00000171310"	1.64510301352172
"5412"	"ENSG00000171320"	5.2963012874139
"5413"	"ENSG00000171345"	2.02097379115838
"5414"	"ENSG00000171346"	2.06915029251516
"5415"	"ENSG00000171357"	2.17061586371014
"5416"	"ENSG00000171402"	4.20877392276262
"5417"	"ENSG00000171408"	1.68352598575695
"5418"	"ENSG00000171421"	1.02992092080839
"5419"	"ENSG00000171428"	3.01110429388032
"5420"	"ENSG00000171431"	3.69721231078574
"5421"	"ENSG00000171433"	2.20605843539626
"5422"	"ENSG00000171435"	1.14872556764821
"5423"	"ENSG00000171444"	1.04135093872258
"5424"	"ENSG00000171451"	1.51823171287942
"5425"	"ENSG00000171456"	1.20917579044646
"5426"	"ENSG00000171462"	1.5083703396009
"5427"	"ENSG00000171475"	2.11715518019693
"5428"	"ENSG00000171476"	1.45961099013051
"5429"	"ENSG00000171488"	1.33116279925416
"5430"	"ENSG00000171492"	1.65638437595033
"5431"	"ENSG00000171502"	1.45675079165492
"5432"	"ENSG00000171509"	2.09379276017951
"5433"	"ENSG00000171517"	3.64493086001394
"5434"	"ENSG00000171557"	5.5192710487024
"5435"	"ENSG00000171560"	2.19064811580548
"5436"	"ENSG00000171564"	5.40336303509681
"5437"	"ENSG00000171596"	3.61739028903803
"5438"	"ENSG00000171603"	1.26362867715329
"5439"	"ENSG00000171604"	1.18337367093163
"5440"	"ENSG00000171611"	2.25123940792094
"5441"	"ENSG00000171617"	2.50775163410741
"5442"	"ENSG00000171631"	2.65891860787377
"5443"	"ENSG00000171657"	1.03627448600119
"5444"	"ENSG00000171680"	1.926055894647
"5445"	"ENSG00000171700"	1.08522298745044
"5446"	"ENSG00000171722"	1.58114901326034
"5447"	"ENSG00000171729"	1.48476853204357
"5448"	"ENSG00000171747"	4.12873674820791
"5449"	"ENSG00000171757"	1.37159096072113
"5450"	"ENSG00000171766"	1.18561338117441
"5451"	"ENSG00000171772"	5.62045273035792
"5452"	"ENSG00000171773"	6.77011087924987
"5453"	"ENSG00000171777"	1.35071174314709
"5454"	"ENSG00000171792"	1.94075891946482
"5455"	"ENSG00000171793"	1.195821937702
"5456"	"ENSG00000171798"	3.35177161229782
"5457"	"ENSG00000171806"	1.16814682744488
"5458"	"ENSG00000171812"	1.89870730070409
"5459"	"ENSG00000171817"	1.60489835483667
"5460"	"ENSG00000171819"	6.03198554929531
"5461"	"ENSG00000171848"	6.38640691118805
"5462"	"ENSG00000171860"	1.19240692594097
"5463"	"ENSG00000171864"	1.45159966049913
"5464"	"ENSG00000171865"	1.2945481874758
"5465"	"ENSG00000171873"	3.15369238941093
"5466"	"ENSG00000171885"	2.0726708784722
"5467"	"ENSG00000171889"	2.55246620182105
"5468"	"ENSG00000171903"	1.19078733473876
"5469"	"ENSG00000171914"	1.56405124497151
"5470"	"ENSG00000171916"	2.87358342104942
"5471"	"ENSG00000171940"	1.65434399323803
"5472"	"ENSG00000171951"	1.41360809591703
"5473"	"ENSG00000171970"	3.72241830613282
"5474"	"ENSG00000171989"	2.26627982588057
"5475"	"ENSG00000171992"	1.6228407129337
"5476"	"ENSG00000172000"	2.53778235350253
"5477"	"ENSG00000172014"	2.9887459417134
"5478"	"ENSG00000172016"	6.72366424182143
"5479"	"ENSG00000172023"	9.67318487530795
"5480"	"ENSG00000172031"	1.26893693600077
"5481"	"ENSG00000172057"	2.92009173158128
"5482"	"ENSG00000172059"	1.20974414641676
"5483"	"ENSG00000172061"	6.22964340565474
"5484"	"ENSG00000172113"	1.68044049164287
"5485"	"ENSG00000172115"	1.44564690831604
"5486"	"ENSG00000172116"	2.2632673430252
"5487"	"ENSG00000172137"	2.7301581750842
"5488"	"ENSG00000172156"	4.43090762535751
"5489"	"ENSG00000172159"	3.24392364540176
"5490"	"ENSG00000172167"	1.42784078974041
"5491"	"ENSG00000172172"	1.95232805659071
"5492"	"ENSG00000172179"	3.71279282946276
"5493"	"ENSG00000172183"	1.45386737284622
"5494"	"ENSG00000172201"	1.81016006328706
"5495"	"ENSG00000172215"	2.73129780100998
"5496"	"ENSG00000172232"	2.04749995629999
"5497"	"ENSG00000172236"	1.30999640521369
"5498"	"ENSG00000172247"	3.47360228614413
"5499"	"ENSG00000172260"	1.61379293000626
"5500"	"ENSG00000172269"	1.21298604253352
"5501"	"ENSG00000172292"	2.34075873851463
"5502"	"ENSG00000172296"	1.39207407406871
"5503"	"ENSG00000172315"	1.46891068326355
"5504"	"ENSG00000172318"	3.13140056160615
"5505"	"ENSG00000172331"	1.07582470053732
"5506"	"ENSG00000172336"	1.33778677284997
"5507"	"ENSG00000172346"	1.82147053915619
"5508"	"ENSG00000172348"	1.78170394620163
"5509"	"ENSG00000172350"	1.1767359510164
"5510"	"ENSG00000172361"	1.17687427956101
"5511"	"ENSG00000172366"	1.11033131640805
"5512"	"ENSG00000172367"	2.49966990743517
"5513"	"ENSG00000172379"	2.4574770866324
"5514"	"ENSG00000172382"	1.72700697024255
"5515"	"ENSG00000172399"	2.52744939606798
"5516"	"ENSG00000172403"	3.06287755152046
"5517"	"ENSG00000172404"	1.58973495487666
"5518"	"ENSG00000172409"	1.07493203153248
"5519"	"ENSG00000172458"	2.34739199810526
"5520"	"ENSG00000172460"	1.84088494733578
"5521"	"ENSG00000172476"	2.1277433397907
"5522"	"ENSG00000172478"	8.08128756531922
"5523"	"ENSG00000172500"	1.06446438886713
"5524"	"ENSG00000172508"	1.19659973802529
"5525"	"ENSG00000172531"	1.76588227758532
"5526"	"ENSG00000172543"	1.88113087283961
"5527"	"ENSG00000172551"	4.2401151717091
"5528"	"ENSG00000172554"	3.43946020415335
"5529"	"ENSG00000172572"	1.25974990917649
"5530"	"ENSG00000172578"	1.10070732768075
"5531"	"ENSG00000172586"	1.44136685487674
"5532"	"ENSG00000172602"	2.10323178717776
"5533"	"ENSG00000172650"	7.20157467003503
"5534"	"ENSG00000172663"	1.29528927285505
"5535"	"ENSG00000172673"	2.53235648778819
"5536"	"ENSG00000172725"	1.15281450303881
"5537"	"ENSG00000172731"	1.80639623221466
"5538"	"ENSG00000172733"	1.06780029729778
"5539"	"ENSG00000172748"	1.18974763270776
"5540"	"ENSG00000172757"	1.13487472809149
"5541"	"ENSG00000172780"	2.74452669440491
"5542"	"ENSG00000172789"	4.57427830623364
"5543"	"ENSG00000172799"	1.36291340735968
"5544"	"ENSG00000172817"	2.41789620846137
"5545"	"ENSG00000172818"	2.89126063888877
"5546"	"ENSG00000172824"	2.02638339009043
"5547"	"ENSG00000172828"	2.25469209393582
"5548"	"ENSG00000172867"	1.78375031425792
"5549"	"ENSG00000172889"	2.62692428152135
"5550"	"ENSG00000172893"	2.34272989071195
"5551"	"ENSG00000172901"	5.27340140756156
"5552"	"ENSG00000172927"	1.85889744315823
"5553"	"ENSG00000172935"	3.86216929609832
"5554"	"ENSG00000172936"	1.14505713839408
"5555"	"ENSG00000172938"	1.12413515306468
"5556"	"ENSG00000172954"	1.81362390707033
"5557"	"ENSG00000172955"	2.38587262060184
"5558"	"ENSG00000172977"	1.34084130341554
"5559"	"ENSG00000172985"	1.44530550028715
"5560"	"ENSG00000172986"	1.47385561315433
"5561"	"ENSG00000172987"	3.02336052209963
"5562"	"ENSG00000172995"	1.96610304660221
"5563"	"ENSG00000173013"	1.77773120828371
"5564"	"ENSG00000173040"	2.01658525692216
"5565"	"ENSG00000173065"	1.39473564692425
"5566"	"ENSG00000173077"	1.85737378701158
"5567"	"ENSG00000173083"	1.7742960319631
"5568"	"ENSG00000173085"	1.22600939350325
"5569"	"ENSG00000173110"	1.86837475226497
"5570"	"ENSG00000173114"	1.99141627286494
"5571"	"ENSG00000173156"	1.47219666109678
"5572"	"ENSG00000173171"	1.44906921735125
"5573"	"ENSG00000173175"	1.91660449984536
"5574"	"ENSG00000173207"	1.29602414370998
"5575"	"ENSG00000173208"	3.25078292108947
"5576"	"ENSG00000173209"	3.01034188951797
"5577"	"ENSG00000173210"	2.91522938736076
"5578"	"ENSG00000173212"	2.35647484603913
"5579"	"ENSG00000173213"	1.64014240053056
"5580"	"ENSG00000173214"	1.99352039343011
"5581"	"ENSG00000173218"	2.36367307243734
"5582"	"ENSG00000173227"	3.41079742917085
"5583"	"ENSG00000173237"	2.16335002108616
"5584"	"ENSG00000173253"	4.51421391431877
"5585"	"ENSG00000173269"	2.54580672849697
"5586"	"ENSG00000173275"	1.04962173099416
"5587"	"ENSG00000173295"	1.64135153139481
"5588"	"ENSG00000173320"	1.63310999125217
"5589"	"ENSG00000173334"	1.54237953943045
"5590"	"ENSG00000173335"	4.94924752414019
"5591"	"ENSG00000173338"	2.06908759656435
"5592"	"ENSG00000173369"	1.0881870017762
"5593"	"ENSG00000173372"	1.2741585571183
"5594"	"ENSG00000173391"	3.58857715248969
"5595"	"ENSG00000173402"	1.27687361454933
"5596"	"ENSG00000173404"	3.49866733644287
"5597"	"ENSG00000173409"	1.60037486401205
"5598"	"ENSG00000173418"	1.12512509924942
"5599"	"ENSG00000173421"	2.43041809842875
"5600"	"ENSG00000173432"	4.55774004661833
"5601"	"ENSG00000173436"	2.79698407704458
"5602"	"ENSG00000173442"	1.00845377243605
"5603"	"ENSG00000173457"	1.64550742934444
"5604"	"ENSG00000173467"	2.53020684666831
"5605"	"ENSG00000173473"	1.46431164297714
"5606"	"ENSG00000173482"	2.23377668448561
"5607"	"ENSG00000173486"	7.71023908618409
"5608"	"ENSG00000173511"	1.01939584126533
"5609"	"ENSG00000173517"	1.0062194134556
"5610"	"ENSG00000173530"	2.10912362620526
"5611"	"ENSG00000173531"	2.74361462198371
"5612"	"ENSG00000173535"	1.21193237272923
"5613"	"ENSG00000173546"	2.14162090254432
"5614"	"ENSG00000173557"	2.62614276845281
"5615"	"ENSG00000173559"	1.28291650260717
"5616"	"ENSG00000173572"	4.51968982368468
"5617"	"ENSG00000173578"	2.87493673770566
"5618"	"ENSG00000173599"	1.32245591565867
"5619"	"ENSG00000173641"	6.16803886643925
"5620"	"ENSG00000173692"	1.28039749061693
"5621"	"ENSG00000173698"	2.223286593312
"5622"	"ENSG00000173715"	2.00754812028582
"5623"	"ENSG00000173757"	1.47275369029997
"5624"	"ENSG00000173762"	1.40999373838081
"5625"	"ENSG00000173786"	1.26288025772294
"5626"	"ENSG00000173801"	1.82882982793516
"5627"	"ENSG00000173805"	2.22476647657668
"5628"	"ENSG00000173809"	2.74089278368723
"5629"	"ENSG00000173811"	2.24516770128046
"5630"	"ENSG00000173821"	1.03075395946699
"5631"	"ENSG00000173825"	2.6025467453515
"5632"	"ENSG00000173838"	2.28149323146281
"5633"	"ENSG00000173862"	2.08858887406365
"5634"	"ENSG00000173890"	2.67840268700482
"5635"	"ENSG00000173894"	3.71134538895498
"5636"	"ENSG00000173898"	3.7595766126933
"5637"	"ENSG00000173917"	1.58445891542861
"5638"	"ENSG00000173918"	3.44328831825129
"5639"	"ENSG00000173926"	1.13873454278458
"5640"	"ENSG00000173928"	1.07827148453166
"5641"	"ENSG00000173930"	2.26441320035303
"5642"	"ENSG00000173933"	1.59225341230652
"5643"	"ENSG00000173988"	1.51231312291661
"5644"	"ENSG00000174007"	1.08495944105518
"5645"	"ENSG00000174013"	2.09906173275219
"5646"	"ENSG00000174021"	3.73469925402773
"5647"	"ENSG00000174028"	1.62081910735775
"5648"	"ENSG00000174038"	1.80584171214324
"5649"	"ENSG00000174059"	2.19658891428336
"5650"	"ENSG00000174099"	1.26752635198774
"5651"	"ENSG00000174109"	1.33764916137915
"5652"	"ENSG00000174123"	2.29427029936102
"5653"	"ENSG00000174145"	5.93897568684795
"5654"	"ENSG00000174171"	4.57181490349778
"5655"	"ENSG00000174173"	1.35114388320388
"5656"	"ENSG00000174175"	2.29905337822151
"5657"	"ENSG00000174306"	1.17177056904752
"5658"	"ENSG00000174307"	1.60151683714771
"5659"	"ENSG00000174325"	1.67150468557353
"5660"	"ENSG00000174326"	3.39720107824852
"5661"	"ENSG00000174327"	1.66065463716455
"5662"	"ENSG00000174332"	1.87708103203701
"5663"	"ENSG00000174348"	2.59587765176531
"5664"	"ENSG00000174353"	1.75977296258198
"5665"	"ENSG00000174371"	5.86487853766762
"5666"	"ENSG00000174384"	2.82734173768959
"5667"	"ENSG00000174403"	3.78276961051807
"5668"	"ENSG00000174428"	1.52441950411949
"5669"	"ENSG00000174429"	3.71382225617636
"5670"	"ENSG00000174437"	1.24310743070586
"5671"	"ENSG00000174442"	1.62618492593535
"5672"	"ENSG00000174460"	1.48289474401297
"5673"	"ENSG00000174469"	8.38130593683089
"5674"	"ENSG00000174473"	2.1730682875374
"5675"	"ENSG00000174483"	6.23698742005953
"5676"	"ENSG00000174500"	1.1106120467078
"5677"	"ENSG00000174501"	1.49309873366599
"5678"	"ENSG00000174502"	2.23859942432015
"5679"	"ENSG00000174514"	1.83917965557709
"5680"	"ENSG00000174521"	1.09460114122959
"5681"	"ENSG00000174529"	1.00618407060614
"5682"	"ENSG00000174564"	1.47491938976502
"5683"	"ENSG00000174567"	2.3162080038464
"5684"	"ENSG00000174576"	3.52981920586492
"5685"	"ENSG00000174586"	1.12166325194348
"5686"	"ENSG00000174652"	1.40502008470553
"5687"	"ENSG00000174680"	2.88747262258708
"5688"	"ENSG00000174697"	6.70000551099592
"5689"	"ENSG00000174721"	1.42307322181454
"5690"	"ENSG00000174740"	1.44623555252246
"5691"	"ENSG00000174744"	1.14186811076307
"5692"	"ENSG00000174749"	1.38354412950609
"5693"	"ENSG00000174780"	1.30896713922481
"5694"	"ENSG00000174788"	1.78702413133046
"5695"	"ENSG00000174804"	2.01089955945423
"5696"	"ENSG00000174807"	2.49522096527873
"5697"	"ENSG00000174827"	2.67261201217522
"5698"	"ENSG00000174837"	1.98555184490407
"5699"	"ENSG00000174844"	1.37255571086407
"5700"	"ENSG00000174851"	1.09036942740745
"5701"	"ENSG00000174871"	3.67353069602932
"5702"	"ENSG00000174885"	1.15207980182729
"5703"	"ENSG00000174886"	3.28555345395518
"5704"	"ENSG00000174899"	4.02684269671847
"5705"	"ENSG00000174928"	2.01809557459387
"5706"	"ENSG00000174938"	2.6317706482377
"5707"	"ENSG00000174939"	1.35216482577933
"5708"	"ENSG00000174944"	1.40351562933845
"5709"	"ENSG00000174945"	1.31821980337556
"5710"	"ENSG00000174946"	1.39326576774541
"5711"	"ENSG00000174950"	1.60535558326068
"5712"	"ENSG00000174951"	1.23761065923515
"5713"	"ENSG00000174963"	2.51191359062849
"5714"	"ENSG00000174977"	1.58948316062846
"5715"	"ENSG00000174992"	2.91484839472041
"5716"	"ENSG00000175003"	1.17583994226753
"5717"	"ENSG00000175040"	1.62061534332498
"5718"	"ENSG00000175061"	1.47002904712493
"5719"	"ENSG00000175063"	5.9435943114036
"5720"	"ENSG00000175065"	1.33132534260867
"5721"	"ENSG00000175073"	1.2466880454912
"5722"	"ENSG00000175084"	5.64690032514762
"5723"	"ENSG00000175087"	1.90438077390442
"5724"	"ENSG00000175093"	2.19434848119765
"5725"	"ENSG00000175106"	2.08398773732149
"5726"	"ENSG00000175130"	2.7613074422461
"5727"	"ENSG00000175137"	1.0056242231848
"5728"	"ENSG00000175161"	3.84695864992909
"5729"	"ENSG00000175164"	2.53534853276137
"5730"	"ENSG00000175166"	1.46441244842054
"5731"	"ENSG00000175175"	1.02396026821019
"5732"	"ENSG00000175193"	2.19758015341246
"5733"	"ENSG00000175197"	1.57751124934725
"5734"	"ENSG00000175206"	6.43492190157748
"5735"	"ENSG00000175216"	1.44237203044187
"5736"	"ENSG00000175262"	2.6075633493853
"5737"	"ENSG00000175264"	3.27504500915789
"5738"	"ENSG00000175265"	3.48419548784912
"5739"	"ENSG00000175267"	1.37877241237003
"5740"	"ENSG00000175279"	1.56439971118171
"5741"	"ENSG00000175283"	1.39532262639758
"5742"	"ENSG00000175287"	1.46458567376158
"5743"	"ENSG00000175294"	1.14241543779154
"5744"	"ENSG00000175302"	3.73638747348594
"5745"	"ENSG00000175305"	3.64716925705489
"5746"	"ENSG00000175309"	1.53678445361939
"5747"	"ENSG00000175315"	3.67197194302432
"5748"	"ENSG00000175318"	1.22875991106929
"5749"	"ENSG00000175334"	1.43564716479614
"5750"	"ENSG00000175336"	4.3360646716891
"5751"	"ENSG00000175344"	1.28531911492461
"5752"	"ENSG00000175376"	1.30721225266724
"5753"	"ENSG00000175395"	1.18800618093685
"5754"	"ENSG00000175414"	1.08318340663443
"5755"	"ENSG00000175426"	2.47310628829649
"5756"	"ENSG00000175445"	5.03100832615565
"5757"	"ENSG00000175455"	1.12883765367977
"5758"	"ENSG00000175463"	1.67733756766688
"5759"	"ENSG00000175471"	1.83706669111293
"5760"	"ENSG00000175482"	2.7317401206115
"5761"	"ENSG00000175497"	1.83322981443562
"5762"	"ENSG00000175535"	5.77141762483016
"5763"	"ENSG00000175536"	1.78547156196267
"5764"	"ENSG00000175567"	2.40829852174852
"5765"	"ENSG00000175581"	1.188095044598
"5766"	"ENSG00000175591"	2.8507258820738
"5767"	"ENSG00000175592"	1.92240275750647
"5768"	"ENSG00000175595"	1.03848011825295
"5769"	"ENSG00000175600"	1.81008850746684
"5770"	"ENSG00000175602"	1.6434042582773
"5771"	"ENSG00000175643"	4.44603053840816
"5772"	"ENSG00000175646"	9.39570399283261
"5773"	"ENSG00000175664"	2.39420568701394
"5774"	"ENSG00000175697"	1.36858547953745
"5775"	"ENSG00000175707"	2.07283542402852
"5776"	"ENSG00000175741"	1.3554034258435
"5777"	"ENSG00000175768"	4.72173033624076
"5778"	"ENSG00000175785"	1.19380511590378
"5779"	"ENSG00000175787"	1.29209046640063
"5780"	"ENSG00000175792"	1.46329944345166
"5781"	"ENSG00000175793"	2.52885987656291
"5782"	"ENSG00000175826"	1.46430368924982
"5783"	"ENSG00000175832"	2.266286009994
"5784"	"ENSG00000175857"	2.67529893734765
"5785"	"ENSG00000175874"	2.37176986539122
"5786"	"ENSG00000175879"	1.63712055774297
"5787"	"ENSG00000175895"	2.47006194046519
"5788"	"ENSG00000175920"	1.09239730899814
"5789"	"ENSG00000175928"	1.82025330965631
"5790"	"ENSG00000175938"	1.100265241343
"5791"	"ENSG00000175946"	2.56491731993036
"5792"	"ENSG00000175967"	2.01748958917594
"5793"	"ENSG00000176014"	1.68876427062535
"5794"	"ENSG00000176024"	1.41579851496829
"5795"	"ENSG00000176029"	2.37892198944924
"5796"	"ENSG00000176046"	3.50999585173227
"5797"	"ENSG00000176049"	1.82253461750469
"5798"	"ENSG00000176054"	1.63208387319974
"5799"	"ENSG00000176058"	2.25639559478369
"5800"	"ENSG00000176076"	1.05867418105021
"5801"	"ENSG00000176083"	3.34783772410854
"5802"	"ENSG00000176092"	3.99242746791847
"5803"	"ENSG00000176115"	5.98923788750137
"5804"	"ENSG00000176124"	1.77080184466447
"5805"	"ENSG00000176125"	1.20215019724663
"5806"	"ENSG00000176134"	5.67456266937213
"5807"	"ENSG00000176136"	3.61592649809304
"5808"	"ENSG00000176165"	2.30356198205853
"5809"	"ENSG00000176177"	3.40038118446799
"5810"	"ENSG00000176194"	6.8063001387049
"5811"	"ENSG00000176204"	1.47031924268491
"5812"	"ENSG00000176208"	1.03453973088524
"5813"	"ENSG00000176244"	4.04093177061877
"5814"	"ENSG00000176349"	2.79584661692699
"5815"	"ENSG00000176358"	1.33927720750482
"5816"	"ENSG00000176383"	1.82796866342634
"5817"	"ENSG00000176406"	2.87713969614765
"5818"	"ENSG00000176410"	1.01689032723947
"5819"	"ENSG00000176435"	2.29772842667561
"5820"	"ENSG00000176438"	3.52097603423406
"5821"	"ENSG00000176454"	1.36025603583032
"5822"	"ENSG00000176463"	1.38430765256728
"5823"	"ENSG00000176485"	1.19063660761712
"5824"	"ENSG00000176490"	1.51136269833798
"5825"	"ENSG00000176532"	3.31751322344505
"5826"	"ENSG00000176595"	1.62300516204551
"5827"	"ENSG00000176601"	2.50370221032202
"5828"	"ENSG00000176619"	1.70946067806646
"5829"	"ENSG00000176658"	1.09523293255809
"5830"	"ENSG00000176659"	1.1931314078264
"5831"	"ENSG00000176681"	1.86743755819573
"5832"	"ENSG00000176692"	2.04624504736656
"5833"	"ENSG00000176697"	2.40345394106933
"5834"	"ENSG00000176700"	2.49242826655734
"5835"	"ENSG00000176716"	2.30961573196778
"5836"	"ENSG00000176720"	1.00648531192122
"5837"	"ENSG00000176728"	7.32855674859146
"5838"	"ENSG00000176749"	2.11840408102735
"5839"	"ENSG00000176769"	1.84119347707082
"5840"	"ENSG00000176771"	1.01593205379832
"5841"	"ENSG00000176855"	1.87429280714368
"5842"	"ENSG00000176857"	1.80710953765806
"5843"	"ENSG00000176871"	1.55697867828996
"5844"	"ENSG00000176884"	1.96071423876632
"5845"	"ENSG00000176887"	7.67130098655672
"5846"	"ENSG00000176890"	1.49750517017136
"5847"	"ENSG00000176894"	3.26472307553651
"5848"	"ENSG00000176912"	2.80270378431506
"5849"	"ENSG00000176920"	2.73421544668385
"5850"	"ENSG00000176927"	2.3674986219566
"5851"	"ENSG00000176933"	2.20694769900458
"5852"	"ENSG00000176974"	1.1673235884181
"5853"	"ENSG00000176998"	1.37764097489367
"5854"	"ENSG00000177045"	1.08908488100714
"5855"	"ENSG00000177054"	1.23878290466618
"5856"	"ENSG00000177098"	3.35458874873312
"5857"	"ENSG00000177112"	1.05201426907723
"5858"	"ENSG00000177133"	3.26957800033583
"5859"	"ENSG00000177173"	1.35736725043536
"5860"	"ENSG00000177181"	3.07748703361987
"5861"	"ENSG00000177234"	5.40972197798659
"5862"	"ENSG00000177239"	1.16047993793498
"5863"	"ENSG00000177272"	2.2637137673248
"5864"	"ENSG00000177301"	2.42320702474075
"5865"	"ENSG00000177303"	1.354909420699
"5866"	"ENSG00000177350"	1.21986608006124
"5867"	"ENSG00000177354"	3.64481309727679
"5868"	"ENSG00000177359"	1.86261826394588
"5869"	"ENSG00000177363"	4.54801999934465
"5870"	"ENSG00000177374"	2.13736094474787
"5871"	"ENSG00000177380"	1.61141128176378
"5872"	"ENSG00000177383"	1.39235600732427
"5873"	"ENSG00000177398"	4.68011521316379
"5874"	"ENSG00000177409"	1.00664651928669
"5875"	"ENSG00000177432"	1.12091915568994
"5876"	"ENSG00000177455"	3.14813040557099
"5877"	"ENSG00000177459"	2.43879475436366
"5878"	"ENSG00000177464"	2.3120540571934
"5879"	"ENSG00000177465"	1.4190988437562
"5880"	"ENSG00000177469"	1.85916074881787
"5881"	"ENSG00000177483"	2.60860425626989
"5882"	"ENSG00000177485"	1.65131053656707
"5883"	"ENSG00000177494"	4.21678918150604
"5884"	"ENSG00000177548"	1.07889759890744
"5885"	"ENSG00000177556"	1.58542726696141
"5886"	"ENSG00000177558"	2.43489638863571
"5887"	"ENSG00000177565"	1.10112253344486
"5888"	"ENSG00000177570"	2.59496640537883
"5889"	"ENSG00000177575"	1.22437688840055
"5890"	"ENSG00000177576"	3.54644332055574
"5891"	"ENSG00000177595"	1.19332965532521
"5892"	"ENSG00000177602"	3.04237594137671
"5893"	"ENSG00000177606"	2.0639780100932
"5894"	"ENSG00000177614"	1.45978887839108
"5895"	"ENSG00000177627"	2.08236463322
"5896"	"ENSG00000177628"	1.75997622571631
"5897"	"ENSG00000177666"	3.31379007738984
"5898"	"ENSG00000177675"	1.18036993232341
"5899"	"ENSG00000177688"	1.29924759246308
"5900"	"ENSG00000177694"	1.8517125688203
"5901"	"ENSG00000177707"	1.07406664753424
"5902"	"ENSG00000177732"	1.98758140803898
"5903"	"ENSG00000177757"	2.62906030360465
"5904"	"ENSG00000177788"	5.76117493600689
"5905"	"ENSG00000177791"	2.63720382440857
"5906"	"ENSG00000177807"	2.18305483595643
"5907"	"ENSG00000177822"	2.50912465792931
"5908"	"ENSG00000177875"	1.3403288860104
"5909"	"ENSG00000177885"	1.29662919424621
"5910"	"ENSG00000177888"	1.65585700412284
"5911"	"ENSG00000177889"	1.33454540020039
"5912"	"ENSG00000177938"	3.45965981355294
"5913"	"ENSG00000177943"	1.61403568882232
"5914"	"ENSG00000177946"	2.84985058399673
"5915"	"ENSG00000177990"	4.48013243531619
"5916"	"ENSG00000177994"	1.24227869056245
"5917"	"ENSG00000178015"	2.12867026357494
"5918"	"ENSG00000178021"	1.98616239028456
"5919"	"ENSG00000178026"	1.05176071042948
"5920"	"ENSG00000178031"	1.25338570943591
"5921"	"ENSG00000178038"	2.43267176584761
"5922"	"ENSG00000178053"	1.49345880024455
"5923"	"ENSG00000178055"	2.80743556832418
"5924"	"ENSG00000178078"	1.83501437572691
"5925"	"ENSG00000178115"	3.80125894168258
"5926"	"ENSG00000178125"	1.10034720046647
"5927"	"ENSG00000178127"	6.76616554097711
"5928"	"ENSG00000178175"	2.20272860733085
"5929"	"ENSG00000178187"	1.20816376852331
"5930"	"ENSG00000178233"	2.1157145858235
"5931"	"ENSG00000178235"	1.78439241129243
"5932"	"ENSG00000178248"	1.62330950868769
"5933"	"ENSG00000178295"	1.55671476193487
"5934"	"ENSG00000178338"	1.88399205599256
"5935"	"ENSG00000178343"	4.88584015931155
"5936"	"ENSG00000178363"	1.87280565786503
"5937"	"ENSG00000178372"	5.44762078490587
"5938"	"ENSG00000178385"	1.00216364103673
"5939"	"ENSG00000178386"	2.66896922213559
"5940"	"ENSG00000178401"	4.65427388334545
"5941"	"ENSG00000178403"	3.65717527649744
"5942"	"ENSG00000178404"	1.28322941212197
"5943"	"ENSG00000178409"	2.4295802861195
"5944"	"ENSG00000178440"	1.17775592915116
"5945"	"ENSG00000178445"	1.81101749808094
"5946"	"ENSG00000178458"	2.13235764073868
"5947"	"ENSG00000178460"	1.31217876088645
"5948"	"ENSG00000178462"	1.76253632722538
"5949"	"ENSG00000178498"	1.05064317389955
"5950"	"ENSG00000178502"	1.67871335417739
"5951"	"ENSG00000178531"	3.16976422649727
"5952"	"ENSG00000178538"	1.23620576917801
"5953"	"ENSG00000178573"	1.12849115012867
"5954"	"ENSG00000178623"	1.01381503934957
"5955"	"ENSG00000178636"	1.12649081394002
"5956"	"ENSG00000178662"	2.00671682218993
"5957"	"ENSG00000178665"	1.4265660033065
"5958"	"ENSG00000178694"	1.30126697042488
"5959"	"ENSG00000178695"	1.60653867189454
"5960"	"ENSG00000178715"	1.67924588166197
"5961"	"ENSG00000178718"	1.32095924210723
"5962"	"ENSG00000178722"	1.79974049852366
"5963"	"ENSG00000178723"	1.76698681594703
"5964"	"ENSG00000178726"	1.91434287372956
"5965"	"ENSG00000178734"	4.6157268682448
"5966"	"ENSG00000178750"	1.98600520065024
"5967"	"ENSG00000178761"	1.30661623693814
"5968"	"ENSG00000178772"	1.01063937432959
"5969"	"ENSG00000178773"	1.78143835266173
"5970"	"ENSG00000178776"	2.09719494512463
"5971"	"ENSG00000178796"	5.2819085657886
"5972"	"ENSG00000178809"	3.1474322379085
"5973"	"ENSG00000178828"	4.53056961337105
"5974"	"ENSG00000178852"	2.40565780734526
"5975"	"ENSG00000178878"	3.68397423918863
"5976"	"ENSG00000178882"	1.35028392097923
"5977"	"ENSG00000178896"	1.50854031071043
"5978"	"ENSG00000178935"	1.60337590921539
"5979"	"ENSG00000178965"	4.8695058209162
"5980"	"ENSG00000178966"	2.41374416306051
"5981"	"ENSG00000178971"	1.20748025532304
"5982"	"ENSG00000178999"	4.41773436370869
"5983"	"ENSG00000179021"	1.06735633331899
"5984"	"ENSG00000179038"	1.15652660594052
"5985"	"ENSG00000179051"	1.91106778360395
"5986"	"ENSG00000179057"	2.53129320463188
"5987"	"ENSG00000179066"	2.12214530498241
"5988"	"ENSG00000179083"	3.04368916770702
"5989"	"ENSG00000179088"	1.25028965577919
"5990"	"ENSG00000179091"	1.03993792018329
"5991"	"ENSG00000179094"	4.17214400869195
"5992"	"ENSG00000179097"	1.39573026074492
"5993"	"ENSG00000179101"	3.33247110565049
"5994"	"ENSG00000179119"	1.39546287523618
"5995"	"ENSG00000179136"	4.31829853499633
"5996"	"ENSG00000179144"	1.37737217496529
"5997"	"ENSG00000179163"	1.25825606513968
"5998"	"ENSG00000179165"	1.09923183152082
"5999"	"ENSG00000179178"	1.99896840524981
"6000"	"ENSG00000179218"	1.84812734721425
"6001"	"ENSG00000179222"	2.48522949094629
"6002"	"ENSG00000179240"	1.36924567434492
"6003"	"ENSG00000179256"	4.22305114382535
"6004"	"ENSG00000179270"	2.89439276283769
"6005"	"ENSG00000179284"	1.93216170750862
"6006"	"ENSG00000179292"	2.85595055050331
"6007"	"ENSG00000179300"	1.91304990975028
"6008"	"ENSG00000179304"	1.42678061521666
"6009"	"ENSG00000179314"	2.4376345268929
"6010"	"ENSG00000179331"	1.35243346243904
"6011"	"ENSG00000179344"	1.47722608767699
"6012"	"ENSG00000179362"	1.58783101504485
"6013"	"ENSG00000179387"	1.50332911155794
"6014"	"ENSG00000179388"	1.40067795659809
"6015"	"ENSG00000179399"	1.95866516186792
"6016"	"ENSG00000179403"	1.18742937975487
"6017"	"ENSG00000179406"	1.02902853738411
"6018"	"ENSG00000179428"	3.34726132435532
"6019"	"ENSG00000179455"	2.87332975068616
"6020"	"ENSG00000179477"	1.20714125396191
"6021"	"ENSG00000179523"	1.30170645112184
"6022"	"ENSG00000179528"	2.02576564617415
"6023"	"ENSG00000179532"	1.92450616044889
"6024"	"ENSG00000179542"	1.21535863931618
"6025"	"ENSG00000179546"	4.47457952737969
"6026"	"ENSG00000179562"	1.17890614681385
"6027"	"ENSG00000179564"	2.50659931676735
"6028"	"ENSG00000179593"	3.43018672926995
"6029"	"ENSG00000179598"	1.04613741429118
"6030"	"ENSG00000179603"	3.75851742564409
"6031"	"ENSG00000179611"	1.07809931292867
"6032"	"ENSG00000179627"	2.18241509106836
"6033"	"ENSG00000179636"	4.09897586326543
"6034"	"ENSG00000179698"	2.02550840725536
"6035"	"ENSG00000179715"	1.23676341150758
"6036"	"ENSG00000179750"	4.30620240038015
"6037"	"ENSG00000179751"	6.56826316461671
"6038"	"ENSG00000179761"	3.04843520181048
"6039"	"ENSG00000179776"	2.39517644054796
"6040"	"ENSG00000179796"	3.59233929050677
"6041"	"ENSG00000179799"	1.22749942515862
"6042"	"ENSG00000179826"	2.86940177921547
"6043"	"ENSG00000179841"	2.85865561054514
"6044"	"ENSG00000179869"	1.56196146937856
"6045"	"ENSG00000179889"	1.64114197094341
"6046"	"ENSG00000179899"	1.61776258260114
"6047"	"ENSG00000179902"	3.59997602978398
"6048"	"ENSG00000179909"	1.41751225124287
"6049"	"ENSG00000179912"	1.12361321785622
"6050"	"ENSG00000179913"	2.30272954758687
"6051"	"ENSG00000179914"	2.78897264469851
"6052"	"ENSG00000179918"	2.3425958580295
"6053"	"ENSG00000179921"	4.97691053955426
"6054"	"ENSG00000179930"	2.62580807315941
"6055"	"ENSG00000179934"	6.42335328487734
"6056"	"ENSG00000179958"	1.73960584968292
"6057"	"ENSG00000179967"	4.79011321684646
"6058"	"ENSG00000180016"	2.99674938111373
"6059"	"ENSG00000180035"	1.50017032148464
"6060"	"ENSG00000180043"	4.53540229799972
"6061"	"ENSG00000180044"	2.05904405199284
"6062"	"ENSG00000180066"	2.21406897612779
"6063"	"ENSG00000180071"	1.06640761772131
"6064"	"ENSG00000180089"	2.17261480181709
"6065"	"ENSG00000180096"	1.16997818838829
"6066"	"ENSG00000180113"	1.06394831063079
"6067"	"ENSG00000180139"	5.58292934687116
"6068"	"ENSG00000180176"	3.99950346181397
"6069"	"ENSG00000180178"	1.09995882329632
"6070"	"ENSG00000180185"	1.51541905388737
"6071"	"ENSG00000180198"	1.73299569923161
"6072"	"ENSG00000180209"	2.36835870123663
"6073"	"ENSG00000180229"	2.62953853243723
"6074"	"ENSG00000180257"	1.48869316683923
"6075"	"ENSG00000180263"	1.60607521053134
"6076"	"ENSG00000180264"	3.75193064513739
"6077"	"ENSG00000180318"	1.34915559334596
"6078"	"ENSG00000180332"	3.7653586092257
"6079"	"ENSG00000180340"	2.04030254006664
"6080"	"ENSG00000180347"	2.24785404348707
"6081"	"ENSG00000180354"	2.01300461339657
"6082"	"ENSG00000180383"	5.17663434502803
"6083"	"ENSG00000180422"	3.14142817175329
"6084"	"ENSG00000180423"	1.73718296028873
"6085"	"ENSG00000180438"	2.63603272898738
"6086"	"ENSG00000180440"	5.81358770244612
"6087"	"ENSG00000180447"	1.57426033422061
"6088"	"ENSG00000180509"	3.25286949504981
"6089"	"ENSG00000180525"	4.79145907388243
"6090"	"ENSG00000180532"	1.50220344616261
"6091"	"ENSG00000180535"	4.50333621492438
"6092"	"ENSG00000180539"	1.16208834067609
"6093"	"ENSG00000180543"	1.24793910386124
"6094"	"ENSG00000180549"	2.10952746378607
"6095"	"ENSG00000180573"	2.22269602381179
"6096"	"ENSG00000180581"	2.04912798936875
"6097"	"ENSG00000180596"	3.31036868951534
"6098"	"ENSG00000180610"	1.04752421524173
"6099"	"ENSG00000180660"	4.55112911932744
"6100"	"ENSG00000180730"	3.55475326928633
"6101"	"ENSG00000180745"	2.34073331300705
"6102"	"ENSG00000180747"	1.35826762015997
"6103"	"ENSG00000180758"	2.14000028301206
"6104"	"ENSG00000180769"	1.15166077370993
"6105"	"ENSG00000180776"	1.53883641429646
"6106"	"ENSG00000180777"	2.13298776449617
"6107"	"ENSG00000180818"	4.08267926964286
"6108"	"ENSG00000180828"	1.35354611666141
"6109"	"ENSG00000180834"	4.58406424806539
"6110"	"ENSG00000180867"	1.33210498897493
"6111"	"ENSG00000180875"	1.58741575304565
"6112"	"ENSG00000180879"	1.66985274980266
"6113"	"ENSG00000180902"	1.27102956395221
"6114"	"ENSG00000180914"	2.60962017096013
"6115"	"ENSG00000180921"	2.93982756064709
"6116"	"ENSG00000180953"	1.89834978051888
"6117"	"ENSG00000180964"	1.12317995249266
"6118"	"ENSG00000180992"	1.75817796502045
"6119"	"ENSG00000180998"	1.50818140536866
"6120"	"ENSG00000181016"	3.53298391871655
"6121"	"ENSG00000181019"	2.19014491187967
"6122"	"ENSG00000181029"	4.85967441299427
"6123"	"ENSG00000181031"	1.01496380246687
"6124"	"ENSG00000181035"	1.19963014464646
"6125"	"ENSG00000181074"	2.60473812110679
"6126"	"ENSG00000181085"	1.31517459526576
"6127"	"ENSG00000181092"	5.99185497141514
"6128"	"ENSG00000181104"	1.48981482036031
"6129"	"ENSG00000181126"	1.45741683989086
"6130"	"ENSG00000181143"	1.3674440251512
"6131"	"ENSG00000181192"	2.2795129332462
"6132"	"ENSG00000181195"	2.10633584623035
"6133"	"ENSG00000181215"	3.29362953830461
"6134"	"ENSG00000181218"	2.21156084805419
"6135"	"ENSG00000181227"	1.57985793556397
"6136"	"ENSG00000181234"	6.2033096336707
"6137"	"ENSG00000181264"	1.12916194713654
"6138"	"ENSG00000181274"	1.69990083028488
"6139"	"ENSG00000181291"	1.96061492567225
"6140"	"ENSG00000181322"	2.27642420126594
"6141"	"ENSG00000181333"	2.42900193370775
"6142"	"ENSG00000181378"	2.90105562763594
"6143"	"ENSG00000181392"	1.72943589373789
"6144"	"ENSG00000181404"	1.39320549390063
"6145"	"ENSG00000181409"	1.27136714908371
"6146"	"ENSG00000181449"	4.00924626143985
"6147"	"ENSG00000181458"	1.81654376580363
"6148"	"ENSG00000181467"	1.30707209835905
"6149"	"ENSG00000181513"	1.90423172247469
"6150"	"ENSG00000181541"	3.7184682295347
"6151"	"ENSG00000181544"	1.97772229381057
"6152"	"ENSG00000181577"	6.29831151467938
"6153"	"ENSG00000181585"	1.58946540690453
"6154"	"ENSG00000181588"	1.31289529765191
"6155"	"ENSG00000181610"	1.5719903597149
"6156"	"ENSG00000181617"	1.35401829548873
"6157"	"ENSG00000181619"	1.97382182222214
"6158"	"ENSG00000181631"	1.66581146654836
"6159"	"ENSG00000181634"	3.36950193443465
"6160"	"ENSG00000181649"	2.44754220017738
"6161"	"ENSG00000181690"	1.73665011867475
"6162"	"ENSG00000181704"	1.06215402100494
"6163"	"ENSG00000181778"	3.9558762191711
"6164"	"ENSG00000181781"	2.00900111124839
"6165"	"ENSG00000181789"	1.68710246234534
"6166"	"ENSG00000181800"	3.37542900920456
"6167"	"ENSG00000181804"	1.03208368790657
"6168"	"ENSG00000181826"	1.74039917255378
"6169"	"ENSG00000181847"	3.79418019471011
"6170"	"ENSG00000181856"	4.48866953378266
"6171"	"ENSG00000181885"	1.68542173362481
"6172"	"ENSG00000181915"	1.08842176667332
"6173"	"ENSG00000181924"	1.01480948119664
"6174"	"ENSG00000181938"	1.07161494225678
"6175"	"ENSG00000181997"	8.90489786428195
"6176"	"ENSG00000182004"	1.44172226415046
"6177"	"ENSG00000182010"	3.41535502229667
"6178"	"ENSG00000182013"	1.12630452299021
"6179"	"ENSG00000182021"	5.63150250264268
"6180"	"ENSG00000182040"	2.77516609880713
"6181"	"ENSG00000182048"	1.21225749381884
"6182"	"ENSG00000182054"	3.01607817234068
"6183"	"ENSG00000182057"	4.7990472346955
"6184"	"ENSG00000182077"	2.09520186337469
"6185"	"ENSG00000182087"	1.54428143236492
"6186"	"ENSG00000182103"	2.07643403706142
"6187"	"ENSG00000182107"	1.7014862313421
"6188"	"ENSG00000182108"	6.13971086475061
"6189"	"ENSG00000182117"	1.04767218138361
"6190"	"ENSG00000182118"	2.93743247263847
"6191"	"ENSG00000182132"	1.7365324666059
"6192"	"ENSG00000182134"	2.34030228292573
"6193"	"ENSG00000182165"	1.30522068244339
"6194"	"ENSG00000182173"	1.13321221727464
"6195"	"ENSG00000182175"	3.35662938025591
"6196"	"ENSG00000182180"	1.40595274687076
"6197"	"ENSG00000182183"	1.52894565960102
"6198"	"ENSG00000182196"	9.0904387039548
"6199"	"ENSG00000182199"	1.62629561780121
"6200"	"ENSG00000182218"	1.08043762217924
"6201"	"ENSG00000182220"	1.09325340293866
"6202"	"ENSG00000182224"	3.2622090063288
"6203"	"ENSG00000182230"	6.16500845125532
"6204"	"ENSG00000182253"	3.47214264734491
"6205"	"ENSG00000182255"	4.66087844104829
"6206"	"ENSG00000182256"	1.04196068922663
"6207"	"ENSG00000182263"	2.74308786888827
"6208"	"ENSG00000182264"	2.58346855622968
"6209"	"ENSG00000182272"	1.19404318345437
"6210"	"ENSG00000182326"	1.16402947022342
"6211"	"ENSG00000182329"	2.90709901132695
"6212"	"ENSG00000182333"	1.25282886203215
"6213"	"ENSG00000182347"	2.07316413611561
"6214"	"ENSG00000182348"	3.87439806072691
"6215"	"ENSG00000182352"	1.95950722075095
"6216"	"ENSG00000182376"	2.49528943347183
"6217"	"ENSG00000182379"	4.46087880041751
"6218"	"ENSG00000182397"	2.93889256299488
"6219"	"ENSG00000182400"	2.63929123136821
"6220"	"ENSG00000182450"	3.85853407114639
"6221"	"ENSG00000182463"	2.21189641728636
"6222"	"ENSG00000182481"	3.5476032735803
"6223"	"ENSG00000182484"	1.07276755668643
"6224"	"ENSG00000182489"	2.00716322562581
"6225"	"ENSG00000182492"	1.97603331601718
"6226"	"ENSG00000182508"	2.17783376637314
"6227"	"ENSG00000182511"	2.22620619313205
"6228"	"ENSG00000182518"	1.30966022559348
"6229"	"ENSG00000182534"	1.45000633263157
"6230"	"ENSG00000182544"	1.05382738958269
"6231"	"ENSG00000182566"	10.3323870904162
"6232"	"ENSG00000182580"	1.57359364190018
"6233"	"ENSG00000182584"	3.74002385629877
"6234"	"ENSG00000182585"	5.69699980451878
"6235"	"ENSG00000182600"	1.66693563105399
"6236"	"ENSG00000182601"	1.24757016055148
"6237"	"ENSG00000182628"	2.31703506224483
"6238"	"ENSG00000182632"	1.2811635370857
"6239"	"ENSG00000182636"	1.97576830005895
"6240"	"ENSG00000182667"	2.23475600842595
"6241"	"ENSG00000182670"	1.27210342369808
"6242"	"ENSG00000182676"	1.56533058032563
"6243"	"ENSG00000182685"	2.10645310734333
"6244"	"ENSG00000182700"	1.04529977616944
"6245"	"ENSG00000182732"	3.65795018289463
"6246"	"ENSG00000182759"	1.35110604360752
"6247"	"ENSG00000182768"	3.05180675451372
"6248"	"ENSG00000182771"	1.90777107044325
"6249"	"ENSG00000182774"	7.55550911444413
"6250"	"ENSG00000182782"	1.77506343282464
"6251"	"ENSG00000182791"	3.45723024034479
"6252"	"ENSG00000182795"	2.48730819098164
"6253"	"ENSG00000182796"	2.19697195403463
"6254"	"ENSG00000182827"	1.08925272959422
"6255"	"ENSG00000182836"	4.16511231791854
"6256"	"ENSG00000182841"	1.60811583896721
"6257"	"ENSG00000182853"	1.14587062585405
"6258"	"ENSG00000182866"	2.54633180676815
"6259"	"ENSG00000182870"	1.76914178405265
"6260"	"ENSG00000182885"	2.61324515278142
"6261"	"ENSG00000182901"	1.06795055326748
"6262"	"ENSG00000182902"	1.11393000995078
"6263"	"ENSG00000182916"	2.42258040873216
"6264"	"ENSG00000182919"	1.0154715624511
"6265"	"ENSG00000182950"	1.53470532390703
"6266"	"ENSG00000182983"	2.10170337862721
"6267"	"ENSG00000182985"	1.22594564219757
"6268"	"ENSG00000183010"	3.91699396586471
"6269"	"ENSG00000183018"	1.20609836179795
"6270"	"ENSG00000183019"	1.17292112561918
"6271"	"ENSG00000183032"	1.25638875235756
"6272"	"ENSG00000183060"	1.06512192437761
"6273"	"ENSG00000183067"	2.77124080449017
"6274"	"ENSG00000183072"	1.50215551797861
"6275"	"ENSG00000183077"	1.4973799704785
"6276"	"ENSG00000183087"	1.45224292769234
"6277"	"ENSG00000183091"	1.46951087298441
"6278"	"ENSG00000183092"	2.2989923738817
"6279"	"ENSG00000183098"	1.06231938989813
"6280"	"ENSG00000183134"	1.93462385610143
"6281"	"ENSG00000183145"	4.95399349824583
"6282"	"ENSG00000183150"	3.84566276006048
"6283"	"ENSG00000183153"	7.04340151887558
"6284"	"ENSG00000183154"	2.25145139886647
"6285"	"ENSG00000183155"	2.7200394018118
"6286"	"ENSG00000183161"	1.95359748940084
"6287"	"ENSG00000183166"	2.32888812726107
"6288"	"ENSG00000183171"	1.57788670551744
"6289"	"ENSG00000183186"	2.33191989076258
"6290"	"ENSG00000183196"	3.04787712610546
"6291"	"ENSG00000183207"	1.31842647111332
"6292"	"ENSG00000183208"	1.04269311676095
"6293"	"ENSG00000183230"	1.11916289876453
"6294"	"ENSG00000183248"	1.68237176773716
"6295"	"ENSG00000183250"	2.0409783578271
"6296"	"ENSG00000183281"	2.03508736219687
"6297"	"ENSG00000183287"	3.0262313470434
"6298"	"ENSG00000183309"	1.48986939661404
"6299"	"ENSG00000183317"	1.23584997903261
"6300"	"ENSG00000183323"	1.93436127913116
"6301"	"ENSG00000183336"	9.21445602263135
"6302"	"ENSG00000183346"	1.41652738815325
"6303"	"ENSG00000183347"	2.28220783677361
"6304"	"ENSG00000183378"	4.64935314580411
"6305"	"ENSG00000183379"	1.49337944525393
"6306"	"ENSG00000183397"	1.00898266065736
"6307"	"ENSG00000183426"	1.89483901620561
"6308"	"ENSG00000183434"	2.44026310485872
"6309"	"ENSG00000183439"	1.12494907041153
"6310"	"ENSG00000183444"	4.88149758116126
"6311"	"ENSG00000183458"	4.83273206643304
"6312"	"ENSG00000183463"	3.94082957603173
"6313"	"ENSG00000183484"	1.10316771417826
"6314"	"ENSG00000183506"	2.53536856935792
"6315"	"ENSG00000183508"	2.76289458131509
"6316"	"ENSG00000183527"	1.15636427728223
"6317"	"ENSG00000183530"	1.14862348139863
"6318"	"ENSG00000183535"	3.27046037362375
"6319"	"ENSG00000183542"	3.52956814400425
"6320"	"ENSG00000183549"	3.8437570770254
"6321"	"ENSG00000183569"	2.52353993577369
"6322"	"ENSG00000183570"	1.21316380446889
"6323"	"ENSG00000183580"	1.03723153061257
"6324"	"ENSG00000183604"	1.56277596290425
"6325"	"ENSG00000183625"	3.16759796613441
"6326"	"ENSG00000183628"	4.92738938335692
"6327"	"ENSG00000183638"	1.89912598538907
"6328"	"ENSG00000183644"	1.57388853399428
"6329"	"ENSG00000183654"	2.10817142018247
"6330"	"ENSG00000183665"	1.59327058049849
"6331"	"ENSG00000183671"	1.78324828793889
"6332"	"ENSG00000183682"	5.05077199909689
"6333"	"ENSG00000183684"	1.40831930362526
"6334"	"ENSG00000183690"	1.04122331752066
"6335"	"ENSG00000183691"	1.01589035456858
"6336"	"ENSG00000183695"	4.11067020310352
"6337"	"ENSG00000183696"	1.46177886918727
"6338"	"ENSG00000183718"	1.96292201533001
"6339"	"ENSG00000183722"	2.68117475925363
"6340"	"ENSG00000183723"	2.83869754925314
"6341"	"ENSG00000183733"	2.55086262736237
"6342"	"ENSG00000183734"	3.35337692469083
"6343"	"ENSG00000183742"	1.69778506887747
"6344"	"ENSG00000183760"	2.23685379764577
"6345"	"ENSG00000183763"	1.60201468602924
"6346"	"ENSG00000183765"	1.46978979030856
"6347"	"ENSG00000183770"	1.52330522116411
"6348"	"ENSG00000183783"	1.45657101285027
"6349"	"ENSG00000183793"	2.33362818716982
"6350"	"ENSG00000183807"	3.9685282847143
"6351"	"ENSG00000183813"	3.1194213654887
"6352"	"ENSG00000183814"	2.03562952833536
"6353"	"ENSG00000183826"	1.00852516631598
"6354"	"ENSG00000183833"	3.11600279201867
"6355"	"ENSG00000183840"	2.67827412921592
"6356"	"ENSG00000183844"	1.60891702096966
"6357"	"ENSG00000183850"	2.58587792592656
"6358"	"ENSG00000183853"	1.15960201685845
"6359"	"ENSG00000183856"	4.46863197009679
"6360"	"ENSG00000183873"	2.90632596031579
"6361"	"ENSG00000183876"	2.32361956733889
"6362"	"ENSG00000183878"	11.0858685328329
"6363"	"ENSG00000183889"	5.28672702981059
"6364"	"ENSG00000183908"	1.77027760081607
"6365"	"ENSG00000183918"	2.3712267330669
"6366"	"ENSG00000183929"	1.06373090231787
"6367"	"ENSG00000183960"	4.14546164994416
"6368"	"ENSG00000183963"	1.28270207883598
"6369"	"ENSG00000183971"	2.98959106760329
"6370"	"ENSG00000184005"	3.63643223277596
"6371"	"ENSG00000184009"	1.15550902099328
"6372"	"ENSG00000184047"	3.44339161181724
"6373"	"ENSG00000184056"	2.64288755881427
"6374"	"ENSG00000184068"	3.03119149813005
"6375"	"ENSG00000184113"	5.89410756645723
"6376"	"ENSG00000184115"	5.26078491973502
"6377"	"ENSG00000184117"	2.23407636838726
"6378"	"ENSG00000184144"	1.21423981308849
"6379"	"ENSG00000184156"	1.14219454258409
"6380"	"ENSG00000184160"	1.08290076048828
"6381"	"ENSG00000184164"	1.05425567537924
"6382"	"ENSG00000184194"	1.14853832781769
"6383"	"ENSG00000184205"	2.68999977470095
"6384"	"ENSG00000184206"	4.02489000078966
"6385"	"ENSG00000184221"	2.78558240993872
"6386"	"ENSG00000184226"	1.55520802565126
"6387"	"ENSG00000184232"	1.15343117967201
"6388"	"ENSG00000184261"	1.8258618423452
"6389"	"ENSG00000184271"	2.82546848019246
"6390"	"ENSG00000184274"	1.83493081898058
"6391"	"ENSG00000184292"	1.05202687739343
"6392"	"ENSG00000184293"	1.48709342168282
"6393"	"ENSG00000184304"	1.37575968875294
"6394"	"ENSG00000184313"	5.72754746685674
"6395"	"ENSG00000184330"	11.5094515470518
"6396"	"ENSG00000184343"	2.75223316183766
"6397"	"ENSG00000184347"	2.41482030439
"6398"	"ENSG00000184350"	1.58326107416337
"6399"	"ENSG00000184357"	2.50121759038312
"6400"	"ENSG00000184363"	2.17902455515253
"6401"	"ENSG00000184368"	1.84024782134601
"6402"	"ENSG00000184371"	1.89070473940706
"6403"	"ENSG00000184374"	3.15582413548902
"6404"	"ENSG00000184381"	2.2028573781989
"6405"	"ENSG00000184384"	1.74079541908123
"6406"	"ENSG00000184389"	1.47641532793011
"6407"	"ENSG00000184432"	1.84836288968553
"6408"	"ENSG00000184434"	1.13414889816248
"6409"	"ENSG00000184441"	3.0763235789544
"6410"	"ENSG00000184451"	2.11391946464924
"6411"	"ENSG00000184454"	1.58806084662031
"6412"	"ENSG00000184465"	2.12437279684663
"6413"	"ENSG00000184486"	1.11579900715639
"6414"	"ENSG00000184492"	1.52157092388552
"6415"	"ENSG00000184497"	2.61114458879981
"6416"	"ENSG00000184500"	2.06955959056106
"6417"	"ENSG00000184507"	1.58524954839479
"6418"	"ENSG00000184557"	2.23752199982363
"6419"	"ENSG00000184564"	2.81561089911496
"6420"	"ENSG00000184574"	1.97814305093071
"6421"	"ENSG00000184575"	1.03895065066884
"6422"	"ENSG00000184601"	7.35187515230247
"6423"	"ENSG00000184613"	2.60367237089554
"6424"	"ENSG00000184616"	2.0689217050717
"6425"	"ENSG00000184635"	2.57863048499964
"6426"	"ENSG00000184647"	3.12281388357429
"6427"	"ENSG00000184659"	1.61771097334916
"6428"	"ENSG00000184661"	4.77498836860855
"6429"	"ENSG00000184669"	1.03113037304657
"6430"	"ENSG00000184675"	1.11448056397711
"6431"	"ENSG00000184678"	1.59640412475807
"6432"	"ENSG00000184702"	6.8706929130347
"6433"	"ENSG00000184730"	1.9768646629497
"6434"	"ENSG00000184731"	2.22827039909931
"6435"	"ENSG00000184774"	3.93847596047598
"6436"	"ENSG00000184785"	2.39029387780705
"6437"	"ENSG00000184792"	2.04665816866368
"6438"	"ENSG00000184809"	1.47267759678215
"6439"	"ENSG00000184811"	6.05788086957041
"6440"	"ENSG00000184828"	1.57080588234293
"6441"	"ENSG00000184831"	2.32723390697544
"6442"	"ENSG00000184838"	2.09820896668734
"6443"	"ENSG00000184840"	1.58481200464744
"6444"	"ENSG00000184860"	1.03630239282567
"6445"	"ENSG00000184863"	1.46313360218442
"6446"	"ENSG00000184895"	5.11510426891675
"6447"	"ENSG00000184905"	2.16386391599932
"6448"	"ENSG00000184906"	5.91286296568412
"6449"	"ENSG00000184908"	1.40888468109147
"6450"	"ENSG00000184916"	1.44894866014074
"6451"	"ENSG00000184937"	6.48798744718993
"6452"	"ENSG00000184956"	4.91202179073442
"6453"	"ENSG00000184979"	1.21536535599651
"6454"	"ENSG00000184983"	1.08935359389865
"6455"	"ENSG00000184992"	2.83094085100277
"6456"	"ENSG00000185002"	1.49179108451092
"6457"	"ENSG00000185008"	2.71016703623281
"6458"	"ENSG00000185009"	1.0875651583656
"6459"	"ENSG00000185010"	2.10438982013943
"6460"	"ENSG00000185013"	1.09924228329119
"6461"	"ENSG00000185022"	2.9785014474476
"6462"	"ENSG00000185028"	2.12334294756203
"6463"	"ENSG00000185031"	3.67497522251239
"6464"	"ENSG00000185038"	1.94341496418908
"6465"	"ENSG00000185040"	1.81710579527583
"6466"	"ENSG00000185043"	1.15045659163284
"6467"	"ENSG00000185053"	3.03634358442614
"6468"	"ENSG00000185055"	1.27510974542764
"6469"	"ENSG00000185065"	1.80273690887063
"6470"	"ENSG00000185070"	1.49038301000143
"6471"	"ENSG00000185090"	2.69703394381363
"6472"	"ENSG00000185112"	1.80074589330172
"6473"	"ENSG00000185149"	6.03516440201899
"6474"	"ENSG00000185155"	3.29788468791347
"6475"	"ENSG00000185156"	1.71412784113251
"6476"	"ENSG00000185164"	1.06637322374148
"6477"	"ENSG00000185186"	3.1359739680057
"6478"	"ENSG00000185189"	2.87127182411894
"6479"	"ENSG00000185198"	2.49144738182114
"6480"	"ENSG00000185201"	1.56096958257489
"6481"	"ENSG00000185215"	1.10962660836791
"6482"	"ENSG00000185220"	1.17705237983708
"6483"	"ENSG00000185250"	1.5918488409881
"6484"	"ENSG00000185252"	1.43871529361439
"6485"	"ENSG00000185261"	1.46900786891687
"6486"	"ENSG00000185269"	2.76850257420757
"6487"	"ENSG00000185271"	3.49550771766593
"6488"	"ENSG00000185275"	4.98838000780491
"6489"	"ENSG00000185290"	1.93705961122761
"6490"	"ENSG00000185291"	1.48220320447231
"6491"	"ENSG00000185298"	1.04676234362612
"6492"	"ENSG00000185303"	1.51064516235204
"6493"	"ENSG00000185306"	2.86958047038791
"6494"	"ENSG00000185332"	1.41389775854571
"6495"	"ENSG00000185339"	1.11038102078385
"6496"	"ENSG00000185345"	1.27769329022286
"6497"	"ENSG00000185352"	3.5998480106163
"6498"	"ENSG00000185386"	1.65597213410584
"6499"	"ENSG00000185414"	1.13359365398027
"6500"	"ENSG00000185420"	2.37969107163647
"6501"	"ENSG00000185432"	1.27709453037922
"6502"	"ENSG00000185437"	4.4242461424916
"6503"	"ENSG00000185442"	2.01146918869259
"6504"	"ENSG00000185467"	4.80053477016533
"6505"	"ENSG00000185480"	2.30063571332344
"6506"	"ENSG00000185485"	1.43629028926714
"6507"	"ENSG00000185499"	3.13199464273935
"6508"	"ENSG00000185513"	3.50575423005352
"6509"	"ENSG00000185515"	1.92060129084672
"6510"	"ENSG00000185518"	2.98906594600633
"6511"	"ENSG00000185522"	1.08810760600029
"6512"	"ENSG00000185527"	2.21111713659414
"6513"	"ENSG00000185551"	1.10642916884911
"6514"	"ENSG00000185559"	4.50219196845155
"6515"	"ENSG00000185565"	1.59264898238629
"6516"	"ENSG00000185594"	2.84844679723365
"6517"	"ENSG00000185596"	1.23856955990217
"6518"	"ENSG00000185610"	1.96290369485526
"6519"	"ENSG00000185615"	1.71631488397582
"6520"	"ENSG00000185619"	1.38530686824533
"6521"	"ENSG00000185624"	1.81612180708866
"6522"	"ENSG00000185630"	1.53745162116042
"6523"	"ENSG00000185640"	3.11015044882367
"6524"	"ENSG00000185641"	1.30678258582714
"6525"	"ENSG00000185651"	1.01022362638577
"6526"	"ENSG00000185652"	2.73390957402616
"6527"	"ENSG00000185664"	2.0989933487786
"6528"	"ENSG00000185668"	1.74540337882748
"6529"	"ENSG00000185670"	1.07817953413967
"6530"	"ENSG00000185684"	1.58348710856385
"6531"	"ENSG00000185686"	7.11309098653656
"6532"	"ENSG00000185689"	3.81641791855136
"6533"	"ENSG00000185697"	1.47977209370179
"6534"	"ENSG00000185728"	1.02474041118931
"6535"	"ENSG00000185730"	1.14049216876293
"6536"	"ENSG00000185736"	1.63899145732307
"6537"	"ENSG00000185737"	1.68992125455583
"6538"	"ENSG00000185739"	3.49208773499242
"6539"	"ENSG00000185742"	2.93798980145688
"6540"	"ENSG00000185745"	2.3016475488918
"6541"	"ENSG00000185760"	1.90125754432205
"6542"	"ENSG00000185774"	3.63216735258934
"6543"	"ENSG00000185798"	1.20389041975242
"6544"	"ENSG00000185803"	1.25482575072105
"6545"	"ENSG00000185811"	1.49849615656753
"6546"	"ENSG00000185818"	3.69812950013898
"6547"	"ENSG00000185823"	3.89664768787169
"6548"	"ENSG00000185829"	1.02142411960918
"6549"	"ENSG00000185834"	1.23527695834641
"6550"	"ENSG00000185842"	1.58139505117807
"6551"	"ENSG00000185862"	1.21039710749888
"6552"	"ENSG00000185863"	2.1347432274305
"6553"	"ENSG00000185864"	2.09835403775092
"6554"	"ENSG00000185869"	1.16663233529812
"6555"	"ENSG00000185873"	4.42931124437513
"6556"	"ENSG00000185875"	1.09359357230514
"6557"	"ENSG00000185880"	1.16614417906366
"6558"	"ENSG00000185883"	9.96607443248268
"6559"	"ENSG00000185897"	3.92739138652678
"6560"	"ENSG00000185900"	6.01968595008042
"6561"	"ENSG00000185905"	2.73867026590078
"6562"	"ENSG00000185909"	1.03078080748675
"6563"	"ENSG00000185920"	1.13683396892817
"6564"	"ENSG00000185942"	4.08216647537339
"6565"	"ENSG00000185946"	2.30009147066016
"6566"	"ENSG00000185950"	3.15552336319047
"6567"	"ENSG00000185960"	5.1325899142356
"6568"	"ENSG00000185985"	3.06545386746964
"6569"	"ENSG00000185988"	2.07793050290556
"6570"	"ENSG00000185989"	1.25610374787148
"6571"	"ENSG00000186010"	6.04033831280805
"6572"	"ENSG00000186020"	1.05624403704288
"6573"	"ENSG00000186047"	1.69509296327938
"6574"	"ENSG00000186056"	1.60812445010721
"6575"	"ENSG00000186074"	2.4973359288041
"6576"	"ENSG00000186076"	2.33511468690543
"6577"	"ENSG00000186081"	2.6219623809645
"6578"	"ENSG00000186094"	1.59208732197921
"6579"	"ENSG00000186105"	3.76286357506385
"6580"	"ENSG00000186115"	2.29160106326976
"6581"	"ENSG00000186118"	1.35095382052043
"6582"	"ENSG00000186130"	1.33966698168
"6583"	"ENSG00000186148"	5.64507190237964
"6584"	"ENSG00000186150"	2.27625748774037
"6585"	"ENSG00000186160"	3.42678732585712
"6586"	"ENSG00000186166"	1.04971166330538
"6587"	"ENSG00000186185"	3.96081917017011
"6588"	"ENSG00000186193"	3.86953758963807
"6589"	"ENSG00000186197"	3.24751031473828
"6590"	"ENSG00000186204"	3.33059027854228
"6591"	"ENSG00000186205"	2.70569779397837
"6592"	"ENSG00000186212"	2.80260574722218
"6593"	"ENSG00000186230"	1.04922947405623
"6594"	"ENSG00000186235"	1.41525560687347
"6595"	"ENSG00000186265"	2.73936027527951
"6596"	"ENSG00000186281"	1.85865737621052
"6597"	"ENSG00000186283"	1.48120165091559
"6598"	"ENSG00000186301"	2.75561935224797
"6599"	"ENSG00000186318"	1.26420494214309
"6600"	"ENSG00000186326"	2.37509529559512
"6601"	"ENSG00000186335"	2.23084828573759
"6602"	"ENSG00000186377"	1.36464104233658
"6603"	"ENSG00000186399"	3.36726775156298
"6604"	"ENSG00000186417"	4.22475031321186
"6605"	"ENSG00000186431"	2.25342092896512
"6606"	"ENSG00000186439"	2.08367571798035
"6607"	"ENSG00000186451"	1.57188755833329
"6608"	"ENSG00000186452"	1.50928810186167
"6609"	"ENSG00000186453"	4.9161164540878
"6610"	"ENSG00000186458"	2.33297234063665
"6611"	"ENSG00000186466"	7.3837755716529
"6612"	"ENSG00000186468"	1.96593898027956
"6613"	"ENSG00000186469"	1.53294787845065
"6614"	"ENSG00000186474"	1.70365403434836
"6615"	"ENSG00000186479"	1.03742508652826
"6616"	"ENSG00000186481"	2.21803204782361
"6617"	"ENSG00000186510"	1.58472582840937
"6618"	"ENSG00000186517"	1.13603463975315
"6619"	"ENSG00000186523"	1.16143270508352
"6620"	"ENSG00000186526"	1.93502250501861
"6621"	"ENSG00000186529"	1.33803366267543
"6622"	"ENSG00000186532"	1.11153667631358
"6623"	"ENSG00000186575"	1.14022713781091
"6624"	"ENSG00000186594"	2.5827624295196
"6625"	"ENSG00000186603"	3.40885581507867
"6626"	"ENSG00000186628"	4.13397057967796
"6627"	"ENSG00000186638"	2.88122237310285
"6628"	"ENSG00000186642"	5.24562198762529
"6629"	"ENSG00000186652"	6.78603425138651
"6630"	"ENSG00000186654"	1.1727479199141
"6631"	"ENSG00000186665"	1.51019414354169
"6632"	"ENSG00000186704"	6.46253711169224
"6633"	"ENSG00000186710"	1.84167622464673
"6634"	"ENSG00000186715"	3.87789140177371
"6635"	"ENSG00000186732"	3.29073773526835
"6636"	"ENSG00000186777"	1.18856320390618
"6637"	"ENSG00000186792"	1.41507906618944
"6638"	"ENSG00000186810"	5.04342549923835
"6639"	"ENSG00000186818"	2.65050790762937
"6640"	"ENSG00000186831"	1.95670345738097
"6641"	"ENSG00000186847"	4.15273790192989
"6642"	"ENSG00000186866"	1.00739487415833
"6643"	"ENSG00000186871"	4.78069405297499
"6644"	"ENSG00000186891"	1.80948022625412
"6645"	"ENSG00000186908"	1.3131527219377
"6646"	"ENSG00000186910"	1.12241938955844
"6647"	"ENSG00000186912"	1.16522031861305
"6648"	"ENSG00000186940"	4.9674383992569
"6649"	"ENSG00000186973"	2.39465060912854
"6650"	"ENSG00000186994"	4.46731822795481
"6651"	"ENSG00000187013"	1.19546651814764
"6652"	"ENSG00000187021"	5.4914468197018
"6653"	"ENSG00000187024"	6.83044842422107
"6654"	"ENSG00000187037"	4.00770915012394
"6655"	"ENSG00000187045"	3.13827791301239
"6656"	"ENSG00000187048"	2.66760849727596
"6657"	"ENSG00000187079"	1.08908732221986
"6658"	"ENSG00000187091"	1.02757787426061
"6659"	"ENSG00000187098"	1.00570057114141
"6660"	"ENSG00000187134"	3.35553752948634
"6661"	"ENSG00000187144"	2.39504259010487
"6662"	"ENSG00000187151"	5.19453301179919
"6663"	"ENSG00000187164"	2.01138185636776
"6664"	"ENSG00000187166"	3.56049629519631
"6665"	"ENSG00000187186"	5.17055095973152
"6666"	"ENSG00000187193"	4.97798615791575
"6667"	"ENSG00000187210"	2.53825860323492
"6668"	"ENSG00000187231"	1.01057425447773
"6669"	"ENSG00000187260"	2.86083781823543
"6670"	"ENSG00000187266"	1.62448080594747
"6671"	"ENSG00000187268"	5.18624810605501
"6672"	"ENSG00000187288"	7.33575315140536
"6673"	"ENSG00000187391"	1.36018722343972
"6674"	"ENSG00000187416"	1.32735443407688
"6675"	"ENSG00000187446"	1.04306419136787
"6676"	"ENSG00000187474"	2.93124808358663
"6677"	"ENSG00000187479"	4.5978588721604
"6678"	"ENSG00000187510"	4.61911793736316
"6679"	"ENSG00000187513"	2.47669123126716
"6680"	"ENSG00000187522"	1.05454103129044
"6681"	"ENSG00000187527"	2.89967358545973
"6682"	"ENSG00000187534"	3.21516306772416
"6683"	"ENSG00000187546"	2.53397143213239
"6684"	"ENSG00000187553"	1.46203916504407
"6685"	"ENSG00000187556"	1.70896343683201
"6686"	"ENSG00000187566"	1.86657158100473
"6687"	"ENSG00000187605"	1.47023479997271
"6688"	"ENSG00000187608"	3.02990439582062
"6689"	"ENSG00000187609"	1.73173554343101
"6690"	"ENSG00000187621"	4.10379159136024
"6691"	"ENSG00000187634"	2.2314641997951
"6692"	"ENSG00000187642"	1.7245415376278
"6693"	"ENSG00000187653"	1.43254120517445
"6694"	"ENSG00000187664"	7.51961770482159
"6695"	"ENSG00000187682"	1.43526240835981
"6696"	"ENSG00000187686"	1.23592187130344
"6697"	"ENSG00000187690"	2.83430709080556
"6698"	"ENSG00000187699"	1.89380604124293
"6699"	"ENSG00000187726"	1.49259567618222
"6700"	"ENSG00000187730"	2.71005408625811
"6701"	"ENSG00000187736"	2.00901507526776
"6702"	"ENSG00000187741"	2.1285241339469
"6703"	"ENSG00000187758"	5.68077075394909
"6704"	"ENSG00000187762"	2.51571408453989
"6705"	"ENSG00000187764"	1.23730576566548
"6706"	"ENSG00000187773"	1.14697178242933
"6707"	"ENSG00000187775"	1.15921010466273
"6708"	"ENSG00000187796"	1.65096822962745
"6709"	"ENSG00000187800"	3.96661577276045
"6710"	"ENSG00000187801"	2.2308709985681
"6711"	"ENSG00000187808"	2.30209844660424
"6712"	"ENSG00000187824"	2.70120984166698
"6713"	"ENSG00000187837"	2.62145927532042
"6714"	"ENSG00000187838"	10.3746320795112
"6715"	"ENSG00000187848"	1.15964328241828
"6716"	"ENSG00000187860"	1.32249945599057
"6717"	"ENSG00000187862"	1.49409466374647
"6718"	"ENSG00000187871"	4.14960915679828
"6719"	"ENSG00000187889"	1.0756587854989
"6720"	"ENSG00000187902"	1.08355883817358
"6721"	"ENSG00000187912"	3.20168308775213
"6722"	"ENSG00000187922"	10.0183005951292
"6723"	"ENSG00000187942"	3.25977409421965
"6724"	"ENSG00000187950"	1.85833805498058
"6725"	"ENSG00000187951"	1.36247595980162
"6726"	"ENSG00000187955"	1.67993212559327
"6727"	"ENSG00000187961"	1.01725352586341
"6728"	"ENSG00000187980"	4.27106032722428
"6729"	"ENSG00000187987"	1.23181199479792
"6730"	"ENSG00000188004"	6.87669418001646
"6731"	"ENSG00000188010"	1.31474175975322
"6732"	"ENSG00000188011"	1.65286573180962
"6733"	"ENSG00000188015"	1.44030933743482
"6734"	"ENSG00000188032"	1.00098138459249
"6735"	"ENSG00000188038"	8.08454412851173
"6736"	"ENSG00000188039"	1.6432973736378
"6737"	"ENSG00000188051"	2.32092944971091
"6738"	"ENSG00000188060"	1.12213658436539
"6739"	"ENSG00000188064"	4.11873504697353
"6740"	"ENSG00000188086"	7.23842714487868
"6741"	"ENSG00000188089"	4.57449133657398
"6742"	"ENSG00000188095"	2.91747814463376
"6743"	"ENSG00000188100"	3.22506155103662
"6744"	"ENSG00000188107"	1.32550732653098
"6745"	"ENSG00000188112"	1.74548866659685
"6746"	"ENSG00000188130"	1.65573936232728
"6747"	"ENSG00000188133"	1.05076951161455
"6748"	"ENSG00000188157"	1.21993942409369
"6749"	"ENSG00000188158"	1.17275691240975
"6750"	"ENSG00000188163"	2.77032463172719
"6751"	"ENSG00000188167"	1.1118851208017
"6752"	"ENSG00000188171"	1.46991688193693
"6753"	"ENSG00000188176"	2.64374325770888
"6754"	"ENSG00000188177"	1.56035641708921
"6755"	"ENSG00000188215"	1.53533688860303
"6756"	"ENSG00000188229"	1.76602637108687
"6757"	"ENSG00000188234"	1.95870267882243
"6758"	"ENSG00000188242"	5.76462946545419
"6759"	"ENSG00000188257"	2.97086556269132
"6760"	"ENSG00000188263"	4.08776284390176
"6761"	"ENSG00000188269"	1.16977952055806
"6762"	"ENSG00000188282"	1.62014437524388
"6763"	"ENSG00000188293"	2.54097148590342
"6764"	"ENSG00000188295"	1.40053782680692
"6765"	"ENSG00000188316"	1.08956764312329
"6766"	"ENSG00000188321"	1.21918969742596
"6767"	"ENSG00000188322"	4.42608208682151
"6768"	"ENSG00000188338"	2.32806911302949
"6769"	"ENSG00000188365"	1.3264441433301
"6770"	"ENSG00000188368"	2.71040791620486
"6771"	"ENSG00000188372"	1.27252047341809
"6772"	"ENSG00000188385"	1.03489000269035
"6773"	"ENSG00000188388"	4.30982050857218
"6774"	"ENSG00000188389"	1.92655204021395
"6775"	"ENSG00000188403"	3.91200058023326
"6776"	"ENSG00000188404"	2.45563374257383
"6777"	"ENSG00000188452"	2.78638602173828
"6778"	"ENSG00000188486"	2.54592265581119
"6779"	"ENSG00000188487"	2.52259851718918
"6780"	"ENSG00000188505"	4.35614616802106
"6781"	"ENSG00000188508"	1.55609839666525
"6782"	"ENSG00000188511"	1.37744455750585
"6783"	"ENSG00000188517"	3.98433607585587
"6784"	"ENSG00000188522"	1.26175036649436
"6785"	"ENSG00000188525"	2.53108781856456
"6786"	"ENSG00000188536"	5.57744663552285
"6787"	"ENSG00000188580"	1.98439181389666
"6788"	"ENSG00000188599"	3.41132175831426
"6789"	"ENSG00000188603"	5.20626627972872
"6790"	"ENSG00000188610"	2.06600284705423
"6791"	"ENSG00000188613"	1.24344820913979
"6792"	"ENSG00000188626"	5.36227809894168
"6793"	"ENSG00000188629"	5.02932998803222
"6794"	"ENSG00000188643"	1.75322124144996
"6795"	"ENSG00000188649"	1.73259488419429
"6796"	"ENSG00000188662"	1.25987987155098
"6797"	"ENSG00000188672"	2.1124090812423
"6798"	"ENSG00000188676"	1.37658492196408
"6799"	"ENSG00000188677"	1.0693435961787
"6800"	"ENSG00000188681"	1.11450211392301
"6801"	"ENSG00000188687"	2.79281020997941
"6802"	"ENSG00000188707"	1.30852296394791
"6803"	"ENSG00000188725"	1.42972237121375
"6804"	"ENSG00000188729"	4.67485710055554
"6805"	"ENSG00000188730"	2.55745891245294
"6806"	"ENSG00000188761"	2.48585271520892
"6807"	"ENSG00000188778"	4.45286656670175
"6808"	"ENSG00000188779"	3.11664170973867
"6809"	"ENSG00000188783"	3.43503179651483
"6810"	"ENSG00000188822"	3.2680653310258
"6811"	"ENSG00000188856"	1.356982011818
"6812"	"ENSG00000188859"	1.12278356128018
"6813"	"ENSG00000188869"	1.76900836288656
"6814"	"ENSG00000188878"	1.23183590211219
"6815"	"ENSG00000188883"	4.27942237517249
"6816"	"ENSG00000188895"	1.17732326245685
"6817"	"ENSG00000188897"	1.01324015296132
"6818"	"ENSG00000188910"	1.24839802895767
"6819"	"ENSG00000188933"	6.61135385857637
"6820"	"ENSG00000188958"	1.32887338184826
"6821"	"ENSG00000188959"	3.25465014282625
"6822"	"ENSG00000188981"	1.65147721822323
"6823"	"ENSG00000188985"	3.09063157496723
"6824"	"ENSG00000188991"	1.14143345468029
"6825"	"ENSG00000188993"	1.35303018225588
"6826"	"ENSG00000188996"	1.27865986760922
"6827"	"ENSG00000188997"	1.23039666252623
"6828"	"ENSG00000189001"	2.85618476562655
"6829"	"ENSG00000189007"	1.6892707808299
"6830"	"ENSG00000189013"	1.29887912779968
"6831"	"ENSG00000189014"	1.63513090593638
"6832"	"ENSG00000189045"	1.42811812860067
"6833"	"ENSG00000189056"	2.86923276642394
"6834"	"ENSG00000189057"	6.44992824824107
"6835"	"ENSG00000189067"	1.09946099454822
"6836"	"ENSG00000189089"	1.01393251097452
"6837"	"ENSG00000189108"	2.3127344073799
"6838"	"ENSG00000189114"	1.25950772745143
"6839"	"ENSG00000189120"	3.49160510549592
"6840"	"ENSG00000189127"	4.47098785403408
"6841"	"ENSG00000189129"	3.65524021828832
"6842"	"ENSG00000189134"	2.72543199436299
"6843"	"ENSG00000189136"	3.40220449398127
"6844"	"ENSG00000189143"	1.80577693592271
"6845"	"ENSG00000189157"	2.46318907912491
"6846"	"ENSG00000189159"	3.87693084568567
"6847"	"ENSG00000189171"	2.73014790983633
"6848"	"ENSG00000189182"	4.76561636230608
"6849"	"ENSG00000189184"	1.50779506187982
"6850"	"ENSG00000189196"	1.97523454322456
"6851"	"ENSG00000189221"	3.67830042706793
"6852"	"ENSG00000189223"	1.24010320041181
"6853"	"ENSG00000189227"	1.41926024720251
"6854"	"ENSG00000189233"	1.83300062888311
"6855"	"ENSG00000189241"	1.01136073439044
"6856"	"ENSG00000189269"	2.33093039071272
"6857"	"ENSG00000189280"	1.5050031828163
"6858"	"ENSG00000189292"	6.97364201027137
"6859"	"ENSG00000189316"	2.24488487395601
"6860"	"ENSG00000189320"	1.00904829653031
"6861"	"ENSG00000189334"	4.85796266833342
"6862"	"ENSG00000189350"	2.06158149667502
"6863"	"ENSG00000189366"	2.9897632321095
"6864"	"ENSG00000189367"	9.18577822453444
"6865"	"ENSG00000189376"	1.69034348609642
"6866"	"ENSG00000189377"	6.59649781836008
"6867"	"ENSG00000189398"	3.71342188089172
"6868"	"ENSG00000189409"	3.19080930929571
"6869"	"ENSG00000189420"	1.68161445536965
"6870"	"ENSG00000189430"	1.05511376509
"6871"	"ENSG00000196071"	2.53503515999929
"6872"	"ENSG00000196072"	1.03218815068016
"6873"	"ENSG00000196074"	1.0762705089198
"6874"	"ENSG00000196081"	1.63222015477231
"6875"	"ENSG00000196090"	1.71891893601802
"6876"	"ENSG00000196091"	2.89825683051621
"6877"	"ENSG00000196092"	3.8660341397463
"6878"	"ENSG00000196104"	3.09932893229371
"6879"	"ENSG00000196118"	1.35660038104365
"6880"	"ENSG00000196123"	1.53627821663546
"6881"	"ENSG00000196126"	1.04377398884821
"6882"	"ENSG00000196132"	4.10642118649282
"6883"	"ENSG00000196136"	8.47849931614804
"6884"	"ENSG00000196139"	2.13918449490341
"6885"	"ENSG00000196154"	1.41842266320927
"6886"	"ENSG00000196155"	1.9045352079398
"6887"	"ENSG00000196159"	2.12011166169
"6888"	"ENSG00000196166"	1.10062234451869
"6889"	"ENSG00000196169"	1.4089484368707
"6890"	"ENSG00000196172"	2.39786323930339
"6891"	"ENSG00000196188"	5.70571565212201
"6892"	"ENSG00000196189"	1.41044868552673
"6893"	"ENSG00000196196"	3.91397881877138
"6894"	"ENSG00000196208"	1.09334018086597
"6895"	"ENSG00000196214"	1.12908302451561
"6896"	"ENSG00000196227"	1.45725685603457
"6897"	"ENSG00000196230"	1.80570183533385
"6898"	"ENSG00000196247"	1.06300016244598
"6899"	"ENSG00000196263"	1.65670687509062
"6900"	"ENSG00000196275"	1.3837683656189
"6901"	"ENSG00000196290"	1.02823667185363
"6902"	"ENSG00000196295"	1.24077973040417
"6903"	"ENSG00000196296"	1.27453826216124
"6904"	"ENSG00000196312"	1.07707612417695
"6905"	"ENSG00000196329"	6.55980260366609
"6906"	"ENSG00000196335"	1.10447218531983
"6907"	"ENSG00000196337"	4.0241357528131
"6908"	"ENSG00000196350"	2.60770721858159
"6909"	"ENSG00000196353"	1.32277251971083
"6910"	"ENSG00000196366"	1.92310626281377
"6911"	"ENSG00000196376"	1.89115141416603
"6912"	"ENSG00000196381"	1.76826158683793
"6913"	"ENSG00000196407"	2.78418427365698
"6914"	"ENSG00000196415"	2.94961287111977
"6915"	"ENSG00000196418"	1.44219109619272
"6916"	"ENSG00000196421"	2.35544898115363
"6917"	"ENSG00000196427"	1.20249137018366
"6918"	"ENSG00000196433"	1.54935243983936
"6919"	"ENSG00000196436"	1.57332952912212
"6920"	"ENSG00000196437"	1.05568271160078
"6921"	"ENSG00000196440"	2.55752561543372
"6922"	"ENSG00000196460"	1.76858365327686
"6923"	"ENSG00000196468"	1.01834465967467
"6924"	"ENSG00000196482"	2.74645235712789
"6925"	"ENSG00000196497"	7.31653718035856
"6926"	"ENSG00000196503"	2.15308500720061
"6927"	"ENSG00000196517"	1.66792778160536
"6928"	"ENSG00000196526"	2.08825525309595
"6929"	"ENSG00000196542"	5.39218120173937
"6930"	"ENSG00000196547"	1.70980612767153
"6931"	"ENSG00000196549"	1.36559467578823
"6932"	"ENSG00000196550"	1.61404287640396
"6933"	"ENSG00000196557"	1.08258150320945
"6934"	"ENSG00000196565"	7.03380990466856
"6935"	"ENSG00000196569"	3.31852411389115
"6936"	"ENSG00000196576"	1.09973325674759
"6937"	"ENSG00000196581"	1.5467697062939
"6938"	"ENSG00000196584"	2.88828785873616
"6939"	"ENSG00000196586"	1.19370199303169
"6940"	"ENSG00000196591"	1.54922358825502
"6941"	"ENSG00000196604"	1.68899325986701
"6942"	"ENSG00000196611"	8.10870452990702
"6943"	"ENSG00000196616"	6.68173545952667
"6944"	"ENSG00000196620"	2.93711520385481
"6945"	"ENSG00000196628"	1.14283775779397
"6946"	"ENSG00000196632"	1.00146199789114
"6947"	"ENSG00000196653"	1.13365685065208
"6948"	"ENSG00000196656"	1.37392262318555
"6949"	"ENSG00000196659"	1.62371313476508
"6950"	"ENSG00000196664"	3.54438000347514
"6951"	"ENSG00000196666"	4.2715747481081
"6952"	"ENSG00000196668"	2.30385237039803
"6953"	"ENSG00000196684"	2.28013355272226
"6954"	"ENSG00000196689"	1.70278578898034
"6955"	"ENSG00000196704"	1.30013861536356
"6956"	"ENSG00000196735"	2.4871906118061
"6957"	"ENSG00000196739"	2.46398550803705
"6958"	"ENSG00000196743"	2.10309945138405
"6959"	"ENSG00000196747"	6.44820425837738
"6960"	"ENSG00000196748"	3.90170960104462
"6961"	"ENSG00000196754"	1.33307943114431
"6962"	"ENSG00000196757"	1.5306424337441
"6963"	"ENSG00000196787"	4.58012381664788
"6964"	"ENSG00000196793"	1.02351635298472
"6965"	"ENSG00000196796"	1.26233302941043
"6966"	"ENSG00000196843"	1.86290086608073
"6967"	"ENSG00000196850"	1.05924703374282
"6968"	"ENSG00000196862"	3.11339408226782
"6969"	"ENSG00000196866"	3.93027973217049
"6970"	"ENSG00000196873"	1.41606736829911
"6971"	"ENSG00000196876"	1.17547400590877
"6972"	"ENSG00000196890"	3.29327979440723
"6973"	"ENSG00000196912"	1.38961754089195
"6974"	"ENSG00000196922"	1.38839318140873
"6975"	"ENSG00000196932"	2.05587328355194
"6976"	"ENSG00000196976"	2.33841958433038
"6977"	"ENSG00000196998"	2.11810211110532
"6978"	"ENSG00000197008"	1.29415837729471
"6979"	"ENSG00000197013"	1.80931912784811
"6980"	"ENSG00000197046"	4.61420506348284
"6981"	"ENSG00000197054"	1.83294554713806
"6982"	"ENSG00000197057"	1.52347915512064
"6983"	"ENSG00000197083"	3.02272352104665
"6984"	"ENSG00000197093"	1.43436737719339
"6985"	"ENSG00000197099"	4.22915825289516
"6986"	"ENSG00000197106"	2.6117963364424
"6987"	"ENSG00000197111"	1.34094763372814
"6988"	"ENSG00000197114"	3.19981984336231
"6989"	"ENSG00000197128"	1.04557576908308
"6990"	"ENSG00000197134"	1.32304971031407
"6991"	"ENSG00000197157"	1.19094044950523
"6992"	"ENSG00000197165"	1.07893892452718
"6993"	"ENSG00000197168"	1.7558948276348
"6994"	"ENSG00000197170"	1.79306037581553
"6995"	"ENSG00000197180"	1.45837542140163
"6996"	"ENSG00000197181"	2.82943525094893
"6997"	"ENSG00000197182"	1.45353765872445
"6998"	"ENSG00000197191"	1.85776800918487
"6999"	"ENSG00000197245"	3.29281214429994
"7000"	"ENSG00000197249"	1.34075854297935
"7001"	"ENSG00000197256"	1.74124184222554
"7002"	"ENSG00000197261"	1.34788147792318
"7003"	"ENSG00000197272"	1.78189982872678
"7004"	"ENSG00000197275"	3.18564601344606
"7005"	"ENSG00000197279"	1.74063485525155
"7006"	"ENSG00000197283"	1.35327981261795
"7007"	"ENSG00000197291"	4.37799514976371
"7008"	"ENSG00000197299"	2.77152127733967
"7009"	"ENSG00000197301"	1.81989283900327
"7010"	"ENSG00000197308"	1.4517209746763
"7011"	"ENSG00000197329"	1.44526096062541
"7012"	"ENSG00000197343"	1.20335282515333
"7013"	"ENSG00000197360"	1.30281884208694
"7014"	"ENSG00000197372"	1.63312661429117
"7015"	"ENSG00000197380"	1.14082601923206
"7016"	"ENSG00000197385"	2.75495369693829
"7017"	"ENSG00000197409"	5.58898752496065
"7018"	"ENSG00000197417"	2.19551370562953
"7019"	"ENSG00000197429"	1.34897627685072
"7020"	"ENSG00000197444"	1.09119455062994
"7021"	"ENSG00000197451"	1.30766953648152
"7022"	"ENSG00000197465"	2.19672832422835
"7023"	"ENSG00000197467"	2.44517378111709
"7024"	"ENSG00000197471"	2.65741179125701
"7025"	"ENSG00000197472"	4.1137176287213
"7026"	"ENSG00000197476"	2.94444714254866
"7027"	"ENSG00000197496"	2.49249579201983
"7028"	"ENSG00000197506"	1.32374740485368
"7029"	"ENSG00000197520"	4.97328310268426
"7030"	"ENSG00000197530"	1.6103255659728
"7031"	"ENSG00000197536"	1.9321027259239
"7032"	"ENSG00000197540"	1.73571132354383
"7033"	"ENSG00000197557"	1.69439231849151
"7034"	"ENSG00000197561"	6.22316635492996
"7035"	"ENSG00000197565"	1.15115406130168
"7036"	"ENSG00000197576"	6.28769378223351
"7037"	"ENSG00000197580"	1.90085908952706
"7038"	"ENSG00000197582"	3.45753559726055
"7039"	"ENSG00000197587"	2.56748537188662
"7040"	"ENSG00000197588"	1.47255923138972
"7041"	"ENSG00000197594"	1.24405124244007
"7042"	"ENSG00000197616"	6.7723453027004
"7043"	"ENSG00000197632"	1.21684152967352
"7044"	"ENSG00000197653"	1.23219069239363
"7045"	"ENSG00000197696"	2.19959512481398
"7046"	"ENSG00000197705"	1.69205417759217
"7047"	"ENSG00000197746"	1.04063198237304
"7048"	"ENSG00000197753"	3.78870516932059
"7049"	"ENSG00000197766"	5.52819694747036
"7050"	"ENSG00000197769"	5.63422937808892
"7051"	"ENSG00000197776"	2.56588737088915
"7052"	"ENSG00000197779"	1.14452458133475
"7053"	"ENSG00000197780"	1.19317052034724
"7054"	"ENSG00000197815"	1.47002091302138
"7055"	"ENSG00000197816"	4.09465254270834
"7056"	"ENSG00000197822"	2.65376106870598
"7057"	"ENSG00000197858"	1.06540739908077
"7058"	"ENSG00000197859"	1.45176999825185
"7059"	"ENSG00000197872"	1.16535312844887
"7060"	"ENSG00000197882"	3.91451823162473
"7061"	"ENSG00000197889"	1.34282725951799
"7062"	"ENSG00000197891"	5.04147130965292
"7063"	"ENSG00000197893"	3.90328431658681
"7064"	"ENSG00000197903"	3.09258971367619
"7065"	"ENSG00000197915"	2.53742409936275
"7066"	"ENSG00000197921"	1.12916490549369
"7067"	"ENSG00000197927"	2.00025058479711
"7068"	"ENSG00000197930"	1.31624220173723
"7069"	"ENSG00000197943"	1.09996300590357
"7070"	"ENSG00000197948"	1.60456668523197
"7071"	"ENSG00000197953"	2.64793307753312
"7072"	"ENSG00000197959"	1.45046105370992
"7073"	"ENSG00000197976"	1.31377037348101
"7074"	"ENSG00000197977"	1.16818663044933
"7075"	"ENSG00000197989"	1.07820539967205
"7076"	"ENSG00000198010"	2.32731513838046
"7077"	"ENSG00000198018"	3.46997847414597
"7078"	"ENSG00000198019"	1.62862938024045
"7079"	"ENSG00000198046"	1.32921188554925
"7080"	"ENSG00000198053"	1.06217719360562
"7081"	"ENSG00000198064"	4.98221363155325
"7082"	"ENSG00000198074"	4.47520063981344
"7083"	"ENSG00000198075"	1.19553528986717
"7084"	"ENSG00000198087"	1.2712914832667
"7085"	"ENSG00000198088"	1.56999043358247
"7086"	"ENSG00000198099"	7.28752086415907
"7087"	"ENSG00000198121"	1.67880495681466
"7088"	"ENSG00000198125"	1.92749986510514
"7089"	"ENSG00000198131"	1.21709634923443
"7090"	"ENSG00000198133"	1.84434868147841
"7091"	"ENSG00000198134"	1.76234523658083
"7092"	"ENSG00000198142"	1.19221814856597
"7093"	"ENSG00000198146"	1.02911632516254
"7094"	"ENSG00000198176"	1.25271276535459
"7095"	"ENSG00000198185"	1.64084046060887
"7096"	"ENSG00000198189"	1.75140067981381
"7097"	"ENSG00000198198"	1.37950154636169
"7098"	"ENSG00000198203"	1.85283956801609
"7099"	"ENSG00000198216"	1.17571213447526
"7100"	"ENSG00000198221"	2.03788424825082
"7101"	"ENSG00000198246"	1.70772576029638
"7102"	"ENSG00000198252"	1.09852501053011
"7103"	"ENSG00000198258"	1.07295910949548
"7104"	"ENSG00000198286"	1.56424988935729
"7105"	"ENSG00000198298"	1.28445403413473
"7106"	"ENSG00000198300"	1.35861628490702
"7107"	"ENSG00000198315"	1.00237052705073
"7108"	"ENSG00000198326"	3.81872240903425
"7109"	"ENSG00000198331"	2.10599279797596
"7110"	"ENSG00000198336"	2.27962743208945
"7111"	"ENSG00000198346"	1.56793371519184
"7112"	"ENSG00000198356"	1.01162216588535
"7113"	"ENSG00000198380"	1.15261946829951
"7114"	"ENSG00000198400"	1.15240392770053
"7115"	"ENSG00000198406"	1.32614142637179
"7116"	"ENSG00000198431"	1.10905925257255
"7117"	"ENSG00000198464"	1.53222861697147
"7118"	"ENSG00000198467"	1.63655461393776
"7119"	"ENSG00000198468"	1.3518824871751
"7120"	"ENSG00000198478"	2.19959461166912
"7121"	"ENSG00000198483"	2.27218219287075
"7122"	"ENSG00000198502"	1.20525779808115
"7123"	"ENSG00000198517"	2.0349011810176
"7124"	"ENSG00000198521"	1.24743251647694
"7125"	"ENSG00000198523"	2.43884151751516
"7126"	"ENSG00000198535"	5.63013469805635
"7127"	"ENSG00000198538"	1.8654531426174
"7128"	"ENSG00000198542"	1.59801122948306
"7129"	"ENSG00000198547"	4.79739587443945
"7130"	"ENSG00000198554"	2.41762310602325
"7131"	"ENSG00000198561"	4.29137700636887
"7132"	"ENSG00000198563"	2.23648258594627
"7133"	"ENSG00000198570"	2.74738689927996
"7134"	"ENSG00000198576"	1.41350403087251
"7135"	"ENSG00000198580"	2.05233279679835
"7136"	"ENSG00000198589"	1.81038796783473
"7137"	"ENSG00000198590"	1.42944138666841
"7138"	"ENSG00000198597"	3.49035601082187
"7139"	"ENSG00000198618"	3.43922525686352
"7140"	"ENSG00000198624"	3.00407832151692
"7141"	"ENSG00000198626"	1.85497170477556
"7142"	"ENSG00000198682"	1.05695897746857
"7143"	"ENSG00000198692"	10.4802321780643
"7144"	"ENSG00000198711"	2.17408086269155
"7145"	"ENSG00000198719"	2.89193642932361
"7146"	"ENSG00000198723"	1.2552468443143
"7147"	"ENSG00000198727"	1.42854937380916
"7148"	"ENSG00000198729"	2.313440038965
"7149"	"ENSG00000198736"	1.38039641197632
"7150"	"ENSG00000198739"	1.31632947047899
"7151"	"ENSG00000198740"	1.92239165791783
"7152"	"ENSG00000198758"	1.23365227097795
"7153"	"ENSG00000198763"	1.6237916360598
"7154"	"ENSG00000198765"	1.96061364977311
"7155"	"ENSG00000198774"	1.66434173334949
"7156"	"ENSG00000198780"	1.40381304119499
"7157"	"ENSG00000198788"	2.66613112968064
"7158"	"ENSG00000198794"	1.70402828038697
"7159"	"ENSG00000198795"	1.32858028631971
"7160"	"ENSG00000198796"	1.80967561471696
"7161"	"ENSG00000198807"	4.14336143318842
"7162"	"ENSG00000198814"	1.08458309970131
"7163"	"ENSG00000198816"	1.16122571244642
"7164"	"ENSG00000198821"	1.28435744011215
"7165"	"ENSG00000198822"	2.04482355771584
"7166"	"ENSG00000198824"	1.14874812914552
"7167"	"ENSG00000198826"	2.8836998730916
"7168"	"ENSG00000198833"	1.05593361322102
"7169"	"ENSG00000198835"	1.25837615631354
"7170"	"ENSG00000198836"	1.12553723848192
"7171"	"ENSG00000198838"	3.52487404835412
"7172"	"ENSG00000198840"	1.26456638142575
"7173"	"ENSG00000198844"	3.51902586613063
"7174"	"ENSG00000198851"	3.04016589542175
"7175"	"ENSG00000198853"	1.50088791456868
"7176"	"ENSG00000198855"	1.01916085169525
"7177"	"ENSG00000198856"	1.37658514544724
"7178"	"ENSG00000198860"	1.27341085309017
"7179"	"ENSG00000198863"	1.03810681007361
"7180"	"ENSG00000198865"	1.96516005182371
"7181"	"ENSG00000198868"	2.32191859863603
"7182"	"ENSG00000198873"	2.05416917430134
"7183"	"ENSG00000198876"	1.23910268920512
"7184"	"ENSG00000198881"	2.35528209075612
"7185"	"ENSG00000198883"	4.52230867913518
"7186"	"ENSG00000198885"	1.8626673397104
"7187"	"ENSG00000198886"	1.03615950266434
"7188"	"ENSG00000198888"	1.53521436243076
"7189"	"ENSG00000198890"	1.33888109065783
"7190"	"ENSG00000198899"	1.68224292733465
"7191"	"ENSG00000198900"	1.26024373058767
"7192"	"ENSG00000198901"	4.38050023746429
"7193"	"ENSG00000198908"	8.40523265090376
"7194"	"ENSG00000198911"	1.41474741814438
"7195"	"ENSG00000198917"	8.28054946559716
"7196"	"ENSG00000198924"	1.92923025834058
"7197"	"ENSG00000198925"	1.40894491279606
"7198"	"ENSG00000198932"	3.46845951238229
"7199"	"ENSG00000198933"	1.62886074134337
"7200"	"ENSG00000198937"	2.26014272339872
"7201"	"ENSG00000198938"	1.03683871517708
"7202"	"ENSG00000198939"	1.50225663811639
"7203"	"ENSG00000198944"	2.76703176245728
"7204"	"ENSG00000198947"	1.49589781694681
"7205"	"ENSG00000198948"	1.82963472970422
"7206"	"ENSG00000198951"	1.25965882119081
"7207"	"ENSG00000199053"	3.3872258936641
"7208"	"ENSG00000199293"	7.42739404253713
"7209"	"ENSG00000199631"	5.79971070713069
"7210"	"ENSG00000199691"	1.74021318882938
"7211"	"ENSG00000199753"	7.22496235439062
"7212"	"ENSG00000199785"	8.10985911689641
"7213"	"ENSG00000199906"	2.14281353960486
"7214"	"ENSG00000199933"	2.21548758012619
"7215"	"ENSG00000200084"	6.11554608116892
"7216"	"ENSG00000200091"	2.93073462171362
"7217"	"ENSG00000200259"	6.29247960102686
"7218"	"ENSG00000200320"	8.52223050820044
"7219"	"ENSG00000200385"	1.54581525096438
"7220"	"ENSG00000200418"	8.00083391535413
"7221"	"ENSG00000200530"	7.51211442741505
"7222"	"ENSG00000200693"	6.56167391556762
"7223"	"ENSG00000200779"	5.52702531911634
"7224"	"ENSG00000200997"	2.76566222484327
"7225"	"ENSG00000201302"	1.05724481514306
"7226"	"ENSG00000201403"	5.70877736130289
"7227"	"ENSG00000201457"	5.84504461362609
"7228"	"ENSG00000201496"	2.20979301209531
"7229"	"ENSG00000201499"	1.54053164394494
"7230"	"ENSG00000201512"	5.51595442250197
"7231"	"ENSG00000202337"	1.71254305348997
"7232"	"ENSG00000202343"	1.52169395630923
"7233"	"ENSG00000202363"	7.48018217465036
"7234"	"ENSG00000203280"	1.04854898485593
"7235"	"ENSG00000203288"	1.09407237559346
"7236"	"ENSG00000203327"	1.28600424289476
"7237"	"ENSG00000203362"	2.14004155997077
"7238"	"ENSG00000203363"	3.47542373829282
"7239"	"ENSG00000203392"	2.95127922931418
"7240"	"ENSG00000203414"	1.53480480450284
"7241"	"ENSG00000203446"	2.20743172830691
"7242"	"ENSG00000203499"	3.72841316883897
"7243"	"ENSG00000203506"	2.63519628150671
"7244"	"ENSG00000203546"	1.10912255705743
"7245"	"ENSG00000203585"	4.43950948376364
"7246"	"ENSG00000203616"	1.90790592359359
"7247"	"ENSG00000203635"	2.15668016682252
"7248"	"ENSG00000203650"	4.41730080101209
"7249"	"ENSG00000203668"	2.25766336266236
"7250"	"ENSG00000203684"	1.17037662619401
"7251"	"ENSG00000203685"	2.02608732987255
"7252"	"ENSG00000203709"	2.18597536509102
"7253"	"ENSG00000203711"	4.7536624547163
"7254"	"ENSG00000203721"	1.57520853244512
"7255"	"ENSG00000203724"	1.73727944574571
"7256"	"ENSG00000203727"	1.13004762148077
"7257"	"ENSG00000203730"	1.02607320875703
"7258"	"ENSG00000203734"	1.25291216415891
"7259"	"ENSG00000203747"	2.51724092297841
"7260"	"ENSG00000203760"	2.51579061529777
"7261"	"ENSG00000203772"	4.30997677622857
"7262"	"ENSG00000203780"	1.00458800080516
"7263"	"ENSG00000203782"	4.28431928382891
"7264"	"ENSG00000203785"	2.13053928124751
"7265"	"ENSG00000203786"	4.09287860205568
"7266"	"ENSG00000203791"	1.34890135356494
"7267"	"ENSG00000203801"	1.29052620364158
"7268"	"ENSG00000203804"	2.38531096660059
"7269"	"ENSG00000203805"	6.8804537387525
"7270"	"ENSG00000203808"	1.41029574532616
"7271"	"ENSG00000203837"	2.7725579582104
"7272"	"ENSG00000203855"	2.03109360755546
"7273"	"ENSG00000203859"	1.3778045162344
"7274"	"ENSG00000203872"	1.30576999827649
"7275"	"ENSG00000203876"	2.78118780902738
"7276"	"ENSG00000203883"	2.34638338738357
"7277"	"ENSG00000203896"	2.6909986522645
"7278"	"ENSG00000203943"	1.17569176403966
"7279"	"ENSG00000203952"	3.76061627948305
"7280"	"ENSG00000203985"	4.54786658781103
"7281"	"ENSG00000203995"	3.10437537208522
"7282"	"ENSG00000203999"	2.64285298270427
"7283"	"ENSG00000204001"	2.07194297395309
"7284"	"ENSG00000204049"	3.08595685786572
"7285"	"ENSG00000204052"	2.11007327853724
"7286"	"ENSG00000204055"	5.31612034227945
"7287"	"ENSG00000204060"	2.11780261280452
"7288"	"ENSG00000204065"	4.02407915573534
"7289"	"ENSG00000204071"	3.8324636058117
"7290"	"ENSG00000204084"	1.1769256060677
"7291"	"ENSG00000204086"	2.46585452675374
"7292"	"ENSG00000204099"	2.67281674815073
"7293"	"ENSG00000204128"	1.82279789596947
"7294"	"ENSG00000204136"	1.27146270259586
"7295"	"ENSG00000204140"	4.48607638099237
"7296"	"ENSG00000204147"	1.20167891978219
"7297"	"ENSG00000204149"	6.61621584053248
"7298"	"ENSG00000204152"	1.87423343866368
"7299"	"ENSG00000204161"	2.33936179370307
"7300"	"ENSG00000204165"	4.88276933808115
"7301"	"ENSG00000204172"	2.82416590393166
"7302"	"ENSG00000204173"	1.19733526186921
"7303"	"ENSG00000204174"	2.58148836672823
"7304"	"ENSG00000204175"	1.06281678739486
"7305"	"ENSG00000204176"	2.16165675203598
"7306"	"ENSG00000204177"	1.65984346981191
"7307"	"ENSG00000204178"	1.59157822273622
"7308"	"ENSG00000204186"	1.47754516344453
"7309"	"ENSG00000204196"	10.2617971869377
"7310"	"ENSG00000204219"	1.6383738287985
"7311"	"ENSG00000204220"	1.48116506651508
"7312"	"ENSG00000204237"	1.09643280560727
"7313"	"ENSG00000204252"	1.15869032268615
"7314"	"ENSG00000204253"	3.18034010500537
"7315"	"ENSG00000204262"	2.20813800218746
"7316"	"ENSG00000204264"	1.17954119572781
"7317"	"ENSG00000204277"	1.41024711421292
"7318"	"ENSG00000204287"	1.58090485811681
"7319"	"ENSG00000204301"	3.24570087969402
"7320"	"ENSG00000204305"	1.45476234130756
"7321"	"ENSG00000204310"	1.00692735417843
"7322"	"ENSG00000204311"	1.31431781638297
"7323"	"ENSG00000204314"	2.46178008154144
"7324"	"ENSG00000204315"	1.83652965806203
"7325"	"ENSG00000204316"	5.56391985199202
"7326"	"ENSG00000204334"	1.13696007762937
"7327"	"ENSG00000204366"	1.24027114447931
"7328"	"ENSG00000204385"	3.82127322664969
"7329"	"ENSG00000204386"	1.48728334836297
"7330"	"ENSG00000204387"	3.74706916724135
"7331"	"ENSG00000204390"	1.16801201060756
"7332"	"ENSG00000204392"	1.0670615497306
"7333"	"ENSG00000204403"	4.45027669247205
"7334"	"ENSG00000204410"	3.69288280381154
"7335"	"ENSG00000204427"	5.37223519084524
"7336"	"ENSG00000204435"	2.57440658259389
"7337"	"ENSG00000204446"	1.22966375260884
"7338"	"ENSG00000204475"	1.81271290633625
"7339"	"ENSG00000204482"	1.70237199417858
"7340"	"ENSG00000204511"	2.80468951403193
"7341"	"ENSG00000204524"	2.50220536832094
"7342"	"ENSG00000204528"	2.43894089696557
"7343"	"ENSG00000204529"	1.59569498893931
"7344"	"ENSG00000204531"	1.28103909397968
"7345"	"ENSG00000204538"	2.44924894144945
"7346"	"ENSG00000204544"	2.14181301190688
"7347"	"ENSG00000204556"	2.531036778493
"7348"	"ENSG00000204569"	1.3389957744186
"7349"	"ENSG00000204580"	1.48456031574891
"7350"	"ENSG00000204581"	1.19852130458326
"7351"	"ENSG00000204583"	3.32335346275404
"7352"	"ENSG00000204595"	4.83369819628353
"7353"	"ENSG00000204604"	1.87657051588591
"7354"	"ENSG00000204616"	1.65073821066523
"7355"	"ENSG00000204620"	1.31586456164787
"7356"	"ENSG00000204622"	3.35401634666061
"7357"	"ENSG00000204623"	1.83161147865781
"7358"	"ENSG00000204624"	3.35295950612823
"7359"	"ENSG00000204632"	1.09383377168267
"7360"	"ENSG00000204644"	2.39989621987831
"7361"	"ENSG00000204655"	1.12620902661958
"7362"	"ENSG00000204677"	3.21894530178292
"7363"	"ENSG00000204681"	2.41058501747756
"7364"	"ENSG00000204687"	2.96354503863909
"7365"	"ENSG00000204706"	1.1260438863903
"7366"	"ENSG00000204710"	7.95606678579986
"7367"	"ENSG00000204758"	1.17610000759053
"7368"	"ENSG00000204789"	1.60059882520526
"7369"	"ENSG00000204822"	8.46127815848934
"7370"	"ENSG00000204832"	6.76587441481834
"7371"	"ENSG00000204839"	1.55091925356087
"7372"	"ENSG00000204850"	8.0989039906585
"7373"	"ENSG00000204851"	2.38483547148909
"7374"	"ENSG00000204866"	4.44048683803129
"7375"	"ENSG00000204869"	1.42967928540634
"7376"	"ENSG00000204872"	2.12754496096404
"7377"	"ENSG00000204882"	1.8115198078167
"7378"	"ENSG00000204889"	1.379126098345
"7379"	"ENSG00000204899"	1.18787401296493
"7380"	"ENSG00000204904"	1.9355976712269
"7381"	"ENSG00000204936"	1.50085381989168
"7382"	"ENSG00000204941"	2.08900248540356
"7383"	"ENSG00000204946"	1.1912170573225
"7384"	"ENSG00000204956"	1.62157795295981
"7385"	"ENSG00000204965"	1.52769301817488
"7386"	"ENSG00000204967"	1.87632923646787
"7387"	"ENSG00000204970"	5.96074771406315
"7388"	"ENSG00000204978"	4.0571272335457
"7389"	"ENSG00000204983"	5.96351607867609
"7390"	"ENSG00000204991"	1.16349134446893
"7391"	"ENSG00000205002"	3.38546580971599
"7392"	"ENSG00000205018"	3.02372231170103
"7393"	"ENSG00000205022"	1.57650804524649
"7394"	"ENSG00000205037"	1.78175440875956
"7395"	"ENSG00000205038"	3.14453794398734
"7396"	"ENSG00000205041"	1.83517413886543
"7397"	"ENSG00000205057"	1.95852318639194
"7398"	"ENSG00000205076"	1.97240435346076
"7399"	"ENSG00000205078"	1.09180524102862
"7400"	"ENSG00000205084"	1.19365834964436
"7401"	"ENSG00000205090"	1.66272160884012
"7402"	"ENSG00000205108"	2.61428167950124
"7403"	"ENSG00000205133"	1.40102898471081
"7404"	"ENSG00000205177"	2.75948540232757
"7405"	"ENSG00000205208"	1.49706177907706
"7406"	"ENSG00000205221"	3.43771178699298
"7407"	"ENSG00000205231"	4.94167862810234
"7408"	"ENSG00000205238"	1.01297243985525
"7409"	"ENSG00000205269"	1.17194486759666
"7410"	"ENSG00000205277"	2.77121774465498
"7411"	"ENSG00000205307"	10.5555587007275
"7412"	"ENSG00000205323"	8.82179675467335
"7413"	"ENSG00000205339"	1.0584574444456
"7414"	"ENSG00000205362"	3.77831287052126
"7415"	"ENSG00000205364"	6.28252721800902
"7416"	"ENSG00000205403"	3.81181988929034
"7417"	"ENSG00000205413"	2.15571077346588
"7418"	"ENSG00000205420"	2.78372315654671
"7419"	"ENSG00000205426"	4.88307686872993
"7420"	"ENSG00000205444"	4.50346980421846
"7421"	"ENSG00000205456"	1.43850462276572
"7422"	"ENSG00000205482"	1.31270188015779
"7423"	"ENSG00000205485"	1.27345693789875
"7424"	"ENSG00000205488"	2.31213939629243
"7425"	"ENSG00000205502"	1.85261796114241
"7426"	"ENSG00000205517"	1.71160566668206
"7427"	"ENSG00000205531"	1.02443909683468
"7428"	"ENSG00000205534"	1.58585714527366
"7429"	"ENSG00000205544"	1.92008877815634
"7430"	"ENSG00000205559"	3.03537095966538
"7431"	"ENSG00000205560"	7.16204109831834
"7432"	"ENSG00000205562"	1.74093139448326
"7433"	"ENSG00000205581"	1.63351104508085
"7434"	"ENSG00000205583"	1.78306956358289
"7435"	"ENSG00000205592"	6.61245539158656
"7436"	"ENSG00000205611"	1.93782744714201
"7437"	"ENSG00000205629"	1.12270019180925
"7438"	"ENSG00000205632"	3.01263015079402
"7439"	"ENSG00000205639"	1.68938227553801
"7440"	"ENSG00000205667"	4.24977073758728
"7441"	"ENSG00000205678"	6.65280626637696
"7442"	"ENSG00000205682"	2.48142996454757
"7443"	"ENSG00000205702"	2.51113014071348
"7444"	"ENSG00000205704"	3.52832023680057
"7445"	"ENSG00000205710"	1.77014889023495
"7446"	"ENSG00000205726"	1.15720798157614
"7447"	"ENSG00000205740"	2.17238443520319
"7448"	"ENSG00000205744"	1.95876436195046
"7449"	"ENSG00000205746"	3.72296963547981
"7450"	"ENSG00000205755"	1.51803485068747
"7451"	"ENSG00000205763"	1.50815813947907
"7452"	"ENSG00000205786"	1.07153639058646
"7453"	"ENSG00000205790"	3.97318188741601
"7454"	"ENSG00000205808"	1.00147753786701
"7455"	"ENSG00000205810"	2.58938235417253
"7456"	"ENSG00000205822"	5.47546605148393
"7457"	"ENSG00000205832"	1.4827108951684
"7458"	"ENSG00000205837"	1.04284155065616
"7459"	"ENSG00000205847"	4.64631910432475
"7460"	"ENSG00000205863"	1.28317325215871
"7461"	"ENSG00000205871"	1.16988579188965
"7462"	"ENSG00000205885"	2.18205222570891
"7463"	"ENSG00000205890"	1.00811300922232
"7464"	"ENSG00000205913"	1.23283775944114
"7465"	"ENSG00000205940"	2.77525739644959
"7466"	"ENSG00000205959"	2.7036445443969
"7467"	"ENSG00000206053"	2.61377467721489
"7468"	"ENSG00000206077"	1.6264926253857
"7469"	"ENSG00000206113"	1.18760824669496
"7470"	"ENSG00000206120"	3.8149148111587
"7471"	"ENSG00000206127"	3.48769998821137
"7472"	"ENSG00000206145"	1.26017667225723
"7473"	"ENSG00000206149"	3.03912064148874
"7474"	"ENSG00000206150"	3.56550699345933
"7475"	"ENSG00000206159"	9.30299410937995
"7476"	"ENSG00000206172"	6.80159285178301
"7477"	"ENSG00000206177"	4.91606441740662
"7478"	"ENSG00000206192"	1.85893540132786
"7479"	"ENSG00000206195"	1.24107130217548
"7480"	"ENSG00000206228"	2.88358246426884
"7481"	"ENSG00000206337"	1.49131021589703
"7482"	"ENSG00000206341"	1.03997860999043
"7483"	"ENSG00000206344"	1.20423834777054
"7484"	"ENSG00000206384"	1.47431130836993
"7485"	"ENSG00000206417"	2.13923438559988
"7486"	"ENSG00000206503"	1.01678923472777
"7487"	"ENSG00000206527"	1.45512604656672
"7488"	"ENSG00000206530"	1.26340549788338
"7489"	"ENSG00000206538"	1.83665584970235
"7490"	"ENSG00000206557"	1.00511070874522
"7491"	"ENSG00000206559"	1.19652420831976
"7492"	"ENSG00000206561"	1.52816358854328
"7493"	"ENSG00000206562"	1.57189698997661
"7494"	"ENSG00000206579"	3.96640865362289
"7495"	"ENSG00000206680"	7.28802992625082
"7496"	"ENSG00000206834"	6.87987368216877
"7497"	"ENSG00000206885"	5.97405196107987
"7498"	"ENSG00000206910"	5.81569077500319
"7499"	"ENSG00000207051"	7.68451252996086
"7500"	"ENSG00000207145"	6.72293641779201
"7501"	"ENSG00000207165"	11.2091117885505
"7502"	"ENSG00000207166"	5.8600410431957
"7503"	"ENSG00000207258"	4.09142034786217
"7504"	"ENSG00000207304"	9.54972754869119
"7505"	"ENSG00000207405"	7.91690934972054
"7506"	"ENSG00000207406"	6.22249800806653
"7507"	"ENSG00000207425"	3.9699827934819
"7508"	"ENSG00000207554"	1.04571827122923
"7509"	"ENSG00000207561"	3.03278850759247
"7510"	"ENSG00000207650"	2.26720317734938
"7511"	"ENSG00000207870"	2.20309846013988
"7512"	"ENSG00000209480"	6.41549441327467
"7513"	"ENSG00000209582"	8.64057332794198
"7514"	"ENSG00000210140"	1.5782821261136
"7515"	"ENSG00000210151"	10.6463306682901
"7516"	"ENSG00000210194"	4.87678285480564
"7517"	"ENSG00000210196"	9.91191468130302
"7518"	"ENSG00000211445"	6.30055773906958
"7519"	"ENSG00000211448"	3.71014678327794
"7520"	"ENSG00000211450"	2.75880651733055
"7521"	"ENSG00000211452"	3.71990184376523
"7522"	"ENSG00000211460"	1.32229727800706
"7523"	"ENSG00000211592"	3.56937044475311
"7524"	"ENSG00000211593"	3.86368143407193
"7525"	"ENSG00000211594"	5.14067670600356
"7526"	"ENSG00000211595"	4.6659724220411
"7527"	"ENSG00000211596"	12.81648636692
"7528"	"ENSG00000211597"	3.53691752509526
"7529"	"ENSG00000211598"	4.63231267839586
"7530"	"ENSG00000211599"	5.39125577570837
"7531"	"ENSG00000211611"	2.3958153244849
"7532"	"ENSG00000211625"	3.3212920490212
"7533"	"ENSG00000211632"	2.98238625026864
"7534"	"ENSG00000211633"	2.436182061895
"7535"	"ENSG00000211637"	4.0197366238059
"7536"	"ENSG00000211638"	3.5846096920733
"7537"	"ENSG00000211639"	4.25405804546808
"7538"	"ENSG00000211640"	3.89567060729712
"7539"	"ENSG00000211643"	7.03376789496273
"7540"	"ENSG00000211644"	3.85955677563698
"7541"	"ENSG00000211645"	2.73193171698525
"7542"	"ENSG00000211647"	3.19568679941328
"7543"	"ENSG00000211648"	4.11444536997283
"7544"	"ENSG00000211649"	2.02876104004914
"7545"	"ENSG00000211650"	3.69646846827663
"7546"	"ENSG00000211651"	3.76879422594865
"7547"	"ENSG00000211652"	1.83504069127486
"7548"	"ENSG00000211653"	3.96924070921485
"7549"	"ENSG00000211654"	2.38804992540879
"7550"	"ENSG00000211655"	2.41181601316246
"7551"	"ENSG00000211658"	4.09594807482311
"7552"	"ENSG00000211659"	3.43050233853322
"7553"	"ENSG00000211660"	3.76941993475139
"7554"	"ENSG00000211662"	3.84277070946929
"7555"	"ENSG00000211663"	4.88965280236879
"7556"	"ENSG00000211664"	3.45599675269574
"7557"	"ENSG00000211665"	1.30787333656901
"7558"	"ENSG00000211666"	3.16915915636972
"7559"	"ENSG00000211667"	2.90998016341528
"7560"	"ENSG00000211668"	2.90705044256335
"7561"	"ENSG00000211669"	3.7220930552005
"7562"	"ENSG00000211670"	2.77397160539497
"7563"	"ENSG00000211672"	1.11992172730992
"7564"	"ENSG00000211673"	4.70523476046573
"7565"	"ENSG00000211674"	6.35666589028371
"7566"	"ENSG00000211675"	14.7379947434419
"7567"	"ENSG00000211677"	2.9101002536373
"7568"	"ENSG00000211678"	4.1743762330119
"7569"	"ENSG00000211679"	3.02294228582508
"7570"	"ENSG00000211685"	3.39993660476847
"7571"	"ENSG00000211689"	3.38111121552582
"7572"	"ENSG00000211694"	1.21784939212002
"7573"	"ENSG00000211695"	1.32664236052388
"7574"	"ENSG00000211710"	2.99962261233532
"7575"	"ENSG00000211716"	2.8312026444126
"7576"	"ENSG00000211721"	3.24193076419291
"7577"	"ENSG00000211734"	3.30320492006594
"7578"	"ENSG00000211745"	3.32219492629094
"7579"	"ENSG00000211746"	3.10192479871355
"7580"	"ENSG00000211747"	3.18124825271058
"7581"	"ENSG00000211751"	2.85303193874014
"7582"	"ENSG00000211752"	2.66282096911294
"7583"	"ENSG00000211753"	3.46186895868991
"7584"	"ENSG00000211772"	2.4702081871437
"7585"	"ENSG00000211776"	3.44454799639443
"7586"	"ENSG00000211777"	3.36277316613199
"7587"	"ENSG00000211778"	3.07800897547697
"7588"	"ENSG00000211785"	3.27609617001862
"7589"	"ENSG00000211786"	2.66425943612852
"7590"	"ENSG00000211787"	2.83344543737516
"7591"	"ENSG00000211788"	3.5107708969179
"7592"	"ENSG00000211789"	3.23364728603334
"7593"	"ENSG00000211790"	3.44620816727483
"7594"	"ENSG00000211791"	3.35751644484288
"7595"	"ENSG00000211793"	3.74854801372338
"7596"	"ENSG00000211794"	3.40465993782106
"7597"	"ENSG00000211795"	3.45469528405729
"7598"	"ENSG00000211797"	3.19595091703669
"7599"	"ENSG00000211799"	3.25187806756307
"7600"	"ENSG00000211801"	3.11208038862938
"7601"	"ENSG00000211810"	3.20328178705586
"7602"	"ENSG00000211891"	4.58117242745624
"7603"	"ENSG00000211892"	5.91612205152056
"7604"	"ENSG00000211893"	4.81507910911886
"7605"	"ENSG00000211896"	6.10302629474044
"7606"	"ENSG00000211897"	4.57049604990413
"7607"	"ENSG00000211898"	1.59952909939176
"7608"	"ENSG00000211899"	4.30805884408458
"7609"	"ENSG00000211900"	1.03222237540942
"7610"	"ENSG00000211933"	5.84229380815429
"7611"	"ENSG00000211934"	3.55142584704732
"7612"	"ENSG00000211935"	4.30018355241408
"7613"	"ENSG00000211937"	3.48096943489171
"7614"	"ENSG00000211938"	2.69777275743518
"7615"	"ENSG00000211941"	4.1655523766837
"7616"	"ENSG00000211942"	3.35750884965976
"7617"	"ENSG00000211943"	3.53003585285965
"7618"	"ENSG00000211945"	5.04354415517109
"7619"	"ENSG00000211946"	2.28212718445609
"7620"	"ENSG00000211947"	4.56022359420931
"7621"	"ENSG00000211949"	3.86208761919676
"7622"	"ENSG00000211950"	3.74995324018176
"7623"	"ENSG00000211951"	3.51293542919306
"7624"	"ENSG00000211952"	3.30530876051628
"7625"	"ENSG00000211955"	2.89838194395042
"7626"	"ENSG00000211956"	3.96837382169583
"7627"	"ENSG00000211957"	2.20729445406625
"7628"	"ENSG00000211958"	2.36122600562926
"7629"	"ENSG00000211959"	3.67766008018616
"7630"	"ENSG00000211962"	4.34522739096774
"7631"	"ENSG00000211964"	3.41637713797786
"7632"	"ENSG00000211965"	3.7129223094386
"7633"	"ENSG00000211966"	4.06663336208677
"7634"	"ENSG00000211967"	2.8494573642975
"7635"	"ENSG00000211968"	5.56817356182043
"7636"	"ENSG00000211970"	2.44704129095926
"7637"	"ENSG00000211972"	3.62089413884754
"7638"	"ENSG00000211973"	3.67883296358824
"7639"	"ENSG00000211974"	2.76344401362349
"7640"	"ENSG00000211976"	7.08782720966768
"7641"	"ENSG00000212124"	1.15420105263039
"7642"	"ENSG00000212125"	1.19013037236261
"7643"	"ENSG00000212127"	1.23837812655876
"7644"	"ENSG00000212128"	1.90742204049535
"7645"	"ENSG00000212195"	1.57145695016545
"7646"	"ENSG00000212232"	2.2743695437445
"7647"	"ENSG00000212283"	1.08081473532461
"7648"	"ENSG00000212443"	1.60852741844316
"7649"	"ENSG00000212588"	5.73413468654166
"7650"	"ENSG00000212643"	9.77196557236234
"7651"	"ENSG00000212694"	1.59751769469009
"7652"	"ENSG00000212743"	1.35894077800565
"7653"	"ENSG00000212864"	1.1800146627443
"7654"	"ENSG00000212907"	1.64963007085624
"7655"	"ENSG00000212916"	1.07185669322808
"7656"	"ENSG00000212978"	1.47052418326513
"7657"	"ENSG00000212993"	1.11118672360536
"7658"	"ENSG00000213013"	2.41533622359034
"7659"	"ENSG00000213018"	2.56853232092763
"7660"	"ENSG00000213023"	1.40928154224061
"7661"	"ENSG00000213025"	1.91828185666792
"7662"	"ENSG00000213036"	2.39245198338466
"7663"	"ENSG00000213047"	1.58305785897434
"7664"	"ENSG00000213062"	4.12627690742782
"7665"	"ENSG00000213071"	1.32019894828583
"7666"	"ENSG00000213073"	11.1563691176763
"7667"	"ENSG00000213080"	3.46066211068891
"7668"	"ENSG00000213085"	1.7253457716126
"7669"	"ENSG00000213087"	1.09968775733666
"7670"	"ENSG00000213088"	4.50395212219877
"7671"	"ENSG00000213089"	3.45954274451085
"7672"	"ENSG00000213090"	1.68968040226774
"7673"	"ENSG00000213130"	2.53761864536152
"7674"	"ENSG00000213131"	4.23205763510136
"7675"	"ENSG00000213145"	4.28292347761812
"7676"	"ENSG00000213169"	1.27797771491102
"7677"	"ENSG00000213171"	1.85481936129594
"7678"	"ENSG00000213186"	3.24025776118497
"7679"	"ENSG00000213189"	4.18324714477378
"7680"	"ENSG00000213203"	2.28861582210753
"7681"	"ENSG00000213213"	1.34178779494874
"7682"	"ENSG00000213221"	5.29694755035794
"7683"	"ENSG00000213228"	1.90906202512892
"7684"	"ENSG00000213235"	1.37531924652577
"7685"	"ENSG00000213236"	3.27161799959571
"7686"	"ENSG00000213246"	10.3106828342525
"7687"	"ENSG00000213250"	1.03368983641708
"7688"	"ENSG00000213260"	3.828726578678
"7689"	"ENSG00000213261"	1.9536742835683
"7690"	"ENSG00000213277"	1.528848769266
"7691"	"ENSG00000213279"	1.52229022520446
"7692"	"ENSG00000213300"	1.00288693639011
"7693"	"ENSG00000213315"	1.03341124657611
"7694"	"ENSG00000213326"	2.44772582387989
"7695"	"ENSG00000213328"	3.25052669521591
"7696"	"ENSG00000213339"	1.01552628592647
"7697"	"ENSG00000213366"	4.51993471585973
"7698"	"ENSG00000213373"	5.15991018057276
"7699"	"ENSG00000213380"	1.26729615466644
"7700"	"ENSG00000213385"	1.01696124248459
"7701"	"ENSG00000213397"	3.02494261528865
"7702"	"ENSG00000213398"	3.14558278492985
"7703"	"ENSG00000213411"	1.11108823469856
"7704"	"ENSG00000213413"	2.53657237435416
"7705"	"ENSG00000213420"	1.47530640816872
"7706"	"ENSG00000213424"	1.06540484069935
"7707"	"ENSG00000213430"	2.05050093744792
"7708"	"ENSG00000213453"	2.09167766994033
"7709"	"ENSG00000213465"	1.76288884710072
"7710"	"ENSG00000213468"	1.47863665897772
"7711"	"ENSG00000213471"	3.51901600453867
"7712"	"ENSG00000213513"	1.91683354377042
"7713"	"ENSG00000213519"	1.52703417018404
"7714"	"ENSG00000213533"	5.08671397301215
"7715"	"ENSG00000213542"	1.60644222561926
"7716"	"ENSG00000213561"	2.28998478022584
"7717"	"ENSG00000213578"	8.05331035017211
"7718"	"ENSG00000213585"	1.53347403132676
"7719"	"ENSG00000213588"	13.4281117298647
"7720"	"ENSG00000213598"	1.18754730233656
"7721"	"ENSG00000213600"	1.46276616410352
"7722"	"ENSG00000213609"	1.3935001062902
"7723"	"ENSG00000213613"	2.45153127293814
"7724"	"ENSG00000213614"	1.50784452133772
"7725"	"ENSG00000213621"	1.18086557024624
"7726"	"ENSG00000213648"	6.0597550829462
"7727"	"ENSG00000213658"	4.8778745272648
"7728"	"ENSG00000213689"	12.8957850985012
"7729"	"ENSG00000213693"	1.66703227376119
"7730"	"ENSG00000213694"	1.54539715955662
"7731"	"ENSG00000213695"	1.08493615270725
"7732"	"ENSG00000213699"	1.03227016174398
"7733"	"ENSG00000213700"	1.82099627008241
"7734"	"ENSG00000213707"	1.6511092630529
"7735"	"ENSG00000213754"	1.34448267546995
"7736"	"ENSG00000213757"	1.68471083857387
"7737"	"ENSG00000213759"	7.21338566848507
"7738"	"ENSG00000213777"	4.06242659091166
"7739"	"ENSG00000213780"	8.45392380400971
"7740"	"ENSG00000213790"	3.46688354383157
"7741"	"ENSG00000213793"	1.70525416595923
"7742"	"ENSG00000213799"	1.28109747310067
"7743"	"ENSG00000213801"	1.02708010069116
"7744"	"ENSG00000213809"	4.24387271199549
"7745"	"ENSG00000213839"	1.08312926235693
"7746"	"ENSG00000213842"	1.40929960388096
"7747"	"ENSG00000213853"	1.13829186638196
"7748"	"ENSG00000213866"	1.05286916627111
"7749"	"ENSG00000213872"	1.0029312302247
"7750"	"ENSG00000213876"	2.25851272811188
"7751"	"ENSG00000213881"	1.99465648004608
"7752"	"ENSG00000213885"	1.16880848750752
"7753"	"ENSG00000213886"	3.78854853838661
"7754"	"ENSG00000213888"	1.05614702301409
"7755"	"ENSG00000213892"	1.01757117278786
"7756"	"ENSG00000213900"	2.44987506738993
"7757"	"ENSG00000213901"	2.87534154071065
"7758"	"ENSG00000213903"	1.4758942701868
"7759"	"ENSG00000213904"	3.32191879634617
"7760"	"ENSG00000213906"	2.23835650531598
"7761"	"ENSG00000213920"	8.54917862184504
"7762"	"ENSG00000213923"	1.19215141976784
"7763"	"ENSG00000213927"	7.81914246538522
"7764"	"ENSG00000213928"	3.98570695375792
"7765"	"ENSG00000213930"	1.96293440328425
"7766"	"ENSG00000213931"	6.25763667530407
"7767"	"ENSG00000213937"	3.09239482262924
"7768"	"ENSG00000213950"	2.14031391226354
"7769"	"ENSG00000213963"	1.65510817180023
"7770"	"ENSG00000213965"	1.7281642693418
"7771"	"ENSG00000213967"	1.726860521257
"7772"	"ENSG00000213976"	1.77179670904989
"7773"	"ENSG00000213977"	9.76259731603622
"7774"	"ENSG00000213985"	2.1237268578133
"7775"	"ENSG00000213994"	1.05617217245272
"7776"	"ENSG00000213996"	1.05967457616145
"7777"	"ENSG00000213997"	1.00024238692636
"7778"	"ENSG00000213999"	6.75344491728612
"7779"	"ENSG00000214021"	4.05140410637193
"7780"	"ENSG00000214049"	2.2327116425074
"7781"	"ENSG00000214050"	2.23132752178262
"7782"	"ENSG00000214063"	1.44345464310994
"7783"	"ENSG00000214076"	7.53615803389397
"7784"	"ENSG00000214077"	3.73926377665155
"7785"	"ENSG00000214100"	3.18799102826746
"7786"	"ENSG00000214102"	1.39163167033401
"7787"	"ENSG00000214110"	9.792337388791
"7788"	"ENSG00000214114"	2.12386465340606
"7789"	"ENSG00000214121"	2.17964497784312
"7790"	"ENSG00000214128"	1.27762244560721
"7791"	"ENSG00000214140"	4.56141238336548
"7792"	"ENSG00000214160"	1.47265432451306
"7793"	"ENSG00000214176"	2.3668188309292
"7794"	"ENSG00000214185"	1.01762606042788
"7795"	"ENSG00000214189"	4.95445487888663
"7796"	"ENSG00000214193"	1.88571425633538
"7797"	"ENSG00000214199"	1.29867291350269
"7798"	"ENSG00000214212"	1.31793114127595
"7799"	"ENSG00000214223"	1.42433487518521
"7800"	"ENSG00000214252"	1.1798105377955
"7801"	"ENSG00000214263"	4.51241541050175
"7802"	"ENSG00000214274"	1.40363909011426
"7803"	"ENSG00000214279"	1.62534632531909
"7804"	"ENSG00000214289"	1.4864116353326
"7805"	"ENSG00000214290"	1.95613619257109
"7806"	"ENSG00000214300"	3.37209591771762
"7807"	"ENSG00000214331"	2.2806076868488
"7808"	"ENSG00000214336"	2.76858286628195
"7809"	"ENSG00000214338"	3.29976006526938
"7810"	"ENSG00000214357"	1.23787532233985
"7811"	"ENSG00000214391"	1.69165065059105
"7812"	"ENSG00000214402"	3.28779400246535
"7813"	"ENSG00000214413"	1.00835502097368
"7814"	"ENSG00000214435"	10.1761672273185
"7815"	"ENSG00000214455"	9.82008610310802
"7816"	"ENSG00000214456"	4.91761100460209
"7817"	"ENSG00000214491"	1.61075038146063
"7818"	"ENSG00000214514"	2.86252024038743
"7819"	"ENSG00000214517"	1.16649559505445
"7820"	"ENSG00000214530"	2.41486851631875
"7821"	"ENSG00000214534"	1.70627579173571
"7822"	"ENSG00000214535"	1.36611225226393
"7823"	"ENSG00000214544"	1.28403215172597
"7824"	"ENSG00000214546"	5.18950138069819
"7825"	"ENSG00000214548"	4.37445348274739
"7826"	"ENSG00000214553"	2.95258247439846
"7827"	"ENSG00000214575"	2.04321044181701
"7828"	"ENSG00000214578"	3.27507173072753
"7829"	"ENSG00000214650"	1.22245420044834
"7830"	"ENSG00000214652"	2.34724394387441
"7831"	"ENSG00000214654"	1.97662011066792
"7832"	"ENSG00000214655"	1.16573830797682
"7833"	"ENSG00000214659"	1.78756576090011
"7834"	"ENSG00000214688"	1.48465191080027
"7835"	"ENSG00000214700"	1.38690033623291
"7836"	"ENSG00000214708"	1.87388420534869
"7837"	"ENSG00000214725"	1.92015914062959
"7838"	"ENSG00000214736"	14.9964940016721
"7839"	"ENSG00000214753"	1.29927611874584
"7840"	"ENSG00000214754"	1.16293044931516
"7841"	"ENSG00000214765"	1.80350075547283
"7842"	"ENSG00000214776"	2.62488533125598
"7843"	"ENSG00000214787"	2.29414534898595
"7844"	"ENSG00000214796"	4.41933474485078
"7845"	"ENSG00000214827"	3.44126065164035
"7846"	"ENSG00000214832"	1.00556271530084
"7847"	"ENSG00000214837"	1.38393316251408
"7848"	"ENSG00000214842"	1.06052300714167
"7849"	"ENSG00000214846"	1.30866918925719
"7850"	"ENSG00000214851"	2.72612279960974
"7851"	"ENSG00000214866"	4.13861123139122
"7852"	"ENSG00000214867"	3.44962895426521
"7853"	"ENSG00000214894"	3.73012594747551
"7854"	"ENSG00000214900"	2.31922022642511
"7855"	"ENSG00000214922"	1.86920959132336
"7856"	"ENSG00000214946"	2.99413957239782
"7857"	"ENSG00000214955"	1.26340323800592
"7858"	"ENSG00000214967"	5.11303299108494
"7859"	"ENSG00000214970"	5.39652869368063
"7860"	"ENSG00000214973"	2.68750618495975
"7861"	"ENSG00000214975"	2.94104071404509
"7862"	"ENSG00000215006"	3.09480124784587
"7863"	"ENSG00000215009"	2.73520828974098
"7864"	"ENSG00000215018"	2.39061596870542
"7865"	"ENSG00000215030"	2.0388878597953
"7866"	"ENSG00000215041"	1.87633033187008
"7867"	"ENSG00000215067"	1.2479130697752
"7868"	"ENSG00000215068"	1.44294472222308
"7869"	"ENSG00000215089"	2.72631622408747
"7870"	"ENSG00000215097"	2.34895907127851
"7871"	"ENSG00000215114"	1.29162960369822
"7872"	"ENSG00000215146"	1.20963665514119
"7873"	"ENSG00000215156"	1.64976477380535
"7874"	"ENSG00000215174"	1.19642311381955
"7875"	"ENSG00000215182"	7.44514846793237
"7876"	"ENSG00000215187"	1.47291336599554
"7877"	"ENSG00000215210"	1.30460955435588
"7878"	"ENSG00000215217"	1.83633080776434
"7879"	"ENSG00000215237"	1.35272423893154
"7880"	"ENSG00000215251"	1.18178665762868
"7881"	"ENSG00000215252"	3.39816520917323
"7882"	"ENSG00000215256"	1.07350693189404
"7883"	"ENSG00000215262"	1.36160482627804
"7884"	"ENSG00000215271"	1.30455996302288
"7885"	"ENSG00000215302"	2.82342499677577
"7886"	"ENSG00000215375"	1.64979010114573
"7887"	"ENSG00000215388"	1.31345105523692
"7888"	"ENSG00000215399"	1.73269031573617
"7889"	"ENSG00000215440"	3.55400859657076
"7890"	"ENSG00000215452"	4.08441769529713
"7891"	"ENSG00000215458"	1.2952958635753
"7892"	"ENSG00000215478"	1.86153416228359
"7893"	"ENSG00000215483"	4.93302400389572
"7894"	"ENSG00000215492"	2.68953517707332
"7895"	"ENSG00000215559"	1.9444475410611
"7896"	"ENSG00000215580"	4.94675447688184
"7897"	"ENSG00000215612"	2.20210477483441
"7898"	"ENSG00000215644"	1.40972971990921
"7899"	"ENSG00000215704"	2.36230517672786
"7900"	"ENSG00000215784"	2.23554618972179
"7901"	"ENSG00000215788"	1.04514215857363
"7902"	"ENSG00000215790"	1.94857770101925
"7903"	"ENSG00000215837"	12.1299511153119
"7904"	"ENSG00000215841"	1.87573287079132
"7905"	"ENSG00000215845"	1.53701833254314
"7906"	"ENSG00000215895"	1.81435475978513
"7907"	"ENSG00000215908"	1.77236069524456
"7908"	"ENSG00000215912"	2.51819880834405
"7909"	"ENSG00000216490"	7.07586079069348
"7910"	"ENSG00000216624"	1.24413675403863
"7911"	"ENSG00000216775"	4.06564096517382
"7912"	"ENSG00000216809"	2.18223852338185
"7913"	"ENSG00000216915"	2.36039221536965
"7914"	"ENSG00000216977"	1.25840009757169
"7915"	"ENSG00000217027"	1.17146954543009
"7916"	"ENSG00000217236"	1.48943851159903
"7917"	"ENSG00000217275"	4.5567200124301
"7918"	"ENSG00000217325"	3.80028818012025
"7919"	"ENSG00000217442"	2.55629278234293
"7920"	"ENSG00000217555"	6.0391183352911
"7921"	"ENSG00000217624"	3.67790173082334
"7922"	"ENSG00000217643"	1.1914335546009
"7923"	"ENSG00000217702"	3.44409777539715
"7924"	"ENSG00000217716"	1.03553216768556
"7925"	"ENSG00000217783"	2.2327312538058
"7926"	"ENSG00000217801"	1.00955033453235
"7927"	"ENSG00000217930"	2.52840683964347
"7928"	"ENSG00000218014"	2.86752974284611
"7929"	"ENSG00000218018"	1.57644275031779
"7930"	"ENSG00000218027"	1.80341509093286
"7931"	"ENSG00000218227"	10.1887700772113
"7932"	"ENSG00000218358"	5.01321273065631
"7933"	"ENSG00000218416"	4.83550628748386
"7934"	"ENSG00000218510"	4.28037955035214
"7935"	"ENSG00000218549"	2.54825334686053
"7936"	"ENSG00000218582"	2.19313352723084
"7937"	"ENSG00000218631"	1.90844129777132
"7938"	"ENSG00000218676"	1.80366407197658
"7939"	"ENSG00000218713"	1.83967968952343
"7940"	"ENSG00000218996"	1.47277145086776
"7941"	"ENSG00000219073"	9.24034413111487
"7942"	"ENSG00000219085"	2.03005673593854
"7943"	"ENSG00000219102"	1.82859426189012
"7944"	"ENSG00000219200"	7.06888620633805
"7945"	"ENSG00000219201"	1.54019543710306
"7946"	"ENSG00000219355"	1.07143971772563
"7947"	"ENSG00000219361"	1.93051118986146
"7948"	"ENSG00000219392"	1.40196724209208
"7949"	"ENSG00000219410"	1.98174617316053
"7950"	"ENSG00000219435"	6.34961923954173
"7951"	"ENSG00000219451"	1.13548730592486
"7952"	"ENSG00000219470"	1.4559817378273
"7953"	"ENSG00000219565"	1.84336541043564
"7954"	"ENSG00000219607"	2.09643106358833
"7955"	"ENSG00000219626"	2.27409578498907
"7956"	"ENSG00000219755"	8.14076049894935
"7957"	"ENSG00000219881"	2.88796707412522
"7958"	"ENSG00000219891"	1.45248434172709
"7959"	"ENSG00000219928"	2.41272224592211
"7960"	"ENSG00000220157"	2.42033468850558
"7961"	"ENSG00000220161"	1.23822847004671
"7962"	"ENSG00000220201"	2.54792888516574
"7963"	"ENSG00000220205"	1.79363386436852
"7964"	"ENSG00000220323"	5.53315688654137
"7965"	"ENSG00000220392"	2.79125686781525
"7966"	"ENSG00000220563"	9.00300281984448
"7967"	"ENSG00000220614"	1.2287251026444
"7968"	"ENSG00000220749"	1.46915404279468
"7969"	"ENSG00000220785"	3.33785410208004
"7970"	"ENSG00000220793"	1.5940358636289
"7971"	"ENSG00000220842"	1.15298474816791
"7972"	"ENSG00000220848"	1.47411356952434
"7973"	"ENSG00000220867"	2.14298151819646
"7974"	"ENSG00000220884"	1.97655248711976
"7975"	"ENSG00000221571"	2.46488765308259
"7976"	"ENSG00000221716"	1.13640093616797
"7977"	"ENSG00000221803"	5.86871261148063
"7978"	"ENSG00000221817"	1.03253997407782
"7979"	"ENSG00000221818"	3.46040523737263
"7980"	"ENSG00000221829"	4.16566149737103
"7981"	"ENSG00000221866"	2.81238735156958
"7982"	"ENSG00000221869"	3.3380527350296
"7983"	"ENSG00000221890"	1.82125646357085
"7984"	"ENSG00000221916"	1.07861907964699
"7985"	"ENSG00000221946"	2.12967153450086
"7986"	"ENSG00000221955"	3.28265511817498
"7987"	"ENSG00000221962"	2.36039085028759
"7988"	"ENSG00000221968"	2.89946070970332
"7989"	"ENSG00000221978"	2.1452198237373
"7990"	"ENSG00000221986"	1.44280747354823
"7991"	"ENSG00000221988"	2.40061750132581
"7992"	"ENSG00000221995"	1.37441199827286
"7993"	"ENSG00000222005"	1.29195173079338
"7994"	"ENSG00000222014"	1.34273896771617
"7995"	"ENSG00000222019"	2.82033233162425
"7996"	"ENSG00000222020"	1.40126781483636
"7997"	"ENSG00000222035"	2.26661465906122
"7998"	"ENSG00000222037"	2.47994726149751
"7999"	"ENSG00000222043"	1.30007684984738
"8000"	"ENSG00000222044"	2.34674376650938
"8001"	"ENSG00000222112"	2.23157268929182
"8002"	"ENSG00000223039"	5.80543411683416
"8003"	"ENSG00000223042"	4.65782144388751
"8004"	"ENSG00000223345"	1.10730908880708
"8005"	"ENSG00000223350"	4.18344025195818
"8006"	"ENSG00000223361"	1.18577468295903
"8007"	"ENSG00000223374"	2.03769181977649
"8008"	"ENSG00000223387"	3.0117706700911
"8009"	"ENSG00000223393"	1.60093115903199
"8010"	"ENSG00000223396"	1.34285823170486
"8011"	"ENSG00000223403"	4.296306091015
"8012"	"ENSG00000223478"	1.59011335544689
"8013"	"ENSG00000223485"	1.77586923113495
"8014"	"ENSG00000223486"	2.35368938019486
"8015"	"ENSG00000223505"	1.12557060550591
"8016"	"ENSG00000223509"	2.89169970069533
"8017"	"ENSG00000223511"	1.11420299392962
"8018"	"ENSG00000223519"	1.60854627668208
"8019"	"ENSG00000223522"	1.28944766958422
"8020"	"ENSG00000223528"	3.05982110253421
"8021"	"ENSG00000223534"	1.47508164384438
"8022"	"ENSG00000223549"	1.08475991332361
"8023"	"ENSG00000223559"	2.44362694913298
"8024"	"ENSG00000223561"	1.89673944267927
"8025"	"ENSG00000223572"	3.77576020927855
"8026"	"ENSG00000223573"	3.39024489554817
"8027"	"ENSG00000223609"	7.32171868124168
"8028"	"ENSG00000223612"	2.35578993367248
"8029"	"ENSG00000223642"	2.68881524488907
"8030"	"ENSG00000223648"	3.27909668166856
"8031"	"ENSG00000223650"	2.41768827935734
"8032"	"ENSG00000223652"	1.86349663183724
"8033"	"ENSG00000223653"	1.29311692329822
"8034"	"ENSG00000223656"	1.99285632508006
"8035"	"ENSG00000223658"	1.48009106816696
"8036"	"ENSG00000223668"	1.45039397456102
"8037"	"ENSG00000223697"	1.38244679216055
"8038"	"ENSG00000223704"	1.94338037959094
"8039"	"ENSG00000223705"	2.08874902527075
"8040"	"ENSG00000223711"	1.32861431173946
"8041"	"ENSG00000223715"	5.84508944519909
"8042"	"ENSG00000223722"	3.13505076448861
"8043"	"ENSG00000223731"	1.87312235152001
"8044"	"ENSG00000223745"	2.34962602485943
"8045"	"ENSG00000223756"	2.95112524084943
"8046"	"ENSG00000223764"	3.31659491985027
"8047"	"ENSG00000223768"	2.48966005265558
"8048"	"ENSG00000223776"	2.95565780929355
"8049"	"ENSG00000223804"	1.15022310188598
"8050"	"ENSG00000223808"	8.96474601780888
"8051"	"ENSG00000223825"	4.51555888778526
"8052"	"ENSG00000223839"	4.14452315757396
"8053"	"ENSG00000223855"	3.13506415282875
"8054"	"ENSG00000223865"	1.44458372255978
"8055"	"ENSG00000223878"	1.88366022204728
"8056"	"ENSG00000223901"	1.06281807125772
"8057"	"ENSG00000223931"	3.50160206914209
"8058"	"ENSG00000223940"	2.30234726088078
"8059"	"ENSG00000223947"	2.39246565207841
"8060"	"ENSG00000223949"	1.47315508115334
"8061"	"ENSG00000223959"	1.1349976419978
"8062"	"ENSG00000223991"	1.45022837790274
"8063"	"ENSG00000224016"	1.96782174640497
"8064"	"ENSG00000224019"	2.731826393892
"8065"	"ENSG00000224032"	1.73440012015047
"8066"	"ENSG00000224041"	3.15077283510139
"8067"	"ENSG00000224043"	2.38729703406785
"8068"	"ENSG00000224063"	1.7829999575468
"8069"	"ENSG00000224066"	2.41779924724665
"8070"	"ENSG00000224072"	1.81022089165749
"8071"	"ENSG00000224086"	1.56712835216647
"8072"	"ENSG00000224093"	1.26477451125282
"8073"	"ENSG00000224094"	1.61216303529619
"8074"	"ENSG00000224114"	3.2314982698277
"8075"	"ENSG00000224116"	1.41752648257512
"8076"	"ENSG00000224132"	1.93448798369007
"8077"	"ENSG00000224137"	4.01752604950557
"8078"	"ENSG00000224172"	2.82539843578522
"8079"	"ENSG00000224183"	1.30229886268011
"8080"	"ENSG00000224186"	2.91350636317769
"8081"	"ENSG00000224204"	3.48087544624725
"8082"	"ENSG00000224205"	1.4953830428975
"8083"	"ENSG00000224222"	1.62141877390862
"8084"	"ENSG00000224238"	2.69845757407546
"8085"	"ENSG00000224239"	2.92413061639651
"8086"	"ENSG00000224251"	1.7802913054354
"8087"	"ENSG00000224259"	2.17385073738862
"8088"	"ENSG00000224271"	7.30684703829454
"8089"	"ENSG00000224272"	5.46386716523263
"8090"	"ENSG00000224286"	1.19231529148107
"8091"	"ENSG00000224318"	4.0290652626668
"8092"	"ENSG00000224321"	1.62288703574574
"8093"	"ENSG00000224331"	1.29154538336818
"8094"	"ENSG00000224356"	1.20884491517496
"8095"	"ENSG00000224358"	1.57364927515866
"8096"	"ENSG00000224367"	3.48294762015719
"8097"	"ENSG00000224373"	4.04498116176628
"8098"	"ENSG00000224383"	1.03030741268882
"8099"	"ENSG00000224389"	2.12421057799399
"8100"	"ENSG00000224411"	1.21786587224463
"8101"	"ENSG00000224413"	1.79351200142557
"8102"	"ENSG00000224415"	1.53846005712242
"8103"	"ENSG00000224420"	2.92343913380224
"8104"	"ENSG00000224429"	2.32211312312338
"8105"	"ENSG00000224430"	1.57007633666333
"8106"	"ENSG00000224431"	1.62120234123031
"8107"	"ENSG00000224468"	3.66754967684643
"8108"	"ENSG00000224479"	1.53978892006794
"8109"	"ENSG00000224497"	7.51992940509968
"8110"	"ENSG00000224505"	2.2677238846002
"8111"	"ENSG00000224511"	3.31003984591575
"8112"	"ENSG00000224520"	2.71669361400793
"8113"	"ENSG00000224525"	3.92187524920307
"8114"	"ENSG00000224533"	1.15844635978799
"8115"	"ENSG00000224549"	3.20172650978434
"8116"	"ENSG00000224557"	3.50009959221597
"8117"	"ENSG00000224568"	3.0907372273803
"8118"	"ENSG00000224570"	3.10508438487135
"8119"	"ENSG00000224577"	2.42187754197272
"8120"	"ENSG00000224598"	1.24981523231298
"8121"	"ENSG00000224607"	2.13225858156397
"8122"	"ENSG00000224616"	3.13483846279564
"8123"	"ENSG00000224621"	1.78534115869955
"8124"	"ENSG00000224650"	3.07639128405658
"8125"	"ENSG00000224652"	2.51386004308242
"8126"	"ENSG00000224660"	2.72155260764598
"8127"	"ENSG00000224680"	1.49756276937615
"8128"	"ENSG00000224689"	1.96742048812325
"8129"	"ENSG00000224713"	5.24623291024013
"8130"	"ENSG00000224729"	1.91819622054948
"8131"	"ENSG00000224743"	4.74863701334273
"8132"	"ENSG00000224745"	2.19415950634913
"8133"	"ENSG00000224746"	2.15063908495646
"8134"	"ENSG00000224747"	1.54828039171463
"8135"	"ENSG00000224790"	2.43858658172001
"8136"	"ENSG00000224796"	1.53861676737751
"8137"	"ENSG00000224805"	1.99454991604082
"8138"	"ENSG00000224810"	2.42448622594815
"8139"	"ENSG00000224812"	1.0573251175891
"8140"	"ENSG00000224821"	4.14355450635701
"8141"	"ENSG00000224842"	1.59013328049719
"8142"	"ENSG00000224848"	1.9588197505723
"8143"	"ENSG00000224858"	1.64794807491537
"8144"	"ENSG00000224888"	2.65483956415747
"8145"	"ENSG00000224897"	1.62179126353271
"8146"	"ENSG00000224903"	1.56031660990714
"8147"	"ENSG00000224920"	2.11942616271703
"8148"	"ENSG00000224939"	2.02189688066345
"8149"	"ENSG00000224940"	3.28259979267274
"8150"	"ENSG00000224945"	1.15764747079461
"8151"	"ENSG00000224957"	2.02014155544282
"8152"	"ENSG00000224958"	6.17933732553688
"8153"	"ENSG00000224975"	1.4976899467666
"8154"	"ENSG00000224985"	7.34234526399524
"8155"	"ENSG00000225008"	2.14842629121473
"8156"	"ENSG00000225028"	2.07685231464996
"8157"	"ENSG00000225031"	3.0892858051878
"8158"	"ENSG00000225032"	2.97395328763514
"8159"	"ENSG00000225039"	1.05547569304716
"8160"	"ENSG00000225062"	5.12921585152592
"8161"	"ENSG00000225067"	1.1332096198912
"8162"	"ENSG00000225077"	4.10112781910364
"8163"	"ENSG00000225079"	3.0645106536149
"8164"	"ENSG00000225080"	2.30771249549161
"8165"	"ENSG00000225092"	1.37837410410225
"8166"	"ENSG00000225093"	1.28493758377706
"8167"	"ENSG00000225096"	1.81865900661624
"8168"	"ENSG00000225101"	2.46033983890912
"8169"	"ENSG00000225125"	1.28301772864815
"8170"	"ENSG00000225140"	2.14290414711553
"8171"	"ENSG00000225178"	2.26192802800413
"8172"	"ENSG00000225192"	2.06079778454878
"8173"	"ENSG00000225194"	3.86534278035109
"8174"	"ENSG00000225200"	1.77691222505623
"8175"	"ENSG00000225205"	1.86471958188769
"8176"	"ENSG00000225210"	1.43184133720729
"8177"	"ENSG00000225217"	1.03066632405736
"8178"	"ENSG00000225234"	1.00162487214995
"8179"	"ENSG00000225264"	1.2303974109464
"8180"	"ENSG00000225265"	1.91562590960151
"8181"	"ENSG00000225313"	2.56085522599117
"8182"	"ENSG00000225335"	1.15323524939058
"8183"	"ENSG00000225339"	1.02167020194577
"8184"	"ENSG00000225345"	1.02915733481763
"8185"	"ENSG00000225361"	1.38951960487749
"8186"	"ENSG00000225362"	2.01155533376534
"8187"	"ENSG00000225377"	1.76806348643694
"8188"	"ENSG00000225383"	1.93910921693329
"8189"	"ENSG00000225398"	4.45880177972241
"8190"	"ENSG00000225399"	2.35279030103498
"8191"	"ENSG00000225400"	2.2500064872267
"8192"	"ENSG00000225422"	1.96141650176952
"8193"	"ENSG00000225431"	2.43152827587077
"8194"	"ENSG00000225442"	2.48150600320492
"8195"	"ENSG00000225449"	1.71293193520032
"8196"	"ENSG00000225450"	3.33072270864803
"8197"	"ENSG00000225489"	2.43557284373607
"8198"	"ENSG00000225492"	1.65796566757748
"8199"	"ENSG00000225498"	2.62667014485716
"8200"	"ENSG00000225506"	2.06133636968825
"8201"	"ENSG00000225518"	1.01759659310007
"8202"	"ENSG00000225523"	2.69640191646364
"8203"	"ENSG00000225526"	1.94585916872797
"8204"	"ENSG00000225527"	1.76575279364883
"8205"	"ENSG00000225528"	1.07057818302812
"8206"	"ENSG00000225556"	1.43785809536434
"8207"	"ENSG00000225572"	3.38065731516964
"8208"	"ENSG00000225573"	1.23027706626542
"8209"	"ENSG00000225603"	2.11974204194662
"8210"	"ENSG00000225614"	1.91796636535534
"8211"	"ENSG00000225630"	1.74995596218248
"8212"	"ENSG00000225639"	3.69792109387551
"8213"	"ENSG00000225643"	1.02282288747649
"8214"	"ENSG00000225649"	1.49309155905557
"8215"	"ENSG00000225670"	5.88267774599575
"8216"	"ENSG00000225695"	1.16350504372655
"8217"	"ENSG00000225698"	2.7216696482915
"8218"	"ENSG00000225731"	2.85044694898915
"8219"	"ENSG00000225742"	3.09738746212744
"8220"	"ENSG00000225746"	2.77049683831308
"8221"	"ENSG00000225762"	1.68353820626993
"8222"	"ENSG00000225764"	2.37549832997541
"8223"	"ENSG00000225766"	1.92672811639822
"8224"	"ENSG00000225774"	2.40026963645228
"8225"	"ENSG00000225778"	1.04834731383142
"8226"	"ENSG00000225792"	3.03539029612019
"8227"	"ENSG00000225796"	2.37979918228993
"8228"	"ENSG00000225798"	1.78026692553716
"8229"	"ENSG00000225808"	1.08958455960163
"8230"	"ENSG00000225828"	1.30087721992142
"8231"	"ENSG00000225849"	2.26892915052022
"8232"	"ENSG00000225851"	3.15078851413364
"8233"	"ENSG00000225855"	1.36075271618901
"8234"	"ENSG00000225872"	2.11001246273915
"8235"	"ENSG00000225873"	3.72486042164967
"8236"	"ENSG00000225877"	2.49675402873847
"8237"	"ENSG00000225880"	2.17452350427019
"8238"	"ENSG00000225886"	1.64944346838759
"8239"	"ENSG00000225889"	3.31594082997475
"8240"	"ENSG00000225893"	2.6029162722359
"8241"	"ENSG00000225929"	4.71789456681587
"8242"	"ENSG00000225931"	1.99212434346773
"8243"	"ENSG00000225938"	2.5204115714342
"8244"	"ENSG00000225940"	1.67183044584474
"8245"	"ENSG00000225950"	4.70058757997856
"8246"	"ENSG00000225953"	1.4153612905195
"8247"	"ENSG00000225963"	2.67259585376495
"8248"	"ENSG00000225969"	1.81368498303644
"8249"	"ENSG00000226005"	2.73063868198883
"8250"	"ENSG00000226007"	2.76472675003254
"8251"	"ENSG00000226009"	1.74718208476701
"8252"	"ENSG00000226025"	5.26197891353896
"8253"	"ENSG00000226029"	1.43841915017548
"8254"	"ENSG00000226031"	3.0500485750787
"8255"	"ENSG00000226049"	1.18418647530951
"8256"	"ENSG00000226051"	1.28718713524316
"8257"	"ENSG00000226054"	2.88017290634289
"8258"	"ENSG00000226067"	1.36878023510298
"8259"	"ENSG00000226074"	3.00577199592477
"8260"	"ENSG00000226084"	3.33670299032686
"8261"	"ENSG00000226085"	2.33615918238175
"8262"	"ENSG00000226101"	2.49723981647506
"8263"	"ENSG00000226124"	1.25880774987424
"8264"	"ENSG00000226145"	3.40816767387894
"8265"	"ENSG00000226167"	2.29750626317424
"8266"	"ENSG00000226186"	1.06467225373891
"8267"	"ENSG00000226194"	1.04316814612939
"8268"	"ENSG00000226197"	2.65860516535614
"8269"	"ENSG00000226210"	1.32244131917406
"8270"	"ENSG00000226221"	1.09363600447636
"8271"	"ENSG00000226232"	11.0835830715514
"8272"	"ENSG00000226237"	1.32108854500229
"8273"	"ENSG00000226239"	2.83736903742255
"8274"	"ENSG00000226243"	1.25722974501739
"8275"	"ENSG00000226252"	4.8666887947583
"8276"	"ENSG00000226259"	1.16405089861853
"8277"	"ENSG00000226261"	1.28226126194729
"8278"	"ENSG00000226268"	2.11774935110306
"8279"	"ENSG00000226278"	4.41697417150999
"8280"	"ENSG00000226281"	1.99019769593
"8281"	"ENSG00000226287"	1.71146359476047
"8282"	"ENSG00000226306"	3.69853020284102
"8283"	"ENSG00000226312"	2.40739012230674
"8284"	"ENSG00000226314"	1.43565640511802
"8285"	"ENSG00000226318"	1.31630789589717
"8286"	"ENSG00000226321"	2.63988662688085
"8287"	"ENSG00000226329"	2.88754808039655
"8288"	"ENSG00000226342"	2.96787260811909
"8289"	"ENSG00000226352"	1.07761788096846
"8290"	"ENSG00000226363"	1.72590207539807
"8291"	"ENSG00000226377"	2.28980072834674
"8292"	"ENSG00000226380"	4.13594645713243
"8293"	"ENSG00000226409"	3.36368225686038
"8294"	"ENSG00000226415"	1.18586039418663
"8295"	"ENSG00000226416"	2.00744664163767
"8296"	"ENSG00000226419"	1.70102461816126
"8297"	"ENSG00000226440"	1.78253719514413
"8298"	"ENSG00000226443"	2.36273264107157
"8299"	"ENSG00000226450"	2.57887816516938
"8300"	"ENSG00000226453"	2.99580012026682
"8301"	"ENSG00000226472"	1.77678198412439
"8302"	"ENSG00000226476"	2.06562808991027
"8303"	"ENSG00000226479"	2.15385482130799
"8304"	"ENSG00000226482"	7.78096073108479
"8305"	"ENSG00000226496"	1.07709535811021
"8306"	"ENSG00000226508"	1.6029242128269
"8307"	"ENSG00000226516"	4.20919144591281
"8308"	"ENSG00000226525"	1.19624759447393
"8309"	"ENSG00000226564"	1.13364260361537
"8310"	"ENSG00000226622"	1.8861452228875
"8311"	"ENSG00000226629"	2.03572085713143
"8312"	"ENSG00000226632"	1.45971122988654
"8313"	"ENSG00000226647"	1.3232724992326
"8314"	"ENSG00000226660"	3.0324710426782
"8315"	"ENSG00000226669"	1.40826048030314
"8316"	"ENSG00000226674"	2.09025719737774
"8317"	"ENSG00000226679"	3.90214412147581
"8318"	"ENSG00000226686"	1.0932179880277
"8319"	"ENSG00000226688"	1.60173968347196
"8320"	"ENSG00000226696"	1.41027241345742
"8321"	"ENSG00000226706"	2.3783309393882
"8322"	"ENSG00000226711"	1.69570930672874
"8323"	"ENSG00000226745"	2.92310181956947
"8324"	"ENSG00000226747"	1.40852743817619
"8325"	"ENSG00000226754"	1.48226033151271
"8326"	"ENSG00000226756"	1.38114074435572
"8327"	"ENSG00000226767"	2.68008407257543
"8328"	"ENSG00000226777"	1.46151353964962
"8329"	"ENSG00000226781"	4.29218129649338
"8330"	"ENSG00000226791"	4.31339975349333
"8331"	"ENSG00000226792"	3.37915783251939
"8332"	"ENSG00000226800"	1.62243130922935
"8333"	"ENSG00000226803"	1.23056610291267
"8334"	"ENSG00000226807"	2.25581183926122
"8335"	"ENSG00000226808"	1.9532845326932
"8336"	"ENSG00000226824"	1.5002514183801
"8337"	"ENSG00000226833"	1.1636159648195
"8338"	"ENSG00000226835"	2.90682766396141
"8339"	"ENSG00000226849"	5.84041412805683
"8340"	"ENSG00000226853"	1.42612248329489
"8341"	"ENSG00000226856"	2.43929052302812
"8342"	"ENSG00000226862"	1.05481153099504
"8343"	"ENSG00000226871"	6.63983202045124
"8344"	"ENSG00000226883"	1.06318497889829
"8345"	"ENSG00000226887"	2.46029592368411
"8346"	"ENSG00000226891"	3.02861383457912
"8347"	"ENSG00000226900"	1.52035336490393
"8348"	"ENSG00000226937"	3.56028793962854
"8349"	"ENSG00000226945"	2.00459145571755
"8350"	"ENSG00000226965"	2.99282788538478
"8351"	"ENSG00000226976"	1.70008021030019
"8352"	"ENSG00000226979"	2.84687780184921
"8353"	"ENSG00000226986"	2.6978287680544
"8354"	"ENSG00000227014"	1.66460691904554
"8355"	"ENSG00000227034"	1.74923221441333
"8356"	"ENSG00000227036"	3.23211138970938
"8357"	"ENSG00000227038"	1.84474420168949
"8358"	"ENSG00000227053"	1.63743866972696
"8359"	"ENSG00000227063"	8.88695308406789
"8360"	"ENSG00000227066"	3.44590840777134
"8361"	"ENSG00000227077"	3.47605877977339
"8362"	"ENSG00000227081"	1.93938330695032
"8363"	"ENSG00000227097"	3.01809249839769
"8364"	"ENSG00000227113"	1.36438783356225
"8365"	"ENSG00000227117"	2.27644025857638
"8366"	"ENSG00000227155"	1.15564992764497
"8367"	"ENSG00000227158"	1.82470383889335
"8368"	"ENSG00000227176"	2.22738360083449
"8369"	"ENSG00000227189"	1.92533487258963
"8370"	"ENSG00000227191"	1.12638389783606
"8371"	"ENSG00000227199"	1.72478859538854
"8372"	"ENSG00000227210"	2.24647225360901
"8373"	"ENSG00000227214"	1.00327408054299
"8374"	"ENSG00000227218"	1.53574140536703
"8375"	"ENSG00000227220"	2.18759863049277
"8376"	"ENSG00000227230"	2.46394410222106
"8377"	"ENSG00000227232"	1.72505168041522
"8378"	"ENSG00000227252"	1.41818346654792
"8379"	"ENSG00000227253"	1.36908078679096
"8380"	"ENSG00000227260"	5.21116473747677
"8381"	"ENSG00000227262"	2.12360780478211
"8382"	"ENSG00000227295"	2.17053083500359
"8383"	"ENSG00000227321"	1.95696531405774
"8384"	"ENSG00000227331"	1.26233163974608
"8385"	"ENSG00000227359"	1.72823055107821
"8386"	"ENSG00000227370"	2.16020001061111
"8387"	"ENSG00000227372"	1.44429668852822
"8388"	"ENSG00000227374"	5.89161548294844
"8389"	"ENSG00000227375"	3.07041799338335
"8390"	"ENSG00000227376"	1.4675382048427
"8391"	"ENSG00000227392"	1.76804059060857
"8392"	"ENSG00000227403"	1.42019926853573
"8393"	"ENSG00000227438"	1.5975369216378
"8394"	"ENSG00000227440"	3.2766230471294
"8395"	"ENSG00000227449"	3.8197986515116
"8396"	"ENSG00000227467"	5.47710242827661
"8397"	"ENSG00000227471"	6.60141792646026
"8398"	"ENSG00000227473"	3.33178767389697
"8399"	"ENSG00000227477"	2.02649042235942
"8400"	"ENSG00000227482"	2.38892380921026
"8401"	"ENSG00000227496"	3.89516478171969
"8402"	"ENSG00000227507"	3.8762881733489
"8403"	"ENSG00000227508"	2.00417668056188
"8404"	"ENSG00000227517"	2.23128389275435
"8405"	"ENSG00000227525"	1.88228367817229
"8406"	"ENSG00000227542"	1.35191264613192
"8407"	"ENSG00000227544"	2.34708323923822
"8408"	"ENSG00000227560"	2.66233675869906
"8409"	"ENSG00000227579"	1.64527935845572
"8410"	"ENSG00000227591"	4.30187514827327
"8411"	"ENSG00000227619"	2.85618164715959
"8412"	"ENSG00000227630"	3.40516405756648
"8413"	"ENSG00000227638"	1.01152458708787
"8414"	"ENSG00000227671"	1.17203367913729
"8415"	"ENSG00000227695"	1.71512718509885
"8416"	"ENSG00000227733"	1.17201768708647
"8417"	"ENSG00000227741"	1.26301298259142
"8418"	"ENSG00000227744"	1.80352013070407
"8419"	"ENSG00000227765"	2.67077546836107
"8420"	"ENSG00000227766"	5.39613432366958
"8421"	"ENSG00000227775"	1.29756796332597
"8422"	"ENSG00000227782"	3.11088101642332
"8423"	"ENSG00000227788"	1.05394295677072
"8424"	"ENSG00000227791"	5.30895886156935
"8425"	"ENSG00000227827"	2.5335397384914
"8426"	"ENSG00000227848"	1.57708014933329
"8427"	"ENSG00000227857"	3.92349400858442
"8428"	"ENSG00000227879"	1.12975276749084
"8429"	"ENSG00000227885"	1.95796652687531
"8430"	"ENSG00000227888"	1.46680851479201
"8431"	"ENSG00000227908"	1.36842654514535
"8432"	"ENSG00000227934"	2.67905486110758
"8433"	"ENSG00000227954"	4.62768183708374
"8434"	"ENSG00000227959"	1.91567330304145
"8435"	"ENSG00000227963"	1.02877522338889
"8436"	"ENSG00000227986"	8.62114542984681
"8437"	"ENSG00000227992"	1.70634569016435
"8438"	"ENSG00000227999"	2.40228427599851
"8439"	"ENSG00000228022"	1.30579391449997
"8440"	"ENSG00000228035"	5.55002876927138
"8441"	"ENSG00000228037"	1.36554770574937
"8442"	"ENSG00000228049"	2.15218802024751
"8443"	"ENSG00000228050"	1.98302914061542
"8444"	"ENSG00000228057"	2.21441090929017
"8445"	"ENSG00000228063"	1.43037404221305
"8446"	"ENSG00000228069"	2.04517070968711
"8447"	"ENSG00000228075"	6.79081702321266
"8448"	"ENSG00000228078"	2.99328990222047
"8449"	"ENSG00000228107"	1.73350327253808
"8450"	"ENSG00000228109"	1.50270963181133
"8451"	"ENSG00000228113"	2.63419860351112
"8452"	"ENSG00000228141"	1.38802204617716
"8453"	"ENSG00000228146"	1.05422976743451
"8454"	"ENSG00000228150"	1.08309554369483
"8455"	"ENSG00000228158"	1.38037999275574
"8456"	"ENSG00000228162"	1.99554538162532
"8457"	"ENSG00000228168"	6.55394692042338
"8458"	"ENSG00000228170"	6.45110015453759
"8459"	"ENSG00000228172"	1.13107803046045
"8460"	"ENSG00000228175"	1.62484637933554
"8461"	"ENSG00000228192"	1.7227802894649
"8462"	"ENSG00000228212"	2.70745714347292
"8463"	"ENSG00000228221"	7.31136476037034
"8464"	"ENSG00000228224"	1.69737353053655
"8465"	"ENSG00000228232"	3.98250844309302
"8466"	"ENSG00000228237"	5.22791895094243
"8467"	"ENSG00000228242"	2.34779705290573
"8468"	"ENSG00000228253"	2.55688625983352
"8469"	"ENSG00000228261"	1.05567901458905
"8470"	"ENSG00000228274"	1.22730459938509
"8471"	"ENSG00000228278"	3.28138979218124
"8472"	"ENSG00000228288"	2.38006812533351
"8473"	"ENSG00000228290"	3.24544676131573
"8474"	"ENSG00000228293"	1.7942252853952
"8475"	"ENSG00000228302"	1.33267991016386
"8476"	"ENSG00000228307"	3.62794535365397
"8477"	"ENSG00000228314"	2.98479277359728
"8478"	"ENSG00000228327"	2.38075496208328
"8479"	"ENSG00000228330"	1.0199183627068
"8480"	"ENSG00000228339"	1.97081359856105
"8481"	"ENSG00000228340"	1.21222536003544
"8482"	"ENSG00000228343"	10.0006714099544
"8483"	"ENSG00000228363"	2.99006244163964
"8484"	"ENSG00000228401"	3.13075222106832
"8485"	"ENSG00000228427"	1.92769821831732
"8486"	"ENSG00000228436"	1.33230698061048
"8487"	"ENSG00000228444"	1.87415133644231
"8488"	"ENSG00000228446"	2.28743049304601
"8489"	"ENSG00000228452"	8.01578009648443
"8490"	"ENSG00000228463"	1.7697906165503
"8491"	"ENSG00000228486"	1.3704474916894
"8492"	"ENSG00000228492"	2.00619431677635
"8493"	"ENSG00000228495"	1.46919548076853
"8494"	"ENSG00000228502"	1.10453023068646
"8495"	"ENSG00000228509"	4.06503844712576
"8496"	"ENSG00000228513"	2.77373034920279
"8497"	"ENSG00000228519"	1.70310676135208
"8498"	"ENSG00000228522"	5.98543764802144
"8499"	"ENSG00000228536"	3.08892209024841
"8500"	"ENSG00000228559"	2.70365524362414
"8501"	"ENSG00000228561"	4.52080966002787
"8502"	"ENSG00000228589"	1.65380533637237
"8503"	"ENSG00000228594"	3.22585953229479
"8504"	"ENSG00000228613"	2.73258386472256
"8505"	"ENSG00000228623"	2.30166278290887
"8506"	"ENSG00000228630"	4.693845831678
"8507"	"ENSG00000228638"	10.1714618023257
"8508"	"ENSG00000228639"	5.48598937688857
"8509"	"ENSG00000228649"	2.57890475857024
"8510"	"ENSG00000228692"	2.76391950109208
"8511"	"ENSG00000228695"	1.31977447004119
"8512"	"ENSG00000228701"	1.48204090106883
"8513"	"ENSG00000228703"	6.87723269946255
"8514"	"ENSG00000228709"	1.42569319868072
"8515"	"ENSG00000228716"	1.53811093144516
"8516"	"ENSG00000228727"	3.56408715614016
"8517"	"ENSG00000228737"	3.35783541266927
"8518"	"ENSG00000228748"	2.95055483404568
"8519"	"ENSG00000228763"	1.36609740780229
"8520"	"ENSG00000228789"	2.03588682626101
"8521"	"ENSG00000228791"	1.2266598379338
"8522"	"ENSG00000228793"	6.77013868150822
"8523"	"ENSG00000228801"	2.75621228744825
"8524"	"ENSG00000228804"	2.55382294363338
"8525"	"ENSG00000228818"	1.59187121934658
"8526"	"ENSG00000228839"	1.23761788016505
"8527"	"ENSG00000228868"	1.95535886921122
"8528"	"ENSG00000228887"	1.91320853699953
"8529"	"ENSG00000228903"	1.13529694554913
"8530"	"ENSG00000228914"	5.97602989868822
"8531"	"ENSG00000228918"	4.42226431135599
"8532"	"ENSG00000228925"	2.32279841268138
"8533"	"ENSG00000228956"	1.80096284282304
"8534"	"ENSG00000228970"	1.93685360854154
"8535"	"ENSG00000228971"	2.87295098969258
"8536"	"ENSG00000228983"	2.98657399962591
"8537"	"ENSG00000228986"	1.34406682777179
"8538"	"ENSG00000229019"	4.48981931278696
"8539"	"ENSG00000229020"	1.35754797580304
"8540"	"ENSG00000229028"	5.36873774988979
"8541"	"ENSG00000229029"	2.50520840223524
"8542"	"ENSG00000229052"	2.22613734759653
"8543"	"ENSG00000229056"	2.07259619716672
"8544"	"ENSG00000229081"	2.00293316976416
"8545"	"ENSG00000229092"	1.30990236849261
"8546"	"ENSG00000229097"	1.83552402679658
"8547"	"ENSG00000229108"	3.64853486464168
"8548"	"ENSG00000229109"	2.92241592936025
"8549"	"ENSG00000229116"	3.72514821856606
"8550"	"ENSG00000229119"	2.43754706521355
"8551"	"ENSG00000229122"	1.47337891725163
"8552"	"ENSG00000229127"	2.26788162989554
"8553"	"ENSG00000229133"	2.43967506116387
"8554"	"ENSG00000229152"	1.20217060013358
"8555"	"ENSG00000229167"	1.06234561343705
"8556"	"ENSG00000229180"	1.46132252171831
"8557"	"ENSG00000229190"	1.82993789763375
"8558"	"ENSG00000229204"	1.9506284012398
"8559"	"ENSG00000229212"	1.1052305368957
"8560"	"ENSG00000229228"	2.18316393890428
"8561"	"ENSG00000229236"	5.38621117355488
"8562"	"ENSG00000229237"	4.67163592264817
"8563"	"ENSG00000229246"	5.43211214411597
"8564"	"ENSG00000229251"	2.61219416417593
"8565"	"ENSG00000229267"	3.42720523346269
"8566"	"ENSG00000229268"	3.99092551189429
"8567"	"ENSG00000229272"	5.52856959650124
"8568"	"ENSG00000229312"	2.01427361349508
"8569"	"ENSG00000229314"	2.86301064436724
"8570"	"ENSG00000229320"	1.32676500857625
"8571"	"ENSG00000229321"	3.7470883355172
"8572"	"ENSG00000229337"	5.81399054435556
"8573"	"ENSG00000229344"	2.52125925291994
"8574"	"ENSG00000229358"	1.26679879802557
"8575"	"ENSG00000229367"	3.25652590238135
"8576"	"ENSG00000229376"	2.3339216450207
"8577"	"ENSG00000229413"	3.03890321444682
"8578"	"ENSG00000229417"	7.30444541185976
"8579"	"ENSG00000229419"	1.17687085730472
"8580"	"ENSG00000229427"	1.69735651559513
"8581"	"ENSG00000229436"	5.60028588562439
"8582"	"ENSG00000229442"	1.40495568251167
"8583"	"ENSG00000229447"	1.52116098988832
"8584"	"ENSG00000229453"	5.76408115043059
"8585"	"ENSG00000229456"	2.71574184659959
"8586"	"ENSG00000229484"	2.91505413117138
"8587"	"ENSG00000229491"	2.01567240484119
"8588"	"ENSG00000229498"	4.38266015040688
"8589"	"ENSG00000229512"	6.33593714729095
"8590"	"ENSG00000229525"	1.91626852522516
"8591"	"ENSG00000229539"	1.3534932870481
"8592"	"ENSG00000229544"	3.30623661195872
"8593"	"ENSG00000229558"	3.25171240867337
"8594"	"ENSG00000229585"	1.37301510725682
"8595"	"ENSG00000229591"	1.52728604354524
"8596"	"ENSG00000229598"	2.71345466607457
"8597"	"ENSG00000229601"	2.45752830156421
"8598"	"ENSG00000229604"	4.80878745461394
"8599"	"ENSG00000229619"	1.8552641860544
"8600"	"ENSG00000229644"	1.64754721750941
"8601"	"ENSG00000229657"	2.18321884390698
"8602"	"ENSG00000229664"	1.77619029562156
"8603"	"ENSG00000229671"	1.85066317486291
"8604"	"ENSG00000229676"	1.70903585072668
"8605"	"ENSG00000229689"	1.17718820273917
"8606"	"ENSG00000229694"	3.50144705660518
"8607"	"ENSG00000229700"	1.68105803588345
"8608"	"ENSG00000229715"	6.97363743849982
"8609"	"ENSG00000229739"	2.37764792330364
"8610"	"ENSG00000229754"	4.34461643593638
"8611"	"ENSG00000229759"	1.58524459505037
"8612"	"ENSG00000229782"	1.33924057655676
"8613"	"ENSG00000229816"	1.5617531762837
"8614"	"ENSG00000229832"	2.32882506481708
"8615"	"ENSG00000229833"	3.5472877546989
"8616"	"ENSG00000229847"	2.5612510654649
"8617"	"ENSG00000229859"	7.17956724523366
"8618"	"ENSG00000229871"	2.85969282206294
"8619"	"ENSG00000229896"	2.17926642325311
"8620"	"ENSG00000229921"	1.05901119424497
"8621"	"ENSG00000229932"	1.94755756321705
"8622"	"ENSG00000229939"	1.96775293111172
"8623"	"ENSG00000229944"	1.20483413021412
"8624"	"ENSG00000229953"	1.24796855851035
"8625"	"ENSG00000229980"	1.0371942921285
"8626"	"ENSG00000229994"	2.51621439888521
"8627"	"ENSG00000230018"	9.84534857390204
"8628"	"ENSG00000230042"	1.08548943698002
"8629"	"ENSG00000230061"	2.50408318225727
"8630"	"ENSG00000230067"	1.43292778914072
"8631"	"ENSG00000230069"	2.5271411504568
"8632"	"ENSG00000230076"	1.968079279422
"8633"	"ENSG00000230092"	1.57687316346053
"8634"	"ENSG00000230099"	3.05048306939786
"8635"	"ENSG00000230102"	1.70557400425018
"8636"	"ENSG00000230107"	5.30551239664308
"8637"	"ENSG00000230113"	2.38555894884497
"8638"	"ENSG00000230118"	3.58663497191723
"8639"	"ENSG00000230126"	1.04370203236022
"8640"	"ENSG00000230149"	2.60742068248072
"8641"	"ENSG00000230163"	9.48243819365891
"8642"	"ENSG00000230188"	1.58586071598398
"8643"	"ENSG00000230189"	5.00466668889526
"8644"	"ENSG00000230204"	2.01650972177597
"8645"	"ENSG00000230212"	3.81381762180062
"8646"	"ENSG00000230216"	2.14094502532738
"8647"	"ENSG00000230224"	2.39363350873331
"8648"	"ENSG00000230257"	1.98163052124059
"8649"	"ENSG00000230258"	2.11630498450066
"8650"	"ENSG00000230267"	1.04036944149721
"8651"	"ENSG00000230306"	1.03241372139494
"8652"	"ENSG00000230314"	1.32839984410291
"8653"	"ENSG00000230316"	2.96463063506436
"8654"	"ENSG00000230325"	3.66816397510131
"8655"	"ENSG00000230330"	1.6887603294316
"8656"	"ENSG00000230333"	1.0994879875886
"8657"	"ENSG00000230337"	1.09988215313872
"8658"	"ENSG00000230358"	1.92430369614247
"8659"	"ENSG00000230359"	2.56992222583379
"8660"	"ENSG00000230371"	2.28982073146882
"8661"	"ENSG00000230373"	4.44222273652611
"8662"	"ENSG00000230387"	1.54845428361304
"8663"	"ENSG00000230399"	3.31719289222214
"8664"	"ENSG00000230409"	2.40149578300574
"8665"	"ENSG00000230415"	2.0065746189582
"8666"	"ENSG00000230417"	1.74486793157251
"8667"	"ENSG00000230433"	1.76151704364552
"8668"	"ENSG00000230435"	1.38193077796904
"8669"	"ENSG00000230438"	1.57057105525777
"8670"	"ENSG00000230445"	2.1447552201089
"8671"	"ENSG00000230453"	1.06044085525899
"8672"	"ENSG00000230461"	2.64858414244164
"8673"	"ENSG00000230470"	3.01228686412596
"8674"	"ENSG00000230479"	1.21660443258384
"8675"	"ENSG00000230498"	1.21017464526618
"8676"	"ENSG00000230521"	1.18530436330275
"8677"	"ENSG00000230524"	1.35218642507803
"8678"	"ENSG00000230530"	1.84247684000937
"8679"	"ENSG00000230532"	7.49463202671115
"8680"	"ENSG00000230533"	7.16904551115534
"8681"	"ENSG00000230537"	1.57287573722009
"8682"	"ENSG00000230542"	2.99175872687547
"8683"	"ENSG00000230581"	1.05887603492504
"8684"	"ENSG00000230585"	1.12269426236024
"8685"	"ENSG00000230590"	1.36706778381628
"8686"	"ENSG00000230596"	5.56102959750598
"8687"	"ENSG00000230615"	1.84244616264458
"8688"	"ENSG00000230623"	2.33303179535103
"8689"	"ENSG00000230630"	1.52268875240406
"8690"	"ENSG00000230635"	2.76815974034282
"8691"	"ENSG00000230666"	1.30992413011632
"8692"	"ENSG00000230673"	7.8969190603048
"8693"	"ENSG00000230699"	2.24734213257418
"8694"	"ENSG00000230701"	2.16251765698571
"8695"	"ENSG00000230715"	1.64808865119173
"8696"	"ENSG00000230724"	2.2275972367837
"8697"	"ENSG00000230733"	11.2735505378334
"8698"	"ENSG00000230734"	2.37831298022382
"8699"	"ENSG00000230747"	2.79297172322631
"8700"	"ENSG00000230753"	1.83838620933515
"8701"	"ENSG00000230772"	3.34510240264894
"8702"	"ENSG00000230787"	3.26034810340075
"8703"	"ENSG00000230795"	1.51674160847365
"8704"	"ENSG00000230798"	1.69038623177645
"8705"	"ENSG00000230799"	1.78155715692548
"8706"	"ENSG00000230836"	1.08369035188048
"8707"	"ENSG00000230838"	7.46203915875518
"8708"	"ENSG00000230847"	1.09748700751258
"8709"	"ENSG00000230869"	2.01225938814239
"8710"	"ENSG00000230873"	2.6087046712204
"8711"	"ENSG00000230896"	1.47298722553571
"8712"	"ENSG00000230910"	6.89105075290345
"8713"	"ENSG00000230916"	3.82289024523967
"8714"	"ENSG00000230918"	1.40797769335594
"8715"	"ENSG00000230928"	5.58296323927333
"8716"	"ENSG00000230937"	1.39538733426158
"8717"	"ENSG00000230943"	3.9583288251313
"8718"	"ENSG00000230946"	1.96384425529553
"8719"	"ENSG00000230953"	1.36053890845151
"8720"	"ENSG00000230965"	2.84591743288564
"8721"	"ENSG00000230978"	2.68239656697266
"8722"	"ENSG00000230989"	1.25636966579866
"8723"	"ENSG00000231007"	2.55665846943224
"8724"	"ENSG00000231013"	1.05831027359345
"8725"	"ENSG00000231043"	1.0250717173777
"8726"	"ENSG00000231063"	2.42730222007166
"8727"	"ENSG00000231064"	2.28494880784533
"8728"	"ENSG00000231104"	2.26061639644156
"8729"	"ENSG00000231105"	1.27157724563244
"8730"	"ENSG00000231107"	3.21569320771173
"8731"	"ENSG00000231123"	4.22570302216898
"8732"	"ENSG00000231130"	3.65647928323733
"8733"	"ENSG00000231131"	6.7247271365673
"8734"	"ENSG00000231133"	2.92352210128319
"8735"	"ENSG00000231154"	2.22504003082092
"8736"	"ENSG00000231160"	1.85067731633658
"8737"	"ENSG00000231167"	1.76875123520428
"8738"	"ENSG00000231177"	1.27609180020017
"8739"	"ENSG00000231185"	1.41399802482104
"8740"	"ENSG00000231193"	1.86426509783002
"8741"	"ENSG00000231233"	1.62442703655402
"8742"	"ENSG00000231234"	7.51069682479014
"8743"	"ENSG00000231236"	1.27665118469555
"8744"	"ENSG00000231245"	1.94218282976124
"8745"	"ENSG00000231252"	2.97154280551331
"8746"	"ENSG00000231259"	10.80386055245
"8747"	"ENSG00000231274"	3.55877245043962
"8748"	"ENSG00000231292"	4.31869758850477
"8749"	"ENSG00000231307"	1.41515485373385
"8750"	"ENSG00000231310"	1.20562778995432
"8751"	"ENSG00000231329"	1.64210995792785
"8752"	"ENSG00000231345"	2.16060120889007
"8753"	"ENSG00000231346"	1.45844225024256
"8754"	"ENSG00000231367"	1.4478336816393
"8755"	"ENSG00000231381"	1.77358859209785
"8756"	"ENSG00000231389"	1.10561443886199
"8757"	"ENSG00000231393"	1.62128981428834
"8758"	"ENSG00000231395"	1.49552122685929
"8759"	"ENSG00000231407"	1.1331968592119
"8760"	"ENSG00000231424"	2.7588022823988
"8761"	"ENSG00000231437"	1.64275686952239
"8762"	"ENSG00000231439"	1.0655001614208
"8763"	"ENSG00000231443"	1.4767747242349
"8764"	"ENSG00000231445"	6.87275219178392
"8765"	"ENSG00000231453"	4.34027934016017
"8766"	"ENSG00000231475"	4.16763857252052
"8767"	"ENSG00000231482"	4.14782067523862
"8768"	"ENSG00000231503"	8.44239129791691
"8769"	"ENSG00000231519"	1.13551478705281
"8770"	"ENSG00000231535"	6.10654215337179
"8771"	"ENSG00000231574"	4.8722942801112
"8772"	"ENSG00000231604"	2.2697283582398
"8773"	"ENSG00000231609"	3.17284790577407
"8774"	"ENSG00000231613"	1.96977156511965
"8775"	"ENSG00000231616"	1.10386737360346
"8776"	"ENSG00000231625"	2.7038201110899
"8777"	"ENSG00000231628"	2.01615022401711
"8778"	"ENSG00000231638"	1.45781049664872
"8779"	"ENSG00000231646"	1.53187560735584
"8780"	"ENSG00000231651"	2.76904982307858
"8781"	"ENSG00000231666"	1.54037704723809
"8782"	"ENSG00000231672"	1.95533875129246
"8783"	"ENSG00000231686"	1.23528765248737
"8784"	"ENSG00000231690"	1.37200279501256
"8785"	"ENSG00000231703"	1.31907432148906
"8786"	"ENSG00000231711"	2.35419106551394
"8787"	"ENSG00000231713"	1.80843894531687
"8788"	"ENSG00000231721"	3.97737671617698
"8789"	"ENSG00000231731"	1.29654777819496
"8790"	"ENSG00000231741"	1.61389811661397
"8791"	"ENSG00000231742"	1.09032686125641
"8792"	"ENSG00000231747"	3.14745012108141
"8793"	"ENSG00000231749"	4.02498604439678
"8794"	"ENSG00000231752"	1.387202684537
"8795"	"ENSG00000231760"	1.41707546822409
"8796"	"ENSG00000231764"	2.33711376515082
"8797"	"ENSG00000231767"	1.519400589181
"8798"	"ENSG00000231768"	1.60470782905353
"8799"	"ENSG00000231794"	2.05706897298135
"8800"	"ENSG00000231817"	4.85133881360037
"8801"	"ENSG00000231826"	1.85159434727261
"8802"	"ENSG00000231841"	1.20462571290187
"8803"	"ENSG00000231845"	2.32949301266624
"8804"	"ENSG00000231861"	2.47189210135993
"8805"	"ENSG00000231870"	1.29314420114646
"8806"	"ENSG00000231875"	1.36389700419656
"8807"	"ENSG00000231881"	7.50283303322763
"8808"	"ENSG00000231887"	1.98639167115645
"8809"	"ENSG00000231889"	1.77715004548553
"8810"	"ENSG00000231890"	1.41621638935007
"8811"	"ENSG00000231908"	1.37415481025288
"8812"	"ENSG00000231925"	1.08403463221421
"8813"	"ENSG00000231943"	4.00527407010353
"8814"	"ENSG00000231948"	1.843660938845
"8815"	"ENSG00000231956"	4.07859716319069
"8816"	"ENSG00000231991"	1.4504868820649
"8817"	"ENSG00000231995"	2.24189110300392
"8818"	"ENSG00000231999"	1.09336332675099
"8819"	"ENSG00000232000"	2.26637693412097
"8820"	"ENSG00000232004"	2.26712470060412
"8821"	"ENSG00000232006"	1.50207252803477
"8822"	"ENSG00000232021"	1.23240163825707
"8823"	"ENSG00000232023"	1.06226280653313
"8824"	"ENSG00000232024"	2.12407581468598
"8825"	"ENSG00000232040"	1.25743917028376
"8826"	"ENSG00000232043"	2.42803645438395
"8827"	"ENSG00000232044"	6.01483772469709
"8828"	"ENSG00000232046"	1.29342558395016
"8829"	"ENSG00000232057"	5.06175880600571
"8830"	"ENSG00000232065"	2.14109196448578
"8831"	"ENSG00000232070"	1.32563418817093
"8832"	"ENSG00000232075"	2.04840239040552
"8833"	"ENSG00000232079"	4.99242523099799
"8834"	"ENSG00000232093"	1.18859370615368
"8835"	"ENSG00000232104"	1.23939345587031
"8836"	"ENSG00000232112"	1.81871998587764
"8837"	"ENSG00000232118"	1.86713334492583
"8838"	"ENSG00000232119"	1.46730842463333
"8839"	"ENSG00000232124"	4.97409457457077
"8840"	"ENSG00000232134"	1.6800743957539
"8841"	"ENSG00000232140"	8.36351178910831
"8842"	"ENSG00000232149"	1.75648362333134
"8843"	"ENSG00000232176"	2.66248176766538
"8844"	"ENSG00000232186"	2.22492306194203
"8845"	"ENSG00000232187"	1.34332286805355
"8846"	"ENSG00000232216"	2.13602179619178
"8847"	"ENSG00000232226"	5.62253881282792
"8848"	"ENSG00000232233"	1.74754426475001
"8849"	"ENSG00000232273"	1.46264098940523
"8850"	"ENSG00000232284"	1.01826660981015
"8851"	"ENSG00000232295"	1.45384289516164
"8852"	"ENSG00000232301"	3.21633997476625
"8853"	"ENSG00000232306"	1.36271351139187
"8854"	"ENSG00000232354"	2.26895652416302
"8855"	"ENSG00000232363"	1.26383733554029
"8856"	"ENSG00000232385"	1.30785186134136
"8857"	"ENSG00000232406"	1.0281469063772
"8858"	"ENSG00000232411"	1.58548561993877
"8859"	"ENSG00000232439"	1.12314806890102
"8860"	"ENSG00000232445"	1.96113110983822
"8861"	"ENSG00000232457"	2.23674658096412
"8862"	"ENSG00000232485"	2.13619494420313
"8863"	"ENSG00000232490"	1.48486856824311
"8864"	"ENSG00000232492"	3.24116402362016
"8865"	"ENSG00000232499"	1.11843358984062
"8866"	"ENSG00000232527"	1.35097727476858
"8867"	"ENSG00000232528"	2.92893054815084
"8868"	"ENSG00000232533"	1.36617383303067
"8869"	"ENSG00000232546"	1.39715800529782
"8870"	"ENSG00000232564"	1.11653022832204
"8871"	"ENSG00000232593"	1.32849603094638
"8872"	"ENSG00000232599"	3.56653326228148
"8873"	"ENSG00000232600"	1.65316307731127
"8874"	"ENSG00000232611"	1.16398897848517
"8875"	"ENSG00000232613"	2.64965875481711
"8876"	"ENSG00000232615"	1.20313812837631
"8877"	"ENSG00000232629"	1.72893572312392
"8878"	"ENSG00000232640"	1.70480867995617
"8879"	"ENSG00000232642"	1.53776522314041
"8880"	"ENSG00000232648"	2.46479630363168
"8881"	"ENSG00000232653"	3.84304110702961
"8882"	"ENSG00000232656"	1.47503245953848
"8883"	"ENSG00000232671"	1.12562511061437
"8884"	"ENSG00000232677"	1.49924592049485
"8885"	"ENSG00000232679"	7.11346895518342
"8886"	"ENSG00000232692"	1.36549544824947
"8887"	"ENSG00000232706"	1.71936194548723
"8888"	"ENSG00000232721"	2.20564771733255
"8889"	"ENSG00000232742"	1.56377901304354
"8890"	"ENSG00000232759"	2.21107632967818
"8891"	"ENSG00000232803"	2.97490235904279
"8892"	"ENSG00000232810"	1.381413667663
"8893"	"ENSG00000232811"	1.82051379682621
"8894"	"ENSG00000232814"	4.28774769690032
"8895"	"ENSG00000232815"	1.2734683646381
"8896"	"ENSG00000232818"	1.11465660737767
"8897"	"ENSG00000232821"	3.37611969707465
"8898"	"ENSG00000232838"	1.5834563959417
"8899"	"ENSG00000232850"	1.59457836811333
"8900"	"ENSG00000232858"	1.55770147533334
"8901"	"ENSG00000232859"	1.27699090599916
"8902"	"ENSG00000232860"	1.1007129223349
"8903"	"ENSG00000232869"	2.668865168717
"8904"	"ENSG00000232871"	1.55486075094023
"8905"	"ENSG00000232884"	2.73082879264788
"8906"	"ENSG00000232891"	4.63787589563765
"8907"	"ENSG00000232909"	1.66538669562091
"8908"	"ENSG00000232912"	1.41158238471271
"8909"	"ENSG00000232926"	2.11572255214373
"8910"	"ENSG00000232928"	2.46248151397633
"8911"	"ENSG00000232934"	2.16575366231289
"8912"	"ENSG00000232940"	1.40538582514988
"8913"	"ENSG00000232973"	1.26829254360424
"8914"	"ENSG00000233008"	1.48993948200948
"8915"	"ENSG00000233009"	1.21110037570008
"8916"	"ENSG00000233012"	2.00304212614507
"8917"	"ENSG00000233017"	1.18223001776379
"8918"	"ENSG00000233024"	3.6922732578478
"8919"	"ENSG00000233025"	1.91111803198493
"8920"	"ENSG00000233028"	3.34698314031658
"8921"	"ENSG00000233030"	2.5707675271153
"8922"	"ENSG00000233041"	2.80857568166921
"8923"	"ENSG00000233058"	2.49786391987103
"8924"	"ENSG00000233070"	6.85258190734102
"8925"	"ENSG00000233087"	1.66623693250346
"8926"	"ENSG00000233093"	3.10239114589608
"8927"	"ENSG00000233098"	1.55684267386076
"8928"	"ENSG00000233101"	2.68628999273906
"8929"	"ENSG00000233110"	2.07039914028945
"8930"	"ENSG00000233117"	2.22037999405758
"8931"	"ENSG00000233121"	1.29458067509604
"8932"	"ENSG00000233154"	2.27196134393749
"8933"	"ENSG00000233175"	1.83459030187161
"8934"	"ENSG00000233178"	1.78644374287571
"8935"	"ENSG00000233183"	2.47710904703813
"8936"	"ENSG00000233203"	2.74447374246157
"8937"	"ENSG00000233231"	1.48676972221131
"8938"	"ENSG00000233232"	4.17956136324747
"8939"	"ENSG00000233247"	1.60974902565978
"8940"	"ENSG00000233251"	4.76356588096014
"8941"	"ENSG00000233261"	3.58129855263736
"8942"	"ENSG00000233295"	3.26170923972992
"8943"	"ENSG00000233297"	2.51159559676265
"8944"	"ENSG00000233306"	1.08114453650157
"8945"	"ENSG00000233321"	4.80532217379581
"8946"	"ENSG00000233325"	1.04151832371103
"8947"	"ENSG00000233327"	6.93977028551854
"8948"	"ENSG00000233328"	1.2583545424875
"8949"	"ENSG00000233332"	1.09197458001535
"8950"	"ENSG00000233334"	1.65155986335759
"8951"	"ENSG00000233337"	1.14126543568837
"8952"	"ENSG00000233354"	2.5258099229361
"8953"	"ENSG00000233392"	1.58861916043201
"8954"	"ENSG00000233393"	1.27863347471567
"8955"	"ENSG00000233396"	2.25354722908957
"8956"	"ENSG00000233426"	1.31593699050233
"8957"	"ENSG00000233429"	3.22973838149474
"8958"	"ENSG00000233448"	9.19740229691167
"8959"	"ENSG00000233452"	1.42776930163971
"8960"	"ENSG00000233473"	1.81381608091564
"8961"	"ENSG00000233476"	1.18005441510297
"8962"	"ENSG00000233485"	4.16475521568984
"8963"	"ENSG00000233493"	1.82367396035994
"8964"	"ENSG00000233508"	1.79263941849768
"8965"	"ENSG00000233521"	1.1124040126733
"8966"	"ENSG00000233542"	2.10104581642025
"8967"	"ENSG00000233554"	1.02875043108984
"8968"	"ENSG00000233569"	1.90831783433156
"8969"	"ENSG00000233585"	1.16481856357367
"8970"	"ENSG00000233597"	1.3256723532176
"8971"	"ENSG00000233608"	3.53190094761756
"8972"	"ENSG00000233622"	1.83600149753094
"8973"	"ENSG00000233639"	2.1670131601608
"8974"	"ENSG00000233654"	2.60703843774552
"8975"	"ENSG00000233665"	1.32074967057694
"8976"	"ENSG00000233682"	1.77508420096072
"8977"	"ENSG00000233695"	1.29944340697137
"8978"	"ENSG00000233754"	3.38281238601004
"8979"	"ENSG00000233760"	3.81218838705515
"8980"	"ENSG00000233766"	3.18708493081953
"8981"	"ENSG00000233791"	2.24085489227636
"8982"	"ENSG00000233817"	1.96218458752873
"8983"	"ENSG00000233818"	1.07985635429765
"8984"	"ENSG00000233822"	2.4940819595507
"8985"	"ENSG00000233834"	1.76534364539416
"8986"	"ENSG00000233858"	2.10592554139143
"8987"	"ENSG00000233860"	1.71294424089351
"8988"	"ENSG00000233862"	1.53056072859024
"8989"	"ENSG00000233871"	1.64002643488918
"8990"	"ENSG00000233885"	1.88836430673789
"8991"	"ENSG00000233901"	1.55806288341337
"8992"	"ENSG00000233912"	1.19576495134541
"8993"	"ENSG00000233913"	1.03055579643093
"8994"	"ENSG00000233926"	1.27155995632167
"8995"	"ENSG00000233930"	3.57503916989162
"8996"	"ENSG00000233966"	1.98189377494639
"8997"	"ENSG00000233974"	1.96126607455797
"8998"	"ENSG00000233999"	3.66069317470755
"8999"	"ENSG00000234009"	2.70513662214206
"9000"	"ENSG00000234040"	1.29110070787669
"9001"	"ENSG00000234043"	2.19838137595649
"9002"	"ENSG00000234065"	1.11392265176424
"9003"	"ENSG00000234076"	1.37750491355601
"9004"	"ENSG00000234080"	1.07023764813815
"9005"	"ENSG00000234106"	1.37704972058823
"9006"	"ENSG00000234127"	1.4569094264542
"9007"	"ENSG00000234129"	1.49894823950439
"9008"	"ENSG00000234147"	2.01760425349255
"9009"	"ENSG00000234156"	3.90094009688977
"9010"	"ENSG00000234160"	1.92237520210982
"9011"	"ENSG00000234176"	2.74062398526072
"9012"	"ENSG00000234197"	2.41040660300384
"9013"	"ENSG00000234219"	1.55768162061924
"9014"	"ENSG00000234231"	7.33451096331638
"9015"	"ENSG00000234235"	3.07416271858402
"9016"	"ENSG00000234261"	5.04405386448081
"9017"	"ENSG00000234290"	1.84322577038443
"9018"	"ENSG00000234292"	4.57396633951864
"9019"	"ENSG00000234323"	2.48143266037715
"9020"	"ENSG00000234327"	1.38697786589877
"9021"	"ENSG00000234329"	1.09099967406869
"9022"	"ENSG00000234336"	2.70567132129519
"9023"	"ENSG00000234338"	1.45896101838521
"9024"	"ENSG00000234345"	1.28400935024913
"9025"	"ENSG00000234353"	5.29806160192039
"9026"	"ENSG00000234362"	1.6639746773118
"9027"	"ENSG00000234380"	1.27025822265685
"9028"	"ENSG00000234383"	1.23978120026884
"9029"	"ENSG00000234389"	3.40068605001386
"9030"	"ENSG00000234409"	2.8937855851854
"9031"	"ENSG00000234420"	2.23014274092611
"9032"	"ENSG00000234438"	2.04350733728687
"9033"	"ENSG00000234465"	1.3993887373467
"9034"	"ENSG00000234477"	2.57870231469798
"9035"	"ENSG00000234498"	2.81271528055419
"9036"	"ENSG00000234511"	1.63078205675339
"9037"	"ENSG00000234537"	2.26809353200917
"9038"	"ENSG00000234585"	1.33793040388277
"9039"	"ENSG00000234602"	4.89398322929934
"9040"	"ENSG00000234614"	2.13685568600992
"9041"	"ENSG00000234630"	1.04900496061952
"9042"	"ENSG00000234648"	3.29540930440783
"9043"	"ENSG00000234661"	3.03654902691161
"9044"	"ENSG00000234663"	3.61610922480342
"9045"	"ENSG00000234664"	1.05705323703175
"9046"	"ENSG00000234678"	2.96484756493567
"9047"	"ENSG00000234688"	4.22070444089081
"9048"	"ENSG00000234699"	1.4828348871616
"9049"	"ENSG00000234705"	2.12899274744357
"9050"	"ENSG00000234715"	3.12877307134161
"9051"	"ENSG00000234722"	4.21152138251169
"9052"	"ENSG00000234737"	1.37938652568679
"9053"	"ENSG00000234742"	2.99463117296205
"9054"	"ENSG00000234750"	1.81721929671506
"9055"	"ENSG00000234753"	2.01608358304251
"9056"	"ENSG00000234754"	3.39193293924271
"9057"	"ENSG00000234771"	1.53934476173181
"9058"	"ENSG00000234779"	1.18568696351203
"9059"	"ENSG00000234782"	1.09535248337911
"9060"	"ENSG00000234797"	1.28850603077262
"9061"	"ENSG00000234807"	4.05177290754252
"9062"	"ENSG00000234810"	3.78777100809531
"9063"	"ENSG00000234840"	2.86655059450869
"9064"	"ENSG00000234851"	2.10352926221609
"9065"	"ENSG00000234880"	3.57710335892784
"9066"	"ENSG00000234882"	9.18594044665275
"9067"	"ENSG00000234884"	1.40703332114965
"9068"	"ENSG00000234899"	2.96727869219205
"9069"	"ENSG00000234902"	1.00905121816206
"9070"	"ENSG00000234906"	4.87681782171176
"9071"	"ENSG00000234917"	2.10278527128264
"9072"	"ENSG00000234925"	1.08075810794553
"9073"	"ENSG00000234936"	1.67791109898974
"9074"	"ENSG00000234942"	3.65576927426037
"9075"	"ENSG00000234945"	2.13702337805848
"9076"	"ENSG00000234949"	2.90227639817085
"9077"	"ENSG00000234961"	8.97686855677538
"9078"	"ENSG00000234964"	2.49209441436776
"9079"	"ENSG00000234965"	2.09480073087043
"9080"	"ENSG00000234996"	4.16021680058483
"9081"	"ENSG00000235016"	3.42511676799412
"9082"	"ENSG00000235023"	1.75518230368231
"9083"	"ENSG00000235026"	2.9063403663525
"9084"	"ENSG00000235027"	2.71022305089271
"9085"	"ENSG00000235029"	4.6392095880515
"9086"	"ENSG00000235033"	5.87711069063191
"9087"	"ENSG00000235034"	2.10806766656472
"9088"	"ENSG00000235043"	1.70362035295134
"9089"	"ENSG00000235049"	3.29984268593572
"9090"	"ENSG00000235079"	1.10353841556997
"9091"	"ENSG00000235082"	2.00984694817565
"9092"	"ENSG00000235084"	1.04765572888451
"9093"	"ENSG00000235085"	3.1051231402166
"9094"	"ENSG00000235092"	2.58721555437448
"9095"	"ENSG00000235098"	1.45890496982141
"9096"	"ENSG00000235109"	1.48985068812721
"9097"	"ENSG00000235111"	2.13764145855006
"9098"	"ENSG00000235119"	3.83779705101864
"9099"	"ENSG00000235123"	10.7940663788736
"9100"	"ENSG00000235128"	3.37306289623786
"9101"	"ENSG00000235142"	3.37652837228925
"9102"	"ENSG00000235151"	1.51952735674722
"9103"	"ENSG00000235169"	1.64312614801864
"9104"	"ENSG00000235172"	1.58603149192658
"9105"	"ENSG00000235173"	1.67414438542505
"9106"	"ENSG00000235174"	1.70141723121919
"9107"	"ENSG00000235194"	1.10914398565543
"9108"	"ENSG00000235238"	1.4640030339257
"9109"	"ENSG00000235241"	7.57487975640873
"9110"	"ENSG00000235244"	1.36360195624446
"9111"	"ENSG00000235245"	1.67425848962089
"9112"	"ENSG00000235246"	1.71101691425401
"9113"	"ENSG00000235263"	3.86495851736246
"9114"	"ENSG00000235268"	2.00296647005243
"9115"	"ENSG00000235272"	2.27902081578583
"9116"	"ENSG00000235280"	1.38310020748423
"9117"	"ENSG00000235286"	2.44390189220121
"9118"	"ENSG00000235290"	2.27444193876175
"9119"	"ENSG00000235298"	4.77509231166175
"9120"	"ENSG00000235308"	1.16725047596819
"9121"	"ENSG00000235310"	6.00482861539682
"9122"	"ENSG00000235316"	2.08502613399775
"9123"	"ENSG00000235351"	2.84737219229738
"9124"	"ENSG00000235354"	1.17978484349559
"9125"	"ENSG00000235363"	2.00533625485205
"9126"	"ENSG00000235366"	1.33717317345627
"9127"	"ENSG00000235370"	3.03410464045672
"9128"	"ENSG00000235381"	1.00170116811539
"9129"	"ENSG00000235387"	4.17746153466415
"9130"	"ENSG00000235407"	4.70924744059311
"9131"	"ENSG00000235434"	5.36539047438004
"9132"	"ENSG00000235436"	3.82194781006484
"9133"	"ENSG00000235438"	1.24813403612315
"9134"	"ENSG00000235440"	1.35654388487403
"9135"	"ENSG00000235482"	6.15866510269565
"9136"	"ENSG00000235499"	1.58683091125411
"9137"	"ENSG00000235505"	2.51648203026151
"9138"	"ENSG00000235508"	1.41567493121306
"9139"	"ENSG00000235529"	3.51192085802114
"9140"	"ENSG00000235558"	2.90971369424265
"9141"	"ENSG00000235559"	1.82789669793769
"9142"	"ENSG00000235563"	4.96914010750595
"9143"	"ENSG00000235568"	1.85640325930067
"9144"	"ENSG00000235574"	1.78310178067132
"9145"	"ENSG00000235576"	1.56762083930409
"9146"	"ENSG00000235579"	1.8568708561005
"9147"	"ENSG00000235587"	1.73063328922375
"9148"	"ENSG00000235602"	2.48620036969744
"9149"	"ENSG00000235613"	1.3889984592735
"9150"	"ENSG00000235621"	1.99987781379644
"9151"	"ENSG00000235636"	2.11158068504812
"9152"	"ENSG00000235641"	3.04774677200528
"9153"	"ENSG00000235649"	2.25654705777802
"9154"	"ENSG00000235655"	1.65191001410746
"9155"	"ENSG00000235674"	2.69465748635687
"9156"	"ENSG00000235677"	1.28545856235651
"9157"	"ENSG00000235688"	1.26239405764841
"9158"	"ENSG00000235703"	2.68723156289137
"9159"	"ENSG00000235706"	1.15932270336401
"9160"	"ENSG00000235713"	1.85796823037266
"9161"	"ENSG00000235724"	1.32046766222206
"9162"	"ENSG00000235726"	2.31631339249845
"9163"	"ENSG00000235734"	4.54759090655127
"9164"	"ENSG00000235770"	1.84765490697456
"9165"	"ENSG00000235776"	1.40256672431827
"9166"	"ENSG00000235782"	3.43942835193681
"9167"	"ENSG00000235790"	3.93004622114192
"9168"	"ENSG00000235821"	1.24085267566421
"9169"	"ENSG00000235823"	1.68021941120111
"9170"	"ENSG00000235832"	4.99750516085444
"9171"	"ENSG00000235847"	3.33331038521486
"9172"	"ENSG00000235848"	1.85519623325621
"9173"	"ENSG00000235865"	1.74118287490688
"9174"	"ENSG00000235875"	5.77985875129629
"9175"	"ENSG00000235884"	7.07650192467068
"9176"	"ENSG00000235885"	1.86504093807351
"9177"	"ENSG00000235902"	1.11368213340415
"9178"	"ENSG00000235904"	2.70031459156949
"9179"	"ENSG00000235908"	1.15485276248855
"9180"	"ENSG00000235910"	1.42970277975878
"9181"	"ENSG00000235912"	1.46913847501632
"9182"	"ENSG00000235939"	2.39715566241331
"9183"	"ENSG00000235946"	1.33837894584811
"9184"	"ENSG00000235974"	2.7395941345343
"9185"	"ENSG00000236008"	1.57488357221095
"9186"	"ENSG00000236013"	1.56601152644741
"9187"	"ENSG00000236017"	2.16222148078705
"9188"	"ENSG00000236031"	3.18767989849777
"9189"	"ENSG00000236036"	2.42277628728166
"9190"	"ENSG00000236039"	2.78509603616031
"9191"	"ENSG00000236047"	1.95871722205497
"9192"	"ENSG00000236051"	3.48450281018893
"9193"	"ENSG00000236054"	1.73823062984656
"9194"	"ENSG00000236058"	1.51604142346434
"9195"	"ENSG00000236060"	3.71747865954955
"9196"	"ENSG00000236065"	2.53602741704355
"9197"	"ENSG00000236090"	1.78189681481148
"9198"	"ENSG00000236114"	2.03705045470228
"9199"	"ENSG00000236120"	1.00658870175488
"9200"	"ENSG00000236136"	1.28341522744091
"9201"	"ENSG00000236137"	1.29214803775435
"9202"	"ENSG00000236138"	2.92417368242938
"9203"	"ENSG00000236144"	1.87747630223609
"9204"	"ENSG00000236155"	2.2424645673314
"9205"	"ENSG00000236166"	2.35774063891428
"9206"	"ENSG00000236173"	1.04621400879278
"9207"	"ENSG00000236184"	3.09654731982538
"9208"	"ENSG00000236194"	2.46273469009954
"9209"	"ENSG00000236263"	7.91796962832129
"9210"	"ENSG00000236264"	1.02814358315525
"9211"	"ENSG00000236266"	1.87087766349084
"9212"	"ENSG00000236279"	1.00931463613517
"9213"	"ENSG00000236283"	2.69106923561419
"9214"	"ENSG00000236304"	4.03493735498079
"9215"	"ENSG00000236305"	1.16462490640222
"9216"	"ENSG00000236313"	1.93296518202543
"9217"	"ENSG00000236319"	2.39065371478349
"9218"	"ENSG00000236333"	6.78688237762587
"9219"	"ENSG00000236345"	3.33202490841885
"9220"	"ENSG00000236384"	2.32063805202382
"9221"	"ENSG00000236397"	1.19851549969397
"9222"	"ENSG00000236411"	1.79009832144856
"9223"	"ENSG00000236426"	2.4607619156261
"9224"	"ENSG00000236431"	1.66718326199329
"9225"	"ENSG00000236432"	1.0299185839451
"9226"	"ENSG00000236439"	1.64265905744159
"9227"	"ENSG00000236449"	3.52717197356075
"9228"	"ENSG00000236456"	3.41430887280516
"9229"	"ENSG00000236474"	1.53763151212815
"9230"	"ENSG00000236489"	1.42528111534078
"9231"	"ENSG00000236494"	2.28415385644833
"9232"	"ENSG00000236498"	1.33869602266969
"9233"	"ENSG00000236501"	1.755273341936
"9234"	"ENSG00000236525"	3.30400403081808
"9235"	"ENSG00000236529"	3.04715818628993
"9236"	"ENSG00000236536"	2.35803797161651
"9237"	"ENSG00000236540"	1.37114116176135
"9238"	"ENSG00000236554"	1.2725877154046
"9239"	"ENSG00000236565"	1.30196298477279
"9240"	"ENSG00000236567"	1.80837214768501
"9241"	"ENSG00000236583"	1.39136383647018
"9242"	"ENSG00000236617"	1.79219776984564
"9243"	"ENSG00000236618"	2.15637170410279
"9244"	"ENSG00000236675"	3.93488949630484
"9245"	"ENSG00000236682"	2.11954081899171
"9246"	"ENSG00000236699"	2.05058783394787
"9247"	"ENSG00000236700"	1.00330508630593
"9248"	"ENSG00000236703"	2.48623942838732
"9249"	"ENSG00000236708"	2.23045116235119
"9250"	"ENSG00000236711"	2.96498318747561
"9251"	"ENSG00000236714"	1.5106032033255
"9252"	"ENSG00000236751"	1.83432829590773
"9253"	"ENSG00000236753"	1.12965501212416
"9254"	"ENSG00000236754"	3.21084952004537
"9255"	"ENSG00000236773"	1.40044480484428
"9256"	"ENSG00000236776"	4.03864598119041
"9257"	"ENSG00000236780"	1.24821341810317
"9258"	"ENSG00000236782"	1.01391642066333
"9259"	"ENSG00000236790"	2.23742979947497
"9260"	"ENSG00000236801"	1.35371331051609
"9261"	"ENSG00000236809"	2.4668254143131
"9262"	"ENSG00000236816"	3.50049730471285
"9263"	"ENSG00000236824"	2.50193500435751
"9264"	"ENSG00000236830"	1.92675438260647
"9265"	"ENSG00000236849"	3.01459584027618
"9266"	"ENSG00000236857"	3.04088140253037
"9267"	"ENSG00000236867"	1.11354537970616
"9268"	"ENSG00000236869"	1.04006615047
"9269"	"ENSG00000236871"	1.24677904103752
"9270"	"ENSG00000236961"	5.36005943354647
"9271"	"ENSG00000236975"	2.7435325079394
"9272"	"ENSG00000236991"	2.77855514271569
"9273"	"ENSG00000236998"	2.73173159877578
"9274"	"ENSG00000237004"	1.44603783107665
"9275"	"ENSG00000237017"	2.07958509830754
"9276"	"ENSG00000237032"	2.94426942812767
"9277"	"ENSG00000237039"	2.51247590927166
"9278"	"ENSG00000237053"	1.63569175653743
"9279"	"ENSG00000237054"	1.2260535463757
"9280"	"ENSG00000237070"	6.01820017816851
"9281"	"ENSG00000237080"	2.74747749634913
"9282"	"ENSG00000237125"	2.85061822316974
"9283"	"ENSG00000237126"	2.21583212093511
"9284"	"ENSG00000237127"	4.07801348743268
"9285"	"ENSG00000237135"	1.04333045953152
"9286"	"ENSG00000237159"	4.233470481701
"9287"	"ENSG00000237161"	1.69982594146702
"9288"	"ENSG00000237179"	3.39696173526608
"9289"	"ENSG00000237188"	5.1779465505269
"9290"	"ENSG00000237200"	1.13551973817629
"9291"	"ENSG00000237223"	5.07167181454451
"9292"	"ENSG00000237232"	2.24945014535933
"9293"	"ENSG00000237233"	1.75814076932137
"9294"	"ENSG00000237234"	1.95681421853204
"9295"	"ENSG00000237238"	2.50286939263519
"9296"	"ENSG00000237248"	2.32149121822896
"9297"	"ENSG00000237276"	1.18465046541563
"9298"	"ENSG00000237289"	2.72624838542397
"9299"	"ENSG00000237296"	1.74899075150604
"9300"	"ENSG00000237298"	1.65492040731817
"9301"	"ENSG00000237324"	2.14037133215575
"9302"	"ENSG00000237330"	1.90594113782117
"9303"	"ENSG00000237356"	2.23517145464295
"9304"	"ENSG00000237357"	3.33998012297706
"9305"	"ENSG00000237361"	2.49301011741061
"9306"	"ENSG00000237372"	2.51015489912496
"9307"	"ENSG00000237380"	2.25826258867924
"9308"	"ENSG00000237399"	2.45003011631429
"9309"	"ENSG00000237413"	1.2745244687567
"9310"	"ENSG00000237419"	2.22167966183999
"9311"	"ENSG00000237437"	7.91775528720636
"9312"	"ENSG00000237438"	1.87991609535111
"9313"	"ENSG00000237440"	2.76933346503888
"9314"	"ENSG00000237512"	1.3779924486913
"9315"	"ENSG00000237515"	3.46240334562803
"9316"	"ENSG00000237517"	8.12581684208847
"9317"	"ENSG00000237531"	1.6961680006742
"9318"	"ENSG00000237541"	2.31799846900089
"9319"	"ENSG00000237560"	4.85714994667964
"9320"	"ENSG00000237574"	3.43520960374137
"9321"	"ENSG00000237594"	4.29742970833575
"9322"	"ENSG00000237604"	1.00447227204425
"9323"	"ENSG00000237614"	2.29817029215056
"9324"	"ENSG00000237638"	6.77548126590775
"9325"	"ENSG00000237640"	1.44076812473451
"9326"	"ENSG00000237641"	3.746433232536
"9327"	"ENSG00000237649"	3.53937706911993
"9328"	"ENSG00000237651"	4.92327009105272
"9329"	"ENSG00000237667"	3.801799569974
"9330"	"ENSG00000237669"	2.49179984244207
"9331"	"ENSG00000237672"	1.43891147142008
"9332"	"ENSG00000237685"	1.61757915740614
"9333"	"ENSG00000237686"	5.48180597977177
"9334"	"ENSG00000237693"	1.09766931293995
"9335"	"ENSG00000237702"	3.14535428503061
"9336"	"ENSG00000237718"	7.59791815190032
"9337"	"ENSG00000237719"	1.61809231173336
"9338"	"ENSG00000237748"	1.16172837006728
"9339"	"ENSG00000237765"	1.57007585942786
"9340"	"ENSG00000237772"	1.13672249605799
"9341"	"ENSG00000237781"	1.18710817182811
"9342"	"ENSG00000237803"	2.1482976038715
"9343"	"ENSG00000237807"	3.55789888238229
"9344"	"ENSG00000237813"	2.21404455001647
"9345"	"ENSG00000237846"	3.53994820912565
"9346"	"ENSG00000237854"	1.46547802441863
"9347"	"ENSG00000237863"	1.22973222332937
"9348"	"ENSG00000237883"	1.43605645410709
"9349"	"ENSG00000237886"	1.61144745884922
"9350"	"ENSG00000237887"	1.41413848991054
"9351"	"ENSG00000237892"	1.78502937486641
"9352"	"ENSG00000237916"	1.81530798275028
"9353"	"ENSG00000237927"	1.42596818009218
"9354"	"ENSG00000237938"	1.99122046899678
"9355"	"ENSG00000237945"	1.20898798946454
"9356"	"ENSG00000237949"	4.02600779383754
"9357"	"ENSG00000237950"	1.42118918218942
"9358"	"ENSG00000237970"	2.21251081174086
"9359"	"ENSG00000237975"	1.92232656429168
"9360"	"ENSG00000237988"	6.09896900347883
"9361"	"ENSG00000237990"	3.96078550734658
"9362"	"ENSG00000237991"	2.06213546615857
"9363"	"ENSG00000238000"	1.00052962589966
"9364"	"ENSG00000238005"	2.25832540184005
"9365"	"ENSG00000238018"	4.44623137620267
"9366"	"ENSG00000238034"	1.39026981434439
"9367"	"ENSG00000238039"	2.26970859898624
"9368"	"ENSG00000238042"	2.90061333237742
"9369"	"ENSG00000238045"	1.55337078985059
"9370"	"ENSG00000238057"	2.96687873871577
"9371"	"ENSG00000238058"	3.02390231798648
"9372"	"ENSG00000238061"	1.76958947033086
"9373"	"ENSG00000238072"	2.37772178643096
"9374"	"ENSG00000238083"	1.3544737870021
"9375"	"ENSG00000238086"	2.07452539723765
"9376"	"ENSG00000238090"	2.50778368598954
"9377"	"ENSG00000238099"	1.30426066226666
"9378"	"ENSG00000238109"	1.71367007412245
"9379"	"ENSG00000238113"	1.73798922037634
"9380"	"ENSG00000238117"	7.30277806197842
"9381"	"ENSG00000238120"	1.33015747324454
"9382"	"ENSG00000238121"	1.51335102671726
"9383"	"ENSG00000238123"	6.44000710229263
"9384"	"ENSG00000238142"	1.15909325786057
"9385"	"ENSG00000238145"	1.4075170337965
"9386"	"ENSG00000238164"	2.46833039861135
"9387"	"ENSG00000238178"	1.43789071307122
"9388"	"ENSG00000238184"	1.75826637776146
"9389"	"ENSG00000238186"	2.29535702462777
"9390"	"ENSG00000238228"	1.062830535127
"9391"	"ENSG00000238231"	1.71898360364532
"9392"	"ENSG00000238249"	6.28147655442558
"9393"	"ENSG00000238258"	2.8338380533801
"9394"	"ENSG00000238266"	1.17951399502232
"9395"	"ENSG00000238273"	1.91755327659871
"9396"	"ENSG00000238278"	2.2887314167543
"9397"	"ENSG00000238279"	2.64265736889925
"9398"	"ENSG00000238290"	1.02012726762955
"9399"	"ENSG00000238358"	3.15308231540162
"9400"	"ENSG00000238387"	5.4733935565283
"9401"	"ENSG00000238755"	2.74651347359837
"9402"	"ENSG00000238795"	9.13590949129597
"9403"	"ENSG00000238917"	9.97152580215552
"9404"	"ENSG00000239194"	5.58186951728178
"9405"	"ENSG00000239218"	1.56930571926697
"9406"	"ENSG00000239254"	1.05597028406242
"9407"	"ENSG00000239257"	8.8279563851962
"9408"	"ENSG00000239264"	8.45883857855328
"9409"	"ENSG00000239268"	5.40364887152815
"9410"	"ENSG00000239280"	2.02000843536251
"9411"	"ENSG00000239282"	6.46866305419883
"9412"	"ENSG00000239291"	2.1754297444571
"9413"	"ENSG00000239300"	1.19599501795935
"9414"	"ENSG00000239382"	3.02146489324656
"9415"	"ENSG00000239388"	1.73877702811086
"9416"	"ENSG00000239474"	3.1100154350668
"9417"	"ENSG00000239521"	1.21742304621994
"9418"	"ENSG00000239533"	3.58172151496565
"9419"	"ENSG00000239556"	2.42579555734991
"9420"	"ENSG00000239557"	2.00692564071466
"9421"	"ENSG00000239559"	2.62989827063933
"9422"	"ENSG00000239571"	2.58025321787058
"9423"	"ENSG00000239593"	2.37660961100008
"9424"	"ENSG00000239607"	7.40078334024229
"9425"	"ENSG00000239617"	2.83647949958643
"9426"	"ENSG00000239650"	6.785134355202
"9427"	"ENSG00000239653"	2.2016208329899
"9428"	"ENSG00000239665"	1.40438237581859
"9429"	"ENSG00000239697"	2.18009529088005
"9430"	"ENSG00000239704"	6.08020744548879
"9431"	"ENSG00000239713"	1.56704677202223
"9432"	"ENSG00000239732"	5.66019335455887
"9433"	"ENSG00000239779"	3.85763583889211
"9434"	"ENSG00000239801"	1.69879380817327
"9435"	"ENSG00000239819"	3.28922715456192
"9436"	"ENSG00000239828"	1.33239112313334
"9437"	"ENSG00000239830"	1.9176128237336
"9438"	"ENSG00000239839"	7.2174171417038
"9439"	"ENSG00000239855"	3.85611093698886
"9440"	"ENSG00000239857"	1.71139481802993
"9441"	"ENSG00000239862"	1.16404518874424
"9442"	"ENSG00000239873"	2.30805796059107
"9443"	"ENSG00000239883"	1.10280274557922
"9444"	"ENSG00000239884"	1.28040043683041
"9445"	"ENSG00000239900"	2.66502787876286
"9446"	"ENSG00000239912"	2.52370985344052
"9447"	"ENSG00000239951"	3.65633698886929
"9448"	"ENSG00000239959"	3.57221277630184
"9449"	"ENSG00000239961"	3.27303438255833
"9450"	"ENSG00000239975"	1.84473239135359
"9451"	"ENSG00000240036"	1.76406733107855
"9452"	"ENSG00000240038"	3.50558715428277
"9453"	"ENSG00000240041"	1.94331992541511
"9454"	"ENSG00000240045"	4.24212076550959
"9455"	"ENSG00000240053"	6.20973784873643
"9456"	"ENSG00000240057"	1.46613817151112
"9457"	"ENSG00000240065"	1.31609913604693
"9458"	"ENSG00000240069"	6.95404188479455
"9459"	"ENSG00000240089"	11.541601759151
"9460"	"ENSG00000240132"	2.66954539921938
"9461"	"ENSG00000240160"	1.30765611372443
"9462"	"ENSG00000240194"	5.94028601163751
"9463"	"ENSG00000240204"	2.77846790458369
"9464"	"ENSG00000240219"	1.85073940897647
"9465"	"ENSG00000240225"	1.08433293738246
"9466"	"ENSG00000240240"	4.35323220839082
"9467"	"ENSG00000240244"	1.86348053456666
"9468"	"ENSG00000240280"	2.56625839539923
"9469"	"ENSG00000240291"	1.9017435509497
"9470"	"ENSG00000240303"	7.85116267079502
"9471"	"ENSG00000240322"	1.16149558353154
"9472"	"ENSG00000240338"	4.15927350323457
"9473"	"ENSG00000240342"	1.0857762282718
"9474"	"ENSG00000240373"	1.37267653556266
"9475"	"ENSG00000240382"	3.19446045523954
"9476"	"ENSG00000240399"	1.32875270727442
"9477"	"ENSG00000240403"	1.71322570560213
"9478"	"ENSG00000240409"	1.52999560199254
"9479"	"ENSG00000240423"	2.00241929406093
"9480"	"ENSG00000240436"	3.19450463994426
"9481"	"ENSG00000240445"	1.36081417552864
"9482"	"ENSG00000240449"	3.74852271556067
"9483"	"ENSG00000240489"	1.13357027079656
"9484"	"ENSG00000240494"	7.46376785904575
"9485"	"ENSG00000240498"	2.60348894166555
"9486"	"ENSG00000240505"	1.67612469060389
"9487"	"ENSG00000240509"	1.83038567264308
"9488"	"ENSG00000240522"	1.83143267324668
"9489"	"ENSG00000240527"	8.4596886733362
"9490"	"ENSG00000240567"	1.2935853353898
"9491"	"ENSG00000240583"	3.2157158674264
"9492"	"ENSG00000240591"	1.30683270537444
"9493"	"ENSG00000240602"	2.26077206852956
"9494"	"ENSG00000240622"	1.12465959997045
"9495"	"ENSG00000240654"	3.74551302874903
"9496"	"ENSG00000240661"	2.07595335620093
"9497"	"ENSG00000240666"	3.51840312769619
"9498"	"ENSG00000240671"	2.56446793902751
"9499"	"ENSG00000240720"	1.01109060945171
"9500"	"ENSG00000240747"	2.326302518052
"9501"	"ENSG00000240751"	1.61849115185774
"9502"	"ENSG00000240764"	1.13063106828411
"9503"	"ENSG00000240771"	4.14704181189094
"9504"	"ENSG00000240809"	2.12205998277484
"9505"	"ENSG00000240854"	4.73988251380598
"9506"	"ENSG00000240864"	3.26136677599239
"9507"	"ENSG00000240970"	1.6712846105682
"9508"	"ENSG00000240972"	5.38728935200445
"9509"	"ENSG00000241014"	5.51439552512576
"9510"	"ENSG00000241057"	5.58128912251214
"9511"	"ENSG00000241111"	3.46180655720486
"9512"	"ENSG00000241112"	2.51160817496244
"9513"	"ENSG00000241134"	5.1443123044287
"9514"	"ENSG00000241151"	4.20087564355245
"9515"	"ENSG00000241158"	5.13627857431593
"9516"	"ENSG00000241186"	1.51812603885521
"9517"	"ENSG00000241217"	1.63827019246935
"9518"	"ENSG00000241218"	2.54518384258745
"9519"	"ENSG00000241233"	1.12435960258073
"9520"	"ENSG00000241244"	2.45537077833185
"9521"	"ENSG00000241278"	1.3623220911408
"9522"	"ENSG00000241294"	2.22563217430722
"9523"	"ENSG00000241316"	1.9514737100496
"9524"	"ENSG00000241343"	7.1255948140019
"9525"	"ENSG00000241350"	6.05137723834116
"9526"	"ENSG00000241351"	3.21950554176387
"9527"	"ENSG00000241360"	1.24330745489111
"9528"	"ENSG00000241361"	2.46149055694588
"9529"	"ENSG00000241362"	1.24237582550629
"9530"	"ENSG00000241370"	4.5790511501344
"9531"	"ENSG00000241399"	3.32877763098677
"9532"	"ENSG00000241404"	6.1895210365167
"9533"	"ENSG00000241431"	3.36330443913984
"9534"	"ENSG00000241449"	2.14312422474831
"9535"	"ENSG00000241472"	1.36916429749102
"9536"	"ENSG00000241484"	2.22726401806453
"9537"	"ENSG00000241563"	2.13915610851273
"9538"	"ENSG00000241566"	2.26184712223281
"9539"	"ENSG00000241593"	2.92186898599007
"9540"	"ENSG00000241627"	1.03547107809685
"9541"	"ENSG00000241644"	3.1278341732043
"9542"	"ENSG00000241657"	2.52894491255886
"9543"	"ENSG00000241679"	2.89529101677674
"9544"	"ENSG00000241680"	1.03934626317237
"9545"	"ENSG00000241684"	4.36173434855018
"9546"	"ENSG00000241685"	1.65731497175034
"9547"	"ENSG00000241693"	1.92989125771949
"9548"	"ENSG00000241697"	7.24431930921016
"9549"	"ENSG00000241717"	1.9079220663183
"9550"	"ENSG00000241720"	2.89831284706452
"9551"	"ENSG00000241738"	2.61711616907539
"9552"	"ENSG00000241749"	1.22277449607698
"9553"	"ENSG00000241755"	2.831766313169
"9554"	"ENSG00000241769"	5.35268845500618
"9555"	"ENSG00000241809"	7.65912738588806
"9556"	"ENSG00000241837"	1.69573403525654
"9557"	"ENSG00000241852"	1.41958717283767
"9558"	"ENSG00000241859"	5.28219994965425
"9559"	"ENSG00000241860"	1.10058427882272
"9560"	"ENSG00000241907"	1.7939066292698
"9561"	"ENSG00000241935"	3.18334250554127
"9562"	"ENSG00000241962"	1.80413475648686
"9563"	"ENSG00000241975"	2.30094840939655
"9564"	"ENSG00000241983"	1.8210142536298
"9565"	"ENSG00000241984"	1.41552262338304
"9566"	"ENSG00000241985"	1.41273675056233
"9567"	"ENSG00000242028"	3.29909363187796
"9568"	"ENSG00000242068"	2.3368440181212
"9569"	"ENSG00000242076"	1.31919889539871
"9570"	"ENSG00000242110"	2.61456240659638
"9571"	"ENSG00000242114"	4.71303481061084
"9572"	"ENSG00000242134"	3.09760218981035
"9573"	"ENSG00000242142"	1.36091316753583
"9574"	"ENSG00000242147"	3.8025943708103
"9575"	"ENSG00000242173"	1.43313600605148
"9576"	"ENSG00000242193"	1.09562007725115
"9577"	"ENSG00000242198"	1.3826564537966
"9578"	"ENSG00000242220"	2.74202145935923
"9579"	"ENSG00000242252"	4.20397579636587
"9580"	"ENSG00000242258"	1.51264221135896
"9581"	"ENSG00000242265"	3.72601732774314
"9582"	"ENSG00000242267"	2.81022274395356
"9583"	"ENSG00000242268"	3.20876242357608
"9584"	"ENSG00000242282"	9.50643954664247
"9585"	"ENSG00000242294"	3.08139284273214
"9586"	"ENSG00000242337"	2.3802219147706
"9587"	"ENSG00000242338"	3.67430290774884
"9588"	"ENSG00000242353"	2.88389677843902
"9589"	"ENSG00000242375"	1.66646796793162
"9590"	"ENSG00000242435"	5.58645623490892
"9591"	"ENSG00000242441"	7.80922489064763
"9592"	"ENSG00000242472"	1.52231656684712
"9593"	"ENSG00000242474"	2.67692355808323
"9594"	"ENSG00000242534"	2.46446689543168
"9595"	"ENSG00000242580"	2.48252571662408
"9596"	"ENSG00000242600"	2.77906103965094
"9597"	"ENSG00000242607"	2.75133872789458
"9598"	"ENSG00000242611"	2.33895229469909
"9599"	"ENSG00000242616"	9.21800360658371
"9600"	"ENSG00000242622"	2.06466915884032
"9601"	"ENSG00000242686"	4.78985606804881
"9602"	"ENSG00000242689"	1.44379242718041
"9603"	"ENSG00000242741"	1.88445892763634
"9604"	"ENSG00000242748"	1.66972180797233
"9605"	"ENSG00000242766"	2.88697947455354
"9606"	"ENSG00000242779"	2.03902594265581
"9607"	"ENSG00000242797"	2.1411639123428
"9608"	"ENSG00000242829"	3.32276506575426
"9609"	"ENSG00000242852"	3.99666323259217
"9610"	"ENSG00000242865"	6.85961061729578
"9611"	"ENSG00000242902"	4.76768372864006
"9612"	"ENSG00000242950"	2.00008520762554
"9613"	"ENSG00000242960"	1.53272126610254
"9614"	"ENSG00000242970"	1.11636337818114
"9615"	"ENSG00000243007"	1.19944743407257
"9616"	"ENSG00000243056"	6.04264827849286
"9617"	"ENSG00000243063"	2.08722389578929
"9618"	"ENSG00000243069"	2.15283441129873
"9619"	"ENSG00000243107"	2.60045862744887
"9620"	"ENSG00000243156"	1.77582612953117
"9621"	"ENSG00000243175"	1.62252092376817
"9622"	"ENSG00000243176"	2.87530161669447
"9623"	"ENSG00000243199"	1.77566518685831
"9624"	"ENSG00000243230"	1.73396238480352
"9625"	"ENSG00000243232"	1.09048488217911
"9626"	"ENSG00000243238"	1.70301526229934
"9627"	"ENSG00000243243"	1.36589540677455
"9628"	"ENSG00000243244"	2.4546055285733
"9629"	"ENSG00000243250"	2.67944403673316
"9630"	"ENSG00000243264"	3.41765839936398
"9631"	"ENSG00000243280"	2.16049002328634
"9632"	"ENSG00000243284"	3.92652185513436
"9633"	"ENSG00000243289"	1.08595870105698
"9634"	"ENSG00000243290"	3.10632247928045
"9635"	"ENSG00000243302"	2.21404430145513
"9636"	"ENSG00000243305"	6.11014760737207
"9637"	"ENSG00000243317"	1.23274830362595
"9638"	"ENSG00000243323"	1.96681935027112
"9639"	"ENSG00000243364"	2.16996227024031
"9640"	"ENSG00000243368"	1.85115780567666
"9641"	"ENSG00000243384"	2.04991511145773
"9642"	"ENSG00000243406"	5.60853754053385
"9643"	"ENSG00000243410"	8.34998865752265
"9644"	"ENSG00000243414"	6.50634991698726
"9645"	"ENSG00000243422"	1.88670902989092
"9646"	"ENSG00000243431"	1.56764244376019
"9647"	"ENSG00000243466"	3.39136859740539
"9648"	"ENSG00000243479"	6.09145056138277
"9649"	"ENSG00000243480"	4.66151108284523
"9650"	"ENSG00000243509"	13.6809254923588
"9651"	"ENSG00000243554"	4.5360551920244
"9652"	"ENSG00000243562"	2.7342040844348
"9653"	"ENSG00000243646"	5.30844085263198
"9654"	"ENSG00000243649"	3.39615463296826
"9655"	"ENSG00000243650"	1.14208220756021
"9656"	"ENSG00000243675"	1.33365957977557
"9657"	"ENSG00000243678"	7.47092988608664
"9658"	"ENSG00000243679"	2.45610830980502
"9659"	"ENSG00000243708"	8.75869329969506
"9660"	"ENSG00000243710"	1.25708547250692
"9661"	"ENSG00000243716"	4.56277422204961
"9662"	"ENSG00000243725"	5.0627506135551
"9663"	"ENSG00000243742"	3.22258769403811
"9664"	"ENSG00000243746"	1.14528932035226
"9665"	"ENSG00000243749"	10.6869727891144
"9666"	"ENSG00000243759"	1.26628078375777
"9667"	"ENSG00000243789"	7.2554576575634
"9668"	"ENSG00000243802"	1.53444809988235
"9669"	"ENSG00000243811"	2.68027582008534
"9670"	"ENSG00000243829"	1.57652477577371
"9671"	"ENSG00000243836"	2.2877097755526
"9672"	"ENSG00000243859"	1.25483434337602
"9673"	"ENSG00000243885"	1.0708020215332
"9674"	"ENSG00000243961"	10.8173854296245
"9675"	"ENSG00000243970"	1.65579792185161
"9676"	"ENSG00000243989"	6.64573379511349
"9677"	"ENSG00000244038"	1.23801028445454
"9678"	"ENSG00000244040"	3.72311863332486
"9679"	"ENSG00000244056"	4.14936140726352
"9680"	"ENSG00000244062"	3.67666899702602
"9681"	"ENSG00000244067"	2.78493195460589
"9682"	"ENSG00000244094"	2.07276408925341
"9683"	"ENSG00000244116"	1.41761658699686
"9684"	"ENSG00000244124"	2.30977914681957
"9685"	"ENSG00000244137"	2.32258314565719
"9686"	"ENSG00000244151"	2.84531048701169
"9687"	"ENSG00000244155"	2.09840436199164
"9688"	"ENSG00000244161"	3.09321198197134
"9689"	"ENSG00000244165"	1.96763133499535
"9690"	"ENSG00000244198"	2.85772885438937
"9691"	"ENSG00000244219"	3.40522661726962
"9692"	"ENSG00000244226"	2.43795254112607
"9693"	"ENSG00000244227"	1.16365898322998
"9694"	"ENSG00000244239"	7.33834312205025
"9695"	"ENSG00000244242"	2.67718421805636
"9696"	"ENSG00000244265"	1.46462570496854
"9697"	"ENSG00000244274"	7.38633789419514
"9698"	"ENSG00000244300"	1.02682407945704
"9699"	"ENSG00000244301"	3.64179045654101
"9700"	"ENSG00000244313"	1.12614385530436
"9701"	"ENSG00000244327"	1.20307967437492
"9702"	"ENSG00000244357"	1.80707101215606
"9703"	"ENSG00000244363"	1.19025488673057
"9704"	"ENSG00000244371"	1.64180057514798
"9705"	"ENSG00000244380"	4.52738609844942
"9706"	"ENSG00000244398"	1.36397630023607
"9707"	"ENSG00000244402"	1.12042430625995
"9708"	"ENSG00000244414"	1.51194977104507
"9709"	"ENSG00000244437"	3.43919400488825
"9710"	"ENSG00000244468"	6.61978334950848
"9711"	"ENSG00000244476"	2.52166978850274
"9712"	"ENSG00000244479"	2.72345055432392
"9713"	"ENSG00000244480"	3.00290427728611
"9714"	"ENSG00000244482"	1.01968059389823
"9715"	"ENSG00000244486"	1.37585968946225
"9716"	"ENSG00000244510"	5.27137161324693
"9717"	"ENSG00000244513"	1.6421555716426
"9718"	"ENSG00000244538"	3.34393555746109
"9719"	"ENSG00000244541"	6.774557508974
"9720"	"ENSG00000244558"	1.34104795595657
"9721"	"ENSG00000244560"	3.29957010357983
"9722"	"ENSG00000244575"	3.0868178303882
"9723"	"ENSG00000244586"	2.06709669441152
"9724"	"ENSG00000244593"	1.75363023978738
"9725"	"ENSG00000244607"	3.45774430929883
"9726"	"ENSG00000244617"	1.43238079851527
"9727"	"ENSG00000244627"	2.37760235116841
"9728"	"ENSG00000244649"	2.46083553718924
"9729"	"ENSG00000244657"	5.03206391843938
"9730"	"ENSG00000244668"	5.76822296164417
"9731"	"ENSG00000244681"	4.65131738836516
"9732"	"ENSG00000244682"	1.77538325759596
"9733"	"ENSG00000244687"	5.50271706576143
"9734"	"ENSG00000244699"	2.3825846475404
"9735"	"ENSG00000244701"	3.26486616865654
"9736"	"ENSG00000244723"	2.33364284818612
"9737"	"ENSG00000244731"	1.76747620032094
"9738"	"ENSG00000244733"	1.47432751506212
"9739"	"ENSG00000244734"	5.62088859947221
"9740"	"ENSG00000244738"	3.87033673091147
"9741"	"ENSG00000244753"	1.51248751507827
"9742"	"ENSG00000244879"	2.08813246163393
"9743"	"ENSG00000244932"	1.40296497914421
"9744"	"ENSG00000244945"	1.5523803263909
"9745"	"ENSG00000244953"	3.78844584683447
"9746"	"ENSG00000244968"	1.81730895552503
"9747"	"ENSG00000245060"	2.39942179917622
"9748"	"ENSG00000245067"	2.50442343785618
"9749"	"ENSG00000245080"	4.110786756977
"9750"	"ENSG00000245105"	2.06510591285353
"9751"	"ENSG00000245148"	2.44135377434452
"9752"	"ENSG00000245156"	1.45341352175063
"9753"	"ENSG00000245164"	1.28559298046472
"9754"	"ENSG00000245261"	8.99630061969685
"9755"	"ENSG00000245275"	1.94997352001326
"9756"	"ENSG00000245293"	1.02603024225451
"9757"	"ENSG00000245317"	1.05119155886195
"9758"	"ENSG00000245468"	1.23840982640965
"9759"	"ENSG00000245482"	5.03942753493587
"9760"	"ENSG00000245526"	1.33386296679113
"9761"	"ENSG00000245532"	3.04054877178655
"9762"	"ENSG00000245651"	1.64125752712368
"9763"	"ENSG00000245685"	1.87043928814999
"9764"	"ENSG00000245694"	1.33804825074417
"9765"	"ENSG00000245711"	1.44924873026954
"9766"	"ENSG00000245748"	1.28284669207762
"9767"	"ENSG00000245750"	3.36837617657311
"9768"	"ENSG00000245812"	3.97249424131121
"9769"	"ENSG00000245848"	2.34392750192819
"9770"	"ENSG00000245869"	1.71534795283859
"9771"	"ENSG00000245904"	1.81190355151921
"9772"	"ENSG00000245954"	2.19034039097408
"9773"	"ENSG00000245970"	1.98503238633176
"9774"	"ENSG00000246022"	6.40831208568762
"9775"	"ENSG00000246090"	3.30478420782716
"9776"	"ENSG00000246223"	1.24511033563479
"9777"	"ENSG00000246225"	1.00817801266481
"9778"	"ENSG00000246250"	2.26826615151406
"9779"	"ENSG00000246263"	2.66640790656697
"9780"	"ENSG00000246331"	1.74318275228363
"9781"	"ENSG00000246339"	2.20445028859338
"9782"	"ENSG00000246379"	1.54633110511324
"9783"	"ENSG00000246430"	3.65339864225472
"9784"	"ENSG00000246451"	2.08035511783799
"9785"	"ENSG00000246465"	4.72526350159938
"9786"	"ENSG00000246477"	2.53757000774868
"9787"	"ENSG00000246526"	1.93406018433692
"9788"	"ENSG00000246548"	3.19252187388408
"9789"	"ENSG00000246575"	1.55196844886613
"9790"	"ENSG00000246582"	1.63953478718249
"9791"	"ENSG00000246627"	1.32331235995065
"9792"	"ENSG00000246790"	1.22044840155522
"9793"	"ENSG00000246792"	2.29088480979664
"9794"	"ENSG00000246851"	2.56893623700302
"9795"	"ENSG00000246877"	1.69320969396047
"9796"	"ENSG00000246898"	1.17764123251863
"9797"	"ENSG00000246982"	1.03816233121784
"9798"	"ENSG00000246985"	2.18225239196121
"9799"	"ENSG00000247011"	2.30375159532728
"9800"	"ENSG00000247077"	1.62061698463084
"9801"	"ENSG00000247081"	1.78146935031346
"9802"	"ENSG00000247157"	1.68074730467227
"9803"	"ENSG00000247199"	1.01101309044345
"9804"	"ENSG00000247271"	1.03890629181303
"9805"	"ENSG00000247324"	3.35879383175804
"9806"	"ENSG00000247400"	1.0534203743579
"9807"	"ENSG00000247473"	2.32795085388615
"9808"	"ENSG00000247626"	1.37402292892653
"9809"	"ENSG00000247627"	2.69531377403975
"9810"	"ENSG00000247728"	2.79663110526928
"9811"	"ENSG00000247735"	2.19370030917985
"9812"	"ENSG00000247774"	1.71031461548714
"9813"	"ENSG00000247809"	2.59928133115916
"9814"	"ENSG00000247853"	2.04517305564883
"9815"	"ENSG00000247903"	4.15286175773786
"9816"	"ENSG00000247970"	1.44209855665208
"9817"	"ENSG00000247982"	1.96295309841307
"9818"	"ENSG00000248008"	2.12500245809704
"9819"	"ENSG00000248015"	4.7383399156674
"9820"	"ENSG00000248019"	2.23523698440634
"9821"	"ENSG00000248049"	1.15336474997326
"9822"	"ENSG00000248050"	1.18435454905949
"9823"	"ENSG00000248098"	7.80613475439308
"9824"	"ENSG00000248103"	1.45455195346967
"9825"	"ENSG00000248115"	1.95286856702353
"9826"	"ENSG00000248121"	4.48402809497987
"9827"	"ENSG00000248124"	3.64670131264453
"9828"	"ENSG00000248144"	2.67574880776853
"9829"	"ENSG00000248174"	3.01344643928456
"9830"	"ENSG00000248180"	1.41510235463776
"9831"	"ENSG00000248187"	2.29143903280225
"9832"	"ENSG00000248196"	1.68019401434051
"9833"	"ENSG00000248213"	1.54593035437434
"9834"	"ENSG00000248243"	2.42250776041148
"9835"	"ENSG00000248254"	1.65171937130726
"9836"	"ENSG00000248265"	1.09307207240016
"9837"	"ENSG00000248275"	1.32106342737446
"9838"	"ENSG00000248278"	3.47696292746696
"9839"	"ENSG00000248309"	2.59421121499911
"9840"	"ENSG00000248323"	2.32138591667139
"9841"	"ENSG00000248329"	1.37916448306424
"9842"	"ENSG00000248334"	3.26726837104137
"9843"	"ENSG00000248356"	1.50298092205262
"9844"	"ENSG00000248360"	1.57024938187095
"9845"	"ENSG00000248367"	1.31637154467299
"9846"	"ENSG00000248383"	1.78228942388566
"9847"	"ENSG00000248406"	8.94816406267809
"9848"	"ENSG00000248408"	5.00539918817608
"9849"	"ENSG00000248441"	3.07544956270248
"9850"	"ENSG00000248445"	3.09212164181133
"9851"	"ENSG00000248464"	3.85546087269504
"9852"	"ENSG00000248483"	1.36905730898886
"9853"	"ENSG00000248485"	2.66243482731261
"9854"	"ENSG00000248487"	1.74170020445809
"9855"	"ENSG00000248491"	1.95510535497981
"9856"	"ENSG00000248494"	1.4210862348277
"9857"	"ENSG00000248503"	1.20299558534878
"9858"	"ENSG00000248514"	2.78917985820082
"9859"	"ENSG00000248517"	2.45528242821291
"9860"	"ENSG00000248527"	1.36836593712534
"9861"	"ENSG00000248538"	4.26798850037115
"9862"	"ENSG00000248540"	1.02651567474541
"9863"	"ENSG00000248544"	1.03187305021159
"9864"	"ENSG00000248559"	1.56969976198
"9865"	"ENSG00000248568"	4.65036776851357
"9866"	"ENSG00000248569"	2.98840526680452
"9867"	"ENSG00000248576"	2.04113654792692
"9868"	"ENSG00000248583"	3.30008664673122
"9869"	"ENSG00000248587"	3.11098084698648
"9870"	"ENSG00000248663"	2.84615215669462
"9871"	"ENSG00000248668"	2.32162996781433
"9872"	"ENSG00000248671"	3.09927983158216
"9873"	"ENSG00000248690"	1.14142268390325
"9874"	"ENSG00000248698"	1.94469590078345
"9875"	"ENSG00000248714"	2.252405736001
"9876"	"ENSG00000248727"	2.68002417915664
"9877"	"ENSG00000248734"	1.53210258813013
"9878"	"ENSG00000248771"	3.60795993002115
"9879"	"ENSG00000248778"	10.8106709837379
"9880"	"ENSG00000248787"	1.23053519862782
"9881"	"ENSG00000248801"	2.65566073296816
"9882"	"ENSG00000248810"	3.7867851011989
"9883"	"ENSG00000248840"	1.1393594562671
"9884"	"ENSG00000248858"	1.14457773640613
"9885"	"ENSG00000248869"	2.29899623586666
"9886"	"ENSG00000248874"	2.31990868968851
"9887"	"ENSG00000248885"	3.4095300762482
"9888"	"ENSG00000248890"	2.15930865662178
"9889"	"ENSG00000248927"	1.43013587340232
"9890"	"ENSG00000248932"	2.86557855613999
"9891"	"ENSG00000248936"	2.12154943314347
"9892"	"ENSG00000248971"	1.04790375003059
"9893"	"ENSG00000248980"	5.31928129118063
"9894"	"ENSG00000248988"	1.61048586159147
"9895"	"ENSG00000248994"	1.12715366294248
"9896"	"ENSG00000249006"	1.3744537635175
"9897"	"ENSG00000249007"	2.93464439933221
"9898"	"ENSG00000249087"	2.45646254298549
"9899"	"ENSG00000249096"	1.72668373239528
"9900"	"ENSG00000249116"	2.83843769544698
"9901"	"ENSG00000249129"	1.13470574503401
"9902"	"ENSG00000249158"	2.64248432760741
"9903"	"ENSG00000249173"	2.65209885139581
"9904"	"ENSG00000249175"	3.41023674018668
"9905"	"ENSG00000249180"	4.46912290214278
"9906"	"ENSG00000249193"	4.2055884367692
"9907"	"ENSG00000249201"	4.81770688692179
"9908"	"ENSG00000249207"	1.3359433156801
"9909"	"ENSG00000249212"	1.33087832571451
"9910"	"ENSG00000249244"	1.65707637849167
"9911"	"ENSG00000249252"	2.22382808702013
"9912"	"ENSG00000249258"	4.42272225435665
"9913"	"ENSG00000249263"	1.82701064562376
"9914"	"ENSG00000249264"	1.99762575575112
"9915"	"ENSG00000249274"	1.42234274541125
"9916"	"ENSG00000249306"	1.32520873735539
"9917"	"ENSG00000249307"	1.44443448073435
"9918"	"ENSG00000249341"	1.41755031766482
"9919"	"ENSG00000249346"	2.73377474541188
"9920"	"ENSG00000249352"	1.02319028487654
"9921"	"ENSG00000249363"	2.20359265101044
"9922"	"ENSG00000249364"	2.10390311902023
"9923"	"ENSG00000249412"	2.15683284260283
"9924"	"ENSG00000249436"	2.36390958186443
"9925"	"ENSG00000249451"	1.63128138175349
"9926"	"ENSG00000249476"	2.59589443368935
"9927"	"ENSG00000249485"	1.4783898476342
"9928"	"ENSG00000249487"	2.55474547708058
"9929"	"ENSG00000249492"	2.11962036468569
"9930"	"ENSG00000249572"	1.14065173215348
"9931"	"ENSG00000249602"	2.91610439333051
"9932"	"ENSG00000249604"	2.69535648205858
"9933"	"ENSG00000249637"	1.47262823197264
"9934"	"ENSG00000249641"	2.86255286585751
"9935"	"ENSG00000249646"	3.0548860019514
"9936"	"ENSG00000249669"	4.94223038253096
"9937"	"ENSG00000249679"	1.15184797757856
"9938"	"ENSG00000249684"	2.36240607912819
"9939"	"ENSG00000249685"	1.53720450475613
"9940"	"ENSG00000249695"	3.35510544222109
"9941"	"ENSG00000249700"	1.61817252700982
"9942"	"ENSG00000249709"	5.74270509313276
"9943"	"ENSG00000249715"	2.69103907937317
"9944"	"ENSG00000249717"	1.82442879574887
"9945"	"ENSG00000249736"	2.74161636494704
"9946"	"ENSG00000249741"	2.48066963021567
"9947"	"ENSG00000249743"	2.25118746224536
"9948"	"ENSG00000249751"	5.75791102117867
"9949"	"ENSG00000249755"	1.49156153237974
"9950"	"ENSG00000249767"	1.50452083770254
"9951"	"ENSG00000249790"	2.10023416780882
"9952"	"ENSG00000249797"	4.3304318361066
"9953"	"ENSG00000249816"	1.75025507498227
"9954"	"ENSG00000249839"	2.36943333962573
"9955"	"ENSG00000249863"	1.24472366155502
"9956"	"ENSG00000249898"	1.76084419136756
"9957"	"ENSG00000249899"	1.23583230205597
"9958"	"ENSG00000249906"	2.35877257074035
"9959"	"ENSG00000249908"	5.5625053740051
"9960"	"ENSG00000249915"	3.22854585231575
"9961"	"ENSG00000249917"	2.86655561998271
"9962"	"ENSG00000249923"	1.91048135783356
"9963"	"ENSG00000249931"	2.46464043860812
"9964"	"ENSG00000249936"	1.88642886587312
"9965"	"ENSG00000249948"	1.14040929623156
"9966"	"ENSG00000249978"	2.16119063865414
"9967"	"ENSG00000249992"	2.04514210466167
"9968"	"ENSG00000250012"	3.06962921283092
"9969"	"ENSG00000250031"	1.46313912528325
"9970"	"ENSG00000250041"	3.16392391159678
"9971"	"ENSG00000250056"	3.5042615027699
"9972"	"ENSG00000250067"	2.35871253566103
"9973"	"ENSG00000250069"	3.12070362997563
"9974"	"ENSG00000250072"	2.97985676812325
"9975"	"ENSG00000250073"	2.08844606497004
"9976"	"ENSG00000250075"	1.31047851996148
"9977"	"ENSG00000250116"	2.73957274869912
"9978"	"ENSG00000250120"	1.03345659710093
"9979"	"ENSG00000250133"	3.81848610330559
"9980"	"ENSG00000250138"	2.66506655569605
"9981"	"ENSG00000250155"	1.6949322519654
"9982"	"ENSG00000250167"	4.8214143183537
"9983"	"ENSG00000250182"	1.48904110302302
"9984"	"ENSG00000250208"	1.56906385067304
"9985"	"ENSG00000250237"	1.0750781646461
"9986"	"ENSG00000250251"	4.16800750063166
"9987"	"ENSG00000250254"	1.82498021725617
"9988"	"ENSG00000250266"	1.81599622238692
"9989"	"ENSG00000250280"	3.23475358403722
"9990"	"ENSG00000250282"	1.93636471497583
"9991"	"ENSG00000250295"	1.49764689441983
"9992"	"ENSG00000250299"	3.55684952329186
"9993"	"ENSG00000250303"	2.03362485580926
"9994"	"ENSG00000250305"	2.53577456873844
"9995"	"ENSG00000250320"	1.85086444851843
"9996"	"ENSG00000250327"	1.69937366784323
"9997"	"ENSG00000250328"	3.09443722103418
"9998"	"ENSG00000250329"	2.00820628719717
"9999"	"ENSG00000250334"	3.52051635520839
"10000"	"ENSG00000250337"	1.2570038981975
"10001"	"ENSG00000250343"	3.08162226228306
"10002"	"ENSG00000250366"	1.71836876028124
"10003"	"ENSG00000250397"	2.38766518637093
"10004"	"ENSG00000250412"	1.26888653269056
"10005"	"ENSG00000250423"	1.17199026527511
"10006"	"ENSG00000250433"	2.99838136931167
"10007"	"ENSG00000250462"	1.26331544511866
"10008"	"ENSG00000250470"	6.03747895654495
"10009"	"ENSG00000250482"	5.5417610201726
"10010"	"ENSG00000250490"	2.59306720042248
"10011"	"ENSG00000250506"	6.76992927555126
"10012"	"ENSG00000250508"	2.95302683062117
"10013"	"ENSG00000250510"	1.3482023925632
"10014"	"ENSG00000250519"	5.6219117671947
"10015"	"ENSG00000250538"	5.49157055902127
"10016"	"ENSG00000250571"	1.37524091337988
"10017"	"ENSG00000250602"	1.1602007876128
"10018"	"ENSG00000250608"	1.18502846705171
"10019"	"ENSG00000250651"	2.29359637505758
"10020"	"ENSG00000250654"	1.91927305751904
"10021"	"ENSG00000250658"	1.70685258470505
"10022"	"ENSG00000250669"	2.08256792166349
"10023"	"ENSG00000250673"	2.72817400121235
"10024"	"ENSG00000250685"	4.01051641395732
"10025"	"ENSG00000250764"	1.00183528527837
"10026"	"ENSG00000250802"	1.83930514081101
"10027"	"ENSG00000250853"	4.40238421850985
"10028"	"ENSG00000250859"	2.61476462961085
"10029"	"ENSG00000250860"	2.41152413821438
"10030"	"ENSG00000250878"	1.15326550772607
"10031"	"ENSG00000250882"	1.99649759628443
"10032"	"ENSG00000250891"	1.99014869257367
"10033"	"ENSG00000250892"	3.53713141288869
"10034"	"ENSG00000250900"	1.1881342519891
"10035"	"ENSG00000250906"	2.17702531160575
"10036"	"ENSG00000250934"	4.41687120666777
"10037"	"ENSG00000250966"	2.18716562606347
"10038"	"ENSG00000250971"	2.40217198117986
"10039"	"ENSG00000250982"	5.67531910649325
"10040"	"ENSG00000250988"	2.78032703799715
"10041"	"ENSG00000250999"	1.11007715755441
"10042"	"ENSG00000251000"	1.279213279681
"10043"	"ENSG00000251002"	3.4237076625381
"10044"	"ENSG00000251008"	2.85304334425381
"10045"	"ENSG00000251023"	1.6781314799562
"10046"	"ENSG00000251034"	1.66885763160102
"10047"	"ENSG00000251039"	4.6318279964499
"10048"	"ENSG00000251056"	2.88376480601918
"10049"	"ENSG00000251079"	3.99812686285084
"10050"	"ENSG00000251095"	1.98479482305141
"10051"	"ENSG00000251143"	2.55711800445493
"10052"	"ENSG00000251151"	5.89359767653072
"10053"	"ENSG00000251152"	2.29731315433122
"10054"	"ENSG00000251161"	1.53937391441221
"10055"	"ENSG00000251179"	1.59262104292117
"10056"	"ENSG00000251187"	2.20906820788801
"10057"	"ENSG00000251189"	1.66472446398378
"10058"	"ENSG00000251194"	1.20396380107272
"10059"	"ENSG00000251209"	1.11090519950009
"10060"	"ENSG00000251211"	3.98983559257057
"10061"	"ENSG00000251229"	1.76804348264284
"10062"	"ENSG00000251230"	1.30205773230507
"10063"	"ENSG00000251247"	1.34735303021438
"10064"	"ENSG00000251257"	4.45076268231848
"10065"	"ENSG00000251287"	1.13106808499044
"10066"	"ENSG00000251301"	1.32171394599437
"10067"	"ENSG00000251307"	1.34211875578776
"10068"	"ENSG00000251322"	4.120443210874
"10069"	"ENSG00000251323"	2.26796610531635
"10070"	"ENSG00000251325"	3.80348756836444
"10071"	"ENSG00000251333"	1.04709934193028
"10072"	"ENSG00000251348"	2.9857724803467
"10073"	"ENSG00000251365"	6.76910393292574
"10074"	"ENSG00000251399"	4.49287236663162
"10075"	"ENSG00000251402"	1.7734842407885
"10076"	"ENSG00000251405"	1.28059882550357
"10077"	"ENSG00000251429"	1.52057938380098
"10078"	"ENSG00000251441"	1.04244386765137
"10079"	"ENSG00000251442"	3.4776005384291
"10080"	"ENSG00000251451"	6.24538647567371
"10081"	"ENSG00000251455"	2.11621307797436
"10082"	"ENSG00000251468"	1.66861920711102
"10083"	"ENSG00000251474"	1.32193442547324
"10084"	"ENSG00000251495"	2.60780252934213
"10085"	"ENSG00000251546"	3.52229934176996
"10086"	"ENSG00000251562"	2.35410721564603
"10087"	"ENSG00000251576"	1.1482165313146
"10088"	"ENSG00000251595"	1.43185026427028
"10089"	"ENSG00000251602"	1.49490610118368
"10090"	"ENSG00000251611"	2.74084293035374
"10091"	"ENSG00000251632"	2.53486259859942
"10092"	"ENSG00000251634"	1.60986550052684
"10093"	"ENSG00000251637"	2.21950594074471
"10094"	"ENSG00000251639"	1.22626787124301
"10095"	"ENSG00000251661"	1.5390517486349
"10096"	"ENSG00000251664"	1.93103408209968
"10097"	"ENSG00000251666"	1.20388643472334
"10098"	"ENSG00000251667"	1.04606885967337
"10099"	"ENSG00000251867"	1.6821433488426
"10100"	"ENSG00000252311"	1.17148962907051
"10101"	"ENSG00000252355"	2.74555087248979
"10102"	"ENSG00000252464"	1.32791816513399
"10103"	"ENSG00000252481"	7.10398770522742
"10104"	"ENSG00000252621"	1.92387900280537
"10105"	"ENSG00000252699"	5.62189043216123
"10106"	"ENSG00000253047"	1.86076385907651
"10107"	"ENSG00000253102"	3.26539465728675
"10108"	"ENSG00000253120"	3.36275304032674
"10109"	"ENSG00000253125"	3.65993603910056
"10110"	"ENSG00000253132"	4.37301654893365
"10111"	"ENSG00000253154"	5.22660107591418
"10112"	"ENSG00000253161"	1.16289413945131
"10113"	"ENSG00000253163"	2.64110110198547
"10114"	"ENSG00000253187"	1.7897313209428
"10115"	"ENSG00000253200"	3.40989454980477
"10116"	"ENSG00000253203"	2.65739333121026
"10117"	"ENSG00000253210"	1.93847036837716
"10118"	"ENSG00000253217"	1.97049844564965
"10119"	"ENSG00000253230"	5.50924595109496
"10120"	"ENSG00000253234"	3.29958017403501
"10121"	"ENSG00000253250"	3.51925269587599
"10122"	"ENSG00000253274"	1.79423181850438
"10123"	"ENSG00000253301"	2.78551638966248
"10124"	"ENSG00000253302"	2.34737133758022
"10125"	"ENSG00000253304"	1.88614018713491
"10126"	"ENSG00000253305"	1.34980848119366
"10127"	"ENSG00000253327"	2.28750435204001
"10128"	"ENSG00000253341"	1.0710015099766
"10129"	"ENSG00000253361"	3.86166952652411
"10130"	"ENSG00000253368"	1.04795704281314
"10131"	"ENSG00000253369"	2.11633418181163
"10132"	"ENSG00000253389"	4.54749147217428
"10133"	"ENSG00000253395"	3.35940432880604
"10134"	"ENSG00000253404"	1.11600175014207
"10135"	"ENSG00000253406"	5.1976459088839
"10136"	"ENSG00000253428"	3.07853470366532
"10137"	"ENSG00000253434"	4.73328008374779
"10138"	"ENSG00000253438"	3.19561018978012
"10139"	"ENSG00000253439"	1.9773054426043
"10140"	"ENSG00000253451"	7.28713419259416
"10141"	"ENSG00000253476"	2.13743710154018
"10142"	"ENSG00000253490"	2.46041971049573
"10143"	"ENSG00000253509"	3.47161581889796
"10144"	"ENSG00000253545"	2.05527591654399
"10145"	"ENSG00000253549"	1.37058897796336
"10146"	"ENSG00000253552"	2.19639459622475
"10147"	"ENSG00000253558"	1.74165875855246
"10148"	"ENSG00000253582"	2.09008679676349
"10149"	"ENSG00000253605"	4.32516988869136
"10150"	"ENSG00000253618"	2.23073694403513
"10151"	"ENSG00000253632"	1.19446736160093
"10152"	"ENSG00000253647"	2.71863604985404
"10153"	"ENSG00000253660"	2.96896968136969
"10154"	"ENSG00000253667"	1.8088171780109
"10155"	"ENSG00000253669"	1.0957197728456
"10156"	"ENSG00000253671"	2.03744215213344
"10157"	"ENSG00000253678"	3.65409815652818
"10158"	"ENSG00000253683"	1.7911669786617
"10159"	"ENSG00000253688"	2.48702226585144
"10160"	"ENSG00000253708"	2.24159223217294
"10161"	"ENSG00000253709"	1.80759884323038
"10162"	"ENSG00000253719"	1.46702474468031
"10163"	"ENSG00000253729"	1.60675296298552
"10164"	"ENSG00000253741"	1.52209449608009
"10165"	"ENSG00000253746"	1.78154576873975
"10166"	"ENSG00000253755"	6.09241244958721
"10167"	"ENSG00000253763"	2.20459918420828
"10168"	"ENSG00000253764"	2.44636662782
"10169"	"ENSG00000253767"	1.18055717465089
"10170"	"ENSG00000253773"	3.17501239648615
"10171"	"ENSG00000253775"	3.69947391395255
"10172"	"ENSG00000253785"	1.32466732507909
"10173"	"ENSG00000253797"	13.3055845033787
"10174"	"ENSG00000253813"	3.33170007884171
"10175"	"ENSG00000253816"	2.82173496630085
"10176"	"ENSG00000253818"	2.36111693204847
"10177"	"ENSG00000253829"	3.10573635131895
"10178"	"ENSG00000253831"	2.99236980311357
"10179"	"ENSG00000253837"	1.16630538100573
"10180"	"ENSG00000253853"	1.09429952729229
"10181"	"ENSG00000253882"	1.7986963892498
"10182"	"ENSG00000253883"	1.26472882426688
"10183"	"ENSG00000253919"	2.20722768923585
"10184"	"ENSG00000253936"	2.34697034346938
"10185"	"ENSG00000253954"	1.87959549930023
"10186"	"ENSG00000253957"	1.68465223604859
"10187"	"ENSG00000253972"	1.5942973479818
"10188"	"ENSG00000253978"	1.08640288421844
"10189"	"ENSG00000253998"	3.13368105705056
"10190"	"ENSG00000254004"	1.66632340207826
"10191"	"ENSG00000254017"	1.264861039709
"10192"	"ENSG00000254024"	2.99835240306358
"10193"	"ENSG00000254027"	1.73252016310814
"10194"	"ENSG00000254038"	2.62312400561213
"10195"	"ENSG00000254041"	2.43676455882085
"10196"	"ENSG00000254042"	2.84624627807958
"10197"	"ENSG00000254056"	2.92499317138231
"10198"	"ENSG00000254080"	1.82138556964826
"10199"	"ENSG00000254093"	1.09003159823887
"10200"	"ENSG00000254102"	2.00961209097598
"10201"	"ENSG00000254109"	2.86056184217664
"10202"	"ENSG00000254122"	1.3686253317916
"10203"	"ENSG00000254135"	4.90276269905754
"10204"	"ENSG00000254139"	3.1618368292681
"10205"	"ENSG00000254153"	2.47543526192818
"10206"	"ENSG00000254165"	1.41253499841181
"10207"	"ENSG00000254174"	3.10733130670963
"10208"	"ENSG00000254192"	1.87601467937842
"10209"	"ENSG00000254198"	7.27128456547273
"10210"	"ENSG00000254206"	2.49928390486469
"10211"	"ENSG00000254211"	4.18547782439199
"10212"	"ENSG00000254221"	1.82433409605204
"10213"	"ENSG00000254226"	1.96626460453161
"10214"	"ENSG00000254231"	1.50165714694251
"10215"	"ENSG00000254245"	1.12661820412326
"10216"	"ENSG00000254272"	1.42120074351247
"10217"	"ENSG00000254285"	3.62493353061902
"10218"	"ENSG00000254288"	1.21751082086251
"10219"	"ENSG00000254290"	1.20551836533893
"10220"	"ENSG00000254332"	2.42697744526851
"10221"	"ENSG00000254333"	1.11728198077511
"10222"	"ENSG00000254340"	1.36789533906399
"10223"	"ENSG00000254341"	7.86217147879093
"10224"	"ENSG00000254343"	1.12208584851604
"10225"	"ENSG00000254349"	1.5340712670616
"10226"	"ENSG00000254352"	1.10567477420253
"10227"	"ENSG00000254366"	1.95860955118058
"10228"	"ENSG00000254369"	1.28157242577422
"10229"	"ENSG00000254389"	3.31649277435184
"10230"	"ENSG00000254395"	2.8306352917836
"10231"	"ENSG00000254397"	1.31098150614269
"10232"	"ENSG00000254398"	3.4833717094733
"10233"	"ENSG00000254419"	1.04515093690301
"10234"	"ENSG00000254428"	1.65152109263932
"10235"	"ENSG00000254459"	1.53883028238505
"10236"	"ENSG00000254461"	1.97237439233566
"10237"	"ENSG00000254473"	1.23438802409646
"10238"	"ENSG00000254480"	1.01112560507358
"10239"	"ENSG00000254481"	1.84552973103397
"10240"	"ENSG00000254483"	6.0848912979579
"10241"	"ENSG00000254489"	3.0079801028979
"10242"	"ENSG00000254505"	5.95734797928696
"10243"	"ENSG00000254506"	1.80017561303292
"10244"	"ENSG00000254510"	1.35386763334848
"10245"	"ENSG00000254521"	1.30911040088789
"10246"	"ENSG00000254527"	2.68654442533856
"10247"	"ENSG00000254528"	1.8151093245999
"10248"	"ENSG00000254551"	1.97884075898578
"10249"	"ENSG00000254558"	2.45208304497125
"10250"	"ENSG00000254598"	1.00262905699349
"10251"	"ENSG00000254602"	2.28026111030093
"10252"	"ENSG00000254605"	2.76524294260977
"10253"	"ENSG00000254612"	2.89581596266503
"10254"	"ENSG00000254632"	1.41469520931695
"10255"	"ENSG00000254633"	9.34597278064099
"10256"	"ENSG00000254634"	2.75709627470224
"10257"	"ENSG00000254641"	5.95772200209656
"10258"	"ENSG00000254647"	5.46127618637159
"10259"	"ENSG00000254656"	4.71323057543023
"10260"	"ENSG00000254675"	2.58220287797875
"10261"	"ENSG00000254676"	2.31874690211164
"10262"	"ENSG00000254681"	3.39438297959257
"10263"	"ENSG00000254694"	1.36704079680116
"10264"	"ENSG00000254701"	4.89036292041395
"10265"	"ENSG00000254703"	2.49918599763947
"10266"	"ENSG00000254718"	1.25444205621061
"10267"	"ENSG00000254726"	4.40686842877954
"10268"	"ENSG00000254731"	1.08675005667256
"10269"	"ENSG00000254765"	5.58781303927364
"10270"	"ENSG00000254772"	18.7558209995009
"10271"	"ENSG00000254786"	3.1144994230781
"10272"	"ENSG00000254815"	3.51315528555635
"10273"	"ENSG00000254826"	3.62068649419204
"10274"	"ENSG00000254847"	2.49975834440005
"10275"	"ENSG00000254852"	3.06230404377747
"10276"	"ENSG00000254854"	3.28844297452262
"10277"	"ENSG00000254855"	4.67766487205026
"10278"	"ENSG00000254859"	4.43259562387419
"10279"	"ENSG00000254862"	2.56245868748141
"10280"	"ENSG00000254864"	2.08709787683421
"10281"	"ENSG00000254866"	2.385446943392
"10282"	"ENSG00000254877"	2.78154268688719
"10283"	"ENSG00000254901"	1.21112141224801
"10284"	"ENSG00000254909"	1.20559510081702
"10285"	"ENSG00000254910"	1.49567993995754
"10286"	"ENSG00000254911"	3.48607457309965
"10287"	"ENSG00000254912"	2.52758402541104
"10288"	"ENSG00000254933"	3.29310349929251
"10289"	"ENSG00000254936"	1.39575117573912
"10290"	"ENSG00000254941"	7.49695969166245
"10291"	"ENSG00000254943"	8.12178807955662
"10292"	"ENSG00000254944"	7.7040019718222
"10293"	"ENSG00000254951"	4.33815614245838
"10294"	"ENSG00000254965"	1.43461340284636
"10295"	"ENSG00000254973"	3.12522105494743
"10296"	"ENSG00000254974"	1.19498484406743
"10297"	"ENSG00000254978"	2.37401757018278
"10298"	"ENSG00000254986"	1.94180804790912
"10299"	"ENSG00000254990"	2.10482952131056
"10300"	"ENSG00000255021"	3.51168183333556
"10301"	"ENSG00000255026"	2.15773718873908
"10302"	"ENSG00000255031"	1.25353898028888
"10303"	"ENSG00000255038"	2.46407388156254
"10304"	"ENSG00000255042"	1.04908864889705
"10305"	"ENSG00000255045"	1.71749832597297
"10306"	"ENSG00000255050"	2.95256453543543
"10307"	"ENSG00000255062"	3.15144333014823
"10308"	"ENSG00000255084"	1.68000122010825
"10309"	"ENSG00000255108"	1.62672325548548
"10310"	"ENSG00000255122"	1.23777959024926
"10311"	"ENSG00000255129"	1.60773908108875
"10312"	"ENSG00000255139"	1.39363657207815
"10313"	"ENSG00000255145"	1.5991756499475
"10314"	"ENSG00000255151"	3.26551093156144
"10315"	"ENSG00000255165"	1.48328327484367
"10316"	"ENSG00000255176"	3.40573302200293
"10317"	"ENSG00000255182"	1.31624358131079
"10318"	"ENSG00000255185"	7.98047573422599
"10319"	"ENSG00000255189"	3.99675205941471
"10320"	"ENSG00000255191"	2.27218585842087
"10321"	"ENSG00000255197"	1.53594720773104
"10322"	"ENSG00000255198"	1.11492659841715
"10323"	"ENSG00000255201"	9.86020902223379
"10324"	"ENSG00000255203"	3.82014560877249
"10325"	"ENSG00000255216"	2.60578209596992
"10326"	"ENSG00000255224"	1.45453256763741
"10327"	"ENSG00000255234"	1.83616872504228
"10328"	"ENSG00000255237"	1.70801023675252
"10329"	"ENSG00000255240"	3.71260604537031
"10330"	"ENSG00000255248"	2.186545040781
"10331"	"ENSG00000255277"	1.17238145274363
"10332"	"ENSG00000255303"	2.29169608779173
"10333"	"ENSG00000255320"	1.23773210786955
"10334"	"ENSG00000255328"	2.91906881726623
"10335"	"ENSG00000255337"	1.30878834482718
"10336"	"ENSG00000255363"	3.41899643128053
"10337"	"ENSG00000255366"	1.10631688436985
"10338"	"ENSG00000255367"	1.97005353525409
"10339"	"ENSG00000255389"	2.45654471183365
"10340"	"ENSG00000255399"	1.04506145347376
"10341"	"ENSG00000255418"	1.14067849447264
"10342"	"ENSG00000255422"	2.84869249786064
"10343"	"ENSG00000255423"	2.17053423606407
"10344"	"ENSG00000255438"	1.64455118255817
"10345"	"ENSG00000255443"	1.35190444015074
"10346"	"ENSG00000255445"	1.59904403035912
"10347"	"ENSG00000255455"	12.8196179414957
"10348"	"ENSG00000255471"	2.10073782091424
"10349"	"ENSG00000255479"	4.32184145823306
"10350"	"ENSG00000255491"	4.34106286621661
"10351"	"ENSG00000255495"	2.10850633340147
"10352"	"ENSG00000255504"	2.90172500361404
"10353"	"ENSG00000255513"	9.82549686130198
"10354"	"ENSG00000255521"	1.07488983139946
"10355"	"ENSG00000255545"	1.4237588664306
"10356"	"ENSG00000255548"	3.17633110785855
"10357"	"ENSG00000255566"	1.43370737966375
"10358"	"ENSG00000255568"	1.00837030757112
"10359"	"ENSG00000255571"	2.50097590459813
"10360"	"ENSG00000255585"	2.67730796620554
"10361"	"ENSG00000255587"	2.56141518274989
"10362"	"ENSG00000255595"	5.85390718109107
"10363"	"ENSG00000255624"	3.54135297205571
"10364"	"ENSG00000255648"	3.64757337268606
"10365"	"ENSG00000255670"	1.20618595061712
"10366"	"ENSG00000255690"	2.1316472443213
"10367"	"ENSG00000255693"	1.82836899165447
"10368"	"ENSG00000255710"	1.139538553734
"10369"	"ENSG00000255733"	2.85268114926842
"10370"	"ENSG00000255737"	1.67336162800915
"10371"	"ENSG00000255760"	1.98392607167361
"10372"	"ENSG00000255774"	5.75662567680102
"10373"	"ENSG00000255794"	3.96607407429619
"10374"	"ENSG00000255815"	3.68239496871087
"10375"	"ENSG00000255833"	4.11560370626166
"10376"	"ENSG00000255836"	3.49922878061415
"10377"	"ENSG00000255837"	2.2863781360496
"10378"	"ENSG00000255843"	1.6203815180561
"10379"	"ENSG00000255857"	1.10869079514872
"10380"	"ENSG00000255883"	1.2658546075944
"10381"	"ENSG00000255893"	1.40779537635159
"10382"	"ENSG00000255933"	2.39094784925368
"10383"	"ENSG00000255960"	1.23161022512848
"10384"	"ENSG00000255967"	1.472633914808
"10385"	"ENSG00000255968"	1.5278339523175
"10386"	"ENSG00000255974"	2.10956676609735
"10387"	"ENSG00000255980"	1.1073365690008
"10388"	"ENSG00000255986"	7.03758701078623
"10389"	"ENSG00000255992"	1.05647446706839
"10390"	"ENSG00000256001"	1.16593758745224
"10391"	"ENSG00000256039"	3.38167375332247
"10392"	"ENSG00000256056"	3.23251967350733
"10393"	"ENSG00000256061"	1.93641015081865
"10394"	"ENSG00000256069"	2.63805641190194
"10395"	"ENSG00000256092"	1.0792722274065
"10396"	"ENSG00000256116"	3.47487141664895
"10397"	"ENSG00000256124"	5.99676693600376
"10398"	"ENSG00000256195"	2.66663435245817
"10399"	"ENSG00000256223"	1.24210305226635
"10400"	"ENSG00000256229"	2.37480891346393
"10401"	"ENSG00000256234"	1.54235173893017
"10402"	"ENSG00000256235"	2.55661635221779
"10403"	"ENSG00000256238"	1.03666658150474
"10404"	"ENSG00000256249"	1.69457448527546
"10405"	"ENSG00000256250"	2.50414291064999
"10406"	"ENSG00000256269"	1.1186701144824
"10407"	"ENSG00000256271"	1.71127289560539
"10408"	"ENSG00000256274"	1.2772230578372
"10409"	"ENSG00000256278"	1.32710357414726
"10410"	"ENSG00000256361"	2.83854037633595
"10411"	"ENSG00000256393"	9.12816454564979
"10412"	"ENSG00000256417"	4.32149040269559
"10413"	"ENSG00000256427"	1.22080462689827
"10414"	"ENSG00000256433"	1.2137682515542
"10415"	"ENSG00000256436"	1.43280927085781
"10416"	"ENSG00000256464"	1.28971926333275
"10417"	"ENSG00000256508"	5.23010549430861
"10418"	"ENSG00000256537"	1.26685488693346
"10419"	"ENSG00000256564"	1.54022311995916
"10420"	"ENSG00000256588"	2.66605875402731
"10421"	"ENSG00000256594"	1.99160782681066
"10422"	"ENSG00000256609"	3.59682301718055
"10423"	"ENSG00000256612"	3.93554494880897
"10424"	"ENSG00000256618"	3.06769898603481
"10425"	"ENSG00000256650"	1.86754154954718
"10426"	"ENSG00000256651"	1.78972351537735
"10427"	"ENSG00000256654"	4.10452211664265
"10428"	"ENSG00000256660"	1.65527807892997
"10429"	"ENSG00000256663"	5.29923876648896
"10430"	"ENSG00000256667"	1.57401952978758
"10431"	"ENSG00000256671"	5.69224487161609
"10432"	"ENSG00000256673"	2.17434979271081
"10433"	"ENSG00000256678"	2.84866643140629
"10434"	"ENSG00000256683"	1.29170902448517
"10435"	"ENSG00000256713"	4.37612801299544
"10436"	"ENSG00000256751"	5.01665217921399
"10437"	"ENSG00000256771"	1.33858634621501
"10438"	"ENSG00000256862"	2.50520346816387
"10439"	"ENSG00000256870"	6.62520989386172
"10440"	"ENSG00000256894"	1.04214556240819
"10441"	"ENSG00000256898"	1.54164159334367
"10442"	"ENSG00000256916"	3.61676900987118
"10443"	"ENSG00000256944"	5.68246928436583
"10444"	"ENSG00000256948"	1.29662385524271
"10445"	"ENSG00000256955"	2.27399289783202
"10446"	"ENSG00000256967"	1.98827418304087
"10447"	"ENSG00000256968"	2.92400085608316
"10448"	"ENSG00000256973"	2.38365683731874
"10449"	"ENSG00000256984"	3.49571083884934
"10450"	"ENSG00000257008"	1.6069179822845
"10451"	"ENSG00000257017"	3.37482189237244
"10452"	"ENSG00000257027"	1.01753767179447
"10453"	"ENSG00000257038"	1.55742758668141
"10454"	"ENSG00000257052"	1.37154537773746
"10455"	"ENSG00000257084"	2.12325361732885
"10456"	"ENSG00000257150"	1.21532304512216
"10457"	"ENSG00000257167"	2.19058000725389
"10458"	"ENSG00000257194"	2.76295141944507
"10459"	"ENSG00000257219"	3.1850565659239
"10460"	"ENSG00000257261"	1.12412350808094
"10461"	"ENSG00000257279"	2.08076319690375
"10462"	"ENSG00000257298"	2.72268827928359
"10463"	"ENSG00000257303"	3.05544446004254
"10464"	"ENSG00000257335"	1.31399708405923
"10465"	"ENSG00000257336"	1.20526721244589
"10466"	"ENSG00000257337"	1.87916511134243
"10467"	"ENSG00000257354"	2.49533780985149
"10468"	"ENSG00000257365"	1.18967034498771
"10469"	"ENSG00000257398"	2.1617890252357
"10470"	"ENSG00000257431"	1.31648162747684
"10471"	"ENSG00000257433"	3.93891759463849
"10472"	"ENSG00000257438"	3.02527457477179
"10473"	"ENSG00000257475"	2.12954458972009
"10474"	"ENSG00000257489"	1.48202047355855
"10475"	"ENSG00000257509"	1.04831187022042
"10476"	"ENSG00000257511"	1.4756551757504
"10477"	"ENSG00000257512"	3.49500457285509
"10478"	"ENSG00000257543"	1.1689247294772
"10479"	"ENSG00000257551"	1.7319217805266
"10480"	"ENSG00000257556"	2.16122324139412
"10481"	"ENSG00000257588"	3.02910117666735
"10482"	"ENSG00000257591"	2.58271148734303
"10483"	"ENSG00000257594"	6.09722488857503
"10484"	"ENSG00000257595"	1.4433508490089
"10485"	"ENSG00000257599"	2.22860168505685
"10486"	"ENSG00000257605"	7.57937430718605
"10487"	"ENSG00000257621"	1.334431543661
"10488"	"ENSG00000257634"	3.299534535779
"10489"	"ENSG00000257647"	5.97893011336481
"10490"	"ENSG00000257660"	2.08104138086676
"10491"	"ENSG00000257671"	1.0709386842403
"10492"	"ENSG00000257681"	1.79356877349067
"10493"	"ENSG00000257696"	1.91327407028045
"10494"	"ENSG00000257704"	1.05306653837902
"10495"	"ENSG00000257727"	3.65849545463257
"10496"	"ENSG00000257743"	3.49409945410735
"10497"	"ENSG00000257752"	1.70372221597738
"10498"	"ENSG00000257763"	1.65813463591296
"10499"	"ENSG00000257802"	1.78722284863562
"10500"	"ENSG00000257808"	2.60502474069424
"10501"	"ENSG00000257829"	1.00079760107992
"10502"	"ENSG00000257878"	5.37678119373782
"10503"	"ENSG00000257940"	5.25574431204268
"10504"	"ENSG00000257941"	4.21257621764694
"10505"	"ENSG00000257949"	9.3400373875621
"10506"	"ENSG00000257951"	3.83552844959157
"10507"	"ENSG00000257989"	4.08880267120902
"10508"	"ENSG00000258044"	2.42285659183504
"10509"	"ENSG00000258072"	2.54317434193097
"10510"	"ENSG00000258086"	1.9626678177886
"10511"	"ENSG00000258100"	1.18661941389974
"10512"	"ENSG00000258130"	3.62843687384028
"10513"	"ENSG00000258137"	1.23554041685905
"10514"	"ENSG00000258168"	5.33877973995318
"10515"	"ENSG00000258169"	2.44019093725513
"10516"	"ENSG00000258179"	4.6325003190485
"10517"	"ENSG00000258199"	6.82881429638378
"10518"	"ENSG00000258227"	2.84949321910652
"10519"	"ENSG00000258230"	2.29662717670229
"10520"	"ENSG00000258249"	2.3148048941254
"10521"	"ENSG00000258260"	4.87946078770636
"10522"	"ENSG00000258274"	1.50959462055454
"10523"	"ENSG00000258279"	1.45855020906824
"10524"	"ENSG00000258301"	3.06289548217721
"10525"	"ENSG00000258302"	2.10478070939375
"10526"	"ENSG00000258315"	3.94208234373897
"10527"	"ENSG00000258317"	2.81318224188586
"10528"	"ENSG00000258352"	1.51427311595203
"10529"	"ENSG00000258365"	1.5989218574418
"10530"	"ENSG00000258366"	6.29338805340539
"10531"	"ENSG00000258376"	1.45025905260718
"10532"	"ENSG00000258414"	3.00748285875467
"10533"	"ENSG00000258424"	1.07084511088567
"10534"	"ENSG00000258427"	1.29312740196625
"10535"	"ENSG00000258429"	4.29777108673368
"10536"	"ENSG00000258443"	1.6888140849348
"10537"	"ENSG00000258457"	1.37699935146098
"10538"	"ENSG00000258458"	1.28746716196102
"10539"	"ENSG00000258472"	8.42693183187799
"10540"	"ENSG00000258476"	2.59465484417157
"10541"	"ENSG00000258498"	5.77197321256727
"10542"	"ENSG00000258515"	2.79814830743709
"10543"	"ENSG00000258524"	1.59533238803021
"10544"	"ENSG00000258526"	2.95309765935517
"10545"	"ENSG00000258534"	1.32582285204893
"10546"	"ENSG00000258545"	3.98104345338232
"10547"	"ENSG00000258548"	3.0199129418843
"10548"	"ENSG00000258559"	4.96387237046743
"10549"	"ENSG00000258571"	2.26647419314705
"10550"	"ENSG00000258572"	1.8897080914186
"10551"	"ENSG00000258581"	1.32224862455548
"10552"	"ENSG00000258604"	3.75330808239439
"10553"	"ENSG00000258616"	1.89685922002233
"10554"	"ENSG00000258630"	2.55413307580559
"10555"	"ENSG00000258640"	1.82369010672861
"10556"	"ENSG00000258646"	1.16797081341289
"10557"	"ENSG00000258647"	1.17971568342376
"10558"	"ENSG00000258659"	4.97707702895714
"10559"	"ENSG00000258661"	1.79261612997406
"10560"	"ENSG00000258666"	7.67709984987488
"10561"	"ENSG00000258667"	2.12483417856787
"10562"	"ENSG00000258673"	1.13611408945629
"10563"	"ENSG00000258675"	2.0111958215547
"10564"	"ENSG00000258695"	1.45720669135552
"10565"	"ENSG00000258701"	1.10044365277631
"10566"	"ENSG00000258702"	1.3551815526352
"10567"	"ENSG00000258713"	2.50066694667781
"10568"	"ENSG00000258727"	6.14205735627448
"10569"	"ENSG00000258732"	1.22275053366079
"10570"	"ENSG00000258734"	1.52341493458106
"10571"	"ENSG00000258744"	5.28098631162336
"10572"	"ENSG00000258745"	2.46108953175637
"10573"	"ENSG00000258748"	1.05900827105228
"10574"	"ENSG00000258769"	2.19712505197643
"10575"	"ENSG00000258774"	1.18790601487654
"10576"	"ENSG00000258789"	1.56253407198709
"10577"	"ENSG00000258806"	2.27840741236189
"10578"	"ENSG00000258810"	2.10858057582871
"10579"	"ENSG00000258811"	1.33208367345464
"10580"	"ENSG00000258818"	7.65836466909539
"10581"	"ENSG00000258819"	2.06985617211479
"10582"	"ENSG00000258831"	3.39997482118486
"10583"	"ENSG00000258837"	4.76245350306868
"10584"	"ENSG00000258839"	2.161571763902
"10585"	"ENSG00000258851"	1.64778809906778
"10586"	"ENSG00000258867"	1.66468188235043
"10587"	"ENSG00000258876"	2.45610162780007
"10588"	"ENSG00000258884"	5.42659855703724
"10589"	"ENSG00000258891"	2.25650794386907
"10590"	"ENSG00000258900"	7.95979750090209
"10591"	"ENSG00000258908"	6.0746208025106
"10592"	"ENSG00000258910"	2.47211099470447
"10593"	"ENSG00000258917"	1.74187880731736
"10594"	"ENSG00000258919"	1.96987853354315
"10595"	"ENSG00000258926"	2.65010153948321
"10596"	"ENSG00000258942"	1.23794334749404
"10597"	"ENSG00000258944"	2.07201210918266
"10598"	"ENSG00000258947"	1.95295825728662
"10599"	"ENSG00000258951"	3.0329398307481
"10600"	"ENSG00000258952"	2.1427722163859
"10601"	"ENSG00000258955"	1.7160108547942
"10602"	"ENSG00000258959"	6.65457325040516
"10603"	"ENSG00000258967"	9.58362884361168
"10604"	"ENSG00000258983"	2.69482469903534
"10605"	"ENSG00000258986"	3.65146269278744
"10606"	"ENSG00000259005"	1.57122633387871
"10607"	"ENSG00000259020"	3.17869974640218
"10608"	"ENSG00000259031"	1.75656178974515
"10609"	"ENSG00000259033"	5.12630184802488
"10610"	"ENSG00000259038"	2.14641669606774
"10611"	"ENSG00000259048"	1.99309557442808
"10612"	"ENSG00000259070"	2.53147030239594
"10613"	"ENSG00000259081"	1.62872377880087
"10614"	"ENSG00000259087"	4.19228744605224
"10615"	"ENSG00000259091"	1.7233838355888
"10616"	"ENSG00000259118"	1.16287682762122
"10617"	"ENSG00000259120"	2.10419074961505
"10618"	"ENSG00000259134"	3.41635248666362
"10619"	"ENSG00000259146"	1.26842937907165
"10620"	"ENSG00000259151"	1.47044463317868
"10621"	"ENSG00000259153"	3.84150189678897
"10622"	"ENSG00000259158"	1.45207201080842
"10623"	"ENSG00000259165"	1.21016649260858
"10624"	"ENSG00000259172"	1.8811812729195
"10625"	"ENSG00000259188"	3.49108197266027
"10626"	"ENSG00000259207"	1.4168206305123
"10627"	"ENSG00000259211"	2.37644626987209
"10628"	"ENSG00000259222"	1.27312213798247
"10629"	"ENSG00000259225"	1.64641225841149
"10630"	"ENSG00000259236"	1.12856506680021
"10631"	"ENSG00000259248"	1.97379576074134
"10632"	"ENSG00000259271"	2.06033582575344
"10633"	"ENSG00000259275"	2.34167634278959
"10634"	"ENSG00000259287"	3.25498638365326
"10635"	"ENSG00000259295"	1.19833445092844
"10636"	"ENSG00000259308"	2.1709694390571
"10637"	"ENSG00000259314"	2.00837897309385
"10638"	"ENSG00000259318"	1.11723145525066
"10639"	"ENSG00000259319"	1.24551156025286
"10640"	"ENSG00000259321"	2.49199883682174
"10641"	"ENSG00000259322"	1.85826132267459
"10642"	"ENSG00000259326"	1.85405114440089
"10643"	"ENSG00000259335"	3.09123379679076
"10644"	"ENSG00000259337"	4.95611786262432
"10645"	"ENSG00000259343"	2.40845944137707
"10646"	"ENSG00000259345"	3.03286884115613
"10647"	"ENSG00000259347"	3.72607989138653
"10648"	"ENSG00000259349"	2.42278070396522
"10649"	"ENSG00000259351"	1.83540068145052
"10650"	"ENSG00000259353"	1.48126957782159
"10651"	"ENSG00000259354"	2.82922079363845
"10652"	"ENSG00000259359"	3.37289043424043
"10653"	"ENSG00000259362"	2.05874483162523
"10654"	"ENSG00000259378"	1.20707585674122
"10655"	"ENSG00000259384"	7.01960928075172
"10656"	"ENSG00000259397"	1.0798247121104
"10657"	"ENSG00000259407"	2.57641946713281
"10658"	"ENSG00000259408"	1.98564029468029
"10659"	"ENSG00000259416"	2.36016328028221
"10660"	"ENSG00000259420"	1.73209414297392
"10661"	"ENSG00000259426"	1.01104845700281
"10662"	"ENSG00000259430"	1.51127049396691
"10663"	"ENSG00000259439"	5.20989520522436
"10664"	"ENSG00000259441"	2.15577408131305
"10665"	"ENSG00000259442"	3.74225208843365
"10666"	"ENSG00000259446"	4.35280160030735
"10667"	"ENSG00000259448"	2.69607775543828
"10668"	"ENSG00000259459"	1.79886674640757
"10669"	"ENSG00000259462"	3.36363132961483
"10670"	"ENSG00000259475"	1.57092037975186
"10671"	"ENSG00000259479"	3.36978012349238
"10672"	"ENSG00000259488"	1.64638352293083
"10673"	"ENSG00000259494"	3.40167169049876
"10674"	"ENSG00000259495"	1.4945861573863
"10675"	"ENSG00000259498"	4.16623880887168
"10676"	"ENSG00000259511"	4.28792143501304
"10677"	"ENSG00000259515"	1.72476276567712
"10678"	"ENSG00000259520"	1.53369925534704
"10679"	"ENSG00000259539"	7.72939977642173
"10680"	"ENSG00000259544"	3.38706941866367
"10681"	"ENSG00000259556"	1.71803649700037
"10682"	"ENSG00000259562"	1.55213554641075
"10683"	"ENSG00000259570"	1.60521832390808
"10684"	"ENSG00000259577"	1.64437838754204
"10685"	"ENSG00000259583"	2.03572507673049
"10686"	"ENSG00000259604"	9.73840215893474
"10687"	"ENSG00000259614"	3.04754348171565
"10688"	"ENSG00000259616"	2.0208805521799
"10689"	"ENSG00000259623"	12.1946472384649
"10690"	"ENSG00000259635"	1.2557536635213
"10691"	"ENSG00000259644"	3.34053635611452
"10692"	"ENSG00000259649"	3.86818182729112
"10693"	"ENSG00000259657"	2.59875719424142
"10694"	"ENSG00000259658"	2.99504745282988
"10695"	"ENSG00000259660"	3.77064120477285
"10696"	"ENSG00000259668"	1.49517926950466
"10697"	"ENSG00000259675"	1.16542591837103
"10698"	"ENSG00000259680"	3.01692817415524
"10699"	"ENSG00000259683"	2.83970981549521
"10700"	"ENSG00000259687"	1.03465301173336
"10701"	"ENSG00000259704"	1.52806741014179
"10702"	"ENSG00000259709"	2.501904430081
"10703"	"ENSG00000259711"	1.8752588122048
"10704"	"ENSG00000259712"	1.97971681401392
"10705"	"ENSG00000259717"	2.04089830230889
"10706"	"ENSG00000259726"	5.18147299304409
"10707"	"ENSG00000259727"	4.17566780300462
"10708"	"ENSG00000259728"	1.61448318640312
"10709"	"ENSG00000259732"	1.08132875313475
"10710"	"ENSG00000259744"	4.71923894793511
"10711"	"ENSG00000259762"	1.80962350659296
"10712"	"ENSG00000259772"	1.22677701814222
"10713"	"ENSG00000259802"	2.10268937027573
"10714"	"ENSG00000259803"	2.0313040277573
"10715"	"ENSG00000259807"	1.81591133900975
"10716"	"ENSG00000259820"	2.69862675835749
"10717"	"ENSG00000259828"	1.65599247331678
"10718"	"ENSG00000259834"	2.24500405454456
"10719"	"ENSG00000259847"	1.84024526632413
"10720"	"ENSG00000259856"	1.52636524457844
"10721"	"ENSG00000259863"	1.7823638804004
"10722"	"ENSG00000259865"	1.10084246784178
"10723"	"ENSG00000259877"	1.09192179851279
"10724"	"ENSG00000259881"	2.5325162952567
"10725"	"ENSG00000259883"	1.32528796378592
"10726"	"ENSG00000259884"	2.35605432688643
"10727"	"ENSG00000259887"	1.66054938405407
"10728"	"ENSG00000259905"	3.12117918025376
"10729"	"ENSG00000259915"	1.37278605079953
"10730"	"ENSG00000259916"	5.83767214970387
"10731"	"ENSG00000259920"	1.26869506241244
"10732"	"ENSG00000259921"	2.97733974039692
"10733"	"ENSG00000259924"	1.64053487760392
"10734"	"ENSG00000259935"	1.23481117249569
"10735"	"ENSG00000259953"	1.05908250461007
"10736"	"ENSG00000259969"	1.23467409453666
"10737"	"ENSG00000259972"	1.32074074460391
"10738"	"ENSG00000260000"	1.42895456544224
"10739"	"ENSG00000260001"	1.29640084330955
"10740"	"ENSG00000260005"	1.95555467982026
"10741"	"ENSG00000260011"	1.08779059392598
"10742"	"ENSG00000260012"	1.95528278265385
"10743"	"ENSG00000260025"	1.0550189627659
"10744"	"ENSG00000260034"	1.81520705557134
"10745"	"ENSG00000260051"	2.95939674310337
"10746"	"ENSG00000260059"	1.36500133312341
"10747"	"ENSG00000260060"	1.43173901917533
"10748"	"ENSG00000260077"	1.20990039255875
"10749"	"ENSG00000260082"	1.19035562932794
"10750"	"ENSG00000260083"	2.19521205901732
"10751"	"ENSG00000260086"	1.10326340495404
"10752"	"ENSG00000260095"	1.57699619242399
"10753"	"ENSG00000260101"	1.88227513927013
"10754"	"ENSG00000260102"	5.80439475203993
"10755"	"ENSG00000260103"	4.08667045314567
"10756"	"ENSG00000260105"	6.45103415059027
"10757"	"ENSG00000260118"	1.53590694771445
"10758"	"ENSG00000260121"	6.32836755670319
"10759"	"ENSG00000260123"	1.27213796010492
"10760"	"ENSG00000260128"	2.4885276341178
"10761"	"ENSG00000260135"	2.4129278548068
"10762"	"ENSG00000260139"	2.38402259204517
"10763"	"ENSG00000260160"	1.00724649532163
"10764"	"ENSG00000260167"	1.6012578154636
"10765"	"ENSG00000260179"	2.0674661990202
"10766"	"ENSG00000260182"	1.56873960166205
"10767"	"ENSG00000260193"	1.25322899022753
"10768"	"ENSG00000260197"	9.26946317680507
"10769"	"ENSG00000260219"	2.35669423011752
"10770"	"ENSG00000260220"	1.08812434875421
"10771"	"ENSG00000260228"	3.94780439217337
"10772"	"ENSG00000260230"	1.55641815369383
"10773"	"ENSG00000260244"	12.7375962484985
"10774"	"ENSG00000260253"	1.16780349967958
"10775"	"ENSG00000260261"	1.09176837299243
"10776"	"ENSG00000260265"	2.23541340798481
"10777"	"ENSG00000260266"	2.75972094576568
"10778"	"ENSG00000260274"	1.76971086605706
"10779"	"ENSG00000260277"	1.33992512245517
"10780"	"ENSG00000260279"	1.20401458848576
"10781"	"ENSG00000260284"	2.11963360242992
"10782"	"ENSG00000260285"	2.31698560397328
"10783"	"ENSG00000260296"	1.75079182819797
"10784"	"ENSG00000260302"	2.09135802591207
"10785"	"ENSG00000260304"	8.60075974536802
"10786"	"ENSG00000260306"	3.8316163388329
"10787"	"ENSG00000260314"	1.4126451634636
"10788"	"ENSG00000260318"	3.93970506143714
"10789"	"ENSG00000260325"	1.78369998793195
"10790"	"ENSG00000260329"	1.79171147708048
"10791"	"ENSG00000260331"	1.54994992840654
"10792"	"ENSG00000260337"	1.18192255468721
"10793"	"ENSG00000260339"	1.74020213616321
"10794"	"ENSG00000260352"	1.69028484691735
"10795"	"ENSG00000260367"	1.70213003387802
"10796"	"ENSG00000260386"	1.83876875002969
"10797"	"ENSG00000260401"	10.0058203784277
"10798"	"ENSG00000260404"	2.06751156336388
"10799"	"ENSG00000260409"	1.57591447103234
"10800"	"ENSG00000260413"	8.10861907469774
"10801"	"ENSG00000260417"	1.1401424511052
"10802"	"ENSG00000260418"	1.36000590867121
"10803"	"ENSG00000260423"	1.4048859195302
"10804"	"ENSG00000260425"	3.34893226981744
"10805"	"ENSG00000260430"	2.77251063521952
"10806"	"ENSG00000260439"	1.66580494666442
"10807"	"ENSG00000260442"	1.54493110158884
"10808"	"ENSG00000260456"	3.14970872627104
"10809"	"ENSG00000260459"	3.34128721478949
"10810"	"ENSG00000260461"	7.29922095515802
"10811"	"ENSG00000260465"	11.8914753990076
"10812"	"ENSG00000260470"	2.17359471285813
"10813"	"ENSG00000260484"	1.25854676893969
"10814"	"ENSG00000260488"	2.46851124753751
"10815"	"ENSG00000260528"	1.22725882514934
"10816"	"ENSG00000260549"	2.49602804042804
"10817"	"ENSG00000260552"	1.10088754478017
"10818"	"ENSG00000260555"	1.06042427954612
"10819"	"ENSG00000260563"	1.69804824012928
"10820"	"ENSG00000260565"	1.35539789004263
"10821"	"ENSG00000260572"	1.58747431474632
"10822"	"ENSG00000260577"	1.06783648213964
"10823"	"ENSG00000260578"	2.65845715418703
"10824"	"ENSG00000260585"	1.7591963294303
"10825"	"ENSG00000260588"	1.1257214567797
"10826"	"ENSG00000260593"	1.47106847644378
"10827"	"ENSG00000260597"	1.17521241687769
"10828"	"ENSG00000260613"	1.22629137241477
"10829"	"ENSG00000260616"	2.71233279946634
"10830"	"ENSG00000260618"	1.5368512261775
"10831"	"ENSG00000260619"	1.4942853666349
"10832"	"ENSG00000260625"	1.21078169757417
"10833"	"ENSG00000260628"	1.02035839105602
"10834"	"ENSG00000260633"	3.49798473119822
"10835"	"ENSG00000260645"	2.81875336126992
"10836"	"ENSG00000260653"	2.71012975535824
"10837"	"ENSG00000260660"	1.9990060987406
"10838"	"ENSG00000260661"	2.51025644269692
"10839"	"ENSG00000260672"	1.88261500482542
"10840"	"ENSG00000260685"	1.87594932591249
"10841"	"ENSG00000260686"	9.71239560755515
"10842"	"ENSG00000260691"	3.25840888496771
"10843"	"ENSG00000260693"	3.20118963620911
"10844"	"ENSG00000260710"	3.08169715133079
"10845"	"ENSG00000260719"	1.10883193694383
"10846"	"ENSG00000260727"	6.66108344293909
"10847"	"ENSG00000260735"	2.84738488721017
"10848"	"ENSG00000260743"	1.20041002391495
"10849"	"ENSG00000260751"	1.80671547576422
"10850"	"ENSG00000260773"	1.33241061404092
"10851"	"ENSG00000260776"	2.690075817329
"10852"	"ENSG00000260788"	1.8057269749121
"10853"	"ENSG00000260792"	2.0033071459164
"10854"	"ENSG00000260793"	1.46121424818127
"10855"	"ENSG00000260802"	5.0651122283547
"10856"	"ENSG00000260806"	1.40486611172111
"10857"	"ENSG00000260807"	3.54672463673142
"10858"	"ENSG00000260808"	1.82142011118416
"10859"	"ENSG00000260810"	1.3952948863961
"10860"	"ENSG00000260844"	2.18666720635758
"10861"	"ENSG00000260852"	1.72295379336557
"10862"	"ENSG00000260859"	2.78041366911988
"10863"	"ENSG00000260868"	1.9775548058405
"10864"	"ENSG00000260876"	1.73446955882981
"10865"	"ENSG00000260877"	1.85349624828384
"10866"	"ENSG00000260878"	6.83575842231687
"10867"	"ENSG00000260886"	2.125032626776
"10868"	"ENSG00000260896"	2.93294864068891
"10869"	"ENSG00000260908"	1.4360308114954
"10870"	"ENSG00000260911"	1.44637853949378
"10871"	"ENSG00000260912"	1.17795595491262
"10872"	"ENSG00000260916"	2.0401646868521
"10873"	"ENSG00000260917"	1.11694988354387
"10874"	"ENSG00000260920"	2.49904749777576
"10875"	"ENSG00000260922"	2.56437600774924
"10876"	"ENSG00000260941"	1.65251657616605
"10877"	"ENSG00000260947"	2.82083301322572
"10878"	"ENSG00000260948"	1.59170060908038
"10879"	"ENSG00000260966"	11.7749735893532
"10880"	"ENSG00000260971"	2.64487576632046
"10881"	"ENSG00000260988"	1.16159885903088
"10882"	"ENSG00000260996"	1.64533826526958
"10883"	"ENSG00000260997"	1.17043852804213
"10884"	"ENSG00000261003"	1.88675701589888
"10885"	"ENSG00000261011"	14.0941386784406
"10886"	"ENSG00000261026"	1.83194265356438
"10887"	"ENSG00000261033"	2.89967656825839
"10888"	"ENSG00000261037"	1.19619653730685
"10889"	"ENSG00000261039"	4.85154253709433
"10890"	"ENSG00000261040"	3.67858425618813
"10891"	"ENSG00000261051"	1.25135453013417
"10892"	"ENSG00000261052"	3.36523110428848
"10893"	"ENSG00000261054"	5.8589433863924
"10894"	"ENSG00000261056"	1.52282245647047
"10895"	"ENSG00000261061"	3.42379874016734
"10896"	"ENSG00000261064"	1.25123663738304
"10897"	"ENSG00000261068"	2.29702500537426
"10898"	"ENSG00000261079"	2.46587085953774
"10899"	"ENSG00000261101"	1.52889032043622
"10900"	"ENSG00000261104"	4.71612847721504
"10901"	"ENSG00000261114"	2.01451027848599
"10902"	"ENSG00000261115"	1.90926932753939
"10903"	"ENSG00000261116"	8.84293089108468
"10904"	"ENSG00000261121"	2.06358676457993
"10905"	"ENSG00000261126"	2.21988331482221
"10906"	"ENSG00000261135"	1.08984780718962
"10907"	"ENSG00000261141"	1.25933897694229
"10908"	"ENSG00000261150"	3.76744659029007
"10909"	"ENSG00000261170"	6.34365825915874
"10910"	"ENSG00000261175"	2.79010864992037
"10911"	"ENSG00000261183"	1.09951009848564
"10912"	"ENSG00000261187"	1.1853972497828
"10913"	"ENSG00000261189"	2.01814836701794
"10914"	"ENSG00000261192"	1.13378072110348
"10915"	"ENSG00000261207"	1.82776584525249
"10916"	"ENSG00000261208"	1.15130476307502
"10917"	"ENSG00000261211"	1.93595969449355
"10918"	"ENSG00000261229"	6.1457543394456
"10919"	"ENSG00000261235"	4.74719263008277
"10920"	"ENSG00000261236"	1.16150133583008
"10921"	"ENSG00000261247"	3.31450934476721
"10922"	"ENSG00000261257"	2.72669861262289
"10923"	"ENSG00000261265"	2.95286620988437
"10924"	"ENSG00000261269"	12.8365992145132
"10925"	"ENSG00000261286"	1.70516996887888
"10926"	"ENSG00000261292"	3.92695166349196
"10927"	"ENSG00000261294"	7.35706940620646
"10928"	"ENSG00000261308"	1.98173669093803
"10929"	"ENSG00000261320"	3.92292059955739
"10930"	"ENSG00000261326"	1.55122627677636
"10931"	"ENSG00000261327"	3.84949553197782
"10932"	"ENSG00000261335"	1.47524926928062
"10933"	"ENSG00000261340"	4.61780191213572
"10934"	"ENSG00000261342"	2.12471576323429
"10935"	"ENSG00000261366"	2.06900124822423
"10936"	"ENSG00000261367"	2.68584946628213
"10937"	"ENSG00000261371"	1.90787970434224
"10938"	"ENSG00000261377"	1.15441924804134
"10939"	"ENSG00000261379"	1.85103171458377
"10940"	"ENSG00000261386"	1.05381714412192
"10941"	"ENSG00000261390"	1.14707007018641
"10942"	"ENSG00000261420"	1.23865788103138
"10943"	"ENSG00000261434"	5.41837192073464
"10944"	"ENSG00000261437"	3.07600105739528
"10945"	"ENSG00000261438"	8.57596934953264
"10946"	"ENSG00000261441"	1.13731692832069
"10947"	"ENSG00000261451"	2.81129051966935
"10948"	"ENSG00000261460"	5.81982392266886
"10949"	"ENSG00000261461"	2.65862061107528
"10950"	"ENSG00000261468"	3.81224514734486
"10951"	"ENSG00000261469"	1.55367413085635
"10952"	"ENSG00000261472"	5.03969737052195
"10953"	"ENSG00000261485"	1.13579490086028
"10954"	"ENSG00000261490"	3.08312556289304
"10955"	"ENSG00000261505"	5.07615956847647
"10956"	"ENSG00000261520"	2.41980054908879
"10957"	"ENSG00000261522"	3.31662505542176
"10958"	"ENSG00000261528"	1.75395915678954
"10959"	"ENSG00000261529"	2.11430429970333
"10960"	"ENSG00000261538"	4.10516512773386
"10961"	"ENSG00000261556"	2.18078072923169
"10962"	"ENSG00000261560"	1.05814544374101
"10963"	"ENSG00000261584"	4.40997817893534
"10964"	"ENSG00000261587"	1.71483214351531
"10965"	"ENSG00000261592"	2.17647549317805
"10966"	"ENSG00000261594"	1.18478469325406
"10967"	"ENSG00000261603"	3.01580540133655
"10968"	"ENSG00000261604"	8.01538441984778
"10969"	"ENSG00000261614"	1.67039547851066
"10970"	"ENSG00000261616"	2.77237080469972
"10971"	"ENSG00000261625"	3.64697780133552
"10972"	"ENSG00000261646"	1.73606787943939
"10973"	"ENSG00000261652"	1.7744745629655
"10974"	"ENSG00000261654"	1.56469743132072
"10975"	"ENSG00000261655"	1.93308720997276
"10976"	"ENSG00000261656"	2.03345121994816
"10977"	"ENSG00000261659"	5.75805948043023
"10978"	"ENSG00000261669"	1.89196356905075
"10979"	"ENSG00000261670"	1.55507847312027
"10980"	"ENSG00000261693"	1.79673016256964
"10981"	"ENSG00000261701"	4.63552811479275
"10982"	"ENSG00000261706"	1.96210125630056
"10983"	"ENSG00000261707"	1.24420274673475
"10984"	"ENSG00000261737"	1.07980524338477
"10985"	"ENSG00000261742"	4.68706241857564
"10986"	"ENSG00000261744"	1.49468056391687
"10987"	"ENSG00000261757"	1.4539201588649
"10988"	"ENSG00000261762"	3.36146170083859
"10989"	"ENSG00000261786"	2.69377808600875
"10990"	"ENSG00000261790"	7.35291746176631
"10991"	"ENSG00000261794"	2.19506781346931
"10992"	"ENSG00000261801"	1.1313797638516
"10993"	"ENSG00000261804"	3.69191328712185
"10994"	"ENSG00000261821"	3.77983470120411
"10995"	"ENSG00000261823"	1.4253277188344
"10996"	"ENSG00000261824"	1.87684823450536
"10997"	"ENSG00000261829"	1.19079755004145
"10998"	"ENSG00000261839"	1.25707768992808
"10999"	"ENSG00000261857"	7.87625414444758
"11000"	"ENSG00000261868"	1.78629029171938
"11001"	"ENSG00000261888"	2.2318543272797
"11002"	"ENSG00000261889"	1.55524920120319
"11003"	"ENSG00000261959"	2.67613545715214
"11004"	"ENSG00000261971"	1.27154729887886
"11005"	"ENSG00000261997"	3.90183631227986
"11006"	"ENSG00000262003"	1.29144020831746
"11007"	"ENSG00000262006"	7.30826092564517
"11008"	"ENSG00000262039"	1.31863072848598
"11009"	"ENSG00000262049"	6.79279002206416
"11010"	"ENSG00000262061"	1.50437863671243
"11011"	"ENSG00000262074"	2.4169005389136
"11012"	"ENSG00000262075"	1.43606413075998
"11013"	"ENSG00000262096"	1.56574401146412
"11014"	"ENSG00000262115"	2.66225862366959
"11015"	"ENSG00000262119"	5.43853960179149
"11016"	"ENSG00000262133"	2.0348273585874
"11017"	"ENSG00000262136"	3.18629815288241
"11018"	"ENSG00000262147"	1.76952059014801
"11019"	"ENSG00000262152"	11.8040598333624
"11020"	"ENSG00000262179"	3.19932589279853
"11021"	"ENSG00000262188"	1.51352527553111
"11022"	"ENSG00000262202"	2.61635909582826
"11023"	"ENSG00000262227"	1.54761405385261
"11024"	"ENSG00000262228"	1.59146341445985
"11025"	"ENSG00000262246"	2.02024557209176
"11026"	"ENSG00000262319"	2.24336768689743
"11027"	"ENSG00000262370"	3.47095057344547
"11028"	"ENSG00000262372"	7.94613542360919
"11029"	"ENSG00000262406"	3.62181787319354
"11030"	"ENSG00000262410"	1.72245823074038
"11031"	"ENSG00000262420"	1.09244103643257
"11032"	"ENSG00000262454"	1.66061418985638
"11033"	"ENSG00000262468"	1.50818356919008
"11034"	"ENSG00000262482"	1.01777293272792
"11035"	"ENSG00000262497"	1.01464500443533
"11036"	"ENSG00000262528"	8.98780429522191
"11037"	"ENSG00000262539"	1.45938525046017
"11038"	"ENSG00000262580"	2.03699374439428
"11039"	"ENSG00000262585"	1.39471730608546
"11040"	"ENSG00000262652"	1.92314657331349
"11041"	"ENSG00000262663"	2.7053194049321
"11042"	"ENSG00000262700"	2.66686020868064
"11043"	"ENSG00000262714"	3.15092135606996
"11044"	"ENSG00000262728"	2.14787158271507
"11045"	"ENSG00000262732"	1.84599931624307
"11046"	"ENSG00000262801"	3.09949733359065
"11047"	"ENSG00000262814"	2.10891172368711
"11048"	"ENSG00000262823"	2.79678735105678
"11049"	"ENSG00000262855"	4.35379514633312
"11050"	"ENSG00000262870"	3.48063492411034
"11051"	"ENSG00000262877"	2.05299565565005
"11052"	"ENSG00000262879"	1.59007445616506
"11053"	"ENSG00000262881"	3.50398099387277
"11054"	"ENSG00000262884"	2.12443935989051
"11055"	"ENSG00000262902"	3.18401309355837
"11056"	"ENSG00000262903"	2.44387053557298
"11057"	"ENSG00000262905"	3.13100951294865
"11058"	"ENSG00000262979"	1.76143172190931
"11059"	"ENSG00000263011"	2.46235139909697
"11060"	"ENSG00000263033"	2.00079245544079
"11061"	"ENSG00000263050"	1.9849368473998
"11062"	"ENSG00000263065"	1.98737874508809
"11063"	"ENSG00000263089"	1.50645952826887
"11064"	"ENSG00000263096"	1.69673133882659
"11065"	"ENSG00000263120"	2.20550747304197
"11066"	"ENSG00000263142"	7.44704583379709
"11067"	"ENSG00000263155"	5.20741143914104
"11068"	"ENSG00000263164"	1.18930180527981
"11069"	"ENSG00000263220"	1.54859229089075
"11070"	"ENSG00000263232"	1.03166306134646
"11071"	"ENSG00000263264"	1.08617942434789
"11072"	"ENSG00000263266"	1.75581946264175
"11073"	"ENSG00000263272"	2.36291635943556
"11074"	"ENSG00000263276"	1.78429576016496
"11075"	"ENSG00000263280"	1.27134034130636
"11076"	"ENSG00000263321"	1.26870614770036
"11077"	"ENSG00000263326"	1.02836581126128
"11078"	"ENSG00000263335"	8.75505480009211
"11079"	"ENSG00000263338"	2.41487754549494
"11080"	"ENSG00000263345"	2.52791540829094
"11081"	"ENSG00000263393"	1.41032501670029
"11082"	"ENSG00000263400"	1.35079303105509
"11083"	"ENSG00000263412"	2.05780159605027
"11084"	"ENSG00000263429"	1.68255270009456
"11085"	"ENSG00000263503"	1.69680618060104
"11086"	"ENSG00000263508"	2.51207775744048
"11087"	"ENSG00000263513"	2.30542260106128
"11088"	"ENSG00000263528"	1.63380760019002
"11089"	"ENSG00000263535"	1.4065806713154
"11090"	"ENSG00000263586"	1.97046133662886
"11091"	"ENSG00000263597"	5.36302524670342
"11092"	"ENSG00000263618"	2.27264600993492
"11093"	"ENSG00000263624"	2.10908880930605
"11094"	"ENSG00000263647"	12.5099869508158
"11095"	"ENSG00000263648"	1.49802895790017
"11096"	"ENSG00000263683"	6.36463957579357
"11097"	"ENSG00000263711"	1.65579143523455
"11098"	"ENSG00000263753"	1.2770355170498
"11099"	"ENSG00000263776"	8.52101624941501
"11100"	"ENSG00000263818"	1.50335166035885
"11101"	"ENSG00000263826"	1.74075270393545
"11102"	"ENSG00000263847"	1.50093206304532
"11103"	"ENSG00000263934"	1.06612941214571
"11104"	"ENSG00000263956"	1.38655964564412
"11105"	"ENSG00000263961"	1.13325797869821
"11106"	"ENSG00000263990"	2.37193096256327
"11107"	"ENSG00000264006"	1.15983663036524
"11108"	"ENSG00000264016"	4.6589909059962
"11109"	"ENSG00000264044"	1.01621935641541
"11110"	"ENSG00000264057"	1.56065878218666
"11111"	"ENSG00000264112"	1.74346781210125
"11112"	"ENSG00000264148"	1.18013638734186
"11113"	"ENSG00000264176"	2.57432701772093
"11114"	"ENSG00000264204"	1.73013747319079
"11115"	"ENSG00000264230"	2.95917886215602
"11116"	"ENSG00000264281"	5.23985951556756
"11117"	"ENSG00000264290"	1.62842317295205
"11118"	"ENSG00000264343"	5.39380436606822
"11119"	"ENSG00000264350"	1.7054787587921
"11120"	"ENSG00000264364"	1.29906066654492
"11121"	"ENSG00000264384"	5.5840761179081
"11122"	"ENSG00000264548"	2.52780977053346
"11123"	"ENSG00000264573"	2.23352511540087
"11124"	"ENSG00000264589"	2.17204372861059
"11125"	"ENSG00000264635"	3.13962605689969
"11126"	"ENSG00000264701"	6.21014267515573
"11127"	"ENSG00000264705"	1.64899406020286
"11128"	"ENSG00000264707"	1.6837522814796
"11129"	"ENSG00000264727"	1.72955571925278
"11130"	"ENSG00000264775"	1.6245757010263
"11131"	"ENSG00000264801"	2.54344389367006
"11132"	"ENSG00000264812"	1.26520484820028
"11133"	"ENSG00000264924"	1.69593306801374
"11134"	"ENSG00000264932"	2.88582183506897
"11135"	"ENSG00000264937"	1.10160264043633
"11136"	"ENSG00000264940"	7.09717793562591
"11137"	"ENSG00000264943"	1.36758129230461
"11138"	"ENSG00000264964"	2.22953829237411
"11139"	"ENSG00000265018"	2.26418570235897
"11140"	"ENSG00000265033"	1.28324148839387
"11141"	"ENSG00000265055"	1.90740972111912
"11142"	"ENSG00000265069"	5.2863226273641
"11143"	"ENSG00000265096"	3.51129899127571
"11144"	"ENSG00000265136"	1.30241850305826
"11145"	"ENSG00000265142"	2.21067171781673
"11146"	"ENSG00000265148"	2.56934126829839
"11147"	"ENSG00000265158"	1.27474165778856
"11148"	"ENSG00000265179"	4.63880756732427
"11149"	"ENSG00000265185"	1.96559797239312
"11150"	"ENSG00000265194"	2.37495187567013
"11151"	"ENSG00000265206"	1.33667008731976
"11152"	"ENSG00000265218"	1.58556304139703
"11153"	"ENSG00000265246"	2.22334476482621
"11154"	"ENSG00000265287"	10.2755905763901
"11155"	"ENSG00000265298"	2.26848828075896
"11156"	"ENSG00000265354"	1.42036889624559
"11157"	"ENSG00000265369"	1.02938392986957
"11158"	"ENSG00000265399"	1.34325758141111
"11159"	"ENSG00000265413"	3.86183901991349
"11160"	"ENSG00000265458"	2.91611823363335
"11161"	"ENSG00000265460"	4.93867023958027
"11162"	"ENSG00000265474"	2.28084573391199
"11163"	"ENSG00000265478"	1.52257812567371
"11164"	"ENSG00000265489"	2.22162331496772
"11165"	"ENSG00000265490"	1.74717397641228
"11166"	"ENSG00000265511"	3.62872861129847
"11167"	"ENSG00000265531"	1.19301304211679
"11168"	"ENSG00000265554"	1.89061236870139
"11169"	"ENSG00000265579"	8.26333511473171
"11170"	"ENSG00000265625"	2.19348479597104
"11171"	"ENSG00000265678"	1.17843641524788
"11172"	"ENSG00000265681"	7.79712619016089
"11173"	"ENSG00000265688"	2.64661184986751
"11174"	"ENSG00000265743"	2.04436451938273
"11175"	"ENSG00000265749"	1.40561837216237
"11176"	"ENSG00000265752"	1.31580203756929
"11177"	"ENSG00000265787"	4.08461399405686
"11178"	"ENSG00000265798"	1.39726104587881
"11179"	"ENSG00000265800"	3.15855525687033
"11180"	"ENSG00000265802"	1.83351492716057
"11181"	"ENSG00000265817"	3.65464257098889
"11182"	"ENSG00000265845"	1.88361839936118
"11183"	"ENSG00000265933"	1.87536606612441
"11184"	"ENSG00000265939"	1.67400672715804
"11185"	"ENSG00000265967"	8.54176668144773
"11186"	"ENSG00000265972"	2.89777385381111
"11187"	"ENSG00000265975"	1.98223910652075
"11188"	"ENSG00000265984"	1.94677144239548
"11189"	"ENSG00000265992"	4.77238809103384
"11190"	"ENSG00000266010"	2.63224475004046
"11191"	"ENSG00000266050"	8.17769401174226
"11192"	"ENSG00000266074"	1.18596537176258
"11193"	"ENSG00000266088"	3.17824445601537
"11194"	"ENSG00000266094"	1.19181469845311
"11195"	"ENSG00000266145"	1.23350673107341
"11196"	"ENSG00000266171"	2.99452182265105
"11197"	"ENSG00000266173"	3.41392903445888
"11198"	"ENSG00000266200"	2.32949683922087
"11199"	"ENSG00000266208"	11.0024887216175
"11200"	"ENSG00000266236"	2.12785494276168
"11201"	"ENSG00000266258"	1.2753116357705
"11202"	"ENSG00000266265"	3.12222474436208
"11203"	"ENSG00000266274"	1.80397853353189
"11204"	"ENSG00000266289"	1.03224878678593
"11205"	"ENSG00000266313"	1.71484103785135
"11206"	"ENSG00000266338"	1.18340946510222
"11207"	"ENSG00000266340"	1.27100333693083
"11208"	"ENSG00000266389"	1.83428281551395
"11209"	"ENSG00000266402"	1.10462693975649
"11210"	"ENSG00000266405"	1.26130138121212
"11211"	"ENSG00000266469"	5.03427544008598
"11212"	"ENSG00000266498"	1.50111321819105
"11213"	"ENSG00000266524"	4.8977296834387
"11214"	"ENSG00000266554"	4.98823667406921
"11215"	"ENSG00000266610"	6.44789892139781
"11216"	"ENSG00000266677"	2.07882623197175
"11217"	"ENSG00000266680"	1.52220821169012
"11218"	"ENSG00000266708"	1.67610690736803
"11219"	"ENSG00000266714"	3.65073456499439
"11220"	"ENSG00000266733"	1.21783741749757
"11221"	"ENSG00000266777"	1.61924622131883
"11222"	"ENSG00000266805"	1.04319079988921
"11223"	"ENSG00000266820"	13.3516801851261
"11224"	"ENSG00000266821"	1.19222874900103
"11225"	"ENSG00000266835"	1.53003974217744
"11226"	"ENSG00000266896"	2.05718226704988
"11227"	"ENSG00000266900"	1.54435148203389
"11228"	"ENSG00000266904"	1.63725387202235
"11229"	"ENSG00000266907"	1.3821463924669
"11230"	"ENSG00000266918"	2.10780703404518
"11231"	"ENSG00000266931"	8.83947046323236
"11232"	"ENSG00000266954"	4.46706223887069
"11233"	"ENSG00000266964"	11.5881597407605
"11234"	"ENSG00000266967"	5.2136516708511
"11235"	"ENSG00000266968"	2.37772051218311
"11236"	"ENSG00000266980"	2.12700189469897
"11237"	"ENSG00000266983"	1.65662161382445
"11238"	"ENSG00000266993"	2.01131466428124
"11239"	"ENSG00000267002"	1.82049499552251
"11240"	"ENSG00000267009"	1.55308154716884
"11241"	"ENSG00000267013"	3.33629765681612
"11242"	"ENSG00000267014"	3.14815221868764
"11243"	"ENSG00000267023"	1.75745588706593
"11244"	"ENSG00000267030"	8.68772278592141
"11245"	"ENSG00000267049"	2.22797771580042
"11246"	"ENSG00000267053"	2.1076025550984
"11247"	"ENSG00000267064"	2.30305915864642
"11248"	"ENSG00000267069"	3.56605478404752
"11249"	"ENSG00000267078"	2.88514810200706
"11250"	"ENSG00000267082"	3.25383223219048
"11251"	"ENSG00000267092"	1.6807971069625
"11252"	"ENSG00000267096"	1.33486699646266
"11253"	"ENSG00000267097"	3.12496044328675
"11254"	"ENSG00000267106"	1.04897956696121
"11255"	"ENSG00000267107"	1.84459526983615
"11256"	"ENSG00000267108"	1.81683326600935
"11257"	"ENSG00000267117"	1.08893078898321
"11258"	"ENSG00000267121"	1.63206763798699
"11259"	"ENSG00000267122"	3.14093939539794
"11260"	"ENSG00000267127"	3.05453081140949
"11261"	"ENSG00000267128"	1.52893449729402
"11262"	"ENSG00000267150"	1.04063596298953
"11263"	"ENSG00000267152"	2.96051143818978
"11264"	"ENSG00000267169"	1.82066597373284
"11265"	"ENSG00000267174"	4.08519252174918
"11266"	"ENSG00000267191"	1.75527238033611
"11267"	"ENSG00000267198"	1.97983143539195
"11268"	"ENSG00000267199"	3.385616820327
"11269"	"ENSG00000267203"	2.15297085170012
"11270"	"ENSG00000267205"	4.8812744706032
"11271"	"ENSG00000267206"	10.6699732543194
"11272"	"ENSG00000267213"	1.83592242591596
"11273"	"ENSG00000267221"	1.33716555517302
"11274"	"ENSG00000267244"	2.41258477033628
"11275"	"ENSG00000267255"	1.88735548470019
"11276"	"ENSG00000267259"	1.05151395723978
"11277"	"ENSG00000267260"	1.23116597916693
"11278"	"ENSG00000267272"	5.12356578110239
"11279"	"ENSG00000267280"	3.37152758390891
"11280"	"ENSG00000267283"	6.44893423148916
"11281"	"ENSG00000267287"	1.165990594586
"11282"	"ENSG00000267299"	1.79393795968731
"11283"	"ENSG00000267302"	4.02558747941579
"11284"	"ENSG00000267304"	1.89428272298608
"11285"	"ENSG00000267322"	2.42958299366511
"11286"	"ENSG00000267325"	2.65817085530592
"11287"	"ENSG00000267340"	2.23242799865697
"11288"	"ENSG00000267342"	2.66666355107182
"11289"	"ENSG00000267343"	7.87632500179842
"11290"	"ENSG00000267344"	2.60220081781473
"11291"	"ENSG00000267355"	6.40327546343482
"11292"	"ENSG00000267361"	6.06901163330858
"11293"	"ENSG00000267365"	3.24787839793268
"11294"	"ENSG00000267368"	12.9327960980271
"11295"	"ENSG00000267370"	1.21413836912205
"11296"	"ENSG00000267372"	1.02704718111613
"11297"	"ENSG00000267374"	2.85556211082485
"11298"	"ENSG00000267383"	3.20362793314193
"11299"	"ENSG00000267387"	1.8430619889423
"11300"	"ENSG00000267395"	1.01300526864047
"11301"	"ENSG00000267397"	1.45028082329779
"11302"	"ENSG00000267405"	2.78356839786562
"11303"	"ENSG00000267414"	1.05219518367062
"11304"	"ENSG00000267430"	1.89997760923309
"11305"	"ENSG00000267439"	4.80604495532667
"11306"	"ENSG00000267452"	4.05359692803787
"11307"	"ENSG00000267453"	2.43884396711147
"11308"	"ENSG00000267454"	1.94857117565795
"11309"	"ENSG00000267466"	1.05206895854048
"11310"	"ENSG00000267474"	1.217607789159
"11311"	"ENSG00000267475"	2.45271963854352
"11312"	"ENSG00000267480"	1.34741242971754
"11313"	"ENSG00000267504"	3.22437457209263
"11314"	"ENSG00000267505"	2.0424761060463
"11315"	"ENSG00000267506"	1.63697016485725
"11316"	"ENSG00000267510"	7.54684467543688
"11317"	"ENSG00000267515"	2.28516269196986
"11318"	"ENSG00000267519"	1.45662896953982
"11319"	"ENSG00000267523"	2.75571393324432
"11320"	"ENSG00000267532"	5.63950977112288
"11321"	"ENSG00000267541"	1.73023415754373
"11322"	"ENSG00000267543"	2.59000330176017
"11323"	"ENSG00000267546"	1.70838468524407
"11324"	"ENSG00000267560"	1.48694332372644
"11325"	"ENSG00000267565"	2.23866582968963
"11326"	"ENSG00000267571"	2.70575964433502
"11327"	"ENSG00000267575"	1.39327556774918
"11328"	"ENSG00000267583"	2.72560270531659
"11329"	"ENSG00000267586"	1.45872862488125
"11330"	"ENSG00000267592"	3.06578378606977
"11331"	"ENSG00000267594"	4.81734428853051
"11332"	"ENSG00000267603"	7.95642406184809
"11333"	"ENSG00000267605"	2.14400193424608
"11334"	"ENSG00000267612"	1.15389725509385
"11335"	"ENSG00000267623"	5.4512517762694
"11336"	"ENSG00000267632"	3.01177330873061
"11337"	"ENSG00000267648"	3.70866709781155
"11338"	"ENSG00000267650"	4.1493446588675
"11339"	"ENSG00000267651"	1.65539300824636
"11340"	"ENSG00000267653"	8.10520781742958
"11341"	"ENSG00000267659"	1.07809489560603
"11342"	"ENSG00000267665"	3.15688967895498
"11343"	"ENSG00000267666"	1.07520940419149
"11344"	"ENSG00000267673"	8.58945747495938
"11345"	"ENSG00000267680"	1.00986838579514
"11346"	"ENSG00000267698"	1.06263203974087
"11347"	"ENSG00000267707"	1.93722296203214
"11348"	"ENSG00000267714"	1.45895698958008
"11349"	"ENSG00000267724"	2.66514374628659
"11350"	"ENSG00000267731"	1.7253626543166
"11351"	"ENSG00000267750"	1.02964074873989
"11352"	"ENSG00000267751"	2.50556875886237
"11353"	"ENSG00000267757"	4.73055714700774
"11354"	"ENSG00000267758"	2.18366024443398
"11355"	"ENSG00000267765"	3.20506687067876
"11356"	"ENSG00000267769"	1.80547048624524
"11357"	"ENSG00000267774"	5.13439474768544
"11358"	"ENSG00000267793"	6.69057235201974
"11359"	"ENSG00000267795"	2.09523622687913
"11360"	"ENSG00000267796"	3.07051525786947
"11361"	"ENSG00000267801"	1.17525391792997
"11362"	"ENSG00000267809"	1.3050455824983
"11363"	"ENSG00000267834"	1.96835293392899
"11364"	"ENSG00000267838"	1.55203900092098
"11365"	"ENSG00000267855"	5.33386907004103
"11366"	"ENSG00000267882"	1.70692267296531
"11367"	"ENSG00000267886"	3.32185580339592
"11368"	"ENSG00000267909"	1.91092972977322
"11369"	"ENSG00000267922"	1.22709130977178
"11370"	"ENSG00000267924"	1.18933388001231
"11371"	"ENSG00000267927"	1.33158380333819
"11372"	"ENSG00000267939"	1.35419942577339
"11373"	"ENSG00000267986"	2.13024792552168
"11374"	"ENSG00000268006"	3.13809018686465
"11375"	"ENSG00000268027"	1.10252562155783
"11376"	"ENSG00000268030"	2.56128912764344
"11377"	"ENSG00000268043"	1.24092679611414
"11378"	"ENSG00000268061"	1.03981650738092
"11379"	"ENSG00000268069"	7.49889321467129
"11380"	"ENSG00000268079"	1.54436224746576
"11381"	"ENSG00000268089"	7.67438554291696
"11382"	"ENSG00000268108"	2.93826883576692
"11383"	"ENSG00000268119"	2.75270449999682
"11384"	"ENSG00000268204"	1.80793619058975
"11385"	"ENSG00000268218"	2.38611950999934
"11386"	"ENSG00000268222"	1.46313699096546
"11387"	"ENSG00000268287"	4.78761111505464
"11388"	"ENSG00000268297"	3.49652429185013
"11389"	"ENSG00000268307"	2.17268330512835
"11390"	"ENSG00000268350"	1.62783349358182
"11391"	"ENSG00000268357"	7.01584826809719
"11392"	"ENSG00000268362"	1.57981806714928
"11393"	"ENSG00000268366"	1.01181815026961
"11394"	"ENSG00000268401"	1.20238756793243
"11395"	"ENSG00000268496"	2.27947067978322
"11396"	"ENSG00000268583"	2.16256284782266
"11397"	"ENSG00000268592"	6.2518482744861
"11398"	"ENSG00000268601"	1.78180923632656
"11399"	"ENSG00000268621"	1.08162419897227
"11400"	"ENSG00000268649"	1.57193789800539
"11401"	"ENSG00000268655"	1.03720327638157
"11402"	"ENSG00000268658"	1.34841709390561
"11403"	"ENSG00000268686"	3.84775902807175
"11404"	"ENSG00000268713"	10.3664785003735
"11405"	"ENSG00000268734"	7.69389869169971
"11406"	"ENSG00000268743"	2.56239071900053
"11407"	"ENSG00000268751"	4.54190759897063
"11408"	"ENSG00000268758"	1.96673702108779
"11409"	"ENSG00000268810"	9.40879795328024
"11410"	"ENSG00000268812"	1.60951262658989
"11411"	"ENSG00000268836"	1.04825569354571
"11412"	"ENSG00000268869"	1.20762984547725
"11413"	"ENSG00000268894"	1.59416466956195
"11414"	"ENSG00000268896"	1.20240278614457
"11415"	"ENSG00000268938"	2.58732484846274
"11416"	"ENSG00000268941"	2.68985820479505
"11417"	"ENSG00000268947"	1.32076608465458
"11418"	"ENSG00000268970"	1.03454517858073
"11419"	"ENSG00000269113"	3.03220429249337
"11420"	"ENSG00000269124"	7.50418679824047
"11421"	"ENSG00000269138"	2.01795922370031
"11422"	"ENSG00000269148"	2.0611394942898
"11423"	"ENSG00000269161"	1.0374105550934
"11424"	"ENSG00000269190"	3.31329192735967
"11425"	"ENSG00000269191"	1.95466037587191
"11426"	"ENSG00000269194"	4.31845041873641
"11427"	"ENSG00000269235"	3.6354306887821
"11428"	"ENSG00000269246"	1.81266513917042
"11429"	"ENSG00000269288"	6.85137448466322
"11430"	"ENSG00000269289"	1.80955190412123
"11431"	"ENSG00000269300"	4.70276268846351
"11432"	"ENSG00000269313"	1.02774146641461
"11433"	"ENSG00000269343"	1.175559600495
"11434"	"ENSG00000269352"	3.37442112626577
"11435"	"ENSG00000269374"	5.53095406559611
"11436"	"ENSG00000269376"	1.01661189972502
"11437"	"ENSG00000269392"	1.16038944928927
"11438"	"ENSG00000269397"	1.8272166697057
"11439"	"ENSG00000269404"	2.80057334631288
"11440"	"ENSG00000269416"	4.25590514618262
"11441"	"ENSG00000269421"	1.99120467741361
"11442"	"ENSG00000269427"	3.30836721692402
"11443"	"ENSG00000269481"	1.34405257393893
"11444"	"ENSG00000269482"	6.55669468040067
"11445"	"ENSG00000269486"	2.7873107554464
"11446"	"ENSG00000269506"	4.05416802012613
"11447"	"ENSG00000269570"	2.75534430853037
"11448"	"ENSG00000269646"	1.09115822117976
"11449"	"ENSG00000269652"	2.15494546647424
"11450"	"ENSG00000269680"	2.1091799319976
"11451"	"ENSG00000269713"	1.38716697947883
"11452"	"ENSG00000269736"	4.32471505259124
"11453"	"ENSG00000269737"	1.5172182998284
"11454"	"ENSG00000269793"	4.82020785067837
"11455"	"ENSG00000269815"	1.20435129808877
"11456"	"ENSG00000269834"	1.67447830928004
"11457"	"ENSG00000269855"	1.11739166967907
"11458"	"ENSG00000269858"	4.39657334647435
"11459"	"ENSG00000269867"	1.42023163272059
"11460"	"ENSG00000269887"	1.33396984337462
"11461"	"ENSG00000269889"	1.95907814390659
"11462"	"ENSG00000269895"	1.95204748947565
"11463"	"ENSG00000269901"	1.41877441504683
"11464"	"ENSG00000269902"	4.44394553800419
"11465"	"ENSG00000269904"	1.38693613661983
"11466"	"ENSG00000269906"	1.45665626095365
"11467"	"ENSG00000269915"	1.32729672209692
"11468"	"ENSG00000269918"	1.26667968822767
"11469"	"ENSG00000269919"	1.28518268495767
"11470"	"ENSG00000269929"	5.31046019514085
"11471"	"ENSG00000269930"	3.14542612916917
"11472"	"ENSG00000269933"	2.46368256374373
"11473"	"ENSG00000269934"	2.71526218960342
"11474"	"ENSG00000269937"	1.83367743468368
"11475"	"ENSG00000269949"	1.99323290664443
"11476"	"ENSG00000269951"	1.70562403684473
"11477"	"ENSG00000269952"	1.06423795800423
"11478"	"ENSG00000269956"	1.63388358803497
"11479"	"ENSG00000269967"	1.70152300773873
"11480"	"ENSG00000269976"	1.77002087049527
"11481"	"ENSG00000269985"	1.97251562166854
"11482"	"ENSG00000270000"	1.20671906877427
"11483"	"ENSG00000270001"	2.07364326748713
"11484"	"ENSG00000270012"	1.18428551351224
"11485"	"ENSG00000270016"	2.96691077513042
"11486"	"ENSG00000270019"	1.00609752709722
"11487"	"ENSG00000270022"	1.45142551334754
"11488"	"ENSG00000270025"	1.8115790460067
"11489"	"ENSG00000270030"	2.3714912974345
"11490"	"ENSG00000270031"	1.42907110509317
"11491"	"ENSG00000270055"	3.13412250326374
"11492"	"ENSG00000270059"	1.88925203045883
"11493"	"ENSG00000270060"	2.73329511170834
"11494"	"ENSG00000270062"	1.13948852792173
"11495"	"ENSG00000270069"	3.39633275740598
"11496"	"ENSG00000270071"	1.49043742524038
"11497"	"ENSG00000270074"	1.18937521875474
"11498"	"ENSG00000270076"	1.59442177668932
"11499"	"ENSG00000270096"	9.28937056539909
"11500"	"ENSG00000270108"	1.94530822779446
"11501"	"ENSG00000270110"	1.06436075854435
"11502"	"ENSG00000270127"	1.49191307359168
"11503"	"ENSG00000270137"	1.49258752220227
"11504"	"ENSG00000270154"	2.37889938486224
"11505"	"ENSG00000270164"	1.32920996418892
"11506"	"ENSG00000270171"	1.21905744627781
"11507"	"ENSG00000270177"	2.36854432686416
"11508"	"ENSG00000270184"	2.28445657105476
"11509"	"ENSG00000270195"	1.95169433422832
"11510"	"ENSG00000270231"	2.06868687895473
"11511"	"ENSG00000270265"	2.44544725416529
"11512"	"ENSG00000270269"	3.69053096940294
"11513"	"ENSG00000270300"	1.48014877985905
"11514"	"ENSG00000270307"	1.01913538979532
"11515"	"ENSG00000270344"	1.63637662346322
"11516"	"ENSG00000270392"	2.4902346542374
"11517"	"ENSG00000270405"	5.4411891441039
"11518"	"ENSG00000270409"	3.25920745781718
"11519"	"ENSG00000270412"	3.03590782820105
"11520"	"ENSG00000270419"	2.9998593518317
"11521"	"ENSG00000270429"	1.26946483321984
"11522"	"ENSG00000270433"	2.19081984935597
"11523"	"ENSG00000270457"	1.53495760799267
"11524"	"ENSG00000270462"	1.53929163119626
"11525"	"ENSG00000270472"	2.95314187319579
"11526"	"ENSG00000270482"	1.13398767882326
"11527"	"ENSG00000270503"	3.55027160836371
"11528"	"ENSG00000270510"	8.36338775163355
"11529"	"ENSG00000270513"	2.10419848319554
"11530"	"ENSG00000270550"	3.0964442793019
"11531"	"ENSG00000270554"	4.2944839749879
"11532"	"ENSG00000270558"	1.45929707382843
"11533"	"ENSG00000270574"	1.57824927228069
"11534"	"ENSG00000270578"	1.92696872034493
"11535"	"ENSG00000270585"	1.83930246660671
"11536"	"ENSG00000270587"	1.17765304831897
"11537"	"ENSG00000270589"	1.93301607017993
"11538"	"ENSG00000270607"	1.80981781443435
"11539"	"ENSG00000270614"	1.25081732205396
"11540"	"ENSG00000270640"	3.12712378075306
"11541"	"ENSG00000270661"	3.44108161155673
"11542"	"ENSG00000270679"	2.61314437876808
"11543"	"ENSG00000270681"	1.69639307281843
"11544"	"ENSG00000270689"	2.21676251008709
"11545"	"ENSG00000270696"	10.8339385259783
"11546"	"ENSG00000270706"	1.99104539041957
"11547"	"ENSG00000270728"	1.71836242132282
"11548"	"ENSG00000270761"	1.97014851730397
"11549"	"ENSG00000270792"	3.50108708172069
"11550"	"ENSG00000270823"	4.87268485543034
"11551"	"ENSG00000270871"	1.06708239373146
"11552"	"ENSG00000270876"	1.70006720320958
"11553"	"ENSG00000270882"	3.47632588445156
"11554"	"ENSG00000270885"	2.89611021109691
"11555"	"ENSG00000270890"	1.25670167940971
"11556"	"ENSG00000270903"	1.40995929939895
"11557"	"ENSG00000270917"	1.26466266309427
"11558"	"ENSG00000270923"	2.46271804493322
"11559"	"ENSG00000270933"	1.12600283619167
"11560"	"ENSG00000270948"	1.11349293416802
"11561"	"ENSG00000270953"	2.64252867152491
"11562"	"ENSG00000270972"	3.17773239665536
"11563"	"ENSG00000270977"	5.40484062331377
"11564"	"ENSG00000270996"	1.04971853637292
"11565"	"ENSG00000271032"	2.31655858528834
"11566"	"ENSG00000271049"	1.50815333051237
"11567"	"ENSG00000271075"	3.35639553956043
"11568"	"ENSG00000271086"	4.37834122890582
"11569"	"ENSG00000271095"	1.26028037751352
"11570"	"ENSG00000271105"	1.16800509018491
"11571"	"ENSG00000271130"	2.76947303528595
"11572"	"ENSG00000271141"	4.6529912282892
"11573"	"ENSG00000271151"	1.17237061708621
"11574"	"ENSG00000271155"	2.51282333654835
"11575"	"ENSG00000271178"	2.60559929509243
"11576"	"ENSG00000271181"	2.28379525668185
"11577"	"ENSG00000271200"	1.83415126282473
"11578"	"ENSG00000271204"	3.32429035921969
"11579"	"ENSG00000271218"	1.12419284488454
"11580"	"ENSG00000271239"	5.94976572486124
"11581"	"ENSG00000271259"	1.7357528363297
"11582"	"ENSG00000271265"	1.43106315768808
"11583"	"ENSG00000271303"	9.46535474802702
"11584"	"ENSG00000271318"	2.95883285151633
"11585"	"ENSG00000271327"	1.83893185672131
"11586"	"ENSG00000271334"	2.85717047116141
"11587"	"ENSG00000271338"	3.28618803919518
"11588"	"ENSG00000271344"	1.8603116691342
"11589"	"ENSG00000271380"	1.83859335659046
"11590"	"ENSG00000271382"	2.72466864356019
"11591"	"ENSG00000271383"	8.32086958297926
"11592"	"ENSG00000271387"	1.40673985975967
"11593"	"ENSG00000271401"	1.46323709504233
"11594"	"ENSG00000271420"	1.74818463136314
"11595"	"ENSG00000271447"	2.34143620367489
"11596"	"ENSG00000271452"	1.03954827023771
"11597"	"ENSG00000271500"	1.90503607079367
"11598"	"ENSG00000271503"	3.22759621017218
"11599"	"ENSG00000271524"	2.96421543689465
"11600"	"ENSG00000271533"	1.98698841788754
"11601"	"ENSG00000271550"	1.44376952059723
"11602"	"ENSG00000271551"	3.44067762069862
"11603"	"ENSG00000271553"	2.01146249494911
"11604"	"ENSG00000271576"	2.59945874656922
"11605"	"ENSG00000271579"	4.19682883303941
"11606"	"ENSG00000271580"	1.01933833962643
"11607"	"ENSG00000271584"	2.15515293923476
"11608"	"ENSG00000271590"	1.33201546534454
"11609"	"ENSG00000271601"	1.34143857836373
"11610"	"ENSG00000271631"	1.35421831995471
"11611"	"ENSG00000271639"	1.9814485683743
"11612"	"ENSG00000271643"	2.48260291346446
"11613"	"ENSG00000271659"	1.20663678187406
"11614"	"ENSG00000271664"	1.98279695743269
"11615"	"ENSG00000271699"	6.904995021966
"11616"	"ENSG00000271725"	2.22494764834256
"11617"	"ENSG00000271730"	3.35630303347042
"11618"	"ENSG00000271754"	3.54563261260985
"11619"	"ENSG00000271755"	1.38312074826757
"11620"	"ENSG00000271761"	2.038512861503
"11621"	"ENSG00000271778"	1.06776981536225
"11622"	"ENSG00000271781"	1.48233557715673
"11623"	"ENSG00000271784"	3.49395774001956
"11624"	"ENSG00000271795"	2.25090171255938
"11625"	"ENSG00000271806"	1.04034033356916
"11626"	"ENSG00000271811"	1.23221431952576
"11627"	"ENSG00000271817"	2.73131688326622
"11628"	"ENSG00000271826"	1.182040144203
"11629"	"ENSG00000271843"	1.00830634124618
"11630"	"ENSG00000271850"	4.42637486019669
"11631"	"ENSG00000271856"	2.44315903203744
"11632"	"ENSG00000271857"	1.78776770938461
"11633"	"ENSG00000271858"	3.15874054531562
"11634"	"ENSG00000271871"	2.14190799122365
"11635"	"ENSG00000271882"	1.02419530176659
"11636"	"ENSG00000271888"	1.28084032565902
"11637"	"ENSG00000271895"	4.59072124036569
"11638"	"ENSG00000271918"	1.0500146296716
"11639"	"ENSG00000271926"	1.50668669264782
"11640"	"ENSG00000271933"	2.04975009773981
"11641"	"ENSG00000271943"	2.35428558078462
"11642"	"ENSG00000271959"	4.69149276922946
"11643"	"ENSG00000271980"	1.38107807198534
"11644"	"ENSG00000271984"	7.61373641064114
"11645"	"ENSG00000271993"	1.15931231140934
"11646"	"ENSG00000272008"	1.6217132908426
"11647"	"ENSG00000272009"	3.07666707177695
"11648"	"ENSG00000272024"	2.498340847114
"11649"	"ENSG00000272030"	5.45322137628091
"11650"	"ENSG00000272033"	2.8698159608766
"11651"	"ENSG00000272034"	1.50423896028155
"11652"	"ENSG00000272037"	2.40294000484796
"11653"	"ENSG00000272040"	1.37971566186544
"11654"	"ENSG00000272054"	1.62638423481794
"11655"	"ENSG00000272068"	1.21942249639533
"11656"	"ENSG00000272072"	2.12873024885775
"11657"	"ENSG00000272078"	2.96375971746514
"11658"	"ENSG00000272079"	2.37664647361172
"11659"	"ENSG00000272081"	1.69073879081945
"11660"	"ENSG00000272084"	1.96144163771125
"11661"	"ENSG00000272087"	9.22735526455025
"11662"	"ENSG00000272097"	1.07950038693961
"11663"	"ENSG00000272100"	1.58500749999271
"11664"	"ENSG00000272109"	1.20772433037013
"11665"	"ENSG00000272112"	7.99924326129304
"11666"	"ENSG00000272138"	1.07412322858455
"11667"	"ENSG00000272140"	2.02049906001549
"11668"	"ENSG00000272142"	1.44146040626768
"11669"	"ENSG00000272143"	2.66040892373548
"11670"	"ENSG00000272145"	1.42838634944476
"11671"	"ENSG00000272146"	1.12529317376979
"11672"	"ENSG00000272155"	6.70787782439512
"11673"	"ENSG00000272158"	1.15707641742337
"11674"	"ENSG00000272159"	2.88666092017367
"11675"	"ENSG00000272170"	1.22522091774861
"11676"	"ENSG00000272172"	1.84439998830373
"11677"	"ENSG00000272173"	1.42266946183679
"11678"	"ENSG00000272180"	5.87631704573976
"11679"	"ENSG00000272181"	2.42331709306316
"11680"	"ENSG00000272182"	3.44690999046744
"11681"	"ENSG00000272183"	1.74425111941586
"11682"	"ENSG00000272189"	3.68518841689477
"11683"	"ENSG00000272192"	1.57840217155245
"11684"	"ENSG00000272195"	2.70585324256837
"11685"	"ENSG00000272205"	1.04211666173786
"11686"	"ENSG00000272234"	10.0199553814582
"11687"	"ENSG00000272240"	2.36245794775555
"11688"	"ENSG00000272254"	2.7171565809246
"11689"	"ENSG00000272264"	2.68424575205612
"11690"	"ENSG00000272275"	1.38115897081357
"11691"	"ENSG00000272279"	1.70693021270351
"11692"	"ENSG00000272281"	1.762679642786
"11693"	"ENSG00000272282"	1.19031494390625
"11694"	"ENSG00000272293"	1.01805857893692
"11695"	"ENSG00000272316"	3.38224000179552
"11696"	"ENSG00000272320"	2.04120865886727
"11697"	"ENSG00000272321"	3.14213913432655
"11698"	"ENSG00000272323"	1.04550619825605
"11699"	"ENSG00000272325"	6.05178184386903
"11700"	"ENSG00000272334"	1.44330760645674
"11701"	"ENSG00000272345"	1.62419156498471
"11702"	"ENSG00000272347"	1.02126721627187
"11703"	"ENSG00000272356"	1.19399012116099
"11704"	"ENSG00000272360"	1.00682240438576
"11705"	"ENSG00000272368"	1.16783464732778
"11706"	"ENSG00000272374"	1.75896662842957
"11707"	"ENSG00000272379"	9.73105316857071
"11708"	"ENSG00000272381"	1.63804378941876
"11709"	"ENSG00000272384"	1.29107794972417
"11710"	"ENSG00000272386"	2.66422638927167
"11711"	"ENSG00000272398"	4.08456397923714
"11712"	"ENSG00000272405"	1.92072626626653
"11713"	"ENSG00000272411"	1.22420526815523
"11714"	"ENSG00000272416"	1.25192193036006
"11715"	"ENSG00000272425"	1.15852957610291
"11716"	"ENSG00000272434"	2.22470623452791
"11717"	"ENSG00000272438"	3.37743238505781
"11718"	"ENSG00000272447"	1.23052038878236
"11719"	"ENSG00000272455"	1.16373617558937
"11720"	"ENSG00000272459"	1.25319353576793
"11721"	"ENSG00000272462"	1.32284069219253
"11722"	"ENSG00000272468"	4.0995727542056
"11723"	"ENSG00000272473"	1.76221853317693
"11724"	"ENSG00000272476"	2.2840170679319
"11725"	"ENSG00000272482"	2.35533389417265
"11726"	"ENSG00000272483"	2.62870102063965
"11727"	"ENSG00000272489"	3.02623543117865
"11728"	"ENSG00000272491"	3.37959759470687
"11729"	"ENSG00000272501"	1.64744999853492
"11730"	"ENSG00000272505"	3.48926718314658
"11731"	"ENSG00000272506"	3.21221870432236
"11732"	"ENSG00000272512"	1.00790452622916
"11733"	"ENSG00000272514"	3.03393263412297
"11734"	"ENSG00000272540"	1.09676149143516
"11735"	"ENSG00000272541"	3.3042131312592
"11736"	"ENSG00000272549"	1.91644884506834
"11737"	"ENSG00000272555"	1.24151969851204
"11738"	"ENSG00000272567"	1.68320642391303
"11739"	"ENSG00000272573"	10.442375218484
"11740"	"ENSG00000272576"	1.0660301177495
"11741"	"ENSG00000272578"	5.55953615576694
"11742"	"ENSG00000272589"	7.44905622072962
"11743"	"ENSG00000272597"	2.4204658110561
"11744"	"ENSG00000272601"	10.3068321916242
"11745"	"ENSG00000272604"	1.46741027548837
"11746"	"ENSG00000272610"	2.66761745699949
"11747"	"ENSG00000272620"	3.39349407096667
"11748"	"ENSG00000272622"	1.44594375776736
"11749"	"ENSG00000272625"	2.29540929557856
"11750"	"ENSG00000272626"	3.0588079888599
"11751"	"ENSG00000272631"	1.55706246723666
"11752"	"ENSG00000272636"	3.1975338978597
"11753"	"ENSG00000272650"	1.3418436376489
"11754"	"ENSG00000272655"	1.18465915760239
"11755"	"ENSG00000272663"	1.78447788584925
"11756"	"ENSG00000272666"	2.98700794372977
"11757"	"ENSG00000272669"	1.43297557738469
"11758"	"ENSG00000272677"	1.0784968348763
"11759"	"ENSG00000272689"	1.78269101142321
"11760"	"ENSG00000272701"	2.09981214109128
"11761"	"ENSG00000272720"	1.7765044230888
"11762"	"ENSG00000272721"	2.49624458382107
"11763"	"ENSG00000272727"	3.56052119954507
"11764"	"ENSG00000272729"	2.37240410633606
"11765"	"ENSG00000272732"	1.11891243932291
"11766"	"ENSG00000272733"	1.7054336299454
"11767"	"ENSG00000272734"	2.96993609967374
"11768"	"ENSG00000272744"	2.46359432021989
"11769"	"ENSG00000272754"	1.6610995996794
"11770"	"ENSG00000272755"	2.16513220675663
"11771"	"ENSG00000272760"	10.3659099792317
"11772"	"ENSG00000272768"	1.28592458601319
"11773"	"ENSG00000272777"	1.80679112417334
"11774"	"ENSG00000272779"	5.7387524010686
"11775"	"ENSG00000272783"	1.49365947496243
"11776"	"ENSG00000272789"	6.58438484259276
"11777"	"ENSG00000272797"	4.25720606673079
"11778"	"ENSG00000272807"	1.09739622361782
"11779"	"ENSG00000272810"	1.51118810413691
"11780"	"ENSG00000272812"	2.35342629634868
"11781"	"ENSG00000272821"	10.2820921586073
"11782"	"ENSG00000272823"	2.13025334675647
"11783"	"ENSG00000272825"	1.13480734013376
"11784"	"ENSG00000272829"	1.4020759668418
"11785"	"ENSG00000272834"	1.4516761014076
"11786"	"ENSG00000272836"	1.16754584562051
"11787"	"ENSG00000272841"	1.39790988203796
"11788"	"ENSG00000272842"	2.06848430817555
"11789"	"ENSG00000272843"	1.19161644207375
"11790"	"ENSG00000272848"	1.57098929054751
"11791"	"ENSG00000272856"	3.83595365072451
"11792"	"ENSG00000272861"	1.06536481921472
"11793"	"ENSG00000272864"	1.89139116633198
"11794"	"ENSG00000272871"	2.4089474105039
"11795"	"ENSG00000272888"	1.78497957613056
"11796"	"ENSG00000272892"	1.00892487554642
"11797"	"ENSG00000272894"	1.26555307978078
"11798"	"ENSG00000272899"	1.95149420963464
"11799"	"ENSG00000272905"	1.68152801016789
"11800"	"ENSG00000272908"	1.70880230415807
"11801"	"ENSG00000272909"	5.08948828011798
"11802"	"ENSG00000272914"	2.17948655168835
"11803"	"ENSG00000272918"	2.06883967400726
"11804"	"ENSG00000272927"	1.72944856527698
"11805"	"ENSG00000272941"	3.35755860880448
"11806"	"ENSG00000272950"	1.70349780114198
"11807"	"ENSG00000272969"	1.06143458014163
"11808"	"ENSG00000272970"	1.74627834807465
"11809"	"ENSG00000272971"	3.38352932866569
"11810"	"ENSG00000272977"	1.27359612584357
"11811"	"ENSG00000272983"	2.12008252162119
"11812"	"ENSG00000272989"	1.99734812646146
"11813"	"ENSG00000273004"	1.28028013465992
"11814"	"ENSG00000273007"	2.14327804294972
"11815"	"ENSG00000273018"	1.55411985251219
"11816"	"ENSG00000273026"	1.56537882863617
"11817"	"ENSG00000273027"	1.46582724024681
"11818"	"ENSG00000273032"	3.57315499295662
"11819"	"ENSG00000273036"	10.0596958378361
"11820"	"ENSG00000273045"	2.02375951923336
"11821"	"ENSG00000273055"	2.87110914627036
"11822"	"ENSG00000273062"	1.19174133125106
"11823"	"ENSG00000273076"	1.15704148825302
"11824"	"ENSG00000273080"	1.92102262199303
"11825"	"ENSG00000273100"	1.98164667263638
"11826"	"ENSG00000273129"	2.29899231721962
"11827"	"ENSG00000273136"	1.72552676850484
"11828"	"ENSG00000273137"	1.3043600611208
"11829"	"ENSG00000273139"	1.10343127871922
"11830"	"ENSG00000273142"	1.17602068613753
"11831"	"ENSG00000273143"	3.528024696416
"11832"	"ENSG00000273148"	2.02892507784817
"11833"	"ENSG00000273149"	9.50192464912497
"11834"	"ENSG00000273151"	1.94056788053359
"11835"	"ENSG00000273162"	2.58799362352999
"11836"	"ENSG00000273172"	2.81679278608238
"11837"	"ENSG00000273174"	1.73713210298863
"11838"	"ENSG00000273179"	1.83687667633244
"11839"	"ENSG00000273181"	1.45554580357206
"11840"	"ENSG00000273183"	1.42072048781987
"11841"	"ENSG00000273188"	1.41492072590353
"11842"	"ENSG00000273192"	2.85512190190384
"11843"	"ENSG00000273203"	2.36848546998331
"11844"	"ENSG00000273209"	1.84727496793131
"11845"	"ENSG00000273210"	4.6882703484016
"11846"	"ENSG00000273219"	5.53358584678566
"11847"	"ENSG00000273240"	1.16699690223539
"11848"	"ENSG00000273245"	1.30640067982851
"11849"	"ENSG00000273253"	1.78911964759771
"11850"	"ENSG00000273257"	2.30951180680191
"11851"	"ENSG00000273258"	1.27921375556198
"11852"	"ENSG00000273284"	1.6352849536121
"11853"	"ENSG00000273295"	1.40124749720003
"11854"	"ENSG00000273297"	1.06498433934521
"11855"	"ENSG00000273300"	10.0128252915598
"11856"	"ENSG00000273302"	1.1932263190752
"11857"	"ENSG00000273305"	1.52261849458639
"11858"	"ENSG00000273312"	1.19735662694596
"11859"	"ENSG00000273313"	4.79871931134091
"11860"	"ENSG00000273319"	3.61046284108845
"11861"	"ENSG00000273328"	1.53942418066604
"11862"	"ENSG00000273336"	1.6291603587369
"11863"	"ENSG00000273338"	3.34284458513483
"11864"	"ENSG00000273340"	1.09415496342019
"11865"	"ENSG00000273348"	1.96219919609884
"11866"	"ENSG00000273353"	1.79988916859911
"11867"	"ENSG00000273356"	2.01433241391611
"11868"	"ENSG00000273363"	1.90499542170386
"11869"	"ENSG00000273368"	1.24162778749796
"11870"	"ENSG00000273369"	1.65695735390968
"11871"	"ENSG00000273372"	1.23073492486472
"11872"	"ENSG00000273373"	1.69260268555659
"11873"	"ENSG00000273374"	1.34302844871846
"11874"	"ENSG00000273381"	1.46121695207511
"11875"	"ENSG00000273382"	1.31354086134924
"11876"	"ENSG00000273387"	1.07411013274871
"11877"	"ENSG00000273391"	1.57506251222501
"11878"	"ENSG00000273399"	1.07795625933343
"11879"	"ENSG00000273402"	1.78350719563932
"11880"	"ENSG00000273428"	1.1634506719007
"11881"	"ENSG00000273437"	1.22294865415037
"11882"	"ENSG00000273442"	2.5599780366291
"11883"	"ENSG00000273445"	2.24604399791669
"11884"	"ENSG00000273448"	1.72816305425424
"11885"	"ENSG00000273449"	1.19012140457372
"11886"	"ENSG00000273473"	1.01601588987876
"11887"	"ENSG00000273474"	1.12499535585029
"11888"	"ENSG00000273489"	2.42855980629995
"11889"	"ENSG00000273492"	1.5909370712558
"11890"	"ENSG00000273521"	2.10466970239086
"11891"	"ENSG00000273523"	1.45932188128475
"11892"	"ENSG00000273544"	7.91921536868057
"11893"	"ENSG00000273576"	2.13313828092957
"11894"	"ENSG00000273597"	1.57135855624909
"11895"	"ENSG00000273599"	2.31111522424974
"11896"	"ENSG00000273604"	3.40219102279409
"11897"	"ENSG00000273650"	4.08445096219926
"11898"	"ENSG00000273669"	1.82639352843422
"11899"	"ENSG00000273674"	1.12308562407813
"11900"	"ENSG00000273729"	2.8732976616299
"11901"	"ENSG00000273733"	1.32971023239363
"11902"	"ENSG00000273763"	4.61495187637485
"11903"	"ENSG00000273765"	1.2755257455687
"11904"	"ENSG00000273771"	4.98574204483851
"11905"	"ENSG00000273792"	1.0012142676188
"11906"	"ENSG00000273796"	1.74729265967596
"11907"	"ENSG00000273797"	1.31877405295826
"11908"	"ENSG00000273802"	2.48928033667732
"11909"	"ENSG00000273812"	4.41765361059449
"11910"	"ENSG00000273821"	3.73146568012123
"11911"	"ENSG00000273828"	3.47308276904623
"11912"	"ENSG00000273870"	1.57144070215088
"11913"	"ENSG00000273891"	1.83008055988729
"11914"	"ENSG00000273893"	1.28538674085629
"11915"	"ENSG00000273899"	3.19988249277499
"11916"	"ENSG00000273906"	9.43570458914496
"11917"	"ENSG00000273923"	4.13466587809829
"11918"	"ENSG00000273962"	1.34095388887481
"11919"	"ENSG00000273972"	1.24304758597652
"11920"	"ENSG00000273983"	6.33613888136024
"11921"	"ENSG00000273987"	1.58445547899063
"11922"	"ENSG00000274008"	1.76565475612397
"11923"	"ENSG00000274012"	11.5436264724866
"11924"	"ENSG00000274026"	1.7782642472436
"11925"	"ENSG00000274029"	5.41107193175454
"11926"	"ENSG00000274031"	1.33653149927744
"11927"	"ENSG00000274070"	3.19925448770849
"11928"	"ENSG00000274080"	4.03185198351494
"11929"	"ENSG00000274105"	2.11064475174503
"11930"	"ENSG00000274124"	1.28049867414793
"11931"	"ENSG00000274173"	2.33299778795424
"11932"	"ENSG00000274204"	3.41753366698042
"11933"	"ENSG00000274209"	2.93327797657754
"11934"	"ENSG00000274211"	1.46902627970757
"11935"	"ENSG00000274213"	1.04402147691911
"11936"	"ENSG00000274238"	3.41108115163029
"11937"	"ENSG00000274248"	2.86567368635282
"11938"	"ENSG00000274253"	1.94171699870714
"11939"	"ENSG00000274266"	6.75866363494897
"11940"	"ENSG00000274270"	1.06967129453794
"11941"	"ENSG00000274286"	3.23867126776059
"11942"	"ENSG00000274290"	3.75461791775662
"11943"	"ENSG00000274292"	3.65823725081336
"11944"	"ENSG00000274294"	2.00891183323954
"11945"	"ENSG00000274295"	5.58979475624445
"11946"	"ENSG00000274297"	2.10560428125281
"11947"	"ENSG00000274312"	4.80115326231687
"11948"	"ENSG00000274317"	1.213375648101
"11949"	"ENSG00000274340"	2.7522906177217
"11950"	"ENSG00000274370"	1.14687200656797
"11951"	"ENSG00000274372"	1.70561111473124
"11952"	"ENSG00000274373"	1.93749641719694
"11953"	"ENSG00000274403"	2.86988645033738
"11954"	"ENSG00000274414"	1.53020156354352
"11955"	"ENSG00000274421"	1.25999979711115
"11956"	"ENSG00000274422"	1.82225501983839
"11957"	"ENSG00000274425"	1.32289130200329
"11958"	"ENSG00000274443"	1.24817360395159
"11959"	"ENSG00000274444"	1.75713955260088
"11960"	"ENSG00000274471"	1.90720112218427
"11961"	"ENSG00000274512"	1.54476956575425
"11962"	"ENSG00000274528"	1.02405291363743
"11963"	"ENSG00000274536"	2.5591910613916
"11964"	"ENSG00000274560"	1.9568050365918
"11965"	"ENSG00000274565"	2.33416489074488
"11966"	"ENSG00000274576"	3.60029923652453
"11967"	"ENSG00000274598"	3.24472439295438
"11968"	"ENSG00000274602"	3.68452017422224
"11969"	"ENSG00000274605"	2.23071064312045
"11970"	"ENSG00000274641"	5.11189000583687
"11971"	"ENSG00000274642"	2.22564916299107
"11972"	"ENSG00000274653"	2.07717176971205
"11973"	"ENSG00000274678"	1.6386576973145
"11974"	"ENSG00000274717"	1.22520358369866
"11975"	"ENSG00000274723"	1.40572198300477
"11976"	"ENSG00000274736"	3.65928186579362
"11977"	"ENSG00000274737"	1.39220881161459
"11978"	"ENSG00000274750"	3.07439595403252
"11979"	"ENSG00000274751"	1.4061642317236
"11980"	"ENSG00000274756"	1.79878117136705
"11981"	"ENSG00000274758"	6.04432668402069
"11982"	"ENSG00000274825"	3.61006864134691
"11983"	"ENSG00000274883"	2.20574996355972
"11984"	"ENSG00000274892"	5.51862055793192
"11985"	"ENSG00000274895"	2.23517823121533
"11986"	"ENSG00000274902"	1.68333130986311
"11987"	"ENSG00000274928"	2.83138375904394
"11988"	"ENSG00000274929"	1.26889541233291
"11989"	"ENSG00000274987"	1.29290141456395
"11990"	"ENSG00000274993"	4.8106817041846
"11991"	"ENSG00000275005"	3.1795185313154
"11992"	"ENSG00000275017"	1.4459640114993
"11993"	"ENSG00000275024"	1.13320141483833
"11994"	"ENSG00000275025"	1.87025716914236
"11995"	"ENSG00000275026"	4.86522164487182
"11996"	"ENSG00000275052"	1.02233695514122
"11997"	"ENSG00000275056"	1.78912070349069
"11998"	"ENSG00000275088"	1.93237594897247
"11999"	"ENSG00000275120"	3.06026103267528
"12000"	"ENSG00000275131"	2.34901219333825
"12001"	"ENSG00000275152"	4.9238005484605
"12002"	"ENSG00000275155"	1.88020692561887
"12003"	"ENSG00000275183"	1.28981323538991
"12004"	"ENSG00000275186"	3.18923551950212
"12005"	"ENSG00000275212"	1.74577354932626
"12006"	"ENSG00000275223"	1.9901488792875
"12007"	"ENSG00000275227"	1.15392467385252
"12008"	"ENSG00000275234"	2.91868913479704
"12009"	"ENSG00000275302"	1.65171348676823
"12010"	"ENSG00000275339"	2.39383885138702
"12011"	"ENSG00000275340"	1.56194823164467
"12012"	"ENSG00000275367"	2.3444368893769
"12013"	"ENSG00000275371"	3.26776548730184
"12014"	"ENSG00000275383"	1.45049544032481
"12015"	"ENSG00000275385"	2.61179618673346
"12016"	"ENSG00000275413"	2.32271896598946
"12017"	"ENSG00000275441"	1.0167674933151
"12018"	"ENSG00000275450"	1.15473037682608
"12019"	"ENSG00000275454"	1.89006407552732
"12020"	"ENSG00000275465"	3.13676083181606
"12021"	"ENSG00000275476"	1.20887536086419
"12022"	"ENSG00000275479"	2.56308290256624
"12023"	"ENSG00000275491"	1.10714209100242
"12024"	"ENSG00000275512"	2.83665171208042
"12025"	"ENSG00000275538"	5.53301895720721
"12026"	"ENSG00000275549"	1.67187419273202
"12027"	"ENSG00000275557"	1.28753683852953
"12028"	"ENSG00000275560"	1.64527350113882
"12029"	"ENSG00000275569"	3.1442711940826
"12030"	"ENSG00000275582"	1.76328477071984
"12031"	"ENSG00000275598"	3.13421273087749
"12032"	"ENSG00000275612"	3.05727057665458
"12033"	"ENSG00000275630"	2.55083692594795
"12034"	"ENSG00000275645"	1.19450372674142
"12035"	"ENSG00000275665"	2.05595462989191
"12036"	"ENSG00000275700"	1.19240157194016
"12037"	"ENSG00000275703"	1.2724026854797
"12038"	"ENSG00000275713"	2.92224145932074
"12039"	"ENSG00000275718"	5.53026318034906
"12040"	"ENSG00000275719"	1.00379010525012
"12041"	"ENSG00000275734"	2.3214245191909
"12042"	"ENSG00000275769"	1.04374884633642
"12043"	"ENSG00000275793"	1.95352604874327
"12044"	"ENSG00000275807"	1.163628583855
"12045"	"ENSG00000275830"	2.63091278973507
"12046"	"ENSG00000275854"	2.39855111098625
"12047"	"ENSG00000275857"	7.89650742275227
"12048"	"ENSG00000275880"	3.51284488520995
"12049"	"ENSG00000275888"	3.08228656564785
"12050"	"ENSG00000275894"	3.45598234332778
"12051"	"ENSG00000275896"	3.76035790237836
"12052"	"ENSG00000275897"	1.5634906832626
"12053"	"ENSG00000275898"	2.44728923874504
"12054"	"ENSG00000275902"	7.81913875177769
"12055"	"ENSG00000275936"	2.42483842010007
"12056"	"ENSG00000275981"	1.71556678651149
"12057"	"ENSG00000275993"	3.00935442478635
"12058"	"ENSG00000276023"	1.04918475721018
"12059"	"ENSG00000276043"	4.73551434068511
"12060"	"ENSG00000276058"	1.64037064818838
"12061"	"ENSG00000276070"	2.96977293994035
"12062"	"ENSG00000276071"	1.14372680737786
"12063"	"ENSG00000276085"	2.56291753641877
"12064"	"ENSG00000276093"	1.56181488078833
"12065"	"ENSG00000276101"	6.55711137253224
"12066"	"ENSG00000276107"	1.84793226498464
"12067"	"ENSG00000276127"	3.23558625269515
"12068"	"ENSG00000276128"	2.31006781900847
"12069"	"ENSG00000276141"	2.71313522092655
"12070"	"ENSG00000276148"	1.44746355718834
"12071"	"ENSG00000276166"	3.06958079930962
"12072"	"ENSG00000276170"	1.25925592466332
"12073"	"ENSG00000276174"	1.31701186612126
"12074"	"ENSG00000276180"	4.58851064688836
"12075"	"ENSG00000276216"	1.51220426758941
"12076"	"ENSG00000276248"	1.28997305060479
"12077"	"ENSG00000276250"	1.13897164262707
"12078"	"ENSG00000276255"	1.32377708737468
"12079"	"ENSG00000276259"	9.31523220455584
"12080"	"ENSG00000276289"	2.78530031629505
"12081"	"ENSG00000276291"	1.2373867808533
"12082"	"ENSG00000276293"	1.18237604810148
"12083"	"ENSG00000276308"	4.17175078294277
"12084"	"ENSG00000276337"	2.32474309812794
"12085"	"ENSG00000276384"	1.07903288579208
"12086"	"ENSG00000276386"	5.0320910117272
"12087"	"ENSG00000276390"	1.21476019799543
"12088"	"ENSG00000276409"	9.89521099716424
"12089"	"ENSG00000276417"	2.5367239403059
"12090"	"ENSG00000276445"	1.54908983487194
"12091"	"ENSG00000276505"	2.10514803075893
"12092"	"ENSG00000276517"	2.2389620539456
"12093"	"ENSG00000276523"	1.72328707300193
"12094"	"ENSG00000276524"	1.08348043872503
"12095"	"ENSG00000276533"	1.18411611740845
"12096"	"ENSG00000276542"	4.42815660803381
"12097"	"ENSG00000276550"	3.37895152670155
"12098"	"ENSG00000276557"	3.55581911265014
"12099"	"ENSG00000276564"	1.87056019932927
"12100"	"ENSG00000276566"	3.30964373634483
"12101"	"ENSG00000276649"	1.7834874319377
"12102"	"ENSG00000276663"	1.74703732477697
"12103"	"ENSG00000276668"	3.0646053634161
"12104"	"ENSG00000276691"	2.79373160529532
"12105"	"ENSG00000276702"	2.67939231685043
"12106"	"ENSG00000276704"	1.55293360244715
"12107"	"ENSG00000276724"	1.46632125281802
"12108"	"ENSG00000276728"	1.71285012465368
"12109"	"ENSG00000276768"	2.29192383373886
"12110"	"ENSG00000276772"	1.99446488908844
"12111"	"ENSG00000276775"	3.83184895969157
"12112"	"ENSG00000276778"	2.04759391279591
"12113"	"ENSG00000276842"	3.47055883198285
"12114"	"ENSG00000276846"	1.63704043066382
"12115"	"ENSG00000276931"	1.43130686253672
"12116"	"ENSG00000276934"	1.00753240220771
"12117"	"ENSG00000276952"	1.45683192299777
"12118"	"ENSG00000276957"	1.2485766441792
"12119"	"ENSG00000276966"	1.52385857297582
"12120"	"ENSG00000276972"	2.90364039871505
"12121"	"ENSG00000276975"	1.39228321265443
"12122"	"ENSG00000276980"	1.38002871282665
"12123"	"ENSG00000277007"	1.41272284744673
"12124"	"ENSG00000277010"	1.91523316178633
"12125"	"ENSG00000277013"	2.55560772465836
"12126"	"ENSG00000277022"	1.75835536136675
"12127"	"ENSG00000277034"	7.14418175361354
"12128"	"ENSG00000277039"	2.98434341978398
"12129"	"ENSG00000277067"	5.05157033837164
"12130"	"ENSG00000277072"	1.0394305513384
"12131"	"ENSG00000277075"	3.64317534582395
"12132"	"ENSG00000277089"	2.88097479234381
"12133"	"ENSG00000277112"	2.61238518223685
"12134"	"ENSG00000277117"	1.17537519423272
"12135"	"ENSG00000277130"	2.57144434664514
"12136"	"ENSG00000277135"	4.55685637590438
"12137"	"ENSG00000277151"	1.05377546906239
"12138"	"ENSG00000277152"	3.51586337622341
"12139"	"ENSG00000277156"	1.13139695364402
"12140"	"ENSG00000277159"	1.7162476999559
"12141"	"ENSG00000277161"	1.42505093108322
"12142"	"ENSG00000277173"	2.20511879446805
"12143"	"ENSG00000277182"	3.88899533681843
"12144"	"ENSG00000277194"	8.8294898262858
"12145"	"ENSG00000277214"	2.39080649000289
"12146"	"ENSG00000277215"	3.10576727078872
"12147"	"ENSG00000277224"	1.92926868504866
"12148"	"ENSG00000277232"	1.38249993269054
"12149"	"ENSG00000277287"	1.18723571770258
"12150"	"ENSG00000277288"	5.72568068781711
"12151"	"ENSG00000277290"	1.42152203456987
"12152"	"ENSG00000277324"	1.36544982652438
"12153"	"ENSG00000277351"	2.3243091742839
"12154"	"ENSG00000277363"	2.60161225511061
"12155"	"ENSG00000277386"	1.69921769975422
"12156"	"ENSG00000277399"	2.19463173525959
"12157"	"ENSG00000277402"	5.42038489347233
"12158"	"ENSG00000277406"	1.63012306300082
"12159"	"ENSG00000277423"	1.17887057373925
"12160"	"ENSG00000277425"	2.01572559979128
"12161"	"ENSG00000277435"	2.32744802084326
"12162"	"ENSG00000277440"	1.02815086844219
"12163"	"ENSG00000277443"	1.81068492678897
"12164"	"ENSG00000277449"	1.11341446496476
"12165"	"ENSG00000277459"	1.81877565286576
"12166"	"ENSG00000277462"	1.17050688705342
"12167"	"ENSG00000277476"	1.18324243669064
"12168"	"ENSG00000277481"	1.70625916497115
"12169"	"ENSG00000277494"	5.90045681533082
"12170"	"ENSG00000277531"	2.47800668733018
"12171"	"ENSG00000277534"	2.43783425186456
"12172"	"ENSG00000277561"	2.91556355064246
"12173"	"ENSG00000277587"	1.77170676810367
"12174"	"ENSG00000277595"	2.58386460151532
"12175"	"ENSG00000277631"	4.85358151808389
"12176"	"ENSG00000277684"	1.49832733505693
"12177"	"ENSG00000277687"	2.77451970238614
"12178"	"ENSG00000277702"	2.02253706044991
"12179"	"ENSG00000277728"	1.10640064997219
"12180"	"ENSG00000277734"	2.42904410423347
"12181"	"ENSG00000277737"	7.70022326089092
"12182"	"ENSG00000277741"	4.92522071698459
"12183"	"ENSG00000277763"	2.23518739283214
"12184"	"ENSG00000277767"	1.82426395778921
"12185"	"ENSG00000277778"	2.09261956829952
"12186"	"ENSG00000277791"	2.46036631291121
"12187"	"ENSG00000277795"	1.15377153623563
"12188"	"ENSG00000277831"	1.77903082855001
"12189"	"ENSG00000277840"	1.12111333176683
"12190"	"ENSG00000277863"	2.37034041844592
"12191"	"ENSG00000277873"	1.06058793879978
"12192"	"ENSG00000277879"	1.23719750568884
"12193"	"ENSG00000277893"	2.35047529449107
"12194"	"ENSG00000277916"	7.23523338905752
"12195"	"ENSG00000277954"	1.94343021119533
"12196"	"ENSG00000277969"	1.87691783361678
"12197"	"ENSG00000277972"	1.91828823577423
"12198"	"ENSG00000277977"	1.98031810403571
"12199"	"ENSG00000277986"	8.60226822179801
"12200"	"ENSG00000277987"	2.41593791892032
"12201"	"ENSG00000278022"	3.63466714360641
"12202"	"ENSG00000278023"	4.68153078623623
"12203"	"ENSG00000278030"	2.90683068857452
"12204"	"ENSG00000278053"	1.08437372625435
"12205"	"ENSG00000278058"	2.15282712747438
"12206"	"ENSG00000278071"	2.04258840402052
"12207"	"ENSG00000278112"	1.64119109211793
"12208"	"ENSG00000278126"	1.10794010369321
"12209"	"ENSG00000278177"	2.3980333656731
"12210"	"ENSG00000278192"	2.87792620555453
"12211"	"ENSG00000278195"	2.67040529292731
"12212"	"ENSG00000278196"	1.59299432520794
"12213"	"ENSG00000278212"	3.30118158022648
"12214"	"ENSG00000278214"	1.43605435712192
"12215"	"ENSG00000278224"	2.93981944337117
"12216"	"ENSG00000278238"	1.7131743141827
"12217"	"ENSG00000278263"	3.65240678052302
"12218"	"ENSG00000278274"	8.96083967364451
"12219"	"ENSG00000278330"	2.20733314083621
"12220"	"ENSG00000278341"	1.1980724285242
"12221"	"ENSG00000278385"	2.46625561768044
"12222"	"ENSG00000278396"	1.4046000090896
"12223"	"ENSG00000278416"	1.10451695697309
"12224"	"ENSG00000278434"	2.7020453782965
"12225"	"ENSG00000278456"	2.62650911715204
"12226"	"ENSG00000278462"	2.5212561641672
"12227"	"ENSG00000278473"	1.08307632345662
"12228"	"ENSG00000278493"	1.43163260234145
"12229"	"ENSG00000278527"	8.52246113495799
"12230"	"ENSG00000278540"	1.56505512417412
"12231"	"ENSG00000278570"	1.26702405435812
"12232"	"ENSG00000278576"	1.27187317860859
"12233"	"ENSG00000278590"	1.37021006768402
"12234"	"ENSG00000278600"	1.16485447762358
"12235"	"ENSG00000278601"	2.18876155415081
"12236"	"ENSG00000278607"	1.03823442593927
"12237"	"ENSG00000278615"	6.25000225724089
"12238"	"ENSG00000278616"	1.3210430356266
"12239"	"ENSG00000278621"	9.67554517229969
"12240"	"ENSG00000278662"	1.91827559630811
"12241"	"ENSG00000278668"	1.76201255397578
"12242"	"ENSG00000278683"	2.54572672957889
"12243"	"ENSG00000278709"	2.57652859030843
"12244"	"ENSG00000278716"	2.42081724784226
"12245"	"ENSG00000278737"	1.30614305012809
"12246"	"ENSG00000278740"	1.03258231866819
"12247"	"ENSG00000278765"	1.52384658976905
"12248"	"ENSG00000278769"	7.66347340269759
"12249"	"ENSG00000278771"	3.22125166003896
"12250"	"ENSG00000278811"	2.95672587695443
"12251"	"ENSG00000278816"	1.6632150263694
"12252"	"ENSG00000278828"	5.54769979076488
"12253"	"ENSG00000278829"	2.2131593769184
"12254"	"ENSG00000278831"	1.18821196200687
"12255"	"ENSG00000278834"	2.72318001148572
"12256"	"ENSG00000278845"	1.68600279094401
"12257"	"ENSG00000278847"	5.96005723940861
"12258"	"ENSG00000278857"	2.10121236051338
"12259"	"ENSG00000278864"	1.71245679810578
"12260"	"ENSG00000278867"	2.71313028658521
"12261"	"ENSG00000278875"	2.57380251363396
"12262"	"ENSG00000278876"	1.05417698729376
"12263"	"ENSG00000278881"	1.66765546615634
"12264"	"ENSG00000278893"	1.56393016456696
"12265"	"ENSG00000278897"	1.75611281882336
"12266"	"ENSG00000278898"	3.1923204216057
"12267"	"ENSG00000278908"	1.11376783549371
"12268"	"ENSG00000278917"	1.24652310333615
"12269"	"ENSG00000278925"	2.29303158680559
"12270"	"ENSG00000278928"	3.82622317512552
"12271"	"ENSG00000278931"	6.03618057113304
"12272"	"ENSG00000278932"	1.17442740342316
"12273"	"ENSG00000278934"	1.65780515836327
"12274"	"ENSG00000278948"	1.44162037966989
"12275"	"ENSG00000278949"	1.3357086230206
"12276"	"ENSG00000278952"	2.01773728992544
"12277"	"ENSG00000278959"	2.11387684211951
"12278"	"ENSG00000278962"	1.34839234500111
"12279"	"ENSG00000278963"	1.37053831509305
"12280"	"ENSG00000278965"	3.14389217350312
"12281"	"ENSG00000278970"	2.91193211688336
"12282"	"ENSG00000278972"	5.31632616826333
"12283"	"ENSG00000278982"	2.3428131443337
"12284"	"ENSG00000278983"	1.483686682061
"12285"	"ENSG00000278985"	1.38754304052148
"12286"	"ENSG00000278986"	1.96571748647796
"12287"	"ENSG00000278989"	3.5564703964669
"12288"	"ENSG00000278991"	1.97672542789892
"12289"	"ENSG00000279019"	2.77881487766404
"12290"	"ENSG00000279022"	1.05378912058459
"12291"	"ENSG00000279026"	2.69803600908068
"12292"	"ENSG00000279029"	2.77161463742386
"12293"	"ENSG00000279030"	6.41574058964197
"12294"	"ENSG00000279035"	1.17677083105275
"12295"	"ENSG00000279036"	4.20521648246491
"12296"	"ENSG00000279039"	1.49992751015476
"12297"	"ENSG00000279041"	2.52341140786071
"12298"	"ENSG00000279044"	1.99225386512133
"12299"	"ENSG00000279050"	6.40167223780856
"12300"	"ENSG00000279057"	1.02719684682737
"12301"	"ENSG00000279066"	2.34315492830694
"12302"	"ENSG00000279071"	1.79010503911064
"12303"	"ENSG00000279072"	1.96720152474359
"12304"	"ENSG00000279077"	2.11312146895208
"12305"	"ENSG00000279080"	1.60358835209161
"12306"	"ENSG00000279086"	1.27411438703071
"12307"	"ENSG00000279088"	1.97497247083261
"12308"	"ENSG00000279089"	1.02630472735941
"12309"	"ENSG00000279092"	2.12718798562284
"12310"	"ENSG00000279095"	11.3166657907936
"12311"	"ENSG00000279106"	2.44134461660786
"12312"	"ENSG00000279108"	1.99744627919289
"12313"	"ENSG00000279110"	1.04520770357494
"12314"	"ENSG00000279114"	1.06138600188836
"12315"	"ENSG00000279117"	12.9284651853876
"12316"	"ENSG00000279118"	2.34145028937896
"12317"	"ENSG00000279127"	1.52027692708028
"12318"	"ENSG00000279135"	2.09428782849801
"12319"	"ENSG00000279141"	2.20387417407987
"12320"	"ENSG00000279145"	1.24772990122038
"12321"	"ENSG00000279148"	1.40430205369078
"12322"	"ENSG00000279155"	2.37274341476446
"12323"	"ENSG00000279159"	2.96552599517775
"12324"	"ENSG00000279161"	2.69487700176801
"12325"	"ENSG00000279162"	2.09924221722884
"12326"	"ENSG00000279164"	2.14899439983012
"12327"	"ENSG00000279166"	2.1144203807951
"12328"	"ENSG00000279168"	2.59323533373886
"12329"	"ENSG00000279170"	4.2973710600637
"12330"	"ENSG00000279172"	6.24293842420998
"12331"	"ENSG00000279175"	2.57925415974493
"12332"	"ENSG00000279182"	6.86514601596031
"12333"	"ENSG00000279192"	10.2933059023113
"12334"	"ENSG00000279196"	2.66043971445172
"12335"	"ENSG00000279198"	1.73814625888655
"12336"	"ENSG00000279199"	1.384540117319
"12337"	"ENSG00000279200"	2.41548755995638
"12338"	"ENSG00000279203"	1.37372095575522
"12339"	"ENSG00000279204"	4.60038569057266
"12340"	"ENSG00000279205"	2.49563496091378
"12341"	"ENSG00000279207"	1.16372512012715
"12342"	"ENSG00000279208"	4.25070467397765
"12343"	"ENSG00000279214"	1.38411643404449
"12344"	"ENSG00000279233"	1.99718569687655
"12345"	"ENSG00000279236"	2.78164217006577
"12346"	"ENSG00000279237"	2.0515084735162
"12347"	"ENSG00000279246"	4.36784995791706
"12348"	"ENSG00000279254"	2.25269469639808
"12349"	"ENSG00000279265"	1.14077466477687
"12350"	"ENSG00000279267"	1.02461596401361
"12351"	"ENSG00000279278"	1.33516882695684
"12352"	"ENSG00000279281"	1.22783141614396
"12353"	"ENSG00000279283"	1.66299814464467
"12354"	"ENSG00000279286"	1.55091440991996
"12355"	"ENSG00000279289"	2.36334572264137
"12356"	"ENSG00000279302"	1.8919958704624
"12357"	"ENSG00000279311"	1.61686896995231
"12358"	"ENSG00000279317"	1.05178865430834
"12359"	"ENSG00000279319"	1.2144296030603
"12360"	"ENSG00000279328"	1.27109059941753
"12361"	"ENSG00000279330"	1.8186228563466
"12362"	"ENSG00000279339"	1.04092927266801
"12363"	"ENSG00000279342"	1.64791485409644
"12364"	"ENSG00000279344"	3.45382599056707
"12365"	"ENSG00000279345"	1.49577603616897
"12366"	"ENSG00000279347"	1.25992767620791
"12367"	"ENSG00000279353"	2.36930127684799
"12368"	"ENSG00000279356"	1.7940264513394
"12369"	"ENSG00000279357"	1.30212392263569
"12370"	"ENSG00000279368"	2.02515161663955
"12371"	"ENSG00000279369"	1.46000962924316
"12372"	"ENSG00000279377"	6.07776968310574
"12373"	"ENSG00000279382"	1.49599523703536
"12374"	"ENSG00000279384"	1.58398158830382
"12375"	"ENSG00000279386"	1.43161658995897
"12376"	"ENSG00000279390"	1.21471935191389
"12377"	"ENSG00000279392"	2.71684754705367
"12378"	"ENSG00000279393"	1.54571979415508
"12379"	"ENSG00000279400"	3.64762576173041
"12380"	"ENSG00000279413"	2.77145360554511
"12381"	"ENSG00000279419"	1.56929044659519
"12382"	"ENSG00000279425"	1.01734106646549
"12383"	"ENSG00000279427"	6.66842263153432
"12384"	"ENSG00000279430"	2.42656504927976
"12385"	"ENSG00000279432"	1.99862113256025
"12386"	"ENSG00000279433"	3.08139856939029
"12387"	"ENSG00000279434"	1.76098099260442
"12388"	"ENSG00000279443"	2.41263194685429
"12389"	"ENSG00000279444"	3.38590633629615
"12390"	"ENSG00000279447"	3.18992276264841
"12391"	"ENSG00000279456"	2.48690151565362
"12392"	"ENSG00000279457"	1.5850443400533
"12393"	"ENSG00000279463"	2.10782573382109
"12394"	"ENSG00000279476"	2.25319217788563
"12395"	"ENSG00000279481"	2.11564694201437
"12396"	"ENSG00000279483"	10.0424390215463
"12397"	"ENSG00000279484"	4.31878073609056
"12398"	"ENSG00000279488"	6.64914860506438
"12399"	"ENSG00000279489"	1.86340916699695
"12400"	"ENSG00000279499"	2.42293197190867
"12401"	"ENSG00000279500"	1.16686782177783
"12402"	"ENSG00000279504"	7.50588558136268
"12403"	"ENSG00000279507"	6.03933505743938
"12404"	"ENSG00000279512"	1.25166247009909
"12405"	"ENSG00000279513"	1.48452938570814
"12406"	"ENSG00000279518"	1.50735943220951
"12407"	"ENSG00000279519"	10.4767628217767
"12408"	"ENSG00000279520"	1.21107543116182
"12409"	"ENSG00000279521"	4.31729447568801
"12410"	"ENSG00000279526"	2.5980444292296
"12411"	"ENSG00000279528"	9.69900338172857
"12412"	"ENSG00000279530"	1.53625000951185
"12413"	"ENSG00000279539"	1.32877667947209
"12414"	"ENSG00000279541"	2.20535748562809
"12415"	"ENSG00000279544"	2.03434210568937
"12416"	"ENSG00000279555"	1.13555004448974
"12417"	"ENSG00000279568"	2.26118345106944
"12418"	"ENSG00000279569"	2.18380026749655
"12419"	"ENSG00000279570"	1.80989471337621
"12420"	"ENSG00000279581"	4.02107469155999
"12421"	"ENSG00000279583"	1.45706542570737
"12422"	"ENSG00000279588"	2.63254661435538
"12423"	"ENSG00000279589"	2.26537416520773
"12424"	"ENSG00000279594"	1.75672639702837
"12425"	"ENSG00000279602"	1.74514582662387
"12426"	"ENSG00000279605"	4.97485322381504
"12427"	"ENSG00000279608"	1.79861299229363
"12428"	"ENSG00000279611"	1.03903297561522
"12429"	"ENSG00000279613"	1.0305567153278
"12430"	"ENSG00000279619"	3.99773655382638
"12431"	"ENSG00000279622"	2.60729144400872
"12432"	"ENSG00000279623"	2.71182321590887
"12433"	"ENSG00000279633"	1.16123223772506
"12434"	"ENSG00000279640"	1.70555952529691
"12435"	"ENSG00000279649"	4.66947706161843
"12436"	"ENSG00000279652"	1.95061658690715
"12437"	"ENSG00000279659"	1.68063020123998
"12438"	"ENSG00000279660"	2.18696314872362
"12439"	"ENSG00000279662"	1.35536473352017
"12440"	"ENSG00000279667"	2.10051717679272
"12441"	"ENSG00000279673"	2.83388139936016
"12442"	"ENSG00000279685"	2.60024349448213
"12443"	"ENSG00000279688"	6.28382749169001
"12444"	"ENSG00000279689"	3.72764666794443
"12445"	"ENSG00000279690"	5.65397806119179
"12446"	"ENSG00000279693"	1.03763473600514
"12447"	"ENSG00000279696"	1.08011534084006
"12448"	"ENSG00000279699"	1.68701258867179
"12449"	"ENSG00000279700"	2.57744995498406
"12450"	"ENSG00000279707"	2.21628980493824
"12451"	"ENSG00000279711"	1.93898961310102
"12452"	"ENSG00000279713"	2.95709110220453
"12453"	"ENSG00000279716"	4.53717559913788
"12454"	"ENSG00000279738"	1.17448820607928
"12455"	"ENSG00000279741"	3.12033698130057
"12456"	"ENSG00000279744"	2.66739511806616
"12457"	"ENSG00000279778"	1.23676994901928
"12458"	"ENSG00000279791"	1.42749609663217
"12459"	"ENSG00000279803"	2.52508013605969
"12460"	"ENSG00000279805"	2.320432977899
"12461"	"ENSG00000279807"	3.56196036854895
"12462"	"ENSG00000279811"	1.13715256052484
"12463"	"ENSG00000279812"	2.70956873054287
"12464"	"ENSG00000279821"	2.83233462977814
"12465"	"ENSG00000279825"	2.42135248897743
"12466"	"ENSG00000279833"	3.13922378062375
"12467"	"ENSG00000279834"	2.03519459928427
"12468"	"ENSG00000279845"	1.22804892354549
"12469"	"ENSG00000279852"	1.82905961160879
"12470"	"ENSG00000279858"	1.20401868157631
"12471"	"ENSG00000279861"	2.09827920337968
"12472"	"ENSG00000279862"	2.53554436453378
"12473"	"ENSG00000279873"	2.44987271794455
"12474"	"ENSG00000279878"	1.53826480369445
"12475"	"ENSG00000279880"	1.04454330087354
"12476"	"ENSG00000279881"	1.39712568409801
"12477"	"ENSG00000279891"	1.384367511655
"12478"	"ENSG00000279894"	1.06698262939639
"12479"	"ENSG00000279926"	1.27968687589299
"12480"	"ENSG00000279933"	6.68970786566133
"12481"	"ENSG00000279940"	6.02951246807344
"12482"	"ENSG00000279943"	1.46844394709397
"12483"	"ENSG00000279953"	1.00634336183695
"12484"	"ENSG00000279965"	1.20131579597282
"12485"	"ENSG00000279989"	1.52437098027304
"12486"	"ENSG00000280007"	1.55945188363235
"12487"	"ENSG00000280011"	1.33291386423898
"12488"	"ENSG00000280020"	1.17139853411124
"12489"	"ENSG00000280027"	2.72832759026766
"12490"	"ENSG00000280039"	3.20506392196025
"12491"	"ENSG00000280042"	1.8178199923405
"12492"	"ENSG00000280046"	1.29607065818593
"12493"	"ENSG00000280048"	4.11446119439966
"12494"	"ENSG00000280053"	2.09213752509773
"12495"	"ENSG00000280054"	3.45216410692426
"12496"	"ENSG00000280057"	1.43087571457295
"12497"	"ENSG00000280061"	3.72520572435315
"12498"	"ENSG00000280062"	1.92240585614054
"12499"	"ENSG00000280063"	1.14759104340911
"12500"	"ENSG00000280067"	1.36910425646341
"12501"	"ENSG00000280071"	3.13210945617133
"12502"	"ENSG00000280073"	3.87990188381116
"12503"	"ENSG00000280077"	2.45083911368719
"12504"	"ENSG00000280079"	2.79648777697931
"12505"	"ENSG00000280080"	1.25211229526657
"12506"	"ENSG00000280081"	3.00650818642902
"12507"	"ENSG00000280083"	3.14017341644109
"12508"	"ENSG00000280099"	1.41931554886426
"12509"	"ENSG00000280103"	2.07389174183157
"12510"	"ENSG00000280107"	1.32295625322275
"12511"	"ENSG00000280132"	1.01511486747196
"12512"	"ENSG00000280137"	5.21963747495596
"12513"	"ENSG00000280138"	3.03500645849557
"12514"	"ENSG00000280140"	1.09943062980398
"12515"	"ENSG00000280143"	12.4852152889802
"12516"	"ENSG00000280152"	1.8897629039417
"12517"	"ENSG00000280153"	11.4774077450366
"12518"	"ENSG00000280157"	1.0369276406923
"12519"	"ENSG00000280159"	1.69285149805993
"12520"	"ENSG00000280163"	1.12349418572473
"12521"	"ENSG00000280165"	6.1709675964629
"12522"	"ENSG00000280168"	2.1256447127907
"12523"	"ENSG00000280169"	1.95407836828821
"12524"	"ENSG00000280173"	1.61614075446922
"12525"	"ENSG00000280187"	1.79985781857347
"12526"	"ENSG00000280195"	1.03664666429164
"12527"	"ENSG00000280198"	2.72010950795793
"12528"	"ENSG00000280200"	5.16117973758401
"12529"	"ENSG00000280202"	1.20032535063581
"12530"	"ENSG00000280206"	1.19758004012055
"12531"	"ENSG00000280212"	2.31145583204776
"12532"	"ENSG00000280214"	1.05990359653761
"12533"	"ENSG00000280216"	1.6205417248213
"12534"	"ENSG00000280239"	2.48149214014815
"12535"	"ENSG00000280248"	1.04369524441141
"12536"	"ENSG00000280255"	2.40242836561722
"12537"	"ENSG00000280268"	4.18068185873007
"12538"	"ENSG00000280269"	1.98467745227496
"12539"	"ENSG00000280276"	1.58486841555163
"12540"	"ENSG00000280285"	1.814738432567
"12541"	"ENSG00000280294"	2.47495008224057
"12542"	"ENSG00000280295"	2.55675520802336
"12543"	"ENSG00000280300"	7.57522799741163
"12544"	"ENSG00000280302"	5.23658183216569
"12545"	"ENSG00000280303"	1.54431905079016
"12546"	"ENSG00000280304"	3.81290939789732
"12547"	"ENSG00000280323"	4.85422914197701
"12548"	"ENSG00000280332"	2.21077802022581
"12549"	"ENSG00000280334"	2.87832786704423
"12550"	"ENSG00000280339"	3.58266088022728
"12551"	"ENSG00000280355"	1.39877712083301
"12552"	"ENSG00000280362"	2.49056334854326
"12553"	"ENSG00000280375"	2.49069117560628
"12554"	"ENSG00000280378"	1.91549040351246
"12555"	"ENSG00000280381"	2.47772348463513
"12556"	"ENSG00000280383"	1.38177569214602
"12557"	"ENSG00000280387"	1.3096680204885
"12558"	"ENSG00000280392"	1.38875817525754
"12559"	"ENSG00000280399"	1.37316574998807
"12560"	"ENSG00000280401"	2.39524783802928
"12561"	"ENSG00000280402"	1.88630767448234
"12562"	"ENSG00000280407"	3.81213453321436
"12563"	"ENSG00000280411"	4.39659691026595
"12564"	"ENSG00000280417"	1.52802657980541
"12565"	"ENSG00000280425"	1.87623744939299
"12566"	"ENSG00000280426"	1.68249417984227
"12567"	"ENSG00000280429"	3.99118286501377
"12568"	"ENSG00000280434"	3.20801294396953
"12569"	"ENSG00000280435"	2.76255152267729
"12570"	"ENSG00000280439"	6.31836828021098
"12571"	"ENSG00000280486"	1.29770207521058
"12572"	"ENSG00000280594"	2.03754484457166
"12573"	"ENSG00000280639"	2.80694854533352
"12574"	"ENSG00000280721"	1.39315074023017
"12575"	"ENSG00000280734"	2.31875683839173
"12576"	"ENSG00000280758"	2.17327482734868
"12577"	"ENSG00000280767"	1.17251499471607
"12578"	"ENSG00000280828"	6.50751295534477
"12579"	"ENSG00000280832"	1.19065041717004
"12580"	"ENSG00000280927"	2.29233654329271
"12581"	"ENSG00000281005"	1.90637811450014
"12582"	"ENSG00000281016"	2.00982079148764
"12583"	"ENSG00000281026"	2.91907429367585
"12584"	"ENSG00000281097"	1.13179513174001
"12585"	"ENSG00000281103"	1.35919315333923
"12586"	"ENSG00000281128"	1.97195726694605
"12587"	"ENSG00000281162"	1.12714874573948
"12588"	"ENSG00000281183"	2.66540065028147
"12589"	"ENSG00000281189"	3.07093244703286
"12590"	"ENSG00000281195"	2.51563091511248
"12591"	"ENSG00000281358"	6.3690741283906
"12592"	"ENSG00000281376"	4.7270886889777
"12593"	"ENSG00000281383"	2.28715685844441
"12594"	"ENSG00000281392"	1.37611702490591
"12595"	"ENSG00000281468"	1.17089827819175
"12596"	"ENSG00000281469"	1.17235676238171
"12597"	"ENSG00000281490"	2.35902951827281
"12598"	"ENSG00000281530"	1.32045830910093
"12599"	"ENSG00000281548"	4.35587016563015
"12600"	"ENSG00000281560"	2.50707127007422
"12601"	"ENSG00000281641"	3.56512241484231
"12602"	"ENSG00000281655"	2.08945073098231
"12603"	"ENSG00000281691"	2.49579163690971
"12604"	"ENSG00000281706"	1.69624787523553
"12605"	"ENSG00000281731"	1.43260068793975
"12606"	"ENSG00000281769"	6.51058155485766
"12607"	"ENSG00000281831"	2.49543281358923
"12608"	"ENSG00000281852"	1.44388754805469
"12609"	"ENSG00000281896"	9.86452449316328
"12610"	"ENSG00000281903"	2.39174572052671
"12611"	"ENSG00000281969"	3.99153854894468
"12612"	"ENSG00000281974"	4.9020659499737
"12613"	"ENSG00000281990"	4.070680457925
"12614"	"ENSG00000281991"	11.1184873916432
"12615"	"ENSG00000282022"	1.06447891190387
"12616"	"ENSG00000282122"	5.04373029010272
"12617"	"ENSG00000282164"	1.05865271645922
"12618"	"ENSG00000282221"	3.44955094862011
"12619"	"ENSG00000282375"	1.05476604914959
"12620"	"ENSG00000282386"	1.3529311814539
"12621"	"ENSG00000282393"	1.0513928373722
"12622"	"ENSG00000282458"	1.75966592330486
"12623"	"ENSG00000282556"	1.12125779299914
"12624"	"ENSG00000282572"	1.39185995767807
"12625"	"ENSG00000282600"	2.66943499625885
"12626"	"ENSG00000282608"	1.00262552467547
"12627"	"ENSG00000282639"	3.8461451471911
"12628"	"ENSG00000282651"	4.86842227550486
"12629"	"ENSG00000282692"	3.17963058435552
"12630"	"ENSG00000282728"	2.63208395597483
"12631"	"ENSG00000282787"	1.15059150489725
"12632"	"ENSG00000282840"	1.45061549312257
"12633"	"ENSG00000282855"	2.29145021257402
"12634"	"ENSG00000282860"	6.02143782337106
"12635"	"ENSG00000282885"	1.20010389586946
"12636"	"ENSG00000282897"	2.58073515139327
"12637"	"ENSG00000282933"	4.9201757144235
"12638"	"ENSG00000282939"	3.26358622879522
"12639"	"ENSG00000282943"	2.25915732974277
"12640"	"ENSG00000282977"	2.52126190381017
"12641"	"ENSG00000282980"	2.81065220087218
"12642"	"ENSG00000283000"	1.18470608389195
"12643"	"ENSG00000283020"	2.18917999743364
"12644"	"ENSG00000283031"	4.21326585106711
"12645"	"ENSG00000283051"	2.17777738967317
"12646"	"ENSG00000283064"	3.35999402515739
"12647"	"ENSG00000283071"	3.57157036593735
"12648"	"ENSG00000283078"	1.24002207698873
"12649"	"ENSG00000283098"	2.84805815337559
"12650"	"ENSG00000283101"	5.75991814278184
"12651"	"ENSG00000283103"	2.58813848266132
"12652"	"ENSG00000283122"	3.41433641506343
"12653"	"ENSG00000283141"	1.2928291502215
"12654"	"ENSG00000283148"	1.17534388319477
"12655"	"ENSG00000283154"	2.47757995849933
"12656"	"ENSG00000283162"	2.27123139484113
"12657"	"ENSG00000283175"	3.22272312972308
"12658"	"ENSG00000283213"	3.83287586581825
"12659"	"ENSG00000283240"	1.62149223906669
"12660"	"ENSG00000283259"	4.25368241531325
"12661"	"ENSG00000283267"	2.36875087143002
"12662"	"ENSG00000283342"	4.73323422634063
"12663"	"ENSG00000283345"	2.53263124722155
"12664"	"ENSG00000283355"	1.0878995908346
"12665"	"ENSG00000283375"	11.7021510347303
"12666"	"ENSG00000283378"	3.55823658640825
"12667"	"ENSG00000283383"	1.72588854276934
"12668"	"ENSG00000283426"	10.2703593813547
"12669"	"ENSG00000283429"	4.38822446671889
"12670"	"ENSG00000283440"	8.12859020374417
"12671"	"ENSG00000283445"	3.69888243134856
"12672"	"ENSG00000283473"	2.24896664108865
"12673"	"ENSG00000283475"	6.77712224982912
"12674"	"ENSG00000283491"	1.74090481736681
"12675"	"ENSG00000283498"	4.49683684051091
"12676"	"ENSG00000283503"	4.50606346769884
"12677"	"ENSG00000283526"	3.4615626417056
"12678"	"ENSG00000283597"	4.09792795263854
"12679"	"ENSG00000283602"	1.69979204437548
"12680"	"ENSG00000283635"	1.47652087145013
"12681"	"ENSG00000283646"	1.21386658125157
"12682"	"ENSG00000283674"	3.40606219798395
"12683"	"ENSG00000283787"	2.60632838989289
"12684"	"ENSG00000283849"	1.96935609893125
"12685"	"ENSG00000283886"	7.73508573034657
"12686"	"ENSG00000283906"	3.01110273480983
"12687"	"ENSG00000283907"	3.73081234814789
"12688"	"ENSG00000283914"	4.44378702408014
"12689"	"ENSG00000283928"	6.69966169955396
"12690"	"ENSG00000283945"	3.48346017179447
"12691"	"ENSG00000283992"	5.31311137360632
"12692"	"ENSG00000283994"	1.48860342502593
"12693"	"ENSG00000284024"	4.28413164430329
"12694"	"ENSG00000284048"	10.6433443808936
"12695"	"ENSG00000284052"	1.81833820118604
"12696"	"ENSG00000284117"	5.58841705885483
"12697"	"ENSG00000284237"	2.42500965059467
"12698"	"ENSG00000284308"	2.6294891375498
"12699"	"ENSG00000284395"	3.41030062216768
"12700"	"ENSG00000284428"	1.2340381328826
"12701"	"ENSG00000284430"	1.31631718372602
"12702"	"ENSG00000284458"	5.91498191204117
"12703"	"ENSG00000284471"	4.03878777262754
"12704"	"ENSG00000284543"	2.09417066592746
