3962	6263	0.228669
3886	6263	0.228669
1	6264	0.216903
6263	6264	0.216903
3063	6265	0.0806312
6264	6265	0.0806312
6265	6266	0.0327566
3273	6266	0.0327566
3219	6267	0.381257
5745	6267	0.381257
1782	6268	0.161317
5963	6268	0.161317
1086	6269	0.143295
6268	6269	0.143295
3051	6270	0.138104
6269	6270	0.138104
6267	6271	0.135638
2833	6271	0.135638
3275	6272	0.120951
6271	6272	0.120951
6270	6273	0.113536
6272	6273	0.113536
2370	6274	0.0699599
1283	6274	0.0699599
2015	6275	0.0607379
6274	6275	0.0607379
6273	6276	0.0570972
6275	6276	0.0570972
756	6277	0.156742
4008	6277	0.156742
5009	6278	0.136956
5335	6278	0.136956
1559	6279	0.132469
4168	6279	0.132469
6279	6280	0.127047
5878	6280	0.127047
3797	6281	0.0932901
6280	6281	0.0932901
6281	6282	0.0560386
1597	6282	0.0560386
6048	6283	0.0251558
6282	6283	0.0251558
2751	6284	0.243384
5069	6284	0.243384
313	6285	0.0993099
5583	6285	0.0993099
3288	6286	0.0913179
6285	6286	0.0913179
1952	6287	0.0355506
6286	6287	0.0355506
1167	6288	0.0234033
1993	6288	0.0234033
440	6289	0.0307086
1327	6289	0.0307086
5371	6290	0.0290784
1626	6290	0.0290784
809	6291	0.253623
1126	6291	0.253623
6291	6292	0.192679
1363	6292	0.192679
1237	6293	0.16815
4126	6293	0.16815
2594	6294	0.0224596
6293	6294	0.0224596
4022	6295	0.0340396
2696	6295	0.0340396
2759	6296	0.15862
4724	6296	0.15862
2710	6296	0.15862
6296	6297	0.0381527
2686	6297	0.0381527
269	6298	0.0649127
2425	6298	0.0649127
6298	6299	0.0557853
5	6299	0.0557853
4450	6300	0.0527107
2704	6300	0.0527107
6299	6300	0.0527107
3662	6301	0.115569
5455	6301	0.115569
3982	6302	0.0460359
2076	6302	0.0460359
5157	6303	0.0428581
6302	6303	0.0428581
6146	6304	0.0278915
5650	6304	0.0278915
2838	6305	0.0464971
4603	6305	0.0464971
6056	6306	0.0435646
3584	6306	0.0435646
3683	6307	0.0381867
5344	6307	0.0381867
2666	6308	0.0335401
1542	6308	0.0335401
1586	6309	0.805075
4596	6309	0.805075
3869	6310	0.208371
4774	6310	0.208371
6310	6311	0.1581
5458	6311	0.1581
6311	6312	0.128499
4387	6312	0.128499
6312	6313	0.112811
3678	6313	0.112811
6313	6314	0.0640832
1498	6314	0.0640832
6314	6315	0.0547918
4620	6315	0.0547918
679	6316	0.0510054
6315	6316	0.0510054
5600	6317	0.0500225
6316	6317	0.0500225
1691	6318	0.0232469
2557	6318	0.0232469
1686	6319	0.0219608
667	6319	0.0219608
3251	6320	0.0222149
1876	6320	0.0222149
4904	6321	0.0394445
5354	6321	0.0394445
6321	6322	0.0217573
3464	6322	0.0217573
2866	6323	0.145355
3497	6323	0.145355
6323	6324	0.0811846
277	6324	0.0811846
2802	6325	0.0891437
1547	6325	0.0891437
2436	6326	0.130864
3519	6326	0.130864
6326	6327	0.0968963
253	6327	0.0968963
1753	6328	0.0324904
6	6328	0.0324904
997	6329	0.021592
6328	6329	0.021592
5690	6330	0.180032
2353	6330	0.180032
5915	6331	0.0333026
6330	6331	0.0333026
2168	6332	0.0337512
4820	6332	0.0337512
567	6333	0.113381
2581	6333	0.113381
3394	6334	0.129565
1615	6334	0.129565
6333	6335	0.0832089
4505	6335	0.0832089
6334	6336	0.0731469
3502	6336	0.0731469
6335	6337	0.0712282
1320	6337	0.0712282
6337	6338	0.0684182
6336	6338	0.0684182
4783	6339	0.0654259
6338	6339	0.0654259
1951	6340	0.0968998
3175	6340	0.0968998
4461	6341	0.0918515
6340	6341	0.0918515
2293	6342	0.424431
3351	6342	0.424431
3726	6343	0.0266599
359	6343	0.0266599
4036	6344	0.0640072
5773	6344	0.0640072
5573	6345	0.0501009
1210	6345	0.0501009
4108	6346	0.0467395
6345	6346	0.0467395
2521	6347	0.118989
421	6347	0.118989
3792	6348	0.0239052
6347	6348	0.0239052
2680	6349	0.146732
4326	6349	0.146732
3236	6350	0.0626244
636	6350	0.0626244
3409	6351	0.0408963
3271	6351	0.0408963
2711	6352	0.0403652
6351	6352	0.0403652
12	6353	0.270155
5383	6353	0.270155
6353	6354	0.112532
149	6354	0.112532
6354	6355	0.0725311
2969	6355	0.0725311
6355	6356	0.0379362
1527	6356	0.0379362
1263	6357	0.959489
2369	6357	0.959489
6357	6358	0.242053
5284	6358	0.242053
812	6359	0.186777
3461	6359	0.186777
6359	6360	0.156114
2843	6360	0.156114
6358	6361	0.119109
6360	6361	0.119109
6361	6362	0.0773094
2497	6362	0.0773094
675	6363	0.073687
6362	6363	0.073687
6363	6364	0.0594812
932	6364	0.0594812
6364	6365	0.0583523
3972	6365	0.0583523
6365	6366	0.0547731
6045	6366	0.0547731
6366	6367	0.0408883
4678	6367	0.0408883
5967	6368	0.0380575
6367	6368	0.0380575
5709	6369	0.0376339
6368	6369	0.0376339
3076	6370	0.0319831
140	6370	0.0319831
3318	6371	0.0508666
6051	6371	0.0508666
6371	6372	0.0357923
5102	6372	0.0357923
5330	6373	0.0357345
6372	6373	0.0357345
6021	6374	0.101364
2134	6374	0.101364
1840	6375	0.118449
2254	6375	0.118449
5513	6376	0.0543463
3554	6376	0.0543463
6376	6377	0.0404989
2366	6377	0.0404989
4220	6378	0.0384379
6377	6378	0.0384379
6143	6379	0.246851
1328	6379	0.246851
1766	6380	0.23039
6379	6380	0.23039
1080	6381	0.0292389
1696	6381	0.0292389
6381	6382	0.0234614
2320	6382	0.0234614
1743	6383	0.0232917
6382	6383	0.0232917
2834	6384	0.0224631
6383	6384	0.0224631
445	6385	0.245226
4962	6385	0.245226
476	6385	0.245226
2423	6386	0.0373379
6385	6386	0.0373379
4369	6387	0.0342872
5645	6387	0.0342872
6189	6388	0.0584461
4684	6388	0.0584461
5821	6389	0.232315
1775	6389	0.232315
3560	6390	0.114438
4097	6390	0.114438
1539	6391	0.0414668
6390	6391	0.0414668
4646	6392	0.0254321
6391	6392	0.0254321
4725	6393	0.0533768
2647	6393	0.0533768
4391	6394	0.0441689
6393	6394	0.0441689
6394	6395	0.0309963
3034	6395	0.0309963
5361	6396	0.0248344
246	6396	0.0248344
525	6397	0.105004
1364	6397	0.105004
838	6398	0.0224846
4824	6398	0.0224846
388	6399	0.026817
4037	6399	0.026817
1928	6400	0.0264326
6399	6400	0.0264326
2877	6401	0.0575167
4544	6401	0.0575167
6401	6402	0.0254905
3135	6402	0.0254905
607	6403	0.104068
5593	6403	0.104068
2139	6404	0.21679
1984	6404	0.21679
3445	6405	0.213337
6404	6405	0.213337
6405	6406	0.131146
2764	6406	0.131146
4736	6407	0.0914631
5195	6407	0.0914631
5011	6408	0.346173
4954	6408	0.346173
6134	6409	0.0590448
211	6409	0.0590448
4895	6410	0.0834459
914	6410	0.0834459
6410	6411	0.0755543
3337	6411	0.0755543
3984	6412	0.0635735
6411	6412	0.0635735
6409	6413	0.0367084
3489	6413	0.0367084
6413	6414	0.0346309
5086	6414	0.0346309
6414	6415	0.029831
4081	6415	0.029831
6412	6416	0.0262955
6415	6416	0.0262955
4098	6417	0.0423564
2219	6417	0.0423564
4240	6418	0.225012
6133	6418	0.225012
869	6419	0.219946
4503	6419	0.219946
271	6420	0.0260381
4673	6420	0.0260381
3326	6421	0.127243
1886	6421	0.127243
4852	6422	0.287026
4165	6422	0.287026
4248	6423	0.0297327
6422	6423	0.0297327
4274	6424	0.193773
3365	6424	0.193773
777	6425	0.0415835
2469	6425	0.0415835
5521	6426	0.0927651
3782	6426	0.0927651
6426	6427	0.0452434
5928	6427	0.0452434
974	6428	0.029045
4252	6428	0.029045
3121	6429	0.0284474
6428	6429	0.0284474
2185	6430	0.0275175
6429	6430	0.0275175
4974	6431	0.0513963
3619	6431	0.0513963
5060	6432	0.10505
6052	6432	0.10505
4239	6433	0.229151
817	6433	0.229151
1567	6434	0.214081
6433	6434	0.214081
6434	6435	0.0360555
3904	6435	0.0360555
3640	6436	0.160094
2558	6436	0.160094
4	6437	0.134825
6436	6437	0.134825
6437	6438	0.132624
5310	6438	0.132624
4570	6439	0.0920321
3597	6439	0.0920321
6439	6440	0.0809661
329	6440	0.0809661
6440	6441	0.0590143
3659	6441	0.0590143
486	6442	0.0583371
6441	6442	0.0583371
3769	6443	0.0856154
463	6443	0.0856154
1269	6444	0.0654
6443	6444	0.0654
5487	6445	0.138331
2309	6445	0.138331
6445	6446	0.091591
1077	6446	0.091591
6446	6447	0.0896911
2014	6447	0.0896911
1900	6448	0.192431
2917	6448	0.192431
833	6449	0.113539
1717	6449	0.113539
6448	6450	0.0968486
6449	6450	0.0968486
5366	6451	0.273869
4542	6451	0.273869
6451	6452	0.117104
1528	6452	0.117104
5856	6453	0.107781
6452	6453	0.107781
2894	6454	0.105036
6453	6454	0.105036
4807	6455	0.104383
6454	6455	0.104383
510	6456	0.389232
713	6456	0.389232
5562	6456	0.389232
2167	6457	0.0906599
2713	6457	0.0906599
4253	6458	0.0842236
6447	6458	0.0842236
5182	6459	0.0851754
6457	6459	0.0851754
6458	6460	0.0682223
8	6460	0.0682223
6460	6461	0.0678056
1393	6461	0.0678056
6459	6462	0.0666236
6461	6462	0.0666236
6040	6463	0.0657252
6462	6463	0.0657252
6463	6464	0.0645641
2637	6464	0.0645641
1847	6465	0.0599872
6464	6465	0.0599872
6465	6466	0.056649
4056	6466	0.056649
6466	6467	0.0556921
4627	6467	0.0556921
6450	6468	0.0595123
2749	6468	0.0595123
6455	6469	0.0792494
621	6469	0.0792494
6456	6470	0.0557306
2140	6470	0.0557306
1176	6471	0.056102
5091	6471	0.056102
3757	6472	0.0540257
6240	6472	0.0540257
6467	6473	0.053484
1791	6473	0.053484
6473	6474	0.0514223
2306	6474	0.0514223
6469	6475	0.0508895
393	6475	0.0508895
6470	6476	0.0509775
5543	6476	0.0509775
6474	6477	0.0504438
6476	6477	0.0504438
6472	6478	0.0503946
6477	6478	0.0503946
2417	6479	0.0502932
6478	6479	0.0502932
6475	6480	0.0472126
6479	6480	0.0472126
2324	6481	0.0490318
1525	6481	0.0490318
5811	6482	0.0474479
2135	6482	0.0474479
6468	6483	0.0468671
6480	6483	0.0468671
6471	6484	0.0469332
6481	6484	0.0469332
5831	6485	0.0462063
6484	6485	0.0462063
6485	6486	0.0443523
6482	6486	0.0443523
6483	6487	0.04407
6486	6487	0.04407
1064	6488	0.0434151
6487	6488	0.0434151
1204	6489	0.0433423
6488	6489	0.0433423
6067	6490	0.0974119
4359	6490	0.0974119
6490	6491	0.0782232
6140	6491	0.0782232
2092	6492	0.0771636
6491	6492	0.0771636
2073	6493	0.072381
6492	6493	0.072381
6493	6494	0.0687225
6023	6494	0.0687225
6494	6495	0.0666034
6145	6495	0.0666034
6495	6496	0.0644148
4358	6496	0.0644148
6496	6497	0.0604235
3989	6497	0.0604235
6497	6498	0.0442082
16	6498	0.0442082
3265	6499	0.0597602
1762	6499	0.0597602
22	6500	0.0596631
6499	6500	0.0596631
371	6501	0.0431935
4439	6501	0.0431935
3282	6502	0.0439994
5277	6502	0.0439994
25	6503	0.0622818
5381	6503	0.0622818
6503	6504	0.0609481
4051	6504	0.0609481
4940	6505	0.142544
2029	6505	0.142544
2790	6506	0.152626
5717	6506	0.152626
6506	6507	0.14086
30	6507	0.14086
5183	6508	0.105416
6507	6508	0.105416
4865	6509	0.229904
1844	6509	0.229904
6508	6510	0.0785484
3060	6510	0.0785484
6509	6511	0.0781837
2707	6511	0.0781837
6510	6512	0.0658393
6511	6512	0.0658393
6512	6513	0.0602362
1189	6513	0.0602362
938	6514	0.0614285
1553	6514	0.0614285
2042	6515	0.0543897
6513	6515	0.0543897
2051	6516	0.0541239
6515	6516	0.0541239
6516	6517	0.0479711
4393	6517	0.0479711
541	6518	0.0542093
395	6518	0.0542093
6514	6519	0.048448
3144	6519	0.048448
6517	6520	0.0458721
6519	6520	0.0458721
6518	6521	0.0440835
6520	6521	0.0440835
6521	6522	0.0433416
2876	6522	0.0433416
184	6523	0.0428817
6522	6523	0.0428817
649	6524	0.0428208
6523	6524	0.0428208
5360	6525	0.267617
4502	6525	0.267617
3182	6526	0.191667
6525	6526	0.191667
6526	6527	0.170659
5072	6527	0.170659
6527	6528	0.144243
4793	6528	0.144243
6528	6529	0.118205
2650	6529	0.118205
6529	6530	0.0912611
5756	6530	0.0912611
6530	6531	0.0879997
911	6531	0.0879997
3636	6532	0.0599461
6531	6532	0.0599461
36	6533	0.057674
1404	6533	0.057674
6533	6534	0.050659
5214	6534	0.050659
3491	6535	0.151845
995	6535	0.151845
6535	6536	0.0622343
4346	6536	0.0622343
6536	6537	0.0549305
466	6537	0.0549305
3416	6538	0.0579748
6159	6538	0.0579748
6537	6539	0.046355
6538	6539	0.046355
2439	6540	0.201343
3065	6540	0.201343
3399	6541	0.0608565
2440	6541	0.0608565
6540	6542	0.0546266
6541	6542	0.0546266
1096	6543	0.0654991
1484	6543	0.0654991
6543	6544	0.0517444
4145	6544	0.0517444
1085	6545	0.0494621
6544	6545	0.0494621
3470	6546	0.044355
6545	6546	0.044355
2082	6547	0.0703727
2738	6547	0.0703727
3958	6548	0.100258
5328	6548	0.100258
5419	6549	0.10788
2627	6549	0.10788
2253	6550	0.103725
2832	6550	0.103725
6549	6551	0.0894627
6550	6551	0.0894627
5757	6552	0.0853908
6551	6552	0.0853908
2110	6553	0.0876307
4507	6553	0.0876307
6552	6554	0.0721562
6553	6554	0.0721562
3724	6555	0.0817973
1177	6555	0.0817973
6554	6556	0.0688981
6555	6556	0.0688981
260	6557	0.0820355
2475	6557	0.0820355
3974	6558	0.0681622
6557	6558	0.0681622
693	6559	0.109218
3447	6559	0.109218
6559	6560	0.0778652
3277	6560	0.0778652
1373	6561	0.165591
3292	6561	0.165591
2792	6562	0.0895152
5902	6562	0.0895152
6562	6563	0.0740395
6177	6563	0.0740395
6547	6564	0.0654074
1918	6564	0.0654074
6564	6565	0.063097
6560	6565	0.063097
79	6566	0.055435
930	6566	0.055435
6548	6567	0.055171
6566	6567	0.055171
1676	6568	0.0588703
394	6568	0.0588703
6556	6569	0.0569259
6568	6569	0.0569259
4834	6570	0.0580406
3331	6570	0.0580406
616	6571	0.0631498
166	6571	0.0631498
3340	6572	0.0555521
5370	6572	0.0555521
5505	6572	0.0555521
6571	6573	0.0548774
6572	6573	0.0548774
6561	6574	0.0628488
1574	6574	0.0628488
6558	6575	0.0591527
6574	6575	0.0591527
1351	6576	0.0577474
6575	6576	0.0577474
1106	6577	0.0575287
2201	6577	0.0575287
3569	6578	0.0646248
1472	6578	0.0646248
6578	6579	0.0640195
4721	6579	0.0640195
2741	6580	0.0608397
6579	6580	0.0608397
6231	6581	0.0622999
4831	6581	0.0622999
6569	6582	0.0491853
776	6582	0.0491853
6563	6583	0.0509797
5620	6583	0.0509797
6580	6584	0.0493424
6583	6584	0.0493424
981	6585	0.0520356
6577	6585	0.0520356
6576	6586	0.0516657
6585	6586	0.0516657
6586	6587	0.0511589
6581	6587	0.0511589
2675	6588	0.0506666
2241	6588	0.0506666
6567	6589	0.0506328
6588	6589	0.0506328
6589	6590	0.0495584
6587	6590	0.0495584
2275	6591	0.0517602
6573	6591	0.0517602
6584	6592	0.0482412
6590	6592	0.0482412
2116	6593	0.0461721
6592	6593	0.0461721
6582	6594	0.0458249
6593	6594	0.0458249
6565	6595	0.0451395
6594	6595	0.0451395
1063	6596	0.0481579
6591	6596	0.0481579
6596	6597	0.0476187
1297	6597	0.0476187
6595	6598	0.0449151
6597	6598	0.0449151
6570	6599	0.0439101
6598	6599	0.0439101
3711	6600	0.043646
6599	6600	0.043646
4731	6601	0.0432408
6600	6601	0.0432408
6601	6602	0.0430294
1047	6602	0.0430294
2634	6603	0.0487296
1904	6603	0.0487296
733	6604	0.0459582
6603	6604	0.0459582
6604	6605	0.0457175
3945	6605	0.0457175
6605	6606	0.0433653
1508	6606	0.0433653
5516	6607	0.0834349
4733	6607	0.0834349
1789	6608	0.171534
5036	6608	0.171534
6608	6609	0.0929066
2001	6609	0.0929066
2925	6610	0.0768181
6609	6610	0.0768181
4199	6611	0.076111
6610	6611	0.076111
6607	6612	0.0502382
61	6612	0.0502382
6611	6613	0.0465085
6612	6613	0.0465085
208	6614	0.0775883
1769	6614	0.0775883
67	6615	0.0724487
6614	6615	0.0724487
6615	6616	0.0644629
5404	6616	0.0644629
1144	6617	0.0631037
6616	6617	0.0631037
6617	6618	0.0458676
4951	6618	0.0458676
2463	6619	0.0914631
2062	6619	0.0914631
5625	6620	0.0912777
6619	6620	0.0912777
6620	6621	0.0659177
947	6621	0.0659177
4686	6622	0.0644255
6621	6622	0.0644255
6622	6623	0.0513293
5785	6623	0.0513293
6623	6624	0.0445871
4448	6624	0.0445871
4245	6625	0.0561117
5074	6625	0.0561117
69	6626	0.0554796
6625	6626	0.0554796
1599	6627	0.0570037
1600	6627	0.0570037
4128	6628	0.396678
3260	6628	0.396678
6628	6629	0.0628974
1338	6629	0.0628974
4644	6630	0.10258
3644	6630	0.10258
1423	6631	0.102057
6630	6631	0.102057
6631	6632	0.058413
953	6632	0.058413
3530	6633	0.0549695
6632	6633	0.0549695
2492	6634	0.0511558
6633	6634	0.0511558
4040	6635	0.0463228
5127	6635	0.0463228
6634	6636	0.0457335
6635	6636	0.0457335
3667	6637	0.064789
204	6637	0.064789
92	6638	0.0564872
5190	6638	0.0564872
6637	6639	0.0523287
6638	6639	0.0523287
2419	6640	0.0894489
4259	6640	0.0894489
2481	6641	0.0658973
2478	6641	0.0658973
6641	6642	0.0633911
3007	6642	0.0633911
6642	6643	0.0484076
558	6643	0.0484076
6640	6644	0.0482807
6643	6644	0.0482807
5759	6645	0.0441627
6046	6645	0.0441627
1395	6646	0.0432658
71	6646	0.0432658
5948	6647	0.0820642
6166	6647	0.0820642
6647	6648	0.0636642
3581	6648	0.0636642
6648	6649	0.0567153
3319	6649	0.0567153
4054	6650	0.113225
4275	6650	0.113225
1316	6651	0.0526771
760	6651	0.0526771
6650	6652	0.0502821
6651	6652	0.0502821
5429	6653	0.137191
1137	6653	0.137191
6653	6654	0.125592
3816	6654	0.125592
6654	6655	0.0904875
5108	6655	0.0904875
1104	6656	0.0612928
6655	6656	0.0612928
3035	6657	0.065203
1148	6657	0.065203
6656	6658	0.0608357
6657	6658	0.0608357
1349	6659	0.0600443
6658	6659	0.0600443
6659	6660	0.0521686
4877	6660	0.0521686
6660	6661	0.0468184
3642	6661	0.0468184
6661	6662	0.0452848
3215	6662	0.0452848
2814	6663	0.131282
2817	6663	0.131282
1911	6664	0.129682
2674	6664	0.129682
195	6665	0.0736946
3572	6665	0.0736946
3526	6666	0.0697737
6665	6666	0.0697737
6664	6667	0.0693183
6666	6667	0.0693183
6667	6668	0.0570383
3868	6668	0.0570383
6668	6669	0.0546447
4173	6669	0.0546447
764	6670	0.0494881
6669	6670	0.0494881
3829	6671	0.0997266
500	6671	0.0997266
82	6672	0.0986231
6671	6672	0.0986231
664	6673	0.0894608
814	6673	0.0894608
1343	6674	0.0773768
6673	6674	0.0773768
4687	6675	0.0768777
6674	6675	0.0768777
1720	6676	0.0851228
1490	6676	0.0851228
897	6677	0.0745136
6675	6677	0.0745136
6677	6678	0.0533559
2083	6678	0.0533559
4080	6679	0.0527607
6678	6679	0.0527607
6679	6680	0.0523383
6070	6680	0.0523383
1963	6681	0.0563031
1125	6681	0.0563031
6676	6682	0.0508329
6681	6682	0.0508329
5627	6683	0.0481222
6680	6683	0.0481222
6683	6684	0.0466976
1958	6684	0.0466976
6684	6685	0.0451877
6682	6685	0.0451877
1591	6686	0.0450819
6685	6686	0.0450819
2331	6687	0.0446885
6686	6687	0.0446885
6687	6688	0.0441416
5748	6688	0.0441416
3915	6689	0.0433278
6688	6689	0.0433278
1778	6690	0.388794
5685	6690	0.388794
6690	6691	0.045152
87	6691	0.045152
405	6692	0.101644
5287	6692	0.101644
3776	6693	0.0986506
6692	6693	0.0986506
93	6694	0.0985501
6693	6694	0.0985501
742	6695	0.0730956
2716	6695	0.0730956
6695	6696	0.0701049
1378	6696	0.0701049
1251	6697	0.365056
110	6697	0.365056
3784	6698	0.0486044
367	6698	0.0486044
6698	6699	0.045699
120	6699	0.045699
798	6700	0.055121
1515	6700	0.055121
3576	6701	0.0496683
1184	6701	0.0496683
6701	6702	0.0472728
5043	6702	0.0472728
6702	6703	0.0448456
3947	6703	0.0448456
1219	6704	0.0625195
3070	6704	0.0625195
6704	6705	0.053718
1067	6705	0.053718
771	6706	0.125804
1668	6706	0.125804
4109	6707	0.110867
6706	6707	0.110867
3824	6708	0.091862
5796	6708	0.091862
2281	6709	0.0972281
1429	6709	0.0972281
6707	6710	0.0879108
6709	6710	0.0879108
6710	6711	0.0856529
2070	6711	0.0856529
6708	6712	0.0779901
6711	6712	0.0779901
6147	6713	0.0703351
6712	6713	0.0703351
6713	6714	0.0633533
1654	6714	0.0633533
2940	6715	0.0599754
6714	6715	0.0599754
1880	6716	0.0438488
5315	6716	0.0438488
1590	6717	0.0993372
2103	6717	0.0993372
348	6718	0.0840074
877	6718	0.0840074
6717	6719	0.0804643
6718	6719	0.0804643
6719	6720	0.0502458
1298	6720	0.0502458
6720	6721	0.0459184
3456	6721	0.0459184
3303	6722	0.0470123
4066	6722	0.0470123
6721	6723	0.0433898
6722	6723	0.0433898
2244	6724	0.0933859
455	6724	0.0933859
6724	6725	0.0880395
5518	6725	0.0880395
4452	6726	0.077096
6725	6726	0.077096
856	6727	0.0975164
5940	6727	0.0975164
3552	6728	0.085778
6042	6728	0.085778
5680	6729	0.0609291
4735	6729	0.0609291
2186	6730	0.059009
6729	6730	0.059009
1603	6731	0.0588027
6730	6731	0.0588027
6731	6732	0.0498105
390	6732	0.0498105
6732	6733	0.0493378
6188	6733	0.0493378
4719	6734	0.0542487
4111	6734	0.0542487
4880	6735	0.0538148
6734	6735	0.0538148
673	6736	0.0533311
6095	6736	0.0533311
6735	6737	0.0536572
5184	6737	0.0536572
6736	6738	0.0520027
6737	6738	0.0520027
6738	6739	0.051653
1825	6739	0.051653
4622	6740	0.0477618
6739	6740	0.0477618
3838	6741	0.0444567
6740	6741	0.0444567
6741	6742	0.0441934
3232	6742	0.0441934
935	6743	0.0867239
5066	6743	0.0867239
2216	6744	0.0830131
6743	6744	0.0830131
4792	6745	0.0791102
6744	6745	0.0791102
6745	6746	0.0639896
2228	6746	0.0639896
6746	6747	0.0555127
1392	6747	0.0555127
6747	6748	0.0496683
1790	6748	0.0496683
5605	6749	0.0490282
6748	6749	0.0490282
5760	6750	0.172423
4555	6750	0.172423
6750	6751	0.128832
2380	6751	0.128832
6751	6752	0.0960698
1078	6752	0.0960698
6752	6753	0.0479491
160	6753	0.0479491
5286	6754	0.205775
1447	6754	0.205775
4534	6755	0.216429
3045	6755	0.216429
4843	6756	0.0847212
1288	6756	0.0847212
4690	6757	0.0532257
1867	6757	0.0532257
6068	6758	0.123165
5033	6758	0.123165
6239	6759	0.0587502
4989	6759	0.0587502
171	6760	0.0578171
6759	6760	0.0578171
1304	6761	0.106478
4138	6761	0.106478
3694	6762	0.233462
3018	6762	0.233462
6762	6763	0.141433
4833	6763	0.141433
6763	6764	0.0991287
3605	6764	0.0991287
6764	6765	0.093915
4408	6765	0.093915
6765	6766	0.0908415
172	6766	0.0908415
6766	6767	0.0875922
2027	6767	0.0875922
3500	6767	0.0875922
4647	6767	0.0875922
6761	6768	0.0735722
3195	6768	0.0735722
6767	6769	0.0844597
1941	6769	0.0844597
6769	6770	0.0761805
534	6770	0.0761805
6770	6771	0.0691044
4606	6771	0.0691044
6771	6772	0.0682296
3423	6772	0.0682296
6768	6773	0.0645712
6772	6773	0.0645712
5369	6774	0.0633757
6773	6774	0.0633757
5898	6775	0.0934785
5168	6775	0.0934785
353	6776	0.0770527
6775	6776	0.0770527
6776	6777	0.0740816
173	6777	0.0740816
1707	6778	0.128195
3278	6778	0.128195
4595	6779	0.173051
6160	6779	0.173051
2539	6780	0.099791
6778	6780	0.099791
6779	6781	0.100693
5919	6781	0.100693
6781	6782	0.0996647
1852	6782	0.0996647
3228	6783	0.0718327
6782	6783	0.0718327
6780	6784	0.0553724
3755	6784	0.0553724
6784	6785	0.0541434
3369	6785	0.0541434
6783	6786	0.0450487
2206	6786	0.0450487
6785	6787	0.0434924
6786	6787	0.0434924
1315	6788	0.060149
2021	6788	0.060149
1390	6789	0.0451708
6788	6789	0.0451708
1785	6790	0.326765
5316	6790	0.326765
6790	6791	0.300049
2732	6791	0.300049
4565	6792	0.0900027
327	6792	0.0900027
6792	6793	0.0840794
4559	6793	0.0840794
6793	6794	0.0779481
2796	6794	0.0779481
6794	6795	0.0766325
3039	6795	0.0766325
2765	6796	0.128571
4285	6796	0.128571
6795	6797	0.0599184
5016	6797	0.0599184
1773	6798	0.0577654
6797	6798	0.0577654
6798	6799	0.0531235
1324	6799	0.0531235
6796	6800	0.0559268
6137	6800	0.0559268
3702	6801	0.050006
6800	6801	0.050006
6799	6802	0.0486344
6801	6802	0.0486344
1317	6803	0.0476695
6802	6803	0.0476695
1206	6804	0.0462322
6803	6804	0.0462322
6804	6805	0.0436497
5655	6805	0.0436497
4323	6806	0.0506167
1623	6806	0.0506167
2364	6806	0.0506167
1740	6807	0.0564147
2422	6807	0.0564147
6807	6808	0.0543548
4415	6808	0.0543548
205	6809	0.0431858
3598	6809	0.0431858
206	6810	0.0662149
847	6810	0.0662149
6810	6811	0.0527844
1131	6811	0.0527844
210	6812	0.0631017
518	6812	0.0631017
1042	6813	0.0712386
2314	6813	0.0712386
878	6814	0.0883973
2766	6814	0.0883973
6814	6815	0.0619203
3139	6815	0.0619203
6815	6816	0.0602929
2390	6816	0.0602929
6816	6817	0.0531669
2124	6817	0.0531669
6817	6818	0.0502286
4374	6818	0.0502286
6818	6819	0.0473538
4413	6819	0.0473538
4110	6820	0.0723614
3066	6820	0.0723614
5656	6821	0.118806
222	6821	0.118806
6821	6822	0.0883802
2879	6822	0.0883802
342	6823	0.075939
6822	6823	0.075939
225	6824	0.0738643
5463	6824	0.0738643
2723	6825	0.0761884
230	6825	0.0761884
3099	6826	0.125316
235	6826	0.125316
5935	6827	0.0766488
5146	6827	0.0766488
6827	6828	0.0711808
5865	6828	0.0711808
3116	6829	0.0835461
870	6829	0.0835461
2382	6830	0.102104
4265	6830	0.102104
281	6831	0.0551432
6829	6831	0.0551432
6830	6832	0.0665743
5838	6832	0.0665743
6832	6833	0.0544698
2223	6833	0.0544698
3115	6834	0.0541905
6831	6834	0.0541905
6834	6835	0.0533816
6833	6835	0.0533816
6828	6836	0.0588531
4618	6836	0.0588531
6249	6837	0.0531383
6835	6837	0.0531383
6219	6838	0.0511599
6837	6838	0.0511599
6838	6839	0.0472656
6836	6839	0.0472656
6839	6840	0.047137
708	6840	0.047137
4526	6841	0.0699766
3624	6841	0.0699766
6841	6842	0.0631128
3651	6842	0.0631128
6842	6843	0.0473578
4495	6843	0.0473578
6843	6844	0.0429875
3846	6844	0.0429875
3342	6845	0.0977931
288	6845	0.0977931
6845	6846	0.0741734
3777	6846	0.0741734
383	6847	0.0612341
3814	6847	0.0612341
295	6848	0.212421
3014	6848	0.212421
6848	6849	0.0656816
2777	6849	0.0656816
5720	6850	0.0618074
6849	6850	0.0618074
4086	6851	0.174318
3858	6851	0.174318
4524	6852	0.0616792
4405	6852	0.0616792
6852	6853	0.0536209
2061	6853	0.0536209
6851	6854	0.0660932
3929	6854	0.0660932
6854	6855	0.0445486
6853	6855	0.0445486
6855	6856	0.0438505
2684	6856	0.0438505
544	6857	0.0520398
308	6857	0.0520398
6857	6858	0.0494072
5775	6858	0.0494072
311	6859	0.0575293
4832	6859	0.0575293
2791	6860	0.0920274
5415	6860	0.0920274
3214	6861	0.056258
4694	6861	0.056258
6861	6862	0.0562543
2784	6862	0.0562543
6862	6863	0.0531346
4073	6863	0.0531346
6863	6864	0.0440584
320	6864	0.0440584
4481	6865	0.318686
5341	6865	0.318686
6865	6866	0.0588948
1032	6866	0.0588948
479	6867	0.0574331
6866	6867	0.0574331
829	6868	0.0504134
6867	6868	0.0504134
705	6869	0.0899352
3341	6869	0.0899352
6869	6870	0.0788963
1209	6870	0.0788963
1075	6871	0.0757347
5500	6871	0.0757347
6871	6872	0.067837
6870	6872	0.067837
3908	6873	0.0677541
6872	6873	0.0677541
6873	6874	0.0636892
1680	6874	0.0636892
6874	6875	0.0507054
2822	6875	0.0507054
6875	6876	0.0466206
2599	6876	0.0466206
2524	6877	0.0990686
364	6877	0.0990686
1950	6878	0.0464519
377	6878	0.0464519
3112	6879	0.123632
412	6879	0.123632
6879	6880	0.101458
3595	6880	0.101458
6880	6881	0.0885561
3285	6881	0.0885561
4966	6882	0.226818
2703	6882	0.226818
1549	6883	0.0480852
416	6883	0.0480852
5345	6884	0.0436192
4822	6884	0.0436192
1917	6885	0.0702915
1583	6885	0.0702915
3408	6886	0.0906072
4309	6886	0.0906072
5551	6887	0.165422
4437	6887	0.165422
2345	6888	0.162251
6887	6888	0.162251
6888	6889	0.0731513
4494	6889	0.0731513
6885	6890	0.0696929
1103	6890	0.0696929
6886	6891	0.0652629
6890	6891	0.0652629
432	6892	0.0646926
6891	6892	0.0646926
1223	6893	0.0661765
538	6893	0.0661765
6889	6894	0.0638932
3023	6894	0.0638932
6892	6895	0.0546765
5510	6895	0.0546765
6894	6896	0.0564955
3247	6896	0.0564955
6893	6897	0.0480576
6896	6897	0.0480576
6895	6898	0.047496
6897	6898	0.047496
4224	6899	0.047014
6898	6899	0.047014
4763	6900	0.275348
2848	6900	0.275348
6900	6901	0.169028
5124	6901	0.169028
2991	6902	0.149298
6901	6902	0.149298
2536	6903	0.135947
6902	6903	0.135947
3257	6904	0.127045
6903	6904	0.127045
2137	6905	0.131698
1627	6905	0.131698
6904	6906	0.118292
1267	6906	0.118292
6906	6907	0.10701
5410	6907	0.10701
6907	6908	0.101878
2504	6908	0.101878
6905	6909	0.0763803
6908	6909	0.0763803
6909	6910	0.0595824
765	6910	0.0595824
6910	6911	0.0478459
1358	6911	0.0478459
437	6912	0.0429627
6911	6912	0.0429627
3435	6913	0.153496
443	6913	0.153496
2450	6914	0.0971865
1186	6914	0.0971865
5468	6915	0.0682391
5855	6915	0.0682391
5644	6916	0.0662596
6915	6916	0.0662596
6916	6917	0.0439276
4120	6917	0.0439276
3124	6918	0.0630406
3385	6918	0.0630406
2529	6919	0.0608423
6918	6919	0.0608423
2444	6920	0.060783
6919	6920	0.060783
2203	6921	0.0607238
6920	6921	0.0607238
2775	6922	0.0598917
6921	6922	0.0598917
1022	6923	0.093194
828	6923	0.093194
6923	6924	0.0915793
1034	6924	0.0915793
4256	6925	0.0883571
6924	6925	0.0883571
6925	6926	0.0673377
4386	6926	0.0673377
5120	6927	0.0780583
3095	6927	0.0780583
2344	6928	0.0524769
1031	6928	0.0524769
6131	6929	0.0703835
6927	6929	0.0703835
6929	6930	0.0481231
2434	6930	0.0481231
6928	6931	0.0473401
6930	6931	0.0473401
4397	6932	0.0823214
5014	6932	0.0823214
6932	6933	0.0732416
2844	6933	0.0732416
3387	6934	0.0712274
6933	6934	0.0712274
628	6935	0.0547107
3465	6935	0.0547107
1340	6936	0.122836
2662	6936	0.122836
6936	6937	0.0805633
627	6937	0.0805633
6937	6938	0.0669667
804	6938	0.0669667
1551	6939	0.0430865
1683	6939	0.0430865
2957	6940	0.0643624
2394	6940	0.0643624
1207	6941	0.0605666
5465	6941	0.0605666
6940	6942	0.0550127
6941	6942	0.0550127
6942	6943	0.049879
2631	6943	0.049879
3245	6944	0.048448
6943	6944	0.048448
6944	6945	0.0433028
3467	6945	0.0433028
2985	6946	0.0610093
5765	6946	0.0610093
1872	6947	0.0571628
6946	6947	0.0571628
4423	6948	0.0508251
5445	6948	0.0508251
6947	6948	0.0508251
4872	6949	0.0470622
6948	6949	0.0470622
898	6950	0.126276
6153	6950	0.126276
5920	6951	0.171581
5309	6951	0.171581
1636	6952	0.0464056
596	6952	0.0464056
3774	6953	0.0551139
598	6953	0.0551139
5651	6954	0.0914714
5972	6954	0.0914714
6954	6955	0.0708288
600	6955	0.0708288
6955	6956	0.0459459
3191	6956	0.0459459
6066	6957	0.160326
5203	6957	0.160326
6957	6958	0.114477
5223	6958	0.114477
6958	6959	0.0660002
5368	6959	0.0660002
6959	6960	0.0574098
5186	6960	0.0574098
3959	6961	0.0541396
3820	6961	0.0541396
3617	6962	0.0532551
6961	6962	0.0532551
4294	6963	0.0501786
6962	6963	0.0501786
6960	6964	0.0500825
3448	6964	0.0500825
6963	6965	0.0483391
6964	6965	0.0483391
1662	6966	0.0816275
5143	6966	0.0816275
4113	6967	0.0436192
939	6967	0.0436192
5634	6968	0.0754571
1172	6968	0.0754571
6968	6969	0.0519892
2746	6969	0.0519892
6969	6970	0.0446714
623	6970	0.0446714
645	6971	0.11524
1398	6971	0.11524
6971	6972	0.0456447
1397	6972	0.0456447
5534	6973	0.132002
826	6973	0.132002
1806	6974	0.0650158
6973	6974	0.0650158
6974	6975	0.0606458
4075	6975	0.0606458
6975	6976	0.0491199
661	6976	0.0491199
6976	6977	0.0470327
3184	6977	0.0470327
670	6978	0.0759243
1061	6978	0.0759243
6978	6979	0.0618677
5453	6979	0.0618677
6979	6980	0.0593414
3457	6980	0.0593414
6980	6981	0.0520369
2988	6981	0.0520369
6981	6982	0.05113
4611	6982	0.05113
2300	6983	0.0516657
2937	6983	0.0516657
677	6984	0.0629266
3807	6984	0.0629266
4029	6985	0.0508243
6983	6985	0.0508243
6985	6986	0.0485895
6984	6986	0.0485895
695	6987	0.0851529
2700	6987	0.0851529
4035	6988	0.066361
6987	6988	0.066361
6988	6989	0.0615478
2273	6989	0.0615478
6989	6990	0.0614087
3316	6990	0.0614087
6990	6991	0.0565002
983	6991	0.0565002
5754	6992	0.0614692
3867	6992	0.0614692
4643	6993	0.0919308
5269	6993	0.0919308
6993	6994	0.0687355
4475	6994	0.0687355
6994	6995	0.0440854
5256	6995	0.0440854
4976	6996	0.043612
725	6996	0.043612
736	6997	0.045991
1851	6997	0.045991
2490	6998	0.0457852
6997	6998	0.0457852
5527	6999	0.0538292
743	6999	0.0538292
6999	7000	0.0519499
4863	7000	0.0519499
763	7001	0.0638596
4567	7001	0.0638596
769	7002	0.133568
4257	7002	0.133568
1265	7003	0.0513655
5205	7003	0.0513655
4869	7004	0.0992842
4385	7004	0.0992842
5538	7005	0.0701786
2255	7005	0.0701786
7005	7006	0.0683159
5964	7006	0.0683159
7006	7007	0.0563931
6083	7007	0.0563931
1921	7008	0.0453146
4867	7008	0.0453146
810	7009	0.0436487
7008	7009	0.0436487
820	7010	0.0601935
4328	7010	0.0601935
4518	7011	0.0968383
2052	7011	0.0968383
7011	7012	0.0708596
1959	7012	0.0708596
7012	7013	0.0496093
5889	7013	0.0496093
4463	7014	0.116098
5790	7014	0.116098
7014	7015	0.0926607
2608	7015	0.0926607
7015	7016	0.0683445
879	7016	0.0683445
7016	7017	0.054894
1861	7017	0.054894
886	7018	0.302667
5352	7018	0.302667
5263	7019	0.0672987
888	7019	0.0672987
1856	7020	0.100691
4312	7020	0.100691
5231	7021	0.0539119
3466	7021	0.0539119
5810	7022	0.39174
2069	7022	0.39174
4538	7023	0.118651
5955	7023	0.118651
7023	7024	0.0642136
1175	7024	0.0642136
893	7025	0.0622859
7024	7025	0.0622859
7025	7026	0.0503506
2183	7026	0.0503506
3226	7027	0.0492953
7026	7027	0.0492953
7027	7028	0.0448132
5475	7028	0.0448132
3948	7029	0.0621497
900	7029	0.0621497
3611	7030	0.0698778
910	7030	0.0698778
2781	7031	0.0703551
5932	7031	0.0703551
7030	7032	0.0573658
1008	7032	0.0573658
7031	7033	0.0525302
7032	7033	0.0525302
7033	7034	0.0509187
5336	7034	0.0509187
917	7035	0.175739
1843	7035	0.175739
1377	7036	0.0452126
942	7036	0.0452126
7036	7037	0.0436627
1736	7037	0.0436627
1092	7038	0.169215
975	7038	0.169215
5520	7039	0.233578
1250	7039	0.233578
4921	7040	0.205159
7039	7040	0.205159
7040	7041	0.176211
5951	7041	0.176211
3443	7042	0.101292
7041	7042	0.101292
2232	7043	0.0517843
4501	7043	0.0517843
2048	7044	0.0513651
7043	7044	0.0513651
2389	7045	0.102874
1019	7045	0.102874
5481	7046	0.0474329
2122	7046	0.0474329
7046	7047	0.0444851
1044	7047	0.0444851
5139	7048	0.0793771
1050	7048	0.0793771
2748	7049	0.0996755
1055	7049	0.0996755
3991	7050	0.0463928
1710	7050	0.0463928
7050	7051	0.0431138
5858	7051	0.0431138
5962	7052	0.163179
2316	7052	0.163179
7052	7053	0.0821685
1069	7053	0.0821685
7053	7054	0.0672019
6001	7054	0.0672019
4371	7055	0.0587678
1074	7055	0.0587678
7055	7056	0.0496639
2388	7056	0.0496639
5512	7057	0.148658
3688	7057	0.148658
1099	7058	0.148261
7057	7058	0.148261
2355	7059	0.102854
4141	7059	0.102854
7058	7060	0.0706019
3687	7060	0.0706019
7059	7061	0.0671653
7060	7061	0.0671653
3332	7062	0.258954
5296	7062	0.258954
6120	7063	0.0484585
1113	7063	0.0484585
6109	7064	0.0536522
1134	7064	0.0536522
1141	7065	0.0888199
5142	7065	0.0888199
7065	7066	0.0713029
1190	7066	0.0713029
5615	7067	0.0459266
1151	7067	0.0459266
4641	7068	0.172904
1161	7068	0.172904
1794	7069	0.0688665
1160	7069	0.0688665
7068	7070	0.0674871
7069	7070	0.0674871
7070	7071	0.0563992
1894	7071	0.0563992
7071	7072	0.0500238
4443	7072	0.0500238
2050	7073	0.0636418
1244	7073	0.0636418
2462	7074	0.0771525
2660	7074	0.0771525
3080	7075	0.0756104
3108	7075	0.0756104
1795	7075	0.0756104
7075	7076	0.0602465
1170	7076	0.0602465
1863	7077	0.0564685
7076	7077	0.0564685
7077	7078	0.0516169
3783	7078	0.0516169
3634	7079	0.0996909
1946	7079	0.0996909
7079	7080	0.0905529
1531	7080	0.0905529
7080	7081	0.0709262
4477	7081	0.0709262
3370	7082	0.0677024
2871	7082	0.0677024
3546	7083	0.0653185
1197	7083	0.0653185
7082	7084	0.0653131
7083	7084	0.0653131
7084	7085	0.0637052
3727	7085	0.0637052
7085	7086	0.0623281
3666	7086	0.0623281
7081	7087	0.061404
7086	7087	0.061404
7087	7088	0.0547858
3547	7088	0.0547858
1576	7089	0.0608644
1225	7089	0.0608644
6232	7090	0.152093
5978	7090	0.152093
7090	7091	0.0846521
1245	7091	0.0846521
7091	7092	0.0493599
3911	7092	0.0493599
5809	7093	0.0678969
1287	7093	0.0678969
4023	7094	0.0450473
1307	7094	0.0450473
2619	7095	0.121959
1319	7095	0.121959
4556	7096	0.171795
4557	7096	0.171795
7096	7097	0.170324
4519	7097	0.170324
7097	7098	0.0928359
2780	7098	0.0928359
2341	7099	0.089707
7098	7099	0.089707
7099	7100	0.0848356
1331	7100	0.0848356
6059	7101	0.0457435
1361	7101	0.0457435
3848	7102	0.129646
2257	7102	0.129646
7102	7103	0.0638177
1936	7103	0.0638177
7103	7104	0.0444421
3156	7104	0.0444421
1380	7105	0.0467446
1438	7105	0.0467446
4460	7106	0.0840518
4301	7106	0.0840518
5227	7107	0.0721996
5678	7107	0.0721996
7107	7108	0.0601258
1933	7108	0.0601258
3610	7109	0.18342
5173	7109	0.18342
7109	7110	0.142995
1441	7110	0.142995
7110	7111	0.131402
4344	7111	0.131402
6141	7112	0.0938747
5747	7112	0.0938747
7112	7113	0.0709063
7111	7113	0.0709063
1466	7114	0.0476811
2528	7114	0.0476811
2351	7115	0.0556192
5061	7115	0.0556192
5482	7116	0.0462635
7115	7116	0.0462635
2445	7117	0.0742683
1476	7117	0.0742683
7117	7118	0.044681
4221	7118	0.044681
5342	7119	0.0817004
3638	7119	0.0817004
7119	7120	0.0695022
1977	7120	0.0695022
1523	7121	0.059053
4122	7121	0.059053
7120	7122	0.0541694
7121	7122	0.0541694
4527	7123	0.0445468
5063	7123	0.0445468
5238	7124	0.0432745
1657	7124	0.0432745
5531	7125	0.0771804
2263	7125	0.0771804
5706	7126	0.0540934
5219	7126	0.0540934
4530	7127	0.0529534
1714	7127	0.0529534
7126	7128	0.0452107
7127	7128	0.0452107
2379	7129	0.0943222
3105	7129	0.0943222
7129	7130	0.0876746
2378	7130	0.0876746
1721	7131	0.0779196
7130	7131	0.0779196
4917	7132	0.0627158
5977	7132	0.0627158
5226	7133	0.0685492
4166	7133	0.0685492
7133	7134	0.0561762
5828	7134	0.0561762
7132	7135	0.048929
7134	7135	0.048929
2117	7136	0.0488588
3583	7136	0.0488588
4072	7137	0.0480922
7136	7137	0.0480922
3166	7138	0.0457588
7137	7138	0.0457588
2801	7139	0.0456004
7138	7139	0.0456004
4473	7140	0.109476
3120	7140	0.109476
5559	7141	0.164159
4837	7141	0.164159
1879	7142	0.0909359
5536	7142	0.0909359
5654	7143	0.505073
5545	7143	0.505073
7143	7144	0.450155
5402	7144	0.450155
7144	7145	0.35431
6092	7145	0.35431
7145	7146	0.22492
4648	7146	0.22492
2288	7147	0.145926
3971	7147	0.145926
7147	7148	0.0957067
5236	7148	0.0957067
3311	7149	0.0513293
1893	7149	0.0513293
5246	7150	0.0674128
4353	7150	0.0674128
7150	7151	0.0635252
1909	7151	0.0635252
4773	7152	0.0450685
1942	7152	0.0450685
5479	7153	0.0679798
2522	7153	0.0679798
4134	7154	0.0671181
7153	7154	0.0671181
3922	7155	0.0669154
7154	7155	0.0669154
5084	7156	0.0429469
3089	7156	0.0429469
4194	7157	0.187699
2047	7157	0.187699
4492	7158	0.307589
2180	7158	0.307589
2286	7159	0.0774555
6028	7159	0.0774555
5850	7160	0.0712109
7159	7160	0.0712109
7160	7161	0.0471019
2510	7161	0.0471019
3050	7162	0.0733474
3719	7162	0.0733474
2377	7163	0.0436249
2868	7163	0.0436249
4997	7164	0.0755171
2778	7164	0.0755171
4421	7165	0.0467031
2610	7165	0.0467031
4666	7166	0.0642649
4842	7166	0.0642649
4922	7167	0.0479441
2793	7167	0.0479441
3741	7168	0.245738
2830	7168	0.245738
5674	7169	0.0439937
2853	7169	0.0439937
3527	7170	0.0911815
5012	7170	0.0911815
7170	7171	0.0472002
2878	7171	0.0472002
5780	7172	0.157003
4533	7172	0.157003
4441	7173	0.0778408
2908	7173	0.0778408
6234	7174	0.0774956
7173	7174	0.0774956
7174	7175	0.0630928
3898	7175	0.0630928
3594	7176	0.105093
3003	7176	0.105093
4026	7177	0.0825362
7176	7177	0.0825362
3036	7178	0.0481408
5677	7178	0.0481408
3477	7179	0.05252
4337	7179	0.05252
5121	7180	0.0441416
4394	7180	0.0441416
4965	7181	0.0478936
4206	7181	0.0478936
5469	7182	0.17932
5026	7182	0.17932
7182	7183	0.0445368
4996	7183	0.0445368
7161	7184	0.0298094
5201	7184	0.0298094
1862	7185	0.0293265
7184	7185	0.0293265
6504	7186	0.0360091
3047	7186	0.0360091
4932	7187	0.0312085
3266	7187	0.0312085
7186	7188	0.0304269
7187	7188	0.0304269
4087	7189	0.0304157
7188	7189	0.0304157
2560	7190	0.0295527
372	7190	0.0295527
6808	7191	0.0288528
7190	7191	0.0288528
7189	7192	0.0287424
7191	7192	0.0287424
6728	7193	0.0305555
6977	7193	0.0305555
234	7194	0.032807
4222	7194	0.032807
1446	7195	0.031644
7194	7195	0.031644
7135	7196	0.0357661
4846	7196	0.0357661
5062	7197	0.0316573
7196	7197	0.0316573
7163	7198	0.0354612
5949	7198	0.0354612
2922	7199	0.0366116
6913	7199	0.0366116
589	7200	0.0335238
5324	7200	0.0335238
5382	7201	0.0423848
7180	7201	0.0423848
7201	7202	0.0389168
4079	7202	0.0389168
5713	7203	0.0332423
7202	7203	0.0332423
4830	7204	0.0322944
2294	7204	0.0322944
7203	7204	0.0322944
7028	7205	0.0367023
5007	7205	0.0367023
7022	7206	0.0283079
7205	7206	0.0283079
7131	7207	0.0413393
7169	7207	0.0413393
1935	7208	0.0413032
7207	7208	0.0413032
7208	7209	0.0398157
4905	7209	0.0398157
2200	7210	0.0380662
7209	7210	0.0380662
7045	7211	0.0377594
7210	7211	0.0377594
7211	7212	0.0375348
5019	7212	0.0375348
7212	7213	0.0300229
5607	7213	0.0300229
2861	7214	0.0285695
7213	7214	0.0285695
7214	7215	0.0281066
3078	7215	0.0281066
3973	7216	0.0319197
811	7216	0.0319197
1812	7217	0.0399858
5355	7217	0.0399858
1016	7218	0.0420882
5349	7218	0.0420882
1212	7219	0.0387355
7218	7219	0.0387355
7217	7220	0.0350659
7219	7220	0.0350659
7220	7221	0.0328951
1522	7221	0.0328951
7221	7222	0.0302614
1697	7222	0.0302614
7222	7223	0.0293141
3906	7223	0.0293141
7116	7224	0.0397939
1746	7224	0.0397939
6953	7225	0.0397722
7224	7225	0.0397722
7092	7226	0.0355777
4667	7226	0.0355777
7225	7227	0.0351085
7118	7227	0.0351085
7227	7228	0.0333046
7226	7228	0.0333046
7228	7229	0.0332835
4191	7229	0.0332835
6505	7230	0.0295558
2945	7230	0.0295558
5119	7231	0.0420513
6524	7231	0.0420513
28	7232	0.0343512
2308	7232	0.0343512
7231	7233	0.02944
7232	7233	0.02944
7233	7234	0.028336
517	7234	0.028336
3299	7235	0.0313283
3463	7235	0.0313283
6757	7236	0.0419276
5942	7236	0.0419276
6758	7237	0.0385281
7236	7237	0.0385281
3884	7238	0.041706
2151	7238	0.041706
6934	7239	0.0366575
2527	7239	0.0366575
7073	7240	0.0418627
2567	7240	0.0418627
7240	7241	0.0406653
1163	7241	0.0406653
4991	7242	0.0409512
4584	7242	0.0409512
6972	7243	0.040066
7241	7243	0.040066
7243	7244	0.0398171
7242	7244	0.0398171
6864	7245	0.0390911
4043	7245	0.0390911
4162	7246	0.0381035
7244	7246	0.0381035
7245	7247	0.0365591
2994	7247	0.0365591
7247	7248	0.0358667
7246	7248	0.0358667
6705	7249	0.0313759
132	7249	0.0313759
1488	7250	0.0309979
7249	7250	0.0309979
6850	7251	0.0321108
5724	7251	0.0321108
1312	7252	0.0316645
7251	7252	0.0316645
7001	7253	0.0397436
3613	7253	0.0397436
3725	7254	0.0387275
7253	7254	0.0387275
7007	7255	0.0351784
5903	7255	0.0351784
7004	7256	0.0351069
7255	7256	0.0351069
44	7257	0.0333205
7256	7257	0.0333205
470	7258	0.0420423
6662	7258	0.0420423
6812	7259	0.0381576
4723	7259	0.0381576
7	7260	0.0376603
7088	7260	0.0376603
592	7261	0.0374353
7260	7261	0.0374353
7259	7262	0.0368467
7261	7262	0.0368467
6689	7263	0.0388589
6691	7263	0.0388589
2004	7264	0.0370789
7263	7264	0.0370789
7264	7265	0.0368071
1947	7265	0.0368071
6489	7266	0.0396412
3887	7266	0.0396412
7266	7267	0.0389941
5866	7267	0.0389941
967	7268	0.0422409
6539	7268	0.0422409
6602	7269	0.0425021
3302	7269	0.0425021
4373	7270	0.0417531
7269	7270	0.0417531
3400	7271	0.0416063
7270	7271	0.0416063
1127	7272	0.0414376
7271	7272	0.0414376
7268	7273	0.0405507
7272	7273	0.0405507
6546	7274	0.0398487
7273	7274	0.0398487
6649	7275	0.040383
4779	7275	0.040383
7274	7276	0.0391369
7275	7276	0.0391369
1114	7277	0.0388976
7276	7277	0.0388976
6542	7278	0.0388341
7277	7278	0.0388341
7108	7279	0.0411098
4912	7279	0.0411098
2865	7280	0.0425729
3768	7280	0.0425729
7104	7281	0.0404468
3563	7281	0.0404468
2467	7282	0.0419513
1368	7282	0.0419513
7281	7283	0.0400426
7282	7283	0.0400426
4948	7284	0.0386083
3354	7284	0.0386083
7267	7285	0.0386055
7278	7285	0.0386055
7284	7285	0.0386055
7285	7286	0.0384033
3723	7286	0.0384033
5295	7287	0.0385834
7283	7287	0.0385834
5563	7288	0.0384122
7287	7288	0.0384122
6259	7289	0.0373748
7286	7289	0.0373748
7289	7290	0.0372074
7288	7290	0.0372074
7279	7291	0.0367154
7290	7291	0.0367154
7291	7292	0.036668
3059	7292	0.036668
4499	7293	0.0365156
7292	7293	0.0365156
7293	7294	0.0357036
7051	7294	0.0357036
7294	7295	0.0356352
1041	7295	0.0356352
7295	7296	0.0354592
2007	7296	0.0354592
7296	7297	0.035325
2304	7297	0.035325
7297	7298	0.0351939
7128	7298	0.0351939
7280	7299	0.0351684
7298	7299	0.0351684
7299	7300	0.0345087
3000	7300	0.0345087
2578	7301	0.0344815
7300	7301	0.0344815
2002	7302	0.0413123
6883	7302	0.0413123
6882	7303	0.0408223
7302	7303	0.0408223
4299	7304	0.0399815
7303	7304	0.0399815
3367	7305	0.0397548
7304	7305	0.0397548
7305	7306	0.0368448
10	7306	0.0368448
1689	7307	0.0419828
4988	7307	0.0419828
1705	7308	0.0364265
3969	7308	0.0364265
7306	7309	0.0357329
7308	7309	0.0357329
6899	7310	0.0356005
5271	7310	0.0356005
7307	7311	0.035322
5292	7311	0.035322
7310	7312	0.0346524
7311	7312	0.0346524
7309	7313	0.0344678
7312	7313	0.0344678
6805	7314	0.0396036
6223	7314	0.0396036
6998	7315	0.0397807
2653	7315	0.0397807
7314	7316	0.0394284
7315	7316	0.0394284
6498	7317	0.0423279
5816	7317	0.0423279
5544	7318	0.0387272
7317	7318	0.0387272
109	7319	0.0385396
7318	7319	0.0385396
6171	7320	0.0383342
7319	7320	0.0383342
7316	7321	0.0382956
7320	7321	0.0382956
7321	7322	0.0380652
3446	7322	0.0380652
6824	7323	0.0374726
551	7323	0.0374726
992	7324	0.0368884
7323	7324	0.0368884
7322	7325	0.0366705
7324	7325	0.0366705
6995	7326	0.035985
4262	7326	0.035985
7326	7327	0.0349749
7325	7327	0.0349749
7327	7328	0.0344453
5300	7328	0.0344453
6534	7329	0.0414697
4167	7329	0.0414697
6532	7330	0.0402507
7329	7330	0.0402507
7330	7331	0.0344678
1881	7331	0.0344678
1598	7332	0.0365466
3582	7332	0.0365466
5507	7333	0.0350558
7332	7333	0.0350558
6715	7334	0.0399044
6952	7334	0.0399044
6777	7335	0.0416934
3821	7335	0.0416934
7334	7336	0.0394089
7335	7336	0.0394089
7336	7337	0.0372085
5795	7337	0.0372085
2410	7338	0.0370821
7337	7338	0.0370821
6627	7339	0.0390196
3309	7339	0.0390196
6636	7340	0.0399149
6639	7340	0.0399149
7340	7341	0.0390445
2099	7341	0.0390445
7341	7342	0.0379268
121	7342	0.0379268
7342	7343	0.0360255
6645	7343	0.0360255
6699	7344	0.0418519
998	7344	0.0418519
7344	7345	0.0344389
5960	7345	0.0344389
6723	7346	0.0422641
200	7346	0.0422641
7346	7347	0.0412652
7078	7347	0.0412652
7178	7348	0.0362946
1579	7348	0.0362946
7347	7349	0.0356568
7348	7349	0.0356568
4266	7350	0.0353261
754	7350	0.0353261
6742	7351	0.037128
2178	7351	0.037128
619	7352	0.0355219
7351	7352	0.0355219
6749	7353	0.0402976
7149	7353	0.0402976
7353	7354	0.0402956
4548	7354	0.0402956
7354	7355	0.0382235
5054	7355	0.0382235
2980	7356	0.036439
1500	7356	0.036439
168	7357	0.0343456
7356	7357	0.0343456
6774	7358	0.0406133
6967	7358	0.0406133
6966	7359	0.0390809
7358	7359	0.0390809
7359	7360	0.0389303
1347	7360	0.0389303
2819	7361	0.0364698
7360	7361	0.0364698
5922	7362	0.0359756
7361	7362	0.0359756
6787	7363	0.0391831
4890	7363	0.0391831
6806	7364	0.0423564
6809	7364	0.0423564
5393	7365	0.0400995
7364	7365	0.0400995
2367	7366	0.0386151
7365	7366	0.0386151
7366	7367	0.0377183
1810	7367	0.0377183
6820	7368	0.0343502
221	7368	0.0343502
5548	7369	0.04239
6931	7369	0.04239
663	7370	0.0410893
7369	7370	0.0410893
6926	7371	0.0407693
7370	7371	0.0407693
7371	7372	0.0397335
925	7372	0.0397335
6939	7373	0.0426671
5042	7373	0.0426671
3525	7374	0.0413235
6945	7374	0.0413235
3490	7375	0.0412474
7374	7375	0.0412474
7375	7376	0.0405524
1036	7376	0.0405524
7373	7377	0.0401489
7376	7377	0.0401489
7062	7378	0.0424584
1107	7378	0.0424584
2130	7379	0.0391964
7378	7379	0.0391964
6986	7380	0.0377481
7379	7380	0.0377481
4074	7381	0.0371449
7380	7381	0.0371449
4897	7382	0.0369187
7381	7382	0.0369187
7377	7383	0.0361121
7382	7383	0.0361121
6965	7384	0.038088
1682	7384	0.038088
7384	7385	0.0357315
3449	7385	0.0357315
6970	7386	0.0404791
904	7386	0.0404791
3628	7387	0.0384011
2126	7387	0.0384011
7387	7388	0.0361211
6174	7388	0.0361211
6992	7389	0.0414419
1955	7389	0.0414419
7389	7390	0.0382849
4273	7390	0.0382849
7003	7391	0.0413311
785	7391	0.0413311
5397	7392	0.0410571
7391	7392	0.0410571
4289	7393	0.0354796
7152	7393	0.0354796
7037	7394	0.0398494
5722	7394	0.0398494
3410	7395	0.0358198
7394	7395	0.0358198
2788	7396	0.0395421
1570	7396	0.0395421
7396	7397	0.034941
2519	7397	0.034941
1967	7398	0.0350209
1665	7398	0.0350209
2381	7399	0.0348137
2063	7399	0.0348137
2358	7400	0.0351188
2279	7400	0.0351188
7175	7401	0.0346165
3186	7401	0.0346165
7333	7402	0.0338668
7338	7402	0.0338668
7402	7403	0.0335668
7002	7403	0.0335668
7403	7404	0.0321653
7339	7404	0.0321653
689	7405	0.0313081
7404	7405	0.0313081
7405	7406	0.0311661
746	7406	0.0311661
7383	7407	0.0318236
1462	7407	0.0318236
7265	7408	0.0336132
6180	7408	0.0336132
7408	7409	0.0330899
1174	7409	0.0330899
7328	7410	0.0338911
850	7410	0.0338911
5812	7411	0.0332908
7410	7411	0.0332908
7349	7412	0.0341586
6165	7412	0.0341586
2313	7413	0.03345
7412	7413	0.03345
7363	7414	0.0325937
7411	7414	0.0325937
1097	7415	0.0331219
7413	7415	0.0331219
7414	7416	0.0325006
7415	7416	0.0325006
7301	7417	0.0337525
7401	7417	0.0337525
7417	7418	0.0330549
5433	7418	0.0330549
7418	7419	0.0330283
4698	7419	0.0330283
196	7420	0.0332127
7388	7420	0.0332127
7420	7421	0.0330189
4255	7421	0.0330189
399	7422	0.0330141
7421	7422	0.0330141
7345	7423	0.0329164
1065	7423	0.0329164
6444	7424	0.0326714
7419	7424	0.0326714
7424	7425	0.0326651
1983	7425	0.0326651
7423	7426	0.0326554
7425	7426	0.0326554
7426	7427	0.0326547
7422	7427	0.0326547
1417	7428	0.0333454
291	7428	0.0333454
7393	7429	0.0336944
2811	7429	0.0336944
7013	7430	0.0324429
7416	7430	0.0324429
7357	7431	0.032464
7427	7431	0.032464
7430	7432	0.03228
7431	7432	0.03228
2295	7433	0.0321357
7432	7433	0.0321357
7433	7434	0.0320753
4467	7434	0.0320753
7434	7435	0.0319963
7429	7435	0.0319963
1436	7435	0.0319963
6791	7436	0.0319901
7435	7436	0.0319901
7436	7437	0.0318919
2243	7437	0.0318919
7437	7438	0.0317867
5941	7438	0.0317867
1990	7439	0.0317321
7409	7439	0.0317321
7438	7439	0.0317321
7439	7440	0.031517
537	7440	0.031517
6956	7441	0.0317886
4015	7441	0.0317886
1885	7442	0.0313348
7258	7442	0.0313348
7440	7443	0.0314359
3528	7443	0.0314359
7443	7444	0.0314273
2312	7444	0.0314273
7444	7445	0.0312491
6241	7445	0.0312491
4910	7446	0.0311202
7445	7446	0.0311202
7446	7447	0.0311155
7428	7447	0.0311155
6951	7448	0.0313918
4180	7448	0.0313918
4455	7448	0.0313918
533	7448	0.0313918
7447	7449	0.0310231
3646	7449	0.0310231
7449	7450	0.0308636
1056	7450	0.0308636
7442	7451	0.0309948
2960	7451	0.0309948
7450	7452	0.0308372
4670	7452	0.0308372
7452	7453	0.0308286
7448	7453	0.0308286
7441	7453	0.0308286
6253	7453	0.0308286
6644	7454	0.0307003
7453	7454	0.0307003
7451	7454	0.0307003
7262	7454	0.0307003
7114	7455	0.030734
7313	7455	0.030734
7331	7456	0.0309082
4874	7456	0.0309082
2847	7457	0.0315045
3401	7457	0.0315045
6703	7458	0.0327779
131	7458	0.0327779
7458	7459	0.0318612
5483	7459	0.0318612
7459	7460	0.0307932
1095	7460	0.0307932
1382	7461	0.0314266
5909	7461	0.0314266
7352	7462	0.0312127
7461	7462	0.0312127
7355	7463	0.0319165
5281	7463	0.0319165
6811	7464	0.0329218
3127	7464	0.0329218
7372	7465	0.0325415
5384	7465	0.0325415
7465	7466	0.0312234
1168	7466	0.0312234
1145	7467	0.032203
7368	7467	0.032203
7125	7468	0.0308976
7398	7468	0.0308976
2685	7469	0.0321207
7047	7469	0.0321207
7122	7470	0.0318857
7399	7470	0.0318857
7397	7471	0.0307357
3564	7471	0.0307357
7177	7472	0.0306854
3146	7472	0.0306854
6652	7473	0.0306672
1374	7473	0.0306672
5611	7474	0.0297153
7473	7474	0.0297153
7407	7475	0.0302824
3549	7475	0.0302824
360	7476	0.0306793
2612	7476	0.0306793
4491	7477	0.0305071
7476	7477	0.0305071
7477	7478	0.0304068
7468	7478	0.0304068
7454	7479	0.0305981
3304	7479	0.0305981
7479	7480	0.0305487
7390	7480	0.0305487
7480	7481	0.0303377
875	7481	0.0303377
7481	7482	0.0303338
2962	7482	0.0303338
7482	7483	0.0303152
5741	7483	0.0303152
7483	7484	0.0302692
5526	7484	0.0302692
7484	7485	0.0302479
7386	7485	0.0302479
7466	7485	0.0302479
7467	7485	0.0302479
4204	7485	0.0302479
527	7486	0.0306165
7343	7486	0.0306165
7486	7487	0.0305585
6106	7487	0.0305585
7487	7488	0.0302928
1100	7488	0.0302928
7471	7489	0.0306706
3062	7489	0.0306706
96	7490	0.0302226
7485	7490	0.0302226
7490	7491	0.0301723
5616	7491	0.0301723
7475	7492	0.0300631
7491	7492	0.0300631
1367	7492	0.0300631
7406	7493	0.0300285
7492	7493	0.0300285
5893	7493	0.0300285
7478	7494	0.0299486
7493	7494	0.0299486
7494	7495	0.0299331
1962	7495	0.0299331
6847	7496	0.0298995
7157	7496	0.0298995
7495	7496	0.0298995
7496	7497	0.0298805
7489	7497	0.0298805
5867	7498	0.0298158
7497	7498	0.0298158
7488	7499	0.0298899
464	7499	0.0298899
7498	7500	0.0297539
7367	7500	0.0297539
7499	7500	0.0297539
7500	7501	0.0297319
687	7501	0.0297319
7455	7502	0.0303479
2839	7502	0.0303479
3976	7503	0.0300285
7502	7503	0.0300285
7456	7504	0.0305863
615	7504	0.0305863
2956	7505	0.03016
3084	7505	0.03016
7457	7505	0.03016
7460	7506	0.0303479
2487	7506	0.0303479
855	7507	0.0305702
5490	7507	0.0305702
7395	7508	0.0304195
7469	7508	0.0304195
243	7509	0.029651
7501	7509	0.029651
2997	7510	0.0296106
7509	7510	0.0296106
3419	7511	0.0295118
7510	7511	0.0295118
7511	7512	0.0295073
7472	7512	0.0295073
7512	7513	0.0293564
7029	7513	0.0293564
7503	7513	0.0293564
7504	7513	0.0293564
7508	7513	0.0293564
7507	7513	0.0293564
1470	7514	0.0292532
7513	7514	0.0292532
2808	7515	0.0292288
6062	7515	0.0292288
5276	7516	0.0292246
7514	7516	0.0292246
7516	7517	0.0291838
3866	7517	0.0291838
7505	7518	0.0291668
7464	7518	0.0291668
7350	7519	0.0292214
3151	7519	0.0292214
7362	7520	0.0291377
7518	7520	0.0291377
7517	7521	0.0291498
7519	7521	0.0291498
7520	7522	0.0290682
7521	7522	0.0290682
7470	7522	0.0290682
7506	7522	0.0290682
7522	7523	0.0290347
7515	7523	0.0290347
7463	7524	0.0296831
1257	7524	0.0296831
7524	7525	0.029008
159	7525	0.029008
7462	7526	0.0289438
7385	7526	0.0289438
7523	7526	0.0289438
7525	7526	0.0289438
7400	7527	0.0289017
7526	7527	0.0289017
7474	7528	0.0287792
7527	7528	0.0287792
7528	7529	0.028742
7392	7529	0.028742
7113	7530	0.0286914
7529	7530	0.0286914
7530	7531	0.0286711
183	7531	0.0286711
7531	7532	0.028508
2176	7532	0.028508
7532	7533	0.0283106
1742	7533	0.0283106
7533	7534	0.028253
5039	7534	0.028253
7534	7535	0.0281881
3073	7535	0.0281881
5857	7536	0.0281336
7535	7536	0.0281336
7536	7537	0.0280648
4800	7537	0.0280648
6733	7538	0.041088
660	7538	0.041088
6726	7539	0.0403579
7538	7539	0.0403579
2671	7540	0.0394309
7539	7540	0.0394309
5957	7541	0.0375506
7540	7541	0.0375506
653	7542	0.0375017
7541	7542	0.0375017
7542	7543	0.035725
2673	7543	0.035725
7543	7544	0.0330655
147	7544	0.0330655
6438	7545	0.0327007
7544	7545	0.0327007
7545	7546	0.0318578
1770	7546	0.0318578
7546	7547	0.0305747
2944	7547	0.0305747
6500	7548	0.0413804
1560	7548	0.0413804
7548	7549	0.0376031
4060	7549	0.0376031
1912	7550	0.031536
7549	7550	0.031536
5883	7551	0.0356023
4182	7551	0.0356023
7551	7552	0.0341321
3571	7552	0.0341321
7158	7553	0.0324049
7552	7553	0.0324049
778	7554	0.0308148
7553	7554	0.0308148
528	7555	0.040596
7101	7555	0.040596
7555	7556	0.0380709
7009	7556	0.0380709
6502	7557	0.037511
7556	7557	0.037511
334	7558	0.0309591
2825	7558	0.0309591
2636	7559	0.0418243
6912	7559	0.0418243
5629	7560	0.0335733
45	7560	0.0335733
7559	7561	0.0322343
7560	7561	0.0322343
7561	7562	0.0290948
3805	7562	0.0290948
7562	7563	0.0283031
2329	7563	0.0283031
7035	7564	0.0316908
1798	7564	0.0316908
1608	7565	0.0316604
7564	7565	0.0316604
4814	7566	0.0385793
7072	7566	0.0385793
5961	7567	0.034058
7566	7567	0.034058
986	7568	0.0374368
4598	7568	0.0374368
6606	7569	0.0382786
2676	7569	0.0382786
6840	7570	0.0425429
5936	7570	0.0425429
7570	7571	0.0416722
4963	7571	0.0416722
7571	7572	0.0379319
4269	7572	0.0379319
4142	7573	0.0361121
4082	7573	0.0361121
2441	7574	0.0370146
3028	7574	0.0370146
7064	7575	0.0358743
7573	7575	0.0358743
767	7576	0.035773
7569	7576	0.035773
7576	7577	0.0348322
5830	7577	0.0348322
7575	7578	0.0346984
7577	7578	0.0346984
7578	7579	0.031808
47	7579	0.031808
7572	7580	0.0313507
5357	7580	0.0313507
7164	7581	0.0304157
7574	7581	0.0304157
7579	7582	0.0303152
7581	7582	0.0303152
7580	7583	0.030844
5348	7583	0.030844
7582	7584	0.0295977
7583	7584	0.0295977
4431	7585	0.0291893
7584	7585	0.0291893
7585	7586	0.028168
2946	7586	0.028168
2037	7587	0.0321365
49	7587	0.0321365
5973	7588	0.0317837
7587	7588	0.0317837
6618	7589	0.0359776
3630	7589	0.0359776
7589	7590	0.035369
1554	7590	0.035369
7590	7591	0.033979
1724	7591	0.033979
7591	7592	0.0333875
3524	7592	0.0333875
3811	7593	0.0320941
1902	7593	0.0320941
7593	7594	0.0312149
612	7594	0.0312149
7592	7595	0.0301802
7594	7595	0.0301802
7172	7596	0.0413568
2895	7596	0.0413568
7017	7597	0.0401273
7596	7597	0.0401273
279	7598	0.0363482
7597	7598	0.0363482
5436	7599	0.042704
6626	7599	0.042704
1850	7600	0.0423135
7599	7600	0.0423135
4640	7601	0.0382187
7600	7601	0.0382187
6624	7602	0.0349749
7601	7602	0.0349749
6868	7603	0.0402408
2087	7603	0.0402408
6789	7604	0.0420476
1313	7604	0.0420476
7042	7605	0.0386774
7603	7605	0.0386774
7605	7606	0.0373046
7604	7606	0.0373046
905	7607	0.0366949
5676	7607	0.0366949
141	7608	0.031996
5290	7608	0.031996
7602	7609	0.0336214
305	7609	0.0336214
7606	7610	0.0347974
6982	7610	0.0347974
7610	7611	0.0333653
7607	7611	0.0333653
7609	7612	0.0316498
7611	7612	0.0316498
7612	7613	0.0311799
2249	7613	0.0311799
7608	7614	0.0310491
7613	7614	0.0310491
7614	7615	0.0305761
1083	7615	0.0305761
7615	7616	0.0284701
2413	7616	0.0284701
655	7617	0.0281583
7616	7617	0.0281583
6646	7618	0.0380169
1133	7618	0.0380169
7618	7619	0.0361009
4388	7619	0.0361009
7619	7620	0.0301101
3799	7620	0.0301101
6127	7621	0.0302352
2818	7621	0.0302352
6672	7622	0.0413568
1970	7622	0.0413568
7622	7623	0.0343623
5255	7623	0.0343623
3639	7624	0.0310265
7623	7624	0.0310265
3874	7625	0.0364315
83	7625	0.0364315
647	7626	0.0422316
2936	7626	0.0422316
4185	7627	0.0367993
4886	7627	0.0367993
7627	7628	0.0351382
7626	7628	0.0351382
4516	7629	0.0292933
7628	7629	0.0292933
1027	7630	0.0291145
7629	7630	0.0291145
7625	7631	0.0282041
7630	7631	0.0282041
7631	7632	0.0281487
5085	7632	0.0281487
2774	7633	0.0373961
5736	7633	0.0373961
1845	7634	0.0343533
1339	7634	0.0343533
7634	7635	0.034045
102	7635	0.034045
7633	7636	0.0287343
7635	7636	0.0287343
7636	7637	0.0284081
3159	7637	0.0284081
6696	7638	0.0382866
103	7638	0.0382866
7638	7639	0.0294081
1006	7639	0.0294081
5981	7640	0.0309776
452	7640	0.0309776
1916	7641	0.039241
5733	7641	0.039241
1266	7642	0.0379087
7641	7642	0.0379087
6697	7643	0.0285779
831	7643	0.0285779
3013	7644	0.0409804
5460	7644	0.0409804
4938	7645	0.0391791
7644	7645	0.0391791
4971	7646	0.0391272
7645	7646	0.0391272
7646	7647	0.0339259
1642	7647	0.0339259
7049	7648	0.0387069
5789	7648	0.0387069
1493	7649	0.0381244
7648	7649	0.0381244
3812	7650	0.0379503
7649	7650	0.0379503
1937	7651	0.0342063
7650	7651	0.0342063
7651	7652	0.0323486
127	7652	0.0323486
7652	7653	0.0300469
1024	7653	0.0300469
7653	7654	0.0288302
954	7654	0.0288302
688	7655	0.0420932
6716	7655	0.0420932
4159	7656	0.03953
1585	7656	0.03953
4213	7657	0.0294238
144	7657	0.0294238
153	7658	0.0334508
2283	7658	0.0334508
6753	7659	0.0374137
3903	7659	0.0374137
7659	7660	0.0321523
1110	7660	0.0321523
5092	7661	0.0368285
162	7661	0.0368285
4233	7662	0.033061
970	7662	0.033061
3964	7663	0.0317703
7662	7663	0.0317703
2767	7663	0.0317703
4424	7664	0.0390712
7171	7664	0.0390712
414	7665	0.0373578
7664	7665	0.0373578
7665	7666	0.0314656
5218	7666	0.0314656
4345	7667	0.0305555
7666	7667	0.0305555
7166	7668	0.0303666
7667	7668	0.0303666
1383	7669	0.0408131
5351	7669	0.0408131
7669	7670	0.0353622
4545	7670	0.0353622
7670	7671	0.033139
2148	7671	0.033139
7671	7672	0.0307086
1294	7672	0.0307086
2363	7673	0.0344409
169	7673	0.0344409
2287	7674	0.0284975
7673	7674	0.0284975
6813	7675	0.038441
6819	7675	0.038441
6825	7676	0.0405651
1130	7676	0.0405651
6826	7677	0.0327307
3760	7677	0.0327307
4131	7678	0.0303252
7677	7678	0.0303252
3376	7679	0.035127
261	7679	0.035127
265	7680	0.0287541
5829	7680	0.0287541
3359	7681	0.0348752
1664	7681	0.0348752
7681	7682	0.0327237
465	7682	0.0327237
5916	7683	0.0346617
1827	7683	0.0346617
6844	7684	0.0345259
7683	7684	0.0345259
6856	7685	0.0365981
4739	7685	0.0365981
7685	7686	0.031062
300	7686	0.031062
6858	7687	0.0330639
3819	7687	0.0330639
5802	7688	0.0311306
7687	7688	0.0311306
7688	7689	0.0290336
2251	7689	0.0290336
315	7690	0.0297622
3148	7690	0.0297622
6860	7691	0.0412484
319	7691	0.0412484
7691	7692	0.0373326
1192	7692	0.0373326
6876	7693	0.0354352
5557	7693	0.0354352
7693	7694	0.0338347
3995	7694	0.0338347
7694	7695	0.0325937
1788	7695	0.0325937
7695	7696	0.0284047
345	7696	0.0284047
4631	7697	0.0297029
475	7697	0.0297029
6881	7698	0.0421064
3707	7698	0.0421064
5561	7699	0.0331046
7105	7699	0.0331046
6884	7700	0.0356709
6087	7700	0.0356709
7700	7701	0.0314284
419	7701	0.0314284
3655	7702	0.0307864
7701	7702	0.0307864
3517	7703	0.0300686
7702	7703	0.0300686
4573	7704	0.0350775
5945	7704	0.0350775
4826	7705	0.0423574
2841	7705	0.0423574
4106	7706	0.0418358
4355	7706	0.0418358
7705	7706	0.0418358
7706	7707	0.0383897
1492	7707	0.0383897
5377	7708	0.0374688
7707	7708	0.0374688
6914	7709	0.0365046
7708	7709	0.0365046
7061	7710	0.0359946
7709	7710	0.0359946
3414	7711	0.0360436
5116	7711	0.0360436
7710	7712	0.0345292
3207	7712	0.0345292
701	7713	0.0344142
7711	7713	0.0344142
7712	7714	0.0327456
7713	7714	0.0327456
5211	7715	0.0316374
7714	7715	0.0316374
4151	7716	0.0285444
7715	7716	0.0285444
6917	7717	0.0376777
461	7717	0.0376777
6922	7718	0.0324572
468	7718	0.0324572
6949	7719	0.0373401
3221	7719	0.0373401
7719	7720	0.0351838
514	7720	0.0351838
1969	7721	0.0331462
2574	7721	0.0331462
7721	7722	0.0312156
516	7722	0.0312156
4903	7723	0.0342993
3759	7723	0.0342993
7723	7724	0.0298118
1519	7724	0.0298118
522	7725	0.0282458
7724	7725	0.0282458
3325	7726	0.0336856
4160	7726	0.0336856
7093	7727	0.0324323
7726	7727	0.0324323
5319	7728	0.0347328
543	7728	0.0347328
5931	7729	0.0400696
1938	7729	0.0400696
7729	7730	0.0307357
3069	7730	0.0307357
7730	7731	0.0286829
1445	7731	0.0286829
3692	7732	0.0403457
665	7732	0.0403457
6991	7733	0.0336787
989	7733	0.0336787
3346	7734	0.0406067
3432	7734	0.0406067
3353	7735	0.0397988
950	7735	0.0397988
7735	7736	0.0348669
5807	7736	0.0348669
7736	7737	0.0326169
714	7737	0.0326169
7737	7738	0.0305357
5398	7738	0.0305357
6996	7739	0.0408711
2259	7739	0.0408711
2779	7740	0.0379276
7739	7740	0.0379276
7020	7741	0.038263
7021	7741	0.038263
7740	7742	0.0342022
7741	7742	0.0342022
7000	7743	0.0323699
4061	7743	0.0323699
2864	7744	0.0324589
3754	7744	0.0324589
3623	7744	0.0324589
3621	7745	0.0323876
7744	7745	0.0323876
759	7746	0.0298968
7745	7746	0.0298968
7010	7747	0.0284485
4513	7747	0.0284485
5488	7748	0.0336657
5181	7748	0.0336657
7034	7749	0.041574
5078	7749	0.041574
2066	7750	0.0400077
4942	7750	0.0400077
4743	7751	0.039858
7750	7751	0.039858
7156	7752	0.040157
5128	7752	0.040157
1275	7753	0.0317152
5229	7753	0.0317152
4711	7754	0.0314509
7753	7754	0.0314509
7044	7755	0.040887
5708	7755	0.040887
3355	7756	0.0336132
3920	7756	0.0336132
5493	7757	0.0331382
7756	7757	0.0331382
7757	7758	0.0331231
4377	7758	0.0331231
7056	7759	0.0410012
3661	7759	0.0410012
7066	7760	0.0408445
7759	7760	0.0408445
7760	7761	0.0386744
5896	7761	0.0386744
4583	7762	0.0322131
7761	7762	0.0322131
5897	7763	0.0318703
7762	7763	0.0318703
7155	7764	0.0427088
1978	7764	0.0427088
7764	7765	0.0308591
6008	7765	0.0308591
1772	7766	0.0318919
7067	7766	0.0318919
1140	7767	0.0307381
7766	7767	0.0307381
7767	7768	0.0285301
2153	7768	0.0285301
2452	7769	0.0389195
2503	7769	0.0389195
7769	7770	0.0380105
2692	7770	0.0380105
4116	7771	0.0363886
7770	7771	0.0363886
2248	7772	0.0284416
1276	7772	0.0284416
7095	7773	0.0298355
3287	7773	0.0298355
5418	7774	0.0421326
1352	7774	0.0421326
4444	7775	0.0414141
7774	7775	0.0414141
7775	7776	0.0372085
3712	7776	0.0372085
1817	7777	0.0295856
3053	7777	0.0295856
3718	7778	0.0308103
3930	7778	0.0308103
5347	7779	0.0292512
6204	7779	0.0292512
7779	7780	0.0284936
7778	7780	0.0284936
1483	7781	0.0349294
6175	7781	0.0349294
2077	7782	0.0310831
1517	7782	0.0310831
7782	7783	0.029008
1669	7783	0.029008
7123	7784	0.0313255
5947	7784	0.0313255
7124	7785	0.0321468
1594	7785	0.0321468
7785	7786	0.0305021
2709	7786	0.0305021
2603	7787	0.0281958
7786	7787	0.0281958
4906	7788	0.032175
5172	7788	0.032175
1619	7789	0.0313348
2724	7789	0.0313348
2427	7790	0.0293225
7788	7790	0.0293225
7790	7791	0.0292729
7789	7791	0.0292729
1749	7792	0.0292096
3167	7792	0.0292096
7792	7793	0.0284806
5704	7793	0.0284806
3107	7794	0.0410874
5165	7794	0.0410874
4935	7795	0.0316296
1859	7795	0.0316296
5983	7796	0.028742
7795	7796	0.028742
7148	7797	0.0305372
1892	7797	0.0305372
5975	7798	0.02944
2863	7798	0.02944
2056	7799	0.0336742
4607	7799	0.0336742
7799	7800	0.0321973
5546	7800	0.0321973
5992	7801	0.038997
4193	7801	0.038997
7801	7802	0.0359086
4304	7802	0.0359086
5952	7803	0.0359231
2326	7803	0.0359231
3109	7804	0.0371074
5846	7804	0.0371074
2725	7805	0.0296405
3932	7805	0.0296405
6077	7806	0.0297539
3914	7806	0.0297539
4069	7807	0.0293707
4428	7807	0.0293707
7807	7808	0.0286131
4412	7808	0.0286131
4400	7809	0.0419908
5129	7809	0.0419908
7141	7810	0.0261322
1830	7810	0.0261322
6878	7811	0.0244936
7810	7811	0.0244936
7697	7812	0.0261393
352	7812	0.0261393
7751	7813	0.0280244
7783	7813	0.0280244
5056	7814	0.0274045
7813	7814	0.0274045
3254	7815	0.0273223
91	7815	0.0273223
7814	7815	0.0273223
5982	7816	0.0270968
7663	7816	0.0270968
7668	7817	0.0277414
2596	7817	0.0277414
3968	7818	0.0250139
7817	7818	0.0250139
7699	7819	0.0244885
7703	7819	0.0244885
7819	7820	0.0237273
3857	7820	0.0237273
7595	7821	0.0279923
7725	7821	0.0279923
5285	7822	0.0255362
7821	7822	0.0255362
400	7823	0.0258984
7100	7823	0.0258984
7655	7824	0.0239876
5649	7824	0.0239876
7248	7825	0.0265819
1274	7825	0.0265819
7776	7826	0.0274413
1981	7826	0.0274413
7826	7827	0.0244244
2506	7827	0.0244244
7660	7828	0.0247907
1003	7828	0.0247907
7828	7829	0.0247632
993	7829	0.0247632
1784	7830	0.0240822
5279	7830	0.0240822
4947	7831	0.0272966
3514	7831	0.0272966
7727	7832	0.0271789
531	7832	0.0271789
5998	7833	0.0275103
4094	7833	0.0275103
7732	7834	0.0254239
7796	7834	0.0254239
1002	7835	0.0250728
7834	7835	0.0250728
7754	7836	0.0248797
7835	7836	0.0248797
2978	7837	0.0272854
7216	7837	0.0272854
6694	7838	0.0258554
1169	7838	0.0258554
7074	7839	0.0258178
7838	7839	0.0258178
6629	7840	0.0280103
7537	7840	0.0280103
3125	7841	0.0279868
7840	7841	0.0279868
7223	7842	0.0279635
7841	7842	0.0279635
7206	7843	0.0278959
7842	7843	0.0278959
4129	7843	0.0278959
5591	7844	0.0278537
7843	7844	0.0278537
7844	7845	0.027841
2289	7845	0.027841
7845	7846	0.0277932
3250	7846	0.0277932
7846	7847	0.0277649
70	7847	0.0277649
7847	7848	0.027756
2736	7848	0.027756
7018	7849	0.0279842
1639	7849	0.0279842
1329	7850	0.0277173
7848	7850	0.0277173
7192	7851	0.0276915
7850	7851	0.0276915
7851	7852	0.0275782
7849	7852	0.0275782
1241	7853	0.02757
7852	7853	0.02757
4702	7854	0.027559
7853	7854	0.027559
7854	7855	0.0275044
3825	7855	0.0275044
6670	7856	0.0274601
7855	7856	0.0274601
21	7857	0.0274376
7856	7857	0.0274376
5758	7858	0.027416
7857	7858	0.027416
7858	7859	0.0273786
7558	7859	0.0273786
7617	7860	0.0279427
1719	7860	0.0279427
7731	7861	0.0277425
666	7861	0.0277425
7167	7862	0.0277149
5525	7862	0.0277149
2246	7863	0.0273138
7859	7863	0.0273138
3293	7864	0.0272937
7863	7864	0.0272937
7864	7865	0.0272861
4728	7865	0.0272861
3747	7866	0.0272463
7865	7866	0.0272463
559	7867	0.0272251
7866	7867	0.0272251
7867	7868	0.0271466
7862	7868	0.0271466
7868	7869	0.0271262
5793	7869	0.0271262
7869	7870	0.0270723
3411	7870	0.0270723
7215	7871	0.0270471
7870	7871	0.0270471
7239	7872	0.0270338
7871	7872	0.0270338
7860	7873	0.0270358
3881	7873	0.0270358
2136	7874	0.0270278
7234	7874	0.0270278
7199	7875	0.0270239
7872	7875	0.0270239
7257	7876	0.027012
7875	7876	0.027012
7689	7876	0.027012
7861	7876	0.027012
7185	7877	0.0269911
7876	7877	0.0269911
7874	7878	0.0269786
7235	7878	0.0269786
3222	7878	0.0269786
7877	7878	0.0269786
7878	7879	0.0269759
7873	7879	0.0269759
7696	7879	0.0269759
7800	7879	0.0269759
7879	7880	0.0269039
3637	7880	0.0269039
7254	7881	0.0269004
7880	7881	0.0269004
7237	7882	0.0268492
7881	7882	0.0268492
6442	7883	0.0268482
7882	7883	0.0268482
7883	7884	0.026847
3189	7884	0.026847
7547	7885	0.0271569
2362	7885	0.0271569
7563	7886	0.0270263
959	7886	0.0270263
2785	7887	0.0271761
7632	7887	0.0271761
7887	7888	0.0270071
434	7888	0.0270071
7658	7889	0.0275336
3753	7889	0.0275336
7692	7890	0.0276015
4621	7890	0.0276015
3787	7891	0.0280456
1824	7891	0.0280456
7884	7892	0.0268355
7193	7892	0.0268355
7885	7892	0.0268355
7892	7893	0.026828
5834	7893	0.026828
7893	7894	0.0268202
6088	7894	0.0268202
2598	7894	0.0268202
7894	7895	0.0267499
7787	7895	0.0267499
7895	7896	0.026738
333	7896	0.026738
4396	7897	0.0266931
7896	7897	0.0266931
7897	7898	0.0266363
3020	7898	0.0266363
7898	7899	0.0265785
5013	7899	0.0265785
7889	7900	0.026527
7899	7900	0.026527
7598	7901	0.0264855
7900	7901	0.0264855
2094	7902	0.0264349
7901	7902	0.0264349
7886	7903	0.0264686
5926	7903	0.0264686
7902	7904	0.0264164
5441	7904	0.0264164
7904	7905	0.0264081
337	7905	0.0264081
7905	7906	0.0263805
7903	7906	0.0263805
1926	7907	0.0263604
7906	7907	0.0263604
4288	7908	0.0263211
7907	7908	0.0263211
7229	7909	0.0262881
7908	7909	0.0262881
7888	7909	0.0262881
5908	7909	0.0262881
7909	7910	0.0262812
7891	7910	0.0262812
7910	7911	0.0262791
3243	7911	0.0262791
7911	7912	0.0262547
1420	7912	0.0262547
7912	7913	0.0262424
7890	7913	0.0262424
7913	7914	0.0262004
5504	7914	0.0262004
7777	7915	0.0261987
7914	7915	0.0261987
7915	7916	0.0261785
7686	7916	0.0261785
2142	7916	0.0261785
3602	7917	0.0266448
7749	7917	0.0266448
7916	7918	0.0261679
7738	7918	0.0261679
7918	7919	0.0260944
3925	7919	0.0260944
7919	7920	0.0260664
219	7920	0.0260664
4161	7921	0.0260663
7920	7921	0.0260663
7921	7922	0.0260239
182	7922	0.0260239
4805	7923	0.0259949
7922	7923	0.0259949
7923	7924	0.025956
4873	7924	0.025956
7734	7925	0.0259487
3817	7925	0.0259487
7924	7925	0.0259487
7925	7926	0.0258837
1557	7926	0.0258837
7926	7927	0.0258732
2480	7927	0.0258732
7089	7928	0.0259751
3952	7928	0.0259751
7927	7929	0.0258722
7917	7929	0.0258722
2772	7929	0.0258722
7929	7930	0.0258171
2645	7930	0.0258171
7930	7931	0.0258066
3534	7931	0.0258066
5784	7932	0.0257625
7931	7932	0.0257625
7932	7933	0.0257279
1475	7933	0.0257279
4762	7934	0.0257141
7933	7934	0.0257141
7934	7935	0.0256835
6099	7935	0.0256835
7935	7936	0.0256805
32	7936	0.0256805
4261	7937	0.0256692
7936	7937	0.0256692
7937	7938	0.0256589
7928	7938	0.0256589
7586	7939	0.0279085
2726	7939	0.0279085
7939	7940	0.0271981
4693	7940	0.0271981
7940	7941	0.0268997
2145	7941	0.0268997
7941	7942	0.0258185
5592	7942	0.0258185
7588	7943	0.0259457
1821	7943	0.0259457
7943	7944	0.0257053
957	7944	0.0257053
6663	7945	0.0271274
7621	7945	0.0271274
7672	7946	0.0278119
7674	7946	0.0278119
5065	7947	0.0263604
7946	7947	0.0263604
7947	7948	0.0258427
715	7948	0.0258427
7675	7949	0.0270146
213	7949	0.0270146
7949	7950	0.0256481
189	7950	0.0256481
2258	7951	0.0268664
5567	7951	0.0268664
4967	7952	0.0272072
2699	7952	0.0272072
7139	7953	0.0259038
7690	7953	0.0259038
7765	7954	0.0270777
1119	7954	0.0270777
7768	7955	0.0279001
5547	7955	0.0279001
3795	7956	0.0263496
7955	7956	0.0263496
7791	7957	0.0278248
2961	7957	0.0278248
3585	7958	0.0264827
7793	7958	0.0264827
7140	7959	0.0267929
1774	7959	0.0267929
5700	7960	0.0277403
5742	7960	0.0277403
7803	7961	0.0264533
5123	7961	0.0264533
2803	7962	0.0267058
5596	7962	0.0267058
7204	7963	0.024871
4005	7963	0.024871
3538	7964	0.0247487
7963	7964	0.0247487
7837	7965	0.0251468
2464	7965	0.0251468
6755	7966	0.0251981
4911	7966	0.0251981
7195	7967	0.0253315
7954	7967	0.0253315
5749	7968	0.0256246
7938	7968	0.0256246
7968	7969	0.0256087
1238	7969	0.0256087
7165	7970	0.0255653
7969	7970	0.0255653
7252	7971	0.025564
7970	7971	0.025564
7959	7971	0.025564
7971	7972	0.0255538
42	7972	0.0255538
7972	7973	0.0255327
4470	7973	0.0255327
7973	7974	0.0255241
4849	7974	0.0255241
7974	7975	0.0255167
2763	7975	0.0255167
587	7975	0.0255167
7975	7976	0.0254343
3364	7976	0.0254343
1641	7977	0.0253772
7976	7977	0.0253772
4433	7978	0.0253095
7977	7978	0.0253095
5323	7979	0.0254305
7950	7979	0.0254305
7951	7980	0.025592
255	7980	0.025592
7624	7981	0.0252819
7967	7981	0.0252819
7978	7981	0.0252819
3536	7981	0.0252819
7981	7982	0.0252702
7980	7982	0.0252702
7982	7983	0.0252416
793	7983	0.0252416
4887	7984	0.0252098
7983	7984	0.0252098
7984	7985	0.0252029
2034	7985	0.0252029
7985	7986	0.0251989
7979	7986	0.0251989
7637	7987	0.0251879
7986	7987	0.0251879
7987	7988	0.0251743
7716	7988	0.0251743
3625	7988	0.0251743
3104	7989	0.0251644
7988	7989	0.0251644
7989	7990	0.0251445
2632	7990	0.0251445
3600	7991	0.0251259
7990	7991	0.0251259
7991	7992	0.0251191
7944	7992	0.0251191
7162	7993	0.0250973
7992	7993	0.0250973
7993	7994	0.0250833
7948	7994	0.0250833
4466	7994	0.0250833
1922	7995	0.0250462
7994	7995	0.0250462
7995	7996	0.0249929
1060	7996	0.0249929
3390	7997	0.0249844
7996	7997	0.0249844
7747	7998	0.0249747
7997	7998	0.0249747
7197	7999	0.024971
7998	7999	0.024971
7958	7999	0.024971
7999	8000	0.0249584
6084	8000	0.0249584
7550	8001	0.0249205
8000	8001	0.0249205
8001	8002	0.0249087
7962	8002	0.0249087
8002	8003	0.0248481
4363	8003	0.0248481
8003	8004	0.0247754
1849	8004	0.0247754
8004	8005	0.0247538
7961	8005	0.0247538
8005	8006	0.0247279
1211	8006	0.0247279
8006	8007	0.0246642
5197	8007	0.0246642
7250	8008	0.0246511
8007	8008	0.0246511
8008	8009	0.0246432
4688	8009	0.0246432
8009	8010	0.0246295
7781	8010	0.0246295
1758	8010	0.0246295
8010	8011	0.0245907
2667	8011	0.0245907
7720	8012	0.024583
8011	8012	0.024583
7106	8013	0.0245459
3860	8013	0.0245459
8012	8013	0.0245459
1414	8013	0.0245459
316	8014	0.0245264
8013	8014	0.0245264
2518	8015	0.0244953
8014	8015	0.0244953
8015	8016	0.0244609
3589	8016	0.0244609
2755	8017	0.0244599
8016	8017	0.0244599
7568	8018	0.0246497
6071	8018	0.0246497
7567	8019	0.0255821
515	8019	0.0255821
990	8020	0.0250649
7942	8020	0.0250649
7554	8021	0.0247377
8019	8021	0.0247377
8021	8022	0.0244609
8020	8022	0.0244609
7945	8023	0.0246134
77	8023	0.0246134
5258	8024	0.0255936
2352	8024	0.0255936
8024	8025	0.0250866
5018	8025	0.0250866
5826	8026	0.0248797
8025	8026	0.0248797
7181	8027	0.0246018
3555	8027	0.0246018
965	8028	0.0244531
8017	8028	0.0244531
8028	8029	0.0244225
8027	8029	0.0244225
8029	8030	0.0244097
2456	8030	0.0244097
7953	8031	0.0243811
8030	8031	0.0243811
8031	8032	0.024356
1555	8032	0.024356
8032	8033	0.0243463
76	8033	0.0243463
8033	8034	0.0243364
8023	8034	0.0243364
7965	8035	0.0243362
8034	8035	0.0243362
8035	8036	0.0243183
7957	8036	0.0243183
7960	8036	0.0243183
7661	8037	0.0242998
8036	8037	0.0242998
8037	8038	0.0242882
241	8038	0.0242882
7094	8039	0.0242825
8038	8039	0.0242825
8039	8040	0.0242778
4088	8040	0.0242778
7952	8041	0.02434
6041	8041	0.02434
191	8042	0.0242625
8040	8042	0.0242625
8042	8043	0.0242586
2156	8043	0.0242586
8043	8044	0.0242359
8041	8044	0.0242359
8044	8045	0.02423
4766	8045	0.02423
4114	8046	0.0242152
8045	8046	0.0242152
8046	8047	0.0241625
658	8047	0.0241625
8047	8048	0.0241615
2604	8048	0.0241615
7966	8049	0.0240857
8048	8049	0.0240857
2897	8049	0.0240857
8049	8050	0.024084
1262	8050	0.024084
8050	8051	0.0240783
7956	8051	0.0240783
8051	8052	0.024073
815	8052	0.024073
8052	8053	0.0240707
1521	8053	0.0240707
8053	8054	0.0240697
170	8054	0.0240697
7794	8055	0.0240669
8054	8055	0.0240669
8055	8056	0.0240631
694	8056	0.0240631
7676	8057	0.0240586
8056	8057	0.0240586
8057	8058	0.0240138
4014	8058	0.0240138
8058	8059	0.0240097
487	8059	0.0240097
8059	8060	0.0240008
8026	8060	0.0240008
3343	8061	0.0239733
8060	8061	0.0239733
4817	8062	0.0239366
8061	8062	0.0239366
8062	8063	0.0239273
4546	8063	0.0239273
7722	8064	0.0239157
8063	8064	0.0239157
1632	8065	0.023913
8064	8065	0.023913
8065	8066	0.0239053
1712	8066	0.0239053
8066	8067	0.0239
963	8067	0.0239
7678	8068	0.0238994
8067	8068	0.0238994
218	8069	0.0238658
8068	8069	0.0238658
4121	8070	0.0238398
8069	8070	0.0238398
4944	8071	0.0238348
8070	8071	0.0238348
8071	8072	0.0238076
1813	8072	0.0238076
385	8073	0.0238028
2695	8073	0.0238028
8072	8073	0.0238028
8073	8074	0.0237968
8018	8074	0.0237968
8022	8074	0.0237968
3770	8074	0.0237968
7964	8075	0.0237903
8074	8075	0.0237903
6756	8076	0.0237597
8075	8076	0.0237597
8076	8077	0.0237488
2943	8077	0.0237488
8077	8078	0.0237303
1357	8078	0.0237303
6139	8078	0.0237303
8078	8079	0.0237152
4077	8079	0.0237152
7698	8080	0.0237043
8079	8080	0.0237043
7839	8081	0.0236995
8080	8081	0.0236995
3515	8081	0.0236995
6754	8082	0.0236849
8081	8082	0.0236849
8082	8083	0.0236719
2505	8083	0.0236719
6501	8084	0.0270382
6032	8084	0.0270382
5454	8085	0.0280207
7746	8085	0.0280207
8085	8086	0.0268355
1491	8086	0.0268355
6613	8087	0.0251655
4264	8087	0.0251655
4677	8088	0.0245817
8087	8088	0.0245817
7620	8089	0.0276423
398	8089	0.0276423
8089	8090	0.0262777
4851	8090	0.0262777
8090	8091	0.0258722
4143	8091	0.0258722
8091	8092	0.0253801
5166	8092	0.0253801
7647	8093	0.0247295
1011	8093	0.0247295
7654	8094	0.0251459
292	8094	0.0251459
7679	8095	0.0261949
7808	8095	0.0261949
6859	8096	0.0268161
5024	8096	0.0268161
7704	8097	0.0260895
4025	8097	0.0260895
3562	8098	0.023851
4875	8098	0.023851
6935	8099	0.0270961
4474	8099	0.0270961
8099	8100	0.0244833
496	8100	0.0244833
3308	8101	0.0267768
1117	8101	0.0267768
8101	8102	0.0240324
637	8102	0.0240324
2979	8103	0.0259332
853	8103	0.0259332
7019	8104	0.0255936
2256	8104	0.0255936
7752	8105	0.0274666
2017	8105	0.0274666
7038	8106	0.0239076
5880	8106	0.0239076
2739	8107	0.0274001
2635	8107	0.0274001
7758	8108	0.0273915
8107	8108	0.0273915
8108	8109	0.0268068
5900	8109	0.0268068
7780	8109	0.0268068
8109	8110	0.0262632
1454	8110	0.0262632
8110	8111	0.0255799
2011	8111	0.0255799
8111	8112	0.0241709
2954	8112	0.0241709
3556	8113	0.0246332
3836	8113	0.0246332
1310	8114	0.0239309
8113	8114	0.0239309
2393	8115	0.0242684
1448	8115	0.0242684
7784	8116	0.0245069
3685	8116	0.0245069
7146	8117	0.0263327
1884	8117	0.0263327
7151	8118	0.0248064
5413	8118	0.0248064
7798	8119	0.0238715
2474	8119	0.0238715
4600	8120	0.0251714
3893	8120	0.0251714
4310	8121	0.0258413
5781	8121	0.0258413
7809	8122	0.0243564
6191	8122	0.0243564
7825	8123	0.0221185
2553	8123	0.0221185
7811	8124	0.023222
1344	8124	0.023222
7639	8125	0.0230035
563	8125	0.0230035
7836	8126	0.0234251
4476	8126	0.0234251
7771	8127	0.0234413
7805	8127	0.0234413
8083	8128	0.0236589
7717	8128	0.0236589
3398	8129	0.0236565
8128	8129	0.0236565
6950	8130	0.0236492
8129	8130	0.0236492
8130	8131	0.0236485
7684	8131	0.0236485
5193	8131	0.0236485
2920	8132	0.0236381
8131	8132	0.0236381
4998	8133	0.0236367
8132	8133	0.0236367
7822	8134	0.0236348
8133	8134	0.0236348
7830	8135	0.0236276
8134	8135	0.0236276
4459	8136	0.0235958
8135	8136	0.0235958
8136	8137	0.0235308
5089	8137	0.0235308
8137	8138	0.0234928
6208	8138	0.0234928
5911	8139	0.0234709
8138	8139	0.0234709
8139	8140	0.0234629
1563	8140	0.0234629
6197	8141	0.0234413
8140	8141	0.0234413
8084	8141	0.0234413
8112	8141	0.0234413
7063	8142	0.0234307
8141	8142	0.0234307
6163	8143	0.0234205
8142	8143	0.0234205
8143	8144	0.0233987
439	8144	0.0233987
62	8145	0.0233832
8144	8145	0.0233832
3425	8145	0.0233832
8145	8146	0.0233811
1128	8146	0.0233811
6727	8147	0.0233805
8146	8147	0.0233805
7832	8148	0.0233574
8147	8148	0.0233574
8148	8149	0.0233526
698	8149	0.0233526
3675	8150	0.0233481
8149	8150	0.0233481
8150	8151	0.0233442
2039	8151	0.0233442
3864	8152	0.0233388
8151	8152	0.0233388
8152	8153	0.0233219
1755	8153	0.0233219
1279	8154	0.0233117
8153	8154	0.0233117
7238	8155	0.0233003
8154	8155	0.0233003
8097	8156	0.0234598
427	8156	0.0234598
8156	8157	0.0233887
3310	8157	0.0233887
8155	8158	0.0232982
4855	8158	0.0232982
6700	8159	0.0232925
8158	8159	0.0232925
8159	8160	0.0232726
7657	8160	0.0232726
321	8161	0.0232658
8160	8161	0.0232658
8161	8162	0.0232592
8106	8162	0.0232592
5622	8163	0.0232322
8162	8163	0.0232322
8157	8164	0.0232948
1869	8164	0.0232948
2192	8165	0.0232294
8163	8165	0.0232294
8127	8166	0.0232241
8165	8166	0.0232241
1783	8166	0.0232241
8166	8167	0.02322
791	8167	0.02322
8167	8168	0.0232009
8114	8168	0.0232009
7829	8169	0.0231551
8168	8169	0.0231551
8093	8169	0.0231551
8094	8169	0.0231551
8164	8169	0.0231551
3902	8169	0.0231551
8169	8170	0.0231297
2626	8170	0.0231297
7642	8171	0.0231113
7643	8171	0.0231113
8098	8171	0.0231113
8170	8171	0.0231113
8171	8172	0.0230682
362	8172	0.0230682
8172	8173	0.0230604
8121	8173	0.0230604
8173	8174	0.023057
8118	8174	0.023057
4258	8175	0.0230527
8174	8175	0.0230527
8175	8176	0.0230417
4324	8176	0.0230417
8176	8177	0.0230236
1761	8177	0.0230236
5329	8178	0.0229928
8177	8178	0.0229928
8178	8179	0.0229852
7743	8179	0.0229852
1166	8180	0.0229651
8179	8180	0.0229651
7755	8181	0.0229627
7718	8181	0.0229627
8180	8181	0.0229627
1612	8182	0.0229531
8181	8182	0.0229531
8182	8183	0.0228908
1520	8183	0.0228908
7812	8184	0.0228902
8183	8184	0.0228902
2385	8185	0.0228864
8184	8185	0.0228864
2499	8186	0.0233832
7682	8186	0.0233832
2155	8187	0.0234193
8100	8187	0.0234193
396	8188	0.0229247
8187	8188	0.0229247
7054	8189	0.023377
7773	8189	0.023377
7742	8190	0.0231189
8189	8190	0.0231189
8190	8191	0.0228548
892	8191	0.0228548
3345	8192	0.0231216
1729	8192	0.0231216
2264	8193	0.0228328
8185	8193	0.0228328
226	8194	0.0228102
8193	8194	0.0228102
8194	8195	0.0228052
3101	8195	0.0228052
8195	8196	0.0228025
4859	8196	0.0228025
7820	8197	0.022799
8196	8197	0.022799
3323	8197	0.022799
8197	8198	0.0227834
6063	8198	0.0227834
8125	8199	0.0227638
8198	8199	0.0227638
8199	8200	0.0227226
1818	8200	0.0227226
2096	8201	0.0227116
4862	8201	0.0227116
8200	8201	0.0227116
8201	8202	0.0226999
7797	8202	0.0226999
7640	8203	0.0226858
8202	8203	0.0226858
7824	8204	0.0226469
8203	8204	0.0226469
6195	8205	0.0226085
8204	8205	0.0226085
7763	8206	0.0226013
8205	8206	0.0226013
8124	8207	0.0225856
8206	8207	0.0225856
8207	8208	0.0225773
282	8208	0.0225773
8208	8209	0.0225736
8105	8209	0.0225736
960	8209	0.0225736
8209	8210	0.0225554
4379	8210	0.0225554
8210	8211	0.0225472
8192	8211	0.0225472
8211	8212	0.0225408
2495	8212	0.0225408
3102	8213	0.0225287
8212	8213	0.0225287
8188	8213	0.0225287
7833	8214	0.0225239
8213	8214	0.0225239
8214	8215	0.0225028
5486	8215	0.0225028
8215	8216	0.0224912
6246	8216	0.0224912
8216	8217	0.0224818
4177	8217	0.0224818
1920	8218	0.0224707
8217	8218	0.0224707
873	8219	0.0224697
8218	8219	0.0224697
6202	8220	0.0224533
8219	8220	0.0224533
8220	8221	0.0224493
5208	8221	0.0224493
8221	8222	0.0223906
8086	8222	0.0223906
8222	8223	0.0223874
23	8223	0.0223874
4059	8224	0.0223496
8223	8224	0.0223496
8224	8225	0.0223438
8191	8225	0.0223438
3607	8225	0.0223438
1081	8226	0.0223311
8225	8226	0.0223311
8226	8227	0.0223264
1057	8227	0.0223264
507	8228	0.0226013
3894	8228	0.0226013
7818	8229	0.0222492
3815	8229	0.0222492
6877	8230	0.0223248
8227	8230	0.0223248
7772	8231	0.0223232
8230	8231	0.0223232
2964	8231	0.0223232
8186	8232	0.0223141
8231	8232	0.0223141
8092	8232	0.0223141
8232	8233	0.0222852
8120	8233	0.0222852
8233	8234	0.0222677
2340	8234	0.0222677
8234	8235	0.0222349
3272	8235	0.0222349
8235	8236	0.0222276
951	8236	0.0222276
8236	8237	0.0222113
198	8237	0.0222113
643	8238	0.0222026
8237	8238	0.0222026
8238	8239	0.0221776
5904	8239	0.0221776
8239	8240	0.0221744
976	8240	0.0221744
8240	8241	0.0221663
5508	8241	0.0221663
7656	8242	0.0221318
8241	8242	0.0221318
8228	8242	0.0221318
1943	8243	0.022124
8242	8243	0.022124
8243	8244	0.0221123
6064	8244	0.0221123
7815	8245	0.0221075
8244	8245	0.0221075
8245	8246	0.0220842
6167	8246	0.0220842
5474	8247	0.0220664
8246	8247	0.0220664
7200	8248	0.0220604
8247	8248	0.0220604
7827	8249	0.0220498
8248	8249	0.0220498
8229	8250	0.0220456
8249	8250	0.0220456
8250	8251	0.022042
3227	8251	0.022042
8251	8252	0.0220372
4052	8252	0.0220372
8252	8253	0.0220231
2950	8253	0.0220231
8253	8254	0.0219899
2470	8254	0.0219899
6760	8255	0.0219706
8254	8255	0.0219706
5601	8256	0.0219659
8255	8256	0.0219659
8256	8257	0.0219603
5462	8257	0.0219603
5305	8258	0.0219565
8257	8258	0.0219565
8126	8259	0.0219468
8258	8259	0.0219468
8259	8260	0.0219431
1509	8260	0.0219431
8095	8261	0.0233805
3773	8261	0.0233805
813	8262	0.0227038
8261	8262	0.0227038
7680	8263	0.0222318
301	8263	0.0222318
792	8264	0.0222234
2280	8264	0.0222234
8096	8265	0.022214
8264	8265	0.022214
1396	8266	0.0224296
4105	8266	0.0224296
8266	8267	0.0220492
5029	8267	0.0220492
7748	8268	0.0234099
8103	8268	0.0234099
8267	8269	0.0220477
8268	8269	0.0220477
8104	8270	0.0234307
4319	8270	0.0234307
6049	8271	0.0221185
8270	8271	0.0221185
2302	8272	0.0226726
889	8272	0.0226726
8116	8273	0.0235711
1544	8273	0.0235711
8119	8274	0.0225125
2265	8274	0.0225125
2554	8275	0.0220268
2867	8275	0.0220268
3442	8276	0.023634
4635	8276	0.023634
5233	8277	0.0218828
8117	8277	0.0218828
8260	8278	0.021922
3900	8278	0.021922
8278	8279	0.0218921
2901	8279	0.0218921
8279	8280	0.0218908
2161	8280	0.0218908
8280	8281	0.021886
5200	8281	0.021886
8281	8282	0.021884
8262	8282	0.021884
8282	8283	0.0218813
137	8283	0.0218813
8283	8284	0.0218788
74	8284	0.0218788
8284	8285	0.0218713
5071	8285	0.0218713
4768	8286	0.0218706
8285	8286	0.0218706
8286	8287	0.0218602
4325	8287	0.0218602
8287	8288	0.0218453
5041	8288	0.0218453
7198	8289	0.0218441
8288	8289	0.0218441
3418	8289	0.0218441
1692	8290	0.0218376
8289	8290	0.0218376
921	8290	0.0218376
8290	8291	0.0218046
1728	8291	0.0218046
8291	8292	0.0217896
6019	8292	0.0217896
8123	8293	0.0217736
8292	8293	0.0217736
8293	8294	0.0217703
1070	8294	0.0217703
8294	8295	0.021758
2270	8295	0.021758
3627	8296	0.0217573
8295	8296	0.0217573
8296	8297	0.0217563
4009	8297	0.0217563
8297	8298	0.0217313
8272	8298	0.0217313
8298	8299	0.0217305
8275	8299	0.0217305
6823	8300	0.0217207
8299	8300	0.0217207
3756	8301	0.0217014
7823	8301	0.0217014
7733	8302	0.0217037
8300	8302	0.0217037
1020	8303	0.0216894
8302	8303	0.0216894
8303	8304	0.0216847
1433	8304	0.0216847
7565	8305	0.0216827
8304	8305	0.0216827
626	8306	0.0216634
8305	8306	0.0216634
6846	8307	0.0216307
8306	8307	0.0216307
8301	8308	0.0216215
8307	8308	0.0216215
8088	8309	0.0216173
8308	8309	0.0216173
8309	8310	0.0216112
1468	8310	0.0216112
8310	8311	0.0216031
8102	8311	0.0216031
8311	8312	0.021592
3996	8312	0.021592
3732	8313	0.0215826
8312	8313	0.0215826
8313	8314	0.021578
8273	8314	0.021578
7804	8315	0.0215596
8314	8315	0.0215596
8115	8316	0.021547
8315	8316	0.021547
8277	8317	0.0215358
8316	8317	0.0215358
6938	8318	0.0215071
8317	8318	0.0215071
3057	8319	0.0214805
8318	8319	0.0214805
8319	8320	0.0214739
1173	8320	0.0214739
8320	8321	0.0214723
4696	8321	0.0214723
8321	8322	0.0214692
4892	8322	0.0214692
8322	8323	0.0214363
6013	8323	0.0214363
8323	8324	0.0214109
1285	8324	0.0214109
7802	8325	0.0214092
3708	8325	0.0214092
8324	8325	0.0214092
8325	8326	0.0214063
2875	8326	0.0214063
3349	8327	0.0213998
8326	8327	0.0213998
8327	8328	0.0213691
3591	8328	0.0213691
7142	8329	0.0213544
8328	8329	0.0213544
2229	8329	0.0213544
5321	8330	0.0213517
8329	8330	0.0213517
8330	8331	0.0213127
4738	8331	0.0213127
2682	8332	0.0213186
8271	8332	0.0213186
89	8333	0.0213107
8331	8333	0.0213107
7806	8334	0.0213043
8333	8334	0.0213043
8334	8335	0.0212994
8276	8335	0.0212994
2451	8336	0.0212825
8332	8336	0.0212825
8335	8337	0.0212697
8336	8337	0.0212697
1273	8338	0.0212686
8337	8338	0.0212686
7816	8339	0.0212601
8338	8339	0.0212601
8274	8340	0.0214679
1966	8340	0.0214679
8339	8341	0.02125
4630	8341	0.02125
8341	8342	0.0212345
606	8342	0.0212345
7728	8343	0.0212288
4203	8343	0.0212288
4802	8343	0.0212288
8342	8343	0.0212288
8343	8344	0.0212263
2919	8344	0.0212263
8344	8345	0.0212067
2278	8345	0.0212067
1667	8346	0.0211907
8345	8346	0.0211907
2933	8347	0.0211696
8346	8347	0.0211696
8347	8348	0.0211666
3870	8348	0.0211666
8348	8349	0.0211611
8340	8349	0.0211611
8349	8350	0.0211476
8265	8350	0.0211476
1546	8351	0.0211372
8350	8351	0.0211372
8351	8352	0.0211123
4395	8352	0.0211123
8352	8353	0.0210934
5177	8353	0.0210934
8353	8354	0.0210896
1780	8354	0.0210896
7179	8355	0.0210832
8354	8355	0.0210832
2013	8356	0.0210791
8355	8356	0.0210791
5096	8357	0.0210761
8356	8357	0.0210761
696	8357	0.0210761
8357	8358	0.0210255
2115	8358	0.0210255
7048	8359	0.0210174
8358	8359	0.0210174
2664	8360	0.0210141
8359	8360	0.0210141
8360	8361	0.0209914
2336	8361	0.0209914
8361	8362	0.0209546
3111	8362	0.0209546
8362	8363	0.0209417
5097	8363	0.0209417
7831	8364	0.0209244
8363	8364	0.0209244
8364	8365	0.0209029
1796	8365	0.0209029
4823	8366	0.0209014
8365	8366	0.0209014
4672	8367	0.0208855
8366	8367	0.0208855
4207	8368	0.0208676
8367	8368	0.0208676
8368	8369	0.0208453
8263	8369	0.0208453
4506	8370	0.020891
5735	8370	0.020891
8369	8371	0.0208285
1745	8371	0.0208285
8371	8372	0.0208275
978	8372	0.0208275
3206	8373	0.0208225
8372	8373	0.0208225
8373	8374	0.0207932
3075	8374	0.0207932
2721	8375	0.0207895
8374	8375	0.0207895
1562	8376	0.0207816
8375	8376	0.0207816
8376	8377	0.020755
283	8377	0.020755
8377	8378	0.0207478
2347	8378	0.0207478
8378	8379	0.0207288
3612	8379	0.0207288
4124	8380	0.0207176
8379	8380	0.0207176
8380	8381	0.0207086
4706	8381	0.0207086
8381	8382	0.0207022
594	8382	0.0207022
8382	8383	0.0206973
8269	8383	0.0206973
8383	8384	0.0206869
4608	8384	0.0206869
8384	8385	0.0206445
6055	8385	0.0206445
7557	8386	0.0206193
8385	8386	0.0206193
8386	8387	0.0206115
446	8387	0.0206115
8387	8388	0.0206092
5901	8388	0.0206092
8388	8389	0.020608
4332	8389	0.020608
8389	8390	0.0206058
8370	8390	0.0206058
3590	8391	0.0205964
8390	8391	0.0205964
5672	8391	0.0205964
8391	8392	0.0205824
3873	8392	0.0205824
7230	8393	0.0205458
728	8393	0.0205458
8392	8393	0.0205458
7183	8394	0.0204937
8393	8394	0.0204937
6039	8394	0.0204937
3616	8395	0.0204692
8394	8395	0.0204692
8395	8396	0.0204468
1715	8396	0.0204468
7168	8397	0.0204391
8396	8397	0.0204391
8122	8397	0.0204391
3689	8398	0.0204325
8397	8398	0.0204325
8398	8399	0.0204297
484	8399	0.0204297
8399	8400	0.020403
4532	8400	0.020403
5070	8401	0.0204006
8400	8401	0.0204006
2189	8402	0.319596
24	8402	0.319596
5457	8403	0.0532068
4196	8403	0.0532068
190	8404	0.0729472
29	8404	0.0729472
34	8405	0.0690389
5906	8405	0.0690389
35	8406	0.0972376
530	8406	0.0972376
409	8407	0.0993367
3609	8407	0.0993367
8407	8408	0.0383301
931	8408	0.0383301
37	8409	0.0404865
753	8409	0.0404865
339	8410	0.0399378
8409	8410	0.0399378
322	8411	0.0396919
8410	8411	0.0396919
8408	8412	0.0381527
8411	8412	0.0381527
1543	8413	0.0374003
8412	8413	0.0374003
8413	8414	0.0288075
2237	8414	0.0288075
3835	8415	0.3159
108	8415	0.3159
8415	8416	0.087591
3052	8416	0.087591
3788	8417	0.0760654
8416	8417	0.0760654
46	8418	0.049879
2972	8418	0.049879
2143	8419	0.024089
4825	8419	0.024089
406	8420	0.0251501
1777	8420	0.0251501
8419	8421	0.0233318
8420	8421	0.0233318
8421	8422	0.0216383
5224	8422	0.0216383
3985	8423	0.0593193
1870	8423	0.0593193
4155	8424	0.0362858
474	8424	0.0362858
330	8425	0.0298389
8424	8425	0.0298389
2074	8426	0.0661327
2424	8426	0.0661327
8426	8427	0.0221123
3699	8427	0.0221123
4021	8428	0.123308
1384	8428	0.123308
8428	8429	0.0927921
529	8429	0.0927921
1552	8430	0.0759894
3268	8430	0.0759894
8430	8431	0.0459413
5365	8431	0.0459413
8429	8432	0.0360918
8431	8432	0.0360918
66	8433	0.0556061
1337	8433	0.0556061
3967	8434	0.0474764
8433	8434	0.0474764
3913	8435	0.0211907
81	8435	0.0211907
6248	8436	0.111995
1236	8436	0.111995
1725	8437	0.0473355
2152	8437	0.0473355
8437	8438	0.0435752
94	8438	0.0435752
8438	8439	0.0232658
2471	8439	0.0232658
2214	8440	0.27795
3091	8440	0.27795
8440	8441	0.215465
943	8441	0.215465
4449	8442	0.0336742
5571	8442	0.0336742
8442	8443	0.031702
4612	8443	0.031702
8441	8444	0.0256755
8443	8444	0.0256755
3336	8445	0.0245668
8444	8445	0.0245668
4286	8446	0.0323373
4765	8446	0.0323373
8446	8447	0.027682
5934	8447	0.027682
5053	8448	0.0271149
8447	8448	0.0271149
2399	8449	0.0261542
8448	8449	0.0261542
469	8450	0.0594242
3441	8450	0.0594242
5703	8451	0.0486301
5511	8451	0.0486301
8451	8452	0.0454632
2563	8452	0.0454632
4840	8453	0.0392137
1271	8453	0.0392137
8452	8454	0.0306063
483	8454	0.0306063
8453	8455	0.026517
8454	8455	0.026517
8450	8456	0.0242379
8455	8456	0.0242379
8456	8457	0.0226563
5403	8457	0.0226563
8457	8458	0.0224249
5953	8458	0.0224249
2990	8459	0.0218441
8458	8459	0.0218441
700	8460	0.0218295
8459	8460	0.0218295
2689	8461	0.02152
8460	8461	0.02152
4251	8462	0.0208246
8461	8462	0.0208246
747	8463	0.0570129
4664	8463	0.0570129
8463	8464	0.0449939
4734	8464	0.0449939
8464	8465	0.0424807
3946	8465	0.0424807
561	8466	0.121604
6101	8466	0.121604
6108	8467	0.120066
8466	8467	0.120066
8467	8468	0.116406
6097	8468	0.116406
6012	8469	0.0904113
8468	8469	0.0904113
6094	8470	0.0844392
8469	8470	0.0844392
5815	8471	0.0817738
8470	8471	0.0817738
8471	8472	0.0444395
5814	8472	0.0444395
1905	8473	0.0206145
114	8473	0.0206145
4246	8474	0.046355
495	8474	0.046355
1465	8475	0.0448533
8474	8475	0.0448533
8475	8476	0.0369037
458	8476	0.0369037
2468	8477	0.120145
1359	8477	0.120145
1014	8478	0.119522
8477	8478	0.119522
3950	8479	0.0708625
3804	8479	0.0708625
4656	8480	0.0293891
4650	8480	0.0293891
6060	8481	0.0221789
1609	8481	0.0221789
1322	8482	0.0332967
1391	8482	0.0332967
1242	8483	0.100373
2681	8483	0.100373
2939	8484	0.0384661
215	8484	0.0384661
8484	8485	0.0335168
844	8485	0.0335168
8485	8486	0.0298196
2305	8486	0.0298196
3599	8487	0.0290661
8486	8487	0.0290661
8487	8488	0.0264196
5823	8488	0.0264196
1731	8489	0.0536869
1622	8489	0.0536869
4645	8490	0.0471222
8489	8490	0.0471222
1051	8491	0.031046
5111	8491	0.031046
5260	8492	0.0255043
1105	8492	0.0255043
8492	8493	0.0213415
2715	8493	0.0213415
8493	8494	0.0207376
5130	8494	0.0207376
5470	8495	0.0625474
4013	8495	0.0625474
5660	8496	0.086744
5206	8496	0.086744
1372	8497	0.0224141
4797	8497	0.0224141
3851	8498	0.0234702
3361	8498	0.0234702
726	8499	0.0294687
5140	8499	0.0294687
497	8500	0.0253136
1028	8500	0.0253136
1889	8501	0.0653545
5800	8501	0.0653545
5380	8502	0.13294
134	8502	0.13294
3283	8503	0.115916
4628	8503	0.115916
2794	8504	0.104942
8503	8504	0.104942
136	8505	0.0376453
5192	8505	0.0376453
674	8506	0.0479406
2166	8506	0.0479406
8506	8507	0.0248455
891	8507	0.0248455
5699	8508	0.0226431
5777	8508	0.0226431
8507	8509	0.0224209
5217	8509	0.0224209
8509	8510	0.0224189
8508	8510	0.0224189
8505	8511	0.0214796
8510	8511	0.0214796
1248	8512	0.020773
8511	8512	0.020773
3183	8513	0.0652531
5517	8513	0.0652531
143	8514	0.223533
2694	8514	0.223533
4691	8515	0.0299851
3961	8515	0.0299851
4928	8516	0.0260593
1939	8516	0.0260593
8516	8517	0.0209341
3430	8517	0.0209341
2127	8518	0.136771
174	8518	0.136771
454	8519	0.0684326
757	8519	0.0684326
3981	8520	0.0380215
178	8520	0.0380215
2854	8521	0.0702568
555	8521	0.0702568
8521	8522	0.0614571
3280	8522	0.0614571
3264	8523	0.203704
2906	8523	0.203704
8523	8524	0.149273
5031	8524	0.149273
8524	8525	0.0961533
5626	8525	0.0961533
8522	8526	0.0325068
3453	8526	0.0325068
8526	8527	0.0312884
1240	8527	0.0312884
8527	8528	0.0238304
1495	8528	0.0238304
8528	8529	0.0223456
4148	8529	0.0223456
8529	8530	0.0220791
2855	8530	0.0220791
8525	8531	0.0218865
8530	8531	0.0218865
8520	8532	0.0217657
8531	8532	0.0217657
8532	8533	0.0206847
1974	8533	0.0206847
3444	8534	0.0238683
1565	8534	0.0238683
5499	8535	0.130128
3468	8535	0.130128
2893	8536	0.0371354
797	8536	0.0371354
4306	8537	0.16214
188	8537	0.16214
8537	8538	0.0209703
411	8538	0.0209703
193	8539	0.207911
1595	8539	0.207911
5938	8540	0.16722
8539	8540	0.16722
8540	8541	0.158363
3043	8541	0.158363
4657	8542	0.0336373
2085	8542	0.0336373
197	8543	0.0336017
4179	8543	0.0336017
8542	8543	0.0336017
8543	8544	0.0320083
2059	8544	0.0320083
8544	8545	0.0295262
5946	8545	0.0295262
8545	8546	0.0287013
5768	8546	0.0287013
2948	8547	0.0260542
8546	8547	0.0260542
8547	8548	0.025196
2482	8548	0.025196
201	8549	0.0289637
648	8549	0.0289637
3415	8550	0.0761457
1370	8550	0.0761457
2375	8551	0.152701
2454	8551	0.152701
8551	8552	0.105308
3185	8552	0.105308
1499	8553	0.0885882
8552	8553	0.0885882
8553	8554	0.0710126
5755	8554	0.0710126
8550	8555	0.0475443
3022	8555	0.0475443
8554	8556	0.0558612
3785	8556	0.0558612
8556	8557	0.054591
2904	8557	0.054591
361	8558	0.0406187
8555	8558	0.0406187
3855	8559	0.0428732
8557	8559	0.0428732
8558	8560	0.0259773
8559	8560	0.0259773
8560	8561	0.0227136
1561	8561	0.0227136
228	8562	0.145662
4709	8562	0.145662
8562	8563	0.110599
4577	8563	0.110599
8563	8564	0.0393886
3912	8564	0.0393886
232	8565	0.0746606
4982	8565	0.0746606
239	8566	0.023093
2740	8566	0.023093
4347	8567	0.0410282
2628	8567	0.0410282
854	8568	0.0238658
1730	8568	0.0238658
5237	8569	0.0239851
3587	8569	0.0239851
8568	8570	0.0223882
8569	8570	0.0223882
3716	8571	0.0396858
2500	8571	0.0396858
936	8572	0.12115
1651	8572	0.12115
8572	8573	0.0566853
2641	8573	0.0566853
509	8574	0.0701622
2184	8574	0.0701622
4751	8575	0.070011
8574	8575	0.070011
3729	8576	0.038657
256	8576	0.038657
8576	8577	0.0373614
4560	8577	0.0373614
5303	8578	0.177618
5333	8578	0.177618
8578	8579	0.11387
5311	8579	0.11387
5332	8580	0.102422
8579	8580	0.102422
3780	8581	0.152226
5364	8581	0.152226
8581	8582	0.0576236
2476	8582	0.0576236
8580	8583	0.0431347
8582	8583	0.0431347
1901	8584	0.0278294
5049	8584	0.0278294
8583	8585	0.0257348
1431	8585	0.0257348
8584	8586	0.0226994
8585	8586	0.0226994
4838	8587	0.0219371
8586	8587	0.0219371
5529	8588	0.0235843
4339	8588	0.0235843
4981	8589	0.0908954
270	8589	0.0908954
2202	8590	0.0596391
5222	8590	0.0596391
632	8590	0.0596391
3790	8591	0.0869241
6044	8591	0.0869241
8591	8592	0.0742523
273	8592	0.0742523
285	8593	0.167677
3434	8593	0.167677
1744	8594	0.0457664
748	8594	0.0457664
2657	8595	0.0421914
8594	8595	0.0421914
3161	8596	0.040593
8595	8596	0.040593
8596	8597	0.0258411
3168	8597	0.0258411
8597	8598	0.0231807
4946	8598	0.0231807
4578	8599	0.0246231
3209	8599	0.0246231
8599	8600	0.0218179
3371	8600	0.0218179
2998	8601	0.0205638
8600	8601	0.0205638
4321	8602	0.0255881
1971	8602	0.0255881
4210	8603	0.0239759
8602	8603	0.0239759
1001	8604	0.0578279
2649	8604	0.0578279
2701	8605	0.086088
1765	8605	0.086088
302	8606	0.0308372
5035	8606	0.0308372
5653	8607	0.0288132
922	8607	0.0288132
2548	8608	0.0248155
8607	8608	0.0248155
5010	8609	0.0231697
6256	8609	0.0231697
8609	8610	0.0227565
3608	8610	0.0227565
4633	8611	0.0215215
8610	8611	0.0215215
8611	8612	0.0208901
4798	8612	0.0208901
8612	8613	0.0204743
1432	8613	0.0204743
685	8614	0.867657
3632	8614	0.867657
341	8615	0.037924
4535	8615	0.037924
1214	8615	0.037924
403	8616	0.0584996
3856	8616	0.0584996
8616	8617	0.0494985
1895	8617	0.0494985
6072	8618	0.0571192
3016	8618	0.0571192
8617	8619	0.0266599
3880	8619	0.0266599
3550	8620	0.0300059
1940	8620	0.0300059
8618	8621	0.027099
8620	8621	0.027099
8615	8622	0.0254469
2782	8622	0.0254469
8622	8623	0.0209772
8621	8623	0.0209772
8619	8624	0.0209428
8623	8624	0.0209428
6151	8625	0.149675
326	8625	0.149675
332	8626	0.0774064
423	8626	0.0774064
3253	8627	0.0636892
3635	8627	0.0636892
5874	8628	0.077938
823	8628	0.077938
8628	8629	0.0465315
2442	8629	0.0465315
8629	8630	0.0400409
344	8630	0.0400409
8630	8631	0.0224418
585	8631	0.0224418
356	8632	0.0646516
5914	8632	0.0646516
8632	8633	0.041559
1968	8633	0.041559
3179	8634	0.0223598
358	8634	0.0223598
1875	8635	0.0944763
5261	8635	0.0944763
3044	8636	0.0265322
8635	8636	0.0265322
369	8637	0.215206
4183	8637	0.215206
1908	8638	0.0980272
6207	8638	0.0980272
2010	8639	0.0590557
8638	8639	0.0590557
8639	8640	0.0443474
5522	8640	0.0443474
8640	8641	0.0209474
373	8641	0.0209474
4322	8642	0.0490757
379	8642	0.0490757
4632	8643	0.109084
381	8643	0.109084
1760	8644	0.0452318
4351	8644	0.0452318
1342	8645	0.0425827
8644	8645	0.0425827
2430	8646	0.040555
8645	8646	0.040555
8646	8647	0.0293549
3579	8647	0.0293549
5025	8648	0.0220517
4048	8648	0.0220517
1439	8649	0.121988
794	8649	0.121988
4671	8650	0.11556
8649	8650	0.11556
8650	8651	0.0949819
3138	8651	0.0949819
6024	8652	0.0643058
6122	8652	0.0643058
3088	8653	0.0871228
1268	8653	0.0871228
4348	8654	0.0628416
5141	8654	0.0628416
4593	8655	0.044772
8654	8655	0.044772
5363	8656	0.068341
1179	8656	0.068341
8656	8657	0.0206102
3413	8657	0.0206102
4330	8657	0.0206102
2231	8658	0.032464
6022	8658	0.032464
4291	8659	0.0447522
4284	8659	0.0447522
1334	8660	0.0415663
8659	8660	0.0415663
4508	8661	0.0452563
5723	8661	0.0452563
5057	8662	0.0289173
843	8662	0.0289173
8662	8663	0.0265842
6036	8663	0.0265842
8661	8664	0.022633
8663	8664	0.022633
2118	8665	0.0483553
3496	8665	0.0483553
4279	8666	0.0244284
441	8666	0.0244284
5362	8667	0.0234093
4209	8667	0.0234093
2761	8668	0.0245364
752	8668	0.0245364
8668	8669	0.0232078
2531	8669	0.0232078
8669	8670	0.0230424
1402	8670	0.0230424
8670	8671	0.0215445
3117	8671	0.0215445
4480	8672	0.0781554
783	8672	0.0781554
1733	8673	0.0761019
8672	8673	0.0761019
4730	8674	0.0601412
8673	8674	0.0601412
456	8675	0.13481
1723	8675	0.13481
8675	8676	0.0944122
4227	8676	0.0944122
4033	8677	0.0890336
2420	8677	0.0890336
8677	8678	0.0749827
8676	8678	0.0749827
8678	8679	0.0553436
1222	8679	0.0553436
8679	8680	0.0279315
1029	8680	0.0279315
471	8681	0.102578
1747	8681	0.102578
4955	8682	0.0873028
1489	8682	0.0873028
8682	8683	0.0615784
1991	8683	0.0615784
8683	8684	0.0607026
3963	8684	0.0607026
2687	8685	0.0370958
8684	8685	0.0370958
3505	8686	0.0234662
1802	8686	0.0234662
3389	8687	0.0232262
5459	8687	0.0232262
8687	8688	0.0209555
8686	8688	0.0209555
5145	8689	0.173402
499	8689	0.173402
501	8690	0.0256911
5270	8690	0.0256911
3386	8691	0.0206679
8690	8691	0.0206679
503	8692	0.186356
2570	8692	0.186356
8692	8693	0.128773
738	8693	0.128773
8693	8694	0.0674155
2222	8694	0.0674155
8694	8695	0.0304058
2227	8695	0.0304058
946	8696	0.0461865
505	8696	0.0461865
3312	8697	0.253124
4045	8697	0.253124
8697	8698	0.125217
4343	8698	0.125217
2798	8699	0.237136
3690	8699	0.237136
6209	8700	0.0447807
8699	8700	0.0447807
520	8701	0.121961
2060	8701	0.121961
5664	8702	0.060438
6218	8702	0.060438
3113	8703	0.0496301
8702	8703	0.0496301
8703	8704	0.048717
6009	8704	0.048717
2404	8705	0.041027
8704	8705	0.041027
8705	8706	0.0261951
4729	8706	0.0261951
5618	8707	0.0853768
3118	8707	0.0853768
8707	8708	0.0293871
546	8708	0.0293871
4707	8709	0.0560065
729	8709	0.0560065
5055	8710	0.0537534
2472	8710	0.0537534
4972	8711	0.0485283
8710	8711	0.0485283
2955	8712	0.0469657
8711	8712	0.0469657
8709	8713	0.0458621
8712	8713	0.0458621
4487	8714	0.0388616
8713	8714	0.0388616
8714	8715	0.0301723
5587	8715	0.0301723
3592	8716	0.240105
3677	8716	0.240105
4112	8717	0.21651
2179	8717	0.21651
8717	8718	0.0649974
4675	8718	0.0649974
2235	8719	0.0907159
1698	8719	0.0907159
4089	8720	0.0852157
8719	8720	0.0852157
988	8721	0.0444205
2857	8721	0.0444205
8720	8722	0.044153
8721	8722	0.044153
2141	8723	0.119959
955	8723	0.119959
2384	8724	0.0918904
5052	8724	0.0918904
8724	8725	0.0771486
562	8725	0.0771486
8725	8726	0.0668456
1018	8726	0.0668456
4529	8727	0.0215028
1135	8727	0.0215028
2104	8728	0.0474848
3211	8728	0.0474848
5230	8729	0.0248155
2614	8729	0.0248155
5797	8730	0.058361
581	8730	0.058361
8730	8731	0.0392087
1526	8731	0.0392087
4551	8732	0.303632
3521	8732	0.303632
8732	8733	0.178121
583	8733	0.178121
5420	8734	0.049182
5391	8734	0.049182
8734	8735	0.0455913
2856	8735	0.0455913
4669	8736	0.0431978
8735	8736	0.0431978
5331	8737	0.0427843
8736	8737	0.0427843
5985	8738	0.0381691
8737	8738	0.0381691
8738	8739	0.03432
599	8739	0.03432
8739	8740	0.0309172
4625	8740	0.0309172
3382	8741	0.0257074
8740	8741	0.0257074
5560	8742	0.0216827
8741	8742	0.0216827
3427	8743	0.138824
5372	8743	0.138824
3267	8744	0.0933826
5440	8744	0.0933826
8744	8745	0.0918492
2428	8745	0.0918492
8745	8746	0.0403977
609	8746	0.0403977
617	8747	0.108964
2271	8747	0.108964
899	8748	0.104967
3306	8748	0.104967
8748	8749	0.0592695
1143	8749	0.0592695
1216	8750	0.20726
1217	8750	0.20726
8750	8751	0.114094
2392	8751	0.114094
8751	8752	0.0755892
6091	8752	0.0755892
8752	8753	0.0215558
3657	8753	0.0215558
2698	8754	0.0416778
2511	8754	0.0416778
8754	8755	0.028059
4076	8755	0.028059
630	8756	0.1127
2058	8756	0.1127
1512	8757	0.112442
8756	8757	0.112442
4422	8758	0.0425907
6179	8758	0.0425907
8758	8759	0.0277149
2391	8759	0.0277149
5886	8760	0.165911
6162	8760	0.165911
8760	8761	0.1525
4697	8761	0.1525
8761	8762	0.10447
5585	8762	0.10447
8762	8763	0.0834711
633	8763	0.0834711
8763	8764	0.0597602
5665	8764	0.0597602
634	8765	0.154629
3648	8765	0.154629
3170	8766	0.0860418
638	8766	0.0860418
8766	8767	0.0841364
2555	8767	0.0841364
3395	8768	0.024847
4336	8768	0.024847
5064	8769	0.362755
4435	8769	0.362755
678	8770	0.020891
2552	8770	0.020891
912	8771	0.0208501
8770	8771	0.0208501
5876	8772	0.021061
3368	8772	0.021061
3037	8773	0.022464
2479	8773	0.022464
5740	8774	0.22175
1631	8774	0.22175
8774	8775	0.0209319
5020	8775	0.0209319
5334	8776	0.0484753
3378	8776	0.0484753
1428	8777	0.0451004
8776	8777	0.0451004
2899	8778	0.0986231
3064	8778	0.0986231
734	8779	0.109056
4610	8779	0.109056
2542	8780	0.0903332
1979	8780	0.0903332
8780	8781	0.0840409
751	8781	0.0840409
8781	8782	0.0795916
3373	8782	0.0795916
8782	8783	0.0755416
4674	8783	0.0755416
8783	8784	0.03657
4011	8784	0.03657
774	8785	0.241664
1159	8785	0.241664
4663	8786	0.0376453
1694	8786	0.0376453
3539	8787	0.24566
4525	8787	0.24566
5162	8788	0.172411
8787	8788	0.172411
4806	8789	0.0285547
5927	8789	0.0285547
8789	8790	0.0261197
4659	8790	0.0261197
8790	8791	0.0253238
3495	8791	0.0253238
3454	8792	0.0249197
4703	8792	0.0249197
8791	8793	0.0249011
8792	8793	0.0249011
6075	8794	0.451058
1178	8794	0.451058
1089	8795	0.0712342
3393	8795	0.0712342
8795	8796	0.0604722
6104	8796	0.0604722
818	8797	0.0558459
8796	8797	0.0558459
1980	8798	0.0577978
842	8798	0.0577978
5004	8799	0.124916
4195	8799	0.124916
5917	8800	0.119398
2100	8800	0.119398
1458	8801	0.0543524
2079	8801	0.0543524
1558	8802	0.0301887
4844	8802	0.0301887
3381	8803	0.0704477
924	8803	0.0704477
5375	8804	0.0274694
1593	8804	0.0274694
5242	8805	0.0269079
8804	8805	0.0269079
987	8806	0.0868415
1005	8806	0.0868415
6192	8807	0.556325
1053	8807	0.556325
5861	8808	0.135665
5859	8808	0.135665
8808	8809	0.0264598
1311	8809	0.0264598
1000	8810	0.0937071
4899	8810	0.0937071
8810	8811	0.0691183
4071	8811	0.0691183
8811	8812	0.0519419
4070	8812	0.0519419
8812	8813	0.0274767
6027	8813	0.0274767
1444	8814	0.0871533
6031	8814	0.0871533
1013	8815	0.0854973
8814	8815	0.0854973
5466	8816	0.157603
2455	8816	0.157603
8816	8817	0.124073
4315	8817	0.124073
4970	8818	0.115707
8817	8818	0.115707
3828	8819	0.0669148
1035	8819	0.0669148
8818	8820	0.0209045
8819	8820	0.0209045
3452	8821	0.0495975
1037	8821	0.0495975
4019	8822	0.0206106
1040	8822	0.0206106
6096	8823	0.118277
5817	8823	0.118277
4652	8824	0.0836039
1162	8824	0.0836039
1185	8825	0.0237837
3553	8825	0.0237837
1229	8826	0.0376415
4298	8826	0.0376415
4007	8827	0.196585
1987	8827	0.196585
8827	8828	0.0243694
2337	8828	0.0243694
3975	8829	0.0207911
8828	8829	0.0207911
5113	8830	0.0743421
1194	8830	0.0743421
8830	8831	0.0281658
5633	8831	0.0281658
5535	8832	0.0374675
1473	8832	0.0374675
4682	8833	0.0317771
2301	8833	0.0317771
8833	8834	0.0289936
5170	8834	0.0289936
8834	8835	0.0240909
1231	8835	0.0240909
8835	8836	0.0236866
1838	8836	0.0236866
8836	8837	0.0220746
5430	8837	0.0220746
8837	8838	0.021985
3476	8838	0.021985
8838	8839	0.0219839
6252	8839	0.0219839
8839	8840	0.0214063
4123	8840	0.0214063
1233	8841	0.13797
2887	8841	0.13797
8841	8842	0.0474073
5302	8842	0.0474073
1247	8843	0.144929
3778	8843	0.144929
2177	8844	0.0563469
1255	8844	0.0563469
5549	8845	0.0435736
8844	8845	0.0435736
1278	8846	0.0956972
1835	8846	0.0956972
8846	8847	0.0647306
1713	8847	0.0647306
8847	8848	0.0544087
3714	8848	0.0544087
4973	8849	0.0431541
8848	8849	0.0431541
8849	8850	0.0424994
2722	8850	0.0424994
8850	8851	0.040219
4172	8851	0.040219
8851	8852	0.0387099
3176	8852	0.0387099
8852	8853	0.0346929
4786	8853	0.0346929
8853	8854	0.0316097
4406	8854	0.0316097
5820	8855	0.0424929
4925	8855	0.0424929
1375	8856	0.065257
1291	8856	0.065257
1564	8857	0.0491495
1860	8857	0.0491495
5114	8858	0.0516072
2816	8858	0.0516072
8857	8859	0.0447533
8858	8859	0.0447533
3830	8860	0.0400127
8859	8860	0.0400127
4591	8861	0.0398269
8860	8861	0.0398269
1293	8862	0.0233411
3841	8862	0.0233411
2938	8863	0.0236761
2086	8863	0.0236761
3177	8864	0.10676
1321	8864	0.10676
3852	8865	0.0217543
4208	8865	0.0217543
5519	8866	0.0751486
3093	8866	0.0751486
2303	8867	0.0937368
1506	8867	0.0937368
8867	8868	0.0888309
5673	8868	0.0888309
1366	8869	0.0704791
8868	8869	0.0704791
1425	8870	0.0493385
4055	8870	0.0493385
8870	8871	0.0428055
2891	8871	0.0428055
6132	8872	0.0675816
1848	8872	0.0675816
8872	8873	0.0232166
2106	8873	0.0232166
1459	8874	0.0462934
5367	8874	0.0462934
3890	8875	0.0341815
8874	8875	0.0341815
4953	8876	0.0228889
1831	8876	0.0228889
1469	8877	0.0805975
2433	8877	0.0805975
5572	8878	0.0261726
2415	8878	0.0261726
1478	8879	0.0222285
8878	8879	0.0222285
1809	8880	0.0241271
1487	8880	0.0241271
3879	8881	0.254212
4399	8881	0.254212
2941	8882	0.253808
8881	8882	0.253808
3482	8883	0.600237
1930	8883	0.600237
8883	8884	0.253081
1573	8884	0.253081
4821	8885	0.191998
1580	8885	0.191998
3837	8886	0.0256751
4742	8886	0.0256751
2719	8887	0.0228864
1826	8887	0.0228864
2465	8888	0.0421879
1653	8888	0.0421879
8888	8889	0.0260001
2642	8889	0.0260001
8889	8890	0.0238888
2053	8890	0.0238888
2113	8891	0.0374199
1708	8891	0.0374199
5710	8892	0.118002
1700	8892	0.118002
1687	8893	0.0208407
3356	8893	0.0208407
1738	8894	0.0591138
5714	8894	0.0591138
3396	8895	0.173582
1797	8895	0.173582
1801	8896	0.0270382
3291	8896	0.0270382
5472	8897	0.225989
5885	8897	0.225989
8897	8898	0.158811
1934	8898	0.158811
4531	8899	0.239693
1960	8899	0.239693
1997	8900	0.03345
1976	8900	0.03345
2409	8901	0.0301842
4716	8901	0.0301842
5966	8902	0.0230264
6082	8902	0.0230264
2756	8903	0.220064
2097	8903	0.220064
4624	8904	0.0539482
2121	8904	0.0539482
5989	8905	0.0740172
2123	8905	0.0740172
5980	8906	0.0737055
8905	8906	0.0737055
4952	8907	0.0565285
4936	8907	0.0565285
5635	8908	0.0988975
3422	8908	0.0988975
2144	8909	0.0320643
4411	8909	0.0320643
2400	8910	0.0812268
5262	8910	0.0812268
5337	8911	0.0771891
8910	8911	0.0771891
8911	8912	0.065317
2160	8912	0.065317
4442	8913	0.0516616
2224	8913	0.0516616
2182	8914	0.0318203
3119	8914	0.0318203
2260	8915	0.133652
4594	8915	0.133652
3926	8916	0.0267995
2564	8916	0.0267995
3731	8917	0.0847175
2947	8917	0.0847175
4228	8918	0.15964
3079	8918	0.15964
8918	8919	0.12108
3252	8919	0.12108
8919	8920	0.0821138
2903	8920	0.0821138
4103	8921	0.0250121
5501	8921	0.0250121
5907	8922	0.186915
5979	8922	0.186915
8922	8923	0.175704
5599	8923	0.175704
5613	8924	0.0865863
4571	8924	0.0865863
5094	8925	0.111703
5289	8925	0.111703
3049	8926	0.118737
5792	8926	0.118737
8926	8927	0.0844719
2426	8927	0.0844719
5304	8928	0.028253
4290	8928	0.028253
2582	8929	0.0412405
2477	8929	0.0412405
5550	8930	0.078416
3789	8930	0.078416
2525	8931	0.143932
4381	8931	0.143932
4402	8931	0.143932
5884	8931	0.143932
2543	8932	0.0994396
2805	8932	0.0994396
2546	8933	0.0204503
5875	8933	0.0204503
2623	8934	0.0688058
2551	8934	0.0688058
2583	8935	0.365331
3488	8935	0.365331
4772	8936	0.0653859
2607	8936	0.0653859
3808	8937	0.297527
2737	8937	0.297527
4453	8938	0.0225613
2753	8938	0.0225613
3106	8939	0.121304
4679	8939	0.121304
8939	8940	0.0913519
6199	8940	0.0913519
5965	8941	0.125674
4528	8941	0.125674
2789	8942	0.0339721
8941	8942	0.0339721
5274	8943	0.0496617
4949	8943	0.0496617
4956	8944	0.045911
8943	8944	0.045911
2889	8945	0.134544
5937	8945	0.134544
2967	8946	0.280156
3944	8946	0.280156
8946	8947	0.0261726
5221	8947	0.0261726
5461	8948	0.0746306
3081	8948	0.0746306
3225	8949	0.121551
5495	8949	0.121551
3249	8950	0.136573
3494	8950	0.136573
3791	8951	0.0453146
4564	8951	0.0453146
3262	8952	0.196088
3606	8952	0.196088
4031	8953	0.0211964
3329	8953	0.0211964
5002	8954	0.372964
3397	8954	0.372964
8954	8955	0.103337
5387	8955	0.103337
3420	8956	0.087608
4796	8956	0.087608
3735	8957	0.0446551
6258	8957	0.0446551
3736	8958	0.156429
3951	8958	0.156429
3994	8959	0.0938792
4794	8959	0.0938792
4117	8960	0.150627
5864	8960	0.150627
4247	8961	0.114565
5480	8961	0.114565
4434	8962	0.0361598
4382	8962	0.0361598
4829	8963	0.0230188
4539	8963	0.0230188
4568	8964	0.0663396
4799	8964	0.0663396
5491	8965	0.0938845
5456	8965	0.0938845
6010	8966	0.021146
5767	8966	0.021146
3239	8967	0.00918577
2852	8967	0.00918577
1157	8968	0.0119582
3141	8968	0.0119582
4216	8969	0.00928968
5386	8969	0.00928968
6327	8970	0.0113374
2654	8970	0.0113374
1750	8971	0.018153
2909	8971	0.018153
2545	8972	0.0183172
2643	8972	0.0183172
8972	8973	0.0114442
3843	8973	0.0114442
8973	8974	0.00983754
6205	8974	0.00983754
2924	8975	0.00986193
3854	8975	0.00986193
5067	8976	0.0137166
1326	8976	0.0137166
4133	8977	0.0202876
8570	8977	0.0202876
1925	8978	0.0195077
8820	8978	0.0195077
3742	8979	0.0159529
4787	8979	0.0159529
5969	8980	0.0137997
4367	8980	0.0137997
8573	8981	0.011199
2965	8981	0.011199
1025	8982	0.0202776
1079	8982	0.0202776
5594	8983	0.0175972
8982	8983	0.0175972
6117	8984	0.0179939
6110	8984	0.0179939
8984	8985	0.0154428
6118	8985	0.0154428
6119	8986	0.0137234
8985	8986	0.0137234
8986	8987	0.00910567
8472	8987	0.00910567
1318	8988	0.0156135
539	8988	0.0156135
8775	8989	0.0202682
1954	8989	0.0202682
8882	8990	0.0148546
4447	8990	0.0148546
8863	8991	0.0166644
5822	8991	0.0166644
2693	8992	0.0189332
2221	8992	0.0189332
1345	8993	0.0151672
4720	8993	0.0151672
1007	8994	0.0150291
3924	8994	0.0150291
4249	8995	0.015993
8593	8995	0.015993
6284	8996	0.0152954
5082	8996	0.0152954
2181	8997	0.0161022
3522	8997	0.0161022
84	8998	0.0133133
8561	8998	0.0133133
8653	8999	0.013401
413	8999	0.013401
8695	9000	0.0156901
5220	9000	0.0156901
4485	9001	0.0150987
1280	9001	0.0150987
1138	9002	0.0167131
1258	9002	0.0167131
3031	9003	0.0176077
3188	9003	0.0176077
3942	9004	0.0185687
5259	9004	0.0185687
5169	9005	0.0164487
3544	9005	0.0164487
4197	9006	0.0144473
6375	9006	0.0144473
4436	9007	0.0157805
4497	9007	0.0157805
3388	9008	0.0151338
9007	9008	0.0151338
3801	9009	0.0186044
8641	9009	0.0186044
2951	9010	0.0194665
6307	9010	0.0194665
8534	9011	0.0170291
2043	9011	0.0170291
6349	9012	0.018772
3437	9012	0.018772
2502	9013	0.0185492
9012	9013	0.0185492
1914	9014	0.0163726
431	9014	0.0163726
5659	9015	0.0194053
6216	9015	0.0194053
3295	9016	0.0174039
3503	9016	0.0174039
2408	9017	0.0167991
4416	9017	0.0167991
4866	9018	0.0167534
9017	9018	0.0167534
482	9019	0.0182601
1111	9019	0.0182601
8598	9020	0.019277
790	9020	0.019277
6074	9021	0.0194044
2146	9021	0.0194044
9021	9022	0.018578
6015	9022	0.018578
6402	9023	0.0193731
3728	9023	0.0193731
6317	9024	0.0203219
4752	9024	0.0203219
6318	9025	0.020261
9024	9025	0.020261
350	9026	0.020193
9025	9026	0.020193
161	9027	0.0197857
9026	9027	0.0197857
3681	9028	0.0192651
9027	9028	0.0192651
6392	9029	0.0201392
3561	9029	0.0201392
8401	9030	0.0203781
5015	9030	0.0203781
9030	9031	0.0203322
1147	9031	0.0203322
6288	9032	0.0203028
9031	9032	0.0203028
4758	9033	0.0202819
9032	9033	0.0202819
1421	9034	0.0202801
9033	9034	0.0202801
9034	9035	0.0202711
8427	9035	0.0202711
770	9036	0.0202695
9035	9036	0.0202695
9036	9037	0.0202645
8512	9037	0.0202645
8840	9037	0.0202645
4188	9037	0.0202645
8909	9037	0.0202645
9037	9038	0.0202436
6073	9038	0.0202436
9038	9039	0.0202245
3235	9039	0.0202245
9039	9040	0.0202095
212	9040	0.0202095
9040	9041	0.0202055
2284	9041	0.0202055
5870	9042	0.0202033
9041	9042	0.0202033
9042	9043	0.0201818
1277	9043	0.0201818
9043	9044	0.0201736
404	9044	0.0201736
9044	9045	0.0201702
6168	9045	0.0201702
6322	9046	0.0201636
9045	9046	0.0201636
6115	9047	0.0201559
9046	9047	0.0201559
1679	9047	0.0201559
3658	9048	0.0201196
9047	9048	0.0201196
9048	9049	0.0201059
5779	9049	0.0201059
8805	9050	0.0201803
4268	9050	0.0201803
9049	9051	0.0201035
9050	9051	0.0201035
1927	9051	0.0201035
9051	9052	0.0200911
8842	9052	0.0200911
9052	9053	0.020089
2172	9053	0.020089
9053	9054	0.0200697
8624	9054	0.0200697
317	9054	0.0200697
9054	9055	0.0200674
5774	9055	0.0200674
9055	9056	0.0200568
4468	9056	0.0200568
9056	9057	0.0200498
8887	9057	0.0200498
755	9058	0.0200487
9057	9058	0.0200487
3085	9059	0.020042
4907	9059	0.020042
9058	9059	0.020042
6305	9060	0.0200271
9059	9060	0.0200271
9060	9061	0.0200099
8691	9061	0.0200099
9061	9062	0.0200041
38	9062	0.0200041
1442	9063	0.0199871
9062	9063	0.0199871
9063	9064	0.0199824
4383	9064	0.0199824
9029	9065	0.019969
9064	9065	0.019969
15	9065	0.019969
9065	9066	0.0199672
1463	9066	0.0199672
722	9067	0.0199612
9066	9067	0.0199612
6369	9068	0.019948
9067	9068	0.019948
9068	9069	0.0199124
4809	9069	0.0199124
9069	9070	0.0198945
3241	9070	0.0198945
1972	9071	0.0198748
9070	9071	0.0198748
3721	9071	0.0198748
9071	9072	0.019843
5877	9072	0.019843
5148	9073	0.0198112
9072	9073	0.0198112
9073	9074	0.0197944
5106	9074	0.0197944
9074	9075	0.0197885
3573	9075	0.0197885
9075	9076	0.0197835
2595	9076	0.0197835
5312	9077	0.01977
9076	9077	0.01977
135	9078	0.0197582
9077	9078	0.0197582
9078	9079	0.0197391
4601	9079	0.0197391
6266	9080	0.019736
9079	9080	0.019736
9080	9081	0.0197269
8601	9081	0.0197269
9081	9082	0.019719
64	9082	0.019719
186	9083	0.0197002
9082	9083	0.0197002
192	9084	0.0199317
1239	9084	0.0199317
8797	9085	0.0203838
1949	9085	0.0203838
9083	9086	0.0196912
287	9086	0.0196912
9086	9087	0.0196909
185	9087	0.0196909
9087	9088	0.0196744
8481	9088	0.0196744
9088	9089	0.0196695
4084	9089	0.0196695
3516	9090	0.0196618
9089	9090	0.0196618
860	9091	0.019661
9090	9091	0.019661
9091	9092	0.0196436
118	9092	0.0196436
259	9093	0.019641
9092	9093	0.019641
6378	9094	0.0196133
9093	9094	0.0196133
1948	9095	0.0196106
9094	9095	0.0196106
9095	9096	0.0195892
4881	9096	0.0195892
5132	9097	0.0195677
9096	9097	0.0195677
157	9098	0.0196125
2735	9098	0.0196125
9097	9099	0.0195405
9085	9099	0.0195405
9099	9100	0.0195365
3501	9100	0.0195365
9100	9101	0.0195342
5837	9101	0.0195342
9101	9102	0.0195244
3883	9102	0.0195244
4835	9103	0.0195177
9102	9103	0.0195177
9098	9103	0.0195177
9103	9104	0.0195151
2823	9104	0.0195151
9104	9105	0.0195058
1171	9105	0.0195058
9105	9106	0.019504
608	9106	0.019504
9106	9107	0.019498
354	9107	0.019498
1538	9108	0.0194947
9107	9108	0.0194947
9108	9109	0.0194825
1452	9109	0.0194825
9109	9110	0.019469
4579	9110	0.019469
3882	9111	0.0194665
9110	9111	0.0194665
6373	9112	0.01945
9111	9112	0.01945
9112	9113	0.0194293
5030	9113	0.0194293
9113	9114	0.0194207
1098	9114	0.0194207
2397	9115	0.0194153
9114	9115	0.0194153
3263	9116	0.0194142
9115	9116	0.0194142
6431	9117	0.0194124
9116	9117	0.0194124
9117	9118	0.0193938
2154	9118	0.0193938
6417	9119	0.019376
9118	9119	0.019376
9119	9120	0.0193689
4137	9120	0.0193689
9120	9121	0.0193638
1379	9121	0.0193638
8480	9122	0.0193608
9121	9122	0.0193608
9122	9123	0.0193463
1621	9123	0.0193463
9123	9124	0.0193357
1536	9124	0.0193357
9124	9125	0.0193342
2812	9125	0.0193342
9125	9126	0.0193236
9084	9126	0.0193236
9126	9127	0.0193128
5164	9127	0.0193128
9127	9128	0.0193098
8491	9128	0.0193098
4187	9129	0.0192976
9128	9129	0.0192976
9129	9130	0.0192936
5553	9130	0.0192936
659	9131	0.0192808
9130	9131	0.0192808
9131	9132	0.0192777
8940	9132	0.0192777
5496	9132	0.0192777
9132	9133	0.0192583
3603	9133	0.0192583
9133	9134	0.0192566
4856	9134	0.0192566
8962	9134	0.0192566
8488	9135	0.0193
5894	9135	0.0193
3164	9136	0.0200357
214	9136	0.0200357
2656	9137	0.0200234
9136	9137	0.0200234
4430	9138	0.0197168
9137	9138	0.0197168
1602	9139	0.0195533
9138	9139	0.0195533
8688	9140	0.0193864
5412	9140	0.0193864
8566	9141	0.0191787
1842	9141	0.0191787
5232	9142	0.0192557
9134	9142	0.0192557
9142	9143	0.0192531
4119	9143	0.0192531
9143	9144	0.0192451
3701	9144	0.0192451
9144	9145	0.0192404
4392	9145	0.0192404
642	9146	0.0192271
9145	9146	0.0192271
9146	9147	0.0192249
5159	9147	0.0192249
9147	9148	0.0192204
5417	9148	0.0192204
9148	9149	0.0192185
2702	9149	0.0192185
6324	9150	0.0191901
9149	9150	0.0191901
4778	9151	0.0191842
9150	9151	0.0191842
9151	9152	0.0191733
1450	9152	0.0191733
703	9153	0.0191544
9152	9153	0.0191544
2532	9153	0.0191544
9153	9154	0.0191499
2383	9154	0.0191499
9154	9155	0.0191485
6221	9155	0.0191485
3927	9156	0.0191443
9155	9156	0.0191443
9156	9157	0.019125
3798	9157	0.019125
9157	9158	0.0191057
1994	9158	0.0191057
6320	9159	0.0191051
9158	9159	0.0191051
8715	9160	0.0190944
9159	9160	0.0190944
9160	9161	0.0190889
902	9161	0.0190889
430	9161	0.0190889
6356	9162	0.019085
9161	9162	0.019085
4924	9162	0.019085
9162	9163	0.0190841
727	9163	0.0190841
2911	9164	0.0190726
9163	9164	0.0190726
9164	9165	0.0190241
3896	9165	0.0190241
9165	9166	0.0190174
3483	9166	0.0190174
2162	9167	0.0190066
9166	9167	0.0190066
9167	9168	0.0189926
6033	9168	0.0189926
745	9169	0.0189895
9168	9169	0.0189895
453	9170	0.0190602
3286	9170	0.0190602
3999	9171	0.0189696
9169	9171	0.0189696
9171	9172	0.018966
2250	9172	0.018966
9172	9173	0.0189578
1660	9173	0.0189578
8771	9173	0.0189578
6346	9174	0.0189432
9173	9174	0.0189432
9028	9175	0.0189418
9174	9175	0.0189418
1314	9175	0.0189418
9175	9176	0.0189373
9139	9176	0.0189373
3436	9177	0.0189059
9176	9177	0.0189059
6331	9178	0.0189037
9177	9178	0.0189037
8497	9178	0.0189037
9135	9178	0.0189037
9178	9179	0.0188819
2773	9179	0.0188819
163	9180	0.0188724
9179	9180	0.0188724
4582	9180	0.0188724
9180	9181	0.0188483
8548	9181	0.0188483
3357	9182	0.0188426
9181	9182	0.0188426
5425	9183	0.0188401
9182	9183	0.0188401
9183	9184	0.0188276
8755	9184	0.0188276
9184	9185	0.0188207
2401	9185	0.0188207
9185	9186	0.0188112
457	9186	0.0188112
9186	9187	0.0187817
5175	9187	0.0187817
6416	9188	0.018779
9187	9188	0.018779
9170	9188	0.018779
9188	9189	0.0187754
5350	9189	0.0187754
9189	9190	0.018772
3004	9190	0.018772
9190	9191	0.0187712
1196	9191	0.0187712
6295	9192	0.0187665
9191	9192	0.0187665
9192	9193	0.0187644
9	9193	0.0187644
9193	9194	0.0187475
1200	9194	0.0187475
9194	9195	0.0187405
122	9195	0.0187405
6339	9196	0.0187308
9195	9196	0.0187308
9196	9197	0.0187301
1004	9197	0.0187301
9197	9198	0.0187065
801	9198	0.0187065
6004	9199	0.0190288
1213	9199	0.0190288
9198	9200	0.0186987
3532	9200	0.0186987
9200	9201	0.018689
9140	9201	0.018689
5853	9202	0.0186693
9201	9202	0.0186693
6304	9203	0.018668
9202	9203	0.018668
9203	9204	0.0186033
5003	9204	0.0186033
9141	9205	0.0186004
9204	9205	0.0186004
9205	9206	0.0185862
3861	9206	0.0185862
9206	9207	0.0185424
4232	9207	0.0185424
1309	9208	0.0185384
9207	9208	0.0185384
1403	9208	0.0185384
9208	9209	0.0185282
126	9209	0.0185282
257	9210	0.0185098
9209	9210	0.0185098
9210	9211	0.0184793
119	9211	0.0184793
547	9211	0.0184793
9211	9212	0.0184697
1837	9212	0.0184697
9212	9213	0.0184477
6181	9213	0.0184477
9213	9214	0.018446
3899	9214	0.018446
2268	9215	0.0184408
9214	9215	0.0184408
4931	9215	0.0184408
9215	9216	0.0184389
4854	9216	0.0184389
9216	9217	0.0184324
3831	9217	0.0184324
5990	9218	0.0184287
9217	9218	0.0184287
5939	9219	0.018424
4978	9219	0.018424
9218	9220	0.0184121
741	9220	0.0184121
236	9221	0.0184104
9220	9221	0.0184104
9221	9222	0.0183943
343	9222	0.0183943
3485	9223	0.0183887
9222	9223	0.0183887
9219	9223	0.0183887
384	9224	0.0183802
9223	9224	0.0183802
1503	9224	0.0183802
9224	9225	0.0183526
4181	9225	0.0183526
9225	9226	0.0183371
1640	9226	0.0183371
5787	9227	0.0183526
3960	9227	0.0183526
9226	9228	0.0183345
4068	9228	0.0183345
6329	9229	0.0183316
9228	9229	0.0183316
5968	9229	0.0183316
9229	9230	0.0183285
6193	9230	0.0183285
9230	9231	0.018328
3038	9231	0.018328
6301	9232	0.0183219
3237	9232	0.0183219
9231	9232	0.0183219
9232	9233	0.0183179
622	9233	0.0183179
9233	9234	0.0183136
9227	9234	0.0183136
3374	9235	0.0183114
9234	9235	0.0183114
3129	9235	0.0183114
106	9236	0.018311
9235	9236	0.018311
6332	9237	0.0183029
9236	9237	0.0183029
4090	9238	0.0182944
9237	9238	0.0182944
6384	9239	0.0182716
9238	9239	0.0182716
3833	9240	0.0182648
9239	9240	0.0182648
9240	9241	0.018263
5905	9241	0.018263
3827	9242	0.0182549
9241	9242	0.0182549
9199	9242	0.0182549
9242	9243	0.018252
3317	9243	0.018252
8504	9244	0.0182427
9243	9244	0.0182427
9244	9245	0.0182362
5117	9245	0.0182362
1550	9246	0.0182322
9245	9246	0.0182322
2342	9247	0.0182452
4977	9247	0.0182452
9246	9248	0.0182292
181	9248	0.0182292
2568	9249	0.0182152
9248	9249	0.0182152
9249	9250	0.0182077
8938	9250	0.0182077
9250	9251	0.018201
1995	9251	0.018201
2089	9251	0.018201
9247	9251	0.018201
5683	9252	0.0181885
9251	9252	0.0181885
477	9253	0.0181811
9252	9253	0.0181811
9253	9254	0.0181772
3542	9254	0.0181772
8403	9255	0.0196764
27	9255	0.0196764
9255	9256	0.0182798
8813	9256	0.0182798
1017	9257	0.0188292
8462	9257	0.0188292
9257	9258	0.0187071
5079	9258	0.0187071
3923	9259	0.0191478
8494	9259	0.0191478
1264	9260	0.0183962
9259	9260	0.0183962
5684	9261	0.018281
142	9261	0.018281
8651	9262	0.0183842
3002	9262	0.0183842
8793	9263	0.0196924
4681	9263	0.0196924
5446	9264	0.0195826
8822	9264	0.0195826
2194	9265	0.0192593
9264	9265	0.0192593
8893	9266	0.0200592
2032	9266	0.0200592
9266	9267	0.0196476
4338	9267	0.0196476
9267	9268	0.0188177
4334	9268	0.0188177
4605	9269	0.0181944
4747	9269	0.0181944
8658	9270	0.0175506
9022	9270	0.0175506
9254	9271	0.0181757
2459	9271	0.0181757
9271	9272	0.0181731
2562	9272	0.0181731
9272	9273	0.0181391
8731	9273	0.0181391
5762	9273	0.0181391
9273	9274	0.0181351
9265	9274	0.0181351
2663	9275	0.0181245
9274	9275	0.0181245
9275	9276	0.0181238
2845	9276	0.0181238
9260	9277	0.0181216
1502	9277	0.0181216
9276	9278	0.0180991
9262	9278	0.0180991
9278	9279	0.0180981
2416	9279	0.0180981
9279	9280	0.0180969
9277	9280	0.0180969
3440	9281	0.0180942
9280	9281	0.0180942
5895	9282	0.0180865
9281	9282	0.0180865
9282	9283	0.0180852
9261	9283	0.0180852
4297	9284	0.0180768
9283	9284	0.0180768
9284	9285	0.0180605
4372	9285	0.0180605
9285	9286	0.0180551
3543	9286	0.0180551
5426	9287	0.0180452
9286	9287	0.0180452
9287	9288	0.0180328
489	9288	0.0180328
9288	9289	0.0180131
9258	9289	0.0180131
2928	9290	0.0180113
9289	9290	0.0180113
5711	9291	0.0180052
9290	9291	0.0180052
9291	9292	0.0179931
4549	9292	0.0179931
9292	9293	0.0179872
536	9293	0.0179872
9293	9294	0.0179414
591	9294	0.0179414
5646	9294	0.0179414
8815	9295	0.0179338
9294	9295	0.0179338
6237	9296	0.0179333
9295	9296	0.0179333
9296	9297	0.0179243
5449	9297	0.0179243
9297	9298	0.0179206
1261	9298	0.0179206
9298	9299	0.017919
1443	9299	0.017919
9299	9300	0.0179081
3713	9300	0.0179081
2457	9300	0.0179081
9300	9301	0.017895
650	9301	0.017895
6283	9302	0.017894
9301	9302	0.017894
8482	9303	0.0178899
9302	9303	0.0178899
9303	9304	0.0178859
3438	9304	0.0178859
732	9305	0.0178816
9304	9305	0.0178816
9305	9306	0.0178796
3746	9306	0.0178796
1945	9307	0.0178742
9306	9307	0.0178742
5996	9308	0.0178528
9307	9308	0.0178528
3026	9308	0.0178528
1646	9309	0.0178366
9308	9309	0.0178366
795	9310	0.0178031
9309	9310	0.0178031
9310	9311	0.0178014
2045	9311	0.0178014
9311	9312	0.0177828
5179	9312	0.0177828
9312	9313	0.0177733
1302	9313	0.0177733
9313	9314	0.0177625
4127	9314	0.0177625
4541	9315	0.0177441
9314	9315	0.0177441
9315	9316	0.017743
4062	9316	0.017743
9316	9317	0.0177266
1292	9317	0.0177266
9317	9318	0.0177123
1882	9318	0.0177123
9318	9319	0.0176988
4313	9319	0.0176988
1048	9320	0.0176801
9319	9320	0.0176801
417	9320	0.0176801
5621	9320	0.0176801
9320	9321	0.0176783
2501	9321	0.0176783
275	9322	0.0176687
9321	9322	0.0176687
6319	9323	0.0176493
9322	9323	0.0176493
9323	9324	0.0176487
3384	9324	0.0176487
9324	9325	0.0176411
3276	9325	0.0176411
9325	9326	0.0176362
5005	9326	0.0176362
4498	9327	0.0176219
9326	9327	0.0176219
2446	9328	0.0176211
9327	9328	0.0176211
6276	9329	0.0176171
9328	9329	0.0176171
4654	9330	0.01758
9329	9330	0.01758
9330	9331	0.0175524
3297	9331	0.0175524
9331	9332	0.0175506
4958	9332	0.0175506
6398	9333	0.017541
9332	9333	0.017541
1754	9333	0.017541
3339	9333	0.017541
3484	9334	0.0175362
9333	9334	0.0175362
9334	9335	0.0175353
3531	9335	0.0175353
9335	9336	0.0175323
1467	9336	0.0175323
572	9337	0.0175265
9336	9337	0.0175265
6343	9338	0.0175221
5343	9338	0.0175221
9337	9338	0.0175221
5439	9339	0.0175097
9338	9339	0.0175097
6230	9340	0.0175006
9339	9340	0.0175006
9340	9341	0.0174914
851	9341	0.0174914
4744	9342	0.0174818
9341	9342	0.0174818
9342	9343	0.0174792
682	9343	0.0174792
3372	9343	0.0174792
9343	9344	0.0174505
2565	9344	0.0174505
9344	9345	0.0174446
9269	9345	0.0174446
9345	9346	0.0174389
1071	9346	0.0174389
9346	9347	0.0174272
4314	9347	0.0174272
8685	9348	0.0174226
9347	9348	0.0174226
9348	9349	0.0174182
391	9349	0.0174182
9349	9350	0.01737
3704	9350	0.01737
9350	9351	0.0173691
540	9351	0.0173691
9351	9352	0.0173207
8708	9352	0.0173207
9352	9353	0.0173174
1752	9353	0.0173174
9353	9354	0.0173056
646	9354	0.0173056
9354	9355	0.0172882
1504	9355	0.0172882
5669	9356	0.0172815
9355	9356	0.0172815
9356	9357	0.0172761
5275	9357	0.0172761
9357	9358	0.0172729
6149	9358	0.0172729
3046	9359	0.0172681
9358	9359	0.0172681
9359	9360	0.017265
2769	9360	0.017265
6294	9361	0.0172489
9360	9361	0.0172489
560	9361	0.0172489
9361	9362	0.0172032
4968	9362	0.0172032
5047	9363	0.0171961
9362	9363	0.0171961
9363	9364	0.0171726
4278	9364	0.0171726
9364	9365	0.0171613
956	9365	0.0171613
9365	9366	0.0171577
426	9366	0.0171577
9366	9367	0.0171534
152	9367	0.0171534
4067	9368	0.0171424
9367	9368	0.0171424
2163	9369	0.0171396
9368	9369	0.0171396
9369	9370	0.0171376
6156	9370	0.0171376
3487	9371	0.0171357
9370	9371	0.0171357
8904	9372	0.0171335
9371	9372	0.0171335
9372	9373	0.0171173
2931	9373	0.0171173
6226	9374	0.0171059
6228	9374	0.0171059
9373	9374	0.0171059
3201	9374	0.0171059
9374	9375	0.0171043
6184	9375	0.0171043
8422	9376	0.0176096
401	9376	0.0176096
299	9377	0.0178992
298	9377	0.0178992
724	9378	0.0175127
1422	9378	0.0175127
9263	9379	0.0178859
788	9379	0.0178859
8876	9380	0.017525
8933	9380	0.017525
5994	9381	0.0171032
9375	9381	0.0171032
2639	9382	0.0171004
9381	9382	0.0171004
4558	9383	0.0170975
9382	9383	0.0170975
3834	9384	0.0170944
9383	9384	0.0170944
6086	9385	0.0170938
9384	9385	0.0170938
5891	9386	0.0170926
9385	9386	0.0170926
9386	9387	0.0170899
2239	9387	0.0170899
9387	9388	0.0170814
8657	9388	0.0170814
2507	9389	0.0170758
9388	9389	0.0170758
9389	9390	0.0170622
9379	9390	0.0170622
9390	9391	0.0170483
5447	9391	0.0170483
4042	9392	0.0170456
9391	9392	0.0170456
5339	9393	0.0170437
9392	9393	0.0170437
9393	9394	0.017043
845	9394	0.017043
3322	9395	0.01703
9394	9395	0.01703
9395	9396	0.0170164
4230	9396	0.0170164
9023	9397	0.0170079
9396	9397	0.0170079
9397	9398	0.0169577
8634	9398	0.0169577
9398	9399	0.0169543
1616	9399	0.0169543
9399	9400	0.0169467
2706	9400	0.0169467
2208	9401	0.0169307
9400	9401	0.0169307
9401	9402	0.0169278
8772	9402	0.0169278
3629	9403	0.0169202
9402	9403	0.0169202
9403	9404	0.0169189
293	9404	0.0169189
2226	9404	0.0169189
9404	9405	0.0169114
2625	9405	0.0169114
1855	9405	0.0169114
9405	9406	0.0169066
2131	9406	0.0169066
3715	9407	0.016899
9406	9407	0.016899
9407	9408	0.0168672
6090	9408	0.0168672
5115	9409	0.0168588
9408	9409	0.0168588
9409	9410	0.0168501
1306	9410	0.0168501
3865	9411	0.0168449
9410	9411	0.0168449
9411	9412	0.0168441
3703	9412	0.0168441
761	9413	0.0168363
9412	9413	0.0168363
6300	9414	0.0168207
9413	9414	0.0168207
9414	9415	0.016779
177	9415	0.016779
8680	9415	0.016779
9415	9416	0.0167723
1059	9416	0.0167723
8414	9417	0.0167592
9416	9417	0.0167592
9417	9418	0.0167551
3696	9418	0.0167551
6224	9418	0.0167551
9418	9419	0.0167524
1756	9419	0.0167524
6407	9420	0.016732
9419	9420	0.016732
3261	9420	0.016732
9420	9421	0.0167304
9256	9421	0.0167304
5637	9422	0.0167044
9421	9422	0.0167044
2768	9423	0.0167019
9422	9423	0.0167019
9423	9424	0.0166959
1644	9424	0.0166959
9424	9425	0.0166871
4680	9425	0.0166871
3877	9426	0.0166833
9425	9426	0.0166833
3203	9427	0.0166798
9426	9427	0.0166798
9427	9428	0.0166744
4171	9428	0.0166744
3566	9429	0.016659
9428	9429	0.016659
4930	9430	0.0166577
9429	9430	0.0166577
3193	9430	0.0166577
9430	9431	0.0166453
3626	9431	0.0166453
1109	9432	0.0169554
3740	9432	0.0169554
9431	9433	0.0166281
2508	9433	0.0166281
1418	9434	0.0166263
9433	9434	0.0166263
9434	9435	0.0166254
3362	9435	0.0166254
3152	9435	0.0166254
4153	9436	0.0166189
9435	9436	0.0166189
9436	9437	0.0166153
2291	9437	0.0166153
5147	9438	0.0166132
9437	9438	0.0166132
9438	9439	0.0166112
4750	9439	0.0166112
4745	9440	0.0166094
9439	9440	0.0166094
9440	9441	0.0165881
397	9441	0.0165881
9441	9442	0.0165848
848	9442	0.0165848
1868	9443	0.0165815
9442	9443	0.0165815
9443	9444	0.0165808
9268	9444	0.0165808
9444	9445	0.016574
3492	9445	0.016574
9445	9446	0.0165625
6220	9446	0.0165625
9446	9447	0.0165483
3417	9447	0.0165483
4870	9448	0.0165415
9447	9448	0.0165415
9448	9449	0.0165261
683	9449	0.0165261
9449	9450	0.0165205
3428	9450	0.0165205
9450	9451	0.0165146
1474	9451	0.0165146
9451	9452	0.0165119
4757	9452	0.0165119
3213	9453	0.0165025
9452	9453	0.0165025
349	9454	0.0164976
9453	9454	0.0164976
3054	9455	0.0164736
9454	9455	0.0164736
9455	9456	0.0164624
819	9456	0.0164624
9377	9457	0.0165522
1494	9457	0.0165522
3086	9458	0.0164566
9456	9458	0.0164566
4616	9459	0.016448
9458	9459	0.016448
9459	9460	0.0164425
721	9460	0.0164425
9460	9461	0.0164166
552	9461	0.0164166
9461	9462	0.0164158
1416	9462	0.0164158
2240	9463	0.0164081
9462	9463	0.0164081
9376	9463	0.0164081
1430	9464	0.0163917
9463	9464	0.0163917
3149	9464	0.0163917
9464	9465	0.0163869
5540	9465	0.0163869
9465	9466	0.0163641
816	9466	0.0163641
9466	9467	0.0163307
9380	9467	0.0163307
9270	9468	0.0163297
9467	9468	0.0163297
9468	9469	0.016326
5751	9469	0.016326
9469	9470	0.0163012
5210	9470	0.0163012
9470	9471	0.0162935
5844	9471	0.0162935
9471	9472	0.0162791
9378	9472	0.0162791
4010	9473	0.016278
9472	9473	0.016278
9473	9474	0.0162567
5970	9474	0.0162567
8764	9475	0.0162497
9474	9475	0.0162497
9475	9476	0.0162456
480	9476	0.0162456
6389	9477	0.0162402
9476	9477	0.0162402
1156	9477	0.0162402
6350	9478	0.0162384
9477	9478	0.0162384
9478	9479	0.0162375
5852	9479	0.0162375
9479	9480	0.016221
9457	9480	0.016221
9432	9480	0.016221
8633	9481	0.0162144
9480	9481	0.0162144
6169	9482	0.0162077
9481	9482	0.0162077
8519	9483	0.0202941
8533	9483	0.0202941
9483	9484	0.0196924
347	9484	0.0196924
78	9485	0.0179699
9484	9485	0.0179699
9485	9486	0.0173943
1575	9486	0.0173943
9486	9487	0.0162954
1440	9487	0.0162954
209	9488	0.0172729
8439	9488	0.0172729
3462	9489	0.0172498
9488	9489	0.0172498
8664	9490	0.0201359
4727	9490	0.0201359
926	9491	0.0190527
9490	9491	0.0190527
1957	9492	0.0186413
9491	9492	0.0186413
8549	9493	0.0172957
9492	9493	0.0172957
303	9494	0.0197115
2334	9494	0.0197115
9494	9495	0.0195077
1507	9495	0.0195077
2190	9496	0.0195998
3238	9496	0.0195998
8613	9497	0.0203688
5059	9497	0.0203688
9496	9498	0.0193578
9497	9498	0.0193578
9498	9499	0.0188151
314	9499	0.0188151
9499	9500	0.0181619
1480	9500	0.0181619
9500	9501	0.0172489
3190	9501	0.0172489
9501	9502	0.0164661
2236	9502	0.0164661
8671	9503	0.0197533
3011	9503	0.0197533
9503	9504	0.0180732
4354	9504	0.0180732
9504	9505	0.0163566
2620	9505	0.0163566
8706	9506	0.019948
542	9506	0.019948
9506	9507	0.0169783
3786	9507	0.0169783
564	9508	0.0164441
1284	9508	0.0164441
1757	9509	0.017377
3142	9509	0.017377
8768	9510	0.0173521
9509	9510	0.0173521
641	9511	0.0187644
3633	9511	0.0187644
9511	9512	0.0172637
6178	9512	0.0172637
3518	9513	0.0184832
8773	9513	0.0184832
9513	9514	0.018156
2165	9514	0.018156
3350	9515	0.0164149
859	9515	0.0164149
2573	9516	0.0173902
3957	9516	0.0173902
1571	9517	0.0166376
5586	9517	0.0166376
4300	9518	0.0163145
4836	9518	0.0163145
4176	9519	0.0168705
3029	9519	0.0168705
6089	9520	0.0163545
3375	9520	0.0163545
4316	9521	0.0192616
5984	9521	0.0192616
5776	9522	0.0192511
9521	9522	0.0192511
5806	9523	0.0154761
2821	9523	0.0154761
6430	9524	0.0158932
5101	9524	0.0158932
5088	9525	0.0159993
8894	9525	0.0159993
9482	9526	0.0161993
2665	9526	0.0161993
9526	9527	0.0161953
5614	9527	0.0161953
9527	9528	0.0161936
4908	9528	0.0161936
6400	9529	0.0161707
9528	9529	0.0161707
9529	9530	0.0161694
3473	9530	0.0161694
2984	9531	0.01616
9530	9531	0.01616
9531	9532	0.016157
4676	9532	0.016157
491	9533	0.0161565
9532	9533	0.0161565
9533	9534	0.0161476
9505	9534	0.0161476
9534	9535	0.0161266
2827	9535	0.0161266
4418	9536	0.0161035
9535	9536	0.0161035
9536	9537	0.016097
5187	9537	0.016097
9537	9538	0.0160955
519	9538	0.0160955
1776	9538	0.0160955
5037	9539	0.0160807
8829	9539	0.0160807
9538	9539	0.0160807
9539	9540	0.0160743
2520	9540	0.0160743
9540	9541	0.0160397
881	9541	0.0160397
9541	9542	0.0160387
1049	9542	0.0160387
9542	9543	0.0160374
3905	9543	0.0160374
9543	9544	0.0160282
2846	9544	0.0160282
9544	9545	0.016016
4941	9545	0.016016
6387	9546	0.0160048
9545	9546	0.0160048
247	9546	0.0160048
9546	9547	0.0159969
557	9547	0.0159969
9547	9548	0.015992
565	9548	0.015992
4189	9549	0.0159883
9548	9549	0.0159883
4636	9550	0.0159869
9549	9550	0.0159869
4848	9551	0.0159727
9550	9551	0.0159727
9551	9552	0.0159694
1718	9552	0.0159694
9552	9553	0.0159674
8902	9553	0.0159674
9553	9554	0.015957
8824	9554	0.015957
5087	9554	0.015957
9554	9555	0.0159381
2438	9555	0.0159381
481	9556	0.0159321
9555	9556	0.0159321
8495	9557	0.0159247
9556	9557	0.0159247
3061	9558	0.0159157
9557	9558	0.0159157
9558	9559	0.0158757
595	9559	0.0158757
254	9560	0.0158747
8722	9560	0.0158747
9559	9560	0.0158747
9560	9561	0.0158731
9517	9561	0.0158731
2171	9562	0.01587
9561	9562	0.01587
9019	9563	0.0158634
9562	9563	0.0158634
6386	9564	0.015854
9563	9564	0.015854
9564	9565	0.0158427
1569	9565	0.0158427
4390	9565	0.0158427
3143	9566	0.0158377
9565	9566	0.0158377
9566	9567	0.0158234
294	9567	0.0158234
603	9567	0.0158234
6186	9568	0.0158195
9567	9568	0.0158195
4254	9568	0.0158195
9568	9569	0.0158166
478	9569	0.0158166
9569	9570	0.0158149
1496	9570	0.0158149
154	9571	0.01581
9570	9571	0.01581
9571	9572	0.0157957
3938	9572	0.0157957
9572	9573	0.0157767
624	9573	0.0157767
9573	9574	0.0157729
554	9574	0.0157729
9574	9575	0.0157576
872	9575	0.0157576
2026	9576	0.0157303
9575	9576	0.0157303
707	9577	0.0158449
3333	9577	0.0158449
9576	9578	0.0157128
4756	9578	0.0157128
5298	9578	0.0157128
9013	9579	0.015708
9578	9579	0.015708
9009	9580	0.0156962
9579	9580	0.0156962
5135	9580	0.0156962
9580	9581	0.0156842
1153	9581	0.0156842
9581	9582	0.0156715
4714	9582	0.0156715
9582	9583	0.0156491
9508	9583	0.0156491
9583	9584	0.0156461
5442	9584	0.0156461
9584	9585	0.0156393
866	9585	0.0156393
1149	9585	0.0156393
9585	9586	0.015602
1388	9586	0.015602
9015	9587	0.0156014
9586	9587	0.0156014
1748	9588	0.0156569
2205	9588	0.0156569
9587	9589	0.0155958
6227	9589	0.0155958
9589	9590	0.0155859
1427	9590	0.0155859
1699	9591	0.0155726
9590	9591	0.0155726
9591	9592	0.0155714
8901	9592	0.0155714
2005	9592	0.0155714
8445	9593	0.0155649
9592	9593	0.0155649
9593	9594	0.0155616
5021	9594	0.0155616
9594	9595	0.0155353
9588	9595	0.0155353
9595	9596	0.0155116
3745	9596	0.0155116
6395	9597	0.0155098
9596	9597	0.0155098
9597	9598	0.0155029
3676	9598	0.0155029
289	9599	0.0154961
9598	9599	0.0154961
6061	9600	0.0154911
9599	9600	0.0154911
9600	9601	0.0154772
571	9601	0.0154772
9601	9602	0.015461
5539	9602	0.015461
933	9603	0.0154393
9602	9603	0.0154393
6432	9604	0.0154197
9603	9604	0.0154197
9604	9605	0.0154162
494	9605	0.0154162
2000	9606	0.0154123
9605	9606	0.0154123
9606	9607	0.0154116
2750	9607	0.0154116
9607	9608	0.0153905
6069	9608	0.0153905
9608	9609	0.0153894
116	9609	0.0153894
2605	9610	0.0153677
9609	9610	0.0153677
9610	9611	0.0153656
1582	9611	0.0153656
9611	9612	0.0153476
2934	9612	0.0153476
9612	9613	0.0153466
9487	9613	0.0153466
9613	9614	0.0153407
6236	9614	0.0153407
9614	9615	0.0153359
2447	9615	0.0153359
9577	9615	0.0153359
9615	9616	0.0153267
9516	9616	0.0153267
1482	9616	0.0153267
9616	9617	0.0153243
3730	9617	0.0153243
9617	9618	0.0153171
837	9618	0.0153171
9618	9619	0.0153048
3507	9619	0.0153048
9619	9620	0.0152941
2754	9620	0.0152941
6352	9621	0.0152674
3072	9621	0.0152674
9620	9621	0.0152674
8479	9622	0.0152557
9621	9622	0.0152557
438	9623	0.0155003
521	9623	0.0155003
9510	9624	0.0159627
9512	9624	0.0159627
5869	9625	0.0152547
5840	9625	0.0152547
5801	9625	0.0152547
9622	9625	0.0152547
9625	9626	0.015253
9519	9626	0.015253
9626	9627	0.0152473
2038	9627	0.0152473
9525	9628	0.0152454
9627	9628	0.0152454
6297	9629	0.0152406
9628	9629	0.0152406
1722	9629	0.0152406
9629	9630	0.0152113
4918	9630	0.0152113
2835	9631	0.0151977
9630	9631	0.0151977
9631	9632	0.0151912
3652	9632	0.0151912
3406	9632	0.0151912
9632	9633	0.0151873
1296	9633	0.0151873
40	9634	0.0151643
9633	9634	0.0151643
9634	9635	0.0151501
2164	9635	0.0151501
9635	9636	0.0151491
167	9636	0.0151491
9636	9637	0.015146
6065	9637	0.015146
9637	9638	0.0151453
2745	9638	0.0151453
9638	9639	0.0151433
4375	9639	0.0151433
9639	9640	0.0151407
3290	9640	0.0151407
6198	9641	0.0151329
9640	9641	0.0151329
9641	9642	0.0151262
2431	9642	0.0151262
9642	9643	0.0151236
977	9643	0.0151236
9643	9644	0.0151214
2067	9644	0.0151214
176	9645	0.0150987
9644	9645	0.0150987
9523	9646	0.0150788
9645	9646	0.0150788
3601	9647	0.0150776
9646	9647	0.0150776
9522	9648	0.0150487
9647	9648	0.0150487
9648	9649	0.0150433
392	9649	0.0150433
9649	9650	0.0150424
3839	9650	0.0150424
9650	9651	0.015028
5023	9651	0.015028
6435	9652	0.0150216
9651	9652	0.0150216
9652	9653	0.015008
4960	9653	0.015008
9624	9654	0.0150567
2057	9654	0.0150567
9653	9655	0.0150064
9489	9655	0.0150064
9654	9655	0.0150064
3749	9655	0.0150064
9655	9656	0.0149935
1688	9656	0.0149935
9656	9657	0.0149889
5452	9657	0.0149889
5409	9658	0.0149863
9657	9658	0.0149863
3509	9658	0.0149863
9658	9659	0.0149839
6014	9659	0.0149839
9659	9660	0.0149718
807	9660	0.0149718
9660	9661	0.0149677
5738	9661	0.0149677
266	9662	0.0149649
9661	9662	0.0149649
9662	9663	0.0149581
1907	9663	0.0149581
9663	9664	0.0149563
14	9664	0.0149563
9664	9665	0.0149546
4554	9665	0.0149546
9665	9666	0.0149354
4360	9666	0.0149354
9666	9667	0.0149345
2668	9667	0.0149345
9667	9668	0.0149327
3574	9668	0.0149327
3686	9668	0.0149327
3842	9668	0.0149327
8642	9669	0.0149184
9668	9669	0.0149184
100	9670	0.0149039
9669	9670	0.0149039
9670	9671	0.0149004
3270	9671	0.0149004
9671	9672	0.0148983
449	9672	0.0148983
3939	9673	0.0150298
1401	9673	0.0150298
9673	9674	0.0150228
2712	9674	0.0150228
2466	9675	0.0148937
9672	9675	0.0148937
5794	9676	0.0148764
2975	9676	0.0148764
9675	9676	0.0148764
8604	9677	0.0148603
9676	9677	0.0148603
9677	9678	0.0148556
5176	9678	0.0148556
8536	9679	0.0148456
9678	9679	0.0148456
8575	9680	0.014841
9679	9680	0.014841
9680	9681	0.0148383
920	9681	0.0148383
9681	9682	0.0148258
2036	9682	0.0148258
9682	9683	0.0148191
2386	9683	0.0148191
9683	9684	0.0148185
1541	9684	0.0148185
9684	9685	0.0147962
3966	9685	0.0147962
9685	9686	0.0147933
3551	9686	0.0147933
9686	9687	0.0147888
5715	9687	0.0147888
9020	9688	0.0147869
9687	9688	0.0147869
8625	9689	0.0147839
9688	9689	0.0147839
8535	9690	0.0147794
9689	9690	0.0147794
6277	9691	0.0147734
9690	9691	0.0147734
9691	9692	0.0147674
52	9692	0.0147674
9692	9693	0.0147664
672	9693	0.0147664
2317	9694	0.0147639
9693	9694	0.0147639
9694	9695	0.0147496
1965	9695	0.0147496
2708	9695	0.0147496
9695	9696	0.0147402
9623	9696	0.0147402
9524	9697	0.0147332
9696	9697	0.0147332
9697	9698	0.0147315
5843	9698	0.0147315
6030	9699	0.0147225
9698	9699	0.0147225
8800	9700	0.0147199
9699	9700	0.0147199
9700	9701	0.0147162
6018	9701	0.0147162
3426	9701	0.0147162
111	9701	0.0147162
5632	9701	0.0147162
8577	9702	0.0146883
9701	9702	0.0146883
9702	9703	0.0146877
4700	9703	0.0146877
6425	9704	0.01468
9703	9704	0.01468
8515	9705	0.0146781
9704	9705	0.0146781
1253	9706	0.014675
9705	9706	0.014675
9706	9707	0.0146668
5126	9707	0.0146668
4212	9708	0.0146506
9707	9708	0.0146506
9708	9709	0.0146424
5378	9709	0.0146424
5133	9710	0.0146369
9709	9710	0.0146369
9010	9711	0.0146362
9710	9711	0.0146362
9711	9712	0.0146322
863	9712	0.0146322
9712	9713	0.0146284
825	9713	0.0146284
9713	9714	0.0146246
2220	9714	0.0146246
9016	9715	0.0146189
9714	9715	0.0146189
9715	9716	0.0146053
2157	9716	0.0146053
6406	9717	0.0145929
9716	9717	0.0145929
8727	9718	0.0145881
9717	9718	0.0145881
9718	9719	0.0145704
57	9719	0.0145704
9719	9720	0.0145665
3172	9720	0.0145665
1716	9720	0.0145665
9720	9721	0.0145549
8449	9721	0.0145549
99	9721	0.0145549
3803	9721	0.0145549
9674	9721	0.0145549
237	9722	0.0157661
97	9722	0.0157661
9495	9723	0.015651
387	9723	0.015651
8647	9724	0.0148992
9723	9724	0.0148992
2590	9725	0.0150957
8666	9725	0.0150957
5872	9726	0.015484
697	9726	0.015484
802	9727	0.0155241
2888	9727	0.0155241
9727	9728	0.0152187
1419	9728	0.0152187
4283	9729	0.0148114
2054	9729	0.0148114
3983	9730	0.016098
2114	9730	0.016098
2606	9731	0.0157604
3233	9731	0.0157604
4362	9732	0.0141945
2976	9732	0.0141945
9721	9733	0.0145521
3529	9733	0.0145521
3391	9734	0.014533
9733	9734	0.014533
2898	9735	0.0145303
9734	9735	0.0145303
9735	9736	0.0145234
1693	9736	0.0145234
9014	9737	0.0145206
9736	9737	0.0145206
9737	9738	0.0145157
1799	9738	0.0145157
9738	9739	0.0145123
9725	9739	0.0145123
488	9740	0.0145063
9739	9740	0.0145063
9740	9741	0.0144967
472	9741	0.0144967
9741	9742	0.0144843
2147	9742	0.0144843
9742	9743	0.0144769
9729	9743	0.0144769
9743	9744	0.0144644
1578	9744	0.0144644
9744	9745	0.0144548
59	9745	0.0144548
8832	9746	0.0144516
9745	9746	0.0144516
9746	9747	0.0144511
9520	9747	0.0144511
9747	9748	0.0144367
9730	9748	0.0144367
1836	9748	0.0144367
1814	9748	0.0144367
3301	9748	0.0144367
9518	9748	0.0144367
1516	9749	0.0144275
9748	9749	0.0144275
3928	9750	0.0144206
9749	9750	0.0144206
9750	9751	0.0144158
2915	9751	0.0144158
5038	9751	0.0144158
3150	9752	0.0144109
9751	9752	0.0144109
9752	9753	0.0144088
2174	9753	0.0144088
9753	9754	0.0144043
4562	9754	0.0144043
9754	9755	0.0144015
9731	9755	0.0144015
2613	9755	0.0144015
9755	9756	0.0143945
4510	9756	0.0143945
2338	9757	0.0143891
9756	9757	0.0143891
4619	9758	0.0143863
9757	9758	0.0143863
9758	9759	0.0143836
4389	9759	0.0143836
2315	9759	0.0143836
9515	9759	0.0143836
1218	9760	0.0143803
9759	9760	0.0143803
180	9761	0.0143782
9760	9761	0.0143782
9761	9762	0.0143727
2593	9762	0.0143727
9762	9763	0.0143702
3720	9763	0.0143702
9763	9764	0.0143679
3892	9764	0.0143679
9764	9765	0.0143558
4561	9765	0.0143558
8728	9766	0.0143396
9765	9766	0.0143396
9766	9767	0.0143335
1084	9767	0.0143335
9767	9768	0.014329
2020	9768	0.014329
9768	9769	0.0143261
2600	9769	0.0143261
6076	9770	0.0143224
9769	9770	0.0143224
9770	9771	0.0143199
1898	9771	0.0143199
4878	9772	0.0143111
9771	9772	0.0143111
9772	9773	0.0143079
2986	9773	0.0143079
2869	9774	0.0143042
9773	9774	0.0143042
1645	9775	0.0142888
3775	9775	0.0142888
9774	9775	0.0142888
8786	9776	0.0142737
9775	9776	0.0142737
6078	9777	0.0142716
9776	9777	0.0142716
9777	9778	0.0142585
1290	9778	0.0142585
5058	9779	0.014245
9778	9779	0.014245
9779	9780	0.0142365
1252	9780	0.0142365
9780	9781	0.0142306
1471	9781	0.0142306
1188	9782	0.0142212
9781	9782	0.0142212
6128	9783	0.0142147
9782	9783	0.0142147
9783	9784	0.0141973
4263	9784	0.0141973
9784	9785	0.0141802
4819	9785	0.0141802
883	9786	0.0141727
9785	9786	0.0141727
3897	9787	0.014162
9786	9787	0.014162
4401	9788	0.0141604
9787	9788	0.0141604
971	9789	0.0141517
9788	9789	0.0141517
9789	9790	0.0141498
919	9790	0.0141498
8465	9791	0.0141478
9790	9791	0.0141478
9791	9792	0.0141209
2705	9792	0.0141209
9792	9793	0.0141038
2714	9793	0.0141038
2999	9793	0.0141038
9514	9794	0.0141152
1655	9794	0.0141152
9726	9794	0.0141152
4429	9795	0.0140783
9793	9795	0.0140783
9795	9796	0.0140743
4489	9796	0.0140743
9794	9796	0.0140743
3758	9797	0.0140723
9796	9797	0.0140723
4699	9798	0.0140708
9797	9798	0.0140708
3987	9799	0.0140687
9798	9799	0.0140687
9799	9800	0.0140428
1781	9800	0.0140428
9800	9801	0.0140409
639	9801	0.0140409
9801	9802	0.0140363
2102	9802	0.0140363
9493	9803	0.0142001
5862	9803	0.0142001
9802	9804	0.0140249
450	9804	0.0140249
9728	9804	0.0140249
493	9805	0.0140209
9804	9805	0.0140209
9805	9806	0.0140198
4658	9806	0.0140198
4150	9807	0.0140161
9806	9807	0.0140161
9807	9808	0.0140084
3680	9808	0.0140084
9808	9809	0.0140066
5318	9809	0.0140066
9809	9810	0.0140008
1839	9810	0.0140008
9810	9811	0.0139922
9803	9811	0.0139922
9724	9811	0.0139922
916	9811	0.0139922
9811	9812	0.0139898
1360	9812	0.0139898
9812	9813	0.0139789
3847	9813	0.0139789
3878	9814	0.0139753
9813	9814	0.0139753
9814	9815	0.0139742
467	9815	0.0139742
5008	9816	0.0139721
8603	9816	0.0139721
9815	9816	0.0139721
9816	9817	0.0139615
1864	9817	0.0139615
8825	9818	0.0139409
9817	9818	0.0139409
9818	9819	0.0139389
1726	9819	0.0139389
511	9820	0.0139371
9819	9820	0.0139371
9820	9821	0.0139218
871	9821	0.0139218
9821	9822	0.0139103
1923	9822	0.0139103
9822	9823	0.0139075
3499	9823	0.0139075
6017	9824	0.0139011
9823	9824	0.0139011
9502	9825	0.0140819
2592	9825	0.0140819
3781	9826	0.0142079
4410	9826	0.0142079
9824	9827	0.0138779
9722	9827	0.0138779
6325	9828	0.0138715
9827	9828	0.0138715
9828	9829	0.0138617
907	9829	0.0138617
8951	9830	0.0138603
9829	9830	0.0138603
9830	9831	0.0138352
2615	9831	0.0138352
9831	9832	0.013834
940	9832	0.013834
4623	9833	0.013831
9832	9833	0.013831
6427	9834	0.013813
9833	9834	0.013813
9834	9835	0.0138062
2621	9835	0.0138062
8478	9836	0.013794
8402	9836	0.013794
9835	9836	0.013794
4020	9837	0.0137839
9836	9837	0.0137839
9837	9838	0.0137768
835	9838	0.0137768
9838	9839	0.0137738
5196	9839	0.0137738
5248	9840	0.0137673
9839	9840	0.0137673
9840	9841	0.0137639
2517	9841	0.0137639
6006	9842	0.0137577
9841	9842	0.0137577
3653	9843	0.013753
9842	9843	0.013753
9843	9844	0.0137482
4790	9844	0.0137482
8587	9845	0.0137462
278	9845	0.0137462
9844	9845	0.0137462
9825	9845	0.0137462
9845	9846	0.0137453
3850	9846	0.0137453
4760	9847	0.0137297
9846	9847	0.0137297
9847	9848	0.0137244
5532	9848	0.0137244
699	9849	0.0137215
9848	9849	0.0137215
640	9850	0.0137196
9849	9850	0.0137196
9850	9851	0.0137145
1681	9851	0.0137145
9851	9852	0.0137139
5194	9852	0.0137139
1485	9853	0.0137032
9852	9853	0.0137032
9853	9854	0.0136994
657	9854	0.0136994
614	9855	0.0136984
9854	9855	0.0136984
3558	9856	0.0136844
9855	9856	0.0136844
9856	9857	0.0136796
6081	9857	0.0136796
9857	9858	0.0136777
5299	9858	0.0136777
9858	9859	0.0136679
1915	9859	0.0136679
550	9859	0.0136679
9859	9860	0.0136643
3083	9860	0.0136643
3424	9860	0.0136643
597	9861	0.0136604
9860	9861	0.0136604
9861	9862	0.0136572
1834	9862	0.0136572
8425	9863	0.0136538
8432	9863	0.0136538
9862	9863	0.0136538
9863	9864	0.0136518
1592	9864	0.0136518
8928	9865	0.0136479
9864	9865	0.0136479
9865	9866	0.0136461
4432	9866	0.0136461
9866	9867	0.0136251
5267	9867	0.0136251
9011	9868	0.0136205
9867	9868	0.0136205
3988	9869	0.0136186
9868	9869	0.0136186
9869	9870	0.0136165
3377	9870	0.0136165
3907	9871	0.0136049
9870	9871	0.0136049
9871	9872	0.0135928
420	9872	0.0135928
1819	9873	0.0135808
9872	9873	0.0135808
6421	9874	0.0135796
9873	9874	0.0135796
9874	9875	0.0135672
1406	9875	0.0135672
2371	9876	0.0135628
9875	9876	0.0135628
9876	9877	0.0135525
4417	9877	0.0135525
9877	9878	0.0135516
1108	9878	0.0135516
2575	9879	0.0135451
9878	9879	0.0135451
4376	9880	0.0135431
9879	9880	0.0135431
9880	9881	0.0135364
2697	9881	0.0135364
9881	9882	0.0135327
9507	9882	0.0135327
9882	9883	0.013529
4350	9883	0.013529
9883	9884	0.0135202
1228	9884	0.0135202
9884	9885	0.0135119
1709	9885	0.0135119
9885	9886	0.0135086
1823	9886	0.0135086
8788	9887	0.0135057
9886	9887	0.0135057
913	9888	0.013505
9887	9888	0.013505
3244	9888	0.013505
9888	9889	0.0134894
485	9889	0.0134894
9018	9890	0.013487
9889	9890	0.013487
9890	9891	0.0134803
1282	9891	0.0134803
9891	9892	0.0134736
3710	9892	0.0134736
8606	9893	0.0134639
9892	9893	0.0134639
9893	9894	0.0134601
244	9894	0.0134601
1073	9895	0.0134955
9826	9895	0.0134955
4891	9896	0.0134564
9894	9896	0.0134564
4517	9897	0.0134537
9896	9897	0.0134537
9897	9898	0.0134295
712	9898	0.0134295
9732	9899	0.0134269
9898	9899	0.0134269
9899	9900	0.0134143
1803	9900	0.0134143
9900	9901	0.0134124
4115	9901	0.0134124
9901	9902	0.0133931
6107	9902	0.0133931
9902	9903	0.0133917
1828	9903	0.0133917
1678	9904	0.0133896
3471	9904	0.0133896
9903	9904	0.0133896
9904	9905	0.0133857
2350	9905	0.0133857
9905	9906	0.0133819
2678	9906	0.0133819
9906	9907	0.0133808
9895	9907	0.0133808
1120	9908	0.0133801
9907	9908	0.0133801
9908	9909	0.013375
3918	9909	0.013375
9909	9910	0.0133714
1155	9910	0.0133714
3160	9911	0.0133666
9910	9911	0.0133666
9911	9912	0.0133572
5959	9912	0.0133572
4225	9913	0.0133496
9912	9913	0.0133496
336	9914	0.0133324
9913	9914	0.0133324
9914	9915	0.0133278
1587	9915	0.0133278
9915	9916	0.0133189
1704	9916	0.0133189
9916	9917	0.0133021
737	9917	0.0133021
2622	9917	0.0133021
5788	9917	0.0133021
5786	9917	0.0133021
88	9918	0.0133228
1739	9918	0.0133228
95	9919	0.0180646
4281	9919	0.0180646
3320	9920	0.0178214
9919	9920	0.0178214
9920	9921	0.0141316
158	9921	0.0141316
2996	9922	0.0193689
3695	9922	0.0193689
8473	9923	0.0157118
1535	9923	0.0157118
610	9924	0.0138331
415	9924	0.0138331
6114	9925	0.0133877
117	9925	0.0133877
8499	9926	0.0180981
8500	9926	0.0180981
2175	9927	0.017026
9926	9927	0.017026
9927	9928	0.0167482
2025	9928	0.0167482
9928	9929	0.015707
3765	9929	0.015707
9929	9930	0.0151112
133	9930	0.0151112
9930	9931	0.0139829
1866	9931	0.0139829
5537	9932	0.0175037
8517	9932	0.0175037
9932	9933	0.0159445
2188	9933	0.0159445
9933	9934	0.0145692
1663	9934	0.0145692
2757	9935	0.013359
857	9935	0.013359
175	9936	0.0167211
3649	9936	0.0167211
9936	9937	0.0155767
5247	9937	0.0155767
179	9938	0.0146704
3321	9938	0.0146704
2949	9939	0.0146809
2959	9939	0.0146809
5725	9940	0.013728
9939	9940	0.013728
9940	9941	0.0133808
2368	9941	0.0133808
8588	9942	0.017043
8589	9942	0.017043
8631	9943	0.0157137
8890	9943	0.0157137
4361	9944	0.0149699
5950	9944	0.0149699
368	9945	0.0137959
9944	9945	0.0137959
4916	9946	0.0136679
5406	9946	0.0136679
629	9947	0.0185551
5327	9947	0.0185551
2129	9948	0.0169234
9947	9948	0.0169234
5431	9949	0.0167674
830	9949	0.0167674
5986	9950	0.0166466
2800	9950	0.0166466
923	9951	0.0150652
9950	9951	0.0150652
3366	9952	0.0181162
2914	9952	0.0181162
1122	9953	0.0149526
3103	9953	0.0149526
8862	9954	0.0154615
4024	9954	0.0154615
3068	9955	0.0153218
3133	9955	0.0153218
3656	9956	0.0140982
3008	9956	0.0140982
3863	9957	0.0138788
5125	9957	0.0138788
8997	9958	0.0106268
2576	9958	0.0106268
5971	9959	0.0131873
4445	9959	0.0131873
6374	9960	0.0105411
2132	9960	0.0105411
3010	9961	0.0119476
56	9961	0.0119476
5612	9962	0.012817
1234	9962	0.012817
5241	9963	0.0132963
9917	9963	0.0132963
3832	9964	0.0132934
9963	9964	0.0132934
9964	9965	0.0132797
4929	9965	0.0132797
8999	9966	0.0132788
9965	9966	0.0132788
4853	9966	0.0132788
4827	9967	0.0132759
9966	9967	0.0132759
9001	9968	0.0132731
4665	9968	0.0132731
9967	9968	0.0132731
944	9969	0.0132599
9968	9969	0.0132599
9969	9970	0.0132542
2491	9970	0.0132542
164	9971	0.0132513
9970	9971	0.0132513
8636	9972	0.0132495
9971	9972	0.0132495
1038	9973	0.0132378
9972	9973	0.0132378
9973	9974	0.0132177
9918	9974	0.0132177
9974	9975	0.0132076
1381	9975	0.0132076
9975	9976	0.0132044
4403	9976	0.0132044
5264	9977	0.0131865
9976	9977	0.0131865
9977	9978	0.0131817
762	9978	0.0131817
1529	9979	0.0131683
9978	9979	0.0131683
1181	9979	0.0131683
9979	9980	0.0131633
4217	9980	0.0131633
145	9981	0.0131542
9980	9981	0.0131542
2585	9982	0.0131515
9981	9982	0.0131515
8877	9983	0.0131439
9982	9983	0.0131439
5609	9984	0.0131386
9983	9984	0.0131386
9984	9985	0.0131349
3274	9985	0.0131349
9985	9986	0.013132
3953	9986	0.013132
9986	9987	0.0131312
5688	9987	0.0131312
9987	9988	0.0131245
2449	9988	0.0131245
9988	9989	0.013091
2579	9989	0.013091
4839	9990	0.0130876
9989	9990	0.0130876
2538	9991	0.0130682
9990	9991	0.0130682
9991	9992	0.0130653
6215	9992	0.0130653
9992	9993	0.0130615
5798	9993	0.0130615
9993	9994	0.0130558
9956	9994	0.0130558
1727	9995	0.0130538
9994	9995	0.0130538
9995	9996	0.0130509
5647	9996	0.0130509
9996	9997	0.0130261
1910	9997	0.0130261
9997	9998	0.0130213
2953	9998	0.0130213
1643	9999	0.0130166
2983	9999	0.0130166
4957	9999	0.0130166
9998	9999	0.0130166
1690	9999	0.0130166
9999	10000	0.0130099
4032	10000	0.0130099
10000	10001	0.0129919
5325	10001	0.0129919
8723	10002	0.0129713
10001	10002	0.0129713
10002	10003	0.012965
512	10003	0.012965
10003	10004	0.0129584
1365	10004	0.0129584
10004	10005	0.0129348
5400	10005	0.0129348
4512	10006	0.0129194
10005	10006	0.0129194
444	10007	0.012912
10006	10007	0.012912
8476	10008	0.0129061
10007	10008	0.0129061
8831	10008	0.0129061
1112	10009	0.0129039
10008	10009	0.0129039
3056	10010	0.0128977
10009	10010	0.0128977
10010	10011	0.0128871
4002	10011	0.0128871
10011	10012	0.0128828
5995	10012	0.0128828
10012	10013	0.0128553
2018	10013	0.0128553
2884	10014	0.0128504
584	10014	0.0128504
10013	10014	0.0128504
4592	10015	0.0128441
10014	10015	0.0128441
1577	10016	0.0132806
9957	10016	0.0132806
2683	10017	0.0130571
4458	10017	0.0130571
5921	10018	0.0128403
10015	10018	0.0128403
10018	10019	0.0128345
1617	10019	0.0128345
10019	10020	0.0128329
5597	10020	0.0128329
2234	10021	0.012826
10020	10021	0.012826
10021	10022	0.0128223
2318	10022	0.0128223
10022	10023	0.0128202
786	10023	0.0128202
10023	10024	0.0128039
1624	10024	0.0128039
10024	10025	0.0128031
1944	10025	0.0128031
3305	10026	0.0128021
10025	10026	0.0128021
5881	10026	0.0128021
9945	10026	0.0128021
3123	10026	0.0128021
8826	10027	0.0128012
10026	10027	0.0128012
224	10028	0.0127848
10027	10028	0.0127848
10028	10029	0.0127716
382	10029	0.0127716
10029	10030	0.0127612
1087	10030	0.0127612
5484	10031	0.0127193
5851	10031	0.0127193
10030	10031	0.0127193
10031	10032	0.0127125
229	10032	0.0127125
4156	10033	0.0126992
10032	10033	0.0126992
1510	10033	0.0126992
884	10034	0.0126972
10033	10034	0.0126972
422	10035	0.0126903
10034	10035	0.0126903
4860	10036	0.012683
10035	10036	0.012683
2734	10036	0.012683
5604	10037	0.0126744
10036	10037	0.0126744
10037	10038	0.0126705
2717	10038	0.0126705
5552	10038	0.0126705
827	10039	0.0126658
10038	10039	0.0126658
8998	10040	0.0126628
8564	10040	0.0126628
10039	10040	0.0126628
10040	10041	0.0126545
9934	10041	0.0126545
545	10041	0.0126545
10016	10041	0.0126545
2211	10042	0.0126427
10041	10042	0.0126427
3853	10043	0.01264
10042	10043	0.01264
10043	10044	0.0126297
6003	10044	0.0126297
2561	10045	0.0126228
10044	10045	0.0126228
1857	10045	0.0126228
10045	10046	0.0126219
4737	10046	0.0126219
10017	10046	0.0126219
1158	10047	0.0126198
10046	10047	0.0126198
10047	10048	0.0125998
245	10048	0.0125998
806	10049	0.0125905
10048	10049	0.0125905
4602	10050	0.012578
10049	10050	0.012578
10050	10051	0.012573
2571	10051	0.012573
10051	10052	0.0125704
5558	10052	0.0125704
10052	10053	0.0125668
6148	10053	0.0125668
10053	10054	0.0125647
2918	10054	0.0125647
9005	10055	0.012558
654	10055	0.012558
2992	10055	0.012558
2807	10055	0.012558
4302	10055	0.012558
10054	10055	0.012558
10055	10056	0.0125521
730	10056	0.0125521
3313	10056	0.0125521
10056	10057	0.0125423
436	10057	0.0125423
5178	10058	0.0125265
10057	10058	0.0125265
10058	10059	0.012519
130	10059	0.012519
4615	10060	0.0125122
10059	10060	0.0125122
1702	10061	0.0125074
10060	10061	0.0125074
10061	10062	0.0124977
1620	10062	0.0124977
5189	10063	0.0124991
3580	10063	0.0124991
10062	10064	0.0124626
867	10064	0.0124626
9922	10065	0.0124525
10064	10065	0.0124525
10063	10065	0.0124525
3200	10066	0.0132838
9925	10066	0.0132838
10066	10067	0.0130623
1701	10067	0.0130623
1460	10067	0.0130623
9924	10068	0.012968
10067	10068	0.012968
10068	10069	0.0129232
2461	10069	0.0129232
8655	10070	0.012762
10069	10070	0.012762
4490	10071	0.0127517
9937	10071	0.0127517
9935	10072	0.0125655
10071	10072	0.0125655
5530	10073	0.0130092
4139	10073	0.0130092
2494	10074	0.0128594
10073	10074	0.0128594
3670	10075	0.0127317
1486	10075	0.0127317
4091	10076	0.0127051
6043	10076	0.0127051
5595	10077	0.0126887
4804	10077	0.0126887
10065	10078	0.0124512
590	10078	0.0124512
5888	10079	0.0124502
10078	10079	0.0124502
5533	10080	0.0124444
10079	10080	0.0124444
6058	10080	0.0124444
85	10081	0.0124436
10080	10081	0.0124436
669	10081	0.0124436
4169	10082	0.0124377
10081	10082	0.0124377
1816	10083	0.012434
10082	10083	0.012434
10083	10084	0.0124195
894	10084	0.0124195
10084	10085	0.0124093
6194	10085	0.0124093
1572	10086	0.0123996
10085	10086	0.0123996
9962	10087	0.0123951
8674	10087	0.0123951
10086	10087	0.0123951
2912	10088	0.0123911
280	10088	0.0123911
10087	10088	0.0123911
1090	10089	0.0123875
10088	10089	0.0123875
6396	10090	0.0123803
10089	10090	0.0123803
10090	10091	0.0123758
4311	10091	0.0123758
10091	10092	0.012375
3498	10092	0.012375
10092	10093	0.0123642
10075	10093	0.0123642
10093	10094	0.0123588
6157	10094	0.0123588
1988	10095	0.0123558
10094	10095	0.0123558
10095	10096	0.0123463
1464	10096	0.0123463
9008	10097	0.0123454
10096	10097	0.0123454
10097	10098	0.0123393
5698	10098	0.0123393
4409	10099	0.0123367
10098	10099	0.0123367
3246	10100	0.0123186
10099	10100	0.0123186
10100	10101	0.0123148
2981	10101	0.0123148
5671	10102	0.0123137
10101	10102	0.0123137
2550	10103	0.0123098
10102	10103	0.0123098
4523	10104	0.0123042
10103	10104	0.0123042
10104	10105	0.0123015
2030	10105	0.0123015
459	10106	0.0122851
10105	10106	0.0122851
10106	10107	0.012271
9951	10107	0.012271
1451	10107	0.012271
10070	10107	0.012271
3956	10107	0.012271
1787	10108	0.0122697
10107	10108	0.0122697
10108	10109	0.0122663
5477	10109	0.0122663
10109	10110	0.0122544
4482	10110	0.0122544
4101	10111	0.012249
10110	10111	0.012249
10111	10112	0.0122425
2173	10112	0.0122425
10112	10113	0.0122345
5623	10113	0.0122345
10113	10114	0.0122253
1224	10114	0.0122253
10114	10115	0.0122232
3199	10115	0.0122232
10115	10116	0.0122117
2111	10116	0.0122117
10116	10117	0.0122079
9923	10117	0.0122079
5209	10118	0.0122063
10117	10118	0.0122063
773	10119	0.0121984
10118	10119	0.0121984
3380	10120	0.0121965
4027	10120	0.0121965
10119	10120	0.0121965
10120	10121	0.0121889
363	10121	0.0121889
2638	10122	0.0121861
10121	10122	0.0121861
8908	10123	0.0121802
10122	10123	0.0121802
10123	10124	0.0121763
2633	10124	0.0121763
10124	10125	0.0121669
4914	10125	0.0121669
10125	10126	0.0121489
508	10126	0.0121489
2916	10127	0.0121422
10126	10127	0.0121422
10127	10128	0.0121327
5250	10128	0.0121327
10128	10129	0.0121211
9931	10129	0.0121211
10129	10130	0.0121065
5167	10130	0.0121065
1088	10131	0.0122957
4780	10131	0.0122957
10130	10132	0.0121052
10074	10132	0.0121052
3122	10132	0.0121052
3986	10133	0.0121042
10132	10133	0.0121042
10133	10134	0.0121029
3216	10134	0.0121029
10134	10135	0.0120982
1961	10135	0.0120982
10135	10136	0.0120848
1999	10136	0.0120848
10136	10137	0.0120604
1023	10137	0.0120604
5566	10137	0.0120604
10137	10138	0.012047
104	10138	0.012047
1435	10138	0.012047
5993	10139	0.0120391
10138	10139	0.0120391
10139	10140	0.0120382
2292	10140	0.0120382
2644	10141	0.0120333
10140	10141	0.0120333
10141	10142	0.0120182
2195	10142	0.0120182
10142	10143	0.0120143
620	10143	0.0120143
2730	10144	0.0120124
10143	10144	0.0120124
10144	10145	0.0120096
2267	10145	0.0120096
10145	10146	0.0119963
10072	10146	0.0119963
10146	10147	0.0119709
3593	10147	0.0119709
6038	10148	0.0119524
10147	10148	0.0119524
10148	10149	0.0119495
5628	10149	0.0119495
10149	10150	0.0119486
1220	10150	0.0119486
8821	10151	0.0119399
10150	10151	0.0119399
8769	10152	0.0119266
10151	10152	0.0119266
10152	10153	0.0119152
227	10153	0.0119152
10153	10154	0.0119103
138	10154	0.0119103
10154	10155	0.0119057
5608	10155	0.0119057
2310	10156	0.0119046
10155	10156	0.0119046
10156	10157	0.0119017
4662	10157	0.0119017
10157	10158	0.011897
625	10158	0.011897
10158	10159	0.0118811
5778	10159	0.0118811
306	10160	0.0118532
10159	10160	0.0118532
2929	10160	0.0118532
10160	10161	0.0118517
4140	10161	0.0118517
10161	10162	0.011838
3181	10162	0.011838
10162	10163	0.0118331
8934	10163	0.0118331
10163	10164	0.0118227
2387	10164	0.0118227
8885	10165	0.0118196
10164	10165	0.0118196
2516	10165	0.0118196
10165	10166	0.0118026
3993	10166	0.0118026
10166	10167	0.0117922
706	10167	0.0117922
10167	10168	0.0117817
5731	10168	0.0117817
10076	10168	0.0117817
10168	10169	0.0117771
10077	10169	0.0117771
8855	10170	0.011775
10169	10170	0.011775
1604	10171	0.0117739
10170	10171	0.0117739
10171	10172	0.0117644
2071	10172	0.0117644
9000	10173	0.011756
10172	10173	0.011756
1606	10173	0.011756
10173	10174	0.0117415
1661	10174	0.0117415
10174	10175	0.0117359
2544	10175	0.0117359
10175	10176	0.0117231
3284	10176	0.0117231
10176	10177	0.0117128
652	10177	0.0117128
10177	10178	0.0116979
4637	10178	0.0116979
10178	10179	0.0116874
5076	10179	0.0116874
9921	10180	0.0117359
2307	10180	0.0117359
6121	10180	0.0117359
1671	10181	0.0116835
10179	10181	0.0116835
10181	10182	0.0116749
3943	10182	0.0116749
1822	10183	0.0116721
10182	10183	0.0116721
10183	10184	0.0116653
10131	10184	0.0116653
10184	10185	0.0116586
4317	10185	0.0116586
10180	10185	0.0116586
10185	10186	0.0116511
862	10186	0.0116511
3698	10187	0.012983
43	10187	0.012983
9941	10188	0.013197
1903	10188	0.013197
5542	10189	0.0121622
1411	10189	0.0121622
8950	10190	0.0121945
5306	10190	0.0121945
8856	10191	0.0116384
10186	10191	0.0116384
8614	10192	0.0116376
10191	10192	0.0116376
5694	10192	0.0116376
800	10193	0.0116329
10192	10193	0.0116329
5764	10194	0.01163
10193	10194	0.01163
10194	10195	0.0116263
799	10195	0.0116263
10195	10196	0.0116166
750	10196	0.0116166
10196	10197	0.0116108
1596	10197	0.0116108
3352	10198	0.0115989
10197	10198	0.0115989
10198	10199	0.0115966
2008	10199	0.0115966
10199	10200	0.0115738
5134	10200	0.0115738
5890	10200	0.0115738
10200	10201	0.0115689
10187	10201	0.0115689
10201	10202	0.011564
4959	10202	0.011564
276	10203	0.0115568
10202	10203	0.0115568
10203	10204	0.0115529
4000	10204	0.0115529
10204	10205	0.0115448
1618	10205	0.0115448
10205	10206	0.0115433
1015	10206	0.0115433
3230	10207	0.0115394
10206	10207	0.0115394
5719	10207	0.0115394
9942	10208	0.0115356
10207	10208	0.0115356
5160	10209	0.011531
10208	10209	0.011531
10209	10210	0.0115176
5122	10210	0.0115176
6105	10211	0.0115071
10210	10211	0.0115071
3198	10212	0.0114967
10211	10212	0.0114967
8875	10213	0.0114832
10212	10213	0.0114832
2158	10214	0.0114784
4979	10214	0.0114784
10213	10214	0.0114784
10214	10215	0.0114756
1354	10215	0.0114756
10215	10216	0.0114642
5268	10216	0.0114642
10216	10217	0.0114604
1039	10217	0.0114604
10217	10218	0.0114574
3082	10218	0.0114574
10218	10219	0.0114565
3511	10219	0.0114565
5307	10219	0.0114565
10219	10220	0.0114546
5266	10220	0.0114546
10220	10221	0.0114518
1407	10221	0.0114518
10221	10222	0.0114486
5687	10222	0.0114486
2720	10223	0.0114403
5485	10223	0.0114403
10222	10223	0.0114403
3577	10224	0.0114366
8436	10224	0.0114366
10223	10224	0.0114366
10224	10225	0.0114346
9943	10225	0.0114346
2609	10225	0.0114346
10225	10226	0.0114242
779	10226	0.0114242
10226	10227	0.0114079
864	10227	0.0114079
10227	10228	0.0114069
9946	10228	0.0114069
5423	10229	0.0113925
5739	10229	0.0113925
1227	10229	0.0113925
10228	10229	0.0113925
10229	10230	0.0113839
3077	10230	0.0113839
4828	10231	0.0113831
3021	10231	0.0113831
10230	10231	0.0113831
10231	10232	0.0113811
5235	10232	0.0113811
5083	10233	0.0113794
10232	10233	0.0113794
1771	10234	0.0113775
10233	10234	0.0113775
10190	10234	0.0113775
3793	10235	0.0113756
10234	10235	0.0113756
3097	10236	0.0113736
10235	10236	0.0113736
10236	10237	0.0113688
979	10237	0.0113688
10237	10238	0.0113676
4845	10238	0.0113676
5322	10239	0.0113648
10238	10239	0.0113648
10239	10240	0.011364
1533	10240	0.011364
10240	10241	0.0113525
1030	10241	0.0113525
9002	10242	0.011346
10241	10242	0.011346
8502	10243	0.0113335
10242	10243	0.0113335
31	10244	0.0113307
5050	10244	0.0113307
10243	10244	0.0113307
5841	10245	0.0113297
10244	10245	0.0113297
10245	10246	0.0113192
861	10246	0.0113192
8777	10246	0.0113192
928	10246	0.0113192
3660	10246	0.0113192
10189	10246	0.0113192
4451	10246	0.0113192
10246	10247	0.0113178
5584	10247	0.0113178
10247	10248	0.0113105
4748	10248	0.0113105
6210	10249	0.0113067
10248	10249	0.0113067
3212	10249	0.0113067
6278	10250	0.0112954
10249	10250	0.0112954
8742	10251	0.0112924
10250	10251	0.0112924
8996	10252	0.0112858
10251	10252	0.0112858
2862	10253	0.0112832
10252	10253	0.0112832
8435	10254	0.011281
10253	10254	0.011281
4030	10255	0.0112743
10254	10255	0.0112743
6150	10256	0.0112627
10255	10256	0.0112627
4493	10256	0.0112627
10256	10257	0.0112618
4092	10257	0.0112618
10257	10258	0.01126
1371	10258	0.01126
10258	10259	0.0112589
1566	10259	0.0112589
4585	10259	0.0112589
9948	10259	0.0112589
10259	10260	0.0112494
1832	10260	0.0112494
10260	10261	0.011249
1673	10261	0.011249
2921	10262	0.0112476
10261	10262	0.0112476
328	10263	0.0112457
10262	10263	0.0112457
10263	10264	0.0112429
710	10264	0.0112429
1545	10265	0.0112419
10264	10265	0.0112419
10265	10266	0.011241
717	10266	0.011241
10266	10267	0.0112382
3588	10267	0.0112382
3330	10268	0.0112274
8513	10268	0.0112274
10267	10269	0.0112321
2187	10269	0.0112321
5090	10270	0.0112264
10269	10270	0.0112264
10270	10271	0.0112256
1123	10271	0.0112256
8729	10272	0.0112239
10271	10272	0.0112239
10272	10273	0.0112152
1711	10273	0.0112152
10273	10274	0.0112114
4861	10274	0.0112114
10274	10275	0.0112018
2339	10275	0.0112018
2513	10276	0.0111933
10275	10276	0.0111933
10268	10277	0.0111903
10276	10277	0.0111903
10277	10278	0.0111836
915	10278	0.0111836
10278	10279	0.0111599
4990	10279	0.0111599
10279	10280	0.0111437
5506	10280	0.0111437
10280	10281	0.011143
4057	10281	0.011143
10281	10282	0.0111389
4236	10282	0.0111389
4587	10283	0.0111341
10282	10283	0.0111341
5293	10284	0.0111293
10283	10284	0.0111293
887	10285	0.0111236
10284	10285	0.0111236
10285	10286	0.0111189
5631	10286	0.0111189
10286	10287	0.0111174
2125	10287	0.0111174
8501	10288	0.0111027
10287	10288	0.0111027
9003	10289	0.0110893
10288	10289	0.0110893
718	10290	0.0110865
10289	10290	0.0110865
3	10291	0.0112627
2035	10291	0.0112627
10290	10292	0.0110771
3647	10292	0.0110771
1249	10293	0.0110749
10292	10293	0.0110749
5199	10294	0.0110741
5478	10294	0.0110741
10293	10294	0.0110741
6418	10295	0.0110709
8698	10295	0.0110709
3480	10295	0.0110709
10294	10295	0.0110709
5956	10296	0.0110657
10295	10296	0.0110657
128	10297	0.0110626
10296	10297	0.0110626
10297	10298	0.0110598
3296	10298	0.0110598
10298	10299	0.011059
5158	10299	0.011059
10299	10300	0.0110472
428	10300	0.0110472
10300	10301	0.0110464
3919	10301	0.0110464
10301	10302	0.0110436
10188	10302	0.0110436
3307	10302	0.0110436
10302	10303	0.0110408
54	10303	0.0110408
10303	10304	0.0110388
5471	10304	0.0110388
10304	10305	0.0110359
556	10305	0.0110359
573	10305	0.0110359
10305	10306	0.0110312
2365	10306	0.0110312
10291	10306	0.0110312
6388	10307	0.0110265
10306	10307	0.0110265
10307	10308	0.0110198
2498	10308	0.0110198
3766	10309	0.0110187
10308	10309	0.0110187
10309	10310	0.0110151
2629	10310	0.0110151
10310	10311	0.0110132
203	10311	0.0110132
8483	10312	0.0110001
10311	10312	0.0110001
10312	10313	0.010997
2238	10313	0.010997
8567	10314	0.0109891
10313	10314	0.0109891
8498	10315	0.0109798
10314	10315	0.0109798
2840	10315	0.0109798
10315	10316	0.0109778
4770	10316	0.0109778
10316	10317	0.0109751
3493	10317	0.0109751
8767	10318	0.0109653
10317	10318	0.0109653
6403	10319	0.0109629
10318	10319	0.0109629
10319	10320	0.0109559
5987	10320	0.0109559
3654	10321	0.0109482
10320	10321	0.0109482
5752	10322	0.0109424
10321	10322	0.0109424
10322	10323	0.010937
1272	10323	0.010937
4349	10324	0.0109356
10323	10324	0.0109356
10324	10325	0.0109272
4788	10325	0.0109272
10325	10326	0.0109055
1164	10326	0.0109055
10326	10327	0.0109046
2093	10327	0.0109046
8571	10328	0.0108985
10327	10328	0.0108985
10328	10329	0.0108881
1865	10329	0.0108881
4366	10330	0.0108765
10329	10330	0.0108765
10330	10331	0.0108556
671	10331	0.0108556
10331	10332	0.0108537
8861	10332	0.0108537
4017	10332	0.0108537
903	10333	0.0108452
10332	10333	0.0108452
10333	10334	0.0108233
2343	10334	0.0108233
10334	10335	0.0108201
340	10335	0.0108201
10335	10336	0.0108108
1670	10336	0.0108108
4689	10337	0.0108089
10336	10337	0.0108089
3017	10338	0.0107879
10337	10338	0.0107879
10338	10339	0.0107852
3997	10339	0.0107852
1230	10340	0.0107699
5215	10340	0.0107699
10339	10340	0.0107699
10340	10341	0.0107527
2874	10341	0.0107527
4012	10341	0.0107527
10341	10342	0.0107515
5668	10342	0.0107515
868	10342	0.0107515
10342	10343	0.0107469
4044	10343	0.0107469
1610	10344	0.0107459
10343	10344	0.0107459
8759	10345	0.0107312
10344	10345	0.0107312
10345	10346	0.0107298
918	10346	0.0107298
5691	10347	0.0107193
10346	10347	0.0107193
5642	10347	0.0107193
10347	10348	0.0107136
882	10348	0.0107136
10348	10349	0.0107124
5288	10349	0.0107124
10349	10350	0.0107118
338	10350	0.0107118
10350	10351	0.0107069
4211	10351	0.0107069
10351	10352	0.010705
429	10352	0.010705
4192	10352	0.010705
10352	10353	0.010704
3665	10353	0.010704
10353	10354	0.0107022
3520	10354	0.0107022
10354	10355	0.0106991
5730	10355	0.0106991
10355	10356	0.0106925
8801	10356	0.0106925
4186	10356	0.0106925
10356	10357	0.0106878
1964	10357	0.0106878
4250	10357	0.0106878
4937	10358	0.010684
10357	10358	0.010684
10358	10359	0.0106829
5225	10359	0.0106829
2762	10360	0.0106747
10359	10360	0.0106747
9949	10361	0.0106573
10360	10361	0.0106573
10361	10362	0.0106535
3737	10362	0.0106535
3279	10363	0.0106487
10362	10363	0.0106487
2374	10364	0.0106364
10363	10364	0.0106364
2509	10364	0.0106364
10364	10365	0.0106229
1260	10365	0.0106229
5524	10366	0.0106212
10365	10366	0.0106212
2556	10367	0.010619
10366	10367	0.010619
8952	10368	0.0106015
10367	10368	0.0106015
10368	10369	0.0105959
735	10369	0.0105959
10369	10370	0.0105906
5750	10370	0.0105906
5576	10371	0.0105857
10370	10371	0.0105857
10371	10372	0.0105779
9938	10372	0.0105779
10372	10373	0.0105715
3568	10373	0.0105715
8896	10374	0.0105571
10373	10374	0.0105571
10374	10375	0.0105429
832	10375	0.0105429
1706	10375	0.0105429
3024	10376	0.0105411
10375	10376	0.0105411
4818	10377	0.010539
6161	10377	0.010539
10376	10377	0.010539
2900	10378	0.0105342
10377	10378	0.0105342
10378	10379	0.0105303
5766	10379	0.0105303
10379	10380	0.0105294
1759	10380	0.0105294
880	10381	0.0105248
10380	10381	0.0105248
2098	10382	0.0124093
852	10382	0.0124093
10382	10383	0.0116006
949	10383	0.0116006
290	10384	0.0112192
10383	10384	0.0112192
8648	10385	0.0108033
2982	10385	0.0108033
6113	10386	0.0110111
526	10386	0.0110111
781	10387	0.0124427
3197	10387	0.0124427
9953	10388	0.0112506
4884	10388	0.0112506
1281	10389	0.0113335
1198	10389	0.0113335
3055	10390	0.0107451
4801	10390	0.0107451
5568	10391	0.0118093
4995	10391	0.0118093
8660	10392	0.00991615
3557	10392	0.00991615
9952	10393	0.0100496
4784	10393	0.0100496
4759	10394	0.010494
10381	10394	0.010494
10394	10395	0.0104924
1256	10395	0.0104924
10395	10396	0.0104782
251	10396	0.0104782
10396	10397	0.0104475
719	10397	0.0104475
10397	10398	0.0104466
1648	10398	0.0104466
10398	10399	0.0104437
4950	10399	0.0104437
10399	10400	0.0104426
2813	10400	0.0104426
10400	10401	0.0104411
593	10401	0.0104411
10401	10402	0.0104398
2354	10402	0.0104398
10402	10403	0.010439
2858	10403	0.010439
5974	10404	0.0104374
10403	10404	0.0104374
9955	10405	0.0104426
3840	10405	0.0104426
874	10406	0.0104332
10404	10406	0.0104332
6380	10407	0.0104112
10406	10407	0.0104112
10407	10408	0.0104095
2486	10408	0.0104095
10408	10409	0.0103998
4791	10409	0.0103998
10409	10410	0.0103941
2882	10410	0.0103941
10410	10411	0.0103845
5541	10411	0.0103845
2398	10412	0.0103816
2414	10412	0.0103816
10411	10412	0.0103816
2298	10413	0.0103797
10412	10413	0.0103797
10413	10414	0.0103665
929	10414	0.0103665
10405	10414	0.0103665
10384	10414	0.0103665
10414	10415	0.0103655
865	10415	0.0103655
3977	10415	0.0103655
4566	10416	0.0103635
462	10416	0.0103635
10415	10416	0.0103635
10416	10417	0.0103608
4333	10417	0.0103608
10417	10418	0.0103482
4775	10418	0.0103482
8592	10419	0.0103312
10418	10419	0.0103312
10419	10420	0.0103227
1479	10420	0.0103227
4581	10421	0.0103061
10420	10421	0.0103061
10421	10422	0.0103031
2541	10422	0.0103031
10422	10423	0.0102997
473	10423	0.0102997
10423	10424	0.0102989
5728	10424	0.0102989
10424	10425	0.0102913
506	10425	0.0102913
10425	10426	0.0102721
744	10426	0.0102721
10426	10427	0.0102674
4456	10427	0.0102674
10427	10428	0.0102654
4178	10428	0.0102654
10428	10429	0.0102643
1289	10429	0.0102643
5359	10429	0.0102643
10429	10430	0.0102615
1858	10430	0.0102615
2859	10431	0.0102587
10430	10431	0.0102587
10431	10432	0.0102577
4576	10432	0.0102577
580	10433	0.0102521
10432	10433	0.0102521
10433	10434	0.0102454
4919	10434	0.0102454
10434	10435	0.0102406
3087	10435	0.0102406
5099	10435	0.0102406
1792	10436	0.0102357
10435	10436	0.0102357
2679	10436	0.0102357
10436	10437	0.0102178
2198	10437	0.0102178
4767	10438	0.0102139
10437	10438	0.0102139
10438	10439	0.0101909
716	10439	0.0101909
10439	10440	0.0101879
4016	10440	0.0101879
10440	10441	0.0101804
258	10441	0.0101804
10441	10442	0.0101759
2421	10442	0.0101759
10442	10443	0.0101643
5729	10443	0.0101643
9959	10444	0.0101633
9960	10444	0.0101633
10443	10444	0.0101633
10444	10445	0.0101498
549	10445	0.0101498
6287	10446	0.0101462
10445	10446	0.0101462
5707	10447	0.0101366
10446	10447	0.0101366
3421	10448	0.0101297
10447	10448	0.0101297
10448	10449	0.0101277
2406	10449	0.0101277
4329	10450	0.0101195
10449	10450	0.0101195
10450	10451	0.0101187
1735	10451	0.0101187
10451	10452	0.0101178
2297	10452	0.0101178
3510	10452	0.0101178
4158	10452	0.0101178
10452	10453	0.0101168
18	10453	0.0101168
1195	10453	0.0101168
5772	10453	0.0101168
8942	10454	0.0101138
10453	10454	0.0101138
10454	10455	0.0101127
3921	10455	0.0101127
10455	10456	0.0101053
4660	10456	0.0101053
10456	10457	0.0101022
2357	10457	0.0101022
10457	10458	0.0100964
3533	10458	0.0100964
10458	10459	0.0100959
2230	10459	0.0100959
8944	10460	0.0100892
10459	10460	0.0100892
1076	10461	0.0100803
10460	10461	0.0100803
651	10461	0.0100803
4483	10461	0.0100803
4879	10462	0.0100794
8955	10462	0.0100794
3888	10462	0.0100794
10461	10462	0.0100794
2601	10463	0.0100698
10462	10463	0.0100698
10385	10463	0.0100698
10463	10464	0.0100602
498	10464	0.0100602
2597	10465	0.0100346
10464	10465	0.0100346
692	10465	0.0100346
10465	10466	0.0100336
447	10466	0.0100336
1811	10466	0.0100336
1732	10467	0.0100247
10466	10467	0.0100247
10467	10468	0.0100221
2993	10468	0.0100221
8665	10469	0.0100204
10468	10469	0.0100204
10469	10470	0.0100097
4457	10470	0.0100097
1124	10471	0.0100088
10470	10471	0.0100088
10471	10472	0.00998782
4599	10472	0.00998782
10472	10473	0.00998497
985	10473	0.00998497
1356	10474	0.010151
6029	10474	0.010151
10473	10475	0.00998003
4038	10475	0.00998003
10475	10476	0.00997816
3224	10476	0.00997816
10476	10477	0.00997175
1187	10477	0.00997175
10477	10478	0.0099706
4327	10478	0.0099706
5641	10479	0.00996023
10478	10479	0.00996023
10479	10480	0.00992591
1235	10480	0.00992591
10480	10481	0.00992398
1101	10481	0.00992398
10481	10482	0.00991346
146	10482	0.00991346
10482	10483	0.00991261
709	10483	0.00991261
2031	10484	0.00990479
10483	10484	0.00990479
8405	10484	0.00990479
9954	10484	0.00990479
3259	10485	0.00989817
10484	10485	0.00989817
10485	10486	0.00989535
10389	10486	0.00989535
5291	10487	0.00989344
10486	10487	0.00989344
10487	10488	0.00989136
10474	10488	0.00989136
10488	10489	0.00988962
1501	10489	0.00988962
10489	10490	0.00988285
1387	10490	0.00988285
2971	10491	0.00987738
10490	10491	0.00987738
1021	10492	0.00987157
10491	10492	0.00987157
10492	10493	0.00986398
8895	10493	0.00986398
10493	10494	0.00985136
3895	10494	0.00985136
2485	10495	0.00984969
10494	10495	0.00984969
10495	10496	0.00984859
2319	10496	0.00984859
10496	10497	0.00982083
1890	10497	0.00982083
10497	10498	0.00980931
1833	10498	0.00980931
8747	10499	0.00978477
10498	10499	0.00978477
10499	10500	0.00978189
2443	10500	0.00978189
10500	10501	0.00976855
10386	10501	0.00976855
5081	10502	0.00976564
10501	10502	0.00976564
10502	10503	0.00975801
1301	10503	0.00975801
10503	10504	0.00975497
1929	10504	0.00975497
10504	10505	0.0097515
19	10505	0.0097515
10505	10506	0.00973608
5432	10506	0.00973608
6190	10507	0.00972441
10506	10507	0.00972441
10507	10508	0.00971124
2493	10508	0.00971124
10508	10509	0.00970752
5868	10509	0.00970752
822	10509	0.00970752
5661	10510	0.0097062
10509	10510	0.0097062
8843	10511	0.00970451
10510	10511	0.00970451
10511	10512	0.0097035
1299	10512	0.0097035
4078	10513	0.00970261
10512	10513	0.00970261
4692	10514	0.00969691
10513	10514	0.00969691
10514	10515	0.00968572
2197	10515	0.00968572
8753	10516	0.00966924
10515	10516	0.00966924
156	10517	0.00965802
10516	10517	0.00965802
524	10518	0.00965681
10517	10518	0.00965681
8496	10519	0.00965584
10518	10519	0.00965584
10519	10520	0.00964934
296	10520	0.00964934
5697	10521	0.00963879
10520	10521	0.00963879
10521	10522	0.00963114
3334	10522	0.00963114
8541	10523	0.00962548
10522	10523	0.00962548
5467	10524	0.0096206
10523	10524	0.0096206
10524	10525	0.00961106
568	10525	0.00961106
10525	10526	0.00959896
2512	10526	0.00959896
6176	10527	0.00959193
10526	10527	0.00959193
5443	10528	0.0095901
10527	10528	0.0095901
10528	10529	0.00958464
4522	10529	0.00958464
10529	10530	0.00958075
2332	10530	0.00958075
8864	10531	0.00956269
10530	10531	0.00956269
10531	10532	0.00955878
4927	10532	0.00955878
10532	10533	0.00955012
704	10533	0.00955012
10533	10534	0.00954909
4479	10534	0.00954909
10534	10535	0.00951767
2356	10535	0.00951767
10535	10536	0.00950903
840	10536	0.00950903
150	10537	0.00950807
10536	10537	0.00950807
4414	10537	0.00950807
4241	10538	0.00950053
10537	10538	0.00950053
4841	10539	0.00949873
10538	10539	0.00949873
10539	10540	0.00949766
6005	10540	0.00949766
10540	10541	0.00948335
4083	10541	0.00948335
3040	10542	0.010026
10387	10542	0.010026
1386	10543	0.00945473
10541	10543	0.00945473
10543	10544	0.00944631
53	10544	0.00944631
10544	10545	0.00943949
10390	10545	0.00943949
5390	10546	0.00943088
10545	10546	0.00943088
10546	10547	0.00941197
374	10547	0.00941197
602	10547	0.00941197
1142	10547	0.00941197
5098	10547	0.00941197
3700	10547	0.00941197
5887	10547	0.00941197
1637	10547	0.00941197
10388	10547	0.00941197
3739	10548	0.00940044
10547	10548	0.00940044
10548	10549	0.0093956
3094	10549	0.0093956
6419	10550	0.00939085
10549	10550	0.00939085
8490	10551	0.00938684
10550	10551	0.00938684
10551	10552	0.00936679
1931	10552	0.00936679
9961	10553	0.00936526
8423	10553	0.00936526
10552	10553	0.00936526
10553	10554	0.0093641
4218	10554	0.0093641
10554	10555	0.0093602
2836	10555	0.0093602
10555	10556	0.00935369
1611	10556	0.00935369
10556	10557	0.00933164
4280	10557	0.00933164
10557	10558	0.00932989
90	10558	0.00932989
5273	10558	0.00932989
3506	10559	0.00932889
10558	10559	0.00932889
576	10560	0.00932024
10559	10560	0.00932024
6212	10560	0.00932024
2873	10561	0.00931732
10560	10561	0.00931732
2311	10562	0.00930799
10561	10562	0.00930799
10562	10563	0.00930407
6054	10563	0.00930407
5118	10564	0.00928116
10563	10564	0.00928116
3818	10565	0.00927828
10564	10565	0.00927828
10565	10566	0.00925734
1385	10566	0.00925734
41	10567	0.00925537
10566	10567	0.00925537
10567	10568	0.00925175
3006	10568	0.00925175
10568	10569	0.00925057
4755	10569	0.00925057
5771	10570	0.00924396
10569	10570	0.00924396
2084	10571	0.00923272
10570	10571	0.00923272
10571	10572	0.00922019
5213	10572	0.00922019
10572	10573	0.00921724
4868	10573	0.00921724
4046	10574	0.00921451
10573	10574	0.00921451
10574	10575	0.00920653
3475	10575	0.00920653
10575	10576	0.00918676
4380	10576	0.00918676
4563	10576	0.00918676
10576	10577	0.00918401
3348	10577	0.00918401
10577	10578	0.00916872
3231	10578	0.00916872
10578	10579	0.00915845
1010	10579	0.00915845
10579	10580	0.00915423
1091	10580	0.00915423
2090	10581	0.00915076
10580	10581	0.00915076
10581	10582	0.0091495
1973	10582	0.0091495
10582	10583	0.00914002
502	10583	0.00914002
8681	10584	0.00913438
10583	10584	0.00913438
3294	10584	0.00913438
10584	10585	0.00913334
1182	10585	0.00913334
10585	10586	0.00912759
635	10586	0.00912759
10586	10587	0.00912281
4604	10587	0.00912281
10587	10588	0.00911901
2815	10588	0.00911901
10392	10589	0.00911799
10588	10589	0.00911799
10589	10590	0.0091134
5027	10590	0.0091134
10590	10591	0.00911149
4136	10591	0.00911149
10591	10592	0.00911048
4749	10592	0.00911048
8865	10593	0.00910661
10592	10593	0.00910661
10593	10594	0.00909803
2747	10594	0.00909803
10594	10595	0.00909325
3169	10595	0.00909325
10595	10596	0.00909125
2850	10596	0.00909125
10596	10597	0.00909053
535	10597	0.00909053
10597	10598	0.00908003
5401	10598	0.00908003
10598	10599	0.00906758
2872	10599	0.00906758
10599	10600	0.00906568
2743	10600	0.00906568
10600	10601	0.00906093
691	10601	0.00906093
9004	10602	0.00904659
10601	10602	0.00904659
3025	10603	0.00904367
10602	10603	0.00904367
6348	10604	0.00903605
10603	10604	0.00903605
3990	10605	0.00903494
10604	10605	0.00903494
10605	10606	0.00902275
2648	10606	0.00902275
9006	10607	0.00901584
10606	10607	0.00901584
4812	10608	0.00900555
10607	10608	0.00900555
4740	10609	0.00900265
10608	10609	0.00900265
10391	10610	0.00917252
4994	10610	0.00917252
10609	10611	0.00898553
2361	10611	0.00898553
6154	10611	0.00898553
4235	10611	0.00898553
10611	10612	0.00898267
2760	10612	0.00898267
1807	10613	0.00897981
10612	10613	0.00897981
5579	10614	0.00897873
10613	10614	0.00897873
148	10614	0.00897873
10614	10615	0.00897798
3512	10615	0.00897798
10615	10616	0.008977
2611	10616	0.008977
4515	10617	0.00896383
10616	10617	0.00896383
1136	10618	0.00896264
10617	10618	0.00896264
1102	10619	0.00894653
10618	10619	0.00894653
10619	10620	0.00894292
10542	10620	0.00894292
10620	10621	0.00893108
389	10621	0.00893108
1408	10621	0.00893108
4717	10621	0.00893108
768	10622	0.00892726
10621	10622	0.00892726
10622	10623	0.00892633
523	10623	0.00892633
10623	10624	0.00892541
2453	10624	0.00892541
10624	10625	0.00892358
5924	10625	0.00892358
1854	10626	0.00892152
10625	10626	0.00892152
2851	10627	0.00892053
10626	10627	0.00892053
4198	10627	0.00892053
4184	10628	0.00891006
10627	10628	0.00891006
676	10629	0.00890539
10628	10629	0.00890539
8886	10630	0.0089027
10629	10630	0.0089027
3194	10631	0.00889478
10630	10631	0.00889478
10393	10632	0.00889114
10631	10632	0.00889114
10632	10633	0.00888433
4722	10633	0.00888433
10633	10634	0.00887109
4478	10634	0.00887109
10634	10635	0.00886609
355	10635	0.00886609
2489	10636	0.00886247
10635	10636	0.00886247
10636	10637	0.00885385
3162	10637	0.00885385
10637	10638	0.00884816
8784	10638	0.00884816
5489	10639	0.00882723
10638	10639	0.00882723
2958	10640	0.00882342
10639	10640	0.00882342
8959	10641	0.00881779
10640	10641	0.00881779
10641	10642	0.0088158
1332	10642	0.0088158
1656	10642	0.0088158
5696	10642	0.0088158
5555	10642	0.0088158
10610	10642	0.0088158
10642	10643	0.00881481
4893	10643	0.00881481
10643	10644	0.00881028
4575	10644	0.00881028
1348	10645	0.00880616
10644	10645	0.00880616
10645	10646	0.0088015
4785	10646	0.0088015
5514	10646	0.0088015
834	10647	0.00879959
10646	10647	0.00879959
10647	10648	0.00879007
5294	10648	0.00879007
10648	10649	0.00878329
5376	10649	0.00878329
787	10650	0.00877095
10649	10650	0.00877095
9958	10651	0.00876807
10650	10651	0.00876807
2006	10651	0.00876807
10651	10652	0.00875764
1270	10652	0.00875764
10652	10653	0.00875667
5077	10653	0.00875667
10653	10654	0.00873387
1649	10654	0.00873387
10654	10655	0.00873029
4588	10655	0.00873029
10655	10656	0.00872808
4816	10656	0.00872808
187	10657	0.00872138
10656	10657	0.00872138
2068	10658	0.00871652
10657	10658	0.00871652
1455	10658	0.00871652
10658	10659	0.00871557
1581	10659	0.00871557
3486	10660	0.00870434
10659	10660	0.00870434
10660	10661	0.0087021
1659	10661	0.0087021
10661	10662	0.00869185
3751	10662	0.00869185
2677	10662	0.00869185
10662	10663	0.00868201
1412	10663	0.00868201
6303	10664	0.00866985
10663	10664	0.00866985
4427	10665	0.00866506
10664	10665	0.00866506
969	10666	0.0160733
3693	10666	0.0160733
1540	10667	0.00875864
2624	10667	0.00875864
2204	10668	0.00937077
3845	10668	0.00937077
4901	10669	0.0165893
2169	10669	0.0165893
10669	10670	0.0134324
4902	10670	0.0134324
5873	10671	0.012826
2418	10671	0.012826
5681	10672	0.0141914
8927	10672	0.0141914
5202	10673	0.00530811
766	10673	0.00530811
6290	10674	0.00463389
2616	10674	0.00463389
5151	10675	0.00476271
680	10675	0.00476271
3535	10676	0.00430776
26	10676	0.00430776
1601	10677	0.00523281
2540	10677	0.00523281
5414	10678	0.00861367
1399	10678	0.00861367
5110	10679	0.00416087
4537	10679	0.00416087
5554	10680	0.00577263
1203	10680	0.00577263
4215	10681	0.00638865
8417	10681	0.00638865
3130	10682	0.00708675
532	10682	0.00708675
4058	10683	0.00771814
8993	10683	0.00771814
4244	10684	0.00393385
8915	10684	0.00393385
5046	10685	0.00591761
6158	10685	0.00591761
8667	10686	0.00548836
2209	10686	0.00548836
65	10687	0.0071011
5104	10687	0.0071011
8406	10688	0.00798406
1800	10688	0.00798406
10688	10689	0.00789259
2968	10689	0.00789259
3234	10690	0.0079153
5131	10690	0.0079153
6152	10691	0.00764085
8921	10691	0.00764085
3889	10692	0.00474833
2989	10692	0.00474833
1556	10693	0.00864121
5702	10693	0.00864121
1820	10694	0.00471794
5833	10694	0.00471794
5051	10695	0.00371646
948	10695	0.00371646
3126	10696	0.00756616
3269	10696	0.00756616
6262	10697	0.007618
1129	10697	0.007618
3298	10698	0.00738725
435	10698	0.00738725
8976	10699	0.00797956
5606	10699	0.00797956
8590	10700	0.00728514
272	10700	0.00728514
3009	10701	0.00583547
4810	10701	0.00583547
1779	10702	0.00828929
2023	10702	0.00828929
8974	10703	0.00840196
8689	10703	0.00840196
5156	10704	0.00806044
10703	10704	0.00806044
8987	10705	0.00858591
5588	10705	0.00858591
8967	10706	0.00818525
723	10706	0.00818525
2225	10707	0.00827612
6341	10707	0.00827612
3615	10708	0.00769995
1652	10708	0.00769995
10665	10709	0.0086612
1793	10709	0.0086612
10709	10710	0.00865258
2088	10710	0.00865258
10710	10711	0.00864121
2095	10711	0.00864121
8765	10712	0.00863547
10711	10712	0.00863547
10712	10713	0.00863269
4320	10713	0.00863269
10713	10714	0.00861367
2831	10714	0.00861367
1394	10715	0.0086098
10714	10715	0.0086098
10715	10716	0.00860782
3540	10716	0.00860782
10716	10717	0.0085916
5610	10717	0.0085916
5153	10718	0.00858017
10717	10718	0.00858017
10718	10719	0.00857828
4099	10719	0.00857828
10719	10720	0.00857523
3935	10720	0.00857523
10720	10721	0.00857152
1045	10721	0.00857152
10721	10722	0.0085573
365	10722	0.0085573
8778	10723	0.00855443
10722	10723	0.00855443
5338	10724	0.00855144
10723	10724	0.00855144
10724	10725	0.00854867
2395	10725	0.00854867
8866	10726	0.00853366
10725	10726	0.00853366
3909	10727	0.00853162
10726	10727	0.00853162
10727	10728	0.00853059
460	10728	0.00853059
3338	10729	0.00852851
10728	10729	0.00852851
5448	10730	0.00852596
4295	10730	0.00852596
10729	10730	0.00852596
10730	10731	0.0085107
2799	10731	0.0085107
10731	10732	0.00850711
4705	10732	0.00850711
10732	10733	0.0085039
3875	10733	0.0085039
8978	10734	0.00849983
10733	10734	0.00849983
5000	10735	0.00849829
10734	10735	0.00849829
10735	10736	0.00849432
2105	10736	0.00849432
10736	10737	0.00848105
961	10737	0.00848105
10737	10738	0.00847244
3071	10738	0.00847244
6342	10739	0.00846008
10738	10739	0.00846008
4164	10740	0.00845717
10739	10740	0.00845717
8892	10741	0.00845527
10740	10741	0.00845527
10741	10742	0.0084536
2262	10742	0.0084536
964	10743	0.00844857
10742	10743	0.00844857
10743	10744	0.00844669
749	10744	0.00844669
5080	10744	0.00844669
2055	10745	0.00843915
10744	10745	0.00843915
1165	10746	0.00842
10745	10746	0.00842
10746	10747	0.00840763
268	10747	0.00840763
1751	10748	0.0084029
10747	10748	0.0084029
2191	10749	0.00864805
3360	10749	0.00864805
8637	10750	0.00840091
10748	10750	0.00840091
8960	10751	0.00839513
10750	10751	0.00839513
5272	10752	0.00839427
2659	10752	0.00839427
10751	10752	0.00839427
3767	10753	0.00838945
10752	10753	0.00838945
5022	10754	0.00838744
10753	10754	0.00838744
1638	10754	0.00838744
6211	10754	0.00838744
6213	10755	0.00838561
10754	10755	0.00838561
10755	10756	0.00838206
2927	10756	0.00838206
10756	10757	0.00836076
3048	10757	0.00836076
8991	10758	0.00834069
10757	10758	0.00834069
8981	10759	0.00833508
4520	10759	0.00833508
10758	10759	0.00833508
10759	10760	0.00833409
972	10760	0.00833409
10760	10761	0.0083332
5570	10761	0.0083332
10761	10762	0.00831219
8879	10762	0.00831219
10668	10762	0.00831219
10762	10763	0.00830945
784	10763	0.00830945
10763	10764	0.00830457
10749	10764	0.00830457
10764	10765	0.00829113
407	10765	0.00829113
10765	10766	0.00828647
2044	10766	0.00828647
10766	10767	0.00828541
1369	10767	0.00828541
10767	10768	0.00827409
3802	10768	0.00827409
3931	10769	0.00827219
10768	10769	0.00827219
10769	10770	0.0082703
1986	10770	0.0082703
10770	10771	0.0082636
4305	10771	0.0082636
5658	10772	0.00825882
10771	10772	0.00825882
3570	10773	0.00825692
10772	10773	0.00825692
8963	10774	0.00825303
10773	10774	0.00825303
10774	10775	0.00823496
4163	10775	0.00823496
10775	10776	0.00822259
656	10776	0.00822259
10776	10777	0.00821589
451	10777	0.00821589
10777	10778	0.008214
3459	10778	0.008214
4100	10779	0.0082046
10778	10779	0.0082046
574	10780	0.00819972
10779	10780	0.00819972
5695	10781	0.00819014
10780	10781	0.00819014
151	10782	0.00816916
10781	10782	0.00816916
1786	10783	0.00816066
3158	10783	0.00816066
10782	10783	0.00816066
8749	10784	0.00815855
10783	10784	0.00815855
3641	10785	0.00817872
402	10785	0.00817872
3027	10786	0.00836669
2770	10786	0.00836669
10786	10787	0.00821509
2049	10787	0.00821509
2322	10788	0.00814922
10784	10788	0.00814922
10788	10789	0.00814062
3165	10789	0.00814062
10789	10790	0.00813833
2199	10790	0.00813833
5136	10791	0.00813678
10790	10791	0.00813678
8605	10792	0.00813483
10791	10792	0.00813483
4152	10793	0.0081338
10792	10793	0.0081338
2296	10794	0.00813014
10793	10794	0.00813014
10794	10795	0.00811787
3978	10795	0.00811787
4569	10796	0.00811588
10795	10796	0.00811588
4420	10797	0.00811181
10796	10797	0.00811181
10797	10798	0.00810714
10785	10798	0.00810714
4789	10799	0.00808246
10798	10799	0.00808246
3180	10800	0.00807287
10799	10800	0.00807287
10800	10801	0.00807181
1584	10801	0.00807181
10801	10802	0.00806044
4214	10802	0.00806044
10802	10803	0.00805665
284	10803	0.00805665
3402	10804	0.00805287
10803	10804	0.00805287
5301	10805	0.0080519
8956	10805	0.0080519
10804	10805	0.0080519
1415	10805	0.0080519
10805	10806	0.00805118
1066	10806	0.00805118
4504	10806	0.00805118
10787	10806	0.00805118
4771	10807	0.00804418
10806	10807	0.00804418
5705	10808	0.00804139
10807	10808	0.00804139
4154	10809	0.00803002
10808	10809	0.00803002
10809	10810	0.00802516
3472	10810	0.00802516
8799	10811	0.00802018
10810	10811	0.00802018
5515	10812	0.00801476
1094	10812	0.00801476
10811	10812	0.00801476
10812	10813	0.00801272
4370	10813	0.00801272
5991	10813	0.00801272
10813	10814	0.00800519
2473	10814	0.00800519
8930	10815	0.00799178
10814	10815	0.00799178
8718	10816	0.00798988
10815	10816	0.00798988
8652	10817	0.00798869
10816	10817	0.00798869
10817	10818	0.00798515
5746	10818	0.00798515
5899	10818	0.00798515
10818	10819	0.00797735
5652	10819	0.00797735
10819	10820	0.0079679
5863	10820	0.0079679
10820	10821	0.00796699
5280	10821	0.00796699
10821	10822	0.00793649
2359	10822	0.00793649
1629	10823	0.00792221
10822	10823	0.00792221
6126	10824	0.00792133
10823	10824	0.00792133
10824	10825	0.00792032
2589	10825	0.00792032
10825	10826	0.00791832
1985	10826	0.00791832
10826	10827	0.00791351
841	10827	0.00791351
2974	10828	0.00791076
10827	10828	0.00791076
2795	10829	0.00790977
10828	10829	0.00790977
10829	10830	0.00789259
3315	10830	0.00789259
8990	10831	0.0078849
10830	10831	0.0078849
1456	10832	0.0078823
10831	10832	0.0078823
10832	10833	0.00787354
1226	10833	0.00787354
4488	10834	0.0078727
10833	10834	0.0078727
8565	10835	0.00786596
10834	10835	0.00786596
10835	10836	0.00786104
1633	10836	0.00786104
2523	10837	0.00786018
10836	10837	0.00786018
10837	10838	0.00785535
1243	10838	0.00785535
3335	10839	0.00784875
10838	10839	0.00784875
10839	10840	0.0078468
1457	10840	0.0078468
10840	10841	0.0078383
123	10841	0.0078383
5075	10842	0.00783439
10841	10842	0.00783439
4864	10842	0.00783439
10842	10843	0.0078307
1511	10843	0.0078307
5207	10843	0.0078307
10843	10844	0.00782877
4983	10844	0.00782877
10844	10845	0.00782101
3663	10845	0.00782101
10845	10846	0.00781142
821	10846	0.00781142
10846	10847	0.00781064
1305	10847	0.00781064
6370	10848	0.00780489
10847	10848	0.00780489
10848	10849	0.00780017
101	10849	0.00780017
8627	10850	0.00779249
10849	10850	0.00779249
2282	10851	0.00776575
10850	10851	0.00776575
4205	10852	0.00776183
10851	10852	0.00776183
1996	10852	0.00776183
782	10853	0.00776098
10852	10853	0.00776098
10853	10854	0.0077602
3761	10854	0.0077602
2120	10855	0.00774961
10854	10855	0.00774961
10855	10856	0.00773342
4201	10856	0.00773342
8907	10857	0.00773144
10856	10857	0.00773144
10857	10858	0.00772666
2977	10858	0.00772666
10858	10859	0.00772472
1975	10859	0.00772472
8803	10860	0.00772382
10859	10860	0.00772382
10860	10861	0.0077039
248	10861	0.0077039
5144	10862	0.00786018
5689	10862	0.00786018
4777	10863	0.00819972
4407	10863	0.00819972
4847	10864	0.00765403
896	10864	0.00765403
2669	10865	0.0076913
10861	10865	0.0076913
3404	10865	0.0076913
10865	10866	0.00769043
3187	10866	0.00769043
10866	10867	0.00768953
3058	10867	0.00768953
10867	10868	0.00768272
6125	10868	0.00768272
10708	10869	0.00767996
490	10869	0.00767996
10868	10869	0.00767996
5388	10870	0.00767796
10869	10870	0.00767796
6251	10871	0.00767043
10870	10871	0.00767043
10871	10872	0.00766849
312	10872	0.00766849
10872	10873	0.00766751
1734	10873	0.00766751
10873	10874	0.00765901
1303	10874	0.00765901
10874	10875	0.00765807
662	10875	0.00765807
10875	10876	0.00765403
165	10876	0.00765403
6124	10877	0.00765123
10876	10877	0.00765123
10877	10878	0.00763701
2824	10878	0.00763701
1737	10879	0.00762085
10878	10879	0.00762085
10879	10880	0.0076121
4335	10880	0.0076121
1426	10881	0.00760193
10880	10881	0.00760193
6254	10882	0.00759613
10881	10882	0.00759613
10882	10883	0.00759018
3217	10883	0.00759018
4484	10884	0.00758831
10883	10884	0.00758831
10884	10885	0.00757492
3933	10885	0.00757492
2327	10886	0.00756364
10885	10886	0.00756364
10886	10887	0.00755776
5251	10887	0.00755776
4961	10888	0.00754157
10887	10888	0.00754157
10888	10889	0.00753781
2820	10889	0.00753781
10864	10890	0.00753305
10889	10890	0.00753305
10890	10891	0.00753012
33	10891	0.00753012
4552	10892	0.00752355
10891	10892	0.00752355
2373	10893	0.0075224
10892	10893	0.0075224
10893	10894	0.00752069
3205	10894	0.00752069
3734	10895	0.00751674
10894	10895	0.00751674
10895	10896	0.00751589
5389	10896	0.00751589
10896	10897	0.00751497
3392	10897	0.00751497
386	10898	0.00750933
10897	10898	0.00750933
6289	10899	0.00750736
10898	10899	0.00750736
4308	10900	0.00750531
10899	10900	0.00750531
1846	10901	0.00749966
351	10901	0.00749966
10900	10901	0.00749966
6200	10902	0.00745588
10901	10902	0.00745588
1658	10903	0.00745019
10902	10903	0.00745019
8891	10904	0.0074453
10903	10904	0.0074453
8538	10905	0.00744158
10904	10905	0.00744158
4271	10905	0.00744158
10905	10906	0.00743962
5252	10906	0.00743962
739	10906	0.00743962
3682	10907	0.00743214
10906	10907	0.00743214
5152	10908	0.00742913
10907	10908	0.00742913
1647	10909	0.00741964
10908	10909	0.00741964
10909	10910	0.00741783
375	10910	0.00741783
1461	10910	0.00741783
4923	10911	0.00741672
8900	10911	0.00741672
10910	10911	0.00741672
10911	10912	0.00741299
2012	10912	0.00741299
424	10913	0.00741199
10912	10913	0.00741199
10913	10914	0.00741008
5744	10914	0.00741008
5845	10915	0.00740531
10914	10915	0.00740531
4276	10916	0.00740142
10915	10916	0.00740142
10916	10917	0.00739384
2091	10917	0.00739384
10917	10918	0.00739097
3218	10918	0.00739097
263	10919	0.00738064
10918	10919	0.00738064
11	10919	0.00738064
10919	10920	0.00737853
3709	10920	0.00737853
4293	10921	0.00736611
10920	10921	0.00736611
1871	10922	0.00735934
10921	10922	0.00735934
10922	10923	0.00735562
5701	10923	0.00735562
2744	10924	0.0073528
10923	10924	0.0073528
10924	10925	0.00733761
6242	10925	0.00733761
4769	10926	0.00733581
10925	10926	0.00733581
10926	10927	0.00733276
808	10927	0.00733276
5718	10928	0.00733187
10927	10928	0.00733187
10928	10929	0.00732606
10862	10929	0.00732606
10929	10930	0.00731279
1906	10930	0.00731279
4135	10931	0.00730521
10930	10931	0.00730521
10931	10932	0.00730322
10863	10932	0.00730322
5198	10932	0.00730322
2688	10933	0.00729755
10932	10933	0.00729755
984	10934	0.00728988
10933	10934	0.00728988
3255	10934	0.00728988
8979	10935	0.00727661
10934	10935	0.00727661
1193	10936	0.00727941
6250	10936	0.00727941
2402	10937	0.00726605
10935	10937	0.00726605
1675	10937	0.00726605
10707	10938	0.00725844
10937	10938	0.00725844
10938	10939	0.00725648
3100	10939	0.00725648
5356	10939	0.00725648
10939	10940	0.00724318
4969	10940	0.00724318
10940	10941	0.00723547
4146	10941	0.00723547
10941	10942	0.00722025
4985	10942	0.00722025
10942	10943	0.00720688
1341	10943	0.00720688
10943	10944	0.00719834
3885	10944	0.00719834
10944	10945	0.00717829
1205	10945	0.00717829
6016	10945	0.00717829
1116	10946	0.00717734
10945	10946	0.00717734
8418	10947	0.00717637
10946	10947	0.00717637
10947	10948	0.00717357
10936	10948	0.00717357
10948	10949	0.00717065
5408	10949	0.00717065
4307	10949	0.00717065
5476	10949	0.00717065
8975	10950	0.00716877
10949	10950	0.00716877
2412	10951	0.00716026
10950	10951	0.00716026
10951	10952	0.00715652
789	10952	0.00715652
10952	10953	0.00712226
1897	10953	0.00712226
2081	10954	0.00712108
10953	10954	0.00712108
8989	10955	0.00711337
10954	10955	0.00711337
1434	10956	0.00710875
10955	10956	0.00710875
1913	10957	0.00710776
10956	10957	0.00710776
10957	10958	0.00710302
548	10958	0.00710302
10958	10959	0.00709912
908	10959	0.00709912
10959	10960	0.00709344
4934	10960	0.00709344
10960	10961	0.00708571
4034	10961	0.00708571
10961	10962	0.00708483
885	10962	0.00708483
10962	10963	0.00708198
2952	10963	0.00708198
5693	10964	0.00707916
10963	10964	0.00707916
4028	10965	0.00707444
10964	10965	0.00707444
10965	10966	0.00706562
5045	10966	0.00706562
10966	10967	0.00705621
10671	10967	0.00705621
10967	10968	0.0070409
588	10968	0.0070409
10968	10969	0.00703907
941	10969	0.00703907
2196	10970	0.00703423
10969	10970	0.00703423
10970	10971	0.00703146
10667	10971	0.00703146
5006	10972	0.00702664
10971	10972	0.00702664
10972	10973	0.00701911
5154	10973	0.00701911
10973	10974	0.00701425
4634	10974	0.00701425
10974	10975	0.00701335
3763	10975	0.00701335
8906	10976	0.00700951
10975	10976	0.00700951
10976	10977	0.00699999
1530	10977	0.00699999
10977	10978	0.00699336
4157	10978	0.00699336
2572	10979	0.0069896
10978	10979	0.0069896
10979	10980	0.00698096
4885	10980	0.00698096
10980	10981	0.00697901
2396	10981	0.00697901
10981	10982	0.00696467
2022	10982	0.00696467
6203	10983	0.00696267
10982	10983	0.00696267
4378	10984	0.0069524
10983	10984	0.0069524
3256	10984	0.0069524
10706	10985	0.00695042
6047	10985	0.00695042
10984	10985	0.00695042
2212	10986	0.00693121
10985	10986	0.00693121
8936	10987	0.00692366
10986	10987	0.00692366
2299	10988	0.00692265
10987	10988	0.00692265
6344	10989	0.00692039
10988	10989	0.00692039
8798	10990	0.00691409
10989	10990	0.00691409
1497	10991	0.00690357
10990	10991	0.00690357
8948	10992	0.00689603
10991	10992	0.00689603
5763	10993	0.00689497
10992	10993	0.00689497
10993	10994	0.00689125
681	10994	0.00689125
3032	10995	0.00780017
8746	10995	0.00780017
999	10996	0.00756934
4486	10996	0.00756934
1082	10997	0.00824168
1424	10997	0.00824168
4496	10998	0.00731456
2065	10998	0.00731456
6261	10999	0.00658515
8854	10999	0.00658515
8977	11000	0.00688449
10994	11000	0.00688449
4668	11001	0.00686629
11000	11001	0.00686629
11001	11002	0.00685779
2885	11002	0.00685779
3844	11003	0.00685095
11002	11003	0.00685095
11003	11004	0.0068446
4732	11004	0.0068446
11004	11005	0.00682353
264	11005	0.00682353
11005	11006	0.00681879
1518	11006	0.00681879
1896	11007	0.00680834
11006	11007	0.00680834
1764	11008	0.0067959
11007	11008	0.0067959
1046	11009	0.00679212
11008	11009	0.00679212
3559	11010	0.00677965
11009	11010	0.00677965
2346	11011	0.00677874
11010	11011	0.00677874
11011	11012	0.00677678
1346	11012	0.00677678
10995	11012	0.00677678
8696	11013	0.00677396
11012	11013	0.00677396
1992	11014	0.00675499
11013	11014	0.00675499
1613	11014	0.00675499
6260	11015	0.0067539
11014	11015	0.0067539
5340	11016	0.00674919
11015	11016	0.00674919
803	11017	0.00673471
11016	11017	0.00673471
4511	11018	0.00671007
6292	11018	0.00671007
11017	11018	0.00671007
11018	11019	0.00670046
2274	11019	0.00670046
3328	11020	0.00667661
11019	11020	0.00667661
8920	11021	0.00666336
11020	11021	0.00666336
11021	11022	0.00665766
3744	11022	0.00665766
1841	11022	0.00665766
11022	11023	0.00665664
2932	11023	0.00665664
11023	11024	0.00664689
10997	11024	0.00664689
11024	11025	0.00664613
3451	11025	0.00664613
10670	11025	0.00664613
1891	11026	0.00664523
5073	11026	0.00664523
11025	11026	0.00664523
6053	11027	0.00663662
11026	11027	0.00663662
11027	11028	0.00663376
2028	11028	0.00663376
11028	11029	0.00663285
2591	11029	0.00663285
5245	11030	0.00662698
11029	11030	0.00662698
1052	11031	0.00662417
11030	11031	0.00662417
11031	11032	0.00662035
1259	11032	0.00662035
2658	11033	0.0066128
11032	11033	0.0066128
1093	11034	0.00659263
11033	11034	0.00659263
11034	11035	0.0065918
1043	11035	0.0065918
10998	11035	0.0065918
8992	11036	0.00658612
11035	11036	0.00658612
11036	11037	0.00656509
5988	11037	0.00656509
8983	11038	0.00654894
11037	11038	0.00654894
11038	11039	0.00654792
1180	11039	0.00654792
11039	11040	0.00654701
1695	11040	0.00654701
11040	11041	0.00654502
6164	11041	0.00654502
6420	11042	0.00654221
11041	11042	0.00654221
11042	11043	0.00654139
4629	11043	0.00654139
8845	11044	0.00653567
11043	11044	0.00653567
11044	11045	0.00653183
5265	11045	0.00653183
11045	11046	0.00652893
2549	11046	0.00652893
8980	11047	0.00651836
11046	11047	0.00651836
11047	11048	0.00651458
2733	11048	0.00651458
8809	11049	0.00649157
11048	11049	0.00649157
1026	11050	0.00648689
11049	11050	0.00648689
11050	11051	0.0064745
586	11051	0.0064745
1672	11052	0.00645829
11051	11052	0.00645829
11052	11053	0.00644014
4365	11053	0.00644014
3012	11053	0.00644014
11053	11054	0.00643346
604	11054	0.00643346
5640	11054	0.00643346
2752	11055	0.00643257
11054	11055	0.00643257
4987	11056	0.00643167
11055	11056	0.00643167
11056	11057	0.00641526
3163	11057	0.00641526
2963	11058	0.00641442
11057	11058	0.00641442
11058	11059	0.00640679
3998	11059	0.00640679
8743	11060	0.00640209
11059	11060	0.00640209
4004	11061	0.0063982
11060	11061	0.0063982
4238	11062	0.00639156
11061	11062	0.00639156
11062	11063	0.00638865
5590	11063	0.00638865
11063	11064	0.00638188
1513	11064	0.00638188
11064	11065	0.0063772
1481	11065	0.0063772
1532	11065	0.0063772
1674	11066	0.00637245
3363	11066	0.00637245
11065	11066	0.00637245
6309	11067	0.00636962
11066	11067	0.00636962
4536	11068	0.00636862
11067	11068	0.00636862
4001	11069	0.00636672
11068	11069	0.00636672
11069	11070	0.00636386
1409	11070	0.00636386
4626	11071	0.00636193
11070	11071	0.00636193
11071	11072	0.0063601
3643	11072	0.0063601
504	11073	0.00635909
11072	11073	0.00635909
11073	11074	0.0063553
6214	11074	0.0063553
1437	11075	0.00633816
11074	11075	0.00633816
2514	11076	0.00633337
11075	11076	0.00633337
2335	11077	0.00633146
11076	11077	0.00633146
11077	11078	0.00633048
1741	11078	0.00633048
8608	11079	0.00632859
11078	11079	0.00632859
5737	11080	0.00630761
11079	11080	0.00630761
2488	11080	0.00630761
6245	11081	0.00630361
11080	11081	0.00630361
11081	11082	0.00630092
3098	11082	0.00630092
4277	11083	0.006297
11082	11083	0.006297
11083	11084	0.00629328
6244	11084	0.00629328
11084	11085	0.00629173
4609	11085	0.00629173
4050	11086	0.00628381
4357	11086	0.00628381
11085	11086	0.00628381
378	11087	0.00628273
11086	11087	0.00628273
11087	11088	0.00627328
4085	11088	0.00627328
3015	11088	0.00627328
2860	11089	0.00625897
11088	11089	0.00625897
11089	11090	0.00624927
1548	11090	0.00624927
11090	11091	0.00622744
2640	11091	0.00622744
6130	11092	0.0062264
11091	11092	0.0062264
11092	11093	0.00622076
5782	11093	0.00622076
1118	11094	0.00620936
11093	11094	0.00620936
4803	11095	0.00618659
11094	11095	0.00618659
11095	11096	0.00618182
5662	11096	0.00618182
2880	11096	0.00618182
1634	11096	0.00618182
5185	11097	0.00617694
11096	11097	0.00617694
324	11098	0.00669768
2448	11098	0.00669768
325	11099	0.00628857
4147	11099	0.00628857
408	11100	0.00639156
5791	11100	0.00639156
10996	11101	0.00659083
1405	11101	0.00659083
1505	11102	0.00660231
1033	11102	0.00660231
2804	11103	0.00617486
11097	11103	0.00617486
8434	11104	0.00614927
11103	11104	0.00614927
8626	11105	0.00614453
11104	11105	0.00614453
553	11106	0.00614273
11105	11106	0.00614273
4642	11107	0.00614168
6129	11107	0.00614168
11106	11107	0.00614168
4292	11108	0.00613777
11107	11108	0.00613777
11108	11109	0.006135
11102	11109	0.006135
11109	11110	0.00611594
5032	11110	0.00611594
11110	11111	0.00611114
2905	11111	0.00611114
4661	11112	0.00610818
8716	11112	0.00610818
11111	11112	0.00610818
418	11113	0.00610059
11112	11113	0.00610059
8802	11114	0.00607204
11113	11114	0.00607204
5450	11115	0.00606154
11114	11115	0.00606154
11115	11116	0.00604342
895	11116	0.00604342
11116	11117	0.00604152
1873	11117	0.00604152
3242	11118	0.00604057
11117	11118	0.00604057
17	11119	0.00603961
11118	11119	0.00603961
6408	11120	0.00603875
11119	11120	0.00603875
4065	11121	0.00603483
11120	11121	0.00603483
1191	11121	0.00603483
11121	11122	0.00603374
2009	11122	0.00603374
11122	11123	0.00602719
2588	11123	0.00602719
11123	11124	0.00602157
11100	11124	0.00602157
3752	11125	0.00602059
11124	11125	0.00602059
4368	11126	0.0060196
11125	11126	0.0060196
10704	11127	0.00601746
11126	11127	0.00601746
11127	11128	0.00601589
2547	11128	0.00601589
3469	11129	0.00601299
11128	11129	0.00601299
2728	11130	0.00599854
11129	11130	0.00599854
11130	11131	0.00599098
1989	11131	0.00599098
5589	11132	0.0059891
11131	11132	0.0059891
4465	11133	0.00598542
11132	11133	0.00598542
2266	11133	0.00598542
10705	11134	0.00595292
11133	11134	0.00595292
11134	11135	0.00594241
4808	11135	0.00594241
5068	11136	0.00593472
11135	11136	0.00593472
3001	11137	0.00592899
11136	11137	0.00592899
2460	11138	0.00592438
11137	11138	0.00592438
11138	11139	0.0059205
1350	11139	0.0059205
3289	11140	0.00591466
11139	11140	0.00591466
11140	11141	0.00589565
5732	11141	0.00589565
11141	11142	0.00588324
11098	11142	0.00588324
2580	11142	0.00588324
3800	11143	0.00588228
11142	11143	0.00588228
11143	11144	0.00587927
5803	11144	0.00587927
4049	11144	0.00587927
238	11145	0.00587751
11144	11145	0.00587751
5492	11146	0.00587362
11145	11146	0.00587362
3204	11147	0.00587269
11146	11147	0.00587269
11147	11148	0.0058699
945	11148	0.0058699
11148	11149	0.00586508
242	11149	0.00586508
2112	11150	0.00585939
11149	11150	0.00585939
11150	11151	0.00585276
4754	11151	0.00585276
11151	11152	0.00585169
1635	11152	0.00585169
3859	11153	0.00583914
11152	11153	0.00583914
4464	11154	0.00583451
11153	11154	0.00583451
11154	11155	0.00583176
3412	11155	0.00583176
5421	11156	0.00582981
11155	11156	0.00582981
2108	11157	0.00582213
11156	11157	0.00582213
3042	11158	0.00581458
11157	11158	0.00581458
11158	11159	0.00581365
1333	11159	0.00581365
5619	11160	0.00581165
11159	11160	0.00581165
6424	11161	0.00580685
11160	11161	0.00580685
11161	11162	0.00579833
11099	11162	0.00579833
11162	11163	0.00579266
702	11163	0.00579266
252	11164	0.00579074
11163	11164	0.00579074
11164	11165	0.00578969
2149	11165	0.00578969
11165	11166	0.00578496
3891	11166	0.00578496
223	11167	0.00576017
11101	11167	0.00576017
11166	11168	0.00573924
2242	11168	0.00573924
11168	11169	0.00573735
5451	11169	0.00573735
11169	11170	0.00573435
1254	11170	0.00573435
11170	11171	0.00573065
380	11171	0.00573065
11171	11172	0.00572968
3941	11172	0.00572968
11167	11173	0.00574587
3478	11173	0.00574587
8807	11174	0.00570683
10999	11174	0.00570683
5617	11174	0.00570683
11172	11174	0.00570683
6306	11175	0.00570583
11174	11175	0.00570583
8988	11176	0.0057049
3794	11176	0.0057049
4175	11176	0.0057049
11175	11176	0.0057049
11176	11177	0.00570298
3208	11177	0.00570298
11177	11178	0.00570008
1982	11178	0.00570008
2233	11178	0.00570008
3750	11178	0.00570008
5726	11178	0.00570008
6011	11178	0.00570008
11173	11178	0.00570008
11178	11179	0.0056915
5808	11179	0.0056915
11179	11180	0.00568476
310	11180	0.00568476
4356	11181	0.00568197
11180	11181	0.00568197
11181	11182	0.00568101
3174	11182	0.00568101
5770	11183	0.00566383
11182	11183	0.00566383
6183	11184	0.00565807
11183	11184	0.00565807
11184	11185	0.00565337
4764	11185	0.00565337
11185	11186	0.00564869
6235	11186	0.00564869
11186	11187	0.0056457
4200	11187	0.0056457
11187	11188	0.00563424
6238	11188	0.00563424
11188	11189	0.00562584
1410	11189	0.00562584
4704	11190	0.00642206
2080	11190	0.00642206
3030	11191	0.00516986
8701	11191	0.00516986
994	11192	0.00554358
68	11192	0.00554358
11189	11193	0.00558759
2661	11193	0.00558759
8898	11194	0.00557995
11193	11194	0.00557995
5095	11195	0.00557428
11194	11195	0.00557428
6050	11196	0.00557142
11195	11196	0.00557142
11196	11197	0.00556853
1355	11197	0.00556853
613	11198	0.0055676
11197	11198	0.0055676
10700	11199	0.00556278
11198	11199	0.00556278
11199	11200	0.00554841
5882	11200	0.00554841
1953	11201	0.00554755
11200	11201	0.00554755
11201	11202	0.00554464
3324	11202	0.00554464
11202	11203	0.00553802
5093	11203	0.00553802
3717	11204	0.00552949
11203	11204	0.00552949
2372	11205	0.00552751
11204	11205	0.00552751
2973	11206	0.00552074
11205	11206	0.00552074
4683	11207	0.00551414
11206	11207	0.00551414
3548	11208	0.00551322
11207	11208	0.00551322
858	11209	0.0055054
11208	11209	0.0055054
11209	11210	0.00549988
1152	11210	0.00549988
1062	11211	0.00549512
11210	11211	0.00549512
3344	11212	0.00549227
11211	11212	0.00549227
5666	11213	0.00548836
11212	11213	0.00548836
3407	11214	0.00548643
11213	11214	0.00548643
11214	11215	0.00548362
297	11215	0.00548362
2435	11216	0.00548072
11215	11216	0.00548072
6206	11216	0.00548072
3762	11217	0.00547597
11216	11217	0.00547597
11217	11218	0.00546073
2276	11218	0.00546073
11218	11219	0.00545695
3620	11219	0.00545695
11219	11220	0.00544929
3379	11220	0.00544929
2930	11221	0.00544748
11220	11221	0.00544748
11221	11222	0.00544165
4685	11222	0.00544165
618	11223	0.00543214
11222	11223	0.00543214
11223	11224	0.00542742
5578	11224	0.00542742
11224	11225	0.00542355
2360	11225	0.00542355
2718	11226	0.00541116
11225	11226	0.00541116
11226	11227	0.00540827
3074	11227	0.00540827
11227	11228	0.00540635
1684	11228	0.00540635
8924	11229	0.00540543
11228	11229	0.00540543
4419	11230	0.00540449
11229	11230	0.00540449
3936	11231	0.00540259
8958	11231	0.00540259
11230	11231	0.00540259
11190	11231	0.00540259
11231	11232	0.00539779
51	11232	0.00539779
11232	11233	0.00539588
1232	11233	0.00539588
11233	11234	0.00538544
4440	11234	0.00538544
5783	11235	0.00537974
11234	11235	0.00537974
6423	11236	0.00537114
3229	11236	0.00537114
11235	11236	0.00537114
2537	11237	0.00536339
11236	11237	0.00536339
3192	11238	0.0053587
11237	11238	0.0053587
3154	11239	0.00535409
11238	11239	0.00535409
1146	11240	0.00535011
3876	11240	0.00535011
11239	11240	0.00535011
2429	11241	0.0053482
11240	11241	0.0053482
966	11242	0.00534241
11241	11242	0.00534241
4876	11242	0.00534241
2569	11243	0.00534051
11242	11243	0.00534051
4753	11244	0.00533286
11243	11244	0.00533286
11244	11245	0.00532726
3128	11245	0.00532726
11245	11246	0.00531673
575	11246	0.00531673
3258	11247	0.00531188
1400	11247	0.00531188
11246	11247	0.00531188
8823	11248	0.00531105
11247	11248	0.00531105
3137	11249	0.00530143
11248	11249	0.00530143
11249	11250	0.00530045
442	11250	0.00530045
4715	11251	0.00529955
11250	11251	0.00529955
605	11252	0.0052691
11251	11252	0.0052691
6185	11253	0.00526705
11252	11253	0.00526705
11253	11254	0.00525856
6201	11254	0.00525856
1805	11255	0.00524425
11254	11255	0.00524425
3823	11256	0.00523759
11255	11256	0.00523759
2630	11256	0.00523759
1607	11257	0.00523092
11256	11257	0.00523092
2806	11257	0.00523092
10702	11258	0.00522803
11257	11258	0.00522803
3545	11259	0.00522614
11258	11259	0.00522614
8871	11260	0.00522225
11259	11260	0.00522225
11260	11261	0.00520899
4047	11261	0.00520899
10699	11262	0.00518596
11261	11262	0.00518596
8970	11263	0.00518423
6102	11263	0.00518423
1199	11263	0.00518423
11262	11263	0.00518423
10701	11264	0.00517181
11263	11264	0.00517181
684	11265	0.00516799
11264	11265	0.00516799
20	11266	0.00515181
11265	11266	0.00515181
11266	11267	0.00514884
1919	11267	0.00514884
5954	11268	0.00512607
11267	11268	0.00512607
4095	11269	0.00512411
11268	11269	0.00512411
11269	11270	0.00511364
1677	11270	0.00511364
11270	11271	0.00510404
2321	11271	0.00510404
3508	11272	0.00507833
11271	11272	0.00507833
11272	11273	0.0050621
8726	11273	0.0050621
2210	11274	0.0050525
11273	11274	0.0050525
410	11275	0.00501254
1202	11275	0.00501254
780	11276	0.00503736
11274	11276	0.00503736
4850	11277	0.00501254
11276	11277	0.00501254
8953	11278	0.0050039
11277	11278	0.0050039
3460	11279	0.00496397
11278	11279	0.00496397
11275	11280	0.00496294
11279	11280	0.00496294
11280	11281	0.00495523
3910	11281	0.00495523
11281	11282	0.00495052
3733	11282	0.00495052
11282	11283	0.00494483
5379	11283	0.00494483
2742	11284	0.00493335
11283	11284	0.00493335
220	11285	0.00495338
2033	11285	0.00495338
5912	11286	0.00492775
11284	11286	0.00492775
11286	11287	0.00492569
1362	11287	0.00492569
11287	11288	0.00491912
3096	11288	0.00491912
4454	11288	0.00491912
11288	11289	0.00491428
11285	11289	0.00491428
4975	11289	0.00491428
5411	11290	0.00491051
11289	11290	0.00491051
11290	11291	0.00489233
1853	11291	0.00489233
11291	11292	0.00487327
4586	11292	0.00487327
6397	11293	0.0048723
11292	11293	0.0048723
890	11293	0.0048723
11293	11294	0.00486852
5603	11294	0.00486852
8949	11295	0.00486372
11294	11295	0.00486372
11295	11296	0.00485131
3223	11296	0.00485131
11296	11297	0.00485038
250	11297	0.00485038
2731	11298	0.00484275
11297	11298	0.00484275
2019	11299	0.00483709
11298	11299	0.00483709
11299	11300	0.00483326
2407	11300	0.00483326
570	11301	0.00482275
11300	11301	0.00482275
6037	11302	0.00481892
11301	11302	0.00481892
2842	11303	0.00481499
11302	11303	0.00481499
11303	11304	0.00480366
3940	11304	0.00480366
3596	11305	0.00478941
11304	11305	0.00478941
433	11306	0.00478277
3672	11306	0.00478277
11305	11306	0.00478277
8947	11307	0.00478063
11306	11307	0.00478063
11307	11308	0.00477693
4713	11308	0.00477693
8757	11309	0.00476742
11308	11309	0.00476742
758	11310	0.00476174
11309	11310	0.00476174
4701	11311	0.00475885
11310	11311	0.00475885
4093	11312	0.00475785
11311	11312	0.00475785
8869	11313	0.00474547
11312	11313	0.00474547
5692	11314	0.00474259
11313	11314	0.00474259
11314	11315	0.00474167
1150	11315	0.00474167
3697	11316	0.00473409
11315	11316	0.00473409
876	11316	0.00473409
11316	11317	0.00473116
2828	11317	0.00473116
11317	11318	0.00472839
318	11318	0.00472839
8873	11319	0.00472071
11318	11319	0.00472071
11192	11320	0.00471305
11319	11320	0.00471305
11320	11321	0.00471115
2107	11321	0.00471115
11321	11322	0.00470637
3618	11322	0.00470637
1878	11323	0.00470066
11322	11323	0.00470066
5639	11324	0.00468737
11323	11324	0.00468737
5502	11325	0.00466064
11324	11325	0.00466064
4469	11326	0.00465968
11325	11326	0.00465968
4272	11327	0.00465774
11326	11327	0.00465774
11327	11328	0.00465584
5638	11328	0.00465584
80	11329	0.00465108
11328	11329	0.00465108
1300	11330	0.00464903
11329	11330	0.00464903
11330	11331	0.004611
934	11331	0.004611
3955	11332	0.00460624
11331	11332	0.00460624
4939	11333	0.00460342
11332	11333	0.00460342
11333	11334	0.00459959
4858	11334	0.00459959
11334	11335	0.00459767
631	11335	0.00459767
6116	11336	0.00459579
11335	11336	0.00459579
11336	11337	0.0045805
1685	11337	0.0045805
11337	11338	0.00457484
2432	11338	0.00457484
1514	11339	0.00455667
11338	11339	0.00455667
3481	11340	0.00455282
11339	11340	0.00455282
5839	11341	0.00454714
11340	11341	0.00454714
112	11342	0.00454327
11341	11342	0.00454327
11342	11343	0.00453568
6034	11343	0.00453568
11343	11344	0.00453183
6217	11344	0.00453183
8969	11345	0.00452327
11344	11345	0.00452327
11345	11346	0.00451947
425	11346	0.00451947
11346	11347	0.0045109
2333	11347	0.0045109
1139	11348	0.00450607
11347	11348	0.00450607
5297	11349	0.00450323
11348	11349	0.00450323
194	11350	0.00449945
11349	11350	0.00449945
11350	11351	0.00448223
6172	11351	0.00448223
611	11352	0.00446702
11351	11352	0.00446702
105	11353	0.00444317
11352	11353	0.00444317
10697	11354	0.00443646
11353	11354	0.00443646
2810	11355	0.00440887
11354	11355	0.00440887
5943	11356	0.00419416
6257	11356	0.00419416
11355	11357	0.00439548
6222	11357	0.00439548
5407	11358	0.00438115
11357	11358	0.00438115
11358	11359	0.00437742
996	11359	0.00437742
8971	11360	0.00437255
11359	11360	0.00437255
1009	11361	0.00437064
11360	11361	0.00437064
11361	11362	0.00436693
686	11362	0.00436693
11362	11363	0.00435164
3429	11363	0.00435164
11363	11364	0.00434875
3949	11364	0.00434875
2870	11365	0.00434493
11364	11365	0.00434493
3586	11366	0.00434304
11365	11366	0.00434304
10698	11367	0.00432296
11366	11367	0.00432296
11367	11368	0.00431917
113	11368	0.00431917
5283	11369	0.00431539
11368	11369	0.00431539
3523	11370	0.00431346
11369	11370	0.00431346
991	11371	0.00431253
11370	11371	0.00431253
927	11372	0.00431152
11371	11372	0.00431152
6079	11373	0.0043097
11372	11373	0.0043097
11373	11374	0.00430395
1568	11374	0.00430395
11374	11375	0.00430103
3019	11375	0.00430103
3872	11376	0.00429437
11375	11376	0.00429437
5769	11377	0.00429153
11376	11377	0.00429153
11377	11378	0.0042887
2437	11378	0.0042887
11378	11379	0.0042839
2458	11379	0.0042839
2935	11380	0.00427342
11379	11380	0.00427342
2849	11381	0.00427253
11380	11381	0.00427253
2133	11381	0.00427253
2193	11382	0.00426483
11381	11382	0.00426483
849	11383	0.00423912
11382	11383	0.00423912
5216	11384	0.00421705
11383	11384	0.00421705
11384	11385	0.00421619
6229	11385	0.00421619
107	11386	0.00421333
11385	11386	0.00421333
4003	11387	0.00421045
11386	11387	0.00421045
6155	11388	0.0043917
1588	11388	0.0043917
2217	11389	0.00420856
11387	11389	0.00420856
11389	11390	0.00419998
2328	11390	0.00419998
11191	11391	0.00418566
11390	11391	0.00418566
11391	11392	0.00418378
75	11392	0.00418378
5444	11392	0.00418378
3916	11393	0.00418282
11392	11393	0.00418282
11393	11394	0.00417512
3458	11394	0.00417512
11394	11395	0.0041657
1589	11395	0.0041657
98	11396	0.00416279
11395	11396	0.00416279
11396	11397	0.00415995
2207	11397	0.00415995
2213	11398	0.00415804
11397	11398	0.00415804
11398	11399	0.00415138
5399	11399	0.00415138
6247	11400	0.00415039
11399	11400	0.00415039
2883	11401	0.00414561
4318	11401	0.00414561
11400	11401	0.00414561
8913	11402	0.00412169
11401	11402	0.00412169
11402	11403	0.004118
4303	11403	0.004118
11403	11404	0.00411223
6255	11404	0.00411223
5438	11405	0.00411127
11404	11405	0.00411127
11405	11406	0.00410939
2966	11406	0.00410939
3934	11407	0.00410366
11406	11407	0.00410366
2995	11408	0.00410274
11407	11408	0.00410274
5174	11408	0.00410274
124	11409	0.00409701
11408	11409	0.00409701
1012	11410	0.00408647
11409	11410	0.00408647
11410	11411	0.00408453
2252	11411	0.00408453
1449	11412	0.00407223
11411	11412	0.00407223
3604	11413	0.00407036
11412	11413	0.00407036
11413	11414	0.00406932
11388	11414	0.00406932
6057	11415	0.00406645
11414	11415	0.00406645
5473	11416	0.00405788
11415	11416	0.00405788
4404	11417	0.00404644
11416	11417	0.00404644
2907	11418	0.00404549
11417	11418	0.00404549
5394	11419	0.00404262
11418	11419	0.00404262
2942	11420	0.00402827
11419	11420	0.00402827
2526	11421	0.00402543
11420	11421	0.00402543
11421	11422	0.00401401
2896	11422	0.00401401
4909	11423	0.00400448
11422	11423	0.00400448
346	11424	0.00400353
11423	11424	0.00400353
2159	11425	0.00400252
11424	11425	0.00400252
11425	11426	0.00399398
4039	11426	0.00399398
8935	11427	0.00398731
11426	11427	0.00398731
3537	11428	0.00398634
11427	11428	0.00398634
39	11429	0.00398165
11428	11429	0.00398165
335	11430	0.0039768
4006	11430	0.0039768
11429	11430	0.0039768
1121	11431	0.00397301
11430	11431	0.00397301
4718	11432	0.0039711
11431	11432	0.0039711
11432	11433	0.003953
1295	11433	0.003953
3210	11434	0.00394633
11433	11434	0.00394633
4649	11434	0.00394633
901	11435	0.00394536
11434	11435	0.00394536
11435	11436	0.00393582
1614	11436	0.00393582
1815	11437	0.00393487
11436	11437	0.00393487
11437	11438	0.00391389
6196	11438	0.00391389
3431	11439	0.00390717
11438	11439	0.00390717
3954	11440	0.00389383
11439	11440	0.00389383
11440	11441	0.00387958
1628	11441	0.00387958
2277	11442	0.00387383
5191	11442	0.00387383
11441	11442	0.00387383
5138	11443	0.00385954
5849	11443	0.00385954
11442	11443	0.00385954
1054	11444	0.00385762
11443	11444	0.00385762
4342	11445	0.00382899
11444	11445	0.00382899
4223	11446	0.00380804
11445	11446	0.00380804
4231	11447	0.00402925
1877	11447	0.00402925
11446	11448	0.00379083
2776	11448	0.00379083
8964	11449	0.00378701
11448	11449	0.00378701
8994	11450	0.00378224
11449	11450	0.00378224
6080	11451	0.00378133
11450	11451	0.00378133
6007	11452	0.00375843
11451	11452	0.00375843
11452	11453	0.00375466
5326	11453	0.00375466
2150	11454	0.00375272
11453	11454	0.00375272
50	11455	0.00374795
11454	11455	0.00374795
4384	11456	0.00374697
11455	11456	0.00374697
4589	11457	0.00374319
11456	11457	0.00374319
11457	11458	0.00374222
2269	11458	0.00374222
1308	11459	0.00373935
11458	11459	0.00373935
11459	11460	0.00373646
1767	11460	0.00373646
1768	11461	0.00373548
11460	11461	0.00373548
11356	11462	0.0037298
11461	11462	0.0037298
4894	11463	0.00371743
11462	11463	0.00371743
3281	11464	0.00370408
11463	11464	0.00370408
11447	11464	0.00370408
129	11465	0.00369548
11464	11465	0.00369548
5929	11466	0.00368212
11465	11466	0.00368212
3240	11467	0.00367929
11466	11467	0.00367929
6233	11468	0.00367736
11467	11468	0.00367736
5958	11469	0.00366302
11468	11469	0.00366302
2602	11470	0.00365924
11469	11470	0.00365924
11470	11471	0.00365639
3764	11471	0.00365639
11471	11472	0.00365065
668	11472	0.00365065
569	11473	0.0036392
11472	11473	0.0036392
11473	11474	0.00362971
2691	11474	0.00362971
3684	11475	0.00362395
11474	11475	0.00362395
2926	11476	0.00323105
8966	11476	0.00323105
5313	11477	0.00117016
772	11477	0.00117016
5842	11478	0.00156117
63	11478	0.00156117
579	11479	0.00358487
2771	11479	0.00358487
139	11480	0.00130558
4149	11480	0.00130558
5827	11481	0.00212956
1335	11481	0.00212956
4590	11482	0.00224114
8923	11482	0.00224114
4237	11483	0.00222302
5574	11483	0.00222302
5670	11483	0.00222302
4540	11483	0.00222302
4580	11483	0.00222302
4964	11483	0.00222302
5682	11483	0.00222302
6138	11483	0.00222302
4913	11483	0.00222302
5556	11483	0.00222302
11482	11483	0.00222302
11483	11484	0.00218296
6002	11484	0.00218296
11484	11485	0.00210381
5581	11485	0.00210381
11485	11486	0.00207519
5428	11486	0.00207519
11486	11487	0.00207233
5679	11487	0.00207233
11487	11488	0.0020256
5686	11488	0.0020256
5913	11489	0.00320339
8917	11489	0.00320339
10679	11490	0.00253581
1376	11490	0.00253581
968	11491	0.00205231
5577	11491	0.00205231
10682	11492	0.00304508
582	11492	0.00304508
3965	11493	0.00319957
4984	11493	0.00319957
1072	11494	0.00334358
4811	11494	0.00334358
4438	11495	0.00308705
11494	11495	0.00308705
6100	11496	0.0036154
3136	11496	0.0036154
4597	11497	0.0036154
11475	11497	0.0036154
11497	11498	0.00361348
5565	11498	0.00361348
11498	11499	0.00360585
262	11499	0.00360585
5712	11500	0.00360008
4574	11500	0.00360008
11499	11500	0.00360008
10686	11501	0.00359442
11500	11501	0.00359442
10680	11502	0.00358871
11501	11502	0.00358871
1453	11503	0.00358107
5813	11503	0.00358107
8404	11503	0.00358107
11502	11503	0.00358107
2215	11504	0.00356671
2758	11504	0.00356671
1068	11504	0.00356671
2913	11504	0.00356671
3541	11504	0.00356671
11503	11504	0.00356671
11504	11505	0.00355627
6085	11505	0.00355627
2727	11506	0.00355244
11505	11506	0.00355244
267	11507	0.00353622
11506	11507	0.00353622
11507	11508	0.00352574
3901	11508	0.00352574
11508	11509	0.00352385
3092	11509	0.00352385
11509	11510	0.00351712
199	11510	0.00351712
11510	11511	0.00347995
2826	11511	0.00347995
1389	11512	0.00347427
11511	11512	0.00347427
2041	11513	0.00347328
11512	11513	0.00347328
6187	11514	0.00346655
11513	11514	0.00346655
5103	11515	0.00345994
11514	11515	0.00345994
10672	11516	0.00345225
11515	11516	0.00345225
3041	11517	0.00344657
11516	11517	0.00344657
10689	11518	0.00344567
11517	11518	0.00344567
11496	11519	0.00343895
11518	11519	0.00343895
2970	11520	0.00342466
11519	11520	0.00342466
11520	11521	0.00340841
4130	11521	0.00340841
4993	11522	0.00340756
11521	11522	0.00340756
3132	11523	0.00339887
11522	11523	0.00339887
836	11524	0.00338652
11523	11524	0.00338652
4871	11524	0.00338652
10684	11525	0.00338366
11524	11525	0.00338366
11525	11526	0.0033807
4041	11526	0.0033807
2064	11527	0.0033732
11526	11527	0.0033732
11527	11528	0.00337029
2119	11528	0.00337029
4219	11529	0.00334454
11528	11529	0.00334454
274	11530	0.00333787
11529	11530	0.00333787
10677	11531	0.00332831
11530	11531	0.00332831
2534	11532	0.00331784
11531	11532	0.00331784
11532	11533	0.00330161
2786	11533	0.00330161
11533	11534	0.00329113
5385	11534	0.00329113
10691	11535	0.00327588
11534	11535	0.00327588
6173	11536	0.00326158
11535	11536	0.00326158
4331	11537	0.00325872
11536	11537	0.00325872
2618	11537	0.00325872
6182	11537	0.00325872
2646	11538	0.00325013
11537	11538	0.00325013
4425	11539	0.0032463
11538	11539	0.0032463
11539	11540	0.00323105
207	11540	0.00323105
3455	11541	0.00321961
11540	11541	0.00321961
1924	11542	0.00319672
11541	11542	0.00319672
115	11543	0.00317952
11542	11543	0.00317952
5161	11544	0.00317001
11543	11544	0.00317001
11544	11545	0.00316143
1183	11545	0.00316143
5105	11546	0.00315666
11545	11546	0.00315666
11546	11547	0.00315192
3806	11547	0.00315192
2072	11548	0.00313378
11547	11548	0.00313378
11548	11549	0.00311659
5353	11549	0.00311659
155	11550	0.00311376
11549	11550	0.00311376
3131	11551	0.00309277
11550	11551	0.00309277
3664	11552	0.00308989
11551	11552	0.00308989
5416	11553	0.00308705
11552	11553	0.00308705
4352	11554	0.00308514
11553	11554	0.00308514
10683	11555	0.00306512
11554	11555	0.00306512
805	11556	0.00305083
11555	11556	0.00305083
5155	11557	0.00303268
11556	11557	0.00303268
1883	11558	0.0030308
5743	11558	0.0030308
11557	11558	0.0030308
3157	11559	0.00302028
11558	11559	0.00302028
8914	11560	0.00300786
11559	11560	0.00300786
1215	11561	0.00300598
11560	11561	0.00300598
5464	11562	0.00300024
5239	11562	0.00300024
11561	11562	0.00300024
4398	11563	0.0029917
11562	11563	0.0029917
5017	11564	0.00297548
11563	11564	0.00297548
3405	11565	0.00295258
11564	11565	0.00295258
11565	11566	0.00293731
2902	11566	0.00293731
2515	11567	0.0029364
4144	11567	0.0029364
6025	11567	0.0029364
2075	11567	0.0029364
11566	11567	0.0029364
2566	11568	0.00293064
11567	11568	0.00293064
2247	11569	0.00292781
11568	11569	0.00292781
4726	11570	0.00292588
11569	11570	0.00292588
578	11571	0.00292399
11570	11571	0.00292399
5871	11572	0.00292014
11571	11572	0.00292014
731	11573	0.00291634
11572	11573	0.00291634
55	11574	0.00290966
11573	11574	0.00290966
3810	11575	0.00290203
11574	11575	0.00290203
4553	11576	0.00289536
11575	11576	0.00289536
8779	11577	0.0028858
11576	11577	0.0028858
4287	11578	0.00286959
3575	11578	0.00286959
11577	11578	0.00286959
2109	11579	0.00286677
11578	11579	0.00286677
8945	11580	0.00283146
11579	11580	0.00283146
8957	11581	0.00282192
11580	11581	0.00282192
2535	11582	0.00282096
11581	11582	0.00282096
5636	11583	0.00281619
11582	11583	0.00281619
2078	11584	0.00281425
11583	11584	0.00281425
2797	11585	0.00280953
11584	11585	0.00280953
3668	11586	0.00279045
11585	11586	0.00279045
11586	11587	0.00278472
4063	11587	0.00278472
2886	11588	0.00278186
11587	11588	0.00278186
3614	11589	0.00278093
11588	11589	0.00278093
846	11590	0.00276284
11589	11590	0.00276284
952	11591	0.00276184
11590	11591	0.00276184
2496	11592	0.00275038
11591	11592	0.00275038
1808	11593	0.00273611
11592	11593	0.00273611
3809	11594	0.0027294
11593	11594	0.0027294
2881	11594	0.0027294
2	11595	0.00272657
11594	11595	0.00272657
4064	11596	0.00272559
11595	11596	0.00272559
10676	11597	0.00272083
11596	11597	0.00272083
8733	11598	0.00271035
8929	11598	0.00271035
11597	11598	0.00271035
4710	11599	0.00270083
11598	11599	0.00270083
980	11600	0.00269509
11599	11600	0.00269509
3173	11601	0.00269126
11600	11601	0.00269126
4999	11602	0.00269032
11601	11602	0.00269032
3565	11603	0.00268937
11602	11603	0.00268937
4243	11604	0.00268744
11603	11604	0.00268744
5100	11605	0.00268461
11604	11605	0.00268461
1336	11606	0.00268174
11605	11606	0.00268174
4639	11607	0.00267792
11606	11607	0.00267792
2003	11608	0.00266933
11607	11608	0.00266933
566	11609	0.00266838
11608	11609	0.00266838
1998	11609	0.00266838
3358	11610	0.00266268
11609	11610	0.00266268
3645	11611	0.0026598
11610	11611	0.0026598
1323	11612	0.00263886
11611	11612	0.00263886
2787	11613	0.0026293
3917	11613	0.0026293
11612	11613	0.0026293
2910	11614	0.00262452
11613	11614	0.00262452
3673	11615	0.00262356
5836	11615	0.00262356
11614	11615	0.00262356
6026	11616	0.00261595
11615	11616	0.00261595
2651	11617	0.00260925
11616	11617	0.00260925
4761	11618	0.00260068
11617	11618	0.00260068
4815	11619	0.00259877
11618	11619	0.00259877
3970	11620	0.00258636
5188	11620	0.00258636
11619	11620	0.00258636
2349	11621	0.00257873
11620	11621	0.00257873
1353	11622	0.002573
8643	11622	0.002573
11621	11622	0.002573
3090	11623	0.00257018
11622	11623	0.00257018
11623	11624	0.00256729
4712	11624	0.00256729
775	11625	0.00255679
11624	11625	0.00255679
2829	11626	0.00253487
11625	11626	0.00253487
1874	11627	0.00251197
4898	11627	0.00251197
11626	11627	0.00251197
3145	11628	0.00249957
11627	11628	0.00249957
10695	11629	0.00249577
11628	11629	0.00249577
2577	11630	0.00249006
11629	11630	0.00249006
11630	11631	0.00248623
5249	11631	0.00248623
1246	11632	0.00248433
11631	11632	0.00248433
3849	11633	0.00247576
11632	11633	0.00247576
3033	11634	0.00247381
11633	11634	0.00247381
323	11635	0.00247001
3706	11635	0.00247001
11634	11635	0.00247001
5320	11636	0.00246716
11635	11636	0.00246716
2655	11637	0.00245668
11636	11637	0.00245668
3300	11638	0.0024233
3871	11638	0.0024233
4933	11639	0.00245191
11637	11639	0.00245191
4547	11640	0.00243756
11639	11640	0.00243756
10694	11641	0.00243282
11640	11641	0.00243282
10696	11642	0.00243092
11641	11642	0.00243092
10692	11643	0.00242804
11642	11643	0.00242804
3171	11644	0.00242426
11643	11644	0.00242426
906	11645	0.00242234
11644	11645	0.00242234
5854	11646	0.00242045
11645	11646	0.00242045
3771	11647	0.00240323
11646	11647	0.00240323
5933	11648	0.00240231
5761	11648	0.00240231
11647	11648	0.00240231
5171	11649	0.00239563
11648	11649	0.00239563
1630	11650	0.0023775
11649	11650	0.0023775
6035	11651	0.00237656
11650	11651	0.00237656
3796	11652	0.00237274
11651	11652	0.00237274
1887	11653	0.00236797
11652	11653	0.00236797
11638	11654	0.002367
11653	11654	0.002367
909	11655	0.00236225
11654	11655	0.00236225
11655	11656	0.00235939
1154	11656	0.00235939
3147	11656	0.00235939
2218	11657	0.00234222
11656	11657	0.00234222
1625	11658	0.00233936
11657	11658	0.00233936
10678	11659	0.00233841
11658	11659	0.00233841
4813	11660	0.00232793
11659	11660	0.00232793
6243	11661	0.00232218
11660	11661	0.00232218
2892	11662	0.00230217
11661	11662	0.00230217
1537	11663	0.00228214
11662	11663	0.00228214
10690	11664	0.00226208
11663	11664	0.00226208
5564	11665	0.00224972
11664	11665	0.00224972
1201	11666	0.0022421
11665	11666	0.0022421
5721	11667	0.00223637
11666	11667	0.00223637
5180	11668	0.00223541
11667	11668	0.00223541
2584	11669	0.00223066
11668	11669	0.00223066
5137	11670	0.0022297
11669	11670	0.0022297
4572	11671	0.00222494
3567	11671	0.00222494
11670	11671	0.00222494
8899	11672	0.00222302
11671	11672	0.00222302
5392	11673	0.00221825
11672	11673	0.00221825
4270	11674	0.0022173
11673	11674	0.0022173
8518	11675	0.00221159
11674	11675	0.00221159
2348	11676	0.00221062
11675	11676	0.00221062
1477	11677	0.00220871
11676	11677	0.00220871
2376	11678	0.00220488
11677	11678	0.00220488
1666	11679	0.00218296
11678	11679	0.00218296
4471	11680	0.00217343
11679	11680	0.00217343
8925	11681	0.00216579
11680	11681	0.00216579
8880	11682	0.00215053
11681	11682	0.00215053
86	11683	0.00214769
11682	11683	0.00214769
5944	11684	0.00214103
11683	11684	0.00214103
3722	11685	0.00213333
11684	11685	0.00213333
5254	11686	0.00213242
11685	11686	0.00213242
202	11687	0.00211047
11686	11687	0.00211047
5257	11688	0.00209806
11687	11688	0.00209806
4514	11689	0.00208189
11688	11689	0.00208189
5910	11690	0.00207138
4446	11690	0.00207138
11689	11690	0.00207138
11493	11691	0.00206091
11690	11691	0.00206091
5212	11692	0.00205994
11691	11692	0.00205994
8912	11693	0.00204372
11692	11693	0.00204372
11693	11694	0.00203895
2261	11694	0.00203895
11694	11695	0.00203609
5819	11695	0.00203609
125	11695	0.00203609
8700	11696	0.00203419
11695	11696	0.00203419
2325	11696	0.00203419
2530	11697	0.00202942
11696	11697	0.00202942
1703	11698	0.00201893
11697	11698	0.00201893
11495	11699	0.00201321
11698	11699	0.00201321
1286	11700	0.00200558
11699	11700	0.00200558
2923	11701	0.00200463
11700	11701	0.00200463
2405	11702	0.00200177
11701	11702	0.00200177
4920	11703	0.00198459
11702	11703	0.00198459
3479	11704	0.00198174
11703	11704	0.00198174
5244	11705	0.00197698
11704	11705	0.00197698
13	11706	0.00197219
11705	11706	0.00197219
5643	11707	0.00196648
11706	11707	0.00196648
11488	11708	0.00194262
5240	11708	0.00194262
11708	11709	0.00184155
5925	11709	0.00184155
11709	11710	0.00178909
5528	11710	0.00178909
11710	11711	0.00176907
6103	11711	0.00176907
2809	11712	0.00194549
11707	11712	0.00194549
4613	11713	0.00192261
11712	11713	0.00192261
5405	11714	0.00190926
11713	11714	0.00190926
2016	11715	0.00189495
3979	11715	0.00189495
11714	11715	0.00189495
2138	11716	0.00189209
11715	11716	0.00189209
11490	11717	0.00188066
3134	11717	0.00188066
11716	11717	0.00188066
4500	11718	0.00187778
4741	11718	0.00187778
11717	11718	0.00187778
5228	11719	0.00187587
5825	11719	0.00187587
5918	11719	0.00187587
11718	11719	0.00187587
5667	11720	0.00186919
448	11720	0.00186919
11719	11720	0.00186919
8961	11721	0.00185204
11720	11721	0.00185204
11721	11722	0.00183773
2170	11722	0.00183773
3748	11723	0.00183487
11722	11723	0.00183487
2783	11724	0.00183201
11723	11724	0.00183201
8916	11725	0.00182723
11724	11725	0.00182723
11492	11726	0.00182248
11725	11726	0.00182248
2323	11727	0.0018196
11726	11727	0.0018196
10685	11728	0.00181389
577	11728	0.00181389
11727	11728	0.00181389
3474	11729	0.00181198
5805	11729	0.00181198
5832	11729	0.00181198
6123	11729	0.00181198
11728	11729	0.00181198
2290	11730	0.00180531
10666	11730	0.00180531
11729	11730	0.00180531
10681	11731	0.00180055
11730	11731	0.00180055
839	11732	0.00178624
11731	11732	0.00178624
720	11733	0.00178337
11732	11733	0.00178337
5150	11734	0.00178242
11733	11734	0.00178242
2533	11735	0.00177574
11734	11735	0.00177574
5435	11736	0.00177193
11735	11736	0.00177193
11491	11737	0.00177097
11736	11737	0.00177097
6135	11738	0.00175763
11737	11738	0.00175763
5243	11739	0.00175
11738	11739	0.00175
60	11740	0.00174141
4915	11740	0.00174141
11739	11740	0.00174141
8514	11741	0.00171184
11740	11741	0.00171184
3937	11742	0.00170993
11741	11742	0.00170993
2024	11743	0.00170899
11742	11743	0.00170899
4889	11744	0.00170326
11743	11744	0.00170326
4992	11745	0.00169945
11744	11745	0.00169945
2411	11746	0.00169849
11745	11746	0.00169849
1132	11747	0.00169753
11746	11747	0.00169753
5234	11748	0.00168132
11747	11748	0.00168132
1413	11749	0.00167943
11748	11749	0.00167943
11711	11750	0.00167275
11489	11750	0.00167275
5107	11750	0.00167275
4746	11750	0.00167275
3248	11750	0.00167275
5657	11750	0.00167275
5204	11750	0.00167275
3155	11750	0.00167275
740	11750	0.00167275
4900	11750	0.00167275
5602	11750	0.00167275
1829	11750	0.00167275
2245	11750	0.00167275
2272	11750	0.00167275
2330	11750	0.00167275
3067	11750	0.00167275
3114	11750	0.00167275
3679	11750	0.00167275
3705	11750	0.00167275
3743	11750	0.00167275
3772	11750	0.00167275
4653	11750	0.00167275
4882	11750	0.00167275
4883	11750	0.00167275
4896	11750	0.00167275
4926	11750	0.00167275
5028	11750	0.00167275
5109	11750	0.00167275
5163	11750	0.00167275
5278	11750	0.00167275
5314	11750	0.00167275
5346	11750	0.00167275
5424	11750	0.00167275
5437	11750	0.00167275
5497	11750	0.00167275
5509	11750	0.00167275
5575	11750	0.00167275
5580	11750	0.00167275
5582	11750	0.00167275
5598	11750	0.00167275
5648	11750	0.00167275
5663	11750	0.00167275
5675	11750	0.00167275
5804	11750	0.00167275
5923	11750	0.00167275
6098	11750	0.00167275
6136	11750	0.00167275
6142	11750	0.00167275
6225	11750	0.00167275
11749	11750	0.00167275
1956	11751	0.00164032
11750	11751	0.00164032
8995	11752	0.00163937
11751	11752	0.00163937
11752	11753	0.0016384
5149	11753	0.0016384
5624	11754	0.00163746
11753	11754	0.00163746
11481	11755	0.00162602
11754	11755	0.00162602
4776	11756	0.0016222
11755	11756	0.0016222
982	11757	0.00160694
11756	11757	0.00160694
2729	11758	0.00160122
4708	11758	0.00160122
11757	11758	0.00160122
5930	11759	0.00159359
4267	11759	0.00159359
11758	11759	0.00159359
796	11760	0.00158691
3383	11760	0.00158691
11759	11760	0.00158691
8785	11761	0.0015812
11760	11761	0.0015812
58	11762	0.00157928
11761	11762	0.00157928
5523	11763	0.00157452
11762	11763	0.00157452
8937	11764	0.00157262
11763	11764	0.00157262
8806	11765	0.00156212
11764	11765	0.00156212
5253	11766	0.00155735
11765	11766	0.00155735
5879	11767	0.00155354
11766	11767	0.00155354
2890	11768	0.00155259
11767	11768	0.00155259
5044	11769	0.00155163
11768	11769	0.00155163
6020	11770	0.00154686
11769	11770	0.00154686
2040	11771	0.00153256
11770	11771	0.00153256
3650	11772	0.00151444
11771	11772	0.00151444
10674	11773	0.00151252
4229	11773	0.00151252
11772	11773	0.00151252
2559	11774	0.00150395
11773	11774	0.00150395
307	11775	0.00148963
11774	11775	0.00148963
4980	11776	0.00147533
11775	11776	0.00147533
3813	11777	0.00147152
11776	11777	0.00147152
690	11778	0.00146199
11777	11778	0.00146199
1605	11779	0.0014534
11778	11779	0.0014534
5999	11780	0.00145244
11779	11780	0.00145244
1888	11781	0.00140953
11780	11781	0.00140953
3220	11782	0.0014019
11781	11782	0.0014019
5997	11783	0.00139714
11782	11783	0.00139714
5317	11784	0.00139332
11783	11784	0.00139332
3202	11785	0.00139141
11784	11785	0.00139141
3826	11786	0.00137329
11785	11786	0.00137329
2101	11787	0.00134659
11786	11787	0.00134659
8794	11788	0.00134373
11787	11788	0.00134373
4132	11789	0.00133515
11788	11789	0.00133515
10693	11790	0.00133323
11789	11790	0.00133323
1650	11791	0.00133038
11790	11791	0.00133038
824	11792	0.00131798
11791	11792	0.00131798
5498	11793	0.0013113
11792	11793	0.0013113
4190	11794	0.00130939
11793	11794	0.00130939
3669	11795	0.00129986
6144	11795	0.00129986
11794	11795	0.00129986
5848	11796	0.00129319
11795	11796	0.00129319
1115	11797	0.00129223
11796	11797	0.00129223
72	11798	0.00129128
8965	11798	0.00129128
11797	11798	0.00129128
4638	11799	0.00128269
11798	11799	0.00128269
2285	11800	0.00127125
11799	11800	0.00127125
973	11801	0.00127029
11800	11801	0.00127029
4102	11802	0.00126457
11801	11802	0.00126457
4296	11803	0.00126171
11802	11803	0.00126171
3622	11804	0.00125217
11803	11804	0.00125217
286	11805	0.00124931
11804	11805	0.00124931
4125	11806	0.00124549
11805	11806	0.00124549
958	11807	0.00122833
11806	11807	0.00122833
5630	11808	0.00122356
11807	11808	0.00122356
3196	11809	0.0012207
376	11809	0.0012207
11808	11809	0.0012207
4857	11810	0.0012188
11809	11810	0.0012188
4364	11811	0.00120544
11810	11811	0.00120544
8932	11812	0.00119399
11811	11812	0.00119399
711	11813	0.0011816
11812	11813	0.0011816
5308	11814	0.00117302
11813	11814	0.00117302
2617	11815	0.00116825
11814	11815	0.00116825
2652	11816	0.00115967
11815	11816	0.00115967
5824	11817	0.00115681
11816	11817	0.00115681
5734	11818	0.00113297
4550	11818	0.00113297
11817	11818	0.00113297
2672	11819	0.000817297
2587	11819	0.000817297
1534	11820	0.00112152
11818	11820	0.00112152
8903	11821	0.00111008
11820	11821	0.00111008
3779	11822	0.00109768
11821	11822	0.00109768
11477	11823	0.00109196
11822	11823	0.00109196
2484	11824	0.00108719
11823	11824	0.00108719
4695	11825	0.00108528
11824	11825	0.00108528
3674	11826	0.00107956
11825	11826	0.00107956
48	11827	0.00107003
11826	11827	0.00107003
5818	11828	0.00106621
5716	11828	0.00106621
11827	11828	0.00106621
6000	11829	0.0010643
11828	11829	0.0010643
5860	11830	0.00105667
11829	11830	0.00105667
1763	11831	0.00105381
11830	11831	0.00105381
3140	11832	0.0010519
11831	11832	0.0010519
4426	11833	0.00104999
11832	11833	0.00104999
366	11834	0.00104809
11833	11834	0.00104809
3671	11835	0.0010376
11834	11835	0.0010376
4655	11836	0.0010357
11835	11836	0.0010357
1058	11837	0.00101471
11836	11837	0.00101471
4462	11838	0.000992776
11837	11838	0.000992776
5001	11839	0.000986099
11838	11839	0.000986099
3327	11840	0.000982286
11839	11840	0.000982286
5358	11841	0.000980377
5727	11841	0.000980377
11840	11841	0.000980377
8968	11842	0.000965121
11841	11842	0.000965121
5503	11843	0.000959393
11842	11843	0.000959393
3578	11844	0.000935554
5434	11844	0.000935554
11843	11844	0.000935554
4614	11845	0.000929834
11844	11845	0.000929834
1524	11846	0.000923156
11845	11846	0.000923156
240	11847	0.000919339
11846	11847	0.000919339
644	11848	0.000918388
11847	11848	0.000918388
8884	11849	0.00091362
11848	11849	0.00091362
2403	11850	0.000864027
2483	11850	0.000864027
4260	11851	0.000875472
4943	11851	0.000875472
1208	11852	0.000901224
11849	11852	0.000901224
370	11853	0.000885962
11852	11853	0.000885962
217	11854	0.000874519
11853	11854	0.000874519
4282	11855	0.000873566
3314	11855	0.000873566
3980	11855	0.000873566
11854	11855	0.000873566
4781	11856	0.000864986
11855	11856	0.000864986
231	11857	0.000861169
11856	11857	0.000861169
2670	11858	0.000860214
11857	11858	0.000860214
11851	11859	0.00085068
11858	11859	0.00085068
6170	11860	0.000840188
11859	11860	0.000840188
5373	11861	0.00082779
11860	11861	0.00082779
11479	11862	0.000821113
11861	11862	0.000821113
6308	11863	0.00081825
11862	11863	0.00081825
4651	11864	0.000807761
11863	11864	0.000807761
4782	11865	0.000805854
11864	11865	0.000805854
492	11866	0.000801087
11865	11866	0.000801087
3862	11867	0.000799174
11866	11867	0.000799174
4170	11868	0.000797272
11867	11868	0.000797272
3403	11869	0.000795365
11868	11869	0.000795365
11850	11870	0.000791549
331	11870	0.000791549
11869	11870	0.000791549
4986	11871	0.000779149
11870	11871	0.000779149
11480	11872	0.000778197
11871	11872	0.000778197
3513	11873	0.00077057
11872	11873	0.00077057
4053	11874	0.000762939
11873	11874	0.000762939
4104	11875	0.000761032
249	11875	0.000761032
11874	11875	0.000761032
5034	11876	0.000754354
11875	11876	0.000754354
4617	11877	0.000748633
11876	11877	0.000748633
216	11878	0.00074196
11877	11878	0.00074196
5799	11879	0.000736235
11878	11879	0.000736235
357	11880	0.000735283
11879	11880	0.000735283
5494	11881	0.000723838
11880	11881	0.000723838
233	11882	0.000715256
11881	11882	0.000715256
5835	11883	0.000714301
11882	11883	0.000714301
5753	11884	0.000713348
11883	11884	0.000713348
73	11885	0.000703814
11884	11885	0.000703814
4234	11886	0.000700951
11885	11886	0.000700951
3738	11887	0.000695228
11886	11887	0.000695228
11478	11888	0.000694277
11887	11888	0.000694277
3992	11889	0.000687599
11888	11889	0.000687599
5395	11890	0.000683785
11889	11890	0.000683785
3822	11891	0.000668525
11890	11891	0.000668525
2987	11892	0.000654223
11891	11892	0.000654223
10675	11893	0.000647546
11892	11893	0.000647546
5427	11894	0.000644683
11893	11894	0.000644683
2586	11895	0.000636101
11894	11895	0.000636101
4945	11896	0.000629425
11895	11896	0.000629425
4107	11897	0.000627519
11896	11897	0.000627519
5569	11898	0.000618935
11897	11898	0.000618935
3433	11899	0.000609398
11898	11899	0.000609398
4543	11900	0.000602721
11899	11900	0.000602721
4018	11901	0.000597
11900	11901	0.000597
11819	11902	0.000592232
11901	11902	0.000592232
4242	11903	0.000589372
11902	11903	0.000589372
4341	11904	0.000581741
11903	11904	0.000581741
4202	11905	0.000574112
11904	11905	0.000574112
2690	11906	0.000565529
11905	11906	0.000565529
3178	11907	0.000552178
11906	11907	0.000552178
3631	11908	0.000536918
11907	11908	0.000536918
5892	11909	0.000535966
11908	11909	0.000535966
3347	11910	0.000530243
11909	11910	0.000530243
5422	11911	0.000528336
11910	11911	0.000528336
5976	11912	0.000514984
11911	11912	0.000514984
10673	11913	0.000505448
11912	11913	0.000505448
1221	11914	0.000496864
4340	11914	0.000496864
11913	11914	0.000496864
2128	11915	0.000488281
11914	11915	0.000488281
4472	11916	0.000484466
11915	11916	0.000484466
6111	11917	0.000481605
11916	11917	0.000481605
601	11918	0.000480652
11917	11918	0.000480652
2046	11919	0.000479698
11918	11919	0.000479698
4521	11920	0.000472069
11919	11920	0.000472069
11476	11921	0.000471115
11920	11921	0.000471115
4096	11922	0.000469208
11921	11922	0.000469208
1804	11923	0.000468254
11922	11923	0.000468254
962	11924	0.000464439
11923	11924	0.000464439
5040	11925	0.000459671
4509	11925	0.000459671
11924	11925	0.000459671
5847	11926	0.00045395
11925	11926	0.00045395
5282	11927	0.000452996
11926	11927	0.000452996
3691	11928	0.00043583
11927	11928	0.00043583
309	11929	0.00042057
11928	11929	0.00042057
6112	11930	0.000418664
11929	11930	0.000418664
937	11931	0.000409126
11930	11931	0.000409126
304	11932	0.000405312
11931	11932	0.000405312
4226	11933	0.000403405
11932	11933	0.000403405
4118	11934	0.000391961
11933	11934	0.000391961
1325	11935	0.000390053
11934	11935	0.000390053
3504	11936	0.000386238
11935	11936	0.000386238
10687	11937	0.000368118
11936	11937	0.000368118
5396	11938	0.000365257
11937	11938	0.000365257
3450	11939	0.000357628
11938	11939	0.000357628
513	11940	0.000346184
11939	11940	0.000346184
4795	11941	0.000328064
11940	11941	0.000328064
3005	11942	0.000322342
11941	11942	0.000322342
1330	11943	0.000315666
11942	11943	0.000315666
4888	11944	0.000311852
11943	11944	0.000311852
1899	11945	0.000277519
11944	11945	0.000277519
4174	11946	0.000264168
11945	11946	0.000264168
1932	11947	0.000255585
11946	11947	0.000255585
3110	11948	0.000240326
11947	11948	0.000240326
6093	11949	0.000239372
11948	11949	0.000239372
5112	11950	0.000232696
11949	11950	0.000232696
5374	11951	0.000228882
11950	11951	0.000228882
3153	11952	0.000207901
11951	11952	0.000207901
2837	11953	0.000170708
11952	11953	0.000170708
3439	11954	0.000130653
11953	11954	0.000130653
8931	11955	0.000113487
11954	11955	0.000113487
5048	11956	4.48227e-05
11955	11956	4.48227e-05