5463	6263	0.0364966
225	6263	0.0364966
6263	6264	0.0230633
551	6264	0.0230633
992	6265	0.0227037
6264	6265	0.0227037
1969	6266	0.0617578
516	6266	0.0617578
1233	6267	0.173746
2887	6267	0.173746
6267	6268	0.0856851
5302	6268	0.0856851
1612	6269	0.0490086
6266	6269	0.0490086
898	6270	0.0406871
6153	6270	0.0406871
6269	6271	0.0403205
6270	6271	0.0403205
6271	6272	0.0394331
2574	6272	0.0394331
6272	6273	0.0239286
6268	6273	0.0239286
226	6274	0.107063
1279	6274	0.107063
1489	6275	0.086512
4955	6275	0.086512
6275	6276	0.0595449
3963	6276	0.0595449
6276	6277	0.0465761
1991	6277	0.0465761
2687	6278	0.0389203
6277	6278	0.0389203
6278	6279	0.0356534
956	6279	0.0356534
6274	6280	0.0349438
6279	6280	0.0349438
1863	6281	0.0248927
1726	6281	0.0248927
6280	6282	0.0233553
6281	6282	0.0233553
6207	6283	0.112343
1908	6283	0.112343
2010	6284	0.0758121
6283	6284	0.0758121
3076	6285	0.0319831
140	6285	0.0319831
5962	6286	0.0792929
6001	6286	0.0792929
1069	6287	0.0787364
6286	6287	0.0787364
6287	6288	0.0393922
2316	6288	0.0393922
5371	6289	0.0290784
1626	6289	0.0290784
4199	6290	0.151686
2001	6290	0.151686
1789	6291	0.0855242
6290	6291	0.0855242
5036	6291	0.0855242
157	6292	0.0315599
2735	6292	0.0315599
4835	6293	0.0314073
6292	6293	0.0314073
1945	6294	0.0287627
6293	6294	0.0287627
795	6295	0.0286482
6294	6295	0.0286482
4322	6296	0.0577603
379	6296	0.0577603
4240	6297	0.225012
6133	6297	0.225012
995	6298	0.18612
3491	6298	0.18612
6298	6299	0.0803009
4346	6299	0.0803009
6234	6300	0.295396
2908	6300	0.295396
6300	6301	0.122992
4441	6301	0.122992
3898	6302	0.116684
6301	6302	0.116684
6302	6303	0.0678852
3186	6303	0.0678852
3610	6304	0.0695657
4344	6304	0.0695657
5173	6304	0.0695657
6141	6305	0.0667249
5747	6305	0.0667249
2961	6306	0.0998861
2724	6306	0.0998861
1619	6307	0.0923968
6306	6307	0.0923968
4906	6308	0.080307
6307	6308	0.080307
559	6309	0.0533896
6303	6309	0.0533896
4013	6310	0.0392614
5470	6310	0.0392614
2838	6311	0.0458968
4603	6311	0.0458968
6309	6312	0.0360488
851	6312	0.0360488
6311	6313	0.0363625
3923	6313	0.0363625
6310	6314	0.0354631
6313	6314	0.0354631
6312	6315	0.0351822
6314	6315	0.0351822
6315	6316	0.0334137
1407	6316	0.0334137
6316	6317	0.0332014
1502	6317	0.0332014
6304	6318	0.0529842
1441	6318	0.0529842
6308	6319	0.0331352
5172	6319	0.0331352
2200	6320	0.0320341
6317	6320	0.0320341
6299	6321	0.03169
6320	6321	0.03169
6321	6322	0.0270132
4576	6322	0.0270132
6305	6323	0.0262731
6318	6323	0.0262731
2427	6324	0.0301979
6319	6324	0.0301979
6322	6325	0.0259682
6323	6325	0.0259682
6325	6326	0.0254793
2289	6326	0.0254793
6326	6327	0.021554
6324	6327	0.021554
6327	6328	0.0215275
466	6328	0.0215275
4852	6329	0.287026
4165	6329	0.287026
4248	6330	0.0297327
6329	6330	0.0297327
1051	6331	0.0441558
5111	6331	0.0441558
2751	6332	0.243384
5069	6332	0.243384
3584	6333	0.0376586
6056	6333	0.0376586
4031	6334	0.0220238
3329	6334	0.0220238
809	6335	0.253623
1126	6335	0.253623
6335	6336	0.192679
1363	6336	0.192679
3442	6337	0.0514085
4635	6337	0.0514085
6337	6338	0.0392313
3689	6338	0.0392313
6143	6339	0.246851
1328	6339	0.246851
1766	6340	0.23039
6339	6340	0.23039
634	6341	0.454067
3648	6341	0.454067
2649	6342	0.0283019
1001	6342	0.0283019
5965	6343	0.125674
4528	6343	0.125674
6343	6344	0.0218734
2789	6344	0.0218734
6344	6345	0.0214012
3531	6345	0.0214012
567	6346	0.12476
2581	6346	0.12476
3394	6347	0.102727
1615	6347	0.102727
4505	6348	0.0903408
1320	6348	0.0903408
6346	6349	0.0797279
6348	6349	0.0797279
6347	6350	0.0304425
3502	6350	0.0304425
6349	6351	0.0284745
6350	6351	0.0284745
4783	6352	0.0272293
6351	6352	0.0272293
4663	6353	0.0417378
1694	6353	0.0417378
3726	6354	0.0266599
359	6354	0.0266599
1567	6355	0.107284
4239	6355	0.107284
6355	6356	0.101419
817	6356	0.101419
6356	6357	0.0492156
3904	6357	0.0492156
2179	6358	0.0587157
4112	6358	0.0587157
6358	6359	0.0336467
4675	6359	0.0336467
445	6360	0.245226
4962	6360	0.245226
476	6360	0.245226
2423	6361	0.0373381
6360	6361	0.0373381
4936	6362	0.0396111
4952	6362	0.0396111
5310	6363	0.129396
2558	6363	0.129396
6363	6364	0.108427
3640	6364	0.108427
4	6365	0.085634
6364	6365	0.085634
4075	6366	0.186266
5534	6366	0.186266
6366	6367	0.0685519
661	6367	0.0685519
6042	6368	0.0690509
3552	6368	0.0690509
6367	6369	0.0534971
826	6369	0.0534971
6369	6370	0.0401562
6368	6370	0.0401562
3184	6370	0.0401562
873	6371	0.0327463
6370	6371	0.0327463
1806	6372	0.0244962
6371	6372	0.0244962
4036	6373	0.0640072
5773	6373	0.0640072
607	6374	0.0488642
5593	6374	0.0488642
1663	6375	0.0524871
3430	6375	0.0524871
5537	6376	0.0460242
6375	6376	0.0460242
2774	6377	0.0534501
5736	6377	0.0534501
102	6378	0.0360195
1518	6378	0.0360195
6377	6379	0.0311102
6378	6379	0.0311102
6379	6380	0.0285613
1845	6380	0.0285613
6380	6381	0.0259499
1339	6381	0.0259499
4461	6382	0.0827059
3175	6382	0.0827059
6382	6383	0.0684421
1951	6383	0.0684421
2877	6384	0.0448861
4544	6384	0.0448861
3874	6385	0.0695758
83	6385	0.0695758
6385	6386	0.0650337
5908	6386	0.0650337
6386	6387	0.0361009
1562	6387	0.0361009
5362	6388	0.0234089
4209	6388	0.0234089
5535	6389	0.029501
1473	6389	0.029501
313	6390	0.0754165
5583	6390	0.0754165
3288	6391	0.0693474
6390	6391	0.0693474
1952	6392	0.0363336
6391	6392	0.0363336
6	6393	0.0572804
1753	6393	0.0572804
997	6394	0.0413137
6393	6394	0.0413137
5115	6395	0.0532422
3483	6395	0.0532422
4097	6396	0.0612923
1539	6396	0.0612923
6396	6397	0.0335735
3561	6397	0.0335735
3560	6397	0.0335735
5465	6398	0.0724834
1207	6398	0.0724834
917	6399	0.0665042
1843	6399	0.0665042
6399	6400	0.0261582
1798	6400	0.0261582
1608	6401	0.0261331
6400	6401	0.0261331
6075	6402	0.451058
1178	6402	0.451058
4007	6403	0.256295
1987	6403	0.256295
6403	6404	0.158631
2337	6404	0.158631
6404	6405	0.110202
3975	6405	0.110202
298	6406	0.0281196
1494	6406	0.0281196
2536	6407	0.609597
5124	6407	0.609597
6407	6408	0.313812
2848	6408	0.313812
4763	6409	0.263875
6408	6409	0.263875
6409	6410	0.0992027
2991	6410	0.0992027
3257	6411	0.0837679
6410	6411	0.0837679
765	6412	0.0405563
1267	6412	0.0405563
5410	6413	0.0387535
6412	6413	0.0387535
6411	6414	0.0308191
6413	6414	0.0308191
1135	6415	0.0295133
4529	6415	0.0295133
4585	6416	0.0265637
6415	6416	0.0265637
5361	6417	0.0369373
246	6417	0.0369373
6189	6418	0.0584461
4684	6418	0.0584461
5009	6419	0.143321
5335	6419	0.143321
1977	6420	0.0707281
3638	6420	0.0707281
5342	6421	0.0385737
6420	6421	0.0385737
271	6422	0.0260381
4673	6422	0.0260381
3696	6423	0.0319539
6198	6423	0.0319539
1268	6424	0.133824
3088	6424	0.133824
4035	6425	0.0776252
2700	6425	0.0776252
2273	6426	0.0839713
695	6426	0.0839713
6426	6427	0.0781068
983	6427	0.0781068
6425	6428	0.070171
6427	6428	0.070171
6428	6429	0.0528332
989	6429	0.0528332
6429	6430	0.0459376
3316	6430	0.0459376
5821	6431	0.240678
1775	6431	0.240678
3031	6432	0.0278091
3188	6432	0.0278091
6021	6433	0.101364
2134	6433	0.101364
4220	6434	0.0312035
4392	6434	0.0312035
5513	6435	0.0276592
3554	6435	0.0276592
6435	6436	0.0275482
2366	6436	0.0275482
6434	6437	0.0261459
6436	6437	0.0261459
5654	6438	0.505073
5545	6438	0.505073
6438	6439	0.450155
5402	6439	0.450155
6439	6440	0.35431
6092	6440	0.35431
6440	6441	0.22492
4648	6441	0.22492
6441	6442	0.0306117
1884	6442	0.0306117
5233	6443	0.0254387
6442	6443	0.0254387
5130	6444	0.0434676
5265	6444	0.0434676
2113	6445	0.0361224
1708	6445	0.0361224
3386	6446	0.0497921
5270	6446	0.0497921
6446	6447	0.0232126
501	6447	0.0232126
437	6448	0.0432774
1358	6448	0.0432774
3853	6449	0.0224037
4032	6449	0.0224037
1875	6450	0.180973
5261	6450	0.180973
6450	6451	0.0271266
3044	6451	0.0271266
4497	6452	0.0260296
2918	6452	0.0260296
2116	6453	0.0254834
6452	6453	0.0254834
4974	6454	0.0379949
3619	6454	0.0379949
3299	6455	0.0427766
3463	6455	0.0427766
46	6456	0.0228409
2972	6456	0.0228409
3213	6457	0.0269612
3356	6457	0.0269612
491	6458	0.0260837
6457	6458	0.0260837
3253	6459	0.0636892
3635	6459	0.0636892
5195	6460	0.0831376
4736	6460	0.0831376
509	6461	0.150824
2184	6461	0.150824
4751	6462	0.150499
6461	6462	0.150499
5011	6463	0.346173
4954	6463	0.346173
2666	6464	0.0335401
1542	6464	0.0335401
153	6465	0.0328305
3753	6465	0.0328305
1586	6466	0.805075
4596	6466	0.805075
5157	6467	0.149169
2076	6467	0.149169
6467	6468	0.126946
3982	6468	0.126946
269	6469	0.0672489
2425	6469	0.0672489
6469	6470	0.0594008
5	6470	0.0594008
2704	6471	0.0546073
4450	6471	0.0546073
6470	6471	0.0546073
3662	6472	0.0809971
5455	6472	0.0809971
5538	6473	0.0545283
2255	6473	0.0545283
6473	6474	0.0372877
5903	6474	0.0372877
6474	6475	0.0370742
5964	6475	0.0370742
6475	6476	0.0215462
793	6476	0.0215462
2798	6477	0.237136
3690	6477	0.237136
6209	6478	0.0447812
6477	6478	0.0447812
777	6479	0.0549852
2469	6479	0.0549852
3778	6480	0.0669745
1247	6480	0.0669745
3050	6481	0.0428018
3719	6481	0.0428018
2576	6482	0.048008
3522	6482	0.048008
2043	6483	0.0240771
1565	6483	0.0240771
3519	6484	0.102039
253	6484	0.102039
2436	6485	0.0719449
6484	6485	0.0719449
1785	6486	0.326765
5316	6486	0.326765
6486	6487	0.300049
2732	6487	0.300049
3962	6488	0.213472
3886	6488	0.213472
1	6489	0.202488
6488	6489	0.202488
3063	6490	0.101813
6489	6490	0.101813
5352	6491	0.13291
886	6491	0.13291
2796	6492	0.127111
6137	6492	0.127111
1317	6493	0.124589
6492	6493	0.124589
1909	6494	0.0911278
5246	6494	0.0911278
6493	6495	0.0889914
4559	6495	0.0889914
6495	6496	0.0697746
5016	6496	0.0697746
1206	6497	0.0673977
6496	6497	0.0673977
6494	6498	0.05872
4324	6498	0.05872
6491	6499	0.0550795
293	6499	0.0550795
850	6500	0.0536825
6499	6500	0.0536825
6500	6501	0.0532811
6497	6501	0.0532811
6501	6502	0.0518718
5812	6502	0.0518718
6502	6503	0.0496904
4285	6503	0.0496904
6490	6504	0.0525398
6498	6504	0.0525398
6503	6505	0.0483411
6504	6505	0.0483411
2765	6506	0.045974
6505	6506	0.045974
1707	6507	0.0478586
3278	6507	0.0478586
6506	6508	0.0459704
4353	6508	0.0459704
6508	6509	0.0443507
6507	6509	0.0443507
1077	6510	0.158621
1791	6510	0.158621
2167	6511	0.136934
5182	6511	0.136934
6511	6512	0.100918
2713	6512	0.100918
6512	6513	0.0777514
4056	6513	0.0777514
6040	6514	0.0731621
6513	6514	0.0731621
2309	6515	0.0731818
2306	6515	0.0731818
6515	6516	0.0695921
1393	6516	0.0695921
6514	6517	0.0635283
6516	6517	0.0635283
6517	6518	0.0628141
5487	6518	0.0628141
6240	6519	0.0602205
6518	6519	0.0602205
8	6520	0.0579078
6519	6520	0.0579078
6520	6521	0.0572116
3757	6521	0.0572116
1847	6522	0.0572002
6521	6522	0.0572002
6510	6523	0.0551689
6522	6523	0.0551689
6523	6524	0.0514754
5866	6524	0.0514754
3189	6525	0.0980283
4719	6525	0.0980283
4622	6526	0.0946069
6525	6526	0.0946069
6526	6527	0.0788053
6095	6527	0.0788053
6527	6528	0.0707439
1825	6528	0.0707439
673	6529	0.0707054
6528	6529	0.0707054
511	6530	0.0886909
3857	6530	0.0886909
6529	6531	0.0651912
159	6531	0.0651912
6531	6532	0.0625301
1746	6532	0.0625301
6532	6533	0.0577077
2178	6533	0.0577077
6533	6534	0.057092
4880	6534	0.057092
6534	6535	0.0502576
4111	6535	0.0502576
6535	6536	0.0495451
1382	6536	0.0495451
6536	6537	0.0478172
3774	6537	0.0478172
10	6538	0.0501786
3676	6538	0.0501786
3470	6539	0.0479154
6538	6539	0.0479154
6537	6540	0.0452205
619	6540	0.0452205
6540	6541	0.0441942
598	6541	0.0441942
2976	6542	0.0451616
6539	6542	0.0451616
6530	6543	0.0439269
6542	6543	0.0439269
6541	6544	0.0434955
6543	6544	0.0434955
6140	6545	0.0969975
6145	6545	0.0969975
3989	6546	0.0803319
4358	6546	0.0803319
2092	6547	0.0767644
6546	6547	0.0767644
6023	6548	0.0632907
6067	6548	0.0632907
6545	6549	0.0513185
6548	6549	0.0513185
6547	6550	0.0481834
4359	6550	0.0481834
6550	6551	0.0474605
6549	6551	0.0474605
5911	6552	0.0561391
3411	6552	0.0561391
3265	6553	0.0785029
1762	6553	0.0785029
22	6554	0.0783759
6553	6554	0.0783759
6554	6555	0.0699115
1560	6555	0.0699115
6555	6556	0.0521023
4060	6556	0.0521023
1912	6557	0.0436956
6556	6557	0.0436956
25	6558	0.0530338
5381	6558	0.0530338
4033	6559	0.196617
2420	6559	0.196617
6559	6560	0.178598
1029	6560	0.178598
1222	6561	0.215028
4227	6561	0.215028
1723	6562	0.206506
6561	6562	0.206506
6562	6563	0.158954
456	6563	0.158954
6560	6564	0.154004
6563	6564	0.154004
254	6565	0.101505
6564	6565	0.101505
27	6566	0.0679242
5457	6566	0.0679242
6565	6567	0.0635899
6566	6567	0.0635899
6567	6568	0.0626449
4196	6568	0.0626449
2835	6569	0.062087
6568	6569	0.062087
3060	6570	0.072753
5717	6570	0.072753
6570	6571	0.0683964
2790	6571	0.0683964
6571	6572	0.0615471
30	6572	0.0615471
5183	6573	0.0460606
6572	6573	0.0460606
5360	6574	0.132179
4793	6574	0.132179
6574	6575	0.114348
911	6575	0.114348
6575	6576	0.0921206
2650	6576	0.0921206
6576	6577	0.0607947
4502	6577	0.0607947
6577	6578	0.058895
5072	6578	0.058895
6578	6579	0.0550969
5756	6579	0.0550969
3636	6580	0.0502551
5214	6580	0.0502551
6579	6581	0.0449151
6580	6581	0.0449151
3182	6582	0.0435411
6581	6582	0.0435411
239	6583	0.0497359
447	6583	0.0497359
3990	6584	0.0461352
6583	6584	0.0461352
990	6585	0.112895
47	6585	0.112895
6585	6586	0.0469977
1904	6586	0.0469977
947	6587	0.0716145
2463	6587	0.0716145
5785	6588	0.0710015
4448	6588	0.0710015
6587	6589	0.0692074
5625	6589	0.0692074
6589	6590	0.0531096
2062	6590	0.0531096
6588	6591	0.0506842
6590	6591	0.0506842
4686	6592	0.0492301
6591	6592	0.0492301
3444	6593	0.0449374
3233	6593	0.0449374
5436	6594	0.0452735
4245	6594	0.0452735
1850	6595	0.0448595
6594	6595	0.0448595
6595	6596	0.0442487
69	6596	0.0442487
1032	6597	0.0558968
4481	6597	0.0558968
5341	6598	0.0530749
6597	6598	0.0530749
4232	6599	0.0498741
74	6599	0.0498741
4666	6600	0.0747511
4842	6600	0.0747511
6600	6601	0.0611855
6246	6601	0.0611855
4768	6602	0.0607
6601	6602	0.0607
81	6603	0.0618441
3913	6603	0.0618441
3829	6604	0.0657091
500	6604	0.0657091
3639	6605	0.0636435
5255	6605	0.0636435
82	6606	0.0649819
6604	6606	0.0649819
6606	6607	0.0508999
1970	6607	0.0508999
6605	6608	0.0507493
6607	6608	0.0507493
1778	6609	0.351812
5685	6609	0.351812
6609	6610	0.124169
87	6610	0.124169
6610	6611	0.0568414
2004	6611	0.0568414
5186	6612	0.0627636
3448	6612	0.0627636
4294	6613	0.060793
6612	6613	0.060793
6613	6614	0.0590601
5368	6614	0.0590601
3254	6615	0.0863417
3297	6615	0.0863417
6615	6616	0.0701729
91	6616	0.0701729
6616	6617	0.0573934
5056	6617	0.0573934
6617	6618	0.054389
1517	6618	0.054389
6618	6619	0.0497756
2045	6619	0.0497756
6619	6620	0.0442698
5232	6620	0.0442698
204	6621	0.122892
3667	6621	0.122892
93	6622	0.0754165
5287	6622	0.0754165
2214	6623	0.0774381
3091	6623	0.0774381
6623	6624	0.0601365
943	6624	0.0601365
103	6625	0.0467896
1378	6625	0.0467896
6625	6626	0.0459114
742	6626	0.0459114
1065	6627	0.0889435
5960	6627	0.0889435
6627	6628	0.0831904
5857	6628	0.0831904
6628	6629	0.0688389
367	6629	0.0688389
998	6630	0.0608663
6629	6630	0.0608663
6630	6631	0.0577121
2295	6631	0.0577121
4310	6632	0.0563077
5781	6632	0.0563077
2980	6633	0.0502499
6632	6633	0.0502499
6633	6634	0.0501927
1500	6634	0.0501927
6631	6635	0.0476196
4698	6635	0.0476196
4396	6636	0.047566
6635	6636	0.047566
168	6637	0.0473095
6634	6637	0.0473095
6636	6638	0.0441952
1983	6638	0.0441952
6637	6639	0.0439362
6638	6639	0.0439362
2748	6640	0.12702
1055	6640	0.12702
6640	6641	0.0967905
5789	6641	0.0967905
3576	6642	0.118868
3534	6642	0.118868
6642	6643	0.0918579
2487	6643	0.0918579
6643	6644	0.0827198
3272	6644	0.0827198
6644	6645	0.0531918
1520	6645	0.0531918
6645	6646	0.0519051
131	6646	0.0519051
6646	6647	0.0483455
5904	6647	0.0483455
6647	6648	0.0457913
4068	6648	0.0457913
670	6649	0.147784
1061	6649	0.147784
6649	6650	0.12203
4611	6650	0.12203
6650	6651	0.0809455
5453	6651	0.0809455
6651	6652	0.0711582
3457	6652	0.0711582
4944	6653	0.0625913
6652	6653	0.0625913
6653	6654	0.057823
2988	6654	0.057823
6654	6655	0.050975
5290	6655	0.050975
141	6656	0.0467636
6655	6656	0.0467636
2917	6657	0.0845912
2749	6657	0.0845912
6657	6658	0.0731089
1900	6658	0.0731089
833	6659	0.0669978
1717	6659	0.0669978
6658	6660	0.0571492
6659	6660	0.0571492
1523	6661	0.0522502
3296	6661	0.0522502
6660	6662	0.0514506
6661	6662	0.0514506
4100	6663	0.0482952
6662	6663	0.0482952
2244	6664	0.0619977
455	6664	0.0619977
6664	6665	0.0497404
5518	6665	0.0497404
4452	6666	0.0435576
6665	6666	0.0435576
856	6667	0.0823632
5940	6667	0.0823632
2944	6668	0.0519605
2362	6668	0.0519605
6668	6669	0.0515299
1849	6669	0.0515299
6669	6670	0.04692
6188	6670	0.04692
1078	6671	0.175602
5760	6671	0.175602
2380	6672	0.151387
6671	6672	0.151387
6672	6673	0.0962973
4555	6673	0.0962973
5092	6674	0.0521616
162	6674	0.0521616
5902	6675	0.391918
6177	6675	0.391918
6675	6676	0.213015
2792	6676	0.213015
6676	6677	0.133899
5620	6677	0.133899
6677	6678	0.0758326
3711	6678	0.0758326
6678	6679	0.0445711
1472	6679	0.0445711
2110	6680	0.146262
1676	6680	0.146262
6680	6681	0.139262
4507	6681	0.139262
6681	6682	0.125839
776	6682	0.125839
3723	6683	0.121478
2832	6683	0.121478
3416	6684	0.109565
6682	6684	0.109565
6684	6685	0.0843819
5433	6685	0.0843819
6685	6686	0.0809756
394	6686	0.0809756
5757	6687	0.106085
6683	6687	0.106085
3724	6688	0.0714549
6687	6688	0.0714549
1177	6688	0.0714549
6688	6689	0.0526503
2253	6689	0.0526503
6686	6690	0.0518493
2627	6690	0.0518493
6690	6691	0.0443352
6689	6691	0.0443352
4834	6692	0.0610912
3331	6692	0.0610912
1297	6693	0.100044
166	6693	0.100044
6693	6694	0.081818
2275	6694	0.081818
3340	6695	0.0863717
5370	6695	0.0863717
1063	6696	0.0808313
6695	6696	0.0808313
6696	6697	0.0773133
5505	6697	0.0773133
6694	6698	0.0763744
6697	6698	0.0763744
6698	6699	0.0691495
616	6699	0.0691495
4499	6700	0.0667989
6699	6700	0.0667989
6239	6701	0.106016
4989	6701	0.106016
171	6702	0.104332
6701	6702	0.104332
2866	6703	0.120942
277	6703	0.120942
6703	6704	0.0950182
3497	6704	0.0950182
1941	6705	0.0795196
5369	6705	0.0795196
4408	6706	0.14372
3018	6706	0.14372
6706	6707	0.100026
4647	6707	0.100026
6707	6708	0.0975197
172	6708	0.0975197
6708	6709	0.0864025
3694	6709	0.0864025
6709	6710	0.0808657
3500	6710	0.0808657
6710	6711	0.0691044
4606	6711	0.0691044
2027	6712	0.064336
6711	6712	0.064336
6705	6713	0.0609062
6712	6713	0.0609062
6713	6714	0.0534998
4138	6714	0.0534998
6714	6715	0.0527229
4833	6715	0.0527229
534	6716	0.0483389
3605	6716	0.0483389
6715	6717	0.0516191
3423	6717	0.0516191
3127	6718	0.0459006
6717	6718	0.0459006
6716	6719	0.0452319
6718	6719	0.0452319
6719	6720	0.0434919
5995	6720	0.0434919
4807	6721	0.414636
1528	6721	0.414636
4595	6722	0.319144
6160	6722	0.319144
6722	6723	0.107884
1852	6723	0.107884
6723	6724	0.104191
5919	6724	0.104191
3228	6725	0.0777568
6724	6725	0.0777568
4542	6726	0.0946757
5366	6726	0.0946757
6721	6727	0.0816917
6726	6727	0.0816917
6727	6728	0.0639613
5856	6728	0.0639613
2894	6729	0.0579036
6728	6729	0.0579036
6729	6730	0.0532541
182	6730	0.0532541
6725	6731	0.0524023
6730	6731	0.0524023
4114	6732	0.0495525
6731	6732	0.0495525
4817	6733	0.0489824
6732	6733	0.0489824
184	6734	0.0816721
4393	6734	0.0816721
1911	6735	0.0768483
2674	6735	0.0768483
3526	6736	0.0715035
195	6736	0.0715035
6735	6737	0.0710369
6736	6737	0.0710369
3245	6738	0.0532363
2631	6738	0.0532363
301	6739	0.0771409
5829	6739	0.0771409
3276	6740	0.0705441
4687	6740	0.0705441
6740	6741	0.0571677
664	6741	0.0571677
6741	6742	0.0555595
6739	6742	0.0555595
1963	6743	0.0603107
1125	6743	0.0603107
1490	6744	0.0544511
6743	6744	0.0544511
6742	6745	0.0483766
6744	6745	0.0483766
1591	6746	0.0482907
6745	6746	0.0482907
2331	6747	0.0478694
6746	6747	0.0478694
5810	6748	0.39174
2069	6748	0.39174
4538	6749	0.0877902
5955	6749	0.0877902
1175	6750	0.0877617
6749	6750	0.0877617
5007	6751	0.122633
4129	6751	0.122633
2876	6752	0.0821896
541	6752	0.0821896
395	6753	0.0801666
6752	6753	0.0801666
6748	6754	0.0518221
6750	6754	0.0518221
3226	6755	0.0620199
2183	6755	0.0620199
6751	6756	0.0511647
893	6756	0.0511647
6755	6757	0.0500443
6756	6757	0.0500443
6753	6758	0.0508561
3144	6758	0.0508561
649	6759	0.0493997
6758	6759	0.0493997
6754	6760	0.0489934
6757	6760	0.0489934
6760	6761	0.0485493
6759	6761	0.0485493
5119	6762	0.0485115
6761	6762	0.0485115
4323	6763	0.120518
2364	6763	0.120518
5393	6764	0.0954768
6763	6764	0.0954768
2367	6765	0.0919424
6764	6765	0.0919424
6765	6766	0.078042
1623	6766	0.078042
6766	6767	0.0598857
3598	6767	0.0598857
507	6768	0.0506385
3894	6768	0.0506385
4159	6769	0.0504245
6768	6769	0.0504245
6769	6770	0.0448171
6767	6770	0.0448171
2560	6771	0.100581
3047	6771	0.100581
4415	6772	0.086904
1740	6772	0.086904
6772	6773	0.0824032
2422	6773	0.0824032
6771	6774	0.0550845
372	6774	0.0550845
1862	6775	0.0603617
5201	6775	0.0603617
2286	6776	0.0542535
6028	6776	0.0542535
6773	6777	0.0537799
6774	6777	0.0537799
6776	6778	0.0512228
2510	6778	0.0512228
5850	6779	0.0498795
6778	6779	0.0498795
6775	6780	0.0482097
6779	6780	0.0482097
6777	6781	0.0475514
6780	6781	0.0475514
3337	6782	0.0870021
914	6782	0.0870021
3984	6783	0.0852386
6782	6783	0.0852386
4895	6784	0.0670801
6783	6784	0.0670801
5086	6785	0.0514518
4081	6785	0.0514518
6784	6786	0.0469261
6785	6786	0.0469261
2928	6787	0.100549
213	6787	0.100549
6787	6788	0.0876692
2124	6788	0.0876692
5867	6789	0.170115
221	6789	0.170115
6789	6790	0.084975
1145	6790	0.084975
342	6791	0.0989621
2879	6791	0.0989621
6791	6792	0.0610721
222	6792	0.0610721
5656	6793	0.0506269
6792	6793	0.0506269
2265	6794	0.043839
1966	6794	0.043839
230	6795	0.0624188
2723	6795	0.0624188
1130	6796	0.0501629
6795	6796	0.0501629
4451	6797	0.0500915
243	6797	0.0500915
1076	6798	0.0491344
6797	6798	0.0491344
259	6799	0.0573115
5447	6799	0.0573115
4040	6800	0.0487356
6799	6800	0.0487356
1574	6801	0.105628
1351	6801	0.105628
1373	6802	0.080394
3292	6802	0.080394
6801	6803	0.0721431
6802	6803	0.0721431
6044	6804	0.0460249
3790	6804	0.0460249
6249	6805	0.180533
2223	6805	0.180533
6805	6806	0.15166
2382	6806	0.15166
6806	6807	0.141284
281	6807	0.141284
5838	6808	0.0722208
4265	6808	0.0722208
6807	6809	0.0694049
6808	6809	0.0694049
3359	6810	0.0481567
1664	6810	0.0481567
756	6811	0.156742
4008	6811	0.156742
383	6812	0.0561892
3814	6812	0.0561892
1417	6813	0.0458673
291	6813	0.0458673
4405	6814	0.0559681
4524	6814	0.0559681
6814	6815	0.0440193
300	6815	0.0440193
5775	6816	0.10278
308	6816	0.10278
6816	6817	0.0537475
3819	6817	0.0537475
2168	6818	0.0623759
484	6818	0.0623759
4832	6819	0.0531795
311	6819	0.0531795
6819	6820	0.0519415
5024	6820	0.0519415
685	6821	0.867657
3632	6821	0.867657
1895	6822	0.100534
3880	6822	0.100534
6822	6823	0.0658041
403	6823	0.0658041
5797	6824	0.161012
581	6824	0.161012
6824	6825	0.0436158
1526	6825	0.0436158
317	6826	0.0458439
5762	6826	0.0458439
1134	6827	0.153278
3028	6827	0.153278
2163	6828	0.13283
6827	6828	0.13283
6828	6829	0.115856
321	6829	0.115856
6829	6830	0.083435
6109	6830	0.083435
2180	6831	0.0904317
4492	6831	0.0904317
6830	6832	0.0827996
515	6832	0.0827996
5830	6833	0.0798764
6832	6833	0.0798764
6833	6834	0.0761647
2676	6834	0.0761647
6831	6835	0.0758382
3571	6835	0.0758382
6835	6836	0.0732733
6834	6836	0.0732733
778	6837	0.0721175
6836	6837	0.0721175
6837	6838	0.0663826
4182	6838	0.0663826
6838	6839	0.0543074
2778	6839	0.0543074
6839	6840	0.0529804
4997	6840	0.0529804
6840	6841	0.0441645
3770	6841	0.0441645
3609	6842	0.0670575
409	6842	0.0670575
6842	6843	0.0572393
339	6843	0.0572393
1543	6844	0.05611
6843	6844	0.05611
3597	6845	0.0792624
329	6845	0.0792624
6845	6846	0.0614947
4570	6846	0.0614947
705	6847	0.0466861
3341	6847	0.0466861
2103	6848	0.086826
1298	6848	0.086826
4072	6849	0.0788429
2089	6849	0.0788429
3391	6850	0.0772559
6849	6850	0.0772559
6850	6851	0.0635038
4189	6851	0.0635038
361	6852	0.140199
3022	6852	0.140199
6852	6853	0.0698622
1370	6853	0.0698622
1133	6854	0.0613016
3418	6854	0.0613016
6854	6855	0.0581374
3274	6855	0.0581374
6855	6856	0.0569505
5166	6856	0.0569505
6856	6857	0.0454195
4313	6857	0.0454195
421	6858	0.202013
2521	6858	0.202013
1914	6859	0.0776338
431	6859	0.0776338
1917	6860	0.0535962
1583	6860	0.0535962
432	6861	0.0493271
6860	6861	0.0493271
589	6862	0.054253
5324	6862	0.054253
443	6863	0.114196
3435	6863	0.114196
6863	6864	0.086383
1257	6864	0.086383
6864	6865	0.075844
1392	6865	0.075844
5605	6866	0.064629
6865	6866	0.064629
3311	6867	0.0715802
1893	6867	0.0715802
6866	6868	0.0561962
6867	6868	0.0561962
3870	6869	0.0585233
5398	6869	0.0585233
6869	6870	0.0479661
714	6870	0.0479661
2450	6871	0.140417
1186	6871	0.140417
5855	6872	0.0961467
5468	6872	0.0961467
6872	6873	0.0682363
5644	6873	0.0682363
6873	6874	0.0564292
461	6874	0.0564292
6874	6875	0.0490146
4120	6875	0.0490146
3769	6876	0.264517
463	6876	0.264517
6876	6877	0.143896
1269	6877	0.143896
6877	6878	0.0535077
1060	6878	0.0535077
2126	6879	0.044257
6878	6879	0.044257
472	6880	0.0531026
4672	6880	0.0531026
1840	6881	0.215141
2254	6881	0.215141
4197	6882	0.0470973
6881	6882	0.0470973
1223	6883	0.0766656
538	6883	0.0766656
5403	6884	0.0538183
2563	6884	0.0538183
6884	6885	0.0490456
5703	6885	0.0490456
5953	6886	0.0446265
710	6886	0.0446265
6885	6887	0.0444346
6886	6887	0.0444346
2438	6888	0.0455682
2605	6888	0.0455682
496	6889	0.0447139
3465	6889	0.0447139
628	6890	0.0446518
6889	6890	0.0446518
6888	6891	0.0438745
6890	6891	0.0438745
503	6892	0.111933
2570	6892	0.111933
6892	6893	0.0919918
738	6893	0.0919918
6893	6894	0.071085
2222	6894	0.071085
6894	6895	0.0706869
5220	6895	0.0706869
4045	6896	0.112085
3312	6896	0.112085
6896	6897	0.0951172
4343	6897	0.0951172
510	6898	0.084971
713	6898	0.084971
5562	6898	0.084971
5309	6899	0.0596534
5920	6899	0.0596534
6005	6900	0.0491606
2754	6900	0.0491606
6900	6901	0.0461735
2018	6901	0.0461735
5618	6902	0.0618134
3118	6902	0.0618134
2419	6903	0.0470458
4259	6903	0.0470458
3634	6904	0.227242
1946	6904	0.227242
6904	6905	0.187498
1531	6905	0.187498
6905	6906	0.0975816
4477	6906	0.0975816
5601	6907	0.176007
3893	6907	0.176007
6907	6908	0.0629808
4600	6908	0.0629808
4369	6909	0.0730021
5645	6909	0.0730021
5547	6910	0.0898384
1151	6910	0.0898384
3547	6911	0.10814
3727	6911	0.10814
6911	6912	0.09323
3370	6912	0.09323
6912	6913	0.0590561
2871	6913	0.0590561
6913	6914	0.0567299
3546	6914	0.0567299
6910	6915	0.0595341
2153	6915	0.0595341
6914	6916	0.0493798
3666	6916	0.0493798
6916	6917	0.0476353
6915	6917	0.0476353
2478	6918	0.0602792
2481	6918	0.0602792
6918	6919	0.0564317
3007	6919	0.0564317
6919	6920	0.052193
558	6920	0.052193
2141	6921	0.097425
955	6921	0.097425
4126	6922	0.0621426
1237	6922	0.0621426
1689	6923	0.0632727
5292	6923	0.0632727
3976	6924	0.0545791
6923	6924	0.0545791
6924	6925	0.0488537
3073	6925	0.0488537
1179	6926	0.0587784
4330	6926	0.0587784
5363	6927	0.0536877
6926	6927	0.0536877
5132	6928	0.04896
2782	6928	0.04896
6928	6929	0.0487159
6927	6929	0.0487159
2271	6930	0.249942
617	6930	0.249942
1962	6931	0.059406
2746	6931	0.059406
899	6932	0.109321
3306	6932	0.109321
6932	6933	0.066831
1143	6933	0.066831
4991	6934	0.0582909
4584	6934	0.0582909
4162	6935	0.0542375
6934	6935	0.0542375
6935	6936	0.0516251
1244	6936	0.0516251
2567	6937	0.051297
6936	6937	0.051297
2050	6938	0.0473483
6937	6938	0.0473483
645	6939	0.123566
1397	6939	0.123566
6939	6940	0.0629267
2553	6940	0.0629267
4264	6941	0.0615014
6940	6941	0.0615014
6941	6942	0.0531331
1504	6942	0.0531331
6942	6943	0.0448358
1398	6943	0.0448358
6943	6944	0.0436569
626	6944	0.0436569
1340	6945	0.0599307
2662	6945	0.0599307
627	6946	0.0596994
6945	6946	0.0596994
637	6947	0.0490936
5772	6947	0.0490936
3515	6948	0.0450768
6947	6948	0.0450768
665	6949	0.077577
3692	6949	0.077577
2005	6950	0.0499258
4390	6950	0.0499258
6950	6951	0.0474548
4716	6951	0.0474548
6951	6952	0.0462085
5417	6952	0.0462085
2166	6953	0.0577899
674	6953	0.0577899
3678	6954	0.11483
3869	6954	0.11483
5458	6955	0.100268
6954	6955	0.100268
6955	6956	0.0927992
1498	6956	0.0927992
6956	6957	0.0697038
4387	6957	0.0697038
6957	6958	0.0634385
4774	6958	0.0634385
6958	6959	0.0536874
4620	6959	0.0536874
5600	6960	0.0490143
6959	6960	0.0490143
2781	6961	0.0480029
5932	6961	0.0480029
5336	6962	0.0462388
1008	6962	0.0462388
6961	6963	0.0437449
6962	6963	0.0437449
693	6964	0.0713914
3277	6964	0.0713914
6964	6965	0.0635577
3447	6965	0.0635577
6965	6966	0.0566161
1041	6966	0.0566161
4546	6967	0.0669162
5350	6967	0.0669162
6967	6968	0.0500976
715	6968	0.0500976
6968	6969	0.0467794
4549	6969	0.0467794
5527	6970	0.083461
743	6970	0.083461
1316	6971	0.0731853
760	6971	0.0731853
4054	6972	0.0454831
4275	6972	0.0454831
6971	6973	0.0442273
6972	6973	0.0442273
2378	6974	0.174168
2379	6974	0.174168
6974	6975	0.126342
3105	6975	0.126342
6975	6976	0.085051
4905	6976	0.085051
6976	6977	0.0770682
1935	6977	0.0770682
2389	6978	0.0684009
6977	6978	0.0684009
6978	6979	0.0653904
1721	6979	0.0653904
6979	6980	0.0570641
1019	6980	0.0570641
1402	6981	0.0447618
2761	6981	0.0447618
767	6982	0.048112
3101	6982	0.048112
1265	6983	0.0879529
785	6983	0.0879529
5397	6984	0.0628281
6983	6984	0.0628281
6984	6985	0.0549226
5208	6985	0.0549226
2029	6986	0.15088
4940	6986	0.15088
6986	6987	0.0437841
2945	6987	0.0437841
5927	6988	0.0854906
4659	6988	0.0854906
4671	6989	0.315999
794	6989	0.315999
6989	6990	0.268611
1439	6990	0.268611
6990	6991	0.195148
3138	6991	0.195148
6991	6992	0.0969535
3002	6992	0.0969535
6202	6993	0.0644615
801	6993	0.0644615
2814	6994	0.151226
2817	6994	0.151226
6994	6995	0.0573176
2818	6995	0.0573176
6995	6996	0.0478828
5384	6996	0.0478828
6996	6997	0.0445837
6127	6997	0.0445837
2843	6998	0.542047
3461	6998	0.542047
6998	6999	0.280745
812	6999	0.280745
6999	7000	0.240919
2369	7000	0.240919
1263	7001	0.215578
7000	7001	0.215578
7001	7002	0.120188
5284	7002	0.120188
3915	7003	0.102368
1958	7003	0.102368
4583	7004	0.0978374
5896	7004	0.0978374
5897	7005	0.0967964
7004	7005	0.0967964
5015	7006	0.106211
1640	7006	0.106211
1141	7007	0.0809771
5142	7007	0.0809771
7005	7008	0.0773392
1190	7008	0.0773392
7007	7009	0.0720684
7008	7009	0.0720684
7006	7010	0.0542899
3661	7010	0.0542899
7010	7011	0.0539428
1074	7011	0.0539428
7009	7012	0.0538386
7011	7012	0.0538386
4371	7013	0.0504455
7012	7013	0.0504455
5627	7014	0.0674056
1947	7014	0.0674056
2083	7015	0.0514754
6070	7015	0.0514754
7014	7016	0.0473291
7015	7016	0.0473291
4080	7017	0.0446227
7016	7017	0.0446227
7017	7018	0.0446215
6082	7018	0.0446215
820	7019	0.140607
4328	7019	0.140607
3116	7020	0.0511011
3425	7020	0.0511011
7020	7021	0.045541
870	7021	0.045541
3139	7022	0.0680344
2390	7022	0.0680344
4374	7023	0.0655532
7022	7023	0.0655532
878	7024	0.06417
7023	7024	0.06417
1557	7025	0.0765089
905	7025	0.0765089
7025	7026	0.0656553
1719	7026	0.0656553
5709	7027	0.0945057
6045	7027	0.0945057
1329	7028	0.0875436
5054	7028	0.0875436
7028	7029	0.0646155
1790	7029	0.0646155
7029	7030	0.0620479
935	7030	0.0620479
7030	7031	0.0602969
5281	7031	0.0602969
5143	7032	0.0864699
1662	7032	0.0864699
1423	7033	0.18844
3644	7033	0.18844
7033	7034	0.186361
4644	7034	0.186361
7034	7035	0.0705619
953	7035	0.0705619
3530	7036	0.0664023
7035	7036	0.0664023
1092	7037	0.114132
975	7037	0.114132
7037	7038	0.0940169
5880	7038	0.0940169
5951	7039	0.123569
976	7039	0.123569
5520	7040	0.102752
1250	7040	0.102752
7039	7041	0.102031
7040	7041	0.102031
4921	7042	0.0902503
7041	7042	0.0902503
3443	7043	0.0806746
7042	7043	0.0806746
2246	7044	0.0449678
979	7044	0.0449678
4071	7045	0.0771118
4899	7045	0.0771118
4070	7045	0.0771118
7045	7046	0.0565359
1000	7046	0.0565359
7046	7047	0.0440085
6027	7047	0.0440085
1013	7048	0.109576
6031	7048	0.109576
7048	7049	0.0730532
1444	7049	0.0730532
1042	7050	0.0497893
2314	7050	0.0497893
3991	7051	0.0633979
5858	7051	0.0633979
2861	7052	0.0649735
5019	7052	0.0649735
2370	7053	0.108246
1283	7053	0.108246
3219	7054	0.210472
5745	7054	0.210472
2015	7055	0.0939775
7053	7055	0.0939775
1086	7056	0.0883445
7055	7056	0.0883445
7054	7057	0.0635644
2833	7057	0.0635644
1782	7058	0.0541948
7056	7058	0.0541948
3051	7058	0.0541948
5963	7058	0.0541948
3275	7059	0.0566813
7057	7059	0.0566813
7058	7060	0.0532063
7059	7060	0.0532063
4557	7061	0.105123
4556	7061	0.105123
2780	7062	0.0696027
2341	7062	0.0696027
7061	7063	0.0849172
4519	7063	0.0849172
1331	7064	0.0534809
7063	7064	0.0534809
7062	7065	0.0517716
7064	7065	0.0517716
3332	7066	0.162272
5296	7066	0.162272
3816	7067	0.0765303
4877	7067	0.0765303
7067	7068	0.0588041
1137	7068	0.0588041
5429	7069	0.0563751
7068	7069	0.0563751
7069	7070	0.0497588
1148	7070	0.0497588
7070	7071	0.0493431
3035	7071	0.0493431
4443	7072	0.0684556
1161	7072	0.0684556
7072	7073	0.0484618
4641	7073	0.0484618
2660	7074	0.0672098
2462	7074	0.0672098
3080	7075	0.124953
1170	7075	0.124953
1667	7076	0.0453559
4061	7076	0.0453559
5573	7077	0.0829074
1210	7077	0.0829074
4108	7078	0.0773451
7077	7078	0.0773451
3782	7079	0.0814586
5928	7079	0.0814586
5521	7080	0.08108
7079	7080	0.08108
4298	7081	0.103056
1229	7081	0.103056
1241	7082	0.050461
6236	7082	0.050461
2865	7083	0.131145
3768	7083	0.131145
1936	7084	0.0605163
3563	7084	0.0605163
7083	7085	0.0526188
7084	7085	0.0526188
5733	7086	0.0496723
1916	7086	0.0496723
4843	7087	0.0953804
1288	7087	0.0953804
1550	7088	0.0545098
1452	7088	0.0545098
5114	7089	0.055159
2816	7089	0.055159
1564	7090	0.0478334
7089	7090	0.0478334
1293	7091	0.0887171
4024	7091	0.0887171
7091	7092	0.0751802
3841	7092	0.0751802
1307	7093	0.0789399
4023	7093	0.0789399
5418	7094	0.0795763
1352	7094	0.0795763
4444	7095	0.078219
7094	7095	0.078219
7095	7096	0.0609401
2506	7096	0.0609401
3247	7097	0.098526
4494	7097	0.098526
7097	7098	0.0765035
5551	7098	0.0765035
4437	7099	0.0756323
7098	7099	0.0756323
7099	7100	0.0698251
6062	7100	0.0698251
7100	7101	0.0585794
2610	7101	0.0585794
7101	7102	0.0548324
3023	7102	0.0548324
4421	7103	0.0500354
7102	7103	0.0500354
4385	7104	0.0533249
4869	7104	0.0533249
5295	7105	0.062087
2467	7105	0.062087
7105	7106	0.0539593
5563	7106	0.0539593
7106	7107	0.0439146
1368	7107	0.0439146
4055	7108	0.0474941
1425	7108	0.0474941
2891	7108	0.0474941
2281	7109	0.0869433
1429	7109	0.0869433
4773	7110	0.0542899
1942	7110	0.0542899
1436	7111	0.0449457
7110	7111	0.0449457
1456	7112	0.0462886
2343	7112	0.0462886
7112	7113	0.0438975
3786	7113	0.0438975
4826	7114	0.0788617
2841	7114	0.0788617
4106	7115	0.0758149
7114	7115	0.0758149
7115	7116	0.0738651
4355	7116	0.0738651
5377	7117	0.0679015
7116	7117	0.0679015
7117	7118	0.0607801
3414	7118	0.0607801
4151	7119	0.0529819
7118	7119	0.0529819
5706	7120	0.0791577
5219	7120	0.0791577
2355	7121	0.0524643
4141	7121	0.0524643
3687	7122	0.0460124
7121	7122	0.0460124
2375	7123	0.133973
5755	7123	0.133973
7123	7124	0.0769705
3185	7124	0.0769705
2454	7124	0.0769705
7124	7125	0.0754039
2904	7125	0.0754039
7125	7126	0.0718784
3785	7126	0.0718784
3855	7127	0.0578719
7126	7127	0.0578719
1499	7128	0.0446537
7127	7128	0.0446537
2324	7129	0.0542878
1525	7129	0.0542878
1552	7130	0.0509093
3268	7130	0.0509093
4168	7131	0.0998496
3797	7131	0.0998496
7131	7132	0.061896
1559	7132	0.061896
5878	7133	0.0449637
7132	7133	0.0449637
1682	7134	0.0443822
3020	7134	0.0443822
4116	7135	0.0956938
2692	7135	0.0956938
7135	7136	0.0503105
1783	7136	0.0503105
1784	7137	0.0493271
5279	7137	0.0493271
7137	7138	0.0452117
7136	7138	0.0452117
5677	7139	0.061241
3036	7139	0.061241
1579	7140	0.0507862
7139	7140	0.0507862
1599	7141	0.0640891
1600	7141	0.0640891
1731	7142	0.0632
1622	7142	0.0632
4645	7143	0.0554724
7142	7143	0.0554724
3538	7144	0.0702263
4005	7144	0.0702263
1738	7145	0.0796116
5714	7145	0.0796116
2868	7146	0.0717265
2377	7146	0.0717265
4336	7147	0.0724167
1757	7147	0.0724167
5916	7148	0.0734379
1827	7148	0.0734379
3846	7149	0.0731502
7148	7149	0.0731502
3716	7150	0.0501363
2500	7150	0.0501363
3016	7151	0.0436633
3550	7151	0.0436633
4501	7152	0.121854
2048	7152	0.121854
7152	7153	0.10697
2232	7153	0.10697
4725	7154	0.13359
2647	7154	0.13359
4391	7155	0.110544
7154	7155	0.110544
4624	7156	0.0936825
2121	7156	0.0936825
5865	7157	0.0483383
4963	7157	0.0483383
7157	7158	0.0478929
2726	7158	0.0478929
7158	7159	0.0465813
4269	7159	0.0465813
7159	7160	0.0462103
3704	7160	0.0462103
4098	7161	0.100196
2219	7161	0.100196
3109	7162	0.0648559
5846	7162	0.0648559
2703	7163	0.0794785
4966	7163	0.0794785
2725	7164	0.0470655
3932	7164	0.0470655
2846	7165	0.0478814
3543	7165	0.0478814
5780	7166	0.108823
4533	7166	0.108823
3683	7167	0.0529891
5344	7167	0.0529891
4691	7168	0.0476438
3961	7168	0.0476438
6066	7169	0.0739804
5203	7169	0.0739804
6115	7170	0.0468103
7169	7170	0.0468103
7170	7171	0.0451095
3449	7171	0.0451095
5499	7172	0.162529
3468	7172	0.162529
4382	7173	0.066419
4434	7173	0.066419
5026	7174	0.101218
5469	7174	0.101218
7174	7175	0.0577962
4996	7175	0.0577962
4286	7176	0.0492341
4765	7176	0.0492341
4449	7177	0.0552561
5571	7177	0.0552561
5300	7178	0.0700463
4643	7178	0.0700463
7178	7179	0.0495627
5269	7179	0.0495627
4917	7180	0.0537202
5977	7180	0.0537202
6992	7181	0.0350365
3302	7181	0.0350365
6800	7182	0.0429964
5127	7182	0.0429964
7036	7183	0.034947
7182	7183	0.034947
2492	7184	0.0348092
7183	7184	0.0348092
3149	7185	0.0378092
4266	7185	0.0378092
6804	7186	0.0367615
273	7186	0.0367615
387	7187	0.032585
1507	7187	0.032585
7186	7188	0.0314013
7187	7188	0.0314013
5018	7189	0.0432416
2352	7189	0.0432416
5826	7190	0.0417317
7189	7190	0.0417317
7120	7191	0.0338018
7190	7191	0.0338018
3086	7192	0.033041
7191	7192	0.033041
4418	7193	0.0322778
7192	7193	0.0322778
967	7194	0.0311783
7193	7194	0.0311783
6811	7195	0.0293342
3651	7195	0.0293342
6790	7196	0.0386051
4110	7196	0.0386051
3066	7197	0.0343739
7196	7197	0.0343739
6853	7198	0.04229
7128	7198	0.04229
7198	7199	0.0332722
3415	7199	0.0332722
6663	7200	0.0372214
1561	7200	0.0372214
7200	7201	0.0332357
2916	7201	0.0332357
7199	7202	0.0319206
7201	7202	0.0319206
7202	7203	0.0308289
2317	7203	0.0308289
6846	7204	0.0389066
3659	7204	0.0389066
486	7205	0.0384595
7204	7205	0.0384595
6639	7206	0.0413018
6088	7206	0.0413018
7206	7207	0.0373197
7129	7207	0.0373197
7207	7208	0.0353887
825	7208	0.0353887
1643	7209	0.0349683
7208	7209	0.0349683
6720	7210	0.0414182
1347	7210	0.0414182
7210	7211	0.0409314
6168	7211	0.0409314
7211	7212	0.0380666
3111	7212	0.0380666
7212	7213	0.0348367
1304	7213	0.0348367
7086	7214	0.0414165
1266	7214	0.0414165
7214	7215	0.0368989
1755	7215	0.0368989
7019	7216	0.0349074
4513	7216	0.0349074
4113	7217	0.0348482
939	7217	0.0348482
2357	7218	0.0405058
3542	7218	0.0405058
7218	7219	0.0358442
1176	7219	0.0358442
5165	7220	0.0317784
3107	7220	0.0317784
7215	7221	0.0317113
7220	7221	0.0317113
6704	7222	0.0329401
7213	7222	0.0329401
7209	7223	0.0334374
7219	7223	0.0334374
7223	7224	0.0330884
7216	7224	0.0330884
7222	7225	0.0324467
7217	7225	0.0324467
7225	7226	0.0316058
7224	7226	0.0316058
7032	7227	0.0312224
7226	7227	0.0312224
7227	7228	0.031078
1131	7228	0.031078
7228	7229	0.0302472
624	7229	0.0302472
7221	7230	0.0298062
7229	7230	0.0298062
5831	7231	0.0297285
7230	7231	0.0297285
7205	7232	0.0297262
7231	7232	0.0297262
6781	7233	0.0332258
430	7233	0.0332258
85	7234	0.0303847
7233	7234	0.0303847
6929	7235	0.0396083
3413	7235	0.0396083
5147	7236	0.0318509
7235	7236	0.0318509
4010	7237	0.0312091
7236	7237	0.0312091
2397	7238	0.0371753
658	7238	0.0371753
736	7239	0.0432004
6593	7239	0.0432004
4512	7240	0.0434562
6544	7240	0.0434562
2234	7241	0.0431422
7240	7241	0.0431422
7241	7242	0.0423891
4766	7242	0.0423891
2518	7243	0.0418691
7242	7243	0.0418691
3838	7244	0.041186
7243	7244	0.041186
7244	7245	0.0411178
419	7245	0.0411178
703	7246	0.0404967
3507	7246	0.0404967
7245	7247	0.0398164
3232	7247	0.0398164
7246	7247	0.0398164
6592	7248	0.0400284
2413	7248	0.0400284
7247	7249	0.039278
2287	7249	0.039278
7172	7250	0.0391083
7249	7250	0.0391083
7248	7251	0.0371962
6656	7251	0.0371962
4161	7252	0.0366487
7251	7252	0.0366487
7250	7253	0.0363561
5909	7253	0.0363561
7252	7254	0.0357188
52	7254	0.0357188
7253	7255	0.0353806
7254	7255	0.0353806
1922	7256	0.0352144
7255	7256	0.0352144
7256	7257	0.0350742
305	7257	0.0350742
6762	7258	0.0430502
517	7258	0.0430502
6573	7259	0.0407249
1189	7259	0.0407249
7258	7260	0.0389597
7259	7260	0.0389597
6747	7261	0.0429614
7018	7261	0.0429614
7261	7262	0.0427359
3514	7262	0.0427359
4947	7263	0.0412935
7262	7263	0.0412935
6738	7264	0.0423052
6770	7264	0.0423052
7263	7265	0.040999
7264	7265	0.040999
3484	7266	0.0399532
7265	7266	0.0399532
2585	7267	0.0382942
7266	7267	0.0382942
1467	7268	0.04006
1660	7268	0.04006
7031	7269	0.0385999
2228	7269	0.0385999
1641	7270	0.0382176
7267	7270	0.0382176
7260	7271	0.0381277
7270	7271	0.0381277
3104	7272	0.0378969
7271	7272	0.0378969
6734	7273	0.037251
7272	7273	0.037251
6621	7274	0.0371095
7273	7274	0.0371095
2042	7275	0.0367722
7274	7275	0.0367722
2051	7276	0.0365925
7275	7276	0.0365925
7013	7277	0.0361056
7276	7277	0.0361056
488	7278	0.0359754
7268	7278	0.0359754
7269	7279	0.0365131
7134	7279	0.0365131
7277	7280	0.035369
7279	7280	0.035369
2736	7281	0.0358202
7278	7281	0.0358202
7280	7282	0.035203
7281	7282	0.035203
6733	7283	0.0365536
621	7283	0.0365536
6596	7284	0.0433682
5074	7284	0.0433682
6786	7285	0.037079
7165	7285	0.037079
7285	7286	0.0352198
211	7286	0.0352198
6925	7287	0.0354697
4988	7287	0.0354697
7122	7288	0.0418799
3688	7288	0.0418799
7119	7289	0.0426434
1492	7289	0.0426434
6871	7290	0.0405495
7289	7290	0.0405495
7290	7291	0.040516
5116	7291	0.040516
7288	7292	0.0399833
7291	7292	0.0399833
5512	7293	0.039977
7292	7293	0.039977
1099	7294	0.03987
7293	7294	0.03987
701	7295	0.0386847
7294	7295	0.0386847
5211	7296	0.035143
7295	7296	0.035143
6509	7297	0.0421436
4565	7297	0.0421436
7297	7298	0.040962
6820	7298	0.040962
7298	7299	0.0407896
2142	7299	0.0407896
4739	7300	0.0410379
3858	7300	0.0410379
7299	7301	0.0405855
7300	7301	0.0405855
7301	7302	0.0393278
2280	7302	0.0393278
7302	7303	0.0389931
92	7303	0.0389931
7303	7304	0.0379346
5413	7304	0.0379346
550	7305	0.0384616
2679	7305	0.0384616
7304	7306	0.0379169
7305	7306	0.0379169
3702	7307	0.0372596
7306	7307	0.0372596
2539	7308	0.0372547
7307	7308	0.0372547
6818	7309	0.037205
7308	7309	0.037205
7309	7310	0.0365282
3039	7310	0.0365282
3929	7311	0.0364553
7310	7311	0.0364553
1709	7312	0.035712
7311	7312	0.035712
7312	7313	0.0355396
3369	7313	0.0355396
4890	7314	0.0353043
521	7314	0.0353043
7313	7314	0.0353043
11	7315	0.0393278
3123	7315	0.0393278
7315	7316	0.0382275
4088	7316	0.0382275
4278	7317	0.0381196
7316	7317	0.0381196
6812	7318	0.041127
6813	7318	0.041127
7318	7319	0.0391083
6551	7319	0.0391083
3125	7320	0.0384965
7319	7320	0.0384965
7320	7321	0.0381365
5504	7321	0.0381365
7321	7322	0.0368185
16	7322	0.0368185
1285	7323	0.0433902
43	7323	0.0433902
7323	7324	0.0413471
508	7324	0.0413471
7324	7325	0.0390945
2519	7325	0.0390945
1102	7326	0.0379128
7325	7326	0.0379128
6584	7327	0.037694
7326	7327	0.037694
7327	7328	0.0362924
1569	7328	0.0362924
6614	7329	0.0369896
7171	7329	0.0369896
6620	7330	0.0362241
4942	7330	0.0362241
2066	7331	0.0361642
7330	7331	0.0361642
4743	7332	0.0360288
7331	7332	0.0360288
7329	7333	0.0357388
7332	7333	0.0357388
6737	7334	0.0412573
4173	7334	0.0412573
764	7335	0.037364
7334	7335	0.037364
7335	7336	0.0356377
3572	7336	0.0356377
3164	7337	0.0379048
214	7337	0.0379048
2656	7338	0.0378805
7337	7338	0.0378805
4430	7339	0.0373009
7338	7339	0.0373009
1602	7340	0.0369914
7339	7340	0.0369914
6980	7341	0.0418131
2853	7341	0.0418131
219	7342	0.0367564
7341	7342	0.0367564
6823	7343	0.0354394
3856	7343	0.0354394
6825	7344	0.0388321
4861	7344	0.0388321
3506	7345	0.0387391
7344	7345	0.0387391
3558	7346	0.0386321
7345	7346	0.0386321
7346	7347	0.0355943
5062	7347	0.0355943
6883	7348	0.041026
7103	7348	0.041026
6861	7349	0.0405465
7348	7349	0.0405465
974	7350	0.0377363
1354	7350	0.0377363
7349	7351	0.0376153
5510	7351	0.0376153
7350	7352	0.035493
4252	7352	0.035493
7351	7353	0.0354787
7352	7353	0.0354787
1227	7354	0.0353308
7353	7354	0.0353308
6868	7355	0.0423346
4856	7355	0.0423346
7355	7356	0.040516
7173	7356	0.040516
2176	7357	0.0383581
7356	7357	0.0383581
7357	7358	0.036358
5066	7358	0.036358
5511	7359	0.0430183
6887	7359	0.0430183
498	7360	0.0389157
7359	7360	0.0389157
7360	7361	0.0378979
469	7361	0.0378979
700	7362	0.0360605
7361	7362	0.0360605
2990	7363	0.0359616
7362	7363	0.0359616
2689	7364	0.0355449
7363	7364	0.0355449
5305	7365	0.03537
487	7365	0.03537
6891	7366	0.0390788
3026	7366	0.0390788
7366	7367	0.038524
4474	7367	0.038524
5264	7368	0.0394508
3509	7368	0.0394508
7367	7369	0.0372658
7368	7369	0.0372658
7060	7370	0.0367109
7369	7370	0.0367109
6946	7371	0.0365323
804	7371	0.0365323
7370	7372	0.0362602
7371	7372	0.0362602
3525	7373	0.0351345
603	7373	0.0351345
6938	7374	0.0419899
6944	7374	0.0419899
7374	7375	0.0417166
1475	7375	0.0417166
7375	7376	0.0413544
4677	7376	0.0413544
7376	7377	0.0397007
1252	7377	0.0397007
3832	7378	0.038645
7377	7378	0.038645
6997	7379	0.0350548
4211	7379	0.0350548
3408	7380	0.0431422
4309	7380	0.0431422
7071	7381	0.0410629
3215	7381	0.0410629
7381	7382	0.0390748
2960	7382	0.0390748
3419	7383	0.037205
7382	7383	0.037205
7383	7384	0.0352335
3642	7384	0.0352335
7080	7385	0.0362099
1220	7385	0.0362099
7138	7386	0.0372214
7164	7386	0.0372214
7386	7387	0.0360162
1576	7387	0.0360162
1879	7388	0.0423403
5536	7388	0.0423403
6072	7389	0.0432922
7151	7389	0.0432922
4297	7390	0.0345121
6184	7390	0.0345121
5148	7391	0.0330573
3243	7391	0.0330573
4187	7392	0.0322005
7391	7392	0.0322005
7257	7393	0.0343933
397	7393	0.0343933
7342	7394	0.0349628
4958	7394	0.0349628
7394	7395	0.0340974
7384	7395	0.0340974
7393	7396	0.0339088
7395	7396	0.0339088
7239	7397	0.033857
7396	7397	0.033857
7397	7398	0.0338534
7333	7398	0.0338534
7398	7399	0.0329503
5065	7399	0.0329503
6569	7400	0.0323364
1683	7400	0.0323364
7399	7401	0.0322466
5223	7401	0.0322466
7401	7402	0.0322053
7400	7402	0.0322053
7283	7403	0.0350512
7373	7403	0.0350512
1792	7404	0.0340002
7403	7404	0.0340002
3432	7405	0.0342671
1944	7405	0.0342671
6810	7406	0.0327799
7405	7406	0.0327799
7406	7407	0.0321763
3817	7407	0.0321763
7282	7408	0.0346
4325	7408	0.0346
2485	7409	0.0343288
7408	7409	0.0343288
7409	7410	0.0341548
1810	7410	0.0341548
7410	7411	0.0339865
7358	7411	0.0339865
4498	7412	0.0348557
7286	7412	0.0348557
7412	7413	0.0347893
7314	7413	0.0347893
6796	7414	0.0350191
7322	7414	0.0350191
572	7415	0.0345989
7413	7415	0.0345989
7415	7416	0.0344938
7414	7416	0.0344938
2920	7417	0.0344066
7416	7417	0.0344066
2073	7418	0.0340097
7417	7418	0.0340097
3436	7419	0.0336924
7418	7419	0.0336924
7296	7420	0.0336079
7419	7420	0.0336079
5793	7421	0.0347645
5795	7421	0.0347645
7421	7422	0.0344761
5796	7422	0.0344761
4495	7423	0.0331836
7411	7423	0.0331836
728	7424	0.033041
7423	7424	0.033041
2922	7425	0.0329362
7424	7425	0.0329362
6793	7426	0.0334186
7372	7426	0.0334186
4258	7427	0.0335549
7420	7427	0.0335549
7427	7428	0.0332492
4086	7428	0.0332492
7426	7429	0.0332159
7428	7429	0.0332159
7429	7430	0.0330145
1357	7430	0.0330145
7425	7431	0.0328218
3250	7431	0.0328218
7431	7432	0.03279
7430	7432	0.03279
7432	7433	0.0327615
3755	7433	0.0327615
7433	7434	0.0327566
3273	7434	0.0327566
3824	7435	0.0326081
7434	7435	0.0326081
7422	7435	0.0326081
7336	7436	0.0323481
7435	7436	0.0323481
7436	7437	0.0322401
5193	7437	0.0322401
7347	7438	0.0324233
6826	7438	0.0324233
2653	7439	0.0345972
3540	7439	0.0345972
6074	7440	0.0322891
7385	7440	0.0322891
3121	7441	0.0347627
7354	7441	0.0347627
7441	7442	0.0344025
1103	7442	0.0344025
7442	7443	0.0340538
3773	7443	0.0340538
7443	7444	0.0339567
4412	7444	0.0339567
2185	7445	0.0336263
7444	7445	0.0336263
7380	7446	0.0321943
7445	7446	0.0321943
7364	7447	0.0347175
5079	7447	0.0347175
4251	7448	0.034427
7447	7448	0.034427
7448	7449	0.0341589
483	7449	0.0341589
3194	7450	0.0338737
7449	7450	0.0338737
6882	7451	0.0322545
7450	7451	0.0322545
7365	7452	0.0349028
7379	7452	0.0349028
6006	7453	0.0329345
7452	7453	0.0329345
7378	7454	0.0328597
7453	7454	0.0328597
7454	7455	0.0328218
6156	7455	0.0328218
7096	7456	0.0350125
7387	7456	0.0350125
7456	7457	0.0334863
2452	7457	0.0334863
7389	7458	0.0326351
1940	7458	0.0326351
3527	7459	0.0325311
5012	7459	0.0325311
7402	7460	0.0319987
2077	7460	0.0319987
7460	7461	0.0319881
2717	7461	0.0319881
7458	7461	0.0319881
2108	7462	0.0321549
7439	7462	0.0321549
7461	7463	0.0319441
7462	7463	0.0319441
7463	7464	0.0319359
3078	7464	0.0319359
1771	7465	0.0321228
7437	7465	0.0321228
109	7466	0.0320974
7465	7466	0.0320974
3600	7467	0.0320885
7466	7467	0.0320885
6171	7468	0.0319264
7467	7468	0.0319264
7446	7469	0.0319865
7451	7469	0.0319865
7464	7470	0.031913
7284	7470	0.031913
7468	7470	0.031913
7328	7470	0.031913
119	7470	0.031913
7440	7470	0.031913
7469	7470	0.031913
7340	7471	0.0318621
7470	7471	0.0318621
7471	7472	0.0318478
7459	7472	0.0318478
3601	7473	0.0318434
7472	7473	0.0318434
6859	7474	0.0317837
7473	7474	0.0317837
7474	7475	0.031767
2812	7475	0.031767
1324	7476	0.0317517
7475	7476	0.0317517
7476	7477	0.0317174
5526	7477	0.0317174
659	7478	0.0316793
7477	7478	0.0316793
1773	7479	0.0316612
7478	7479	0.0316612
6626	7480	0.0316404
7479	7480	0.0316404
470	7481	0.0316389
7480	7481	0.0316389
1348	7482	0.0315613
7481	7482	0.0315613
7392	7483	0.0315584
7482	7483	0.0315584
4668	7484	0.0315447
7483	7484	0.0315447
7104	7485	0.0315076
7484	7485	0.0315076
1920	7486	0.0315059
7485	7486	0.0315059
3844	7487	0.0314772
7486	7487	0.0314772
7149	7488	0.031453
7487	7488	0.031453
7488	7489	0.0313749
2808	7489	0.0313749
7489	7490	0.031374
4738	7490	0.031374
7490	7491	0.0311925
4224	7491	0.0311925
7491	7492	0.0310915
7317	7492	0.0310915
7404	7493	0.0310771
7492	7493	0.0310771
4329	7494	0.0310171
7493	7494	0.0310171
7455	7495	0.0315491
7457	7495	0.0315491
7495	7496	0.0311665
3952	7496	0.0311665
4066	7497	0.0321051
4688	7497	0.0321051
7180	7498	0.0321138
4846	7498	0.0321138
4792	7499	0.0309552
4828	7499	0.0309552
7494	7499	0.0309552
7499	7500	0.0308784
138	7500	0.0308784
7287	7501	0.0308334
7500	7501	0.0308334
2340	7501	0.0308334
5250	7501	0.0308334
3556	7502	0.0306303
7501	7502	0.0306303
7407	7503	0.0305988
7502	7503	0.0305988
3441	7504	0.0305777
7503	7504	0.0305777
1891	7505	0.0305298
5073	7505	0.0305298
7504	7505	0.0305298
7505	7506	0.0305025
7497	7506	0.0305025
7506	7507	0.0304861
4873	7507	0.0304861
6897	7508	0.0304804
7507	7508	0.0304804
7438	7509	0.0304715
7388	7509	0.0304715
2664	7510	0.0303794
7496	7510	0.0303794
7508	7511	0.0302496
7510	7511	0.0302496
7511	7512	0.0301935
5834	7512	0.0301935
4818	7513	0.0300778
7512	7513	0.0300778
7509	7514	0.0300424
7513	7514	0.0300424
6063	7514	0.0300424
7514	7515	0.0300138
7498	7515	0.0300138
7343	7516	0.0299681
7515	7516	0.0299681
7516	7517	0.0299053
3680	7517	0.0299053
7517	7518	0.0299035
563	7518	0.0299035
7518	7519	0.0297643
5966	7519	0.0297643
7519	7520	0.0297299
350	7520	0.0297299
3346	7521	0.0296901
7520	7521	0.0296901
7390	7522	0.0296391
7521	7522	0.0296391
7522	7523	0.0296235
6985	7523	0.0296235
6702	7524	0.0295996
7523	7524	0.0295996
1787	7525	0.0295819
7524	7525	0.0295819
7525	7526	0.029476
625	7526	0.029476
7526	7527	0.0294488
6106	7527	0.0294488
1632	7528	0.0294321
7527	7528	0.0294321
7528	7529	0.0293844
5544	7529	0.0293844
655	7530	0.029375
7529	7530	0.029375
4121	7531	0.0293411
7530	7531	0.0293411
4957	7532	0.0293125
7531	7532	0.0293125
7532	7533	0.0292781
7047	7533	0.0292781
1674	7534	0.029276
7533	7534	0.029276
7534	7535	0.0292716
925	7535	0.0292716
6524	7536	0.041303
4253	7536	0.041303
7536	7537	0.0408725
2637	7537	0.0408725
4627	7538	0.0382776
7537	7538	0.0382776
2953	7539	0.0373964
5158	7539	0.0373964
978	7540	0.0344926
7539	7540	0.0344926
3918	7541	0.033266
7540	7541	0.033266
7538	7542	0.0330016
7541	7542	0.0330016
7082	7543	0.0312359
7542	7543	0.0312359
6237	7544	0.0296222
7543	7544	0.0296222
7544	7545	0.0293348
4637	7545	0.0293348
6552	7546	0.0385163
6557	7546	0.0385163
7546	7547	0.035878
4288	7547	0.035878
7547	7548	0.0304415
3969	7548	0.0304415
34	7549	0.0325143
5906	7549	0.0325143
6899	7550	0.0390805
533	7550	0.0390805
4180	7551	0.0377606
7550	7551	0.0377606
4455	7552	0.0376656
7551	7552	0.0376656
96	7553	0.037625
7552	7553	0.037625
5194	7554	0.0416142
36	7554	0.0416142
6582	7555	0.0397188
7554	7555	0.0397188
746	7556	0.0357954
7555	7556	0.0357954
7556	7557	0.0349997
2495	7557	0.0349997
7557	7558	0.0328115
4874	7558	0.0328115
7043	7559	0.0393868
4105	7559	0.0393868
7559	7560	0.0367633
3995	7560	0.0367633
4090	7561	0.0348129
7560	7561	0.0348129
6598	7562	0.0319151
2087	7562	0.0319151
7562	7563	0.0315076
479	7563	0.0315076
7561	7564	0.0306752
7563	7564	0.0306752
7564	7565	0.0303631
5029	7565	0.0303631
6906	7566	0.036058
4261	7566	0.036058
6586	7567	0.0428419
1508	7567	0.0428419
7567	7568	0.0427856
733	7568	0.0427856
6982	7569	0.0398375
7568	7569	0.0398375
137	7570	0.0409901
2039	7570	0.0409901
5348	7571	0.0394673
4431	7571	0.0394673
7570	7572	0.0390935
7571	7572	0.0390935
7572	7573	0.0374377
7569	7573	0.0374377
7573	7574	0.037277
1880	7574	0.037277
6917	7575	0.0406663
5615	7575	0.0406663
212	7576	0.0430513
6920	7576	0.0430513
6903	7577	0.0429802
7576	7577	0.0429802
1772	7578	0.0397453
7575	7578	0.0397453
1140	7579	0.0383435
7578	7579	0.0383435
7579	7580	0.0367894
7577	7580	0.0367894
6841	7581	0.0417428
6963	7581	0.0417428
7581	7582	0.041388
910	7582	0.041388
7582	7583	0.0385285
2626	7583	0.0385285
2441	7583	0.0385285
3611	7584	0.0363715
7583	7584	0.0363715
7584	7585	0.0360299
3945	7585	0.0360299
6908	7586	0.0359448
7574	7586	0.0359448
7586	7587	0.0357809
3927	7587	0.0357809
7585	7588	0.0352002
7587	7588	0.0352002
7588	7589	0.0344556
2634	7589	0.0344556
7078	7590	0.0335148
7589	7590	0.0335148
6909	7591	0.0350343
7580	7591	0.0350343
236	7592	0.0325727
7590	7592	0.0325727
7592	7593	0.0324601
3713	7593	0.0324601
7593	7594	0.0318509
5592	7594	0.0318509
7594	7595	0.031336
4082	7595	0.031336
7595	7596	0.0296273
7591	7596	0.0296273
4142	7597	0.0295143
7596	7597	0.0295143
1196	7598	0.0353584
3881	7598	0.0353584
519	7599	0.0391724
64	7599	0.0391724
7599	7600	0.0339065
1098	7600	0.0339065
7600	7601	0.0337619
5939	7601	0.0337619
7601	7602	0.029388
1313	7602	0.029388
531	7603	0.0304276
3325	7603	0.0304276
6599	7604	0.0347122
5948	7604	0.0347122
7604	7605	0.0333352
6166	7605	0.0333352
7605	7606	0.0314013
2901	7606	0.0314013
7606	7607	0.0306969
1501	7607	0.0306969
537	7608	0.0365939
3573	7608	0.0365939
7608	7609	0.0323077
79	7609	0.0323077
818	7610	0.0371659
5959	7610	0.0371659
6603	7611	0.0365323
7610	7611	0.0365323
887	7612	0.0360234
7611	7612	0.0360234
7612	7613	0.0338283
6104	7613	0.0338283
2205	7614	0.0295222
7613	7614	0.0295222
6608	7615	0.0347141
3803	7615	0.0347141
4827	7616	0.0340364
7615	7616	0.0340364
6851	7617	0.0354538
352	7617	0.0354538
7617	7618	0.0338096
4977	7618	0.0338096
7616	7619	0.0310807
7618	7619	0.0310807
6622	7620	0.0418958
405	7620	0.0418958
3776	7621	0.0398445
7620	7621	0.0398445
3812	7622	0.0393736
292	7622	0.0393736
6641	7623	0.0373367
7622	7623	0.0373367
7621	7624	0.0360794
1169	7624	0.0360794
7074	7625	0.0360269
7624	7625	0.0360269
7625	7626	0.0330465
6948	7626	0.0330465
7626	7627	0.0301798
7623	7627	0.0301798
2490	7628	0.0299596
7627	7628	0.0299596
7628	7629	0.0297633
478	7629	0.0297633
6624	7630	0.0421306
7177	7630	0.0421306
7630	7631	0.0337265
4612	7631	0.0337265
7176	7632	0.0358668
99	7632	0.0358668
349	7633	0.0352997
3428	7633	0.0352997
3203	7634	0.0352829
7633	7634	0.0352829
315	7635	0.042873
3148	7635	0.042873
3108	7636	0.0427484
3783	7636	0.0427484
4578	7637	0.0376009
1638	7637	0.0376009
3487	7638	0.0351055
7637	7638	0.0351055
6794	7639	0.0399317
4217	7639	0.0399317
4541	7640	0.036123
7639	7640	0.036123
819	7641	0.0378672
5288	7641	0.0378672
5063	7642	0.0369696
7641	7642	0.0369696
7638	7643	0.0334948
7642	7643	0.0334948
7643	7644	0.0324188
5947	7644	0.0324188
7644	7645	0.0323567
6043	7645	0.0323567
7640	7646	0.0301508
2474	7646	0.0301508
7646	7647	0.0296963
7645	7647	0.0296963
6648	7648	0.0363105
354	7648	0.0363105
1219	7649	0.0406733
3070	7649	0.0406733
7649	7650	0.0346441
1067	7650	0.0346441
6670	7651	0.0385849
147	7651	0.0385849
2671	7652	0.0350334
7651	7652	0.0350334
5957	7653	0.0333633
7652	7653	0.0333633
653	7654	0.0333194
7653	7654	0.0333194
7654	7655	0.0330966
390	7655	0.0330966
7655	7656	0.0320334
2673	7656	0.0320334
7656	7657	0.0301386
1603	7657	0.0301386
7657	7658	0.0293031
5680	7658	0.0293031
154	7659	0.0410303
1262	7659	0.0410303
3490	7660	0.0384595
7659	7660	0.0384595
2919	7661	0.0295133
682	7661	0.0295133
5082	7662	0.0429802
657	7662	0.0429802
7662	7663	0.0405251
6879	7663	0.0405251
4289	7664	0.042739
7111	7664	0.042739
7664	7665	0.0417547
3146	7665	0.0417547
6880	7666	0.0413965
7665	7666	0.0413965
6679	7667	0.0427322
6691	7667	0.0427322
4212	7668	0.0426293
7667	7668	0.0426293
7668	7669	0.0422039
6700	7669	0.0422039
6692	7670	0.0412596
7669	7670	0.0412596
4731	7671	0.0406646
7670	7671	0.0406646
7671	7672	0.0386683
3569	7672	0.0386683
5419	7673	0.0378104
7672	7673	0.0378104
6068	7674	0.0429886
5033	7674	0.0429886
7674	7675	0.0411292
2037	7675	0.0411292
177	7676	0.0395376
949	7676	0.0395376
7675	7677	0.0385132
7676	7677	0.0385132
3906	7678	0.0381447
7677	7678	0.0381447
7678	7679	0.0374578
6014	7679	0.0374578
1933	7680	0.037834
5227	7680	0.037834
7666	7681	0.0366553
7680	7681	0.0366553
7681	7682	0.0361836
7673	7682	0.0361836
2034	7683	0.0357809
235	7683	0.0357809
7679	7683	0.0357809
1522	7684	0.0348868
7683	7684	0.0348868
1016	7685	0.0340025
7684	7685	0.0340025
7685	7686	0.0329176
1839	7686	0.0329176
4678	7687	0.0354738
2497	7687	0.0354738
7682	7688	0.0321154
2811	7688	0.0321154
7688	7689	0.0312359
5678	7689	0.0312359
1812	7690	0.0321138
5355	7690	0.0321138
7686	7691	0.0318871
3760	7691	0.0318871
3099	7692	0.0316522
7691	7692	0.0316522
7663	7693	0.0311092
3628	7693	0.0311092
7693	7694	0.0310929
7689	7694	0.0310929
7687	7694	0.0310929
7692	7694	0.0310929
7694	7695	0.0307801
3594	7695	0.0307801
7690	7696	0.0301067
7695	7696	0.0301067
7696	7697	0.0296855
696	7697	0.0296855
4131	7698	0.0295436
7697	7698	0.0295436
6788	7699	0.0416327
1128	7699	0.0416327
7699	7700	0.0383119
4413	7700	0.0383119
4373	7701	0.0316148
3400	7701	0.0316148
260	7702	0.0424959
2475	7702	0.0424959
6803	7703	0.0385627
7702	7703	0.0385627
981	7704	0.0424157
1106	7704	0.0424157
7704	7705	0.0391327
2201	7705	0.0391327
6231	7706	0.0369673
4831	7706	0.0369673
3974	7707	0.0353093
7703	7707	0.0353093
7707	7708	0.0351449
7705	7708	0.0351449
7706	7709	0.0323637
7708	7709	0.0323637
6931	7710	0.0409537
623	7710	0.0409537
7710	7711	0.037731
904	7711	0.037731
7711	7712	0.0366261
5634	7712	0.0366261
5338	7713	0.0300526
7021	7713	0.0300526
6809	7714	0.0297376
7713	7714	0.0297376
6815	7715	0.0360889
2684	7715	0.0360889
7715	7716	0.0358563
2061	7716	0.0358563
2451	7717	0.0320625
4853	7717	0.0320625
2682	7718	0.0315709
4319	7718	0.0315709
7717	7719	0.0315175
7718	7719	0.0315175
7716	7720	0.0311917
7719	7720	0.0311917
7087	7721	0.0308228
7720	7721	0.0308228
7721	7722	0.0292735
6049	7722	0.0292735
6817	7723	0.0422477
544	7723	0.0422477
6844	7724	0.039132
322	7724	0.039132
7724	7725	0.036913
931	7725	0.036913
2599	7726	0.0351206
1788	7726	0.0351206
356	7727	0.0407053
5914	7727	0.0407053
986	7728	0.0363203
4598	7728	0.0363203
6857	7729	0.0406347
3799	7729	0.0406347
7729	7730	0.0387969
4388	7730	0.0387969
7730	7731	0.032698
4851	7731	0.032698
1309	7732	0.0303057
7731	7732	0.0303057
7732	7733	0.0293331
3899	7733	0.0293331
400	7734	0.0342391
7065	7734	0.0342391
6870	7735	0.038393
3353	7735	0.038393
7735	7736	0.0336413
950	7736	0.0336413
5990	7737	0.0400259
1898	7737	0.0400259
6895	7738	0.0396261
7737	7738	0.0396261
7738	7739	0.0304058
2227	7739	0.0304058
1384	7740	0.0298029
4021	7740	0.0298029
529	7741	0.0293217
7740	7741	0.0293217
6901	7742	0.0401868
2230	7742	0.0401868
7742	7743	0.0396424
2187	7743	0.0396424
7743	7744	0.038927
535	7744	0.038927
7744	7745	0.0373288
5508	7745	0.0373288
7745	7746	0.0323765
2708	7746	0.0323765
5304	7747	0.0358589
2986	7747	0.0358589
7747	7748	0.0305052
545	7748	0.0305052
6902	7749	0.0428506
546	7749	0.0428506
2409	7750	0.0421807
6952	7750	0.0421807
7750	7751	0.0378889
1938	7751	0.0378889
7751	7752	0.0369845
4579	7752	0.0369845
7752	7753	0.0297229
5931	7753	0.0297229
6922	7754	0.0292588
560	7754	0.0292588
1636	7755	0.0323982
596	7755	0.0323982
677	7756	0.0308655
3807	7756	0.0308655
6960	7757	0.029501
679	7757	0.029501
2104	7758	0.0414733
3211	7758	0.0414733
4670	7759	0.0395303
2304	7759	0.0395303
7759	7760	0.0321851
5811	7760	0.0321851
6966	7761	0.0345831
5325	7761	0.0345831
7145	7762	0.0342339
7761	7762	0.0342339
6969	7763	0.0433559
7179	7763	0.0433559
7763	7764	0.0410567
4470	7764	0.0410567
7764	7765	0.040244
4545	7765	0.040244
7765	7766	0.034993
5256	7766	0.034993
7766	7767	0.0308221
4475	7767	0.0308221
1644	7768	0.041525
759	7768	0.041525
3621	7769	0.0378109
3623	7769	0.0378109
7769	7770	0.0357915
2864	7770	0.0357915
7768	7771	0.0349031
3754	7771	0.0349031
7770	7771	0.0349031
5454	7772	0.0327126
7771	7772	0.0327126
6988	7773	0.0358973
4806	7773	0.0358973
7003	7774	0.0319548
6180	7774	0.0319548
4910	7775	0.0295852
7774	7775	0.0295852
7024	7776	0.0385699
2766	7776	0.0385699
7776	7777	0.0383516
7050	7777	0.0383516
7026	7778	0.0336877
2249	7778	0.0336877
3972	7779	0.0293723
932	7779	0.0293723
2358	7780	0.0298522
3960	7780	0.0298522
1823	7781	0.0297487
7780	7781	0.0297487
7781	7782	0.0296661
3501	7782	0.0296661
7044	7783	0.036397
1965	7783	0.036397
2194	7784	0.0309768
1181	7784	0.0309768
5607	7785	0.0321286
6090	7785	0.0321286
1116	7786	0.0421524
7113	7786	0.0421524
6015	7787	0.0393237
2231	7787	0.0393237
1160	7788	0.0422966
1794	7788	0.0422966
7073	7789	0.0413754
7788	7789	0.0413754
7789	7790	0.039225
1894	7790	0.039225
7076	7791	0.0296739
4863	7791	0.0296739
2822	7792	0.0345403
1209	7792	0.0345403
7090	7793	0.0430882
1860	7793	0.0430882
3830	7794	0.0427658
7793	7794	0.0427658
4591	7795	0.042568
7794	7795	0.042568
3037	7796	0.0293001
1655	7796	0.0293001
7088	7797	0.0338737
7092	7797	0.0338737
7797	7798	0.0324587
3833	7798	0.0324587
1454	7799	0.0313508
5347	7799	0.0313508
3890	7800	0.0294067
5367	7800	0.0294067
7130	7801	0.0356411
5365	7801	0.0356411
2686	7802	0.0363924
2710	7802	0.0363924
4724	7803	0.0360677
2759	7803	0.0360677
7803	7804	0.0353748
7802	7804	0.0353748
7804	7805	0.0304566
1722	7805	0.0304566
7146	7806	0.0359995
5949	7806	0.0359995
3579	7807	0.0337583
2430	7807	0.0337583
7807	7808	0.0324158
4351	7808	0.0324158
2391	7809	0.0382371
6179	7809	0.0382371
4422	7810	0.0361867
7809	7810	0.0361867
6241	7811	0.0399322
2007	7811	0.0399322
5700	7812	0.0424163
5704	7812	0.0424163
5268	7813	0.0373667
7812	7813	0.0373667
7813	7814	0.0330752
3737	7814	0.0330752
2052	7815	0.031556
5889	7815	0.031556
7160	7816	0.0372192
5357	7816	0.0372192
7816	7817	0.0364887
5146	7817	0.0364887
7817	7818	0.0320593
4618	7818	0.0320593
7818	7819	0.0300303
2946	7819	0.0300303
4772	7820	0.0377675
2607	7820	0.0377675
4225	7821	0.0297196
3957	7821	0.0297196
5998	7822	0.0344192
4094	7822	0.0344192
4734	7823	0.0410466
3946	7823	0.0410466
5121	7824	0.0406363
4079	7824	0.0406363
5382	7825	0.0390564
7824	7825	0.0390564
5713	7826	0.031003
7825	7826	0.031003
3958	7827	0.0290228
7609	7827	0.0290228
7827	7828	0.028389
5328	7828	0.028389
1047	7829	0.0279172
7828	7829	0.0279172
6602	7830	0.0278937
7829	7830	0.0278937
7830	7831	0.0270479
1070	7831	0.0270479
7709	7832	0.0280233
1761	7832	0.0280233
7181	7833	0.0263425
7831	7833	0.0263425
6949	7834	0.0267124
7832	7834	0.0267124
7701	7835	0.0247753
7834	7835	0.0247753
7833	7836	0.0245275
7835	7836	0.0245275
5329	7837	0.0249647
2192	7837	0.0249647
3792	7838	0.0288132
6858	7838	0.0288132
7636	7839	0.0284128
3685	7839	0.0284128
7075	7840	0.026905
7839	7840	0.026905
1795	7840	0.026905
7085	7841	0.0269874
2257	7841	0.0269874
7107	7842	0.0261161
7841	7842	0.0261161
7762	7843	0.0290184
5694	7843	0.0290184
6666	7844	0.0250234
7843	7844	0.0250234
3517	7845	0.0249681
7844	7845	0.0249681
7822	7846	0.0273469
3643	7846	0.0273469
7108	7847	0.0271625
7846	7847	0.0271625
5047	7848	0.0261459
7847	7848	0.0261459
316	7849	0.0251004
7848	7849	0.0251004
6086	7850	0.0247118
7849	7850	0.0247118
7820	7851	0.024684
7850	7851	0.024684
7741	7852	0.0279999
7801	7852	0.0279999
1200	7853	0.0284804
7614	7853	0.0284804
7853	7854	0.0267879
1748	7854	0.0267879
7854	7855	0.0267581
4780	7855	0.0267581
7733	7856	0.0292345
4181	7856	0.0292345
7856	7857	0.028902
398	7857	0.028902
4530	7858	0.0290394
7194	7858	0.0290394
5323	7859	0.0279656
189	7859	0.0279656
1390	7860	0.027711
7859	7860	0.027711
3390	7861	0.0274743
7860	7861	0.0274743
7723	7862	0.0289575
5774	7862	0.0289575
7185	7863	0.027875
754	7863	0.027875
7203	7864	0.0291634
1986	7864	0.0291634
7864	7865	0.0285728
2381	7865	0.0285728
7565	7866	0.0286383
5708	7866	0.0286383
7597	7867	0.0291956
2480	7867	0.0291956
902	7868	0.0291667
7234	7868	0.0291667
7535	7869	0.0292179
5567	7869	0.0292179
7869	7870	0.0291473
3712	7870	0.0291473
7870	7871	0.0291339
7722	7871	0.0291339
7871	7872	0.0291173
7786	7872	0.0291173
7872	7873	0.0291097
1981	7873	0.0291097
7873	7874	0.0290775
28	7874	0.0290775
6973	7875	0.0290539
7874	7875	0.0290539
4526	7876	0.028918
7875	7876	0.028918
7756	7877	0.0288649
7876	7877	0.0288649
7877	7878	0.0288461
3941	7878	0.0288461
7878	7879	0.0288437
3489	7879	0.0288437
7879	7880	0.028841
7714	7880	0.028841
7232	7881	0.028783
7868	7881	0.028783
7880	7881	0.028783
7867	7882	0.0285582
7881	7882	0.0285582
2145	7882	0.0285582
7188	7883	0.0284947
7882	7883	0.0284947
7865	7884	0.0283535
7161	7884	0.0283535
7883	7884	0.0283535
5042	7885	0.0281756
7884	7885	0.0281756
7109	7886	0.0281648
7885	7886	0.0281648
2070	7886	0.0281648
7886	7887	0.0281245
7757	7887	0.0281245
7887	7888	0.0281237
7619	7888	0.0281237
7888	7889	0.028108
6223	7889	0.028108
89	7890	0.0280974
7889	7890	0.0280974
3263	7891	0.0280664
7890	7891	0.0280664
807	7891	0.0280664
7712	7892	0.0279531
7891	7892	0.0279531
1064	7893	0.0279327
7892	7893	0.0279327
7893	7894	0.027921
3350	7894	0.027921
7866	7895	0.0279045
7894	7895	0.0279045
7895	7896	0.0278595
7755	7896	0.0278595
7896	7897	0.0277896
4640	7897	0.0277896
2151	7898	0.0277776
7897	7898	0.0277776
7545	7899	0.0291874
2011	7899	0.0291874
6228	7900	0.0287788
7899	7900	0.0287788
7558	7901	0.0291988
786	7901	0.0291988
7901	7902	0.028262
1598	7902	0.028262
5784	7903	0.0283935
7698	7903	0.0283935
1406	7904	0.0283031
7903	7904	0.0283031
7753	7905	0.028695
1445	7905	0.028695
7784	7906	0.0286018
1040	7906	0.0286018
7906	7907	0.0277683
5446	7907	0.0277683
7141	7908	0.0286835
2632	7908	0.0286835
7166	7909	0.028214
2895	7909	0.028214
7898	7910	0.0277577
763	7910	0.0277577
1551	7911	0.0277477
7910	7911	0.0277477
7911	7912	0.0277445
5091	7912	0.0277445
4961	7913	0.0276611
7912	7913	0.0276611
7913	7914	0.0276336
1995	7914	0.0276336
7914	7915	0.0276272
7902	7915	0.0276272
7904	7915	0.0276272
2819	7916	0.0275917
7915	7916	0.0275917
7783	7917	0.0275888
7916	7917	0.0275888
7767	7918	0.0276981
4467	7918	0.0276981
3293	7919	0.0275685
7917	7919	0.0275685
7919	7920	0.0275594
814	7920	0.0275594
4308	7921	0.0275291
7920	7921	0.0275291
7921	7922	0.0275259
7905	7922	0.0275259
7922	7923	0.0275144
5248	7923	0.0275144
7805	7923	0.0275144
7754	7923	0.0275144
7923	7924	0.0274765
3339	7924	0.0274765
7924	7925	0.027387
7918	7925	0.027387
5816	7925	0.027387
7925	7926	0.027374
5187	7926	0.027374
7926	7927	0.0273627
7631	7927	0.0273627
7632	7927	0.0273627
1712	7927	0.0273627
7927	7928	0.0273592
7907	7928	0.0273592
3544	7929	0.0273407
4302	7929	0.0273407
7928	7929	0.0273407
7900	7930	0.0276955
2172	7930	0.0276955
7799	7930	0.0276955
7930	7931	0.0274368
2014	7931	0.0274368
7798	7932	0.0275139
2458	7932	0.0275139
7929	7933	0.0273241
3795	7933	0.0273241
7933	7934	0.0273226
2962	7934	0.0273226
7863	7935	0.0273072
7934	7935	0.0273072
2992	7936	0.0273011
7935	7936	0.0273011
7936	7937	0.0273
7908	7937	0.0273
5922	7938	0.0272173
7937	7938	0.0272173
654	7939	0.027214
2807	7939	0.027214
5169	7939	0.027214
7938	7939	0.027214
7760	7939	0.027214
3183	7939	0.027214
4775	7939	0.027214
2297	7939	0.027214
7939	7940	0.0271625
7909	7940	0.0271625
7725	7941	0.0271426
7940	7941	0.0271426
7941	7942	0.0270529
667	7942	0.0270529
7942	7943	0.0270376
7931	7943	0.0270376
3603	7943	0.0270376
7943	7944	0.0270251
1553	7944	0.0270251
7944	7945	0.0270119
3637	7945	0.0270119
4762	7946	0.0269402
7945	7946	0.0269402
7946	7947	0.0269072
5315	7947	0.0269072
7947	7948	0.0267899
3624	7948	0.0267899
7796	7949	0.0268375
7932	7949	0.0268375
7948	7950	0.0267879
2206	7950	0.0267879
7950	7951	0.0267823
5200	7951	0.0267823
2513	7952	0.0267628
7951	7952	0.0267628
7952	7953	0.0267332
5611	7953	0.0267332
7953	7954	0.0267259
7795	7954	0.0267259
7949	7954	0.0267259
3884	7955	0.0267011
7954	7955	0.0267011
6061	7956	0.0273036
3751	7956	0.0273036
4536	7957	0.027234
7956	7957	0.027234
2002	7958	0.0279005
7548	7958	0.0279005
2074	7959	0.0289565
2424	7959	0.0289565
7959	7960	0.0286794
3699	7960	0.0286794
4948	7961	0.0285833
3354	7961	0.0285833
7602	7962	0.0283201
1243	7962	0.0283201
7598	7963	0.0269497
7962	7963	0.0269497
2718	7964	0.0279849
7629	7964	0.0279849
2000	7965	0.0275144
7964	7965	0.0275144
7965	7966	0.0273596
4254	7966	0.0273596
3237	7967	0.028244
7648	7967	0.028244
1127	7968	0.0281116
7658	7968	0.0281116
7967	7969	0.027159
7968	7969	0.027159
7727	7970	0.028106
7746	7970	0.028106
3259	7971	0.0273816
7970	7971	0.0273816
7971	7972	0.0272226
647	7972	0.0272226
7650	7973	0.0271503
7972	7973	0.0271503
5591	7974	0.0270941
7973	7974	0.0270941
6898	7975	0.0289294
5543	7975	0.0289294
6953	7976	0.0291368
891	7976	0.0291368
5840	7977	0.025588
5801	7977	0.025588
5869	7977	0.025588
7858	7977	0.025588
7861	7978	0.025665
7700	7978	0.025665
3613	7979	0.0262913
7960	7979	0.0262913
7957	7980	0.026083
7958	7980	0.026083
7862	7981	0.0266084
5553	7981	0.0266084
7197	7982	0.0266962
7955	7982	0.0266962
7982	7983	0.0266304
692	7983	0.0266304
7983	7984	0.0265758
7779	7984	0.0265758
4207	7985	0.026562
7984	7985	0.026562
7985	7986	0.026552
5462	7986	0.026552
7986	7987	0.0265495
4548	7987	0.0265495
7987	7988	0.0265302
4840	7988	0.0265302
7988	7989	0.0265181
2243	7989	0.0265181
7989	7990	0.0265026
7966	7990	0.0265026
6798	7990	0.0265026
1639	7990	0.0265026
7990	7991	0.0264997
7607	7991	0.0264997
7991	7992	0.0264736
1197	7992	0.0264736
7791	7993	0.0264615
7992	7993	0.0264615
7974	7994	0.0264675
2705	7994	0.0264675
6821	7995	0.0264451
7993	7995	0.0264451
6134	7996	0.0264309
7995	7996	0.0264309
1212	7997	0.0263695
7996	7997	0.0263695
7997	7998	0.0263633
1937	7998	0.0263633
7998	7999	0.0263586
7994	7999	0.0263586
5205	7999	0.0263586
7999	8000	0.0263281
5135	8000	0.0263281
8000	8001	0.0262785
2788	8001	0.0262785
8001	8002	0.026207
2345	8002	0.026207
7144	8003	0.0262034
8002	8003	0.0262034
8003	8004	0.02617
4052	8004	0.02617
3336	8005	0.0261356
8004	8005	0.0261356
7981	8006	0.0261268
8005	8006	0.0261268
8006	8007	0.0261161
1851	8007	0.0261161
8007	8008	0.0260999
2258	8008	0.0260999
2171	8009	0.0260753
8008	8009	0.0260753
8009	8010	0.0260308
3607	8010	0.0260308
8010	8011	0.026029
4177	8011	0.026029
2594	8012	0.0259827
8011	8012	0.0259827
8012	8013	0.0259627
1968	8013	0.0259627
8013	8014	0.0259456
3003	8014	0.0259456
8014	8015	0.0259264
6875	8015	0.0259264
2562	8015	0.0259264
7660	8016	0.0258572
8015	8016	0.0258572
6930	8017	0.0258465
4046	8017	0.0258465
8016	8017	0.0258465
8017	8018	0.0258429
1294	8018	0.0258429
8018	8019	0.0258416
146	8019	0.0258416
7093	8020	0.0258303
8019	8020	0.0258303
7027	8021	0.0258139
8020	8021	0.0258139
8021	8022	0.0258127
2503	8022	0.0258127
1796	8023	0.0258125
8022	8023	0.0258125
6970	8024	0.0257985
8023	8024	0.0257985
8024	8025	0.0257607
3820	8025	0.0257607
7980	8026	0.0257488
8025	8026	0.0257488
1521	8026	0.0257488
2299	8027	0.0256714
8026	8027	0.0256714
8027	8028	0.0256321
1147	8028	0.0256321
8028	8029	0.0256216
747	8029	0.0256216
8029	8030	0.0256129
1780	8030	0.0256129
8030	8031	0.0255825
5486	8031	0.0255825
7081	8032	0.0255813
8031	8032	0.0255813
8032	8033	0.0255292
1462	8033	0.0255292
3896	8034	0.0255193
8033	8034	0.0255193
6558	8035	0.0263242
7969	8035	0.0263242
8035	8036	0.0259064
4735	8036	0.0259064
8036	8037	0.02574
2186	8037	0.02574
7963	8038	0.0263949
4978	8038	0.0263949
345	8039	0.0261848
7792	8039	0.0261848
7976	8040	0.0261661
5699	8040	0.0261661
855	8041	0.0264642
5159	8041	0.0264642
7782	8042	0.0259511
959	8042	0.0259511
8034	8043	0.025506
1360	8043	0.025506
7978	8044	0.0254969
8043	8044	0.0254969
7961	8044	0.0254969
8038	8044	0.0254969
6933	8045	0.0254793
8044	8045	0.0254793
1658	8046	0.0254781
8045	8046	0.0254781
8046	8047	0.0254764
1590	8047	0.0254764
8047	8048	0.0254507
1697	8048	0.0254507
8048	8049	0.0254281
3836	8049	0.0254281
8049	8050	0.0254146
3850	8050	0.0254146
8050	8051	0.0253515
8040	8051	0.0253515
8051	8052	0.0253251
8042	8052	0.0253251
5517	8053	0.0253069
8052	8053	0.0253069
5751	8053	0.0253069
7153	8054	0.0253047
8053	8054	0.0253047
8054	8055	0.0252755
8037	8055	0.0252755
8055	8056	0.0252655
921	8056	0.0252655
2211	8057	0.0252646
8056	8057	0.0252646
8057	8058	0.0252409
5876	8058	0.0252409
7163	8059	0.0251714
8058	8059	0.0251714
8059	8060	0.0251671
2532	8060	0.0251671
8060	8061	0.0251418
5802	8061	0.0251418
8061	8062	0.025077
4119	8062	0.025077
8062	8063	0.0250721
282	8063	0.0250721
7002	8064	0.02505
8063	8064	0.02505
8064	8065	0.0250445
2156	8065	0.0250445
8065	8066	0.0250279
2406	8066	0.0250279
8066	8067	0.0250166
4855	8067	0.0250166
8067	8068	0.0250088
4204	8068	0.0250088
8068	8069	0.0249835
7975	8069	0.0249835
5085	8070	0.0249624
8069	8070	0.0249624
7184	8071	0.0249546
8070	8071	0.0249546
8071	8072	0.0249414
706	8072	0.0249414
8072	8073	0.0249326
5351	8073	0.0249326
40	8074	0.0249282
8073	8074	0.0249282
4628	8075	0.0253128
4034	8075	0.0253128
7977	8076	0.0249101
8074	8076	0.0249101
1714	8076	0.0249101
3000	8077	0.0249073
8076	8077	0.0249073
8041	8077	0.0249073
2996	8078	0.0248883
8077	8078	0.0248883
8078	8079	0.0248747
4163	8079	0.0248747
7979	8080	0.0248663
8079	8080	0.0248663
57	8080	0.0248663
4854	8081	0.0248646
8080	8081	0.0248646
8081	8082	0.0248535
1385	8082	0.0248535
8082	8083	0.0248518
6193	8083	0.0248518
5276	8084	0.0248394
8083	8084	0.0248394
8084	8085	0.0248051
2229	8085	0.0248051
279	8086	0.0247971
8085	8086	0.0247971
163	8087	0.0247967
8086	8087	0.0247967
8087	8088	0.0247556
8075	8088	0.0247556
8088	8089	0.0247338
1613	8089	0.0247338
8089	8090	0.0247263
4664	8090	0.0247263
7739	8091	0.0247135
8090	8091	0.0247135
8091	8092	0.0247118
4567	8092	0.0247118
7143	8093	0.024703
8092	8093	0.024703
8093	8094	0.0246854
1907	8094	0.0246854
5967	8095	0.0246793
8094	8095	0.0246793
7156	8096	0.0246745
8095	8096	0.0246745
6847	8097	0.024665
1621	8097	0.024665
8096	8097	0.024665
7726	8097	0.024665
6993	8097	0.024665
3908	8097	0.024665
8039	8097	0.024665
8097	8098	0.0246306
5197	8098	0.0246306
4702	8099	0.0246177
8098	8099	0.0246177
2538	8100	0.0246154
8099	8100	0.0246154
5622	8101	0.0245972
8100	8101	0.0245972
1204	8102	0.0245964
8101	8102	0.0245964
7162	8103	0.024594
8102	8103	0.024594
8103	8104	0.0245876
1563	8104	0.0245876
543	8105	0.0245615
8104	8105	0.0245615
8105	8106	0.0245556
888	8106	0.0245556
6848	8107	0.0245326
8106	8107	0.0245326
1861	8108	0.0260774
7647	8108	0.0260774
8108	8109	0.0245778
2863	8109	0.0245778
7661	8110	0.0287121
160	8110	0.0287121
6673	8111	0.0278233
8110	8111	0.0278233
3456	8112	0.0269679
348	8112	0.0269679
877	8113	0.0262024
8112	8113	0.0262024
8113	8114	0.0250585
687	8114	0.0250585
7140	8115	0.0245685
8114	8115	0.0245685
6071	8116	0.0249307
363	8116	0.0249307
3756	8117	0.025029
7734	8117	0.025029
7736	8118	0.0271184
4706	8118	0.0271184
1281	8119	0.0273044
762	8119	0.0273044
6981	8120	0.0268729
8119	8120	0.0268729
7773	8121	0.0283443
4681	8121	0.0283443
8121	8122	0.024684
3454	8122	0.024684
7150	8123	0.0265646
1919	8123	0.0265646
854	8124	0.0245437
8123	8124	0.0245437
7778	8125	0.0268736
1083	8125	0.0268736
8125	8126	0.0256928
2250	8126	0.0256928
7785	8127	0.0258989
5674	8127	0.0258989
7051	8128	0.0289726
1056	8128	0.0289726
8127	8129	0.0248491
8128	8129	0.0248491
2130	8130	0.026114
3549	8130	0.026114
6211	8131	0.0265046
1109	8131	0.0265046
1238	8132	0.0258807
4375	8132	0.0258807
7808	8133	0.0256498
1760	8133	0.0256498
1342	8134	0.0252394
8133	8134	0.0252394
7133	8135	0.028078
1597	8135	0.028078
7147	8136	0.0292055
3395	8136	0.0292055
8136	8137	0.0285118
3142	8137	0.0285118
2719	8138	0.0279686
1826	8138	0.0279686
7155	8139	0.0286789
7814	8139	0.0286789
8139	8140	0.0286697
2020	8140	0.0286697
8140	8141	0.027031
3034	8141	0.027031
8141	8142	0.0250378
4304	8142	0.0250378
7815	8143	0.0252848
4518	8143	0.0252848
7819	8144	0.0268955
5936	8144	0.0268955
2951	8145	0.0270119
7167	8145	0.0270119
4176	8146	0.0283995
3029	8146	0.0283995
8145	8147	0.024638
8146	8147	0.024638
7826	8148	0.0288989
4394	8148	0.0288989
3987	8149	0.023637
881	8149	0.023637
7772	8150	0.0243739
7842	8150	0.0243739
3848	8151	0.0241379
8150	8151	0.0241379
3156	8152	0.0238855
8151	8152	0.0238855
7851	8153	0.0229636
4268	8153	0.0229636
7857	8154	0.0243834
1395	8154	0.0243834
8154	8155	0.0240537
2595	8155	0.0240537
2695	8156	0.0243797
1119	8156	0.0243797
234	8157	0.0240907
4222	8157	0.0240907
8156	8158	0.0238874
8157	8158	0.0238874
1446	8159	0.023236
8158	8159	0.023236
879	8160	0.0230188
4506	8160	0.0230188
2675	8161	0.0243841
7836	8161	0.0243841
8161	8162	0.0238989
2241	8162	0.0238989
7787	8163	0.0244503
6022	8163	0.0244503
7855	8164	0.0242441
3393	8164	0.0242441
7635	8165	0.0239801
8164	8165	0.0239801
8165	8166	0.0239316
106	8166	0.0239316
5425	8167	0.0245044
8107	8167	0.0245044
8167	8168	0.0245028
8138	8168	0.0245028
7549	8169	0.0244737
8168	8169	0.0244737
8169	8170	0.0244237
360	8170	0.0244237
8170	8171	0.0243827
244	8171	0.0243827
1248	8172	0.024361
8171	8172	0.024361
8172	8173	0.0243425
6159	8173	0.0243425
8173	8174	0.0243266
1049	8174	0.0243266
8174	8175	0.0243177
7748	8175	0.0243177
180	8176	0.0242767
8175	8176	0.0242767
8176	8177	0.0242554
2329	8177	0.0242554
8177	8178	0.0242427
933	8178	0.0242427
1939	8179	0.0243834
3863	8179	0.0243834
8178	8180	0.0242325
3151	8180	0.0242325
8180	8181	0.0242225
1427	8181	0.0242225
3715	8182	0.0241958
8181	8182	0.0241958
6862	8183	0.0241685
8182	8183	0.0241685
8183	8184	0.0241613
2067	8184	0.0241613
2188	8185	0.0240783
8184	8185	0.0240783
8179	8185	0.0240783
8185	8186	0.0240629
5177	8186	0.0240629
8186	8187	0.0240471
5788	8187	0.0240471
688	8188	0.024009
8187	8188	0.024009
3518	8189	0.0239973
8188	8189	0.0239973
7238	8190	0.0239695
8189	8190	0.0239695
8190	8191	0.0239366
912	8191	0.0239366
8166	8192	0.0239018
1450	8192	0.0239018
8191	8193	0.0239018
2038	8193	0.0239018
8193	8194	0.0238924
3831	8194	0.0238924
675	8195	0.0238763
8194	8195	0.0238763
938	8196	0.0238648
8195	8196	0.0238648
6487	8197	0.0238361
8196	8197	0.0238361
2300	8198	0.0238331
8197	8198	0.0238331
5612	8199	0.0238038
8198	8199	0.0238038
8129	8200	0.0239201
1710	8200	0.0239201
8199	8201	0.0237859
4696	8201	0.0237859
3920	8201	0.0237859
723	8202	0.0237702
2852	8202	0.0237702
3239	8202	0.0237702
6047	8202	0.0237702
8201	8202	0.0237702
5263	8203	0.0237467
8202	8203	0.0237467
8203	8204	0.0237321
4532	8204	0.0237321
8204	8205	0.0237065
1715	8205	0.0237065
8205	8206	0.023688
8200	8206	0.023688
7775	8207	0.0236752
8206	8207	0.0236752
7634	8208	0.0236332
8192	8208	0.0236332
7840	8209	0.0236672
8163	8209	0.0236672
8207	8209	0.0236672
4665	8210	0.0236527
8209	8210	0.0236527
8210	8211	0.0236496
2161	8211	0.0236496
8211	8212	0.0236236
8147	8212	0.0236236
8212	8213	0.0236167
8143	8213	0.0236167
8213	8214	0.0236108
6055	8214	0.0236108
3402	8215	0.023606
8214	8215	0.023606
8215	8216	0.0236044
5672	8216	0.0236044
8216	8217	0.0235957
1669	8217	0.0235957
8217	8218	0.0235932
8148	8218	0.0235932
5631	8218	0.0235932
8208	8219	0.0235798
8218	8219	0.0235798
1869	8219	0.0235798
7049	8220	0.0235633
8219	8220	0.0235633
8109	8221	0.0237696
229	8221	0.0237696
3371	8221	0.0237696
1114	8222	0.023081
8162	8222	0.023081
8220	8223	0.0235548
2308	8223	0.0235548
2721	8224	0.0235373
8223	8224	0.0235373
3283	8225	0.0234888
8224	8225	0.0234888
8225	8226	0.0234606
3303	8226	0.0234606
1327	8227	0.0234441
8226	8227	0.0234441
7566	8228	0.0234385
8227	8228	0.0234385
6017	8229	0.0234003
8228	8229	0.0234003
4074	8230	0.0233514
8229	8230	0.0233514
8230	8231	0.0233284
8221	8231	0.0233284
5790	8231	0.0233284
2090	8232	0.0232881
8231	8232	0.0232881
8232	8233	0.023264
3236	8233	0.023264
8233	8234	0.0232611
5750	8234	0.0232611
732	8235	0.0232574
8234	8235	0.0232574
7837	8236	0.0232294
8235	8236	0.0232294
8236	8237	0.0232261
5071	8237	0.0232261
2556	8238	0.0231944
8237	8238	0.0231944
8238	8239	0.0231817
132	8239	0.0231817
965	8240	0.0231588
8239	8240	0.0231588
8240	8241	0.0231581
1466	8241	0.0231581
8241	8242	0.0231445
1224	8242	0.0231445
1959	8243	0.0231409
8242	8243	0.0231409
5013	8243	0.0231409
8243	8244	0.0231353
402	8244	0.0231353
6147	8245	0.023128
8244	8245	0.023128
8245	8246	0.0231126
862	8246	0.0231126
8246	8247	0.0230797
554	8247	0.0230797
8247	8248	0.023061
5345	8248	0.023061
7758	8249	0.0230538
8248	8249	0.0230538
8249	8250	0.0230396
5759	8250	0.0230396
8250	8251	0.0230188
636	8251	0.0230188
8251	8252	0.0229933
4428	8252	0.0229933
8252	8253	0.0229681
3053	8253	0.0229681
5075	8254	0.0229654
8253	8254	0.0229654
897	8255	0.0229548
8254	8255	0.0229548
8255	8256	0.0229542
7749	8256	0.0229542
2446	8257	0.0229188
8256	8257	0.0229188
8222	8258	0.0229074
8257	8258	0.0229074
8258	8259	0.0229051
120	8259	0.0229051
1488	8260	0.0229024
8259	8260	0.0229024
7168	8261	0.0228931
8260	8261	0.0228931
8261	8262	0.0228704
1108	8262	0.0228704
1188	8263	0.0228635
8262	8263	0.0228635
2937	8263	0.0228635
3583	8264	0.0229608
656	8264	0.0229608
4814	8265	0.0229426
7790	8265	0.0229426
8263	8266	0.0228597
8264	8266	0.0228597
7237	8267	0.0228148
8266	8267	0.0228148
4067	8267	0.0228148
4636	8268	0.0228072
8267	8268	0.0228072
8268	8269	0.0227935
3364	8269	0.0227935
7066	8270	0.0227725
8269	8270	0.0227725
4897	8270	0.0227725
8130	8270	0.0227725
1107	8270	0.0227725
8270	8271	0.0227681
5077	8271	0.0227681
8271	8272	0.0227149
4800	8272	0.0227149
8272	8273	0.0227102
5217	8273	0.0227102
8273	8274	0.0226813
3038	8274	0.0226813
7852	8275	0.0226545
8274	8275	0.0226545
8275	8276	0.0226354
622	8276	0.0226354
8276	8277	0.0226334
8265	8277	0.0226334
8277	8278	0.0226223
2449	8278	0.0226223
8111	8279	0.0238832
993	8279	0.0238832
8279	8280	0.0236672
3903	8280	0.0236672
8280	8281	0.0226998
1110	8281	0.0226998
7728	8282	0.023379
8116	8282	0.023379
8117	8283	0.0227796
1091	8283	0.0227796
8142	8284	0.0242682
4038	8284	0.0242682
4934	8284	0.0242682
8284	8285	0.0237684
2071	8285	0.0237684
597	8286	0.0235117
8285	8286	0.0235117
8122	8287	0.0235248
4703	8287	0.0235248
5459	8288	0.0226517
4755	8288	0.0226517
8131	8289	0.0245132
3740	8289	0.0245132
7800	8290	0.0243562
1459	8290	0.0243562
7806	8291	0.0236187
4892	8291	0.0236187
8144	8292	0.0241841
3317	8292	0.0241841
8292	8293	0.0231782
2147	8293	0.0231782
5237	8294	0.0235077
3587	8294	0.0235077
6987	8295	0.0224389
8153	8295	0.0224389
2528	8296	0.0225848
8278	8296	0.0225848
8296	8297	0.0225691
8282	8297	0.0225691
8293	8297	0.0225691
8297	8298	0.0225524
4122	8298	0.0225524
8298	8299	0.022542
5475	8299	0.022542
2508	8299	0.022542
588	8299	0.022542
6611	8300	0.022514
8299	8300	0.022514
8300	8301	0.0224974
8115	8301	0.0224974
4029	8302	0.0224915
8301	8302	0.0224915
8302	8303	0.0224799
3308	8303	0.0224799
7603	8304	0.0224734
7845	8304	0.0224734
8303	8304	0.0224734
384	8305	0.0224617
8304	8305	0.0224617
2081	8306	0.0224447
8305	8306	0.0224447
8306	8307	0.0224218
8283	8307	0.0224218
2371	8308	0.0224189
8307	8308	0.0224189
2608	8309	0.0224113
8308	8309	0.0224113
4124	8310	0.0223825
8309	8310	0.0223825
8310	8311	0.0223759
8291	8311	0.0223759
1742	8311	0.0223759
8311	8312	0.0223637
2541	8312	0.0223637
8312	8313	0.0223228
2665	8313	0.0223228
8313	8314	0.0223186
7777	8314	0.0223186
8314	8315	0.0223178
536	8315	0.0223178
8315	8316	0.0222745
1509	8316	0.0222745
8149	8317	0.0222557
8316	8317	0.0222557
7195	8318	0.0222386
8317	8318	0.0222386
8318	8319	0.0222169
3372	8319	0.0222169
8319	8320	0.0221984
5099	8320	0.0221984
2505	8321	0.0221881
8320	8321	0.0221881
3602	8322	0.0221872
8321	8322	0.0221872
8322	8323	0.0221847
90	8323	0.0221847
7823	8324	0.0221822
8323	8324	0.0221822
8324	8325	0.0221786
413	8325	0.0221786
8325	8326	0.0221751
205	8326	0.0221751
1089	8327	0.0221502
8326	8327	0.0221502
8327	8328	0.0221441
3241	8328	0.0221441
8328	8329	0.0221413
3309	8329	0.0221413
336	8330	0.0221378
8329	8330	0.0221378
592	8331	0.0221272
8330	8331	0.0221272
761	8332	0.0221188
8331	8332	0.0221188
689	8333	0.022104
8332	8333	0.022104
1048	8334	0.0221022
8333	8334	0.0221022
8334	8335	0.0220998
8135	8335	0.0220998
1538	8336	0.0220953
8335	8336	0.0220953
8336	8337	0.0220932
4721	8337	0.0220932
464	8338	0.0220886
8337	8338	0.0220886
7175	8339	0.0220537
8338	8339	0.0220537
7821	8340	0.0220067
8339	8340	0.0220067
4631	8341	0.0220039
8340	8341	0.0220039
475	8341	0.0220039
6921	8342	0.0220023
8341	8342	0.0220023
8286	8343	0.0220358
2760	8343	0.0220358
8342	8344	0.0219776
8343	8344	0.0219776
4654	8345	0.0219765
8344	8345	0.0219765
2117	8346	0.02197
8345	8346	0.02197
8346	8347	0.0219666
4000	8347	0.0219666
8347	8348	0.0219528
8134	8348	0.0219528
5628	8349	0.0219306
8348	8349	0.0219306
1686	8350	0.0219002
8349	8350	0.0219002
2847	8351	0.0218947
8350	8351	0.0218947
8351	8352	0.0218849
5041	8352	0.0218849
8352	8353	0.0218763
1173	8353	0.0218763
3907	8354	0.0218734
8353	8354	0.0218734
116	8355	0.0217928
8354	8355	0.0217928
4026	8356	0.0217863
8355	8356	0.0217863
6667	8357	0.0217754
8356	8357	0.0217754
8357	8358	0.0217672
1770	8358	0.0217672
8358	8359	0.0217532
2878	8359	0.0217532
6674	8360	0.0224326
1105	8360	0.0224326
8120	8361	0.0220879
5881	8361	0.0220879
8287	8362	0.0225649
3495	8362	0.0225649
8124	8363	0.0222294
8294	8363	0.0222294
7038	8364	0.0218496
2706	8364	0.0218496
4607	8365	0.0224314
2056	8365	0.0224314
2464	8366	0.0220704
3973	8366	0.0220704
8152	8367	0.0217341
8359	8367	0.0217341
8367	8368	0.0217247
8363	8368	0.0217247
6013	8368	0.0217247
8368	8369	0.0217127
8281	8369	0.0217127
8369	8370	0.0217076
2146	8370	0.0217076
8370	8371	0.0216959
127	8371	0.0216959
8371	8372	0.0216746
2743	8372	0.0216746
4185	8372	0.0216746
8372	8373	0.0216438
8360	8373	0.0216438
8373	8374	0.0216295
468	8374	0.0216295
4932	8375	0.0216017
8374	8375	0.0216017
7553	8376	0.0215849
7811	8376	0.0215849
8375	8376	0.0215849
8376	8377	0.0215767
2388	8377	0.0215767
8377	8378	0.0215637
8132	8378	0.0215637
8160	8379	0.0215598
8378	8379	0.0215598
5088	8380	0.0215471
8379	8380	0.0215471
1802	8381	0.0216868
8289	8381	0.0216868
1817	8382	0.0215358
8380	8382	0.0215358
7052	8383	0.0215349
8382	8383	0.0215349
3767	8384	0.0215312
8383	8384	0.0215312
8384	8385	0.0215131
5260	8385	0.0215131
5994	8386	0.0214967
8385	8386	0.0214967
2135	8386	0.0214967
8386	8387	0.0214845
8290	8387	0.0214845
2507	8388	0.0214622
8387	8388	0.0214622
8288	8389	0.0214926
8381	8389	0.0214926
8388	8390	0.0214567
2216	8390	0.0214567
8390	8391	0.021452
1949	8391	0.021452
8391	8392	0.0214054
8366	8392	0.0214054
8392	8393	0.0214043
5748	8393	0.0214043
8393	8394	0.021387
8389	8394	0.021387
8394	8395	0.0213756
8126	8395	0.0213756
8395	8396	0.0213748
5190	8396	0.0213748
5961	8397	0.0213736
8396	8397	0.0213736
8397	8398	0.0213478
1310	8398	0.0213478
8398	8399	0.021347
327	8399	0.021347
7810	8400	0.0213416
8399	8400	0.0213416
884	8401	0.0212763
8400	8401	0.0212763
4463	8402	0.0212729
8401	8402	0.0212729
4014	8403	0.0212667
8402	8403	0.0212667
2794	8404	0.0212652
8403	8404	0.0212652
8404	8405	0.0212558
8364	8405	0.0212558
1166	8406	0.0212162
8405	8406	0.0212162
1158	8407	0.0212027
8406	8407	0.0212027
8362	8408	0.0211983
788	8408	0.0211983
8295	8409	0.0211764
8407	8409	0.0211764
8408	8409	0.0211764
7838	8410	0.0211485
8409	8410	0.0211485
8410	8411	0.0211229
4968	8411	0.0211229
8411	8412	0.0211163
373	8412	0.0211163
8412	8413	0.0211155
5539	8413	0.0211155
8413	8414	0.0210761
8137	8414	0.0210761
8414	8415	0.0210533
3266	8415	0.0210533
8415	8416	0.0210429
565	8416	0.0210429
8159	8417	0.021042
8416	8417	0.021042
4582	8417	0.021042
8155	8418	0.0210321
8417	8418	0.0210321
8418	8419	0.0210177
1306	8419	0.0210177
2019	8420	0.0210039
8419	8420	0.0210039
8118	8421	0.0210838
449	8421	0.0210838
2741	8422	0.0209963
8420	8422	0.0209963
8422	8423	0.020988
4608	8423	0.020988
8423	8424	0.0209718
2021	8424	0.0209718
8424	8425	0.0209626
2363	8425	0.0209626
4409	8426	0.0209254
8425	8426	0.0209254
3784	8426	0.0209254
8426	8427	0.0209225
666	8427	0.0209225
8427	8428	0.0208939
8361	8428	0.0208939
8421	8428	0.0208939
8428	8429	0.0208934
8365	8429	0.0208934
1842	8430	0.0387722
835	8430	0.0387722
12	8431	0.324169
5383	8431	0.324169
149	8432	0.106018
8431	8432	0.106018
8432	8433	0.0760145
2969	8433	0.0760145
8433	8434	0.0562786
1527	8434	0.0562786
4867	8435	0.0746959
1921	8435	0.0746959
8435	8436	0.0633316
810	8436	0.0633316
8436	8437	0.0289137
528	8437	0.0289137
5609	8438	0.0549791
1704	8438	0.0549791
3374	8439	0.0536544
8438	8439	0.0536544
5484	8440	0.0532218
8439	8440	0.0532218
5851	8441	0.0531929
8440	8441	0.0531929
4439	8442	0.0254164
371	8442	0.0254164
8442	8443	0.0221473
6032	8443	0.0221473
8443	8444	0.0219562
23	8444	0.0219562
2189	8445	0.319596
24	8445	0.319596
190	8446	0.0729472
29	8446	0.0729472
2825	8447	0.0444629
334	8447	0.0444629
8447	8448	0.0377928
1332	8448	0.0377928
530	8449	0.0850413
35	8449	0.0850413
3835	8450	0.3159
108	8450	0.3159
8450	8451	0.087591
3052	8451	0.087591
3788	8452	0.0760654
8451	8452	0.0760654
540	8453	0.0468723
1620	8453	0.0468723
8453	8454	0.0339442
5128	8454	0.0339442
1165	8455	0.032313
8454	8455	0.032313
8455	8456	0.0311009
6064	8456	0.0311009
351	8457	0.0287808
8456	8457	0.0287808
8457	8458	0.026986
1171	8458	0.026986
8458	8459	0.0240991
3004	8459	0.0240991
3985	8460	0.0547508
1870	8460	0.0547508
302	8461	0.0296086
5035	8461	0.0296086
61	8462	0.083305
4733	8462	0.083305
5516	8463	0.0825829
8462	8463	0.0825829
66	8464	0.0734985
1337	8464	0.0734985
3967	8465	0.0627529
8464	8465	0.0627529
3811	8466	0.135004
1902	8466	0.135004
8466	8467	0.094162
4951	8467	0.094162
8467	8468	0.0910155
612	8468	0.0910155
67	8469	0.0826156
8468	8469	0.0826156
8469	8470	0.0797801
208	8470	0.0797801
5285	8471	0.0755616
8470	8471	0.0755616
8471	8472	0.0707261
3524	8472	0.0707261
1144	8473	0.0635206
8472	8473	0.0635206
8473	8474	0.0536317
3630	8474	0.0536317
8474	8475	0.0385764
1554	8475	0.0385764
8475	8476	0.0377891
1724	8476	0.0377891
8476	8477	0.0314854
5404	8477	0.0314854
8477	8478	0.0295885
1769	8478	0.0295885
1236	8479	0.10225
6248	8479	0.10225
2152	8480	0.0365888
94	8480	0.0365888
8480	8481	0.0310748
1725	8481	0.0310748
95	8482	0.0300828
3320	8482	0.0300828
4281	8482	0.0300828
8482	8483	0.0288385
4017	8483	0.0288385
8483	8484	0.0258139
2307	8484	0.0258139
8484	8485	0.0227127
4317	8485	0.0227127
1251	8486	0.108937
110	8486	0.108937
295	8487	0.122343
3014	8487	0.122343
4564	8488	0.0645053
3791	8488	0.0645053
5898	8489	0.0231925
5168	8489	0.0231925
3821	8490	0.021027
8489	8490	0.021027
6097	8491	0.0836568
5814	8491	0.0836568
5815	8492	0.0639902
8491	8492	0.0639902
6108	8493	0.0600284
8492	8493	0.0600284
561	8494	0.0484008
8493	8494	0.0484008
8494	8495	0.0482053
6101	8495	0.0482053
6012	8496	0.0284307
8495	8496	0.0284307
6094	8497	0.026552
8496	8497	0.026552
648	8498	0.0565369
201	8498	0.0565369
5723	8499	0.0377902
4508	8499	0.0377902
1087	8500	0.0345421
5057	8500	0.0345421
8500	8501	0.0295366
6036	8501	0.0295366
8499	8502	0.02586
8501	8502	0.02586
8502	8503	0.0238331
5451	8503	0.0238331
3200	8504	0.023829
8503	8504	0.023829
926	8505	0.0217693
1957	8505	0.0217693
8504	8505	0.0217693
8505	8506	0.0217162
4727	8506	0.0217162
118	8507	0.0255988
1380	8507	0.0255988
1465	8508	0.175938
495	8508	0.175938
8508	8509	0.076747
4246	8509	0.076747
8509	8510	0.0430604
458	8510	0.0430604
2468	8511	0.226871
1359	8511	0.226871
8511	8512	0.187671
1014	8512	0.187671
3950	8513	0.0706843
3804	8513	0.0706843
2137	8514	0.281414
1627	8514	0.281414
3318	8515	0.072528
6051	8515	0.072528
5215	8516	0.037211
3492	8516	0.037211
8516	8517	0.0279045
5123	8517	0.0279045
8517	8518	0.0272787
1587	8518	0.0272787
8518	8519	0.0272769
5738	8519	0.0272769
8519	8520	0.0271454
5952	8520	0.0271454
494	8521	0.0249805
8520	8521	0.0249805
2278	8522	0.0236349
8521	8522	0.0236349
5400	8523	0.0278492
1443	8523	0.0278492
4372	8524	0.0690638
2401	8524	0.0690638
4860	8525	0.0664932
8524	8525	0.0664932
8525	8526	0.0424501
4875	8526	0.0424501
8526	8527	0.026719
2911	8527	0.026719
8527	8528	0.0214632
3562	8528	0.0214632
5354	8529	0.0599473
4904	8529	0.0599473
8529	8530	0.0213802
3464	8530	0.0213802
4927	8531	0.0220056
4804	8531	0.0220056
5660	8532	0.0536704
5206	8532	0.0536704
2174	8533	0.0266948
6250	8533	0.0266948
8533	8534	0.0264834
844	8534	0.0264834
837	8535	0.0255709
8534	8535	0.0255709
134	8536	0.0767659
5380	8536	0.0767659
4089	8537	0.0656835
1698	8537	0.0656835
8537	8538	0.0392624
2235	8538	0.0392624
988	8539	0.0234035
2857	8539	0.0234035
8538	8540	0.0232631
8539	8540	0.0232631
319	8541	0.06204
1192	8541	0.06204
2791	8542	0.0600016
8541	8542	0.0600016
4805	8543	0.0431989
8542	8543	0.0431989
5415	8544	0.0324492
8543	8544	0.0324492
5684	8545	0.031841
142	8545	0.031841
8544	8546	0.0314999
8545	8546	0.0314999
8546	8547	0.0231976
4621	8547	0.0231976
941	8548	0.0241751
4410	8548	0.0241751
1073	8549	0.0216893
8548	8549	0.0216893
8547	8550	0.0210014
8549	8550	0.0210014
143	8551	0.223533
2694	8551	0.223533
5286	8552	0.106805
1447	8552	0.106805
4534	8553	0.167313
3045	8553	0.167313
2127	8554	0.136771
174	8554	0.136771
3981	8555	0.122632
178	8555	0.122632
1096	8556	0.049449
1484	8556	0.049449
3065	8557	0.0912193
2439	8557	0.0912193
3399	8558	0.0299122
2440	8558	0.0299122
8557	8559	0.0268498
8558	8559	0.0268498
8559	8560	0.0209963
8556	8560	0.0209963
769	8561	0.133568
4257	8561	0.133568
8561	8562	0.0271358
771	8562	0.0271358
2410	8563	0.0263425
8562	8563	0.0263425
8563	8564	0.0213128
1668	8564	0.0213128
5031	8565	0.100254
3264	8565	0.100254
8565	8566	0.089035
5626	8566	0.089035
2906	8567	0.0885338
8566	8567	0.0885338
1818	8568	0.0402814
181	8568	0.0402814
2893	8569	0.0372632
797	8569	0.0372632
8569	8570	0.0335024
8568	8570	0.0335024
8570	8571	0.0297726
1474	8571	0.0297726
8571	8572	0.0235191
210	8572	0.0235191
4306	8573	0.16214
188	8573	0.16214
193	8574	0.117761
1595	8574	0.117761
3043	8575	0.0948337
8574	8575	0.0948337
5938	8576	0.0947142
8575	8576	0.0947142
5946	8577	0.0258152
2085	8577	0.0258152
5768	8578	0.0254854
8577	8578	0.0254854
4657	8579	0.0226431
197	8579	0.0226431
4179	8579	0.0226431
8578	8579	0.0226431
2592	8580	0.0292643
4633	8580	0.0292643
454	8581	0.0701878
757	8581	0.0701878
1495	8582	0.0441626
3453	8582	0.0441626
8582	8583	0.0429588
4148	8583	0.0429588
8583	8584	0.0352254
1575	8584	0.0352254
8584	8585	0.0306765
555	8585	0.0306765
5507	8586	0.0250074
8585	8586	0.0250074
5604	8587	0.0245677
8586	8587	0.0245677
6089	8588	0.0246771
3375	8588	0.0246771
8587	8589	0.0236978
1240	8589	0.0236978
8589	8590	0.0233441
8588	8590	0.0233441
5651	8591	0.111325
5972	8591	0.111325
8591	8592	0.0328144
600	8592	0.0328144
3191	8593	0.0261538
8592	8593	0.0261538
2408	8594	0.0987272
4416	8594	0.0987272
8594	8595	0.0271127
4866	8595	0.0271127
6232	8596	0.068217
5978	8596	0.068217
8596	8597	0.0681415
1245	8597	0.0681415
8597	8598	0.0351449
3911	8598	0.0351449
3476	8599	0.0436643
4188	8599	0.0436643
8599	8600	0.0432021
6252	8600	0.0432021
8600	8601	0.0274123
1838	8601	0.0274123
8598	8602	0.0271446
8601	8602	0.0271446
8602	8603	0.0247495
4682	8603	0.0247495
8603	8604	0.0241564
1882	8604	0.0241564
8604	8605	0.0217449
1463	8605	0.0217449
4976	8606	0.0876093
725	8606	0.0876093
5060	8607	0.0912435
6052	8607	0.0912435
8606	8608	0.0506967
2259	8608	0.0506967
2779	8609	0.047045
8608	8609	0.047045
8609	8610	0.0299339
8607	8610	0.0299339
3075	8611	0.0258352
3511	8611	0.0258352
830	8612	0.0230484
5431	8612	0.0230484
5861	8613	0.192184
5859	8613	0.192184
8613	8614	0.0347941
1311	8614	0.0347941
2118	8615	0.058025
3496	8615	0.058025
1405	8616	0.0212077
4486	8616	0.0212077
228	8617	0.191346
4709	8617	0.191346
8617	8618	0.0725443
4577	8618	0.0725443
3912	8619	0.0481878
8618	8619	0.0481878
4982	8620	0.154046
232	8620	0.154046
4347	8621	0.0245219
2628	8621	0.0245219
4656	8622	0.030829
4650	8622	0.030829
1651	8623	0.0396923
936	8623	0.0396923
5594	8624	0.0597189
1079	8624	0.0597189
8624	8625	0.04498
1025	8625	0.04498
2641	8626	0.0378954
8623	8626	0.0378954
8625	8627	0.0329205
6029	8627	0.0329205
8627	8628	0.0241895
2640	8628	0.0241895
8628	8629	0.0240324
2965	8629	0.0240324
8629	8630	0.023032
1387	8630	0.023032
8626	8631	0.022579
8630	8631	0.022579
3729	8632	0.0644093
256	8632	0.0644093
8632	8633	0.0433386
4560	8633	0.0433386
4593	8634	0.112728
5141	8634	0.112728
8634	8635	0.104726
4348	8635	0.104726
8635	8636	0.0220555
415	8636	0.0220555
5529	8637	0.0235846
4339	8637	0.0235846
4981	8638	0.100629
270	8638	0.100629
2202	8639	0.0596391
5222	8639	0.0596391
632	8639	0.0596391
3793	8640	0.0230244
2386	8640	0.0230244
8640	8641	0.0227188
2239	8641	0.0227188
4759	8642	0.0212401
8641	8642	0.0212401
285	8643	0.167677
3434	8643	0.167677
288	8644	0.0996511
3777	8644	0.0996511
8644	8645	0.0455736
3342	8645	0.0455736
1971	8646	0.0537716
4321	8646	0.0537716
4210	8647	0.04828
8646	8647	0.04828
4946	8648	0.0405499
3168	8648	0.0405499
8648	8649	0.0297443
2657	8649	0.0297443
8649	8650	0.0213086
790	8650	0.0213086
2701	8651	0.0464357
1765	8651	0.0464357
4744	8652	0.0581584
362	8652	0.0581584
1377	8653	0.0505704
5722	8653	0.0505704
8653	8654	0.042262
942	8654	0.042262
8654	8655	0.0374564
1736	8655	0.0374564
8652	8656	0.0300303
8655	8656	0.0300303
3410	8657	0.0294947
8656	8657	0.0294947
8657	8658	0.0263549
1555	8658	0.0263549
8658	8659	0.0253237
5005	8659	0.0253237
4073	8660	0.0338409
2994	8660	0.0338409
8660	8661	0.0286868
2784	8661	0.0286868
8661	8662	0.0273926
4694	8662	0.0273926
8662	8663	0.0238874
320	8663	0.0238874
3214	8664	0.0218226
8663	8664	0.0218226
8664	8665	0.0209364
4043	8665	0.0209364
6151	8666	0.0515638
326	8666	0.0515638
332	8667	0.103487
423	8667	0.103487
1547	8668	0.0420996
2802	8668	0.0420996
5226	8669	0.0442301
5828	8669	0.0442301
8669	8670	0.0321891
3529	8670	0.0321891
823	8671	0.0567366
2442	8671	0.0567366
8671	8672	0.050775
5874	8672	0.050775
8672	8673	0.0373683
344	8673	0.0373683
8673	8674	0.0222824
585	8674	0.0222824
3741	8675	0.0864905
2830	8675	0.0864905
3179	8676	0.0583779
358	8676	0.0583779
8675	8677	0.0442738
8676	8677	0.0442738
5129	8678	0.0321787
4400	8678	0.0321787
8678	8679	0.0297851
6191	8679	0.0297851
8677	8680	0.0249952
8679	8680	0.0249952
364	8681	0.0740119
2524	8681	0.0740119
3409	8682	0.0250892
3271	8682	0.0250892
2711	8683	0.024763
8682	8683	0.024763
4183	8684	0.0718464
369	8684	0.0718464
377	8685	0.0504506
1950	8685	0.0504506
8685	8686	0.0254451
1344	8686	0.0254451
4632	8687	0.151312
381	8687	0.151312
388	8688	0.0287342
4037	8688	0.0287342
1928	8689	0.0283223
8688	8689	0.0283223
5025	8690	0.0282418
4048	8690	0.0282418
4397	8691	0.096205
5014	8691	0.096205
8691	8692	0.0816633
2527	8692	0.0816633
6024	8693	0.0434834
6122	8693	0.0434834
3595	8694	0.196072
412	8694	0.196072
8694	8695	0.0812055
3112	8695	0.0812055
3285	8696	0.0648677
8695	8696	0.0648677
8696	8697	0.0632278
3707	8697	0.0632278
4291	8698	0.0316191
4284	8698	0.0316191
1334	8699	0.0312276
8698	8699	0.0312276
4573	8700	0.0516872
3310	8700	0.0516872
4279	8701	0.0330931
441	8701	0.0330931
5981	8702	0.0337886
452	8702	0.0337886
1747	8703	0.0722883
471	8703	0.0722883
5145	8704	0.173402
499	8704	0.173402
505	8705	0.0619812
946	8705	0.0619812
5765	8706	0.0433559
3221	8706	0.0433559
4423	8707	0.0651743
5445	8707	0.0651743
1872	8707	0.0651743
8706	8708	0.0423687
2985	8708	0.0423687
8707	8709	0.0358469
8708	8709	0.0358469
4872	8710	0.0295128
8709	8710	0.0295128
8710	8711	0.0234216
514	8711	0.0234216
520	8712	0.0989561
2060	8712	0.0989561
525	8713	0.0739527
1364	8713	0.0739527
5664	8714	0.0775551
6009	8714	0.0775551
8714	8715	0.0730028
6218	8715	0.0730028
8715	8716	0.0662232
4729	8716	0.0662232
3113	8717	0.0631635
8716	8717	0.0631635
2404	8718	0.0526465
8717	8718	0.0526465
4922	8719	0.0280801
2793	8719	0.0280801
894	8720	0.0225353
5339	8720	0.0225353
729	8721	0.0613191
5587	8721	0.0613191
4707	8722	0.0597947
8721	8722	0.0597947
5055	8723	0.0512805
8722	8723	0.0512805
4972	8724	0.047609
8723	8724	0.047609
2955	8725	0.0460763
8724	8725	0.0460763
4487	8726	0.0381635
8725	8726	0.0381635
3827	8727	0.0370989
8726	8727	0.0370989
8727	8728	0.0329321
2472	8728	0.0329321
3592	8729	0.174767
3677	8729	0.174767
1167	8730	0.0863298
1993	8730	0.0863298
1312	8731	0.0416021
5724	8731	0.0416021
2384	8732	0.0918904
5052	8732	0.0918904
8732	8733	0.0771486
562	8733	0.0771486
8733	8734	0.0668456
1018	8734	0.0668456
5230	8735	0.0469613
2614	8735	0.0469613
4551	8736	0.303632
3521	8736	0.303632
8736	8737	0.178121
583	8737	0.178121
5985	8738	0.0605257
5331	8738	0.0605257
5420	8739	0.0514362
4625	8739	0.0514362
8738	8740	0.0480607
8739	8740	0.0480607
8740	8741	0.0431534
599	8741	0.0431534
8741	8742	0.0423558
5391	8742	0.0423558
3382	8743	0.0420595
8742	8743	0.0420595
8743	8744	0.0354906
2856	8744	0.0354906
8744	8745	0.0348432
4669	8745	0.0348432
5560	8746	0.0307129
8745	8746	0.0307129
3427	8747	0.0600846
5372	8747	0.0600846
4233	8748	0.050649
970	8748	0.050649
3964	8749	0.0476952
8748	8749	0.0476952
8749	8750	0.0367402
2767	8750	0.0367402
5982	8751	0.031336
8750	8751	0.031336
8751	8752	0.0254819
4077	8752	0.0254819
4965	8753	0.0873249
4206	8753	0.0873249
3267	8754	0.0933826
5440	8754	0.0933826
8754	8755	0.0918492
2428	8755	0.0918492
8755	8756	0.0403977
609	8756	0.0403977
2139	8757	0.166021
2764	8757	0.166021
8757	8758	0.0774487
1984	8758	0.0774487
3445	8759	0.076215
8758	8759	0.076215
6091	8760	0.166373
1216	8760	0.166373
8760	8761	0.157235
1217	8761	0.157235
8761	8762	0.0775078
2392	8762	0.0775078
2698	8763	0.0338612
2511	8763	0.0338612
4022	8764	0.037588
2696	8764	0.037588
4935	8765	0.0310599
4476	8765	0.0310599
8764	8766	0.0268014
8765	8766	0.0268014
630	8767	0.0889567
2058	8767	0.0889567
1512	8768	0.0887533
8767	8768	0.0887533
5886	8769	0.165911
6162	8769	0.165911
8769	8770	0.1525
4697	8770	0.1525
8770	8771	0.10447
5585	8771	0.10447
8771	8772	0.0834711
633	8772	0.0834711
8772	8773	0.0597602
5665	8773	0.0597602
638	8774	0.132245
3170	8774	0.132245
8774	8775	0.0431784
2555	8775	0.0431784
4435	8776	0.327008
5064	8776	0.327008
3326	8777	0.127237
1886	8777	0.127237
3102	8778	0.0403518
3966	8778	0.0403518
2898	8779	0.0396268
8778	8779	0.0396268
1955	8780	0.0500194
4273	8780	0.0500194
8780	8781	0.0452284
3867	8781	0.0452284
8781	8782	0.0432004
698	8782	0.0432004
8782	8783	0.0408945
3866	8783	0.0408945
8783	8784	0.038231
5754	8784	0.038231
8784	8785	0.0220546
1855	8785	0.0220546
5334	8786	0.0368198
3378	8786	0.0368198
1428	8787	0.0342567
8786	8787	0.0342567
2899	8788	0.0555517
3064	8788	0.0555517
734	8789	0.109056
4610	8789	0.109056
1744	8790	0.0213024
748	8790	0.0213024
2542	8791	0.0903332
1979	8791	0.0903332
8791	8792	0.0840409
751	8792	0.0840409
8792	8793	0.0795916
3373	8793	0.0795916
8793	8794	0.0755416
4674	8794	0.0755416
8794	8795	0.03657
4011	8795	0.03657
774	8796	0.241664
1159	8796	0.241664
783	8797	0.140118
1733	8797	0.140118
8797	8798	0.102079
4480	8798	0.102079
4730	8799	0.0720852
8798	8799	0.0720852
1515	8800	0.0234633
798	8800	0.0234633
1022	8801	0.0544022
828	8801	0.0544022
842	8802	0.0664023
1980	8802	0.0664023
5181	8803	0.0260559
5488	8803	0.0260559
8803	8804	0.0219348
2979	8804	0.0219348
5004	8805	0.0474655
4195	8805	0.0474655
5917	8806	0.170849
2100	8806	0.170849
2914	8807	0.0233945
3366	8807	0.0233945
3162	8808	0.0229806
1066	8808	0.0229806
869	8809	0.0662038
4503	8809	0.0662038
6120	8810	0.151111
1113	8810	0.151111
1458	8811	0.0489755
2079	8811	0.0489755
1856	8812	0.132032
4312	8812	0.132032
3466	8813	0.0275896
5080	8813	0.0275896
8813	8814	0.0259654
5231	8814	0.0259654
8814	8815	0.0249615
892	8815	0.0249615
8815	8816	0.0243075
4630	8816	0.0243075
8816	8817	0.0229988
5744	8817	0.0229988
8812	8818	0.0229051
8817	8818	0.0229051
8818	8819	0.0222447
1302	8819	0.0222447
3948	8820	0.0826115
900	8820	0.0826115
5653	8821	0.0252409
922	8821	0.0252409
2548	8822	0.0217389
8821	8822	0.0217389
3381	8823	0.0824716
924	8823	0.0824716
5178	8824	0.0213756
1164	8824	0.0213756
987	8825	0.0868415
1005	8825	0.0868415
6192	8826	0.556325
1053	8826	0.556325
5466	8827	0.157603
2455	8827	0.157603
8827	8828	0.124073
4315	8828	0.124073
4970	8829	0.115707
8828	8829	0.115707
3828	8830	0.0669148
1035	8830	0.0669148
8829	8831	0.0209046
8830	8831	0.0209046
1037	8832	0.031003
3452	8832	0.031003
5481	8833	0.0453566
2122	8833	0.0453566
5139	8834	0.0646505
1050	8834	0.0646505
6096	8835	0.118277
5817	8835	0.118277
1338	8836	0.103471
4128	8836	0.103471
3260	8837	0.103105
8836	8837	0.103105
4652	8838	0.0836039
1162	8838	0.0836039
1319	8839	0.149087
2619	8839	0.149087
8839	8840	0.0249546
3287	8840	0.0249546
5113	8841	0.0743421
1194	8841	0.0743421
8841	8842	0.0281657
5633	8842	0.0281657
2681	8843	0.159998
1242	8843	0.159998
2177	8844	0.115188
1255	8844	0.115188
5549	8845	0.0890757
8844	8845	0.0890757
5319	8846	0.0410657
1261	8846	0.0410657
5330	8847	0.039934
8846	8847	0.039934
1835	8848	0.066553
1713	8848	0.066553
8848	8849	0.0603732
4406	8849	0.0603732
8849	8850	0.0563851
2722	8850	0.0563851
8850	8851	0.0504435
3714	8851	0.0504435
8851	8852	0.0494327
4172	8852	0.0494327
8852	8853	0.0486091
3176	8853	0.0486091
4973	8854	0.044369
8853	8854	0.044369
8854	8855	0.0419094
4786	8855	0.0419094
8855	8856	0.038265
1278	8856	0.038265
1287	8857	0.0459498
5809	8857	0.0459498
5820	8858	0.045008
4925	8858	0.045008
1375	8859	0.0491464
1291	8859	0.0491464
2938	8860	0.0449532
2086	8860	0.0449532
1691	8861	0.0540952
2557	8861	0.0540952
4752	8862	0.0256721
1314	8862	0.0256721
3177	8863	0.0718026
1321	8863	0.0718026
3852	8864	0.0217545
4208	8864	0.0217545
3093	8865	0.0562341
5519	8865	0.0562341
4301	8866	0.0985963
4460	8866	0.0985963
8866	8867	0.0962149
1414	8867	0.0962149
6059	8868	0.0215019
1361	8868	0.0215019
2303	8869	0.0937368
1506	8869	0.0937368
8869	8870	0.0888309
5673	8870	0.0888309
1366	8871	0.0704791
8870	8871	0.0704791
1848	8872	0.0292368
2106	8872	0.0292368
8872	8873	0.0250619
6132	8873	0.0250619
3301	8874	0.027045
6220	8874	0.027045
2125	8875	0.0217405
4722	8875	0.0217405
3351	8876	0.140863
2293	8876	0.140863
1901	8877	0.0718148
5049	8877	0.0718148
3780	8878	0.116985
5364	8878	0.116985
5303	8879	0.162581
5333	8879	0.162581
8879	8880	0.0965729
5311	8880	0.0965729
5332	8881	0.086864
8880	8881	0.086864
8878	8882	0.0910595
2476	8882	0.0910595
8881	8883	0.0660473
8882	8883	0.0660473
1448	8884	0.0243386
2554	8884	0.0243386
8884	8885	0.0232912
2393	8885	0.0232912
1469	8886	0.165245
2433	8886	0.165245
2445	8887	0.0867713
1476	8887	0.0867713
8887	8888	0.0239184
4221	8888	0.0239184
1478	8889	0.0418768
2415	8889	0.0418768
8889	8890	0.0407366
5572	8890	0.0407366
1483	8891	0.0425237
6175	8891	0.0425237
1809	8892	0.0241271
1487	8892	0.0241271
5559	8893	0.06565
4837	8893	0.06565
5020	8894	0.0292565
1631	8894	0.0292565
5740	8895	0.0272778
8894	8895	0.0272778
3879	8896	0.254212
4399	8896	0.254212
2941	8897	0.253808
8896	8897	0.253808
3482	8898	0.600237
1930	8898	0.600237
8898	8899	0.253081
1573	8899	0.253081
4821	8900	0.191998
1580	8900	0.191998
3837	8901	0.0287797
4742	8901	0.0287797
8901	8902	0.0267407
6069	8902	0.0267407
1653	8903	0.0581176
2465	8903	0.0581176
8903	8904	0.022852
2053	8904	0.022852
5710	8905	0.0829724
1700	8905	0.0829724
1743	8906	0.0231857
2320	8906	0.0231857
2834	8907	0.0223607
8906	8907	0.0223607
4473	8908	0.109226
3120	8908	0.109226
3396	8909	0.173582
1797	8909	0.173582
1801	8910	0.0308092
3291	8910	0.0308092
4865	8911	0.198822
1844	8911	0.198822
3262	8912	0.102411
3606	8912	0.102411
2288	8913	0.0937286
5236	8913	0.0937286
8913	8914	0.0555308
3971	8914	0.0555308
8914	8915	0.0261128
1892	8915	0.0261128
5472	8916	0.22612
5885	8916	0.22612
8916	8917	0.0781777
1934	8917	0.0781777
4531	8918	0.239693
1960	8918	0.239693
1997	8919	0.03345
1976	8919	0.03345
3922	8920	0.0555926
5479	8920	0.0555926
8920	8921	0.0336804
1978	8921	0.0336804
8921	8922	0.0321663
4134	8922	0.0321663
4194	8923	0.148065
2047	8923	0.148065
5984	8924	0.0222037
4316	8924	0.0222037
2756	8925	0.220064
2097	8925	0.220064
5120	8926	0.025548
3095	8926	0.025548
6131	8927	0.0230361
8926	8927	0.0230361
3068	8928	0.0269672
3133	8928	0.0269672
5989	8929	0.0740172
2123	8929	0.0740172
5980	8930	0.0737055
8929	8930	0.0737055
6259	8931	0.0260358
3887	8931	0.0260358
2400	8932	0.0812268
5262	8932	0.0812268
5337	8933	0.0771891
8932	8933	0.0771891
8933	8934	0.065317
2160	8934	0.065317
4442	8935	0.0459819
2224	8935	0.0459819
2169	8936	0.0344129
4902	8936	0.0344129
8936	8937	0.0211799
4901	8937	0.0211799
2182	8938	0.0333431
3119	8938	0.0333431
2260	8939	0.133652
4594	8939	0.133652
3926	8940	0.0267995
2564	8940	0.0267995
3731	8941	0.12305
2947	8941	0.12305
3079	8942	0.163822
2903	8942	0.163822
8942	8943	0.116031
3252	8943	0.116031
8943	8944	0.0281784
4228	8944	0.0281784
4103	8945	0.0496643
5501	8945	0.0496643
5599	8946	0.0923192
5907	8946	0.0923192
5979	8946	0.0923192
4274	8947	0.213673
3365	8947	0.213673
5613	8948	0.102703
4571	8948	0.102703
5094	8949	0.111703
5289	8949	0.111703
5482	8950	0.0535828
5061	8950	0.0535828
8950	8951	0.0396394
4191	8951	0.0396394
8951	8952	0.0217857
2351	8952	0.0217857
5690	8953	0.10234
2353	8953	0.10234
3049	8954	0.118737
5792	8954	0.118737
8954	8955	0.0844719
2426	8955	0.0844719
2582	8956	0.0412409
2477	8956	0.0412409
3789	8957	0.0539317
5550	8957	0.0539317
2525	8958	0.143932
4381	8958	0.143932
4402	8958	0.143932
5884	8958	0.143932
2543	8959	0.0994396
2805	8959	0.0994396
2623	8960	0.0688058
2551	8960	0.0688058
2583	8961	0.132649
3488	8961	0.132649
3539	8962	0.170998
4525	8962	0.170998
5162	8963	0.120011
8962	8963	0.120011
2680	8964	0.178869
4326	8964	0.178869
3808	8965	0.297527
2737	8965	0.297527
5274	8966	0.0496617
4949	8966	0.0496617
4956	8967	0.045911
8966	8967	0.045911
2889	8968	0.134544
5937	8968	0.134544
2967	8969	0.280156
3944	8969	0.280156
8969	8970	0.0261725
5221	8970	0.0261725
5461	8971	0.0746306
3081	8971	0.0746306
3106	8972	0.121304
4679	8972	0.121304
8972	8973	0.0913519
6199	8973	0.0913519
3477	8974	0.0398952
4337	8974	0.0398952
3225	8975	0.121551
5495	8975	0.121551
3249	8976	0.351769
3494	8976	0.351769
3397	8977	0.316106
5002	8977	0.316106
8977	8978	0.133358
5387	8978	0.133358
4796	8979	0.196209
3420	8979	0.196209
5635	8980	0.107918
3422	8980	0.107918
3735	8981	0.0446548
6258	8981	0.0446548
3736	8982	0.156429
3951	8982	0.156429
4794	8983	0.10801
3994	8983	0.10801
4117	8984	0.150627
5864	8984	0.150627
4247	8985	0.114565
5480	8985	0.114565
4829	8986	0.0230188
4539	8986	0.0230188
4568	8987	0.0457831
4799	8987	0.0457831
5491	8988	0.0938845
5456	8988	0.0938845
6010	8989	0.021146
5767	8989	0.021146
4216	8990	0.0092897
5386	8990	0.0092897
2545	8991	0.0183172
2643	8991	0.0183172
8991	8992	0.0114441
3843	8992	0.0114441
8992	8993	0.00983707
6205	8993	0.00983707
1138	8994	0.015755
1258	8994	0.015755
31	8995	0.0190849
5050	8995	0.0190849
4152	8996	0.0136328
8995	8996	0.0136328
8639	8997	0.0191478
272	8997	0.0191478
1556	8998	0.00864096
5702	8998	0.00864096
17	8999	0.0207109
586	8999	0.0207109
569	9000	0.0177625
8999	9000	0.0177625
1800	9001	0.00976656
2968	9001	0.00976656
726	9002	0.0207331
5140	9002	0.0207331
5414	9003	0.00861364
1399	9003	0.00861364
3742	9004	0.0159529
4787	9004	0.0159529
1157	9005	0.0119582
3141	9005	0.0119582
5406	9006	0.0113181
4916	9006	0.0113181
1345	9007	0.0151672
4720	9007	0.0151672
4249	9008	0.015993
8643	9008	0.015993
5293	9009	0.0204201
3766	9009	0.0204201
6354	9010	0.0168801
5343	9010	0.0168801
8897	9011	0.0147584
4447	9011	0.0147584
1318	9012	0.015614
539	9012	0.015614
6117	9013	0.0179939
6110	9013	0.0179939
9013	9014	0.0154428
6118	9014	0.0154428
6119	9015	0.0137234
9014	9015	0.0137234
1007	9016	0.0150291
3924	9016	0.0150291
8699	9017	0.0156813
3557	9017	0.0156813
3455	9018	0.0188088
5492	9018	0.0188088
6213	9019	0.0168153
1455	9019	0.0168153
9018	9020	0.0149726
9019	9020	0.0149726
8838	9021	0.0148411
3451	9021	0.0148411
1750	9022	0.018153
2909	9022	0.018153
5969	9023	0.0139196
4367	9023	0.0139196
858	9024	0.0179045
2952	9024	0.0179045
3124	9025	0.017419
8973	9025	0.017419
8904	9026	0.020063
2642	9026	0.020063
5915	9027	0.0189315
8953	9027	0.0189315
6397	9028	0.0182467
4646	9028	0.0182467
8801	9029	0.0181072
1034	9029	0.0181072
4256	9030	0.0174701
9029	9030	0.0174701
4386	9031	0.0170793
9030	9031	0.0170793
923	9032	0.0166904
2800	9032	0.0166904
9032	9033	0.0165839
5986	9033	0.0165839
745	9034	0.0164748
5901	9034	0.0164748
3877	9035	0.0204017
8680	9035	0.0204017
8650	9036	0.019638
8790	9036	0.019638
3161	9037	0.0188943
9036	9037	0.0188943
4424	9038	0.0196616
2596	9038	0.0196616
6414	9039	0.0198268
2504	9039	0.0198268
8429	9040	0.0208759
8824	9040	0.0208759
9040	9041	0.0208681
3011	9041	0.0208681
9041	9042	0.0208646
6227	9042	0.0208646
9042	9043	0.020852
3069	9043	0.020852
2983	9044	0.0208491
9043	9044	0.0208491
9044	9045	0.0208423
5621	9045	0.0208423
9045	9046	0.0208179
5942	9046	0.0208179
9046	9047	0.0207976
1585	9047	0.0207976
9047	9048	0.0207787
5934	9048	0.0207787
9048	9049	0.0207694
333	9049	0.0207694
9049	9050	0.0207685
639	9050	0.0207685
6331	9051	0.0207633
9050	9051	0.0207633
9051	9052	0.0207481
3787	9052	0.0207481
9052	9053	0.0207368
1184	9053	0.0207368
9053	9054	0.0207218
8808	9054	0.0207218
9054	9055	0.0206928
5973	9055	0.0206928
6445	9056	0.020691
9055	9056	0.020691
6447	9057	0.0206794
9056	9057	0.0206794
9057	9058	0.020668
1637	9058	0.020668
3255	9058	0.020668
9058	9059	0.0206557
450	9059	0.0206557
6455	9060	0.0206396
9059	9060	0.0206396
9060	9061	0.0205891
439	9061	0.0205891
9061	9062	0.0205861
1864	9062	0.0205861
3166	9063	0.0205763
9062	9063	0.0205763
9063	9064	0.0205715
8522	9064	0.0205715
6039	9064	0.0205715
6476	9065	0.0205581
9064	9065	0.0205581
6083	9065	0.0205581
6139	9065	0.0205581
5449	9065	0.0205581
9065	9066	0.0205516
8459	9066	0.0205516
173	9067	0.0208187
8490	9067	0.0208187
9067	9068	0.0205325
8564	9068	0.0205325
8590	9069	0.0207109
5126	9069	0.0207109
5688	9069	0.0207109
699	9070	0.0206698
9069	9070	0.0206698
9066	9071	0.0205136
457	9071	0.0205136
3059	9072	0.0205109
9071	9072	0.0205109
9072	9073	0.0205096
3207	9073	0.0205096
9073	9074	0.0205068
6195	9074	0.0205068
2801	9075	0.020505
9074	9075	0.020505
1121	9076	0.0204986
9075	9076	0.0204986
6288	9077	0.020484
9076	9077	0.020484
9077	9078	0.0204774
4262	9078	0.0204774
8610	9079	0.0204744
9078	9079	0.0204744
4051	9079	0.0204744
8819	9079	0.0204744
9079	9080	0.020431
5493	9080	0.020431
9080	9081	0.0204153
3193	9081	0.0204153
6338	9082	0.0204125
9081	9082	0.0204125
9082	9083	0.0204042
5852	9083	0.0204042
8807	9084	0.0203798
9083	9084	0.0203798
6387	9085	0.020372
9084	9085	0.020372
8888	9085	0.020372
9085	9086	0.020356
1367	9086	0.020356
5053	9087	0.0203529
9086	9087	0.0203529
6460	9088	0.0203515
9087	9088	0.0203515
9088	9089	0.0203503
792	9089	0.0203503
9089	9090	0.0203264
8444	9090	0.0203264
6421	9091	0.0203246
9090	9091	0.0203246
9091	9092	0.0203048
871	9092	0.0203048
4517	9093	0.0202995
9092	9093	0.0202995
9068	9093	0.0202995
8567	9093	0.0202995
9070	9093	0.0202995
9093	9094	0.0202864
8580	9094	0.0202864
9094	9095	0.0202804
791	9095	0.0202804
6284	9096	0.0202725
9095	9096	0.0202725
5522	9096	0.0202725
9096	9097	0.0202679
1404	9097	0.0202679
9097	9098	0.0202638
2057	9098	0.0202638
3928	9099	0.0202612
9098	9099	0.0202612
6384	9100	0.0202394
9099	9100	0.0202394
2590	9101	0.0204505
8701	9101	0.0204505
2603	9102	0.0204657
1594	9102	0.0204657
9100	9103	0.0202198
2326	9103	0.0202198
6328	9104	0.0202182
9103	9104	0.0202182
1218	9105	0.0202044
9104	9105	0.0202044
9105	9106	0.0201799
1670	9106	0.0201799
9106	9107	0.0201662
4137	9107	0.0201662
9107	9108	0.0201655
4468	9108	0.0201655
9108	9109	0.0201582
1582	9109	0.0201582
6273	9110	0.0201569
9109	9110	0.0201569
727	9110	0.0201569
9110	9111	0.020154
2470	9111	0.020154
9111	9112	0.0201325
261	9112	0.0201325
6341	9113	0.0201271
9112	9113	0.0201271
9113	9114	0.0201111
3089	9114	0.0201111
4878	9115	0.0201065
9114	9115	0.0201065
6282	9116	0.0200934
9115	9116	0.0200934
9116	9117	0.0200834
5500	9117	0.0200834
9117	9118	0.0200805
5117	9118	0.0200805
9118	9119	0.0200715
815	9119	0.0200715
9119	9120	0.0200662
247	9120	0.0200662
2338	9121	0.0200656
9120	9121	0.0200656
9121	9122	0.0200422
391	9122	0.0200422
6479	9123	0.020009
9122	9123	0.020009
9123	9124	0.0200024
1031	9124	0.0200024
6458	9125	0.0199976
9124	9125	0.0199976
4338	9125	0.0199976
9125	9126	0.0199898
9	9126	0.0199898
9126	9127	0.0199498
1396	9127	0.0199498
6372	9128	0.0199491
9127	9128	0.0199491
5853	9129	0.0199266
4558	9129	0.0199266
9128	9129	0.0199266
2240	9130	0.0199101
9129	9130	0.0199101
9130	9131	0.0199088
2292	9131	0.0199088
3959	9132	0.0199052
9131	9132	0.0199052
3897	9133	0.0198984
9132	9133	0.0198984
6381	9134	0.0198964
9133	9134	0.0198964
1758	9134	0.0198964
9134	9135	0.0198744
3947	9135	0.0198744
9135	9136	0.0198688
4676	9136	0.0198688
9136	9137	0.0198605
2546	9137	0.0198605
1426	9138	0.0198581
9137	9138	0.0198581
9138	9139	0.0198489
3129	9139	0.0198489
6296	9140	0.0198456
9139	9140	0.0198456
9140	9141	0.0198287
1095	9141	0.0198287
4928	9142	0.0198202
9141	9142	0.0198202
9142	9143	0.0198057
1915	9143	0.0198057
6423	9144	0.0197798
9143	9144	0.0197798
9144	9145	0.0197752
3564	9145	0.0197752
9145	9146	0.0197719
5210	9146	0.0197719
9146	9147	0.019723
5023	9147	0.019723
9147	9148	0.0197086
9102	9148	0.0197086
9148	9149	0.0197054
1510	9149	0.0197054
9149	9150	0.0196967
8611	9150	0.0196967
9150	9151	0.0196936
3996	9151	0.0196936
4870	9152	0.0196839
9151	9152	0.0196839
9152	9153	0.0196714
1315	9153	0.0196714
9153	9154	0.0196592
9101	9154	0.0196592
2399	9155	0.0196324
9154	9155	0.0196324
9155	9156	0.0196293
5992	9156	0.0196293
9156	9157	0.0196275
1728	9157	0.0196275
8659	9158	0.0198563
3883	9158	0.0198563
5271	9159	0.0198057
2448	9159	0.0198057
940	9160	0.0199002
8840	9160	0.0199002
6482	9161	0.0196142
9157	9161	0.0196142
4887	9162	0.01959
9161	9162	0.01959
3617	9163	0.0195801
9162	9163	0.0195801
9163	9164	0.0195564
2148	9164	0.0195564
9164	9165	0.0195532
9160	9165	0.0195532
9038	9166	0.0195524
9165	9166	0.0195524
9166	9167	0.0195157
1383	9167	0.0195157
9167	9168	0.0195131
859	9168	0.0195131
9168	9169	0.0194938
2702	9169	0.0194938
9169	9170	0.0194903
4015	9170	0.0194903
1680	9171	0.0194664
9170	9171	0.0194664
1075	9172	0.0194573
9171	9172	0.0194573
770	9173	0.019414
9172	9173	0.019414
9173	9174	0.0194111
8915	9174	0.0194111
9174	9175	0.0194026
3655	9175	0.0194026
1468	9175	0.0194026
6345	9176	0.0194005
1699	9176	0.0194005
9175	9176	0.0194005
6376	9177	0.0193979
9176	9177	0.0193979
6389	9178	0.0193962
9177	9178	0.0193962
9178	9179	0.0193713
8616	9179	0.0193713
3775	9180	0.0193577
9179	9180	0.0193577
4354	9181	0.0193461
9180	9181	0.0193461
9181	9182	0.0193338
2065	9182	0.0193338
9182	9183	0.0193247
882	9183	0.0193247
1403	9183	0.0193247
1270	9183	0.0193247
6430	9184	0.0192759
9183	9184	0.0192759
5637	9185	0.0192633
9184	9185	0.0192633
9185	9186	0.01926
3227	9186	0.01926
257	9187	0.0192545
9186	9187	0.0192545
1146	9188	0.0192472
9187	9188	0.0192472
1271	9189	0.019243
9188	9189	0.019243
9189	9190	0.0191938
5777	9190	0.0191938
3380	9191	0.0191726
4027	9191	0.0191726
9190	9191	0.0191726
9191	9192	0.0191706
3499	9192	0.0191706
8833	9193	0.0191478
9192	9193	0.0191478
9158	9193	0.0191478
1044	9193	0.0191478
9193	9194	0.0191422
5970	9194	0.0191422
9039	9195	0.0191292
9194	9195	0.0191292
353	9196	0.0191172
9195	9196	0.0191172
4760	9197	0.019108
9196	9197	0.019108
2867	9197	0.019108
9197	9198	0.0190714
2606	9198	0.0190714
9198	9199	0.0190583
1011	9199	0.0190583
2745	9199	0.0190583
9199	9200	0.0190476
438	9200	0.0190476
8550	9201	0.0191372
3781	9201	0.0191372
3999	9202	0.0190447
9200	9202	0.0190447
6432	9203	0.019042
9202	9203	0.019042
9203	9204	0.0190305
4881	9204	0.0190305
8593	9205	0.0190295
9204	9205	0.0190295
9205	9206	0.0190286
5412	9206	0.0190286
9206	9207	0.0190191
3345	9207	0.0190191
9201	9207	0.0190191
9207	9208	0.0190085
4084	9208	0.0190085
5070	9209	0.0189926
9208	9209	0.0189926
9209	9210	0.0189798
4779	9210	0.0189798
9210	9211	0.0189693
2236	9211	0.0189693
440	9212	0.0189335
9211	9212	0.0189335
6362	9213	0.01892
9212	9213	0.01892
9213	9214	0.0189031
1617	9214	0.0189031
9214	9215	0.0188995
1168	9215	0.0188995
9215	9216	0.0188885
907	9216	0.0188885
709	9217	0.0189079
1433	9217	0.0189079
9216	9218	0.0188873
3135	9218	0.0188873
9218	9219	0.0188763
3087	9219	0.0188763
6401	9220	0.0188653
9219	9220	0.0188653
3861	9220	0.0188653
9220	9221	0.0188622
477	9221	0.0188622
6365	9222	0.0188429
9221	9222	0.0188429
4059	9223	0.0188366
9222	9223	0.0188366
9223	9224	0.0188305
2456	9224	0.0188305
9224	9225	0.0188119
5566	9225	0.0188119
9225	9226	0.0188047
5646	9226	0.0188047
9226	9227	0.0187905
4527	9227	0.0187905
9227	9228	0.0187886
8785	9228	0.0187886
3357	9228	0.0187886
9228	9229	0.0187836
6253	9229	0.0187836
4109	9230	0.0187824
9229	9230	0.0187824
9230	9231	0.0187789
716	9231	0.0187789
9217	9231	0.0187789
3355	9231	0.0187789
9231	9232	0.0187726
3721	9232	0.0187726
1046	9233	0.0187514
9232	9233	0.0187514
9233	9234	0.0187303
5307	9234	0.0187303
9234	9235	0.0187265
2959	9235	0.0187265
191	9236	0.0187214
9235	9236	0.0187214
8952	9236	0.0187214
9236	9237	0.0187157
4820	9237	0.0187157
6357	9238	0.0187149
9237	9238	0.0187149
9238	9239	0.0186826
708	9239	0.0186826
1943	9240	0.0186743
9239	9240	0.0186743
9240	9241	0.0186665
5650	9241	0.0186665
9241	9242	0.0186031
3467	9242	0.0186031
9242	9243	0.0186015
594	9243	0.0186015
3	9243	0.0186015
9243	9244	0.018591
2547	9244	0.018591
6291	9245	0.0185817
9244	9245	0.0185817
2925	9245	0.0185817
9245	9246	0.0185784
1420	9246	0.0185784
9246	9247	0.0185717
5349	9247	0.0185717
2466	9248	0.0185556
9247	9248	0.0185556
6210	9249	0.0185515
9248	9249	0.0185515
9249	9250	0.0185259
6167	9250	0.0185259
9250	9251	0.0185204
53	9251	0.0185204
4311	9251	0.0185204
424	9252	0.0184813
9251	9252	0.0184813
9252	9253	0.0184802
6033	9253	0.0184802
5941	9254	0.0184769
9253	9254	0.0184769
3834	9255	0.0184681
9254	9255	0.0184681
9255	9256	0.0184603
5258	9256	0.0184603
9256	9257	0.018448
5483	9257	0.018448
9257	9258	0.0184347
1211	9258	0.0184347
9258	9259	0.0184013
6046	9259	0.0184013
3968	9260	0.0183907
9259	9260	0.0183907
3627	9260	0.0183907
2516	9261	0.0184422
3195	9261	0.0184422
2385	9262	0.0183828
9260	9262	0.0183828
9262	9263	0.0183806
5731	9263	0.0183806
6392	9264	0.0183722
9263	9264	0.0183722
9264	9265	0.0183641
4171	9265	0.0183641
3085	9266	0.0183421
4907	9266	0.0183421
9265	9266	0.0183421
8885	9267	0.0183399
9266	9267	0.0183399
9267	9268	0.0183374
9159	9268	0.0183374
9268	9269	0.0183343
5108	9269	0.0183343
9269	9270	0.018319
9261	9270	0.018319
4689	9271	0.0183179
9270	9271	0.0183179
9271	9272	0.0183127
1172	9272	0.0183127
4030	9273	0.0183071
9272	9273	0.0183071
2312	9273	0.0183071
6295	9274	0.0183061
9273	9274	0.0183061
8437	9275	0.0190823
8868	9275	0.0190823
1549	9276	0.0190476
416	9276	0.0190476
5540	9277	0.0203161
1264	9277	0.0203161
2712	9278	0.0202182
8531	9278	0.0202182
8579	9279	0.0208081
2059	9279	0.0208081
9279	9280	0.0193319
2482	9280	0.0193319
9280	9281	0.0188461
6181	9281	0.0188461
9281	9282	0.0186329
2459	9282	0.0186329
8605	9283	0.0187358
5170	9283	0.0187358
8642	9284	0.0198202
283	9284	0.0198202
4967	9285	0.0191814
9284	9285	0.0191814
8718	9286	0.0190115
542	9286	0.0190115
8766	9287	0.0186056
5154	9287	0.0186056
5238	9288	0.0205174
4360	9288	0.0205174
3158	9289	0.0192271
1082	9289	0.0192271
9289	9290	0.0187655
1424	9290	0.0187655
1967	9291	0.0196324
1665	9291	0.0196324
1867	9292	0.0205125
1695	9292	0.0205125
4690	9293	0.0196115
9292	9293	0.0196115
3732	9294	0.0188637
2667	9294	0.0188637
9274	9295	0.0182926
2875	9295	0.0182926
3596	9296	0.0182812
9295	9296	0.0182812
9296	9297	0.0182752
1659	9297	0.0182752
9297	9298	0.0182627
5975	9298	0.0182627
4778	9299	0.0182514
9298	9299	0.0182514
9299	9300	0.0182495
1730	9300	0.0182495
198	9301	0.0182312
9300	9301	0.0182312
9301	9302	0.0182258
9278	9302	0.0182258
2394	9302	0.0182258
9302	9303	0.0182037
1057	9303	0.0182037
557	9303	0.0182037
9303	9304	0.0181856
4918	9304	0.0181856
9304	9305	0.0181744
3589	9305	0.0181744
4362	9306	0.0181685
9305	9306	0.0181685
9306	9307	0.0181589
70	9307	0.0181589
9307	9308	0.0181481
5353	9308	0.0181481
2190	9309	0.0181436
9308	9309	0.0181436
8463	9310	0.018122
9309	9310	0.018122
9310	9311	0.0180655
3953	9311	0.0180655
9311	9312	0.0180646
3902	9312	0.0180646
9312	9313	0.018057
4403	9313	0.018057
6126	9314	0.0180548
9313	9314	0.0180548
9314	9315	0.0180374
2927	9315	0.0180374
5277	9316	0.018035
9315	9316	0.018035
186	9317	0.0180292
9316	9317	0.0180292
1918	9318	0.0180245
9317	9318	0.0180245
9318	9319	0.0180102
694	9319	0.0180102
9319	9320	0.0179939
2321	9320	0.0179939
8779	9321	0.0179672
9320	9321	0.0179672
9321	9322	0.017962
2635	9322	0.017962
8441	9323	0.0179594
9322	9323	0.0179594
8891	9324	0.0179584
9323	9324	0.0179584
9324	9325	0.0179481
393	9325	0.0179481
9325	9326	0.0179475
9287	9326	0.0179475
9326	9327	0.0179398
5687	9327	0.0179398
9327	9328	0.0179377
3868	9328	0.0179377
4601	9328	0.0179377
9328	9329	0.0179371
3528	9329	0.0179371
9329	9330	0.017931
2131	9330	0.017931
1273	9331	0.0179243
9330	9331	0.0179243
9331	9332	0.0178929
9276	9332	0.0178929
9332	9333	0.017888
2365	9333	0.017888
9333	9334	0.0178844
2931	9334	0.0178844
418	9335	0.0178794
9334	9335	0.0178794
9335	9336	0.0178499
1596	9336	0.0178499
9336	9337	0.0178471
672	9337	0.0178471
2552	9337	0.0178471
9337	9338	0.0178051
4466	9338	0.0178051
8540	9339	0.0177936
9338	9339	0.0177936
9339	9340	0.017784
5655	9340	0.017784
9340	9341	0.0177555
9293	9341	0.0177555
9341	9342	0.0177515
9294	9342	0.0177515
1749	9343	0.0179511
3167	9343	0.0179511
9342	9344	0.0177388
1974	9344	0.0177388
4516	9345	0.0177335
9344	9345	0.0177335
9345	9346	0.0177329
3426	9346	0.0177329
6105	9347	0.0177316
9346	9347	0.0177316
9347	9348	0.0177194
9343	9348	0.0177194
6449	9349	0.0177173
9348	9349	0.0177173
9349	9350	0.0177128
9285	9350	0.0177128
5778	9350	0.0177128
9350	9351	0.0177068
4554	9351	0.0177068
640	9352	0.017689
9351	9352	0.017689
9352	9353	0.017688
8820	9353	0.017688
9353	9354	0.0176824
1616	9354	0.0176824
9354	9355	0.0176808
2622	9355	0.0176808
4802	9356	0.0176752
4203	9356	0.0176752
9355	9356	0.0176752
9356	9357	0.0176669
3286	9357	0.0176669
9357	9358	0.0176584
6003	9358	0.0176584
4823	9359	0.0176504
9358	9359	0.0176504
9359	9360	0.0176322
9275	9360	0.0176322
9360	9361	0.0176316
6226	9361	0.0176316
2398	9362	0.0175993
9361	9362	0.0175993
5474	9363	0.0175985
9362	9363	0.0175985
9363	9364	0.0175945
1084	9364	0.0175945
9364	9365	0.017568
5038	9365	0.017568
3801	9366	0.0175604
9365	9366	0.0175604
9366	9367	0.0175457
875	9367	0.0175457
9367	9368	0.0175418
865	9368	0.0175418
9368	9369	0.0175295
1821	9369	0.0175295
3815	9370	0.0175197
9369	9370	0.0175197
9370	9371	0.017519
5039	9371	0.017519
9371	9372	0.0175152
3304	9372	0.0175152
9372	9373	0.0174922
5192	9373	0.0174922
4692	9374	0.0174885
9373	9374	0.0174885
9374	9375	0.017437
2520	9375	0.017437
9375	9376	0.017419
1513	9376	0.017419
2978	9377	0.0174054
9376	9377	0.0174054
278	9378	0.0174037
9377	9378	0.0174037
1369	9378	0.0174037
3590	9379	0.0173929
9378	9379	0.0173929
2263	9380	0.0173206
9291	9380	0.0173206
6394	9381	0.0173864
9379	9381	0.0173864
9381	9382	0.0173666
977	9382	0.0173666
1654	9382	0.0173666
9277	9383	0.0173378
9382	9383	0.0173378
2840	9383	0.0173378
9383	9384	0.017334
1232	9384	0.017334
6065	9385	0.0173332
9384	9385	0.0173332
2195	9385	0.0173332
9380	9386	0.0173197
9385	9386	0.0173197
3548	9387	0.0173111
9386	9387	0.0173111
9387	9388	0.0173034
2356	9388	0.0173034
9388	9389	0.0172945
1195	9389	0.0172945
3616	9390	0.0172858
9389	9390	0.0172858
9390	9391	0.0172761
8978	9391	0.0172761
8485	9392	0.0175999
6121	9392	0.0175999
192	9393	0.0172747
1239	9393	0.0172747
9283	9394	0.0175244
1231	9394	0.0175244
9394	9395	0.0173837
5430	9395	0.0173837
9395	9396	0.0173206
2301	9396	0.0173206
2162	9397	0.0174914
9290	9397	0.0174914
6060	9398	0.0173247
1961	9398	0.0173247
8964	9399	0.0180142
3437	9399	0.0180142
2502	9400	0.0178003
9399	9400	0.0178003
9391	9401	0.0172603
5616	9401	0.0172603
1062	9402	0.0172519
9401	9402	0.0172519
2869	9403	0.017249
9402	9403	0.017249
9403	9404	0.0172243
9393	9404	0.0172243
414	9405	0.0172171
9404	9405	0.0172171
9405	9406	0.0172043
2291	9406	0.0172043
4143	9406	0.0172043
9406	9407	0.0172023
3708	9407	0.0172023
4193	9407	0.0172023
5742	9407	0.0172023
9407	9408	0.0171824
9400	9408	0.0171824
2940	9409	0.0171632
9408	9409	0.0171632
9282	9409	0.0171632
6359	9410	0.0171306
9409	9410	0.0171306
9410	9411	0.0171244
9397	9411	0.0171244
3424	9411	0.0171244
9411	9412	0.0171224
9398	9412	0.0171224
8923	9413	0.0171157
9412	9413	0.0171157
9413	9414	0.0170918
5669	9414	0.0170918
9414	9415	0.0170834
5184	9415	0.0170834
9415	9416	0.0170793
556	9416	0.0170793
9416	9417	0.0170689
604	9417	0.0170689
5067	9418	0.0170566
9417	9418	0.0170566
9418	9419	0.0170334
9286	9419	0.0170334
8927	9420	0.0171348
2434	9420	0.0171348
9419	9421	0.017027
972	9421	0.017027
6418	9422	0.0170174
9421	9422	0.0170174
9422	9423	0.0170168
1688	9423	0.0170168
4087	9424	0.0170144
9423	9424	0.0170144
9424	9425	0.0170123
4290	9425	0.0170123
9425	9426	0.017
3591	9426	0.017
9426	9427	0.0169849
4332	9427	0.0169849
6297	9428	0.0169742
9427	9428	0.0169742
6398	9429	0.0169723
9428	9429	0.0169723
4020	9430	0.0169696
9429	9430	0.0169696
136	9431	0.0169417
9430	9431	0.0169417
6454	9432	0.0169329
9431	9432	0.0169329
3701	9432	0.0169329
2957	9433	0.0169211
9432	9433	0.0169211
38	9433	0.0169211
3658	9434	0.0169094
9433	9434	0.0169094
6444	9435	0.0169088
9434	9435	0.0169088
9435	9436	0.0168914
3520	9436	0.0168914
9436	9437	0.0168849
4363	9437	0.0168849
5312	9438	0.0168746
9437	9438	0.0168746
9438	9439	0.0168684
3647	9439	0.0168684
9439	9440	0.0168562
9420	9440	0.0168562
9440	9441	0.0168464
9392	9441	0.0168464
9441	9442	0.0168315
1578	9442	0.0168315
5729	9442	0.0168315
9442	9443	0.0168269
5106	9443	0.0168269
9443	9444	0.0168153
3938	9444	0.0168153
9444	9445	0.0168105
169	9445	0.0168105
1442	9446	0.0167982
9445	9446	0.0167982
9446	9447	0.0167909
4255	9447	0.0167909
9447	9448	0.0167867
4693	9448	0.0167867
8510	9449	0.0167828
9448	9449	0.0167828
9449	9450	0.016777
255	9450	0.016777
4953	9450	0.016777
8810	9451	0.0167753
9450	9451	0.0167753
2677	9451	0.0167753
9451	9452	0.0167741
5968	9452	0.0167741
2264	9453	0.0167713
9452	9453	0.0167713
3480	9454	0.0167675
9453	9454	0.0167675
145	9455	0.0167629
9454	9455	0.0167629
9455	9456	0.0167588
5548	9456	0.0167588
9456	9457	0.0167398
3417	9457	0.0167398
5935	9457	0.0167398
330	9458	0.0166795
9457	9458	0.0166795
4711	9459	0.016664
9458	9459	0.016664
1572	9460	0.0166581
9459	9460	0.0166581
3421	9461	0.0166454
9460	9461	0.0166454
6424	9462	0.0166007
9461	9462	0.0166007
1657	9463	0.0165976
1464	9463	0.0165976
9462	9464	0.0165855
1606	9464	0.0165855
3865	9465	0.0165569
9464	9465	0.0165569
9465	9466	0.016555
5546	9466	0.016555
883	9467	0.016549
9466	9467	0.016549
9467	9468	0.0165413
6230	9468	0.0165413
9468	9469	0.0165367
4314	9469	0.0165367
9469	9470	0.01653
9396	9470	0.01653
6462	9471	0.0165276
9470	9471	0.0165276
9471	9472	0.016502
5800	9472	0.016502
8645	9473	0.0164803
9472	9473	0.0164803
9473	9474	0.0164775
460	9474	0.0164775
9474	9475	0.0164755
848	9475	0.0164755
9475	9476	0.0164739
2716	9476	0.0164739
6416	9477	0.0164726
9476	9477	0.0164726
9477	9478	0.0164718
1544	9478	0.0164718
9478	9479	0.0164643
4950	9479	0.0164643
9479	9480	0.0164594
2854	9480	0.0164594
9480	9481	0.0164556
2008	9481	0.0164556
2489	9482	0.0164528
9481	9482	0.0164528
9288	9483	0.0164489
9482	9483	0.0164489
9463	9483	0.0164489
4169	9484	0.0164462
9483	9484	0.0164462
32	9485	0.0173441
404	9485	0.0173441
4825	9486	0.0199002
2191	9486	0.0199002
5987	9487	0.019409
9486	9487	0.019409
9487	9488	0.0178732
1213	9488	0.0178732
8486	9489	0.0176277
831	9489	0.0176277
114	9490	0.0182514
2387	9490	0.0182514
9490	9491	0.0179135
1457	9491	0.0179135
8498	9492	0.0184279
8506	9492	0.0184279
9492	9493	0.0177058
428	9493	0.0177058
8507	9494	0.0202348
1438	9494	0.0202348
9494	9495	0.0194835
1284	9495	0.0194835
8535	9496	0.0181471
3720	9496	0.0181471
9496	9497	0.0177946
382	9497	0.0177946
9497	9498	0.0171891
821	9498	0.0171891
3599	9499	0.0167998
9498	9499	0.0167998
9499	9500	0.0166872
845	9500	0.0166872
3361	9501	0.0193097
3851	9501	0.0193097
8572	9502	0.0207292
3745	9502	0.0207292
9502	9503	0.0189267
3625	9503	0.0189267
241	9504	0.0169315
3582	9504	0.0169315
2998	9505	0.0183573
591	9505	0.0183573
8700	9506	0.0200494
5945	9506	0.0200494
9506	9507	0.0195808
2773	9507	0.0195808
8763	9508	0.0205658
4076	9508	0.0205658
4770	9509	0.0164988
3663	9509	0.0164988
1754	9510	0.0171824
4115	9510	0.0171824
8911	9511	0.0173541
2707	9511	0.0173541
8922	9512	0.0202205
2522	9512	0.0202205
2636	9513	0.0168191
3805	9513	0.0168191
386	9514	0.0151843
8488	9514	0.0151843
1558	9515	0.0157938
4844	9515	0.0157938
1080	9516	0.0160227
1696	9516	0.0160227
9484	9517	0.0164186
4069	9517	0.0164186
4307	9518	0.0164001
9517	9518	0.0164001
2823	9518	0.0164001
1545	9519	0.0163965
9518	9519	0.0163965
9519	9520	0.0163957
4924	9520	0.0163957
9520	9521	0.0163649
678	9521	0.0163649
9521	9522	0.0163611
3532	9522	0.0163611
2658	9523	0.0164092
789	9523	0.0164092
9522	9524	0.0163546
1735	9524	0.0163546
2984	9525	0.016347
9524	9525	0.016347
9525	9526	0.0163249
2412	9526	0.0163249
9526	9527	0.0163224
9523	9527	0.0163224
8963	9528	0.0163051
9527	9528	0.0163051
9528	9529	0.0163002
5900	9529	0.0163002
9529	9530	0.0162783
1533	9530	0.0162783
8555	9531	0.0162746
9530	9531	0.0162746
9531	9532	0.0162518
3385	9532	0.0162518
9033	9533	0.0162449
9532	9533	0.0162449
8665	9534	0.0162268
9533	9534	0.0162268
9534	9535	0.0162108
9513	9535	0.0162108
9535	9536	0.0161983
3875	9536	0.0161983
9536	9537	0.0161917
9493	9537	0.0161917
4824	9537	0.0161917
5485	9538	0.0161764
9537	9538	0.0161764
8730	9539	0.0161751
9538	9539	0.0161751
9539	9540	0.0161745
3670	9540	0.0161745
9540	9541	0.0161676
4510	9541	0.0161676
9541	9542	0.0161655
8752	9542	0.0161655
9495	9542	0.0161655
8461	9543	0.0163716
9488	9543	0.0163716
3061	9544	0.0161543
9542	9544	0.0161543
9544	9545	0.0161534
9505	9545	0.0161534
9545	9546	0.0161429
392	9546	0.0161429
1280	9547	0.0161436
9543	9547	0.0161436
9546	9548	0.0161393
14	9548	0.0161393
9547	9548	0.0161393
2344	9549	0.0161293
9548	9549	0.0161293
4155	9550	0.0161199
9549	9550	0.0161199
2031	9550	0.0161199
474	9550	0.0161199
9550	9551	0.0161191
4009	9551	0.0161191
481	9552	0.0161162
9551	9552	0.0161162
5185	9553	0.0161152
9552	9553	0.0161152
9553	9554	0.0161066
4493	9554	0.0161066
2181	9555	0.0161017
9554	9555	0.0161017
9555	9556	0.0161001
2777	9556	0.0161001
8689	9557	0.0160991
9556	9557	0.0160991
21	9558	0.0160902
9557	9558	0.0160902
5524	9559	0.0160837
9558	9559	0.0160837
9559	9560	0.0160782
5698	9560	0.0160782
9560	9561	0.0160437
6087	9561	0.0160437
3485	9562	0.0160252
9561	9562	0.0160252
9562	9563	0.0159967
5532	9563	0.0159967
9563	9564	0.0159705
920	9564	0.0159705
9025	9565	0.0159662
2203	9565	0.0159662
2444	9565	0.0159662
2529	9565	0.0159662
2775	9565	0.0159662
9564	9565	0.0159662
2975	9566	0.0159632
9565	9566	0.0159632
9566	9567	0.0159529
5452	9567	0.0159529
3398	9568	0.0159495
9567	9568	0.0159495
9568	9569	0.0159338
4019	9569	0.0159338
9569	9570	0.0159233
4091	9570	0.0159233
5394	9571	0.0159177
9570	9571	0.0159177
5837	9572	0.015933
951	9572	0.015933
2136	9573	0.0159159
9571	9573	0.0159159
9573	9574	0.0159044
3657	9574	0.0159044
399	9575	0.0158883
9574	9575	0.0158883
8612	9576	0.0158796
9575	9576	0.0158796
9576	9577	0.0158788
3280	9577	0.0158788
9577	9578	0.0158709
1163	9578	0.0158709
8886	9579	0.0158684
9578	9579	0.0158684
9579	9580	0.0158643
465	9580	0.0158643
9580	9581	0.0158597
3334	9581	0.0158597
9581	9582	0.0158483
265	9582	0.0158483
4299	9583	0.0158376
9582	9583	0.0158376
1027	9584	0.0158264
9583	9584	0.0158264
9584	9585	0.0158131
3646	9585	0.0158131
9585	9586	0.0158091
88	9586	0.0158091
9586	9587	0.0158081
187	9587	0.0158081
9587	9588	0.0158057
3261	9588	0.0158057
2663	9589	0.0158042
9588	9589	0.0158042
8905	9590	0.015782
9589	9590	0.015782
9590	9591	0.0157765
963	9591	0.0157765
8536	9592	0.0157613
9591	9592	0.0157613
3367	9593	0.0157478
9592	9593	0.0157478
9593	9594	0.0157461
5167	9594	0.0157461
9594	9595	0.015745
9572	9595	0.015745
2026	9596	0.0157367
9595	9596	0.0157367
9596	9597	0.0157296
3703	9597	0.0157296
9597	9598	0.0157077
1100	9598	0.0157077
9598	9599	0.0157062
2115	9599	0.0157062
78	9600	0.0157033
9599	9600	0.0157033
1440	9600	0.0157033
6443	9601	0.0156937
9600	9601	0.0156937
9601	9602	0.0156871
5875	9602	0.0156871
9602	9603	0.0156856
552	9603	0.0156856
6437	9604	0.0156848
9603	9604	0.0156848
9604	9605	0.0156839
2032	9605	0.0156839
8762	9606	0.0156681
9605	9606	0.0156681
6465	9607	0.0156631
9606	9607	0.0156631
44	9608	0.0156536
9607	9608	0.0156536
9031	9609	0.0156478
9037	9609	0.0156478
9608	9609	0.0156478
9609	9610	0.0156431
303	9610	0.0156431
6472	9611	0.0156391
9610	9611	0.0156391
6406	9612	0.015627
9611	9612	0.015627
9612	9613	0.015626
183	9613	0.015626
9613	9614	0.01561
1776	9614	0.01561
9614	9615	0.0156087
1149	9615	0.0156087
4879	9616	0.0156058
9615	9616	0.0156058
1253	9617	0.0155839
9616	9617	0.0155839
4909	9618	0.0155766
9617	9618	0.0155766
9618	9619	0.0155716
6073	9619	0.0155716
9619	9620	0.0155658
3473	9620	0.0155658
9620	9621	0.0155447
3290	9621	0.0155447
1120	9622	0.0155411
9621	9622	0.0155411
9622	9623	0.015539
3710	9623	0.015539
6146	9624	0.0155326
9623	9624	0.0155326
3160	9625	0.0155257
9624	9625	0.0155257
9625	9626	0.015503
5218	9626	0.015503
9626	9627	0.0154838
1759	9627	0.0154838
753	9628	0.0161574
37	9628	0.0161574
1422	9629	0.0157917
724	9629	0.0157917
5806	9630	0.0154763
2821	9630	0.0154763
9627	9631	0.0154803
3921	9631	0.0154803
8912	9632	0.0154683
9631	9632	0.0154683
5877	9632	0.0154683
8430	9633	0.0154647
9632	9633	0.0154647
3115	9634	0.0154616
9633	9634	0.0154616
2958	9635	0.0154559
9634	9635	0.0154559
5883	9636	0.015444
9635	9636	0.015444
5576	9637	0.0154398
9636	9637	0.0154398
9637	9638	0.0154304
2613	9638	0.0154304
9638	9639	0.0153961
4167	9639	0.0153961
9639	9640	0.0153942
4959	9640	0.0153942
6471	9641	0.0153781
9640	9641	0.0153781
9641	9642	0.0153722
1624	9642	0.0153722
1485	9643	0.0153543
9642	9643	0.0153543
2915	9644	0.0153447
9643	9644	0.0153447
1536	9644	0.0153447
2208	9645	0.0153234
9644	9645	0.0153234
1889	9646	0.0153228
9645	9646	0.0153228
9646	9647	0.0153205
3536	9647	0.0153205
9647	9648	0.0153117
122	9648	0.0153117
9648	9649	0.0153025
3847	9649	0.0153025
3860	9650	0.0152997
1020	9650	0.0152997
9649	9650	0.0152997
9027	9651	0.0152931
9650	9651	0.0152931
4737	9652	0.0152789
9651	9652	0.0152789
1990	9653	0.0152711
9652	9653	0.0152711
9653	9654	0.0152628
2752	9654	0.0152628
6125	9654	0.0152628
3986	9655	0.0152606
9654	9655	0.0152606
9655	9656	0.0152408
9629	9656	0.0152408
9656	9657	0.015235
45	9657	0.015235
2997	9658	0.0152273
9657	9658	0.0152273
9658	9659	0.0152238
77	9659	0.0152238
9659	9660	0.0152141
3077	9660	0.0152141
9660	9661	0.0152113
8528	9661	0.0152113
4602	9662	0.0151855
9661	9662	0.0151855
3586	9663	0.0151804
9662	9663	0.0151804
9663	9664	0.0151765
76	9664	0.0151765
8581	9665	0.0151742
9664	9665	0.0151742
9665	9666	0.0151692
2954	9666	0.0151692
6448	9667	0.0151611
9666	9667	0.0151611
9667	9668	0.015161
1491	9668	0.015161
9668	9669	0.0151519
2763	9669	0.0151519
587	9669	0.0151519
3758	9670	0.0151428
9669	9670	0.0151428
8614	9671	0.0151346
9670	9671	0.0151346
9671	9672	0.0151318
3493	9672	0.0151318
9672	9673	0.0151167
523	9673	0.0151167
4139	9673	0.0151167
9673	9674	0.0150917
5649	9674	0.0150917
9674	9675	0.0150892
5490	9675	0.0150892
9675	9676	0.0150776
5196	9676	0.0150776
9676	9677	0.0150745
1346	9677	0.0150745
3180	9678	0.0150682
9677	9678	0.0150682
9678	9679	0.0150619
5531	9679	0.0150619
9679	9680	0.0150611
2855	9680	0.0150611
9680	9681	0.0150578
8799	9681	0.0150578
8907	9682	0.0150528
9516	9682	0.0150528
9681	9682	0.0150528
8615	9683	0.0150387
9682	9683	0.0150387
9683	9684	0.0150372
3368	9684	0.0150372
4433	9685	0.0150345
9684	9685	0.0150345
9685	9686	0.0150315
1023	9686	0.0150315
9686	9687	0.0150184
4482	9687	0.0150184
3574	9688	0.0150917
3626	9688	0.0150917
9687	9689	0.015015
1799	9689	0.015015
9515	9690	0.0150118
9689	9690	0.0150118
2517	9690	0.0150118
9690	9691	0.0150059
712	9691	0.0150059
9691	9692	0.0150039
5275	9692	0.0150039
3537	9693	0.0150003
9692	9693	0.0150003
49	9693	0.0150003
9693	9694	0.0149866
2267	9694	0.0149866
1885	9695	0.0149796
9694	9695	0.0149796
9695	9696	0.0149756
368	9696	0.0149756
9696	9697	0.0149706
1628	9697	0.0149706
4830	9698	0.0149613
9697	9698	0.0149613
611	9699	0.0149438
9698	9699	0.0149438
9699	9700	0.014943
9628	9700	0.014943
8622	9701	0.0149235
9700	9701	0.0149235
4788	9702	0.0149174
8902	9702	0.0149174
9701	9702	0.0149174
9702	9703	0.0149127
8883	9703	0.0149127
2827	9703	0.0149127
3750	9704	0.0149006
9703	9704	0.0149006
9704	9705	0.0148982
245	9705	0.0148982
4417	9705	0.0148982
51	9705	0.0148982
8711	9706	0.0148976
9705	9706	0.0148976
9630	9707	0.0148956
9706	9707	0.0148956
6361	9708	0.0148935
9707	9708	0.0148935
9708	9709	0.0148887
1859	9709	0.0148887
9709	9710	0.014881
1198	9710	0.014881
9710	9711	0.0148735
1693	9711	0.0148735
2233	9712	0.0148569
9711	9712	0.0148569
9035	9713	0.0148535
9712	9713	0.0148535
1982	9714	0.0148516
5726	9714	0.0148516
6011	9714	0.0148516
9713	9714	0.0148516
9714	9715	0.0148504
1038	9715	0.0148504
9715	9716	0.0148316
9688	9716	0.0148316
9716	9717	0.0148137
4012	9717	0.0148137
9717	9718	0.0148027
2251	9718	0.0148027
8514	9719	0.0148008
9718	9719	0.0148008
5467	9720	0.0147974
9719	9720	0.0147974
8552	9721	0.0147884
9720	9721	0.0147884
8487	9722	0.0147839
9721	9722	0.0147839
9722	9723	0.0147809
1881	9723	0.0147809
6481	9724	0.0147791
9723	9724	0.0147791
9724	9725	0.0147764
847	9725	0.0147764
2785	9726	0.0147723
9725	9726	0.0147723
9726	9727	0.0147379
5267	9727	0.0147379
9727	9728	0.0147343
8862	9728	0.0147343
3360	9728	0.0147343
9728	9729	0.0147305
4263	9729	0.0147305
9729	9730	0.0147267
4127	9730	0.0147267
2578	9731	0.0147169
9730	9731	0.0147169
9731	9732	0.0147143
3593	9732	0.0147143
9732	9733	0.014699
42	9733	0.014699
6352	9734	0.0146923
9733	9734	0.0146923
9734	9735	0.014675
571	9735	0.014675
9735	9736	0.0146704
7	9736	0.0146704
9736	9737	0.014667
3282	9737	0.014667
3137	9738	0.01466
9737	9738	0.01466
8448	9739	0.0161857
9485	9739	0.0161857
218	9740	0.015042
9739	9740	0.015042
4459	9741	0.014872
9740	9741	0.014872
9491	9742	0.0160161
1905	9742	0.0160161
1372	9743	0.0159139
918	9743	0.0159139
9501	9744	0.0150071
9743	9744	0.0150071
8800	9745	0.0149478
6019	9745	0.0149478
5659	9746	0.0163415
6216	9746	0.0163415
9746	9747	0.015971
1410	9747	0.015971
1260	9748	0.0156976
9509	9748	0.0156976
1415	9749	0.0147884
4049	9749	0.0147884
8976	9750	0.0148593
5306	9750	0.0148593
4609	9751	0.014703
6084	9751	0.014703
3349	9752	0.0143137
8686	9752	0.0143137
3013	9753	0.0138787
1642	9753	0.0138787
9738	9754	0.0146484
2709	9754	0.0146484
9754	9755	0.0146456
2738	9755	0.0146456
9755	9756	0.0146379
1225	9756	0.0146379
663	9757	0.0146305
9756	9757	0.0146305
9757	9758	0.0146164
930	9758	0.0146164
9758	9759	0.0146139
9511	9759	0.0146139
9759	9760	0.0146092
3446	9760	0.0146092
6405	9761	0.0145981
9760	9761	0.0145981
6219	9762	0.0145969
9761	9762	0.0145969
4389	9763	0.0145865
1234	9763	0.0145865
9762	9763	0.0145865
9763	9764	0.0145772
3698	9764	0.0145772
1652	9765	0.0145597
9764	9765	0.0145597
9765	9766	0.0145461
9503	9766	0.0145461
1661	9766	0.0145461
3588	9766	0.0145461
3725	9767	0.0145338
9766	9767	0.0145338
996	9768	0.014533
9767	9768	0.014533
9768	9769	0.0145063
4157	9769	0.0145063
9769	9770	0.0144944
5557	9770	0.0144944
9770	9771	0.0144757
2633	9771	0.0144757
9771	9772	0.0144711
9745	9772	0.0144711
2654	9773	0.0144665
9772	9773	0.0144665
9773	9774	0.0144653
9512	9774	0.0144653
2094	9775	0.0144615
9774	9775	0.0144615
9775	9776	0.014457
1745	9776	0.014457
9776	9777	0.0144398
8631	9777	0.0144398
251	9777	0.0144398
9777	9778	0.0144329
1681	9778	0.0144329
4133	9779	0.0144324
9778	9779	0.0144324
9779	9780	0.0144309
5176	9780	0.0144309
9780	9781	0.0144187
126	9781	0.0144187
9781	9782	0.014397
1292	9782	0.014397
9782	9783	0.0143826
5595	9783	0.0143826
9783	9784	0.0143784
5043	9784	0.0143784
2159	9785	0.0143756
9784	9785	0.0143756
9785	9786	0.0143697
306	9786	0.0143697
1926	9787	0.0143669
9786	9787	0.0143669
9787	9788	0.0143585
1326	9788	0.0143585
9788	9789	0.0143538
1391	9789	0.0143538
9789	9790	0.0143508
8809	9790	0.0143508
9790	9791	0.0143422
1814	9791	0.0143422
2948	9792	0.0143337
9791	9792	0.0143337
9741	9792	0.0143337
1090	9793	0.0143321
9792	9793	0.0143321
5561	9794	0.0143298
9793	9794	0.0143298
9794	9795	0.0143241
2678	9795	0.0143241
9795	9796	0.0143158
5122	9796	0.0143158
9796	9797	0.0142506
5003	9797	0.0142506
9797	9798	0.0142472
957	9798	0.0142472
3577	9799	0.014244
8479	9799	0.014244
9798	9799	0.014244
5956	9800	0.014241
9799	9800	0.014241
3322	9801	0.0142296
9800	9801	0.0142296
9801	9802	0.0142289
1004	9802	0.0142289
9802	9803	0.014224
9500	9803	0.014224
8910	9804	0.014362
2858	9804	0.014362
9803	9805	0.0142193
9804	9805	0.0142193
9805	9806	0.0142062
4680	9806	0.0142062
5008	9807	0.0142021
9806	9807	0.0142021
9807	9808	0.0141992
9747	9808	0.0141992
5460	9808	0.0141992
4839	9809	0.0141969
9808	9809	0.0141969
9809	9810	0.0141909
3222	9810	0.0141909
9810	9811	0.0141812
2772	9811	0.0141812
9811	9812	0.0141718
5084	9812	0.0141718
9812	9813	0.0141658
3389	9813	0.0141658
4552	9814	0.014159
9813	9814	0.014159
9814	9815	0.0141081
4908	9815	0.0141081
4819	9815	0.0141081
9815	9816	0.0141056
9504	9816	0.0141056
2905	9816	0.0141056
5887	9816	0.0141056
9749	9816	0.0141056
5133	9817	0.0141051
9816	9817	0.0141051
9817	9818	0.0140944
417	9818	0.0140944
2571	9818	0.0140944
9514	9819	0.0140867
9818	9819	0.0140867
6383	9820	0.0140598
9819	9820	0.0140598
9820	9821	0.014059
5097	9821	0.014059
9821	9822	0.0140567
3333	9822	0.0140567
9822	9823	0.0140522
2155	9823	0.0140522
9823	9824	0.0140515
2964	9824	0.0140515
9824	9825	0.0140504
3401	9825	0.0140504
9507	9826	0.014043
9825	9826	0.014043
506	9826	0.014043
5496	9826	0.014043
9826	9827	0.0140363
3585	9827	0.0140363
5683	9828	0.0140315
9827	9828	0.0140315
385	9829	0.0140173
9828	9829	0.0140173
9829	9830	0.0140099
5224	9830	0.0140099
8773	9831	0.0140084
9830	9831	0.0140084
9831	9832	0.0140012
3895	9832	0.0140012
9832	9833	0.0139971
1156	9833	0.0139971
8595	9834	0.0139958
9833	9834	0.0139958
9834	9835	0.0139906
5808	9835	0.0139906
9835	9836	0.0139794
2579	9836	0.0139794
9836	9837	0.0139778
59	9837	0.0139778
9837	9838	0.0139665
6008	9838	0.0139665
18	9839	0.0139648
9838	9839	0.0139648
2739	9839	0.0139648
6204	9839	0.0139648
1006	9840	0.0139503
9839	9840	0.0139503
5888	9841	0.0139468
9840	9841	0.0139468
9841	9842	0.0139458
467	9842	0.0139458
9842	9843	0.013944
5078	9843	0.013944
9843	9844	0.0139363
9751	9844	0.0139363
9844	9845	0.0139352
2615	9845	0.0139352
9845	9846	0.0139341
3074	9846	0.0139341
9846	9847	0.0139235
3695	9847	0.0139235
9847	9848	0.0139074
6154	9848	0.0139074
4349	9849	0.0139056
9848	9849	0.0139056
1868	9850	0.0139008
9849	9850	0.0139008
9850	9851	0.013896
6078	9851	0.013896
9851	9852	0.0138826
2486	9852	0.0138826
9852	9853	0.0138804
9510	9853	0.0138804
773	9854	0.0138692
9853	9854	0.0138692
6208	9855	0.0138646
1081	9855	0.0138646
9854	9855	0.0138646
8702	9856	0.0139933
9489	9856	0.0139933
9744	9857	0.014457
4797	9857	0.014457
9026	9858	0.0138626
9855	9858	0.0138626
9750	9858	0.0138626
9858	9859	0.0138619
4859	9859	0.0138619
9859	9860	0.013853
669	9860	0.013853
5711	9861	0.0138493
9860	9861	0.0138493
9861	9862	0.013836
5102	9862	0.013836
2685	9863	0.0138254
9862	9863	0.0138254
5199	9864	0.0138177
5478	9864	0.0138177
9863	9864	0.0138177
1104	9865	0.0138169
9864	9865	0.0138169
9865	9866	0.0138073
3798	9866	0.0138073
4983	9866	0.0138073
9866	9867	0.0137997
9508	9867	0.0137997
4345	9868	0.0137904
9867	9868	0.0137904
9868	9869	0.0137797
158	9869	0.0137797
9869	9870	0.0137701
1059	9870	0.0137701
9870	9871	0.0137672
4749	9871	0.0137672
8515	9872	0.0137664
9871	9872	0.0137664
8847	9873	0.0137443
9872	9873	0.0137443
5996	9874	0.0137325
9873	9874	0.0137325
9874	9875	0.0137216
4660	9875	0.0137216
1739	9875	0.0137216
9875	9876	0.0137006
1834	9876	0.0137006
9028	9877	0.0136985
3469	9877	0.0136985
9876	9877	0.0136985
9877	9878	0.013686
8478	9878	0.013686
9878	9879	0.0136766
2421	9879	0.0136766
5442	9880	0.0136644
4728	9880	0.0136644
9879	9881	0.0136604
9857	9881	0.0136604
9748	9881	0.0136604
9034	9882	0.013653
9881	9882	0.013653
874	9883	0.0136478
9882	9883	0.0136478
9883	9884	0.0136469
650	9884	0.0136469
3305	9885	0.0136403
9884	9885	0.0136403
9752	9886	0.0136384
9885	9886	0.0136384
9886	9887	0.0136341
5779	9887	0.0136341
1017	9888	0.0136283
9887	9888	0.0136283
2839	9888	0.0136283
9888	9889	0.013611
9880	9889	0.013611
9889	9890	0.0135985
1828	9890	0.0135985
9890	9891	0.013595
9742	9891	0.013595
9891	9892	0.0135927
5782	9892	0.0135927
9892	9893	0.0135878
2226	9893	0.0135878
4293	9894	0.0135772
9893	9894	0.0135772
9894	9895	0.01356
3438	9895	0.01356
1692	9896	0.0135585
9895	9896	0.0135585
9896	9897	0.0135573
446	9897	0.0135573
9897	9898	0.0135556
3319	9898	0.0135556
9898	9899	0.0135468
741	9899	0.0135468
6453	9900	0.0135358
9899	9900	0.0135358
5983	9901	0.0135297
1002	9901	0.0135297
9900	9901	0.0135297
9901	9902	0.0135171
843	9902	0.0135171
6417	9903	0.0135107
9902	9903	0.0135107
2054	9904	0.0135927
2734	9904	0.0135927
4334	9905	0.0135878
3122	9905	0.0135878
9903	9906	0.013507
590	9906	0.013507
8684	9907	0.0135042
9906	9907	0.0135042
9907	9908	0.0134933
593	9908	0.0134933
8861	9909	0.0134805
9908	9909	0.0134805
6353	9910	0.0134746
9909	9910	0.0134746
9910	9911	0.0134734
1289	9911	0.0134734
2099	9911	0.0134734
8513	9912	0.0134537
9911	9912	0.0134537
9912	9913	0.0134497
2844	9913	0.0134497
8692	9914	0.0134437
9913	9914	0.0134437
9914	9915	0.0134421
2544	9915	0.0134421
5882	9915	0.0134421
9915	9916	0.0134399
5676	9916	0.0134399
9916	9917	0.0134372
9905	9917	0.0134372
6451	9918	0.0134295
9917	9918	0.0134295
5118	9919	0.0134255
9918	9919	0.0134255
9919	9920	0.0134193
2949	9920	0.0134193
9920	9921	0.0134135
3839	9921	0.0134135
9921	9922	0.0134106
1371	9922	0.0134106
4587	9923	0.0133943
9922	9923	0.0133943
2933	9924	0.0133715
9923	9924	0.0133715
9924	9925	0.0133628
489	9925	0.0133628
9925	9926	0.0133581
1687	9926	0.0133581
991	9927	0.0133542
9926	9927	0.0133542
643	9928	0.0133467
9927	9928	0.0133467
9928	9929	0.0133369
9856	9929	0.0133369
9929	9930	0.0133331
2283	9930	0.0133331
3931	9931	0.0133316
9930	9931	0.0133316
9931	9932	0.0133198
3172	9932	0.0133198
9932	9933	0.0133039
4305	9933	0.0133039
9933	9934	0.0133008
4931	9934	0.0133008
9934	9935	0.0132905
5823	9935	0.0132905
9935	9936	0.013279
8735	9936	0.013279
4283	9936	0.013279
1822	9936	0.013279
9904	9936	0.013279
5873	9936	0.013279
1727	9937	0.0132751
9936	9937	0.0132751
8512	9938	0.0132698
9937	9938	0.0132698
4485	9939	0.0132628
9938	9939	0.0132628
9753	9940	0.0132446
9939	9940	0.0132446
3954	9941	0.0132366
9940	9941	0.0132366
9941	9942	0.0132294
6194	9942	0.0132294
1246	9943	0.0132265
9942	9943	0.0132265
2537	9944	0.0132179
9943	9944	0.0132179
2900	9945	0.0132078
9944	9945	0.0132078
1803	9945	0.0132078
9945	9946	0.0132044
5787	9946	0.0132044
9946	9947	0.013195
5294	9947	0.013195
8481	9948	0.0199186
2471	9948	0.0199186
209	9949	0.0147879
9948	9949	0.0147879
3462	9950	0.0147687
9949	9950	0.0147687
1711	9951	0.0135297
985	9951	0.0135297
6148	9952	0.0148454
3761	9952	0.0148454
9952	9953	0.0142224
841	9953	0.0142224
104	9954	0.0133278
1435	9954	0.0133278
8523	9955	0.0151491
1618	9955	0.0151491
9955	9956	0.0138073
719	9956	0.0138073
9956	9957	0.0137452
1493	9957	0.0137452
497	9958	0.0143118
2025	9958	0.0143118
150	9959	0.0158253
5134	9959	0.0158253
175	9960	0.0161528
3649	9960	0.0161528
2396	9961	0.0145224
248	9961	0.0145224
9961	9962	0.0132067
1401	9962	0.0132067
8637	9963	0.0188681
8638	9963	0.0188681
4748	9964	0.013915
584	9964	0.013915
1649	9965	0.0166872
4395	9965	0.0166872
9965	9966	0.015232
3475	9966	0.015232
5578	9966	0.015232
969	9967	0.0142108
3693	9967	0.0142108
1185	9968	0.0149561
3553	9968	0.0149561
4619	9969	0.0198701
3749	9969	0.0198701
3983	9970	0.0141402
2114	9970	0.0141402
1793	9971	0.0148801
8875	9971	0.0148801
9971	9972	0.013261
4300	9972	0.013261
4903	9973	0.0207787
3759	9973	0.0207787
1678	9974	0.0136679
3471	9974	0.0136679
2803	9975	0.0139458
5596	9975	0.0139458
5045	9976	0.0139992
3027	9976	0.0139992
4140	9977	0.0196791
3152	9977	0.0196791
9977	9978	0.0176695
3533	9978	0.0176695
9022	9979	0.0125654
3143	9979	0.0125654
4862	9980	0.0131829
2096	9980	0.0131829
8831	9981	0.0123987
1925	9981	0.0123987
1737	9982	0.0127451
9964	9982	0.0127451
6459	9983	0.0131294
5515	9983	0.0131294
3210	9984	0.0131893
9947	9984	0.0131893
3849	9985	0.0131789
9984	9985	0.0131789
161	9986	0.0131643
9985	9986	0.0131643
9986	9987	0.013152
3581	9987	0.013152
9987	9988	0.0131493
1679	9988	0.0131493
5891	9989	0.0131418
9988	9989	0.0131418
4912	9989	0.0131418
5423	9990	0.0131399
9989	9990	0.0131399
9990	9991	0.0131359
2276	9991	0.0131359
813	9992	0.0131352
9991	9992	0.0131352
722	9993	0.0131294
9992	9993	0.0131294
6483	9994	0.0131243
9993	9994	0.0131243
167	9995	0.0131467
2950	9995	0.0131467
9966	9996	0.0131437
832	9996	0.0131437
9994	9997	0.0131197
6215	9997	0.0131197
6169	9998	0.0131121
9997	9998	0.0131121
5924	9998	0.0131121
9998	9999	0.0130987
1481	9999	0.0130987
9999	10000	0.013091
1003	10000	0.013091
8753	10001	0.0130891
10000	10001	0.0130891
3387	10002	0.013074
10001	10002	0.013074
1972	10003	0.013073
10002	10003	0.013073
10003	10004	0.0130672
8746	10004	0.0130672
4700	10004	0.0130672
10004	10005	0.0130623
420	10005	0.0130623
10005	10006	0.0130614
9995	10006	0.0130614
10006	10007	0.0130547
595	10007	0.0130547
4713	10007	0.0130547
10007	10008	0.0130454
1593	10008	0.0130454
10008	10009	0.0130398
2491	10009	0.0130398
10009	10010	0.0130302
8834	10010	0.0130302
9996	10010	0.0130302
10010	10011	0.0130249
1214	10011	0.0130249
4937	10012	0.0130181
10011	10012	0.0130181
10012	10013	0.0130137
3244	10013	0.0130137
10013	10014	0.0130072
9975	10014	0.0130072
3384	10015	0.013003
10014	10015	0.013003
10015	10016	0.0129986
1690	10016	0.0129986
10016	10017	0.0129833
71	10017	0.0129833
10017	10018	0.0129794
2479	10018	0.0129794
10018	10019	0.0129784
4714	10019	0.0129784
10019	10020	0.012975
4016	10020	0.012975
10020	10021	0.0129632
3082	10021	0.0129632
10021	10022	0.0129584
3818	10022	0.0129584
10022	10023	0.0129565
1111	10023	0.0129565
3739	10024	0.0129537
10023	10024	0.0129537
10024	10025	0.0129528
864	10025	0.0129528
10025	10026	0.0129506
284	10026	0.0129506
10026	10027	0.0129451
1929	10027	0.0129451
10027	10028	0.0129377
1837	10028	0.0129377
10028	10029	0.0129358
5623	10029	0.0129358
8731	10030	0.012926
10029	10030	0.012926
10030	10031	0.0129058
8842	10031	0.0129058
9024	10032	0.0128987
10031	10032	0.0128987
10032	10033	0.0128832
1290	10033	0.0128832
10033	10034	0.0128821
5715	10034	0.0128821
10034	10035	0.0128704
9954	10035	0.0128704
8759	10035	0.0128704
3230	10035	0.0128704
9970	10035	0.0128704
1836	10035	0.0128704
5179	10035	0.0128704
9972	10035	0.0128704
10035	10036	0.0128612
4784	10036	0.0128612
10036	10037	0.0128583
4791	10037	0.0128583
8530	10038	0.0128507
10037	10038	0.0128507
8893	10039	0.013003
1496	10039	0.013003
4764	10040	0.0128776
3568	10040	0.0128776
3681	10041	0.0128183
10038	10041	0.0128183
10041	10042	0.0128125
4605	10042	0.0128125
4758	10043	0.0128106
10042	10043	0.0128106
5408	10043	0.0128106
10043	10044	0.0127998
4845	10044	0.0127998
10044	10045	0.0127868
749	10045	0.0127868
10045	10046	0.0127782
1720	10046	0.0127782
176	10047	0.012765
10046	10047	0.012765
2453	10047	0.012765
10047	10048	0.0127602
811	10048	0.0127602
10048	10049	0.0127305
10039	10049	0.0127305
10049	10050	0.0127144
5730	10050	0.0127144
10050	10051	0.0126972
3919	10051	0.0126972
5661	10052	0.0126963
10051	10052	0.0126963
10052	10053	0.0126903
2088	10053	0.0126903
10053	10054	0.0126851
2082	10054	0.0126851
10054	10055	0.0126696
2593	10055	0.0126696
10055	10056	0.0126437
1365	10056	0.0126437
10056	10057	0.0126172
2315	10057	0.0126172
8874	10058	0.0126059
10057	10058	0.0126059
10058	10059	0.0125961
2220	10059	0.0125961
10059	10060	0.0125934
1831	10060	0.0125934
10060	10061	0.0125886
5725	10061	0.0125886
10061	10062	0.0125788
4822	10062	0.0125788
5375	10063	0.0125723
10062	10063	0.0125723
1394	10064	0.0125628
10063	10064	0.0125628
5720	10065	0.0125532
10064	10065	0.0125532
10065	10066	0.0125389
1479	10066	0.0125389
482	10067	0.0125361
10066	10067	0.0125361
5087	10067	0.0125361
8804	10068	0.0125324
10067	10068	0.0125324
853	10068	0.0125324
4812	10069	0.0125311
10068	10069	0.0125311
5693	10070	0.0125256
10069	10070	0.0125256
10070	10071	0.0125196
4662	10071	0.0125196
3057	10072	0.0125132
10071	10072	0.0125132
2354	10072	0.0125132
396	10073	0.0125045
10072	10073	0.0125045
10073	10074	0.0124875
5872	10074	0.0124875
10074	10075	0.0124805
5735	10075	0.0124805
1036	10076	0.0124771
10075	10076	0.0124771
10076	10077	0.012474
3404	10077	0.012474
5321	10078	0.0124376
10077	10078	0.0124376
5954	10079	0.0124177
10078	10079	0.0124177
10079	10080	0.012413
5893	10080	0.012413
1381	10081	0.0124111
10080	10081	0.0124111
3935	10081	0.0124111
10081	10082	0.0123729
185	10082	0.0123729
2157	10082	0.0123729
10082	10083	0.012372
3993	10083	0.012372
10083	10084	0.0123625
10040	10084	0.0123625
4592	10085	0.0123561
10084	10085	0.0123561
10085	10086	0.0123548
1274	10086	0.0123548
10086	10087	0.012353
1927	10087	0.012353
5701	10087	0.012353
10087	10088	0.0123493
779	10088	0.0123493
10088	10089	0.0123452
2279	10089	0.0123452
9953	10090	0.0127057
237	10090	0.0127057
782	10091	0.0123281
10089	10091	0.0123281
2017	10091	0.0123281
10091	10092	0.0123266
5610	10092	0.0123266
10092	10093	0.0123197
3580	10093	0.0123197
5242	10094	0.0123158
10093	10094	0.0123158
10094	10095	0.012314
2573	10095	0.012314
10095	10096	0.0123104
5030	10096	0.0123104
10096	10097	0.012306
2600	10097	0.012306
10097	10098	0.0122961
1117	10098	0.0122961
9978	10098	0.0122961
10098	10099	0.0122796
4062	10099	0.0122796
5058	10100	0.0122386
10099	10100	0.0122386
10100	10101	0.0122319
2981	10101	0.0122319
9983	10102	0.0122291
8674	10102	0.0122291
10101	10102	0.0122291
3998	10103	0.0122528
2270	10103	0.0122528
10102	10104	0.012211
10090	10104	0.012211
10104	10105	0.012204
1374	10105	0.012204
10105	10106	0.0122013
735	10106	0.0122013
10106	10107	0.0121994
549	10107	0.0121994
2346	10108	0.0121964
10107	10108	0.0121964
3348	10108	0.0121964
10108	10109	0.0121849
3943	10109	0.0121849
10109	10110	0.012184
6054	10110	0.012184
10110	10111	0.0121765
2350	10111	0.0121765
10111	10112	0.0121709
10103	10112	0.0121709
1349	10113	0.0121661
10112	10113	0.0121661
4123	10113	0.0121661
275	10114	0.0121651
1322	10114	0.0121651
10113	10114	0.0121651
10114	10115	0.0121612
9957	10115	0.0121612
3251	10115	0.0121612
10115	10116	0.0121517
406	10116	0.0121517
10116	10117	0.0121402
2334	10117	0.0121402
10117	10118	0.0121375
3633	10118	0.0121375
8434	10119	0.0121268
10118	10119	0.0121268
10119	10120	0.0121249
9960	10120	0.0121249
10120	10121	0.0121164
863	10121	0.0121164
755	10122	0.0121032
10121	10122	0.0121032
10122	10123	0.0121013
2612	10123	0.0121013
10123	10124	0.012084
2580	10124	0.012084
10124	10125	0.0120809
6256	10125	0.0120809
10125	10126	0.012066
3728	10126	0.012066
10126	10127	0.012043
3224	10127	0.012043
5245	10128	0.0120384
10127	10128	0.0120384
10128	10129	0.0120327
916	10129	0.0120327
10129	10130	0.0120268
3914	10130	0.0120268
10130	10131	0.0120254
2882	10131	0.0120254
4990	10131	0.0120254
10131	10132	0.0120208
2845	10132	0.0120208
10132	10133	0.0120144
866	10133	0.0120144
3376	10133	0.0120144
10133	10134	0.0120123
4333	10134	0.0120123
10134	10135	0.0119962
5514	10135	0.0119962
5432	10135	0.0119962
10135	10136	0.0119927
6018	10136	0.0119927
10136	10137	0.0119903
518	10137	0.0119903
522	10138	0.0119886
10137	10138	0.0119886
10138	10139	0.0119808
2143	10139	0.0119808
10139	10140	0.01198
8787	10140	0.01198
4365	10140	0.01198
10140	10141	0.0119761
1430	10141	0.0119761
1685	10141	0.0119761
10141	10142	0.0119736
1903	10142	0.0119736
5533	10143	0.0119715
10142	10143	0.0119715
10143	10144	0.0119552
5164	10144	0.0119552
5652	10144	0.0119552
10144	10145	0.011954
2336	10145	0.011954
10145	10146	0.0119533
3510	10146	0.0119533
10146	10147	0.0119496
1431	10147	0.0119496
10147	10148	0.0119446
784	10148	0.0119446
10148	10149	0.0119379
1101	10149	0.0119379
10149	10150	0.0119334
1123	10150	0.0119334
10150	10151	0.0119135
1416	10151	0.0119135
2284	10151	0.0119135
10151	10152	0.0119112
5530	10152	0.0119112
10152	10153	0.0119049
961	10153	0.0119049
10153	10154	0.0118828
1673	10154	0.0118828
10154	10155	0.011882
3284	10155	0.011882
10155	10156	0.0118811
5746	10156	0.0118811
490	10157	0.0118733
10156	10157	0.0118733
10157	10158	0.0118674
1296	10158	0.0118674
903	10159	0.0118559
10158	10159	0.0118559
8867	10160	0.011838
10159	10160	0.011838
10160	10161	0.0118361
206	10161	0.0118361
10161	10162	0.0118332
8960	10162	0.0118332
6124	10163	0.0118284
10162	10163	0.0118284
1470	10164	0.0118142
10163	10164	0.0118142
1781	10164	0.0118142
10164	10165	0.0118121
683	10165	0.0118121
10165	10166	0.0118035
5642	10166	0.0118035
10166	10167	0.0117953
3406	10167	0.0117953
2068	10168	0.0117874
10167	10168	0.0117874
10168	10169	0.0117732
5401	10169	0.0117732
2971	10170	0.0117608
10169	10170	0.0117608
2921	10171	0.0117398
10170	10171	0.0117398
10171	10172	0.0117236
6041	10172	0.0117236
4803	10173	0.0117169
10172	10173	0.0117169
4849	10174	0.0117118
10173	10174	0.0117118
10174	10175	0.0117091
1024	10175	0.0117091
10175	10176	0.0116909
2093	10176	0.0116909
1421	10177	0.0116798
10176	10177	0.0116798
10177	10178	0.0116672
1857	10178	0.0116672
10178	10179	0.0116594
652	10179	0.0116594
6034	10179	0.0116594
9951	10180	0.0129031
2030	10180	0.0129031
121	10181	0.0117198
1910	10181	0.0117198
8928	10182	0.0119582
3840	10182	0.0119582
6182	10183	0.0118179
4231	10183	0.0118179
4562	10184	0.011734
4561	10184	0.011734
1124	10185	0.0116422
10179	10185	0.0116422
6395	10186	0.0116274
10185	10186	0.0116274
10186	10187	0.0116188
5719	10187	0.0116188
10187	10188	0.0116033
2850	10188	0.0116033
10188	10189	0.0115958
3925	10189	0.0115958
10189	10190	0.0115852
62	10190	0.0115852
10190	10191	0.0115661
5732	10191	0.0115661
6265	10192	0.0115624
10191	10192	0.0115624
2302	10192	0.0115624
10192	10193	0.0115464
1299	10193	0.0115464
9982	10194	0.0115415
10193	10194	0.0115415
2755	10195	0.0115367
10194	10195	0.0115367
10195	10196	0.0115312
4886	10196	0.0115312
5272	10197	0.01153
10196	10197	0.01153
10197	10198	0.0115254
872	10198	0.0115254
5318	10198	0.0115254
10198	10199	0.0114967
1343	10199	0.0114967
5749	10200	0.0114935
10199	10200	0.0114935
10200	10201	0.011484
4756	10201	0.011484
10201	10202	0.0114829
4914	10202	0.0114829
8860	10203	0.0114823
10202	10203	0.0114823
2013	10204	0.0114737
10203	10204	0.0114737
1581	10205	0.011592
3165	10205	0.011592
10204	10206	0.0114679
4250	10206	0.0114679
10206	10207	0.0114643
2383	10207	0.0114643
10207	10208	0.0114623
5175	10208	0.0114623
929	10208	0.0114623
5988	10208	0.0114623
614	10209	0.0114604
10208	10209	0.0114604
10209	10210	0.0114575
4767	10210	0.0114575
10210	10211	0.0114518
1833	10211	0.0114518
10211	10212	0.0114479
10205	10212	0.0114479
768	10213	0.0114413
10212	10213	0.0114413
10213	10214	0.0114307
4658	10214	0.0114307
10214	10215	0.0114014
5525	10215	0.0114014
10215	10216	0.0113996
5843	10216	0.0113996
442	10216	0.0113996
10216	10217	0.0113963
2897	10217	0.0113963
10217	10218	0.0113938
1153	10218	0.0113938
10218	10219	0.0113887
5862	10219	0.0113887
10219	10220	0.0113811
5235	10220	0.0113811
10220	10221	0.0113659
2645	10221	0.0113659
459	10222	0.0113582
10221	10222	0.0113582
10222	10223	0.0113517
1718	10223	0.0113517
10223	10224	0.0113449
752	10224	0.0113449
10224	10225	0.0113422
2036	10225	0.0113422
10225	10226	0.0113374
2120	10226	0.0113374
2499	10227	0.0113363
2884	10227	0.0113363
10226	10227	0.0113363
3206	10228	0.0113341
2402	10228	0.0113341
10227	10228	0.0113341
10228	10229	0.011321
2140	10229	0.011321
8806	10230	0.0113081
10229	10230	0.0113081
10230	10231	0.0113037
660	10231	0.0113037
10231	10232	0.0113
602	10232	0.0113
10232	10233	0.0112972
3873	10233	0.0112972
10233	10234	0.0112956
3665	10234	0.0112956
10234	10235	0.0112875
3900	10235	0.0112875
10235	10236	0.0112791
4723	10236	0.0112791
10236	10237	0.0112733
5441	10237	0.0112733
10237	10238	0.0112638
2769	10238	0.0112638
1301	10238	0.0112638
10238	10239	0.0112563
2806	10239	0.0112563
10239	10240	0.0112533
1303	10240	0.0112533
3566	10241	0.0112399
10240	10241	0.0112399
8553	10242	0.0112285
10241	10242	0.0112285
3024	10243	0.0112235
10242	10243	0.0112235
1516	10244	0.0112113
10243	10244	0.0112113
10244	10245	0.0112028
299	10245	0.0112028
10245	10246	0.0112009
822	10246	0.0112009
10246	10247	0.0111972
3174	10247	0.0111972
9021	10248	0.0111923
4489	10248	0.0111923
10247	10248	0.0111923
3570	10249	0.0111901
10248	10249	0.0111901
1249	10250	0.0111873
10249	10250	0.0111873
10182	10250	0.0111873
3392	10250	0.0111873
6077	10251	0.0111763
10250	10251	0.0111763
10251	10252	0.0111715
2740	10252	0.0111715
10252	10253	0.0111518
340	10253	0.0111518
10253	10254	0.0111502
1419	10254	0.0111502
10254	10255	0.0111428
485	10255	0.0111428
5198	10256	0.0111264
5247	10256	0.0111264
10255	10257	0.0111161
1832	10257	0.0111161
5189	10257	0.0111161
1142	10257	0.0111161
10256	10257	0.0111161
2638	10258	0.0111046
10257	10258	0.0111046
10258	10259	0.011093
2457	10259	0.011093
9969	10260	0.0110922
10259	10260	0.0110922
10260	10261	0.0110903
2813	10261	0.0110903
6340	10262	0.0110893
10261	10262	0.0110893
2055	10263	0.0110866
10262	10263	0.0110866
10263	10264	0.0110836
3117	10264	0.0110836
4661	10265	0.0110714
10264	10265	0.0110714
6079	10266	0.0110588
10265	10266	0.0110588
10266	10267	0.0110542
10183	10267	0.0110542
2683	10268	0.0111834
4458	10268	0.0111834
9959	10269	0.0109833
6149	10269	0.0109833
2757	10270	0.011053
10267	10270	0.011053
10270	10271	0.0110473
1276	10271	0.0110473
5707	10272	0.0110274
10271	10272	0.0110274
10272	10273	0.0110236
8728	10273	0.0110236
5476	10273	0.0110236
5471	10274	0.0110207
10273	10274	0.0110207
10274	10275	0.011018
1182	10275	0.011018
10275	10276	0.0110093
547	10276	0.0110093
10276	10277	0.0110071
2661	10277	0.0110071
10277	10278	0.0110023
4377	10278	0.0110023
3718	10278	0.0110023
10278	10279	0.0110017
5213	10279	0.0110017
5870	10280	0.0109968
10279	10280	0.0109968
10280	10281	0.0109857
502	10281	0.0109857
4740	10282	0.0109746
10281	10282	0.0109746
10282	10283	0.0109682
4057	10283	0.0109682
4523	10284	0.0109626
10283	10284	0.0109626
10284	10285	0.0109606
2648	10285	0.0109606
10285	10286	0.0109577
453	10286	0.0109577
10286	10287	0.0109405
889	10287	0.0109405
10287	10288	0.0109386
3656	10288	0.0109386
10288	10289	0.0109207
4919	10289	0.0109207
10289	10290	0.0108976
2501	10290	0.0108976
787	10291	0.0108957
10290	10291	0.0108957
5006	10292	0.0108949
9968	10292	0.0108949
8719	10292	0.0108949
10291	10292	0.0108949
10292	10293	0.0108893
4868	10293	0.0108893
5301	10294	0.0108881
10293	10294	0.0108881
1865	10294	0.0108881
1953	10295	0.0108852
10294	10295	0.0108852
4491	10296	0.0108804
10295	10296	0.0108804
4241	10297	0.0108783
10296	10297	0.0108783
10297	10298	0.0108747
5894	10298	0.0108747
8668	10299	0.0108736
10298	10299	0.0108736
10299	10300	0.0108643
1777	10300	0.0108643
10300	10301	0.0108595
130	10301	0.0108595
9974	10302	0.010849
10301	10302	0.010849
8670	10303	0.0108453
10302	10303	0.0108453
10269	10304	0.010828
10303	10304	0.010828
2797	10305	0.0108259
10304	10305	0.0108259
10305	10306	0.0108173
1480	10306	0.0108173
3608	10306	0.0108173
10306	10307	0.0108165
1412	10307	0.0108165
9023	10308	0.010808
10307	10308	0.010808
10308	10309	0.0107917
3330	10309	0.0107917
10309	10310	0.0107812
1701	10310	0.0107812
1529	10311	0.0107794
10310	10311	0.0107794
6374	10312	0.0107763
10311	10312	0.0107763
10312	10313	0.0107728
5786	10313	0.0107728
10313	10314	0.0107688
4407	10314	0.0107688
10314	10315	0.0107652
10180	10315	0.0107652
3058	10315	0.0107652
10315	10316	0.0107638
444	10316	0.0107638
4146	10316	0.0107638
4586	10316	0.0107638
5241	10317	0.0107557
10316	10317	0.0107557
10317	10318	0.010747
343	10318	0.010747
10318	10319	0.0107316
2063	10319	0.0107316
10319	10320	0.0107192
4101	10320	0.0107192
5059	10320	0.0107192
10320	10321	0.0107183
10181	10321	0.0107183
4616	10322	0.0107164
10321	10322	0.0107164
107	10323	0.0107097
10322	10323	0.0107097
9981	10324	0.0106954
10323	10324	0.0106954
4785	10324	0.0106954
10324	10325	0.0106936
493	10325	0.0106936
2102	10325	0.0106936
10325	10326	0.0106907
10184	10326	0.0106907
10326	10327	0.010685
2786	10327	0.010685
10327	10328	0.0106724
4166	10328	0.0106724
5105	10329	0.0106602
4581	10329	0.0106602
10328	10329	0.0106602
10329	10330	0.0106431
355	10330	0.0106431
4938	10331	0.0106402
10330	10331	0.0106402
8858	10332	0.0106393
10331	10332	0.0106393
2173	10332	0.0106393
10332	10333	0.0106387
4432	10333	0.0106387
10333	10334	0.0106346
10268	10334	0.0106346
4971	10335	0.0106257
10334	10335	0.0106257
8647	10336	0.0106202
10335	10336	0.0106202
10336	10337	0.0106098
4790	10337	0.0106098
10337	10338	0.0106087
3323	10338	0.0106087
10338	10339	0.0106008
337	10339	0.0106008
5921	10340	0.0105866
10339	10340	0.0105866
6431	10341	0.0105811
8967	10341	0.0105811
10340	10341	0.0105811
2196	10342	0.0105761
10341	10342	0.0105761
15	10342	0.0105761
6050	10343	0.0105676
10342	10343	0.0105676
10343	10344	0.0105671
242	10344	0.0105671
3498	10345	0.010564
10344	10345	0.010564
3765	10346	0.0118055
1866	10346	0.0118055
9958	10347	0.0117682
10346	10347	0.0117682
2175	10348	0.011674
10347	10348	0.011674
10348	10349	0.0113238
133	10349	0.0113238
10349	10350	0.0109227
1028	10350	0.0109227
10350	10351	0.0108271
3231	10351	0.0108271
179	10352	0.0129346
3094	10352	0.0129346
5439	10353	0.0106079
9973	10353	0.0106079
2461	10354	0.0112096
5326	10354	0.0112096
3055	10355	0.010642
4801	10355	0.010642
2977	10356	0.0114756
9976	10356	0.0114756
4445	10357	0.0103769
5971	10357	0.0103769
6433	10358	0.010541
2132	10358	0.010541
10345	10359	0.0105543
4754	10359	0.0105543
10359	10360	0.0105527
3181	10360	0.0105527
3682	10361	0.0105456
10360	10361	0.0105456
10361	10362	0.0105392
2750	10362	0.0105392
2768	10363	0.0105267
10362	10363	0.0105267
10363	10364	0.010525
3940	10364	0.010525
9979	10365	0.0105045
10364	10365	0.0105045
2414	10366	0.0104933
10365	10366	0.0104933
10366	10367	0.0104828
1994	10367	0.0104828
10367	10368	0.0104771
1570	10368	0.0104771
10368	10369	0.010475
2609	10369	0.010475
276	10370	0.0104739
10369	10370	0.0104739
10370	10371	0.0104724
5926	10371	0.0104724
10371	10372	0.0104716
294	10372	0.0104716
1085	10373	0.0104646
8560	10373	0.0104646
10372	10373	0.0104646
10373	10374	0.010455
4960	10374	0.010455
10374	10375	0.0104532
691	10375	0.0104532
9017	10376	0.0104483
10375	10376	0.0104483
10376	10377	0.0104419
6099	10377	0.0104419
10377	10378	0.0104364
2494	10378	0.0104364
10378	10379	0.0104266
5280	10379	0.0104266
3684	10380	0.0104188
10379	10380	0.0104188
6332	10381	0.0104132
10380	10381	0.0104132
1118	10382	0.0104103
10381	10382	0.0104103
2158	10383	0.0104035
4979	10383	0.0104035
10382	10383	0.0104035
10383	10384	0.0104012
3459	10384	0.0104012
10384	10385	0.0103991
5766	10385	0.0103991
10385	10386	0.010395
4136	10386	0.010395
2597	10387	0.0103722
10386	10387	0.0103722
10387	10388	0.0103589
347	10388	0.0103589
10388	10389	0.0103541
9962	10389	0.0103541
10389	10390	0.0103479
4490	10390	0.0103479
8970	10391	0.0103387
10390	10391	0.0103387
10391	10392	0.0103245
928	10392	0.0103245
6197	10393	0.0103208
10392	10393	0.0103208
10393	10394	0.0103197
5229	10394	0.0103197
718	10395	0.0102968
10394	10395	0.0102968
10395	10396	0.0102949
8865	10396	0.0102949
1948	10397	0.0102834
10396	10397	0.0102834
10397	10398	0.0102825
3930	10398	0.0102825
2601	10399	0.0102786
10398	10399	0.0102786
1645	10400	0.0102631
10399	10400	0.0102631
10400	10401	0.0102593
3019	10401	0.0102593
10401	10402	0.0102567
857	10402	0.0102567
1546	10403	0.010253
10402	10403	0.010253
10403	10404	0.0102483
2929	10404	0.0102483
10358	10405	0.0102241
10404	10405	0.0102241
2417	10406	0.0102167
10405	10406	0.0102167
10406	10407	0.0102127
4002	10407	0.0102127
10407	10408	0.0102052
375	10408	0.0102052
5298	10408	0.0102052
10408	10409	0.0102005
3209	10409	0.0102005
2373	10410	0.0101948
10409	10410	0.0101948
8931	10411	0.0101938
10410	10411	0.0101938
10411	10412	0.0101881
3612	10412	0.0101881
10412	10413	0.0101828
1256	10413	0.0101828
10413	10414	0.0101805
2714	10414	0.0101805
8705	10415	0.0101775
10414	10415	0.0101775
10415	10416	0.0101719
2939	10416	0.0101719
5081	10417	0.0101614
10416	10417	0.0101614
10417	10418	0.0101575
2799	10418	0.0101575
1275	10419	0.0101528
10418	10419	0.0101528
3997	10419	0.0101528
8777	10420	0.0101415
10419	10420	0.0101415
10420	10421	0.0101375
1295	10421	0.0101375
3150	10422	0.0101318
10421	10422	0.0101318
10422	10423	0.0101242
4361	10423	0.0101242
6468	10424	0.0101071
10423	10424	0.0101071
8667	10425	0.0100947
10424	10425	0.0100947
4092	10425	0.0100947
2621	10425	0.0100947
10425	10426	0.0100918
2831	10426	0.0100918
10426	10427	0.0100907
5584	10427	0.0100907
10427	10428	0.010087
2620	10428	0.010087
4184	10429	0.0100832
10428	10429	0.0100832
10429	10430	0.0100778
200	10430	0.0100778
4891	10431	0.0100736
10430	10431	0.0100736
287	10431	0.0100736
8747	10432	0.0100584
10431	10432	0.0100584
4998	10433	0.0100501
10432	10433	0.0100501
10433	10434	0.0100365
3551	10434	0.0100365
10434	10435	0.0100355
2028	10435	0.0100355
10435	10436	0.010031
4160	10436	0.010031
6456	10437	0.0100232
10436	10437	0.0100232
2274	10437	0.0100232
885	10438	0.0100326
1356	10438	0.0100326
10356	10438	0.0100326
10437	10439	0.0100222
1813	10439	0.0100222
2	10440	0.0100202
10439	10440	0.0100202
2435	10441	0.0100155
10440	10441	0.0100155
2747	10441	0.0100155
780	10442	0.0100089
10441	10442	0.0100089
6485	10443	0.0100041
10442	10443	0.0100041
5153	10444	0.0100031
10443	10444	0.0100031
105	10445	0.00999255
10444	10445	0.00999255
10445	10446	0.00996874
620	10446	0.00996874
10446	10447	0.0099659
2668	10447	0.0099659
10357	10448	0.00996306
10447	10448	0.00996306
2575	10449	0.00995833
10448	10449	0.00995833
2091	10449	0.00995833
473	10449	0.00995833
3516	10450	0.00994771
10449	10450	0.00994771
10450	10451	0.00994495
1432	10451	0.00994495
10451	10452	0.00993527
1876	10452	0.00993527
10452	10453	0.00993341
203	10453	0.00993341
2859	10454	0.00992584
10453	10454	0.00992584
10454	10455	0.00992182
838	10455	0.00992182
10455	10456	0.0099144
1811	10456	0.0099144
10456	10457	0.00991246
2268	10457	0.00991246
6245	10458	0.00990393
10457	10458	0.00990393
10458	10459	0.00989228
4893	10459	0.00989228
10459	10460	0.00988968
730	10460	0.00988968
10460	10461	0.00988403
2598	10461	0.00988403
5758	10462	0.00988198
10461	10462	0.00988198
10462	10463	0.00988108
1988	10463	0.00988108
4750	10463	0.00988108
10463	10464	0.00987821
2242	10464	0.00987821
5658	10465	0.00986867
10464	10465	0.00986867
341	10466	0.00986299
4535	10466	0.00986299
10465	10466	0.00986299
5822	10467	0.00986096
10466	10467	0.00986096
10467	10468	0.0098537
4969	10468	0.0098537
10438	10468	0.0098537
10468	10469	0.00985241
2820	10469	0.00985241
10469	10470	0.00984383
10353	10470	0.00984383
4809	10470	0.00984383
10470	10471	0.00984295
2198	10471	0.00984295
10471	10472	0.00984114
8937	10472	0.00984114
10472	10473	0.00983983
704	10473	0.00983983
3864	10474	0.00983517
10473	10474	0.00983517
4777	10474	0.00983517
10474	10475	0.00982994
5606	10475	0.00982994
5629	10476	0.00982749
10475	10476	0.00982749
10476	10477	0.00982695
4320	10477	0.00982695
4028	10478	0.00981698
10477	10478	0.00981698
4376	10479	0.00981144
10478	10479	0.00981144
1672	10480	0.00981045
10479	10480	0.00981045
10480	10481	0.00980853
919	10481	0.00980853
10481	10482	0.00980268
5032	10482	0.00980268
8683	10483	0.00979699
10482	10483	0.00979699
10483	10484	0.00979132
2256	10484	0.00979132
10484	10485	0.00978851
4099	10485	0.00978851
10485	10486	0.00978575
4599	10486	0.00978575
8775	10487	0.00978471
10486	10487	0.00978471
3440	10488	0.0097818
10487	10488	0.0097818
1497	10489	0.00977218
10488	10489	0.00977218
10489	10490	0.00976777
3412	10490	0.00976777
2963	10491	0.00976656
10490	10491	0.00976656
2572	10492	0.00976559
10491	10492	0.00976559
3615	10493	0.00975797
10492	10493	0.00975797
3246	10494	0.00974749
10493	10494	0.00974749
2550	10495	0.00974085
10494	10495	0.00974085
10495	10496	0.00973786
1388	10496	0.00973786
2416	10497	0.00973418
10496	10497	0.00973418
10497	10498	0.00973308
721	10498	0.00973308
3555	10498	0.00973308
10498	10499	0.00973198
2549	10499	0.00973198
750	10500	0.00972089
10499	10500	0.00972089
4488	10501	0.009717
10500	10501	0.009717
5974	10502	0.00971598
10501	10502	0.00971598
10502	10503	0.00971264
6174	10503	0.00971264
5037	10504	0.00971129
3335	10504	0.00971129
10503	10504	0.00971129
10504	10505	0.00970862
3652	10505	0.00970862
9020	10506	0.00969974
10505	10506	0.00969974
4238	10507	0.00969514
10506	10507	0.00969514
3025	10508	0.00969216
10507	10508	0.00969216
8877	10509	0.00968389
10508	10509	0.00968389
4626	10510	0.00965011
10509	10510	0.00965011
10510	10511	0.00964811
3362	10511	0.00964811
4164	10512	0.00964077
10511	10512	0.00964077
10512	10513	0.00963509
4667	10513	0.00963509
3653	10514	0.00963301
10513	10514	0.00963301
4930	10515	0.00962892
10514	10515	0.00962892
10515	10516	0.00962445
10351	10516	0.00962445
9967	10517	0.00962159
10516	10517	0.00962159
2651	10518	0.00961974
10517	10518	0.00961974
100	10519	0.0096121
10518	10519	0.0096121
867	10519	0.0096121
5705	10520	0.00960836
10519	10520	0.00960836
4153	10521	0.00960731
10520	10521	0.00960731
10521	10522	0.00960545
4717	10522	0.00960545
10522	10523	0.00959582
5807	10523	0.00959582
737	10524	0.00959013
19	10524	0.00959013
10352	10525	0.00986867
3321	10525	0.00986867
1996	10526	0.00996685
10354	10526	0.00996685
2565	10527	0.00981698
2154	10527	0.00981698
5603	10528	0.0101402
6224	10528	0.0101402
10523	10529	0.00958633
5839	10529	0.00958633
6163	10530	0.0095712
10529	10530	0.0095712
10530	10531	0.00956348
5506	10531	0.00956348
6116	10532	0.00955782
10531	10532	0.00955782
4277	10533	0.00955205
10532	10533	0.00955205
10533	10534	0.00955095
1566	10534	0.00955095
4093	10535	0.00954657
10534	10535	0.00954657
10355	10536	0.00958267
2836	10536	0.00958267
8974	10537	0.00954348
10535	10537	0.00954348
10537	10538	0.00953843
10536	10538	0.00953843
10538	10539	0.00952911
5728	10539	0.00952911
10539	10540	0.00951479
3802	10540	0.00951479
10540	10541	0.00950524
2697	10541	0.00950524
3762	10542	0.00950239
10541	10542	0.00950239
10542	10543	0.00950053
3472	10543	0.00950053
10543	10544	0.00948612
6058	10544	0.00948612
10544	10545	0.00948144
5993	10545	0.00948144
10545	10546	0.00947079
5076	10546	0.00947079
1386	10547	0.00945472
10546	10547	0.00945472
10547	10548	0.00944507
4218	10548	0.00944507
10548	10549	0.00944039
868	10549	0.00944039
10549	10550	0.00943938
4604	10550	0.00943938
5868	10551	0.00943855
10550	10551	0.00943855
1629	10552	0.00943484
10551	10552	0.00943484
2561	10553	0.00943282
10552	10553	0.00943282
1768	10554	0.00943075
10553	10554	0.00943075
10554	10555	0.00941365
2531	10555	0.00941365
10555	10556	0.00940594
2305	10556	0.00940594
2212	10557	0.00939371
10556	10557	0.00939371
10557	10558	0.00938995
2266	10558	0.00938995
1277	10559	0.00938028
10558	10559	0.00938028
2804	10560	0.00936699
10559	10560	0.00936699
10560	10561	0.00936027
3825	10561	0.00936027
4838	10562	0.0093583
10561	10562	0.0093583
8576	10563	0.00935448
10562	10563	0.00935448
9950	10564	0.00935173
10563	10564	0.00935173
10564	10565	0.00935074
1752	10565	0.00935074
5841	10566	0.00934122
10565	10566	0.00934122
10566	10567	0.00933371
2509	10567	0.00933371
4642	10568	0.00931663
10567	10568	0.00931663
6129	10569	0.00930309
10568	10569	0.00930309
10569	10570	0.00929547
2339	10570	0.00929547
5426	10571	0.00927836
10570	10571	0.00927836
6342	10572	0.00926982
10571	10572	0.00926982
10572	10573	0.00926786
5590	10573	0.00926786
5322	10574	0.00926581
10573	10574	0.00926581
10574	10575	0.00926019
5378	10575	0.00926019
10575	10576	0.00925933
10528	10576	0.00925933
3072	10577	0.00925733
10576	10577	0.00925733
9980	10578	0.00925335
10577	10578	0.00925335
10578	10579	0.00924672
4327	10579	0.00924672
10579	10580	0.00923736
1611	10580	0.00923736
5407	10581	0.00923062
10580	10581	0.00923062
3242	10582	0.00921724
10581	10582	0.00921724
8822	10583	0.00921638
10582	10583	0.00921638
3747	10584	0.00920298
10583	10584	0.00920298
10584	10585	0.00918865
2332	10585	0.00918865
5671	10586	0.00918016
10585	10586	0.00918016
10586	10587	0.00916405
4747	10587	0.00916405
10587	10588	0.00915128
268	10588	0.00915128
4757	10588	0.00915128
10526	10588	0.00915128
422	10589	0.00914575
10588	10589	0.00914575
10589	10590	0.00913329
1010	10590	0.00913329
2824	10590	0.00913329
10590	10591	0.00912282
5552	10591	0.00912282
2625	10592	0.00911994
10591	10592	0.00911994
8805	10593	0.00910681
10592	10593	0.00910681
5090	10594	0.00909325
10593	10594	0.00909325
10594	10595	0.00906749
1226	10595	0.00906749
10595	10596	0.0090655
2611	10596	0.0090655
6190	10597	0.00905238
10596	10597	0.00905238
8697	10598	0.0090351
10597	10598	0.0090351
2956	10599	0.00903315
3084	10599	0.00903315
10598	10599	0.00903315
10599	10600	0.00902751
1716	10600	0.00902751
4379	10600	0.00902751
10600	10601	0.0090256
3010	10601	0.0090256
2105	10601	0.0090256
10601	10602	0.00902275
2624	10602	0.00902275
2566	10603	0.00902179
10602	10603	0.00902179
1819	10604	0.00900756
10603	10604	0.00900756
10604	10605	0.00899807
606	10605	0.00899807
10605	10606	0.0089788
6235	10606	0.0089788
10606	10607	0.00896742
4145	10607	0.00896742
8983	10608	0.00896545
10607	10608	0.00896545
3270	10608	0.00896545
10608	10609	0.00895882
671	10609	0.00895882
10609	10610	0.00895228
2238	10610	0.00895228
1259	10610	0.00895228
10610	10611	0.00895016
4200	10611	0.00895016
8859	10612	0.00894173
10611	10612	0.00894173
10612	10613	0.00892633
1923	10613	0.00892633
6334	10614	0.00891605
10613	10614	0.00891605
10614	10615	0.00891105
10524	10615	0.00891105
10615	10616	0.00890806
4504	10616	0.00890806
10616	10617	0.00889116
4798	10617	0.00889116
3988	10618	0.00888242
10617	10618	0.00888242
10618	10619	0.00887202
170	10619	0.00887202
10619	10620	0.00884816
8795	10620	0.00884816
1155	10621	0.00887403
152	10621	0.00887403
5502	10622	0.00884047
10620	10622	0.00884047
10622	10623	0.00882904
6081	10623	0.00882904
1139	10624	0.00882624
10623	10624	0.00882624
5297	10625	0.00882054
10624	10625	0.00882054
10625	10626	0.00881563
97	10626	0.00881563
10626	10627	0.00880254
1877	10627	0.00880254
10627	10628	0.00879206
802	10628	0.00879206
10628	10629	0.00876737
662	10629	0.00876737
4615	10630	0.0087643
10629	10630	0.0087643
289	10631	0.00875941
10630	10631	0.00875941
10631	10632	0.00875545
1729	10632	0.00875545
944	10633	0.00875098
10632	10633	0.00875098
2912	10634	0.00874322
10633	10634	0.00874322
3909	10635	0.00874234
10634	10635	0.00874234
5614	10636	0.00873561
10635	10636	0.00873561
10636	10637	0.0087319
10621	10637	0.0087319
10637	10638	0.00872524
4685	10638	0.00872524
10638	10639	0.00871654
960	10639	0.00871654
10639	10640	0.00870321
5586	10640	0.00870321
8445	10641	0.00869267
10640	10641	0.00869267
4398	10642	0.00868989
10641	10642	0.00868989
3279	10642	0.00868989
429	10642	0.00868989
1906	10642	0.00868989
10527	10642	0.00868989
10642	10643	0.00865657
436	10643	0.00865657
10643	10644	0.00865276
10525	10644	0.00865276
1756	10644	0.00865276
10644	10645	0.00864976
2319	10645	0.00864976
9963	10646	0.00864897
10645	10646	0.00864897
10646	10647	0.00863077
4230	10647	0.00863077
10647	10648	0.00862898
3159	10648	0.00862898
10648	10649	0.00862699
6165	10649	0.00862699
10649	10650	0.00862215
2165	10650	0.00862215
3618	10651	0.0105335
1998	10651	0.0105335
10651	10652	0.00961974
6222	10652	0.00961974
8573	10653	0.0169716
411	10653	0.0169716
2982	10654	0.00875545
389	10654	0.00875545
8690	10655	0.0087319
10654	10655	0.0087319
408	10656	0.0086593
876	10656	0.0086593
2693	10657	0.018531
2221	10657	0.018531
3030	10658	0.011214
8712	10658	0.011214
548	10659	0.0172023
739	10659	0.0172023
4457	10660	0.00890073
615	10660	0.00890073
629	10661	0.0152915
5327	10661	0.0152915
10661	10662	0.0114479
2129	10662	0.0114479
2874	10663	0.00894278
10662	10663	0.00894278
3295	10664	0.0166359
3503	10664	0.0166359
8924	10665	0.0206698
5776	10665	0.0206698
4411	10666	0.0135211
2144	10666	0.0135211
5681	10667	0.0141914
8955	10667	0.0141914
4454	10668	0.00876231
2431	10668	0.00876231
4453	10669	0.0125036
2753	10669	0.0125036
3130	10670	0.00708675
532	10670	0.00708675
5202	10671	0.00530813
766	10671	0.00530813
3298	10672	0.00738725
435	10672	0.00738725
5046	10673	0.00591761
6158	10673	0.00591761
3234	10674	0.0079153
5131	10674	0.0079153
4847	10675	0.00765413
896	10675	0.00765413
10675	10676	0.00558181
808	10676	0.00558181
10676	10677	0.00422859
1043	10677	0.00422859
5151	10678	0.00476254
680	10678	0.00476254
5155	10679	0.00578203
5743	10679	0.00578203
6289	10680	0.0046339
2616	10680	0.0046339
6152	10681	0.0076407
8945	10681	0.0076407
4215	10682	0.0063887
8452	10682	0.0063887
4058	10683	0.00771814
9007	10683	0.00771814
6388	10684	0.00548836
2209	10684	0.00548836
1820	10685	0.00471791
5833	10685	0.00471791
5110	10686	0.00416087
4537	10686	0.00416087
5913	10687	0.00465205
8941	10687	0.00465205
6257	10688	0.00600064
5943	10688	0.00600064
65	10689	0.0071012
5104	10689	0.0071012
8993	10690	0.00840185
8704	10690	0.00840185
5156	10691	0.0080606
10690	10691	0.0080606
8497	10692	0.00858612
5588	10692	0.00858612
9015	10693	0.00622176
10692	10693	0.00622176
5845	10694	0.00590512
8984	10694	0.00590512
3126	10695	0.00756663
3269	10695	0.00756663
1418	10696	0.00727841
4745	10696	0.00727841
2023	10697	0.00780017
1779	10697	0.00780017
9001	10698	0.00775728
8449	10698	0.00775728
10650	10699	0.00860018
860	10699	0.00860018
296	10699	0.00860018
10699	10700	0.0085994
1532	10700	0.0085994
10700	10701	0.0085981
5093	10701	0.0085981
3098	10701	0.0085981
10701	10702	0.00859638
215	10702	0.00859638
10702	10703	0.00859446
290	10703	0.00859446
10703	10704	0.0085915
3008	10704	0.0085915
10704	10705	0.00857921
3238	10705	0.00857921
10705	10706	0.00857349
1045	10706	0.00857349
580	10707	0.0085726
10706	10707	0.0085726
3905	10707	0.0085726
8948	10708	0.00855823
10707	10708	0.00855823
10708	10709	0.00854769
954	10709	0.00854769
10709	10710	0.00854585
2943	10710	0.00854585
10710	10711	0.00854392
4836	10711	0.00854392
10711	10712	0.00854012
4236	10712	0.00854012
1702	10713	0.00853627
3046	10713	0.00853627
10712	10713	0.00853627
5421	10714	0.00852013
10713	10714	0.00852013
10714	10715	0.00851926
3660	10715	0.00851926
1846	10716	0.00851541
10715	10716	0.00851541
4078	10717	0.00851344
10716	10717	0.00851344
10717	10718	0.00850392
5647	10718	0.00850392
2936	10719	0.00853226
380	10719	0.00853226
5000	10720	0.00849835
10718	10720	0.00849835
10720	10721	0.00849361
1482	10721	0.00849361
10721	10722	0.00849066
10719	10722	0.00849066
10722	10723	0.00848674
2418	10723	0.00848674
3800	10724	0.00847248
3042	10724	0.00847248
10723	10724	0.00847248
10724	10725	0.00847047
1030	10725	0.00847047
10725	10726	0.0084582
8971	10726	0.0084582
574	10727	0.00844549
10726	10727	0.00844549
5695	10728	0.00843516
10727	10728	0.00843516
10728	10729	0.0084333
2318	10729	0.0084333
3934	10730	0.00842837
10729	10730	0.00842837
8720	10731	0.00842577
10730	10731	0.00842577
8863	10732	0.00842105
10731	10732	0.00842105
3083	10732	0.00842105
10732	10733	0.0084153
1824	10733	0.0084153
4295	10734	0.00840663
10733	10734	0.00840663
8857	10735	0.00839229
10734	10735	0.00839229
280	10736	0.00838372
10735	10736	0.00838372
10736	10737	0.00838181
3859	10737	0.00838181
2512	10737	0.00838181
10737	10738	0.00837518
1408	10738	0.00837518
2044	10738	0.00837518
10738	10739	0.00836848
2035	10739	0.00836848
3629	10740	0.00836473
10739	10740	0.00836473
10740	10741	0.00836274
2049	10741	0.00836274
4429	10742	0.00836089
10741	10742	0.00836089
10742	10743	0.00835886
1592	10743	0.00835886
2744	10744	0.00834832
10743	10744	0.00834832
8636	10745	0.00834447
10744	10745	0.00834447
10745	10746	0.00834355
3205	10746	0.00834355
10652	10747	0.00836555
4994	10747	0.00836555
10746	10748	0.00834076
4732	10748	0.00834076
1816	10749	0.00833994
10748	10749	0.00833994
10749	10750	0.00833896
3062	10750	0.00833896
10750	10751	0.00832938
1333	10751	0.00832938
6214	10751	0.00832938
6238	10751	0.00832938
2644	10752	0.00832845
10751	10752	0.00832845
10752	10753	0.0083226
6244	10753	0.0083226
10753	10754	0.00831428
2493	10754	0.00831428
10754	10755	0.00831292
480	10755	0.00831292
10755	10756	0.00831132
1180	10756	0.00831132
10756	10757	0.00830848
3845	10757	0.00830848
10757	10758	0.00830644
310	10758	0.00830644
4858	10758	0.00830644
2269	10758	0.00830644
10747	10758	0.00830644
10758	10759	0.00830556
4911	10759	0.00830556
10759	10760	0.00828534
3313	10760	0.00828534
5273	10761	0.0082788
10760	10761	0.0082788
5291	10762	0.00827317
10761	10762	0.00827317
10762	10763	0.00827216
3956	10763	0.00827216
164	10764	0.00827021
10763	10764	0.00827021
10764	10765	0.00826648
1355	10765	0.00826648
10765	10766	0.00826455
3235	10766	0.00826455
8729	10767	0.00826356
10766	10767	0.00826356
5083	10768	0.00825122
10767	10768	0.00825122
1052	10769	0.00824731
10768	10769	0.00824731
913	10770	0.00823774
10769	10770	0.00823774
10770	10771	0.00823302
10666	10771	0.00823302
10771	10772	0.00821022
744	10772	0.00821022
10772	10773	0.0082017
799	10773	0.0082017
10773	10774	0.00819691
5376	10774	0.00819691
1610	10775	0.00819112
10774	10775	0.00819112
4885	10775	0.00819112
5791	10776	0.00819029
10656	10776	0.00819029
10775	10777	0.0081827
10776	10777	0.0081827
10777	10778	0.00817695
3709	10778	0.00817695
4569	10779	0.00817127
10778	10779	0.00817127
10779	10780	0.00815971
890	10780	0.00815971
10780	10781	0.00814339
6221	10781	0.00814339
10781	10782	0.00813784
258	10782	0.00813784
10782	10783	0.00813298
2629	10783	0.00813298
10783	10784	0.00812248
1530	10784	0.00812248
2730	10785	0.0081195
2729	10785	0.0081195
8802	10785	0.0081195
10784	10785	0.0081195
2860	10786	0.00811575
10785	10786	0.00811575
10786	10787	0.00811287
5174	10787	0.00811287
4178	10787	0.00811287
4370	10787	0.00811287
10787	10788	0.00810643
1571	10788	0.00810643
2659	10789	0.00810334
10788	10789	0.00810334
8823	10790	0.00809669
10789	10790	0.00809669
4894	10791	0.00809193
10790	10791	0.00809193
10791	10792	0.00808997
1136	10792	0.00808997
8826	10793	0.00808433
10792	10793	0.00808433
10793	10794	0.00808239
8919	10794	0.00808239
10794	10795	0.00807846
2443	10795	0.00807846
10795	10796	0.0080595
6107	10796	0.0080595
8619	10797	0.00805659
10796	10797	0.00805659
1093	10798	0.00805282
10797	10798	0.00805282
2282	10799	0.00805113
10798	10799	0.00805113
1854	10800	0.00804603
10799	10800	0.00804603
10800	10801	0.00804527
3933	10801	0.00804527
8986	10802	0.00803947
10801	10802	0.00803947
10802	10803	0.00802613
4563	10803	0.00802613
10803	10804	0.00801182
4214	10804	0.00801182
8890	10805	0.00799931
10804	10805	0.00799931
6048	10806	0.00799752
10805	10806	0.00799752
10806	10807	0.00799181
1858	10807	0.00799181
10807	10808	0.00798308
374	10808	0.00798308
8693	10809	0.00796899
10808	10809	0.00796899
10809	10810	0.00794971
1568	10810	0.00794971
8994	10811	0.00794521
2973	10811	0.00794521
10810	10811	0.00794521
8957	10811	0.00794521
1122	10811	0.00794521
10811	10812	0.00794419
5259	10812	0.00794419
10812	10813	0.00794289
117	10813	0.00794289
10813	10814	0.00794146
54	10814	0.00794146
4205	10815	0.0079337
10814	10815	0.0079337
10815	10816	0.00792786
3294	10816	0.00792786
10816	10817	0.00792503
1706	10817	0.00792503
10817	10818	0.00792402
3746	10818	0.00792402
10818	10819	0.0079203
3201	10819	0.0079203
8532	10820	0.00791461
10819	10820	0.00791461
8876	10821	0.0079135
10820	10821	0.0079135
10821	10822	0.00789929
111	10822	0.00789929
10822	10823	0.0078983
1830	10823	0.0078983
9000	10824	0.00789735
10823	10824	0.00789735
10824	10825	0.00788786
5356	10825	0.00788786
10825	10826	0.00788405
401	10826	0.00788405
2359	10826	0.00788405
5089	10827	0.00787812
10826	10827	0.00787812
10827	10828	0.00783841
1228	10828	0.00783841
10828	10829	0.00783648
4192	10829	0.00783648
527	10830	0.00782876
10829	10830	0.00782876
10830	10831	0.00782109
1071	10831	0.00782109
5207	10831	0.00782109
80	10832	0.00781712
10831	10832	0.00781712
2112	10833	0.00780597
10832	10833	0.00780597
1786	10834	0.00780392
10833	10834	0.00780392
4566	10835	0.00779822
10834	10835	0.00779822
10835	10836	0.00779628
564	10836	0.00779628
9011	10837	0.00778119
10836	10837	0.00778119
10837	10838	0.00777723
8633	10838	0.00777723
10663	10838	0.00777723
10838	10839	0.00777622
2815	10839	0.00777622
10839	10840	0.00777421
1235	10840	0.00777421
8935	10841	0.00777354
10840	10841	0.00777354
1913	10842	0.00777054
10841	10842	0.00777054
10842	10843	0.00776967
1519	10843	0.00776967
5477	10843	0.00776967
10843	10844	0.00776566
608	10844	0.00776566
156	10845	0.00775521
10844	10845	0.00775521
10845	10846	0.00774259
1741	10846	0.00774259
3328	10847	0.00772479
10846	10847	0.00772479
8703	10848	0.00772381
10847	10848	0.00772381
3978	10848	0.00772381
10848	10849	0.00772085
3199	10849	0.00772085
10849	10850	0.00771617
2368	10850	0.00771617
4213	10851	0.00794419
144	10851	0.00794419
3307	10852	0.00780392
3885	10852	0.00780392
4198	10853	0.00855823
4941	10853	0.00855823
10850	10854	0.00771049
123	10854	0.00771049
10854	10855	0.00770954
915	10855	0.00770954
2311	10856	0.00770755
10855	10856	0.00770755
10665	10856	0.00770755
5803	10856	0.00770755
8832	10857	0.00770096
10856	10857	0.00770096
5340	10858	0.00769427
10857	10858	0.00769427
10858	10859	0.00769046
3190	10859	0.00769046
10859	10860	0.00767234
5905	10860	0.00767234
6057	10861	0.0076704
10860	10861	0.0076704
10861	10862	0.00766849
1705	10862	0.00766849
10862	10863	0.00766003
1486	10863	0.00766003
10863	10864	0.00765686
2999	10864	0.00765686
2873	10865	0.00765129
10864	10865	0.00765129
3217	10866	0.00762742
10865	10866	0.00762742
10866	10867	0.00762548
6004	10867	0.00762548
10867	10868	0.0076248
10653	10868	0.0076248
10655	10868	0.0076248
10868	10869	0.00760843
1656	10869	0.00760843
10869	10870	0.00760644
426	10870	0.00760644
10870	10871	0.00760365
1897	10871	0.00760365
2924	10872	0.00760267
3854	10872	0.00760267
10871	10872	0.00760267
10872	10873	0.00760167
4634	10873	0.00760167
4848	10874	0.00760074
10873	10874	0.00760074
10874	10875	0.00759972
5555	10875	0.00759972
10875	10876	0.00759028
1471	10876	0.00759028
10876	10877	0.00757601
2395	10877	0.00757601
8837	10878	0.00757027
10877	10878	0.00757027
9004	10879	0.0075636
829	10879	0.0075636
10878	10879	0.0075636
2720	10880	0.00756164
10879	10880	0.00756164
10880	10881	0.00755788
1734	10881	0.00755788
10881	10882	0.00754358
3872	10882	0.00754358
10882	10883	0.0075273
1964	10883	0.0075273
10883	10884	0.0075178
10660	10884	0.0075178
553	10885	0.00750264
10884	10885	0.00750264
10885	10886	0.00748812
3377	10886	0.00748812
10886	10887	0.00748151
1039	10887	0.00748151
4726	10888	0.00747567
10887	10888	0.00747567
10888	10889	0.00747108
365	10889	0.00747108
4588	10889	0.00747108
2098	10889	0.00747108
10889	10890	0.00745781
4522	10890	0.00745781
1588	10890	0.00745781
10890	10891	0.00745687
6157	10891	0.00745687
3734	10892	0.00745188
10891	10892	0.00745188
2342	10892	0.00745188
8621	10893	0.0074491
10892	10893	0.0074491
10893	10894	0.00744534
1890	10894	0.00744534
2111	10894	0.00744534
5542	10894	0.00744534
6336	10895	0.00743297
10894	10895	0.00743297
10895	10896	0.00743009
10853	10896	0.00743009
10896	10897	0.00740048
5359	10897	0.00740048
10897	10898	0.00739669
196	10898	0.00739669
2335	10899	0.00739186
10898	10899	0.00739186
10899	10900	0.00739097
5863	10900	0.00739097
10900	10901	0.00738335
1609	10901	0.00738335
2084	10902	0.00737939
10901	10902	0.00737939
10902	10903	0.00737774
223	10903	0.00737774
800	10904	0.00737672
10903	10904	0.00737672
10904	10905	0.00737177
10851	10905	0.00737177
631	10905	0.00737177
10905	10906	0.00734879
512	10906	0.00734879
10906	10907	0.00732229
4864	10907	0.00732229
427	10908	0.00736147
4025	10908	0.00736147
10907	10909	0.00731279
2699	10909	0.00731279
2277	10910	0.00730797
5191	10910	0.00730797
4001	10910	0.00730797
10909	10910	0.00730797
4135	10911	0.00730516
10910	10911	0.00730516
10911	10912	0.0073013
3006	10912	0.0073013
5741	10913	0.00729948
10912	10913	0.00729948
10913	10914	0.00726605
4479	10914	0.00726605
10914	10915	0.00726416
3505	10915	0.00726416
4511	10916	0.00726238
10915	10916	0.00726238
10916	10917	0.00726026
2589	10917	0.00726026
10917	10918	0.00725656
4383	10918	0.00725656
8996	10919	0.00725071
10918	10919	0.00725071
10919	10920	0.00724124
10852	10920	0.00724124
10920	10921	0.00723331
2298	10921	0.00723331
3842	10921	0.00723331
434	10921	0.00723331
5101	10922	0.00723172
10921	10922	0.00723172
5299	10923	0.00722702
10922	10923	0.00722702
10923	10924	0.00722119
852	10924	0.00722119
10924	10925	0.00720491
2498	10925	0.00720491
10925	10926	0.0071963
3641	10926	0.0071963
4156	10927	0.00719551
10926	10927	0.00719551
8620	10928	0.00719264
10927	10928	0.00719264
2313	10929	0.00718034
10928	10929	0.00718034
5579	10930	0.00717647
10929	10930	0.00717647
10930	10931	0.0071738
2248	10931	0.0071738
10931	10932	0.00716795
5844	10932	0.00716795
6419	10933	0.00715061
10932	10933	0.00715061
10933	10934	0.00714876
6016	10934	0.00714876
10934	10935	0.00712962
717	10935	0.00712962
10935	10936	0.00712207
1193	10936	0.00712207
966	10937	0.00712099
10936	10937	0.00712099
10937	10938	0.00711919
4335	10938	0.00711919
10938	10939	0.00711633
4715	10939	0.00711633
1097	10940	0.00710964
964	10940	0.00710964
10939	10940	0.00710964
10940	10941	0.00710681
4705	10941	0.00710681
10941	10942	0.00710595
4085	10942	0.00710595
10942	10943	0.0071012
4083	10943	0.0071012
8843	10944	0.00709933
10943	10944	0.00709933
8979	10945	0.0070801
10944	10945	0.0070801
10945	10946	0.00705321
5021	10946	0.00705321
4042	10947	0.00704672
10946	10947	0.00704672
194	10948	0.0070438
10947	10948	0.0070438
9002	10949	0.00703725
10948	10949	0.00703725
5136	10950	0.0070352
10949	10950	0.0070352
10950	10951	0.00703332
4985	10951	0.00703332
274	10952	0.00703246
10951	10952	0.00703246
2851	10953	0.00702219
10952	10953	0.00702219
3722	10954	0.00702094
10953	10954	0.00702094
4271	10954	0.00702094
8895	10955	0.00701905
10954	10955	0.00701905
10955	10956	0.00701038
1174	10956	0.00701038
10956	10957	0.00699713
6178	10957	0.00699713
10957	10958	0.00699234
10908	10958	0.00699234
10698	10959	0.00698482
84	10959	0.00698482
10958	10959	0.00698482
10959	10960	0.00698369
6114	10960	0.00698369
10960	10961	0.00698191
816	10961	0.00698191
5541	10961	0.00698191
5771	10962	0.00698084
10961	10962	0.00698084
5379	10963	0.00757406
325	10963	0.00757406
3032	10964	0.00780017
8756	10964	0.00780017
5608	10965	0.00769718
4044	10965	0.00769718
263	10966	0.00697517
10962	10966	0.00697517
335	10967	0.00697233
3071	10967	0.00697233
10966	10967	0.00697233
4050	10968	0.00696843
10967	10968	0.00696843
10968	10969	0.00696469
2374	10969	0.00696469
1646	10970	0.00696299
10969	10970	0.00696299
10970	10971	0.00696178
1511	10971	0.00696178
861	10972	0.00695986
10971	10972	0.00695986
6128	10973	0.00694572
10972	10973	0.00694572
10973	10974	0.00693308
2932	10974	0.00693308
10974	10975	0.00693043
4235	10975	0.00693043
827	10976	0.00691785
10975	10976	0.00691785
10976	10977	0.00691709
1577	10977	0.00691709
10696	10978	0.00691405
10977	10978	0.00691405
5448	10979	0.00690181
10978	10979	0.00690181
10979	10980	0.00689895
407	10980	0.00689895
10980	10981	0.00689593
451	10981	0.00689593
10981	10982	0.00687608
10963	10982	0.00687608
5589	10983	0.00687406
10982	10983	0.00687406
5764	10984	0.00687027
10983	10984	0.00687027
1954	10985	0.00686735
10984	10985	0.00686735
8900	10986	0.00685406
10985	10986	0.00685406
4514	10987	0.00685314
10986	10987	0.00685314
10987	10988	0.00684929
568	10988	0.00684929
10988	10989	0.00684819
3620	10989	0.00684819
5697	10990	0.00684636
10989	10990	0.00684636
3198	10991	0.00684548
10990	10991	0.00684548
10991	10992	0.00684159
651	10992	0.00684159
1191	10992	0.00684159
6480	10993	0.00683499
10992	10993	0.00683499
10993	10994	0.00683213
10668	10994	0.00683213
4515	10995	0.00682833
10994	10995	0.00682833
10995	10996	0.00682161
324	10996	0.00682161
5443	10997	0.00682064
10996	10997	0.00682064
10997	10998	0.00681781
1150	10998	0.00681781
10998	10999	0.00680456
2715	10999	0.00680456
10999	11000	0.00680352
338	11000	0.00680352
2012	11000	0.00680352
3163	11000	0.00680352
3092	11000	0.00680352
3147	11000	0.00680352
524	11001	0.00680059
11000	11001	0.00680059
11001	11002	0.00678536
610	11002	0.00678536
11002	11003	0.00678243
4158	11003	0.00678243
11003	11004	0.00677879
3212	11004	0.00677879
3281	11005	0.00677489
8873	11005	0.00677489
11004	11005	0.00677489
5096	11006	0.00677303
11005	11006	0.00677303
5640	11006	0.00677303
11006	11007	0.00675773
3512	11007	0.00675773
1732	11008	0.00673954
11007	11008	0.00673954
3054	11009	0.00673772
4366	11009	0.00673772
11008	11009	0.00673772
11009	11010	0.00672727
908	11010	0.00672727
6200	11011	0.00670143
11010	11011	0.00670143
11011	11012	0.00668801
2770	11012	0.00668801
11012	11013	0.00667679
5225	11013	0.00667679
11013	11014	0.00667202
3216	11014	0.00667202
11014	11015	0.00667093
207	11015	0.00667093
8788	11016	0.00663189
11015	11016	0.00663189
11016	11017	0.00662705
10965	11017	0.00662705
11017	11018	0.00662226
4496	11018	0.00662226
11018	11019	0.00661559
1409	11019	0.00661559
8460	11020	0.00661179
11019	11020	0.00661179
11020	11021	0.00659084
10669	11021	0.00659084
2966	11021	0.00659084
5489	11022	0.00658317
11021	11022	0.00658317
1671	11023	0.00658227
11022	11023	0.00658227
4841	11024	0.00657843
11023	11024	0.00657843
11024	11025	0.00657773
1088	11025	0.00657773
11025	11026	0.00657468
5144	11026	0.00657468
1540	11026	0.00657468
3942	11027	0.00657277
11026	11027	0.00657277
135	11028	0.00657202
11027	11028	0.00657202
6203	11029	0.00655746
11028	11029	0.00655746
5010	11029	0.00655746
11029	11030	0.00655089
5565	11030	0.00655089
5871	11031	0.0065489
9012	11031	0.0065489
2193	11031	0.0065489
4175	11031	0.0065489
11030	11031	0.0065489
6422	11032	0.00654228
11031	11032	0.00654228
1272	11032	0.00654228
4993	11033	0.00653936
11032	11033	0.00653936
11033	11034	0.00653554
2164	11034	0.00653554
11034	11035	0.0065308
3048	11035	0.0065308
11035	11036	0.00652989
5689	11036	0.00652989
2523	11037	0.00652118
11036	11037	0.00652118
11037	11038	0.00651741
33	11038	0.00651741
1807	11039	0.0065136
11038	11039	0.0065136
11039	11040	0.00650972
1379	11040	0.00650972
8651	11041	0.00650407
11040	11041	0.00650407
1112	11042	0.00649932
11041	11042	0.00649932
5257	11043	0.00649167
11042	11043	0.00649167
11043	11044	0.006485
641	11044	0.006485
11044	11045	0.00646784
4201	11045	0.00646784
11045	11046	0.00646585
2993	11046	0.00646585
5763	11047	0.00646401
11046	11047	0.00646401
5794	11048	0.00645921
11047	11048	0.00645921
11048	11049	0.00643634
1535	11049	0.00643634
11049	11050	0.00642588
3187	11050	0.00642588
11050	11051	0.00642014
6164	11051	0.00642014
8908	11052	0.00641919
11051	11052	0.00641919
1774	11052	0.00641919
6030	11053	0.00641823
11052	11053	0.00641823
3892	11053	0.00641823
11053	11054	0.00641538
3012	11054	0.00641538
11054	11055	0.00641445
5558	11055	0.00641445
4987	11056	0.00640574
11055	11056	0.00640574
11056	11057	0.00638957
635	11057	0.00638957
2296	11058	0.00637434
11057	11058	0.00637434
1647	11059	0.0063648
11058	11059	0.0063648
504	11060	0.00635916
11059	11060	0.00635916
803	11061	0.00673491
10964	11061	0.00673491
11060	11062	0.0063525
2473	11062	0.0063525
11062	11063	0.00634478
4575	11063	0.00634478
11063	11064	0.00633997
5266	11064	0.00633997
11064	11065	0.00632953
11061	11065	0.00632953
3021	11066	0.00632203
11065	11066	0.00632203
11066	11067	0.00631427
4975	11067	0.00631427
3315	11067	0.00631427
11067	11068	0.0063086
6085	11068	0.0063086
4753	11069	0.00630377
11068	11069	0.00630377
3192	11070	0.00629993
11069	11070	0.00629993
11070	11071	0.0062846
1305	11071	0.0062846
41	11072	0.00627328
11071	11072	0.00627328
3730	11072	0.00627328
676	11073	0.00627137
11072	11073	0.00627137
11073	11074	0.00625605
3939	11074	0.00625605
1353	11075	0.00624561
11074	11075	0.00624561
11075	11076	0.00622176
3700	11076	0.00622176
11076	11077	0.00621506
5739	11077	0.00621506
681	11077	0.00621506
3949	11077	0.00621506
9009	11078	0.00620557
11077	11078	0.00620557
11078	11079	0.00616934
1999	11079	0.00616934
3567	11080	0.00616835
11079	11080	0.00616835
3916	11081	0.00615793
11080	11081	0.00615793
2247	11082	0.00615598
11081	11082	0.00615598
11082	11083	0.00614537
5950	11083	0.00614537
3097	11084	0.00614074
11083	11084	0.00614074
11084	11085	0.0061254
5617	11085	0.0061254
849	11086	0.00612356
11085	11086	0.00612356
11086	11087	0.00611205
4769	11087	0.00611205
1015	11087	0.00611205
4699	11088	0.00610351
11087	11088	0.00610351
3343	11089	0.00610258
3810	11089	0.00610258
11088	11089	0.00610258
4154	11090	0.00609968
11089	11090	0.00609968
1199	11091	0.00609299
11090	11091	0.00609299
11091	11092	0.00609113
3977	11092	0.00609113
846	11093	0.00609022
11092	11093	0.00609022
1503	11094	0.00607586
1684	11094	0.00607586
11093	11095	0.00607294
1931	11095	0.00607294
3289	11096	0.00606727
11095	11096	0.00606727
5216	11097	0.00606345
11096	11097	0.00606345
4292	11098	0.00605679
11097	11098	0.00605679
11098	11099	0.0060444
5668	11099	0.0060444
4065	11100	0.00603479
11099	11100	0.00603479
11100	11101	0.00602442
2488	11101	0.00602442
11101	11102	0.00602146
1584	11102	0.00602146
3794	11103	0.00601957
11102	11103	0.00601957
11103	11104	0.00600249
11094	11104	0.00600249
1129	11105	0.00600144
11104	11105	0.00600144
10697	11106	0.00599952
11105	11106	0.00599952
11106	11107	0.0059919
3429	11107	0.0059919
11107	11108	0.0059891
2262	11108	0.0059891
4276	11109	0.00598339
2540	11109	0.00598339
11108	11109	0.00598339
8681	11110	0.00598049
11109	11110	0.00598049
11110	11111	0.00595864
1873	11111	0.00595864
128	11112	0.0059567
11111	11112	0.0059567
11112	11113	0.00595576
5662	11113	0.00595576
1601	11114	0.00594709
11113	11114	0.00594709
3675	11115	0.00594323
11114	11115	0.00594323
4465	11116	0.00593749
11115	11116	0.00593749
11116	11117	0.00591284
2934	11117	0.00591284
11117	11118	0.00591086
945	11118	0.00591086
2252	11119	0.00590322
11118	11119	0.00590322
6260	11120	0.00589942
11119	11120	0.00589942
11120	11121	0.00589758
4816	11121	0.00589758
11121	11122	0.00588489
1362	11122	0.00588489
4356	11123	0.00587461
11122	11123	0.00587461
3204	11124	0.00587265
3936	11124	0.00587265
11123	11124	0.00587265
3009	11125	0.00583555
4810	11125	0.00583555
11124	11126	0.00586986
2207	11126	0.00586986
5666	11127	0.0058546
11126	11127	0.0058546
11127	11128	0.00584514
264	11128	0.00584514
11128	11129	0.00583938
4414	11129	0.00583938
11129	11130	0.00583746
4478	11130	0.00583746
1805	11131	0.00583072
11130	11131	0.00583072
11131	11132	0.00582788
5098	11132	0.00582788
113	11132	0.00582788
11132	11133	0.00580787
895	11133	0.00580787
2630	11133	0.00580787
4064	11134	0.00580503
11133	11134	0.00580503
6100	11135	0.00580313
3136	11135	0.00580313
11134	11135	0.00580313
2447	11136	0.00580597
101	11136	0.00580597
11135	11137	0.00580027
11136	11137	0.00580027
11137	11138	0.00576403
314	11138	0.00576403
11138	11139	0.00576204
2604	11139	0.00576204
4006	11140	0.00575919
11139	11140	0.00575919
11125	11141	0.00575041
11140	11141	0.00575041
11141	11142	0.00574973
4041	11142	0.00574973
984	11143	0.00574877
11142	11143	0.00574877
1505	11144	0.00597
1033	11144	0.00597
10659	11145	0.00660702
4483	11145	0.00660702
3478	11146	0.00701428
999	11146	0.00701428
3891	11147	0.00602723
1205	11147	0.00602723
6261	11148	0.00793931
8856	11148	0.00793931
4704	11149	0.00719551
2080	11149	0.00719551
3763	11150	0.0058956
3324	11150	0.0058956
3407	11151	0.00548655
8930	11151	0.00548655
5849	11152	0.00506784
5138	11152	0.00506784
994	11153	0.00554372
68	11153	0.00554372
4710	11154	0.00573746
11143	11154	0.00573746
3654	11155	0.00573072
11154	11155	0.00573072
11155	11156	0.00572393
1633	11156	0.00572393
2429	11157	0.00571063
11156	11157	0.00571063
2064	11158	0.00570775
11157	11158	0.00570775
1094	11159	0.00570011
11158	11159	0.00570011
3132	11160	0.00569162
11159	11160	0.00569162
971	11161	0.00568391
11160	11161	0.00568391
2795	11162	0.00566862
10694	11162	0.00566862
11161	11162	0.00566862
3882	11163	0.00566197
11162	11163	0.00566197
2225	11164	0.00565911
11163	11164	0.00565911
9006	11165	0.00565712
11164	11165	0.00565712
3744	11166	0.00565238
11165	11166	0.00565238
165	11166	0.00565238
4186	11166	0.00565238
11166	11167	0.00565149
312	11167	0.00565149
3096	11167	0.00565149
11167	11168	0.00564757
328	11168	0.00564757
2328	11168	0.00564757
6373	11169	0.00564476
11168	11169	0.00564476
4419	11170	0.00564103
11169	11170	0.00564103
3717	11171	0.00563537
11170	11171	0.00563537
4915	11172	0.00562282
11171	11172	0.00562282
8909	11173	0.00561047
11172	11173	0.00561047
806	11174	0.00558181
11173	11174	0.00558181
2733	11174	0.00558181
4436	11175	0.00557792
11174	11175	0.00557792
11175	11176	0.00557621
5251	11176	0.00557621
11176	11177	0.00555133
1975	11177	0.00555133
11177	11178	0.00553797
5597	11178	0.00553797
11178	11179	0.00552564
2872	11179	0.00552564
5409	11180	0.00552279
11179	11180	0.00552279
266	11181	0.00551511
11180	11181	0.00551511
11181	11182	0.00550653
1541	11182	0.00550653
1514	11183	0.00550362
11182	11183	0.00550362
11183	11184	0.00548466
11150	11184	0.00548466
6233	11185	0.00548078
11184	11185	0.00548078
11185	11186	0.00547979
11147	11186	0.00547979
11186	11187	0.00547882
2896	11187	0.00547882
39	11188	0.00547694
11187	11188	0.00547694
6333	11189	0.00547601
11188	11189	0.00547601
11189	11190	0.0054683
5899	11190	0.0054683
613	11191	0.00545786
11190	11191	0.00545786
2569	11192	0.00545601
11191	11192	0.00545601
8864	11193	0.00544742
224	11193	0.00544742
11192	11193	0.00544742
227	11194	0.00543111
11193	11194	0.00543111
11145	11194	0.00543111
11194	11195	0.00542448
11144	11195	0.00542448
4150	11196	0.00541484
11195	11196	0.00541484
11196	11197	0.00541302
220	11197	0.00541302
11197	11198	0.00539501
3379	11198	0.00539501
11198	11199	0.00539393
646	11199	0.00539393
56	11200	0.00536441
11199	11200	0.00536441
5691	11201	0.00535396
11200	11201	0.00535396
2588	11201	0.00535396
4789	11202	0.00535106
11201	11202	0.00535106
3388	11203	0.00534922
11202	11203	0.00534922
11203	11204	0.00534442
1648	11204	0.00534442
8465	11205	0.00534051
11204	11205	0.00534051
4440	11205	0.00534051
5639	11205	0.00534051
2109	11206	0.00533868
11205	11206	0.00533868
2294	11207	0.00531099
11206	11207	0.00531099
11207	11208	0.00530721
5570	11208	0.00530721
8845	11209	0.0053034
11208	11209	0.0053034
2974	11210	0.00530149
11209	11210	0.00530149
11210	11211	0.00529477
1341	11211	0.00529477
1751	11212	0.00528817
11211	11212	0.00528817
5317	11213	0.00528335
11212	11213	0.00528335
4471	11214	0.00527863
11213	11214	0.00527863
11214	11215	0.00527296
1548	11215	0.00527296
11215	11216	0.00527185
2885	11216	0.00527185
3686	11217	0.00527002
11216	11217	0.00527002
3258	11218	0.0052614
11217	11218	0.0052614
8713	11219	0.0052576
11218	11219	0.0052576
880	11220	0.00525672
11219	11220	0.00525672
1437	11221	0.00525093
11220	11221	0.00525093
1924	11222	0.00524808
11221	11222	0.00524808
8980	11223	0.00523756
11222	11223	0.00523756
2669	11224	0.0052328
11223	11224	0.0052328
4850	11225	0.00523189
11224	11225	0.00523189
1607	11226	0.0052309
11225	11226	0.0052309
570	11227	0.0052272
11226	11227	0.0052272
6187	11228	0.00522615
11227	11228	0.00522615
4590	11229	0.00522518
11228	11229	0.00522518
10691	11230	0.00522418
11229	11230	0.00522418
1012	11231	0.0052222
11230	11231	0.0052222
11231	11232	0.00522038
4380	11232	0.00522038
3352	11233	0.00521754
11232	11233	0.00521754
11233	11234	0.00520896
4047	11234	0.00520896
11234	11235	0.00520606
2149	11235	0.00520606
8990	11236	0.00519465
11235	11236	0.00519465
5737	11236	0.00519465
4244	11237	0.00517745
8939	11237	0.00517745
642	11237	0.00517745
11236	11237	0.00517745
3001	11238	0.00517673
6402	11238	0.00517673
11237	11238	0.00517673
4357	11239	0.00516606
11238	11239	0.00516606
2742	11240	0.00514888
11239	11240	0.00514888
796	11241	0.00513744
11240	11241	0.00513744
5160	11242	0.00512982
11241	11242	0.00512982
11242	11243	0.00511647
6186	11243	0.00511647
2970	11244	0.00511171
11243	11244	0.00511171
11244	11245	0.00510879
5798	11245	0.00510879
10693	11246	0.00508975
11245	11246	0.00508975
1675	11247	0.00507833
11246	11247	0.00507833
2989	11248	0.00507641
11247	11248	0.00507641
11248	11249	0.00507164
1254	11249	0.00507164
4469	11250	0.00506784
11249	11250	0.00506784
4876	11251	0.00547314
3910	11251	0.00547314
11250	11252	0.00506494
3458	11252	0.00506494
927	11253	0.00506405
11252	11253	0.00506405
11253	11254	0.0050621
8734	11254	0.0050621
11254	11255	0.00505931
2591	11255	0.00505931
1009	11256	0.00505542
11255	11256	0.00505542
6466	11257	0.00505347
11256	11257	0.00505347
11257	11258	0.00505167
4629	11258	0.00505167
3888	11259	0.00503344
11258	11259	0.00503344
462	11260	0.00502298
11259	11260	0.00502298
262	11260	0.00502298
1537	11261	0.00501253
11260	11261	0.00501253
5438	11262	0.00500392
11261	11262	0.00500392
3614	11263	0.00499514
11262	11263	0.00499514
3752	11264	0.00498772
11263	11264	0.00498772
5752	11265	0.00498295
4623	11265	0.00498295
11264	11265	0.00498295
5895	11266	0.00496197
11265	11266	0.00496197
11266	11267	0.00495999
1841	11267	0.00495999
11267	11268	0.00494851
3218	11268	0.00494851
2568	11269	0.0049438
11268	11269	0.0049438
11269	11270	0.00493431
1973	11270	0.00493431
11270	11271	0.00492672
2006	11271	0.00492672
6185	11272	0.00492573
11271	11272	0.00492573
125	11272	0.00492573
3878	11273	0.00492377
11272	11273	0.00492377
2237	11274	0.00492185
11273	11274	0.00492185
4923	11275	0.0049162
11274	11275	0.0049162
11275	11276	0.00490662
3100	11276	0.00490662
2810	11277	0.00490378
11276	11277	0.00490378
1896	11278	0.00489413
11277	11278	0.00489413
11278	11279	0.00489331
2437	11279	0.00489331
6037	11280	0.00489236
11279	11280	0.00489236
11280	11281	0.00488093
2361	11281	0.00488093
6463	11282	0.00487995
11281	11282	0.00487995
8917	11283	0.00487243
11282	11283	0.00487243
10667	11284	0.00487042
11283	11284	0.00487042
238	11285	0.00486951
11284	11285	0.00486951
6150	11286	0.00484171
11285	11286	0.00484171
5411	11287	0.00483897
11286	11287	0.00483897
11287	11288	0.00483323
2407	11288	0.00483323
11288	11289	0.00483126
5632	11289	0.00483126
10664	11290	0.00481224
11289	11290	0.00481224
11290	11291	0.00480173
1989	11291	0.00480173
2809	11292	0.00479698
11291	11292	0.00479698
1230	11293	0.00479131
11292	11293	0.00479131
10695	11294	0.00479043
11293	11294	0.00479043
4420	11295	0.0047873
11294	11295	0.0047873
11295	11296	0.00478172
4350	11296	0.00478172
10657	11297	0.00475216
11296	11297	0.00475216
6038	11298	0.00475033
11297	11298	0.00475033
11298	11299	0.00474833
4995	11299	0.00474833
11299	11300	0.00472351
2009	11300	0.00472351
1703	11301	0.00471595
11300	11301	0.00471595
11301	11302	0.00471394
1635	11302	0.00471394
2310	11303	0.00470924
11302	11303	0.00470924
8687	11304	0.00470639
11303	11304	0.00470639
2107	11305	0.0047053
11304	11305	0.0047053
4811	11306	0.00470354
11305	11306	0.00470354
11306	11307	0.00469496
5389	11307	0.00469496
11307	11308	0.00468253
11251	11308	0.00468253
11308	11309	0.00467777
4929	11309	0.00467777
3056	11310	0.00466918
11309	11310	0.00466918
1871	11311	0.00466724
11310	11311	0.00466724
5209	11312	0.00466062
11311	11312	0.00466062
11312	11313	0.00465963
6155	11313	0.00465963
1604	11314	0.0046568
11313	11314	0.0046568
3479	11315	0.00464915
11314	11315	0.00464915
6247	11316	0.00463199
11315	11316	0.00463199
5283	11317	0.00462246
11316	11317	0.00462246
5770	11318	0.00462147
11317	11318	0.00462147
2639	11319	0.00461672
11318	11319	0.00461672
11319	11320	0.00461199
3223	11320	0.00461199
5783	11321	0.00459766
576	11321	0.00459766
11320	11321	0.00459766
2762	11322	0.00458996
11321	11322	0.00458996
1115	11323	0.00458524
11322	11323	0.00458524
11323	11324	0.00457856
6217	11324	0.00457856
3823	11325	0.00457379
11324	11325	0.00457379
11325	11326	0.00457101
3733	11326	0.00457101
11326	11327	0.0045557
668	11327	0.0045557
4219	11328	0.00454904
11327	11328	0.00454904
8768	11329	0.00454521
11328	11329	0.00454521
805	11330	0.00454235
11329	11330	0.00454235
781	11331	0.00553613
3040	11331	0.00553613
2204	11332	0.00500295
1677	11332	0.00500295
3535	11333	0.00430777
26	11333	0.00430777
4427	11334	0.00452805
11330	11334	0.00452805
11334	11335	0.00452327
11146	11335	0.00452327
3523	11336	0.00450516
11335	11336	0.00450516
6130	11337	0.00450233
11336	11337	0.00450233
11337	11338	0.00449851
4039	11338	0.00449851
11338	11339	0.00449375
250	11339	0.00449375
618	11340	0.00448796
11339	11340	0.00448796
11340	11341	0.00447655
2828	11341	0.00447655
8982	11342	0.00445555
11341	11342	0.00445555
11342	11343	0.00445175
6201	11343	0.00445175
5068	11344	0.00441651
11343	11344	0.00441651
2688	11345	0.00440789
11344	11345	0.00440789
1026	11346	0.004405
4500	11346	0.004405
4741	11346	0.004405
11345	11346	0.004405
11346	11347	0.0044022
5696	11347	0.0044022
11332	11347	0.0044022
11347	11348	0.0043964
702	11348	0.0043964
1072	11349	0.00438884
11348	11349	0.00438884
11349	11350	0.00438798
3169	11350	0.00438798
5473	11351	0.00438401
11350	11351	0.00438401
11351	11352	0.00437637
934	11352	0.00437637
11352	11353	0.00434209
2133	11353	0.00434209
2728	11354	0.00432773
11353	11354	0.00432773
3559	11355	0.00432496
11354	11355	0.00432496
8835	11356	0.00431727
11355	11356	0.00431727
8871	11357	0.00430966
1021	11357	0.00430966
11356	11357	0.00430966
4425	11358	0.00430391
11357	11358	0.00430391
8811	11359	0.00430008
11358	11359	0.00430008
9010	11360	0.00429621
11359	11360	0.00429621
11360	11361	0.00428868
5444	11361	0.00428868
6255	11361	0.00428868
11361	11362	0.00427627
3103	11362	0.00427627
11362	11363	0.00426292
2197	11363	0.00426292
11363	11364	0.00426102
4708	11364	0.00426102
11364	11365	0.0042343
318	11365	0.0042343
4095	11366	0.0042334
11365	11366	0.0042334
5095	11367	0.00423243
11333	11367	0.00423243
11366	11367	0.00423243
3240	11368	0.00422764
3575	11368	0.00422764
11367	11368	0.00422764
11368	11369	0.00422576
1460	11369	0.00422576
1434	11370	0.00422285
11369	11370	0.00422285
11370	11371	0.00421245
1614	11371	0.00421245
11371	11372	0.0042038
1451	11372	0.0042038
20	11373	0.00420284
11372	11373	0.00420284
2618	11373	0.00420284
11373	11374	0.0041856
2888	11374	0.0041856
11374	11375	0.00416471
2022	11375	0.00416471
8975	11376	0.00415799
11375	11376	0.00415799
11376	11377	0.00413894
6172	11377	0.00413894
2514	11378	0.00413608
11377	11378	0.00413608
11378	11379	0.00413321
5991	11379	0.00413321
11379	11380	0.00412459
5027	11380	0.00412459
4368	11381	0.0041227
11380	11381	0.0041227
11381	11382	0.00411886
8944	11382	0.00411886
2040	11383	0.00411795
11382	11383	0.00411795
2652	11384	0.00411509
11383	11384	0.00411509
5641	11385	0.00411413
11384	11385	0.00411413
151	11386	0.00411042
11385	11386	0.00411042
526	11387	0.00415039
6113	11387	0.00415039
11331	11388	0.00421046
3197	11388	0.00421046
4456	11389	0.0041523
4871	11389	0.0041523
410	11390	0.00410841
1202	11390	0.00410841
11386	11391	0.00410652
1282	11391	0.00410652
6330	11392	0.00410365
3229	11392	0.00410365
11391	11392	0.00410365
948	11393	0.00410267
11392	11393	0.00410267
11393	11394	0.00409889
11148	11394	0.00409889
2095	11394	0.00409889
2731	11395	0.00409698
11394	11395	0.00409698
1992	11396	0.00409219
11395	11396	0.00409219
11396	11397	0.00408843
3256	11397	0.00408843
11153	11398	0.00408649
11397	11398	0.00408649
11398	11399	0.00408551
3344	11399	0.00408551
11387	11399	0.00408551
11399	11400	0.00408265
1985	11400	0.00408265
11149	11400	0.00408265
11400	11401	0.00408165
686	11401	0.00408165
1411	11401	0.00408165
1634	11401	0.00408165
11401	11402	0.0040732
4857	11402	0.0040732
3604	11403	0.00407026
4613	11403	0.00407026
11402	11403	0.00407026
4004	11404	0.00405406
11403	11404	0.00405406
1154	11404	0.00405406
9016	11405	0.00405125
11404	11405	0.00405125
836	11406	0.00405031
11405	11406	0.00405031
346	11407	0.00404642
11406	11407	0.00404642
11407	11408	0.00403592
1350	11408	0.00403592
11408	11409	0.00402923
11389	11409	0.00402923
1808	11410	0.00401969
11409	11410	0.00401969
6251	11411	0.00400542
11410	11411	0.00400542
5667	11412	0.00400162
11411	11412	0.00400162
11412	11413	0.0039978
6212	11413	0.0039978
2213	11414	0.00399494
11413	11414	0.00399494
2602	11415	0.00399303
11414	11415	0.00399303
3431	11416	0.00398642
11415	11416	0.00398642
11416	11417	0.00398443
3015	11417	0.00398443
8666	11418	0.00397774
11417	11418	0.00397774
11390	11419	0.00397397
11418	11419	0.00397397
3970	11420	0.00395492
5188	11420	0.00395492
11419	11420	0.00395492
5252	11421	0.00395298
11420	11421	0.00395298
11421	11422	0.00394441
2842	11422	0.00394441
1461	11422	0.00394441
8947	11423	0.0039396
11422	11423	0.0039396
11423	11424	0.00392152
840	11424	0.00392152
2003	11425	0.00391673
11424	11425	0.00391673
2907	11426	0.00390913
11425	11426	0.00390913
4761	11427	0.00385474
11426	11427	0.00385474
11427	11428	0.00385001
1183	11428	0.00385001
3154	11429	0.00384809
11428	11429	0.00384809
3669	11430	0.0038414
11429	11430	0.0038414
5399	11430	0.0038414
11388	11430	0.0038414
148	11431	0.00383566
11430	11431	0.00383566
1300	11432	0.00383281
11431	11432	0.00383281
11151	11433	0.00383188
11432	11433	0.00383188
2210	11434	0.00382898
11433	11434	0.00382898
11434	11435	0.0038233
3208	11435	0.0038233
1764	11436	0.00382237
11435	11436	0.00382237
6161	11437	0.00381561
11436	11437	0.00381561
2016	11438	0.00381281
3979	11438	0.00381281
11437	11438	0.00381281
5228	11439	0.00381187
5825	11439	0.00381187
5918	11439	0.00381187
11438	11439	0.00381187
4401	11440	0.00380994
11439	11440	0.00380994
11440	11441	0.00380041
425	11441	0.00380041
11441	11442	0.00379083
2776	11442	0.00379083
3358	11443	0.00378806
11442	11443	0.00378806
4438	11444	0.00378316
11443	11444	0.00378316
2942	11445	0.00377749
11444	11445	0.00377749
11445	11446	0.0037737
707	11446	0.0037737
2217	11447	0.00376507
11446	11447	0.00376507
11152	11448	0.00376315
11447	11448	0.00376315
5388	11449	0.00375175
11448	11449	0.00375175
2347	11450	0.00436881
297	11450	0.00436881
5125	11451	0.00427627
4808	11451	0.00427627
10670	11452	0.0030451
582	11452	0.0030451
2926	11453	0.00323106
8989	11453	0.00323106
5842	11454	0.00156115
63	11454	0.00156115
3965	11455	0.00319958
4984	11455	0.00319958
5636	11456	0.00219441
2535	11456	0.00219441
139	11457	0.00130558
4149	11457	0.00130558
3155	11458	0.00264072
5346	11458	0.00264072
11458	11459	0.00240041
5528	11459	0.00240041
11459	11460	0.0022316
5575	11460	0.0022316
3664	11461	0.00300601
2072	11461	0.00300601
579	11462	0.00358487
2771	11462	0.00358487
11449	11463	0.00373645
1767	11463	0.00373645
4597	11464	0.00373461
11463	11464	0.00373461
5051	11465	0.00371647
11464	11465	0.00371647
129	11466	0.00371168
11465	11466	0.00371168
2372	11467	0.00370599
11466	11467	0.00370599
1389	11468	0.00369835
11467	11468	0.00369835
11468	11469	0.00369074
1152	11469	0.00369074
5564	11470	0.00368502
11469	11470	0.00368502
6206	11471	0.00371839
5890	11471	0.00371839
5103	11472	0.00368212
11470	11472	0.00368212
4378	11473	0.00368115
11472	11473	0.00368115
11473	11474	0.00367355
11471	11474	0.00367355
11474	11475	0.00366878
5568	11475	0.00366878
5912	11476	0.00366783
11475	11476	0.00366783
2923	11477	0.00366591
11476	11477	0.00366591
11477	11478	0.00366109
2881	11478	0.00366109
6229	11478	0.00366109
323	11479	0.00361537
11478	11479	0.00361537
605	11480	0.00360967
11479	11480	0.00360967
11480	11481	0.00360491
4303	11481	0.00360491
11481	11482	0.00359913
4147	11482	0.00359913
2534	11483	0.00359343
11482	11483	0.00359343
2862	11484	0.00358774
11483	11484	0.00358774
6102	11485	0.00358198
8987	11485	0.00358198
11484	11485	0.00358198
11485	11486	0.00357823
697	11486	0.00357823
3033	11487	0.00357531
1878	11487	0.00357531
11486	11487	0.00357531
11487	11488	0.0035696
6242	11488	0.0035696
2758	11489	0.00356672
2215	11489	0.00356672
11488	11489	0.00356672
11450	11489	0.00356672
6026	11490	0.00356495
11489	11490	0.00356495
5769	11491	0.0035448
11490	11491	0.0035448
758	11492	0.00354386
11491	11492	0.00354386
433	11493	0.0035429
11492	11493	0.0035429
11493	11494	0.00354002
199	11494	0.00354002
3764	11494	0.00354002
2935	11495	0.00353806
11494	11495	0.00353806
5718	11496	0.00352852
11495	11496	0.00352852
2691	11497	0.00352669
11496	11497	0.00352669
3131	11498	0.00352289
11497	11498	0.00352289
6144	11499	0.00352096
11498	11499	0.00352096
10674	11500	0.00351528
11499	11500	0.00351528
124	11501	0.00347325
11500	11501	0.00347325
5416	11502	0.00347044
11501	11502	0.00347044
112	11503	0.00345518
11502	11503	0.00345518
2533	11504	0.00343704
11503	11504	0.00343704
4384	11505	0.00341507
11504	11505	0.00341507
3672	11506	0.00340464
11505	11506	0.00340464
3889	11507	0.00340367
11506	11507	0.00340367
4223	11508	0.00340079
1203	11508	0.00340079
11507	11508	0.00340079
834	11509	0.00339033
11508	11509	0.00339033
575	11509	0.00339033
378	11510	0.00338741
11509	11510	0.00338741
4352	11511	0.00338365
11510	11511	0.00338365
5464	11512	0.00338172
11511	11512	0.00338172
2432	11512	0.00338172
11512	11513	0.00337886
5249	11513	0.00337886
1323	11514	0.00337795
11513	11514	0.00337795
4815	11515	0.00337691
11514	11515	0.00337691
8776	11516	0.00337028
11515	11516	0.00337028
8997	11517	0.00336936
11516	11517	0.00336936
6007	11518	0.003356
11517	11518	0.003356
3486	11519	0.00335309
11518	11519	0.00335309
4270	11520	0.00334262
11519	11520	0.00334262
901	11521	0.0033369
1054	11521	0.0033369
11520	11521	0.0033369
4649	11521	0.0033369
11521	11522	0.00333404
5638	11522	0.00333404
11522	11523	0.00332165
4884	11523	0.00332165
8988	11524	0.00330636
11523	11524	0.00330636
1666	11525	0.00330353
11524	11525	0.00330353
11525	11526	0.00329495
2360	11526	0.00329495
11526	11527	0.00327874
2787	11527	0.00327874
3508	11528	0.00327777
11527	11528	0.00327777
86	11529	0.00325019
11528	11529	0.00325019
1589	11529	0.00325019
5944	11530	0.00323965
11529	11530	0.00323965
2322	11531	0.00323869
11530	11531	0.00323869
3405	11532	0.00323582
11531	11532	0.00323582
10681	11533	0.00322628
11532	11533	0.00322628
8968	11534	0.00322057
11533	11534	0.00322057
4520	11535	0.00321102
11534	11535	0.00321102
11535	11536	0.00320911
3917	11536	0.00320911
578	11537	0.00320339
11536	11537	0.00320339
1887	11538	0.00319769
11537	11538	0.00319769
2405	11539	0.00318527
11538	11539	0.00318527
10658	11540	0.00317858
11539	11540	0.00317858
5320	11541	0.00317576
11540	11541	0.00317576
6285	11542	0.00316808
11541	11542	0.00316808
10677	11543	0.00316619
11542	11543	0.00316619
11543	11544	0.00315194
3806	11544	0.00315194
2460	11545	0.00312999
11544	11545	0.00312999
1187	11545	0.00312999
11545	11546	0.00312425
2333	11546	0.00312425
11546	11547	0.00312234
2199	11547	0.00312234
982	11548	0.00312043
11547	11548	0.00312043
5152	11549	0.00311179
11548	11549	0.00311179
3481	11550	0.00308706
11549	11550	0.00308706
5022	11551	0.00308321
3128	11551	0.00308321
11550	11551	0.00308321
8961	11552	0.00307942
11551	11552	0.00307942
11552	11553	0.00306987
1853	11553	0.00306987
252	11554	0.00306794
11553	11554	0.00306794
10683	11555	0.0030651
11554	11555	0.0030651
5244	11556	0.00304891
11555	11556	0.00304891
2150	11557	0.0030279
11556	11557	0.0030279
50	11558	0.00302695
11557	11558	0.00302695
4589	11559	0.00302024
11558	11559	0.00302024
1308	11560	0.00301738
11559	11560	0.00301738
4003	11561	0.00300601
11560	11561	0.00300601
3017	11562	0.00299453
11561	11562	0.00299453
10672	11563	0.00297837
11562	11563	0.00297837
6196	11564	0.0029745
11563	11564	0.0029745
5017	11565	0.00297261
11564	11565	0.00297261
3650	11566	0.00297164
11565	11566	0.00297164
2041	11567	0.00296784
11566	11567	0.00296784
1630	11568	0.00296594
11567	11568	0.00296594
155	11569	0.00295924
2826	11569	0.00295924
11568	11569	0.00295924
10679	11570	0.00295737
11569	11570	0.00295737
11570	11571	0.00295066
4130	11571	0.00295066
573	11571	0.00295066
10680	11572	0.00293923
11571	11572	0.00293923
2348	11573	0.0029383
11572	11573	0.0029383
11573	11574	0.00293732
2902	11574	0.00293732
4125	11575	0.00293541
11574	11575	0.00293541
267	11576	0.0029297
11575	11576	0.0029297
6254	11577	0.00292779
4484	11577	0.00292779
6035	11577	0.00292779
11576	11577	0.00292779
10687	11578	0.00292683
11577	11578	0.00292683
5450	11579	0.00292492
11578	11579	0.00292492
4404	11580	0.00291445
11579	11580	0.00291445
4547	11581	0.00290107
11580	11581	0.00290107
2526	11582	0.00289917
11581	11582	0.00289917
5212	11583	0.0028982
11582	11583	0.0028982
2290	11584	0.00288964
11583	11584	0.00288964
5001	11585	0.00288583
11584	11585	0.00288583
11585	11586	0.0028782
4280	11586	0.0028782
4999	11587	0.00287434
11586	11587	0.00287434
3697	11588	0.00286867
11587	11588	0.00286867
11588	11589	0.00286292
11451	11589	0.00286292
4933	11590	0.00286196
11589	11590	0.00286196
4771	11591	0.00285245
11590	11591	0.00285245
11591	11592	0.00284674
4992	11592	0.00284674
5385	11592	0.00284674
5734	11593	0.00283621
11592	11593	0.00283621
731	11594	0.0028343
11593	11594	0.0028343
1815	11595	0.00283335
11594	11595	0.00283335
8981	11596	0.00282192
11595	11596	0.00282192
4701	11597	0.00280952
11596	11597	0.00280952
6183	11598	0.00279619
11597	11598	0.00279619
4574	11599	0.0027914
11598	11599	0.0027914
3668	11600	0.00279043
5390	11600	0.00279043
11599	11600	0.00279043
11600	11601	0.00278474
4063	11601	0.00278474
60	11602	0.00277996
11601	11602	0.00277996
1215	11603	0.00277709
11602	11603	0.00277709
690	11604	0.00277425
11603	11604	0.00277425
1453	11605	0.00276563
8446	11605	0.00276563
11604	11605	0.00276563
5813	11606	0.00276376
11605	11606	0.00276376
3545	11607	0.00276278
11606	11607	0.00276278
2646	11608	0.00276185
11607	11608	0.00276185
3871	11609	0.00275898
11608	11609	0.00275898
1068	11610	0.00275424
2913	11610	0.00275424
3541	11610	0.00275424
11609	11610	0.00275424
4553	11611	0.00275231
11610	11611	0.00275231
3145	11612	0.00274184
11611	11612	0.00274184
5836	11613	0.00273703
11612	11613	0.00273703
3809	11614	0.00272941
3090	11614	0.00272941
11613	11614	0.00272941
4683	11615	0.00272466
11614	11615	0.00272466
115	11616	0.00272368
11615	11616	0.00272368
2515	11617	0.00272085
11616	11617	0.00272085
6176	11618	0.00271035
8956	11618	0.00271035
11617	11618	0.00271035
5498	11619	0.00270748
11618	11619	0.00270748
6135	11620	0.00270368
11619	11620	0.00270368
1534	11621	0.00269602
11620	11621	0.00269602
980	11622	0.00269507
11621	11622	0.00269507
5243	11623	0.00269319
11622	11623	0.00269319
4272	11624	0.00269223
11623	11624	0.00269223
448	11625	0.00268461
11624	11625	0.00268461
5854	11626	0.00267314
11625	11626	0.00267314
3173	11627	0.00266744
11626	11627	0.00266744
1336	11628	0.00266552
11627	11628	0.00266552
775	11629	0.0026522
11628	11629	0.0026522
10686	11630	0.00264834
1376	11630	0.00264834
3134	11630	0.00264834
11629	11630	0.00264834
3876	11631	0.00264359
11630	11631	0.00264359
75	11632	0.0026312
11631	11632	0.0026312
55	11633	0.00263023
11632	11633	0.00263023
5239	11634	0.00262643
11633	11634	0.00262643
5523	11635	0.00259973
11634	11635	0.00259973
2995	11636	0.00259492
11635	11636	0.00259492
3937	11637	0.00259397
11636	11637	0.00259397
968	11638	0.0025873
11637	11638	0.0025873
11638	11639	0.0025807
2119	11639	0.0025807
6262	11640	0.00257968
11639	11640	0.00257968
720	11641	0.00256155
11640	11641	0.00256155
72	11642	0.00255298
11641	11642	0.00255298
6478	11643	0.00254344
11642	11643	0.00254344
5818	11644	0.00252725
11643	11644	0.00252725
4342	11645	0.0025072
11644	11645	0.0025072
2327	11646	0.00250625
11645	11646	0.00250625
8789	11647	0.00249575
11646	11647	0.00249575
4242	11648	0.00246811
11647	11648	0.00246811
2655	11649	0.00245665
11648	11649	0.00245665
2870	11650	0.0024538
11649	11650	0.0024538
8938	11651	0.00244614
11650	11651	0.00244614
10685	11652	0.00242997
11651	11652	0.00242997
3300	11653	0.00242329
11652	11653	0.00242329
5161	11654	0.00242233
11653	11654	0.00242233
4318	11655	0.00241089
11654	11655	0.00241089
1477	11656	0.00240423
11655	11656	0.00240423
5761	11657	0.00240229
11656	11657	0.00240229
5930	11658	0.00238038
11657	11658	0.00238038
5171	11659	0.00237942
11658	11659	0.00237942
2078	11660	0.00237656
11659	11660	0.00237656
2577	11661	0.00236893
11660	11661	0.00236893
3363	11662	0.00236035
11661	11662	0.00236035
3645	11663	0.00235559
11662	11663	0.00235559
3955	11664	0.0023136
11663	11664	0.0023136
4718	11665	0.00230502
11664	11665	0.00230502
4243	11666	0.00230122
11665	11666	0.00230122
5712	11667	0.00229264
11666	11667	0.00229264
4287	11668	0.00227928
11667	11668	0.00227928
8934	11669	0.0022726
11668	11669	0.0022726
2727	11670	0.00226307
11669	11670	0.00226307
5721	11671	0.00223637
11670	11671	0.00223637
5204	11672	0.0022316
11671	11672	0.0022316
2584	11673	0.00223065
11672	11673	0.00223065
11460	11674	0.00215435
5686	11674	0.00215435
6076	11675	0.00222588
11673	11675	0.00222588
8918	11676	0.00222304
11675	11676	0.00222304
3565	11677	0.00221634
11676	11677	0.00221634
5100	11678	0.00221251
11677	11678	0.00221251
2484	11679	0.00221156
11678	11679	0.00221156
5577	11680	0.00220299
11679	11680	0.00220299
4331	11681	0.00219728
11680	11681	0.00219728
4712	11682	0.00218201
11681	11682	0.00218201
4746	11683	0.00217915
11682	11683	0.00217915
3796	11684	0.00216484
11683	11684	0.00216484
3813	11685	0.00216293
11684	11685	0.00216293
5392	11686	0.00215718
11461	11686	0.00215718
3673	11687	0.00216198
4782	11687	0.00216198
11685	11687	0.00216198
2883	11688	0.00215625
11687	11688	0.00215625
3901	11689	0.00214958
11688	11689	0.00214958
5692	11690	0.00214672
11689	11690	0.00214672
3706	11691	0.00214195
11690	11691	0.00214195
2075	11692	0.0021286
4144	11692	0.0021286
1605	11693	0.0021372
11691	11693	0.0021372
11692	11694	0.00212479
11693	11694	0.00212479
2033	11694	0.00212479
952	11695	0.00211619
11694	11695	0.00211619
11686	11696	0.00210953
11695	11696	0.00210953
1804	11697	0.00210381
11696	11697	0.00210381
5107	11698	0.00210285
11697	11698	0.00210285
5819	11699	0.00209335
11698	11699	0.00209335
3248	11700	0.00208092
11699	11700	0.00208092
740	11701	0.00207329
11700	11701	0.00207329
11674	11702	0.0020714
3067	11702	0.0020714
4882	11702	0.0020714
5657	11702	0.0020714
6142	11702	0.0020714
3679	11702	0.0020714
6103	11702	0.0020714
11701	11702	0.0020714
2886	11703	0.00203991
11702	11703	0.00203991
4464	11704	0.00203515
11703	11704	0.00203515
11704	11705	0.00203419
2325	11705	0.00203419
10684	11706	0.00202559
10688	11706	0.00202559
11705	11706	0.00202559
4446	11707	0.00201989
11706	11707	0.00201989
3157	11708	0.00201798
11707	11708	0.00201798
4170	11709	0.00200463
4980	11709	0.00200463
11708	11709	0.00200463
3383	11710	0.00200367
11709	11710	0.00200367
2530	11711	0.00200176
11710	11711	0.00200176
2411	11712	0.00199984
11711	11712	0.00199984
5405	11713	0.00199698
11712	11713	0.00199698
8554	11714	0.00199032
11713	11714	0.00199032
5034	11715	0.00198746
11714	11715	0.00198746
4102	11716	0.00198269
11715	11716	0.00198269
2890	11717	0.00194167
11716	11717	0.00194167
2910	11718	0.00193881
11717	11718	0.00193881
8940	11719	0.00193692
11718	11719	0.00193692
11719	11720	0.00192356
4883	11720	0.00192356
5109	11720	0.00192356
6098	11720	0.00192356
3748	11720	0.00192356
2880	11720	0.00192356
6053	11721	0.00191689
11720	11721	0.00191689
1888	11722	0.00189114
11721	11722	0.00189114
1883	11723	0.00188542
11722	11723	0.00188542
3771	11724	0.00188256
11723	11724	0.00188256
1286	11725	0.00187779
11724	11725	0.00187779
6020	11726	0.00187494
11725	11726	0.00187494
357	11727	0.00186729
11726	11727	0.00186729
2101	11728	0.00186347
11727	11728	0.00186347
577	11729	0.00185776
11728	11729	0.00185776
2892	11730	0.001853
11729	11730	0.001853
11730	11731	0.00183774
2170	11731	0.00183774
4053	11732	0.00183676
11731	11732	0.00183676
5958	11733	0.00183012
11732	11733	0.00183012
9003	11734	0.00182914
3338	11734	0.00182914
11733	11734	0.00182914
3826	11735	0.00182342
11734	11735	0.00182342
5910	11736	0.00181579
839	11736	0.00181579
11735	11736	0.00181579
11736	11737	0.00180723
2330	11737	0.00180723
10673	11738	0.00178528
11737	11738	0.00178528
3041	11739	0.00178337
11738	11739	0.00178337
2829	11740	0.00177097
772	11740	0.00177097
11739	11740	0.00177097
2218	11741	0.00176144
11740	11741	0.00176144
2930	11742	0.00175953
11741	11742	0.00175953
4776	11743	0.00175858
11742	11743	0.00175858
6025	11744	0.00175571
11743	11744	0.00175571
1874	11745	0.0017538
4898	11745	0.0017538
11744	11745	0.0017538
1132	11746	0.00174045
11745	11746	0.00174045
376	11747	0.00173378
3196	11747	0.00173378
11746	11747	0.00173378
4655	11748	0.00173187
11747	11748	0.00173187
4426	11749	0.00172902
11748	11749	0.00172902
5997	11750	0.00172329
11749	11750	0.00172329
11750	11751	0.00172138
3114	11751	0.00172138
3862	11752	0.00171852
11751	11752	0.00171852
2024	11753	0.00170899
11752	11753	0.00170899
6243	11754	0.00170707
11753	11754	0.00170707
11754	11755	0.00169277
4964	11755	0.00169277
202	11756	0.00169182
11755	11756	0.00169182
4107	11757	0.001688
11756	11757	0.001688
11757	11758	0.00167751
4653	11758	0.00167751
684	11759	0.00166989
11758	11759	0.00166989
8949	11760	0.00166893
11759	11760	0.00166893
6080	11761	0.00166511
11760	11761	0.00166511
8737	11762	0.00166035
11761	11762	0.00166035
11762	11763	0.00165653
5582	11763	0.00165653
11763	11764	0.00164032
5804	11764	0.00164032
11764	11765	0.00163841
5149	11765	0.00163841
13	11766	0.00163746
11765	11766	0.00163746
5556	11766	0.00163746
6002	11766	0.00163746
366	11767	0.00162697
11766	11767	0.00162697
4920	11768	0.00162411
11767	11768	0.00162411
11768	11769	0.00162315
5437	11769	0.00162315
11769	11770	0.00161647
1829	11770	0.00161647
2245	11770	0.00161647
2272	11770	0.00161647
3705	11770	0.00161647
3743	11770	0.00161647
3772	11770	0.00161647
4237	11770	0.00161647
4540	11770	0.00161647
4580	11770	0.00161647
4896	11770	0.00161647
4900	11770	0.00161647
4913	11770	0.00161647
4926	11770	0.00161647
5028	11770	0.00161647
5163	11770	0.00161647
5240	11770	0.00161647
5278	11770	0.00161647
5314	11770	0.00161647
5424	11770	0.00161647
5428	11770	0.00161647
5497	11770	0.00161647
5509	11770	0.00161647
5574	11770	0.00161647
5580	11770	0.00161647
5581	11770	0.00161647
5598	11770	0.00161647
8946	11770	0.00161647
5602	11770	0.00161647
5648	11770	0.00161647
5663	11770	0.00161647
5670	11770	0.00161647
5675	11770	0.00161647
5679	11770	0.00161647
5682	11770	0.00161647
5923	11770	0.00161647
5925	11770	0.00161647
6136	11770	0.00161647
6138	11770	0.00161647
6225	11770	0.00161647
2261	11770	0.00161647
2783	11771	0.00161265
11770	11771	0.00161265
5137	11772	0.00159836
11771	11772	0.00159836
5624	11773	0.00159454
11772	11773	0.00159454
1413	11774	0.00159168
11773	11774	0.00159168
3460	11775	0.00157644
11774	11775	0.00157644
5753	11776	0.00156784
11775	11776	0.00156784
2138	11777	0.00156307
11776	11777	0.00156307
906	11778	0.00156211
11777	11778	0.00156211
973	11779	0.00155831
11778	11779	0.00155831
233	11780	0.00155354
11779	11780	0.00155354
5044	11781	0.00155162
11780	11781	0.00155162
2376	11782	0.00154781
4296	11782	0.00154781
11781	11782	0.00154781
5150	11783	0.00154496
11782	11783	0.00154496
3327	11784	0.00154304
11783	11784	0.00154304
307	11785	0.00152493
11784	11785	0.00152493
5358	11786	0.00152302
11785	11786	0.00152302
2046	11787	0.00152111
11786	11787	0.00152111
5716	11788	0.00151157
11787	11788	0.00151157
4939	11789	0.00150681
11788	11789	0.00150681
5976	11790	0.00147916
11789	11790	0.00147916
4572	11791	0.00146293
4945	11791	0.00146293
11790	11791	0.00146293
1400	11792	0.00145913
11791	11792	0.00145913
2849	11793	0.00143529
11792	11793	0.00143529
10682	11794	0.00142669
11793	11794	0.00142669
3779	11795	0.00142479
11794	11795	0.00142479
5999	11796	0.00142383
11462	11796	0.00142383
11795	11796	0.00142383
1625	11797	0.00141621
11796	11797	0.00141621
5929	11798	0.00141144
11797	11798	0.00141144
644	11799	0.00140953
11798	11799	0.00140953
1201	11800	0.00140762
11799	11800	0.00140762
1208	11801	0.00139999
11800	11801	0.00139999
5434	11802	0.00139904
11801	11802	0.00139904
5848	11803	0.00138951
11802	11803	0.00138951
3691	11804	0.00138188
11803	11804	0.00138188
5313	11805	0.00135517
11804	11805	0.00135517
4229	11806	0.00134182
11805	11806	0.00134182
5554	11807	0.00133133
11806	11807	0.00133133
4889	11808	0.00132751
11807	11808	0.00132751
5619	11809	0.00132561
11808	11809	0.00132561
98	11810	0.0013218
11809	11810	0.0013218
824	11811	0.00131798
11810	11811	0.00131798
4639	11812	0.00129509
11811	11812	0.00129509
5832	11813	0.000907901
5805	11813	0.000907901
4282	11814	0.000873567
5824	11814	0.000873567
2403	11815	0.000864032
2483	11815	0.000864032
11455	11816	0.00127602
11812	11816	0.00127602
5643	11817	0.00126648
11816	11817	0.00126648
4695	11818	0.00126361
11817	11818	0.00126361
1449	11819	0.00125503
11818	11819	0.00125503
1058	11820	0.00124931
11819	11820	0.00124931
2323	11821	0.00124836
11820	11821	0.00124836
2349	11822	0.00124074
11821	11822	0.00124074
8985	11823	0.00122833
11822	11823	0.00122833
8998	11824	0.00122452
8965	11824	0.00122452
11823	11824	0.00122452
5308	11825	0.00121117
11824	11825	0.00121117
5494	11826	0.00119114
11825	11826	0.00119114
5427	11827	0.00117302
11826	11827	0.00117302
566	11828	0.00116826
11827	11828	0.00116826
11452	11829	0.00115967
2559	11829	0.00115967
11828	11829	0.00115967
5254	11830	0.00115871
11829	11830	0.00115871
2617	11831	0.00114346
11830	11831	0.00114346
5253	11832	0.00113678
11831	11832	0.00113678
304	11833	0.00111198
11832	11833	0.00111198
4267	11834	0.0011053
11833	11834	0.0011053
5435	11835	0.00109768
11834	11835	0.00109768
6173	11836	0.00108814
216	11836	0.00108814
11835	11836	0.00108814
909	11837	0.00108433
11836	11837	0.00108433
3674	11838	0.00107193
11837	11838	0.00107193
5234	11839	0.0010643
11838	11839	0.0010643
1524	11840	0.00106144
11839	11840	0.00106144
4781	11841	0.00105762
11840	11841	0.00105762
4341	11842	0.00105667
11841	11842	0.00105667
1956	11843	0.00105572
11842	11843	0.00105572
11456	11844	0.00105476
11843	11844	0.00105476
217	11845	0.0010519
11844	11845	0.0010519
2672	11846	0.00105095
2587	11846	0.00105095
11845	11846	0.00105095
4521	11847	0.00104904
5835	11847	0.00104904
11846	11847	0.00104904
4986	11848	0.00104523
11847	11848	0.00104523
4118	11849	0.00103855
11848	11849	0.00103855
4226	11850	0.00103188
11849	11850	0.00103188
11457	11851	0.00101948
11850	11851	0.00101948
1325	11852	0.00101375
11851	11852	0.00101375
5799	11853	0.00100231
11852	11853	0.00100231
6111	11854	0.000999449
11853	11854	0.000999449
4202	11855	0.000989917
11854	11855	0.000989917
3433	11856	0.00098133
11855	11856	0.00098133
3671	11857	0.000979424
11856	11857	0.000979424
249	11858	0.000978471
11857	11858	0.000978471
3140	11859	0.00096798
5879	11859	0.00096798
11858	11859	0.00096798
8959	11860	0.000956536
11859	11860	0.000956536
8925	11861	0.000954628
11860	11861	0.000954628
6464	11862	0.000950814
11861	11862	0.000950814
58	11863	0.000949859
11862	11863	0.000949859
4614	11864	0.00094509
11863	11864	0.00094509
5180	11865	0.000941278
11864	11865	0.000941278
3450	11866	0.000940323
5933	11866	0.000940323
11865	11866	0.000940323
4260	11867	0.00087547
4943	11867	0.00087547
8899	11868	0.000932702
11866	11868	0.000932702
4472	11869	0.000931741
11868	11869	0.000931741
5503	11870	0.000910761
11869	11870	0.000910761
2285	11871	0.000905992
11870	11871	0.000905992
3202	11872	0.000897404
11871	11872	0.000897404
2128	11873	0.000892643
11872	11873	0.000892643
9008	11874	0.000878332
11873	11874	0.000878332
4132	11875	0.00087547
11874	11875	0.00087547
4795	11876	0.000867843
11875	11876	0.000867843
4651	11877	0.000864984
11876	11877	0.000864984
370	11878	0.000860215
11877	11878	0.000860215
2690	11879	0.000831605
11878	11879	0.000831605
5373	11880	0.000827788
11879	11880	0.000827788
11867	11881	0.000820161
11880	11881	0.000820161
4543	11882	0.000804904
4364	11882	0.000804904
11881	11882	0.000804904
2670	11883	0.000801086
4550	11883	0.000801086
11882	11883	0.000801086
11813	11884	0.000666619
3474	11884	0.000666619
286	11885	0.000780105
11883	11885	0.000780105
11453	11886	0.000779152
11885	11886	0.000779152
4190	11887	0.000776291
11886	11887	0.000776291
240	11888	0.000767707
11887	11888	0.000767707
1335	11889	0.000763894
11888	11889	0.000763894
1330	11890	0.00076294
11889	11890	0.00076294
958	11891	0.000759123
11890	11891	0.000759123
5630	11892	0.000758172
11891	11892	0.000758172
1899	11893	0.00075245
11892	11893	0.00075245
8796	11894	0.000748635
11893	11894	0.000748635
3171	11895	0.000741958
11894	11895	0.000741958
3220	11896	0.000741004
11895	11896	0.000741004
3631	11897	0.0007267
5727	11897	0.0007267
11896	11897	0.0007267
4340	11898	0.000724792
11897	11898	0.000724792
2987	11899	0.000712394
11898	11899	0.000712394
5827	11900	0.000710488
11899	11900	0.000710488
4104	11901	0.000709534
11900	11901	0.000709534
11815	11902	0.00070572
331	11902	0.00070572
11901	11902	0.00070572
4234	11903	0.00070381
11902	11903	0.00070381
10678	11904	0.000697136
11903	11904	0.000697136
11454	11905	0.000694274
11904	11905	0.000694274
5395	11906	0.00069332
11905	11906	0.00069332
8892	11907	0.000692365
11906	11907	0.000692365
4813	11908	0.000687599
11907	11908	0.000687599
3738	11909	0.000686645
11908	11909	0.000686645
11814	11910	0.000685691
3314	11910	0.000685691
3980	11910	0.000685691
11909	11910	0.000685691
4638	11911	0.000682831
11910	11911	0.000682831
6000	11912	0.000674248
11911	11912	0.000674248
2837	11913	0.000659943
11912	11913	0.000659943
5892	11914	0.000657081
11913	11914	0.000657081
6112	11915	0.000652313
11914	11915	0.000652313
5422	11916	0.000647545
11915	11916	0.000647545
231	11917	0.000638007
11916	11917	0.000638007
2586	11918	0.0006361
11917	11918	0.0006361
3622	11919	0.000630378
11918	11919	0.000630378
1763	11920	0.000623703
11919	11920	0.000623703
9005	11921	0.000620841
11920	11921	0.000620841
8825	11922	0.000611306
11921	11922	0.000611306
513	11923	0.000609398
11922	11923	0.000609398
6170	11924	0.000605583
11923	11924	0.000605583
48	11925	0.00060463
11924	11925	0.00060463
4617	11926	0.000596046
11925	11926	0.000596046
5860	11927	0.000573158
11926	11927	0.000573158
4096	11928	0.000570297
11927	11928	0.000570297
8551	11929	0.000560761
11928	11929	0.000560761
3178	11930	0.000552177
11929	11930	0.000552177
2496	11931	0.000549316
11930	11931	0.000549316
3822	11932	0.000543594
11931	11932	0.000543594
3347	11933	0.000541688
11932	11933	0.000541688
11884	11934	0.000540733
6123	11934	0.000540733
11933	11934	0.000540733
1650	11935	0.000538826
11934	11935	0.000538826
10671	11936	0.000505447
11935	11936	0.000505447
3992	11937	0.000495911
11936	11937	0.000495911
4018	11938	0.000489236
11937	11938	0.000489236
3403	11939	0.00048256
11938	11939	0.00048256
601	11940	0.000480652
11939	11940	0.000480652
711	11941	0.000473976
11940	11941	0.000473976
5569	11942	0.000464439
11941	11942	0.000464439
937	11943	0.00045681
11942	11943	0.00045681
5847	11944	0.000453949
11943	11944	0.000453949
3153	11945	0.000447273
11944	11945	0.000447273
3504	11946	0.000430107
11945	11946	0.000430107
492	11947	0.000426292
11946	11947	0.000426292
962	11948	0.000419617
11947	11948	0.000419617
4888	11949	0.000389099
11948	11949	0.000389099
4462	11950	0.000380516
11949	11950	0.000380516
309	11951	0.000372886
11950	11951	0.000372886
3513	11952	0.000371933
11951	11952	0.000371933
10689	11953	0.000368118
11952	11953	0.000368118
5396	11954	0.000358581
11953	11954	0.000358581
73	11955	0.000356674
11954	11955	0.000356674
1932	11956	0.000355721
11955	11956	0.000355721
3005	11957	0.000322342
11956	11957	0.000322342
4509	11958	0.000303268
11957	11958	0.000303268
1221	11959	0.000297546
11958	11959	0.000297546
5282	11960	0.000278473
11959	11960	0.000278473
3110	11961	0.000275612
11960	11961	0.000275612
4174	11962	0.00023365
11961	11962	0.00023365
3578	11963	0.00022316
11962	11963	0.00022316
6093	11964	0.000217438
11963	11964	0.000217438
5040	11965	0.000197411
11964	11965	0.000197411
5112	11966	0.000189781
11965	11966	0.000189781
3439	11967	0.000173569
11966	11967	0.000173569
5374	11968	0.000134468
11967	11968	0.000134468
8958	11969	6.67572e-05
11968	11969	6.67572e-05
5048	11970	3.14713e-05
11969	11970	3.14713e-05