1785	6263	0.326765
5316	6263	0.326765
6263	6264	0.300049
2732	6264	0.300049
2393	6265	0.0242684
1448	6265	0.0242684
5371	6266	0.0290784
1626	6266	0.0290784
3741	6267	0.48172
2830	6267	0.48172
5129	6268	0.0491131
4400	6268	0.0491131
6268	6269	0.0382474
6191	6269	0.0382474
3726	6270	0.0266598
359	6270	0.0266598
6267	6271	0.0320967
6269	6271	0.0320967
3179	6272	0.0317107
358	6272	0.0317107
3877	6273	0.0261981
6271	6273	0.0261981
6273	6274	0.0240492
6272	6274	0.0240492
6270	6275	0.0236708
5343	6275	0.0236708
6274	6275	0.0236708
271	6276	0.0260381
4673	6276	0.0260381
2908	6277	0.175857
6234	6277	0.175857
6277	6278	0.0559034
4441	6278	0.0559034
3898	6279	0.0530362
6278	6279	0.0530362
3318	6280	0.0643844
6051	6280	0.0643844
5319	6281	0.0562152
1261	6281	0.0562152
5330	6282	0.0546657
6281	6282	0.0546657
6280	6283	0.039845
5102	6283	0.039845
6282	6284	0.0397809
6283	6284	0.0397809
809	6285	0.253623
1126	6285	0.253623
6285	6286	0.192679
1363	6286	0.192679
1731	6287	0.0796576
1622	6287	0.0796576
4645	6288	0.0699173
6287	6288	0.0699173
3283	6289	0.0578103
4628	6289	0.0578103
2794	6290	0.052337
6289	6290	0.052337
3076	6291	0.0319831
140	6291	0.0319831
1288	6292	0.0984173
4843	6292	0.0984173
2816	6293	0.163665
1564	6293	0.163665
6293	6294	0.156808
4591	6294	0.156808
6294	6295	0.134621
3830	6295	0.134621
6295	6296	0.12613
5114	6296	0.12613
6296	6297	0.0426546
1860	6297	0.0426546
2307	6298	0.0581807
4017	6298	0.0581807
158	6299	0.0482041
6298	6299	0.0482041
6292	6300	0.0353786
6299	6300	0.0353786
6297	6301	0.0351057
6300	6301	0.0351057
6301	6302	0.0242563
6121	6302	0.0242563
6302	6303	0.0215798
4281	6303	0.0215798
1840	6304	0.100188
2254	6304	0.100188
4197	6305	0.024031
6304	6305	0.024031
3835	6306	0.3159
108	6306	0.3159
6306	6307	0.087591
3052	6307	0.087591
3788	6308	0.0760654
6307	6308	0.0760654
756	6309	0.156742
4008	6309	0.156742
1651	6310	0.0508077
936	6310	0.0508077
2641	6311	0.0485076
6310	6311	0.0485076
6311	6312	0.0426351
2965	6312	0.0426351
1586	6313	0.805075
4596	6313	0.805075
5940	6314	0.100149
856	6314	0.100149
5934	6315	0.0790897
2399	6315	0.0790897
4286	6316	0.0384259
4765	6316	0.0384259
6315	6317	0.0346676
6316	6317	0.0346676
6317	6318	0.0224192
5053	6318	0.0224192
369	6319	0.0668162
4183	6319	0.0668162
3985	6320	0.380452
1870	6320	0.380452
2454	6321	0.139278
5755	6321	0.139278
6321	6322	0.12182
2375	6322	0.12182
6322	6323	0.115204
2904	6323	0.115204
1499	6324	0.0977623
6323	6324	0.0977623
6324	6325	0.0900706
3185	6325	0.0900706
3415	6326	0.0837513
3022	6326	0.0837513
361	6327	0.0715515
6326	6327	0.0715515
3855	6328	0.088418
6325	6328	0.088418
6328	6329	0.0840908
3785	6329	0.0840908
6327	6330	0.0646119
6329	6330	0.0646119
6330	6331	0.0565403
1370	6331	0.0565403
6331	6332	0.0288937
1561	6332	0.0288937
5690	6333	0.201135
2353	6333	0.201135
5915	6334	0.0372054
6333	6334	0.0372054
6075	6335	0.451058
1178	6335	0.451058
2179	6336	0.357236
4112	6336	0.357236
6336	6337	0.0800752
4675	6337	0.0800752
673	6338	0.0714544
1949	6338	0.0714544
6338	6339	0.0703527
6104	6339	0.0703527
6339	6340	0.0623691
3393	6340	0.0623691
1089	6341	0.0569221
6340	6341	0.0569221
6341	6342	0.0426205
818	6342	0.0426205
6342	6343	0.0418984
159	6343	0.0418984
6343	6344	0.03421
2117	6344	0.03421
3853	6345	0.0422048
4032	6345	0.0422048
685	6346	0.867657
3632	6346	0.867657
5335	6347	0.104084
5009	6347	0.104084
4035	6348	0.0799452
2700	6348	0.0799452
2273	6349	0.0754822
989	6349	0.0754822
6349	6350	0.0747942
3316	6350	0.0747942
6350	6351	0.0735587
983	6351	0.0735587
6348	6352	0.0630661
6351	6352	0.0630661
6352	6353	0.0541368
695	6353	0.0541368
2246	6354	0.0295807
439	6354	0.0295807
6353	6355	0.0274387
6354	6355	0.0274387
377	6356	0.052349
1950	6356	0.052349
6356	6357	0.0243622
1344	6357	0.0243622
5965	6358	0.125674
4528	6358	0.125674
2789	6359	0.0339721
6358	6359	0.0339721
4240	6360	0.225012
6133	6360	0.225012
5333	6361	0.513404
5303	6361	0.513404
6361	6362	0.164325
5311	6362	0.164325
5332	6363	0.147804
6362	6363	0.147804
3780	6364	0.30432
5364	6364	0.30432
6363	6365	0.048795
1431	6365	0.048795
6364	6366	0.0588674
2476	6366	0.0588674
6365	6367	0.0426977
6366	6367	0.0426977
4838	6368	0.0415943
6367	6368	0.0415943
5049	6369	0.0388224
1901	6369	0.0388224
6368	6370	0.037775
6369	6370	0.037775
5914	6371	0.0289756
356	6371	0.0289756
2424	6372	0.0469625
2074	6372	0.0469625
6372	6373	0.0218977
3699	6373	0.0218977
3554	6374	0.0653083
5513	6374	0.0653083
6374	6375	0.0305926
2366	6375	0.0305926
4220	6376	0.0290356
6375	6376	0.0290356
6376	6377	0.0280377
4392	6377	0.0280377
1908	6378	0.0640632
6207	6378	0.0640632
2010	6379	0.0385943
6378	6379	0.0385943
6241	6380	0.0294784
2007	6380	0.0294784
440	6381	0.0212925
1327	6381	0.0212925
5561	6382	0.0342151
1438	6382	0.0342151
6382	6383	0.0246235
4077	6383	0.0246235
1439	6384	0.153123
3138	6384	0.153123
6384	6385	0.0686074
794	6385	0.0686074
4671	6386	0.0649924
6385	6386	0.0649924
3522	6387	0.0426733
2576	6387	0.0426733
2751	6388	0.243384
5069	6388	0.243384
6192	6389	0.556325
1053	6389	0.556325
3610	6390	0.116286
5173	6390	0.116286
4344	6391	0.11186
6390	6391	0.11186
6391	6392	0.0887459
1441	6392	0.0887459
6392	6393	0.0405
6141	6393	0.0405
5747	6394	0.0403462
6393	6394	0.0403462
1567	6395	0.170173
4239	6395	0.170173
6395	6396	0.0698729
817	6396	0.0698729
3904	6397	0.057951
6396	6397	0.057951
3562	6398	0.0267112
4875	6398	0.0267112
6398	6399	0.0237234
2401	6399	0.0237234
2911	6400	0.0213594
6399	6400	0.0213594
6400	6401	0.0212725
4372	6401	0.0212725
4852	6402	0.287026
4165	6402	0.287026
4248	6403	0.0297327
6402	6403	0.0297327
769	6404	0.133568
4257	6404	0.133568
2410	6405	0.0263421
6404	6405	0.0263421
4375	6406	0.0351379
593	6406	0.0351379
883	6407	0.0294027
6406	6407	0.0294027
4367	6408	0.0220784
6407	6408	0.0220784
2231	6409	0.0436745
6015	6409	0.0436745
6409	6410	0.0387915
2146	6410	0.0387915
6074	6411	0.0382439
6410	6411	0.0382439
6411	6412	0.0242041
6022	6412	0.0242041
445	6413	0.245226
4962	6413	0.245226
476	6413	0.245226
3948	6414	0.0374033
900	6414	0.0374033
1483	6415	0.0946906
6175	6415	0.0946906
6189	6416	0.0584461
4684	6416	0.0584461
6052	6417	0.0513033
5060	6417	0.0513033
3776	6418	0.0498779
405	6418	0.0498779
6418	6419	0.0360212
5287	6419	0.0360212
93	6420	0.0349247
6419	6420	0.0349247
5011	6421	0.346173
4954	6421	0.346173
421	6422	0.100297
2521	6422	0.100297
3792	6423	0.0281191
6422	6423	0.0281191
4872	6424	0.0925344
2985	6424	0.0925344
6424	6425	0.0594701
3221	6425	0.0594701
6425	6426	0.0467724
514	6426	0.0467724
6426	6427	0.0395842
1872	6427	0.0395842
4423	6428	0.0338703
5445	6428	0.0338703
6427	6428	0.0338703
6428	6429	0.0316019
5765	6429	0.0316019
3427	6430	0.223271
5372	6430	0.223271
510	6431	0.103341
713	6431	0.103341
5562	6431	0.103341
992	6432	0.0477435
551	6432	0.0477435
6432	6433	0.0412879
225	6433	0.0412879
5463	6434	0.0405311
6433	6434	0.0405311
1216	6435	0.366638
1217	6435	0.366638
6435	6436	0.0918057
6091	6436	0.0918057
6436	6437	0.0656774
2392	6437	0.0656774
3879	6438	0.254212
4399	6438	0.254212
2941	6439	0.253808
6438	6439	0.253808
2408	6440	0.0382001
4416	6440	0.0382001
6440	6441	0.0257465
4866	6441	0.0257465
501	6442	0.0296136
4924	6442	0.0296136
1879	6443	0.0269785
5536	6443	0.0269785
6442	6444	0.0243392
2845	6444	0.0243392
5924	6445	0.023414
6444	6445	0.023414
3471	6446	0.0223868
6445	6446	0.0223868
6443	6447	0.0216714
6446	6447	0.0216714
3143	6448	0.0212692
6447	6448	0.0212692
1446	6449	0.0917871
4222	6449	0.0917871
6449	6450	0.0621391
234	6450	0.0621391
2803	6451	0.0227662
5596	6451	0.0227662
6450	6452	0.0212342
6451	6452	0.0212342
5401	6453	0.0306578
2326	6453	0.0306578
2278	6454	0.028078
6453	6454	0.028078
6454	6455	0.0261981
1587	6455	0.0261981
4904	6456	0.0969691
5354	6456	0.0969691
6456	6457	0.0495849
3464	6457	0.0495849
2877	6458	0.0529444
4544	6458	0.0529444
3135	6459	0.0524076
6458	6459	0.0524076
6459	6460	0.0211496
3728	6460	0.0211496
3982	6461	0.0714744
2076	6461	0.0714744
5157	6462	0.06654
6461	6462	0.06654
3262	6463	0.0579929
3606	6463	0.0579929
1775	6464	0.101305
5821	6464	0.101305
5660	6465	0.0251255
5206	6465	0.0251255
4036	6466	0.0640072
5773	6466	0.0640072
5685	6467	0.184396
1778	6467	0.184396
6467	6468	0.0513673
87	6468	0.0513673
2004	6469	0.0421833
6468	6469	0.0421833
5362	6470	0.0234085
4209	6470	0.0234085
295	6471	0.0896836
3014	6471	0.0896836
6471	6472	0.0316832
2777	6472	0.0316832
1312	6473	0.0310459
5724	6473	0.0310459
6473	6474	0.0307014
6472	6474	0.0307014
6474	6475	0.0300293
3384	6475	0.0300293
5720	6476	0.0298145
6475	6476	0.0298145
869	6477	0.100838
4503	6477	0.100838
5310	6478	0.330257
2558	6478	0.330257
6478	6479	0.0503417
3640	6479	0.0503417
4	6480	0.0456469
6479	6480	0.0456469
6056	6481	0.0435646
3584	6481	0.0435646
4982	6482	0.0544978
232	6482	0.0544978
5885	6483	0.254089
5472	6483	0.254089
6483	6484	0.137351
1934	6484	0.137351
6143	6485	0.246851
1328	6485	0.246851
1766	6486	0.23039
6485	6486	0.23039
6021	6487	0.101364
2134	6487	0.101364
4397	6488	0.0640095
2527	6488	0.0640095
6488	6489	0.0513146
5014	6489	0.0513146
1	6490	0.189895
3886	6490	0.189895
6490	6491	0.09053
3962	6491	0.09053
269	6492	0.0582792
2425	6492	0.0582792
5	6493	0.0540733
6492	6493	0.0540733
4450	6494	0.0473242
2704	6494	0.0473242
6493	6494	0.0473242
986	6495	0.0700067
6071	6495	0.0700067
6495	6496	0.0540891
4598	6496	0.0540891
1753	6497	0.0520624
6496	6497	0.0520624
6497	6498	0.0482954
6	6498	0.0482954
743	6499	0.0884041
5527	6499	0.0884041
1531	6500	0.331771
3634	6500	0.331771
6500	6501	0.166281
4477	6501	0.166281
2871	6502	0.112878
3666	6502	0.112878
6502	6503	0.0963643
1197	6503	0.0963643
6501	6504	0.0848732
6503	6504	0.0848732
6504	6505	0.0765141
1946	6505	0.0765141
6505	6506	0.0728014
3546	6506	0.0728014
6506	6507	0.0632485
3370	6507	0.0632485
6507	6508	0.0567866
3727	6508	0.0567866
6508	6509	0.0539314
3547	6509	0.0539314
592	6510	0.0520136
6509	6510	0.0520136
6510	6511	0.044292
4061	6511	0.044292
2116	6512	0.0498639
2918	6512	0.0498639
538	6513	0.132986
1223	6513	0.132986
4387	6514	0.180389
3869	6514	0.180389
6514	6515	0.133786
5458	6515	0.133786
6515	6516	0.116863
3678	6516	0.116863
6516	6517	0.088536
4774	6517	0.088536
5179	6518	0.0827695
3301	6518	0.0827695
5026	6519	0.197672
5469	6519	0.197672
6519	6520	0.110659
4996	6520	0.110659
2563	6521	0.0807013
5703	6521	0.0807013
5600	6522	0.0670805
4620	6522	0.0670805
6517	6523	0.0741578
1498	6523	0.0741578
6523	6524	0.0667444
467	6524	0.0667444
6522	6525	0.0647179
6524	6525	0.0647179
6525	6526	0.0625466
5079	6526	0.0625466
6526	6527	0.0612117
5953	6527	0.0612117
6518	6528	0.0698398
689	6528	0.0698398
3441	6529	0.0543612
469	6529	0.0543612
6521	6530	0.0552451
6527	6530	0.0552451
6528	6531	0.0557121
4637	6531	0.0557121
6529	6532	0.0518221
6530	6532	0.0518221
6520	6533	0.0523703
6531	6533	0.0523703
6532	6534	0.0489617
6533	6534	0.0489617
6534	6535	0.0460334
2172	6535	0.0460334
700	6536	0.0448337
6535	6536	0.0448337
2990	6537	0.0447107
6536	6537	0.0447107
2689	6538	0.0441926
6537	6538	0.0441926
6538	6539	0.0434259
5511	6539	0.0434259
4251	6540	0.0428028
6539	6540	0.0428028
4180	6541	0.0806794
533	6541	0.0806794
6541	6542	0.0788581
5920	6542	0.0788581
5309	6543	0.0773942
6542	6543	0.0773942
6239	6544	0.213193
4989	6544	0.213193
6544	6545	0.0765367
171	6545	0.0765367
437	6546	0.122851
1358	6546	0.122851
1791	6547	0.0871415
2014	6547	0.0871415
1077	6548	0.0801582
6547	6548	0.0801582
4253	6549	0.0752718
6548	6549	0.0752718
5182	6550	0.294758
4056	6550	0.294758
6550	6551	0.155175
3757	6551	0.155175
6551	6552	0.149064
2167	6552	0.149064
6552	6553	0.0815846
2713	6553	0.0815846
2176	6554	0.0973653
2228	6554	0.0973653
2306	6555	0.0749984
5487	6555	0.0749984
2309	6556	0.0744496
6555	6556	0.0744496
8	6557	0.0691403
6556	6557	0.0691403
6549	6558	0.0662145
4627	6558	0.0662145
6558	6559	0.0658702
6557	6559	0.0658702
6554	6560	0.0697472
4121	6560	0.0697472
4434	6560	0.0697472
6560	6561	0.0691778
3624	6561	0.0691778
6561	6562	0.0658125
5054	6562	0.0658125
6543	6563	0.0629708
4455	6563	0.0629708
3000	6564	0.0598071
5159	6564	0.0598071
5276	6565	0.0596442
6564	6565	0.0596442
6559	6566	0.0624608
1393	6566	0.0624608
6562	6567	0.0593253
6565	6567	0.0593253
6567	6568	0.0573029
6566	6568	0.0573029
6553	6569	0.0570184
6568	6569	0.0570184
6563	6570	0.056654
6569	6570	0.056654
6040	6571	0.0561226
6570	6571	0.0561226
6571	6572	0.0546395
4495	6572	0.0546395
6572	6573	0.0543107
1632	6573	0.0543107
2371	6574	0.0538321
6573	6574	0.0538321
6574	6575	0.0535934
3846	6575	0.0535934
4526	6576	0.0525854
6575	6576	0.0525854
1329	6577	0.0523199
6576	6577	0.0523199
1847	6578	0.0513388
6577	6578	0.0513388
6545	6579	0.0504711
6578	6579	0.0504711
3544	6580	0.0497183
4302	6580	0.0497183
6579	6580	0.0497183
654	6581	0.0494869
2807	6581	0.0494869
5169	6581	0.0494869
6580	6581	0.0494869
6581	6582	0.0481074
96	6582	0.0481074
6546	6583	0.0468901
6582	6583	0.0468901
6583	6584	0.0451118
4548	6584	0.0451118
6584	6585	0.0430985
935	6585	0.0430985
6585	6586	0.0424591
4792	6586	0.0424591
1466	6587	0.0560673
2528	6587	0.0560673
4060	6588	0.0851147
1762	6588	0.0851147
1912	6589	0.0720621
6588	6589	0.0720621
1560	6590	0.066146
6589	6590	0.066146
3265	6591	0.0637246
6590	6591	0.0637246
22	6592	0.0636215
6591	6592	0.0636215
4288	6593	0.0616245
6073	6593	0.0616245
6593	6594	0.0560579
3411	6594	0.0560579
5996	6595	0.054347
6594	6595	0.054347
6595	6596	0.0526468
9	6596	0.0526468
6592	6597	0.0513119
6596	6597	0.0513119
5911	6598	0.0499878
6597	6598	0.0499878
2002	6599	0.0462995
6598	6599	0.0462995
1842	6600	0.0455551
835	6600	0.0455551
6600	6601	0.04501
6599	6601	0.04501
6601	6602	0.0434441
3969	6602	0.0434441
3374	6603	0.0548986
23	6603	0.0548986
3719	6604	0.141659
3050	6604	0.141659
2308	6605	0.0609833
28	6605	0.0609833
2136	6606	0.0581483
6605	6606	0.0581483
6604	6607	0.0539951
6606	6607	0.0539951
385	6608	0.0512096
6607	6608	0.0512096
6608	6609	0.0479772
3243	6609	0.0479772
3060	6610	0.131969
2790	6610	0.131969
6610	6611	0.104612
5717	6611	0.104612
6611	6612	0.0878791
2161	6612	0.0878791
5612	6613	0.137446
3350	6613	0.137446
4691	6614	0.132188
6613	6614	0.132188
2042	6615	0.0827714
1189	6615	0.0827714
2051	6616	0.0823669
6615	6616	0.0823669
6612	6617	0.0857184
30	6617	0.0857184
4124	6618	0.0831705
6617	6618	0.0831705
4129	6619	0.0857546
5007	6619	0.0857546
6616	6620	0.0775416
3144	6620	0.0775416
649	6621	0.072384
6620	6621	0.072384
6621	6622	0.0718084
6618	6622	0.0718084
6619	6623	0.0711381
6622	6623	0.0711381
5119	6624	0.0710828
6623	6624	0.0710828
3834	6625	0.068625
6624	6625	0.068625
5183	6626	0.0641493
6625	6626	0.0641493
6626	6627	0.0620297
541	6627	0.0620297
517	6628	0.0595539
2876	6628	0.0595539
6614	6629	0.0593455
6628	6629	0.0593455
6627	6630	0.058975
6629	6630	0.058975
6630	6631	0.05129
395	6631	0.05129
6631	6632	0.049894
4393	6632	0.049894
184	6633	0.0446006
6632	6633	0.0446006
3572	6634	0.0503759
3868	6634	0.0503759
990	6635	0.0555255
47	6635	0.0555255
5516	6636	0.13597
4733	6636	0.13597
6636	6637	0.0456725
61	6637	0.0456725
519	6638	0.0628099
1098	6638	0.0628099
1390	6639	0.0472317
6638	6639	0.0472317
1554	6640	0.127709
3630	6640	0.127709
6640	6641	0.0954256
3811	6641	0.0954256
1902	6642	0.0661042
612	6642	0.0661042
6641	6643	0.0630111
6642	6643	0.0630111
6643	6644	0.061766
3524	6644	0.061766
67	6645	0.061705
6644	6645	0.061705
5285	6646	0.0564364
6645	6646	0.0564364
6646	6647	0.0553186
5404	6647	0.0553186
6647	6648	0.0548849
1769	6648	0.0548849
6648	6649	0.0476865
4951	6649	0.0476865
6166	6650	0.0472517
3224	6650	0.0472517
3874	6651	0.0442581
5908	6651	0.0442581
1562	6652	0.0442392
6651	6652	0.0442392
617	6653	0.142875
2271	6653	0.142875
360	6654	0.0863816
1796	6654	0.0863816
3556	6655	0.0504685
5250	6655	0.0504685
6653	6656	0.0425862
6655	6656	0.0425862
6654	6657	0.0425304
6656	6657	0.0425304
2774	6658	0.125439
5736	6658	0.125439
6658	6659	0.0530937
1339	6659	0.0530937
6659	6660	0.0447206
1845	6660	0.0447206
2363	6661	0.0979226
2518	6661	0.0979226
6661	6662	0.0804061
2287	6662	0.0804061
103	6663	0.0658331
6662	6663	0.0658331
6663	6664	0.0518059
1382	6664	0.0518059
288	6665	0.0885355
3777	6665	0.0885355
6665	6666	0.0746239
3342	6666	0.0746239
509	6667	0.0841982
2184	6667	0.0841982
6667	6668	0.0586052
4751	6668	0.0586052
5446	6669	0.0564465
4019	6669	0.0564465
6666	6670	0.053698
1211	6670	0.053698
4258	6671	0.0510439
6669	6671	0.0510439
6668	6672	0.0436039
6671	6672	0.0436039
6670	6673	0.0431654
6672	6673	0.0431654
1417	6674	0.0512671
291	6674	0.0512671
6674	6675	0.0432109
3814	6675	0.0432109
1742	6675	0.0432109
3125	6676	0.0430286
6675	6676	0.0430286
3989	6677	0.219176
4358	6677	0.219176
6677	6678	0.111948
2092	6678	0.111948
6145	6679	0.0759897
6140	6679	0.0759897
6678	6680	0.0695236
4359	6680	0.0695236
6679	6681	0.0723632
6023	6681	0.0723632
6680	6682	0.0669222
6681	6682	0.0669222
6682	6683	0.0625936
5816	6683	0.0625936
109	6684	0.048568
6683	6684	0.048568
6684	6685	0.0483273
6067	6685	0.0483273
6685	6686	0.0443389
5504	6686	0.0443389
2026	6687	0.0513609
2387	6687	0.0513609
1167	6688	0.0450866
1993	6688	0.0450866
6687	6689	0.0432332
6688	6689	0.0432332
1810	6690	0.100311
4323	6690	0.100311
6690	6691	0.0742729
1623	6691	0.0742729
6691	6692	0.0483487
2364	6692	0.0483487
912	6693	0.0667674
678	6693	0.0667674
6692	6694	0.0482414
6693	6694	0.0482414
6694	6695	0.0470172
2736	6695	0.0470172
1423	6696	0.185098
3644	6696	0.185098
953	6697	0.177157
6696	6697	0.177157
3530	6698	0.17233
6697	6698	0.17233
6698	6699	0.0949097
4644	6699	0.0949097
281	6700	0.106242
2223	6700	0.106242
6249	6701	0.105757
6700	6701	0.105757
6701	6702	0.0564262
2382	6702	0.0564262
5838	6703	0.0472517
4265	6703	0.0472517
6702	6704	0.0454094
6703	6704	0.0454094
4068	6705	0.0509303
5177	6705	0.0509303
3237	6706	0.0425497
6705	6706	0.0425497
6706	6707	0.0425182
3272	6707	0.0425182
132	6708	0.0696744
1488	6708	0.0696744
497	6709	0.041917
133	6709	0.041917
4947	6710	0.105033
3514	6710	0.105033
1682	6711	0.065746
3820	6711	0.065746
5186	6712	0.0513618
3448	6712	0.0513618
4294	6713	0.0497492
6712	6713	0.0497492
3959	6714	0.0508014
6711	6714	0.0508014
3617	6715	0.0499715
6714	6715	0.0499715
6715	6716	0.0476103
4431	6716	0.0476103
1661	6716	0.0476103
5956	6717	0.0474919
6716	6717	0.0474919
6713	6718	0.0470846
6717	6718	0.0470846
6718	6719	0.0429061
5368	6719	0.0429061
6719	6720	0.0419934
3020	6720	0.0419934
688	6721	0.0823564
5315	6721	0.0823564
2463	6722	0.0763102
5625	6722	0.0763102
6722	6723	0.0683413
947	6723	0.0683413
6723	6724	0.0677193
2062	6724	0.0677193
4686	6725	0.0604961
6724	6725	0.0604961
5785	6726	0.0558854
6725	6726	0.0558854
6726	6727	0.0479556
305	6727	0.0479556
141	6728	0.140457
5290	6728	0.140457
5453	6729	0.0882548
2988	6729	0.0882548
6729	6730	0.0694977
4611	6730	0.0694977
6730	6731	0.0653555
1061	6731	0.0653555
6731	6732	0.0613356
670	6732	0.0613356
6732	6733	0.0613306
3457	6733	0.0613306
6728	6734	0.0526594
6733	6734	0.0526594
4762	6735	0.0436112
6734	6735	0.0436112
142	6736	0.0536199
4410	6736	0.0536199
2398	6737	0.0449338
6736	6737	0.0449338
2186	6738	0.060357
2944	6738	0.060357
6738	6739	0.0445119
147	6739	0.0445119
5760	6740	0.128762
1078	6740	0.128762
2380	6741	0.112578
6740	6741	0.112578
6741	6742	0.0938917
4555	6742	0.0938917
5092	6743	0.0676155
162	6743	0.0676155
5370	6744	0.114514
5505	6744	0.114514
6744	6745	0.096326
1063	6745	0.096326
2275	6746	0.094317
6745	6746	0.094317
6746	6747	0.0821839
3340	6747	0.0821839
4834	6748	0.0756013
3331	6748	0.0756013
6747	6749	0.0633563
616	6749	0.0633563
6749	6750	0.0586985
1297	6750	0.0586985
5757	6751	0.0501008
2832	6751	0.0501008
6751	6752	0.0437482
6750	6752	0.0437482
6748	6753	0.0427687
6752	6753	0.0427687
6753	6754	0.0424312
166	6754	0.0424312
2980	6755	0.0599488
1500	6755	0.0599488
168	6756	0.0565052
6755	6756	0.0565052
1176	6757	0.0528911
1983	6757	0.0528911
6756	6758	0.0525656
6757	6758	0.0525656
5286	6759	0.0691848
1447	6759	0.0691848
4534	6760	0.176385
3045	6760	0.176385
3500	6761	0.234709
3694	6761	0.234709
6761	6762	0.175426
3018	6762	0.175426
6762	6763	0.150335
4408	6763	0.150335
6763	6764	0.0859498
172	6764	0.0859498
6764	6765	0.0819258
4606	6765	0.0819258
6765	6766	0.0804891
2027	6766	0.0804891
534	6767	0.0722353
3423	6767	0.0722353
3605	6768	0.0707259
6767	6768	0.0707259
3111	6769	0.0645222
6766	6769	0.0645222
4138	6770	0.0614609
6769	6770	0.0614609
5369	6771	0.066127
1941	6771	0.066127
6771	6772	0.0645597
6768	6772	0.0645597
5922	6773	0.0491825
6772	6773	0.0491825
6773	6774	0.0470744
4833	6774	0.0470744
6770	6775	0.0443222
6774	6775	0.0443222
4647	6775	0.0443222
4690	6776	0.0854595
1867	6776	0.0854595
777	6777	0.0561128
2469	6777	0.0561128
4595	6778	0.216591
6160	6778	0.216591
6778	6779	0.154839
5919	6779	0.154839
6779	6780	0.154308
1852	6780	0.154308
6780	6781	0.073368
3228	6781	0.073368
5366	6782	0.408034
4542	6782	0.408034
1717	6783	0.109486
833	6783	0.109486
5352	6784	0.154613
886	6784	0.154613
2894	6785	0.131837
5856	6785	0.131837
6782	6786	0.0707124
1528	6786	0.0707124
6785	6787	0.0650824
6786	6787	0.0650824
4807	6788	0.0630307
6787	6788	0.0630307
6788	6789	0.0589989
393	6789	0.0589989
6783	6790	0.0732309
2917	6790	0.0732309
6790	6791	0.0519485
2749	6791	0.0519485
6784	6792	0.0492707
1639	6792	0.0492707
6789	6793	0.0485559
6792	6793	0.0485559
6793	6794	0.0477467
1900	6794	0.0477467
6791	6795	0.0472107
6794	6795	0.0472107
243	6796	0.0441202
6795	6796	0.0441202
965	6797	0.0430544
6796	6797	0.0430544
3915	6798	0.0954887
1958	6798	0.0954887
6798	6799	0.0506764
6180	6799	0.0506764
4910	6800	0.0469184
6799	6800	0.0469184
2674	6801	0.0493563
1911	6801	0.0493563
764	6802	0.0733968
4173	6802	0.0733968
6802	6803	0.0440822
3290	6803	0.0440822
914	6804	0.151496
3337	6804	0.151496
3984	6805	0.127473
6804	6805	0.127473
4895	6806	0.117723
6805	6806	0.117723
3489	6807	0.103241
5086	6807	0.103241
6807	6808	0.0798185
4081	6808	0.0798185
6806	6809	0.0703613
6808	6809	0.0703613
6809	6810	0.0473141
211	6810	0.0473141
213	6811	0.0481994
4413	6811	0.0481994
2124	6812	0.0447479
6811	6812	0.0447479
3066	6813	0.0542274
4110	6813	0.0542274
342	6814	0.108951
2879	6814	0.108951
5413	6815	0.0612044
1909	6815	0.0612044
6814	6816	0.0605025
6815	6816	0.0605025
6816	6817	0.0541505
5246	6817	0.0541505
2723	6818	0.0591058
1130	6818	0.0591058
3099	6819	0.07249
235	6819	0.07249
4142	6820	0.159146
4082	6820	0.159146
6820	6821	0.0710108
1134	6821	0.0710108
4997	6822	0.0720326
2778	6822	0.0720326
6821	6823	0.055294
6109	6823	0.055294
6822	6824	0.0495717
2626	6824	0.0495717
5573	6825	0.0479147
1210	6825	0.0479147
6824	6826	0.0477951
6825	6826	0.0477951
6823	6827	0.0469437
6826	6827	0.0469437
4108	6828	0.0447001
6827	6828	0.0447001
6828	6829	0.0422476
236	6829	0.0422476
1812	6830	0.128839
5355	6830	0.128839
3292	6831	0.0702138
1373	6831	0.0702138
6831	6832	0.0539923
1574	6832	0.0539923
260	6833	0.0508171
6832	6833	0.0508171
1351	6834	0.0496098
6833	6834	0.0496098
265	6835	0.0478055
5829	6835	0.0478055
2748	6836	0.0707589
1055	6836	0.0707589
3812	6837	0.0438109
5789	6837	0.0438109
292	6837	0.0438109
6836	6838	0.0429439
6837	6838	0.0429439
1744	6839	0.057025
748	6839	0.057025
4946	6840	0.0566663
790	6840	0.0566663
6840	6841	0.0531211
3168	6841	0.0531211
313	6842	0.0692841
5583	6842	0.0692841
3288	6843	0.0637085
6842	6843	0.0637085
2263	6844	0.0466473
944	6844	0.0466473
6844	6845	0.0432674
5531	6845	0.0432674
4743	6846	0.0774246
4942	6846	0.0774246
6846	6847	0.0520979
2066	6847	0.0520979
6847	6848	0.0423668
1517	6848	0.0423668
2791	6849	0.0890333
319	6849	0.0890333
6849	6850	0.0454693
4621	6850	0.0454693
4570	6851	0.0469163
329	6851	0.0469163
4040	6852	0.0634211
5447	6852	0.0634211
6852	6853	0.0506449
5127	6853	0.0506449
345	6854	0.0430747
2599	6854	0.0430747
2103	6855	0.0951982
1298	6855	0.0951982
5810	6856	0.39174
2069	6856	0.39174
1175	6857	0.130346
6856	6857	0.130346
4538	6858	0.0680187
5955	6858	0.0680187
6857	6859	0.0679966
6858	6859	0.0679966
3538	6860	0.0684115
4005	6860	0.0684115
5713	6861	0.0697721
4394	6861	0.0697721
4830	6862	0.0677823
6861	6862	0.0677823
6862	6863	0.061864
5382	6863	0.061864
6860	6864	0.0586274
6863	6864	0.0586274
6864	6865	0.054803
5121	6865	0.054803
6859	6866	0.0529239
1712	6866	0.0529239
6865	6867	0.0506819
6866	6867	0.0506819
3391	6868	0.10651
2089	6868	0.10651
6868	6869	0.0609903
4072	6869	0.0609903
6869	6870	0.0550799
4189	6870	0.0550799
1727	6871	0.0691327
3883	6871	0.0691327
6871	6872	0.0588152
5722	6872	0.0588152
6872	6873	0.0495996
5005	6873	0.0495996
1875	6874	0.0987733
5261	6874	0.0987733
1583	6875	0.118284
5510	6875	0.118284
6875	6876	0.0514727
1917	6876	0.0514727
3247	6877	0.100958
4494	6877	0.100958
6877	6878	0.0525702
3023	6878	0.0525702
930	6879	0.0492583
368	6879	0.0492583
6878	6880	0.0482035
6879	6880	0.0482035
4439	6881	0.0433929
371	6881	0.0433929
776	6882	0.108253
394	6882	0.108253
6882	6883	0.103108
1676	6883	0.103108
6883	6884	0.0822796
4507	6884	0.0822796
6884	6885	0.0793087
3416	6885	0.0793087
2627	6886	0.075959
6885	6886	0.075959
6886	6887	0.0727749
2110	6887	0.0727749
5419	6888	0.0653831
6887	6888	0.0653831
1895	6889	0.0719888
3856	6889	0.0719888
403	6890	0.0499521
6889	6890	0.0499521
414	6891	0.094383
2878	6891	0.094383
6891	6892	0.0614619
4424	6892	0.0614619
4966	6893	0.0859776
2703	6893	0.0859776
3683	6894	0.0727968
5344	6894	0.0727968
4279	6895	0.0979421
441	6895	0.0979421
2590	6896	0.0605256
6895	6896	0.0605256
3775	6897	0.0572909
6896	6897	0.0572909
443	6898	0.149873
3435	6898	0.149873
2922	6899	0.0663886
6898	6899	0.0663886
4452	6900	0.12578
5518	6900	0.12578
6900	6901	0.104716
2244	6901	0.104716
6901	6902	0.0862431
455	6902	0.0862431
1723	6903	0.181038
4227	6903	0.181038
6903	6904	0.128556
456	6904	0.128556
6904	6905	0.092967
4033	6905	0.092967
6905	6906	0.0756566
2420	6906	0.0756566
6906	6907	0.0528506
1222	6907	0.0528506
2355	6908	0.057974
4141	6908	0.057974
2450	6909	0.124851
1186	6909	0.124851
5512	6910	0.0671307
3688	6910	0.0671307
1099	6911	0.0669511
6910	6911	0.0669511
6909	6912	0.0594727
1492	6912	0.0594727
6911	6913	0.0586423
6912	6913	0.0586423
5211	6914	0.0515431
6913	6914	0.0515431
6914	6915	0.0499547
4826	6915	0.0499547
6915	6916	0.0474424
3207	6916	0.0474424
4106	6917	0.0457394
4355	6917	0.0457394
6916	6917	0.0457394
6917	6918	0.0421952
3687	6918	0.0421952
5468	6919	0.0745146
5855	6919	0.0745146
5644	6920	0.067274
6919	6920	0.067274
6920	6921	0.0628484
461	6921	0.0628484
6921	6922	0.0454023
4120	6922	0.0454023
3769	6923	0.107705
463	6923	0.107705
1269	6924	0.0822739
6923	6924	0.0822739
3124	6925	0.0718794
3385	6925	0.0718794
2529	6926	0.0693734
6925	6926	0.0693734
2444	6927	0.0693052
6926	6927	0.0693052
2203	6928	0.0692378
6927	6928	0.0692378
2775	6929	0.068289
6928	6929	0.068289
470	6930	0.0974329
3642	6930	0.0974329
5429	6931	0.0690344
1137	6931	0.0690344
6931	6932	0.0651856
3816	6932	0.0651856
3035	6933	0.059221
3215	6933	0.059221
6930	6934	0.0591557
1148	6934	0.0591557
6933	6935	0.0577879
6934	6935	0.0577879
6932	6936	0.0574603
6935	6936	0.0574603
4631	6937	0.0474126
3371	6937	0.0474126
2168	6938	0.0443269
4820	6938	0.0443269
1030	6939	0.0520243
3467	6939	0.0520243
6939	6940	0.0435451
1262	6940	0.0435451
2446	6941	0.0424693
6940	6941	0.0424693
4656	6942	0.0499027
4650	6942	0.0499027
1687	6943	0.042385
3122	6943	0.042385
2180	6944	0.185989
4492	6944	0.185989
4182	6945	0.0504027
3571	6945	0.0504027
6944	6946	0.0478518
6945	6946	0.0478518
778	6947	0.0455042
6946	6947	0.0455042
4447	6948	0.0612221
1566	6948	0.0612221
1022	6949	0.059225
828	6949	0.059225
6948	6950	0.054627
1631	6950	0.054627
6949	6951	0.0510769
6950	6951	0.0510769
5740	6952	0.047881
6951	6952	0.047881
4292	6953	0.0476606
6952	6953	0.0476606
1612	6954	0.0823221
516	6954	0.0823221
6954	6955	0.0644824
1969	6955	0.0644824
6955	6956	0.0458854
2574	6956	0.0458854
5277	6957	0.0513087
1361	6957	0.0513087
3325	6958	0.0427028
531	6958	0.0427028
3369	6959	0.0714604
3755	6959	0.0714604
6959	6960	0.0441488
3278	6960	0.0441488
1173	6961	0.0534368
2953	6961	0.0534368
6961	6962	0.042028
552	6962	0.042028
3532	6962	0.042028
2739	6962	0.042028
2716	6963	0.0427393
742	6963	0.0427393
567	6964	0.108938
2581	6964	0.108938
2409	6965	0.0710981
4716	6965	0.0710981
5099	6966	0.045264
1938	6966	0.045264
6966	6967	0.0440432
2005	6967	0.0440432
1893	6968	0.104568
3311	6968	0.104568
2338	6969	0.0652305
6968	6969	0.0652305
6969	6970	0.0521929
5605	6970	0.0521929
589	6971	0.0981002
5324	6971	0.0981002
1636	6972	0.0486365
596	6972	0.0486365
5651	6973	0.170312
5972	6973	0.170312
6973	6974	0.126423
600	6974	0.126423
3191	6975	0.100759
6974	6975	0.100759
2555	6976	0.0691515
638	6976	0.0691515
6976	6977	0.0637188
3170	6977	0.0637188
657	6978	0.0796251
5082	6978	0.0796251
3287	6979	0.176266
2619	6979	0.176266
6001	6980	0.113058
1069	6980	0.113058
6979	6981	0.0835681
1319	6981	0.0835681
6981	6982	0.0826951
2259	6982	0.0826951
2779	6983	0.0803741
6982	6983	0.0803741
6980	6984	0.0858362
5962	6984	0.0858362
6984	6985	0.0689482
2316	6985	0.0689482
6983	6986	0.0513076
6985	6986	0.0513076
4976	6987	0.0477739
725	6987	0.0477739
6986	6988	0.0468416
3424	6988	0.0468416
6988	6989	0.0461716
6987	6989	0.0461716
6042	6990	0.101249
3552	6990	0.101249
5534	6991	0.188896
4075	6991	0.188896
6991	6992	0.0736026
826	6992	0.0736026
6992	6993	0.0723381
661	6993	0.0723381
6993	6994	0.0517667
3184	6994	0.0517667
3277	6995	0.071618
3447	6995	0.071618
6995	6996	0.0497367
1041	6996	0.0497367
6996	6997	0.0485335
693	6997	0.0485335
1086	6998	0.330119
5963	6998	0.330119
6998	6999	0.246652
1782	6999	0.246652
6999	7000	0.193532
3051	7000	0.193532
1283	7001	0.187728
2370	7001	0.187728
7000	7002	0.153964
7001	7002	0.153964
7002	7003	0.14153
2015	7003	0.14153
3219	7004	0.212008
5745	7004	0.212008
5486	7005	0.0837062
4262	7005	0.0837062
7004	7006	0.0672135
2833	7006	0.0672135
3275	7007	0.0599353
7006	7007	0.0599353
7003	7008	0.0562611
7007	7008	0.0562611
7005	7009	0.0652305
4468	7009	0.0652305
7009	7010	0.0531292
5300	7010	0.0531292
4466	7011	0.042878
4643	7011	0.042878
7010	7012	0.0427348
7011	7012	0.0427348
7008	7013	0.04178
7012	7013	0.04178
705	7014	0.0456674
3341	7014	0.0456674
2148	7015	0.0609086
4546	7015	0.0609086
7015	7016	0.0478449
1294	7016	0.0478449
2676	7017	0.0476208
3770	7017	0.0476208
7017	7018	0.0438172
3945	7018	0.0438172
1851	7019	0.0781858
736	7019	0.0781858
7019	7020	0.0703173
2490	7020	0.0703173
2481	7021	0.0919391
2478	7021	0.0919391
2419	7022	0.0624206
4259	7022	0.0624206
4054	7023	0.0691485
4275	7023	0.0691485
2137	7024	0.274183
1627	7024	0.274183
3257	7025	0.276545
2991	7025	0.276545
4763	7026	0.290824
2848	7026	0.290824
7026	7027	0.136759
5124	7027	0.136759
7025	7028	0.120796
7027	7028	0.120796
2536	7029	0.109994
7028	7029	0.109994
5410	7030	0.0590458
765	7030	0.0590458
7030	7031	0.053446
2504	7031	0.053446
7031	7032	0.0471887
1267	7032	0.0471887
3805	7033	0.0485476
2636	7033	0.0485476
7032	7034	0.042149
7033	7034	0.042149
3105	7035	0.400069
1721	7035	0.400069
4905	7036	0.0901202
2378	7036	0.0901202
7035	7037	0.085312
7036	7037	0.085312
7037	7038	0.0790289
2379	7038	0.0790289
7038	7039	0.0753332
1935	7039	0.0753332
7039	7040	0.064259
3078	7040	0.064259
7040	7041	0.0600257
2853	7041	0.0600257
7041	7042	0.0558318
4254	7042	0.0558318
5455	7043	0.0501988
3662	7043	0.0501988
6083	7044	0.0537462
5964	7044	0.0537462
7044	7045	0.0496228
4869	7045	0.0496228
4385	7046	0.0479171
7045	7046	0.0479171
2369	7047	0.23933
1263	7047	0.23933
3461	7048	0.194459
2843	7048	0.194459
7048	7049	0.184419
812	7049	0.184419
7047	7050	0.161375
7049	7050	0.161375
7050	7051	0.152125
5284	7051	0.152125
820	7052	0.100733
4328	7052	0.100733
6120	7053	0.0527184
1113	7053	0.0527184
2314	7054	0.071655
1042	7054	0.071655
2766	7055	0.0585204
2390	7055	0.0585204
3139	7056	0.0499176
7055	7056	0.0499176
4374	7057	0.0481328
7056	7057	0.0481328
878	7058	0.0470817
7057	7058	0.0470817
7054	7059	0.045083
7058	7059	0.045083
2608	7060	0.133464
5790	7060	0.133464
4463	7061	0.126678
7060	7061	0.126678
3226	7062	0.139478
2183	7062	0.139478
7062	7063	0.0530414
5475	7063	0.0530414
1719	7064	0.0945029
905	7064	0.0945029
7064	7065	0.0768296
2249	7065	0.0768296
7065	7066	0.059565
2250	7066	0.059565
3611	7067	0.0451076
910	7067	0.0451076
911	7068	0.192979
4502	7068	0.192979
7068	7069	0.160708
5072	7069	0.160708
7069	7070	0.117811
3182	7070	0.117811
7070	7071	0.0943974
5360	7071	0.0943974
2650	7072	0.0711758
7071	7072	0.0711758
7072	7073	0.069884
5756	7073	0.069884
7073	7074	0.0598538
3636	7074	0.0598538
7074	7075	0.0540002
4793	7075	0.0540002
917	7076	0.0528996
1843	7076	0.0528996
3972	7077	0.133378
932	7077	0.133378
7077	7078	0.1106
6045	7078	0.1106
5967	7079	0.107432
7078	7079	0.107432
5709	7080	0.0895071
7079	7080	0.0895071
7080	7081	0.0662616
4678	7081	0.0662616
1662	7082	0.065995
5143	7082	0.065995
3964	7083	0.0841518
2767	7083	0.0841518
5982	7084	0.0717729
7083	7084	0.0717729
5520	7085	0.45131
1250	7085	0.45131
4921	7086	0.396401
7085	7086	0.396401
7086	7087	0.179317
3443	7087	0.179317
7087	7088	0.0662971
5951	7088	0.0662971
2087	7089	0.0579887
7088	7089	0.0579887
995	7090	0.191414
3491	7090	0.191414
7090	7091	0.144113
4346	7091	0.144113
4899	7092	0.0689582
4071	7092	0.0689582
7092	7093	0.0577394
1000	7093	0.0577394
7093	7094	0.0474928
4070	7094	0.0474928
5341	7095	0.101108
4481	7095	0.101108
1264	7096	0.0420202
4732	7096	0.0420202
5481	7097	0.0684595
2122	7097	0.0684595
3177	7098	0.270598
1321	7098	0.270598
1047	7099	0.0684458
3302	7099	0.0684458
5139	7100	0.0658911
1050	7100	0.0658911
1051	7101	0.0740064
5111	7101	0.0740064
3991	7102	0.0782249
1710	7102	0.0782249
4670	7103	0.0459147
5811	7103	0.0459147
7102	7104	0.0436499
5858	7104	0.0436499
7104	7105	0.0430822
7103	7105	0.0430822
5960	7106	0.0544843
2295	7106	0.0544843
5857	7107	0.0568174
1065	7107	0.0568174
7106	7108	0.0518068
7107	7108	0.0518068
3070	7109	0.0855581
1219	7109	0.0855581
4126	7110	0.0500707
3406	7110	0.0500707
7110	7111	0.04978
1237	7111	0.04978
5142	7112	0.0909439
1141	7112	0.0909439
7112	7113	0.0803467
1190	7113	0.0803467
7113	7114	0.05614
5896	7114	0.05614
7114	7115	0.0547937
3661	7115	0.0547937
5897	7116	0.0462627
7115	7116	0.0462627
4557	7117	0.132511
4556	7117	0.132511
2780	7118	0.0523817
2341	7118	0.0523817
7117	7119	0.0774486
4519	7119	0.0774486
1331	7120	0.0487772
7119	7120	0.0487772
7118	7121	0.0472182
7120	7121	0.0472182
3332	7122	0.15538
5296	7122	0.15538
4373	7123	0.0689001
4831	7123	0.0689001
3400	7124	0.0686579
7123	7124	0.0686579
2675	7125	0.0678121
7124	7125	0.0678121
1114	7126	0.0641881
7125	7126	0.0641881
7126	7127	0.0623004
6231	7127	0.0623004
5210	7128	0.0421992
1131	7128	0.0421992
4443	7129	0.0882669
4641	7129	0.0882669
7129	7130	0.0659109
1794	7130	0.0659109
7130	7131	0.0466689
1161	7131	0.0466689
7131	7132	0.044787
1160	7132	0.044787
1177	7133	0.217727
3724	7133	0.217727
4559	7134	0.0801933
1206	7134	0.0801933
7134	7135	0.0773223
2796	7135	0.0773223
7135	7136	0.0517495
6137	7136	0.0517495
1317	7137	0.0507229
7136	7137	0.0507229
7137	7138	0.0475189
4285	7138	0.0475189
7138	7139	0.0439715
5016	7139	0.0439715
5655	7139	0.0439715
2765	7140	0.0439642
7139	7140	0.0439642
5465	7141	0.0563874
1207	7141	0.0563874
1229	7142	0.0635204
4298	7142	0.0635204
1236	7143	0.133931
6248	7143	0.133931
5978	7144	0.17192
6232	7144	0.17192
4925	7145	0.0924845
5820	7145	0.0924845
1307	7146	0.0834975
4023	7146	0.0834975
4289	7147	0.0539198
3528	7147	0.0539198
7146	7148	0.0525415
7147	7148	0.0525415
4444	7149	0.0489082
3712	7149	0.0489082
3932	7150	0.0778036
2725	7150	0.0778036
7150	7151	0.0425405
2506	7151	0.0425405
5418	7152	0.0421903
7151	7152	0.0421903
1936	7153	0.0707353
2257	7153	0.0707353
2467	7154	0.0684511
7153	7154	0.0684511
7154	7155	0.0665483
5295	7155	0.0665483
3848	7156	0.0632667
7155	7156	0.0632667
7156	7157	0.0592633
5563	7157	0.0592633
4301	7158	0.0628662
4460	7158	0.0628662
1429	7159	0.144034
2281	7159	0.144034
5227	7160	0.0826025
1933	7160	0.0826025
7160	7161	0.0513486
5678	7161	0.0513486
5535	7162	0.0537242
1473	7162	0.0537242
2445	7163	0.0790265
1476	7163	0.0790265
4097	7164	0.0567674
3560	7164	0.0567674
1539	7165	0.0562332
7164	7165	0.0562332
2802	7166	0.0579095
1547	7166	0.0579095
4168	7167	0.0619515
1559	7167	0.0619515
3797	7168	0.0511094
7167	7168	0.0511094
5878	7169	0.0450041
7168	7169	0.0450041
4510	7170	0.0573662
3167	7170	0.0573662
5677	7171	0.0775787
3036	7171	0.0775787
2603	7172	0.0499269
2600	7172	0.0499269
1600	7173	0.0781504
1599	7173	0.0781504
3394	7174	0.135881
1615	7174	0.135881
7174	7175	0.0727468
3502	7175	0.0727468
4783	7176	0.0650684
7175	7176	0.0650684
1653	7177	0.0526189
2465	7177	0.0526189
7177	7178	0.0454819
2053	7178	0.0454819
1691	7179	0.120302
2557	7179	0.120302
4089	7180	0.175486
1698	7180	0.175486
7180	7181	0.0429248
2235	7181	0.0429248
5706	7182	0.0856406
5219	7182	0.0856406
4936	7183	0.0718395
4952	7183	0.0718395
1738	7184	0.0429186
5694	7184	0.0429186
1740	7185	0.073103
4415	7185	0.073103
1789	7186	0.189482
5036	7186	0.189482
7186	7187	0.0749981
2001	7187	0.0749981
4199	7188	0.06144
7187	7188	0.06144
1814	7189	0.0700007
3588	7189	0.0700007
7189	7190	0.0621268
3589	7190	0.0621268
4087	7191	0.0533704
7190	7191	0.0533704
4880	7192	0.0504822
1825	7192	0.0504822
4865	7193	0.20463
1844	7193	0.20463
3232	7194	0.0943209
4111	7194	0.0943209
3838	7195	0.0895796
7194	7195	0.0895796
3016	7196	0.0604994
6072	7196	0.0604994
1947	7197	0.0738888
5627	7197	0.0738888
1951	7198	0.125985
3175	7198	0.125985
7198	7199	0.103052
4461	7199	0.103052
4007	7200	0.205874
1987	7200	0.205874
4501	7201	0.0632884
2232	7201	0.0632884
7201	7202	0.0628273
2048	7202	0.0628273
5546	7203	0.0451947
4607	7203	0.0451947
5946	7204	0.0451124
6181	7204	0.0451124
6028	7205	0.229336
5850	7205	0.229336
7205	7206	0.133188
2286	7206	0.133188
2510	7207	0.129969
7206	7207	0.129969
5949	7208	0.0872805
2868	7208	0.0872805
3245	7209	0.0692109
2631	7209	0.0692109
4906	7210	0.0545118
5172	7210	0.0545118
2427	7211	0.0496789
7210	7211	0.0496789
2439	7212	0.112196
3065	7212	0.112196
2452	7213	0.0539143
2503	7213	0.0539143
3109	7214	0.0435055
5846	7214	0.0435055
2680	7215	0.122254
4326	7215	0.122254
2792	7216	0.0872864
6177	7216	0.0872864
7216	7217	0.0598684
5902	7217	0.0598684
7217	7218	0.0425811
5620	7218	0.0425811
2838	7219	0.0523852
4603	7219	0.0523852
5780	7220	0.0635157
4533	7220	0.0635157
4677	7221	0.0873633
4264	7221	0.0873633
4917	7222	0.068857
4846	7222	0.068857
7222	7223	0.0663654
5977	7223	0.0663654
6066	7224	0.211925
5203	7224	0.211925
7224	7225	0.0456525
5223	7225	0.0456525
5521	7226	0.0452375
3782	7226	0.0452375
5470	7227	0.0520514
4013	7227	0.0520514
6246	7228	0.0482035
4768	7228	0.0482035
6068	7229	0.0763615
5033	7229	0.0763615
6924	7230	0.0392953
1060	7230	0.0392953
2126	7231	0.0325017
7230	7231	0.0325017
6978	7232	0.029761
7231	7232	0.029761
4738	7233	0.0290151
1257	7233	0.0290151
6223	7234	0.0290978
1324	7234	0.0290978
7140	7235	0.0341769
4565	7235	0.0341769
2114	7236	0.0319785
7235	7236	0.0319785
7236	7237	0.0297921
3039	7237	0.0297921
2300	7238	0.0281666
2937	7238	0.0281666
2951	7239	0.0371098
6894	7239	0.0371098
6892	7240	0.029691
5012	7240	0.029691
7076	7241	0.0370673
1798	7241	0.0370673
1608	7242	0.0370323
7241	7242	0.0370323
7171	7243	0.0416129
1579	7243	0.0416129
7188	7244	0.0399422
2925	7244	0.0399422
7221	7245	0.0391558
7244	7245	0.0391558
6637	7246	0.0389557
7245	7246	0.0389557
7066	7247	0.0309134
1083	7247	0.0309134
311	7248	0.0391565
4832	7248	0.0391565
5024	7249	0.0317284
7248	7249	0.0317284
7249	7250	0.030157
484	7250	0.030157
6867	7251	0.0356562
4079	7251	0.0356562
2857	7252	0.0367667
988	7252	0.0367667
479	7253	0.0411271
6829	7253	0.0411271
6737	7254	0.0398311
7253	7254	0.0398311
6602	7255	0.0350136
7254	7255	0.0350136
6587	7256	0.0348503
7255	7256	0.0348503
7256	7257	0.0346912
7181	7257	0.0346912
6870	7258	0.0398844
636	7258	0.0398844
6213	7259	0.0398301
1299	7259	0.0398301
7258	7260	0.0357905
7259	7260	0.0357905
6970	7261	0.0398719
6971	7261	0.0398719
6586	7262	0.0415072
4855	7262	0.0415072
7262	7263	0.0400355
7034	7263	0.0400355
7024	7264	0.0399001
7263	7264	0.0399001
7264	7265	0.0398338
4856	7265	0.0398338
6874	7266	0.0405712
6880	7266	0.0405712
6633	7267	0.0401785
7266	7267	0.0401785
1316	7268	0.0403234
760	7268	0.0403234
6513	7269	0.0397685
6540	7269	0.0397685
7269	7270	0.0395411
7265	7270	0.0395411
7267	7270	0.0395411
7270	7271	0.039324
2916	7271	0.039324
7271	7272	0.039144
6962	7272	0.039144
7272	7273	0.0391329
7268	7273	0.0391329
6876	7274	0.039079
7273	7274	0.039079
6817	7275	0.0412841
4353	7275	0.0412841
7275	7276	0.0395937
222	7276	0.0395937
5377	7277	0.0409652
6918	7277	0.0409652
6908	7278	0.0401413
7277	7278	0.0401413
4437	7279	0.0410736
2345	7279	0.0410736
6512	7280	0.0389231
7274	7280	0.0389231
4224	7281	0.0386825
7280	7281	0.0386825
7281	7282	0.0386366
432	7282	0.0386366
7023	7283	0.0384902
7282	7283	0.0384902
2299	7284	0.0384044
7283	7284	0.0384044
4930	7285	0.0382588
7284	7285	0.0382588
4153	7286	0.0381691
7285	7286	0.0381691
7286	7287	0.0380475
5403	7287	0.0380475
7276	7288	0.0387704
7278	7288	0.0387704
7287	7289	0.0370745
5551	7289	0.0370745
7289	7290	0.0369035
7288	7290	0.0369035
7279	7291	0.0366528
7290	7291	0.0366528
7291	7292	0.03559
2992	7292	0.03559
1127	7293	0.034932
7292	7293	0.034932
7029	7294	0.0349176
7293	7294	0.0349176
7294	7295	0.0344631
1388	7295	0.0344631
7295	7296	0.034277
1569	7296	0.034277
4324	7296	0.034277
383	7297	0.0417476
6676	7297	0.0417476
6673	7298	0.0390117
6686	7298	0.0390117
7298	7299	0.0379372
2920	7299	0.0379372
7299	7300	0.0376468
761	7300	0.0376468
7300	7301	0.0370727
2194	7301	0.0370727
7046	7302	0.0392238
793	7302	0.0392238
7302	7303	0.0369595
5538	7303	0.0369595
7303	7304	0.0366528
5903	7304	0.0366528
6818	7305	0.0405411
230	7305	0.0405411
5795	7306	0.0369909
5796	7306	0.0369909
7304	7307	0.0358369
2255	7307	0.0358369
7307	7308	0.0356832
1357	7308	0.0356832
6972	7309	0.0350988
7306	7309	0.0350988
3824	7310	0.0349866
7309	7310	0.0349866
7310	7311	0.0348519
7308	7311	0.0348519
7311	7312	0.0341976
7305	7312	0.0341976
180	7313	0.0404453
6803	7313	0.0404453
2192	7314	0.039559
7313	7314	0.039559
5683	7315	0.0386206
7314	7315	0.0386206
7315	7316	0.0371543
791	7316	0.0371543
7316	7317	0.0360926
2668	7317	0.0360926
6634	7318	0.0350851
7317	7318	0.0350851
7318	7319	0.0348017
195	7319	0.0348017
6664	7320	0.0415057
1057	7320	0.0415057
7320	7321	0.0374246
7203	7321	0.0374246
7321	7322	0.0358105
5065	7322	0.0358105
6947	7323	0.0413514
515	7323	0.0413514
5883	7324	0.0371497
7323	7324	0.0371497
6689	7325	0.0365369
1045	7325	0.0365369
1090	7326	0.0396679
6695	7326	0.0396679
7326	7327	0.0391407
677	7327	0.0391407
5393	7328	0.0360577
7327	7328	0.0360577
7328	7329	0.0357286
3807	7329	0.0357286
2367	7330	0.0347231
7329	7330	0.0347231
7330	7331	0.0344669
5567	7331	0.0344669
6699	7332	0.0411637
6853	7332	0.0411637
5217	7333	0.0393773
5777	7333	0.0393773
7333	7334	0.0381152
5192	7334	0.0381152
7101	7335	0.0380523
7334	7335	0.0380523
674	7336	0.0379626
7335	7336	0.0379626
7332	7337	0.0342923
7336	7337	0.0342923
4918	7338	0.0346412
121	7338	0.0346412
6720	7339	0.0416868
7225	7339	0.0416868
6721	7340	0.0387405
1880	7340	0.0387405
7340	7341	0.0353167
1365	7341	0.0353167
6727	7342	0.0389111
2413	7342	0.0389111
4161	7343	0.0356256
7342	7343	0.0356256
1922	7344	0.0342314
7343	7344	0.0342314
7220	7345	0.0410097
2895	7345	0.0410097
7061	7346	0.0397905
7345	7346	0.0397905
6735	7347	0.0394809
7346	7347	0.0394809
4506	7348	0.0386234
879	7348	0.0386234
7347	7349	0.0366967
7348	7349	0.0366967
279	7350	0.0360431
7349	7350	0.0360431
771	7351	0.0383087
1668	7351	0.0383087
3821	7352	0.0369058
7351	7352	0.0369058
7159	7353	0.0363024
7352	7353	0.0363024
5898	7354	0.0383105
5168	7354	0.0383105
7353	7355	0.0347339
7354	7355	0.0347339
7355	7356	0.0346688
2070	7356	0.0346688
173	7357	0.0343893
7356	7357	0.0343893
6835	7358	0.0360305
301	7358	0.0360305
1788	7359	0.0375851
6854	7359	0.0375851
7359	7360	0.0366671
1209	7360	0.0366671
6937	7361	0.0398402
475	7361	0.0398402
7361	7362	0.0387856
6958	7362	0.0387856
7185	7363	0.0370598
2422	7363	0.0370598
3047	7364	0.035736
2560	7364	0.035736
1549	7365	0.0361217
416	7365	0.0361217
862	7366	0.0399017
3515	7366	0.0399017
6943	7367	0.038547
491	7367	0.038547
7367	7368	0.0352822
4160	7368	0.0352822
7368	7369	0.034498
3356	7369	0.034498
6953	7370	0.0408585
6956	7370	0.0408585
6153	7370	0.0408585
7370	7371	0.03995
1034	7371	0.03995
4256	7372	0.0385443
7371	7372	0.0385443
4386	7373	0.0376827
7372	7373	0.0376827
554	7374	0.0397549
6967	7374	0.0397549
7374	7375	0.0386231
587	7375	0.0386231
7375	7376	0.0373875
706	7376	0.0373875
5775	7377	0.0347419
7376	7377	0.0347419
1806	7378	0.0362522
6994	7378	0.0362522
7116	7379	0.0362337
1074	7379	0.0362337
1686	7380	0.0417388
2238	7380	0.0417388
7380	7381	0.0400544
6156	7381	0.0400544
7381	7382	0.0397644
667	7382	0.0397644
7382	7383	0.0386499
4605	7383	0.0386499
7383	7384	0.0366025
4747	7384	0.0366025
7089	7385	0.0415576
7095	7385	0.0415576
7105	7386	0.0361035
1290	7386	0.0361035
3102	7387	0.0351366
3966	7387	0.0351366
2898	7388	0.0345053
7387	7388	0.0345053
1963	7389	0.0349847
1125	7389	0.0349847
3740	7390	0.0374003
1616	7390	0.0374003
1689	7391	0.0392805
4988	7391	0.0392805
6491	7392	0.0327566
3273	7392	0.0327566
997	7393	0.0320953
6498	7393	0.0320953
7257	7394	0.0339319
7365	7394	0.0339319
3896	7395	0.0334922
7394	7395	0.0334922
7395	7396	0.0329532
3028	7396	0.0329532
7396	7397	0.0327053
2441	7397	0.0327053
7252	7398	0.0325572
7397	7398	0.0325572
7398	7399	0.0319859
5711	7399	0.0319859
10	7400	0.0317681
7399	7400	0.0317681
7400	7401	0.0315498
2512	7401	0.0315498
3591	7402	0.0309323
2493	7402	0.0309323
7401	7403	0.0309184
7402	7403	0.0309184
6710	7404	0.0326201
7339	7404	0.0326201
7404	7405	0.0312938
3276	7405	0.0312938
4687	7406	0.0308544
7405	7406	0.0308544
7165	7407	0.0328027
4646	7407	0.0328027
5305	7408	0.0310244
6019	7408	0.0310244
4944	7409	0.0323973
7350	7409	0.0323973
7409	7410	0.0323751
1861	7410	0.0323751
7410	7411	0.0318345
3670	7411	0.0318345
7344	7412	0.0313845
7411	7412	0.0313845
6759	7413	0.0337198
7322	7413	0.0337198
5008	7414	0.0323826
7413	7414	0.0323826
7414	7415	0.0316394
169	7415	0.0316394
7415	7416	0.0314867
2178	7416	0.0314867
7416	7417	0.0309323
4766	7417	0.0309323
7207	7418	0.0335586
7364	7418	0.0335586
106	7419	0.0316333
1200	7419	0.0316333
6990	7420	0.0336313
7378	7420	0.0336313
873	7421	0.0330908
7420	7421	0.0330908
892	7422	0.0325812
4051	7422	0.0325812
7296	7423	0.0340963
1790	7423	0.0340963
7423	7424	0.0339173
4497	7424	0.0339173
7424	7425	0.0337542
893	7425	0.0337542
7425	7426	0.033291
1070	7426	0.033291
7063	7427	0.0330151
7426	7427	0.0330151
3077	7428	0.0341103
2738	7428	0.0341103
3732	7429	0.033922
7428	7429	0.033922
7427	7430	0.0328906
7429	7430	0.0328906
7430	7431	0.032845
7390	7431	0.032845
5656	7432	0.0328218
7431	7432	0.0328218
7432	7433	0.0328105
3961	7433	0.0328105
7433	7434	0.0323744
2637	7434	0.0323744
7251	7435	0.0323217
7373	7435	0.0323217
7434	7435	0.0323217
7184	7436	0.0339842
5714	7436	0.0339842
7362	7437	0.0338428
7436	7437	0.0338428
7183	7438	0.0324026
7437	7438	0.0324026
7435	7439	0.0321797
4382	7439	0.0321797
1918	7440	0.0321301
7439	7440	0.0321301
7440	7441	0.0321165
43	7441	0.0321165
5485	7442	0.0319757
7441	7442	0.0319757
7442	7443	0.0317107
3958	7443	0.0317107
7443	7444	0.0316738
5281	7444	0.0316738
7444	7445	0.031645
6240	7445	0.031645
424	7446	0.0316503
7438	7446	0.0316503
7366	7447	0.0316409
7369	7447	0.0316409
2212	7448	0.0316265
7445	7448	0.0316265
7448	7449	0.0313825
282	7449	0.0313825
7422	7450	0.0313727
7449	7450	0.0313727
7446	7451	0.0314113
7447	7451	0.0314113
7450	7452	0.0312806
1302	7452	0.0312806
7421	7453	0.0312384
7452	7453	0.0312384
7260	7454	0.0310923
7453	7454	0.0310923
5271	7454	0.0310923
7451	7454	0.0310923
352	7454	0.0310923
4702	7455	0.0308849
7454	7455	0.0308849
7301	7456	0.0336671
7312	7456	0.0336671
7456	7457	0.0330553
7341	7457	0.0330553
4109	7458	0.0337603
7357	7458	0.0337603
353	7459	0.0315787
7458	7459	0.0315787
7457	7460	0.0315672
7459	7460	0.0315672
5312	7461	0.0312004
7460	7461	0.0312004
3485	7462	0.0320726
7319	7462	0.0320726
2492	7463	0.033311
7337	7463	0.033311
7463	7464	0.0323888
2166	7464	0.0323888
7338	7465	0.0334379
1606	7465	0.0334379
6797	7466	0.032949
621	7466	0.032949
7377	7467	0.033387
4016	7467	0.033387
7467	7468	0.0320509
5417	7468	0.0320509
4371	7469	0.0338843
7379	7469	0.0338843
7469	7470	0.0333517
4583	7470	0.0333517
7386	7471	0.0313858
2135	7471	0.0313858
3408	7472	0.0314076
4309	7472	0.0314076
1490	7473	0.0315857
7389	7473	0.0315857
1454	7474	0.0311574
6204	7474	0.0311574
2686	7475	0.0329227
2710	7475	0.0329227
7475	7476	0.0320548
1722	7476	0.0320548
2759	7477	0.0320024
4724	7477	0.0320024
7476	7477	0.0320024
2083	7478	0.0337071
6070	7478	0.0337071
7197	7479	0.0309919
7478	7479	0.0309919
4283	7480	0.0332957
2054	7480	0.0332957
5058	7481	0.0320222
7480	7481	0.0320222
7461	7482	0.0304623
3860	7482	0.0304623
7297	7483	0.0298612
7482	7483	0.0298612
7388	7484	0.0299082
1101	7484	0.0299082
1538	7485	0.029755
7483	7485	0.029755
7485	7486	0.0295307
7484	7486	0.0295307
7486	7487	0.0290926
7462	7487	0.0290926
7358	7488	0.0300695
7406	7488	0.0300695
7145	7489	0.0304333
7471	7489	0.0304333
7488	7490	0.0296993
7489	7490	0.0296993
7407	7491	0.0306296
7408	7491	0.0306296
7412	7492	0.0292005
655	7492	0.0292005
3063	7493	0.0303423
7392	7493	0.0303423
6893	7494	0.0306655
7403	7494	0.0306655
4299	7495	0.0300342
7494	7495	0.0300342
6660	7496	0.0308523
7417	7496	0.0308523
7496	7497	0.030443
7418	7497	0.030443
7497	7498	0.0301219
372	7498	0.0301219
619	7499	0.0300293
7498	7499	0.0300293
7455	7500	0.0307121
3920	7500	0.0307121
7500	7501	0.0306227
2315	7501	0.0306227
7501	7502	0.0304403
5328	7502	0.0304403
7226	7503	0.0303217
7502	7503	0.0303217
7503	7504	0.0303054
1392	7504	0.0303054
7504	7505	0.0302951
1103	7505	0.0302951
4778	7506	0.0302819
7505	7506	0.0302819
7506	7507	0.029998
2897	7507	0.029998
3367	7508	0.0298639
7495	7508	0.0298639
7508	7509	0.0297776
1521	7509	0.0297776
7391	7510	0.0299816
7507	7510	0.0299816
7510	7511	0.0299737
7474	7511	0.0299737
7499	7512	0.0296347
7511	7512	0.0296347
7512	7513	0.0294481
7360	7513	0.0294481
7509	7514	0.029437
7513	7514	0.029437
7363	7515	0.0294086
7514	7515	0.0294086
7493	7516	0.0293587
7515	7516	0.0293587
7516	7517	0.0293568
102	7517	0.0293568
164	7518	0.0292998
7517	7518	0.0292998
7324	7519	0.0291741
7518	7519	0.0291741
7419	7520	0.0291251
7519	7520	0.0291251
7331	7521	0.0301893
7468	7521	0.0301893
5553	7522	0.0300905
7521	7522	0.0300905
7464	7523	0.029649
7522	7523	0.029649
7523	7524	0.0293824
136	7524	0.0293824
5748	7525	0.0307765
7479	7525	0.0307765
4080	7526	0.0295799
7525	7526	0.0295799
3526	7527	0.0290708
7487	7527	0.0290708
7527	7528	0.0290595
7490	7528	0.0290595
137	7528	0.0290595
7043	7529	0.0289163
7528	7529	0.0289163
6801	7530	0.0288809
7529	7530	0.0288809
7530	7531	0.0287668
7477	7531	0.0287668
7491	7532	0.0290583
7492	7532	0.0290583
7520	7532	0.0290583
1827	7532	0.0290583
7532	7533	0.0287632
5493	7533	0.0287632
25	7534	0.0287376
7533	7534	0.0287376
7261	7535	0.0287294
7534	7535	0.0287294
7466	7536	0.0287484
7481	7536	0.0287484
7524	7537	0.0288675
5774	7537	0.0288675
4488	7538	0.0285463
7531	7538	0.0285463
7538	7539	0.0285257
4177	7539	0.0285257
7539	7540	0.0284978
5229	7540	0.0284978
7535	7541	0.0286373
5325	7541	0.0286373
5147	7542	0.0285248
7536	7542	0.0285248
4159	7543	0.0284961
7540	7543	0.0284961
7541	7543	0.0284961
7542	7543	0.0284961
7537	7543	0.0284961
3894	7543	0.0284961
6115	7544	0.0284842
7543	7544	0.0284842
6147	7545	0.0284688
7544	7545	0.0284688
7545	7546	0.0284623
7325	7546	0.0284623
7546	7547	0.0284022
1660	7547	0.0284022
7385	7548	0.0288952
1032	7548	0.0288952
7472	7549	0.0283505
7547	7549	0.0283505
7549	7550	0.0282975
1905	7550	0.0282975
5990	7551	0.0282886
7550	7551	0.0282886
7551	7552	0.0282581
3651	7552	0.0282581
7470	7553	0.0283736
7384	7553	0.0283736
7552	7554	0.0282335
848	7554	0.0282335
6965	7555	0.0282304
7554	7555	0.0282304
7555	7556	0.0282178
7553	7556	0.0282178
4968	7556	0.0282178
7556	7557	0.0282024
2667	7557	0.0282024
7557	7558	0.028178
7548	7558	0.028178
7393	7559	0.0283962
7526	7559	0.0283962
7097	7560	0.0280919
1044	7560	0.0280919
7127	7561	0.0281759
7558	7561	0.0281759
7561	7562	0.0281377
7465	7562	0.0281377
3968	7563	0.0281238
7562	7563	0.0281238
1275	7564	0.028095
7563	7564	0.028095
7559	7565	0.028078
7473	7565	0.028078
7564	7566	0.0280621
7565	7566	0.0280621
898	7567	0.0280437
7566	7567	0.0280437
1591	7568	0.0280123
7567	7568	0.0280123
1680	7569	0.0279258
7568	7569	0.0279258
7560	7570	0.0279229
7569	7570	0.0279229
1667	7571	0.0408344
6511	7571	0.0408344
7571	7572	0.0360587
4261	7572	0.0360587
6603	7573	0.0415095
6881	7573	0.0415095
4196	7574	0.0404052
5457	7574	0.0404052
7574	7575	0.0375575
27	7575	0.0375575
2835	7576	0.0290087
7575	7576	0.0290087
4187	7577	0.0352312
6609	7577	0.0352312
7577	7578	0.0292174
5148	7578	0.0292174
7578	7579	0.0286768
2340	7579	0.0286768
7579	7580	0.0282183
1553	7580	0.0282183
1472	7581	0.041264
3569	7581	0.041264
7581	7582	0.0412136
7218	7582	0.0412136
6888	7583	0.0382755
7582	7583	0.0382755
7583	7584	0.0377894
6159	7584	0.0377894
3711	7585	0.0364556
7584	7585	0.0364556
42	7586	0.0341135
7585	7586	0.0341135
7091	7587	0.0330224
1407	7587	0.0330224
7586	7588	0.0304221
5433	7588	0.0304221
7588	7589	0.0288338
7587	7589	0.0288338
6635	7590	0.0305025
5592	7590	0.0305025
7018	7591	0.0402985
733	7591	0.0402985
2634	7592	0.0300097
1904	7592	0.0300097
7590	7593	0.028691
7592	7593	0.028691
7591	7594	0.0282605
7593	7594	0.0282605
7109	7595	0.0318717
1067	7595	0.0318717
6708	7596	0.0302327
7595	7596	0.0302327
7111	7597	0.0296584
7596	7597	0.0296584
6848	7598	0.0393536
1669	7598	0.0393536
5056	7599	0.0371782
7598	7599	0.0371782
3254	7600	0.0370667
91	7600	0.0370667
7599	7600	0.0370667
4066	7601	0.0380794
4688	7601	0.0380794
7600	7602	0.0360709
7601	7602	0.0360709
6845	7603	0.0346155
6850	7603	0.0346155
7602	7604	0.0345851
7603	7604	0.0345851
7604	7605	0.0340634
3303	7605	0.0340634
3658	7606	0.033795
7605	7606	0.033795
1442	7607	0.0335725
7606	7607	0.0335725
7607	7608	0.0293339
1192	7608	0.0293339
7608	7609	0.0281657
3297	7609	0.0281657
6639	7610	0.0361462
64	7610	0.0361462
7610	7611	0.0326893
5621	7611	0.0326893
7611	7612	0.0305184
882	7612	0.0305184
6812	7613	0.0361258
7059	7613	0.0361258
2928	7614	0.0353763
7613	7614	0.0353763
7614	7615	0.0304144
189	7615	0.0304144
5323	7616	0.0301563
7615	7616	0.0301563
7612	7617	0.0298815
7616	7617	0.0298815
3390	7618	0.029627
7617	7618	0.029627
7618	7619	0.0293792
4332	7619	0.0293792
6649	7620	0.0383311
208	7620	0.0383311
7620	7621	0.0329706
1724	7621	0.0329706
1144	7622	0.0296473
7621	7622	0.0296473
5074	7623	0.0393809
4245	7623	0.0393809
69	7624	0.0385269
7623	7624	0.0385269
7624	7625	0.0310077
5013	7625	0.0310077
4640	7626	0.030074
7625	7626	0.030074
5436	7627	0.029004
7626	7627	0.029004
1850	7628	0.0287388
7627	7628	0.0287388
5133	7629	0.0412238
1440	7629	0.0412238
7629	7630	0.0312645
78	7630	0.0312645
598	7631	0.0402567
3774	7631	0.0402567
1746	7632	0.0398248
7631	7632	0.0398248
1655	7633	0.0394345
7632	7633	0.0394345
7163	7634	0.0329257
4221	7634	0.0329257
6652	7635	0.0280437
7634	7635	0.0280437
2996	7636	0.0410077
6657	7636	0.0410077
728	7637	0.0390192
4325	7637	0.0390192
2847	7638	0.0396902
6707	7638	0.0396902
7638	7639	0.038695
3576	7639	0.038695
7639	7640	0.0379626
5043	7640	0.0379626
7640	7641	0.0374774
3401	7641	0.0374774
7641	7642	0.0339048
3947	7642	0.0339048
7642	7643	0.0314547
131	7643	0.0314547
7643	7644	0.0283041
3534	7644	0.0283041
1889	7645	0.0343614
5800	7645	0.0343614
1711	7646	0.0322734
6709	7646	0.0322734
2175	7647	0.0292493
7646	7647	0.0292493
7645	7648	0.0281491
7647	7648	0.0281491
1523	7649	0.0315401
146	7649	0.0315401
6739	7650	0.0414505
6188	7650	0.0414505
2671	7651	0.040631
7650	7651	0.040631
5957	7652	0.0386934
7651	7652	0.0386934
653	7653	0.038643
7652	7653	0.038643
7653	7654	0.0371904
5680	7654	0.0371904
7654	7655	0.0350041
2362	7655	0.0350041
7655	7656	0.0342437
4735	7656	0.0342437
7656	7657	0.0311784
390	7657	0.0311784
1036	7658	0.0396875
6941	7658	0.0396875
7658	7659	0.0373492
732	7659	0.0373492
3525	7660	0.0372467
7659	7660	0.0372467
3490	7661	0.0371782
7660	7661	0.0371782
7661	7662	0.0322521
1462	7662	0.0322521
7662	7663	0.0319878
5425	7663	0.0319878
7663	7664	0.0289879
4983	7664	0.0289879
154	7665	0.0285845
7664	7665	0.0285845
4731	7666	0.0364246
6754	7666	0.0364246
7133	7667	0.0302309
3723	7667	0.0302309
7666	7668	0.0299297
7667	7668	0.0299297
4760	7669	0.0296822
7668	7669	0.0296822
157	7670	0.0288754
2735	7670	0.0288754
4835	7671	0.0287362
7670	7671	0.0287362
6742	7672	0.0341259
160	7672	0.0341259
2919	7673	0.028912
7672	7673	0.028912
6758	7674	0.0417354
3542	7674	0.0417354
6929	7675	0.0354215
468	7675	0.0354215
4310	7676	0.03368
5781	7676	0.03368
7674	7677	0.032235
5091	7677	0.032235
7677	7678	0.0300564
7676	7678	0.0300564
7675	7679	0.029928
7678	7679	0.029928
6775	7680	0.0354305
2819	7680	0.0354305
6897	7681	0.0352889
7680	7681	0.0352889
1657	7682	0.0364407
5238	7682	0.0364407
7172	7683	0.0312815
1594	7683	0.0312815
7682	7684	0.0322943
1739	7684	0.0322943
7684	7685	0.0298394
4360	7685	0.0298394
7683	7686	0.0295495
7685	7686	0.0295495
6776	7687	0.0291933
7686	7687	0.0291933
1124	7688	0.0283592
7687	7688	0.0283592
6777	7689	0.0307951
5970	7689	0.0307951
7081	7690	0.0336737
2497	7690	0.0336737
5349	7691	0.0351969
244	7691	0.0351969
1212	7692	0.0329847
7691	7692	0.0329847
7692	7693	0.0329706
1839	7693	0.0329706
1697	7693	0.0329706
7693	7694	0.0316292
1016	7694	0.0316292
3906	7695	0.0309934
7694	7695	0.0309934
6830	7696	0.0298602
7695	7696	0.0298602
7690	7697	0.0286532
7696	7697	0.0286532
6781	7698	0.0378638
2206	7698	0.0378638
5768	7699	0.0386801
7204	7699	0.0386801
4657	7700	0.0343665
7699	7700	0.0343665
197	7701	0.0343305
7700	7701	0.0343305
7701	7702	0.0312595
4179	7702	0.0312595
2094	7703	0.0304774
7702	7703	0.0304774
7703	7704	0.0290149
2482	7704	0.0290149
7704	7705	0.0283473
2085	7705	0.0283473
648	7706	0.0411738
201	7706	0.0411738
7706	7707	0.0307182
4727	7707	0.0307182
6134	7708	0.0355073
6810	7708	0.0355073
7708	7709	0.0306325
4084	7709	0.0306325
2539	7710	0.038234
6960	7710	0.038234
7710	7711	0.034325
550	7711	0.034325
7709	7712	0.0302071
7711	7712	0.0302071
7712	7713	0.0293063
4890	7713	0.0293063
7200	7714	0.0371037
2337	7714	0.0371037
3975	7715	0.0316559
7714	7715	0.0316559
6839	7716	0.0353917
294	7716	0.0353917
6841	7717	0.0348916
7716	7717	0.0348916
7717	7718	0.0343205
214	7718	0.0343205
4376	7719	0.0341971
7718	7719	0.0341971
7719	7720	0.0334759
3161	7720	0.0334759
7720	7721	0.0333044
2657	7721	0.0333044
7721	7722	0.0320271
2546	7722	0.0320271
3164	7723	0.0317178
7722	7723	0.0317178
2656	7724	0.0316974
7723	7724	0.0316974
7724	7725	0.0314936
5875	7725	0.0314936
7162	7726	0.0313019
7725	7726	0.0313019
4430	7727	0.0312129
7726	7727	0.0312129
1602	7728	0.0309535
7727	7728	0.0309535
7728	7729	0.0307358
4321	7729	0.0307358
7729	7730	0.0303752
1948	7730	0.0303752
7730	7731	0.029177
1831	7731	0.029177
7731	7732	0.0287094
4953	7732	0.0287094
2344	7733	0.0415669
1031	7733	0.0415669
3095	7734	0.0322782
2434	7734	0.0322782
5120	7735	0.0319425
7734	7735	0.0319425
7733	7736	0.0317529
7735	7736	0.0317529
6065	7737	0.0313645
7736	7737	0.0313645
6131	7738	0.0288019
7737	7738	0.0288019
7738	7739	0.028463
1168	7739	0.028463
925	7740	0.0408368
1145	7740	0.0408368
7740	7741	0.0321725
5548	7741	0.0321725
6813	7742	0.0295523
221	7742	0.0295523
6819	7743	0.0385178
3760	7743	0.0385178
4131	7744	0.0356868
7743	7744	0.0356868
6834	7745	0.0335829
2475	7745	0.0335829
7745	7746	0.0321837
2201	7746	0.0321837
7746	7747	0.0289582
1106	7747	0.0289582
3148	7748	0.028105
315	7748	0.028105
322	7749	0.0402823
339	7749	0.0402823
3609	7750	0.0389429
7749	7750	0.0389429
1543	7751	0.0381746
7750	7751	0.0381746
931	7752	0.0323999
409	7752	0.0323999
7751	7753	0.0319367
7752	7753	0.0319367
3659	7754	0.0404342
486	7754	0.0404342
3597	7755	0.0400131
6851	7755	0.0400131
7754	7756	0.0393794
7755	7756	0.0393794
2825	7757	0.0343934
334	7757	0.0343934
6873	7758	0.0405079
1377	7758	0.0405079
7758	7759	0.0299782
3895	7759	0.0299782
7759	7760	0.0298985
2008	7760	0.0298985
400	7761	0.037638
7121	7761	0.037638
1940	7762	0.0392705
3550	7762	0.0392705
7196	7763	0.0372924
7762	7763	0.0372924
6890	7764	0.0325388
7763	7764	0.0325388
7764	7765	0.0316714
6033	7765	0.0316714
7765	7766	0.0289928
3241	7766	0.0289928
6090	7767	0.0320933
5607	7767	0.0320933
7202	7768	0.0340098
5708	7768	0.0340098
6907	7769	0.0288903
1029	7769	0.0288903
6936	7770	0.0366228
5108	7770	0.0366228
6957	7771	0.0412606
528	7771	0.0412606
1921	7772	0.0404661
4867	7772	0.0404661
810	7773	0.0389785
7772	7773	0.0389785
7771	7774	0.0339976
7773	7774	0.0339976
7774	7775	0.0282103
6059	7775	0.0282103
3004	7776	0.0367324
2017	7776	0.0367324
7776	7777	0.0322853
5128	7777	0.0322853
7777	7778	0.030489
540	7778	0.030489
1974	7779	0.0404507
3280	7779	0.0404507
7779	7780	0.0388857
3453	7780	0.0388857
7780	7781	0.0292758
1575	7781	0.0292758
7042	7782	0.0393127
2389	7782	0.0393127
7782	7783	0.0360788
770	7783	0.0360788
7783	7784	0.0359775
1019	7784	0.0359775
7784	7785	0.0353284
5062	7785	0.0353284
7223	7786	0.0349106
7785	7786	0.0349106
7013	7787	0.0372028
5256	7787	0.0372028
7787	7788	0.0369903
7016	7788	0.0369903
7788	7789	0.032422
5351	7789	0.032422
7789	7790	0.0320014
4549	7790	0.0320014
7790	7791	0.0309687
4475	7791	0.0309687
7791	7792	0.0288781
4467	7792	0.0288781
698	7793	0.0403488
3867	7793	0.0403488
7793	7794	0.0304643
4273	7794	0.0304643
7794	7795	0.0280818
1955	7795	0.0280818
4151	7796	0.0405037
3414	7796	0.0405037
7796	7797	0.0299158
5116	7797	0.0299158
701	7798	0.0285635
7797	7798	0.0285635
704	7799	0.0302057
3011	7799	0.0302057
7021	7800	0.0388557
3007	7800	0.0388557
7800	7801	0.0328053
741	7801	0.0328053
7022	7802	0.0295939
7801	7802	0.0295939
746	7803	0.0334852
1598	7803	0.0334852
3754	7804	0.0298096
759	7804	0.0298096
5205	7805	0.0346611
785	7805	0.0346611
7805	7806	0.0308879
1265	7806	0.0308879
871	7807	0.0302218
6125	7807	0.0302218
7053	7808	0.02956
7807	7808	0.02956
2752	7809	0.0290464
7808	7809	0.0290464
1545	7810	0.0288916
7809	7810	0.0288916
7052	7811	0.0301953
4864	7811	0.0301953
3425	7812	0.0319778
870	7812	0.0319778
7075	7813	0.035015
4874	7813	0.035015
1981	7814	0.0320309
1352	7814	0.0320309
7152	7815	0.0303847
7814	7815	0.0303847
7149	7816	0.0298665
7815	7816	0.0298665
7094	7817	0.0367883
6027	7817	0.0367883
2781	7818	0.0393291
5932	7818	0.0393291
7818	7819	0.0324141
3602	7819	0.0324141
1010	7820	0.0279982
4370	7820	0.0279982
7096	7821	0.0361973
2396	7821	0.0361973
7821	7822	0.0361609
4576	7822	0.0361609
7822	7823	0.0350325
1391	7823	0.0350325
1322	7824	0.0302655
7823	7824	0.0302655
2628	7825	0.0297972
7824	7825	0.0297972
7825	7826	0.0290477
3923	7826	0.0290477
7826	7827	0.0289653
4327	7827	0.0289653
2861	7828	0.0279388
5019	7828	0.0279388
7108	7829	0.0414745
4698	7829	0.0414745
4396	7830	0.0414278
7829	7830	0.0414278
2324	7831	0.0406936
1525	7831	0.0406936
7830	7832	0.0286733
7831	7832	0.0286733
3399	7833	0.0335032
2440	7833	0.0335032
7212	7834	0.0300732
7833	7834	0.0300732
1096	7835	0.0380736
1484	7835	0.0380736
7132	7836	0.0403685
1894	7836	0.0403685
4814	7837	0.037517
7836	7837	0.037517
7144	7838	0.0314329
1245	7838	0.0314329
3911	7839	0.0307485
7838	7839	0.0307485
6252	7840	0.0385943
1463	7840	0.0385943
7840	7841	0.0375942
3476	7841	0.0375942
7841	7842	0.0297442
4682	7842	0.0297442
7842	7843	0.0293915
5170	7843	0.0293915
7843	7844	0.028526
1231	7844	0.028526
2865	7845	0.0323187
3768	7845	0.0323187
4948	7846	0.0332386
3354	7846	0.0332386
7161	7847	0.0416778
1436	7847	0.0416778
7148	7848	0.0378359
7847	7848	0.0378359
7848	7849	0.0316798
4773	7849	0.0316798
7849	7850	0.03092
2811	7850	0.03092
7157	7851	0.03033
3563	7851	0.03033
7851	7852	0.029324
3156	7852	0.029324
7852	7853	0.0282641
1368	7853	0.0282641
5029	7854	0.0316618
1396	7854	0.0316618
1468	7855	0.0325194
4822	7855	0.0325194
3268	7856	0.0405401
1552	7856	0.0405401
7856	7857	0.0326987
5365	7857	0.0326987
7170	7858	0.0323428
6194	7858	0.0323428
7858	7859	0.0322983
3585	7859	0.0322983
7859	7860	0.0307318
5728	7860	0.0307318
7860	7861	0.0282943
3201	7861	0.0282943
7173	7862	0.0294076
3309	7862	0.0294076
1619	7863	0.0416204
2724	7863	0.0416204
7211	7864	0.0388812
7863	7864	0.0388812
7864	7865	0.0314704
2961	7865	0.0314704
1967	7866	0.0305805
1665	7866	0.0305805
5258	7867	0.031007
2352	7867	0.031007
5826	7868	0.0301412
7867	7868	0.0301412
3107	7869	0.030794
5165	7869	0.030794
7191	7870	0.0394743
3266	7870	0.0394743
4932	7871	0.0285382
7870	7871	0.0285382
2719	7872	0.0322987
1826	7872	0.0322987
7193	7873	0.0318296
2707	7873	0.0318296
7195	7874	0.028143
5184	7874	0.028143
3419	7875	0.0295867
2226	7875	0.0295867
5071	7876	0.0313913
3667	7876	0.0313913
7208	7877	0.0318744
2377	7877	0.0318744
2698	7878	0.0291509
4076	7878	0.0291509
4666	7879	0.0375679
4842	7879	0.0375679
2633	7880	0.0338612
7879	7880	0.0338612
7228	7881	0.033834
7880	7881	0.033834
4567	7882	0.0323419
3123	7882	0.0323419
3299	7883	0.0330205
3463	7883	0.0330205
4600	7884	0.0310593
3893	7884	0.0310593
5719	7885	0.0295765
4218	7885	0.0295765
3950	7886	0.0409003
3804	7886	0.0409003
5613	7887	0.0405266
4571	7887	0.0405266
5442	7888	0.0325416
4728	7888	0.0325416
150	7889	0.0278969
5134	7889	0.0278969
7648	7890	0.0243643
7811	7890	0.0243643
7633	7891	0.0260086
3189	7891	0.0260086
7891	7892	0.0258716
7635	7892	0.0258716
7892	7893	0.0252208
83	7893	0.0252208
614	7894	0.0239345
7893	7894	0.0239345
7572	7895	0.0273228
4863	7895	0.0273228
7895	7896	0.0255211
7	7896	0.0255211
3398	7897	0.0246448
7082	7897	0.0246448
7636	7898	0.02563
1310	7898	0.02563
7898	7899	0.0251108
89	7899	0.0251108
1952	7900	0.0264709
6843	7900	0.0264709
4421	7901	0.0242348
2610	7901	0.0242348
4113	7902	0.0265017
939	7902	0.0265017
967	7903	0.0275335
7589	7903	0.0275335
7903	7904	0.0273058
4083	7904	0.0273058
7904	7905	0.0260521
744	7905	0.0260521
4029	7906	0.0277079
7238	7906	0.0277079
7247	7907	0.0271835
1557	7907	0.0271835
4711	7908	0.0278609
7570	7908	0.0278609
7908	7909	0.0278306
6062	7909	0.0278306
7909	7910	0.0278226
679	7910	0.0278226
7910	7911	0.0277715
2808	7911	0.0277715
2331	7912	0.0277678
7911	7912	0.0277678
7792	7913	0.0279149
7795	7913	0.0279149
3044	7914	0.0277387
7912	7914	0.0277387
5426	7915	0.0277004
7914	7915	0.0277004
7786	7916	0.0277138
3362	7916	0.0277138
7915	7917	0.0276645
7580	7917	0.0276645
7916	7918	0.0276927
4819	7918	0.0276927
1020	7919	0.027553
7917	7919	0.027553
7918	7919	0.027553
7913	7919	0.027553
7014	7920	0.0275487
7919	7920	0.0275487
7920	7921	0.0275194
5490	7921	0.0275194
7921	7922	0.0275117
3930	7922	0.0275117
6938	7923	0.0275079
7250	7923	0.0275079
7922	7923	0.0275079
7766	7923	0.0275079
3941	7923	0.0275079
7923	7924	0.027498
7884	7924	0.027498
7924	7925	0.0274738
2241	7925	0.0274738
7925	7926	0.0273853
5539	7926	0.0273853
7233	7927	0.0273823
7926	7927	0.0273823
3927	7928	0.0273752
7927	7928	0.0273752
7928	7929	0.0273595
7810	7929	0.0273595
1485	7930	0.027318
7929	7930	0.027318
7930	7931	0.0272598
3271	7931	0.0272598
5576	7932	0.0272067
7931	7932	0.0272067
3999	7933	0.0272058
7932	7933	0.0272058
7644	7934	0.0271991
7933	7934	0.0271991
1510	7934	0.0271991
1224	7934	0.0271991
5601	7935	0.0271045
7934	7935	0.0271045
321	7936	0.0270944
7935	7936	0.0270944
7875	7937	0.0272563
2960	7937	0.0272563
5866	7938	0.0270875
7936	7938	0.0270875
7937	7938	0.0270875
7938	7939	0.0270739
537	7939	0.0270739
6704	7940	0.0270575
7705	7940	0.0270575
7939	7940	0.0270575
7237	7941	0.0270128
850	7941	0.0270128
7940	7941	0.0270128
7142	7942	0.0269236
7941	7942	0.0269236
6899	7943	0.0268766
7942	7943	0.0268766
798	7943	0.0268766
874	7944	0.0268618
7943	7944	0.0268618
6997	7945	0.0268145
7944	7945	0.0268145
7945	7946	0.026804
7873	7946	0.026804
2130	7947	0.0267957
7946	7947	0.0267957
7947	7948	0.0267642
2151	7948	0.0267642
3409	7949	0.026762
7948	7949	0.026762
1546	7950	0.0267175
7949	7950	0.0267175
7950	7951	0.0266822
2291	7951	0.0266822
3364	7952	0.0266236
7951	7952	0.0266236
2211	7953	0.0265904
7952	7953	0.0265904
7240	7954	0.0265792
7953	7954	0.0265792
7657	7955	0.0267048
1770	7955	0.0267048
7955	7956	0.0265448
1603	7956	0.0265448
7688	7957	0.0275902
5942	7957	0.0275902
7697	7958	0.0270307
2034	7958	0.0270307
7242	7959	0.0261438
650	7959	0.0261438
7169	7960	0.0265324
1597	7960	0.0265324
7954	7961	0.026521
5066	7961	0.026521
7961	7962	0.0265185
6003	7962	0.0265185
7962	7963	0.0265024
3995	7963	0.0265024
976	7963	0.0265024
2000	7964	0.0264907
7963	7964	0.0264907
7964	7965	0.0264411
7874	7965	0.0264411
2711	7966	0.026415
7965	7966	0.026415
7966	7967	0.0264027
5968	7967	0.0264027
7967	7968	0.0263996
815	7968	0.0263996
7968	7969	0.0263891
2717	7969	0.0263891
5916	7970	0.0263297
7969	7970	0.0263297
7970	7971	0.0263225
3449	7971	0.0263225
7243	7972	0.0263086
7971	7972	0.0263086
7972	7973	0.0263084
2056	7973	0.0263084
7973	7974	0.026286
5544	7974	0.026286
6171	7975	0.0262666
7974	7975	0.0262666
7975	7976	0.0262654
4805	7976	0.0262654
7976	7977	0.0262577
7957	7977	0.0262577
7977	7978	0.0262559
182	7978	0.0262559
7978	7979	0.0262498
4877	7979	0.0262498
7979	7980	0.0262472
3918	7980	0.0262472
7980	7981	0.0262273
549	7981	0.0262273
1349	7982	0.0262098
7770	7982	0.0262098
7981	7982	0.0262098
3574	7983	0.026185
7982	7983	0.026185
2956	7984	0.0261774
3084	7984	0.0261774
7983	7984	0.0261774
7984	7985	0.0261162
3372	7985	0.0261162
4723	7986	0.0261815
7888	7986	0.0261815
7985	7987	0.0260992
3703	7987	0.0260992
7232	7988	0.0260897
984	7988	0.0260897
7987	7988	0.0260897
7988	7989	0.0260642
556	7989	0.0260642
2940	7990	0.02605
7989	7990	0.02605
7990	7991	0.0260186
5193	7991	0.0260186
7143	7992	0.0260101
7991	7992	0.0260101
7992	7993	0.0259868
5041	7993	0.0259868
7993	7994	0.0259842
5684	7994	0.0259842
7994	7995	0.0259743
5292	7995	0.0259743
2073	7996	0.0259685
7995	7996	0.0259685
1112	7997	0.0259593
7996	7997	0.0259593
7637	7998	0.025906
2394	7998	0.025906
7997	7998	0.025906
7876	7998	0.025906
7998	7999	0.0258972
4015	7999	0.0258972
7999	8000	0.0258946
7958	8000	0.0258946
7862	8000	0.0258946
8000	8001	0.0258883
5381	8001	0.0258883
7956	8001	0.0258883
3421	8002	0.0258836
8001	8002	0.0258836
6494	8003	0.025861
8002	8003	0.025861
7698	8004	0.0258361
8003	8004	0.0258361
7665	8005	0.0258152
7959	8005	0.0258152
7960	8005	0.0258152
8004	8005	0.0258152
2039	8006	0.0257978
8005	8006	0.0257978
8006	8007	0.0257712
855	8007	0.0257712
8007	8008	0.0257672
3880	8008	0.0257672
8008	8009	0.025757
7986	8009	0.025757
8009	8010	0.0257546
5201	8010	0.0257546
7630	8011	0.0257465
8010	8011	0.0257465
8011	8012	0.0257436
3564	8012	0.0257436
8012	8013	0.0256795
465	8013	0.0256795
7609	8014	0.0269803
7866	8014	0.0269803
7619	8015	0.027744
3721	8015	0.027744
8015	8016	0.027354
1128	8016	0.027354
8016	8017	0.0273027
4978	8017	0.0273027
7669	8018	0.0275763
2253	8018	0.0275763
8018	8019	0.0272229
7671	8019	0.0272229
1945	8020	0.0263165
8019	8020	0.0263165
795	8021	0.0262115
8020	8021	0.0262115
663	8022	0.0275604
7739	8022	0.0275604
7741	8023	0.0277043
7742	8023	0.0277043
8022	8024	0.0266523
8023	8024	0.0266523
7850	8025	0.0263497
2645	8025	0.0263497
6743	8026	0.0259674
8025	8026	0.0259674
3974	8027	0.0279036
7747	8027	0.0279036
981	8028	0.0256842
8027	8028	0.0256842
348	8029	0.026413
687	8029	0.026413
877	8030	0.0260506
8029	8030	0.0260506
7767	8031	0.0277275
5674	8031	0.0277275
6942	8032	0.0261132
3172	8032	0.0261132
5126	8033	0.0274827
7781	8033	0.0274827
8033	8034	0.0269738
907	8034	0.0269738
8034	8035	0.0258855
2854	8035	0.0258855
779	8036	0.0276003
7855	8036	0.0276003
7827	8037	0.0269823
1505	8037	0.0269823
8037	8038	0.0259496
4927	8038	0.0259496
7878	8039	0.0261741
2511	8039	0.0261741
7832	8040	0.0258455
8039	8040	0.0258455
7835	8041	0.0260794
4145	8041	0.0260794
7844	8042	0.0274067
5430	8042	0.0274067
8042	8043	0.0258455
4667	8043	0.0258455
7845	8044	0.026372
7853	8044	0.026372
4021	8045	0.0256881
7857	8045	0.0256881
7868	8046	0.0262262
5018	8046	0.0262262
7905	8047	0.0255814
4721	8047	0.0255814
1384	8048	0.0252842
8045	8048	0.0252842
529	8049	0.024876
8048	8049	0.024876
8013	8050	0.025675
6086	8050	0.025675
5421	8051	0.0255907
8050	8051	0.0255907
8051	8052	0.0255877
6220	8052	0.0255877
7753	8053	0.0255814
8052	8053	0.0255814
8053	8054	0.0255762
8028	8054	0.0255762
3116	8055	0.0255636
8054	8055	0.0255636
5348	8055	0.0255636
7812	8055	0.0255636
8055	8056	0.0254898
7877	8056	0.0254898
3549	8057	0.025485
8056	8057	0.025485
1285	8058	0.0254338
8057	8058	0.0254338
8058	8059	0.0254088
2632	8059	0.0254088
8059	8060	0.0253598
8031	8060	0.0253598
2163	8061	0.0253582
8060	8061	0.0253582
7229	8062	0.0253532
8061	8062	0.0253532
8062	8063	0.0253431
8032	8063	0.0253431
1862	8064	0.0253375
8063	8064	0.0253375
3884	8065	0.0253104
8064	8065	0.0253104
8065	8066	0.0252876
3598	8066	0.0252876
6975	8067	0.0252858
8066	8067	0.0252858
5812	8068	0.0252742
8067	8068	0.0252742
8068	8069	0.0252515
6650	8069	0.0252515
8069	8070	0.0252449
5350	8070	0.0252449
8021	8071	0.0253868
7622	8071	0.0253868
5867	8072	0.0256509
8024	8072	0.0256509
8026	8073	0.025464
1942	8073	0.025464
7679	8074	0.0254411
4204	8074	0.0254411
7839	8075	0.0252191
8043	8075	0.0252191
8035	8076	0.0253004
4479	8076	0.0253004
7802	8077	0.0254137
5187	8077	0.0254137
1166	8078	0.0252077
8070	8078	0.0252077
8078	8079	0.0251571
8072	8079	0.0251571
8074	8079	0.0251571
8040	8079	0.0251571
8075	8079	0.0251571
8076	8079	0.0251571
8077	8079	0.0251571
3866	8079	0.0251571
8079	8080	0.0251401
4338	8080	0.0251401
8080	8081	0.0251378
4377	8081	0.0251378
8081	8082	0.0251363
4630	8082	0.0251363
7871	8083	0.0251064
8082	8083	0.0251064
8083	8084	0.0251045
5928	8084	0.0251045
8084	8085	0.0250902
8036	8085	0.0250902
3652	8085	0.0250902
8085	8086	0.0250852
8071	8086	0.0250852
8086	8087	0.0250849
8073	8087	0.0250849
8087	8088	0.0250721
4719	8088	0.0250721
8088	8089	0.025069
1849	8089	0.025069
8089	8090	0.0250568
5631	8090	0.0250568
6197	8091	0.0250506
8090	8091	0.0250506
7906	8092	0.0250473
8091	8092	0.0250473
8092	8093	0.0250445
3357	8093	0.0250445
5661	8094	0.0249893
8093	8094	0.0249893
8094	8095	0.0249095
2216	8095	0.0249095
6902	8096	0.0248955
8095	8096	0.0248955
8096	8097	0.0248603
8014	8097	0.0248603
8017	8097	0.0248603
3798	8097	0.0248603
8097	8098	0.0248366
92	8098	0.0248366
1104	8099	0.0248068
8098	8099	0.0248068
829	8100	0.0248012
8099	8100	0.0248012
8100	8101	0.024772
8030	8101	0.024772
8101	8102	0.0247489
4958	8102	0.0247489
7209	8103	0.0246584
8102	8103	0.0246584
8038	8104	0.0251781
4493	8104	0.0251781
41	8105	0.0250909
8104	8105	0.0250909
3150	8106	0.0249748
8105	8106	0.0249748
8106	8107	0.0248422
4827	8107	0.0248422
1085	8108	0.0249291
8041	8108	0.0249291
8046	8109	0.0250239
1714	8109	0.0250239
8044	8110	0.0245051
8047	8110	0.0245051
8103	8111	0.0246465
4091	8111	0.0246465
8111	8112	0.0246195
1427	8112	0.0246195
7234	8113	0.0246152
8112	8113	0.0246152
6855	8114	0.0246017
8113	8114	0.0246017
204	8115	0.0245588
8114	8115	0.0245588
938	8116	0.0245398
8115	8116	0.0245398
4499	8117	0.0245353
8116	8117	0.0245353
4785	8118	0.0245272
8117	8118	0.0245272
8049	8119	0.0245065
8118	8119	0.0245065
8119	8120	0.0244712
4578	8120	0.0244712
1638	8120	0.0244712
404	8121	0.0245457
8107	8121	0.0245457
8121	8122	0.0245444
1033	8122	0.0245444
8120	8123	0.0244502
3053	8123	0.0244502
4114	8124	0.024431
8123	8124	0.024431
8124	8125	0.0244181
1720	8125	0.0244181
7182	8126	0.0244137
8125	8126	0.0244137
8109	8126	0.0244137
8126	8127	0.024402
4470	8127	0.024402
8127	8128	0.0243911
2459	8128	0.0243911
8110	8129	0.0243893
8128	8129	0.0243893
8108	8129	0.0243893
8122	8129	0.0243893
3270	8129	0.0243893
8129	8130	0.0243643
1882	8130	0.0243643
7649	8131	0.0243178
8130	8131	0.0243178
8131	8132	0.0243073
978	8132	0.0243073
8132	8133	0.0242427
450	8133	0.0242427
933	8133	0.0242427
7803	8134	0.0242413
8133	8134	0.0242413
8134	8135	0.0242405
5218	8135	0.0242405
5118	8136	0.024224
8135	8136	0.024224
8136	8137	0.0241967
3213	8137	0.0241967
8137	8138	0.0241879
2032	8138	0.0241879
8138	8139	0.0241842
5231	8139	0.0241842
7757	8140	0.0241652
8139	8140	0.0241652
4817	8141	0.0241499
8140	8141	0.0241499
8141	8142	0.0241352
3073	8142	0.0241352
3527	8143	0.0241222
8142	8143	0.0241222
8143	8144	0.0240942
2673	8144	0.0240942
8144	8145	0.0240888
4752	8145	0.0240888
7597	8146	0.0240878
8145	8146	0.0240878
8146	8147	0.0240824
2812	8147	0.0240824
1515	8148	0.0240677
8147	8148	0.0240677
5042	8149	0.0240519
8148	8149	0.0240519
5241	8150	0.0240428
8149	8150	0.0240428
8150	8151	0.0240412
2589	8151	0.0240412
7141	8152	0.0240405
8151	8152	0.0240405
7179	8153	0.024017
8152	8153	0.024017
659	8154	0.0240162
8153	8154	0.0240162
8154	8155	0.0240006
977	8155	0.0240006
1834	8156	0.0239981
8155	8156	0.0239981
4014	8157	0.0239773
8156	8157	0.0239773
7907	8158	0.0239716
8157	8158	0.0239716
2957	8159	0.023967
8158	8159	0.023967
350	8160	0.0239364
8159	8160	0.0239364
8160	8161	0.0239141
4608	8161	0.0239141
8161	8162	0.0239137
4601	8162	0.0239137
8162	8163	0.0239116
114	8163	0.0239116
6838	8164	0.0238984
8163	8164	0.0238984
8164	8165	0.0238877
2365	8165	0.0238877
8165	8166	0.0238866
7865	8166	0.0238866
7576	8167	0.0244747
7817	8167	0.0244747
8167	8168	0.0239003
1683	8168	0.0239003
814	8169	0.027793
38	8169	0.027793
664	8170	0.024973
8169	8170	0.024973
7215	8171	0.0268747
3437	8171	0.0268747
2502	8172	0.0265553
8171	8172	0.0265553
5992	8173	0.0255644
4038	8173	0.0255644
4304	8174	0.0242235
8173	8174	0.0242235
7861	8175	0.0277346
3531	8175	0.0277346
8175	8176	0.0271169
1578	8176	0.0271169
6989	8177	0.0256436
8176	8177	0.0256436
8177	8178	0.0256272
2071	8178	0.0256272
7628	8179	0.0249077
4448	8179	0.0249077
658	8180	0.0244035
8179	8180	0.0244035
70	8181	0.0255082
5759	8181	0.0255082
7689	8182	0.0257631
957	8182	0.0257631
7099	8183	0.027396
7713	8183	0.027396
8183	8184	0.0258381
2962	8184	0.0258381
8184	8185	0.0245037
1709	8185	0.0245037
8185	8186	0.0243491
3308	8186	0.0243491
8186	8187	0.0242538
1049	8187	0.0242538
4210	8188	0.0273764
7732	8188	0.0273764
8188	8189	0.0264692
3516	8189	0.0264692
8189	8190	0.0264553
1971	8190	0.0264553
3436	8191	0.0266811
7872	8191	0.0266811
2292	8192	0.0261054
8191	8192	0.0261054
384	8193	0.0259393
8192	8193	0.0259393
7760	8194	0.0263766
2491	8194	0.0263766
3756	8195	0.0246754
7761	8195	0.0246754
7778	8196	0.0250986
6064	8196	0.0250986
6963	8197	0.0269157
1378	8197	0.0269157
8197	8198	0.0262812
563	8198	0.0262812
1003	8199	0.0258726
3903	8199	0.0258726
7799	8200	0.026549
822	8200	0.026549
4354	8201	0.0249911
8200	8201	0.0249911
8201	8202	0.0245468
762	8202	0.0245468
7806	8203	0.0248583
5208	8203	0.0248583
7067	8204	0.0260475
1008	8204	0.0260475
5336	8205	0.0252117
8204	8205	0.0252117
7122	8206	0.0252327
1107	8206	0.0252327
7128	8207	0.0246707
3244	8207	0.0246707
1179	8208	0.0249883
4330	8208	0.0249883
7176	8209	0.0254286
4505	8209	0.0254286
1320	8210	0.0241603
8209	8210	0.0241603
7854	8211	0.0243205
4105	8211	0.0243205
3623	8212	0.0262759
1491	8212	0.0262759
3621	8213	0.0239345
8212	8213	0.0239345
4268	8214	0.0262182
4094	8214	0.0262182
5998	8215	0.0260646
8214	8215	0.0260646
7869	8216	0.024826
1755	8216	0.024826
7213	8217	0.0246316
2692	8217	0.0246316
4176	8218	0.0261103
3029	8218	0.0261103
7882	8219	0.024736
4088	8219	0.024736
5408	8220	0.0267321
5476	8220	0.0267321
7897	8221	0.0237447
7902	8221	0.0237447
7681	8222	0.0235929
1304	8222	0.0235929
8221	8223	0.0221692
8222	8223	0.0221692
8216	8224	0.0237215
5733	8224	0.0237215
2964	8225	0.023077
7894	8225	0.023077
8225	8226	0.0228241
2165	8226	0.0228241
7816	8227	0.0237721
8217	8227	0.0237721
4116	8228	0.0235803
8227	8228	0.0235803
7889	8229	0.0234588
6149	8229	0.0234588
8166	8230	0.0238697
5584	8230	0.0238697
7819	8231	0.0238522
7896	8231	0.0238522
8230	8231	0.0238522
7594	8231	0.0238522
8205	8231	0.0238522
8231	8232	0.0238431
4837	8232	0.0238431
8232	8233	0.0237962
1585	8233	0.0237962
6499	8234	0.0237544
8233	8234	0.0237544
8234	8235	0.0237524
8172	8235	0.0237524
8178	8235	0.0237524
6227	8235	0.0237524
8235	8236	0.0237482
8182	8236	0.0237482
7166	8237	0.0237387
8194	8237	0.0237387
8236	8237	0.0237387
8237	8238	0.0237269
5020	8238	0.0237269
8238	8239	0.0237257
6236	8239	0.0237257
7768	8240	0.0237208
8239	8240	0.0237208
8240	8241	0.0237055
4255	8241	0.0237055
8241	8242	0.0236777
6922	8242	0.0236777
2741	8243	0.0236719
8242	8243	0.0236719
3908	8244	0.0236579
8243	8244	0.0236579
4395	8244	0.0236579
7020	8245	0.0236489
8244	8245	0.0236489
8245	8246	0.0236334
1563	8246	0.0236334
8246	8247	0.0236284
8207	8247	0.0236284
8247	8248	0.0236026
1495	8248	0.0236026
8248	8249	0.0235821
5023	8249	0.0235821
4862	8250	0.0235771
2096	8250	0.0235771
8249	8250	0.0235771
8250	8251	0.0235661
4052	8251	0.0235661
7886	8252	0.0235596
8251	8252	0.0235596
1817	8253	0.0235577
8252	8253	0.0235577
7100	8254	0.0235512
8253	8254	0.0235512
8254	8255	0.0235498
354	8255	0.0235498
4345	8256	0.0235394
8255	8256	0.0235394
8256	8257	0.0235004
1555	8257	0.0235004
8257	8258	0.0234982
299	8258	0.0234982
8258	8259	0.0234806
5611	8259	0.0234806
6800	8260	0.0235183
183	8260	0.0235183
1309	8261	0.0237341
1403	8261	0.0237341
161	8262	0.0234537
8259	8262	0.0234537
8262	8263	0.0234185
7837	8263	0.0234185
5267	8263	0.0234185
8263	8264	0.0234062
4334	8264	0.0234062
7715	8265	0.0234023
8264	8265	0.0234023
7881	8266	0.0233936
8265	8266	0.0233936
8266	8267	0.0233575
1306	8267	0.0233575
7834	8268	0.023347
8267	8268	0.023347
8187	8269	0.0234443
1707	8269	0.0234443
8268	8270	0.0233333
8180	8270	0.0233333
8269	8270	0.0233333
343	8270	0.0233333
8270	8271	0.0233177
8261	8271	0.0233177
8271	8272	0.0232942
8206	8272	0.0232942
7890	8273	0.0232859
8272	8273	0.0232859
4513	8273	0.0232859
7901	8274	0.0232745
8273	8274	0.0232745
8274	8275	0.0232714
4347	8275	0.0232714
8275	8276	0.0232695
3250	8276	0.0232695
3627	8277	0.023284
7885	8277	0.023284
6208	8278	0.0232645
8276	8278	0.0232645
574	8279	0.0232345
8278	8279	0.0232345
8279	8280	0.023226
8190	8280	0.023226
8277	8280	0.023226
4873	8280	0.023226
5695	8281	0.0232059
8280	8281	0.0232059
8281	8282	0.0232048
453	8282	0.0232048
7744	8283	0.0231953
8282	8283	0.0231953
8283	8284	0.0231921
210	8284	0.0231921
8284	8285	0.0231776
5117	8285	0.0231776
8174	8286	0.0231766
8285	8286	0.0231766
7098	8287	0.0231737
2685	8287	0.0231737
8286	8287	0.0231737
8287	8288	0.0231705
362	8288	0.0231705
7900	8289	0.0231676
8288	8289	0.0231676
8289	8290	0.0231542
7707	8290	0.0231542
8290	8291	0.023137
8260	8291	0.023137
8170	8291	0.023137
5831	8292	0.0231047
8291	8292	0.0231047
438	8293	0.0234929
521	8293	0.0234929
8198	8294	0.0238236
5901	8294	0.0238236
8199	8295	0.0236066
682	8295	0.0236066
7798	8296	0.023347
5197	8296	0.023347
8292	8297	0.0231017
8196	8297	0.0231017
4804	8297	0.0231017
8297	8298	0.0231004
8181	8298	0.0231004
8298	8299	0.0230988
8219	8299	0.0230988
7828	8300	0.0230554
8299	8300	0.0230554
8300	8301	0.0230345
7813	8301	0.0230345
8301	8302	0.0230301
2301	8302	0.0230301
8229	8303	0.0230169
8302	8303	0.0230169
8303	8304	0.0230046
3483	8304	0.0230046
5329	8305	0.0229928
8304	8305	0.0229928
8305	8306	0.0229913
1084	8306	0.0229913
8306	8307	0.0229272
1184	8307	0.0229272
8307	8308	0.022911
859	8308	0.022911
8308	8309	0.0229024
8203	8309	0.0229024
8309	8310	0.0228736
2115	8310	0.0228736
8310	8311	0.0228568
6036	8311	0.0228568
6237	8312	0.0228519
8311	8312	0.0228519
4665	8313	0.022814
8312	8313	0.022814
8313	8314	0.0228013
1966	8314	0.0228013
8314	8315	0.0227938
3355	8315	0.0227938
8315	8316	0.022778
3089	8316	0.022778
8316	8317	0.0227646
2157	8317	0.0227646
8317	8318	0.0227623
8294	8318	0.0227623
7219	8319	0.0227595
8318	8319	0.0227595
3305	8320	0.0227376
8319	8320	0.0227376
8320	8321	0.0227299
2067	8321	0.0227299
1421	8322	0.0227241
8321	8322	0.0227241
8322	8323	0.0227214
8296	8323	0.0227214
8323	8324	0.0227059
3983	8324	0.0227059
4530	8325	0.022704
8324	8325	0.022704
1253	8326	0.0226535
8325	8326	0.0226535
278	8327	0.0226527
8326	8327	0.0226527
7239	8328	0.0226515
8327	8328	0.0226515
8218	8328	0.0226515
8328	8329	0.0226183
3709	8329	0.0226183
7199	8330	0.0225922
8329	8330	0.0225922
7192	8331	0.0225878
8330	8331	0.0225878
8331	8332	0.022578
1196	8332	0.022578
1243	8332	0.022578
3558	8333	0.0225747
8332	8333	0.0225747
2443	8334	0.0225338
8333	8334	0.0225338
3582	8334	0.0225338
8334	8335	0.0225284
4337	8335	0.0225284
8335	8336	0.0225242
489	8336	0.0225242
8336	8337	0.0224779
4893	8337	0.0224779
8337	8338	0.0224429
8211	8338	0.0224429
399	8339	0.0224305
8338	8339	0.0224305
7846	8340	0.0224297
8339	8340	0.0224297
8340	8341	0.0224115
544	8341	0.0224115
8341	8342	0.0224094
5384	8342	0.0224094
3725	8343	0.0224041
8342	8343	0.0224041
8295	8344	0.0225205
993	8344	0.0225205
8343	8345	0.0223944
5750	8345	0.0223944
8345	8346	0.0223418
8293	8346	0.0223418
3359	8347	0.0223195
8346	8347	0.0223195
4849	8348	0.0223112
8347	8348	0.0223112
8348	8349	0.0222867
801	8349	0.0222867
7756	8350	0.0222825
8349	8350	0.0222825
7748	8351	0.0222558
8350	8351	0.0222558
5559	8352	0.0222393
8351	8352	0.0222393
1102	8353	0.0222231
8352	8353	0.0222231
8353	8354	0.0222209
2929	8354	0.0222209
7673	8355	0.0222187
8354	8355	0.0222187
8344	8355	0.0222187
3487	8356	0.0222111
8355	8356	0.0222111
8356	8357	0.0222099
2998	8357	0.0222099
5746	8357	0.0222099
5232	8358	0.0221955
7227	8358	0.0221955
8357	8358	0.0221955
5591	8359	0.0221949
8358	8359	0.0221949
4800	8360	0.0221755
8359	8360	0.0221755
8360	8361	0.0221713
4363	8361	0.0221713
8202	8362	0.022785
1402	8362	0.022785
8213	8363	0.022814
5106	8363	0.022814
7804	8364	0.0222994
8363	8364	0.0222994
5363	8365	0.0233986
8208	8365	0.0233986
7158	8366	0.0237189
1414	8366	0.0237189
5230	8367	0.0234732
2614	8367	0.0234732
8361	8368	0.0221624
1105	8368	0.0221624
8368	8369	0.0221522
251	8369	0.0221522
5961	8370	0.0221493
8369	8370	0.0221493
3607	8370	0.0221493
8370	8371	0.0221396
74	8371	0.0221396
8371	8372	0.0221128
3438	8372	0.0221128
218	8373	0.0221064
8372	8373	0.0221064
8373	8374	0.0221042
942	8374	0.0221042
3990	8375	0.0220948
8374	8375	0.0220948
4823	8376	0.0220938
8375	8376	0.0220938
8376	8377	0.0220922
3333	8377	0.0220922
4692	8378	0.0220853
8377	8378	0.0220853
3976	8379	0.0220818
8378	8379	0.0220818
8379	8380	0.0220777
4908	8380	0.0220777
5084	8380	0.0220777
4074	8381	0.022075
8380	8381	0.022075
8381	8382	0.0220676
792	8382	0.0220676
8382	8383	0.0220633
8220	8383	0.0220633
3477	8384	0.022026
8383	8384	0.022026
8224	8385	0.0220239
8384	8385	0.0220239
1916	8385	0.0220239
298	8386	0.0220057
8385	8386	0.0220057
8386	8387	0.0219966
1011	8387	0.0219966
8387	8388	0.0219927
8367	8388	0.0219927
8388	8389	0.02199
8365	8389	0.02199
8389	8390	0.0219798
1592	8390	0.0219798
8390	8391	0.0219745
8366	8391	0.0219745
8391	8392	0.0219688
2541	8392	0.0219688
745	8393	0.0219517
8392	8393	0.0219517
8393	8394	0.021943
4232	8394	0.021943
4897	8395	0.0219405
8394	8395	0.0219405
8395	8396	0.0219288
5699	8396	0.0219288
8396	8397	0.0219251
5877	8397	0.0219251
5070	8398	0.021921
8397	8398	0.021921
8398	8399	0.0219088
5672	8399	0.0219088
8399	8400	0.021903
5006	8400	0.021903
8400	8401	0.0219001
7573	8401	0.0219001
8364	8401	0.0219001
8401	8402	0.0218877
6193	8402	0.0218877
8402	8403	0.0218853
1664	8403	0.0218853
8403	8404	0.0218706
5909	8404	0.0218706
6228	8405	0.021862
8404	8405	0.021862
8405	8406	0.0218593
1073	8406	0.0218593
5973	8406	0.0218593
8406	8407	0.0218554
5900	8407	0.0218554
8407	8408	0.0218362
2063	8408	0.0218362
4459	8409	0.0218324
8408	8409	0.0218324
8409	8410	0.0218219
8210	8410	0.0218219
8410	8411	0.0218192
1056	8411	0.0218192
8411	8412	0.0217979
5269	8412	0.0217979
7214	8413	0.021787
8412	8413	0.021787
4498	8414	0.0217754
8413	8414	0.0217754
3590	8415	0.0217706
8414	8415	0.0217706
6226	8416	0.0217601
8415	8416	0.0217601
2801	8417	0.0218955
2799	8417	0.0218955
2682	8418	0.0217534
8416	8418	0.0217534
1898	8418	0.0217534
7887	8419	0.021747
8418	8419	0.021747
8228	8420	0.02172
8419	8420	0.02172
2397	8421	0.0217113
8420	8421	0.0217113
1064	8422	0.021709
8421	8422	0.021709
8422	8423	0.0216822
2145	8423	0.0216822
8423	8424	0.0216806
3048	8424	0.0216806
5081	8425	0.0216714
8424	8425	0.0216714
1818	8425	0.0216714
8425	8426	0.0216705
1277	8426	0.0216705
8426	8427	0.0216626
8417	8427	0.0216626
572	8428	0.0216572
8427	8428	0.0216572
3616	8429	0.0216365
8428	8429	0.0216365
1926	8430	0.0216229
8429	8430	0.0216229
1990	8431	0.0215598
8430	8431	0.0215598
8431	8432	0.0215493
119	8432	0.0215493
8362	8432	0.0215493
192	8433	0.0219706
1239	8433	0.0219706
2597	8434	0.0216982
4458	8434	0.0216982
5646	8435	0.0217992
6107	8435	0.0217992
8223	8436	0.021493
1347	8436	0.021493
1470	8437	0.0215461
8432	8437	0.0215461
8437	8438	0.0215242
8168	8438	0.0215242
2554	8439	0.0215201
8438	8439	0.0215201
2867	8439	0.0215201
6017	8440	0.0215142
8439	8440	0.0215142
8440	8441	0.0214796
715	8441	0.0214796
8441	8442	0.021471
3938	8442	0.021471
8442	8443	0.0214408
5754	8443	0.0214408
263	8444	0.0214309
8443	8444	0.0214309
767	8445	0.0214253
8444	8445	0.0214253
8445	8446	0.0214108
1864	8446	0.0214108
8446	8447	0.0214098
1823	8447	0.0214098
7051	8448	0.0214075
8447	8448	0.0214075
5622	8449	0.0214059
8448	8449	0.0214059
8449	8450	0.0213824
555	8450	0.0213824
8450	8451	0.021328
2025	8451	0.021328
482	8452	0.0213212
8451	8452	0.0213212
8452	8453	0.0213075
5732	8453	0.0213075
8453	8454	0.0213002
8433	8454	0.0213002
8454	8455	0.0212994
2841	8455	0.0212994
8455	8456	0.0212968
177	8456	0.0212968
8456	8457	0.0212849
333	8457	0.0212849
3833	8458	0.0212784
8457	8458	0.0212784
5658	8459	0.0212725
8458	8459	0.0212725
8459	8460	0.021256
1004	8460	0.021256
8193	8461	0.0212396
8460	8461	0.0212396
8195	8462	0.0212484
1091	8462	0.0212484
8461	8463	0.0212208
7883	8463	0.0212208
8463	8464	0.0212194
3059	8464	0.0212194
8464	8465	0.0212079
5793	8465	0.0212079
5893	8465	0.0212079
8465	8466	0.021205
8462	8466	0.021205
8466	8467	0.0211931
8434	8467	0.0211931
6760	8468	0.0211335
8467	8468	0.0211335
7899	8469	0.021118
8468	8469	0.021118
6964	8470	0.0211144
8469	8470	0.0211144
4482	8471	0.0212625
8435	8471	0.0212625
4233	8472	0.020961
970	8472	0.020961
7084	8473	0.0209303
8472	8473	0.0209303
219	8474	0.0211123
8470	8474	0.0211123
3203	8475	0.0210981
8474	8475	0.0210981
6977	8476	0.0210924
8475	8476	0.0210924
8436	8477	0.0210837
8476	8477	0.0210837
7178	8478	0.0210724
8477	8478	0.0210724
5015	8478	0.0210724
8478	8479	0.0210472
2059	8479	0.0210472
7775	8480	0.0209703
8479	8480	0.0209703
5375	8481	0.0209536
8480	8481	0.0209536
8481	8482	0.0209375
8471	8482	0.0209375
3293	8482	0.0209375
7246	8483	0.0209359
8482	8483	0.0209359
8483	8484	0.0209274
59	8484	0.0209274
8484	8485	0.0209077
5200	8485	0.0209077
8485	8486	0.0209036
2131	8486	0.0209036
8486	8487	0.020895
4840	8487	0.020895
2143	8488	0.0208891
8487	8488	0.0208891
8488	8489	0.0208788
2772	8489	0.0208788
7820	8490	0.0207768
418	8490	0.0207768
8489	8491	0.0208515
557	8491	0.0208515
8491	8492	0.0208473
5280	8492	0.0208473
8473	8493	0.0208205
8492	8493	0.0208205
8215	8494	0.0208042
8493	8494	0.0208042
897	8495	0.0208008
8494	8495	0.0208008
8495	8496	0.02079
921	8496	0.02079
8496	8497	0.020779
3708	8497	0.020779
8497	8498	0.0207747
1520	8498	0.0207747
8498	8499	0.0207721
7769	8499	0.0207721
8499	8500	0.0207651
2258	8500	0.0207651
8500	8501	0.0207622
1313	8501	0.0207622
8226	8502	0.0207602
8501	8502	0.0207602
8490	8503	0.0207424
8502	8503	0.0207424
4802	8504	0.0207401
4203	8504	0.0207401
8503	8504	0.0207401
8504	8505	0.0207326
591	8505	0.0207326
3339	8506	0.0207213
8505	8506	0.0207213
6082	8507	0.0339643
5966	8507	0.0339643
3	8508	0.0226116
2035	8508	0.0226116
3465	8509	0.0498414
628	8509	0.0498414
8509	8510	0.047901
4474	8510	0.047901
12	8511	0.163116
5383	8511	0.163116
8511	8512	0.112532
149	8512	0.112532
8512	8513	0.0646569
2969	8513	0.0646569
1527	8514	0.0416498
8513	8514	0.0416498
5634	8515	0.0614377
623	8515	0.0614377
8515	8516	0.0490421
904	8516	0.0490421
8516	8517	0.0317577
2746	8517	0.0317577
8517	8518	0.0262665
1962	8518	0.0262665
2720	8519	0.0675689
737	8519	0.0675689
2189	8520	0.319596
24	8520	0.319596
190	8521	0.0729472
29	8521	0.0729472
34	8522	0.027669
5906	8522	0.027669
35	8523	0.0791084
530	8523	0.0791084
634	8524	0.180999
3648	8524	0.180999
1404	8525	0.0796991
5194	8525	0.0796991
8525	8526	0.0467305
4207	8526	0.0467305
8526	8527	0.0426228
36	8527	0.0426228
8527	8528	0.0388252
5039	8528	0.0388252
8528	8529	0.0302989
1108	8529	0.0302989
8529	8530	0.0281182
4167	8530	0.0281182
8530	8531	0.0223171
2579	8531	0.0223171
8531	8532	0.022268
786	8532	0.022268
8532	8533	0.0210752
2036	8533	0.0210752
364	8534	0.0688331
2524	8534	0.0688331
2329	8535	0.0280735
5275	8535	0.0280735
8535	8536	0.0260456
2156	8536	0.0260456
46	8537	0.02754
2972	8537	0.02754
1978	8538	0.0644171
4134	8538	0.0644171
8538	8539	0.0434992
3922	8539	0.0434992
8539	8540	0.038118
5479	8540	0.038118
8540	8541	0.0379318
2522	8541	0.0379318
302	8542	0.0689569
5035	8542	0.0689569
1228	8543	0.0213778
2191	8543	0.0213778
406	8544	0.0213542
8543	8544	0.0213542
3799	8545	0.0700352
4181	8545	0.0700352
8545	8546	0.0477997
3418	8546	0.0477997
8546	8547	0.0426935
2595	8547	0.0426935
8547	8548	0.0332723
198	8548	0.0332723
8548	8549	0.022313
1133	8549	0.022313
66	8550	0.125083
1337	8550	0.125083
3967	8551	0.106795
8550	8551	0.106795
2814	8552	0.131317
2817	8552	0.131317
807	8553	0.0229133
4062	8553	0.0229133
8553	8554	0.0211601
2818	8554	0.0211601
81	8555	0.0534302
3913	8555	0.0534302
3829	8556	0.0608193
500	8556	0.0608193
82	8557	0.0601462
8556	8557	0.0601462
2471	8558	0.029627
2152	8558	0.029627
209	8559	0.0246106
8558	8559	0.0246106
3462	8560	0.0245782
8559	8560	0.0245782
1725	8561	0.0225717
8560	8561	0.0225717
6148	8562	0.0291016
237	8562	0.0291016
2214	8563	0.205581
3091	8563	0.205581
943	8564	0.175527
8563	8564	0.175527
4449	8565	0.109167
5571	8565	0.109167
8564	8566	0.0832357
8565	8566	0.0832357
8566	8567	0.0268806
4612	8567	0.0268806
3336	8568	0.0240603
8567	8568	0.0240603
2666	8569	0.0335401
1542	8569	0.0335401
110	8570	0.132241
1251	8570	0.132241
747	8571	0.0343218
4664	8571	0.0343218
4734	8572	0.0307907
8571	8572	0.0307907
8572	8573	0.0269518
3946	8573	0.0269518
5814	8574	0.141374
6097	8574	0.141374
6108	8575	0.126592
8574	8575	0.126592
5815	8576	0.11587
8575	8576	0.11587
8576	8577	0.0572155
6101	8577	0.0572155
561	8578	0.0539656
8577	8578	0.0539656
6012	8579	0.0464836
8578	8579	0.0464836
6094	8580	0.0434131
8579	8580	0.0434131
6088	8581	0.0291698
120	8581	0.0291698
3784	8582	0.0267035
8581	8582	0.0267035
8582	8583	0.0250331
998	8583	0.0250331
495	8584	0.136856
4246	8584	0.136856
8584	8585	0.108981
1465	8585	0.108981
8585	8586	0.02804
458	8586	0.02804
2468	8587	0.0664254
1359	8587	0.0664254
1014	8588	0.0660811
8587	8588	0.0660811
3310	8589	0.0578201
2773	8589	0.0578201
8589	8590	0.0410368
4573	8590	0.0410368
8590	8591	0.0331476
5945	8591	0.0331476
3253	8592	0.0636892
3635	8592	0.0636892
6024	8593	0.0332193
6122	8593	0.0332193
2882	8594	0.0209895
5265	8594	0.0209895
5339	8595	0.0208437
894	8595	0.0208437
5237	8596	0.0295593
3587	8596	0.0295593
854	8597	0.0261212
8596	8597	0.0261212
5067	8598	0.0238974
8597	8598	0.0238974
5894	8599	0.0327236
6250	8599	0.0327236
382	8600	0.0311418
8599	8600	0.0311418
721	8601	0.0310708
8600	8601	0.0310708
8601	8602	0.0273904
2939	8602	0.0273904
4797	8603	0.0269641
8602	8603	0.0269641
3599	8604	0.0242716
8603	8604	0.0242716
8604	8605	0.0234768
845	8605	0.0234768
134	8606	0.0869613
5380	8606	0.0869613
5517	8607	0.0243893
3183	8607	0.0243893
143	8608	0.223533
2694	8608	0.223533
3108	8609	0.0667959
3783	8609	0.0667959
3080	8610	0.0595602
1170	8610	0.0595602
8610	8611	0.0574144
1795	8611	0.0574144
8609	8612	0.0529082
8611	8612	0.0529082
1863	8613	0.0428791
8612	8613	0.0428791
8613	8614	0.032665
5941	8614	0.032665
8614	8615	0.0241529
1726	8615	0.0241529
4266	8616	0.0497591
3151	8616	0.0497591
8616	8617	0.0296993
754	8617	0.0296993
8617	8618	0.0212277
1590	8618	0.0212277
3753	8619	0.0391452
153	8619	0.0391452
2127	8620	0.136771
174	8620	0.136771
3649	8621	0.0243555
175	8621	0.0243555
178	8622	0.0482094
3981	8622	0.0482094
1469	8623	0.0980809
2433	8623	0.0980809
5162	8624	0.317237
4525	8624	0.317237
8624	8625	0.263372
3539	8625	0.263372
1565	8626	0.0210331
3444	8626	0.0210331
5499	8627	0.0868834
3468	8627	0.0868834
179	8628	0.0236256
3321	8628	0.0236256
2893	8629	0.0355378
797	8629	0.0355378
1923	8630	0.025869
4157	8630	0.025869
8630	8631	0.0215585
1811	8631	0.0215585
4306	8632	0.16214
188	8632	0.16214
8632	8633	0.0281262
411	8633	0.0281262
1595	8634	0.307456
193	8634	0.307456
5938	8635	0.281138
8634	8635	0.281138
8635	8636	0.16203
3043	8636	0.16203
4405	8637	0.0719777
4524	8637	0.0719777
8637	8638	0.0343294
2684	8638	0.0343294
3929	8639	0.0308233
3858	8639	0.0308233
8639	8640	0.0283736
4086	8640	0.0283736
8638	8641	0.0334881
2061	8641	0.0334881
8640	8642	0.0279944
4739	8642	0.0279944
8642	8643	0.0278226
8641	8643	0.0278226
8643	8644	0.0207709
300	8644	0.0207709
226	8645	0.0492438
1279	8645	0.0492438
8645	8646	0.0213032
956	8646	0.0213032
228	8647	0.116742
4577	8647	0.116742
8647	8648	0.112298
4709	8648	0.112298
8648	8649	0.0781903
3912	8649	0.0781903
5361	8650	0.0813084
246	8650	0.0813084
2436	8651	0.121883
3519	8651	0.121883
8651	8652	0.0768846
253	8652	0.0768846
3729	8653	0.0464667
4560	8653	0.0464667
8653	8654	0.0360347
256	8654	0.0360347
1784	8655	0.0287727
5279	8655	0.0287727
607	8656	0.0671516
5593	8656	0.0671516
5529	8657	0.0235846
4339	8657	0.0235846
4981	8658	0.0651141
270	8658	0.0651141
2202	8659	0.0596391
5222	8659	0.0596391
632	8659	0.0596391
3790	8660	0.0573791
6044	8660	0.0573791
8660	8661	0.0476865
273	8661	0.0476865
2866	8662	0.0898031
3497	8662	0.0898031
8662	8663	0.0696688
277	8663	0.0696688
285	8664	0.167677
3434	8664	0.167677
2649	8665	0.0213786
1001	8665	0.0213786
2701	8666	0.0816538
1765	8666	0.0816538
4351	8667	0.0905354
1760	8667	0.0905354
1342	8668	0.0651269
8667	8668	0.0651269
8668	8669	0.0433621
3579	8669	0.0433621
8669	8670	0.0420984
2430	8670	0.0420984
303	8671	0.0261499
865	8671	0.0261499
8671	8672	0.0251264
2334	8672	0.0251264
8670	8673	0.0208867
8672	8673	0.0208867
1897	8674	0.0381365
3238	8674	0.0381365
8674	8675	0.0295949
2339	8675	0.0295949
2190	8676	0.0287362
8675	8676	0.0287362
8676	8677	0.0254966
6157	8677	0.0254966
8677	8678	0.0223848
3997	8678	0.0223848
8678	8679	0.0207148
5251	8679	0.0207148
3214	8680	0.0748617
2784	8680	0.0748617
8680	8681	0.0669746
4694	8681	0.0669746
8681	8682	0.0421528
4073	8682	0.0421528
8682	8683	0.0361697
2994	8683	0.0361697
8683	8684	0.0241436
4043	8684	0.0241436
8684	8685	0.0213936
320	8685	0.0213936
6151	8686	0.0365648
326	8686	0.0365648
332	8687	0.0717372
423	8687	0.0717372
344	8688	0.0553512
5874	8688	0.0553512
8688	8689	0.0395946
823	8689	0.0395946
8689	8690	0.0384807
2442	8690	0.0384807
8690	8691	0.0216235
585	8691	0.0216235
2018	8692	0.0337466
4178	8692	0.0337466
8692	8693	0.0316252
5307	8693	0.0316252
8693	8694	0.0285766
6005	8694	0.0285766
1858	8695	0.0267012
4305	8695	0.0267012
8694	8696	0.0262995
8695	8696	0.0262995
8696	8697	0.0243585
535	8697	0.0243585
379	8698	0.0493262
4322	8698	0.0493262
1984	8699	0.350819
2139	8699	0.350819
8699	8700	0.273333
2764	8700	0.273333
8700	8701	0.126939
3445	8701	0.126939
1398	8702	0.0762733
645	8702	0.0762733
4991	8703	0.0790096
4584	8703	0.0790096
4162	8704	0.0735155
8703	8704	0.0735155
8702	8705	0.0559809
1397	8705	0.0559809
8704	8706	0.0500495
1244	8706	0.0500495
2050	8707	0.0459032
8706	8707	0.0459032
8707	8708	0.0324679
1252	8708	0.0324679
3832	8709	0.0316041
8708	8709	0.0316041
8709	8710	0.0305263
2567	8710	0.0305263
8705	8711	0.0292157
8710	8711	0.0292157
381	8712	0.154969
4632	8712	0.154969
4564	8713	0.0600951
3791	8713	0.0600951
386	8714	0.0299337
8713	8714	0.0299337
388	8715	0.0549064
4037	8715	0.0549064
1928	8716	0.0541194
8715	8716	0.0541194
5025	8717	0.0353151
4048	8717	0.0353151
3013	8718	0.0312035
1642	8718	0.0312035
3595	8719	0.178232
412	8719	0.178232
8719	8720	0.0626213
3112	8720	0.0626213
3285	8721	0.0500224
8720	8721	0.0500224
8721	8722	0.0320909
3707	8722	0.0320909
1268	8723	0.0910293
3088	8723	0.0910293
4593	8724	0.205346
5141	8724	0.205346
8724	8725	0.1011
4348	8725	0.1011
2693	8726	0.0436019
2221	8726	0.0436019
4291	8727	0.0482064
4284	8727	0.0482064
1334	8728	0.044774
8727	8728	0.044774
8728	8729	0.0209563
3557	8729	0.0209563
2029	8730	0.0710351
4940	8730	0.0710351
3496	8731	0.0360202
2118	8731	0.0360202
3279	8732	0.0270941
429	8732	0.0270941
8730	8733	0.026925
8732	8733	0.026925
4329	8734	0.0257472
8733	8734	0.0257472
8731	8735	0.0254955
8734	8735	0.0254955
3113	8736	0.0906255
5664	8736	0.0906255
8736	8737	0.0497036
6009	8737	0.0497036
8737	8738	0.0392284
542	8738	0.0392284
1456	8739	0.0360105
2343	8739	0.0360105
8739	8740	0.0351476
8738	8740	0.0351476
2404	8741	0.0337401
8740	8741	0.0337401
1116	8742	0.0327927
8741	8742	0.0327927
8742	8743	0.0316243
4729	8743	0.0316243
8743	8744	0.0294647
6218	8744	0.0294647
8744	8745	0.0220298
3786	8745	0.0220298
5259	8746	0.0353389
3942	8746	0.0353389
950	8747	0.0252989
714	8747	0.0252989
8747	8748	0.0252178
3353	8748	0.0252178
8748	8749	0.0221755
3870	8749	0.0221755
8749	8750	0.0219203
4137	8750	0.0219203
454	8751	0.0984607
757	8751	0.0984607
471	8752	0.116872
1747	8752	0.116872
4155	8753	0.0211093
474	8753	0.0211093
1340	8754	0.177026
2662	8754	0.177026
8754	8755	0.146997
627	8755	0.146997
8755	8756	0.0549835
804	8756	0.0549835
5145	8757	0.173402
499	8757	0.173402
1801	8758	0.0305774
3291	8758	0.0305774
503	8759	0.0726035
2570	8759	0.0726035
8759	8760	0.0647558
2222	8760	0.0647558
738	8761	0.0631107
8760	8761	0.0631107
946	8762	0.0588961
505	8762	0.0588961
4343	8763	0.171722
4045	8763	0.171722
8763	8764	0.095542
3312	8764	0.095542
974	8765	0.030486
4252	8765	0.030486
3121	8766	0.0298587
8765	8766	0.0298587
2185	8767	0.0288829
8766	8767	0.0288829
2798	8768	0.237136
3690	8768	0.237136
6209	8769	0.0447812
8768	8769	0.0447812
520	8770	0.122426
2060	8770	0.122426
525	8771	0.164123
1364	8771	0.164123
5304	8772	0.0341582
4290	8772	0.0341582
4098	8773	0.0499917
2219	8773	0.0499917
5618	8774	0.0427991
3118	8774	0.0427991
8774	8775	0.0323734
546	8775	0.0323734
4922	8776	0.0285204
2793	8776	0.0285204
4965	8777	0.0418789
4206	8777	0.0418789
5654	8778	0.505073
5545	8778	0.505073
8778	8779	0.450155
5402	8779	0.450155
8779	8780	0.35431
6092	8780	0.35431
8780	8781	0.22492
4648	8781	0.22492
8781	8782	0.022435
1884	8782	0.022435
4055	8783	0.102013
1425	8783	0.102013
2891	8783	0.102013
4772	8784	0.0366479
2607	8784	0.0366479
4707	8785	0.0428183
729	8785	0.0428183
4972	8786	0.0557582
5055	8786	0.0557582
2955	8787	0.0539631
8786	8787	0.0539631
8785	8788	0.0294466
5587	8788	0.0294466
8787	8789	0.0270355
8788	8789	0.0270355
2472	8789	0.0270355
3592	8790	0.0694266
3677	8790	0.0694266
2141	8791	0.0873453
955	8791	0.0873453
2384	8792	0.0918904
5052	8792	0.0918904
8792	8793	0.0771486
562	8793	0.0771486
8793	8794	0.0668456
1018	8794	0.0668456
1135	8795	0.0214059
4529	8795	0.0214059
5797	8796	0.101079
581	8796	0.101079
8796	8797	0.0415537
1526	8797	0.0415537
4551	8798	0.303632
3521	8798	0.303632
8798	8799	0.178121
583	8799	0.178121
1360	8800	0.0214207
5995	8800	0.0214207
599	8801	0.0743167
4625	8801	0.0743167
3382	8802	0.0722773
8801	8802	0.0722773
5331	8803	0.0672967
8802	8803	0.0672967
8803	8804	0.0486117
5985	8804	0.0486117
5560	8805	0.0430055
8804	8805	0.0430055
8805	8806	0.0375784
5420	8806	0.0375784
2856	8806	0.0375784
8806	8807	0.0365219
4669	8807	0.0365219
8807	8808	0.0323594
5391	8808	0.0323594
3267	8809	0.0933826
5440	8809	0.0933826
8809	8810	0.0918492
2428	8810	0.0918492
8810	8811	0.0403977
609	8811	0.0403977
1143	8812	0.0626975
899	8812	0.0626975
3306	8813	0.0607953
8812	8813	0.0607953
6132	8814	0.0234879
2106	8814	0.0234879
8814	8815	0.0233014
1848	8815	0.0233014
8815	8816	0.0225583
1412	8816	0.0225583
3692	8817	0.0425405
665	8817	0.0425405
2696	8818	0.0312049
4022	8818	0.0312049
4935	8819	0.0289945
4476	8819	0.0289945
8818	8820	0.0250185
8819	8820	0.0250185
8820	8821	0.0211506
1859	8821	0.0211506
630	8822	0.135192
2058	8822	0.135192
1512	8823	0.134882
8822	8823	0.134882
5886	8824	0.165911
6162	8824	0.165911
8824	8825	0.1525
4697	8825	0.1525
8825	8826	0.10447
5585	8826	0.10447
8826	8827	0.0834711
633	8827	0.0834711
8827	8828	0.0597602
5665	8828	0.0597602
4336	8829	0.0252888
3395	8829	0.0252888
8829	8830	0.0240162
1757	8830	0.0240162
5064	8831	0.232399
4435	8831	0.232399
5876	8832	0.0277414
692	8832	0.0277414
3326	8833	0.0946206
1886	8833	0.0946206
4369	8834	0.0542488
5645	8834	0.0542488
2726	8835	0.0552103
5935	8835	0.0552103
8835	8836	0.0550146
4618	8836	0.0550146
8836	8837	0.0528384
3473	8837	0.0528384
8837	8838	0.0501853
5936	8838	0.0501853
8838	8839	0.0354138
3704	8839	0.0354138
8839	8840	0.03304
4693	8840	0.03304
8840	8841	0.0275168
5146	8841	0.0275168
8841	8842	0.0252044
4963	8842	0.0252044
8842	8843	0.0245342
6167	8843	0.0245342
8843	8844	0.0241946
2147	8844	0.0241946
8844	8845	0.0231219
3317	8845	0.0231219
8845	8846	0.0214393
5357	8846	0.0214393
8846	8847	0.0211744
4171	8847	0.0211744
5334	8848	0.0444729
3378	8848	0.0444729
1428	8849	0.041377
8848	8849	0.041377
717	8850	0.0298093
1272	8850	0.0298093
8850	8851	0.0295818
1890	8851	0.0295818
5140	8852	0.0556692
726	8852	0.0556692
2899	8853	0.0921873
3064	8853	0.0921873
734	8854	0.109056
4610	8854	0.109056
2542	8855	0.0903332
1979	8855	0.0903332
8855	8856	0.0840409
751	8856	0.0840409
8856	8857	0.0795916
3373	8857	0.0795916
8857	8858	0.0755416
4674	8858	0.0755416
8858	8859	0.0365694
4011	8859	0.0365694
774	8860	0.241664
1159	8860	0.241664
1733	8861	0.162495
4480	8861	0.162495
4730	8862	0.128415
8861	8862	0.128415
8862	8863	0.123289
783	8863	0.123289
4663	8864	0.0389997
1694	8864	0.0389997
4659	8865	0.0592962
4806	8865	0.0592962
3495	8866	0.0293783
4681	8866	0.0293783
8865	8867	0.029066
8866	8867	0.029066
8867	8868	0.0277309
4703	8868	0.0277309
5431	8869	0.054325
830	8869	0.054325
1980	8870	0.094154
842	8870	0.094154
5181	8871	0.0347434
5488	8871	0.0347434
8871	8872	0.0278702
2979	8872	0.0278702
5723	8873	0.113851
4508	8873	0.113851
5004	8874	0.0494468
4195	8874	0.0494468
5917	8875	0.119348
2100	8875	0.119348
3031	8876	0.0235939
3188	8876	0.0235939
1458	8877	0.0921862
2079	8877	0.0921862
1025	8878	0.0208293
1079	8878	0.0208293
5263	8879	0.0372535
888	8879	0.0372535
5880	8880	0.0644942
975	8880	0.0644942
1092	8881	0.0618434
8880	8881	0.0618434
922	8882	0.0433761
5653	8882	0.0433761
8882	8883	0.0380568
2548	8883	0.0380568
924	8884	0.124001
3381	8884	0.124001
987	8885	0.0868415
1005	8885	0.0868415
5861	8886	0.0549087
5859	8886	0.0549087
8886	8887	0.0241946
1311	8887	0.0241946
1013	8888	0.143058
6031	8888	0.143058
8888	8889	0.0707854
1444	8889	0.0707854
5466	8890	0.157603
2455	8890	0.157603
8890	8891	0.124073
4315	8891	0.124073
4970	8892	0.115707
8891	8892	0.115707
3828	8893	0.0669148
1035	8893	0.0669148
8892	8894	0.0209045
8893	8894	0.0209045
1037	8895	0.0274507
3452	8895	0.0274507
3366	8896	0.0246073
2914	8896	0.0246073
6096	8897	0.118277
5817	8897	0.118277
2153	8898	0.028285
1151	8898	0.028285
4128	8899	0.102616
1338	8899	0.102616
8899	8900	0.0902616
3260	8900	0.0902616
4652	8901	0.0836039
1162	8901	0.0836039
2660	8902	0.0391607
2462	8902	0.0391607
5113	8903	0.0743421
1194	8903	0.0743421
8903	8904	0.0281657
5633	8904	0.0281657
2887	8905	0.119164
5302	8905	0.119164
1233	8906	0.114651
8905	8906	0.114651
5031	8907	0.15154
3264	8907	0.15154
8907	8908	0.117787
2906	8908	0.117787
8908	8909	0.0965248
5626	8909	0.0965248
1242	8910	0.0700856
2681	8910	0.0700856
3778	8911	0.0678586
1247	8911	0.0678586
2177	8912	0.0884385
1255	8912	0.0884385
5549	8913	0.0683903
8912	8913	0.0683903
3639	8914	0.0231359
5255	8914	0.0231359
2722	8915	0.104593
3714	8915	0.104593
8915	8916	0.081763
1835	8916	0.081763
8916	8917	0.0576028
4973	8917	0.0576028
8917	8918	0.0570202
4172	8918	0.0570202
8918	8919	0.0489168
1713	8919	0.0489168
8919	8920	0.0487968
1278	8920	0.0487968
8920	8921	0.0335467
3176	8921	0.0335467
8921	8922	0.0319036
4406	8922	0.0319036
8922	8923	0.030587
4786	8923	0.030587
5809	8924	0.0328549
1287	8924	0.0328549
1291	8925	0.0599509
1375	8925	0.0599509
1293	8926	0.0380091
3841	8926	0.0380091
8926	8927	0.0369424
4024	8927	0.0369424
3501	8928	0.0374576
2358	8928	0.0374576
3852	8929	0.0217545
4208	8929	0.0217545
3093	8930	0.0493547
5519	8930	0.0493547
4619	8931	0.0582153
3749	8931	0.0582153
2303	8932	0.0937368
1506	8932	0.0937368
8932	8933	0.0888309
5673	8933	0.0888309
1366	8934	0.0704791
8933	8934	0.0704791
2293	8935	0.180446
3351	8935	0.180446
1478	8936	0.0791418
2415	8936	0.0791418
8936	8937	0.0597845
5572	8937	0.0597845
1809	8938	0.0241271
1487	8938	0.0241271
4955	8939	0.0905645
1489	8939	0.0905645
8939	8940	0.0694714
1991	8940	0.0694714
8940	8941	0.0296753
3963	8941	0.0296753
3482	8942	0.600237
1930	8942	0.600237
8942	8943	0.253081
1573	8943	0.253081
4821	8944	0.191998
1580	8944	0.191998
4725	8945	0.0593418
2647	8945	0.0593418
4391	8946	0.0491048
8945	8946	0.0491048
8946	8947	0.0267479
3034	8947	0.0267479
3837	8948	0.025094
4742	8948	0.025094
1708	8949	0.0371456
2113	8949	0.0371456
1663	8950	0.0239106
3430	8950	0.0239106
5537	8951	0.0209664
8950	8951	0.0209664
5710	8952	0.0705837
1700	8952	0.0705837
3638	8953	0.126931
1977	8953	0.126931
5342	8954	0.0705203
8953	8954	0.0705203
3716	8955	0.0233889
2500	8955	0.0233889
3120	8956	0.156223
4473	8956	0.156223
2052	8957	0.0662754
5889	8957	0.0662754
8957	8958	0.0221262
4518	8958	0.0221262
3396	8959	0.173582
1797	8959	0.173582
1856	8960	0.381082
4312	8960	0.381082
5236	8961	0.0955468
2288	8961	0.0955468
8961	8962	0.0922183
3971	8962	0.0922183
8962	8963	0.0277004
1892	8963	0.0277004
5195	8964	0.0426564
4736	8964	0.0426564
4531	8965	0.239693
1960	8965	0.239693
1997	8966	0.03345
1976	8966	0.03345
2638	8967	0.0242215
2013	8967	0.0242215
2047	8968	0.316086
4194	8968	0.316086
5984	8969	0.0238226
5776	8969	0.0238226
2756	8970	0.220064
2097	8970	0.220064
4624	8971	0.0398588
2121	8971	0.0398588
5989	8972	0.0740172
2123	8972	0.0740172
5980	8973	0.0737055
8972	8973	0.0737055
6259	8974	0.0392962
3887	8974	0.0392962
2400	8975	0.0812268
5262	8975	0.0812268
5337	8976	0.0771891
8975	8976	0.0771891
8976	8977	0.065317
2160	8977	0.065317
4442	8978	0.0737125
2224	8978	0.0737125
2182	8979	0.0537835
3119	8979	0.0537835
2260	8980	0.133652
4594	8980	0.133652
3926	8981	0.0267994
2564	8981	0.0267994
2947	8982	0.272722
3731	8982	0.272722
4103	8983	0.0267272
5501	8983	0.0267272
5599	8984	0.0978436
5907	8984	0.0978436
5979	8984	0.0978436
3365	8985	0.195877
4274	8985	0.195877
5094	8986	0.111703
5289	8986	0.111703
4191	8987	0.0391407
5061	8987	0.0391407
5482	8988	0.0338787
8987	8988	0.0338787
3049	8989	0.118737
5792	8989	0.118737
8989	8990	0.0844719
2426	8990	0.0844719
2582	8991	0.0412405
2477	8991	0.0412405
3789	8992	0.0820571
5550	8992	0.0820571
2525	8993	0.143932
4381	8993	0.143932
4402	8993	0.143932
5884	8993	0.143932
2543	8994	0.0994396
2805	8994	0.0994396
2623	8995	0.0688058
2551	8995	0.0688058
3488	8996	0.344047
2583	8996	0.344047
3808	8997	0.297527
2737	8997	0.297527
5274	8998	0.0496617
4949	8998	0.0496617
4956	8999	0.0459108
8998	8999	0.0459108
2889	9000	0.134544
5937	9000	0.134544
3252	9001	0.0805958
2903	9001	0.0805958
9001	9002	0.067274
3079	9002	0.067274
9002	9003	0.0340138
4228	9003	0.0340138
2967	9004	0.280156
3944	9004	0.280156
9004	9005	0.0261725
5221	9005	0.0261725
4362	9006	0.0237531
2976	9006	0.0237531
5461	9007	0.0746306
3081	9007	0.0746306
3106	9008	0.121304
4679	9008	0.121304
9008	9009	0.0913519
6199	9009	0.0913519
3225	9010	0.121551
5495	9010	0.121551
3249	9011	0.115296
3494	9011	0.115296
4031	9012	0.020767
3329	9012	0.020767
5002	9013	0.424313
3397	9013	0.424313
9013	9014	0.0540927
5387	9014	0.0540927
4796	9015	0.158217
3420	9015	0.158217
5635	9016	0.151498
3422	9016	0.151498
5226	9017	0.0460065
5828	9017	0.0460065
3735	9018	0.0446551
6258	9018	0.0446551
3736	9019	0.156429
3951	9019	0.156429
4794	9020	0.0829034
3994	9020	0.0829034
4117	9021	0.150627
5864	9021	0.150627
4247	9022	0.114565
5480	9022	0.114565
4829	9023	0.0230188
4539	9023	0.0230188
4568	9024	0.0932904
4799	9024	0.0932904
5491	9025	0.0938845
5456	9025	0.0938845
6010	9026	0.021146
5767	9026	0.021146
8520	9027	0.0107641
8588	9027	0.0107641
1202	9028	0.0108347
410	9028	0.0108347
1138	9029	0.0148745
1258	9029	0.0148745
9029	9030	0.00976673
2973	9030	0.00976673
4668	9031	0.0127579
4050	9031	0.0127579
6257	9032	0.0161738
5943	9032	0.0161738
5199	9033	0.00889576
5478	9033	0.00889576
2391	9034	0.01921
6179	9034	0.01921
4422	9035	0.0181799
9034	9035	0.0181799
4216	9036	0.0092897
5386	9036	0.0092897
4027	9037	0.0119678
3380	9037	0.0119678
8598	9038	0.0145505
1730	9038	0.0145505
9038	9039	0.0143585
1326	9039	0.0143585
4133	9040	0.011596
9039	9040	0.011596
3742	9041	0.0159534
4787	9041	0.0159534
8659	9042	0.00920763
272	9042	0.00920763
1157	9043	0.0119582
3141	9043	0.0119582
8982	9044	0.010685
5913	9044	0.010685
6117	9045	0.017994
6110	9045	0.017994
9045	9046	0.0154428
6118	9046	0.0154428
6119	9047	0.0137234
9046	9047	0.0137234
9047	9048	0.0105133
8580	9048	0.0105133
1318	9049	0.0156132
539	9049	0.0156132
5293	9050	0.0191344
3766	9050	0.0191344
4249	9051	0.0159932
8664	9051	0.0159932
1007	9052	0.0150291
3924	9052	0.0150291
8657	9053	0.0122089
8658	9053	0.0122089
3480	9054	0.0167674
6360	9054	0.0167674
1750	9055	0.0181532
2909	9055	0.0181532
3295	9056	0.0174694
3503	9056	0.0174694
2545	9057	0.0183172
2643	9057	0.0183172
5845	9058	0.0164041
768	9058	0.0164041
5291	9059	0.0141068
3566	9059	0.0141068
4860	9060	0.014938
6401	9060	0.014938
2605	9061	0.0151119
2438	9061	0.0151119
462	9062	0.0188759
3343	9062	0.0188759
4429	9063	0.0162228
8751	9063	0.0162228
6030	9064	0.0152855
9063	9064	0.0152855
283	9065	0.0171323
4554	9065	0.0171323
9065	9066	0.0162809
2386	9066	0.0162809
477	9067	0.0136566
881	9067	0.0136566
5806	9068	0.0154763
2821	9068	0.0154763
3361	9069	0.0172716
3851	9069	0.0172716
5594	9070	0.018076
8878	9070	0.018076
5105	9071	0.014695
3940	9071	0.014695
5839	9072	0.0146523
9071	9072	0.0146523
6265	9073	0.0194886
3322	9073	0.0194886
2104	9074	0.0190258
3211	9074	0.0190258
6413	9075	0.0163898
2423	9075	0.0163898
4485	9076	0.0175007
1280	9076	0.0175007
724	9077	0.0176346
1422	9077	0.0176346
6371	9078	0.0199358
1968	9078	0.0199358
3613	9079	0.0200737
6373	9079	0.0200737
8685	9080	0.0188624
1274	9080	0.0188624
5705	9081	0.0207121
8506	9081	0.0207121
5454	9082	0.0207077
9081	9082	0.0207077
9082	9083	0.0207017
391	9083	0.0207017
9083	9084	0.0206919
8605	9084	0.0206919
9084	9085	0.0206669
8958	9085	0.0206669
9085	9086	0.0206563
1475	9086	0.0206563
5089	9087	0.0206488
9086	9087	0.0206488
6460	9088	0.0205995
9087	9088	0.0205995
1497	9089	0.0205935
9088	9089	0.0205935
9089	9090	0.0205912
8963	9090	0.0205912
4059	9091	0.0205899
9090	9091	0.0205899
4020	9092	0.0205859
9091	9092	0.0205859
5115	9093	0.0205612
9092	9093	0.0205612
6380	9094	0.0205572
6448	9094	0.0205572
9093	9094	0.0205572
8615	9095	0.0205859
8618	9095	0.0205859
9094	9096	0.0205433
3593	9096	0.0205433
9096	9097	0.0205365
9095	9097	0.0205365
8646	9097	0.0205365
2086	9097	0.0205365
9097	9098	0.0205305
2864	9098	0.0205305
9098	9099	0.0205008
2031	9099	0.0205008
8753	9099	0.0205008
9099	9100	0.0204879
5462	9100	0.0204879
9100	9101	0.020487
5904	9101	0.020487
9101	9102	0.020483
1802	9102	0.020483
2938	9103	0.0204631
9102	9103	0.0204631
9103	9104	0.0204358
3919	9104	0.0204358
9104	9105	0.0204196
255	9105	0.0204196
675	9106	0.0204044
9105	9106	0.0204044
6469	9107	0.0204013
9106	9107	0.0204013
9107	9108	0.0203685
2120	9108	0.0203685
9108	9109	0.0203418
3413	9109	0.0203418
8507	9110	0.0203603
8508	9110	0.0203603
100	9111	0.0205859
2573	9111	0.0205859
9109	9112	0.0203368
8894	9112	0.0203368
3682	9113	0.0203295
9112	9113	0.0203295
9113	9114	0.0203174
1332	9114	0.0203174
4516	9115	0.0203129
9114	9115	0.0203129
9115	9116	0.0202887
3493	9116	0.0202887
9116	9117	0.0202851
127	9117	0.0202851
626	9118	0.0202531
9117	9118	0.0202531
564	9119	0.0203113
118	9119	0.0203113
1959	9120	0.0202503
9118	9120	0.0202503
9120	9121	0.0202475
6095	9121	0.0202475
6163	9122	0.0202399
9121	9122	0.0202399
1249	9123	0.020236
9122	9123	0.020236
9123	9124	0.0202188
9119	9124	0.0202188
2596	9124	0.0202188
543	9125	0.0202111
9124	9125	0.0202111
9125	9126	0.020196
5947	9126	0.020196
6032	9126	0.020196
9126	9127	0.0201863
5616	9127	0.0201863
9127	9128	0.0201778
1693	9128	0.0201778
3914	9128	0.0201778
9110	9128	0.0201778
9128	9129	0.020177
1706	9129	0.020177
9111	9129	0.020177
672	9129	0.020177
8544	9129	0.020177
6480	9130	0.020172
9129	9130	0.020172
6452	9131	0.0201577
9130	9131	0.0201577
4582	9131	0.0201577
9131	9132	0.0201549
2037	9132	0.0201549
6018	9133	0.0201529
9132	9133	0.0201529
4737	9134	0.0201445
3715	9134	0.0201445
5047	9134	0.0201445
9133	9134	0.0201445
4854	9135	0.020136
9134	9135	0.020136
9135	9136	0.020132
1266	9136	0.020132
9136	9137	0.020125
14	9137	0.020125
1833	9137	0.020125
2978	9138	0.0201196
9137	9138	0.0201196
9138	9139	0.020119
1301	9139	0.020119
9139	9140	0.0201158
507	9140	0.0201158
8697	9141	0.0206443
2187	9141	0.0206443
8735	9142	0.0203439
2945	9142	0.0203439
1214	9143	0.0201788
2782	9143	0.0201788
2644	9144	0.0201122
9140	9144	0.0201122
2081	9145	0.0201102
9144	9145	0.0201102
9145	9146	0.0201013
3319	9146	0.0201013
3767	9147	0.0200835
9146	9147	0.0200835
8941	9147	0.0200835
2068	9148	0.0200737
9147	9148	0.0200737
3654	9149	0.0200681
9148	9149	0.0200681
2200	9150	0.02005
9149	9150	0.02005
9150	9151	0.0200446
9141	9151	0.0200446
1551	9152	0.0200434
9151	9152	0.0200434
1885	9153	0.0200402
9152	9153	0.0200402
4622	9154	0.0200356
9153	9154	0.0200356
9154	9155	0.0200139
1110	9155	0.0200139
9155	9156	0.0199934
4545	9156	0.0199934
9156	9157	0.0199813
1156	9157	0.0199813
6279	9158	0.0199764
9157	9158	0.0199764
5083	9159	0.0200614
2831	9159	0.0200614
9158	9160	0.0199745
2279	9160	0.0199745
9160	9161	0.0199512
590	9161	0.0199512
3086	9162	0.0199375
9161	9162	0.0199375
1943	9163	0.019929
9162	9163	0.019929
9163	9164	0.0199178
3101	9164	0.0199178
9164	9165	0.019909
9159	9165	0.019909
9165	9166	0.0198925
4127	9166	0.0198925
9166	9167	0.0198883
5003	9167	0.0198883
8518	9168	0.0198841
9167	9168	0.0198841
8928	9169	0.0198774
9168	9169	0.0198774
3739	9170	0.0198729
9169	9170	0.0198729
9170	9171	0.0198699
4779	9171	0.0198699
5085	9172	0.019863
9171	9172	0.019863
9172	9173	0.0198514
843	9173	0.0198514
6420	9174	0.0198449
9173	9174	0.0198449
1169	9174	0.0198449
6319	9175	0.0198401
9174	9175	0.0198401
3540	9176	0.0199232
2395	9176	0.0199232
4090	9177	0.0198366
9175	9177	0.0198366
8902	9178	0.0198165
3819	9178	0.0198165
9177	9178	0.0198165
5802	9178	0.0198165
6412	9179	0.0197935
9178	9179	0.0197935
9179	9180	0.0197813
9142	9180	0.0197813
9180	9181	0.0197783
656	9181	0.0197783
6039	9181	0.0197783
9181	9182	0.0197758
1292	9182	0.0197758
2171	9183	0.0197675
9182	9183	0.0197675
9183	9184	0.0197458
5190	9184	0.0197458
9184	9185	0.0197217
6154	9185	0.0197217
9185	9186	0.0197142
1343	9186	0.0197142
9186	9187	0.0196931
890	9187	0.0196931
8644	9187	0.0196931
8797	9187	0.0196931
8832	9187	0.0196931
9187	9188	0.0196877
2653	9188	0.0196877
9188	9189	0.0196505
9143	9189	0.0196505
9189	9190	0.0196461
1822	9190	0.0196461
9190	9191	0.0196399
1571	9191	0.0196399
9191	9192	0.0196347
2620	9192	0.0196347
5507	9193	0.0196135
9192	9193	0.0196135
9193	9194	0.0196097
2284	9194	0.0196097
9194	9195	0.0195859
9176	9195	0.0195859
9195	9196	0.0195835
3643	9196	0.0195835
8868	9196	0.0195835
9196	9197	0.0195782
1593	9197	0.0195782
4487	9198	0.0195461
8789	9198	0.0195461
9197	9199	0.0195444
875	9199	0.0195444
9199	9200	0.0195287
9198	9200	0.0195287
1773	9201	0.0195134
9200	9201	0.0195134
4418	9202	0.0195096
9201	9202	0.0195096
1925	9203	0.0195076
9202	9203	0.0195076
9203	9204	0.019494
2312	9204	0.019494
9204	9205	0.019455
5704	9205	0.019455
1529	9206	0.0201485
8533	9206	0.0201485
9206	9207	0.0196408
3637	9207	0.0196408
8777	9208	0.0199413
2827	9208	0.0199413
2489	9209	0.0201463
4969	9209	0.0201463
9205	9210	0.019451
8782	9210	0.019451
9210	9211	0.0194432
3626	9211	0.0194432
9211	9212	0.0194265
1799	9212	0.0194265
9212	9213	0.0194235
5927	9213	0.0194235
9213	9214	0.0194158
2280	9214	0.0194158
8593	9215	0.0193731
9214	9215	0.0193731
8541	9216	0.019368
9215	9216	0.019368
3517	9217	0.0193596
9216	9217	0.0193596
3655	9218	0.0193359
9217	9218	0.0193359
6476	9219	0.0193193
9218	9219	0.0193193
9219	9220	0.0192729
205	9220	0.0192729
9220	9221	0.0192384
4636	9221	0.0192384
8594	9222	0.0193575
4764	9222	0.0193575
6314	9223	0.0192362
9221	9223	0.0192362
9223	9224	0.0192279
4825	9224	0.0192279
9224	9225	0.0192262
3861	9225	0.0192262
5983	9226	0.0192198
9225	9226	0.0192198
1002	9226	0.0192198
8821	9226	0.0192198
3859	9227	0.0191938
9226	9227	0.0191938
9227	9228	0.019184
5270	9228	0.019184
9228	9229	0.0191784
9222	9229	0.0191784
5242	9230	0.0191778
9229	9230	0.0191778
9230	9231	0.0191584
4775	9231	0.0191584
6344	9232	0.0191414
9231	9232	0.0191414
9232	9233	0.0191108
2388	9233	0.0191108
9233	9234	0.0191042
1620	9234	0.0191042
8758	9235	0.0192392
2858	9235	0.0192392
9234	9236	0.0190993
2618	9236	0.0190993
6383	9237	0.0190892
9236	9237	0.0190892
9237	9238	0.0190834
5987	9238	0.0190834
9238	9239	0.0190803
3680	9239	0.0190803
9239	9240	0.0190715
8800	9240	0.0190715
9240	9241	0.0190651
2487	9241	0.0190651
9241	9242	0.0190594
9208	9242	0.0190594
9242	9243	0.0190478
9235	9243	0.0190478
9243	9244	0.0190422
3840	9244	0.0190422
8783	9245	0.01904
9244	9245	0.01904
6416	9246	0.0190258
9245	9246	0.0190258
9246	9247	0.0190173
1855	9247	0.0190173
1646	9248	0.0190146
9209	9248	0.0190146
6332	9249	0.0189941
9247	9249	0.0189941
4552	9250	0.0189686
9249	9250	0.0189686
9250	9251	0.0189495
2562	9251	0.0189495
3625	9251	0.0189495
6355	9252	0.0189355
9251	9252	0.0189355
9252	9253	0.0189227
9248	9253	0.0189227
9253	9254	0.0188794
5778	9254	0.0188794
6455	9255	0.0188733
9254	9255	0.0188733
6038	9256	0.0188597
9255	9256	0.0188597
4030	9257	0.0188248
9256	9257	0.0188248
9257	9258	0.0188228
1015	9258	0.0188228
9258	9259	0.0188161
259	9259	0.0188161
9259	9260	0.0188141
2154	9260	0.0188141
341	9261	0.0188038
4535	9261	0.0188038
9260	9261	0.0188038
5609	9262	0.0188523
1704	9262	0.0188523
5869	9263	0.0186243
5801	9263	0.0186243
9261	9264	0.018774
4403	9264	0.018774
9264	9265	0.0187657
3685	9265	0.0187657
9265	9266	0.0187632
683	9266	0.0187632
9266	9267	0.0187625
3836	9267	0.0187625
9267	9268	0.0187537
4148	9268	0.0187537
9268	9269	0.0187522
1372	9269	0.0187522
9269	9270	0.0187473
1081	9270	0.0187473
9270	9271	0.018743
1508	9271	0.018743
4523	9272	0.0187294
9271	9272	0.0187294
2020	9272	0.0187294
9272	9273	0.0187078
2981	9273	0.0187078
8711	9274	0.0187015
9273	9274	0.0187015
1163	9274	0.0187015
9274	9275	0.0186735
498	9275	0.0186735
5233	9276	0.0186437
9275	9276	0.0186437
9276	9277	0.0186168
1570	9277	0.0186168
3698	9277	0.0186168
8607	9278	0.0185922
9277	9278	0.0185922
9278	9279	0.0185882
1100	9279	0.0185882
2499	9280	0.0185861
9279	9280	0.0185861
9280	9281	0.0185828
5939	9281	0.0185828
9281	9282	0.018568
1467	9282	0.018568
9282	9283	0.0185576
9262	9283	0.0185576
5301	9284	0.0185426
9283	9284	0.0185426
703	9285	0.0185165
422	9285	0.0185165
4241	9285	0.0185165
9284	9285	0.0185165
9285	9286	0.0185137
5345	9286	0.0185137
117	9287	0.0184956
9286	9287	0.0184956
9287	9288	0.0184879
2822	9288	0.0184879
4850	9289	0.018487
9288	9289	0.018487
9263	9290	0.0184812
5840	9290	0.0184812
9289	9290	0.0184812
9290	9291	0.0184642
6063	9291	0.0184642
9291	9292	0.0184449
487	9292	0.0184449
9292	9293	0.0184442
6139	9293	0.0184442
5167	9294	0.0184256
9293	9294	0.0184256
9294	9295	0.0184204
4700	9295	0.0184204
1780	9296	0.0184164
9295	9296	0.0184164
9296	9297	0.0184155
4579	9297	0.0184155
6337	9298	0.0184014
9297	9298	0.0184014
1048	9299	0.018363
9298	9299	0.018363
9299	9300	0.0183507
3960	9300	0.0183507
4238	9301	0.0183458
9300	9301	0.0183458
6484	9302	0.0183402
9301	9302	0.0183402
9302	9303	0.0183334
2855	9303	0.0183334
5136	9304	0.018324
9303	9304	0.018324
9304	9305	0.0183
16	9305	0.0183
9305	9306	0.0182864
9207	9306	0.0182864
4881	9306	0.0182864
6377	9307	0.0182809
9306	9307	0.0182809
9307	9308	0.0182716
860	9308	0.0182716
296	9308	0.0182716
4626	9309	0.0182605
9308	9309	0.0182605
6169	9310	0.0182507
9309	9310	0.0182507
5484	9311	0.0182497
9310	9311	0.0182497
4758	9312	0.0182457
9311	9312	0.0182457
5851	9313	0.0182399
9312	9313	0.0182399
1819	9314	0.0182389
9313	9314	0.0182389
9314	9315	0.0182324
3466	9315	0.0182324
9315	9316	0.0182304
5557	9316	0.0182304
9316	9317	0.0182285
3432	9317	0.0182285
9317	9318	0.0182064
3195	9318	0.0182064
2742	9319	0.0181934
9318	9319	0.0181934
8519	9320	0.020467
19	9320	0.020467
8536	9321	0.0201934
317	9321	0.0201934
6127	9322	0.020119
8554	9322	0.020119
3580	9323	0.0191414
3695	9323	0.0191414
2606	9324	0.0198097
3233	9324	0.0198097
8631	9325	0.0194463
3404	9325	0.0194463
2248	9326	0.0187318
1276	9326	0.0187318
5526	9327	0.0194207
3470	9327	0.0194207
8673	9328	0.0188169
3943	9328	0.0188169
8847	9329	0.0195237
4269	9329	0.0195237
1772	9330	0.0201445
8898	9330	0.0201445
5547	9331	0.0196047
5615	9331	0.0196047
9330	9332	0.019455
9331	9332	0.019455
1140	9333	0.0194337
9332	9333	0.0194337
1080	9334	0.0199776
1696	9334	0.0199776
2622	9335	0.0182562
1617	9335	0.0182562
8969	9336	0.0198488
4941	9336	0.0198488
9336	9337	0.0188815
4316	9337	0.0188815
4541	9338	0.0177252
2265	9338	0.0177252
9319	9339	0.0181879
9334	9339	0.0181879
9339	9340	0.018186
293	9340	0.018186
9340	9341	0.0181768
3857	9341	0.0181768
9341	9342	0.0181733
1836	9342	0.0181733
3817	9342	0.0181733
8816	9342	0.0181733
9342	9343	0.0181703
1644	9343	0.0181703
9343	9344	0.0181656
1736	9344	0.0181656
9344	9345	0.0181434
2230	9345	0.0181434
2687	9346	0.0181354
9345	9346	0.0181354
1828	9346	0.0181354
9346	9347	0.0181238
902	9347	0.0181238
5423	9348	0.0181198
9347	9348	0.0181198
3710	9348	0.0181198
5749	9349	0.0180981
9348	9349	0.0180981
9349	9350	0.0180892
1865	9350	0.0180892
9350	9351	0.018079
819	9351	0.018079
4277	9352	0.018076
9351	9352	0.018076
9352	9353	0.0180657
9324	9353	0.0180657
6081	9353	0.0180657
9353	9354	0.0180488
3665	9354	0.0180488
2108	9355	0.0180435
9354	9355	0.0180435
9355	9356	0.018034
891	9356	0.018034
9356	9357	0.0179983
3713	9357	0.0179983
9357	9358	0.0179844
5248	9358	0.0179844
560	9358	0.0179844
9358	9359	0.0179834
425	9359	0.0179834
9359	9360	0.0179827
1006	9360	0.0179827
9360	9361	0.0179815
1474	9361	0.0179815
4744	9362	0.017974
9361	9362	0.017974
9362	9363	0.0179483
6211	9363	0.0179483
9363	9364	0.0179377
1640	9364	0.0179377
9364	9365	0.01793
2082	9365	0.01793
9365	9366	0.017926
4892	9366	0.017926
6357	9367	0.0179234
9366	9367	0.0179234
9367	9368	0.0179146
3205	9368	0.0179146
5338	9369	0.017914
9368	9369	0.017914
9369	9370	0.0179073
2745	9370	0.0179073
9370	9371	0.0179025
9325	9371	0.0179025
9371	9372	0.0178915
9323	9372	0.0178915
5640	9372	0.0178915
145	9373	0.0178653
9372	9373	0.0178653
9373	9374	0.0178612
483	9374	0.0178612
9374	9375	0.0178517
2480	9375	0.0178517
9078	9376	0.0178482
9375	9376	0.0178482
6284	9377	0.0178223
9376	9377	0.0178223
2763	9377	0.0178223
9377	9378	0.0178213
788	9378	0.0178213
9378	9379	0.017819
6195	9379	0.017819
3827	9380	0.0178157
9379	9380	0.0178157
9380	9381	0.0177959
1533	9381	0.0177959
9381	9382	0.0177895
2709	9382	0.0177895
9382	9383	0.0177757
2931	9383	0.0177757
9383	9384	0.0177747
1838	9384	0.0177747
5359	9384	0.0177747
6379	9385	0.0177708
9384	9385	0.0177708
9385	9386	0.0177701
5522	9386	0.0177701
9386	9387	0.0177673
6106	9387	0.0177673
9387	9388	0.0177584
2406	9388	0.0177584
6126	9389	0.017736
9388	9389	0.017736
9389	9390	0.0177354
430	9390	0.0177354
6408	9391	0.0177289
9390	9391	0.0177289
9391	9392	0.0177269
2267	9392	0.0177269
2804	9393	0.0177252
9392	9393	0.0177252
9393	9394	0.017724
1450	9394	0.017724
9394	9395	0.0177173
3069	9395	0.0177173
9395	9396	0.0177086
2421	9396	0.0177086
365	9397	0.0180083
979	9397	0.0180083
9396	9398	0.0176961
2099	9398	0.0176961
6359	9399	0.017684
9398	9399	0.017684
9399	9400	0.0176695
1494	9400	0.0176695
9400	9401	0.0176609
9322	9401	0.0176609
9401	9402	0.0176394
3286	9402	0.0176394
4642	9403	0.0176305
9402	9403	0.0176305
6312	9404	0.0176219
9403	9404	0.0176219
6129	9405	0.0176049
9404	9405	0.0176049
9405	9406	0.0176041
1445	9406	0.0176041
6345	9407	0.0175972
9406	9407	0.0175972
316	9408	0.0175944
9407	9408	0.0175944
9408	9409	0.0175848
5578	9409	0.0175848
6334	9410	0.0175744
9409	9410	0.0175744
9410	9411	0.0175684
9327	9411	0.0175684
851	9411	0.0175684
9397	9412	0.0175791
1965	9412	0.0175791
9411	9413	0.0175638
3676	9413	0.0175638
9413	9414	0.0175525
2320	9414	0.0175525
813	9415	0.0175407
9414	9415	0.0175407
9415	9416	0.0175189
9412	9416	0.0175189
9416	9417	0.0175095
196	9417	0.0175095
9417	9418	0.0175026
5164	9418	0.0175026
4428	9418	0.0175026
571	9418	0.0175026
8944	9419	0.0175001
9418	9419	0.0175001
8534	9420	0.0174979
9419	9420	0.0174979
9420	9421	0.0174914
9009	9421	0.0174914
9421	9422	0.0174709
5477	9422	0.0174709
9422	9423	0.0174694
4451	9423	0.0174694
9423	9424	0.0174436
594	9424	0.0174436
9424	9425	0.0174324
2470	9425	0.0174324
5688	9425	0.0174324
2983	9426	0.0174285
9425	9426	0.0174285
1743	9427	0.0174251
2834	9427	0.0174251
9426	9427	0.0174251
9079	9428	0.0174249
9427	9428	0.0174249
847	9428	0.0174249
2933	9429	0.0174064
9428	9429	0.0174064
9429	9430	0.0174016
4934	9430	0.0174016
9338	9431	0.017394
9430	9431	0.017394
699	9432	0.0173921
9431	9432	0.0173921
9432	9433	0.0173808
608	9433	0.0173808
3815	9434	0.0173685
9433	9434	0.0173685
330	9435	0.0173588
9434	9435	0.0173588
9435	9436	0.0173418
8773	9436	0.0173418
8775	9436	0.0173418
6288	9437	0.0173264
9436	9437	0.0173264
9437	9438	0.0173188
2077	9438	0.0173188
2585	9439	0.0173166
9438	9439	0.0173166
9439	9440	0.0173145
2954	9440	0.0173145
9440	9441	0.0173065
2846	9441	0.0173065
8784	9442	0.0173027
9441	9442	0.0173027
9442	9443	0.0172865
4390	9443	0.0172865
9443	9444	0.0172813
2702	9444	0.0172813
9444	9445	0.0172749
5483	9445	0.0172749
9445	9446	0.0172616
895	9446	0.0172616
9446	9447	0.0172519
3304	9447	0.0172519
9447	9448	0.0172433
3881	9448	0.0172433
9448	9449	0.0172415
4263	9449	0.0172415
9449	9450	0.0172357
9326	9450	0.0172357
1783	9450	0.0172357
2282	9451	0.0172177
9450	9451	0.0172177
3823	9452	0.0172148
9451	9452	0.0172148
9452	9453	0.0172023
473	9453	0.0172023
9453	9454	0.0171899
625	9454	0.0171899
9454	9455	0.017184
9321	9455	0.017184
8621	9456	0.0178671
1406	9456	0.0178671
2921	9457	0.0181284
9328	9457	0.0181284
4230	9458	0.0177207
799	9458	0.0177207
8834	9459	0.0177565
9333	9459	0.0177565
9329	9460	0.0180308
708	9460	0.0180308
5837	9461	0.0173027
951	9461	0.0173027
8881	9462	0.0174285
2706	9462	0.0174285
2354	9463	0.0175628
4868	9463	0.0175628
3158	9464	0.0172794
1424	9464	0.0172794
5926	9465	0.0180868
4754	9465	0.0180868
9455	9466	0.0171837
4236	9466	0.0171837
9466	9467	0.017173
8745	9467	0.017173
6253	9467	0.017173
336	9468	0.0171701
9467	9468	0.0171701
9468	9469	0.0171557
1119	9469	0.0171557
9469	9470	0.0171349
200	9470	0.0171349
3663	9470	0.0171349
2451	9471	0.0171235
9470	9471	0.0171235
8626	9472	0.0171192
9471	9472	0.0171192
6429	9473	0.0171111
9472	9473	0.0171111
21	9474	0.017107
9473	9474	0.017107
176	9475	0.0171006
9474	9475	0.0171006
3702	9476	0.0170995
9475	9476	0.0170995
9476	9477	0.0170983
9461	9477	0.0170983
9477	9478	0.0170795
4777	9478	0.0170795
9478	9479	0.0170761
872	9479	0.0170761
9479	9480	0.0170727
5751	9480	0.0170727
9480	9481	0.0170679
2714	9481	0.0170679
9481	9482	0.0170667
8924	9482	0.0170667
8625	9483	0.0170546
9482	9483	0.0170546
9483	9484	0.0170426
5449	9484	0.0170426
2416	9485	0.0170372
9484	9485	0.0170372
9485	9486	0.0170194
9459	9486	0.0170194
9460	9486	0.0170194
9486	9487	0.0170174
3417	9487	0.0170174
6290	9488	0.0170117
9487	9488	0.0170117
6200	9489	0.017002
9488	9489	0.017002
8817	9490	0.0170003
9489	9490	0.0170003
9490	9491	0.0169987
1220	9491	0.0169987
9491	9492	0.0169935
318	9492	0.0169935
9492	9493	0.0169916
9335	9493	0.0169916
9493	9494	0.0169829
9457	9494	0.0169829
9494	9495	0.0169573
5830	9495	0.0169573
9495	9496	0.0169545
9462	9496	0.0169545
6434	9497	0.0169467
9496	9497	0.0169467
9497	9498	0.016941
44	9498	0.016941
9498	9499	0.0169352
6069	9499	0.0169352
9499	9500	0.0169279
3996	9500	0.0169279
9500	9501	0.0169219
431	9501	0.0169219
9501	9502	0.0169202
4660	9502	0.0169202
8552	9503	0.0169193
9502	9503	0.0169193
9503	9504	0.0168972
9456	9504	0.0168972
3440	9505	0.0168962
9504	9505	0.0168962
6417	9506	0.0168912
9505	9506	0.0168912
5642	9507	0.0168739
9506	9507	0.0168739
9507	9508	0.0168713
1171	9508	0.0168713
6275	9509	0.0168627
9508	9509	0.0168627
9509	9510	0.016858
9337	9510	0.016858
6303	9511	0.0168398
9510	9511	0.0168398
9511	9512	0.0168123
3847	9512	0.0168123
5397	9513	0.016809
9512	9513	0.016809
9513	9514	0.0168048
420	9514	0.0168048
9514	9515	0.0167947
1596	9515	0.0167947
9515	9516	0.0167844
1678	9516	0.0167844
9458	9517	0.0169584
2289	9517	0.0169584
6463	9518	0.0167772
9516	9518	0.0167772
9518	9519	0.0167533
4119	9519	0.0167533
8863	9520	0.0167484
9519	9520	0.0167484
9320	9520	0.0167484
5762	9520	0.0167484
9465	9520	0.0167484
5506	9520	0.0167484
9520	9521	0.0167473
5865	9521	0.0167473
9521	9522	0.0167304
1821	9522	0.0167304
9522	9523	0.0167234
3389	9523	0.0167234
9523	9524	0.0166964
8906	9524	0.0166964
9524	9525	0.0166864
5948	9525	0.0166864
9525	9526	0.0166829
9463	9526	0.0166829
9526	9527	0.0166722
4188	9527	0.0166722
9527	9528	0.0166675
961	9528	0.0166675
9528	9529	0.0166644
5822	9529	0.0166644
3132	9530	0.0166527
9529	9530	0.0166527
9530	9531	0.016637
915	9531	0.016637
2984	9532	0.0166185
9531	9532	0.0166185
8623	9533	0.0165978
9532	9533	0.0165978
9533	9534	0.0165946
428	9534	0.0165946
6202	9535	0.01659
9534	9535	0.01659
9535	9536	0.0165834
392	9536	0.0165834
9536	9537	0.0165788
3952	9537	0.0165788
5637	9538	0.0165588
9537	9538	0.0165588
9538	9539	0.0165386
1464	9539	0.0165386
9539	9540	0.0165359
2125	9540	0.0165359
9540	9541	0.0165218
1927	9541	0.0165218
9080	9542	0.0164963
9541	9542	0.0164963
9542	9543	0.0164844
9464	9543	0.0164844
1234	9544	0.0164755
9543	9544	0.0164755
1914	9545	0.0164691
9544	9545	0.0164691
9545	9546	0.016467
1289	9546	0.016467
3061	9547	0.0164642
9546	9547	0.0164642
9547	9548	0.0164585
1735	9548	0.0164585
9548	9549	0.0164502
4912	9549	0.0164502
254	9550	0.0164196
9549	9550	0.0164196
9550	9551	0.0164164
3737	9551	0.0164164
3795	9552	0.0164081
9551	9552	0.0164081
2385	9553	0.0163984
9552	9553	0.0163984
9553	9554	0.0163965
3428	9554	0.0163965
481	9555	0.0163841
9554	9555	0.0163841
9555	9556	0.0163755
1866	9556	0.0163755
349	9557	0.0163747
9556	9557	0.0163747
8542	9558	0.0163716
9557	9558	0.0163716
6405	9559	0.0163603
9558	9559	0.0163603
9559	9560	0.0163498
1749	9560	0.0163498
9560	9561	0.0163424
6014	9561	0.0163424
9561	9562	0.0163384
9517	9562	0.0163384
9562	9563	0.0163354
671	9563	0.0163354
9563	9564	0.0163287
6230	9564	0.0163287
9564	9565	0.0163171
5389	9565	0.0163171
8549	9566	0.0201863
4143	9566	0.0201863
8628	9567	0.0201923
3094	9567	0.0201923
8679	9568	0.0190146
6256	9568	0.0190146
9568	9569	0.0186319
314	9569	0.0186319
9569	9570	0.0181553
4271	9570	0.0181553
402	9571	0.0167615
2733	9571	0.0167615
413	9572	0.0168199
4853	9572	0.0168199
8750	9573	0.0200798
2753	9573	0.0200798
9573	9574	0.0198317
4453	9574	0.0198317
9574	9575	0.0182562
5398	9575	0.0182562
2227	9576	0.017785
8761	9576	0.017785
4824	9577	0.0192624
916	9577	0.0192624
5367	9578	0.0180723
1459	9578	0.0180723
8988	9579	0.0167092
2351	9579	0.0167092
2181	9580	0.016102
6387	9580	0.016102
9075	9581	0.0159638
9077	9581	0.0159638
9565	9582	0.0163154
2381	9582	0.0163154
9582	9583	0.0162677
4383	9583	0.0162677
9583	9584	0.0162666
8568	9584	0.0162666
9584	9585	0.0162631
308	9585	0.0162631
9585	9586	0.0162523
940	9586	0.0162523
2712	9586	0.0162523
9586	9587	0.0162394
2629	9587	0.0162394
9587	9588	0.0162366
610	9588	0.0162366
5834	9588	0.0162366
9588	9589	0.0162324
3251	9589	0.0162324
6130	9590	0.016221
9589	9590	0.016221
6114	9590	0.016221
9590	9591	0.0162073
2142	9591	0.0162073
9591	9592	0.0161895
1530	9592	0.0161895
9592	9593	0.0161711
1915	9593	0.0161711
9593	9594	0.0161637
595	9594	0.0161637
2885	9594	0.0161637
4710	9595	0.0161624
9594	9595	0.0161624
9595	9596	0.0161562
163	9596	0.0161562
6078	9597	0.0161527
1681	9597	0.0161527
9596	9597	0.0161527
9597	9598	0.0161483
536	9598	0.0161483
1381	9599	0.0161458
9598	9599	0.0161458
9076	9600	0.0161436
8729	9600	0.0161436
9599	9600	0.0161436
1641	9601	0.016138
9600	9601	0.016138
9601	9602	0.0161265
111	9602	0.0161265
1558	9603	0.0161183
9602	9603	0.0161183
8864	9604	0.0161151
9603	9604	0.0161151
9604	9605	0.0161131
1435	9605	0.0161131
9605	9606	0.0161125
2552	9606	0.0161125
9606	9607	0.016095
3520	9607	0.016095
6394	9608	0.0160885
9607	9608	0.0160885
1038	9609	0.0160876
9608	9609	0.0160876
9609	9610	0.0160658
6055	9610	0.0160658
9610	9611	0.0160598
2532	9611	0.0160598
9611	9612	0.0160522
5500	9612	0.0160522
6077	9613	0.0160348
9612	9613	0.0160348
9613	9614	0.0160311
5220	9614	0.0160311
4010	9615	0.0160285
9614	9615	0.0160285
6457	9616	0.0160265
9615	9616	0.0160265
3104	9617	0.0160025
9616	9617	0.0160025
9617	9618	0.0159921
5862	9618	0.0159921
9618	9619	0.0159896
5376	9619	0.0159896
9619	9620	0.0159807
2936	9620	0.0159807
9620	9621	0.0159599
8849	9621	0.0159599
8851	9621	0.0159599
5130	9621	0.0159599
1853	9621	0.0159599
9621	9622	0.0159566
8901	9622	0.0159566
9622	9623	0.0159414
9578	9623	0.0159414
5853	9624	0.0159396
9623	9624	0.0159396
9624	9625	0.0159386
5975	9625	0.0159386
9625	9626	0.0159168
1281	9626	0.0159168
9626	9627	0.0159142
85	9627	0.0159142
4602	9628	0.0158827
9627	9628	0.0158827
9628	9629	0.0158749
2642	9629	0.0158749
9629	9630	0.0158653
2457	9630	0.0158653
9630	9631	0.0158578
1501	9631	0.0158578
2884	9632	0.0158516
9631	9632	0.0158516
9632	9633	0.0158464
5735	9633	0.0158464
4184	9634	0.0158317
9633	9634	0.0158317
327	9634	0.0158317
5994	9635	0.01581
9634	9635	0.01581
9006	9636	0.0158081
9635	9636	0.0158081
9636	9637	0.0158073
5698	9637	0.0158073
9637	9638	0.0158053
3701	9638	0.0158053
9638	9639	0.0157938
2734	9639	0.0157938
2507	9640	0.0157851
9639	9640	0.0157851
9640	9641	0.0157681
1781	9641	0.0157681
9641	9642	0.0157615
1544	9642	0.0157615
9642	9643	0.0157566
3133	9643	0.0157566
9643	9644	0.0157505
2508	9644	0.0157505
9644	9645	0.0157414
1745	9645	0.0157414
8510	9646	0.015726
6318	9646	0.015726
9645	9646	0.015726
6203	9647	0.0157109
9646	9647	0.0157109
9647	9648	0.0157036
1087	9648	0.0157036
9648	9649	0.0157003
2901	9649	0.0157003
9649	9650	0.0156994
1837	9650	0.0156994
9650	9651	0.0156858
959	9651	0.0156858
9651	9652	0.0156736
1715	9652	0.0156736
9652	9653	0.0156681
3977	9653	0.0156681
5693	9654	0.0156212
9653	9654	0.0156212
9580	9655	0.015608
9654	9655	0.015608
6061	9656	0.0155985
9581	9656	0.0155985
5868	9657	0.0155974
9655	9657	0.0155974
9074	9658	0.0155945
9657	9658	0.0155945
9658	9659	0.0155851
2788	9659	0.0155851
9659	9660	0.015578
5738	9660	0.015578
1076	9661	0.0155716
9660	9661	0.0155716
3865	9662	0.0155707
9661	9662	0.0155707
718	9663	0.0155611
9662	9663	0.0155611
4389	9664	0.0155588
9663	9664	0.0155588
9664	9665	0.0155556
3900	9665	0.0155556
9665	9666	0.0155458
1624	9666	0.0155458
9656	9667	0.015541
9666	9667	0.015541
3586	9668	0.0155296
9667	9668	0.0155296
1075	9669	0.015526
2538	9669	0.015526
9668	9669	0.015526
2485	9670	0.0155241
9669	9670	0.0155241
5132	9671	0.0155162
9670	9671	0.0155162
9671	9672	0.015506
126	9672	0.015506
1241	9673	0.0154933
9672	9673	0.0154933
8655	9674	0.0154884
9673	9674	0.0154884
9674	9675	0.0154754
5030	9675	0.0154754
9675	9676	0.0154694
558	9676	0.0154694
1188	9677	0.0154657
9676	9677	0.0154657
8960	9678	0.0154562
9677	9678	0.0154562
9678	9679	0.015437
3681	9679	0.015437
398	9680	0.0160751
9567	9680	0.0160751
9566	9681	0.0159539
9680	9681	0.0159539
1164	9682	0.0155151
9575	9682	0.0155151
8873	9683	0.0156546
9577	9683	0.0156546
5050	9684	0.0150452
31	9684	0.0150452
3386	9685	0.0154334
9679	9685	0.0154334
9685	9686	0.0154199
444	9686	0.0154199
646	9686	0.0154199
9686	9687	0.015419
363	9687	0.015419
9687	9688	0.0154093
3320	9688	0.0154093
3498	9689	0.0154055
9688	9689	0.0154055
9689	9690	0.0154029
1095	9690	0.0154029
9690	9691	0.0153878
1117	9691	0.0153878
2663	9692	0.0153761
9691	9692	0.0153761
511	9693	0.0153748
9692	9693	0.0153748
9693	9694	0.0153601
773	9694	0.0153601
9694	9695	0.0153589
8909	9695	0.0153589
9681	9695	0.0153589
54	9695	0.0153589
6489	9696	0.0153561
9695	9696	0.0153561
2750	9696	0.0153561
9696	9697	0.0153502
261	9697	0.0153502
9697	9698	0.0153465
466	9698	0.0153465
8795	9699	0.0153399
9698	9699	0.0153399
5666	9700	0.01533
9699	9700	0.01533
9700	9701	0.0153247
4146	9701	0.0153247
9701	9702	0.0153139
502	9702	0.0153139
8968	9703	0.0153114
9702	9703	0.0153114
9703	9704	0.0153073
1645	9704	0.0153073
9704	9705	0.0152881
3839	9705	0.0152881
6370	9706	0.0152789
9705	9706	0.0152789
8650	9707	0.0152559
9706	9707	0.0152559
9707	9708	0.0152537
1813	9708	0.0152537
9708	9709	0.015241
3186	9709	0.015241
9709	9710	0.0152213
1420	9710	0.0152213
1273	9711	0.0152155
9710	9711	0.0152155
2561	9712	0.0152143
9711	9712	0.0152143
4512	9713	0.0152108
9712	9713	0.0152108
9713	9714	0.0151968
9682	9714	0.0151968
6431	9715	0.0151949
9714	9715	0.0151949
2140	9715	0.0151949
8524	9716	0.015191
9715	9716	0.015191
9716	9717	0.0151864
4886	9717	0.0151864
9717	9718	0.0151851
4662	9718	0.0151851
9718	9719	0.0151804
3657	9719	0.0151804
6441	9720	0.015174
9719	9720	0.015174
9720	9721	0.0151689
3456	9721	0.0151689
9721	9722	0.0151606
1673	9722	0.0151606
9570	9723	0.0151903
2592	9723	0.0151903
9723	9724	0.0151851
1432	9724	0.0151851
9722	9725	0.0151576
3002	9725	0.0151576
1271	9726	0.0151525
9725	9726	0.0151525
9726	9727	0.0151472
4417	9727	0.0151472
9727	9728	0.0151375
181	9728	0.0151375
3781	9728	0.0151375
9728	9729	0.0151359
3561	9729	0.0151359
9729	9730	0.0151015
622	9730	0.0151015
2234	9731	0.0151007
9730	9731	0.0151007
9731	9732	0.0150994
9724	9732	0.0150994
9732	9733	0.0150881
6016	9733	0.0150881
9733	9734	0.0150852
9571	9734	0.0150852
6386	9735	0.0150777
8808	9735	0.0150777
9734	9735	0.0150777
9735	9736	0.0150519
2501	9736	0.0150519
9736	9737	0.0150367
2155	9737	0.0150367
3026	9737	0.0150367
4198	9737	0.0150367
2516	9738	0.0154055
2740	9738	0.0154055
8931	9739	0.015296
9738	9739	0.015296
9737	9740	0.0150354
4217	9740	0.0150354
9740	9741	0.0150329
2021	9741	0.0150329
9741	9742	0.0150318
212	9742	0.0150318
9742	9743	0.0150253
5087	9743	0.0150253
5415	9744	0.0150109
9743	9744	0.0150109
2594	9745	0.0150051
2975	9745	0.0150051
9744	9745	0.0150051
9745	9746	0.0149966
4000	9746	0.0149966
9746	9747	0.014988
1761	9747	0.014988
9073	9748	0.0149833
9747	9748	0.0149833
6414	9749	0.0149728
9576	9749	0.0149728
9748	9749	0.0149728
9749	9750	0.0149707
4706	9750	0.0149707
9750	9751	0.0149546
446	9751	0.0149546
9751	9752	0.0149518
3551	9752	0.0149518
9684	9753	0.014944
9752	9753	0.014944
9753	9754	0.014943
2328	9754	0.014943
9754	9755	0.0149412
5268	9755	0.0149412
116	9756	0.0149361
9755	9756	0.0149361
459	9757	0.0149347
9756	9757	0.0149347
4891	9758	0.0149268
9757	9758	0.0149268
9758	9759	0.0149204
837	9759	0.0149204
9759	9760	0.0149192
3227	9760	0.0149192
5552	9760	0.0149192
9760	9761	0.0149174
5772	9761	0.0149174
9761	9762	0.0149145
3274	9762	0.0149145
9762	9763	0.0148735
2679	9763	0.0148735
9683	9764	0.0149204
838	9764	0.0149204
9763	9765	0.0148555
5541	9765	0.0148555
9765	9766	0.0148514
1240	9766	0.0148514
4069	9766	0.0148514
9766	9767	0.0148371
9764	9767	0.0148371
9767	9768	0.0148316
3296	9768	0.0148316
5176	9769	0.0148268
9768	9769	0.0148268
9769	9770	0.0148248
4122	9770	0.0148248
9770	9771	0.0148165
239	9771	0.0148165
9739	9771	0.0148165
3907	9772	0.0147963
9771	9772	0.0147963
276	9773	0.0147935
9772	9773	0.0147935
9773	9774	0.0147886
1705	9774	0.0147886
9774	9775	0.0147869
1637	9775	0.0147869
2578	9776	0.0147841
9775	9776	0.0147841
9776	9777	0.014782
2609	9777	0.014782
9777	9778	0.0147753
4960	9778	0.0147753
3230	9779	0.0147714
9778	9779	0.0147714
9779	9780	0.0147686
5452	9780	0.0147686
9780	9781	0.0147666
5931	9781	0.0147666
9781	9782	0.0147515
4313	9782	0.0147515
9782	9783	0.0147504
4845	9783	0.0147504
9783	9784	0.0147452
5508	9784	0.0147452
6437	9785	0.0147276
3890	9785	0.0147276
9784	9785	0.0147276
9785	9786	0.0147257
2495	9786	0.0147257
1509	9787	0.0160458
367	9787	0.0160458
8583	9788	0.0153766
9787	9788	0.0153766
8879	9789	0.0148823
4319	9789	0.0148823
2256	9789	0.0148823
6049	9790	0.0148174
9789	9790	0.0148174
8752	9791	0.0149297
3294	9791	0.0149297
472	9792	0.0148106
2038	9792	0.0148106
1748	9793	0.014719
2205	9793	0.014719
3003	9794	0.0155791
3594	9794	0.0155791
9794	9795	0.0152789
3146	9795	0.0152789
9786	9796	0.0147094
9579	9796	0.0147094
3068	9797	0.014699
9796	9797	0.014699
2158	9798	0.0146923
4979	9798	0.0146923
9797	9798	0.0146923
9798	9799	0.0146771
3454	9799	0.0146771
9799	9800	0.0146639
496	9800	0.0146639
3137	9801	0.0146599
9800	9801	0.0146599
9801	9802	0.014636
2350	9802	0.014636
9802	9803	0.0146217
954	9803	0.0146217
9803	9804	0.0146108
3236	9804	0.0146108
1692	9805	0.014609
9804	9805	0.014609
9805	9806	0.0146045
1504	9806	0.0146045
9793	9806	0.0146045
4654	9807	0.0145876
9806	9807	0.0145876
9807	9808	0.0145865
9792	9808	0.0145865
9808	9809	0.0145818
3392	9809	0.0145818
9809	9810	0.0145808
3873	9810	0.0145808
2863	9811	0.0145726
9810	9811	0.0145726
9811	9812	0.0145667
5189	9812	0.0145667
9812	9813	0.0145643
2011	9813	0.0145643
2948	9814	0.014554
9813	9814	0.014554
3596	9815	0.0145463
9814	9815	0.0145463
9815	9816	0.0145427
5135	9816	0.0145427
9816	9817	0.014534
2456	9817	0.014534
9817	9818	0.0145284
4152	9818	0.0145284
8910	9819	0.0145275
9818	9819	0.0145275
8691	9820	0.0145254
9819	9820	0.0145254
5794	9821	0.0145204
9820	9821	0.0145204
9821	9822	0.0145066
3573	9822	0.0145066
9822	9823	0.0144864
4532	9823	0.0144864
9823	9824	0.014479
2486	9824	0.014479
9824	9825	0.014473
397	9825	0.014473
9791	9825	0.014473
9825	9826	0.0144495
1869	9826	0.0144495
9826	9827	0.0144351
9572	9827	0.0144351
5752	9828	0.014432
9827	9828	0.014432
9828	9829	0.014431
90	9829	0.014431
9829	9830	0.0144301
9790	9830	0.0144301
4136	9830	0.0144301
9830	9831	0.0144252
3037	9831	0.0144252
3720	9831	0.0144252
9831	9832	0.0144206
4919	9832	0.0144206
9832	9833	0.0144196
840	9833	0.0144196
1584	9833	0.0144196
9833	9834	0.0144108
1659	9834	0.0144108
9834	9835	0.0144064
1182	9835	0.0144064
9835	9836	0.0143689
5412	9836	0.0143689
597	9837	0.0143489
9836	9837	0.0143489
9837	9838	0.0143471
9788	9838	0.0143471
9838	9839	0.014334
5057	9839	0.014334
4425	9840	0.01433
9839	9840	0.01433
8665	9841	0.0143234
9840	9841	0.0143234
559	9842	0.0143062
9841	9842	0.0143062
4672	9843	0.0142936
9842	9843	0.0142936
1248	9844	0.0142928
9843	9844	0.0142928
9844	9845	0.0142765
95	9845	0.0142765
9845	9846	0.0142736
547	9846	0.0142736
9846	9847	0.0142652
710	9847	0.0142652
3001	9848	0.0142594
9847	9848	0.0142594
9848	9849	0.0142421
2251	9849	0.0142421
9849	9850	0.014238
3127	9850	0.014238
9850	9851	0.0142375
1315	9851	0.0142375
9851	9852	0.0142156
4676	9852	0.0142156
2513	9853	0.0142076
9852	9853	0.0142076
9853	9854	0.0141956
8698	9854	0.0141956
1153	9854	0.0141956
9854	9855	0.0141829
5532	9855	0.0141829
9855	9856	0.0141514
6084	9856	0.0141514
9856	9857	0.0141506
1172	9857	0.0141506
3484	9858	0.0141449
9857	9858	0.0141449
8764	9859	0.0141393
9858	9859	0.0141393
4696	9859	0.0141393
9859	9860	0.0141335
3446	9860	0.0141335
9860	9861	0.0141327
1614	9861	0.0141327
9861	9862	0.0141211
2045	9862	0.0141211
9862	9863	0.0141135
6004	9863	0.0141135
640	9864	0.0141088
9863	9864	0.0141088
9864	9865	0.0141011
1759	9865	0.0141011
5731	9865	0.0141011
8666	9866	0.0140907
9865	9866	0.0140907
9866	9867	0.0140838
2093	9867	0.0140838
6486	9868	0.0140825
9867	9868	0.0140825
4163	9868	0.0140825
9868	9869	0.0140408
4851	9869	0.0140408
6421	9870	0.0140182
9869	9870	0.0140182
2296	9871	0.0140162
9870	9871	0.0140162
396	9872	0.0140017
9871	9872	0.0140017
722	9873	0.0139893
9872	9873	0.0139893
9873	9874	0.0139876
2665	9874	0.0139876
6439	9875	0.0139865
9874	9875	0.0139865
5579	9876	0.0139847
9875	9876	0.0139847
9876	9877	0.013969
1040	9877	0.013969
2859	9878	0.0139646
9877	9878	0.0139646
9878	9879	0.013962
417	9879	0.013962
4581	9880	0.0139609
9879	9880	0.0139609
9880	9881	0.0139577
5378	9881	0.0139577
8557	9882	0.0145515
1970	9882	0.0145515
8914	9883	0.0145083
9882	9883	0.0145083
1452	9884	0.0141097
8927	9884	0.0141097
9881	9885	0.0139446
464	9885	0.0139446
5178	9886	0.0139436
9885	9886	0.0139436
639	9886	0.0139436
1972	9887	0.0139284
9886	9887	0.0139284
9887	9888	0.0139224
694	9888	0.0139224
9888	9889	0.0138969
1260	9889	0.0138969
9889	9890	0.0138799
4139	9890	0.0138799
2695	9891	0.0138791
9890	9891	0.0138791
9891	9892	0.0138712
1729	9892	0.0138712
9892	9893	0.0138703
1374	9893	0.0138703
5707	9894	0.0138626
9893	9894	0.0138626
8889	9895	0.013856
9894	9895	0.013856
2414	9896	0.0138548
9895	9896	0.0138548
9896	9897	0.0138437
3745	9897	0.0138437
4961	9898	0.0138377
9897	9898	0.0138377
9898	9899	0.0138341
825	9899	0.0138341
5671	9900	0.0138265
9899	9900	0.0138265
9900	9901	0.0138163
5881	9901	0.0138163
9901	9902	0.0138149
9795	9902	0.0138149
9902	9903	0.0138064
1754	9903	0.0138064
9903	9904	0.0137845
5097	9904	0.0137845
1920	9905	0.0137642
9904	9905	0.0137642
9905	9906	0.0137635
5791	9906	0.0137635
9906	9907	0.0137619
5530	9907	0.0137619
4957	9908	0.0137607
9907	9908	0.0137607
4616	9909	0.0137367
9908	9909	0.0137367
4699	9910	0.0137339
9909	9910	0.0137339
8716	9911	0.0137288
9910	9911	0.0137288
9883	9912	0.0137214
1995	9912	0.0137214
9911	9913	0.0137175
9912	9913	0.0137175
2417	9914	0.0137119
9913	9914	0.0137119
9914	9915	0.0136869
5823	9915	0.0136869
9915	9916	0.013686
1430	9916	0.013686
8974	9917	0.0136814
8971	9917	0.0136814
9916	9917	0.0136814
9917	9918	0.0136555
3038	9918	0.0136555
9918	9919	0.0136518
2304	9919	0.0136518
3878	9920	0.0136404
9919	9920	0.0136404
9920	9921	0.0136328
2760	9921	0.0136328
1394	9922	0.0136251
9921	9922	0.0136251
861	9923	0.0136242
9922	9923	0.0136242
9923	9924	0.0136232
170	9924	0.0136232
9924	9925	0.0136061
71	9925	0.0136061
9925	9926	0.0136006
3763	9926	0.0136006
9926	9927	0.013581
3603	9927	0.013581
9927	9928	0.0135778
1944	9928	0.0135778
6105	9929	0.013565
9928	9929	0.013565
6464	9930	0.0135628
9929	9930	0.0135628
2313	9931	0.0135613
9930	9931	0.0135613
6124	9932	0.0135594
9931	9932	0.0135594
9932	9933	0.0135556
5540	9933	0.0135556
8895	9934	0.0135336
9933	9934	0.0135336
8791	9935	0.0135239
9934	9935	0.0135239
9935	9936	0.0135155
1455	9936	0.0135155
3843	9937	0.0135136
9936	9937	0.0135136
2336	9938	0.0135268
3492	9938	0.0135268
9937	9939	0.0135058
15	9939	0.0135058
9939	9940	0.0135031
76	9940	0.0135031
4623	9941	0.013499
9940	9941	0.013499
3187	9942	0.0134916
9941	9942	0.0134916
9942	9943	0.0134879
9938	9943	0.0134879
2731	9944	0.0134859
4028	9944	0.0134859
8573	9944	0.0134859
9943	9944	0.0134859
9944	9945	0.013481
8522	9945	0.013481
9884	9945	0.013481
9945	9946	0.0134793
3751	9946	0.0134793
191	9947	0.0134764
9946	9947	0.0134764
8872	9948	0.0134582
9947	9948	0.0134582
9948	9949	0.0134444
821	9949	0.0134444
1097	9950	0.0134288
9949	9950	0.0134288
3346	9951	0.0134271
9950	9951	0.0134271
9951	9952	0.0134217
2613	9952	0.0134217
3246	9953	0.0134193
9952	9953	0.0134193
9953	9954	0.0134116
4278	9954	0.0134116
9954	9955	0.0133981
4012	9955	0.0133981
9955	9956	0.0133877
2043	9956	0.0133877
9956	9957	0.0133838
2932	9957	0.0133838
9957	9958	0.0133708
3261	9958	0.0133708
3085	9959	0.0133629
4907	9959	0.0133629
9958	9959	0.0133629
6423	9960	0.0133438
9959	9960	0.0133438
9960	9961	0.013343
460	9961	0.013343
9961	9962	0.013337
863	9962	0.013337
52	9963	0.0144834
1582	9963	0.0144834
8561	9964	0.0179171
94	9964	0.0179171
8570	9965	0.0169767
831	9965	0.0169767
5981	9966	0.014102
452	9966	0.014102
9966	9967	0.0134764
9965	9967	0.0134764
8591	9968	0.0134782
5496	9968	0.0134782
8619	9969	0.0135413
2283	9969	0.0135413
3375	9970	0.0166617
4517	9970	0.0166617
9970	9971	0.014598
6089	9971	0.014598
8718	9972	0.0139191
2220	9972	0.0139191
8772	9973	0.0192455
2986	9973	0.0192455
9973	9974	0.0175077
545	9974	0.0175077
3259	9975	0.0139561
9974	9975	0.0139561
9975	9976	0.0133485
2823	9976	0.0133485
8830	9977	0.0173765
2057	9977	0.0173765
9977	9978	0.0141106
3142	9978	0.0141106
641	9979	0.0147935
6178	9979	0.0147935
2023	9980	0.0136948
885	9980	0.0136948
1185	9981	0.0155086
3553	9981	0.0155086
1225	9982	0.0177025
1576	9982	0.0177025
1939	9983	0.0156897
2188	9983	0.0156897
4928	9984	0.0140101
9983	9984	0.0140101
8951	9985	0.0137112
9984	9985	0.0137112
4335	9986	0.0150881
2111	9986	0.0150881
4635	9987	0.0170619
2520	9987	0.0170619
9987	9988	0.0143843
3442	9988	0.0143843
4839	9989	0.0141973
9988	9989	0.0141973
2204	9990	0.014554
3845	9990	0.014554
3935	9991	0.0135031
3863	9991	0.0135031
4454	9992	0.0135668
2431	9992	0.0135668
8652	9993	0.012578
2654	9993	0.012578
9015	9994	0.011776
9993	9994	0.011776
5971	9995	0.0131876
4445	9995	0.0131876
3987	9996	0.0127029
9067	9996	0.0127029
3793	9997	0.0127058
9066	9997	0.0127058
9962	9998	0.0133314
1457	9998	0.0133314
9998	9999	0.0133298
488	9999	0.0133298
3057	10000	0.0133237
9999	10000	0.0133237
10000	10001	0.0133191
6184	10001	0.0133191
10001	10002	0.0133164
1395	10002	0.0133164
10002	10003	0.0133016
5808	10003	0.0133016
4998	10004	0.0132848
10003	10004	0.0132848
10004	10005	0.0132601
3953	10005	0.0132601
10005	10006	0.0132551
3850	10006	0.0132551
4349	10007	0.0132505
10006	10007	0.0132505
10007	10008	0.0132474
4123	10008	0.0132474
104	10009	0.0132446
10008	10009	0.0132446
5321	10010	0.0132437
10009	10010	0.0132437
10010	10011	0.0132424
2356	10011	0.0132424
9057	10012	0.0132166
6205	10012	0.0132166
10011	10012	0.0132166
9069	10013	0.0132159
10012	10013	0.0132159
8714	10014	0.013212
10013	10014	0.013212
4689	10015	0.0131855
10014	10015	0.0131855
4101	10016	0.0131617
10015	10016	0.0131617
10016	10017	0.0131607
1205	10017	0.0131607
3601	10018	0.0131549
10017	10018	0.0131549
3577	10019	0.01314
10018	10019	0.01314
8723	10020	0.0131376
10019	10020	0.0131376
10020	10021	0.0131368
215	10021	0.0131368
9060	10022	0.0131359
10021	10022	0.0131359
10022	10023	0.0131313
3765	10023	0.0131313
10023	10024	0.0131092
2708	10024	0.0131092
10024	10025	0.0131053
5021	10025	0.0131053
2875	10026	0.0131015
10025	10026	0.0131015
10026	10027	0.0130968
2844	10027	0.0130968
10027	10028	0.0130947
1433	10028	0.0130947
9061	10029	0.01309
10028	10029	0.01309
10029	10030	0.0130842
2683	10030	0.0130842
10030	10031	0.0130722
691	10031	0.0130722
3072	10032	0.0130635
10031	10032	0.0130635
1643	10033	0.0130558
10032	10033	0.0130558
10033	10034	0.0130512
4379	10034	0.0130512
5502	10035	0.0130412
10034	10035	0.0130412
10035	10036	0.0130291
4193	10036	0.0130291
10036	10037	0.0130227
3282	10037	0.0130227
9980	10038	0.0130464
3027	10038	0.0130464
8687	10039	0.013014
10037	10039	0.013014
10039	10040	0.0130128
5652	10040	0.0130128
10040	10041	0.0130099
6168	10041	0.0130099
2335	10042	0.0129906
10041	10042	0.0129906
10038	10043	0.0129862
1387	10043	0.0129862
9070	10044	0.0129822
10042	10044	0.0129822
9967	10044	0.0129822
868	10044	0.0129822
2242	10044	0.0129822
10043	10044	0.0129822
3410	10045	0.0129791
10044	10045	0.0129791
10045	10046	0.01297
5459	10046	0.01297
8746	10047	0.0129623
10046	10047	0.0129623
10047	10048	0.012929
5063	10048	0.012929
1017	10049	0.012928
10048	10049	0.012928
4164	10050	0.0129118
10049	10050	0.0129118
10050	10051	0.012904
167	10051	0.012904
10051	10052	0.0128976
918	10052	0.0128976
10052	10053	0.0128717
1496	10053	0.0128717
10053	10054	0.0128631
1181	10054	0.0128631
4409	10055	0.0128622
10054	10055	0.0128622
1165	10056	0.0128612
10055	10056	0.0128612
2768	10057	0.0128582
10056	10057	0.0128582
8726	10058	0.0128499
10057	10058	0.0128499
10058	10059	0.0128364
1994	10059	0.0128364
10059	10060	0.0128215
2449	10060	0.0128215
10060	10061	0.0128087
4388	10061	0.0128087
10061	10062	0.0127832
2949	10062	0.0127832
4887	10063	0.0127801
10062	10063	0.0127801
10063	10064	0.0127697
4115	10064	0.0127697
2505	10065	0.0127564
10064	10065	0.0127564
9978	10065	0.0127564
4067	10066	0.0127506
10065	10066	0.0127506
10066	10067	0.0127477
4317	10067	0.0127477
10067	10068	0.0127326
88	10068	0.0127326
4412	10068	0.0127326
10068	10069	0.0127315
2517	10069	0.0127315
3387	10070	0.0127306
10069	10070	0.0127306
10070	10071	0.012726
889	10071	0.012726
10071	10072	0.0127173
3499	10072	0.0127173
10072	10073	0.0127139
9963	10073	0.0127139
10073	10074	0.0127058
1149	10074	0.0127058
10074	10075	0.0126972
3509	10075	0.0126972
10075	10076	0.0126954
2839	10076	0.0126954
3212	10076	0.0126954
5969	10077	0.0126573
10076	10077	0.0126573
4769	10078	0.012646
10077	10078	0.012646
8925	10079	0.0126353
10078	10079	0.0126353
10079	10080	0.0126329
2601	10080	0.0126329
245	10080	0.0126329
10080	10081	0.0126321
1147	10081	0.0126321
3656	10081	0.0126321
1787	10082	0.0126286
10081	10082	0.0126286
4561	10082	0.0126286
10082	10083	0.0126227
347	10083	0.0126227
10083	10084	0.012621
1479	10084	0.012621
10084	10085	0.0126106
1354	10085	0.0126106
2298	10086	0.012594
10085	10086	0.012594
568	10086	0.012594
10086	10087	0.0125933
4717	10087	0.0125933
8629	10088	0.0125904
10087	10088	0.0125904
3787	10088	0.0125904
10088	10089	0.0125895
5782	10089	0.0125895
10089	10090	0.0125744
2915	10090	0.0125744
9971	10091	0.0132272
6215	10091	0.0132272
9985	10092	0.0130328
9991	10092	0.0130328
6198	10093	0.0124493
3696	10093	0.0124493
10090	10094	0.0125636
5779	10094	0.0125636
5888	10095	0.012563
10094	10095	0.012563
1699	10096	0.0125598
257	10096	0.0125598
10095	10096	0.0125598
2860	10097	0.0125561
10096	10097	0.0125561
8964	10098	0.0125485
10097	10098	0.0125485
10098	10099	0.0125457
206	10099	0.0125457
624	10099	0.0125457
1716	10099	0.0125457
10099	10100	0.0125443
2553	10100	0.0125443
1871	10101	0.0125285
10100	10101	0.0125285
10101	10102	0.0125266
647	10102	0.0125266
10102	10103	0.0125169
3921	10103	0.0125169
10103	10104	0.0124767
5441	10104	0.0124767
3882	10105	0.0124692
10104	10105	0.0124692
408	10105	0.0124692
1314	10105	0.0124692
10105	10106	0.0124398
4308	10106	0.0124398
10106	10107	0.012436
3718	10107	0.012436
10107	10108	0.0124322
5038	10108	0.0124322
1550	10109	0.0124264
10108	10109	0.0124264
2688	10110	0.0124217
10109	10110	0.0124217
10110	10111	0.0124138
3209	10111	0.0124138
10111	10112	0.0124092
340	10112	0.0124092
10112	10113	0.0123948
565	10113	0.0123948
10113	10114	0.0123558
57	10114	0.0123558
10114	10115	0.0123416
2946	10115	0.0123416
8985	10116	0.0123232
10115	10116	0.0123232
10116	10117	0.0123136
5399	10117	0.0123136
2458	10117	0.0123136
9055	10118	0.012311
10117	10118	0.012311
10118	10119	0.012305
485	10119	0.012305
10119	10120	0.0123006
1513	10120	0.0123006
10120	10121	0.0122985
5766	10121	0.0122985
4297	10122	0.0122959
10121	10122	0.0122959
10122	10123	0.0122843
2661	10123	0.0122843
2196	10124	0.012268
10123	10124	0.012268
10124	10125	0.0122556
3689	10125	0.0122556
9989	10125	0.0122556
10125	10126	0.0122541
9976	10126	0.0122541
10126	10127	0.0122498
8757	10127	0.0122498
5725	10128	0.0122415
10127	10128	0.0122415
10128	10129	0.0122347
1195	10129	0.0122347
10129	10130	0.0122308
10091	10130	0.0122308
10092	10130	0.0122308
40	10131	0.0122297
10130	10131	0.0122297
328	10132	0.0122261
10131	10132	0.0122261
128	10133	0.012207
10132	10133	0.012207
10133	10134	0.0121984
457	10134	0.0121984
10134	10135	0.0121977
919	10135	0.0121977
10135	10136	0.0121955
652	10136	0.0121955
10136	10137	0.0121803
3646	10137	0.0121803
5318	10137	0.0121803
10137	10138	0.0121637
1111	10138	0.0121637
10138	10139	0.0121633
290	10139	0.0121633
4788	10140	0.0121393
10139	10140	0.0121393
5299	10141	0.0121356
10140	10141	0.0121356
9068	10142	0.012125
10141	10142	0.012125
10142	10143	0.0121201
5852	10143	0.0121201
10143	10144	0.0121185
5010	10144	0.0121185
4661	10145	0.0121154
6397	10145	0.0121154
10144	10145	0.0121154
4042	10146	0.0121105
8954	10146	0.0121105
10145	10146	0.0121105
3345	10147	0.0121069
10146	10147	0.0121069
10147	10148	0.0121021
3505	10148	0.0121021
10148	10149	0.0120964
3376	10149	0.0120964
10149	10150	0.0120919
1024	10150	0.0120919
9997	10151	0.0120668
10150	10151	0.0120668
3600	10152	0.0120649
10151	10152	0.0120649
4870	10153	0.0120623
10152	10153	0.0120623
10153	10154	0.0120572
419	10154	0.0120572
10154	10155	0.0120516
4974	10155	0.0120516
3619	10155	0.0120516
10155	10156	0.0120477
9979	10156	0.0120477
10156	10157	0.0120467
3475	10157	0.0120467
10157	10158	0.0120403
5787	10158	0.0120403
10158	10159	0.0120392
9986	10159	0.0120392
3684	10160	0.0120277
10159	10160	0.0120277
10160	10161	0.0120231
138	10161	0.0120231
10161	10162	0.0120219
963	10162	0.0120219
2466	10163	0.0120126
10162	10163	0.0120126
1052	10164	0.0120067
10163	10164	0.0120067
10164	10165	0.0119982
4380	10165	0.0119982
4378	10166	0.0119847
10165	10166	0.0119847
10166	10167	0.0119819
9990	10167	0.0119819
3759	10168	0.011978
10167	10168	0.011978
8767	10169	0.0119726
10168	10169	0.0119726
10169	10170	0.0119651
77	10170	0.0119651
10170	10171	0.011959
3510	10171	0.011959
8967	10172	0.0119517
10171	10172	0.0119517
3349	10173	0.0119207
10172	10173	0.0119207
9054	10174	0.0119047
10173	10174	0.0119047
8756	10175	0.0118991
10174	10175	0.0118991
10175	10176	0.0118867
436	10176	0.0118867
5921	10177	0.0118828
10176	10177	0.0118828
9056	10178	0.0118772
10177	10178	0.0118772
10178	10179	0.0118578
2755	10179	0.0118578
4658	10179	0.0118578
10179	10180	0.0118571
2412	10180	0.0118571
3162	10180	0.0118571
3988	10181	0.0118533
10180	10181	0.0118533
10181	10182	0.0118504
4057	10182	0.0118504
10182	10183	0.0118483
5863	10183	0.0118483
10183	10184	0.0118333
8995	10184	0.0118333
10093	10185	0.0118238
10184	10185	0.0118238
2912	10186	0.0118112
10185	10186	0.0118112
3206	10187	0.0118065
10186	10187	0.0118065
10187	10188	0.0117963
1803	10188	0.0117963
10188	10189	0.0117932
3581	10189	0.0117932
10189	10190	0.0117902
373	10190	0.0117902
8813	10191	0.0117884
10190	10191	0.0117884
10191	10192	0.0117814
1776	10192	0.0117814
3973	10193	0.0123929
811	10193	0.0123929
2464	10194	0.012229
10193	10194	0.012229
5650	10195	0.0118905
920	10195	0.0118905
2243	10196	0.0118352
4871	10196	0.0118352
5689	10197	0.0130944
5144	10197	0.0130944
4192	10198	0.0126878
4809	10198	0.0126878
4039	10198	0.0126878
1158	10199	0.0113952
9996	10199	0.0113952
1786	10200	0.0117787
10192	10200	0.0117787
10200	10201	0.0117712
4489	10201	0.0117712
5872	10201	0.0117712
10201	10202	0.0117598
2494	10202	0.0117598
10202	10203	0.0117455
1039	10203	0.0117455
10203	10204	0.0117389
2615	10204	0.0117389
2359	10204	0.0117389
10204	10205	0.0117381
1910	10205	0.0117381
10205	10206	0.011731
512	10206	0.011731
8656	10207	0.0117304
10206	10207	0.0117304
4759	10208	0.0117208
10207	10208	0.0117208
10208	10209	0.0117177
5158	10209	0.0117177
3653	10210	0.0116902
10209	10210	0.0116902
2593	10210	0.0116902
10210	10211	0.0116786
10197	10211	0.0116786
10211	10212	0.0116757
5525	10212	0.0116757
1737	10213	0.0116606
10212	10213	0.0116606
10213	10214	0.0116522
10195	10214	0.0116522
8722	10215	0.0116471
10214	10215	0.0116471
10215	10216	0.0116435
5214	10216	0.0116435
10216	10217	0.0116234
9968	10217	0.0116234
3368	10217	0.0116234
10217	10218	0.0116195
2754	10218	0.0116195
10218	10219	0.0116187
2943	10219	0.0116187
5533	10220	0.0116094
10219	10220	0.0116094
10220	10221	0.0116044
2927	10221	0.0116044
10221	10222	0.0116005
10194	10222	0.0116005
4791	10222	0.0116005
10222	10223	0.0115937
1937	10223	0.0115937
6006	10224	0.0115795
10223	10224	0.0115795
10224	10225	0.0115777
2743	10225	0.0115777
2556	10226	0.0115765
10225	10226	0.0115765
10226	10227	0.0115672
3313	10227	0.0115672
10227	10228	0.0115661
1401	10228	0.0115661
10228	10229	0.0115579
2474	10229	0.0115579
10229	10230	0.0115538
130	10230	0.0115538
10230	10231	0.011547
1507	10231	0.011547
10231	10232	0.0115412
2761	10232	0.0115412
10232	10233	0.0115387
1688	10233	0.0115387
8937	10234	0.0115288
10233	10234	0.0115288
10234	10235	0.0115117
4859	10235	0.0115117
4784	10236	0.0115089
10235	10236	0.0115089
10236	10237	0.0114955
4770	10237	0.0114955
4536	10238	0.0114784
10237	10238	0.0114784
10238	10239	0.0114757
3825	10239	0.0114757
186	10240	0.011469
10239	10240	0.011469
10240	10241	0.0114594
5952	10241	0.0114594
10241	10242	0.0114573
1876	10242	0.0114573
351	10243	0.0114554
5870	10243	0.0114554
10242	10243	0.0114554
2881	10243	0.0114554
10243	10244	0.0114526
3181	10244	0.0114526
10244	10245	0.0114498
10198	10245	0.0114498
10245	10246	0.0114463
2770	10246	0.0114463
8606	10247	0.0114432
10246	10247	0.0114432
5492	10248	0.0114421
10247	10248	0.0114421
3388	10249	0.0114412
10248	10249	0.0114412
187	10250	0.0114357
10249	10250	0.0114357
10250	10251	0.0114221
660	10251	0.0114221
4026	10252	0.0114192
10251	10252	0.0114192
10252	10253	0.0114079
1690	10253	0.0114079
10253	10254	0.0114044
864	10254	0.0114044
10254	10255	0.0113927
3543	10255	0.0113927
10255	10256	0.0113898
3511	10256	0.0113898
4527	10256	0.0113898
10256	10257	0.0113812
5235	10257	0.0113812
10257	10258	0.0113705
3802	10258	0.0113705
10258	10259	0.0113629
3875	10259	0.0113629
10259	10260	0.0113613
5649	10260	0.0113613
735	10260	0.0113613
4049	10260	0.0113613
10260	10261	0.0113506
2368	10261	0.0113506
913	10262	0.0113353
10261	10262	0.0113353
5407	10263	0.0113299
10262	10263	0.0113299
62	10264	0.0113266
10263	10264	0.0113266
280	10265	0.0113075
10264	10265	0.0113075
10265	10266	0.0113019
4812	10266	0.0113019
2959	10266	0.0113019
10266	10267	0.0112898
1907	10267	0.0112898
10267	10268	0.011277
727	10268	0.011277
9072	10269	0.0112763
10268	10269	0.0112763
6185	10270	0.0112659
10269	10270	0.0112659
3025	10271	0.0112618
10270	10271	0.0112618
10271	10272	0.0112603
3193	10272	0.0112603
903	10273	0.0112573
10272	10273	0.0112573
10273	10274	0.0112531
1779	10274	0.0112531
10274	10275	0.0111895
325	10275	0.0111895
1751	10276	0.0111801
10275	10276	0.0111801
2730	10277	0.0111724
5264	10277	0.0111724
10276	10277	0.0111724
5196	10277	0.0111724
10277	10278	0.011159
5298	10278	0.011159
8776	10279	0.0111571
10278	10279	0.0111571
5614	10280	0.0111553
4046	10280	0.0111553
10279	10280	0.0111553
10280	10281	0.0111464
3925	10281	0.0111464
753	10282	0.0113802
37	10282	0.0113802
8649	10283	0.0111399
10281	10283	0.0111399
10283	10284	0.0111142
6008	10284	0.0111142
10284	10285	0.0111092
4333	10285	0.0111092
10285	10286	0.0110969
3190	10286	0.0110969
8762	10287	0.0110911
10286	10287	0.0110911
10287	10288	0.011075
4714	10288	0.011075
5669	10289	0.0110733
10288	10289	0.0110733
427	10289	0.0110733
10289	10290	0.0110636
3831	10290	0.0110636
2065	10290	0.0110636
10290	10291	0.0110552
229	10291	0.0110552
9062	10292	0.0110531
10291	10292	0.0110531
10292	10293	0.0110473
5566	10293	0.0110473
10293	10294	0.0110425
262	10294	0.0110425
3426	10294	0.0110425
10294	10295	0.0110387
5471	10295	0.0110387
6054	10295	0.0110387
4212	10296	0.0110357
10295	10296	0.0110357
2317	10297	0.011034
10296	10297	0.011034
4828	10298	0.0110177
10297	10298	0.0110177
10298	10299	0.0110132
203	10299	0.0110132
2197	10299	0.0110132
10196	10299	0.0110132
10299	10300	0.0110102
494	10300	0.0110102
10300	10301	0.0110053
493	10301	0.0110053
10301	10302	0.0110033
2195	10302	0.0110033
4100	10303	0.0110025
10302	10303	0.0110025
2084	10304	0.0109996
10303	10304	0.0109996
3818	10305	0.0109966
10304	10305	0.0109966
10305	10306	0.0109959
666	10306	0.0109959
10306	10307	0.0109928
1367	10307	0.0109928
10307	10308	0.0109892
10282	10308	0.0109892
5416	10309	0.0109854
10308	10309	0.0109854
10309	10310	0.0109843
5687	10310	0.0109843
10310	10311	0.0109779
3129	10311	0.0109779
10311	10312	0.0109759
45	10312	0.0109759
10312	10313	0.0109637
32	10313	0.0109637
6487	10314	0.0109615
10313	10314	0.0109615
10314	10315	0.0109532
3957	10315	0.0109532
10199	10316	0.0109435
10315	10316	0.0109435
6264	10317	0.0109389
10316	10317	0.0109389
10317	10318	0.0109359
5123	10318	0.0109359
10318	10319	0.010931
3012	10319	0.010931
10319	10320	0.0109224
508	10320	0.0109224
3405	10321	0.0109118
10320	10321	0.0109118
802	10321	0.0109118
10321	10322	0.0108889
4748	10322	0.0108889
4558	10323	0.0108815
10322	10323	0.0108815
10323	10324	0.0108741
4099	10324	0.0108741
6244	10325	0.0111448
6214	10325	0.0111448
10324	10326	0.0108611
1383	10326	0.0108611
3115	10327	0.0108568
10326	10327	0.0108568
10327	10328	0.01085
4585	10328	0.01085
6381	10329	0.0108462
10328	10329	0.0108462
10329	10330	0.0108376
5739	10330	0.0108376
10330	10331	0.0108338
99	10331	0.0108338
9059	10332	0.0108186
10331	10332	0.0108186
10332	10333	0.010808
5154	10333	0.010808
578	10334	0.0108051
10333	10334	0.0108051
10334	10335	0.0108021
1284	10335	0.0108021
10335	10336	0.0108012
4680	10336	0.0108012
10336	10337	0.0108003
247	10337	0.0108003
10337	10338	0.0107946
10325	10338	0.0107946
10338	10339	0.0107872
2173	10339	0.0107872
5758	10340	0.0107814
10339	10340	0.0107814
1868	10341	0.010768
10340	10341	0.010768
5245	10342	0.0107661
10341	10342	0.0107661
3675	10343	0.010765
10342	10343	0.010765
5764	10344	0.0107624
10343	10344	0.0107624
10344	10345	0.0107603
1830	10345	0.0107603
9064	10346	0.0107384
8622	10346	0.0107384
10345	10347	0.0107576
5843	10347	0.0107576
3194	10348	0.0107565
10347	10348	0.0107565
10348	10349	0.0107414
1333	10349	0.0107414
10349	10350	0.0107402
1109	10350	0.0107402
10350	10351	0.0107365
1180	10351	0.0107365
2820	10351	0.0107365
10351	10352	0.0107357
1481	10352	0.0107357
10352	10353	0.010724
1679	10353	0.010724
10353	10354	0.0107212
4314	10354	0.0107212
10354	10355	0.0106766
3905	10355	0.0106766
10346	10356	0.0106679
10355	10356	0.0106679
10356	10357	0.0106524
1071	10357	0.0106524
2006	10357	0.0106524
3583	10357	0.0106524
9992	10357	0.0106524
5564	10358	0.0106487
10357	10358	0.0106487
10358	10359	0.0106393
2357	10359	0.0106393
4615	10360	0.0106354
10359	10360	0.0106354
10360	10361	0.010618
49	10361	0.010618
1658	10362	0.0106125
10361	10362	0.0106125
3358	10363	0.0106068
10362	10363	0.0106068
1728	10363	0.0106068
5320	10364	0.0105896
10363	10364	0.0105896
5077	10365	0.0107118
123	10365	0.0107118
1628	10366	0.0124446
6182	10366	0.0124446
10366	10367	0.0107173
199	10367	0.0107173
669	10368	0.0115165
287	10368	0.0115165
8717	10369	0.0112944
2982	10369	0.0112944
615	10370	0.0110783
4457	10370	0.0110783
832	10371	0.0109501
1649	10371	0.0109501
5558	10372	0.0117586
5555	10372	0.0117586
4994	10373	0.0119113
1152	10373	0.0119113
10372	10374	0.0113906
10373	10374	0.0113906
1857	10375	0.0122652
1522	10375	0.0122652
5623	10376	0.0114326
2229	10376	0.0114326
4916	10377	0.0108747
5406	10377	0.0108747
4185	10378	0.0123883
2383	10378	0.0123883
5873	10379	0.0126371
2418	10379	0.0126371
3307	10380	0.0131493
4140	10380	0.0131493
10380	10381	0.012791
3533	10381	0.012791
10381	10382	0.0123299
3885	10382	0.0123299
9017	10383	0.0116015
4166	10383	0.0116015
10383	10384	0.0108426
3529	10384	0.0108426
6224	10385	0.012267
5603	10385	0.012267
1516	10386	0.010191
8654	10386	0.010191
10364	10387	0.0105822
1881	10387	0.0105822
10387	10388	0.0105601
10371	10388	0.0105601
10388	10389	0.0105562
4705	10389	0.0105562
10389	10390	0.0105534
506	10390	0.0105534
10390	10391	0.0105418
5385	10391	0.0105418
10391	10392	0.010541
2132	10392	0.010541
1771	10393	0.0105286
10392	10393	0.0105286
10393	10394	0.0105277
3330	10394	0.0105277
10369	10394	0.0105277
10394	10395	0.010521
5347	10395	0.010521
1227	10396	0.0105141
10395	10396	0.0105141
5841	10397	0.0104847
10396	10397	0.0104847
10397	10398	0.0104744
2950	10398	0.0104744
3747	10399	0.0104591
10398	10399	0.0104591
1854	10400	0.010449
10399	10400	0.010449
10400	10401	0.0104313
5700	10401	0.0104313
10401	10402	0.0104304
3082	10402	0.0104304
10402	10403	0.0104274
53	10403	0.0104274
8555	10404	0.0104198
10403	10404	0.0104198
9964	10405	0.0104161
10404	10405	0.0104161
6186	10405	0.0104161
4818	10406	0.0104104
10405	10406	0.0104104
10406	10407	0.0104067
10379	10407	0.0104067
10407	10408	0.0103986
3062	10408	0.0103986
10408	10409	0.0103922
2297	10409	0.0103922
10409	10410	0.0103894
1193	10410	0.0103894
884	10411	0.0103884
10410	10411	0.0103884
10411	10412	0.01038
4250	10412	0.01038
10412	10413	0.0103769
4311	10413	0.0103769
10413	10414	0.0103731
447	10414	0.0103731
10414	10415	0.0103629
3507	10415	0.0103629
1702	10416	0.0103587
10415	10416	0.0103587
10416	10417	0.0103491
4009	10417	0.0103491
10417	10418	0.0103439
387	10418	0.0103439
8701	10419	0.0103407
18	10419	0.0103407
10418	10419	0.0103407
10419	10420	0.0103371
10384	10420	0.0103371
10420	10421	0.0103301
3773	10421	0.0103301
10421	10422	0.0103272
4844	10422	0.0103272
6465	10423	0.0103245
10422	10423	0.0103245
10423	10424	0.0103045
480	10424	0.0103045
10424	10425	0.0103035
730	10425	0.0103035
10425	10426	0.0103014
5959	10426	0.0103014
10426	10427	0.010294
1536	10427	0.010294
10427	10428	0.0102816
1670	10428	0.0102816
10428	10429	0.010274
1082	10429	0.010274
10429	10430	0.01027
2519	10430	0.01027
2198	10431	0.0105438
1986	10431	0.0105438
10430	10432	0.0102654
2813	10432	0.0102654
9981	10433	0.0102627
10432	10433	0.0102627
1647	10434	0.0102587
10433	10434	0.0102587
10434	10435	0.0102537
79	10435	0.0102537
10435	10436	0.0102521
10431	10436	0.0102521
3803	10436	0.0102521
4990	10436	0.0102521
8627	10437	0.0102502
10436	10437	0.0102502
6219	10438	0.0102492
10437	10438	0.0102492
10438	10439	0.0102471
4407	10439	0.0102471
10439	10440	0.0102462
2102	10440	0.0102462
10440	10441	0.0102434
2453	10441	0.0102434
6305	10442	0.0102426
10441	10442	0.0102426
849	10443	0.0102414
10442	10443	0.0102414
10443	10444	0.0102366
1777	10444	0.0102366
10444	10445	0.0102329
5715	10445	0.0102329
10445	10446	0.010231
3222	10446	0.010231
10446	10447	0.0102263
5122	10447	0.0102263
10447	10448	0.0102234
5078	10448	0.0102234
10448	10449	0.0102073
10368	10449	0.0102073
10449	10450	0.0101929
5224	10450	0.0101929
10450	10451	0.0101852
152	10451	0.0101852
10451	10452	0.0101843
1369	10452	0.0101843
1380	10452	0.0101843
10374	10453	0.0102482
6222	10453	0.0102482
5604	10454	0.0101814
10452	10454	0.0101814
10454	10455	0.0101793
3568	10455	0.0101793
10455	10456	0.0101729
1416	10456	0.0101729
10456	10457	0.0101672
2934	10457	0.0101672
643	10458	0.0101643
10457	10458	0.0101643
10458	10459	0.0101548
2612	10459	0.0101548
3909	10460	0.0101537
10459	10460	0.0101537
10460	10461	0.0101531
1621	10461	0.0101531
3289	10462	0.0101482
10461	10462	0.0101482
10462	10463	0.0101461
2105	10463	0.0101461
9969	10464	0.0101393
4092	10464	0.0101393
10463	10464	0.0101393
6102	10465	0.0101364
10464	10465	0.0101364
10465	10466	0.0101345
10453	10466	0.0101345
10466	10467	0.0101301
1259	10467	0.0101301
8562	10468	0.0101268
10467	10468	0.0101268
10468	10469	0.010123
4235	10469	0.010123
10469	10470	0.0101061
478	10470	0.0101061
5432	10470	0.0101061
10470	10471	0.0101023
4756	10471	0.0101023
10471	10472	0.0100937
10376	10472	0.0100937
10472	10473	0.01009
3899	10473	0.01009
10473	10474	0.0100746
8875	10474	0.0100746
866	10474	0.0100746
10474	10475	0.0100738
3647	10475	0.0100738
1256	10476	0.01021
518	10476	0.01021
10475	10477	0.0100689
603	10477	0.0100689
10477	10478	0.0100669
1486	10478	0.0100669
5473	10479	0.010066
10478	10479	0.010066
490	10480	0.010051
10479	10480	0.010051
10480	10481	0.0100497
2437	10481	0.0100497
2199	10481	0.0100497
10481	10482	0.0100441
1155	10482	0.0100441
10482	10483	0.010043
4432	10483	0.010043
2840	10483	0.010043
10483	10484	0.0100288
185	10484	0.0100288
10484	10485	0.010025
2705	10485	0.010025
10485	10486	0.0100116
9982	10486	0.0100116
10486	10487	0.0100089
5742	10487	0.0100089
10487	10488	0.010005
3761	10488	0.010005
10488	10489	0.0100006
3536	10489	0.0100006
10489	10490	0.0099955
10476	10490	0.0099955
10490	10491	0.0099859
10370	10491	0.0099859
10491	10492	0.00998498
6099	10492	0.00998498
10492	10493	0.00997726
1023	10493	0.00997726
10493	10494	0.00996788
4861	10494	0.00996788
9995	10495	0.00996306
10494	10495	0.00996306
10495	10496	0.00994858
4977	10496	0.00994858
306	10497	0.00994401
10496	10497	0.00994401
6462	10498	0.0099429
10497	10498	0.0099429
10498	10499	0.00993731
4414	10499	0.00993731
6346	10500	0.0099355
10499	10500	0.0099355
10500	10501	0.00993156
712	10501	0.00993156
10501	10502	0.00992992
10377	10502	0.00992992
10502	10503	0.00992681
5744	10503	0.00992681
10503	10504	0.00991906
3628	10504	0.00991906
10504	10505	0.00991707
2044	10505	0.00991707
10505	10506	0.00991439
763	10506	0.00991439
2575	10507	0.00990759
10506	10507	0.00990759
723	10508	0.0099013
2852	10508	0.0099013
3239	10508	0.0099013
6047	10508	0.0099013
10507	10508	0.0099013
10508	10509	0.00988014
2621	10509	0.00988014
10509	10510	0.00987145
241	10510	0.00987145
3165	10510	0.00987145
9994	10511	0.00986575
10510	10511	0.00986575
10511	10512	0.00985716
5628	10512	0.00985716
10512	10513	0.0098493
1502	10513	0.0098493
5153	10514	0.00983995
10513	10514	0.00983995
3263	10515	0.00983709
10514	10515	0.00983709
10515	10516	0.00982364
4085	10516	0.00982364
10516	10517	0.00982001
4790	10517	0.00982001
10517	10518	0.00981729
620	10518	0.00981729
10518	10519	0.00980282
3075	10519	0.00980282
8948	10520	0.00979509
10519	10520	0.00979509
10520	10521	0.00978839
1774	10521	0.00978839
10521	10522	0.00978571
1903	10522	0.00978571
3928	10523	0.00977335
10522	10523	0.00977335
10523	10524	0.00976821
928	10524	0.00976821
10524	10525	0.00976755
3117	10525	0.00976755
10525	10526	0.00975349
10375	10526	0.00975349
1218	10527	0.00974654
10526	10527	0.00974654
10527	10528	0.009738
3231	10528	0.009738
10528	10529	0.00973516
2028	10529	0.00973516
4465	10530	0.00972927
10529	10530	0.00972927
2268	10531	0.00984853
1684	10531	0.00984853
10530	10532	0.00972845
6029	10532	0.00972845
10532	10533	0.00972563
2678	10533	0.00972563
5905	10533	0.00972563
10533	10534	0.00970863
5379	10534	0.00970863
10534	10535	0.00970576
2162	10535	0.00970576
4878	10536	0.00969884
3897	10536	0.00969884
10535	10536	0.00969884
1426	10537	0.00969601
10536	10537	0.00969601
10537	10538	0.00968643
10365	10538	0.00968643
2769	10538	0.00968643
1588	10538	0.00968643
10538	10539	0.00968453
10531	10539	0.00968453
10367	10539	0.00968453
1572	10540	0.00967698
10539	10540	0.00967698
8956	10541	0.00967121
10540	10541	0.00967121
10541	10542	0.00966638
220	10542	0.00966638
10542	10543	0.00966082
1028	10543	0.00966082
4841	10544	0.00965886
10543	10544	0.00965886
135	10545	0.00965112
10544	10545	0.00965112
10545	10546	0.00964063
1519	10546	0.00964063
4366	10547	0.00963606
10546	10547	0.00963606
3986	10548	0.0096284
10547	10548	0.0096284
10548	10549	0.00962173
5543	10549	0.00962173
5322	10550	0.00961272
10549	10550	0.00961272
6041	10551	0.0104675
2239	10551	0.0104675
10550	10552	0.0095939
3641	10552	0.0095939
10552	10553	0.00958823
6046	10553	0.00958823
4420	10554	0.0095807
8663	10554	0.0095807
10553	10554	0.0095807
9972	10555	0.00957564
10554	10555	0.00957564
8595	10556	0.00957392
10555	10556	0.00957392
10556	10557	0.00957302
752	10557	0.00957302
10557	10558	0.00957104
4169	10558	0.00957104
3998	10558	0.00957104
10558	10559	0.00956333
2009	10559	0.00956333
2958	10560	0.00955989
10559	10560	0.00955989
6048	10561	0.00952434
10560	10561	0.00952434
3518	10562	0.0095205
10561	10562	0.0095205
10562	10563	0.00951304
5225	10563	0.00951304
10563	10564	0.00951201
10382	10564	0.00951201
10564	10565	0.00949778
5887	10565	0.00949778
10565	10566	0.00949663
1296	10566	0.00949663
289	10567	0.00949473
10566	10567	0.00949473
10567	10568	0.00949097
2174	10568	0.00949097
10568	10569	0.00947771
1238	10569	0.00947771
9023	10570	0.0094718
10569	10570	0.0094718
10570	10571	0.00946999
3842	10571	0.00946999
10571	10572	0.00946517
434	10572	0.00946517
1386	10573	0.00945473
10572	10573	0.00945473
10573	10574	0.0094395
1027	10574	0.0094395
10378	10574	0.0094395
10574	10575	0.00943457
5288	10575	0.00943457
10575	10576	0.0094338
1695	10576	0.0094338
8896	10577	0.00942723
10576	10577	0.00942723
10577	10578	0.00940036
355	10578	0.00940036
10578	10579	0.00937747
1654	10579	0.00937747
2997	10580	0.00936691
10579	10580	0.00936691
5394	10581	0.00936129
10580	10581	0.00936129
10581	10582	0.00935324
4295	10582	0.00935324
10582	10583	0.00934883
11	10583	0.00934883
2651	10584	0.00934722
10583	10584	0.00934722
10584	10585	0.00933264
5882	10585	0.00933264
10585	10586	0.00932971
3978	10586	0.00932971
5273	10586	0.00932971
10586	10587	0.00932027
5175	10587	0.00932027
4848	10588	0.00931564
10587	10588	0.00931564
10588	10589	0.00931455
784	10589	0.00931455
10589	10590	0.00930988
2305	10590	0.00930988
4879	10591	0.00929652
10590	10591	0.00929652
10591	10592	0.00927646
6058	10592	0.00927646
10592	10593	0.00927163
2022	10593	0.00927163
10593	10594	0.00926956
908	10594	0.00926956
10594	10595	0.00926308
337	10595	0.00926308
10595	10596	0.00926014
2648	10596	0.00926014
2346	10597	0.00923551
10596	10597	0.00923551
10597	10598	0.0092344
584	10598	0.0092344
2531	10598	0.0092344
10598	10599	0.0092182
6087	10599	0.0092182
10599	10600	0.00921715
2544	10600	0.00921715
10600	10601	0.00921048
844	10601	0.00921048
10601	10602	0.00920564
4755	10602	0.00920564
5340	10603	0.00919549
10602	10603	0.00919549
2718	10604	0.00918578
10603	10604	0.00918578
2658	10604	0.00918578
789	10604	0.00918578
5524	10605	0.00918391
10604	10605	0.00918391
10605	10606	0.00918194
972	10606	0.00918194
2571	10606	0.00918194
10606	10607	0.00917232
1385	10607	0.00917232
10607	10608	0.00916383
2509	10608	0.00916383
4491	10609	0.00912955
10608	10609	0.00912955
10609	10610	0.00912388
415	10610	0.00912388
10610	10611	0.0091114
709	10611	0.0091114
1792	10612	0.00910852
10611	10612	0.00910852
3459	10612	0.00910852
10385	10612	0.00910852
10612	10613	0.00910566
2240	10613	0.00910566
10613	10614	0.00910089
4985	10614	0.00910089
10614	10615	0.00908926
1123	10615	0.00908926
10615	10616	0.00908661
6174	10616	0.00908661
8514	10617	0.0090775
10616	10617	0.0090775
10617	10618	0.00907606
1718	10618	0.00907606
2971	10619	0.00907319
10618	10619	0.00907319
10619	10620	0.00906365
3472	10620	0.00906365
10620	10621	0.00906191
5213	10621	0.00906191
10621	10622	0.00905967
4361	10622	0.00905967
10622	10623	0.00905685
2635	10623	0.00905685
926	10624	0.00903321
10623	10624	0.00903321
1146	10625	0.00902837
10624	10625	0.00902837
426	10625	0.00902837
10625	10626	0.00902095
6085	10626	0.00902095
4419	10627	0.0090142
4293	10627	0.0090142
10626	10627	0.0090142
10627	10628	0.00900448
3087	10628	0.00900448
2055	10629	0.00899891
10628	10629	0.00899891
80	10629	0.00899891
10629	10630	0.00899316
2479	10630	0.00899316
10630	10631	0.0089922
5207	10631	0.0089922
4995	10631	0.0089922
10631	10632	0.00898308
2274	10632	0.00898308
6210	10633	0.00897981
10632	10633	0.00897981
10633	10634	0.00897025
3149	10634	0.00897025
275	10635	0.00896345
10634	10635	0.00896345
5890	10635	0.00896345
10635	10636	0.00893683
449	10636	0.00893683
10636	10637	0.00892446
4562	10637	0.00892446
4433	10638	0.00892088
10637	10638	0.00892088
8904	10639	0.00891114
10638	10639	0.00891114
6276	10640	0.00890642
10639	10640	0.00890642
3523	10641	0.00888552
10640	10641	0.00888552
10641	10642	0.00888265
2448	10642	0.00888265
3508	10643	0.00885682
10642	10643	0.00885682
156	10644	0.00885481
10643	10644	0.00885481
10644	10645	0.00885391
3200	10645	0.00885391
10645	10646	0.00885308
949	10646	0.00885308
10646	10647	0.00884837
8859	10647	0.00884837
6254	10648	0.00884054
10647	10648	0.00884054
1066	10648	0.00884054
1752	10648	0.00884054
1957	10649	0.00883881
10648	10649	0.00883881
4484	10650	0.00883202
10649	10650	0.00883202
10650	10651	0.00883012
3612	10651	0.00883012
6216	10652	0.00882624
10651	10652	0.00882624
10386	10653	0.00881468
10652	10653	0.00881468
10653	10654	0.00881198
4722	10654	0.00881198
1816	10655	0.00879879
10654	10655	0.00879879
1136	10656	0.00879493
10655	10656	0.00879493
5215	10657	0.00878915
10656	10657	0.00878915
8947	10658	0.00878811
10657	10658	0.00878811
10658	10659	0.00878307
637	10659	0.00878307
10659	10660	0.00877491
4563	10660	0.00877491
10660	10661	0.00875485
3323	10661	0.00875485
10661	10662	0.00872994
10551	10662	0.00872994
10662	10663	0.00872326
1758	10663	0.00872326
10663	10664	0.00870908
250	10664	0.00870908
10664	10665	0.00870332
1408	10665	0.00870332
10665	10666	0.00869663
4780	10666	0.00869663
9058	10667	0.00869068
9021	10667	0.00869068
10666	10667	0.00869068
10667	10668	0.00868032
4685	10668	0.00868032
8876	10669	0.00866439
10668	10669	0.00866439
10669	10670	0.0086584
1174	10670	0.0086584
10670	10671	0.00865548
6013	10671	0.00865548
6146	10672	0.00864979
10671	10672	0.00864979
380	10672	0.00864979
1493	10673	0.0101597
1618	10673	0.0101597
5400	10674	0.010123
10673	10674	0.010123
10674	10675	0.0099687
1443	10675	0.0099687
3377	10675	0.0099687
10675	10676	0.00889834
1756	10676	0.00889834
2757	10677	0.00967969
1832	10677	0.00967969
10677	10678	0.00949955
857	10678	0.00949955
10678	10679	0.00894719
4490	10679	0.00894719
739	10680	0.00978839
548	10680	0.00978839
10680	10681	0.00970437
4483	10681	0.00970437
1350	10682	0.00944504
10681	10682	0.00944504
5788	10683	0.00884536
10682	10683	0.00884536
1793	10684	0.00867843
2129	10684	0.00867843
3197	10685	0.00949853
3040	10685	0.00949853
5986	10686	0.0105342
2800	10686	0.0105342
923	10687	0.00953391
10686	10687	0.00953391
969	10688	0.0162803
3693	10688	0.0162803
1345	10689	0.015167
4720	10689	0.015167
2624	10690	0.0109645
1540	10690	0.0109645
2080	10691	0.0119191
4704	10691	0.0119191
4411	10692	0.0103423
2144	10692	0.0103423
4902	10693	0.020051
4901	10693	0.020051
10693	10694	0.0124778
2169	10694	0.0124778
2213	10695	0.00864679
4937	10695	0.00864679
4044	10696	0.00874893
5608	10696	0.00874893
5681	10697	0.0141917
8990	10697	0.0141917
2999	10698	0.0100279
5676	10698	0.0100279
3130	10699	0.00708675
532	10699	0.00708675
5202	10700	0.00530811
766	10700	0.00530811
6266	10701	0.00463389
2616	10701	0.00463389
5151	10702	0.00476265
680	10702	0.00476265
5110	10703	0.00416086
4537	10703	0.00416086
3535	10704	0.00430776
26	10704	0.00430776
1601	10705	0.00523281
2540	10705	0.00523281
4847	10706	0.00765435
896	10706	0.00765435
10706	10707	0.0055819
808	10707	0.0055819
10707	10708	0.00422857
1043	10708	0.00422857
6470	10709	0.00548841
2209	10709	0.00548841
5046	10710	0.00591761
6158	10710	0.00591761
1556	10711	0.0086412
5702	10711	0.0086412
1820	10712	0.00471777
5833	10712	0.00471777
4058	10713	0.00771814
10689	10713	0.00771814
4215	10714	0.00638868
6308	10714	0.00638868
4244	10715	0.00393395
8980	10715	0.00393395
3407	10716	0.00548651
8973	10716	0.00548651
3234	10717	0.00791558
5131	10717	0.00791558
65	10718	0.00710126
5104	10718	0.00710126
4923	10719	0.00403784
8966	10719	0.00403784
3126	10720	0.00756661
3269	10720	0.00756661
3009	10721	0.0058354
4810	10721	0.0058354
5414	10722	0.00861371
1399	10722	0.00861371
6388	10723	0.00787351
1226	10723	0.00787351
1800	10724	0.00654415
8523	10724	0.00654415
6261	10725	0.00579452
8923	10725	0.00579452
3298	10726	0.00738725
435	10726	0.00738725
9048	10727	0.0085858
5588	10727	0.0085858
6152	10728	0.00764082
8983	10728	0.00764082
10672	10729	0.00863345
2611	10729	0.00863345
8897	10730	0.00862684
10729	10730	0.00862684
10730	10731	0.00861552
985	10731	0.00861552
3864	10732	0.00861244
10731	10732	0.00861244
10732	10733	0.00860497
4213	10733	0.00860497
10733	10734	0.00860018
3559	10734	0.00860018
10734	10735	0.00859836
1824	10735	0.00859836
522	10736	0.00859452
10735	10736	0.00859452
2935	10737	0.00859269
10736	10737	0.00859269
696	10738	0.00861244
929	10738	0.00861244
10737	10739	0.00858973
10738	10739	0.00858973
10739	10740	0.00858409
2435	10740	0.00858409
1379	10740	0.00858409
651	10740	0.00858409
10683	10740	0.00858409
10740	10741	0.00858208
6165	10741	0.00858208
4959	10741	0.00858208
10741	10742	0.00856396
375	10742	0.00856396
10742	10743	0.00855739
1235	10743	0.00855739
2572	10744	0.00855233
10743	10744	0.00855233
10744	10745	0.00854573
5807	10745	0.00854573
8831	10746	0.00853045
10745	10746	0.00853045
10746	10747	0.00852013
716	10747	0.00852013
10747	10748	0.00851926
4006	10748	0.00851926
2208	10749	0.00851638
10748	10749	0.00851638
10749	10750	0.00850098
5696	10750	0.00850098
5000	10751	0.00849831
10750	10751	0.00849831
10751	10752	0.00849734
1741	10752	0.00849734
5272	10753	0.00849516
10752	10753	0.00849516
10753	10754	0.00849449
3892	10754	0.00849449
10754	10755	0.00847642
5662	10755	0.00847642
3054	10756	0.00847536
10755	10756	0.00847536
10756	10757	0.00847239
3071	10757	0.00847239
10757	10758	0.00846104
1931	10758	0.00846104
10758	10759	0.00846015
5803	10759	0.00846015
10759	10760	0.00845618
5586	10760	0.00845618
10760	10761	0.0084477
2677	10761	0.0084477
10761	10762	0.00842854
1471	10762	0.00842854
10762	10763	0.00842192
3334	10763	0.00842192
8725	10764	0.00841716
10763	10764	0.00841716
4225	10765	0.00840879
10764	10765	0.00840879
10765	10766	0.0084075
4816	10766	0.0084075
10766	10767	0.00839051
5080	10767	0.00839051
10767	10768	0.00838376
580	10768	0.00838376
4836	10768	0.00838376
10768	10769	0.00837316
5729	10769	0.00837316
5216	10770	0.0083704
10769	10770	0.0083704
10770	10771	0.00836941
2659	10771	0.00836941
749	10771	0.00836941
10771	10772	0.00836465
3555	10772	0.00836465
4967	10773	0.00836367
10772	10773	0.00836367
3801	10774	0.00835705
10773	10774	0.00835705
10774	10775	0.00835329
10698	10775	0.00835329
5659	10776	0.00834651
10775	10776	0.00834651
10776	10777	0.0083332
2588	10777	0.0083332
10777	10778	0.00830442
4950	10778	0.00830442
10778	10779	0.00827704
1088	10779	0.00827704
6043	10779	0.00827704
10779	10780	0.00827187
4504	10780	0.00827187
10780	10781	0.00825774
4307	10781	0.00825774
10781	10782	0.00824739
2850	10782	0.00824739
10782	10783	0.00824451
5798	10783	0.00824451
10783	10784	0.00824265
2697	10784	0.00824265
10784	10785	0.00822727
2565	10785	0.00822727
10785	10786	0.0082141
1059	10786	0.0082141
9005	10787	0.00820153
10786	10787	0.00820153
3758	10788	0.00820056
10787	10788	0.00820056
2604	10788	0.00820056
10788	10789	0.00818454
4929	10789	0.00818454
1204	10790	0.00818065
115	10790	0.00818065
10789	10790	0.00818065
9050	10791	0.008172
10790	10791	0.008172
1541	10791	0.008172
8952	10792	0.00816244
10791	10792	0.00816244
10792	10793	0.00814755
4368	10793	0.00814755
10793	10794	0.00812527
3315	10794	0.00812527
10794	10795	0.00811876
2993	10795	0.00811876
10795	10796	0.00810904
258	10796	0.00810904
2237	10797	0.00810166
10796	10797	0.00810166
8537	10798	0.00810059
10797	10798	0.00810059
3235	10799	0.0081289
2747	10799	0.0081289
9040	10800	0.00797934
5606	10800	0.00797934
10798	10801	0.00808716
4496	10801	0.00808716
10801	10802	0.00807941
1611	10802	0.00807941
10802	10803	0.00807867
10696	10803	0.00807867
1954	10804	0.00807565
10803	10804	0.00807565
8828	10805	0.00807016
10804	10805	0.00807016
6415	10806	0.00806136
10805	10806	0.00806136
5156	10807	0.00806047
10806	10807	0.00806047
2721	10808	0.00803348
10807	10808	0.00803348
10808	10809	0.0080328
1988	10809	0.0080328
4750	10809	0.0080328
10809	10810	0.00803184
10676	10810	0.00803184
10810	10811	0.00803112
10679	10811	0.00803112
3255	10811	0.00803112
4767	10812	0.00802993
10811	10812	0.00802993
2294	10813	0.00802118
10812	10813	0.00802118
8874	10814	0.00801655
10813	10814	0.00801655
17	10815	0.00800324
10814	10815	0.00800324
10815	10816	0.00800138
3159	10816	0.00800138
6291	10817	0.00799948
10816	10817	0.00799948
10817	10818	0.00799446
1122	10818	0.00799446
3402	10819	0.00797837
10818	10819	0.00797837
2995	10820	0.00797663
10819	10820	0.00797663
3686	10821	0.00796711
10820	10821	0.00796711
10821	10822	0.00796515
3939	10822	0.00796515
681	10823	0.00795755
10822	10823	0.00795755
10823	10824	0.00794776
1532	10824	0.00794776
880	10825	0.00794701
10824	10825	0.00794701
10825	10826	0.00792021
2164	10826	0.00792021
10826	10827	0.00791642
586	10827	0.00791642
2473	10827	0.00791642
10827	10828	0.00791451
853	10828	0.00791451
8935	10829	0.00791359
10828	10829	0.00791359
1418	10830	0.00790515
10829	10830	0.00790515
10830	10831	0.00790308
4214	10831	0.00790308
4745	10832	0.00789646
10831	10832	0.00789646
10832	10833	0.00789347
2030	10833	0.00789347
10833	10834	0.00787351
10690	10834	0.00787351
10834	10835	0.00787269
5730	10835	0.00787269
2625	10836	0.00786409
10835	10836	0.00786409
3058	10836	0.00786409
10836	10837	0.00785444
10799	10837	0.00785444
10837	10838	0.00785252
1150	10838	0.00785252
10838	10839	0.00784977
2302	10839	0.00784977
8833	10840	0.00784021
10839	10840	0.00784021
5474	10841	0.0078382
10840	10841	0.0078382
10841	10842	0.00782395
4003	10842	0.00782395
10842	10843	0.00782009
2318	10843	0.00782009
10843	10844	0.00781065
2598	10844	0.00781065
10844	10845	0.00779632
4456	10845	0.00779632
3180	10846	0.00779344
10845	10846	0.00779344
3717	10847	0.00778008
10846	10847	0.00778008
264	10847	0.00778008
10847	10848	0.00777719
1198	10848	0.00777719
9012	10849	0.00776575
10848	10849	0.00776575
5075	10850	0.00776195
10849	10850	0.00776195
9020	10851	0.00775716
10850	10851	0.00775716
10851	10852	0.00775051
5166	10852	0.00775051
3548	10853	0.00774768
10852	10853	0.00774768
10800	10854	0.00774588
10853	10854	0.00774588
9041	10855	0.00772281
10854	10855	0.00772281
1062	10856	0.00772104
10855	10856	0.00772104
5088	10857	0.00771618
10856	10857	0.00771618
10857	10858	0.00771136
5198	10858	0.00771136
3192	10859	0.00770571
10858	10859	0.00770571
10859	10860	0.00770476
4609	10860	0.00770476
10860	10861	0.00769236
389	10861	0.00769236
10861	10862	0.00767699
4300	10862	0.00767699
10862	10863	0.00764082
3633	10863	0.00764082
4276	10864	0.00763882
10863	10864	0.00763882
10864	10865	0.00763516
2049	10865	0.00763516
3024	10866	0.00762653
8869	10866	0.00762653
10865	10866	0.00762653
10866	10867	0.00762285
5597	10867	0.00762285
10867	10868	0.00762087
122	10868	0.00762087
3888	10869	0.00761041
10868	10869	0.00761041
10684	10870	0.00778311
2874	10870	0.00778311
629	10870	0.00778311
9011	10871	0.00793265
5306	10871	0.00793265
5988	10872	0.00835609
2098	10872	0.00835609
1877	10873	0.00791275
4231	10873	0.00791275
8883	10874	0.00760851
10869	10874	0.00760851
5691	10875	0.00760758
10874	10875	0.00760758
4154	10876	0.0076026
10875	10876	0.0076026
4992	10877	0.00758364
10876	10877	0.00758364
3198	10878	0.00757786
10877	10878	0.00757786
10878	10879	0.00755694
523	10879	0.00755694
10879	10880	0.00755515
4633	10880	0.00755515
6116	10881	0.00755326
10880	10881	0.00755326
782	10882	0.00754834
10881	10882	0.00754834
9031	10883	0.00754545
1891	10883	0.00754545
3844	10883	0.00754545
5073	10883	0.00754545
10882	10883	0.00754545
124	10884	0.00754358
10883	10884	0.00754358
10884	10885	0.00754255
1254	10885	0.00754255
10885	10886	0.00753396
2342	10886	0.00753396
10886	10887	0.00753229
10871	10887	0.00753229
10887	10888	0.0075262
4350	10888	0.0075262
10888	10889	0.00752548
3008	10889	0.00752548
1807	10890	0.00752255
10889	10890	0.00752255
10890	10891	0.00752154
841	10891	0.00752154
10891	10892	0.00751971
4200	10892	0.00751971
4211	10892	0.00751971
10892	10893	0.00751778
4713	10893	0.00751778
10893	10894	0.00751494
5294	10894	0.00751494
10894	10895	0.00751207
3348	10895	0.00751207
10895	10896	0.00750537
2236	10896	0.00750537
4740	10897	0.00750082
1887	10897	0.00750082
10896	10897	0.00750082
8887	10898	0.00749759
10897	10898	0.00749759
1846	10899	0.00749686
10898	10899	0.00749686
10899	10900	0.00749309
945	10900	0.00749309
10900	10901	0.00749008
268	10901	0.00749008
1460	10901	0.00749008
1610	10902	0.00748254
10901	10902	0.00748254
5185	10903	0.0074758
10902	10903	0.0074758
10903	10904	0.00746622
1371	10904	0.00746622
10904	10905	0.00744915
4599	10905	0.00744915
10905	10906	0.0074444
1362	10906	0.0074444
10906	10907	0.00743285
4911	10907	0.00743285
4592	10908	0.0074168
10907	10908	0.0074168
10908	10909	0.00741283
2640	10909	0.00741283
10909	10910	0.0074072
5668	10910	0.0074072
10910	10911	0.00739856
1701	10911	0.00739856
10911	10912	0.00738526
5590	10912	0.00738526
10912	10913	0.00737868
3216	10913	0.00737868
3954	10914	0.00737777
10913	10914	0.00737777
887	10915	0.00737375
10914	10915	0.00737375
10915	10916	0.00736613
3700	10916	0.00736613
10916	10917	0.00736421
588	10917	0.00736421
10917	10918	0.00736325
10691	10918	0.00736325
5239	10919	0.0073508
10918	10919	0.0073508
2744	10920	0.00734991
2728	10920	0.00734991
10919	10920	0.00734991
10920	10921	0.00734435
1305	10921	0.00734435
194	10922	0.00733945
10921	10922	0.00733945
6255	10922	0.00733945
10922	10923	0.00733654
5032	10923	0.00733654
10923	10924	0.00732134
1410	10924	0.00732134
10924	10925	0.00731952
284	10925	0.00731952
10925	10926	0.00730897
4025	10926	0.00730897
10926	10927	0.00730048
5438	10927	0.00730048
4004	10928	0.00729467
10927	10928	0.00729467
10928	10929	0.00729076
3360	10929	0.00729076
2550	10930	0.0072882
10929	10930	0.0072882
750	10931	0.00728604
10930	10931	0.00728604
10931	10932	0.00728226
3956	10932	0.00728226
10932	10933	0.00727561
3218	10933	0.00727561
5247	10933	0.00727561
10933	10934	0.00727462
10872	10934	0.00727462
10934	10935	0.00726619
1675	10935	0.00726619
3506	10936	0.00725739
10935	10936	0.00725739
10936	10937	0.00725687
5045	10937	0.00725687
10937	10938	0.00724025
1906	10938	0.00724025
10938	10939	0.00723916
4522	10939	0.00723916
10870	10940	0.00734138
5327	10940	0.00734138
3660	10941	0.00722591
10939	10941	0.00722591
10941	10942	0.00722221
3199	10942	0.00722221
10942	10943	0.00721452
4320	10943	0.00721452
5037	10944	0.00721261
10943	10944	0.00721261
827	10945	0.00720783
10944	10945	0.00720783
5515	10946	0.00720307
10945	10946	0.00720307
3615	10947	0.00719934
10946	10947	0.00719934
6347	10948	0.00719539
10947	10948	0.00719539
2348	10949	0.00717634
10948	10949	0.00717634
10949	10950	0.00716587
1415	10950	0.00716587
10950	10951	0.00716001
97	10951	0.00716001
3916	10952	0.00715824
10951	10952	0.00715824
4569	10953	0.0071478
10952	10953	0.0071478
5899	10953	0.0071478
10953	10954	0.0071459
5610	10954	0.0071459
5895	10955	0.00714114
10954	10955	0.00714114
10955	10956	0.0071402
312	10956	0.0071402
10956	10957	0.00713438
1577	10957	0.00713438
10957	10958	0.00712202
852	10958	0.00712202
5741	10959	0.00712117
8636	10959	0.00712117
10958	10959	0.00712117
996	10959	0.00712117
2952	10959	0.00712117
10873	10959	0.00712117
10959	10960	0.00711633
3152	10960	0.00711633
2924	10961	0.00711358
10960	10961	0.00711358
2900	10962	0.00710875
10961	10962	0.00710875
10962	10963	0.00710126
635	10963	0.00710126
4384	10964	0.00709908
10963	10964	0.00709908
10964	10965	0.00709436
4002	10965	0.00709436
10965	10966	0.00709054
3902	10966	0.00709054
8955	10967	0.00708953
9035	10967	0.00708953
10966	10967	0.00708953
10967	10968	0.0070887
3083	10968	0.0070887
1021	10969	0.00706105
10968	10969	0.00706105
10969	10970	0.00705443
631	10970	0.00705443
6247	10971	0.00705147
10970	10971	0.00705147
3281	10972	0.00704955
10971	10972	0.00704955
10972	10973	0.00704569
3412	10973	0.00704569
1652	10974	0.00704385
10973	10974	0.00704385
10974	10975	0.00704282
3512	10975	0.00704282
2851	10976	0.00702086
10975	10976	0.00702086
3046	10977	0.00702019
10976	10977	0.00702019
5786	10977	0.00702019
10977	10978	0.0070095
10685	10978	0.0070095
4634	10978	0.0070095
10978	10979	0.00700757
9014	10979	0.00700757
1674	10980	0.00700283
10979	10980	0.00700283
1929	10981	0.00699424
10980	10981	0.00699424
10981	10982	0.00698854
144	10982	0.00698854
10982	10983	0.00698185
3618	10983	0.00698185
10983	10984	0.006979
248	10984	0.006979
1518	10984	0.006979
10984	10985	0.00697426
10940	10985	0.00697426
10985	10986	0.00696948
324	10986	0.00696948
6477	10987	0.0069646
10986	10987	0.0069646
1046	10988	0.00696185
10987	10988	0.00696185
9037	10989	0.00695986
10988	10989	0.00695986
10728	10990	0.00694467
611	10990	0.00694467
10989	10991	0.00695709
5260	10991	0.00695709
6313	10992	0.00695406
10991	10992	0.00695406
10992	10993	0.0069524
8949	10993	0.0069524
1656	10993	0.0069524
10695	10994	0.00694948
10993	10994	0.00694948
10994	10995	0.00694467
2836	10995	0.00694467
3931	10996	0.00692948
10995	10996	0.00692948
4566	10997	0.0069227
10996	10997	0.0069227
8853	10998	0.00691049
10997	10998	0.00691049
3752	10999	0.00689408
10998	10999	0.00689408
4574	11000	0.00688363
10999	11000	0.00688363
3629	11001	0.00687884
11000	11001	0.00687884
11001	11002	0.0068779
4588	11002	0.0068779
10990	11003	0.00687325
11002	11003	0.00687325
11003	11004	0.00686443
3074	11004	0.00686443
6482	11005	0.00686266
11004	11005	0.00686266
3032	11006	0.00780017
8811	11006	0.00780017
5632	11007	0.00794227
3620	11007	0.00794227
6100	11008	0.00652324
3136	11008	0.00652324
6176	11009	0.00686166
11005	11009	0.00686166
11009	11010	0.0068608
3284	11010	0.0068608
6286	11011	0.00685574
11010	11011	0.00685574
8661	11012	0.00682733
11011	11012	0.00682733
5096	11013	0.00681977
11012	11013	0.00681977
11013	11014	0.00681595
4034	11014	0.00681595
4903	11015	0.00681119
8900	11015	0.00681119
11014	11015	0.00681119
3166	11016	0.00680266
11015	11016	0.00680266
11016	11017	0.0068018
5460	11017	0.0068018
2012	11018	0.00679693
1482	11018	0.00679693
11017	11019	0.00678632
11018	11019	0.00678632
5629	11020	0.00677775
2402	11020	0.00677775
11019	11020	0.00677775
11020	11021	0.00677013
2699	11021	0.00677013
2225	11022	0.00676817
11021	11022	0.00676817
6183	11023	0.00676444
11022	11023	0.00676444
11023	11024	0.00675393
1480	11024	0.00675393
11024	11025	0.00675303
33	11025	0.00675303
11025	11026	0.00675012
1648	11026	0.00675012
3706	11027	0.00674919
1139	11027	0.00674919
11026	11027	0.00674919
5297	11028	0.00674435
11027	11028	0.00674435
3223	11028	0.00674435
11028	11029	0.00673471
3934	11029	0.00673471
2580	11029	0.00673471
3537	11030	0.00672719
11029	11030	0.00672719
11030	11031	0.0067254
4753	11031	0.0067254
11031	11032	0.00671391
2547	11032	0.00671391
11032	11033	0.0066757
2905	11033	0.0066757
2210	11034	0.00667481
11033	11034	0.00667481
11034	11035	0.00665957
4931	11035	0.00665957
11035	11036	0.00665858
2873	11036	0.00665858
1282	11036	0.00665858
2869	11037	0.00665665
11036	11037	0.00665665
11037	11038	0.00665281
2498	11038	0.00665281
2970	11039	0.00665192
11038	11039	0.00665192
374	11039	0.00665192
11039	11040	0.00664996
338	11040	0.00664996
5891	11041	0.00664031
11040	11041	0.00664031
11041	11042	0.00663942
4356	11042	0.00663942
1677	11042	0.00663942
6430	11043	0.00663658
11042	11043	0.00663658
11043	11044	0.00663481
10692	11044	0.00663481
806	11045	0.00662526
11044	11045	0.00662526
2193	11046	0.00662332
11045	11046	0.00662332
2373	11047	0.00662047
11046	11047	0.00662047
9027	11048	0.00660422
4135	11048	0.00660422
11047	11048	0.00660422
2207	11048	0.00660422
3056	11049	0.00660138
11048	11049	0.00660138
8633	11050	0.00659376
11049	11050	0.00659376
5771	11051	0.0065817
11050	11051	0.0065817
6389	11052	0.00657451
11051	11052	0.00657451
5101	11053	0.00656224
11052	11053	0.00656224
223	11054	0.00661466
4486	11054	0.00661466
803	11055	0.00673471
11006	11055	0.00673471
1183	11056	0.00669765
2360	11056	0.00669765
3460	11057	0.00655936
11053	11057	0.00655936
11057	11058	0.00655845
3100	11058	0.00655845
11058	11059	0.00654797
2088	11059	0.00654797
11059	11060	0.00654488
5356	11060	0.00654488
11060	11061	0.00654415
2374	11061	0.00654415
11061	11062	0.00654059
1511	11062	0.00654059
11062	11063	0.00653646
5595	11063	0.00653646
9007	11064	0.00650886
11063	11064	0.00650886
10726	11065	0.00650601
11064	11065	0.00650601
11065	11066	0.00649356
4219	11066	0.00649356
11066	11067	0.00648789
816	11067	0.00648789
11056	11067	0.00648789
11067	11068	0.00647547
1919	11068	0.00647547
11068	11069	0.00647258
867	11069	0.00647258
11069	11070	0.00646298
6235	11070	0.00646298
8930	11071	0.00645355
11070	11071	0.00645355
10727	11072	0.00644205
11071	11072	0.00644205
11072	11073	0.00644111
1346	11073	0.00644111
11054	11073	0.00644111
2090	11074	0.0064382
11073	11074	0.0064382
2523	11075	0.00642206
11074	11075	0.00642206
11075	11076	0.00641058
4604	11076	0.00641058
3352	11077	0.00640777
11076	11077	0.00640777
11077	11078	0.0064046
4801	11078	0.0064046
11078	11079	0.00640292
3608	11079	0.00640292
11079	11080	0.00640014
6164	11080	0.00640014
4803	11081	0.00638489
11080	11081	0.00638489
504	11082	0.00635909
11081	11082	0.00635909
3328	11083	0.00635623
11082	11083	0.00635623
4515	11084	0.00634583
11083	11084	0.00634583
11084	11085	0.00633904
1989	11085	0.00633904
4894	11086	0.00632965
11085	11086	0.00632965
11055	11086	0.00632965
11086	11087	0.0063192
1232	11087	0.0063192
5737	11088	0.00630761
11087	11088	0.00630761
2488	11088	0.00630761
11088	11089	0.00630379
2270	11089	0.00630379
1093	11090	0.00630274
11089	11090	0.00630274
11090	11091	0.00630185
3933	11091	0.00630185
11091	11092	0.00629702
5647	11092	0.00629702
11092	11093	0.00629237
3746	11093	0.00629237
11093	11094	0.00628277
606	11094	0.00628277
6309	11095	0.00627519
11094	11095	0.00627519
11095	11096	0.00626848
4749	11096	0.00626848
5697	11097	0.00626191
11096	11097	0.00626191
4078	11098	0.00625989
11097	11098	0.00625989
11098	11099	0.00624269
6155	11099	0.00624269
3217	11100	0.00609983
2149	11100	0.00609983
5489	11101	0.00623328
11099	11101	0.00623328
6150	11102	0.00622558
11101	11102	0.00622558
5784	11103	0.00620937
11102	11103	0.00620937
11103	11104	0.00619795
3055	11104	0.00619795
11104	11105	0.00618839
4478	11105	0.00618839
553	11106	0.0061817
11105	11106	0.0061817
8852	11107	0.00617973
11106	11107	0.00617973
8586	11108	0.00617886
11107	11108	0.00617886
11108	11109	0.00616649
2091	11109	0.00616649
2568	11110	0.00616556
11109	11110	0.00616556
964	11111	0.00616347
6466	11111	0.00616347
11110	11111	0.00616347
6079	11112	0.00615589
11111	11112	0.00615589
11112	11113	0.00615503
5638	11113	0.00615503
2	11114	0.00615409
11113	11114	0.00615409
310	11114	0.00615409
5763	11115	0.00613689
11114	11115	0.00613689
991	11116	0.00612834
11115	11116	0.00612834
973	11117	0.00612634
11116	11117	0.00612634
1118	11118	0.0061254
11117	11118	0.0061254
5617	11118	0.0061254
11118	11119	0.00612444
1535	11119	0.00612444
39	11120	0.0061216
11119	11120	0.0061216
1120	11121	0.00610921
11120	11121	0.00610921
5152	11122	0.00610821
11121	11122	0.00610821
3160	11123	0.00610335
11122	11123	0.00610335
11123	11124	0.00610163
2133	11124	0.00610163
11124	11125	0.00609983
4201	11125	0.00609983
11125	11126	0.00608642
3891	11126	0.00608642
4296	11127	0.00608442
11126	11127	0.00608442
11127	11128	0.00607576
1270	11128	0.00607576
11128	11129	0.00607488
3993	11129	0.00607488
5390	11130	0.00606923
11129	11130	0.00606923
11130	11131	0.00606058
1191	11131	0.00606058
1409	11131	0.00606058
11131	11132	0.00603772
2815	11132	0.00603772
4065	11133	0.00603475
11132	11133	0.00603475
4427	11134	0.00602825
11133	11134	0.00602825
6260	11135	0.00602722
11134	11135	0.00602722
755	11136	0.00602346
11135	11136	0.00602346
6128	11137	0.0060197
11136	11137	0.0060197
10687	11137	0.0060197
11137	11138	0.00601492
2041	11138	0.00601492
11138	11139	0.00601385
11007	11139	0.00601385
2963	11140	0.0060072
11139	11140	0.0060072
11140	11141	0.00600527
4186	11141	0.00600527
9030	11142	0.0060025
11141	11142	0.0060025
5160	11143	0.00599474
11142	11143	0.00599474
1199	11144	0.00598804
11143	11144	0.00598804
11144	11145	0.00598229
3451	11145	0.00598229
3092	11145	0.00598229
11145	11146	0.00597955
662	11146	0.00597955
11146	11147	0.00597855
941	11147	0.00597855
5266	11147	0.00597855
2264	11148	0.0059767
11147	11148	0.0059767
4914	11149	0.00613981
1187	11149	0.00613981
2591	11150	0.00609397
5125	11150	0.00609397
9024	11151	0.00595754
11148	11151	0.00595754
11151	11152	0.00595184
1213	11152	0.00595184
5228	11153	0.00594335
5825	11153	0.00594335
5918	11153	0.00594335
11152	11153	0.00594335
971	11154	0.0059242
11100	11154	0.0059242
3810	11154	0.0059242
3872	11154	0.0059242
11153	11154	0.0059242
805	11155	0.0059204
11154	11155	0.0059204
11155	11156	0.00591473
5844	11156	0.00591473
401	11156	0.00591473
11156	11157	0.00590514
5076	11157	0.00590514
1985	11158	0.00590413
11157	11158	0.00590413
11008	11159	0.00589753
11158	11159	0.00589753
11159	11160	0.00588984
2432	11160	0.00588984
5974	11161	0.00588787
11160	11161	0.00588787
11161	11162	0.00586895
2321	11162	0.00586895
6050	11163	0.00585941
2112	11163	0.00585941
11162	11163	0.00585941
11163	11164	0.00585725
4597	11164	0.00585725
4175	11165	0.00584317
11164	11165	0.00584317
834	11166	0.00582889
2974	11166	0.00582889
11165	11166	0.00582889
11166	11167	0.0058203
5027	11167	0.0058203
11167	11168	0.0058164
51	11168	0.0058164
11168	11169	0.0058098
165	11169	0.0058098
2669	11169	0.0058098
6251	11169	0.0058098
11150	11169	0.0058098
3097	11170	0.00580597
11169	11170	0.00580597
3256	11170	0.00580597
11170	11171	0.00579755
1873	11171	0.00579755
11171	11172	0.00579452
6206	11172	0.00579452
11172	11173	0.00578974
1449	11173	0.00578974
4205	11174	0.00578022
11173	11174	0.00578022
5443	11175	0.00576879
11174	11175	0.00576879
3486	11176	0.00576591
11175	11176	0.00576591
11176	11177	0.00574973
1996	11177	0.00574973
1633	11178	0.00575456
2095	11178	0.00575456
2892	11179	0.00574303
11177	11179	0.00574303
11179	11180	0.00574016
719	11180	0.00574016
11180	11181	0.00573846
11178	11181	0.00573846
8771	11182	0.00573076
11181	11182	0.00573076
227	11183	0.00572484
11182	11183	0.00572484
4511	11184	0.00570858
11183	11184	0.00570858
836	11185	0.00570675
11184	11185	0.00570675
11185	11186	0.00569438
2276	11186	0.00569438
11186	11187	0.00568096
3733	11187	0.00568096
3010	11188	0.0056754
11187	11188	0.0056754
11188	11189	0.00566584
604	11189	0.00566584
55	11190	0.0056525
11189	11190	0.0056525
11190	11191	0.00564584
1411	11191	0.00564584
11149	11191	0.00564584
934	11191	0.00564584
11191	11192	0.00561906
1142	11192	0.00561906
11192	11193	0.00561403
1964	11193	0.00561403
1230	11194	0.00560001
11193	11194	0.00560001
2447	11195	0.00631143
101	11195	0.00631143
3478	11196	0.00584604
999	11196	0.00584604
1961	11197	0.00616839
1609	11197	0.00616839
4876	11198	0.00644294
3910	11198	0.00644294
4150	11199	0.00541496
8929	11199	0.00541496
5849	11200	0.0050678
5138	11200	0.0050678
994	11201	0.00554362
68	11201	0.00554362
1323	11202	0.00532053
2862	11202	0.00532053
3030	11203	0.00518891
8770	11203	0.00518891
11194	11204	0.00559521
11198	11204	0.00559521
5090	11205	0.0055914
11204	11205	0.0055914
11205	11206	0.0055819
3006	11206	0.0055819
2785	11207	0.00556564
11206	11207	0.00556564
9053	11208	0.0055628
11207	11208	0.0055628
10721	11209	0.00555706
1348	11209	0.00555706
11208	11209	0.00555706
11209	11210	0.00555227
442	11210	0.00555227
4156	11211	0.00554561
11210	11211	0.00554561
3096	11211	0.00554561
5954	11212	0.00552557
11211	11212	0.00552557
1355	11212	0.00552557
11212	11213	0.00552361
2977	11213	0.00552361
5701	11213	0.00552361
4520	11214	0.00552178
11213	11214	0.00552178
3722	11215	0.00551894
11214	11215	0.00551894
11215	11216	0.00551128
1613	11216	0.00551128
4587	11217	0.00550357
11216	11217	0.00550357
11217	11218	0.00549413
2806	11218	0.00549413
11218	11219	0.00549232
11196	11219	0.00549232
6190	11220	0.00548563
11219	11220	0.00548563
3762	11221	0.00547694
11220	11221	0.00547694
2534	11222	0.00546742
11221	11222	0.00546742
11222	11223	0.00545884
3015	11223	0.00545884
3750	11224	0.00543967
11223	11224	0.00543967
3570	11225	0.00543579
11224	11225	0.00543579
4771	11226	0.00543021
11225	11226	0.00543021
11226	11227	0.00542835
781	11227	0.00542835
11227	11228	0.00542643
3379	11228	0.00542643
11228	11229	0.00541403
1999	11229	0.00541403
11229	11230	0.00540826
4649	11230	0.00540826
11230	11231	0.00540063
5353	11231	0.00540063
6161	11232	0.00539413
11231	11232	0.00539413
4514	11233	0.00538629
11232	11233	0.00538629
1054	11234	0.00538351
11233	11234	0.00538351
11234	11235	0.00537968
451	11235	0.00537968
2361	11235	0.00537968
11235	11236	0.00537678
1568	11236	0.00537678
11236	11237	0.00536919
4586	11237	0.00536919
5871	11238	0.00536828
11237	11238	0.00536828
11238	11239	0.00535676
3174	11239	0.00535676
11239	11240	0.00535017
6221	11240	0.00535017
346	11241	0.00534348
11240	11241	0.00534348
11241	11242	0.00534153
1973	11242	0.00534153
11242	11243	0.00532724
3128	11243	0.00532724
2215	11244	0.00532339
11243	11244	0.00532339
3431	11245	0.00531964
11244	11245	0.00531964
11245	11246	0.00530441
2896	11246	0.00530441
1732	11247	0.00530333
11246	11247	0.00530333
1672	11248	0.00530231
11247	11248	0.00530231
11248	11249	0.00529856
2262	11249	0.00529856
11249	11250	0.00529576
1303	11250	0.00529576
5409	11251	0.00528142
11250	11251	0.00528142
1878	11252	0.0052804
11251	11252	0.0052804
9049	11253	0.00513839
3794	11253	0.00513839
266	11254	0.00527374
11252	11254	0.00527374
2515	11255	0.00527289
1953	11255	0.00527289
11254	11255	0.00527289
11255	11256	0.00526799
4798	11256	0.00526799
3017	11257	0.00524524
11256	11257	0.00524524
642	11258	0.00523174
11257	11258	0.00523174
1607	11259	0.00523091
11258	11259	0.00523091
11259	11260	0.00522898
1356	11260	0.00522898
11260	11261	0.00522239
1503	11261	0.00522239
9033	11262	0.00521948
3204	11262	0.00521948
11261	11262	0.00521948
11262	11263	0.0052166
1419	11263	0.0052166
5098	11264	0.00523665
113	11264	0.00523665
1012	11265	0.00520899
11263	11265	0.00520899
4047	11265	0.00520899
11265	11266	0.00518417
11264	11266	0.00518417
3103	11266	0.00518417
6245	11267	0.00518042
11266	11267	0.00518042
11267	11268	0.00517743
1341	11268	0.00517743
11268	11269	0.00517661
1734	11269	0.00517661
5950	11269	0.00517661
5209	11270	0.00516798
11269	11270	0.00516798
11270	11271	0.00516508
1548	11271	0.00516508
11271	11272	0.00516226
5451	11272	0.00516226
927	11273	0.00516022
11272	11273	0.00516022
787	11274	0.00514603
11273	11274	0.00514603
11274	11275	0.00513931
3169	11275	0.00513931
11253	11276	0.00513364
11275	11276	0.00513364
5930	11277	0.00513074
11276	11277	0.00513074
11277	11278	0.00512608
5174	11278	0.00512608
11278	11279	0.00512314
11197	11279	0.00512314
8877	11280	0.00512215
11279	11280	0.00512215
2019	11281	0.00511933
11280	11281	0.00511933
11281	11282	0.00510891
3208	11282	0.00510891
2233	11283	0.00510687
11282	11283	0.00510687
5726	11284	0.00510505
6011	11284	0.00510505
1982	11284	0.00510505
11283	11284	0.00510505
112	11285	0.00510312
11284	11285	0.00510312
1896	11286	0.00510121
11285	11286	0.00510121
8911	11287	0.00509833
11286	11287	0.00509833
4938	11288	0.00509738
11287	11288	0.00509738
2078	11288	0.00509738
4971	11289	0.00509073
11288	11289	0.00509073
858	11290	0.00507931
11289	11290	0.00507931
524	11291	0.00507263
11290	11291	0.00507263
3240	11292	0.00506973
11291	11292	0.00506973
10723	11293	0.0050621
11292	11293	0.0050621
8794	11293	0.0050621
3469	11294	0.00505352
11293	11294	0.00505352
6403	11295	0.00504314
3229	11295	0.00504314
11294	11295	0.00504314
780	11296	0.00503731
11295	11296	0.00503731
3335	11297	0.00503251
11296	11297	0.00503251
11297	11298	0.00502309
2888	11298	0.00502309
4909	11299	0.00501723
11298	11299	0.00501723
4001	11300	0.00501541
11299	11300	0.00501541
3033	11301	0.00500961
11300	11301	0.00500961
948	11302	0.00500774
11301	11302	0.00500774
5448	11303	0.00500106
11302	11303	0.00500106
1121	11304	0.00499629
11303	11304	0.00499629
9042	11305	0.00499251
11304	11305	0.00499251
11305	11306	0.00498962
11195	11306	0.00498962
5718	11307	0.00498095
11306	11307	0.00498095
3614	11308	0.00495529
11307	11308	0.00495529
11308	11309	0.00495052
5059	11309	0.00495052
5411	11310	0.00493529
11309	11310	0.00493529
11310	11311	0.00493043
2872	11311	0.00493043
11311	11312	0.00492096
4757	11312	0.00492096
8790	11313	0.00490379
11312	11313	0.00490379
1400	11314	0.00489427
11313	11314	0.00489427
8996	11315	0.00488193
11314	11315	0.00488193
3936	11316	0.00487226
11315	11316	0.00487226
6060	11317	0.00486472
11316	11317	0.00486472
2016	11318	0.00485798
3979	11318	0.00485798
11317	11318	0.00485798
105	11319	0.00483604
11318	11319	0.00483604
11319	11320	0.0048332
6113	11320	0.0048332
2407	11320	0.0048332
11320	11321	0.00483225
9003	11321	0.00483225
4808	11321	0.00483225
11321	11322	0.00482845
1975	11322	0.00482845
8992	11323	0.00482466
11322	11323	0.00482466
11323	11324	0.00482186
602	11324	0.00482186
570	11325	0.00481986
72	11325	0.00481986
11324	11325	0.00481986
11325	11326	0.0048114
4440	11326	0.0048114
5068	11327	0.00480169
11326	11327	0.00480169
676	11328	0.00479683
11327	11328	0.00479683
613	11329	0.00479503
11328	11329	0.00479503
3567	11330	0.00478277
11329	11330	0.00478277
3734	11331	0.00477407
11330	11331	0.00477407
6481	11332	0.00476935
11331	11332	0.00476935
3021	11333	0.00474164
11332	11333	0.00474164
11333	11334	0.00473501
702	11334	0.00473501
960	11334	0.00473501
11334	11335	0.00471879
2266	11335	0.00471879
11335	11336	0.00469582
2715	11336	0.00469582
11336	11337	0.004694
1405	11337	0.004694
11337	11338	0.00469205
1451	11338	0.00469205
1203	11339	0.00468636
11338	11339	0.00468636
11339	11340	0.00467672
4575	11340	0.00467672
1913	11341	0.00467586
11340	11341	0.00467586
11341	11342	0.00466918
2319	11342	0.00466918
5095	11343	0.00466347
11342	11343	0.00466347
11343	11344	0.00464726
876	11344	0.00464726
11344	11345	0.00463771
2107	11345	0.00463771
11345	11346	0.00463486
2824	11346	0.00463486
11346	11347	0.00463389
1581	11347	0.00463389
5155	11348	0.00463105
11347	11348	0.00463105
1094	11349	0.00462915
11348	11349	0.00462915
5743	11350	0.00462721
11349	11350	0.00462721
3796	11351	0.00461867
11350	11351	0.00461867
13	11352	0.00461201
11351	11352	0.00461201
5171	11353	0.00459672
6053	11353	0.00459672
11352	11353	0.00459672
3481	11354	0.00458912
11353	11354	0.00458912
577	11355	0.00458334
11354	11355	0.00458334
3455	11356	0.00456425
2907	11356	0.00456425
11355	11356	0.00456425
2797	11357	0.00455862
11356	11357	0.00455862
8823	11358	0.00455759
11357	11358	0.00455759
11358	11359	0.00455288
4975	11359	0.00455288
11359	11360	0.0045509
1635	11360	0.0045509
335	11361	0.00454999
11360	11361	0.00454999
11361	11362	0.004549
4158	11362	0.004549
2372	11363	0.00454713
11362	11363	0.00454713
5769	11364	0.00454333
11363	11364	0.00454333
8799	11365	0.00453477
11364	11365	0.00453477
11365	11366	0.00453183
4365	11366	0.00453183
11366	11367	0.00452132
3429	11367	0.00452132
618	11368	0.00451565
11367	11368	0.00451565
1009	11369	0.00449942
11368	11369	0.00449942
2795	11370	0.00449561
2569	11370	0.00449561
11369	11370	0.00449561
2347	11371	0.00465387
297	11371	0.00465387
5542	11372	0.00472264
1634	11372	0.00472264
5326	11373	0.00499251
3098	11373	0.00499251
10724	11374	0.00429822
2968	11374	0.00429822
9028	11375	0.00433733
2639	11375	0.00433733
1805	11376	0.00446984
11370	11376	0.00446984
11376	11377	0.00446225
5991	11377	0.00446225
846	11378	0.00445473
11377	11378	0.00445473
569	11379	0.00445175
11378	11379	0.00445175
2886	11380	0.00445083
11379	11380	0.00445083
2064	11381	0.00444032
11380	11381	0.00444032
2783	11382	0.00443931
11381	11382	0.00443931
11202	11383	0.00441642
11382	11383	0.00441642
11383	11384	0.00441269
3854	11384	0.00441269
10694	11384	0.00441269
2810	11385	0.00440884
11384	11385	0.00440884
11385	11386	0.00440412
4041	11386	0.00440412
2109	11387	0.0043993
5388	11387	0.0043993
11386	11387	0.0043993
1026	11388	0.00437927
11387	11388	0.00437927
151	11389	0.00437453
11388	11389	0.00437453
11389	11390	0.0043659
3324	11390	0.0043659
5783	11391	0.00436301
11390	11391	0.00436301
224	11392	0.00436017
11391	11392	0.00436017
274	11393	0.00435066
11392	11393	0.00435066
148	11394	0.00434493
11393	11394	0.00434493
8686	11395	0.00434395
11394	11395	0.00434395
11395	11396	0.00433154
5565	11396	0.00433154
155	11397	0.00432875
11396	11397	0.00432875
11397	11398	0.00432586
4471	11398	0.00432586
2269	11398	0.00432586
11372	11398	0.00432586
8592	11399	0.00432206
11398	11399	0.00432206
2664	11400	0.00430678
11399	11400	0.00430678
6080	11401	0.00430294
11400	11401	0.00430294
3338	11402	0.00429822
11401	11402	0.00429822
2566	11403	0.00428579
11402	11403	0.00428579
8870	11404	0.00427533
11403	11404	0.00427533
11404	11405	0.00426579
2332	11405	0.00426579
4095	11406	0.00425915
11405	11406	0.00425915
11406	11407	0.00425146
6217	11407	0.00425146
6233	11408	0.00425053
11407	11408	0.00425053
11408	11409	0.00423335
4130	11409	0.00423335
3479	11410	0.0042324
11409	11410	0.0042324
1764	11411	0.00422764
11410	11411	0.00422764
5017	11412	0.00420477
11411	11412	0.00420477
8979	11413	0.00419234
11412	11413	0.00419234
1685	11413	0.00419234
4401	11414	0.00416086
3157	11414	0.00416086
11413	11414	0.00416086
4404	11415	0.00415997
2526	11415	0.00415997
11414	11415	0.00415997
4993	11416	0.0041504
11415	11416	0.0041504
6025	11417	0.00414848
11416	11417	0.00414848
2809	11418	0.00414371
11417	11418	0.00414371
3041	11419	0.00413607
11418	11419	0.00413607
267	11420	0.00413418
11419	11420	0.00413418
11200	11421	0.0041313
11420	11421	0.0041313
2989	11422	0.00412177
11421	11422	0.00412177
3242	11423	0.00411605
11422	11423	0.00411605
3771	11424	0.00411036
11423	11424	0.00411036
2537	11425	0.00410271
11424	11425	0.00410271
3154	11426	0.0040951
11425	11426	0.0040951
11426	11427	0.00409126
2966	11427	0.00409126
9036	11428	0.00409031
11427	11428	0.00409031
9016	11429	0.00408457
11428	11429	0.00408457
527	11430	0.00407981
11429	11430	0.00407981
5022	11431	0.00407699
11430	11431	0.00407699
11431	11432	0.0040741
2842	11432	0.0040741
1461	11432	0.0040741
6212	11432	0.0040741
1514	11433	0.00407127
11432	11433	0.00407127
3604	11434	0.00407029
11433	11434	0.00407029
11375	11435	0.00406175
11434	11435	0.00406175
576	11436	0.00404926
11435	11436	0.00404926
1630	11437	0.00403974
11436	11437	0.00403974
1295	11437	0.00403974
56	11438	0.00403879
11437	11438	0.00403879
11438	11439	0.00402831
3764	11439	0.00402831
4064	11440	0.00402738
11439	11440	0.00402738
11373	11441	0.00438797
2461	11441	0.00438797
11441	11442	0.00437164
5093	11442	0.00437164
4553	11443	0.00402452
11440	11443	0.00402452
3970	11444	0.00400926
5188	11444	0.00400926
11443	11444	0.00400926
11444	11445	0.00400546
3458	11445	0.00400546
11445	11446	0.00399586
6172	11446	0.00399586
11446	11447	0.00399396
5444	11447	0.00399396
1625	11448	0.00399313
11447	11448	0.00399313
5912	11449	0.00398731
11448	11449	0.00398731
1629	11450	0.00398544
11449	11450	0.00398544
697	11450	0.00398544
6187	11451	0.00398446
11450	11451	0.00398446
4639	11452	0.00397873
11451	11452	0.00397873
8884	11453	0.00397585
11452	11453	0.00397585
5641	11454	0.00396826
11453	11454	0.00396826
11454	11455	0.00395584
901	11455	0.00395584
4629	11455	0.00395584
5252	11456	0.00395201
11455	11456	0.00395201
4726	11457	0.00392056
11456	11457	0.00392056
11457	11458	0.00391769
207	11458	0.00391769
11458	11459	0.0039149
6034	11459	0.0039149
11459	11460	0.0039101
11442	11460	0.0039101
1924	11461	0.00389957
11460	11461	0.00389957
11461	11462	0.00388238
11371	11462	0.00388238
2602	11463	0.00386334
11462	11463	0.00386334
11463	11464	0.00385855
526	11464	0.00385855
758	11465	0.0038528
11464	11465	0.0038528
8551	11466	0.00385192
11465	11466	0.00385192
8999	11467	0.00383472
11466	11467	0.00383472
11467	11468	0.00383188
5568	11468	0.00383188
1671	11469	0.00382995
800	11469	0.00382995
11468	11469	0.00382995
9025	11470	0.00380135
11469	11470	0.00380135
11203	11471	0.0037985
11470	11471	0.0037985
11201	11472	0.0037956
11471	11472	0.0037956
966	11473	0.00379467
11472	11473	0.00379467
11199	11474	0.00379372
11473	11474	0.00379372
11474	11475	0.00379087
2776	11475	0.00379087
4147	11475	0.00379087
10725	11476	0.00377751
4761	11476	0.00377751
11475	11476	0.00377751
6026	11477	0.00377272
11476	11477	0.00377272
11477	11478	0.00377083
2333	11478	0.00377083
11374	11479	0.00376988
11478	11479	0.00376988
3645	11480	0.00376612
11479	11480	0.00376612
11480	11481	0.00375941
3730	11481	0.00375941
968	11482	0.00374888
11481	11482	0.00374888
5836	11483	0.00374224
11482	11483	0.00374224
11483	11484	0.0037365
1767	11484	0.0037365
11484	11485	0.00372693
4885	11485	0.00372693
5051	11486	0.00371647
11485	11486	0.00371647
10722	11487	0.00370507
11486	11487	0.00370507
4701	11488	0.00370313
11487	11488	0.00370313
1434	11489	0.00369932
11488	11489	0.00369932
605	11490	0.00369264
11489	11490	0.00369264
3163	11490	0.00369264
11490	11491	0.00369169
5514	11491	0.00369169
5639	11492	0.0036735
11491	11492	0.0036735
11492	11493	0.00367166
2828	11493	0.00367166
5636	11494	0.00219442
2535	11494	0.00219442
5842	11495	0.00156116
63	11495	0.00156116
2926	11496	0.00323107
9026	11496	0.00323107
3965	11497	0.00319961
4984	11497	0.00319961
579	11498	0.00358486
2771	11498	0.00358486
139	11499	0.00130558
4149	11499	0.00130558
10699	11500	0.00304512
582	11500	0.00304512
10703	11501	0.00253583
1376	11501	0.00253583
3300	11502	0.00242331
3871	11502	0.00242331
3772	11503	0.00249672
5163	11503	0.00249672
11503	11504	0.00242136
4900	11504	0.00242136
11504	11505	0.00231362
5686	11505	0.00231362
1072	11506	0.00334363
4811	11506	0.00334363
4438	11507	0.00308703
11506	11507	0.00308703
378	11508	0.00366784
11493	11508	0.00366784
10716	11509	0.00364973
11508	11509	0.00364973
6320	11510	0.00363353
11509	11510	0.00363353
11510	11511	0.00361446
3744	11511	0.00361446
11511	11512	0.00360488
4303	11512	0.00360488
5570	11512	0.00360488
11512	11513	0.00359249
1841	11513	0.00359249
11513	11514	0.00358764
6229	11514	0.00358764
2762	11515	0.00357914
11514	11515	0.00357914
2758	11516	0.00356671
11515	11516	0.00356671
1129	11517	0.00356194
11516	11517	0.00356194
10719	11518	0.00355147
11517	11518	0.00355147
2577	11519	0.00354386
11518	11519	0.00354386
4789	11520	0.00351909
11519	11520	0.00351909
11520	11521	0.00351241
242	11521	0.00351241
2460	11522	0.00350098
11521	11522	0.00350098
8913	11523	0.00348663
11522	11523	0.00348663
11523	11524	0.00347994
2826	11524	0.00347994
4357	11525	0.00347709
5439	11525	0.00347709
11524	11525	0.00347709
5589	11526	0.00347043
11525	11526	0.00347043
4223	11527	0.0034647
11526	11527	0.0034647
2322	11528	0.00346281
11527	11528	0.00346281
11528	11529	0.00344466
6201	11529	0.00344466
3042	11530	0.00343897
11529	11530	0.00343897
1389	11531	0.0034237
11530	11531	0.0034237
6007	11532	0.0034189
11531	11532	0.0034189
2630	11532	0.0034189
4398	11533	0.0034113
11532	11533	0.0034113
5103	11534	0.00340942
11533	11534	0.00340942
2150	11535	0.00340558
11534	11535	0.00340558
50	11536	0.00340176
11535	11536	0.00340176
4589	11537	0.003397
11536	11537	0.003397
1308	11538	0.00339418
11537	11538	0.00339418
11538	11539	0.00338175
686	11539	0.00338175
433	11540	0.00337602
11539	11540	0.00337602
11540	11541	0.00337028
3019	11541	0.00337028
11541	11542	0.00336552
5249	11542	0.00336552
11542	11543	0.00335979
2252	11543	0.00335979
3147	11543	0.00335979
4884	11543	0.00335979
11543	11544	0.00335693
6238	11544	0.00335693
4287	11545	0.00335505
11544	11545	0.00335505
11545	11546	0.0033512
575	11546	0.0033512
11546	11547	0.00334931
5577	11547	0.00334931
2261	11547	0.00334931
3210	11548	0.00334739
9010	11548	0.00334739
11547	11548	0.00334739
4093	11549	0.00334363
11548	11549	0.00334363
1815	11550	0.00333405
5467	11550	0.00333405
252	11550	0.00333405
11549	11550	0.00333405
1215	11551	0.00332833
11550	11551	0.00332833
9019	11552	0.0033207
11551	11552	0.0033207
3697	11553	0.00331592
11552	11553	0.00331592
2942	11554	0.0033121
2285	11554	0.0033121
11553	11554	0.0033121
10708	11555	0.00330636
11554	11555	0.00330636
2217	11556	0.00330452
11555	11556	0.00330452
129	11557	0.00330065
11556	11557	0.00330065
6035	11558	0.00329497
11557	11558	0.00329497
707	11558	0.00329497
906	11559	0.00328827
11558	11559	0.00328827
11559	11560	0.00328344
772	11560	0.00328344
2072	11561	0.00328251
11560	11561	0.00328251
8959	11562	0.00327968
11561	11562	0.00327968
2870	11563	0.0032635
11562	11563	0.0032635
3131	11564	0.00325489
11563	11564	0.00325489
11564	11565	0.00324918
2786	11565	0.00324918
3672	11566	0.00324439
11565	11566	0.00324439
3258	11567	0.00321389
11566	11567	0.00321389
5244	11568	0.00319386
11567	11568	0.00319386
6196	11569	0.00317671
11568	11569	0.00317671
4125	11570	0.00317388
11569	11570	0.00317388
4318	11571	0.00316526
11570	11571	0.00316526
4243	11572	0.00316428
11571	11572	0.00316428
10712	11573	0.00315765
1336	11573	0.00315765
11572	11573	0.00315765
10717	11574	0.0031547
11573	11574	0.0031547
11574	11575	0.00315187
3806	11575	0.00315187
5854	11576	0.00314711
11575	11576	0.00314711
5993	11577	0.00313757
11576	11577	0.00313757
11577	11578	0.00313281
6242	11578	0.00313281
20	11579	0.00313086
11578	11579	0.00313086
107	11580	0.0031281
11579	11580	0.0031281
731	11581	0.00312136
11580	11581	0.00312136
4683	11582	0.0031166
11581	11582	0.0031166
5317	11583	0.00311471
11582	11583	0.00311471
307	11584	0.00311279
11583	11584	0.00311279
11584	11585	0.00310993
668	11585	0.00310993
4446	11586	0.00310037
11585	11586	0.00310037
4102	11587	0.00308322
11586	11587	0.00308322
11587	11588	0.00307178
407	11588	0.00307178
10713	11589	0.0030651
11588	11589	0.0030651
4469	11590	0.00306223
11589	11590	0.00306223
1477	11591	0.00305558
11590	11591	0.00305558
4746	11592	0.00303555
11591	11592	0.00303555
5692	11593	0.00302889
11592	11593	0.00302889
3876	11594	0.00302315
11593	11594	0.00302315
4987	11595	0.00302125
11594	11595	0.00302125
8984	11596	0.0029983
11595	11596	0.0029983
4170	11597	0.0029955
11596	11597	0.0029955
4980	11598	0.00299358
11597	11598	0.00299358
5161	11599	0.00297642
11598	11599	0.00297642
5667	11600	0.00293922
11599	11600	0.00293922
11600	11601	0.00293731
2902	11601	0.00293731
3545	11602	0.00293541
11601	11602	0.00293541
2310	11603	0.00293443
11602	11603	0.00293443
3809	11604	0.0029316
11603	11604	0.0029316
11604	11605	0.00292494
1589	11605	0.00292494
11605	11606	0.00292304
2033	11606	0.00292304
4436	11607	0.00290393
11606	11607	0.00290393
684	11608	0.0028858
11607	11608	0.0028858
5910	11609	0.00286958
11608	11609	0.00286958
2101	11610	0.00286579
11609	11610	0.00286579
2829	11611	0.00283813
11610	11611	0.00283813
11611	11612	0.00283717
3949	11612	0.00283717
1998	11612	0.00283717
4272	11613	0.00282669
4144	11613	0.00282669
11612	11613	0.00282669
9018	11614	0.00282193
11613	11614	0.00282193
1874	11615	0.00281239
4898	11615	0.00281239
11614	11615	0.00281239
5464	11616	0.00279808
11615	11616	0.00279808
5450	11617	0.00279715
11616	11617	0.00279715
2075	11618	0.0027943
11617	11618	0.0027943
4547	11619	0.0027914
2323	11619	0.0027914
1604	11619	0.0027914
11618	11619	0.0027914
3668	11620	0.00279046
11619	11620	0.00279046
6243	11621	0.00278955
11620	11621	0.00278955
11621	11622	0.00278473
4063	11622	0.00278473
4776	11623	0.00277898
11622	11623	0.00277898
5770	11624	0.00275996
11623	11624	0.00275996
6262	11625	0.002758
11624	11625	0.002758
4715	11626	0.0027523
11625	11626	0.0027523
2159	11627	0.00274467
8978	11627	0.00274467
11626	11627	0.00274467
11627	11628	0.00274183
2119	11628	0.00274183
11628	11629	0.0027399
1154	11629	0.0027399
3813	11630	0.00273799
11629	11630	0.00273799
11630	11631	0.00272655
573	11631	0.00272655
2311	11632	0.0027218
11631	11632	0.0027218
4572	11633	0.00272082
11632	11633	0.00272082
3344	11634	0.00271796
11633	11634	0.00271796
8991	11635	0.00271036
11634	11635	0.00271036
6057	11636	0.00270841
5180	11636	0.00270841
11635	11636	0.00270841
11636	11637	0.00269982
2880	11637	0.00269982
980	11638	0.00269512
11637	11638	0.00269512
8521	11639	0.00269317
11638	11639	0.00269317
11639	11640	0.00269122
4280	11640	0.00269122
5405	11641	0.00267597
11640	11641	0.00267597
11641	11642	0.0026741
2549	11642	0.0026741
4986	11643	0.00267219
11642	11643	0.00267219
11643	11644	0.00264834
125	11644	0.00264834
2787	11645	0.00262927
3917	11645	0.00262927
11644	11645	0.00262927
1768	11646	0.00262831
11645	11646	0.00262831
4858	11647	0.0026102
11646	11647	0.0026102
4815	11648	0.00259876
11647	11648	0.00259876
10688	11649	0.00258351
11648	11649	0.00258351
2277	11650	0.00258067
5191	11650	0.00258067
11649	11650	0.00258067
4718	11651	0.00257684
11650	11651	0.00257684
1353	11652	0.00257303
11651	11652	0.00257303
5243	11653	0.0025692
11652	11653	0.0025692
2691	11654	0.00256822
11653	11654	0.00256822
11654	11655	0.00256729
4712	11655	0.00256729
8977	11656	0.00254631
11655	11656	0.00254631
2849	11657	0.00253108
11656	11657	0.00253108
4999	11658	0.00251674
11657	11658	0.00251674
5100	11659	0.00251099
3565	11659	0.00251099
11658	11659	0.00251099
1703	11660	0.00249386
11659	11660	0.00249386
690	11661	0.0024929
11660	11661	0.0024929
10715	11662	0.002491
11661	11662	0.002491
952	11663	0.00248528
11662	11663	0.00248528
2290	11664	0.00246909
11663	11664	0.00246909
2655	11665	0.00245666
11664	11665	0.00245666
3673	11666	0.002449
11665	11666	0.002449
84	11667	0.00244236
11666	11667	0.00244236
4342	11668	0.00244049
11667	11668	0.00244049
3800	11669	0.00243187
11668	11669	0.00243187
775	11670	0.0023756
3090	11670	0.0023756
10720	11671	0.00243092
11669	11671	0.00243092
2883	11672	0.00241375
11671	11672	0.00241375
5761	11673	0.00240229
11672	11673	0.00240229
10714	11674	0.00239658
11673	11674	0.00239658
2247	11675	0.00238419
11674	11675	0.00238419
2429	11676	0.00238132
11675	11676	0.00238132
9043	11677	0.00237274
11676	11677	0.00237274
644	11678	0.00236514
11677	11678	0.00236514
2040	11679	0.00235555
11678	11679	0.00235555
9052	11680	0.00234989
11679	11680	0.00234989
238	11681	0.00234891
11680	11681	0.00234891
4500	11682	0.00234508
4741	11682	0.00234508
11681	11682	0.00234508
1115	11683	0.00232601
8712	11683	0.00232601
3669	11683	0.00232601
11682	11683	0.00232601
10709	11684	0.00232122
11683	11684	0.00232122
3650	11685	0.00231744
11684	11685	0.00231744
6076	11686	0.00231552
11685	11686	0.00231552
8769	11687	0.00230504
11686	11687	0.00230504
2327	11688	0.00230312
11687	11688	0.00230312
9000	11689	0.00229456
11688	11689	0.00229456
2584	11690	0.00223066
10704	11690	0.00223066
9032	11691	0.00227452
11689	11691	0.00227452
9044	11692	0.00227166
11691	11692	0.00227166
1808	11693	0.00226116
11692	11693	0.00226116
5253	11694	0.00225261
11693	11694	0.00225261
286	11695	0.00225162
11694	11695	0.00225162
5283	11696	0.00223923
11695	11696	0.00223923
8965	11697	0.00222303
11696	11697	0.00222303
1437	11698	0.00222015
11697	11698	0.00222015
75	11699	0.00220871
11698	11699	0.00220871
3937	11700	0.00220108
11699	11700	0.00220108
10705	11701	0.00218582
11700	11701	0.00218582
11670	11702	0.00218201
11701	11702	0.00218201
2218	11703	0.00216866
11702	11703	0.00216866
1453	11704	0.0021658
11703	11704	0.0021658
4915	11705	0.00215912
4590	11705	0.00215912
11704	11705	0.00215912
11690	11706	0.00215817
5721	11706	0.00215817
11705	11706	0.00215817
3541	11707	0.00215721
1068	11707	0.00215721
2913	11707	0.00215721
11706	11707	0.00215721
2003	11708	0.00214767
11707	11708	0.00214767
3575	11709	0.00214482
11708	11709	0.00214482
11505	11710	0.00192836
5428	11710	0.00192836
98	11711	0.00213623
11709	11711	0.00213623
1246	11712	0.00209809
11711	11712	0.00209809
5819	11713	0.00209333
11712	11713	0.00209333
4352	11714	0.00207711
11713	11714	0.00207711
3849	11715	0.00207329
11714	11715	0.00207329
711	11716	0.00206948
11715	11716	0.00206948
4655	11717	0.00205806
11716	11717	0.00205806
4229	11718	0.00204278
11717	11718	0.00204278
8986	11719	0.00204086
11718	11719	0.00204086
5619	11720	0.00202941
11719	11720	0.00202941
11507	11721	0.00201321
11720	11721	0.00201321
5257	11722	0.00200273
11721	11722	0.00200273
4939	11723	0.00197697
11722	11723	0.00197697
323	11724	0.00197029
11723	11724	0.00197029
2923	11725	0.00196744
58	11725	0.00196744
11724	11725	0.00196744
5150	11726	0.00196456
11725	11726	0.00196456
2646	11727	0.00195885
11726	11727	0.00195885
5813	11728	0.00195026
11727	11728	0.00195026
2530	11729	0.0019474
11728	11729	0.0019474
11502	11730	0.00194645
11729	11730	0.00194645
5107	11731	0.00194454
11730	11731	0.00194454
5554	11732	0.00194357
11731	11732	0.00194357
4920	11733	0.00194264
11732	11733	0.00194264
8934	11734	0.00194167
11733	11734	0.00194167
60	11735	0.00193691
11734	11735	0.00193691
3955	11736	0.00193311
11735	11736	0.00193311
2930	11737	0.00192642
11736	11737	0.00192642
3202	11738	0.0019226
11737	11738	0.0019226
4472	11739	0.0019188
11738	11739	0.0019188
2325	11740	0.00191309
11739	11740	0.00191309
366	11741	0.00190924
11740	11741	0.00190924
11501	11742	0.00189304
3134	11742	0.00189304
11741	11742	0.00189304
1286	11743	0.00187779
11742	11743	0.00187779
1201	11744	0.00185872
11743	11744	0.00185872
3901	11745	0.00184631
11744	11745	0.00184631
5929	11746	0.00184345
11745	11746	0.00184345
3403	11747	0.00184249
11746	11747	0.00184249
11747	11748	0.00183773
2170	11748	0.00183773
4857	11749	0.00183392
11748	11749	0.00183392
1534	11750	0.00181484
11749	11750	0.00181484
5308	11751	0.0018072
11750	11751	0.0018072
3173	11752	0.0018034
11751	11752	0.0018034
448	11753	0.00178814
11752	11753	0.00178814
720	11754	0.00178338
11753	11754	0.00178338
2617	11755	0.00178145
11754	11755	0.00178145
3664	11756	0.00177955
11755	11756	0.00177955
2729	11757	0.00176525
4708	11757	0.00176525
11756	11757	0.00176525
8885	11758	0.00175953
5848	11758	0.00175953
11757	11758	0.00175953
4132	11759	0.00175572
11758	11759	0.00175572
909	11760	0.00175189
11759	11760	0.00175189
10701	11761	0.0017376
11760	11761	0.0017376
5313	11762	0.00173283
11761	11762	0.00173283
5204	11763	0.00173091
11762	11763	0.00173091
4613	11764	0.00172329
11763	11764	0.00172329
982	11765	0.00171375
11764	11765	0.00171375
2024	11766	0.00170899
11765	11766	0.00170899
2046	11767	0.00170612
11766	11767	0.00170612
1992	11768	0.00170326
11767	11768	0.00170326
1524	11769	0.00168421
11768	11769	0.00168421
3145	11770	0.00168324
11769	11770	0.00168324
10697	11771	0.0016737
11770	11771	0.0016737
2533	11772	0.00166893
11771	11772	0.00166893
5523	11773	0.00166702
11772	11773	0.00166702
3889	11774	0.00166225
11773	11774	0.00166225
5999	11775	0.00165558
11774	11775	0.00165558
3779	11776	0.00164413
11775	11776	0.00164413
11776	11777	0.00163841
5149	11777	0.00163841
6135	11778	0.0016365
11777	11778	0.0016365
1300	11779	0.00162982
11778	11779	0.00162982
3248	11780	0.00161552
11779	11780	0.00161552
4104	11781	0.00161076
11780	11781	0.00161076
740	11782	0.0016098
11781	11782	0.0016098
5657	11783	0.00160886
11782	11783	0.00160886
3155	11784	0.0016079
11783	11784	0.0016079
11710	11785	0.00160408
5663	11785	0.00160408
5675	11785	0.00160408
1829	11785	0.00160408
2245	11785	0.00160408
2272	11785	0.00160408
2330	11785	0.00160408
3067	11785	0.00160408
3114	11785	0.00160408
3679	11785	0.00160408
3705	11785	0.00160408
3743	11785	0.00160408
4237	11785	0.00160408
4540	11785	0.00160408
4580	11785	0.00160408
4653	11785	0.00160408
4882	11785	0.00160408
4883	11785	0.00160408
4896	11785	0.00160408
4913	11785	0.00160408
4926	11785	0.00160408
4964	11785	0.00160408
5028	11785	0.00160408
5109	11785	0.00160408
5240	11785	0.00160408
5278	11785	0.00160408
5314	11785	0.00160408
5346	11785	0.00160408
5424	11785	0.00160408
5437	11785	0.00160408
5497	11785	0.00160408
5509	11785	0.00160408
5528	11785	0.00160408
5556	11785	0.00160408
5574	11785	0.00160408
5575	11785	0.00160408
5580	11785	0.00160408
5581	11785	0.00160408
5582	11785	0.00160408
5598	11785	0.00160408
5804	11785	0.00160408
6142	11785	0.00160408
5602	11785	0.00160408
5648	11785	0.00160408
5670	11785	0.00160408
5679	11785	0.00160408
5682	11785	0.00160408
5923	11785	0.00160408
5925	11785	0.00160408
6002	11785	0.00160408
6098	11785	0.00160408
6103	11785	0.00160408
6136	11785	0.00160408
6138	11785	0.00160408
6225	11785	0.00160408
11784	11785	0.00160408
233	11786	0.00160027
11785	11786	0.00160027
5498	11787	0.00158977
11786	11787	0.00158977
5818	11788	0.00158501
11787	11788	0.00158501
8970	11789	0.00157357
11788	11789	0.00157357
5427	11790	0.00157261
11789	11790	0.00157261
839	11791	0.00156116
11790	11791	0.00156116
5997	11792	0.0015583
11791	11792	0.0015583
5712	11793	0.00155736
11792	11793	0.00155736
5044	11794	0.00155162
11793	11794	0.00155162
1666	11795	0.0015421
11794	11795	0.0015421
2727	11796	0.00153732
11795	11796	0.00153732
6037	11797	0.00152302
11796	11797	0.00152302
86	11798	0.0015173
11797	11798	0.0015173
5944	11799	0.00151252
2652	11799	0.00151252
11798	11799	0.00151252
4933	11800	0.00149632
11799	11800	0.00149632
4945	11801	0.00148678
11800	11801	0.00148678
5860	11802	0.00147819
11801	11802	0.00147819
6173	11803	0.00147247
11802	11803	0.00147247
6144	11804	0.00146865
11803	11804	0.00146865
5624	11805	0.00145816
11804	11805	0.00145816
5976	11806	0.00144865
11805	11806	0.00144865
1605	11807	0.00144482
5358	11807	0.00144482
11806	11807	0.00144482
1058	11808	0.00144101
11807	11808	0.00144101
1537	11809	0.00143147
11808	11809	0.00143147
6020	11810	0.00142479
11809	11810	0.00142479
4695	11811	0.00142193
11810	11811	0.00142193
5799	11812	0.00142002
11811	11812	0.00142002
10702	11813	0.00140953
11812	11813	0.00140953
11500	11814	0.00140762
11813	11814	0.00140762
376	11815	0.00140286
3196	11815	0.00140286
11814	11815	0.00140286
202	11816	0.00138379
11815	11816	0.00138379
3347	11817	0.00138282
11816	11817	0.00138282
2910	11818	0.00137139
11817	11818	0.00137139
5643	11819	0.0013628
11818	11819	0.0013628
2890	11820	0.00136185
11819	11820	0.00136185
8981	11821	0.00136089
11820	11821	0.00136089
2514	11822	0.00135803
11821	11822	0.00135803
4270	11823	0.00135137
11822	11823	0.00135137
2405	11824	0.00133229
6335	11824	0.00133229
11823	11824	0.00133229
4889	11825	0.00132751
11824	11825	0.00132751
824	11826	0.00131798
11825	11826	0.00131798
2376	11827	0.00130558
11826	11827	0.00130558
2403	11828	0.00086403
2483	11828	0.00086403
5827	11829	0.000784875
1335	11829	0.000784875
2672	11830	0.000817296
2587	11830	0.000817296
4260	11831	0.000875473
4943	11831	0.000875473
11499	11832	0.00129127
11827	11832	0.00129127
2138	11833	0.00128365
11832	11833	0.00128365
5392	11834	0.00127697
11833	11834	0.00127697
10711	11835	0.00127411
8997	11835	0.00127411
11834	11835	0.00127411
1132	11836	0.00125314
11835	11836	0.00125314
1763	11837	0.00124454
11836	11837	0.00124454
5212	11838	0.00123978
11837	11838	0.00123978
1883	11839	0.00123787
11838	11839	0.00123787
2349	11840	0.00123692
11839	11840	0.00123692
3363	11841	0.00123596
11840	11841	0.00123596
216	11842	0.00122929
11841	11842	0.00122929
5727	11843	0.00122547
11842	11843	0.00122547
1804	11844	0.00121975
11843	11844	0.00121975
3826	11845	0.00120544
11844	11845	0.00120544
2559	11846	0.00119114
11845	11846	0.00119114
566	11847	0.00117397
11846	11847	0.00117397
4364	11848	0.00117111
11847	11848	0.00117111
5958	11849	0.00115586
11848	11849	0.00115586
5569	11850	0.00115109
11849	11850	0.00115109
6112	11851	0.00114822
11850	11851	0.00114822
10710	11852	0.00113392
11851	11852	0.00113392
4651	11853	0.00113106
11852	11853	0.00113106
4426	11854	0.00112343
11853	11854	0.00112343
11498	11855	0.00112247
11854	11855	0.00112247
8620	11856	0.00111294
11855	11856	0.00111294
3327	11857	0.00109959
11856	11857	0.00109959
370	11858	0.00109387
11857	11858	0.00109387
1221	11859	0.00106907
11858	11859	0.00106907
5879	11860	0.00106144
11859	11860	0.00106144
796	11861	0.0010519
11860	11861	0.0010519
1899	11862	0.00104714
11861	11862	0.00104714
4781	11863	0.00104236
11862	11863	0.00104236
5034	11864	0.00103951
11863	11864	0.00103951
1413	11865	0.00101852
11864	11865	0.00101852
11494	11866	0.00100613
11865	11866	0.00100613
4341	11867	0.00100135
11866	11867	0.00100135
8938	11868	0.0010004
11867	11868	0.0010004
4282	11869	0.000873566
5824	11869	0.000873566
11497	11870	0.0009861
11868	11870	0.0009861
3862	11871	0.000979418
11870	11871	0.000979418
6170	11872	0.000970838
11871	11872	0.000970838
1650	11873	0.000964167
11872	11873	0.000964167
5933	11874	0.000956537
11873	11874	0.000956537
3671	11875	0.000955581
11874	11875	0.000955581
3822	11876	0.000927926
11875	11876	0.000927926
48	11877	0.000907897
11876	11877	0.000907897
2690	11878	0.000896456
11877	11878	0.000896456
5137	11879	0.000890731
11878	11879	0.000890731
4267	11880	0.000885012
2586	11880	0.000885012
11879	11880	0.000885012
6111	11881	0.000884056
11880	11881	0.000884056
4550	11882	0.000882149
11881	11882	0.000882149
5494	11883	0.000881196
8860	11883	0.000881196
11882	11883	0.000881196
5434	11884	0.000871658
11883	11884	0.000871658
5435	11885	0.000866891
11884	11885	0.000866891
4202	11886	0.00086403
11885	11886	0.00086403
2128	11887	0.000862121
11869	11887	0.000862121
217	11887	0.000862121
3314	11887	0.000862121
3980	11887	0.000862121
11886	11887	0.000862121
3691	11888	0.000854492
4331	11888	0.000854492
11887	11888	0.000854492
5234	11889	0.000852585
4464	11889	0.000852585
11888	11889	0.000852585
1956	11890	0.000850675
11889	11890	0.000850675
4617	11891	0.000845906
3738	11891	0.000845906
11890	11891	0.000845906
3992	11892	0.000842095
11891	11892	0.000842095
4053	11893	0.00083065
11892	11893	0.00083065
3220	11894	0.000828743
11893	11894	0.000828743
5373	11895	0.000827791
3622	11895	0.000827791
11894	11895	0.000827791
5001	11896	0.000822061
11895	11896	0.000822061
4226	11897	0.000821114
11896	11897	0.000821114
1208	11898	0.000816345
11897	11898	0.000816345
3171	11899	0.000798226
11898	11899	0.000798226
5753	11900	0.000792503
11899	11900	0.000792503
9022	11901	0.000784875
11900	11901	0.000784875
1888	11902	0.000781059
11901	11902	0.000781059
5503	11903	0.000779153
11902	11903	0.000779153
4614	11904	0.000777244
11903	11904	0.000777244
3748	11905	0.000767709
11904	11905	0.000767709
3474	11906	0.000758172
5805	11906	0.000758172
5832	11906	0.000758172
6123	11906	0.000758172
11905	11906	0.000758172
8994	11907	0.000754356
11906	11907	0.000754356
8854	11908	0.000751495
11907	11908	0.000751495
4340	11909	0.000743866
11908	11909	0.000743866
2670	11910	0.000742912
11909	11910	0.000742912
11829	11911	0.00073719
11910	11911	0.00073719
5835	11912	0.000714304
11911	11912	0.000714304
11496	11913	0.000711441
11912	11913	0.000711441
1330	11914	0.000706674
11913	11914	0.000706674
11828	11915	0.000705719
331	11915	0.000705719
11914	11915	0.000705719
4521	11916	0.000696183
11915	11916	0.000696183
4813	11917	0.000695229
11916	11917	0.000695229
11495	11918	0.000694274
11917	11918	0.000694274
249	11919	0.000683785
5395	11919	0.000683785
11918	11919	0.000683785
3504	11920	0.000677109
11919	11920	0.000677109
6000	11921	0.000659943
11920	11921	0.000659943
5892	11922	0.000646591
11921	11922	0.000646591
4638	11923	0.000637055
11922	11923	0.000637055
4018	11924	0.000632286
11923	11924	0.000632286
11830	11925	0.000630377
11924	11925	0.000630377
4462	11926	0.000629424
11925	11926	0.000629424
2411	11927	0.000626563
11926	11927	0.000626563
5422	11928	0.00062561
4242	11928	0.00062561
11927	11928	0.00062561
4543	11929	0.000622748
11928	11929	0.000622748
5716	11930	0.000615121
11929	11930	0.000615121
3674	11931	0.000602723
11930	11931	0.000602723
4234	11932	0.000599861
11931	11932	0.000599861
3383	11933	0.000596999
11932	11933	0.000596999
958	11934	0.000593185
11933	11934	0.000593185
3140	11935	0.000592232
11934	11935	0.000592232
4190	11936	0.000587463
8943	11936	0.000587463
11935	11936	0.000587463
5630	11937	0.000585557
11936	11937	0.000585557
4888	11938	0.000584602
11937	11938	0.000584602
8608	11939	0.00058174
11938	11939	0.00058174
357	11940	0.000580787
11939	11940	0.000580787
9051	11941	0.000577926
11940	11941	0.000577926
2484	11942	0.000570297
11941	11942	0.000570297
5847	11943	0.00056839
11942	11943	0.00056839
492	11944	0.000565529
11943	11944	0.000565529
4509	11945	0.000556946
11944	11945	0.000556946
1325	11946	0.000554084
11945	11946	0.000554084
5734	11947	0.000552177
3178	11947	0.000552177
11946	11947	0.000552177
3631	11948	0.000544548
11947	11948	0.000544548
3433	11949	0.000542641
11948	11949	0.000542641
4107	11950	0.000536918
11949	11950	0.000536918
5254	11951	0.000532151
11950	11951	0.000532151
5396	11952	0.000523567
11951	11952	0.000523567
2496	11953	0.000516892
11952	11953	0.000516892
10700	11954	0.00050545
11953	11954	0.00050545
3450	11955	0.000504493
11954	11955	0.000504493
11831	11956	0.000502587
11955	11956	0.000502587
3513	11957	0.000488282
11956	11957	0.000488282
601	11958	0.000480652
11957	11958	0.000480652
4782	11959	0.00047493
11958	11959	0.00047493
4118	11960	0.000470162
11959	11960	0.000470162
3110	11961	0.000460626
11960	11961	0.000460626
240	11962	0.000448227
11961	11962	0.000448227
513	11963	0.000441552
11962	11963	0.000441552
937	11964	0.000440598
11963	11964	0.000440598
2987	11965	0.000426292
11964	11965	0.000426292
231	11966	0.000415802
11965	11966	0.000415802
4795	11967	0.000392914
11966	11967	0.000392914
8569	11968	0.000387192
11967	11968	0.000387192
4096	11969	0.000381469
11968	11969	0.000381469
4174	11970	0.000374795
11969	11970	0.000374795
309	11971	0.000372887
11970	11971	0.000372887
10718	11972	0.000368118
11971	11972	0.000368118
5282	11973	0.000367164
11972	11973	0.000367164
3439	11974	0.000349999
11973	11974	0.000349999
304	11975	0.000342369
11974	11975	0.000342369
73	11976	0.000324249
11975	11976	0.000324249
3005	11977	0.000322342
11976	11977	0.000322342
1932	11978	0.000321389
11977	11978	0.000321389
6093	11979	0.000307083
11978	11979	0.000307083
3153	11980	0.000300408
11979	11980	0.000300408
5040	11981	0.00028038
11980	11981	0.00028038
2837	11982	0.000271797
11981	11982	0.000271797
962	11983	0.000267983
11982	11983	0.000267983
3578	11984	0.000225067
11983	11984	0.000225067
5112	11985	0.00021267
11984	11985	0.00021267
8993	11986	0.000197411
11985	11986	0.000197411
5374	11987	0.000134468
11986	11987	0.000134468
5048	11988	5.43594e-05
11987	11988	5.43594e-05