3835	6263	0.3159
108	6263	0.3159
6263	6264	0.087591
3052	6264	0.087591
3788	6265	0.0760654
6264	6265	0.0760654
1310	6266	0.023411
3556	6266	0.023411
1914	6267	0.0209514
431	6267	0.0209514
6143	6268	0.246851
1328	6268	0.246851
1766	6269	0.23039
6268	6269	0.23039
5329	6270	0.022993
4261	6270	0.022993
4690	6271	0.0231966
2335	6271	0.0231966
1207	6272	0.205025
5465	6272	0.205025
3245	6273	0.0320821
2631	6273	0.0320821
6273	6274	0.0224599
2394	6274	0.0224599
6272	6275	0.0218965
6274	6275	0.0218965
2957	6276	0.0218302
6275	6276	0.0218302
1462	6277	0.0216769
6276	6277	0.0216769
2666	6278	0.0335401
1542	6278	0.0335401
2382	6279	0.071233
2223	6279	0.071233
281	6280	0.0698098
6279	6280	0.0698098
6249	6281	0.0694916
6280	6281	0.0694916
5838	6282	0.0643381
4265	6282	0.0643381
6281	6283	0.0618296
6282	6283	0.0618296
2393	6284	0.0242684
1448	6284	0.0242684
369	6285	0.125029
4183	6285	0.125029
4036	6286	0.0640072
5773	6286	0.0640072
454	6287	0.169531
757	6287	0.169531
4429	6288	0.0296191
6287	6288	0.0296191
6288	6289	0.0233169
6030	6289	0.0233169
5049	6290	0.0984663
1901	6290	0.0984663
503	6291	0.107523
2570	6291	0.107523
738	6292	0.0934646
6291	6292	0.0934646
6292	6293	0.0765013
2222	6293	0.0765013
6293	6294	0.0280856
5220	6294	0.0280856
2227	6295	0.0267955
6294	6295	0.0267955
5990	6296	0.0268031
1898	6296	0.0268031
6295	6297	0.0265361
6296	6297	0.0265361
5286	6298	0.0815174
1447	6298	0.0815174
580	6299	0.0241689
5291	6299	0.0241689
1478	6300	0.020671
2415	6300	0.020671
5587	6301	0.164404
5055	6301	0.164404
4972	6302	0.15574
6301	6302	0.15574
4487	6303	0.130956
6302	6303	0.130956
2955	6304	0.129351
6303	6304	0.129351
3827	6305	0.127304
6304	6305	0.127304
6305	6306	0.0788756
729	6306	0.0788756
6306	6307	0.0749695
4707	6307	0.0749695
6307	6308	0.0377285
2472	6308	0.0377285
4965	6309	0.0602135
4206	6309	0.0602135
3638	6310	0.088749
1977	6310	0.088749
5342	6311	0.0488412
6310	6311	0.0488412
5115	6312	0.0424212
3483	6312	0.0424212
271	6313	0.0260381
4673	6313	0.0260381
3584	6314	0.0329545
6056	6314	0.0329545
760	6315	0.0895834
1316	6315	0.0895834
6315	6316	0.059967
2172	6316	0.059967
4054	6317	0.0430581
4275	6317	0.0430581
6316	6318	0.0418692
6317	6318	0.0418692
3778	6319	0.0471802
1247	6319	0.0471802
4252	6320	0.0581817
974	6320	0.0581817
6320	6321	0.0454595
2185	6321	0.0454595
6321	6322	0.0437197
3121	6322	0.0437197
2751	6323	0.243384
5069	6323	0.243384
313	6324	0.0870685
5583	6324	0.0870685
3288	6325	0.0800617
6324	6325	0.0800617
1952	6326	0.0449086
6325	6326	0.0449086
5371	6327	0.0290784
1626	6327	0.0290784
2439	6328	0.0673015
3065	6328	0.0673015
3399	6329	0.06625
2440	6329	0.06625
6328	6330	0.0594674
6329	6330	0.0594674
1863	6331	0.0402689
1726	6331	0.0402689
4955	6332	0.234532
1489	6332	0.234532
6332	6333	0.0696072
1991	6333	0.0696072
6333	6334	0.038823
3963	6334	0.038823
226	6335	0.0268106
1279	6335	0.0268106
6334	6336	0.0270872
956	6336	0.0270872
6335	6337	0.0265485
6336	6337	0.0265485
6331	6338	0.0253411
6337	6338	0.0253411
2687	6339	0.02468
6338	6339	0.02468
5305	6340	0.028084
487	6340	0.028084
5303	6341	0.365963
5333	6341	0.365963
6341	6342	0.215981
5311	6342	0.215981
5332	6343	0.194268
6342	6343	0.194268
3780	6344	0.137393
5364	6344	0.137393
6344	6345	0.133334
2476	6345	0.133334
4240	6346	0.225012
6133	6346	0.225012
6343	6347	0.0967104
6345	6347	0.0967104
6346	6348	0.0218352
6347	6348	0.0218352
379	6349	0.0648177
4322	6349	0.0648177
2877	6350	0.0545561
4544	6350	0.0545561
3135	6351	0.054003
6350	6351	0.054003
2798	6352	0.237136
3690	6352	0.237136
6209	6353	0.0447812
6352	6353	0.0447812
2521	6354	0.0844658
421	6354	0.0844658
3792	6355	0.0237492
6354	6355	0.0237492
4031	6356	0.0579528
3329	6356	0.0579528
856	6357	0.107212
5940	6357	0.107212
3610	6358	0.153401
5173	6358	0.153401
4344	6359	0.147562
6358	6359	0.147562
6141	6360	0.0768257
5747	6360	0.0768257
6359	6361	0.0639543
1441	6361	0.0639543
6360	6362	0.0317127
6361	6362	0.0317127
1586	6363	0.805075
4596	6363	0.805075
34	6364	0.0897674
5906	6364	0.0897674
600	6365	0.165168
5651	6365	0.165168
6365	6366	0.0752532
5972	6366	0.0752532
6366	6367	0.0620752
3191	6367	0.0620752
1022	6368	0.10854
828	6368	0.10854
6368	6369	0.0586425
1034	6369	0.0586425
4256	6370	0.0565792
6369	6370	0.0565792
4386	6371	0.0553132
6370	6371	0.0553132
2231	6372	0.0317944
6022	6372	0.0317944
2427	6373	0.22325
5172	6373	0.22325
6373	6374	0.181033
4906	6374	0.181033
1619	6375	0.0759358
2724	6375	0.0759358
6374	6376	0.0709383
6375	6376	0.0709383
6376	6377	0.0267621
2961	6377	0.0267621
3365	6378	0.82772
4274	6378	0.82772
701	6379	0.0305324
5116	6379	0.0305324
6379	6380	0.0297327
3414	6380	0.0297327
4151	6381	0.0232914
6380	6381	0.0232914
5613	6382	0.0707856
4571	6382	0.0707856
509	6383	0.0652808
2184	6383	0.0652808
4751	6384	0.0651402
6383	6384	0.0651402
3435	6385	0.235051
443	6385	0.235051
2922	6386	0.0560638
6385	6386	0.0560638
3076	6387	0.0319836
140	6387	0.0319836
1875	6388	0.123966
5261	6388	0.123966
756	6389	0.156742
4008	6389	0.156742
6389	6390	0.0411617
3651	6390	0.0411617
3118	6391	0.0570836
5618	6391	0.0570836
6391	6392	0.0458071
546	6392	0.0458071
6075	6393	0.451058
1178	6393	0.451058
1567	6394	0.129092
4239	6394	0.129092
6394	6395	0.0935519
817	6395	0.0935519
3904	6396	0.0775898
6395	6396	0.0775898
4852	6397	0.287026
4165	6397	0.287026
4248	6398	0.0297327
6397	6398	0.0297327
5361	6399	0.0242944
246	6399	0.0242944
869	6400	0.131947
4503	6400	0.131947
5195	6401	0.0443116
4736	6401	0.0443116
812	6402	0.563554
2843	6402	0.563554
6402	6403	0.306906
3461	6403	0.306906
6403	6404	0.260667
2369	6404	0.260667
6404	6405	0.16045
1263	6405	0.16045
6405	6406	0.100749
5284	6406	0.100749
932	6407	0.0695626
3972	6407	0.0695626
6045	6408	0.06647
6407	6408	0.06647
4678	6409	0.0656896
6408	6409	0.0656896
5709	6410	0.046685
6409	6410	0.046685
5967	6411	0.0453689
6410	6411	0.0453689
6411	6412	0.0397196
2497	6412	0.0397196
4974	6413	0.0549448
3619	6413	0.0549448
6406	6414	0.025251
6412	6414	0.025251
675	6415	0.0240679
6414	6415	0.0240679
6413	6416	0.0227905
3952	6416	0.0227905
6415	6417	0.0212006
6416	6417	0.0212006
6021	6418	0.101364
2134	6418	0.101364
3950	6419	0.289843
3804	6419	0.289843
2663	6420	0.0234064
5696	6420	0.0234064
5152	6421	0.0224042
6420	6421	0.0224042
3729	6422	0.0522239
4560	6422	0.0522239
6422	6423	0.0405409
256	6423	0.0405409
5740	6424	0.0610848
1631	6424	0.0610848
6424	6425	0.0374759
5020	6425	0.0374759
922	6426	0.0434488
5653	6426	0.0434488
6426	6427	0.0330095
2548	6427	0.0330095
46	6428	0.051935
2972	6428	0.051935
6132	6429	0.0207977
2106	6429	0.0207977
5026	6430	0.120429
5469	6430	0.120429
6430	6431	0.0226106
4996	6431	0.0226106
6091	6432	0.103804
1216	6432	0.103804
6432	6433	0.0837102
1217	6433	0.0837102
6433	6434	0.0503994
2392	6434	0.0503994
4663	6435	0.041842
1694	6435	0.041842
3539	6436	0.24227
4525	6436	0.24227
5162	6437	0.170032
6436	6437	0.170032
2118	6438	0.0762613
3496	6438	0.0762613
4940	6439	0.0540095
2945	6439	0.0540095
6439	6440	0.0481016
2029	6440	0.0481016
3495	6441	0.0417185
5927	6441	0.0417185
3302	6442	0.0352443
1047	6442	0.0352443
6440	6443	0.0370629
6441	6443	0.0370629
6442	6444	0.0336583
6443	6444	0.0336583
6444	6445	0.0280049
4806	6445	0.0280049
6445	6446	0.0233737
4703	6446	0.0233737
3279	6447	0.0219882
429	6447	0.0219882
6446	6448	0.021851
6447	6448	0.021851
4329	6449	0.0208951
6448	6449	0.0208951
6438	6450	0.0206908
6449	6450	0.0206908
364	6451	0.198142
2524	6451	0.198142
3045	6452	0.282915
4534	6452	0.282915
445	6453	0.245226
4962	6453	0.245226
476	6453	0.245226
2423	6454	0.0357401
1422	6454	0.0357401
6061	6455	0.0349221
6454	6455	0.0349221
6453	6456	0.0324135
6455	6456	0.0324135
3662	6457	0.0528562
5455	6457	0.0528562
6189	6458	0.0584461
4684	6458	0.0584461
5914	6459	0.0562715
1968	6459	0.0562715
6459	6460	0.0399603
356	6460	0.0399603
4007	6461	0.24079
1987	6461	0.24079
6461	6462	0.0532956
2337	6462	0.0532956
3975	6463	0.0454704
6462	6463	0.0454704
2074	6464	0.0755853
2424	6464	0.0755853
6464	6465	0.0253354
3699	6465	0.0253354
3613	6466	0.0232257
6465	6466	0.0232257
3409	6467	0.022993
3271	6467	0.022993
2711	6468	0.0226944
6467	6468	0.0226944
3837	6469	0.0530315
4742	6469	0.0530315
5654	6470	0.505073
5545	6470	0.505073
6470	6471	0.450155
5402	6471	0.450155
6471	6472	0.35431
6092	6472	0.35431
6472	6473	0.22492
4648	6473	0.22492
6473	6474	0.0652574
1884	6474	0.0652574
5233	6475	0.0542297
6474	6475	0.0542297
253	6476	0.0527342
3519	6476	0.0527342
2436	6477	0.0352477
6476	6477	0.0352477
2293	6478	0.245207
3351	6478	0.245207
3325	6479	0.0814669
531	6479	0.0814669
1951	6480	0.0758078
3175	6480	0.0758078
4461	6481	0.0718584
6480	6481	0.0718584
2008	6482	0.0710348
1555	6482	0.0710348
3682	6483	0.0503202
6482	6483	0.0503202
6483	6484	0.0474085
5005	6484	0.0474085
2581	6485	0.0565654
567	6485	0.0565654
3782	6486	0.0642781
5928	6486	0.0642781
3394	6487	0.159949
1615	6487	0.159949
6487	6488	0.0533234
3502	6488	0.0533234
4783	6489	0.0476951
6488	6489	0.0476951
6484	6490	0.0458022
362	6490	0.0458022
6490	6491	0.0442486
942	6491	0.0442486
1377	6492	0.0439952
6491	6492	0.0439952
1547	6493	0.0405903
2802	6493	0.0405903
6492	6494	0.0401296
6493	6494	0.0401296
4744	6495	0.0355308
6494	6495	0.0355308
6486	6496	0.0441956
5521	6496	0.0441956
6496	6497	0.0402708
1220	6497	0.0402708
6074	6498	0.0359106
6497	6498	0.0359106
4957	6499	0.0325997
6498	6499	0.0325997
6495	6500	0.0327696
3883	6500	0.0327696
6500	6501	0.0317681
5318	6501	0.0317681
1485	6502	0.0313826
6501	6502	0.0313826
6489	6503	0.0323935
4505	6503	0.0323935
1320	6504	0.0307768
6503	6504	0.0307768
6499	6505	0.0305095
6502	6505	0.0305095
6505	6506	0.0270674
2146	6506	0.0270674
6485	6507	0.0268974
6504	6507	0.0268974
6507	6508	0.0245944
6506	6508	0.0245944
1727	6509	0.0227787
6508	6509	0.0227787
685	6510	0.867657
3632	6510	0.867657
3753	6511	0.0474992
153	6511	0.0474992
6511	6512	0.0382153
2283	6512	0.0382153
2368	6513	0.02598
1903	6513	0.02598
6513	6514	0.0247316
2949	6514	0.0247316
4733	6515	0.161196
5516	6515	0.161196
6515	6516	0.119461
61	6516	0.119461
1789	6517	0.115478
5036	6517	0.115478
6517	6518	0.0923068
2001	6518	0.0923068
4199	6519	0.0756196
6518	6519	0.0756196
6519	6520	0.0735925
2925	6520	0.0735925
6516	6521	0.0717748
6520	6521	0.0717748
6521	6522	0.03909
4264	6522	0.03909
4677	6523	0.0381833
6522	6523	0.0381833
2558	6524	0.158428
5310	6524	0.158428
6524	6525	0.0727163
3640	6525	0.0727163
4	6526	0.059295
6525	6526	0.059295
2563	6527	0.116446
5403	6527	0.116446
6527	6528	0.0301679
5703	6528	0.0301679
5511	6529	0.0264604
6528	6529	0.0264604
1733	6530	0.146062
783	6530	0.146062
6530	6531	0.0656684
4480	6531	0.0656684
4730	6532	0.0582683
6531	6532	0.0582683
1785	6533	0.326765
5316	6533	0.326765
6533	6534	0.300049
2732	6534	0.300049
1	6535	0.248797
3886	6535	0.248797
6535	6536	0.129735
3962	6536	0.129735
2765	6537	0.0684269
4285	6537	0.0684269
4353	6538	0.0650189
4324	6538	0.0650189
6536	6539	0.0556898
6538	6539	0.0556898
6539	6540	0.0540405
5246	6540	0.0540405
3063	6541	0.0434817
6540	6541	0.0434817
6537	6542	0.0480742
6137	6542	0.0480742
6541	6543	0.0421026
6542	6543	0.0421026
269	6544	0.137678
2425	6544	0.137678
2704	6545	0.111798
4450	6545	0.111798
6544	6545	0.111798
6545	6546	0.109886
5	6546	0.109886
8	6547	0.155521
5487	6547	0.155521
4056	6548	0.220479
2167	6548	0.220479
1393	6549	0.164708
6548	6549	0.164708
6040	6550	0.16007
6549	6550	0.16007
1847	6551	0.154156
6550	6551	0.154156
6551	6552	0.148479
5182	6552	0.148479
6552	6553	0.118828
3757	6553	0.118828
6547	6554	0.113605
2309	6554	0.113605
6553	6555	0.106508
6554	6555	0.106508
6555	6556	0.0831587
2713	6556	0.0831587
6556	6557	0.0744775
2637	6557	0.0744775
4253	6558	0.0879802
1791	6558	0.0879802
6557	6559	0.0726596
6240	6559	0.0726596
6558	6560	0.0667388
1077	6560	0.0667388
6559	6561	0.0580884
6560	6561	0.0580884
6561	6562	0.0501929
2306	6562	0.0501929
6562	6563	0.0452803
4627	6563	0.0452803
2703	6564	0.185275
4966	6564	0.185275
1549	6565	0.0522256
416	6565	0.0522256
6564	6566	0.0443372
6565	6566	0.0443372
4299	6567	0.043424
6566	6567	0.043424
3367	6568	0.0431779
6567	6568	0.0431779
4439	6569	0.0463646
371	6569	0.0463646
3047	6570	0.0533153
4051	6570	0.0533153
1200	6571	0.0523984
6570	6571	0.0523984
25	6572	0.0517013
6571	6572	0.0517013
2835	6573	0.0613612
27	6573	0.0613612
6573	6574	0.0600359
5457	6574	0.0600359
6574	6575	0.0526263
4196	6575	0.0526263
3060	6576	0.215786
5717	6576	0.215786
6576	6577	0.0823625
2790	6577	0.0823625
938	6578	0.0955576
1553	6578	0.0955576
3971	6579	0.133863
2288	6579	0.133863
6579	6580	0.0759143
1892	6580	0.0759143
2042	6581	0.073659
1189	6581	0.073659
2051	6582	0.073299
6581	6582	0.073299
6577	6583	0.0713624
30	6583	0.0713624
6578	6584	0.0649743
3144	6584	0.0649743
6582	6585	0.0615207
6584	6585	0.0615207
6583	6586	0.0607184
3626	6586	0.0607184
6585	6587	0.059782
6586	6587	0.059782
6587	6588	0.0576372
2161	6588	0.0576372
649	6589	0.057429
6588	6589	0.057429
6589	6590	0.0564312
6580	6590	0.0564312
5119	6591	0.0563964
6590	6591	0.0563964
4124	6592	0.054549
6591	6592	0.054549
5183	6593	0.0534056
6592	6593	0.0534056
6593	6594	0.0460736
5236	6594	0.0460736
6594	6595	0.0458766
541	6595	0.0458766
3834	6596	0.045009
6595	6596	0.045009
395	6597	0.0434615
6596	6597	0.0434615
3050	6598	0.0718172
3719	6598	0.0718172
2136	6599	0.054749
333	6599	0.054749
6599	6600	0.04237
2308	6600	0.04237
383	6601	0.0704351
3814	6601	0.0704351
5685	6602	0.383818
1778	6602	0.383818
6140	6603	0.278964
6023	6603	0.278964
6603	6604	0.123772
6067	6604	0.123772
6604	6605	0.074637
4359	6605	0.074637
6605	6606	0.074024
6145	6606	0.074024
6606	6607	0.0698272
4358	6607	0.0698272
6607	6608	0.0687497
5816	6608	0.0687497
4910	6609	0.071618
6180	6609	0.071618
2676	6610	0.0858611
3945	6610	0.0858611
6602	6611	0.058455
87	6611	0.058455
6609	6612	0.0480404
1958	6612	0.0480404
134	6613	0.0675346
5380	6613	0.0675346
3953	6614	0.0505756
814	6614	0.0505756
2073	6615	0.06651
6608	6615	0.06651
3989	6616	0.0618703
6615	6616	0.0618703
2092	6617	0.0591227
6616	6617	0.0591227
109	6618	0.0533447
6617	6618	0.0533447
6618	6619	0.0499012
5504	6619	0.0499012
2004	6620	0.0480038
6611	6620	0.0480038
6614	6621	0.047808
38	6621	0.047808
6612	6622	0.0472544
6621	6622	0.0472544
3915	6623	0.0470722
6622	6623	0.0470722
6610	6624	0.04626
5778	6624	0.04626
897	6625	0.0458165
6623	6625	0.0458165
6624	6626	0.0454338
6625	6626	0.0454338
6620	6627	0.0449366
6626	6627	0.0449366
1417	6628	0.0456589
291	6628	0.0456589
6627	6629	0.0443888
3865	6629	0.0443888
6629	6630	0.0443404
664	6630	0.0443404
6613	6631	0.0441925
6630	6631	0.0441925
4258	6632	0.0439057
6619	6632	0.0439057
5485	6633	0.0434079
6631	6633	0.0434079
6632	6634	0.0426985
6633	6634	0.0426985
6634	6635	0.0426061
6628	6635	0.0426061
5538	6636	0.0738805
6083	6636	0.0738805
44	6637	0.0456394
6636	6637	0.0456394
990	6638	0.0597774
47	6638	0.0597774
6638	6639	0.0435658
2665	6639	0.0435658
3326	6640	0.102759
1886	6640	0.102759
4245	6641	0.0985594
5436	6641	0.0985594
5013	6641	0.0985594
6641	6642	0.0656853
5074	6642	0.0656853
6642	6643	0.0588859
4640	6643	0.0588859
2371	6644	0.0497176
6643	6644	0.0497176
5133	6645	0.065368
1440	6645	0.065368
82	6646	0.14318
500	6646	0.14318
6646	6647	0.135218
3829	6647	0.135218
1339	6648	0.0416947
5736	6648	0.0416947
4068	6649	0.0657545
3576	6649	0.0657545
6649	6650	0.0541941
1184	6650	0.0541941
6650	6651	0.0455666
1095	6651	0.0455666
6651	6652	0.0451265
1520	6652	0.0451265
6232	6653	0.126758
5978	6653	0.126758
6653	6654	0.124738
1245	6654	0.124738
1067	6655	0.0713982
132	6655	0.0713982
1488	6656	0.0705379
6655	6656	0.0705379
6656	6657	0.0592536
3070	6657	0.0592536
6657	6658	0.0484197
2312	6658	0.0484197
3057	6659	0.0421922
6658	6659	0.0421922
5321	6660	0.0419384
6659	6660	0.0419384
1880	6661	0.046685
5315	6661	0.046685
510	6662	0.0768375
713	6662	0.0768375
5562	6662	0.0768375
1911	6663	0.0753237
2674	6663	0.0753237
5627	6664	0.0823646
6070	6664	0.0823646
5748	6665	0.0817921
6664	6665	0.0817921
6665	6666	0.0731772
5966	6666	0.0731772
2585	6667	0.0642367
6666	6667	0.0642367
6667	6668	0.0560003
6082	6668	0.0560003
3661	6669	0.0567329
5015	6669	0.0567329
6668	6670	0.0559889
6669	6670	0.0559889
6670	6671	0.048838
2083	6671	0.048838
6671	6672	0.0458628
6078	6672	0.0458628
6672	6673	0.042579
3250	6673	0.042579
5924	6674	0.0591442
212	6674	0.0591442
138	6675	0.0588643
6674	6675	0.0588643
5517	6676	0.0575476
3183	6676	0.0575476
6676	6677	0.056591
6675	6677	0.056591
3471	6678	0.0545437
6677	6678	0.0545437
5536	6679	0.0584317
1879	6679	0.0584317
4818	6680	0.0532931
6678	6680	0.0532931
6679	6681	0.0499249
5623	6681	0.0499249
6680	6682	0.0418086
6681	6682	0.0418086
3781	6683	0.076627
1073	6683	0.076627
6683	6684	0.0678209
4410	6684	0.0678209
4089	6685	0.143252
1698	6685	0.143252
6685	6686	0.081384
2235	6686	0.081384
6686	6687	0.0604697
2857	6687	0.0604697
6687	6688	0.0577185
988	6688	0.0577185
6688	6689	0.0501021
6684	6689	0.0501021
2398	6690	0.0495555
6689	6690	0.0495555
2791	6691	0.120732
319	6691	0.120732
6691	6692	0.0868397
1192	6692	0.0868397
4805	6693	0.0604671
6692	6693	0.0604671
4932	6694	0.0746479
3266	6694	0.0746479
4087	6695	0.0727502
6694	6695	0.0727502
2244	6696	0.0641295
5518	6696	0.0641295
4452	6697	0.0586879
6696	6697	0.0586879
2362	6698	0.0600675
4735	6698	0.0600675
6697	6699	0.0508027
455	6699	0.0508027
6698	6700	0.0551861
147	6700	0.0551861
6700	6701	0.0514387
1849	6701	0.0514387
6699	6702	0.0451502
6701	6702	0.0451502
2671	6703	0.0447075
6702	6703	0.0447075
6703	6704	0.0429539
1770	6704	0.0429539
5957	6705	0.0425754
6704	6705	0.0425754
653	6706	0.0425201
6705	6706	0.0425201
159	6707	0.0653553
2216	6707	0.0653553
1078	6708	0.131966
4555	6708	0.131966
6708	6709	0.117949
5760	6709	0.117949
2380	6710	0.113768
6709	6710	0.113768
6710	6711	0.0612346
160	6711	0.0612346
2919	6712	0.051879
6711	6712	0.051879
5092	6713	0.0441585
162	6713	0.0441585
166	6714	0.168095
616	6714	0.168095
6714	6715	0.113884
2275	6715	0.113884
4499	6716	0.113
6715	6716	0.113
3724	6717	0.119258
1177	6717	0.119258
4834	6718	0.100298
6716	6718	0.100298
6717	6719	0.100285
2253	6719	0.100285
2832	6720	0.099105
6719	6720	0.099105
6718	6721	0.0904955
6720	6721	0.0904955
5757	6722	0.088956
6721	6722	0.088956
5419	6723	0.0846773
6722	6723	0.0846773
3340	6724	0.0630745
5370	6724	0.0630745
5505	6724	0.0630745
6723	6725	0.0623085
6724	6725	0.0623085
6725	6726	0.0577478
3331	6726	0.0577478
1063	6727	0.0536756
6726	6727	0.0536756
6727	6728	0.0510067
1297	6728	0.0510067
6728	6729	0.0449232
3723	6729	0.0449232
6239	6730	0.0419257
171	6730	0.0419257
4989	6730	0.0419257
4279	6731	0.0710972
441	6731	0.0710972
2590	6732	0.0439362
6731	6732	0.0439362
2819	6733	0.0422358
6732	6733	0.0422358
3775	6734	0.0415881
6733	6734	0.0415881
4408	6735	0.151873
172	6735	0.151873
6735	6736	0.119427
4606	6736	0.119427
6736	6737	0.0955127
3694	6737	0.0955127
6737	6738	0.0927613
3018	6738	0.0927613
6738	6739	0.091808
2027	6739	0.091808
2866	6740	0.110521
3497	6740	0.110521
1941	6741	0.0803582
5369	6741	0.0803582
6739	6742	0.0819483
4647	6742	0.0819483
6742	6743	0.0814339
3500	6743	0.0814339
6743	6744	0.0651199
4138	6744	0.0651199
1347	6745	0.063101
6744	6745	0.063101
6740	6746	0.0715794
277	6746	0.0715794
3605	6747	0.0624455
3127	6747	0.0624455
6741	6748	0.0498586
6745	6748	0.0498586
6747	6749	0.0487075
3423	6749	0.0487075
6748	6750	0.0477211
6749	6750	0.0477211
6750	6751	0.0470034
534	6751	0.0470034
6746	6752	0.0464488
6751	6752	0.0464488
6752	6753	0.0415619
4833	6753	0.0415619
5973	6754	0.0505182
5970	6754	0.0505182
6754	6755	0.0441507
177	6755	0.0441507
2887	6756	0.204369
1233	6756	0.204369
6756	6757	0.0926383
5302	6757	0.0926383
5706	6758	0.0633457
5219	6758	0.0633457
5644	6759	0.121655
5468	6759	0.121655
1186	6760	0.137711
2450	6760	0.137711
3687	6761	0.119297
3688	6761	0.119297
6759	6762	0.111266
5855	6762	0.111266
6762	6763	0.0815819
4120	6763	0.0815819
1099	6764	0.113571
6761	6764	0.113571
6764	6765	0.112343
5512	6765	0.112343
6760	6766	0.0737047
3625	6766	0.0737047
6763	6767	0.0807149
461	6767	0.0807149
6766	6768	0.0439391
6767	6768	0.0439391
6768	6769	0.0436617
1492	6769	0.0436617
6765	6770	0.043052
6769	6770	0.043052
1852	6771	0.129418
3228	6771	0.129418
6771	6772	0.114561
4595	6772	0.114561
5919	6772	0.114561
6160	6772	0.114561
6772	6773	0.101778
182	6773	0.101778
4817	6774	0.0951355
6773	6774	0.0951355
6774	6775	0.0707946
621	6775	0.0707946
6775	6776	0.0633465
4114	6776	0.0633465
3139	6777	0.107531
2766	6777	0.107531
6777	6778	0.0941451
4374	6778	0.0941451
6778	6779	0.0800531
878	6779	0.0800531
6779	6780	0.0536113
2390	6780	0.0536113
2124	6781	0.0498314
4413	6781	0.0498314
6780	6782	0.0432763
6781	6782	0.0432763
764	6783	0.0774182
4173	6783	0.0774182
3894	6784	0.109853
2183	6784	0.109853
3226	6785	0.107404
6784	6785	0.107404
6785	6786	0.0550549
4159	6786	0.0550549
2364	6787	0.0667361
1810	6787	0.0667361
1623	6788	0.0642599
6787	6788	0.0642599
6788	6789	0.0538968
4323	6789	0.0538968
5393	6790	0.0509079
6789	6790	0.0509079
6790	6791	0.0500481
205	6791	0.0500481
2367	6792	0.0490234
6791	6792	0.0490234
6792	6793	0.04411
3598	6793	0.04411
2656	6794	0.0609712
214	6794	0.0609712
4430	6795	0.0600393
6794	6795	0.0600393
1602	6796	0.0595402
6795	6796	0.0595402
6796	6797	0.0463764
3164	6797	0.0463764
925	6798	0.067064
1145	6798	0.067064
6798	6799	0.0581466
221	6799	0.0581466
5867	6800	0.0538373
6799	6800	0.0538373
342	6801	0.0901137
2879	6801	0.0901137
6801	6802	0.0617797
222	6802	0.0617797
5656	6803	0.0512134
6802	6803	0.0512134
1229	6804	0.0647504
4298	6804	0.0647504
544	6805	0.0738734
5774	6805	0.0738734
6805	6806	0.0688534
5553	6806	0.0688534
3819	6807	0.055373
6806	6807	0.055373
6807	6808	0.054316
5802	6808	0.054316
2686	6809	0.109155
2710	6809	0.109155
2759	6810	0.106104
4724	6810	0.106104
6809	6810	0.106104
6810	6811	0.047228
1722	6811	0.047228
2723	6812	0.0597673
1130	6812	0.0597673
6812	6813	0.0475875
4177	6813	0.0475875
6813	6814	0.0440215
230	6814	0.0440215
2379	6815	0.173751
3105	6815	0.173751
6815	6816	0.0857587
1721	6816	0.0857587
4467	6817	0.128347
4262	6817	0.128347
4222	6818	0.11399
234	6818	0.11399
6818	6819	0.109247
6817	6819	0.109247
2015	6820	0.157122
1283	6820	0.157122
6820	6821	0.134684
1086	6821	0.134684
6821	6822	0.130948
2370	6822	0.130948
3219	6823	0.180608
5745	6823	0.180608
1782	6824	0.0802286
5963	6824	0.0802286
6822	6825	0.0712656
6824	6825	0.0712656
4846	6826	0.106532
6819	6826	0.106532
6826	6827	0.0859447
4917	6827	0.0859447
6823	6828	0.0760892
2833	6828	0.0760892
3051	6829	0.0686843
6825	6829	0.0686843
6827	6830	0.0676206
1446	6830	0.0676206
3275	6831	0.0678499
6828	6831	0.0678499
6829	6832	0.0643424
6831	6832	0.0643424
6832	6833	0.0634207
6830	6833	0.0634207
4905	6834	0.0742358
3078	6834	0.0742358
1019	6835	0.0606125
6834	6835	0.0606125
6835	6836	0.0538344
5062	6836	0.0538344
6833	6837	0.0531978
6836	6837	0.0531978
6837	6838	0.0519547
5977	6838	0.0519547
6838	6839	0.0489158
5269	6839	0.0489158
6839	6840	0.0447781
2389	6840	0.0447781
6840	6841	0.0431857
4468	6841	0.0431857
6841	6842	0.042257
2378	6842	0.042257
6842	6843	0.0420314
5674	6843	0.0420314
4131	6844	0.0898719
3760	6844	0.0898719
6844	6845	0.0630723
235	6845	0.0630723
3099	6846	0.0602424
6845	6846	0.0602424
1574	6847	0.168734
3292	6847	0.168734
6847	6848	0.137926
1351	6848	0.137926
3974	6849	0.0994559
2475	6849	0.0994559
6231	6850	0.0911605
6849	6850	0.0911605
6848	6851	0.0662376
1373	6851	0.0662376
6850	6852	0.0644991
260	6852	0.0644991
6851	6853	0.0483823
6852	6853	0.0483823
5780	6854	0.118173
4533	6854	0.118173
6854	6855	0.108973
2895	6855	0.108973
279	6856	0.0957757
6855	6856	0.0957757
6856	6857	0.0555785
5790	6857	0.0555785
2608	6858	0.0533944
6857	6858	0.0533944
4463	6859	0.0506798
6858	6859	0.0506798
879	6860	0.0509029
4506	6860	0.0509029
6859	6861	0.0500635
6860	6861	0.0500635
6861	6862	0.0431767
1861	6862	0.0431767
5787	6863	0.0543287
2358	6863	0.0543287
289	6864	0.0480127
6863	6864	0.0480127
1001	6865	0.0460415
6864	6865	0.0460415
2649	6866	0.0449891
6865	6866	0.0449891
295	6867	0.049409
3014	6867	0.049409
2061	6868	0.112525
300	6868	0.112525
3929	6869	0.0611879
4739	6869	0.0611879
6869	6870	0.0589211
3858	6870	0.0589211
6868	6871	0.045778
6870	6871	0.045778
947	6872	0.0845026
2463	6872	0.0845026
2062	6873	0.0826051
6872	6873	0.0826051
5625	6874	0.0823014
6873	6874	0.0823014
6874	6875	0.0612154
5785	6875	0.0612154
4686	6876	0.0580898
6875	6876	0.0580898
695	6877	0.0717654
2273	6877	0.0717654
6877	6878	0.064906
983	6878	0.064906
6878	6879	0.0615902
989	6879	0.0615902
6879	6880	0.0559784
2700	6880	0.0559784
6880	6881	0.0470569
3316	6881	0.0470569
4035	6882	0.0427135
6881	6882	0.0427135
6059	6883	0.0563392
1361	6883	0.0563392
5277	6884	0.0461997
6883	6884	0.0461997
4565	6885	0.0583081
4559	6885	0.0583081
1324	6886	0.0518135
6223	6886	0.0518135
5016	6887	0.0527067
6885	6887	0.0527067
6886	6888	0.0486724
6887	6888	0.0486724
6888	6889	0.0417007
2796	6889	0.0417007
6889	6890	0.0416598
2541	6890	0.0416598
3597	6891	0.0894816
4570	6891	0.0894816
3659	6892	0.0893652
6891	6892	0.0893652
6892	6893	0.0596153
486	6893	0.0596153
6893	6894	0.0579759
329	6894	0.0579759
1788	6895	0.0431286
2599	6895	0.0431286
877	6896	0.0432232
348	6896	0.0432232
1370	6897	0.19697
3415	6897	0.19697
6897	6898	0.0545511
3022	6898	0.0545511
361	6899	0.0466047
6898	6899	0.0466047
4497	6900	0.0465357
2918	6900	0.0465357
2116	6901	0.0455592
6900	6901	0.0455592
3247	6902	0.0867313
3023	6902	0.0867313
6902	6903	0.056949
4494	6903	0.056949
1917	6904	0.0566569
1583	6904	0.0566569
538	6905	0.0506256
1223	6905	0.0506256
6903	6906	0.0504047
6905	6906	0.0504047
6904	6907	0.0452193
432	6907	0.0452193
6906	6908	0.0429258
6907	6908	0.0429258
1740	6909	0.0608763
4415	6909	0.0608763
2422	6910	0.0422897
372	6910	0.0422897
833	6911	0.136624
1717	6911	0.136624
6911	6912	0.0831808
2917	6912	0.0831808
1900	6913	0.0789746
6912	6913	0.0789746
5366	6914	0.290134
4542	6914	0.290134
6914	6915	0.0922479
1528	6915	0.0922479
4807	6916	0.0822267
6915	6916	0.0822267
6916	6917	0.0423672
393	6917	0.0423672
776	6918	0.0994358
4507	6918	0.0994358
6918	6919	0.0890462
1676	6919	0.0890462
995	6920	0.099014
3491	6920	0.099014
6919	6921	0.0755954
394	6921	0.0755954
6921	6922	0.068952
2110	6922	0.068952
6920	6923	0.0814167
466	6923	0.0814167
3416	6924	0.0634313
6922	6924	0.0634313
6924	6925	0.0620487
6159	6925	0.0620487
6925	6926	0.0544801
5433	6926	0.0544801
6923	6927	0.0496132
6926	6927	0.0496132
396	6928	0.0528515
2155	6928	0.0528515
959	6929	0.0519383
6928	6929	0.0519383
403	6930	0.0544406
3856	6930	0.0544406
6930	6931	0.0537378
1895	6931	0.0537378
3595	6932	0.148023
3112	6932	0.148023
3285	6933	0.123881
6932	6933	0.123881
6933	6934	0.0972531
412	6934	0.0972531
414	6935	0.0442829
2878	6935	0.0442829
2038	6936	0.0635392
4532	6936	0.0635392
6936	6937	0.0452594
2811	6937	0.0452594
4763	6938	0.161485
2848	6938	0.161485
3257	6939	0.20176
2991	6939	0.20176
6938	6940	0.133604
5124	6940	0.133604
6939	6941	0.118009
6940	6941	0.118009
2536	6942	0.107456
6941	6942	0.107456
437	6943	0.0704038
1358	6943	0.0704038
2137	6944	0.18227
1627	6944	0.18227
5410	6945	0.0608361
2504	6945	0.0608361
6943	6946	0.0485903
6945	6946	0.0485903
6944	6947	0.0484259
6946	6947	0.0484259
6947	6948	0.0475017
1267	6948	0.0475017
6948	6949	0.0427065
765	6949	0.0427065
3869	6950	0.193067
4774	6950	0.193067
5458	6951	0.169171
6950	6951	0.169171
6951	6952	0.103154
3678	6952	0.103154
6952	6953	0.0997808
1498	6953	0.0997808
5600	6954	0.0941358
4620	6954	0.0941358
6954	6955	0.0870792
6953	6955	0.0870792
6955	6956	0.0806354
679	6956	0.0806354
6956	6957	0.0791561
4387	6957	0.0791561
456	6958	0.127592
4227	6958	0.127592
6958	6959	0.0950561
1222	6959	0.0950561
6959	6960	0.0911426
1723	6960	0.0911426
2420	6961	0.0725514
4033	6961	0.0725514
6960	6962	0.0504615
6961	6962	0.0504615
6962	6963	0.0437818
1029	6963	0.0437818
3769	6964	0.0757191
463	6964	0.0757191
6964	6965	0.0476987
1269	6965	0.0476987
1944	6966	0.0473224
465	6966	0.0473224
5429	6967	0.263692
1137	6967	0.263692
6967	6968	0.251938
3816	6968	0.251938
6968	6969	0.155248
1148	6969	0.155248
6969	6970	0.110926
3035	6970	0.110926
6970	6971	0.0617406
3642	6971	0.0617406
470	6972	0.0554422
6971	6972	0.0554422
481	6973	0.0897439
3417	6973	0.0897439
2168	6974	0.0652591
4820	6974	0.0652591
4872	6975	0.100706
2985	6975	0.100706
6975	6976	0.0788027
1872	6976	0.0788027
4423	6977	0.0674278
5445	6977	0.0674278
6976	6977	0.0674278
6977	6978	0.06477
5765	6978	0.06477
2180	6979	0.0868288
4492	6979	0.0868288
6979	6980	0.0459332
3571	6980	0.0459332
6980	6981	0.0450352
4182	6981	0.0450352
515	6982	0.044673
6981	6982	0.044673
778	6983	0.0436796
6982	6983	0.0436796
1969	6984	0.0688837
516	6984	0.0688837
1612	6985	0.0546634
6984	6985	0.0546634
6985	6986	0.0426287
2574	6986	0.0426287
810	6987	0.0929319
4867	6987	0.0929319
6987	6988	0.0577772
1921	6988	0.0577772
5309	6989	0.219617
5920	6989	0.219617
6064	6990	0.051935
540	6990	0.051935
6990	6991	0.044078
1620	6991	0.044078
6991	6992	0.0423465
3004	6992	0.0423465
2480	6993	0.0744411
2481	6993	0.0744411
6993	6994	0.0451303
5187	6994	0.0451303
2141	6995	0.170112
955	6995	0.170112
4126	6996	0.0556948
1237	6996	0.0556948
1689	6997	0.0670964
4988	6997	0.0670964
6997	6998	0.0470397
5292	6998	0.0470397
5797	6999	0.0819377
581	6999	0.0819377
2409	7000	0.0652466
4716	7000	0.0652466
2005	7001	0.0440293
4390	7001	0.0440293
589	7002	0.0433584
5324	7002	0.0433584
594	7003	0.0431346
1715	7003	0.0431346
1636	7004	0.076534
596	7004	0.076534
2281	7005	0.105949
1429	7005	0.105949
7004	7006	0.0510759
5796	7006	0.0510759
3824	7007	0.0509127
7006	7007	0.0509127
7005	7008	0.051508
2070	7008	0.051508
7007	7009	0.0468999
7008	7009	0.0468999
6147	7010	0.0422965
7009	7010	0.0422965
2178	7011	0.0460616
619	7011	0.0460616
6109	7012	0.045416
1134	7012	0.045416
2778	7013	0.080954
4997	7013	0.080954
7013	7014	0.068906
622	7014	0.068906
1048	7015	0.0672813
7014	7015	0.0672813
4654	7016	0.0668995
7015	7016	0.0668995
7016	7017	0.0421215
3028	7017	0.0421215
623	7018	0.0565987
5634	7018	0.0565987
7018	7019	0.0426472
1962	7019	0.0426472
638	7020	0.165222
2555	7020	0.165222
7020	7021	0.100747
3170	7021	0.100747
4666	7022	0.079283
4842	7022	0.079283
7022	7023	0.0513465
2799	7023	0.0513465
5658	7024	0.0512531
7023	7024	0.0512531
7024	7025	0.0508501
2801	7025	0.0508501
7021	7026	0.0508189
7025	7026	0.0508189
5705	7027	0.0499029
7026	7027	0.0499029
7027	7028	0.0475821
3203	7028	0.0475821
1397	7029	0.0445901
645	7029	0.0445901
917	7030	0.187674
1843	7030	0.187674
7030	7031	0.117955
1798	7031	0.117955
7031	7032	0.0712096
1608	7032	0.0712096
7032	7033	0.0628054
3861	7033	0.0628054
5573	7034	0.0679612
1210	7034	0.0679612
4108	7035	0.0634016
7034	7035	0.0634016
7035	7036	0.0565713
7033	7036	0.0565713
3061	7037	0.0537814
7036	7037	0.0537814
3552	7038	0.066586
6042	7038	0.066586
1806	7039	0.0908629
826	7039	0.0908629
7039	7040	0.0617445
5534	7040	0.0617445
7040	7041	0.0591211
4075	7041	0.0591211
7041	7042	0.0564793
661	7042	0.0564793
7042	7043	0.0479834
3184	7043	0.0479834
3692	7044	0.0596028
665	7044	0.0596028
5513	7045	0.116408
3554	7045	0.116408
7045	7046	0.111891
2366	7046	0.111891
7046	7047	0.0496057
4136	7047	0.0496057
3550	7048	0.102031
6072	7048	0.102031
4944	7049	0.0851478
7048	7049	0.0851478
7049	7050	0.0677281
3016	7050	0.0677281
7050	7051	0.053758
1940	7051	0.053758
670	7052	0.0726015
5453	7052	0.0726015
7052	7053	0.058859
1061	7053	0.058859
7053	7054	0.0520619
3457	7054	0.0520619
4611	7055	0.0459403
2988	7055	0.0459403
7054	7056	0.0433146
7055	7056	0.0433146
1051	7057	0.0890488
5111	7057	0.0890488
2166	7058	0.0482139
5217	7058	0.0482139
674	7059	0.0464871
7058	7059	0.0464871
7057	7060	0.0428814
7059	7060	0.0428814
677	7061	0.0423271
3807	7061	0.0423271
3447	7062	0.0702054
693	7062	0.0702054
7062	7063	0.0513204
3277	7063	0.0513204
5754	7064	0.0623446
1745	7064	0.0623446
705	7065	0.0496527
3341	7065	0.0496527
714	7066	0.0871078
950	7066	0.0871078
7066	7067	0.0792861
3353	7067	0.0792861
725	7068	0.0583268
4976	7068	0.0583268
3101	7069	0.0527163
2145	7069	0.0527163
736	7070	0.051892
1851	7070	0.051892
743	7071	0.0608946
5527	7071	0.0608946
1598	7072	0.0464309
746	7072	0.0464309
3011	7073	0.0456915
5881	7073	0.0456915
769	7074	0.133568
4257	7074	0.133568
5559	7075	0.110855
4837	7075	0.110855
6120	7076	0.0469438
1113	7076	0.0469438
820	7077	0.0504964
4328	7077	0.0504964
5143	7078	0.0566232
1662	7078	0.0566232
5004	7079	0.0540681
4195	7079	0.0540681
5810	7080	0.39174
2069	7080	0.39174
4538	7081	0.142283
5955	7081	0.142283
7081	7082	0.0830007
1712	7082	0.0830007
7082	7083	0.0740511
1175	7083	0.0740511
3538	7084	0.0511466
4005	7084	0.0511466
7083	7085	0.0503382
7084	7085	0.0503382
3948	7086	0.164716
900	7086	0.164716
1719	7087	0.0598523
5117	7087	0.0598523
7087	7088	0.0417367
2250	7088	0.0417367
2650	7089	0.119762
5360	7089	0.119762
7089	7090	0.0734131
4793	7090	0.0734131
7090	7091	0.0639461
4502	7091	0.0639461
7091	7092	0.0639271
5756	7092	0.0639271
7092	7093	0.0498117
5072	7093	0.0498117
7093	7094	0.0493975
911	7094	0.0493975
3182	7095	0.0457981
7094	7095	0.0457981
5328	7096	0.0429011
3958	7096	0.0429011
1790	7097	0.0916982
5054	7097	0.0916982
1329	7098	0.0664939
7097	7098	0.0664939
7098	7099	0.0617864
5281	7099	0.0617864
3287	7100	0.140681
2619	7100	0.140681
7100	7101	0.0877727
1319	7101	0.0877727
6001	7102	0.0782783
5962	7102	0.0782783
7102	7103	0.0639091
2316	7103	0.0639091
7101	7104	0.0475578
7103	7104	0.0475578
7104	7105	0.0448061
1069	7105	0.0448061
1212	7106	0.0765219
1697	7106	0.0765219
7106	7107	0.065899
5355	7107	0.065899
1812	7108	0.0637335
7107	7108	0.0637335
3627	7109	0.0531774
5719	7109	0.0531774
7109	7110	0.0428829
4600	7110	0.0428829
3530	7111	0.0960129
953	7111	0.0960129
4644	7112	0.10232
1423	7112	0.10232
7112	7113	0.0960177
3644	7113	0.0960177
7111	7114	0.0914292
7113	7114	0.0914292
7114	7115	0.0647564
2492	7115	0.0647564
1092	7116	0.15202
975	7116	0.15202
5520	7117	0.109794
1250	7117	0.109794
4921	7118	0.0964357
7117	7118	0.0964357
3443	7119	0.0639767
7118	7119	0.0639767
7119	7120	0.0623553
5951	7120	0.0623553
2232	7121	0.0598703
4501	7121	0.0598703
7121	7122	0.0537156
2048	7122	0.0537156
1762	7123	0.0520161
4060	7123	0.0520161
7123	7124	0.0461653
1521	7124	0.0461653
1912	7125	0.0436234
7124	7125	0.0436234
1560	7126	0.0417433
7125	7126	0.0417433
5341	7127	0.0578457
4481	7127	0.0578457
1042	7128	0.0447274
2314	7128	0.0447274
4396	7129	0.0711634
4698	7129	0.0711634
5857	7130	0.0471344
1065	7130	0.0471344
7130	7131	0.0416265
5960	7131	0.0416265
1096	7132	0.0422714
1484	7132	0.0422714
3408	7133	0.0507983
4309	7133	0.0507983
3332	7134	0.106721
5296	7134	0.106721
5897	7135	0.137136
5896	7135	0.137136
7135	7136	0.130001
1190	7136	0.130001
5142	7137	0.121141
7136	7137	0.121141
4443	7138	0.0823329
1161	7138	0.0823329
7138	7139	0.0566569
1894	7139	0.0566569
7139	7140	0.0488182
4641	7140	0.0488182
7140	7141	0.0433744
1794	7141	0.0433744
2050	7142	0.121891
1244	7142	0.121891
7142	7143	0.10107
2567	7143	0.10107
4991	7144	0.0429854
4584	7144	0.0429854
7143	7145	0.041795
7144	7145	0.041795
1170	7146	0.0610392
3080	7146	0.0610392
1983	7147	0.0670976
2980	7147	0.0670976
3634	7148	0.120334
1946	7148	0.120334
7148	7149	0.0912771
1531	7149	0.0912771
7149	7150	0.0800862
4477	7150	0.0800862
2871	7151	0.190903
3370	7151	0.190903
7151	7152	0.10811
3546	7152	0.10811
7152	7153	0.0593159
3727	7153	0.0593159
1667	7154	0.0534041
4061	7154	0.0534041
4294	7155	0.0716309
3448	7155	0.0716309
2681	7156	0.0907392
1242	7156	0.0907392
1564	7157	0.0558191
1860	7157	0.0558191
5114	7158	0.0604594
2816	7158	0.0604594
7157	7159	0.0524299
7158	7159	0.0524299
3830	7160	0.046875
7159	7160	0.046875
4591	7161	0.0466585
7160	7161	0.0466585
3994	7162	0.210523
4794	7162	0.210523
4630	7163	0.0415512
4676	7163	0.0415512
4023	7164	0.061306
1307	7164	0.061306
7164	7165	0.0572768
4052	7165	0.0572768
1312	7166	0.0421534
5724	7166	0.0421534
4556	7167	0.138831
4519	7167	0.138831
7167	7168	0.112898
4557	7168	0.112898
1331	7169	0.0918992
7168	7169	0.0918992
2780	7170	0.088962
7169	7170	0.088962
7170	7171	0.0601382
2341	7171	0.0601382
2725	7172	0.0848631
3932	7172	0.0848631
5418	7173	0.0668876
2506	7173	0.0668876
7173	7174	0.0631305
7172	7174	0.0631305
7174	7175	0.0443888
2692	7175	0.0443888
4116	7176	0.0440303
7175	7176	0.0440303
4421	7177	0.0505938
2610	7177	0.0505938
2467	7178	0.0660139
1368	7178	0.0660139
5295	7179	0.0596288
7178	7179	0.0596288
7179	7180	0.0487181
5563	7180	0.0487181
4301	7181	0.173151
4460	7181	0.173151
5678	7182	0.0711329
5227	7182	0.0711329
7182	7183	0.05556
1933	7183	0.05556
7183	7184	0.0546894
1436	7184	0.0546894
3884	7185	0.0816614
2151	7185	0.0816614
5238	7186	0.0601298
2709	7186	0.0601298
7186	7187	0.0466529
4360	7187	0.0466529
2792	7188	0.130395
5902	7188	0.130395
7188	7189	0.0853924
5620	7189	0.0853924
1472	7190	0.08265
7189	7190	0.08265
3569	7191	0.0815801
7190	7191	0.0815801
7191	7192	0.0692054
6177	7192	0.0692054
7192	7193	0.0430438
3711	7193	0.0430438
2445	7194	0.125241
1476	7194	0.125241
7194	7195	0.0736104
4221	7195	0.0736104
7195	7196	0.0558709
1746	7196	0.0558709
3189	7197	0.0484801
7196	7197	0.0484801
5470	7198	0.0930798
4013	7198	0.0930798
4097	7199	0.0612929
1539	7199	0.0612929
3797	7200	0.0833557
4168	7200	0.0833557
7200	7201	0.0437503
1559	7201	0.0437503
5677	7202	0.0664436
3036	7202	0.0664436
1587	7203	0.0447959
5952	7203	0.0447959
2603	7204	0.04356
2600	7204	0.04356
3369	7205	0.0470702
4403	7205	0.0470702
7205	7206	0.044688
1707	7206	0.044688
5858	7207	0.0520376
3991	7207	0.0520376
7207	7208	0.0460244
1710	7208	0.0460244
5018	7209	0.0499524
2352	7209	0.0499524
5826	7210	0.0482081
7209	7210	0.0482081
2377	7211	0.0524985
4892	7211	0.0524985
3120	7212	0.128957
4473	7212	0.128957
1784	7213	0.075822
5279	7213	0.075822
1856	7214	0.211531
4312	7214	0.211531
1893	7215	0.145991
3311	7215	0.145991
2338	7216	0.0462191
7215	7216	0.0462191
3563	7217	0.0698968
1936	7217	0.0698968
3768	7218	0.0687188
7217	7218	0.0687188
2865	7219	0.0685724
7218	7219	0.0685724
5479	7220	0.0543755
2522	7220	0.0543755
3922	7221	0.053328
7220	7221	0.053328
7221	7222	0.0467224
4134	7222	0.0467224
7222	7223	0.0435172
1978	7223	0.0435172
6068	7224	0.0684746
5033	7224	0.0684746
7224	7225	0.0555655
5942	7225	0.0555655
2047	7226	0.410164
4194	7226	0.410164
6181	7227	0.0575575
2482	7227	0.0575575
3982	7228	0.087541
2076	7228	0.087541
5157	7229	0.0814982
7228	7229	0.0814982
4936	7230	0.057583
4952	7230	0.057583
2179	7231	0.0685115
4112	7231	0.0685115
7231	7232	0.0474763
4675	7232	0.0474763
2286	7233	0.0724362
2510	7233	0.0724362
7233	7234	0.0566921
6028	7234	0.0566921
5850	7235	0.0521214
7234	7235	0.0521214
4437	7236	0.073795
2345	7236	0.073795
3185	7237	0.0800225
5755	7237	0.0800225
7237	7238	0.0658139
2375	7238	0.0658139
2904	7239	0.0686691
2454	7239	0.0686691
7238	7240	0.0642011
7239	7240	0.0642011
7240	7241	0.06225
3785	7241	0.06225
3855	7242	0.0530502
7241	7242	0.0530502
2419	7243	0.0600481
4259	7243	0.0600481
3029	7244	0.0719864
4176	7244	0.0719864
3683	7245	0.0617145
5344	7245	0.0617145
6017	7246	0.06076
7244	7246	0.06076
7246	7247	0.0526671
7245	7247	0.0526671
2781	7248	0.0883516
5932	7248	0.0883516
6066	7249	0.0779337
5203	7249	0.0779337
7249	7250	0.0522807
5223	7250	0.0522807
3838	7251	0.131607
4111	7251	0.131607
7251	7252	0.0837232
3232	7252	0.0837232
3791	7253	0.0452872
4564	7253	0.0452872
4947	7254	0.0479519
3514	7254	0.0479519
3299	7255	0.070363
3463	7255	0.070363
4665	7256	0.0459822
3362	7256	0.0459822
3740	7257	0.0461636
6211	7257	0.0461636
5499	7258	0.043125
3468	7258	0.043125
3639	7259	0.0602982
5255	7259	0.0602982
4734	7260	0.0551183
3946	7260	0.0551183
5382	7261	0.0910865
4079	7261	0.0910865
5713	7262	0.0723054
7261	7262	0.0723054
7262	7263	0.05355
5121	7263	0.05355
7263	7264	0.0482834
4394	7264	0.0482834
4382	7265	0.0443926
4434	7265	0.0443926
4605	7266	0.0416792
6156	7266	0.0416792
5060	7267	0.078869
6052	7267	0.078869
6707	7268	0.040418
673	7268	0.040418
2518	7269	0.0325401
4766	7269	0.0325401
7269	7270	0.0318372
6095	7270	0.0318372
7268	7271	0.0290794
7270	7271	0.0290794
7216	7272	0.0370209
5605	7272	0.0370209
7272	7273	0.0363475
1392	7273	0.0363475
7273	7274	0.0314818
4738	7274	0.0314818
7259	7275	0.031662
3536	7275	0.031662
7274	7276	0.0307896
7275	7276	0.0307896
7116	7277	0.0310316
5880	7277	0.0310316
7276	7278	0.03019
7277	7278	0.03019
7278	7279	0.0299179
4855	7279	0.0299179
7011	7280	0.0401051
7088	7280	0.0401051
7280	7281	0.0349558
1557	7281	0.0349558
7281	7282	0.033708
1083	7282	0.033708
614	7283	0.0333106
7197	7283	0.0333106
7283	7284	0.0291433
5908	7284	0.0291433
7132	7285	0.037771
4145	7285	0.037771
1085	7286	0.0361051
7285	7286	0.0361051
4040	7287	0.0300405
5127	7287	0.0300405
7115	7288	0.0296583
7287	7288	0.0296583
6913	7289	0.0390187
6917	7289	0.0390187
7289	7290	0.0322119
5856	7290	0.0322119
6776	7291	0.0320735
7290	7291	0.0320735
2894	7292	0.0291612
7291	7292	0.0291612
7068	7293	0.0377995
2259	7293	0.0377995
7105	7294	0.0360897
7293	7294	0.0360897
2779	7295	0.035077
7294	7295	0.035077
7295	7296	0.0320907
940	7296	0.0320907
388	7297	0.034833
4037	7297	0.034833
7047	7298	0.0345555
7297	7298	0.0345555
1928	7299	0.0343335
7298	7299	0.0343335
2126	7300	0.0370476
4561	7300	0.0370476
6757	7301	0.030567
898	7301	0.030567
7122	7302	0.0377417
5708	7302	0.0377417
6973	7303	0.0325842
2984	7303	0.0325842
683	7304	0.0393409
59	7304	0.0393409
1317	7305	0.0409764
6543	7305	0.0409764
7305	7306	0.0385379
5024	7306	0.0385379
6568	7307	0.0402466
2002	7307	0.0402466
6663	7308	0.0345037
815	7308	0.0345037
6884	7309	0.035732
528	7309	0.035732
6635	7310	0.0412461
6673	7310	0.0412461
7310	7311	0.0411295
1074	7311	0.0411295
6601	7312	0.0409401
7311	7312	0.0409401
4080	7313	0.0404098
7312	7313	0.0404098
7313	7314	0.040089
6811	7314	0.040089
7314	7315	0.0400347
1947	7315	0.0400347
6804	7316	0.0396676
7315	7316	0.0396676
2211	7317	0.0391765
7316	7317	0.0391765
6808	7318	0.0391545
7317	7318	0.0391545
4371	7319	0.0384626
7318	7319	0.0384626
3125	7320	0.0383216
7319	7320	0.0383216
7320	7321	0.0377723
3667	7321	0.0377723
1206	7322	0.0386401
6890	7322	0.0386401
6876	7323	0.0382267
7322	7323	0.0382267
6871	7324	0.0410028
4405	7324	0.0410028
3976	7325	0.0399902
6998	7325	0.0399902
7325	7326	0.039892
3073	7326	0.039892
7324	7327	0.0381352
7326	7327	0.0381352
7327	7328	0.0380103
2142	7328	0.0380103
3265	7329	0.0402156
22	7329	0.0402156
7126	7329	0.0402156
6682	7330	0.0390395
6994	7330	0.0390395
7330	7331	0.0384726
1611	7331	0.0384726
6662	7332	0.0381892
7331	7332	0.0381892
7332	7333	0.0380155
2229	7333	0.0380155
7003	7334	0.0387307
1606	7334	0.0387307
7334	7335	0.037938
5190	7335	0.037938
7321	7336	0.0375626
6814	7336	0.0375626
7336	7337	0.0359314
4583	7337	0.0359314
7323	7338	0.0367431
7328	7338	0.0367431
6882	7339	0.0359079
7338	7339	0.0359079
4295	7340	0.0363255
7333	7340	0.0363255
6654	7341	0.0362807
7340	7341	0.0362807
771	7342	0.0359309
7341	7342	0.0359309
7342	7343	0.035871
3911	7343	0.035871
7335	7344	0.0364808
2291	7344	0.0364808
7344	7345	0.0359189
5834	7345	0.0359189
7337	7346	0.0354182
3868	7346	0.0354182
7339	7347	0.0358313
5200	7347	0.0358313
7347	7348	0.0357186
305	7348	0.0357186
7348	7349	0.0354417
7329	7349	0.0354417
4569	7350	0.0353079
7343	7350	0.0353079
7346	7351	0.0350092
1681	7351	0.0350092
4687	7352	0.0348508
7351	7352	0.0348508
4524	7353	0.0347227
7349	7353	0.0347227
7352	7354	0.0346107
7353	7354	0.0346107
850	7354	0.0346107
7345	7354	0.0346107
2365	7354	0.0346107
7354	7355	0.034249
7350	7355	0.034249
6597	7356	0.0406139
4393	7356	0.0406139
184	7357	0.0363054
7356	7357	0.0363054
7357	7358	0.0353614
4129	7358	0.0353614
7358	7359	0.0343018
3053	7359	0.0343018
6637	7360	0.0407637
5964	7360	0.0407637
7069	7361	0.0403461
2457	7361	0.0403461
6639	7362	0.040184
7361	7362	0.040184
7362	7363	0.0394413
1508	7363	0.0394413
7363	7364	0.0384854
1904	7364	0.0384854
2634	7365	0.0365251
7364	7365	0.0365251
742	7366	0.0355836
7365	7366	0.0355836
2716	7366	0.0355836
7366	7367	0.034255
563	7367	0.034255
6989	7368	0.0389114
4180	7368	0.0389114
533	7368	0.0389114
4455	7369	0.0375027
7368	7369	0.0375027
96	7370	0.0374622
7369	7370	0.0374622
6729	7371	0.037651
5038	7371	0.037651
871	7372	0.0410997
801	7372	0.0410997
7076	7373	0.0349072
7372	7373	0.0349072
3086	7374	0.0402137
7210	7374	0.0402137
4418	7375	0.0392847
7374	7375	0.0392847
6758	7376	0.0390472
7375	7376	0.0390472
6770	7377	0.0413557
4826	7377	0.0413557
7377	7378	0.0411852
210	7378	0.0411852
4106	7379	0.0378654
4355	7379	0.0378654
7378	7379	0.0378654
5211	7380	0.0378402
7379	7380	0.0378402
2355	7381	0.0398911
4141	7381	0.0398911
7380	7382	0.0377024
3207	7382	0.0377024
7382	7383	0.0365203
7381	7383	0.0365203
6208	7384	0.0348923
6165	7384	0.0348923
3303	7385	0.0411021
6896	7385	0.0411021
7385	7386	0.0389132
4066	7386	0.0389132
200	7386	0.0389132
7386	7387	0.0383933
1799	7387	0.0383933
6786	7388	0.0383403
2812	7388	0.0383403
659	7389	0.0382349
7388	7389	0.0382349
6909	7390	0.0406752
6910	7390	0.0406752
311	7391	0.036498
4832	7391	0.036498
6908	7392	0.0382128
5551	7392	0.0382128
7236	7393	0.0377772
7392	7393	0.0377772
5968	7394	0.0368109
5271	7394	0.0368109
7393	7395	0.0359419
5510	7395	0.0359419
7395	7396	0.0343921
7394	7396	0.0343921
6927	7397	0.0404737
4346	7397	0.0404737
7397	7398	0.0397107
1407	7398	0.0397107
7398	7399	0.0350946
2627	7399	0.0350946
7028	7400	0.0377569
6246	7400	0.0377569
2528	7401	0.0384548
1466	7401	0.0384548
7206	7402	0.0389936
3583	7402	0.0389936
7402	7403	0.037979
2089	7403	0.037979
703	7404	0.0378724
7403	7404	0.0378724
2117	7405	0.0375432
7404	7405	0.0375432
4768	7406	0.0374573
7400	7406	0.0374573
4072	7407	0.0369545
7405	7407	0.0369545
7401	7408	0.0358579
7407	7408	0.0358579
4189	7409	0.03531
7408	7409	0.03531
7409	7410	0.035243
3755	7410	0.035243
3166	7411	0.0351616
7410	7411	0.0351616
7406	7412	0.03504
7411	7412	0.03504
636	7413	0.0345303
7412	7413	0.0345303
2282	7414	0.0393225
7110	7414	0.0393225
7414	7415	0.0381568
3709	7415	0.0381568
7415	7416	0.0373013
3893	7416	0.0373013
6972	7417	0.0398589
3215	7417	0.0398589
7417	7418	0.03708
4873	7418	0.03708
7095	7419	0.0400358
4874	7419	0.0400358
7064	7420	0.038971
3867	7420	0.038971
2997	7421	0.0372438
7420	7421	0.0372438
792	7422	0.0357097
2280	7422	0.0357097
7163	7423	0.0389316
3466	7423	0.0389316
7423	7424	0.0363511
2552	7424	0.0363511
2494	7425	0.0377264
961	7425	0.0377264
7203	7426	0.0413911
1735	7426	0.0413911
7426	7427	0.0358837
5123	7427	0.0358837
7427	7428	0.0353614
2336	7428	0.0353614
7250	7429	0.034431
5368	7429	0.034431
7080	7430	0.0326451
7085	7430	0.0326451
7202	7431	0.0337921
1579	7431	0.0337921
5812	7432	0.0339961
7384	7432	0.0339961
7413	7433	0.0342358
2962	7433	0.0342358
3391	7434	0.0340312
7433	7434	0.0340312
2538	7435	0.034023
7355	7435	0.034023
7396	7436	0.0340802
6062	7436	0.0340802
5338	7437	0.0339702
7435	7437	0.0339702
7437	7438	0.0339136
7436	7438	0.0339136
1075	7439	0.0338826
7438	7439	0.0338826
3572	7440	0.0337518
7439	7440	0.0337518
6126	7441	0.0336335
7440	7441	0.0336335
7309	7442	0.0335969
7441	7442	0.0335969
6988	7443	0.0335587
7442	7443	0.0335587
7306	7444	0.0333106
7443	7444	0.0333106
7307	7445	0.0332979
7444	7445	0.0332979
7445	7446	0.0330548
3000	7446	0.0330548
7446	7447	0.0329883
1536	7447	0.0329883
7137	7448	0.0328617
7447	7448	0.0328617
7448	7449	0.0327566
3273	7449	0.0327566
7359	7450	0.0331992
6600	7450	0.0331992
1817	7451	0.0330498
7450	7451	0.0330498
104	7452	0.0336866
1435	7452	0.0336866
7387	7453	0.0327579
7425	7453	0.0327579
7155	7454	0.0328194
7429	7454	0.0328194
7449	7455	0.032748
3007	7455	0.032748
7455	7456	0.0327069
4086	7456	0.0327069
7456	7457	0.0326115
3039	7457	0.0326115
7390	7458	0.0327202
6793	7458	0.0327202
7432	7459	0.0326081
7457	7459	0.0326081
7459	7460	0.0324676
1909	7460	0.0324676
7308	7461	0.0324468
7460	7461	0.0324468
7389	7461	0.0324468
7458	7461	0.0324468
7451	7462	0.0325063
5007	7462	0.0325063
7462	7463	0.0324395
3243	7463	0.0324395
2045	7464	0.0325848
7453	7464	0.0325848
7464	7465	0.0324626
7454	7465	0.0324626
5232	7466	0.0324267
7465	7466	0.0324267
7461	7467	0.0321175
3282	7467	0.0321175
7467	7468	0.0320448
7466	7468	0.0320448
951	7469	0.032012
7468	7469	0.032012
7434	7470	0.031925
7469	7470	0.031925
7463	7471	0.0322884
893	7471	0.0322884
7470	7472	0.0318781
7418	7472	0.0318781
204	7473	0.0316306
7472	7473	0.0316306
7471	7474	0.0316066
7452	7474	0.0316066
7473	7475	0.0315808
7474	7475	0.0315808
7475	7476	0.0315566
4918	7476	0.0315566
6996	7477	0.0318852
560	7477	0.0318852
7360	7478	0.0327707
5903	7478	0.0327707
7478	7479	0.0321232
4869	7479	0.0321232
7479	7480	0.0319481
6139	7480	0.0319481
7204	7481	0.0322962
6069	7481	0.0322962
7481	7482	0.0322218
7367	7482	0.0322218
1545	7483	0.0341181
7373	7483	0.0341181
5576	7484	0.0321277
7483	7484	0.0321277
7371	7485	0.0340486
7399	7485	0.0340486
7376	7486	0.0340022
967	7486	0.0340022
7485	7487	0.0335645
7486	7487	0.0335645
4530	7488	0.0335461
7487	7488	0.0335461
5377	7489	0.0339136
7383	7489	0.0339136
7488	7490	0.0326165
1714	7490	0.0326165
7489	7491	0.0335279
1256	7491	0.0335279
7491	7492	0.0322967
181	7492	0.0322967
7490	7493	0.0316871
7492	7493	0.0316871
7391	7494	0.0337036
7422	7494	0.0337036
3636	7495	0.0336502
7419	7495	0.0336502
2300	7496	0.0326833
7061	7496	0.0326833
2194	7497	0.0318213
5446	7497	0.0318213
6797	7498	0.0315044
7476	7498	0.0315044
7498	7499	0.0314818
1081	7499	0.0314818
2171	7500	0.0314707
7499	7500	0.0314707
7500	7501	0.0314272
6193	7501	0.0314272
7501	7502	0.0313621
549	7502	0.0313621
5276	7503	0.0313355
7502	7503	0.0313355
7503	7504	0.0312973
7495	7504	0.0312973
669	7504	0.0312973
5941	7505	0.0312747
7504	7505	0.0312747
7416	7506	0.0310825
7505	7506	0.0310825
7430	7507	0.0309182
7506	7507	0.0309182
2313	7508	0.0307984
7507	7508	0.0307984
7508	7509	0.030758
7497	7509	0.030758
6645	7510	0.0307425
7509	7510	0.0307425
336	7511	0.0306299
7510	7511	0.0306299
6661	7512	0.030526
7511	7512	0.030526
1097	7513	0.0304959
7512	7513	0.0304959
7513	7514	0.0302559
4711	7514	0.0302559
7514	7515	0.0300921
6986	7515	0.0300921
5601	7516	0.0300886
7515	7516	0.0300886
7516	7517	0.0300504
7266	7517	0.0300504
7517	7518	0.0300219
10	7518	0.0300219
7177	7519	0.0300123
7518	7519	0.0300123
7519	7520	0.0299841
7477	7520	0.0299841
655	7521	0.0299147
7520	7521	0.0299147
7521	7522	0.0298843
1103	7522	0.0298843
7522	7523	0.0298722
1141	7523	0.0298722
6563	7524	0.0302032
2014	7524	0.0302032
4385	7525	0.031019
7480	7525	0.031019
7482	7526	0.031238
5592	7526	0.031238
6202	7527	0.0305957
7484	7527	0.0305957
7493	7528	0.0304543
7428	7528	0.0304543
7527	7529	0.0303236
7528	7529	0.0303236
7496	7530	0.0306646
7424	7530	0.0306646
7530	7531	0.0306486
912	7531	0.0306486
2601	7532	0.0309551
2982	7532	0.0309551
6901	7533	0.0298654
7523	7533	0.0298654
7431	7534	0.0297501
7533	7534	0.0297501
3969	7534	0.0297501
7534	7535	0.0295742
7494	7535	0.0295742
7535	7536	0.0294454
7524	7536	0.0294454
7532	7536	0.0294454
1104	7537	0.0294409
7536	7537	0.0294409
7537	7538	0.0294382
3507	7538	0.0294382
5801	7539	0.0295592
5840	7539	0.0295592
5869	7539	0.0295592
7529	7539	0.0295592
3330	7540	0.0294097
7538	7540	0.0294097
7540	7541	0.0293979
1885	7541	0.0293979
7370	7542	0.0293272
7541	7542	0.0293272
7525	7542	0.0293272
7539	7542	0.0293272
7542	7543	0.0293069
4688	7543	0.0293069
7543	7544	0.0292698
4224	7544	0.0292698
7526	7545	0.0292566
7544	7545	0.0292566
7545	7546	0.0292261
330	7546	0.0292261
7531	7547	0.0298025
5567	7547	0.0298025
6077	7548	0.0297522
3914	7548	0.0297522
7546	7549	0.0291119
1474	7549	0.0291119
7549	7550	0.0290045
484	7550	0.0290045
7193	7551	0.0289231
7550	7551	0.0289231
275	7552	0.0288884
7551	7552	0.0288884
7252	7553	0.0287062
7552	7553	0.0287062
7553	7554	0.0286792
791	7554	0.0286792
7554	7555	0.0285954
2478	7555	0.0285954
7555	7556	0.0285555
7548	7556	0.0285555
4366	7557	0.0284864
7556	7557	0.0284864
7258	7558	0.028429
7557	7558	0.028429
7558	7559	0.0283203
3860	7559	0.0283203
1090	7560	0.0283062
7421	7560	0.0283062
7559	7560	0.0283062
4692	7560	0.0283062
2736	7560	0.0283062
7547	7560	0.0283062
4667	7560	0.0283062
6598	7561	0.028302
7560	7561	0.028302
7561	7562	0.0282975
2255	7562	0.0282975
6693	7563	0.0303619
4621	7563	0.0303619
6690	7564	0.0327579
142	7564	0.0327579
7564	7565	0.0326165
236	7565	0.0326165
5609	7566	0.0339337
1704	7566	0.0339337
3374	7567	0.0331161
7566	7567	0.0331161
5484	7568	0.0328493
7567	7568	0.0328493
5851	7569	0.0328313
7568	7569	0.0328313
6569	7570	0.0293697
23	7570	0.0293697
6695	7571	0.0386168
5381	7571	0.0386168
6572	7572	0.0376837
7571	7572	0.0376837
7572	7573	0.0290926
2205	7573	0.0290926
3390	7574	0.0326289
1147	7574	0.0326289
7574	7575	0.028358
5823	7575	0.028358
6575	7576	0.0298202
1683	7576	0.0298202
6931	7577	0.0375208
7051	7577	0.0375208
3999	7578	0.0313712
7577	7578	0.0313712
141	7579	0.0345323
5290	7579	0.0345323
694	7580	0.0402927
1098	7580	0.0402927
7580	7581	0.0397343
64	7581	0.0397343
7581	7582	0.0380196
4978	7582	0.0380196
1196	7583	0.0303039
3881	7583	0.0303039
7056	7584	0.0331568
7582	7584	0.0331568
6640	7585	0.0317039
7584	7585	0.0317039
1834	7586	0.0297917
7585	7586	0.0297917
7583	7587	0.0296079
7586	7587	0.0296079
7587	7588	0.028591
519	7588	0.028591
6644	7589	0.0378236
1850	7589	0.0378236
7589	7590	0.0371052
69	7590	0.0371052
7590	7591	0.0285339
4448	7591	0.0285339
6648	7592	0.0347331
2774	7592	0.0347331
2063	7593	0.0398599
2381	7593	0.0398599
1523	7594	0.0358954
7593	7594	0.0358954
2246	7595	0.0321399
7594	7595	0.0321399
3293	7596	0.031703
7595	7596	0.031703
3237	7597	0.0415061
6652	7597	0.0415061
2847	7598	0.0387159
7597	7598	0.0387159
7598	7599	0.0383771
2487	7599	0.0383771
7599	7600	0.0336475
3947	7600	0.0336475
7600	7601	0.0293548
354	7601	0.0293548
6660	7602	0.0314402
1107	7602	0.0314402
7602	7603	0.0311882
4859	7603	0.0311882
7134	7604	0.0300866
7603	7604	0.0300866
4431	7605	0.0375432
3959	7605	0.0375432
1661	7605	0.0375432
3251	7606	0.0370848
7605	7606	0.0370848
1876	7607	0.0365173
7606	7607	0.0365173
7607	7608	0.0305348
5956	7608	0.0305348
7037	7609	0.0351937
650	7609	0.0351937
6706	7610	0.0411339
390	7610	0.0411339
7610	7611	0.0394426
2673	7611	0.0394426
7611	7612	0.0338509
6188	7612	0.0338509
7612	7613	0.0321593
5680	7613	0.0321593
316	7614	0.0288599
7613	7614	0.0288599
7614	7615	0.0285981
2944	7615	0.0285981
700	7616	0.0405441
152	7616	0.0405441
2317	7617	0.0398945
7616	7617	0.0398945
3961	7618	0.0396641
7617	7618	0.0396641
5147	7619	0.0392107
7618	7619	0.0392107
4691	7620	0.039116
7619	7620	0.039116
3928	7621	0.0388927
7620	7621	0.0388927
864	7622	0.0351781
2734	7622	0.0351781
4330	7623	0.0338718
1179	7623	0.0338718
3413	7624	0.033561
7623	7624	0.033561
7624	7625	0.0329253
7622	7625	0.0329253
7621	7626	0.029049
7625	7626	0.029049
7078	7627	0.0289372
7626	7627	0.0289372
4010	7628	0.0284631
7627	7628	0.0284631
1822	7629	0.0283687
7628	7629	0.0283687
7201	7630	0.0393891
1597	7630	0.0393891
5878	7631	0.031782
7630	7631	0.031782
154	7632	0.0308198
1262	7632	0.0308198
7632	7633	0.0306513
1030	7633	0.0306513
5425	7634	0.0290346
7633	7634	0.0290346
3490	7635	0.0288884
7634	7635	0.0288884
777	7636	0.0387035
2469	7636	0.0387035
7636	7637	0.0368172
6755	7637	0.0368172
7108	7638	0.0324453
2034	7638	0.0324453
7637	7639	0.0347284
949	7639	0.0347284
7638	7640	0.0314283
7639	7640	0.0314283
2513	7641	0.0305957
7640	7641	0.0305957
7641	7642	0.0301731
2037	7642	0.0301731
1016	7643	0.0290959
7642	7643	0.0290959
6846	7644	0.028487
7643	7644	0.028487
6843	7645	0.0407829
4470	7645	0.0407829
6816	7646	0.0400024
7645	7646	0.0400024
7646	7647	0.0399608
2853	7647	0.0399608
7647	7648	0.0361165
5486	7648	0.0361165
7648	7649	0.0360788
770	7649	0.0360788
7649	7650	0.0352947
4466	7650	0.0352947
7650	7651	0.0331328
1935	7651	0.0331328
4546	7652	0.0387431
4545	7652	0.0387431
7652	7653	0.0330219
5350	7653	0.0330219
7651	7654	0.0303881
5019	7654	0.0303881
7653	7655	0.0328583
1383	7655	0.0328583
7654	7656	0.0298855
7655	7656	0.0298855
4263	7656	0.0298855
7656	7657	0.02987
715	7657	0.02987
6713	7658	0.0294788
1105	7658	0.0294788
2200	7659	0.0290192
7657	7659	0.0290192
7659	7660	0.0284423
7658	7660	0.0284423
6753	7661	0.0407226
1304	7661	0.0407226
6734	7662	0.0315189
7661	7662	0.0315189
5922	7663	0.0310918
7662	7663	0.0310918
7663	7664	0.0286188
6168	7664	0.0286188
7664	7665	0.0285661
847	7665	0.0285661
1360	7665	0.0285661
7010	7666	0.0373681
5893	7666	0.0373681
7666	7667	0.0331278
3304	7667	0.0331278
7667	7668	0.0331231
2960	7668	0.0331231
7226	7669	0.0325128
7668	7669	0.0325128
5749	7670	0.0318883
7669	7670	0.0318883
7670	7671	0.0318019
5795	7671	0.0318019
3419	7672	0.0304994
7671	7672	0.0304994
7672	7673	0.0290518
5041	7673	0.0290518
7673	7674	0.0289622
1668	7674	0.0289622
3821	7675	0.0287389
7674	7675	0.0287389
6782	7676	0.0344524
7128	7676	0.0344524
7676	7677	0.0310539
1128	7677	0.0310539
4657	7678	0.0402371
7227	7678	0.0402371
4179	7679	0.0401936
7678	7679	0.0401936
7679	7680	0.0359003
197	7680	0.0359003
7680	7681	0.0358022
5768	7681	0.0358022
7681	7682	0.0302544
2094	7682	0.0302544
7682	7683	0.029769
5946	7683	0.029769
7683	7684	0.029688
939	7684	0.029688
4113	7685	0.0284519
7684	7685	0.0284519
6800	7686	0.0393461
4110	7686	0.0393461
3066	7687	0.0350343
7686	7687	0.0350343
3400	7688	0.02962
4373	7688	0.02962
6853	7689	0.0393495
4831	7689	0.0393495
5829	7690	0.0286918
3446	7690	0.0286918
4529	7691	0.0291589
1135	7691	0.0291589
7099	7692	0.0386189
2176	7692	0.0386189
1632	7693	0.0323945
7692	7693	0.0323945
4121	7694	0.0322951
7693	7694	0.0322951
7694	7695	0.0321922
2228	7695	0.0321922
7695	7696	0.0319884
935	7696	0.0319884
7696	7697	0.0310991
1563	7697	0.0310991
6866	7698	0.0314801
3805	7698	0.0314801
6942	7699	0.0351494
6949	7699	0.0351494
7699	7700	0.0346749
7257	7700	0.0346749
7700	7701	0.0308054
5412	7701	0.0308054
7698	7702	0.0303818
3501	7702	0.0303818
7701	7703	0.0284938
7702	7703	0.0284938
315	7704	0.0287084
3148	7704	0.0287084
7145	7705	0.0410579
1163	7705	0.0410579
4162	7706	0.0399963
7705	7706	0.0399963
7029	7707	0.0361461
1398	7707	0.0361461
7706	7708	0.0338518
7707	7708	0.0338518
2784	7709	0.0336922
1274	7709	0.0336922
7709	7710	0.0299038
320	7710	0.0299038
7012	7711	0.0375493
7017	7711	0.0375493
6983	7712	0.0374367
7711	7712	0.0374367
321	7713	0.034768
7712	7713	0.034768
7713	7714	0.0341146
7141	7714	0.0341146
7714	7715	0.0330011
1160	7715	0.0330011
7715	7716	0.032748
2626	7716	0.032748
2441	7716	0.032748
2163	7717	0.0325401
7716	7717	0.0325401
7717	7718	0.0306454
4082	7718	0.0306454
4142	7719	0.0288637
7718	7719	0.0288637
902	7720	0.0382164
3602	7720	0.0382164
6999	7721	0.0315895
1526	7721	0.0315895
2104	7722	0.0286701
3211	7722	0.0286701
4310	7723	0.0384427
5781	7723	0.0384427
7147	7724	0.0343068
7723	7724	0.0343068
468	7725	0.0341604
7724	7725	0.0341604
4476	7726	0.0323945
5899	7726	0.0323945
5876	7727	0.0338537
2929	7727	0.0338537
4670	7728	0.038781
2304	7728	0.038781
5811	7729	0.0368032
7728	7729	0.0368032
6894	7730	0.0319003
7726	7730	0.0319003
7725	7731	0.0315838
7730	7731	0.0315838
7731	7732	0.0308327
4935	7732	0.0308327
7208	7733	0.0313216
7729	7733	0.0313216
7727	7734	0.0310885
7733	7734	0.0310885
7219	7735	0.0299093
2257	7735	0.0299093
7735	7736	0.0295538
7734	7736	0.0295538
7180	7737	0.0289434
7736	7737	0.0289434
7732	7738	0.0287695
7737	7738	0.0287695
5008	7739	0.0287164
7738	7739	0.0287164
334	7740	0.0333892
2825	7740	0.0333892
5120	7741	0.0346761
3095	7741	0.0346761
6131	7742	0.0312667
7741	7742	0.0312667
5557	7743	0.0345225
345	7743	0.0345225
6899	7744	0.0387666
7242	7744	0.0387666
1499	7745	0.0369149
7744	7745	0.0369149
7745	7746	0.0356987
1561	7746	0.0356987
391	7747	0.0405292
1918	7747	0.0405292
7063	7748	0.0342887
1041	7748	0.0342887
7747	7749	0.0295179
2738	7749	0.0295179
7748	7750	0.0286399
7749	7750	0.0286399
6934	7751	0.0404272
3707	7751	0.0404272
6935	7752	0.0385583
4424	7752	0.0385583
1981	7753	0.0398154
1352	7753	0.0398154
7176	7754	0.0377691
7753	7754	0.0377691
4444	7755	0.0371249
7754	7755	0.0371249
7755	7756	0.0358468
2452	7756	0.0358468
7756	7757	0.0344172
1783	7757	0.0344172
7757	7758	0.034082
2503	7758	0.034082
7247	7759	0.03374
7758	7759	0.03374
7759	7760	0.0314865
3712	7760	0.0314865
2951	7761	0.0314603
7760	7761	0.0314603
7213	7762	0.0309298
7761	7762	0.0309298
7752	7763	0.0292239
5218	7763	0.0292239
7762	7764	0.0283849
7763	7764	0.0283849
4345	7765	0.0283786
7764	7765	0.0283786
1993	7766	0.0383447
1167	7766	0.0383447
6978	7767	0.0371695
3221	7767	0.0371695
4077	7768	0.0347208
1438	7768	0.0347208
5561	7769	0.0324878
7768	7769	0.0324878
419	7770	0.0372989
3333	7770	0.0372989
7770	7771	0.0345975
6087	7771	0.0345975
7771	7772	0.0335533
1468	7772	0.0335533
7772	7773	0.0309009
779	7773	0.0309009
426	7774	0.0302278
5735	7774	0.0302278
6937	7775	0.0390331
4672	7775	0.0390331
7775	7776	0.0367397
472	7776	0.0367397
7776	7777	0.0308726
1942	7777	0.0308726
3310	7778	0.0313672
2773	7778	0.0313672
4025	7779	0.0335377
427	7779	0.0335377
7235	7780	0.0341644
5201	7780	0.0341644
1862	7781	0.0336111
7780	7781	0.0336111
6966	7782	0.0354108
1814	7782	0.0354108
2499	7783	0.034523
7782	7783	0.034523
7783	7784	0.0342545
3847	7784	0.0342545
498	7785	0.0341824
3255	7785	0.0341824
5079	7786	0.033624
7785	7786	0.033624
7786	7787	0.0314685
2777	7787	0.0314685
7787	7788	0.028555
467	7788	0.028555
1165	7789	0.0303866
6992	7789	0.0303866
7001	7790	0.0370209
5417	7790	0.0370209
7000	7791	0.0357991
7790	7791	0.0357991
7791	7792	0.032908
1445	7792	0.032908
7792	7793	0.0326909
587	7793	0.0326909
7793	7794	0.0300031
4579	7794	0.0300031
5969	7795	0.0313996
4367	7795	0.0313996
883	7796	0.0374798
4375	7796	0.0374798
7796	7797	0.0344277
593	7797	0.0344277
7797	7798	0.0290501
1813	7798	0.0290501
7019	7799	0.0366872
904	7799	0.0366872
7799	7800	0.0311129
2746	7800	0.0311129
7038	7801	0.0311736
7043	7801	0.0311736
7067	7802	0.0337554
5807	7802	0.0337554
7070	7803	0.030502
2490	7803	0.030502
5006	7804	0.0302305
7071	7804	0.0302305
4848	7805	0.0400945
7187	7805	0.0400945
7805	7806	0.031332
1594	7806	0.031332
7806	7807	0.0286666
1657	7807	0.0286666
2547	7808	0.0348482
822	7808	0.0348482
7073	7809	0.0339813
7808	7809	0.0339813
4953	7810	0.028863
7809	7810	0.028863
5208	7811	0.0307117
785	7811	0.0307117
7811	7812	0.0292169
1265	7812	0.0292169
7199	7813	0.0335927
3560	7813	0.0335927
3561	7814	0.0304817
7813	7814	0.0304817
7211	7815	0.0290909
5949	7815	0.0290909
4797	7816	0.0328728
1289	7816	0.0328728
3361	7817	0.029978
7816	7817	0.029978
3350	7818	0.0318951
859	7818	0.0318951
7120	7819	0.0354723
2087	7819	0.0354723
981	7820	0.0379632
1106	7820	0.0379632
7129	7821	0.0405118
7131	7821	0.0405118
2295	7822	0.0365206
7821	7822	0.0365206
7822	7823	0.0319488
1525	7823	0.0319488
7823	7824	0.0296286
2324	7824	0.0296286
5178	7825	0.0288054
1164	7825	0.0288054
3542	7826	0.0320989
4204	7826	0.0320989
7826	7827	0.0311435
1176	7827	0.0311435
4825	7828	0.0323617
2143	7828	0.0323617
7828	7829	0.029956
1182	7829	0.029956
7154	7830	0.0310213
4863	7830	0.0310213
7153	7831	0.0395176
1197	7831	0.0395176
7831	7832	0.0385257
3666	7832	0.0385257
7150	7833	0.0368577
7832	7833	0.0368577
7833	7834	0.0306366
3547	7834	0.0306366
2052	7835	0.0315532
5889	7835	0.0315532
2129	7836	0.0337188
1793	7836	0.0337188
7181	7837	0.0302305
1414	7837	0.0302305
1600	7838	0.0393461
1599	7838	0.0393461
5916	7839	0.0415036
1827	7839	0.0415036
3846	7840	0.041341
7839	7840	0.041341
2571	7841	0.0380727
2714	7841	0.0380727
2954	7842	0.0371539
3919	7842	0.0371539
7256	7843	0.0357628
4908	7843	0.0357628
7843	7844	0.034262
6154	7844	0.034262
5264	7845	0.0291282
3509	7845	0.0291282
598	7846	0.0279797
3774	7846	0.0279797
7284	7847	0.0276795
7846	7847	0.0276795
7303	7848	0.0271803
1755	7848	0.0271803
7710	7849	0.0275409
4694	7849	0.0275409
3214	7850	0.0272445
7849	7850	0.0272445
7708	7851	0.0245026
7850	7851	0.0245026
7848	7852	0.0243511
7851	7852	0.0243511
7296	7853	0.0258742
7267	7853	0.0258742
3756	7854	0.0260766
7171	7854	0.0260766
7804	7855	0.0269699
7830	7855	0.0269699
7855	7856	0.0245944
7834	7856	0.0245944
7271	7857	0.0270191
5065	7857	0.0270191
7185	7858	0.0280734
7279	7858	0.0280734
7858	7859	0.0279418
4856	7859	0.0279418
7859	7860	0.0278928
7767	7860	0.0278928
7086	7861	0.0264113
7292	7861	0.0264113
6546	7862	0.027982
7774	7862	0.027982
1680	7863	0.0268395
7862	7863	0.0268395
806	7864	0.0265891
7863	7864	0.0265891
7127	7865	0.0280272
1032	7865	0.0280272
479	7866	0.0273316
7865	7866	0.0273316
797	7867	0.0272244
2893	7867	0.0272244
7302	7868	0.0282507
7562	7868	0.0282507
2068	7869	0.0282419
7868	7869	0.0282419
7869	7870	0.0282032
7765	7870	0.0282032
7299	7871	0.0280914
7870	7871	0.0280914
7871	7872	0.0280238
5738	7872	0.0280238
7872	7873	0.0280112
7798	7873	0.0280112
5225	7873	0.0280112
7133	7874	0.0279664
7873	7874	0.0279664
7588	7875	0.0279961
5672	7875	0.0279961
7874	7876	0.0279437
733	7876	0.0279437
7876	7877	0.0279183
2560	7877	0.0279183
7877	7878	0.027899
1378	7878	0.027899
7878	7879	0.0278539
6018	7879	0.0278539
7739	7879	0.0278539
5336	7880	0.0278456
7879	7880	0.0278456
761	7881	0.0278181
7880	7881	0.0278181
7881	7882	0.0277673
7875	7882	0.0277673
7882	7883	0.0277624
7807	7883	0.0277624
1963	7884	0.0282096
1490	7884	0.0282096
1125	7884	0.0282096
7794	7885	0.0279197
5931	7885	0.0279197
2938	7886	0.0278672
2086	7886	0.0278672
7609	7887	0.0276715
7719	7887	0.0276715
7883	7888	0.0277293
5830	7888	0.0277293
4890	7889	0.0277213
7888	7889	0.0277213
7722	7890	0.0277066
7889	7890	0.0277066
7890	7891	0.027687
2039	7891	0.027687
7887	7892	0.0276233
7891	7892	0.0276233
7721	7893	0.0276033
7892	7893	0.0276033
7893	7894	0.0275936
3426	7894	0.0275936
4581	7895	0.027591
7894	7895	0.027591
1188	7896	0.0274772
7895	7896	0.0274772
7896	7897	0.0274257
3956	7897	0.0274257
7301	7898	0.0274124
7897	7898	0.0274124
6153	7898	0.0274124
7898	7899	0.0273942
1500	7899	0.0273942
5272	7900	0.0273808
7899	7900	0.0273808
7075	7901	0.0273636
7900	7901	0.0273636
4785	7901	0.0273636
7901	7902	0.0273094
7884	7902	0.0273094
7885	7902	0.0273094
7902	7903	0.0272433
7886	7903	0.0272433
7903	7904	0.0272177
1517	7904	0.0272177
4731	7905	0.02721
7904	7905	0.02721
7576	7906	0.0277719
3233	7906	0.0277719
7575	7907	0.0276384
7906	7907	0.0276384
3986	7908	0.0275677
7591	7908	0.0275677
4998	7909	0.0278131
7615	7909	0.0278131
7909	7910	0.0273106
2186	7910	0.0273106
7660	7911	0.0276972
4549	7911	0.0276972
7911	7912	0.0275926
4643	7912	0.0275926
7912	7913	0.0273942
5300	7913	0.0273942
7060	7914	0.0272858
7913	7914	0.0272858
4022	7915	0.027214
2696	7915	0.027214
2605	7916	0.0275141
7845	7916	0.0275141
7905	7917	0.0271556
688	7917	0.0271556
7917	7918	0.0271495
2297	7918	0.0271495
5793	7919	0.0271228
7918	7919	0.0271228
7644	7919	0.0271228
7914	7919	0.0271228
7675	7919	0.0271228
7919	7920	0.0271052
7916	7920	0.0271052
7920	7921	0.0270945
2067	7921	0.0270945
7720	7922	0.0270734
7921	7922	0.0270734
7922	7923	0.0270091
7697	7923	0.0270091
7703	7923	0.0270091
7923	7924	0.0269394
2763	7924	0.0269394
6929	7925	0.0269128
7924	7925	0.0269128
7867	7926	0.0269087
7925	7926	0.0269087
7573	7927	0.0269075
7926	7927	0.0269075
7578	7928	0.0269049
7927	7928	0.0269049
7801	7928	0.0269049
6033	7928	0.0269049
7928	7929	0.0269033
667	7929	0.0269033
7565	7930	0.0268932
7929	7930	0.0268932
385	7931	0.026842
7930	7931	0.026842
7931	7932	0.0268106
7915	7932	0.0268106
7932	7933	0.0267935
1315	7933	0.0267935
7933	7934	0.0267854
4911	7934	0.0267854
7934	7935	0.0267803
5186	7935	0.0267803
7935	7936	0.0267781
7910	7936	0.0267781
7146	7937	0.0269473
1590	7937	0.0269473
7288	7938	0.0267523
7936	7938	0.0267523
3848	7939	0.0267513
7938	7939	0.0267513
7939	7940	0.0267487
7907	7940	0.0267487
7604	7940	0.0267487
7940	7941	0.0266954
1420	7941	0.0266954
7941	7942	0.0266614
5837	7942	0.0266614
4368	7943	0.026621
7942	7943	0.026621
7943	7944	0.0266148
28	7944	0.0266148
3702	7945	0.0266131
7944	7945	0.0266131
7945	7946	0.0265676
7908	7946	0.0265676
7002	7947	0.0265589
7946	7947	0.0265589
7947	7948	0.0265351
7937	7948	0.0265351
7948	7949	0.0265063
2937	7949	0.0265063
3156	7950	0.0264715
7949	7950	0.0264715
7950	7951	0.0264321
1522	7951	0.0264321
7951	7952	0.0263777
255	7952	0.0263777
7074	7953	0.0263727
7952	7953	0.0263727
2410	7954	0.0263421
7953	7954	0.0263421
4074	7955	0.0263214
7954	7955	0.0263214
3444	7956	0.0263165
7955	7956	0.0263165
2633	7956	0.0263165
3907	7957	0.0262882
7956	7957	0.0262882
3549	7958	0.0262745
7957	7958	0.0262745
7608	7959	0.0277119
7825	7959	0.0277119
2082	7960	0.0279886
7750	7960	0.0279886
7960	7961	0.0273239
5628	7961	0.0273239
7959	7962	0.0266904
7961	7962	0.0266904
7962	7963	0.0264715
3593	7963	0.0264715
5363	7964	0.0281853
7629	7964	0.0281853
5058	7965	0.0276178
7964	7965	0.0276178
7665	7966	0.0273418
5210	7966	0.0273418
7685	7967	0.027256
2459	7967	0.027256
7966	7968	0.026656
4680	7968	0.026656
7967	7969	0.0270137
2554	7969	0.0270137
7968	7970	0.0264912
7969	7970	0.0264912
7687	7971	0.0276376
7827	7971	0.0276376
7971	7972	0.0274105
5091	7972	0.0274105
7972	7973	0.0263605
5548	7973	0.0263605
7096	7974	0.0272748
930	7974	0.0272748
7688	7975	0.0263718
7689	7975	0.0263718
7789	7976	0.0280992
5128	7976	0.0280992
7690	7977	0.0278539
7976	7977	0.0278539
7977	7978	0.0274945
3089	7978	0.0274945
351	7979	0.027065
7978	7979	0.027065
7979	7980	0.0266452
7800	7980	0.0266452
747	7981	0.0277774
4664	7981	0.0277774
7184	7982	0.0279339
7777	7982	0.0279339
7982	7983	0.0273627
4912	7983	0.0273627
7981	7984	0.0270391
7983	7984	0.0270391
7984	7985	0.0269442
4773	7985	0.0269442
4289	7986	0.0265629
7985	7986	0.0265629
7820	7987	0.0276384
1761	7987	0.0276384
7987	7988	0.0273
2201	7988	0.0273
7044	7989	0.0263457
7988	7989	0.0263457
7077	7990	0.0269642
4513	7990	0.0269642
870	7991	0.0268133
3425	7991	0.0268133
7829	7992	0.0282862
5224	7992	0.0282862
7223	7993	0.026659
7992	7993	0.026659
3920	7994	0.0263434
5347	7994	0.0263434
3624	7995	0.0275782
7265	7995	0.0275782
5025	7996	0.0280218
4048	7996	0.0280218
7819	7997	0.026168
7866	7997	0.026168
6862	7998	0.0260971
7864	7998	0.0260971
298	7999	0.0262323
7958	7999	0.0262323
7999	8000	0.0262182
1302	8000	0.0262182
3485	8001	0.0262168
8000	8001	0.0262168
4897	8002	0.0261611
8001	8002	0.0261611
8002	8003	0.0261298
993	8003	0.0261298
5301	8004	0.0260878
8003	8004	0.0260878
8004	8005	0.0260441
195	8005	0.0260441
8005	8006	0.0260331
4273	8006	0.0260331
6867	8007	0.0260726
7788	8007	0.0260726
8006	8008	0.0260323
8007	8008	0.0260323
4877	8008	0.0260323
6974	8009	0.0259844
8008	8009	0.0259844
5042	8010	0.0259831
8009	8010	0.0259831
7842	8011	0.0261519
2953	8011	0.0261519
7994	8011	0.0261519
8011	8012	0.0260118
2635	8012	0.0260118
8010	8013	0.025975
6237	8013	0.025975
8012	8013	0.025975
1591	8014	0.025966
8013	8014	0.025966
7255	8015	0.0259588
8014	8015	0.0259588
8015	8016	0.0259524
767	8016	0.0259524
1641	8017	0.0259198
8016	8017	0.0259198
8017	8018	0.0259055
7965	8018	0.0259055
8018	8019	0.0258941
7996	8019	0.0258941
7232	8020	0.0258891
8019	8020	0.0258891
4930	8021	0.0258637
8020	8021	0.0258637
8021	8022	0.0258542
2279	8022	0.0258542
7579	8023	0.0258447
8022	8023	0.0258447
8023	8024	0.0258397
706	8024	0.0258397
873	8025	0.0258362
8024	8025	0.0258362
7973	8026	0.0258429
7824	8026	0.0258429
7974	8027	0.0261081
7975	8027	0.0261081
2675	8028	0.0259554
8027	8028	0.0259554
168	8029	0.0258206
8025	8029	0.0258206
7214	8030	0.0258184
8029	8030	0.0258184
7304	8031	0.0258171
4792	8031	0.0258171
8030	8031	0.0258171
4153	8032	0.0258031
8031	8032	0.0258031
5684	8033	0.0257896
8032	8033	0.0257896
8033	8034	0.0257681
8028	8034	0.0257681
2331	8035	0.0257402
8034	8035	0.0257402
3104	8036	0.0257025
8035	8036	0.0257025
6957	8037	0.0256921
8036	8037	0.0256921
6963	8037	0.0256921
7998	8038	0.0256909
8037	8038	0.0256909
1720	8038	0.0256909
7282	8039	0.025646
8038	8039	0.025646
192	8040	0.0256493
1239	8040	0.0256493
8039	8041	0.025632
8026	8041	0.025632
8041	8042	0.0256186
3345	8042	0.0256186
1551	8043	0.0255886
8042	8043	0.0255886
5118	8044	0.0255738
8043	8044	0.0255738
8040	8044	0.0255738
8044	8045	0.0255592
7990	8045	0.0255592
7563	8046	0.0255137
103	8046	0.0255137
8045	8046	0.0255137
8046	8047	0.0255053
1006	8047	0.0255053
7079	8048	0.0254961
8047	8048	0.0254961
8048	8049	0.0254916
7970	8049	0.0254916
8049	8050	0.0254843
1390	8050	0.0254843
350	8051	0.0254585
8050	8051	0.0254585
5248	8052	0.0254486
8051	8052	0.0254486
8052	8053	0.0254462
78	8053	0.0254462
8053	8054	0.025445
308	8054	0.025445
5831	8055	0.0254363
8054	8055	0.0254363
8055	8056	0.0254214
5698	8056	0.0254214
3384	8057	0.0254149
8056	8057	0.0254149
7963	8058	0.0261648
7989	8058	0.0261648
257	8059	0.0259469
8058	8059	0.0259469
2007	8060	0.0258928
6241	8060	0.0258928
7784	8061	0.025445
7802	8061	0.025445
7997	8062	0.0254038
8057	8062	0.0254038
976	8062	0.0254038
8062	8063	0.0253997
5148	8063	0.0253997
8063	8064	0.0253591
735	8064	0.0253591
8064	8065	0.0253337
8061	8065	0.0253337
3116	8066	0.0253591
7991	8066	0.0253591
8065	8067	0.0253095
7980	8067	0.0253095
8066	8067	0.0253095
7803	8068	0.0252995
8067	8068	0.0252995
8068	8069	0.0252773
3906	8069	0.0252773
7781	8070	0.0252678
8069	8070	0.0252678
7166	8071	0.0252658
8070	8071	0.0252658
7986	8072	0.0252076
4800	8072	0.0252076
7860	8073	0.0251971
8071	8073	0.0251971
2706	8073	0.0251971
8073	8074	0.0251942
8060	8074	0.0251942
8072	8074	0.0251942
8074	8075	0.0251864
1003	8075	0.0251864
8075	8076	0.0251187
845	8076	0.0251187
8076	8077	0.0250551
5066	8077	0.0250551
7995	8077	0.0250551
3025	8078	0.0250174
8077	8078	0.0250174
8078	8079	0.0250168
3817	8079	0.0250168
8079	8080	0.0249863
7704	8080	0.0249863
7857	8081	0.0249434
8080	8081	0.0249434
8081	8082	0.0249416
9	8082	0.0249416
8082	8083	0.024924
1955	8083	0.024924
7260	8084	0.0249194
8083	8084	0.0249194
8084	8085	0.0249043
1004	8085	0.0249043
254	8086	0.0248832
8085	8086	0.0248832
8086	8087	0.0248715
1464	8087	0.0248715
8087	8088	0.0247881
3172	8088	0.0247881
8088	8089	0.0247697
2470	8089	0.0247697
8089	8090	0.0247201
7570	8090	0.0247201
8090	8091	0.0246763
5231	8091	0.0246763
6803	8092	0.0246744
8091	8092	0.0246744
8092	8093	0.0246713
7773	8093	0.0246713
8093	8094	0.0246531
1818	8094	0.0246531
8059	8095	0.0246901
2667	8095	0.0246901
7837	8096	0.0246479
8094	8096	0.0246479
4778	8097	0.0246343
8096	8097	0.0246343
8097	8098	0.0246317
2745	8098	0.0246317
8098	8099	0.0246287
698	8099	0.0246287
8099	8100	0.0245838
8095	8100	0.0245838
8100	8101	0.0245801
793	8101	0.0245801
1114	8102	0.0245683
8101	8102	0.0245683
8102	8103	0.0245451
3111	8103	0.0245451
5720	8104	0.0245349
8103	8104	0.0245349
7740	8105	0.0245269
8104	8105	0.0245269
4814	8106	0.0244878
8105	8106	0.0244878
8106	8107	0.0244459
7993	8107	0.0244459
8107	8108	0.0244353
692	8108	0.0244353
8108	8109	0.0244273
1502	8109	0.0244273
8109	8110	0.02437
2388	8110	0.02437
7861	8111	0.024333
8110	8111	0.024333
8111	8112	0.0243244
2148	8112	0.0243244
8112	8113	0.0242931
2059	8113	0.0242931
7592	8114	0.0268381
1845	8114	0.0268381
7601	8115	0.0268787
5177	8115	0.0268787
7596	8116	0.0268537
8115	8116	0.0268537
3296	8117	0.026741
7818	8117	0.026741
5758	8118	0.0258637
8116	8118	0.0258637
7746	8119	0.0246051
8117	8119	0.0246051
8118	8120	0.0244632
8119	8120	0.0244632
7631	8121	0.0275281
7635	8121	0.0275281
732	8122	0.0275124
8121	8122	0.0275124
8122	8123	0.027188
5462	8123	0.027188
8123	8124	0.0259398
2446	8124	0.0259398
7677	8125	0.0271301
213	8125	0.0271301
5463	8126	0.024871
225	8126	0.024871
7742	8127	0.0263165
6081	8127	0.0263165
8127	8128	0.0243223
1031	8128	0.0243223
6895	8129	0.0263567
7743	8129	0.0263567
7065	8130	0.0260708
8129	8130	0.0260708
5526	8131	0.0251879
3470	8131	0.0251879
5263	8132	0.0271976
888	8132	0.0271976
7778	8133	0.0255957
7779	8133	0.0255957
696	8134	0.0275518
4950	8134	0.0275518
7810	8135	0.0273553
1831	8135	0.0273553
754	8136	0.0279867
4266	8136	0.0279867
1059	8137	0.0264857
799	8137	0.0264857
7817	8138	0.0270037
3665	8138	0.0270037
8138	8139	0.0243144
3720	8139	0.0243144
3964	8140	0.0261825
2767	8140	0.0261825
4233	8141	0.0245473
970	8141	0.0245473
8140	8142	0.0245121
8141	8142	0.0245121
1089	8143	0.0249231
3393	8143	0.0249231
7835	8144	0.0258569
4518	8144	0.0258569
2125	8145	0.0257067
4722	8145	0.0257067
7838	8146	0.0267258
3309	8146	0.0267258
1949	8147	0.0249364
6104	8147	0.0249364
7844	8148	0.0270849
4254	8148	0.0270849
4830	8149	0.0247201
7264	8149	0.0247201
5607	8150	0.0256754
6090	8150	0.0256754
6965	8151	0.0240841
1060	8151	0.0240841
8113	8152	0.0242324
3244	8152	0.0242324
8152	8153	0.0241662
1585	8153	0.0241662
978	8154	0.0241554
8153	8154	0.0241554
8154	8155	0.024151
8144	8155	0.024151
8155	8156	0.0241379
652	8156	0.0241379
8156	8157	0.0240994
368	8157	0.0240994
8157	8158	0.024082
8147	8158	0.024082
8158	8159	0.0240679
327	8159	0.0240679
7243	8160	0.0240603
8159	8160	0.0240603
7569	8161	0.024023
8160	8161	0.024023
7769	8162	0.0240173
8161	8162	0.0240173
8162	8163	0.0239843
658	8163	0.0239843
6995	8164	0.0239772
8163	8164	0.0239772
8164	8165	0.0239553
2876	8165	0.0239553
2485	8166	0.0239547
8165	8166	0.0239547
8166	8167	0.0239524
3297	8167	0.0239524
7212	8168	0.024152
1774	8168	0.024152
8167	8169	0.0239219
8120	8169	0.0239219
8168	8169	0.0239219
8169	8170	0.0239123
5099	8170	0.0239123
3335	8171	0.0238738
8170	8171	0.0238738
8171	8172	0.0238639
1660	8172	0.0238639
6647	8173	0.0238562
8172	8173	0.0238562
4109	8174	0.0238551
8173	8174	0.0238551
1846	8175	0.023842
8174	8175	0.023842
8175	8176	0.0238389
4881	8176	0.0238389
4187	8177	0.0238208
8176	8177	0.0238208
8177	8178	0.0238178
5398	8178	0.0238178
7286	8179	0.0238107
8178	8179	0.0238107
8179	8180	0.0237898
1057	8180	0.0237898
8180	8181	0.0237849
1603	8181	0.0237849
8181	8182	0.0237705
3870	8182	0.0237705
1450	8183	0.0237317
8182	8183	0.0237317
7162	8184	0.0237282
8183	8184	0.0237282
8134	8185	0.0239219
5669	8185	0.0239219
8139	8186	0.0240841
2939	8186	0.0240841
7815	8187	0.0239516
8186	8187	0.0239516
8184	8188	0.0237244
5779	8188	0.0237244
8188	8189	0.0236939
146	8189	0.0236939
3600	8190	0.023692
8189	8190	0.023692
1959	8191	0.0236635
8190	8191	0.0236635
5441	8192	0.0236377
8191	8192	0.0236377
8192	8193	0.0235699
921	8193	0.0235699
8193	8194	0.0235444
3574	8194	0.0235444
8194	8195	0.0235285
4220	8195	0.0235285
691	8196	0.0235764
8187	8196	0.0235764
8195	8197	0.0235004
1070	8197	0.0235004
8197	8198	0.0234467
8196	8198	0.0234467
8198	8199	0.0234231
2287	8199	0.0234231
8126	8200	0.0234611
551	8200	0.0234611
8199	8201	0.0233997
5351	8201	0.0233997
517	8202	0.0233905
8201	8202	0.0233905
8200	8202	0.0233905
3655	8203	0.0233809
8202	8203	0.0233809
8203	8204	0.0233774
5894	8204	0.0233774
8148	8205	0.0234269
4236	8205	0.0234269
1173	8206	0.0233767
8204	8206	0.0233767
2744	8207	0.0233746
8206	8207	0.0233746
8207	8208	0.0233584
8131	8208	0.0233584
3087	8208	0.0233584
8208	8209	0.0233353
5345	8209	0.0233353
8209	8210	0.0233319
8205	8210	0.0233319
8210	8211	0.023324
8185	8211	0.023324
7253	8212	0.0232983
5806	8212	0.0232983
8211	8212	0.0232983
91	8213	0.0232831
8212	8213	0.0232831
7840	8214	0.023257
8213	8214	0.023257
8214	8215	0.0232507
3389	8215	0.0232507
5136	8216	0.0232393
8215	8216	0.0232393
8216	8217	0.0232198
8149	8217	0.0232198
5631	8217	0.0232198
8217	8218	0.0232002
2868	8218	0.0232002
1227	8219	0.0231514
8218	8219	0.0231514
2803	8220	0.0240898
8128	8220	0.0240898
8220	8221	0.0238322
5596	8221	0.0238322
3510	8222	0.0233584
8221	8222	0.0233584
8130	8223	0.0239407
2197	8223	0.0239407
8223	8224	0.0239057
1209	8224	0.0239057
8219	8225	0.0231353
1931	8225	0.0231353
7691	8226	0.0231319
8225	8226	0.0231319
2861	8227	0.0231295
8226	8227	0.0231295
1127	8228	0.0231257
8227	8228	0.0231257
8228	8229	0.0231073
3278	8229	0.0231073
8229	8230	0.0231038
265	8230	0.0231038
992	8231	0.0230953
8230	8231	0.0230953
2721	8232	0.0230912
8231	8232	0.0230912
7853	8233	0.0230779
8232	8233	0.0230779
8233	8234	0.0230723
821	8234	0.0230723
8234	8235	0.0230656
8137	8235	0.0230656
7847	8236	0.0230578
8235	8236	0.0230578
8236	8237	0.0230446
1294	8237	0.0230446
1562	8238	0.0230388
8237	8238	0.0230388
8238	8239	0.0230285
2821	8239	0.0230285
7852	8240	0.0230236
8239	8240	0.0230236
5994	8241	0.023018
8240	8241	0.023018
6783	8242	0.023011
8241	8242	0.023011
8242	8243	0.0229976
5012	8243	0.0229976
8243	8244	0.022989
2931	8244	0.022989
2507	8245	0.0229804
8244	8245	0.0229804
8245	8246	0.0229395
2241	8246	0.0229395
1234	8247	0.0229355
8246	8247	0.0229355
8143	8248	0.0229332
8247	8248	0.0229332
543	8249	0.0229129
8248	8249	0.0229129
7198	8250	0.0228617
8249	8250	0.0228617
8250	8251	0.0228519
1285	8251	0.0228519
7225	8252	0.0228506
8251	8252	0.0228506
3517	8253	0.0228369
8252	8253	0.0228369
1565	8254	0.0228311
8253	8254	0.0228311
8254	8255	0.0228066
6014	8255	0.0228066
4409	8256	0.022804
8255	8256	0.022804
8256	8257	0.0227881
1752	8257	0.0227881
8222	8258	0.0228902
2434	8258	0.0228902
1943	8259	0.022786
8257	8259	0.022786
7	8260	0.0227843
7856	8260	0.0227843
8259	8260	0.0227843
8260	8261	0.0227325
8258	8261	0.0227325
8224	8261	0.0227325
7814	8262	0.0227232
8261	8262	0.0227232
7812	8263	0.0227118
8262	8263	0.0227118
2114	8263	0.0227118
7836	8263	0.0227118
7229	8264	0.0227086
8151	8264	0.0227086
8263	8264	0.0227086
8264	8265	0.0226873
891	8265	0.0226873
8265	8266	0.0226811
173	8266	0.0226811
2263	8267	0.022669
8266	8267	0.022669
5502	8268	0.0226564
8267	8268	0.0226564
4743	8269	0.0226491
8268	8269	0.0226491
8269	8270	0.0226307
106	8270	0.0226307
8270	8271	0.0226261
2328	8271	0.0226261
813	8272	0.0226212
8271	8272	0.0226212
8272	8273	0.0226172
851	8273	0.0226172
8273	8274	0.0226056
2135	8274	0.0226056
8274	8275	0.0225797
4043	8275	0.0225797
8275	8276	0.0225736
2243	8276	0.0225736
8276	8277	0.0225335
910	8277	0.0225335
4014	8278	0.0225115
8277	8278	0.0225115
8278	8279	0.0225069
2841	8279	0.0225069
5153	8280	0.0224742
8279	8280	0.0224742
592	8281	0.0224705
8280	8281	0.0224705
8281	8282	0.0224567
3428	8282	0.0224567
4650	8283	0.0224522
8282	8283	0.0224522
8132	8284	0.0224436
8283	8284	0.0224436
5612	8285	0.0224381
8284	8285	0.0224381
6128	8286	0.0224283
8285	8286	0.0224283
349	8287	0.022426
8286	8287	0.022426
2248	8288	0.0224212
8287	8288	0.0224212
8288	8289	0.0224154
4548	8289	0.0224154
8289	8290	0.0224063
2249	8290	0.0224063
8290	8291	0.0224055
1011	8291	0.0224055
83	8292	0.0242587
2964	8292	0.0242587
8114	8293	0.0237015
102	8293	0.0237015
1293	8294	0.0234674
4024	8294	0.0234674
8145	8295	0.0231563
1412	8295	0.0231563
5998	8296	0.022451
4094	8296	0.022451
5898	8297	0.0230779
5168	8297	0.0230779
8291	8298	0.0223995
6253	8298	0.0223995
8298	8299	0.0223571
3449	8299	0.0223571
8299	8300	0.0223557
8142	8300	0.0223557
5982	8301	0.0223311
8300	8301	0.0223311
8301	8302	0.0223305
3077	8302	0.0223305
5070	8303	0.0223289
8302	8303	0.0223289
4656	8304	0.0223256
8303	8304	0.0223256
8304	8305	0.0223234
1257	8305	0.0223234
8305	8306	0.0222909
558	8306	0.0222909
8306	8307	0.0222883
5077	8307	0.0222883
2932	8307	0.0222883
8307	8308	0.0222826
1277	8308	0.0222826
3276	8308	0.0222826
7156	8309	0.0222321
8308	8309	0.0222321
8309	8310	0.0222151
8135	8310	0.0222151
8310	8311	0.0221855
2915	8311	0.0221855
4495	8312	0.0221799
8311	8312	0.0221799
4029	8313	0.0221664
8312	8313	0.0221664
7300	8314	0.0221625
8313	8314	0.0221625
4255	8314	0.0221625
8314	8315	0.0221587
514	8315	0.0221587
8315	8316	0.0221574
8124	8316	0.0221574
3054	8317	0.0221329
8316	8317	0.0221329
3658	8318	0.0221317
8317	8318	0.0221317
8318	8319	0.0221242
752	8319	0.0221242
8319	8320	0.0220967
1915	8320	0.0220967
116	8321	0.0220607
8320	8321	0.0220607
3137	8322	0.0220595
8321	8322	0.0220595
8322	8323	0.022051
8296	8323	0.022051
2755	8324	0.0220496
8323	8324	0.0220496
8324	8325	0.0220471
1664	8325	0.0220471
7766	8326	0.0220446
8325	8326	0.0220446
8326	8327	0.0220032
2226	8327	0.0220032
8327	8328	0.0219888
3921	8328	0.0219888
3930	8328	0.0219888
1442	8329	0.0219861
8328	8329	0.0219861
8292	8330	0.0220636
3874	8330	0.0220636
7072	8331	0.0220311
8146	8331	0.0220311
8329	8332	0.0219651
1467	8332	0.0219651
8332	8333	0.0219364
8150	8333	0.0219364
8333	8334	0.0218806
2085	8334	0.0218806
1266	8335	0.0218496
8334	8335	0.0218496
7254	8336	0.0218337
8335	8336	0.0218337
8336	8337	0.0218134
137	8337	0.0218134
8337	8338	0.0218079
5901	8338	0.0218079
8338	8339	0.021806
3195	8339	0.021806
8339	8340	0.0217983
5030	8340	0.0217983
1686	8341	0.0217791
8340	8341	0.0217791
8341	8342	0.0217697
5413	8342	0.0217697
3526	8343	0.0217552
8342	8343	0.0217552
8343	8344	0.0217524
1742	8344	0.0217524
8344	8345	0.0217404
4379	8345	0.0217404
8345	8346	0.0217169
2653	8346	0.0217169
8346	8347	0.0216852
2509	8347	0.0216852
8347	8348	0.0216828
8330	8348	0.0216828
8125	8349	0.0217559
189	8349	0.0217559
8348	8350	0.0216782
5356	8350	0.0216782
8350	8351	0.0216753
5197	8351	0.0216753
3732	8352	0.0216697
8351	8352	0.0216697
8352	8353	0.0216646
3241	8353	0.0216646
4389	8354	0.021659
8353	8354	0.021659
8354	8355	0.0216514
5193	8355	0.0216514
8355	8356	0.0216427
8331	8356	0.0216427
8356	8357	0.0216355
2739	8357	0.0216355
8136	8358	0.0216357
3151	8358	0.0216357
7795	8359	0.0216322
8357	8359	0.0216322
8359	8360	0.0216036
1252	8360	0.0216036
8360	8361	0.0215921
7248	8361	0.0215921
8361	8362	0.0215844
1654	8362	0.0215844
8362	8363	0.0215826
8358	8363	0.0215826
8363	8364	0.0215757
3589	8364	0.0215757
8295	8364	0.0215757
5323	8365	0.0215711
8364	8365	0.0215711
8349	8365	0.0215711
8365	8366	0.0215675
2562	8366	0.0215675
8294	8367	0.0222321
1452	8367	0.0222321
8366	8368	0.0215646
3492	8368	0.0215646
8368	8369	0.0215498
4417	8369	0.0215498
8369	8370	0.0215396
1367	8370	0.0215396
2689	8371	0.0215385
8370	8371	0.0215385
7230	8372	0.0215251
8371	8372	0.0215251
6730	8373	0.0215168
282	8373	0.0215168
8372	8373	0.0215168
8373	8374	0.0215147
4325	8374	0.0215147
8374	8375	0.0214984
1355	8375	0.0214984
643	8376	0.0214928
8375	8376	0.0214928
689	8377	0.0214438
8376	8377	0.0214438
8377	8378	0.0214366
2820	8378	0.0214366
8378	8379	0.0214233
1388	8379	0.0214233
2501	8379	0.0214233
8379	8380	0.0214217
4283	8380	0.0214217
2054	8380	0.0214217
4762	8381	0.021404
8380	8381	0.021404
8381	8382	0.0214012
8133	8382	0.0214012
7751	8383	0.021368
8382	8383	0.021368
4526	8384	0.0213548
8383	8384	0.0213548
8384	8385	0.0213414
89	8385	0.0213414
1682	8386	0.0213347
8385	8386	0.0213347
3820	8386	0.0213347
2851	8387	0.0213269
8386	8387	0.0213269
2594	8388	0.0213219
8387	8388	0.0213219
8388	8389	0.0212988
2772	8389	0.0212988
7165	8390	0.0212871
8389	8390	0.0212871
8390	8391	0.02125
1427	8391	0.02125
8391	8392	0.0212364
397	8392	0.0212364
8392	8393	0.0212266
3117	8393	0.0212266
4042	8394	0.0212126
8393	8394	0.0212126
8394	8395	0.0211938
4845	8395	0.0211938
2489	8396	0.0211877
8395	8396	0.0211877
5883	8397	0.0211865
8396	8397	0.0211865
8397	8398	0.0211843
2749	8398	0.0211843
8398	8399	0.0211631
247	8399	0.0211631
2978	8400	0.0211556
8399	8400	0.0211556
8400	8401	0.0211484
5539	8401	0.0211484
8401	8402	0.0211435
2867	8402	0.0211435
8402	8403	0.0211352
5126	8403	0.0211352
8403	8404	0.0211315
5642	8404	0.0211315
7854	8405	0.0211258
8404	8405	0.0211258
8405	8406	0.0210735
131	8406	0.0210735
3864	8407	0.021039
8406	8407	0.021039
8407	8408	0.021025
624	8408	0.021025
818	8409	0.0210011
8408	8409	0.0210011
8293	8410	0.0209802
8409	8410	0.0209802
3983	8411	0.0209618
8410	8411	0.0209618
6236	8412	0.0209438
8411	8412	0.0209438
8412	8413	0.0209231
8297	8413	0.0209231
353	8414	0.0209093
8413	8414	0.0209093
8414	8415	0.0209037
608	8415	0.0209037
4212	8416	0.020894
8415	8416	0.020894
2684	8416	0.020894
6712	8417	0.0208314
8416	8417	0.0208314
8417	8418	0.0207913
3721	8418	0.0207913
7161	8419	0.0208001
8367	8419	0.0208001
8418	8420	0.0207623
8419	8420	0.0207623
8420	8421	0.0207299
905	8421	0.0207299
8421	8422	0.0207275
2782	8422	0.0207275
7841	8423	0.0207212
8422	8423	0.0207212
8423	8424	0.0207186
3745	8424	0.0207186
8424	8425	0.0207027
6198	8425	0.0207027
3995	8426	0.0207015
8425	8426	0.0207015
8426	8427	0.0206803
2413	8427	0.0206803
6115	8428	0.0206717
5241	8428	0.0206717
8427	8428	0.0206717
8428	8429	0.0206629
4475	8429	0.0206629
8429	8430	0.0206621
430	8430	0.0206621
1753	8431	0.0329285
6	8431	0.0329285
997	8432	0.0218829
8431	8432	0.0218829
3038	8433	0.0253846
4278	8433	0.0253846
5275	8434	0.0217809
317	8434	0.0217809
5926	8435	0.0221187
3123	8435	0.0221187
8435	8436	0.0220191
6013	8436	0.0220191
8433	8437	0.0215636
8436	8437	0.0215636
8434	8438	0.0211843
8437	8438	0.0211843
8438	8439	0.0207032
5762	8439	0.0207032
3465	8440	0.126516
628	8440	0.126516
8440	8441	0.0289586
4474	8441	0.0289586
12	8442	0.106761
5383	8442	0.106761
149	8443	0.0869874
8442	8443	0.0869874
8443	8444	0.032791
2969	8444	0.032791
1527	8445	0.0272598
8444	8445	0.0272598
2189	8446	0.319596
24	8446	0.319596
190	8447	0.0729472
29	8447	0.0729472
5050	8448	0.0229863
31	8448	0.0229863
35	8449	0.110719
530	8449	0.110719
1692	8450	0.023987
5097	8450	0.023987
1881	8451	0.0315278
36	8451	0.0315278
8451	8452	0.0299158
5194	8452	0.0299158
2579	8453	0.0282366
8452	8453	0.0282366
8453	8454	0.0280832
2449	8454	0.0280832
8454	8455	0.0222999
5039	8455	0.0222999
8455	8456	0.020935
4167	8456	0.020935
3609	8457	0.0908336
409	8457	0.0908336
8457	8458	0.0795494
931	8458	0.0795494
322	8459	0.0655672
339	8459	0.0655672
8458	8460	0.0633872
8459	8460	0.0633872
1543	8461	0.0621366
8460	8461	0.0621366
914	8462	0.126276
3337	8462	0.126276
3984	8463	0.106252
8462	8463	0.106252
8463	8464	0.104221
4895	8464	0.104221
3489	8465	0.0294193
4081	8465	0.0294193
8465	8466	0.0281122
5086	8466	0.0281122
8464	8467	0.0259334
8466	8467	0.0259334
8467	8468	0.023968
1709	8468	0.023968
8468	8469	0.0224098
211	8469	0.0224098
4098	8470	0.0409686
2219	8470	0.0409686
1268	8471	0.111296
3088	8471	0.111296
8471	8472	0.0243453
413	8472	0.0243453
1582	8473	0.0663037
2240	8473	0.0663037
4828	8474	0.0540307
8473	8474	0.0540307
3985	8475	0.0891783
1870	8475	0.0891783
3566	8476	0.0293406
4428	8476	0.0293406
1868	8477	0.0292043
8476	8477	0.0292043
8477	8478	0.0291119
536	8478	0.0291119
3799	8479	0.0629739
4181	8479	0.0629739
71	8480	0.0449783
3274	8480	0.0449783
8479	8481	0.0409631
8480	8481	0.0409631
8481	8482	0.0401594
3418	8482	0.0401594
8482	8483	0.0311901
4313	8483	0.0311901
8483	8484	0.0295203
2595	8484	0.0295203
8484	8485	0.0280371
2593	8485	0.0280371
1306	8486	0.0301061
6166	8486	0.0301061
8486	8487	0.0280564
54	8487	0.0280564
8487	8488	0.0278496
74	8488	0.0278496
8485	8489	0.0233746
8488	8489	0.0233746
8489	8490	0.0219651
5948	8490	0.0219651
8490	8491	0.0213861
4779	8491	0.0213861
8491	8492	0.0210505
398	8492	0.0210505
3268	8493	0.0926928
1552	8493	0.0926928
4021	8494	0.0810437
529	8494	0.0810437
8493	8495	0.0607031
5365	8495	0.0607031
8494	8496	0.050459
1384	8496	0.050459
8496	8497	0.0476888
8495	8497	0.0476888
66	8498	0.129262
1337	8498	0.129262
3967	8499	0.110363
8498	8499	0.110363
1724	8500	0.156611
208	8500	0.156611
8500	8501	0.102574
3811	8501	0.102574
8501	8502	0.0921845
1902	8502	0.0921845
8502	8503	0.0861291
1769	8503	0.0861291
8503	8504	0.0629654
5404	8504	0.0629654
8504	8505	0.0603312
1144	8505	0.0603312
8505	8506	0.0575359
67	8506	0.0575359
8506	8507	0.0564906
1554	8507	0.0564906
8507	8508	0.0559486
5285	8508	0.0559486
8508	8509	0.0543576
612	8509	0.0543576
8509	8510	0.0539597
3630	8510	0.0539597
8510	8511	0.041742
4951	8511	0.041742
8511	8512	0.0390527
3524	8512	0.0390527
2814	8513	0.133018
2817	8513	0.133018
6127	8514	0.0281657
2818	8514	0.0281657
8513	8515	0.0252709
8514	8515	0.0252709
8515	8516	0.0210437
807	8516	0.0210437
3913	8517	0.0328387
81	8517	0.0328387
1236	8518	0.167147
6248	8518	0.167147
3776	8519	0.0526449
405	8519	0.0526449
8519	8520	0.0377045
5287	8520	0.0377045
93	8521	0.0365574
8520	8521	0.0365574
8521	8522	0.0359761
1169	8522	0.0359761
8522	8523	0.031663
2462	8523	0.031663
2660	8524	0.0293435
8523	8524	0.0293435
2152	8525	0.0411797
1725	8525	0.0411797
8525	8526	0.0372298
2471	8526	0.0372298
209	8527	0.0276402
8526	8527	0.0276402
3462	8528	0.0276042
8527	8528	0.0276042
1288	8529	0.0707414
4843	8529	0.0707414
158	8530	0.0310239
95	8530	0.0310239
4281	8531	0.0252344
4017	8531	0.0252344
8530	8532	0.0249747
8531	8532	0.0249747
3320	8533	0.0246393
8532	8533	0.0246393
8533	8534	0.0217028
2307	8534	0.0217028
2214	8535	0.144739
3091	8535	0.144739
943	8536	0.123579
8535	8536	0.123579
4449	8537	0.0391807
5571	8537	0.0391807
3336	8538	0.0304174
8537	8538	0.0304174
8536	8539	0.0298738
8538	8539	0.0298738
8539	8540	0.0290559
4612	8540	0.0290559
4493	8541	0.0222836
3551	8541	0.0222836
4286	8542	0.0501468
4765	8542	0.0501468
8542	8543	0.0208378
5934	8543	0.0208378
1251	8544	0.111787
110	8544	0.111787
5981	8545	0.0555128
452	8545	0.0555128
8544	8546	0.0440093
831	8546	0.0440093
8545	8547	0.034936
8546	8547	0.034936
1840	8548	0.228372
2254	8548	0.228372
4197	8549	0.0476742
8548	8549	0.0476742
4516	8550	0.0207509
1513	8550	0.0207509
2996	8551	0.0240955
3695	8551	0.0240955
561	8552	0.143969
6101	8552	0.143969
6108	8553	0.142149
8552	8553	0.142149
6012	8554	0.10704
8553	8554	0.10704
6094	8555	0.0999696
8554	8555	0.0999696
8555	8556	0.0612984
5815	8556	0.0612984
6097	8556	0.0612984
8556	8557	0.0469324
5814	8557	0.0469324
2274	8558	0.023409
5891	8558	0.023409
6088	8559	0.0385915
998	8559	0.0385915
8559	8560	0.0221693
3784	8560	0.0221693
367	8561	0.0217241
120	8561	0.0217241
3783	8562	0.0453845
3108	8562	0.0453845
8562	8563	0.0343921
3685	8563	0.0343921
417	8564	0.0314782
3193	8564	0.0314782
5011	8565	0.346173
4954	8565	0.346173
2863	8566	0.0374869
5975	8566	0.0374869
8566	8567	0.0300388
2265	8567	0.0300388
8567	8568	0.0251805
4217	8568	0.0251805
4541	8569	0.0236766
8568	8569	0.0236766
8564	8570	0.0234896
5947	8570	0.0234896
8570	8571	0.0231993
3652	8571	0.0231993
8571	8572	0.0231196
2517	8572	0.0231196
8563	8573	0.021492
8572	8573	0.021492
8569	8574	0.0213936
8573	8574	0.0213936
8565	8575	0.0208627
8574	8575	0.0208627
2385	8576	0.0207855
8575	8576	0.0207855
4246	8577	0.0417773
495	8577	0.0417773
1465	8578	0.0404239
8577	8578	0.0404239
458	8579	0.0402489
8578	8579	0.0402489
2468	8580	0.138547
1359	8580	0.138547
1014	8581	0.137829
8580	8581	0.137829
3318	8582	0.0727502
6051	8582	0.0727502
5140	8583	0.0413095
726	8583	0.0413095
8583	8584	0.0290814
1028	8584	0.0290814
8584	8585	0.0264321
2025	8585	0.0264321
8585	8586	0.0234734
3429	8586	0.0234734
8586	8587	0.0212603
1866	8587	0.0212603
4875	8588	0.0370026
4372	8588	0.0370026
4860	8589	0.0271436
8588	8589	0.0271436
8589	8590	0.0238273
2911	8590	0.0238273
8590	8591	0.0231849
3562	8591	0.0231849
4904	8592	0.109597
3464	8592	0.109597
8592	8593	0.0590558
5354	8593	0.0590558
5660	8594	0.0992472
5206	8594	0.0992472
894	8595	0.0371652
5339	8595	0.0371652
1080	8596	0.0434293
1696	8596	0.0434293
8596	8597	0.0252891
5608	8597	0.0252891
8597	8598	0.0210877
2320	8598	0.0210877
1743	8599	0.020935
8598	8599	0.020935
5800	8600	0.0369339
1889	8600	0.0369339
143	8601	0.223533
2694	8601	0.223533
1695	8602	0.0216743
1867	8602	0.0216743
2127	8603	0.136771
174	8603	0.136771
178	8604	0.0459521
3981	8604	0.0459521
4306	8605	0.16214
188	8605	0.16214
193	8606	0.146336
1595	8606	0.146336
3043	8607	0.117845
8606	8607	0.117845
5938	8608	0.117697
8607	8608	0.117697
201	8609	0.0360619
648	8609	0.0360619
6089	8610	0.0385692
5507	8610	0.0385692
8610	8611	0.0250117
6215	8611	0.0250117
2906	8612	0.126251
3264	8612	0.126251
8612	8613	0.114934
5031	8613	0.114934
8613	8614	0.109672
5626	8614	0.109672
1495	8615	0.0419463
555	8615	0.0419463
8615	8616	0.0402689
1974	8616	0.0402689
8616	8617	0.0319368
4148	8617	0.0319368
8617	8618	0.0304738
3280	8618	0.0304738
8618	8619	0.0270896
420	8619	0.0270896
8619	8620	0.0232418
1575	8620	0.0232418
8620	8621	0.0225439
1240	8621	0.0225439
8621	8622	0.0213392
3453	8622	0.0213392
471	8623	0.154917
1747	8623	0.154917
2408	8624	0.0225617
4416	8624	0.0225617
4866	8625	0.0225
8624	8625	0.0225
4709	8626	0.130401
4577	8626	0.130401
228	8627	0.11668
8626	8627	0.11668
3912	8628	0.0866194
8627	8628	0.0866194
1617	8629	0.0208176
2622	8629	0.0208176
4982	8630	0.0572
232	8630	0.0572
3442	8631	0.0775083
4635	8631	0.0775083
8631	8632	0.0542577
3689	8632	0.0542577
243	8633	0.0272621
4451	8633	0.0272621
1076	8634	0.0243004
8633	8634	0.0243004
4347	8635	0.0282679
2628	8635	0.0282679
3803	8636	0.0239048
4827	8636	0.0239048
854	8637	0.0697083
1730	8637	0.0697083
4133	8638	0.0592584
8637	8638	0.0592584
5237	8639	0.0283376
3587	8639	0.0283376
8638	8640	0.0264512
8639	8640	0.0264512
3716	8641	0.0443055
2500	8641	0.0443055
1651	8642	0.0569045
936	8642	0.0569045
8642	8643	0.0430035
2641	8643	0.0430035
8643	8644	0.0258486
2965	8644	0.0258486
4631	8645	0.0414853
475	8645	0.0414853
2748	8646	0.0918677
1055	8646	0.0918677
292	8647	0.0377779
3812	8647	0.0377779
4369	8648	0.114142
5645	8648	0.114142
4963	8649	0.0499747
5935	8649	0.0499747
8649	8650	0.0451931
3473	8650	0.0451931
8650	8651	0.0447756
6167	8651	0.0447756
8651	8652	0.0444891
2147	8652	0.0444891
8652	8653	0.0394282
5865	8653	0.0394282
607	8654	0.0378628
5593	8654	0.0378628
8653	8655	0.0385257
4693	8655	0.0385257
8655	8656	0.0293237
3704	8656	0.0293237
8656	8657	0.0281421
3317	8657	0.0281421
8657	8658	0.0277987
2726	8658	0.0277987
8658	8659	0.0243959
4269	8659	0.0243959
8654	8660	0.0210691
8659	8660	0.0210691
5529	8661	0.0235846
4339	8661	0.0235846
4981	8662	0.103116
270	8662	0.103116
2202	8663	0.0596391
5222	8663	0.0596391
632	8663	0.0596391
3790	8664	0.0929959
273	8664	0.0929959
8664	8665	0.0791979
6044	8665	0.0791979
283	8666	0.0239755
2239	8666	0.0239755
4554	8667	0.0233954
8666	8667	0.0233954
8667	8668	0.0210495
6041	8668	0.0210495
285	8669	0.167677
3434	8669	0.167677
288	8670	0.0769619
3777	8670	0.0769619
8670	8671	0.0557838
3342	8671	0.0557838
5230	8672	0.0443566
2614	8672	0.0443566
5352	8673	0.107073
886	8673	0.107073
748	8674	0.099724
1744	8674	0.099724
8674	8675	0.0535894
3161	8675	0.0535894
1971	8676	0.0343173
4321	8676	0.0343173
4210	8677	0.0308126
8676	8677	0.0308126
4946	8678	0.0329619
3168	8678	0.0329619
8678	8679	0.0315826
790	8679	0.0315826
8679	8680	0.0234032
2657	8680	0.0234032
584	8681	0.0207576
4748	8681	0.0207576
5029	8682	0.0354011
1396	8682	0.0354011
5181	8683	0.0606012
2979	8683	0.0606012
8683	8684	0.04179
5488	8684	0.04179
8684	8685	0.0241175
853	8685	0.0241175
2701	8686	0.0548401
1765	8686	0.0548401
6151	8687	0.0375815
326	8687	0.0375815
332	8688	0.052436
423	8688	0.052436
4603	8689	0.0929921
2838	8689	0.0929921
5226	8690	0.108273
5828	8690	0.108273
8690	8691	0.0437838
3529	8691	0.0437838
5965	8692	0.125674
4528	8692	0.125674
2789	8693	0.0315096
3531	8693	0.0315096
1980	8694	0.0595933
842	8694	0.0595933
4772	8695	0.0474947
2607	8695	0.0474947
3726	8696	0.0266598
359	8696	0.0266598
2284	8697	0.0371075
4304	8697	0.0371075
5742	8698	0.0327257
3737	8698	0.0327257
8698	8699	0.0281608
4038	8699	0.0281608
8697	8700	0.0276206
8699	8700	0.0276206
5715	8701	0.0278512
3201	8701	0.0278512
4756	8702	0.0256662
8701	8702	0.0256662
8702	8703	0.025632
1578	8703	0.025632
8700	8704	0.0255402
8703	8704	0.0255402
8704	8705	0.0254843
4193	8705	0.0254843
8705	8706	0.0237627
5992	8706	0.0237627
3253	8707	0.0636892
3635	8707	0.0636892
2442	8708	0.0530831
5874	8708	0.0530831
8708	8709	0.0401961
344	8709	0.0401961
8709	8710	0.0362663
823	8710	0.0362663
585	8710	0.0362663
3430	8711	0.0267498
1663	8711	0.0267498
5537	8712	0.0245468
8711	8712	0.0245468
5009	8713	0.104483
5335	8713	0.104483
2850	8714	0.0298689
590	8714	0.0298689
8714	8715	0.0265887
4012	8715	0.0265887
8715	8716	0.0263138
3831	8716	0.0263138
8716	8717	0.0262985
535	8717	0.0262985
8717	8718	0.0250899
2065	8718	0.0250899
2830	8719	0.0572493
3741	8719	0.0572493
3179	8720	0.0245963
358	8720	0.0245963
986	8721	0.0639515
4598	8721	0.0639515
8721	8722	0.0233024
6071	8722	0.0233024
1908	8723	0.0653696
6207	8723	0.0653696
2010	8724	0.0393814
8723	8724	0.0393814
377	8725	0.0437355
1950	8725	0.0437355
381	8726	0.1123
4632	8726	0.1123
1760	8727	0.0481615
3579	8727	0.0481615
2430	8728	0.0481234
8727	8728	0.0481234
1342	8729	0.044438
8728	8729	0.044438
8729	8730	0.032487
4351	8730	0.032487
8730	8731	0.020979
3943	8731	0.020979
4397	8732	0.122019
2527	8732	0.122019
8732	8733	0.0448968
5014	8733	0.0448968
2864	8734	0.0244008
3754	8734	0.0244008
8734	8735	0.02378
1491	8735	0.02378
3621	8736	0.0228135
8735	8736	0.0228135
8736	8737	0.0219574
3623	8737	0.0219574
5454	8738	0.0216491
8737	8738	0.0216491
4948	8739	0.0283369
3354	8739	0.0283369
6024	8740	0.0459351
6122	8740	0.0459351
5141	8741	0.12854
4348	8741	0.12854
4593	8742	0.123123
8741	8742	0.123123
2693	8743	0.0266514
2221	8743	0.0266514
4291	8744	0.0645524
4284	8744	0.0645524
1334	8745	0.0599568
8744	8745	0.0599568
8745	8746	0.0421806
3557	8746	0.0421806
1039	8747	0.0212864
1087	8747	0.0212864
5362	8748	0.023409
4209	8748	0.023409
6234	8749	0.0713912
2908	8749	0.0713912
8749	8750	0.0489397
4441	8750	0.0489397
3898	8751	0.0464297
8750	8751	0.0464297
3441	8752	0.0307495
469	8752	0.0307495
5953	8753	0.0220709
483	8753	0.0220709
1340	8754	0.130326
2662	8754	0.130326
627	8755	0.129823
8754	8755	0.129823
8755	8756	0.0521195
804	8756	0.0521195
5145	8757	0.173402
499	8757	0.173402
946	8758	0.0493964
505	8758	0.0493964
4045	8759	0.139329
3312	8759	0.139329
8759	8760	0.124349
4343	8760	0.124349
2060	8761	0.0977827
520	8761	0.0977827
525	8762	0.0624297
1364	8762	0.0624297
2404	8763	0.0388481
6009	8763	0.0388481
8763	8764	0.0377784
6218	8764	0.0377784
8764	8765	0.0373357
4729	8765	0.0373357
8765	8766	0.0340395
5664	8766	0.0340395
8766	8767	0.0327033
542	8767	0.0327033
809	8768	0.253623
1126	8768	0.253623
8768	8769	0.192679
1363	8769	0.192679
4922	8770	0.0308352
2793	8770	0.0308352
3592	8771	0.115696
3677	8771	0.115696
4607	8772	0.0222039
2056	8772	0.0222039
1382	8773	0.0209995
8772	8773	0.0209995
2384	8774	0.0918904
5052	8774	0.0918904
8774	8775	0.0771486
562	8775	0.0771486
8775	8776	0.0668456
1018	8776	0.0668456
4551	8777	0.303632
3521	8777	0.303632
8777	8778	0.178121
583	8778	0.178121
4625	8779	0.135969
5391	8779	0.135969
8779	8780	0.116679
3382	8780	0.116679
8780	8781	0.0910391
2856	8781	0.0910391
5560	8782	0.0889142
8781	8782	0.0889142
5985	8783	0.0881777
8782	8783	0.0881777
8783	8784	0.0733642
5331	8784	0.0733642
8784	8785	0.0498552
599	8785	0.0498552
8785	8786	0.0399556
5420	8786	0.0399556
8786	8787	0.0390073
4669	8787	0.0390073
3427	8788	0.055126
5372	8788	0.055126
3267	8789	0.0933826
5440	8789	0.0933826
8789	8790	0.0918492
2428	8790	0.0918492
8790	8791	0.0403977
609	8791	0.0403977
2139	8792	0.236335
1984	8792	0.236335
8792	8793	0.148618
2764	8793	0.148618
8793	8794	0.113688
3445	8794	0.113688
617	8795	0.0517879
2271	8795	0.0517879
2583	8796	0.135132
3488	8796	0.135132
3306	8797	0.153999
899	8797	0.153999
8797	8798	0.0956484
1143	8798	0.0956484
2511	8799	0.085751
2698	8799	0.085751
8799	8800	0.0239516
4076	8800	0.0239516
3879	8801	0.254212
4399	8801	0.254212
2941	8802	0.253808
8801	8802	0.253808
8802	8803	0.0391567
4447	8803	0.0391567
6259	8804	0.0271017
3887	8804	0.0271017
630	8805	0.184367
2058	8805	0.184367
1512	8806	0.183945
8805	8806	0.183945
4422	8807	0.0460947
6179	8807	0.0460947
8807	8808	0.0222785
2391	8808	0.0222785
5886	8809	0.165911
6162	8809	0.165911
8809	8810	0.1525
4697	8810	0.1525
8810	8811	0.10447
5585	8811	0.10447
8811	8812	0.0834711
633	8812	0.0834711
8812	8813	0.0597602
5665	8813	0.0597602
634	8814	0.384561
3648	8814	0.384561
3138	8815	0.0731064
1439	8815	0.0731064
8815	8816	0.0500055
794	8816	0.0500055
4671	8817	0.0473705
8816	8817	0.0473705
3395	8818	0.0304396
1757	8818	0.0304396
8818	8819	0.0278169
3142	8819	0.0278169
8819	8820	0.026284
4336	8820	0.026284
5064	8821	0.232831
4435	8821	0.232831
1731	8822	0.0518308
1622	8822	0.0518308
4645	8823	0.045493
8822	8823	0.045493
1691	8824	0.0303917
2557	8824	0.0303917
5334	8825	0.108716
3378	8825	0.108716
1428	8826	0.101148
8825	8826	0.101148
2899	8827	0.115447
3064	8827	0.115447
734	8828	0.109056
4610	8828	0.109056
2542	8829	0.0903332
1979	8829	0.0903332
8829	8830	0.0840409
751	8830	0.0840409
8830	8831	0.0795916
3373	8831	0.0795916
8831	8832	0.0755416
4674	8832	0.0755416
8832	8833	0.03657
4011	8833	0.03657
774	8834	0.241664
1159	8834	0.241664
2464	8835	0.0272289
3973	8835	0.0272289
5917	8836	0.779248
2100	8836	0.779248
3031	8837	0.0207199
3188	8837	0.0207199
3766	8838	0.0207368
5293	8838	0.0207368
1458	8839	0.0751276
2079	8839	0.0751276
2023	8840	0.0211792
1779	8840	0.0211792
1558	8841	0.0349331
4844	8841	0.0349331
4508	8842	0.0554729
5723	8842	0.0554729
924	8843	0.131887
3381	8843	0.131887
6019	8844	0.0241193
945	8844	0.0241193
987	8845	0.0868415
1005	8845	0.0868415
6192	8846	0.556325
1053	8846	0.556325
5861	8847	0.0775237
5859	8847	0.0775237
8847	8848	0.0298176
1311	8848	0.0298176
1425	8849	0.0945473
4055	8849	0.0945473
2891	8849	0.0945473
1000	8850	0.219861
4071	8850	0.219861
8850	8851	0.142426
4070	8851	0.142426
8851	8852	0.0563677
4899	8852	0.0563677
8852	8853	0.0302314
6027	8853	0.0302314
1444	8854	0.0469209
6031	8854	0.0469209
1013	8855	0.0460294
8854	8855	0.0460294
5466	8856	0.157603
2455	8856	0.157603
8856	8857	0.124073
4315	8857	0.124073
4970	8858	0.115707
8857	8858	0.115707
3828	8859	0.0669148
1035	8859	0.0669148
8858	8860	0.0209045
8859	8860	0.0209045
3452	8861	0.038839
1037	8861	0.038839
3177	8862	0.173719
1321	8862	0.173719
5481	8863	0.0726689
2122	8863	0.0726689
5139	8864	0.0624647
1050	8864	0.0624647
5547	8865	0.0436677
5615	8865	0.0436677
8865	8866	0.0330507
1151	8866	0.0330507
8866	8867	0.027336
2153	8867	0.027336
1772	8868	0.0264209
8867	8868	0.0264209
1140	8869	0.0254652
8868	8869	0.0254652
2914	8870	0.0208226
3366	8870	0.0208226
1424	8871	0.0239907
1082	8871	0.0239907
2680	8872	0.0991551
4326	8872	0.0991551
8872	8873	0.0314283
3437	8873	0.0314283
2502	8874	0.0310553
8873	8874	0.0310553
6096	8875	0.118277
5817	8875	0.118277
1338	8876	0.108638
4128	8876	0.108638
8876	8877	0.0700761
3260	8877	0.0700761
4652	8878	0.0836039
1162	8878	0.0836039
1185	8879	0.0260776
3553	8879	0.0260776
5113	8880	0.0743421
1194	8880	0.0743421
8880	8881	0.0281657
5633	8881	0.0281657
5535	8882	0.0227309
1473	8882	0.0227309
3476	8883	0.048974
1838	8883	0.048974
8883	8884	0.0335075
2301	8884	0.0335075
8884	8885	0.0313778
1882	8885	0.0313778
8885	8886	0.0249176
4123	8886	0.0249176
8886	8887	0.0236584
6252	8887	0.0236584
8887	8888	0.0218097
5430	8888	0.0218097
8888	8889	0.0211803
5170	8889	0.0211803
3522	8890	0.0219888
2576	8890	0.0219888
2177	8891	0.0537034
1255	8891	0.0537034
5549	8892	0.0415293
8891	8892	0.0415293
1835	8893	0.14011
4172	8893	0.14011
8893	8894	0.068681
4786	8894	0.068681
8894	8895	0.0614059
1713	8895	0.0614059
8895	8896	0.0535723
2722	8896	0.0535723
8896	8897	0.0513972
3714	8897	0.0513972
4973	8898	0.0457875
8897	8898	0.0457875
8898	8899	0.0364016
4406	8899	0.0364016
8899	8900	0.0344992
1278	8900	0.0344992
8900	8901	0.0339625
3176	8901	0.0339625
5809	8902	0.0422596
1287	8902	0.0422596
5820	8903	0.0718718
4925	8903	0.0718718
1291	8904	0.0948142
1375	8904	0.0948142
2190	8905	0.0262834
3238	8905	0.0262834
3852	8906	0.0217545
4208	8906	0.0217545
5519	8907	0.0688429
3093	8907	0.0688429
4619	8908	0.0299771
3749	8908	0.0299771
2303	8909	0.0937368
1506	8909	0.0937368
8909	8910	0.0888309
5673	8910	0.0888309
1366	8911	0.0704791
8910	8911	0.0704791
3890	8912	0.0472039
5367	8912	0.0472039
8912	8913	0.0244548
1459	8913	0.0244548
2433	8914	0.0967198
1469	8914	0.0967198
1483	8915	0.066538
6175	8915	0.066538
1809	8916	0.0241271
1487	8916	0.0241271
3482	8917	0.600237
1930	8917	0.600237
8917	8918	0.253081
1573	8918	0.253081
4821	8919	0.191998
1580	8919	0.191998
4725	8920	0.0538984
2647	8920	0.0538984
4391	8921	0.0446005
8920	8921	0.0446005
2719	8922	0.0233209
1826	8922	0.0233209
3295	8923	0.0284486
3503	8923	0.0284486
2465	8924	0.0460147
1653	8924	0.0460147
8924	8925	0.0218921
2053	8925	0.0218921
1708	8926	0.0385512
2113	8926	0.0385512
5710	8927	0.100523
1700	8927	0.100523
3356	8928	0.0207789
4099	8928	0.0207789
5714	8929	0.0442626
1738	8929	0.0442626
1775	8930	0.0811563
5821	8930	0.0811563
3396	8931	0.173582
1797	8931	0.173582
4880	8932	0.0516797
1825	8932	0.0516797
4865	8933	0.162813
1844	8933	0.162813
5885	8934	0.240966
5472	8934	0.240966
8934	8935	0.208308
1934	8935	0.208308
4531	8936	0.239693
1960	8936	0.239693
1997	8937	0.03345
1976	8937	0.03345
5776	8938	0.0303101
4316	8938	0.0303101
8938	8939	0.0293027
5984	8939	0.0293027
2756	8940	0.220064
2097	8940	0.220064
3133	8941	0.0689948
3068	8941	0.0689948
4624	8942	0.0679965
2121	8942	0.0679965
5989	8943	0.0740172
2123	8943	0.0740172
5980	8944	0.0737055
8943	8944	0.0737055
4568	8945	0.0603436
4799	8945	0.0603436
2400	8946	0.0812268
5262	8946	0.0812268
5337	8947	0.0771891
8946	8947	0.0771891
8947	8948	0.065317
2160	8948	0.065317
4442	8949	0.0352458
2224	8949	0.0352458
2182	8950	0.0313598
3119	8950	0.0313598
2213	8951	0.0229667
4937	8951	0.0229667
2260	8952	0.133652
4594	8952	0.133652
3926	8953	0.0267988
2564	8953	0.0267988
3731	8954	0.192154
2947	8954	0.192154
5599	8955	0.236895
5979	8955	0.236895
8955	8956	0.198303
5907	8956	0.198303
5094	8957	0.111703
5289	8957	0.111703
5061	8958	0.0501597
4191	8958	0.0501597
5482	8959	0.0437668
8958	8959	0.0437668
8959	8960	0.023033
2351	8960	0.023033
5690	8961	0.105516
2353	8961	0.105516
3049	8962	0.118737
5792	8962	0.118737
8962	8963	0.0844719
2426	8963	0.0844719
4290	8964	0.0580704
5304	8964	0.0580704
2582	8965	0.0412405
2477	8965	0.0412405
3789	8966	0.107326
5550	8966	0.107326
2525	8967	0.143932
4381	8967	0.143932
4402	8967	0.143932
5884	8967	0.143932
2543	8968	0.0994396
2805	8968	0.0994396
2623	8969	0.0688058
2551	8969	0.0688058
3109	8970	0.0372533
5846	8970	0.0372533
3808	8971	0.297527
2737	8971	0.297527
3283	8972	0.0350307
4628	8972	0.0350307
2794	8973	0.0317141
8972	8973	0.0317141
5274	8974	0.0496617
4949	8974	0.0496617
4956	8975	0.045911
8974	8975	0.045911
2889	8976	0.134544
5937	8976	0.134544
3252	8977	0.106708
3079	8977	0.106708
8977	8978	0.0575703
2903	8978	0.0575703
8978	8979	0.0469941
4228	8979	0.0469941
2967	8980	0.280156
3944	8980	0.280156
8980	8981	0.0261725
5221	8981	0.0261725
4362	8982	0.0283758
2976	8982	0.0283758
5461	8983	0.0746306
3081	8983	0.0746306
3106	8984	0.121304
4679	8984	0.121304
8984	8985	0.0913519
6199	8985	0.0913519
3477	8986	0.0209478
4337	8986	0.0209478
3225	8987	0.121551
5495	8987	0.121551
3249	8988	0.116413
3494	8988	0.116413
3262	8989	0.0821697
3606	8989	0.0821697
5002	8990	0.221806
3397	8990	0.221806
8990	8991	0.0565049
5387	8991	0.0565049
4796	8992	0.228021
3420	8992	0.228021
5635	8993	0.21726
3422	8993	0.21726
3735	8994	0.0446551
6258	8994	0.0446551
3736	8995	0.156429
3951	8995	0.156429
4117	8996	0.150627
5864	8996	0.150627
4247	8997	0.114565
5480	8997	0.114565
5129	8998	0.0552453
4400	8998	0.0552453
4829	8999	0.0230188
4539	8999	0.0230188
5491	9000	0.0938845
5456	9000	0.0938845
6010	9001	0.021146
5767	9001	0.021146
1007	9002	0.0150291
3924	9002	0.0150291
2545	9003	0.0183172
2643	9003	0.0183172
9003	9004	0.011444
3843	9004	0.011444
9004	9005	0.00983716
6205	9005	0.00983716
5971	9006	0.0131878
4445	9006	0.0131878
6418	9007	0.0105409
2132	9007	0.0105409
9006	9008	0.00996306
9007	9008	0.00996306
3455	9009	0.0158903
5492	9009	0.0158903
5199	9010	0.00889588
5478	9010	0.00889588
1157	9011	0.0119582
3141	9011	0.0119582
8696	9012	0.0168801
5343	9012	0.0168801
1202	9013	0.0108347
410	9013	0.0108347
4216	9014	0.00928973
5386	9014	0.00928973
8663	9015	0.0121459
272	9015	0.0121459
8448	9016	0.0106632
4152	9016	0.0106632
4249	9017	0.0159931
8669	9017	0.0159931
1750	9018	0.018153
2909	9018	0.018153
6300	9019	0.0182
5572	9019	0.0182
8661	9020	0.0193339
8662	9020	0.0193339
1805	9021	0.0106773
156	9021	0.0106773
3742	9022	0.0159529
4787	9022	0.0159529
3693	9023	0.016284
969	9023	0.016284
6261	9024	0.0137794
8901	9024	0.0137794
440	9025	0.015254
1327	9025	0.015254
6284	9026	0.0194886
3322	9026	0.0194886
8921	9027	0.0197612
3034	9027	0.0197612
6117	9028	0.017994
6110	9028	0.017994
9028	9029	0.0154428
6118	9029	0.0154428
6119	9030	0.0137234
9029	9030	0.0137234
9030	9031	0.0107804
8557	9031	0.0107804
1318	9032	0.015614
539	9032	0.015614
8605	9033	0.0120941
411	9033	0.0120941
4784	9034	0.0181549
8870	9034	0.0181549
8632	9035	0.0150834
2520	9035	0.0150834
1801	9036	0.0176229
3291	9036	0.0176229
2181	9037	0.0161019
8890	9037	0.0161019
1925	9038	0.0195071
8860	9038	0.0195071
8528	9039	0.0183613
94	9039	0.0183613
5431	9040	0.0133818
830	9040	0.0133818
5216	9041	0.0182447
8628	9041	0.0182447
9041	9042	0.0145186
3717	9042	0.0145186
8472	9043	0.0153389
4853	9043	0.0153389
8671	9044	0.0173931
1211	9044	0.0173931
3003	9045	0.0164157
3594	9045	0.0164157
1025	9046	0.0194559
1079	9046	0.0194559
5594	9047	0.0168838
9046	9047	0.0168838
6450	9048	0.0196077
4681	9048	0.0196077
9048	9049	0.0180388
4659	9049	0.0180388
5915	9050	0.0195184
8961	9050	0.0195184
157	9051	0.020354
4835	9051	0.020354
8512	9051	0.020354
795	9051	0.020354
1945	9051	0.020354
2735	9051	0.020354
6429	9052	0.019677
1848	9052	0.019677
1391	9053	0.0167388
1264	9053	0.0167388
8817	9054	0.0205623
8820	9054	0.0205623
6210	9055	0.0180999
9054	9055	0.0180999
1737	9056	0.0184065
8681	9056	0.0184065
2834	9057	0.02019
8599	9057	0.02019
360	9058	0.0199405
1796	9058	0.0199405
3113	9059	0.0200131
8767	9059	0.0200131
127	9060	0.0195477
5167	9060	0.0195477
6509	9061	0.0206414
8430	9061	0.0206414
9061	9062	0.0206376
8773	9062	0.0206376
2827	9062	0.0206376
5423	9063	0.0206307
9062	9063	0.0206307
3710	9063	0.0206307
9063	9064	0.0206237
2743	9064	0.0206237
9064	9065	0.0206203
1471	9065	0.0206203
3236	9065	0.0206203
4629	9065	0.0206203
9065	9066	0.0206146
15	9066	0.0206146
6340	9067	0.0206032
9066	9067	0.0206032
9067	9068	0.020588
3680	9068	0.020588
9068	9069	0.020587
8576	9069	0.020587
1795	9069	0.020587
5299	9070	0.020586
9069	9070	0.020586
9070	9071	0.0205752
374	9071	0.0205752
4349	9072	0.0205534
9071	9072	0.0205534
9072	9073	0.0205516
2044	9073	0.0205516
728	9074	0.0205457
9073	9074	0.0205457
9074	9075	0.0205349
2636	9075	0.0205349
6381	9076	0.0205276
9075	9076	0.0205276
1235	9076	0.0205276
9076	9077	0.0204888
2130	9077	0.0204888
933	9078	0.0204857
9077	9078	0.0204857
167	9079	0.0204753
9078	9079	0.0204753
4057	9079	0.0204753
6512	9080	0.0204732
9079	9080	0.0204732
6254	9081	0.0204685
9080	9081	0.0204685
4484	9082	0.0204486
9081	9082	0.0204486
9082	9083	0.0204468
4073	9083	0.0204468
2940	9084	0.0204335
9083	9084	0.0204335
9084	9085	0.020431
8922	9085	0.020431
9085	9086	0.0204239
2920	9086	0.0204239
9086	9087	0.0204175
1728	9087	0.0204175
9087	9088	0.0204088
5621	9088	0.0204088
9088	9089	0.0204077
3534	9089	0.0204077
9089	9090	0.0204059
3520	9090	0.0204059
640	9091	0.0203981
9090	9091	0.0203981
4203	9092	0.0203771
4802	9092	0.0203771
6514	9092	0.0203771
9091	9092	0.0203771
8560	9093	0.0204266
8561	9093	0.0204266
9092	9094	0.0203556
825	9094	0.0203556
9094	9095	0.0203427
3880	9095	0.0203427
9095	9096	0.0203309
3372	9096	0.0203309
9096	9097	0.0203277
3841	9097	0.0203277
9097	9098	0.0203258
9093	9098	0.0203258
5165	9098	0.0203258
6386	9099	0.0203236
9098	9099	0.0203236
1120	9100	0.0203135
9099	9100	0.0203135
6390	9101	0.0203095
9100	9101	0.0203095
9101	9102	0.0203021
404	9102	0.0203021
9102	9103	0.0202976
5442	9103	0.0202976
6371	9104	0.020297
9103	9104	0.020297
3160	9105	0.0202943
9104	9105	0.0202943
8760	9106	0.0202876
9105	9106	0.0202876
9106	9107	0.0202697
5531	9107	0.0202697
6318	9108	0.0202684
9107	9108	0.0202684
9108	9109	0.0202644
6039	9109	0.0202644
3059	9110	0.0202634
9109	9110	0.0202634
5084	9111	0.020297
1171	9111	0.020297
9110	9112	0.0202552
1482	9112	0.0202552
399	9113	0.0202348
9112	9113	0.0202348
9113	9114	0.020231
3205	9114	0.020231
6339	9115	0.020223
4100	9115	0.020223
9114	9115	0.020223
9115	9116	0.0202216
507	9116	0.0202216
9116	9117	0.0202197
3918	9117	0.0202197
9117	9118	0.0202009
5071	9118	0.0202009
9118	9119	0.0201791
1119	9119	0.0201791
6357	9120	0.0201741
9119	9120	0.0201741
3832	9121	0.0201723
9120	9121	0.0201723
9121	9122	0.0201673
5459	9122	0.0201673
9122	9123	0.0201638
9111	9123	0.0201638
9123	9124	0.0201597
3770	9124	0.0201597
9124	9125	0.0201265
554	9125	0.0201265
1938	9125	0.0201265
9125	9126	0.020118
5475	9126	0.020118
9126	9127	0.0201158
2340	9127	0.0201158
8492	9128	0.0205654
4388	9128	0.0205654
1544	9129	0.0205599
8629	9129	0.0205599
9127	9130	0.0201127
8853	9130	0.0201127
9130	9131	0.0201091
8469	9131	0.0201091
9131	9132	0.0201083
4032	9132	0.0201083
745	9133	0.0200947
9132	9133	0.0200947
9133	9134	0.0200857
5378	9134	0.0200857
6277	9135	0.0200711
9134	9135	0.0200711
9135	9136	0.0200644
8550	9136	0.0200644
502	9136	0.0200644
9136	9137	0.0200463
4752	9137	0.0200463
9137	9138	0.0200455
957	9138	0.0200455
9138	9139	0.0200443
8889	9139	0.0200443
1064	9140	0.0200385
9139	9140	0.0200385
9140	9141	0.0200273
9129	9141	0.0200273
9141	9142	0.0200123
8541	9142	0.0200123
1658	9143	0.0199657
9142	9143	0.0199657
9143	9144	0.0199329
1669	9144	0.0199329
4091	9144	0.0199329
9144	9145	0.0199266
5546	9145	0.0199266
6452	9146	0.0199232
9145	9146	0.0199232
70	9147	0.0199103
9146	9147	0.0199103
126	9147	0.0199103
6388	9148	0.0198502
9147	9148	0.0198502
9148	9149	0.0198478
5866	9149	0.0198478
3715	9150	0.0198337
9149	9150	0.0198337
9150	9151	0.0198227
5256	9151	0.0198227
9151	9152	0.0198172
8602	9152	0.0198172
2098	9152	0.0198172
9152	9153	0.0198114
1357	9153	0.0198114
6266	9154	0.0198002
9153	9154	0.0198002
8478	9155	0.0197973
3773	9155	0.0197973
9128	9156	0.0198525
1133	9156	0.0198525
8722	9157	0.0200254
363	9157	0.0200254
2575	9158	0.0199491
4432	9158	0.0199491
9154	9159	0.0197935
8960	9159	0.0197935
6431	9160	0.019766
9159	9160	0.019766
1241	9161	0.019745
9160	9161	0.019745
352	9161	0.019745
5784	9162	0.0197439
9161	9162	0.0197439
9162	9163	0.019741
3044	9163	0.019741
6469	9164	0.0197114
9163	9164	0.0197114
9164	9165	0.0197076
9155	9165	0.0197076
9156	9165	0.0197076
198	9165	0.0197076
9165	9166	0.0196867
9158	9166	0.0196867
3607	9166	0.0196867
9166	9167	0.019684
2916	9167	0.019684
9167	9168	0.0196819
4700	9168	0.0196819
9168	9169	0.0196374
3272	9169	0.0196374
8824	9170	0.0196085
9169	9170	0.0196085
9170	9171	0.0196077
1395	9171	0.0196077
9171	9172	0.0195922
5646	9172	0.0195922
8660	9173	0.0195769
4618	9173	0.0195769
2196	9174	0.0195837
9172	9174	0.0195837
9174	9175	0.0195563
1410	9175	0.0195563
6298	9176	0.019538
9175	9176	0.019538
40	9177	0.0195348
9176	9177	0.0195348
259	9178	0.0195283
9177	9178	0.0195283
9178	9179	0.0195218
2644	9179	0.0195218
6230	9180	0.0195105
9179	9180	0.0195105
9173	9181	0.0195093
9180	9181	0.0195093
9157	9181	0.0195093
2946	9181	0.0195093
9181	9182	0.0194975
1828	9182	0.0194975
9182	9183	0.0194969
42	9183	0.0194969
9183	9184	0.0194958
8800	9184	0.0194958
5179	9184	0.0194958
5327	9184	0.0194958
1111	9185	0.0194877
9184	9185	0.0194877
8534	9186	0.0196149
6121	9186	0.0196149
8682	9187	0.020504
8685	9187	0.020504
8718	9188	0.0203992
4305	9188	0.0203992
9188	9189	0.0202904
5508	9189	0.0202904
2921	9190	0.0202113
8731	9190	0.0202113
6362	9191	0.0190394
6377	9191	0.0190394
3102	9192	0.0193177
3966	9192	0.0193177
2898	9193	0.0189704
9192	9193	0.0189704
9185	9194	0.0194834
4392	9194	0.0194834
9194	9195	0.0194799
3866	9195	0.0194799
9195	9196	0.0194629
1839	9196	0.0194629
1990	9197	0.0194489
9196	9197	0.0194489
4728	9197	0.0194489
9197	9198	0.0194426
1566	9198	0.0194426
2354	9198	0.0194426
9198	9199	0.0194225
2824	9199	0.0194225
3107	9200	0.0194186
9199	9200	0.0194186
1643	9201	0.0193815
9200	9201	0.0193815
9201	9202	0.0193398
3411	9202	0.0193398
913	9203	0.0193355
9202	9203	0.0193355
9203	9204	0.0193262
1504	9204	0.0193262
9204	9205	0.0193107
3603	9205	0.0193107
9205	9206	0.0193072
5349	9206	0.0193072
9206	9207	0.0192833
3703	9207	0.0192833
2397	9208	0.0192722
9207	9208	0.0192722
2578	9209	0.0192698
9208	9209	0.0192698
3436	9210	0.0192652
9209	9210	0.0192652
6228	9211	0.019253
9210	9211	0.019253
9059	9212	0.0192516
9211	9212	0.0192516
1690	9212	0.0192516
5312	9213	0.0192507
9212	9213	0.0192507
6297	9214	0.0192432
9213	9214	0.0192432
6417	9215	0.0192221
9214	9215	0.0192221
3085	9216	0.019217
4907	9216	0.019217
9215	9216	0.019217
6271	9217	0.0192134
9216	9217	0.0192134
991	9218	0.0192006
9217	9218	0.0192006
229	9218	0.0192006
9218	9219	0.0191963
3786	9219	0.0191963
2344	9220	0.0191958
9219	9220	0.0191958
6364	9221	0.0191786
9220	9221	0.0191786
6479	9222	0.0191714
9221	9222	0.0191714
6226	9223	0.019168
9222	9223	0.019168
161	9224	0.0191485
9223	9224	0.0191485
9224	9225	0.0191479
892	9225	0.0191479
8625	9226	0.0191343
9225	9226	0.0191343
8645	9227	0.0191301
9226	9227	0.0191301
2682	9228	0.0191126
9227	9228	0.0191126
9228	9229	0.0191106
5108	9229	0.0191106
8713	9230	0.0191052
9229	9230	0.0191052
9189	9230	0.0191052
9058	9231	0.0190934
9230	9231	0.0190934
9231	9232	0.0190856
3364	9232	0.0190856
3927	9233	0.0190839
9232	9233	0.0190839
306	9234	0.0190773
9233	9234	0.0190773
9234	9235	0.0190763
6003	9235	0.0190763
9235	9236	0.0190688
977	9236	0.0190688
9236	9237	0.0190653
57	9237	0.0190653
2730	9238	0.0190583
9237	9238	0.0190583
9238	9239	0.0190564
1219	9239	0.0190564
6529	9240	0.0190419
9239	9240	0.0190419
9240	9241	0.019027
8439	9241	0.019027
450	9241	0.019027
9241	9242	0.0190251
4567	9242	0.0190251
9242	9243	0.0190163
5493	9243	0.0190163
9243	9244	0.0190075
875	9244	0.0190075
9244	9245	0.0189828
5447	9245	0.0189828
9245	9246	0.0189753
3836	9246	0.0189753
9246	9247	0.018973
3701	9247	0.018973
6523	9248	0.0189697
9247	9248	0.0189697
1248	9249	0.0189686
9248	9249	0.0189686
5394	9250	0.018963
9249	9250	0.018963
4317	9251	0.0193414
9186	9251	0.0193414
9251	9252	0.0190138
250	9252	0.0190138
3795	9253	0.0189623
9250	9253	0.0189623
8869	9253	0.0189623
9253	9254	0.0189584
5945	9254	0.0189584
4161	9255	0.0189343
9254	9255	0.0189343
9190	9255	0.0189343
9255	9256	0.0189222
1494	9256	0.0189222
9256	9257	0.0189156
4721	9257	0.0189156
9257	9258	0.0189047
5159	9258	0.0189047
2026	9259	0.0189018
9258	9259	0.0189018
9259	9260	0.0188976
2508	9260	0.0188976
9260	9261	0.0188972
5185	9261	0.0188972
9261	9262	0.018872
5939	9262	0.018872
5868	9263	0.0188619
9262	9263	0.0188619
5056	9264	0.0188579
3254	9264	0.0188579
9263	9264	0.0188579
6309	9265	0.0188541
9264	9265	0.0188541
2292	9266	0.0188491
9265	9266	0.0188491
9266	9267	0.0188198
1857	9267	0.0188198
4288	9268	0.0188027
9267	9268	0.0188027
9268	9269	0.0187795
3718	9269	0.0187795
9269	9270	0.0187611
183	9270	0.0187611
9270	9271	0.0187542
4646	9271	0.0187542
9271	9272	0.0187371
76	9272	0.0187371
384	9273	0.0187291
9272	9273	0.0187291
9273	9274	0.018727
5205	9274	0.018727
9274	9275	0.0187227
9187	9275	0.0187227
9193	9276	0.0187101
9275	9276	0.0187101
1101	9276	0.0187101
9276	9277	0.0187086
708	9277	0.0187086
3577	9278	0.0187075
9277	9278	0.0187075
750	9279	0.0187062
9278	9279	0.0187062
3527	9280	0.0186842
9279	9280	0.0186842
4250	9281	0.018789
717	9281	0.018789
6086	9282	0.0186749
9280	9282	0.0186749
16	9282	0.0186749
2999	9282	0.0186749
482	9283	0.0186699
9282	9283	0.0186699
4958	9283	0.0186699
9283	9284	0.0186604
4585	9284	0.0186604
6378	9285	0.0186598
9284	9285	0.0186598
9285	9286	0.0186567
2750	9286	0.0186567
5853	9287	0.018652
9286	9287	0.018652
9287	9288	0.0186502
2278	9288	0.0186502
3681	9289	0.0186447
9288	9289	0.0186447
9289	9290	0.0186358
557	9290	0.0186358
723	9291	0.0186272
2852	9291	0.0186272
3239	9291	0.0186272
6047	9291	0.0186272
9290	9291	0.0186272
9252	9291	0.0186272
9291	9292	0.0186168
1463	9292	0.0186168
9292	9293	0.0185843
9281	9293	0.0185843
944	9294	0.0185774
9293	9294	0.0185774
218	9295	0.0185728
9294	9295	0.0185728
9295	9296	0.0185623
4015	9296	0.0185623
9296	9297	0.0185562
8925	9297	0.0185562
328	9298	0.0185129
9297	9298	0.0185129
3072	9299	0.0185024
9298	9299	0.0185024
6308	9300	0.0184583
9299	9300	0.0184583
6428	9301	0.0184198
9300	9301	0.0184198
9301	9302	0.0183677
4119	9302	0.0183677
9302	9303	0.0183623
2823	9303	0.0183623
3611	9304	0.0183598
9303	9304	0.0183598
9304	9305	0.0183591
3996	9305	0.0183591
663	9306	0.0183498
5614	9306	0.0183498
9305	9306	0.0183498
9306	9307	0.0183464
6227	9307	0.0183464
4459	9308	0.0183427
9307	9308	0.0183427
6421	9309	0.0183041
9060	9309	0.0183041
9308	9309	0.0183041
9191	9310	0.018282
9309	9310	0.018282
637	9311	0.0196829
1049	9311	0.0196829
9311	9312	0.0195027
5772	9312	0.0195027
4207	9313	0.019677
8456	9313	0.019677
6146	9314	0.0201511
5650	9314	0.0201511
5053	9315	0.0204105
8543	9315	0.0204105
2399	9316	0.0196877
9315	9316	0.0196877
8591	9317	0.0194236
2401	9317	0.0194236
4927	9318	0.0188498
4732	9318	0.0188498
8611	9319	0.0200139
3375	9319	0.0200139
9319	9320	0.0186708
8622	9320	0.0186708
5604	9321	0.0183427
9320	9321	0.0183427
5688	9322	0.0191156
523	9322	0.0191156
4967	9323	0.0203323
8668	9323	0.0203323
9323	9324	0.0188953
2386	9324	0.0188953
2869	9325	0.0182838
9324	9325	0.0182838
838	9326	0.0194304
4824	9326	0.0194304
8692	9327	0.0185794
8693	9327	0.0185794
8706	9328	0.018652
2760	9328	0.018652
9327	9329	0.0183464
9328	9329	0.0183464
9329	9330	0.0183402
4510	9330	0.0183402
3124	9331	0.0185051
3385	9331	0.0185051
798	9332	0.0185527
8844	9332	0.0185527
2164	9333	0.0195477
1066	9333	0.0195477
8838	9334	0.0186149
9333	9334	0.0186149
2648	9335	0.0183333
8871	9335	0.0183333
1734	9336	0.0189885
5950	9336	0.0189885
9310	9337	0.0182685
1836	9337	0.0182685
9337	9338	0.0182506
9331	9338	0.0182506
5401	9338	0.0182506
9338	9339	0.0182361
5722	9339	0.0182361
9339	9340	0.0182318
191	9340	0.0182318
9340	9341	0.0182256
3339	9341	0.0182256
5666	9342	0.018216
9341	9342	0.018216
164	9343	0.018195
9342	9343	0.018195
1922	9344	0.0181936
9343	9344	0.0181936
9344	9345	0.0181644
1056	9345	0.0181644
9345	9346	0.0181608
2011	9346	0.0181608
9346	9347	0.0181568
2156	9347	0.0181568
4169	9348	0.0181544
9347	9348	0.0181544
1046	9349	0.018153
9348	9349	0.018153
9349	9350	0.0181521
9334	9350	0.0181521
9350	9351	0.0181466
2840	9351	0.0181466
1920	9352	0.0181417
9351	9352	0.0181417
5711	9353	0.0181408
9352	9353	0.0181408
6367	9354	0.0181237
6463	9354	0.0181237
9353	9354	0.0181237
9313	9354	0.0181237
9354	9355	0.0181141
710	9355	0.0181141
3601	9356	0.0181102
9355	9356	0.0181102
9356	9357	0.0181039
5611	9357	0.0181039
9357	9358	0.0181007
1172	9358	0.0181007
9358	9359	0.0180388
1403	9359	0.0180388
9359	9360	0.0180359
5384	9360	0.0180359
5904	9360	0.0180359
2539	9361	0.017988
9360	9361	0.017988
1672	9362	0.0179815
9361	9362	0.0179815
9362	9363	0.017974
4601	9363	0.017974
9363	9364	0.0179613
9332	9364	0.0179613
3487	9365	0.0179596
9364	9365	0.0179596
9365	9366	0.0179369
3528	9366	0.0179369
9366	9367	0.017931
5909	9367	0.017931
2928	9368	0.0179215
9367	9368	0.0179215
9368	9369	0.0179186
8470	9369	0.0179186
3062	9369	0.0179186
4146	9369	0.0179186
5570	9369	0.0179186
9369	9370	0.0179157
5003	9370	0.0179157
9370	9371	0.0179093
4573	9371	0.0179093
9371	9372	0.0178862
5483	9372	0.0178862
3599	9373	0.0178717
9372	9373	0.0178717
9373	9374	0.017869
301	9374	0.017869
9374	9375	0.0178606
2103	9375	0.0178606
2529	9376	0.0178598
9375	9376	0.0178598
4488	9377	0.0178585
2963	9377	0.0178585
9376	9377	0.0178585
9377	9378	0.0178491
9335	9378	0.0178491
2444	9379	0.0178422
9378	9379	0.0178422
6457	9380	0.0178417
9379	9380	0.0178417
2203	9381	0.0178249
9380	9381	0.0178249
9381	9382	0.0178196
3149	9382	0.0178196
9382	9383	0.0178182
8540	9383	0.0178182
9325	9383	0.0178182
6289	9384	0.0178131
9383	9384	0.0178131
9384	9385	0.0178085
1131	9385	0.0178085
9385	9386	0.0178024
4143	9386	0.0178024
9386	9387	0.0177939
5357	9387	0.0177939
9387	9388	0.0177915
786	9388	0.0177915
1965	9389	0.0178098
439	9389	0.0178098
9388	9390	0.017784
5655	9390	0.017784
278	9391	0.0177788
9390	9391	0.0177788
2264	9392	0.0177775
9391	9392	0.0177775
9392	9393	0.0177728
9389	9393	0.0177728
9393	9394	0.0177564
9318	9394	0.0177564
741	9394	0.0177564
9394	9395	0.0177535
8752	9395	0.0177535
4840	9395	0.0177535
8753	9395	0.0177535
9395	9396	0.0177459
3896	9396	0.0177459
9314	9397	0.0181557
3129	9397	0.0181557
9321	9398	0.0179606
9322	9398	0.0179606
1568	9399	0.0182583
5751	9399	0.0182583
9399	9400	0.0180578
972	9400	0.0180578
2438	9401	0.0179815
1633	9401	0.0179815
9396	9402	0.0177346
32	9402	0.0177346
9402	9403	0.0177334
251	9403	0.0177334
9403	9404	0.0177288
1533	9404	0.0177288
6384	9405	0.0177242
9404	9405	0.0177242
9405	9406	0.0177182
293	9406	0.0177182
9406	9407	0.0177173
2678	9407	0.0177173
9407	9408	0.0177113
4137	9408	0.0177113
6401	9409	0.0177023
9408	9409	0.0177023
1699	9410	0.0176983
9409	9410	0.0176983
9410	9411	0.017694
5731	9411	0.017694
9411	9412	0.0176937
2788	9412	0.0176937
9412	9413	0.0176687
4268	9413	0.0176687
9413	9414	0.0176583
2206	9414	0.0176583
6451	9415	0.0176516
9414	9415	0.0176516
6349	9416	0.0176267
9415	9416	0.0176267
9416	9417	0.0176229
2456	9417	0.0176229
1515	9418	0.0176153
9417	9418	0.0176153
9418	9419	0.0175829
1314	9419	0.0175829
2775	9420	0.0175808
9419	9420	0.0175808
6351	9421	0.0175619
9420	9421	0.0175619
9421	9422	0.0175531
657	9422	0.0175531
4719	9422	0.0175531
699	9423	0.0175518
9422	9423	0.0175518
9423	9424	0.0175416
9397	9424	0.0175416
4069	9424	0.0175416
9424	9425	0.0175339
1873	9425	0.0175339
3158	9426	0.0175133
9425	9426	0.0175133
2741	9427	0.0175037
9426	9427	0.0175037
9427	9428	0.0174952
666	9428	0.0174952
1298	9429	0.0174873
9428	9429	0.0174873
9429	9430	0.0174722
1313	9430	0.0174722
1773	9431	0.0174644
9430	9431	0.0174644
9431	9432	0.0174603
6032	9432	0.0174603
444	9433	0.0174572
9432	9433	0.0174572
5047	9434	0.0174562
9433	9434	0.0174562
6312	9435	0.0174439
9434	9435	0.0174439
9057	9436	0.0174342
9435	9436	0.0174342
9436	9437	0.0174307
3432	9437	0.0174307
9437	9438	0.017425
2993	9438	0.017425
9438	9439	0.0174219
8604	9439	0.0174219
8614	9439	0.0174219
9398	9439	0.0174219
3227	9439	0.0174219
9439	9440	0.017419
8985	9440	0.017419
3853	9441	0.0174132
9440	9441	0.0174132
3938	9442	0.0174173
2491	9442	0.0174173
6460	9443	0.0173999
9441	9443	0.0173999
9443	9444	0.0173786
2761	9444	0.0173786
6382	9445	0.0173587
9444	9445	0.0173587
559	9446	0.0173302
9445	9446	0.0173302
3359	9447	0.0173291
8432	9447	0.0173291
9446	9447	0.0173291
9447	9448	0.0173209
2329	9448	0.0173209
9400	9449	0.0173906
2679	9449	0.0173906
595	9450	0.0172962
9448	9450	0.0172962
9450	9451	0.0172874
9316	9451	0.0172874
9401	9451	0.0172874
9451	9452	0.0172755
620	9452	0.0172755
6372	9453	0.0172721
9452	9453	0.0172721
9453	9454	0.0172711
9449	9454	0.0172711
9454	9455	0.017268
1404	9455	0.017268
9455	9456	0.0172624
9442	9456	0.0172624
8691	9457	0.0176698
9330	9457	0.0176698
1926	9458	0.0172483
9456	9458	0.0172483
9458	9459	0.0172395
2632	9459	0.0172395
8516	9460	0.0172386
9459	9460	0.0172386
9460	9461	0.0172374
1110	9461	0.0172374
9461	9462	0.017208
4232	9462	0.017208
9462	9463	0.0171911
457	9463	0.0171911
2859	9464	0.0171871
9463	9464	0.0171871
861	9465	0.0171708
9464	9465	0.0171708
6468	9466	0.0171652
9465	9466	0.0171652
4823	9467	0.0171535
9466	9467	0.0171535
9467	9468	0.0171443
1038	9468	0.0171443
9468	9469	0.0171432
1995	9469	0.0171432
9469	9470	0.0171421
119	9470	0.0171421
6015	9470	0.0171421
9457	9470	0.0171421
704	9470	0.0171421
4361	9470	0.0171421
5176	9470	0.0171421
3573	9470	0.0171421
9336	9470	0.0171421
9326	9471	0.0171147
9470	9471	0.0171147
1754	9471	0.0171147
9471	9472	0.0170984
3020	9472	0.0170984
3346	9473	0.017082
9472	9473	0.017082
9473	9474	0.0170785
3895	9474	0.0170785
6396	9475	0.0170716
9474	9475	0.0170716
8688	9476	0.017071
9475	9476	0.017071
9476	9477	0.0170557
3839	9477	0.0170557
6311	9478	0.0170507
9477	9478	0.0170507
9478	9479	0.0170498
1859	9479	0.0170498
5616	9479	0.0170498
9479	9480	0.0170393
1354	9480	0.0170393
9480	9481	0.017033
4332	9481	0.017033
6534	9482	0.0170258
9481	9482	0.0170258
9482	9483	0.0170212
9312	9483	0.0170212
9483	9484	0.0170192
5452	9484	0.0170192
9484	9485	0.0170157
6055	9485	0.0170157
9485	9486	0.0170025
5882	9486	0.0170025
2912	9487	0.0169969
9486	9487	0.0169969
6466	9488	0.0169878
9487	9488	0.0169878
9488	9489	0.0169829
5307	9489	0.0169829
9489	9490	0.0169745
3892	9490	0.0169745
9490	9491	0.0169735
434	9491	0.0169735
5348	9491	0.0169735
9491	9492	0.016965
5775	9492	0.016965
9492	9493	0.0169639
1149	9493	0.0169639
9493	9494	0.0169612
480	9494	0.0169612
9494	9495	0.0169601
53	9495	0.0169601
9495	9496	0.0169536
2099	9496	0.0169536
9496	9497	0.016943
3900	9497	0.016943
9497	9498	0.0169296
5936	9498	0.0169296
2466	9499	0.0169269
9498	9499	0.0169269
9499	9500	0.0169213
8710	9500	0.0169213
9317	9501	0.0169095
9500	9501	0.0169095
9501	9502	0.0169086
2000	9502	0.0169086
3590	9503	0.0169029
9502	9503	0.0169029
6425	9504	0.0168982
9503	9504	0.0168982
9504	9505	0.0168972
4942	9505	0.0168972
9505	9506	0.0168783
908	9506	0.0168783
9506	9507	0.0168591
3186	9507	0.0168591
9507	9508	0.0168504
3851	9508	0.0168504
4558	9509	0.0168496
9508	9509	0.0168496
9509	9510	0.0168455
1644	9510	0.0168455
8932	9511	0.0168428
9510	9511	0.0168428
3903	9512	0.0170596
682	9512	0.0170596
9511	9513	0.0168346
6063	9513	0.0168346
9513	9514	0.0168321
3923	9514	0.0168321
4184	9515	0.0168302
9514	9515	0.0168302
9515	9516	0.0168276
92	9516	0.0168276
3242	9517	0.0168189
9516	9517	0.0168189
6163	9518	0.0168142
2066	9518	0.0168142
9517	9518	0.0168142
2299	9519	0.0168009
9518	9519	0.0168009
3616	9520	0.0167989
9519	9520	0.0167989
6427	9521	0.0167844
9520	9521	0.0167844
5911	9522	0.0167666
9521	9522	0.0167666
6134	9523	0.0167629
9522	9523	0.0167629
9523	9524	0.0167607
3925	9524	0.0167607
9524	9525	0.0167548
3321	9525	0.0167548
9525	9526	0.0167388
9512	9526	0.0167388
6283	9527	0.0167378
9526	9527	0.0167378
9527	9528	0.016737
1927	9528	0.016737
9528	9529	0.0167125
518	9529	0.0167125
9529	9530	0.0167075
2077	9530	0.0167075
1309	9531	0.0167048
9530	9531	0.0167048
9531	9532	0.0167034
3628	9532	0.0167034
9532	9533	0.0166644
5822	9533	0.0166644
490	9534	0.0166425
9533	9534	0.0166425
5416	9535	0.0166332
9534	9535	0.0166332
9535	9536	0.0166159
2091	9536	0.0166159
8450	9537	0.0166091
9536	9537	0.0166091
1091	9537	0.0166091
5699	9538	0.0167969
5777	9538	0.0167969
9537	9539	0.0166081
5544	9539	0.0166081
9539	9540	0.0166055
1496	9540	0.0166055
9540	9541	0.0165907
4696	9541	0.0165907
6204	9541	0.0165907
6419	9542	0.0165843
9541	9542	0.0165843
3159	9542	0.0165843
9542	9543	0.0165826
1261	9543	0.0165826
9543	9544	0.0165815
4178	9544	0.0165815
5090	9545	0.0165664
9544	9545	0.0165664
9545	9546	0.0165654
347	9546	0.0165654
9546	9547	0.0165626
9538	9547	0.0165626
2768	9548	0.0165508
9547	9548	0.0165508
611	9549	0.0165462
9548	9549	0.0165462
1349	9550	0.0165457
9549	9550	0.0165457
9550	9551	0.0165349
3798	9551	0.0165349
9551	9552	0.0165196
8813	9552	0.0165196
965	9553	0.0165132
9552	9553	0.0165132
9553	9554	0.016493
5078	9554	0.016493
9554	9555	0.0164908
1685	9555	0.0164908
9555	9556	0.0164878
1869	9556	0.0164878
1646	9557	0.0164853
9556	9557	0.0164853
9557	9558	0.0164844
5184	9558	0.0164844
9558	9559	0.0164807
1748	9559	0.0164807
400	9560	0.0164759
9559	9560	0.0164759
9560	9561	0.0164738
1008	9561	0.0164738
9561	9562	0.0164578
4218	9562	0.0164578
3115	9563	0.0164491
9562	9563	0.0164491
8441	9564	0.0167274
3026	9564	0.0167274
8547	9565	0.0177862
1916	9565	0.0177862
114	9566	0.0196277
1905	9566	0.0196277
8558	9567	0.0189981
1460	9567	0.0189981
9567	9568	0.0178546
6114	9568	0.0178546
9568	9569	0.0174952
117	9569	0.0174952
8587	9570	0.0181073
3231	9570	0.0181073
9570	9571	0.0171915
497	9571	0.0171915
175	9572	0.0201982
3649	9572	0.0201982
8675	9573	0.0198443
8680	9573	0.0198443
302	9574	0.016685
5035	9574	0.016685
2339	9575	0.0175531
3608	9575	0.0175531
9575	9576	0.016906
3190	9576	0.016906
9576	9577	0.0167189
1480	9577	0.0167189
8719	9578	0.0186539
8720	9578	0.0186539
8738	9579	0.019988
5106	9579	0.019988
9579	9580	0.0193016
759	9580	0.0193016
6036	9581	0.020548
8747	9581	0.020548
9581	9582	0.0171898
843	9582	0.0171898
4727	9583	0.0167531
428	9583	0.0167531
2846	9584	0.018864
3543	9584	0.018864
477	9585	0.0194922
881	9585	0.0194922
3987	9586	0.0181313
9585	9586	0.0181313
3863	9587	0.0199049
1939	9587	0.0199049
545	9588	0.0167189
9587	9588	0.0167189
2685	9589	0.0192183
8863	9589	0.0192183
8929	9590	0.0203777
5694	9590	0.0203777
9590	9591	0.0173779
5325	9591	0.0173779
1045	9592	0.0166022
1457	9592	0.0166022
4578	9593	0.0189129
3371	9593	0.0189129
8933	9594	0.0174914
2707	9594	0.0174914
8998	9595	0.0179316
6191	9595	0.0179316
9571	9596	0.0153912
5134	9596	0.0153912
8551	9597	0.015319
3580	9597	0.015319
9049	9598	0.016402
788	9598	0.016402
4489	9599	0.016429
9563	9599	0.016429
8878	9599	0.016429
9599	9600	0.016405
687	9600	0.016405
8826	9601	0.0163929
9600	9601	0.0163929
9601	9602	0.0163889
4959	9602	0.0163889
2971	9603	0.016387
9602	9603	0.016387
1024	9604	0.0163654
9603	9604	0.0163654
1546	9605	0.0163448
9604	9605	0.0163448
9605	9606	0.0163364
2012	9606	0.0163364
9606	9607	0.0163325
244	9607	0.0163325
2695	9608	0.0163304
9607	9608	0.0163304
5961	9609	0.0163204
9608	9609	0.0163204
8712	9610	0.016305
9609	9610	0.016305
9588	9610	0.016305
9610	9611	0.0162926
2258	9611	0.0162926
280	9612	0.0162722
9611	9612	0.0162722
9612	9613	0.0162717
9591	9613	0.0162717
3357	9613	0.0162717
9613	9614	0.0162706
1280	9614	0.0162706
9614	9615	0.0162503
4851	9615	0.0162503
3617	9616	0.0162158
9615	9616	0.0162158
9616	9617	0.0162099
5229	9617	0.0162099
9617	9618	0.0162068
5490	9618	0.0162068
6171	9619	0.0161935
9618	9619	0.0161935
5397	9620	0.0161866
9619	9620	0.0161866
2363	9620	0.0161866
9620	9621	0.0161715
4105	9621	0.0161715
296	9621	0.0161715
1158	9622	0.016264
9586	9622	0.016264
9621	9623	0.0161419
6073	9623	0.0161419
3936	9624	0.0161401
9623	9624	0.0161401
9053	9625	0.0161132
9624	9625	0.0161132
9625	9626	0.0161075
3424	9626	0.0161075
9626	9627	0.0160961
4122	9627	0.0160961
9598	9628	0.0160928
9627	9628	0.0160928
6423	9629	0.0160896
9628	9629	0.0160896
8874	9630	0.0160703
9629	9630	0.0160703
9630	9631	0.0160676
1238	9631	0.0160676
4758	9632	0.0160637
9631	9632	0.0160637
8461	9633	0.0160497
9632	9633	0.0160497
9633	9634	0.0160196
406	9634	0.0160196
9634	9635	0.0160007
2822	9635	0.0160007
4517	9636	0.0159996
9635	9636	0.0159996
9636	9637	0.015997
4636	9637	0.015997
9637	9638	0.0159959
506	9638	0.0159959
4841	9639	0.0159941
9638	9639	0.0159941
1381	9640	0.0159797
9639	9640	0.0159797
9622	9641	0.0159721
9640	9641	0.0159721
2162	9642	0.0159597
9641	9642	0.0159597
9642	9643	0.0159492
3646	9643	0.0159492
3301	9644	0.0159293
9643	9644	0.0159293
9644	9645	0.0159282
4171	9645	0.0159282
9565	9646	0.0162614
5733	9646	0.0162614
3909	9647	0.0159188
9645	9647	0.0159188
9647	9648	0.0159168
5725	9648	0.0159168
5415	9649	0.0159151
9648	9649	0.0159151
3739	9650	0.0159093
9649	9650	0.0159093
2416	9651	0.0159045
9650	9651	0.0159045
9651	9652	0.0158956
4085	9652	0.0158956
3558	9653	0.0158909
9652	9653	0.0158909
9653	9654	0.0158903
1214	9654	0.0158903
9654	9655	0.0158873
2642	9655	0.0158873
6269	9656	0.0158683
9655	9656	0.0158683
6220	9657	0.0158661
9656	9657	0.0158661
9056	9658	0.0158522
9657	9658	0.0158522
9658	9659	0.0158501
2844	9659	0.0158501
9659	9660	0.0158481
1776	9660	0.0158481
9660	9661	0.0158449
3708	9661	0.0158449
8733	9662	0.0158427
9661	9662	0.0158427
9662	9663	0.0158348
2093	9663	0.0158348
9663	9664	0.0158211
43	9664	0.0158211
9664	9665	0.0158166
2305	9665	0.0158166
9665	9666	0.01581
343	9666	0.01581
9666	9667	0.0158081
855	9667	0.0158081
9667	9668	0.0158005
552	9668	0.0158005
9668	9669	0.015795
5540	9669	0.015795
1871	9670	0.01579
9669	9670	0.01579
9670	9671	0.0157801
5500	9671	0.0157801
9671	9672	0.0157776
9646	9672	0.0157776
9672	9673	0.0157714
5649	9673	0.0157714
9673	9674	0.0157647
4723	9674	0.0157647
9674	9675	0.0157622
3376	9675	0.0157622
3544	9676	0.0157471
4302	9676	0.0157471
9675	9676	0.0157471
9676	9677	0.0157452
258	9677	0.0157452
9589	9678	0.0157392
9677	9678	0.0157392
1044	9678	0.0157392
2992	9679	0.0157242
9678	9679	0.0157242
1616	9679	0.0157242
9679	9680	0.0157235
919	9680	0.0157235
9680	9681	0.0157167
2532	9681	0.0157167
6392	9682	0.0157156
9681	9682	0.0157156
9682	9683	0.0157128
242	9683	0.0157128
9683	9684	0.0156868
1365	9684	0.0156868
654	9685	0.0156737
2807	9685	0.0156737
5169	9685	0.0156737
9684	9685	0.0156737
9685	9686	0.0156715
5875	9686	0.0156715
2688	9687	0.0156553
9686	9687	0.0156553
1322	9688	0.0156545
9687	9688	0.0156545
6270	9689	0.0156425
2192	9689	0.0156425
9688	9689	0.0156425
2568	9690	0.0156391
9689	9690	0.0156391
6326	9691	0.0156232
9690	9691	0.0156232
3246	9692	0.0156213
9691	9692	0.0156213
9692	9693	0.0156093
1109	9693	0.0156093
9693	9694	0.0156088
49	9694	0.0156088
9694	9695	0.0156038
9593	9695	0.0156038
4760	9696	0.0155888
9695	9696	0.0155888
4588	9697	0.0155795
9696	9697	0.0155795
1656	9697	0.0155795
9697	9698	0.0155772
1510	9698	0.0155772
4377	9698	0.0155772
3349	9699	0.0155487
9698	9699	0.0155487
8928	9700	0.0158594
1687	9700	0.0158594
6219	9701	0.0155287
9699	9701	0.0155287
4854	9702	0.0155277
9701	9702	0.0155277
8647	9703	0.0155191
9702	9703	0.0155191
5789	9703	0.0155191
8673	9704	0.0155117
9703	9704	0.0155117
1639	9704	0.0155117
9704	9705	0.0155067
2474	9705	0.0155067
9705	9706	0.015502
2342	9706	0.015502
9706	9707	0.0154983
1292	9707	0.0154983
9707	9708	0.0154962
3256	9708	0.0154962
5983	9709	0.0154933
9708	9709	0.0154933
9709	9710	0.0154925
3334	9710	0.0154925
9710	9711	0.0154915
3802	9711	0.0154915
9055	9712	0.0154877
9711	9712	0.0154877
2212	9713	0.0154733
4020	9713	0.0154733
9712	9713	0.0154733
3002	9713	0.0154733
6532	9714	0.015465
9713	9714	0.015465
9714	9715	0.0154512
3319	9715	0.0154512
9715	9716	0.0154371
4861	9716	0.0154371
9716	9717	0.0154342
4754	9717	0.0154342
1052	9718	0.0154314
9717	9718	0.0154314
4887	9719	0.0154191
9718	9719	0.0154191
9719	9720	0.0154112
5700	9720	0.0154112
3387	9721	0.0154071
9720	9721	0.0154071
9721	9722	0.0154037
2021	9722	0.0154037
8640	9723	0.0153787
9722	9723	0.0153787
9723	9724	0.0153773
2596	9724	0.0153773
9724	9725	0.0153741
494	9725	0.0153741
6330	9726	0.0153713
9725	9726	0.0153713
2031	9727	0.0153512
9726	9727	0.0153512
5082	9728	0.01533
9727	9728	0.01533
9728	9729	0.0153224
2613	9729	0.0153224
9729	9730	0.0153218
716	9730	0.0153218
4928	9731	0.015319
9730	9731	0.015319
9731	9732	0.0153179
6195	9732	0.0153179
6363	9733	0.0153143
9732	9733	0.0153143
9733	9734	0.0153103
4662	9734	0.0153103
9734	9735	0.0153007
2140	9735	0.0153007
9735	9736	0.0152957
8739	9736	0.0152957
3324	9736	0.0152957
4292	9737	0.0152948
9736	9737	0.0152948
6399	9738	0.0152923
9737	9738	0.0152923
9738	9739	0.0152912
4333	9739	0.0152912
9739	9740	0.0152705
3355	9740	0.0152705
9740	9741	0.0152587
671	9741	0.0152587
9741	9742	0.015254
4893	9742	0.015254
219	9743	0.0152378
9742	9743	0.0152378
1273	9744	0.0152351
9743	9744	0.0152351
9744	9745	0.0152283
9580	9745	0.0152283
3767	9746	0.0152206
9745	9746	0.0152206
9746	9747	0.0152106
979	9747	0.0152106
9747	9748	0.0152005
6216	9748	0.0152005
9748	9749	0.0151919
2808	9749	0.0151919
136	9750	0.0151837
9749	9750	0.0151837
9750	9751	0.0151815
5192	9751	0.0151815
1387	9752	0.0155446
5689	9752	0.0155446
9751	9753	0.0151778
447	9753	0.0151778
9753	9754	0.015176
9564	9754	0.015176
9754	9755	0.0151484
9574	9755	0.0151484
8725	9756	0.0151445
9755	9756	0.0151445
9756	9757	0.0151436
446	9757	0.0151436
9757	9758	0.0151299
762	9758	0.0151299
9758	9759	0.0151253
9752	9759	0.0151253
9759	9760	0.0151235
4092	9760	0.0151235
1671	9761	0.0151176
9760	9761	0.0151176
9761	9762	0.0151147
1756	9762	0.0151147
5146	9762	0.0151147
9762	9763	0.0151051
6008	9763	0.0151051
9763	9764	0.0150735
496	9764	0.0150735
3261	9764	0.0150735
9764	9765	0.0150659
1705	9765	0.0150659
800	9766	0.0150528
1275	9766	0.0150528
9765	9766	0.0150528
2296	9767	0.0150243
9766	9767	0.0150243
9767	9768	0.0150235
2708	9768	0.0150235
9768	9769	0.0150184
4706	9769	0.0150184
9769	9770	0.0150071
568	9770	0.0150071
3456	9770	0.0150071
8497	9771	0.0149925
9770	9771	0.0149925
9771	9772	0.0149852
4868	9772	0.0149852
1538	9773	0.0149784
9772	9773	0.0149784
3097	9774	0.014966
9773	9774	0.014966
9774	9775	0.014963
4067	9775	0.014963
9775	9776	0.0149626
2606	9776	0.0149626
9776	9777	0.0149547
537	9777	0.0149547
8751	9778	0.0149525
9777	9778	0.0149525
8648	9779	0.0149345
9051	9779	0.0149345
9778	9779	0.0149345
8636	9780	0.0149219
9779	9780	0.0149219
4523	9781	0.014882
9780	9781	0.014882
3259	9782	0.0148691
9781	9782	0.0148691
2294	9783	0.0148611
9050	9783	0.0148611
9782	9783	0.0148611
5132	9784	0.0148478
9783	9784	0.0148478
768	9785	0.0148162
9784	9785	0.0148162
9785	9786	0.0148105
2884	9786	0.0148105
239	9787	0.0148
9786	9787	0.0148
1739	9788	0.0149402
88	9788	0.0149402
3213	9789	0.0149458
9700	9789	0.0149458
2933	9790	0.014783
9787	9790	0.014783
8970	9791	0.014782
9790	9791	0.014782
9791	9792	0.0147762
4482	9792	0.0147762
9792	9793	0.0147678
8518	9793	0.0147678
9788	9793	0.0147678
3793	9794	0.0147457
9793	9794	0.0147457
9794	9795	0.0147447
9789	9795	0.0147447
5759	9795	0.0147447
9795	9796	0.0147293
9594	9796	0.0147293
8855	9797	0.0147151
9796	9797	0.0147151
9797	9798	0.0146978
3169	9798	0.0146978
9798	9799	0.0146956
4188	9799	0.0146956
9799	9800	0.0146713
1153	9800	0.0146713
9800	9801	0.014661
5280	9801	0.014661
753	9802	0.0151854
37	9802	0.0151854
1150	9803	0.0161743
9592	9803	0.0161743
9803	9804	0.0158691
2387	9804	0.0158691
9566	9805	0.0158522
9804	9805	0.0158522
2414	9806	0.0160961
9572	9806	0.0160961
9577	9807	0.0156536
2661	9807	0.0156536
8905	9808	0.0154354
9807	9808	0.0154354
9808	9809	0.0151436
312	9809	0.0151436
9578	9810	0.015048
9595	9810	0.015048
9582	9811	0.016139
5862	9811	0.016139
9811	9812	0.0151619
9583	9812	0.0151619
9584	9813	0.016035
453	9813	0.016035
1854	9814	0.0144511
9596	9814	0.0144511
6149	9815	0.014309
9814	9815	0.014309
9801	9816	0.0146279
4354	9816	0.0146279
2990	9817	0.0146254
9816	9817	0.0146254
3194	9818	0.0146217
9817	9818	0.0146217
6348	9819	0.0146199
3480	9819	0.0146199
9818	9819	0.0146199
1431	9819	0.0146199
9819	9820	0.0146082
9813	9820	0.0146082
5683	9821	0.014596
9820	9821	0.014596
9821	9822	0.0145941
8724	9822	0.0145941
373	9822	0.0145941
5319	9823	0.0145893
9822	9823	0.0145893
2975	9824	0.0145865
9823	9824	0.0145865
9824	9825	0.0145757
3564	9825	0.0145757
9825	9826	0.0145741
1570	9826	0.0145741
5637	9827	0.0145683
9826	9827	0.0145683
1929	9828	0.0145549
9827	9828	0.0145549
722	9829	0.0145537
9828	9829	0.0145537
9829	9830	0.0145493
1716	9830	0.0145493
9830	9831	0.0145397
4582	9831	0.0145397
9831	9832	0.014539
3960	9832	0.014539
9832	9833	0.0145271
1372	9833	0.0145271
9833	9834	0.0145255
3825	9834	0.0145255
9052	9835	0.0145217
9834	9835	0.0145217
6526	9836	0.014515
9835	9836	0.014515
6267	9837	0.0144938
9836	9837	0.0144938
1972	9838	0.0144911
9837	9838	0.0144911
9838	9839	0.0144901
907	9839	0.0144901
9839	9840	0.0144786
4775	9840	0.0144786
491	9841	0.0144595
9840	9841	0.0144595
9841	9842	0.0144376
5164	9842	0.0144376
9842	9843	0.0144265
1648	9843	0.0144265
9843	9844	0.014407
2645	9844	0.014407
9844	9845	0.0143844
449	9845	0.0143844
9845	9846	0.0143729
2589	9846	0.0143729
9846	9847	0.0143628
5852	9847	0.0143628
5088	9848	0.0143538
9847	9848	0.0143538
9848	9849	0.0143472
3200	9849	0.0143472
9569	9849	0.0143472
4419	9850	0.0143328
9849	9850	0.0143328
8926	9851	0.0143293
9850	9851	0.0143293
9851	9852	0.0143277
3082	9852	0.0143277
2983	9853	0.0143223
9852	9853	0.0143223
9853	9854	0.0143187
4737	9854	0.0143187
4458	9854	0.0143187
9854	9855	0.0143149
4019	9855	0.0143149
1855	9855	0.0143149
2935	9856	0.0143098
9855	9856	0.0143098
9856	9857	0.0143073
4115	9857	0.0143073
8806	9858	0.0142804
9857	9858	0.0142804
2084	9859	0.0142783
9858	9859	0.0142783
9859	9860	0.0142633
6155	9860	0.0142633
9860	9861	0.0142621
4682	9861	0.0142621
5496	9861	0.0142621
4276	9862	0.014245
9861	9862	0.014245
5996	9863	0.0142355
9862	9863	0.0142355
9863	9864	0.0142232
1168	9864	0.0142232
3484	9865	0.0142193
9864	9865	0.0142193
9865	9866	0.014204
737	9866	0.014204
9866	9867	0.0142002
380	9867	0.0142002
9573	9868	0.0141956
9867	9868	0.0141956
1964	9868	0.0141956
5330	9869	0.014187
9868	9869	0.014187
6048	9870	0.0141755
9869	9870	0.0141755
6475	9871	0.0141714
651	9871	0.0141714
9870	9871	0.0141714
9871	9872	0.0141706
5522	9872	0.0141706
3762	9873	0.0141669
9872	9873	0.0141669
9873	9874	0.0141419
4334	9874	0.0141419
9874	9875	0.0141233
9805	9875	0.0141233
9810	9876	0.014119
9875	9876	0.014119
8646	9877	0.0141153
9876	9877	0.0141153
8644	9878	0.0141067
9877	9878	0.0141067
9878	9879	0.0141047
4363	9879	0.0141047
2654	9880	0.0140735
9879	9880	0.0140735
9880	9881	0.0140724
1906	9881	0.0140724
9597	9882	0.0140713
9881	9882	0.0140713
8973	9883	0.0140694
9882	9883	0.0140694
2195	9883	0.0140694
4034	9883	0.0140694
9883	9884	0.0140619
2858	9884	0.0140619
9884	9885	0.0140485
819	9885	0.0140485
9885	9886	0.0140443
9802	9886	0.0140443
8794	9887	0.0140183
9886	9887	0.0140183
9887	9888	0.014014
4453	9888	0.014014
5215	9889	0.0140123
9888	9889	0.0140123
5400	9890	0.0140065
9889	9890	0.0140065
9890	9891	0.0140057
2302	9891	0.0140057
9891	9892	0.013999
508	9892	0.013999
9892	9893	0.0139949
5746	9893	0.0139949
9893	9894	0.0139884
2289	9894	0.0139884
9894	9895	0.0139737
5213	9895	0.0139737
9895	9896	0.0139702
2173	9896	0.0139702
9896	9897	0.0139691
8609	9897	0.0139691
9812	9897	0.0139691
5451	9897	0.0139691
9897	9898	0.0139667
1084	9898	0.0139667
9898	9899	0.0139463
5640	9899	0.0139463
9899	9900	0.0139435
2854	9900	0.0139435
860	9901	0.0139388
9900	9901	0.0139388
85	9902	0.0139367
9901	9902	0.0139367
2900	9903	0.0139293
9902	9903	0.0139293
9903	9904	0.0139247
3216	9904	0.0139247
8549	9905	0.0139226
9904	9905	0.0139226
9905	9906	0.0139179
5578	9906	0.0139179
8474	9907	0.0139093
9906	9907	0.0139093
52	9907	0.0139093
9907	9908	0.0139005
1402	9908	0.0139005
9806	9909	0.0141856
1406	9909	0.0141856
2236	9910	0.0140082
9809	9910	0.0140082
5803	9911	0.0139963
4049	9911	0.0139963
5067	9912	0.0137165
1326	9912	0.0137165
150	9913	0.0138082
9815	9913	0.0138082
9908	9914	0.0138972
629	9914	0.0138972
8634	9915	0.0138902
9914	9915	0.0138902
9915	9916	0.0138731
1511	9916	0.0138731
3968	9917	0.0138655
9916	9917	0.0138655
9917	9918	0.0138627
206	9918	0.0138627
9918	9919	0.0138532
4983	9919	0.0138532
9919	9920	0.013836
2187	9920	0.013836
9920	9921	0.013833
5506	9921	0.013833
8882	9922	0.0138263
9921	9922	0.0138263
9922	9923	0.013795
5023	9923	0.013795
9923	9924	0.0137755
2697	9924	0.0137755
9924	9925	0.0137731
3069	9925	0.0137731
9925	9926	0.0137583
802	9926	0.0137583
9926	9927	0.013741
3637	9927	0.013741
9927	9928	0.0137377
287	9928	0.0137377
4498	9929	0.0137317
9928	9929	0.0137317
3990	9930	0.0137282
9929	9930	0.0137282
9930	9931	0.0137195
2251	9931	0.0137195
9931	9932	0.0137186
4062	9932	0.0137186
9932	9933	0.013708
647	9933	0.013708
9933	9934	0.0136892
588	9934	0.0136892
3498	9935	0.0136881
9934	9935	0.0136881
9935	9936	0.0136822
1493	9936	0.0136822
9936	9937	0.0136768
5265	9937	0.0136768
9937	9938	0.0136691
3438	9938	0.0136691
9938	9939	0.0136555
2032	9939	0.0136555
9939	9940	0.013649
3323	9940	0.013649
572	9941	0.013631
9940	9941	0.013631
9941	9942	0.0136299
3015	9942	0.0136299
9913	9943	0.013628
9942	9943	0.013628
1787	9944	0.0136212
9943	9944	0.0136212
3700	9944	0.0136212
9944	9945	0.0136137
1693	9945	0.0136137
4759	9946	0.013603
9945	9946	0.013603
9946	9947	0.0135998
3935	9947	0.0135998
9947	9948	0.0135936
4931	9948	0.0135936
9948	9949	0.0135919
2986	9949	0.0135919
6099	9949	0.0135919
3997	9950	0.013765
9910	9950	0.013765
3386	9951	0.0137681
5270	9951	0.0137681
9949	9952	0.01359
19	9952	0.01359
8986	9953	0.0135842
9952	9953	0.0135842
6435	9954	0.0135832
9953	9954	0.0135832
9954	9955	0.0135823
2836	9955	0.0135823
9955	9956	0.0135783
290	9956	0.0135783
9956	9957	0.0135775
556	9957	0.0135775
5888	9958	0.0135727
9957	9958	0.0135727
9958	9959	0.0135603
3532	9959	0.0135603
1253	9960	0.0135546
9959	9960	0.0135546
2036	9960	0.0135546
9960	9961	0.0135346
1701	9961	0.0135346
9961	9962	0.0135298
90	9962	0.0135298
9962	9963	0.0135222
2267	9963	0.0135222
9963	9964	0.0135192
4704	9964	0.0135192
9911	9964	0.0135192
1002	9965	0.0135157
9964	9965	0.0135157
9965	9966	0.0135127
1369	9966	0.0135127
9966	9967	0.013504
2901	9967	0.013504
9967	9968	0.0134944
3647	9968	0.0134944
9968	9969	0.0134838
1999	9969	0.0134838
9969	9970	0.0134442
3499	9970	0.0134442
6060	9971	0.0135376
1961	9971	0.0135376
9970	9972	0.0134334
9950	9972	0.0134334
9972	9973	0.013424
9971	9973	0.013424
9973	9974	0.0134221
1842	9974	0.0134221
9974	9975	0.0134153
9909	9975	0.0134153
9975	9976	0.0134122
2615	9976	0.0134122
597	9977	0.0134068
9976	9977	0.0134068
9977	9978	0.0134041
163	9978	0.0134041
8796	9979	0.0133996
9978	9979	0.0133996
9979	9980	0.0133933
5959	9980	0.0133933
9980	9981	0.013385
1640	9981	0.013385
9981	9982	0.013364
4968	9982	0.013364
9982	9983	0.0133627
678	9983	0.0133627
2081	9984	0.0133573
9983	9984	0.0133573
9984	9985	0.0133495
4157	9985	0.0133495
4311	9985	0.0133495
9985	9986	0.0133485
4819	9986	0.0133485
6356	9987	0.0133397
9986	9987	0.0133397
9987	9988	0.0133296
9951	9988	0.0133296
9912	9989	0.0133269
9988	9989	0.0133269
2998	9990	0.0133227
9989	9990	0.0133227
564	9991	0.0146438
5843	9991	0.0146438
9991	9992	0.0141812
118	9992	0.0141812
1405	9993	0.0136118
223	9993	0.0136118
2396	9994	0.0135337
3939	9994	0.0135337
303	9995	0.0195769
2334	9995	0.0195769
1642	9996	0.0193749
3013	9996	0.0193749
8740	9997	0.0140769
408	9997	0.0140769
4155	9998	0.0136729
474	9998	0.0136729
1576	9999	0.0159101
1225	9999	0.0159101
1967	10000	0.0140476
1665	10000	0.0140476
2638	10001	0.0142154
2013	10001	0.0142154
3307	10002	0.0134919
4140	10002	0.0134919
9990	10003	0.0133046
4002	10003	0.0133046
10003	10004	0.0132971
4562	10004	0.0132971
10004	10005	0.0132924
1276	10005	0.0132924
10005	10006	0.0132913
1416	10006	0.0132913
10006	10007	0.013284
5102	10007	0.013284
10007	10008	0.0132777
1454	10008	0.0132777
1865	10008	0.0132777
1652	10009	0.0132769
10008	10009	0.0132769
276	10010	0.0132752
10009	10010	0.0132752
10010	10011	0.0132704
3657	10011	0.0132704
10011	10012	0.0132643
241	10012	0.0132643
10012	10013	0.0132628
3585	10013	0.0132628
901	10014	0.0132599
10013	10014	0.0132599
1271	10015	0.0132579
10014	10015	0.0132579
4803	10016	0.013257
10015	10016	0.013257
3230	10017	0.0132553
10016	10017	0.0132553
10017	10018	0.0132544
9997	10018	0.0132544
2855	10018	0.0132544
4747	10018	0.0132544
2268	10019	0.0132496
10018	10019	0.0132496
10019	10020	0.0132475
1193	10020	0.0132475
1532	10020	0.0132475
10020	10021	0.0132284
1973	10021	0.0132284
6481	10022	0.0132276
10021	10022	0.0132276
3833	10023	0.013225
10022	10023	0.013225
10023	10024	0.013224
928	10024	0.013224
4485	10025	0.0132217
10024	10025	0.0132217
1751	10026	0.0132179
10025	10026	0.0132179
3308	10026	0.0132179
10026	10027	0.0132144
4576	10027	0.0132144
3815	10028	0.0132093
10027	10028	0.0132093
1550	10029	0.0132015
10028	10029	0.0132015
10029	10030	0.013191
882	10030	0.013191
2158	10031	0.0131846
4979	10031	0.0131846
10030	10031	0.0131846
10031	10032	0.0131815
3401	10032	0.0131815
10032	10033	0.0131675
407	10033	0.0131675
10033	10034	0.0131643
5087	10034	0.0131643
4090	10035	0.0131569
10034	10035	0.0131569
10035	10036	0.0131531
863	10036	0.0131531
8823	10037	0.013133
10036	10037	0.013133
10037	10038	0.0131255
1475	10038	0.0131255
4101	10039	0.0131188
10038	10039	0.0131188
10039	10040	0.01311
872	10040	0.01311
10040	10041	0.0131073
3591	10041	0.0131073
10041	10042	0.0131054
1123	10042	0.0131054
10042	10043	0.0130968
5449	10043	0.0130968
10043	10044	0.0130842
5057	10044	0.0130842
6197	10045	0.0130815
10044	10045	0.0130815
10045	10046	0.0130664
5135	10046	0.0130664
10046	10047	0.0130558
1299	10047	0.0130558
10047	10048	0.0130533
5887	10048	0.0130533
3654	10049	0.0130396
10048	10049	0.0130396
8687	10050	0.013032
10049	10050	0.013032
10050	10051	0.0130292
4084	10051	0.0130292
10051	10052	0.0130272
660	10052	0.0130272
3440	10053	0.0130235
10052	10053	0.0130235
10053	10054	0.0130157
5259	10054	0.0130157
9042	10055	0.0130025
10054	10055	0.0130025
1036	10056	0.0129956
10055	10056	0.0129956
9992	10057	0.0129938
2591	10057	0.0129938
10056	10058	0.0129892
10057	10058	0.0129892
10058	10059	0.0129863
2609	10059	0.0129863
10059	10060	0.0129854
5676	10060	0.0129854
424	10061	0.0129776
10060	10061	0.0129776
10061	10062	0.0129674
2699	10062	0.0129674
1054	10063	0.0129631
10062	10063	0.0129631
10063	10064	0.01295
2326	10064	0.01295
773	10065	0.0129261
10064	10065	0.0129261
10065	10066	0.0129194
1986	10066	0.0129194
2717	10066	0.0129194
10066	10067	0.0129089
1290	10067	0.0129089
10067	10068	0.0129052
2839	10068	0.0129052
10068	10069	0.0129039
1736	10069	0.0129039
6290	10070	0.0128955
10069	10070	0.0128955
10070	10071	0.0128949
2753	10071	0.0128949
10071	10072	0.0128916
3209	10072	0.0128916
6319	10073	0.0128891
10072	10073	0.0128891
10073	10074	0.0128811
179	10074	0.0128811
9034	10075	0.0128801
10074	10075	0.0128801
6434	10076	0.0128773
10075	10076	0.0128773
8689	10077	0.0128727
10076	10077	0.0128727
8529	10078	0.0128668
10077	10078	0.0128668
1124	10079	0.0128508
10078	10079	0.0128508
3506	10080	0.0128451
10079	10080	0.0128451
524	10081	0.0128259
10080	10081	0.0128259
10081	10082	0.0128246
5294	10082	0.0128246
264	10082	0.0128246
10082	10083	0.0128143
6084	10083	0.0128143
6355	10084	0.0128086
10083	10084	0.0128086
10084	10085	0.0128022
77	10085	0.0128022
8524	10086	0.0127898
10085	10086	0.0127898
10086	10087	0.0127856
2453	10087	0.0127856
10087	10088	0.0127802
4977	10088	0.0127802
4849	10089	0.0127649
10088	10089	0.0127649
10089	10090	0.0127563
1343	10090	0.0127563
10090	10091	0.0127488
261	10091	0.0127488
10091	10092	0.0127431
4804	10092	0.0127431
6169	10093	0.012742
10092	10093	0.012742
10093	10094	0.012723
1117	10094	0.012723
10094	10095	0.0127212
3493	10095	0.0127212
10095	10096	0.0127174
1841	10096	0.0127174
9035	10097	0.0127125
3744	10097	0.0127125
10096	10097	0.0127125
1430	10098	0.012701
10097	10098	0.012701
5189	10098	0.012701
10098	10099	0.0126981
4705	10099	0.0126981
2346	10100	0.0126924
10099	10100	0.0126924
1470	10101	0.0126898
10100	10101	0.0126898
2188	10101	0.0126898
10101	10102	0.0126867
1907	10102	0.0126867
6437	10103	0.0126685
10102	10103	0.0126685
392	10103	0.0126685
1966	10103	0.0126685
8677	10104	0.0126639
10103	10104	0.0126639
8695	10105	0.012661
10104	10105	0.012661
1937	10105	0.012661
10105	10106	0.0126563
1181	10106	0.0126563
1771	10107	0.0126553
10106	10107	0.0126553
8694	10108	0.0126447
10107	10108	0.0126447
5376	10108	0.0126447
3615	10109	0.012644
10108	10109	0.012644
5340	10110	0.0126361
10109	10110	0.0126361
10110	10111	0.0126341
6106	10111	0.0126341
10111	10112	0.0126239
646	10112	0.0126239
4251	10113	0.0126229
10112	10113	0.0126229
10113	10114	0.012621
2754	10114	0.012621
10114	10115	0.0126046
2573	10115	0.0126046
10115	10116	0.0125959
245	10116	0.0125959
10116	10117	0.0125916
547	10117	0.0125916
10117	10118	0.012579
9998	10118	0.012579
10118	10119	0.0125758
1621	10119	0.0125758
10119	10120	0.0125752
62	10120	0.0125752
9993	10120	0.0125752
4512	10121	0.0125723
10120	10121	0.0125723
10121	10122	0.0125591
1260	10122	0.0125591
10122	10123	0.0125476
299	10123	0.0125476
10000	10123	0.0125476
10123	10124	0.0125302
1374	10124	0.0125302
10124	10125	0.0125275
1670	10125	0.0125275
2720	10126	0.0125227
10125	10126	0.0125227
10126	10127	0.0125206
5900	10127	0.0125206
10127	10128	0.012516
460	10128	0.012516
8594	10129	0.0125151
10128	10129	0.0125151
10129	10130	0.0125094
5877	10130	0.0125094
1786	10131	0.012503
10130	10131	0.012503
10131	10132	0.0124987
606	10132	0.0124987
6323	10133	0.0124968
10132	10133	0.0124968
4401	10134	0.0124824
10133	10134	0.0124824
4985	10134	0.0124824
10134	10135	0.0124799
2198	10135	0.0124799
10135	10136	0.012478
5543	10136	0.012478
8989	10137	0.0124724
10136	10137	0.0124724
8686	10138	0.0124713
10137	10138	0.0124713
4838	10139	0.0124625
6186	10139	0.0124625
9039	10139	0.0124625
10138	10139	0.0124625
3122	10139	0.0124625
10139	10140	0.0124579
5788	10140	0.0124579
10140	10141	0.0124565
3467	10141	0.0124565
2561	10142	0.0124388
10141	10142	0.0124388
1348	10143	0.0124339
10142	10143	0.0124339
3421	10144	0.0124255
10143	10144	0.0124255
2958	10145	0.012415
10144	10145	0.012415
2907	10146	0.012403
10145	10146	0.012403
4689	10147	0.0123938
10146	10147	0.0123938
4622	10148	0.0123881
10147	10148	0.0123881
5579	10149	0.0123777
10148	10149	0.0123777
10149	10150	0.0123729
4919	10150	0.0123729
3684	10151	0.012372
10150	10151	0.012372
10151	10152	0.0123588
6200	10152	0.0123588
10152	10153	0.0123559
5353	10153	0.0123559
4059	10154	0.0123529
10153	10154	0.0123529
10154	10155	0.0123511
488	10155	0.0123511
3525	10156	0.0123444
10155	10156	0.0123444
8914	10157	0.0123292
10156	10157	0.0123292
10157	10158	0.0123245
2516	10158	0.0123245
8641	10159	0.0122959
10158	10159	0.0122959
10159	10160	0.012289
1777	10160	0.012289
10160	10161	0.0122831
3899	10161	0.0122831
3877	10162	0.0122825
10161	10162	0.0122825
4839	10163	0.0122806
10162	10163	0.0122806
1821	10163	0.0122806
10163	10164	0.0122719
3094	10164	0.0122719
1948	10165	0.0122624
10164	10165	0.0122624
10165	10166	0.01225
1781	10166	0.01225
3481	10167	0.0122489
10166	10167	0.0122489
464	10168	0.0122413
10167	10168	0.0122413
10168	10169	0.0122385
857	10169	0.0122385
10169	10170	0.0122283
2546	10170	0.0122283
6322	10171	0.0122262
10170	10171	0.0122262
10171	10172	0.0122175
4822	10172	0.0122175
10172	10173	0.0122137
876	10173	0.0122137
8756	10174	0.012207
10173	10174	0.012207
10174	10175	0.0122064
866	10175	0.0122064
10175	10176	0.0122053
123	10176	0.0122053
5083	10177	0.0122041
10176	10177	0.0122041
10177	10178	0.0121956
5158	10178	0.0121956
10178	10179	0.01219
3512	10179	0.01219
10179	10180	0.0121864
3612	10180	0.0121864
10180	10181	0.012184
3286	10181	0.012184
10181	10182	0.0121798
1156	10182	0.0121798
10182	10183	0.0121736
5043	10183	0.0121736
9036	10184	0.0121728
10183	10184	0.0121728
10184	10185	0.0121694
3696	10185	0.0121694
10185	10186	0.0121595
5196	10186	0.0121595
10186	10187	0.0121478
5063	10187	0.0121478
10187	10188	0.0121459
1231	10188	0.0121459
10188	10189	0.0121447
4016	10189	0.0121447
9045	10190	0.0121423
10189	10190	0.0121423
3146	10190	0.0121423
10190	10191	0.0121402
1281	10191	0.0121402
2752	10192	0.0121393
10191	10192	0.0121393
1093	10193	0.0121385
10192	10193	0.0121385
8814	10194	0.0121374
10193	10194	0.0121374
5659	10195	0.0121326
10194	10195	0.0121326
145	10196	0.0121243
10195	10196	0.0121243
10196	10197	0.0121174
1108	10197	0.0121174
10197	10198	0.0121132
1224	10198	0.0121132
10198	10199	0.0121109
2498	10199	0.0121109
10199	10200	0.0121032
1718	10200	0.0121032
10200	10201	0.0120965
3751	10201	0.0120965
10201	10202	0.0120898
3676	10202	0.0120898
10202	10203	0.0120583
3857	10203	0.0120583
10203	10204	0.0120573
1864	10204	0.0120573
1529	10205	0.0120392
10204	10205	0.0120392
1453	10206	0.0120352
10205	10206	0.0120352
10206	10207	0.0120341
9995	10207	0.0120341
4026	10208	0.0120325
10207	10208	0.0120325
2417	10209	0.0120277
8804	10209	0.0120277
10208	10209	0.0120277
10209	10210	0.0120134
2950	10210	0.0120134
2550	10211	0.0120106
10210	10211	0.0120106
8803	10212	0.0120087
10211	10212	0.0120087
10212	10213	0.0120065
2544	10213	0.0120065
6477	10214	0.0120021
10213	10214	0.0120021
4552	10215	0.0120014
10214	10215	0.0120014
10215	10216	0.0120001
602	10216	0.0120001
6456	10217	0.0119952
10216	10217	0.0119952
724	10217	0.0119952
1068	10218	0.0119858
2913	10218	0.0119858
3541	10218	0.0119858
10217	10218	0.0119858
8593	10219	0.0119774
10218	10219	0.0119774
10219	10220	0.0119764
4166	10220	0.0119764
3747	10221	0.0119741
10220	10221	0.0119741
8913	10222	0.0119705
10221	10222	0.0119705
10222	10223	0.0119601
1409	10223	0.0119601
2009	10223	0.0119601
2747	10223	0.0119601
10223	10224	0.0119565
3765	10224	0.0119565
10224	10225	0.0119513
2018	10225	0.0119513
10225	10226	0.0119477
1411	10226	0.0119477
237	10227	0.0119343
10226	10227	0.0119343
5245	10228	0.0119269
10227	10228	0.0119269
10228	10229	0.011917
591	10229	0.011917
10229	10230	0.0119075
2356	10230	0.0119075
10230	10231	0.0118999
3224	10231	0.0118999
10231	10232	0.0118971
2531	10232	0.0118971
10232	10233	0.011879
4798	10233	0.011879
10233	10234	0.0118758
3006	10234	0.0118758
10234	10235	0.0118734
5514	10235	0.0118734
8835	10236	0.0118722
10235	10236	0.0118722
3516	10237	0.0118615
10236	10237	0.0118615
10237	10238	0.0118554
79	10238	0.0118554
10238	10239	0.011852
1593	10239	0.011852
10239	10240	0.0118513
4009	10240	0.0118513
10240	10241	0.0118341
4412	10241	0.0118341
10241	10242	0.0118331
8969	10242	0.0118331
10242	10243	0.0118294
2350	10243	0.0118294
676	10244	0.0118273
10243	10244	0.0118273
10244	10245	0.0118259
4685	10245	0.0118259
10245	10246	0.0118248
3454	10246	0.0118248
10246	10247	0.0118068
4969	10247	0.0118068
10247	10248	0.0118055
2977	10248	0.0118055
4602	10249	0.0117987
10248	10249	0.0117987
10249	10250	0.0117959
489	10250	0.0117959
17	10251	0.0117732
10250	10251	0.0117732
865	10252	0.0120335
1507	10252	0.0120335
848	10253	0.0128098
3290	10253	0.0128098
5288	10254	0.0119314
1688	10254	0.0119314
2191	10255	0.0120231
3360	10255	0.0120231
5408	10256	0.0122451
4307	10256	0.0122451
2451	10257	0.0112076
9043	10257	0.0112076
4702	10258	0.0117574
10251	10258	0.0117574
10258	10259	0.0117552
10253	10259	0.0117552
10259	10260	0.011752
5250	10260	0.011752
10260	10261	0.0117493
2486	10261	0.0117493
10261	10262	0.0117415
2553	10262	0.0117415
10262	10263	0.0117131
5995	10263	0.0117131
4870	10264	0.0117083
10263	10264	0.0117083
8879	10265	0.0117037
10264	10265	0.0117037
4376	10266	0.0116997
10265	10266	0.0116997
10266	10267	0.0116911
4717	10267	0.0116911
10267	10268	0.0116835
1837	10268	0.0116835
5693	10269	0.011674
10268	10269	0.011674
10269	10270	0.0116674
1823	10270	0.0116674
5267	10270	0.0116674
10270	10271	0.0116626
3588	10271	0.0116626
4160	10271	0.0116626
2215	10272	0.0116204
10271	10272	0.0116204
8672	10273	0.0116185
10272	10273	0.0116185
10273	10274	0.0116138
3515	10274	0.0116138
4536	10275	0.0116101
10274	10275	0.0116101
10275	10276	0.0116086
4608	10276	0.0116086
10276	10277	0.0116076
4749	10277	0.0116076
1647	10278	0.0116051
10277	10278	0.0116051
10278	10279	0.0116004
10252	10279	0.0116004
2357	10279	0.0116004
10279	10280	0.0115984
2057	10280	0.0115984
718	10281	0.011598
10280	10281	0.011598
10281	10282	0.011593
1833	10282	0.011593
341	10283	0.011591
4535	10283	0.011591
10282	10283	0.011591
10283	10284	0.0115844
2406	10284	0.0115844
10284	10285	0.0115768
963	10285	0.0115768
4238	10286	0.0115607
10285	10286	0.0115607
10286	10287	0.0115595
811	10287	0.0115595
10287	10288	0.0115557
1509	10288	0.0115557
1592	10288	0.0115557
10288	10289	0.0115538
4211	10289	0.0115538
10289	10290	0.011552
2343	10290	0.011552
493	10291	0.0115483
10290	10291	0.0115483
10291	10292	0.0115328
10255	10292	0.0115328
2515	10293	0.0115107
10292	10293	0.0115107
4626	10294	0.0115061
10293	10294	0.0115061
10294	10295	0.0115044
2897	10295	0.0115044
4879	10296	0.0114977
10295	10296	0.0114977
10296	10297	0.0114896
2994	10297	0.0114896
10297	10298	0.0114889
1344	10298	0.0114889
10298	10299	0.0114756
565	10299	0.0114756
10299	10300	0.0114689
4770	10300	0.0114689
1678	10301	0.0114661
10300	10301	0.0114661
626	10302	0.0114623
10301	10302	0.0114623
6029	10302	0.0114623
10302	10303	0.0114422
2493	10303	0.0114422
781	10304	0.0116529
4975	10304	0.0116529
2049	10305	0.0114736
2770	10305	0.0114736
4163	10306	0.0114368
10303	10306	0.0114368
4028	10307	0.0114336
10306	10307	0.0114336
4164	10308	0.0114031
10307	10308	0.0114031
9037	10309	0.0113981
10308	10309	0.0113981
10309	10310	0.0113974
639	10310	0.0113974
4277	10311	0.0113898
10310	10311	0.0113898
3942	10312	0.011389
10311	10312	0.011389
10312	10313	0.0113878
4637	10313	0.0113878
5473	10314	0.011383
10313	10314	0.011383
10314	10315	0.0113755
3698	10315	0.0113755
5783	10316	0.0113735
10315	10316	0.0113735
10316	10317	0.0113716
10305	10317	0.0113716
10317	10318	0.0113496
1040	10318	0.0113496
10318	10319	0.0113316
662	10319	0.0113316
2361	10319	0.0113316
4894	10320	0.011327
10319	10320	0.011327
1673	10320	0.011327
5448	10321	0.0113239
10320	10321	0.0113239
8517	10322	0.0113114
10321	10322	0.0113114
10322	10323	0.011309
1415	10323	0.011309
10323	10324	0.011303
6178	10324	0.011303
8582	10325	0.0112922
10324	10325	0.0112922
5375	10326	0.0112885
10325	10326	0.0112885
10326	10327	0.0112849
3392	10327	0.0112849
10327	10328	0.0112764
2813	10328	0.0112764
10328	10329	0.0112714
2702	10329	0.0112714
10329	10330	0.0112687
422	10330	0.0112687
10304	10331	0.0112581
3197	10331	0.0112581
10330	10332	0.0112561
1711	10332	0.0112561
2030	10332	0.0112561
2458	10332	0.0112561
5558	10332	0.0112561
10331	10332	0.0112561
2757	10333	0.0112525
10332	10333	0.0112525
10333	10334	0.0112515
5214	10334	0.0112515
10334	10335	0.0112362
1296	10335	0.0112362
2948	10336	0.0112341
10335	10336	0.0112341
10336	10337	0.0112285
512	10337	0.0112285
2460	10338	0.0112145
10337	10338	0.0112145
10338	10339	0.0112
681	10339	0.0112
10339	10340	0.0111961
1385	10340	0.0111961
10340	10341	0.0111904
2621	10341	0.0111904
3725	10342	0.0111895
10341	10342	0.0111895
10342	10343	0.0111857
185	10343	0.0111857
984	10344	0.0111788
10343	10344	0.0111788
10344	10345	0.0111772
169	10345	0.0111772
10345	10346	0.0111761
318	10346	0.0111761
10346	10347	0.0111702
727	10347	0.0111702
5426	10348	0.0111685
2804	10348	0.0111685
10347	10348	0.0111685
10348	10349	0.011156
916	10349	0.011156
887	10350	0.0111542
10349	10350	0.0111542
10350	10351	0.0111417
3	10351	0.0111417
10351	10352	0.0111321
1618	10352	0.0111321
10352	10353	0.011118
4934	10353	0.011118
2718	10354	0.0111169
10353	10354	0.0111169
10354	10355	0.0111104
3713	10355	0.0111104
4642	10356	0.0111094
10355	10356	0.0111094
10356	10357	0.0111055
5080	10357	0.0111055
10357	10358	0.0111045
4000	10358	0.0111045
10358	10359	0.011096
1386	10359	0.011096
3165	10359	0.011096
5524	10360	0.0110942
10359	10360	0.0110942
6129	10361	0.0110933
10360	10361	0.0110933
1249	10362	0.0110864
10361	10362	0.0110864
3908	10363	0.0110858
10362	10363	0.0110858
10363	10364	0.011075
1858	10364	0.011075
10364	10365	0.0110684
730	10365	0.0110684
5242	10366	0.0110579
10365	10366	0.0110579
10366	10367	0.0110378
1501	10367	0.0110378
10367	10368	0.011037
852	10368	0.011037
10368	10369	0.0110283
3404	10369	0.0110283
10369	10370	0.0110263
4714	10370	0.0110263
10370	10371	0.0110181
2683	10371	0.0110181
10371	10372	0.0110131
203	10372	0.0110131
10372	10373	0.0110044
2448	10373	0.0110044
4041	10373	0.0110044
10373	10374	0.0110017
5863	10374	0.0110017
10374	10375	0.0109956
1910	10375	0.0109956
2035	10375	0.0109956
10375	10376	0.0109855
1624	10376	0.0109855
10376	10377	0.0109787
4214	10377	0.0109787
10377	10378	0.0109741
4527	10378	0.0109741
10254	10378	0.0109741
10378	10379	0.010969
2080	10379	0.010969
10379	10380	0.0109615
2882	10380	0.0109615
10380	10381	0.0109416
2095	10381	0.0109416
10381	10382	0.0108987
5566	10382	0.0108987
10382	10383	0.0108976
5406	10383	0.0108976
10383	10384	0.0108928
387	10384	0.0108928
2175	10385	0.0108804
10384	10385	0.0108804
10385	10386	0.0108756
625	10386	0.0108756
10386	10387	0.0108603
5766	10387	0.0108603
459	10388	0.010832
10387	10388	0.010832
6510	10389	0.0108298
10388	10389	0.0108298
10001	10390	0.0108232
10389	10390	0.0108232
1102	10391	0.0108222
10390	10391	0.0108222
176	10392	0.0108194
10391	10392	0.0108194
10392	10393	0.0108146
294	10393	0.0108146
10393	10394	0.010803
1010	10394	0.010803
10394	10395	0.010786
4230	10395	0.010786
10395	10396	0.0107782
215	10396	0.0107782
4836	10396	0.0107782
10396	10397	0.0107701
438	10397	0.0107701
1166	10398	0.0107625
10397	10398	0.0107625
10398	10399	0.0107537
6065	10399	0.0107537
10399	10400	0.0107528
10256	10400	0.0107528
10400	10401	0.0107519
1970	10401	0.0107519
2597	10402	0.0107498
10401	10402	0.0107498
10402	10403	0.0107451
862	10403	0.0107451
8758	10404	0.0107432
5895	10404	0.0107432
10403	10404	0.0107432
10257	10405	0.0107402
10404	10405	0.0107402
10405	10406	0.0107374
1824	10406	0.0107374
971	10407	0.0107348
10406	10407	0.0107348
10407	10408	0.0107318
1136	10408	0.0107318
6107	10408	0.0107318
10408	10409	0.010722
3763	10409	0.010722
10409	10410	0.0107192
3663	10410	0.0107192
1985	10411	0.0107079
10410	10411	0.0107079
5268	10411	0.0107079
10411	10412	0.0107061
1015	10412	0.0107061
10412	10413	0.010704
3163	10413	0.010704
10413	10414	0.0107002
3581	10414	0.0107002
927	10415	0.0106927
10414	10415	0.0106927
3206	10416	0.0106915
10415	10416	0.0106915
8964	10417	0.010685
10416	10417	0.010685
10417	10418	0.010684
2120	10418	0.010684
1187	10419	0.0107469
1152	10419	0.0107469
1780	10420	0.0106832
10418	10420	0.0106832
10420	10421	0.0106773
3472	10421	0.0106773
3083	10422	0.0106766
10421	10422	0.0106766
10422	10423	0.010666
485	10423	0.010666
8903	10424	0.0106602
10423	10424	0.0106602
10424	10425	0.0106519
2495	10425	0.0106519
10425	10426	0.0106495
918	10426	0.0106495
10426	10427	0.010643
382	10427	0.010643
10427	10428	0.0106202
1989	10428	0.0106202
8908	10429	0.010617
10428	10429	0.010617
4293	10430	0.0106103
10429	10430	0.0106103
1204	10431	0.010609
10430	10431	0.010609
10431	10432	0.0106069
1803	10432	0.0106069
3954	10433	0.010597
10432	10433	0.010597
6213	10434	0.0105915
10433	10434	0.0105915
10434	10435	0.0105877
2395	10435	0.0105877
10435	10436	0.010582
1729	10436	0.010582
10436	10437	0.0105793
2565	10437	0.0105793
10437	10438	0.0105784
5730	10438	0.0105784
10419	10438	0.0105784
2888	10438	0.0105784
5808	10438	0.0105784
10438	10439	0.0105753
268	10439	0.0105753
10439	10440	0.0105667
1100	10440	0.0105667
1353	10441	0.0105513
10440	10441	0.0105513
1953	10442	0.0108882
841	10442	0.0108882
5542	10443	0.0111569
934	10443	0.0111569
3103	10444	0.01219
4884	10444	0.01219
1243	10445	0.0115079
3850	10445	0.0115079
4755	10446	0.0117209
3505	10446	0.0117209
3152	10447	0.0122815
10002	10447	0.0122815
10447	10448	0.0118857
3533	10448	0.0118857
10448	10449	0.0105768
3885	10449	0.0105768
4995	10450	0.0118248
5991	10450	0.0118248
10450	10451	0.0111542
3618	10451	0.0111542
6224	10452	0.0111732
6217	10452	0.0111732
4891	10453	0.0105446
10441	10453	0.0105446
10453	10454	0.0105399
4314	10454	0.0105399
10454	10455	0.0105342
3643	10455	0.0105342
574	10456	0.0105286
10455	10456	0.0105286
884	10457	0.010523
10456	10457	0.010523
5695	10458	0.010515
10457	10458	0.010515
10458	10459	0.0105105
4661	10459	0.0105105
10459	10460	0.0105073
4350	10460	0.0105073
10460	10461	0.0105054
672	10461	0.0105054
10461	10462	0.0105032
3270	10462	0.0105032
10462	10463	0.0104952
5175	10463	0.0104952
10463	10464	0.0104903
2256	10464	0.0104903
10464	10465	0.0104751
5873	10465	0.0104751
100	10466	0.0104703
8982	10466	0.0104703
10465	10466	0.0104703
10466	10467	0.0104666
3368	10467	0.0104666
6124	10468	0.0104656
10467	10468	0.0104656
10468	10469	0.0104618
5174	10469	0.0104618
9044	10470	0.010459
10469	10470	0.010459
5794	10471	0.0104561
10470	10471	0.0104561
3398	10472	0.0104447
10471	10472	0.0104447
10472	10473	0.0104417
2332	10473	0.0104417
10473	10474	0.0104322
3058	10474	0.0104322
10474	10475	0.0104297
4383	10475	0.0104297
10475	10476	0.0104255
6058	10476	0.0104255
4297	10477	0.0104113
10476	10477	0.0104113
3633	10477	0.0104113
10477	10478	0.0104093
5476	10478	0.0104093
10478	10479	0.0103827
6194	10479	0.0103827
10479	10480	0.0103787
550	10480	0.0103787
10480	10481	0.0103777
2668	10481	0.0103777
5870	10482	0.0103731
10481	10482	0.0103731
10482	10483	0.0103722
4365	10483	0.0103722
3150	10484	0.010354
10483	10484	0.010354
2612	10484	0.010354
8951	10485	0.0103501
10484	10485	0.0103501
10485	10486	0.0103474
1596	10486	0.0103474
3801	10487	0.0103445
10486	10487	0.0103445
10487	10488	0.0103378
5610	10488	0.0103378
144	10488	0.0103378
6285	10489	0.010336
10488	10489	0.010336
10489	10490	0.0103282
2479	10490	0.0103282
10490	10491	0.0103186
2769	10491	0.0103186
10491	10492	0.0103094
3875	10492	0.0103094
1954	10493	0.0103028
10492	10493	0.0103028
10493	10494	0.0102939
5530	10494	0.0102939
10494	10495	0.0102882
340	10495	0.0102882
5921	10496	0.0102634
10495	10496	0.0102634
10496	10497	0.010253
835	10497	0.010253
915	10498	0.0103282
1505	10498	0.0103282
2786	10499	0.0102864
262	10499	0.0102864
10497	10500	0.0102481
10498	10500	0.0102481
3192	10501	0.0102472
10500	10501	0.0102472
10501	10502	0.0102414
1679	10502	0.0102414
10502	10503	0.0102356
1923	10503	0.0102356
10503	10504	0.0102319
4660	10504	0.0102319
10504	10505	0.0102299
10499	10505	0.0102299
4668	10506	0.0102197
10505	10506	0.0102197
4433	10507	0.0102169
10506	10507	0.0102169
2019	10508	0.0102157
10507	10508	0.0102157
10508	10509	0.0102118
4790	10509	0.0102118
1878	10510	0.01021
10509	10510	0.01021
10510	10511	0.010209
603	10511	0.010209
10511	10512	0.0102014
3223	10512	0.0102014
3844	10513	0.0101976
4384	10513	0.0101976
10512	10513	0.0101976
5379	10513	0.0101976
10513	10514	0.010192
1649	10514	0.010192
180	10515	0.0101908
10514	10515	0.0101908
1180	10515	0.0101908
10515	10516	0.0101882
2028	10516	0.0101882
10516	10517	0.0101871
3873	10517	0.0101871
511	10518	0.0101845
10517	10518	0.0101845
4658	10518	0.0101845
10518	10519	0.0101796
5584	10519	0.0101796
1645	10520	0.0101719
10519	10520	0.0101719
10520	10521	0.0101575
2896	10521	0.0101575
4139	10521	0.0101575
5122	10521	0.0101575
6016	10521	0.0101575
1637	10521	0.0101575
10444	10521	0.0101575
3988	10522	0.0101528
10521	10522	0.0101528
10522	10523	0.0101441
3475	10523	0.0101441
2625	10524	0.0101366
10523	10524	0.0101366
10524	10525	0.0101311
3905	10525	0.0101311
1394	10526	0.0101291
10525	10526	0.0101291
10526	10527	0.0101202
4200	10527	0.0101202
10527	10528	0.0101166
3313	10528	0.0101166
10528	10529	0.01011
721	10529	0.01011
8945	10530	0.0101014
10529	10530	0.0101014
10530	10531	0.0100956
4504	10531	0.0100956
1094	10532	0.0100917
10531	10532	0.0100917
5471	10533	0.0100851
10532	10533	0.0100851
3037	10533	0.0100851
3402	10534	0.010084
10533	10534	0.010084
10534	10535	0.0100754
954	10535	0.0100754
10535	10536	0.010071
45	10536	0.010071
9038	10537	0.0100641
10536	10537	0.0100641
10537	10538	0.0100145
1380	10538	0.0100145
4566	10539	0.0100118
10538	10539	0.0100118
10539	10540	0.0100062
130	10540	0.0100062
10540	10541	0.0100029
3222	10541	0.0100029
2234	10542	0.0100021
10541	10542	0.0100021
10542	10543	0.00999937
2512	10543	0.00999937
8581	10544	0.00999208
10543	10544	0.00999208
10445	10545	0.0102622
3656	10545	0.0102622
10544	10546	0.0099888
5532	10546	0.0099888
10546	10547	0.00998612
521	10547	0.00998612
10547	10548	0.0099841
3459	10548	0.0099841
4308	10549	0.00998309
10548	10549	0.00998309
10549	10550	0.00998119
2315	10550	0.00998119
10550	10551	0.0099793
4960	10551	0.0099793
6400	10552	0.0099707
10551	10552	0.0099707
10552	10553	0.00996861
6054	10553	0.00996861
10553	10554	0.00996498
2421	10554	0.00996498
10554	10555	0.00996403
4496	10555	0.00996403
10555	10556	0.00996211
1659	10556	0.00996211
10556	10557	0.00995727
784	10557	0.00995727
8999	10557	0.00995727
10557	10558	0.0099516
1254	10558	0.0099516
8927	10559	0.00994559
10558	10559	0.00994559
10559	10560	0.00993525
1749	10560	0.00993525
10560	10561	0.0099307
3728	10561	0.0099307
3056	10562	0.00992749
10561	10562	0.00992749
10562	10563	0.00991909
2934	10563	0.00991909
849	10564	0.00991081
10563	10564	0.00991081
10564	10565	0.00990673
5258	10565	0.00990673
1891	10566	0.00989161
5073	10566	0.00989161
10565	10566	0.00989161
4699	10567	0.00988956
10566	10567	0.00988956
2523	10568	0.00988271
10567	10568	0.00988271
10568	10569	0.00988207
6005	10569	0.00988207
112	10570	0.00986668
10569	10570	0.00986668
8941	10571	0.00987132
3840	10571	0.00987132
10570	10572	0.0098601
10571	10572	0.0098601
1426	10573	0.0098419
10572	10573	0.0098419
10573	10574	0.00983444
2943	10574	0.00983444
10574	10575	0.00982947
3075	10575	0.00982947
5606	10575	0.00982947
5388	10576	0.00982087
9040	10576	0.00982087
10575	10576	0.00982087
10576	10577	0.00980667
3787	10577	0.00980667
5591	10578	0.0098057
8902	10578	0.0098057
10577	10578	0.0098057
10578	10579	0.00979139
1613	10579	0.00979139
10579	10580	0.0097885
2374	10580	0.0097885
10580	10581	0.00978564
744	10581	0.00978564
10581	10582	0.00977049
4563	10582	0.00977049
4623	10583	0.00976941
10582	10583	0.00976941
4420	10584	0.00976176
10583	10584	0.00976176
5443	10585	0.00975972
10584	10585	0.00975972
10585	10586	0.00974851
8991	10586	0.00974851
4440	10586	0.00974851
10446	10587	0.00993735
1802	10587	0.00993735
8842	10588	0.00972844
10586	10588	0.00972844
10588	10589	0.00972558
10587	10589	0.00972558
6458	10590	0.00971585
10589	10590	0.00971585
5160	10591	0.00971514
10590	10591	0.00971514
10591	10592	0.00970746
355	10592	0.00970746
6247	10593	0.00970166
10592	10593	0.00970166
10593	10594	0.00968853
1706	10594	0.00968853
10594	10595	0.00968262
5525	10595	0.00968262
10595	10596	0.00966824
1548	10596	0.00966824
2017	10596	0.00966824
10596	10597	0.00966672
10545	10597	0.00966672
10597	10598	0.00965786
2238	10598	0.00965786
8836	10599	0.00964468
8837	10599	0.00964468
10598	10599	0.00964468
3405	10600	0.00963792
10599	10600	0.00963792
284	10600	0.00963792
10600	10601	0.00962065
1540	10601	0.00962065
10601	10602	0.00961391
3235	10602	0.00961391
10602	10603	0.00961318
5130	10603	0.00961318
8742	10604	0.00961014
10603	10604	0.00961014
1607	10605	0.0096063
10604	10605	0.0096063
10605	10606	0.00960444
573	10606	0.00960444
10606	10607	0.00960158
2437	10607	0.00960158
5712	10608	0.00960062
10607	10608	0.00960062
10608	10609	0.00959578
3540	10609	0.00959578
5096	10610	0.00959384
10609	10610	0.00959384
10610	10611	0.00959313
985	10611	0.00959313
10611	10612	0.00959187
170	10612	0.00959187
10612	10613	0.00959108
1174	10613	0.00959108
5515	10614	0.00958575
10613	10614	0.00958575
10614	10615	0.00957002
2102	10615	0.00957002
2556	10616	0.00956918
10615	10616	0.00956918
10616	10617	0.0095644
4929	10617	0.0095644
8770	10618	0.00954346
10617	10618	0.00954346
578	10619	0.00954238
10618	10619	0.00954238
837	10619	0.00954238
10619	10620	0.00953773
1122	10620	0.00953773
10620	10621	0.00952465
9999	10621	0.00952465
5671	10622	0.00951879
10621	10622	0.00951879
8861	10623	0.0095148
10622	10623	0.0095148
532	10624	0.00951007
3130	10624	0.00951007
10623	10624	0.00951007
3180	10625	0.00949583
10624	10625	0.00949583
2204	10626	0.0103616
1677	10626	0.0103616
8988	10627	0.00994683
5306	10627	0.00994683
2237	10628	0.00948701
10625	10628	0.00948701
1674	10629	0.00948492
10628	10629	0.00948492
8795	10630	0.00947869
10629	10630	0.00947869
4683	10631	0.00947669
10630	10631	0.00947669
5075	10632	0.00947475
3818	10632	0.00947475
10631	10632	0.00947475
2727	10633	0.00947385
10632	10633	0.00947385
10633	10634	0.00946398
2981	10634	0.00946398
186	10635	0.00946128
8445	10635	0.00946128
10634	10635	0.00946128
3305	10636	0.00945768
10635	10636	0.00945768
4175	10637	0.00945397
10636	10637	0.00945397
10637	10638	0.00944996
1408	10638	0.00944996
10638	10639	0.00944519
4788	10639	0.00944519
1418	10640	0.009429
10639	10640	0.009429
10640	10641	0.00942325
6172	10641	0.00942325
6174	10641	0.00942325
10641	10642	0.00942038
2105	10642	0.00942038
4745	10643	0.00941944
10642	10643	0.00941944
1112	10644	0.00940044
10643	10644	0.00940044
10644	10645	0.00939471
3660	10645	0.00939471
10443	10645	0.00939471
10645	10646	0.00939371
121	10646	0.00939371
4327	10646	0.00939371
8623	10647	0.00938988
10646	10647	0.00938988
10647	10648	0.0093765
1655	10648	0.0093765
10648	10649	0.00936691
6148	10649	0.00936691
2149	10649	0.00936691
8579	10650	0.00936109
10649	10650	0.00936109
8848	10651	0.0093602
10650	10651	0.0093602
4909	10652	0.00935559
10651	10652	0.00935559
8499	10653	0.00933948
10652	10653	0.00933948
10653	10654	0.00933164
6043	10654	0.00933164
4004	10655	0.00932722
10654	10655	0.00932722
1913	10656	0.0093211
10655	10656	0.0093211
10656	10657	0.00931583
1569	10657	0.00931583
10657	10658	0.00931352
4213	10658	0.00931352
6006	10659	0.00931168
10658	10659	0.00931168
4491	10660	0.00930868
10659	10660	0.00930868
10660	10661	0.00929541
3582	10661	0.00929541
8841	10662	0.00928426
10661	10662	0.00928426
10662	10663	0.00927925
10627	10663	0.00927925
10663	10664	0.00927067
5632	10664	0.00927067
10451	10664	0.00927067
10664	10665	0.00925932
4886	10665	0.00925932
1118	10666	0.0092583
10665	10666	0.0092583
2096	10667	0.00925361
4862	10667	0.00925361
10666	10667	0.00925361
10667	10668	0.00925156
2242	10668	0.00925156
3352	10669	0.00924878
10668	10669	0.00924878
10669	10670	0.00924517
2519	10670	0.00924517
1896	10671	0.00924387
10670	10671	0.00924387
1021	10672	0.0092404
10671	10672	0.0092404
9994	10672	0.0092404
10672	10673	0.00923441
3511	10673	0.00923441
4425	10674	0.00922489
10673	10674	0.00922489
10674	10675	0.00922103
1890	10675	0.00922103
3410	10676	0.00922
10675	10676	0.00922
2154	10676	0.00922
10676	10677	0.00921934
2230	10677	0.00921934
3750	10678	0.00921551
10677	10678	0.00921551
10678	10679	0.00920966
1759	10679	0.00920966
1146	10680	0.009203
10679	10680	0.009203
10680	10681	0.00920199
2712	10681	0.00920199
4649	10681	0.00920199
895	10681	0.00920199
5595	10681	0.00920199
125	10681	0.00920199
1988	10682	0.00920005
10681	10682	0.00920005
3876	10683	0.00919527
10682	10683	0.00919527
8849	10684	0.00919055
10683	10684	0.00919055
2233	10685	0.00918855
10684	10685	0.00918855
1982	10686	0.0091858
6011	10686	0.0091858
5726	10686	0.0091858
10685	10686	0.0091858
10686	10687	0.00918028
5166	10687	0.00918028
6105	10688	0.00917531
10687	10688	0.00917531
10442	10689	0.00916477
10688	10689	0.00916477
10689	10690	0.00914676
10449	10690	0.00914676
2412	10691	0.00914491
10690	10691	0.00914491
763	10691	0.00914491
787	10692	0.00913727
10691	10692	0.00913727
10692	10693	0.00913235
1638	10693	0.00913235
21	10694	0.00911511
10693	10694	0.00911511
8788	10695	0.00910098
10694	10695	0.00910098
378	10696	0.00908286
4850	10696	0.00908286
10695	10696	0.00908286
10696	10697	0.00908102
3641	10697	0.00908102
1230	10698	0.00907412
10697	10698	0.00907412
2210	10699	0.00907229
10698	10699	0.00907229
10699	10700	0.00906722
1226	10700	0.00906722
4903	10701	0.00909999
3759	10701	0.00909999
9047	10702	0.00906466
8787	10702	0.00906466
10700	10702	0.00906466
1020	10703	0.00906066
10702	10703	0.00906066
1203	10704	0.00905702
10703	10704	0.00905702
5081	10705	0.00905327
10704	10705	0.00905327
11	10705	0.00905327
3024	10706	0.00903795
10705	10706	0.00903795
10706	10707	0.00902651
10452	10707	0.00902651
10707	10708	0.00902089
4876	10708	0.00902089
10708	10709	0.00901507
5154	10709	0.00901507
10709	10710	0.00901325
1577	10710	0.00901325
4923	10711	0.00900457
10710	10711	0.00900457
966	10712	0.00900382
10711	10712	0.00900382
6150	10713	0.00898074
4241	10713	0.00898074
10712	10713	0.00898074
10713	10714	0.00897721
402	10714	0.00897721
10714	10715	0.00897024
3957	10715	0.00897024
10715	10716	0.00896371
1571	10716	0.00896371
10716	10717	0.00896292
4634	10717	0.00896292
6245	10718	0.0089617
10717	10718	0.0089617
8808	10719	0.00895919
10718	10719	0.00895919
1975	10719	0.00895919
8746	10720	0.0089541
10719	10720	0.0089541
8862	10721	0.0089512
10720	10721	0.0089512
1443	10721	0.0089512
55	10722	0.00894825
10721	10722	0.00894825
10722	10723	0.00894552
867	10723	0.00894552
2742	10724	0.00893879
10723	10724	0.00893879
10724	10725	0.00892633
4780	10725	0.00892633
2006	10725	0.00892633
10725	10726	0.0089228
2959	10726	0.0089228
10726	10727	0.00891399
2165	10727	0.00891399
10727	10728	0.00890815
248	10728	0.00890815
10728	10729	0.00890729
3100	10729	0.00890729
4769	10730	0.00890358
10729	10730	0.00890358
10730	10731	0.00889588
844	10731	0.00889588
2874	10731	0.00889588
5839	10732	0.008894
10731	10732	0.008894
10732	10733	0.00888728
478	10733	0.00888728
10733	10734	0.00888427
6125	10734	0.00888427
4791	10735	0.009016
1195	10735	0.009016
10734	10736	0.00887867
4205	10736	0.00887867
10736	10737	0.00887681
4083	10737	0.00887681
10737	10738	0.0088749
2131	10738	0.0088749
10738	10739	0.00886818
5687	10739	0.00886818
712	10739	0.00886818
8939	10740	0.00886738
10739	10740	0.00886738
10740	10741	0.00886444
4864	10741	0.00886444
10741	10742	0.00884823
8833	10742	0.00884823
3343	10743	0.0088359
10742	10743	0.0088359
1516	10744	0.00882435
10743	10744	0.00882435
10744	10745	0.00881489
18	10745	0.00881489
10735	10745	0.00881489
10745	10746	0.00881391
133	10746	0.00881391
10746	10747	0.00880999
4338	10747	0.00880999
10747	10748	0.00880716
337	10748	0.00880716
9996	10749	0.0088062
10748	10749	0.0088062
1017	10750	0.00880554
10749	10750	0.00880554
10750	10751	0.00880245
2611	10751	0.00880245
504	10752	0.00879948
10751	10752	0.00879948
10752	10753	0.00879166
10701	10753	0.00879166
5477	10753	0.00879166
10753	10754	0.00878434
1154	10754	0.00878434
10754	10755	0.0087832
1433	10755	0.0087832
8966	10756	0.00878241
10755	10756	0.00878241
10756	10757	0.00877863
10626	10757	0.00877863
10757	10758	0.00877097
2677	10758	0.00877097
10758	10759	0.00876902
889	10759	0.00876902
10759	10760	0.00876616
4414	10760	0.00876616
10760	10761	0.00874517
1023	10761	0.00874517
10761	10762	0.00873758
4300	10762	0.00873758
4801	10762	0.00873758
5622	10763	0.00873642
10762	10763	0.00873642
5089	10764	0.00873079
10763	10764	0.00873079
10764	10765	0.00872339
3406	10765	0.00872339
10765	10766	0.00870307
324	10766	0.00870307
10766	10767	0.0087022
1830	10767	0.0087022
3653	10768	0.00870038
10767	10768	0.00870038
3523	10769	0.00869747
10768	10769	0.00869747
1138	10770	0.0167932
1258	10770	0.0167932
2447	10771	0.00882435
101	10771	0.00882435
501	10772	0.010724
4924	10772	0.010724
548	10773	0.00912574
739	10773	0.00912574
2629	10774	0.00868907
3181	10774	0.00868907
3670	10774	0.00868907
1345	10775	0.015167
4720	10775	0.015167
4185	10776	0.0115984
2383	10776	0.0115984
4901	10777	0.0149174
4902	10777	0.0149174
10777	10778	0.0137384
2169	10778	0.0137384
4103	10779	0.0167095
5501	10779	0.0167095
5681	10780	0.0141915
8963	10780	0.0141915
5202	10781	0.00530814
766	10781	0.00530814
5913	10782	0.00726513
8954	10782	0.00726513
4244	10783	0.00393386
8952	10783	0.00393386
5046	10784	0.00591756
6158	10784	0.00591756
1556	10785	0.0086413
5702	10785	0.0086413
8846	10786	0.00519751
5617	10786	0.00519751
3535	10787	0.00430782
26	10787	0.00430782
8748	10788	0.00548841
2209	10788	0.00548841
4058	10789	0.00771805
10775	10789	0.00771805
731	10790	0.00369267
20	10790	0.00369267
3234	10791	0.00791552
5131	10791	0.00791552
5110	10792	0.00416087
4537	10792	0.00416087
6327	10793	0.00463389
2616	10793	0.00463389
994	10794	0.00554371
68	10794	0.00554371
65	10795	0.00710101
5104	10795	0.00710101
3407	10796	0.00548655
8944	10796	0.00548655
3126	10797	0.00756652
3269	10797	0.00756652
5151	10798	0.00476269
680	10798	0.00476269
5051	10799	0.00371653
948	10799	0.00371653
579	10800	0.00358482
2771	10800	0.00358482
4215	10801	0.00638868
6265	10801	0.00638868
6152	10802	0.0076408
10779	10802	0.0076408
6313	10803	0.00654228
3071	10803	0.00654228
2112	10804	0.00585941
187	10804	0.00585941
3298	10805	0.00738711
435	10805	0.00738711
5414	10806	0.00861363
1399	10806	0.00861363
224	10807	0.00614559
8906	10807	0.00614559
9005	10808	0.00840194
8757	10808	0.00840194
5156	10809	0.00806024
10808	10809	0.00806024
10769	10810	0.00864881
4407	10810	0.00864881
4961	10811	0.00864788
10810	10811	0.00864788
10811	10812	0.00864602
6184	10812	0.00864602
10812	10813	0.00864235
1741	10813	0.00864235
10813	10814	0.00863454
5552	10814	0.00863454
10814	10815	0.00862386
99	10815	0.00862386
3675	10816	0.00860501
10815	10816	0.00860501
10816	10817	0.00860399
5260	10817	0.00860399
2108	10818	0.00860314
10817	10818	0.00860314
10818	10819	0.00859915
5905	10819	0.00859915
9026	10820	0.00859835
10819	10820	0.00859835
10820	10821	0.0085975
1301	10821	0.0085975
9031	10822	0.00858584
10821	10822	0.00858584
5588	10822	0.00858584
10822	10823	0.0085831
920	10823	0.0085831
9016	10824	0.00854872
10823	10824	0.00854872
10824	10825	0.00854205
2936	10825	0.00854205
1957	10826	0.0085382
10825	10826	0.0085382
8904	10827	0.00853447
4046	10827	0.00853447
10826	10827	0.00853447
128	10828	0.00851464
10827	10828	0.00851464
2208	10829	0.00851341
10828	10829	0.00851341
10829	10830	0.00850861
196	10830	0.00850861
5000	10831	0.00849802
10830	10831	0.00849802
4916	10832	0.00849731
10831	10832	0.00849731
2572	10833	0.00849539
10832	10833	0.00849539
4469	10834	0.00849158
10833	10834	0.00849158
10834	10835	0.00848771
1332	10835	0.00848771
10835	10836	0.00848004
890	10836	0.00848004
2956	10837	0.00847431
3084	10837	0.00847431
10836	10837	0.00847431
6113	10837	0.00847431
10837	10838	0.00847242
451	10838	0.00847242
1816	10839	0.0084705
10838	10839	0.0084705
10839	10840	0.00846477
8937	10840	0.00846477
8707	10841	0.00845434
10840	10841	0.00845434
1832	10841	0.00845434
5647	10841	0.00845434
1451	10842	0.00846769
10772	10842	0.00846769
10841	10843	0.0084476
1071	10843	0.0084476
10843	10844	0.00844577
10842	10844	0.00844577
3469	10845	0.00843498
10844	10845	0.00843498
10845	10846	0.00843329
5021	10846	0.00843329
10846	10847	0.00842746
1758	10847	0.00842746
10847	10848	0.00841805
2828	10848	0.00841805
1456	10849	0.00841244
10848	10849	0.00841244
1610	10850	0.00840947
10849	10850	0.00840947
3143	10851	0.00839792
10850	10851	0.00839792
5764	10852	0.00838946
10851	10852	0.00838946
9027	10853	0.00838412
10852	10853	0.00838412
9019	10854	0.00838169
10853	10854	0.00838169
2055	10855	0.00837886
10854	10855	0.00837886
10855	10856	0.0083761
2624	10856	0.0083761
10856	10857	0.00836668
6004	10857	0.00836668
4465	10858	0.00836276
10857	10858	0.00836276
5320	10859	0.00835162
10858	10859	0.00835162
10859	10860	0.00834941
4186	10860	0.00834941
10860	10861	0.00834558
4088	10861	0.00834558
2875	10862	0.00834364
10861	10862	0.00834364
3537	10863	0.00833409
10862	10863	0.00833409
10863	10864	0.00832459
5987	10864	0.00832459
10864	10865	0.00831894
4127	10865	0.00831894
252	10866	0.00831789
10865	10866	0.00831789
10866	10867	0.00830552
10774	10867	0.00830552
2505	10868	0.00830172
10867	10868	0.00830172
10868	10869	0.00829415
2318	10869	0.00829415
4587	10870	0.00828369
10869	10870	0.00828369
10870	10871	0.00826932
2885	10871	0.00826932
2322	10872	0.00826856
10871	10872	0.00826856
5322	10873	0.00825601
10872	10873	0.00825601
10873	10874	0.0082531
436	10874	0.0082531
10874	10875	0.00825182
4198	10875	0.00825182
10875	10876	0.00824642
2174	10876	0.00824642
8446	10877	0.00824546
3931	10877	0.00824546
10876	10877	0.00824546
10877	10878	0.00821893
2020	10878	0.00821893
6314	10879	0.00819297
10878	10879	0.00819297
926	10880	0.008189
10879	10880	0.008189
832	10880	0.008189
1246	10881	0.00817965
10880	10881	0.00817965
2537	10882	0.00817487
10881	10882	0.00817487
10882	10883	0.00816626
1232	10883	0.00816626
1764	10884	0.00815865
10883	10884	0.00815865
3210	10885	0.0081568
10884	10885	0.0081568
3849	10886	0.00815136
10885	10886	0.00815136
10886	10887	0.00814724
2618	10887	0.00814724
10887	10888	0.00813486
3746	10888	0.00813486
3758	10889	0.00812337
10888	10889	0.00812337
10889	10890	0.00811949
2845	10890	0.00811949
6161	10891	0.00811207
10890	10891	0.00811207
3380	10892	0.00810816
4027	10892	0.00810816
10891	10892	0.00810816
1437	10893	0.00809481
10892	10893	0.00809481
2598	10893	0.00809481
8915	10894	0.00809007
10893	10894	0.00809007
10894	10895	0.00808034
4604	10895	0.00808034
10895	10896	0.00807955
4335	10896	0.00807955
10896	10897	0.00807576
4454	10897	0.00807576
10897	10898	0.00807471
1811	10898	0.00807471
829	10899	0.00807077
10898	10899	0.00807077
10899	10900	0.00805853
5844	10900	0.00805853
401	10900	0.00805853
10900	10901	0.00805275
4990	10901	0.00805275
10901	10902	0.00804233
4044	10902	0.00804233
3388	10903	0.00804038
10902	10903	0.00804038
10903	10904	0.00803755
2806	10904	0.00803755
10904	10905	0.00803275
1142	10905	0.00803275
10905	10906	0.00802622
4486	10906	0.00802622
10906	10907	0.0080204
415	10907	0.0080204
3055	10907	0.0080204
10907	10908	0.00799657
2705	10908	0.00799657
10908	10909	0.00799271
14	10909	0.00799271
874	10910	0.00799183
10909	10910	0.00799183
10910	10911	0.00798886
3294	10911	0.00798886
5085	10912	0.0079708
10911	10912	0.0079708
8942	10913	0.007965
10912	10913	0.007965
10913	10914	0.00795834
2321	10914	0.00795834
2592	10914	0.00795834
5586	10914	0.00795834
10914	10915	0.00795171
4522	10915	0.00795171
10915	10916	0.00794974
5791	10916	0.00794974
10916	10917	0.00794891
10771	10917	0.00794891
6079	10918	0.00794712
10917	10918	0.00794712
1218	10919	0.00791841
10918	10919	0.00791841
5405	10920	0.0079164
10919	10920	0.0079164
4615	10921	0.00791552
10920	10921	0.00791552
6478	10922	0.0079136
10921	10922	0.0079136
10922	10923	0.00791061
2659	10923	0.00791061
749	10923	0.00791061
5409	10924	0.00790411
10923	10924	0.00790411
1043	10925	0.00789646
10924	10925	0.00789646
10925	10926	0.00789453
1033	10926	0.00789453
266	10927	0.00789253
10926	10927	0.00789253
10927	10928	0.00788686
5298	10928	0.00788686
10928	10929	0.007886
1897	10929	0.007886
10929	10930	0.00788116
4777	10930	0.00788116
4878	10931	0.00788026
10930	10931	0.00788026
4816	10931	0.00788026
10931	10932	0.00785636
3555	10932	0.00785636
10932	10933	0.00784866
1479	10933	0.00784866
10933	10934	0.0078422
3162	10934	0.0078422
10934	10935	0.00783902
3377	10935	0.00783902
10935	10936	0.00783243
1994	10936	0.00783243
10936	10937	0.00781337
2418	10937	0.00781337
194	10938	0.00781149
10937	10938	0.00781149
3897	10939	0.00779814
10938	10939	0.00779814
10939	10940	0.00778675
10776	10940	0.00778675
10940	10941	0.00776488
6046	10941	0.00776488
6353	10942	0.00774095
10941	10942	0.00774095
10942	10943	0.00772948
1213	10943	0.00772948
10943	10944	0.00772663
3348	10944	0.00772663
3882	10945	0.00771805
10944	10945	0.00771805
1702	10946	0.00770948
10945	10946	0.00770948
3752	10947	0.00768856
10946	10947	0.00768856
10947	10948	0.00768442
2431	10948	0.00768442
10948	10949	0.00768291
3379	10949	0.00768291
1808	10950	0.00767615
10949	10950	0.00767615
10950	10951	0.00767423
5460	10951	0.00767423
10951	10952	0.00766752
2115	10952	0.00766752
3570	10953	0.00766465
10952	10953	0.00766465
1116	10954	0.00765959
10953	10954	0.00765959
4847	10955	0.00765417
896	10955	0.00765417
10954	10955	0.00765417
10955	10956	0.00764647
709	10956	0.00764647
10956	10957	0.00764567
3761	10957	0.00764567
3358	10958	0.00763912
10957	10958	0.00763912
10958	10959	0.00763592
2443	10959	0.00763592
2435	10960	0.00762096
10959	10960	0.00762096
3800	10961	0.00761989
10960	10961	0.00761989
10961	10962	0.00761692
2043	10962	0.00761692
10962	10963	0.00761405
1518	10963	0.00761405
10963	10964	0.00760456
1284	10964	0.00760456
3328	10965	0.00759973
10964	10965	0.00759973
10965	10966	0.00759882
473	10966	0.00759882
4616	10967	0.00758562
10966	10967	0.00758562
10967	10968	0.00758362
5704	10968	0.00758362
10968	10969	0.00757976
1486	10969	0.00757976
10969	10970	0.00757586
5729	10970	0.00757586
10970	10971	0.00756752
1282	10971	0.00756752
5273	10972	0.00755018
10971	10972	0.00755018
10972	10973	0.00754558
4319	10973	0.00754558
10973	10974	0.00753971
4370	10974	0.00753971
10974	10975	0.00752639
1272	10975	0.00752639
10975	10976	0.00751982
6164	10976	0.00751982
10976	10977	0.0075186
6157	10977	0.0075186
10977	10978	0.00751309
5010	10978	0.00751309
238	10979	0.00750644
10978	10979	0.00750644
386	10980	0.00750449
10979	10980	0.00750449
10980	10981	0.00749508
6250	10981	0.00749508
10981	10982	0.00749406
3978	10982	0.00749406
10982	10983	0.00749305
2620	10983	0.00749305
5474	10984	0.0074921
10983	10984	0.0074921
8930	10985	0.00749008
10984	10985	0.00749008
10985	10986	0.00747388
2071	10986	0.00747388
10986	10987	0.0074663
111	10987	0.0074663
10987	10988	0.00746162
4490	10988	0.00746162
8798	10989	0.00745864
10988	10989	0.00745864
10989	10990	0.00745696
719	10990	0.00745696
9021	10991	0.00745579
10990	10991	0.00745579
2372	10992	0.00745296
10991	10992	0.00745296
10992	10993	0.00744914
2133	10993	0.00744914
10993	10994	0.00744332
375	10994	0.00744332
3217	10994	0.00744332
1877	10994	0.00744332
10994	10995	0.00743965
4586	10995	0.00743965
5750	10995	0.00743965
263	10996	0.00743108
10995	10996	0.00743108
9020	10997	0.00743009
10996	10997	0.00743009
10997	10998	0.00742819
571	10998	0.00742819
3167	10998	0.00742819
10998	10999	0.00742626
2359	10999	0.00742626
8827	11000	0.00742239
10999	11000	0.00742239
2090	11001	0.00741301
11000	11001	0.00741301
11001	11002	0.0074101
5728	11002	0.0074101
6286	11003	0.0074052
11002	11003	0.0074052
11003	11004	0.00739953
522	11004	0.00739953
1519	11004	0.00739953
5954	11004	0.00739953
5662	11004	0.00739953
1634	11004	0.00739953
11004	11005	0.00739098
3218	11005	0.00739098
8840	11006	0.00736705
11005	11006	0.00736705
2639	11007	0.00735769
11006	11007	0.00735769
11007	11008	0.00735376
3284	11008	0.00735376
11008	11009	0.00733264
808	11009	0.00733264
618	11010	0.00732901
11009	11010	0.00732901
33	11010	0.00732901
11010	11011	0.00732709
941	11011	0.00732709
11011	11012	0.00732612
2905	11012	0.00732612
4078	11013	0.00731188
11012	11013	0.00731188
11013	11014	0.00730057
5438	11014	0.00730057
5022	11015	0.00729944
11014	11015	0.00729944
8635	11016	0.00729697
11015	11016	0.00729697
1572	11017	0.00729
11016	11017	0.00729
3009	11018	0.00728224
11017	11018	0.00728224
11018	11019	0.00726606
5786	11019	0.00726606
11019	11020	0.0072632
6221	11020	0.0072632
11020	11021	0.00726223
2815	11021	0.00726223
11021	11022	0.00725522
6251	11022	0.00725522
2144	11023	0.0075387
4411	11023	0.0075387
5432	11024	0.00760756
4235	11024	0.00760756
11022	11025	0.00722497
338	11025	0.00722497
4398	11026	0.0072222
11025	11026	0.0072222
11026	11027	0.00722007
11023	11027	0.00722007
11027	11028	0.00720889
4456	11028	0.00720889
11028	11029	0.00720304
656	11029	0.00720304
11029	11030	0.00719831
1503	11030	0.00719831
8665	11031	0.00718978
11030	11031	0.00718978
3008	11031	0.00718978
5661	11032	0.007187
11031	11032	0.007187
4050	11033	0.00716782
11032	11033	0.00716782
9033	11034	0.0071621
11033	11034	0.0071621
11034	11035	0.00714583
1305	11035	0.00714583
11035	11036	0.00714497
586	11036	0.00714497
11036	11037	0.0071364
5359	11037	0.0071364
6049	11038	0.00712199
11037	11038	0.00712199
151	11039	0.00710965
11038	11039	0.00710965
11039	11040	0.00709538
1581	11040	0.00709538
4357	11041	0.00708675
11040	11041	0.00708675
8761	11042	0.00706853
11041	11042	0.00706853
2373	11043	0.00706389
11042	11043	0.00706389
11043	11044	0.00705336
840	11044	0.00705336
11044	11045	0.00704099
1303	11045	0.00704099
11045	11046	0.00703534
2473	11046	0.00703534
11046	11047	0.00702093
4633	11047	0.00702093
5849	11048	0.0069847
5138	11048	0.0069847
4511	11048	0.0069847
11047	11048	0.0069847
3891	11049	0.00711244
1205	11049	0.00711244
11048	11050	0.00697252
11024	11050	0.00697252
11050	11051	0.00697138
4201	11051	0.00697138
1139	11052	0.00696273
11051	11052	0.00696273
8975	11053	0.00695987
11052	11053	0.00695987
5297	11054	0.00695908
11053	11054	0.00695908
11054	11055	0.00695513
1346	11055	0.00695513
834	11056	0.00694551
11055	11056	0.00694551
4093	11057	0.00691312
11056	11057	0.00691312
8600	11058	0.00690071
11057	11058	0.00690071
2974	11059	0.00688463
11058	11059	0.00688463
3030	11060	0.00688261
11059	11060	0.00688261
5249	11060	0.00688261
5974	11061	0.00687611
11060	11061	0.00687611
11061	11062	0.00686557
4810	11062	0.00686557
11062	11063	0.00686358
1228	11063	0.00686358
9025	11064	0.00686261
11063	11064	0.00686261
11064	11065	0.00683869
2157	11065	0.00683869
11065	11066	0.00683498
5744	11066	0.00683498
1768	11067	0.00682914
11066	11067	0.00682914
11067	11068	0.00682443
11049	11068	0.00682443
11068	11069	0.00681401
2588	11069	0.00681401
4280	11069	0.00681401
11069	11070	0.00680647
5266	11070	0.00680647
3032	11071	0.00780009
8791	11071	0.00780009
615	11072	0.0086565
4457	11072	0.0086565
684	11073	0.0067959
11070	11073	0.0067959
2952	11073	0.0067959
11073	11074	0.00677863
5541	11074	0.00677863
11074	11075	0.00677681
11071	11075	0.00677681
2298	11076	0.00677577
11075	11076	0.00677577
11076	11077	0.00676631
2220	11077	0.00676631
4231	11077	0.00676631
1027	11078	0.00675115
11077	11078	0.00675115
11078	11079	0.00674433
3315	11079	0.00674433
11072	11079	0.00674433
4030	11080	0.00674045
11079	11080	0.00674045
3042	11081	0.00673672
11080	11081	0.00673672
803	11082	0.00673483
11081	11082	0.00673483
2	11083	0.00673293
11082	11083	0.00673293
11083	11084	0.00672534
4753	11084	0.00672534
11084	11085	0.00672065
310	11085	0.00672065
5068	11086	0.00671297
11085	11086	0.00671297
9024	11087	0.00670893
11086	11087	0.00670893
11087	11088	0.00670719
4478	11088	0.00670719
1792	11089	0.00670339
11088	11089	0.00670339
122	11089	0.00670339
3174	11089	0.00670339
129	11090	0.00668777
11089	11090	0.00668777
2402	11091	0.0066862
11090	11091	0.0066862
11091	11092	0.00666902
3048	11092	0.00666902
11092	11093	0.00665088
3910	11093	0.00665088
11093	11094	0.00664805
165	11094	0.00664805
3021	11095	0.00664521
11094	11095	0.00664521
11095	11096	0.00663083
2740	11096	0.00663083
11096	11097	0.00662898
3074	11097	0.00662898
10770	11098	0.00662228
2973	11098	0.00662228
11097	11098	0.00662228
3970	11099	0.0066147
5188	11099	0.0066147
11098	11099	0.0066147
11099	11100	0.00660624
2731	11100	0.00660624
4479	11100	0.00660624
553	11101	0.00660038
11100	11101	0.00660038
11101	11102	0.00659181
2927	11102	0.00659181
11102	11103	0.00658711
3764	11103	0.00658711
11103	11104	0.00657654
1455	11104	0.00657654
5741	11105	0.0065747
11104	11105	0.0065747
1514	11106	0.00657173
11105	11106	0.00657173
11106	11107	0.00657087
2966	11107	0.00657087
5732	11107	0.00657087
8907	11108	0.00656886
9032	11108	0.00656886
11107	11108	0.00656886
3722	11109	0.00656707
11108	11109	0.00656707
11109	11110	0.00656319
2207	11110	0.00656319
418	11111	0.00655844
11110	11111	0.00655844
3198	11112	0.00655357
11111	11112	0.00655357
3734	11113	0.00655181
11112	11113	0.00655181
11113	11114	0.00655079
1401	11114	0.00655079
155	11115	0.0065469
11114	11115	0.0065469
11115	11116	0.00654609
4320	11116	0.00654609
4225	11117	0.00654124
11116	11117	0.00654124
11117	11118	0.00654037
1628	11118	0.00654037
3859	11119	0.00653065
11118	11119	0.00653065
11119	11120	0.00652804
8864	11120	0.00652804
6203	11121	0.00652709
11120	11121	0.00652709
3173	11122	0.00652216
8449	11122	0.00652216
11121	11122	0.00652216
2088	11122	0.00652216
11122	11123	0.00651834
5076	11123	0.00651834
11123	11124	0.00651643
5555	11124	0.00651643
9000	11125	0.00650596
11124	11125	0.00650596
5045	11126	0.00655652
3027	11126	0.00655652
105	11127	0.00650022
11125	11127	0.00650022
10809	11128	0.0064993
11127	11128	0.0064993
11128	11129	0.00649743
11126	11129	0.00649743
2429	11130	0.00649003
11129	11130	0.00649003
11130	11131	0.00648024
6229	11131	0.00648024
3548	11132	0.00647374
11131	11132	0.00647374
9008	11133	0.00646012
11132	11133	0.00646012
11133	11134	0.00645347
885	11134	0.00645347
1062	11135	0.00645164
11134	11135	0.00645164
11135	11136	0.00644862
5144	11136	0.00644862
4378	11137	0.00644776
11136	11137	0.00644776
11137	11138	0.00644588
5399	11138	0.00644588
5841	11139	0.00644207
11138	11139	0.00644207
11139	11140	0.00643915
389	11140	0.00643915
8957	11141	0.00643444
11140	11141	0.00643444
1215	11142	0.00641918
11141	11142	0.00641918
4514	11143	0.00640964
11142	11143	0.00640964
6190	11144	0.00640572
11143	11144	0.00640572
11144	11145	0.00640386
868	11145	0.00640386
3518	11146	0.00639725
11145	11146	0.00639725
2860	11147	0.00638202
11146	11147	0.00638202
8983	11148	0.00636472
11147	11148	0.00636472
8839	11149	0.00634578
11148	11149	0.00634578
5489	11150	0.006338
11149	11150	0.006338
2150	11151	0.00633717
11150	11151	0.00633717
1629	11152	0.0063362
11151	11152	0.0063362
5390	11153	0.00633048
11152	11153	0.00633048
50	11154	0.00632955
11153	11154	0.00632955
5691	11155	0.00632766
11154	11155	0.00632766
4589	11156	0.00632194
11155	11156	0.00632194
5668	11156	0.00632194
2651	11157	0.00632102
11156	11157	0.00632102
570	11158	0.00631801
11157	11158	0.00631801
1308	11159	0.00631518
11158	11159	0.00631518
5171	11160	0.00631428
11159	11160	0.00631428
124	11161	0.00631045
11160	11161	0.00631045
11161	11162	0.00630864
631	11162	0.00630864
5737	11163	0.00630761
11162	11163	0.00630761
2488	11163	0.00630761
5101	11164	0.00629886
11163	11164	0.00629886
3187	11164	0.00629886
5421	11165	0.00629133
11164	11165	0.00629133
8996	11166	0.00627507
11165	11166	0.00627507
1887	11167	0.00627423
11166	11167	0.00627423
11167	11168	0.00627239
3933	11168	0.00627239
11168	11169	0.00626278
2111	11169	0.00626278
4065	11170	0.00625528
11169	11170	0.00625528
11170	11171	0.00625331
960	11171	0.00625331
11171	11172	0.00625227
220	11172	0.00625227
11172	11173	0.00625034
6034	11173	0.00625034
11173	11174	0.00624942
1919	11174	0.00624942
11174	11175	0.00624083
1432	11175	0.00624083
11175	11176	0.00623988
3212	11176	0.00623988
11176	11177	0.00623608
1088	11177	0.00623608
9022	11178	0.00623423
11177	11178	0.00623423
11178	11179	0.00623132
4271	11179	0.00623132
3338	11180	0.0062255
11179	11180	0.0062255
11180	11181	0.00622174
5032	11181	0.00622174
5629	11182	0.00621906
11181	11182	0.00621906
3154	11183	0.00620852
11182	11183	0.00620852
346	11184	0.00620745
11183	11184	0.00620745
11184	11185	0.0062065
51	11185	0.0062065
755	11186	0.00617025
11185	11186	0.00617025
11186	11187	0.00616443
1635	11187	0.00616443
41	11188	0.00614448
11187	11188	0.00614448
3872	11189	0.00614065
11188	11189	0.00614065
11189	11190	0.00613412
1259	11190	0.00613412
1807	11191	0.00611115
11190	11191	0.00611115
4553	11192	0.00608739
11191	11192	0.00608739
1819	11193	0.00608453
11192	11193	0.00608453
4740	11194	0.00608345
11193	11194	0.00608345
135	11195	0.00608054
11194	11195	0.00608054
11195	11196	0.00606808
1584	11196	0.00606808
11196	11197	0.00606727
4599	11197	0.00606727
11197	11198	0.00605572
3686	11198	0.00605572
3842	11198	0.00605572
782	11199	0.00605391
11198	11199	0.00605391
2795	11200	0.00604434
11199	11200	0.00604434
3810	11201	0.00604258
11200	11201	0.00604258
11201	11202	0.00603772
2640	11202	0.00603772
11202	11203	0.00602632
1419	11203	0.00602632
3794	11204	0.00601959
4154	11204	0.00601959
11203	11204	0.00601959
11204	11205	0.00600533
610	11205	0.00600533
11205	11206	0.0059958
2604	11206	0.0059958
11206	11207	0.00599475
4609	11207	0.00599475
9023	11208	0.00599201
11207	11208	0.00599201
11208	11209	0.0059719
97	11209	0.0059719
11209	11210	0.00596903
1379	11210	0.00596903
642	11211	0.0059672
11210	11211	0.0059672
11211	11212	0.00596048
3977	11212	0.00596048
2924	11213	0.00595957
11212	11213	0.00595957
11213	11214	0.00595655
5652	11214	0.00595655
11214	11215	0.00594047
6256	11215	0.00594047
4938	11216	0.00592995
8931	11216	0.00592995
11215	11216	0.00592995
3697	11217	0.00592899
11216	11217	0.00592899
4515	11218	0.0059261
11217	11218	0.0059261
11218	11219	0.00592327
816	11219	0.00592327
1530	11220	0.00613296
4750	11220	0.00613296
4971	11221	0.00592227
11219	11221	0.00592227
635	11221	0.00592227
3132	11222	0.00591568
11221	11222	0.00591568
11222	11223	0.00591281
3096	11223	0.00591281
11223	11224	0.00590988
641	11224	0.00590988
5845	11225	0.0059051
11224	11225	0.0059051
11225	11226	0.00590145
1191	11226	0.00590145
2580	11226	0.00590145
4006	11227	0.00589465
11226	11227	0.00589465
2530	11228	0.00589077
11227	11228	0.00589077
11228	11229	0.00588797
1535	11229	0.00588797
8981	11230	0.00586228
11229	11230	0.00586228
433	11231	0.00585069
11230	11231	0.00585069
3596	11232	0.00583747
5769	11232	0.00583747
11231	11232	0.00583747
11232	11233	0.00581548
3845	11233	0.00581548
8935	11234	0.0058127
8881	11234	0.0058127
11233	11234	0.0058127
6026	11235	0.00580014
8608	11235	0.00580014
11234	11235	0.00580014
11235	11236	0.00578022
929	11236	0.00578022
11236	11237	0.00577263
1609	11237	0.00577263
11237	11238	0.00575541
3733	11238	0.00575541
11238	11239	0.00574592
11220	11239	0.00574592
8595	11240	0.00574395
11239	11240	0.00574395
5239	11241	0.00574015
11240	11241	0.00574015
11241	11242	0.00573643
3941	11242	0.00573643
1589	11242	0.00573643
11242	11243	0.00573352
2266	11243	0.00573352
11243	11244	0.00572969
604	11244	0.00572969
11244	11245	0.0057239
2276	11245	0.0057239
11245	11246	0.00571719
1198	11246	0.00571719
11246	11247	0.00571535
2262	11247	0.00571535
2968	11248	0.00571351
11247	11248	0.00571351
11248	11249	0.00569248
4380	11249	0.00569248
827	11250	0.00568864
11249	11250	0.00568864
9013	11251	0.00568581
11250	11251	0.00568581
11251	11252	0.00567437
314	11252	0.00567437
107	11253	0.00566676
11252	11253	0.00566676
11253	11254	0.00562777
1541	11254	0.00562777
3486	11255	0.0056248
11254	11255	0.0056248
3672	11256	0.00562191
11255	11256	0.00562191
1350	11257	0.0058098
4483	11257	0.0058098
3478	11258	0.00713837
999	11258	0.00713837
5093	11259	0.00572874
2461	11259	0.00572874
4808	11260	0.00755694
5125	11260	0.00755694
5198	11261	0.00694551
5247	11261	0.00694551
1820	11262	0.00471783
5833	11262	0.00471783
1601	11263	0.00523283
2540	11263	0.00523283
1630	11264	0.00560567
11256	11264	0.00560567
1800	11265	0.00560488
11264	11265	0.00560488
11265	11266	0.0056038
5782	11266	0.0056038
11266	11267	0.00559521
3281	11267	0.00559521
1362	11267	0.00559521
5912	11268	0.00557524
11267	11268	0.00557524
9010	11269	0.00554652
3204	11269	0.00554652
11268	11269	0.00554652
8919	11270	0.00553987
11269	11270	0.00553987
11270	11271	0.00553416
365	11271	0.00553416
9018	11272	0.00553327
11271	11272	0.00553327
307	11273	0.00552844
11272	11273	0.00552844
11273	11274	0.00552749
5251	11274	0.00552749
11274	11275	0.00551797
2800	11275	0.00551797
4272	11276	0.00551505
11275	11276	0.00551505
11276	11277	0.00550942
3458	11277	0.00550942
8771	11278	0.00550452
11277	11278	0.00550452
11278	11279	0.00549322
4871	11279	0.00549322
6299	11280	0.00548841
11279	11280	0.00548841
8923	11281	0.00548546
11280	11281	0.00548546
1497	11282	0.00547509
11281	11282	0.00547509
1026	11283	0.00547217
11282	11283	0.00547217
3823	11284	0.00545596
11283	11284	0.00545596
39	11285	0.00545215
11284	11285	0.00545215
11285	11286	0.00544154
1155	11286	0.00544154
1675	11287	0.00543497
11286	11287	0.00543497
6100	11288	0.00543308
3136	11288	0.00543308
11287	11288	0.00543308
6185	11289	0.00540827
11288	11289	0.00540827
11289	11290	0.0054073
2733	11290	0.0054073
1924	11291	0.00540639
11290	11291	0.00540639
11291	11292	0.00539017
11261	11292	0.00539017
4520	11293	0.00538728
11292	11293	0.00538728
758	11294	0.00538633
11293	11294	0.00538633
2797	11295	0.00538351
11294	11295	0.00538351
11295	11296	0.00537303
1333	11296	0.00537303
4941	11296	0.00537303
11296	11297	0.00535113
4158	11297	0.00535113
5986	11298	0.00534442
11297	11298	0.00534442
11298	11299	0.00534054
5639	11299	0.00534054
11299	11300	0.00532719
3128	11300	0.00532719
10807	11301	0.00531581
4356	11301	0.00531581
4150	11301	0.00531581
11300	11301	0.00531581
11301	11302	0.00531481
3568	11302	0.00531481
3289	11303	0.00529088
11302	11303	0.00529088
11303	11304	0.00528525
5872	11304	0.00528525
3131	11305	0.00528138
11304	11305	0.00528138
1323	11306	0.00527574
2862	11306	0.00527574
11305	11306	0.00527574
3010	11307	0.00526897
11306	11307	0.00526897
4597	11308	0.00526237
11307	11308	0.00526237
4767	11309	0.00525477
11308	11309	0.00525477
5313	11310	0.00524709
11309	11310	0.00524709
11310	11311	0.00524045
582	11311	0.00524045
11257	11312	0.00555509
10773	11312	0.00555509
4713	11313	0.00527957
1853	11313	0.00527957
1605	11314	0.00522515
11311	11314	0.00522515
11314	11315	0.00522235
3993	11315	0.00522235
6130	11316	0.00521659
11315	11316	0.00521659
8992	11317	0.00521564
11316	11317	0.00521564
4436	11318	0.00521373
11317	11318	0.00521373
11318	11319	0.00520899
4047	11319	0.00520899
11319	11320	0.00520606
3012	11320	0.00520606
8995	11321	0.0052023
11320	11321	0.0052023
11321	11322	0.00519843
4318	11322	0.00519843
11322	11323	0.00518885
4395	11323	0.00518885
11323	11324	0.00518125
6182	11324	0.00518125
11324	11325	0.00517847
4135	11325	0.00517847
2199	11325	0.00517847
2923	11326	0.0051708
11325	11326	0.0051708
11326	11327	0.00515459
5059	11327	0.00515459
5235	11328	0.0051489
11327	11328	0.0051489
11328	11329	0.00514697
11259	11329	0.00514697
11329	11330	0.00514032
11313	11330	0.00514032
5326	11330	0.00514032
3669	11331	0.0051174
11330	11331	0.0051174
11331	11332	0.00510312
6235	11332	0.00510312
2873	11333	0.00509732
11332	11333	0.00509732
11333	11334	0.00509458
11258	11334	0.00509458
4156	11335	0.00508975
11334	11335	0.00508975
11335	11336	0.00508299
3208	11336	0.00508299
11336	11337	0.00507165
3451	11337	0.00507165
3092	11337	0.00507165
11337	11338	0.0050621
8776	11338	0.0050621
11338	11339	0.00505834
4914	11339	0.00505834
11339	11340	0.0050573
11312	11340	0.0050573
3479	11341	0.00505252
11340	11341	0.00505252
4219	11342	0.00504875
11341	11342	0.00504875
780	11343	0.00503727
11342	11343	0.00503727
1012	11344	0.00503082
11343	11344	0.00503082
1341	11344	0.00503082
4726	11345	0.0050297
11344	11345	0.0050297
5641	11346	0.00502872
11345	11346	0.00502872
11346	11347	0.00501629
5597	11347	0.00501629
11347	11348	0.00501441
3199	11348	0.00501441
11348	11349	0.0050029
8979	11349	0.0050029
11260	11349	0.0050029
10806	11350	0.00500201
11349	11350	0.00500201
4592	11351	0.00500001
11350	11351	0.00500001
11351	11352	0.00499533
4575	11352	0.00499533
11352	11353	0.004982
6212	11353	0.004982
11353	11354	0.00498103
996	11354	0.00498103
11354	11355	0.00496389
4764	11355	0.00496389
4404	11356	0.00496207
11355	11356	0.00496207
5533	11357	0.00495229
11356	11357	0.00495229
11357	11358	0.00494767
5098	11358	0.00494767
11358	11359	0.00491716
2432	11359	0.00491716
325	11360	0.00494949
4147	11360	0.00494949
11359	11361	0.00491523
2319	11361	0.00491523
8953	11362	0.00488003
11361	11362	0.00488003
11362	11363	0.00487329
5988	11363	0.00487329
11363	11364	0.00486665
2333	11364	0.00486665
903	11365	0.00485706
11364	11365	0.00485706
6398	11366	0.00484275
3229	11366	0.00484275
11365	11366	0.00484275
858	11367	0.00483987
11366	11367	0.00483987
923	11368	0.004837
11367	11368	0.004837
6244	11368	0.004837
2064	11369	0.00483419
11368	11369	0.00483419
11369	11370	0.00483326
2407	11370	0.00483326
3017	11371	0.00483136
11370	11371	0.00483136
11371	11372	0.00482461
11360	11372	0.00482461
1121	11373	0.00482181
11372	11373	0.00482181
2225	11374	0.00481417
11373	11374	0.00481417
5993	11375	0.00480651
11374	11375	0.00480651
4500	11376	0.00478747
4741	11376	0.00478747
11375	11376	0.00478747
10802	11377	0.00477602
11376	11377	0.00477602
11377	11378	0.00476842
5590	11378	0.00476842
11378	11379	0.00476651
6085	11379	0.00476651
11379	11380	0.00476074
6255	11380	0.00476074
5763	11381	0.00475408
11380	11381	0.00475408
11381	11382	0.00474154
4757	11382	0.00474154
2348	11383	0.00474072
11382	11383	0.00474072
4003	11384	0.00473395
11383	11384	0.00473395
11384	11385	0.00472543
1270	11385	0.00472543
2870	11386	0.00471877
11385	11386	0.00471877
11386	11387	0.00470634
2269	11387	0.00470634
5943	11388	0.00470352
6257	11388	0.00470352
11387	11388	0.00470352
2003	11389	0.00470063
11388	11389	0.00470063
1992	11390	0.00468832
11389	11390	0.00468832
11390	11391	0.00468726
5389	11391	0.00468726
11391	11392	0.00468538
3902	11392	0.00468538
11392	11393	0.00468063
1356	11393	0.00468063
5283	11394	0.00467397
11393	11394	0.00467397
6038	11395	0.0046625
11394	11395	0.0046625
5439	11396	0.00464531
11395	11396	0.00464531
5037	11397	0.00462635
11396	11397	0.00462635
11397	11398	0.00461761
6238	11398	0.00461761
6187	11399	0.00460245
11398	11399	0.00460245
2785	11400	0.00459099
11399	11400	0.00459099
805	11401	0.00458147
11400	11401	0.00458147
3240	11402	0.00456614
11401	11402	0.00456614
11402	11403	0.00456146
5603	11403	0.00456146
4001	11404	0.00455955
11403	11404	0.00455955
56	11405	0.00453005
11404	11405	0.00453005
10805	11406	0.00452327
11405	11406	0.00452327
11406	11407	0.00450508
199	11407	0.00450508
11407	11408	0.00449657
2715	11408	0.00449657
5718	11409	0.00449372
11408	11409	0.00449372
4715	11410	0.00448702
11409	11410	0.00448702
11410	11411	0.0044824
2658	11411	0.0044824
789	11411	0.0044824
2072	11412	0.00448135
11411	11412	0.00448135
6260	11413	0.00447272
11412	11413	0.00447272
6183	11414	0.00446891
11413	11414	0.00446891
3586	11415	0.00446704
11414	11415	0.00446704
11415	11416	0.00446225
6206	11416	0.00446225
11416	11417	0.00445933
442	11417	0.00445933
9009	11418	0.00443072
11417	11418	0.00443072
11418	11419	0.00442696
1481	11419	0.00442696
11419	11420	0.00441275
6214	11420	0.00441275
2810	11421	0.00440882
11420	11421	0.00440882
11421	11422	0.00440696
1684	11422	0.00440696
11422	11423	0.004406
1996	11423	0.004406
11423	11424	0.00439836
2270	11424	0.00439836
4427	11425	0.00439163
11424	11425	0.00439163
11425	11426	0.00438308
6222	11426	0.00438308
5707	11427	0.0043764
11426	11427	0.0043764
4812	11428	0.0043697
11427	11428	0.0043697
297	11429	0.00517577
2347	11429	0.00517577
4192	11430	0.00548171
4039	11430	0.00548171
11428	11431	0.00436019
5890	11431	0.00436019
9012	11432	0.00435066
11431	11432	0.00435066
84	11433	0.00434299
11432	11433	0.00434299
11433	11434	0.00432491
3940	11434	0.00432491
11434	11435	0.00432397
5638	11435	0.00432397
11435	11436	0.00431729
2022	11436	0.00431729
11436	11437	0.00431256
80	11437	0.00431256
3854	11437	0.00431256
10778	11437	0.00431256
964	11438	0.00430965
11437	11438	0.00430965
3508	11439	0.00430676
11438	11439	0.00430676
4789	11440	0.00430109
11439	11440	0.00430109
11440	11441	0.00429726
4809	11441	0.00429726
5589	11442	0.00428767
11441	11442	0.00428767
11442	11443	0.00428577
5701	11443	0.00428577
11443	11444	0.00428483
3998	11444	0.00428483
11444	11445	0.00428199
1371	11445	0.00428199
880	11446	0.00426865
11445	11446	0.00426865
1295	11446	0.00426865
569	11447	0.00424766
11446	11447	0.00424766
8475	11448	0.00424001
11447	11448	0.00424001
11448	11449	0.00423811
11429	11449	0.00423811
3090	11450	0.00420858
11449	11450	0.00420858
2569	11451	0.00419996
11450	11451	0.00419996
11263	11452	0.00417996
11451	11452	0.00417996
11452	11453	0.00417139
5207	11453	0.00417139
2669	11454	0.00416654
11453	11454	0.00416654
526	11454	0.00416654
11454	11455	0.00416373
207	11455	0.00416373
2217	11456	0.00415994
11455	11456	0.00415994
11456	11457	0.00415708
3620	11457	0.00415708
10804	11458	0.00414464
11457	11458	0.00414464
10801	11459	0.00412274
11458	11459	0.00412274
5105	11460	0.004116
3934	11460	0.004116
11459	11460	0.004116
3545	11461	0.00410938
11460	11461	0.00410938
2664	11462	0.00409889
11461	11462	0.00409889
3809	11463	0.00409413
11462	11463	0.00409413
775	11464	0.00408841
11463	11464	0.00408841
3888	11465	0.00408743
11464	11465	0.00408743
3344	11466	0.00408077
11465	11466	0.00408077
5467	11467	0.00407315
11466	11467	0.00407315
3604	11468	0.00407027
11467	11468	0.00407027
11468	11469	0.00405503
3098	11469	0.00405503
5228	11470	0.00405121
5825	11470	0.00405121
5918	11470	0.00405121
11469	11470	0.00405121
1732	11471	0.00404551
11470	11471	0.00404551
11471	11472	0.00402931
5565	11472	0.00402931
3258	11473	0.00402554
11472	11473	0.00402554
3040	11473	0.00402554
3878	11474	0.00401783
11473	11474	0.00401783
613	11475	0.00401404
11474	11475	0.00401404
4572	11476	0.00400257
11475	11476	0.00400257
1129	11477	0.00399782
11476	11477	0.00399782
576	11478	0.00399398
11477	11478	0.00399398
462	11479	0.00398445
11478	11479	0.00398445
11479	11480	0.00395193
5739	11480	0.00395193
425	11480	0.00395193
11480	11481	0.0039491
697	11481	0.0039491
1389	11482	0.00394526
274	11482	0.00394526
11481	11482	0.00394526
11482	11483	0.00393958
5798	11483	0.00393958
5027	11483	0.00393958
11262	11484	0.00393579
1336	11484	0.00393579
11483	11484	0.00393579
2109	11485	0.00393386
11484	11485	0.00393386
5103	11486	0.00392819
11485	11486	0.00392819
4223	11487	0.00391566
11486	11487	0.00391566
11430	11487	0.00391566
2995	11488	0.00391199
11487	11488	0.00391199
115	11489	0.00389389
11488	11489	0.00389389
3041	11490	0.00387766
11489	11490	0.00387766
11490	11491	0.00386809
1614	11491	0.00386809
9015	11492	0.00386138
11491	11492	0.00386138
8743	11493	0.0038538
11492	11493	0.0038538
3001	11494	0.00383475
11493	11494	0.00383475
11494	11495	0.00380611
6201	11495	0.00380611
10803	11496	0.0038023
11495	11496	0.0038023
11496	11497	0.00379089
2776	11497	0.00379089
11497	11498	0.00378887
3730	11498	0.00378887
3263	11499	0.00378705
11498	11499	0.00378705
11499	11500	0.00378419
2842	11500	0.00378419
1461	11500	0.00378419
6037	11501	0.00377368
11500	11501	0.00377368
6076	11502	0.00377279
11501	11502	0.00377279
11502	11503	0.00373647
1767	11503	0.00373647
1009	11504	0.0037346
11503	11504	0.0037346
3916	11505	0.00373364
11504	11505	0.00373364
4885	11505	0.00373364
5554	11506	0.00372217
11505	11506	0.00372217
11506	11507	0.00370976
3412	11507	0.00370976
2405	11508	0.00369455
11507	11508	0.00369455
335	11509	0.00368212
11508	11509	0.00368212
5095	11510	0.00366969
11509	11510	0.00366969
8762	11511	0.00366308
11510	11511	0.00366308
605	11512	0.00363631
11511	11512	0.00363631
11512	11513	0.00362974
2691	11513	0.00362974
5761	11514	0.00362494
11513	11514	0.00362494
4933	11515	0.00361824
11514	11515	0.00361824
8877	11516	0.00361159
11515	11516	0.00361159
11516	11517	0.00360492
4303	11517	0.00360492
8630	11518	0.00359155
11517	11518	0.00359155
2926	11519	0.00323103
9001	11519	0.00323103
5842	11520	0.00156116
63	11520	0.00156116
5636	11521	0.00219441
2535	11521	0.00219441
4653	11522	0.00317001
5314	11522	0.00317001
11522	11523	0.00267887
4896	11523	0.00267887
11523	11524	0.00255301
5663	11524	0.00255301
11524	11525	0.00231835
5575	11525	0.00231835
11525	11526	0.00216007
5278	11526	0.00216007
2075	11527	0.00212859
4144	11527	0.00212859
1072	11528	0.00334348
4811	11528	0.00334348
4438	11529	0.00308705
11528	11529	0.00308705
3965	11530	0.00319958
4984	11530	0.00319958
8892	11531	0.00356959
11518	11531	0.00356959
2758	11532	0.00356672
3796	11532	0.00356672
11531	11532	0.00356672
11532	11533	0.0035658
2360	11533	0.0035658
1183	11533	0.0035658
3019	11533	0.0035658
11533	11534	0.00356484
4994	11534	0.00356484
2910	11535	0.00355437
11534	11535	0.00355437
1421	11536	0.00354766
11535	11536	0.00354766
2989	11537	0.00353623
11536	11537	0.00353623
1477	11538	0.00353525
11537	11538	0.00353525
1434	11539	0.00353432
11538	11539	0.00353432
3046	11540	0.00353051
11539	11540	0.00353051
10796	11541	0.0035286
11540	11541	0.0035286
10791	11542	0.00352284
11541	11542	0.00352284
2159	11543	0.00352193
5697	11543	0.00352193
11542	11543	0.00352193
2646	11544	0.00351814
11543	11544	0.00351814
2566	11545	0.00351336
11544	11545	0.00351336
2533	11546	0.00351145
11545	11546	0.00351145
11546	11547	0.00350285
668	11547	0.00350285
11547	11548	0.00349515
702	11548	0.00349515
11548	11549	0.00348375
2831	11549	0.00348375
10799	11550	0.00348283
11549	11550	0.00348283
11550	11551	0.00347995
2826	11551	0.00347995
2290	11552	0.00347709
11551	11552	0.00347709
11552	11553	0.00346849
686	11553	0.00346849
3629	11554	0.00345899
11553	11554	0.00345899
227	11555	0.00345322
10792	11555	0.00345322
11554	11555	0.00345322
4574	11556	0.00344755
11555	11556	0.00344755
5155	11557	0.00344266
5743	11557	0.00344266
11556	11557	0.00344266
113	11557	0.00344266
11557	11558	0.00343233
707	11558	0.00343233
8843	11559	0.00341701
11558	11559	0.00341701
6050	11560	0.00341131
11559	11560	0.00341131
4771	11561	0.00340661
11560	11561	0.00340661
1199	11562	0.00340461
11561	11562	0.00340461
8769	11563	0.0033989
11562	11563	0.0033989
2526	11564	0.00339697
11563	11564	0.00339697
11564	11565	0.00338746
575	11565	0.00338746
11565	11566	0.00338556
2881	11566	0.00338556
148	11567	0.0033741
11566	11567	0.0033741
5568	11567	0.0033741
11567	11568	0.00336933
2872	11568	0.00336933
2602	11569	0.00335977
11568	11569	0.00335977
5252	11570	0.00332542
11569	11570	0.00332542
527	11571	0.00330355
11570	11571	0.00330355
4701	11572	0.00330162
11571	11572	0.00330162
4858	11573	0.00329497
11572	11573	0.00329497
11573	11574	0.00328351
772	11574	0.00328351
10786	11575	0.00326062
11574	11575	0.00326062
3559	11576	0.0032568
11575	11576	0.0032568
5854	11577	0.00324821
11576	11577	0.00324821
952	11578	0.00323964
11577	11578	0.00323964
11578	11579	0.00320908
3917	11579	0.00320908
6262	11580	0.00320339
11579	11580	0.00320339
2138	11581	0.00318525
11580	11581	0.00318525
3157	11582	0.00317959
11581	11582	0.00317959
11582	11583	0.00317478
3826	11583	0.00317478
11583	11584	0.00317001
1998	11584	0.00317001
9014	11585	0.00316523
11584	11585	0.00316523
5209	11586	0.00315285
11585	11586	0.00315285
11586	11587	0.0031519
3806	11587	0.0031519
6102	11588	0.00314904
11587	11588	0.00314904
5752	11589	0.00312799
11588	11589	0.00312799
11589	11590	0.00311756
3949	11590	0.00311756
6007	11591	0.00310897
11590	11591	0.00310897
6387	11592	0.00310802
11591	11592	0.00310802
4999	11593	0.00309941
11592	11593	0.00309941
3565	11594	0.00309849
11593	11594	0.00309849
11594	11595	0.00309658
3147	11595	0.00309658
8950	11596	0.00309563
11595	11596	0.00309563
2078	11597	0.00309372
5100	11597	0.00309372
11596	11597	0.00309372
6116	11598	0.0030737
11597	11598	0.0030737
8821	11599	0.00307083
11598	11599	0.00307083
11599	11600	0.00306989
2549	11600	0.00306989
11600	11601	0.00306705
2119	11601	0.00306705
10789	11602	0.00306512
11601	11602	0.00306512
11602	11603	0.00305077
6242	11603	0.00305077
8976	11604	0.00303651
11603	11604	0.00303651
8987	11605	0.00302411
11604	11605	0.00302411
3673	11606	0.0030222
11605	11606	0.0030222
5930	11607	0.00299833
11606	11607	0.00299833
11607	11608	0.0029974
2024	11608	0.0029974
5879	11609	0.002985
11608	11609	0.002985
11609	11610	0.00297259
5385	11610	0.00297259
3889	11611	0.00296307
11610	11611	0.00296307
4229	11612	0.00294497
11611	11612	0.00294497
11612	11613	0.00293731
2902	11613	0.00293731
3771	11614	0.00293247
11613	11614	0.00293247
267	11615	0.00292971
11614	11615	0.00292971
72	11616	0.0029221
3033	11616	0.0029221
11615	11616	0.0029221
4613	11617	0.00291729
11616	11617	0.00291729
1413	11618	0.00291156
11617	11618	0.00291156
5667	11619	0.00290585
11618	11619	0.00290585
3567	11620	0.00290202
11619	11620	0.00290202
5771	11621	0.00288963
11620	11621	0.00288963
4920	11622	0.00288013
11621	11622	0.00288013
3664	11623	0.00286579
11622	11623	0.00286579
8911	11624	0.00286484
11623	11624	0.00286484
8993	11625	0.00286388
11624	11625	0.00286388
8447	11626	0.00286293
11625	11626	0.00286293
5161	11627	0.00285817
11626	11627	0.00285817
4987	11628	0.0028572
906	11628	0.0028572
11627	11628	0.0028572
202	11629	0.00285435
11628	11629	0.00285435
2829	11630	0.00284862
11629	11630	0.00284862
2310	11631	0.00284384
11630	11631	0.00284384
58	11632	0.00283621
11631	11632	0.00283621
11632	11633	0.0028286
8956	11633	0.0028286
2261	11633	0.0028286
1815	11634	0.0028267
11633	11634	0.0028267
2218	11635	0.00282576
3134	11635	0.00282576
11634	11635	0.00282576
513	11636	0.00282192
8994	11636	0.00282192
11635	11636	0.00282192
1376	11637	0.00281619
11636	11637	0.00281619
4064	11638	0.00281433
11637	11638	0.00281433
1604	11639	0.00281238
11638	11639	0.00281238
3668	11640	0.00279045
11639	11640	0.00279045
5836	11641	0.00278758
8726	11641	0.00278758
11640	11641	0.00278758
11641	11642	0.00278472
4063	11642	0.00278472
5407	11643	0.0027838
11642	11643	0.0027838
11643	11644	0.00276564
5444	11644	0.00276564
6233	11645	0.00274469
11644	11645	0.00274469
8949	11646	0.00272655
11645	11646	0.00272655
4547	11647	0.00272557
11646	11647	0.00272557
3871	11648	0.00271603
11647	11648	0.00271603
8965	11649	0.00271036
11648	11649	0.00271036
980	11650	0.00269506
836	11650	0.00269506
11649	11650	0.00269506
11650	11651	0.00269412
4130	11651	0.00269412
5464	11652	0.00268458
11651	11652	0.00268458
2311	11653	0.00266837
11652	11653	0.00266837
2514	11654	0.0026636
11653	11654	0.0026636
6057	11655	0.00265504
11654	11655	0.00265504
3220	11656	0.00265408
11655	11656	0.00265408
2193	11657	0.00264645
11656	11657	0.00264645
5523	11658	0.00263213
11657	11658	0.00263213
2247	11659	0.00263119
11658	11659	0.00263119
2787	11660	0.00262929
11659	11660	0.00262929
3813	11661	0.00262738
11660	11661	0.00262738
60	11662	0.00262547
11661	11662	0.00262547
577	11663	0.00262358
11662	11663	0.00262358
1115	11664	0.0026188
11663	11664	0.0026188
2886	11665	0.00261211
11664	11665	0.00261211
4815	11666	0.00259877
11665	11666	0.00259877
5958	11667	0.00259208
11666	11667	0.00259208
2652	11668	0.00258828
11667	11668	0.00258828
5434	11669	0.00258539
11668	11669	0.00258539
5564	11670	0.0025692
11669	11670	0.0025692
8875	11671	0.00256542
11670	11671	0.00256542
5813	11672	0.00255204
11671	11672	0.00255204
3955	11673	0.00254441
11672	11673	0.00254441
1625	11674	0.0025349
11673	11674	0.0025349
5191	11675	0.00252916
2277	11675	0.00252916
11674	11675	0.00252916
4813	11676	0.0025225
11675	11676	0.0025225
2762	11677	0.00251007
11676	11677	0.00251007
5411	11678	0.00248432
11677	11678	0.00248432
5308	11679	0.00247766
11678	11679	0.00247766
6176	11680	0.00247002
11679	11680	0.00247002
11680	11681	0.00246523
2033	11681	0.00246523
5910	11682	0.00246142
11681	11682	0.00246142
2655	11683	0.00245666
6393	11683	0.00245666
11682	11683	0.00245666
10782	11684	0.00245382
11683	11684	0.00245382
6035	11685	0.00244332
11684	11685	0.00244332
4718	11686	0.00244236
11685	11686	0.00244236
2630	11686	0.00244236
10797	11687	0.00243091
11686	11687	0.00243091
3300	11688	0.0024233
11687	11688	0.0024233
5244	11689	0.00241661
11688	11689	0.00241661
2107	11690	0.00241466
11689	11690	0.00241466
4095	11691	0.00241375
11690	11691	0.00241375
8936	11692	0.00239562
11691	11692	0.00239562
2729	11693	0.00239276
4708	11693	0.00239276
11692	11693	0.00239276
4776	11694	0.00238416
11693	11694	0.00238416
3460	11695	0.0023756
11694	11695	0.0023756
2970	11696	0.0023737
11695	11696	0.0023737
720	11697	0.00234795
11696	11697	0.00234795
839	11698	0.00233365
11697	11698	0.00233365
3901	11699	0.00233268
11698	11699	0.00233268
2252	11700	0.00231644
11699	11700	0.00231644
4170	11701	0.00231361
11700	11701	0.00231361
4102	11702	0.0023117
6196	11702	0.0023117
11701	11702	0.0023117
3645	11703	0.00229835
4471	11703	0.00229835
11702	11703	0.00229835
5150	11704	0.00229358
11703	11704	0.00229358
4287	11705	0.0022793
11704	11705	0.0022793
2584	11706	0.00223068
10787	11706	0.00223068
5624	11707	0.00227546
11705	11707	0.00227546
10794	11708	0.00226593
11707	11708	0.00226593
2327	11709	0.00226307
11708	11709	0.00226307
5721	11710	0.00225068
11709	11710	0.00225068
968	11711	0.00224113
11710	11711	0.00224113
2534	11712	0.00224025
11711	11712	0.00224025
2041	11713	0.00223733
11712	11713	0.00223733
5577	11714	0.00221157
11713	11714	0.00221157
2577	11715	0.00220393
6243	11715	0.00220393
11714	11715	0.00220393
4915	11716	0.00219059
11715	11716	0.00219059
11716	11717	0.00218772
1588	11717	0.00218772
9002	11718	0.00217821
11717	11718	0.00217821
357	11719	0.00217152
11718	11719	0.00217152
2728	11720	0.00216484
11719	11720	0.00216484
3575	11721	0.00216293
11720	11721	0.00216293
2349	11722	0.00216104
11721	11722	0.00216104
11706	11723	0.00215818
11722	11723	0.00215818
4695	11724	0.0021534
11723	11724	0.0021534
5017	11725	0.00214767
11724	11725	0.00214767
11526	11726	0.00191879
5648	11726	0.00191879
10788	11727	0.00211907
11725	11727	0.00211907
1888	11728	0.00211428
11727	11728	0.00211428
11529	11729	0.00210477
846	11729	0.00210477
11728	11729	0.00210477
4761	11730	0.00210287
11729	11730	0.00210287
5819	11731	0.00209332
11730	11731	0.00209332
10784	11732	0.00207615
11731	11732	0.00207615
4655	11733	0.00206468
11732	11733	0.00206468
5770	11734	0.0020628
11733	11734	0.0020628
973	11735	0.00206089
11734	11735	0.00206089
10783	11736	0.00205708
5392	11736	0.00205708
11735	11736	0.00205708
6112	11737	0.00205231
11736	11737	0.00205231
4296	11738	0.00204754
11737	11738	0.00204754
4939	11739	0.00204469
11738	11739	0.00204469
644	11740	0.00204276
11739	11740	0.00204276
4590	11741	0.00203515
11740	11741	0.00203515
11741	11742	0.00203419
2325	11742	0.00203419
2690	11743	0.00203227
11742	11743	0.00203227
8778	11744	0.00202846
11743	11744	0.00202846
5871	11745	0.00202656
11744	11745	0.00202656
4993	11746	0.00202179
11745	11746	0.00202179
5692	11747	0.00199224
11746	11747	0.00199224
10780	11748	0.00197887
11747	11748	0.00197887
3614	11749	0.00197411
11748	11749	0.00197411
75	11750	0.00195885
11749	11750	0.00195885
1286	11751	0.00195694
11750	11751	0.00195694
4857	11752	0.00193977
11751	11752	0.00193977
3248	11753	0.00193882
11752	11753	0.00193882
2942	11754	0.00193787
11753	11754	0.00193787
3937	11755	0.00193311
11754	11755	0.00193311
3706	11756	0.00193119
11755	11756	0.00193119
5257	11757	0.00192165
11756	11757	0.00192165
139	11758	0.00190545
4149	11758	0.00190545
11757	11758	0.00190545
6135	11759	0.00190354
11758	11759	0.00190354
1201	11760	0.00188732
11759	11760	0.00188732
5243	11761	0.00188636
11760	11761	0.00188636
10785	11762	0.00188544
11761	11762	0.00188544
11726	11763	0.00187111
5679	11763	0.00187111
11527	11764	0.00180817
4712	11764	0.00180817
2559	11765	0.00187683
11762	11765	0.00187683
10790	11766	0.00187588
11765	11766	0.00187588
5204	11767	0.0018692
11766	11767	0.0018692
1534	11768	0.00186157
11767	11768	0.00186157
11768	11769	0.00183773
2170	11769	0.00183773
1537	11770	0.00183676
11769	11770	0.00183676
6278	11771	0.00183488
11770	11771	0.00183488
4992	11772	0.00183105
11771	11772	0.00183105
4746	11773	0.00182438
11772	11773	0.00182438
6025	11774	0.00181961
11773	11774	0.00181961
2809	11775	0.00181103
11774	11775	0.00181103
4342	11776	0.00179291
11775	11776	0.00179291
5818	11777	0.00179195
11776	11777	0.00179195
4352	11778	0.00178908
11777	11778	0.00178908
448	11779	0.00178814
11778	11779	0.00178814
323	11780	0.00177097
11779	11780	0.00177097
2930	11781	0.0017681
11780	11781	0.0017681
4639	11782	0.00176621
11781	11782	0.00176621
2892	11783	0.00176525
11782	11783	0.00176525
5107	11784	0.00176239
11783	11784	0.00176239
1300	11785	0.00175953
11784	11785	0.00175953
11764	11786	0.00175667
11785	11786	0.00175667
6053	11787	0.00175475
11786	11787	0.00175475
740	11788	0.00173758
11787	11788	0.00173758
5657	11789	0.00173666
3155	11789	0.00173666
11788	11789	0.00173666
11763	11790	0.00173089
2272	11790	0.00173089
3743	11790	0.00173089
3772	11790	0.00173089
4883	11790	0.00173089
5240	11790	0.00173089
5428	11790	0.00173089
5437	11790	0.00173089
5528	11790	0.00173089
5581	11790	0.00173089
6142	11790	0.00173089
1829	11790	0.00173089
2245	11790	0.00173089
2330	11790	0.00173089
3067	11790	0.00173089
3114	11790	0.00173089
3679	11790	0.00173089
3705	11790	0.00173089
4237	11790	0.00173089
4540	11790	0.00173089
4580	11790	0.00173089
4882	11790	0.00173089
4900	11790	0.00173089
4913	11790	0.00173089
4926	11790	0.00173089
4964	11790	0.00173089
5028	11790	0.00173089
5109	11790	0.00173089
5163	11790	0.00173089
5346	11790	0.00173089
5424	11790	0.00173089
5497	11790	0.00173089
5509	11790	0.00173089
5556	11790	0.00173089
5574	11790	0.00173089
5580	11790	0.00173089
5582	11790	0.00173089
5598	11790	0.00173089
5602	11790	0.00173089
5670	11790	0.00173089
5675	11790	0.00173089
5682	11790	0.00173089
5686	11790	0.00173089
5804	11790	0.00173089
5923	11790	0.00173089
5925	11790	0.00173089
6002	11790	0.00173089
6098	11790	0.00173089
6103	11790	0.00173089
6136	11790	0.00173089
6138	11790	0.00173089
6225	11790	0.00173089
11789	11790	0.00173089
5180	11791	0.00172233
11790	11791	0.00172233
6080	11792	0.00171185
11791	11792	0.00171185
5450	11793	0.00170708
11792	11793	0.00170708
2040	11794	0.00170135
11793	11794	0.00170135
4125	11795	0.0016985
11794	11795	0.0016985
8971	11796	0.00169659
11795	11796	0.00169659
5498	11797	0.00168991
11796	11797	0.00168991
2883	11798	0.0016613
11797	11798	0.0016613
3674	11799	0.00165273
11798	11799	0.00165273
4710	11800	0.00164985
11799	11800	0.00164985
11800	11801	0.00163841
5149	11801	0.00163841
366	11802	0.00162888
11801	11802	0.00162888
2783	11803	0.00161934
11802	11803	0.00161934
1874	11804	0.00161552
4898	11804	0.00161552
11803	11804	0.00161552
4550	11805	0.0016098
11804	11805	0.0016098
982	11806	0.00160693
11805	11806	0.00160693
10793	11807	0.00159167
11806	11807	0.00159167
796	11808	0.00159073
11807	11808	0.00159073
6020	11809	0.00158119
11808	11809	0.00158119
5997	11810	0.00157833
11809	11810	0.00157833
4132	11811	0.00157356
11810	11811	0.00157356
4364	11812	0.00155639
11811	11812	0.00155639
5044	11813	0.00155163
11812	11813	0.00155163
2323	11814	0.00154972
11813	11814	0.00154972
3145	11815	0.00154877
11814	11815	0.00154877
3431	11816	0.00153351
11815	11816	0.00153351
5753	11817	0.0015316
11816	11817	0.0015316
5253	11818	0.00152874
11817	11818	0.00152874
11818	11819	0.00152588
2880	11819	0.00152588
1400	11820	0.00152207
11819	11820	0.00152207
5503	11821	0.0015173
11820	11821	0.0015173
1524	11822	0.00151253
11821	11822	0.00151253
5929	11823	0.0015049
11822	11823	0.0015049
13	11824	0.0014801
1449	11824	0.0014801
11823	11824	0.0014801
376	11825	0.0014391
3196	11825	0.0014391
11824	11825	0.0014391
2101	11826	0.00142384
11825	11826	0.00142384
2376	11827	0.00142193
11826	11827	0.00142193
5643	11828	0.00141239
11827	11828	0.00141239
4446	11829	0.00140858
11828	11829	0.00140858
5034	11830	0.00138568
11829	11830	0.00138568
5137	11831	0.00138092
11830	11831	0.00138092
711	11832	0.00137424
11831	11832	0.00137424
4651	11833	0.00135041
11832	11833	0.00135041
1703	11834	0.00134945
4243	11834	0.00134945
11833	11834	0.00134945
4782	11835	0.00134849
11834	11835	0.00134849
11530	11836	0.00133514
11835	11836	0.00133514
4889	11837	0.00132752
11836	11837	0.00132752
4781	11838	0.00131893
11837	11838	0.00131893
824	11839	0.00131798
11838	11839	0.00131798
566	11840	0.00131607
11839	11840	0.00131607
8997	11841	0.00130081
11840	11841	0.00130081
3622	11842	0.00129795
11841	11842	0.00129795
4980	11843	0.00129699
11842	11843	0.00129699
5860	11844	0.00129509
11843	11844	0.00129509
233	11845	0.00129414
11844	11845	0.00129414
4426	11846	0.00128365
11845	11846	0.00128365
1883	11847	0.00127315
11846	11847	0.00127315
2403	11848	0.000864028
2483	11848	0.000864028
4260	11849	0.000875473
4943	11849	0.000875473
5569	11850	0.00125313
11847	11850	0.00125313
3779	11851	0.00123978
11850	11851	0.00123978
6000	11852	0.00122833
11851	11852	0.00122833
909	11853	0.00122166
11852	11853	0.00122166
1132	11854	0.00120257
11853	11854	0.00120257
3363	11855	0.00120068
11854	11855	0.00120068
3347	11856	0.00119877
11855	11856	0.00119877
4888	11857	0.00118542
11856	11857	0.00118542
5234	11858	0.00118351
8940	11858	0.00118351
11857	11858	0.00118351
5824	11859	0.00117207
11858	11859	0.00117207
690	11860	0.00116539
11859	11860	0.00116539
1335	11861	0.0011549
11860	11861	0.0011549
9011	11862	0.00114918
11861	11862	0.00114918
2586	11863	0.00114727
11862	11863	0.00114727
4986	11864	0.00114155
11863	11864	0.00114155
304	11865	0.00113487
11864	11865	0.00113487
1804	11866	0.00113297
11865	11866	0.00113297
5827	11867	0.00112629
11866	11867	0.00112629
10800	11868	0.0011158
11867	11868	0.0011158
4242	11869	0.00111485
11868	11869	0.00111485
1666	11870	0.0011015
11869	11870	0.0011015
1058	11871	0.00108719
11870	11871	0.00108719
4331	11872	0.00108624
11871	11872	0.00108624
4270	11873	0.00108528
11872	11873	0.00108528
86	11874	0.00108337
11873	11874	0.00108337
3738	11875	0.00108242
11874	11875	0.00108242
5944	11876	0.00108051
11875	11876	0.00108051
5317	11877	0.00106144
11876	11877	0.00106144
4464	11878	0.00105667
11877	11878	0.00105667
231	11879	0.0010519
11878	11879	0.0010519
3862	11880	0.00104999
11879	11880	0.00104999
4267	11881	0.00104618
11880	11881	0.00104618
2849	11882	0.00104427
11881	11882	0.00104427
5427	11883	0.00104332
11882	11883	0.00104332
2890	11884	0.00103283
11883	11884	0.00103283
3513	11885	0.00101852
2285	11885	0.00101852
11884	11885	0.00101852
5727	11886	0.00100517
11885	11886	0.00100517
8828	11887	0.00100327
11886	11887	0.00100327
4462	11888	0.00100136
11887	11888	0.00100136
4614	11889	0.000998495
4341	11889	0.000998495
11888	11889	0.000998495
5212	11890	0.00098419
11889	11890	0.00098419
249	11891	0.000981328
11890	11891	0.000981328
3202	11892	0.000977507
11891	11892	0.000977507
11521	11893	0.000958444
11892	11893	0.000958444
5619	11894	0.000950811
11893	11894	0.000950811
216	11895	0.000949855
11894	11895	0.000949855
3140	11896	0.000946043
11895	11896	0.000946043
3979	11897	0.000930787
2016	11897	0.000930787
11896	11897	0.000930787
8948	11898	0.000922205
11897	11898	0.000922205
3650	11899	0.000917433
1763	11899	0.000917433
11898	11899	0.000917433
3433	11900	0.00091362
11899	11900	0.00091362
73	11901	0.000907893
11900	11901	0.000907893
5734	11902	0.000902175
11901	11902	0.000902175
240	11903	0.000896457
11902	11903	0.000896457
6173	11904	0.000893597
11903	11904	0.000893597
2617	11905	0.000885965
5001	11905	0.000885965
11904	11905	0.000885965
48	11906	0.000879287
11905	11906	0.000879287
217	11907	0.000874523
11906	11907	0.000874523
4282	11908	0.000873567
3314	11908	0.000873567
3980	11908	0.000873567
11907	11908	0.000873567
4543	11909	0.000872612
11908	11909	0.000872612
9017	11910	0.000864028
11909	11910	0.000864028
3383	11911	0.000855443
11910	11911	0.000855443
2411	11912	0.000853539
11911	11912	0.000853539
1956	11913	0.000850676
11912	11913	0.000850676
2672	11914	0.000846864
2587	11914	0.000846864
11913	11914	0.000846864
4472	11915	0.000844955
11914	11915	0.000844955
4617	11916	0.000840188
11915	11916	0.000840188
5373	11917	0.00082779
11916	11917	0.00082779
5358	11918	0.00082016
5848	11918	0.00082016
11917	11918	0.00082016
5933	11919	0.000819204
11918	11919	0.000819204
5892	11920	0.000818244
11919	11920	0.000818244
370	11921	0.000813485
11920	11921	0.000813485
8916	11922	0.000803947
11921	11922	0.000803947
10798	11923	0.000799178
5422	11923	0.000799178
11922	11923	0.000799178
4202	11924	0.000795365
11923	11924	0.000795365
5630	11925	0.000792503
11924	11925	0.000792503
1208	11926	0.000787733
11925	11926	0.000787733
1330	11927	0.000785822
11926	11927	0.000785822
6144	11928	0.000774385
11927	11928	0.000774385
4638	11929	0.000767708
11928	11929	0.000767708
4945	11930	0.000764847
11929	11930	0.000764847
2046	11931	0.000745775
11930	11931	0.000745775
6170	11932	0.000733375
11931	11932	0.000733375
4104	11933	0.000729561
11932	11933	0.000729561
3671	11934	0.000724792
11933	11934	0.000724792
492	11935	0.000720978
11934	11935	0.000720978
3403	11936	0.000718117
11935	11936	0.000718117
11849	11937	0.000714305
5835	11937	0.000714305
11936	11937	0.000714305
3327	11938	0.000706671
5396	11938	0.000706671
11937	11938	0.000706671
11848	11939	0.000705719
331	11939	0.000705719
11938	11939	0.000705719
4107	11940	0.000703816
11939	11940	0.000703816
4096	11941	0.000695229
11940	11941	0.000695229
11520	11942	0.000694275
11941	11942	0.000694275
3822	11943	0.000690461
11942	11943	0.000690461
3691	11944	0.000685692
11943	11944	0.000685692
8845	11945	0.000681881
11944	11945	0.000681881
3748	11946	0.000677109
11945	11946	0.000677109
5494	11947	0.000671387
11946	11947	0.000671387
4053	11948	0.00066185
11947	11948	0.00066185
5435	11949	0.000660896
11948	11949	0.000660896
5999	11950	0.000658988
11949	11950	0.000658988
6111	11951	0.000652311
11950	11951	0.000652311
5976	11952	0.00065136
11951	11952	0.00065136
11519	11953	0.000638963
11952	11953	0.000638963
958	11954	0.00063515
11953	11954	0.00063515
3171	11955	0.000633239
11954	11955	0.000633239
3631	11956	0.000630378
11955	11956	0.000630378
5832	11957	0.000555039
6123	11957	0.000555039
2670	11958	0.000623703
11956	11958	0.000623703
8834	11959	0.000620843
11958	11959	0.000620843
2128	11960	0.000611306
11959	11960	0.000611306
1650	11961	0.000600816
11960	11961	0.000600816
8968	11962	0.000587463
11961	11962	0.000587463
286	11963	0.000585556
11962	11963	0.000585556
3153	11964	0.000583648
11963	11964	0.000583648
8603	11965	0.000576974
11964	11965	0.000576974
5395	11966	0.000571251
11965	11966	0.000571251
2484	11967	0.000542641
11966	11967	0.000542641
5254	11968	0.000541688
11967	11968	0.000541688
1325	11969	0.000530243
11968	11969	0.000530243
8601	11970	0.00051689
11969	11970	0.00051689
8918	11971	0.000510216
11970	11971	0.000510216
10781	11972	0.000505448
11971	11972	0.000505448
10795	11973	0.00050354
11972	11973	0.00050354
601	11974	0.000480652
11973	11974	0.000480652
1221	11975	0.000473976
4509	11975	0.000473976
11974	11975	0.000473976
98	11976	0.000467301
11975	11976	0.000467301
5847	11977	0.000453949
11976	11977	0.000453949
2496	11978	0.000452997
11977	11978	0.000452997
5799	11979	0.000451088
3178	11979	0.000451088
11978	11979	0.000451088
5716	11980	0.000446319
11979	11980	0.000446319
4018	11981	0.000444412
11980	11981	0.000444412
3578	11982	0.000440597
11981	11982	0.000440597
4190	11983	0.00043106
5040	11983	0.00043106
11982	11983	0.00043106
11957	11984	0.000429154
5805	11984	0.000429154
3474	11984	0.000429154
11983	11984	0.000429154
309	11985	0.000423431
11984	11985	0.000423431
6093	11986	0.000413895
11985	11986	0.000413895
937	11987	0.000409127
11986	11987	0.000409127
3450	11988	0.000385285
11987	11988	0.000385285
2987	11989	0.000384331
11988	11989	0.000384331
4234	11990	0.000375748
11989	11990	0.000375748
4118	11991	0.000364303
11990	11991	0.000364303
1899	11992	0.000349045
11991	11992	0.000349045
3504	11993	0.000339508
11992	11993	0.000339508
4340	11994	0.000337601
11993	11994	0.000337601
3110	11995	0.000332833
11994	11995	0.000332833
4226	11996	0.000329971
11995	11996	0.000329971
4521	11997	0.000327111
11996	11997	0.000327111
3005	11998	0.000322342
11997	11998	0.000322342
4795	11999	0.000304222
11998	11999	0.000304222
4174	12000	0.000282288
11999	12000	0.000282288
3992	12001	0.000278473
12000	12001	0.000278473
1932	12002	0.000275612
12001	12002	0.000275612
5282	12003	0.000252724
12002	12003	0.000252724
962	12004	0.000245095
12003	12004	0.000245095
2837	12005	0.000211716
12004	12005	0.000211716
3439	12006	0.00019455
12005	12006	0.00019455
5112	12007	0.000189781
12006	12007	0.000189781
5374	12008	0.000156403
12007	12008	0.000156403
8967	12009	0.0001297
12008	12009	0.0001297
5048	12010	4.29153e-05
12009	12010	4.29153e-05