5257	6076	0.350588
2032	6076	0.350588
5614	6077	0.338832
6076	6077	0.338832
1675	6078	0.153053
4126	6078	0.153053
3521	6079	0.0646481
3171	6079	0.0646481
6079	6080	0.0559403
189	6080	0.0559403
4036	6081	0.0322008
3494	6081	0.0322008
669	6082	0.447665
3518	6082	0.447665
6082	6083	0.401802
3820	6083	0.401802
1091	6084	0.0477108
1023	6084	0.0477108
6084	6085	0.0366481
3417	6085	0.0366481
3945	6086	0.0264725
6085	6086	0.0264725
3271	6087	0.103133
1928	6087	0.103133
6087	6088	0.102015
5015	6088	0.102015
6088	6089	0.0818664
4253	6089	0.0818664
6089	6090	0.0793774
1962	6090	0.0793774
6090	6091	0.0551583
4394	6091	0.0551583
6091	6092	0.0413886
2486	6092	0.0413886
6092	6093	0.0335505
3894	6093	0.0335505
5626	6094	0.0293318
800	6094	0.0293318
6094	6095	0.0276254
6093	6095	0.0276254
1687	6096	0.113685
5136	6096	0.113685
2537	6097	0.0345734
5728	6097	0.0345734
6097	6098	0.0272561
361	6098	0.0272561
2788	6099	0.325312
4993	6099	0.325312
363	6100	0.0272234
3621	6100	0.0272234
6100	6101	0.022795
5164	6101	0.022795
5950	6102	0.0256679
4591	6102	0.0256679
2705	6103	0.243451
4910	6103	0.243451
1477	6104	0.0245216
783	6104	0.0245216
4579	6105	0.0683842
3842	6105	0.0683842
6105	6106	0.0356695
4510	6106	0.0356695
6106	6107	0.0248029
729	6107	0.0248029
1286	6108	0.0240714
6107	6108	0.0240714
2480	6109	0.0223541
6108	6109	0.0223541
4819	6110	0.15079
2398	6110	0.15079
6110	6111	0.044501
4183	6111	0.044501
1597	6112	0.023942
5192	6112	0.023942
2027	6113	0.0917848
3039	6113	0.0917848
1454	6114	0.0811058
6113	6114	0.0811058
2450	6115	0.116349
3757	6115	0.116349
2823	6116	0.0281813
868	6116	0.0281813
6116	6117	0.0269649
5961	6117	0.0269649
2463	6118	0.0300129
2491	6118	0.0300129
3917	6119	0.0545931
5575	6119	0.0545931
4448	6120	0.168453
1549	6120	0.168453
5634	6121	0.0396631
1972	6121	0.0396631
3108	6122	0.0492442
1717	6122	0.0492442
585	6123	0.0413946
3671	6123	0.0413946
6122	6124	0.0409505
6123	6124	0.0409505
3292	6125	0.211895
5209	6125	0.211895
3706	6126	0.0293981
288	6126	0.0293981
4745	6127	0.0414637
5175	6127	0.0414637
1850	6128	0.103108
1308	6128	0.103108
5369	6129	0.508303
5467	6129	0.508303
6129	6130	0.4234
5221	6130	0.4234
6130	6131	0.420132
5896	6131	0.420132
6131	6132	0.0987867
4497	6132	0.0987867
5060	6133	0.100556
6128	6133	0.100556
6132	6134	0.0350546
6133	6134	0.0350546
1778	6135	0.0520271
5930	6135	0.0520271
6135	6136	0.0424025
4015	6136	0.0424025
4399	6137	0.0228387
5970	6137	0.0228387
747	6138	0.0329168
4047	6138	0.0329168
1060	6139	0.0653985
925	6139	0.0653985
4980	6140	0.0716452
1160	6140	0.0716452
6140	6141	0.0553591
5710	6141	0.0553591
5711	6142	0.0456191
6141	6142	0.0456191
6142	6143	0.0372504
4434	6143	0.0372504
4755	6144	0.0321597
4298	6144	0.0321597
546	6145	0.11285
596	6145	0.11285
6145	6146	0.0597524
5732	6146	0.0597524
5960	6147	0.0581122
6146	6147	0.0581122
4726	6148	0.106932
101	6148	0.106932
284	6149	0.116307
3674	6149	0.116307
1001	6150	0.13085
2640	6150	0.13085
6150	6151	0.0316821
713	6151	0.0316821
627	6152	0.031615
6151	6152	0.031615
3286	6153	0.105273
4107	6153	0.105273
1528	6154	0.104637
6153	6154	0.104637
6154	6155	0.0909035
803	6155	0.0909035
6155	6156	0.0570297
3802	6156	0.0570297
1203	6157	0.043883
4120	6157	0.043883
1263	6158	0.0301946
5463	6158	0.0301946
5120	6159	0.0238738
3451	6159	0.0238738
4951	6160	0.0397332
3366	6160	0.0397332
4987	6161	0.10537
3655	6161	0.10537
6161	6162	0.0476698
50	6162	0.0476698
5	6163	0.168406
3528	6163	0.168406
6163	6164	0.127065
2248	6164	0.127065
6164	6165	0.120741
2506	6165	0.120741
1120	6166	0.0231436
5189	6166	0.0231436
3812	6167	0.0573044
73	6167	0.0573044
3500	6168	0.0389616
881	6168	0.0389616
5223	6169	0.0969202
3412	6169	0.0969202
6169	6170	0.089769
206	6170	0.089769
1113	6171	0.0505936
6170	6171	0.0505936
6171	6172	0.0418735
60	6172	0.0418735
6172	6173	0.0396627
1720	6173	0.0396627
6173	6174	0.0384667
1514	6174	0.0384667
6174	6175	0.0338736
4997	6175	0.0338736
6175	6176	0.0330729
1956	6176	0.0330729
6176	6177	0.0324785
4797	6177	0.0324785
6177	6178	0.0313482
3516	6178	0.0313482
5114	6179	0.0267905
1553	6179	0.0267905
6178	6179	0.0267905
6179	6180	0.026769
597	6180	0.026769
2070	6181	0.0500605
3131	6181	0.0500605
843	6182	0.145588
4358	6182	0.145588
4678	6183	0.146568
3933	6183	0.146568
3254	6184	0.0259562
6073	6184	0.0259562
153	6185	0.0266017
16	6185	0.0266017
4072	6186	0.0366252
5063	6186	0.0366252
6186	6187	0.0294999
1042	6187	0.0294999
5413	6188	0.0249104
6187	6188	0.0249104
4932	6189	0.0529318
163	6189	0.0529318
238	6190	0.0850875
2688	6190	0.0850875
2991	6191	0.0466954
3059	6191	0.0466954
6190	6192	0.045475
6191	6192	0.045475
990	6193	0.0267649
1000	6193	0.0267649
4251	6194	0.0252456
6193	6194	0.0252456
4723	6195	0.125892
2850	6195	0.125892
5643	6196	0.0295323
4135	6196	0.0295323
4023	6197	0.259025
1911	6197	0.259025
316	6198	0.0649671
2195	6198	0.0649671
1810	6199	0.055121
6198	6199	0.055121
6197	6200	0.0420242
6199	6200	0.0420242
2962	6201	0.161324
444	6201	0.161324
2372	6202	0.134275
3184	6202	0.134275
6202	6203	0.128971
584	6203	0.128971
5119	6204	0.0444154
3531	6204	0.0444154
6203	6205	0.0655433
5261	6205	0.0655433
6205	6206	0.0480613
592	6206	0.0480613
1666	6207	0.0436969
6204	6207	0.0436969
6207	6208	0.0373435
6206	6208	0.0373435
1325	6209	0.0362287
6208	6209	0.0362287
4189	6210	0.0313959
6209	6210	0.0313959
6201	6211	0.0289328
6210	6211	0.0289328
5853	6212	0.0456763
3690	6212	0.0456763
4384	6213	0.0617522
2043	6213	0.0617522
4822	6214	0.026479
3506	6214	0.026479
4202	6215	0.0516669
5676	6215	0.0516669
6215	6216	0.0434641
3289	6216	0.0434641
6216	6217	0.0371674
2019	6217	0.0371674
6217	6218	0.0324665
1728	6218	0.0324665
2445	6219	0.0269912
6218	6219	0.0269912
6219	6220	0.0230743
2877	6220	0.0230743
4100	6221	0.0263474
944	6221	0.0263474
3855	6222	0.0248109
6221	6222	0.0248109
2338	6223	0.0232115
6222	6223	0.0232115
5248	6224	0.022031
3695	6224	0.022031
4610	6225	0.0707266
2475	6225	0.0707266
4287	6226	0.0237399
3026	6226	0.0237399
4868	6227	0.0631401
3930	6227	0.0631401
5005	6228	0.0261266
3075	6228	0.0261266
1004	6229	0.060173
3347	6229	0.060173
3464	6230	0.0304518
1116	6230	0.0304518
3179	6231	0.0234154
1531	6231	0.0234154
2379	6232	0.11762
2988	6232	0.11762
3816	6233	0.0802354
1049	6233	0.0802354
6232	6234	0.102572
1478	6234	0.102572
6233	6235	0.0731257
1067	6235	0.0731257
6234	6236	0.0728936
6235	6236	0.0728936
3298	6237	0.057933
2380	6237	0.057933
6236	6238	0.0520019
6237	6238	0.0520019
6238	6239	0.0276177
1450	6239	0.0276177
83	6240	0.0270567
6239	6240	0.0270567
3236	6241	0.021346
6240	6241	0.021346
5464	6242	0.0854488
5778	6242	0.0854488
6242	6243	0.0793643
3550	6243	0.0793643
3260	6244	0.234595
4142	6244	0.234595
2733	6245	0.197825
3151	6245	0.197825
5173	6246	0.120322
6245	6246	0.120322
4295	6247	0.127077
1377	6247	0.127077
433	6248	0.0741902
1314	6248	0.0741902
4534	6249	0.0554136
3854	6249	0.0554136
4407	6250	0.134368
5402	6250	0.134368
6250	6251	0.111969
4369	6251	0.111969
1288	6252	0.0806308
1312	6252	0.0806308
6252	6253	0.0716899
6251	6253	0.0716899
1776	6254	0.0362347
4725	6254	0.0362347
3244	6255	0.0271473
6254	6255	0.0271473
797	6256	0.0261423
6255	6256	0.0261423
1442	6257	0.0409976
5359	6257	0.0409976
3604	6258	0.117536
3785	6258	0.117536
1	6259	0.109168
6258	6259	0.109168
5887	6260	0.0637478
3813	6260	0.0637478
3403	6261	0.0599271
2994	6261	0.0599271
1919	6262	0.180883
3693	6262	0.180883
6262	6263	0.060257
1095	6263	0.060257
6261	6264	0.0533493
3523	6264	0.0533493
6263	6265	0.0497208
1457	6265	0.0497208
1556	6266	0.044298
6265	6266	0.044298
6264	6267	0.0440545
6266	6267	0.0440545
1973	6268	0.0430329
4549	6268	0.0430329
6267	6269	0.0423345
6268	6269	0.0423345
5202	6270	0.125213
3849	6270	0.125213
6270	6271	0.0621215
4983	6271	0.0621215
6271	6272	0.0592516
962	6272	0.0592516
6272	6273	0.0499745
5345	6273	0.0499745
826	6274	0.0490657
6273	6274	0.0490657
4460	6275	0.0482142
6274	6275	0.0482142
80	6276	0.0425779
6275	6276	0.0425779
5878	6277	0.0889411
5442	6277	0.0889411
6277	6278	0.0438521
2047	6278	0.0438521
5256	6279	0.0631253
4114	6279	0.0631253
2329	6280	0.0583748
6279	6280	0.0583748
1317	6281	0.110984
211	6281	0.110984
6281	6282	0.0968217
1686	6282	0.0968217
3232	6283	0.0934099
6282	6283	0.0934099
6283	6284	0.0653223
1813	6284	0.0653223
5029	6285	0.0903048
4581	6285	0.0903048
1874	6286	0.0607695
536	6286	0.0607695
3268	6287	0.0584447
6286	6287	0.0584447
6284	6288	0.0561124
6287	6288	0.0561124
1496	6289	0.0506055
6288	6289	0.0506055
6285	6290	0.050432
6289	6290	0.050432
4733	6291	0.0492004
6290	6291	0.0492004
899	6292	0.0483272
625	6292	0.0483272
6291	6293	0.0469416
6292	6293	0.0469416
2011	6294	0.0431837
6293	6294	0.0431837
6294	6295	0.0424978
2631	6295	0.0424978
2131	6296	0.0423383
6295	6296	0.0423383
2864	6297	0.0421168
6296	6297	0.0421168
5283	6298	0.0419585
2483	6298	0.0419585
724	6299	0.0606492
5344	6299	0.0606492
5226	6300	0.0540244
4550	6300	0.0540244
1639	6301	0.117339
3946	6301	0.117339
1904	6302	0.356418
4336	6302	0.356418
6302	6303	0.154515
1492	6303	0.154515
6303	6304	0.0969383
3520	6304	0.0969383
6301	6305	0.0962419
364	6305	0.0962419
3433	6306	0.0631082
6305	6306	0.0631082
3269	6307	0.0742001
1164	6307	0.0742001
6304	6308	0.0697592
6307	6308	0.0697592
6306	6309	0.0474278
5013	6309	0.0474278
6309	6310	0.0465484
6308	6310	0.0465484
1796	6311	0.0461937
1463	6311	0.0461937
6310	6312	0.0443625
6311	6312	0.0443625
1909	6313	0.0436085
6312	6313	0.0436085
578	6314	0.0425291
6313	6314	0.0425291
335	6315	0.116899
2585	6315	0.116899
662	6316	0.115223
6315	6316	0.115223
4529	6317	0.133839
5996	6317	0.133839
6317	6318	0.110504
5502	6318	0.110504
6318	6319	0.0797487
1974	6319	0.0797487
2134	6320	0.230901
3942	6320	0.230901
6320	6321	0.102256
2671	6321	0.102256
6319	6322	0.075896
1041	6322	0.075896
310	6323	0.0671978
6322	6323	0.0671978
2268	6324	0.0733635
1356	6324	0.0733635
2266	6324	0.0733635
6321	6325	0.070345
6324	6325	0.070345
5847	6326	0.0703424
6325	6326	0.0703424
6316	6327	0.0683978
6326	6327	0.0683978
1815	6328	0.063338
6327	6328	0.063338
6323	6329	0.0595066
1755	6329	0.0595066
6329	6330	0.050348
4123	6330	0.050348
6328	6331	0.0563134
6050	6331	0.0563134
6331	6332	0.0482343
5305	6332	0.0482343
6330	6333	0.0471682
2928	6333	0.0471682
4479	6334	0.0445401
6333	6334	0.0445401
5675	6335	0.0450817
6332	6335	0.0450817
9	6336	0.0444668
6335	6336	0.0444668
6334	6337	0.0423636
6336	6337	0.0423636
4615	6338	0.0783124
1019	6338	0.0783124
780	6339	0.0753238
2462	6339	0.0753238
6339	6340	0.0747849
6338	6340	0.0747849
3694	6341	0.0729358
6340	6341	0.0729358
6341	6342	0.0550002
4852	6342	0.0550002
5304	6343	0.111591
5081	6343	0.111591
6343	6344	0.0683664
2473	6344	0.0683664
6344	6345	0.066887
4335	6345	0.066887
6345	6346	0.0579845
5128	6346	0.0579845
20	6347	0.0526322
6346	6347	0.0526322
4300	6348	0.0558983
375	6348	0.0558983
23	6349	0.189599
4049	6349	0.189599
6349	6350	0.0800081
3359	6350	0.0800081
6350	6351	0.0646071
1651	6351	0.0646071
3705	6352	0.0608304
6351	6352	0.0608304
24	6353	0.049493
5203	6353	0.049493
4069	6354	0.0497629
5273	6354	0.0497629
2985	6355	0.184763
5524	6355	0.184763
6355	6356	0.104049
2738	6356	0.104049
6356	6357	0.092429
31	6357	0.092429
1158	6358	0.0774301
6357	6358	0.0774301
2006	6359	0.0768734
6358	6359	0.0768734
2015	6360	0.0764977
6359	6360	0.0764977
393	6361	0.0763364
526	6361	0.0763364
904	6362	0.100189
4611	6362	0.100189
1907	6363	0.0986726
6362	6363	0.0986726
3454	6364	0.0785336
1591	6364	0.0785336
5016	6365	0.0691713
6360	6365	0.0691713
6365	6366	0.0555239
3512	6366	0.0555239
2410	6367	0.0749883
764	6367	0.0749883
4043	6368	0.0748333
390	6368	0.0748333
1130	6369	0.0720345
508	6369	0.0720345
6003	6370	0.0615697
694	6370	0.0615697
6370	6371	0.0566987
5218	6371	0.0566987
6366	6372	0.0492413
6371	6372	0.0492413
6364	6373	0.0475026
5188	6373	0.0475026
6368	6374	0.0459813
6373	6374	0.0459813
1310	6375	0.0447168
6374	6375	0.0447168
4851	6376	0.0533373
4007	6376	0.0533373
6363	6377	0.0453654
3069	6377	0.0453654
6372	6378	0.0446485
6377	6378	0.0446485
6375	6379	0.0438146
6378	6379	0.0438146
6367	6380	0.043774
6379	6380	0.043774
6376	6381	0.0437456
6380	6381	0.0437456
864	6381	0.0437456
6369	6382	0.042988
6381	6382	0.042988
6361	6383	0.0429069
6382	6383	0.0429069
5134	6384	0.139839
5736	6384	0.139839
4640	6385	0.133142
882	6385	0.133142
2600	6386	0.12849
6385	6386	0.12849
6386	6387	0.111269
5184	6387	0.111269
6387	6388	0.103184
4911	6388	0.103184
6388	6389	0.0634029
600	6389	0.0634029
728	6390	0.0535214
6389	6390	0.0535214
3870	6391	0.0492527
6390	6391	0.0492527
6391	6392	0.0455362
4721	6392	0.0455362
6392	6393	0.0427768
4041	6393	0.0427768
406	6394	0.168263
40	6394	0.168263
2150	6395	0.0777965
634	6395	0.0777965
6395	6396	0.0728694
1816	6396	0.0728694
6396	6397	0.0563658
2622	6397	0.0563658
6397	6398	0.0542027
2312	6398	0.0542027
6398	6399	0.0536672
389	6399	0.0536672
6399	6400	0.0479281
1736	6400	0.0479281
6400	6401	0.0419828
144	6401	0.0419828
2313	6402	0.104335
2193	6402	0.104335
1594	6403	0.0968557
6402	6403	0.0968557
6403	6404	0.082961
215	6404	0.082961
6404	6405	0.0791678
4190	6405	0.0791678
5215	6406	0.0767309
6405	6406	0.0767309
2316	6407	0.0738905
6406	6407	0.0738905
1537	6408	0.0953005
4209	6408	0.0953005
6408	6409	0.0760559
1304	6409	0.0760559
5584	6410	0.075628
4387	6410	0.075628
6409	6411	0.0716393
6410	6411	0.0716393
5835	6412	0.0538553
3572	6412	0.0538553
1407	6413	0.0568154
984	6413	0.0568154
929	6414	0.0586719
917	6414	0.0586719
3865	6415	0.0528143
2416	6415	0.0528143
6415	6416	0.0496434
258	6416	0.0496434
6412	6417	0.0524185
6414	6417	0.0524185
6040	6418	0.048409
6416	6418	0.048409
6418	6419	0.0448422
6417	6419	0.0448422
6419	6420	0.0437817
4675	6420	0.0437817
6413	6421	0.0426303
6420	6421	0.0426303
6421	6422	0.0415518
46	6422	0.0415518
47	6423	0.0527117
1114	6423	0.0527117
6423	6424	0.0429037
4785	6424	0.0429037
942	6425	0.045152
49	6425	0.045152
601	6426	0.181651
2233	6426	0.181651
3440	6427	0.0520526
5075	6427	0.0520526
6427	6428	0.0479059
3731	6428	0.0479059
6426	6429	0.0439228
6428	6429	0.0439228
3180	6430	0.130117
5439	6430	0.130117
6430	6431	0.106557
3941	6431	0.106557
6431	6432	0.0808116
2535	6432	0.0808116
740	6433	0.169103
449	6433	0.169103
4293	6434	0.0562278
51	6434	0.0562278
2792	6435	0.0568825
540	6435	0.0568825
6433	6436	0.0501428
6434	6436	0.0501428
4892	6437	0.0500923
6436	6437	0.0500923
6435	6438	0.0495948
1202	6438	0.0495948
6438	6439	0.0487562
4787	6439	0.0487562
6437	6440	0.0482036
6439	6440	0.0482036
1068	6441	0.044703
858	6441	0.044703
6441	6442	0.0432701
5436	6442	0.0432701
4699	6443	0.386234
4039	6443	0.386234
3149	6444	0.110134
59	6444	0.110134
6443	6445	0.0485469
6444	6445	0.0485469
4118	6445	0.0485469
595	6445	0.0485469
3728	6446	0.087653
1218	6446	0.087653
4836	6447	0.0590822
4436	6447	0.0590822
6446	6448	0.0753961
1131	6448	0.0753961
6448	6449	0.0538981
1206	6449	0.0538981
6447	6450	0.0520341
6449	6450	0.0520341
2013	6451	0.0477234
6450	6451	0.0477234
1453	6452	0.0452082
127	6452	0.0452082
3102	6453	0.0456132
4451	6453	0.0456132
1754	6454	0.106902
4401	6454	0.106902
3738	6455	0.107903
3510	6455	0.107903
1918	6456	0.107258
6455	6456	0.107258
4353	6457	0.102906
6456	6457	0.102906
1792	6458	0.0936574
6457	6458	0.0936574
6458	6459	0.085352
5730	6459	0.085352
6454	6460	0.0728576
4639	6460	0.0728576
4701	6461	0.059078
2181	6461	0.059078
6460	6462	0.0588684
6461	6462	0.0588684
6459	6463	0.0726557
4247	6463	0.0726557
6463	6464	0.0671941
4377	6464	0.0671941
6462	6465	0.0539301
6464	6465	0.0539301
4001	6466	0.0445203
6465	6466	0.0445203
6466	6467	0.0437287
5109	6467	0.0437287
6467	6468	0.0431205
4927	6468	0.0431205
6049	6469	0.0436493
4835	6469	0.0436493
171	6470	0.0429561
6469	6470	0.0429561
6468	6471	0.0424721
5421	6471	0.0424721
6470	6472	0.042114
6471	6472	0.042114
3430	6473	0.0414858
6472	6473	0.0414858
2917	6474	0.0414251
6473	6474	0.0414251
5277	6475	0.0961595
3004	6475	0.0961595
6475	6476	0.0466508
2755	6476	0.0466508
1272	6477	0.0453631
6476	6477	0.0453631
2244	6478	0.233435
1399	6478	0.233435
757	6479	0.0763585
1641	6479	0.0763585
6478	6480	0.0723594
6479	6480	0.0723594
172	6481	0.0896687
1640	6481	0.0896687
6481	6482	0.0725099
3717	6482	0.0725099
1567	6483	0.125944
1566	6483	0.125944
6480	6484	0.0701116
6482	6484	0.0701116
6484	6485	0.0673439
2241	6485	0.0673439
3990	6486	0.0672922
6485	6486	0.0672922
6483	6487	0.0701636
2580	6487	0.0701636
6487	6488	0.0632524
1564	6488	0.0632524
606	6489	0.0513455
182	6489	0.0513455
6486	6490	0.0478393
1847	6490	0.0478393
4998	6490	0.0478393
5597	6491	0.0511099
4565	6491	0.0511099
6488	6492	0.0497823
6491	6492	0.0497823
6492	6493	0.0485909
6489	6493	0.0485909
6490	6494	0.0455633
5598	6494	0.0455633
5712	6495	0.0454639
6494	6495	0.0454639
6493	6496	0.0453828
6495	6496	0.0453828
3719	6497	0.0429238
6496	6497	0.0429238
1620	6498	0.0699178
3947	6498	0.0699178
6498	6499	0.0499462
1749	6499	0.0499462
6499	6500	0.0455217
4873	6500	0.0455217
2365	6501	0.0764647
1412	6501	0.0764647
6501	6502	0.0678938
535	6502	0.0678938
5803	6503	0.0660712
6502	6503	0.0660712
611	6504	0.101268
3888	6504	0.101268
6504	6505	0.0895658
74	6505	0.0895658
3878	6506	0.0882682
5315	6506	0.0882682
1655	6507	0.0869962
6506	6507	0.0869962
4842	6508	0.0925151
2730	6508	0.0925151
6505	6509	0.0814732
2406	6509	0.0814732
6507	6510	0.0777503
1169	6510	0.0777503
6509	6511	0.0764073
6510	6511	0.0764073
1446	6512	0.0752401
6511	6512	0.0752401
6512	6513	0.0739561
4809	6513	0.0739561
916	6514	0.0713405
5457	6514	0.0713405
6508	6515	0.0706275
2958	6515	0.0706275
6513	6516	0.0631653
6514	6516	0.0631653
3543	6517	0.0618671
6516	6517	0.0618671
1205	6518	0.0598989
6515	6518	0.0598989
6517	6519	0.0584087
6518	6519	0.0584087
321	6520	0.0582963
6519	6520	0.0582963
2126	6521	0.0545608
6520	6521	0.0545608
5493	6522	0.229497
1744	6522	0.229497
1337	6523	0.112935
96	6523	0.112935
428	6524	0.11281
6523	6524	0.11281
6524	6525	0.0892615
723	6525	0.0892615
5718	6526	0.0727296
3190	6526	0.0727296
6526	6527	0.0612927
1066	6527	0.0612927
6527	6528	0.0545449
5301	6528	0.0545449
6528	6529	0.0527438
2429	6529	0.0527438
1845	6530	0.0493423
129	6530	0.0493423
5552	6531	0.054214
131	6531	0.054214
6531	6532	0.0460824
5948	6532	0.0460824
2395	6533	0.127464
564	6533	0.127464
2868	6534	0.110518
3032	6534	0.110518
6533	6535	0.0922018
6534	6535	0.0922018
6535	6536	0.042326
4027	6536	0.042326
3732	6537	0.0441868
138	6537	0.0441868
3210	6538	0.0552493
937	6538	0.0552493
2174	6539	0.0441792
6538	6539	0.0441792
642	6540	0.0993315
247	6540	0.0993315
1643	6541	0.0848233
4034	6541	0.0848233
6541	6542	0.058556
499	6542	0.058556
6542	6543	0.0490902
2761	6543	0.0490902
6540	6544	0.0441693
6543	6544	0.0441693
3367	6545	0.0417882
6544	6545	0.0417882
165	6546	0.13557
6000	6546	0.13557
2330	6547	0.0640626
1268	6547	0.0640626
267	6548	0.0598955
2370	6548	0.0598955
4308	6549	0.048637
2662	6549	0.048637
6548	6549	0.048637
6549	6550	0.0453847
3130	6550	0.0453847
1247	6551	0.071144
166	6551	0.071144
2237	6552	0.0587194
6551	6552	0.0587194
4356	6553	0.0475026
6552	6553	0.0475026
2739	6554	0.0568454
319	6554	0.0568454
5509	6555	0.0906226
2902	6555	0.0906226
2263	6556	0.0491035
2867	6556	0.0491035
4433	6557	0.0475044
3911	6557	0.0475044
6556	6558	0.0466313
6557	6558	0.0466313
6041	6559	0.064398
5785	6559	0.064398
6559	6560	0.0506257
2714	6560	0.0506257
2993	6561	0.0491684
6560	6561	0.0491684
2668	6562	0.0653623
3189	6562	0.0653623
2564	6563	0.0495548
4706	6563	0.0495548
6562	6564	0.0460875
6563	6564	0.0460875
923	6565	0.0459313
6564	6565	0.0459313
6565	6566	0.0417323
1033	6566	0.0417323
4279	6567	0.11755
2055	6567	0.11755
2089	6568	0.111507
6567	6568	0.111507
4584	6569	0.0980768
6568	6569	0.0980768
6569	6570	0.0947648
212	6570	0.0947648
5610	6571	0.0690119
6570	6571	0.0690119
2214	6572	0.064789
6571	6572	0.064789
6572	6573	0.0507158
3579	6573	0.0507158
300	6574	0.0885613
1927	6574	0.0885613
2327	6575	0.103556
3033	6575	0.103556
4746	6576	0.109424
2790	6576	0.109424
2799	6577	0.0929582
4863	6577	0.0929582
6576	6578	0.0807152
2326	6578	0.0807152
6575	6579	0.0764088
6578	6579	0.0764088
6579	6580	0.0495712
4805	6580	0.0495712
6580	6581	0.0471823
5441	6581	0.0471823
218	6582	0.0453729
6581	6582	0.0453729
6577	6583	0.0428998
6582	6583	0.0428998
2881	6584	0.0461125
5165	6584	0.0461125
2420	6585	0.0580185
544	6585	0.0580185
6585	6586	0.054604
5023	6586	0.054604
6586	6587	0.0529644
2421	6587	0.0529644
6587	6588	0.046387
1423	6588	0.046387
6588	6589	0.0457508
2422	6589	0.0457508
3753	6590	0.0819242
2381	6590	0.0819242
6590	6591	0.0693953
5687	6591	0.0693953
6591	6592	0.0651954
2354	6592	0.0651954
6592	6593	0.0575022
2382	6593	0.0575022
1193	6594	0.056232
6593	6594	0.056232
3840	6595	0.0550682
6594	6595	0.0550682
6595	6596	0.0549923
5885	6596	0.0549923
635	6597	0.0622173
231	6597	0.0622173
6597	6598	0.0418857
1697	6598	0.0418857
2637	6599	0.0414494
6598	6599	0.0414494
252	6600	0.0850994
1894	6600	0.0850994
6600	6601	0.0423809
5058	6601	0.0423809
875	6602	0.0604461
3341	6602	0.0604461
5632	6603	0.0577046
6602	6603	0.0577046
6603	6604	0.0512946
296	6604	0.0512946
3884	6605	0.0635419
483	6605	0.0635419
271	6606	0.0754643
292	6606	0.0754643
6606	6607	0.0568854
4449	6607	0.0568854
6607	6608	0.0474675
453	6608	0.0474675
6608	6609	0.0417441
1436	6609	0.0417441
1209	6610	0.129086
3856	6610	0.129086
6610	6611	0.0489971
275	6611	0.0489971
6611	6612	0.0463724
3314	6612	0.0463724
2152	6613	0.0459045
6612	6613	0.0459045
277	6614	0.0724879
2185	6614	0.0724879
812	6615	0.0809623
1694	6615	0.0809623
6061	6616	0.0721575
6614	6616	0.0721575
6616	6617	0.0720488
2017	6617	0.0720488
2849	6618	0.069061
6615	6618	0.069061
6618	6619	0.0559594
1865	6619	0.0559594
4393	6620	0.0564947
392	6620	0.0564947
6617	6621	0.0546768
6620	6621	0.0546768
6619	6622	0.0520283
6621	6622	0.0520283
1500	6623	0.0475275
1715	6623	0.0475275
6623	6624	0.045939
1381	6624	0.045939
1906	6625	0.0538248
1055	6625	0.0538248
4622	6626	0.0550118
3956	6626	0.0550118
4374	6627	0.0784038
4271	6627	0.0784038
6627	6628	0.0424546
2023	6628	0.0424546
2024	6629	0.128808
914	6629	0.128808
4333	6630	0.111545
6629	6630	0.111545
6630	6631	0.0680469
301	6631	0.0680469
6631	6632	0.0627889
1582	6632	0.0627889
6632	6633	0.0504106
2403	6633	0.0504106
2724	6634	0.0742546
2723	6634	0.0742546
5988	6635	0.0735627
6634	6635	0.0735627
2887	6636	0.0693309
6635	6636	0.0693309
6636	6637	0.0424645
4200	6637	0.0424645
3646	6638	0.0487186
2243	6638	0.0487186
313	6639	0.0451762
6638	6639	0.0451762
6639	6640	0.043017
4676	6640	0.043017
1750	6641	0.236533
5140	6641	0.236533
5549	6642	0.0823097
2773	6642	0.0823097
1050	6643	0.0702109
5770	6643	0.0702109
6643	6644	0.0688975
6642	6644	0.0688975
2977	6645	0.0676678
6644	6645	0.0676678
4504	6646	0.0537932
3992	6646	0.0537932
6646	6647	0.0491294
3385	6647	0.0491294
4574	6648	0.0794202
2951	6648	0.0794202
6648	6649	0.0568908
3356	6649	0.0568908
6649	6650	0.0565294
4330	6650	0.0565294
6650	6651	0.0497254
426	6651	0.0497254
1873	6652	0.0482946
6651	6652	0.0482946
6652	6653	0.0434649
3178	6653	0.0434649
2355	6654	0.143996
4558	6654	0.143996
6654	6655	0.0798906
1959	6655	0.0798906
2588	6656	0.11679
894	6656	0.11679
6656	6657	0.103333
1174	6657	0.103333
814	6658	0.0813041
4411	6658	0.0813041
2898	6659	0.158697
3839	6659	0.158697
6659	6660	0.0917427
2335	6660	0.0917427
1175	6661	0.0770828
2061	6661	0.0770828
6657	6662	0.0681899
6661	6662	0.0681899
6662	6663	0.0630063
5281	6663	0.0630063
2743	6664	0.0699748
6658	6664	0.0699748
3628	6665	0.0751704
4658	6665	0.0751704
6665	6666	0.0727431
6045	6666	0.0727431
2478	6667	0.067032
6664	6667	0.067032
6667	6668	0.0590251
6666	6668	0.0590251
322	6669	0.0576169
6668	6669	0.0576169
6655	6670	0.0760594
555	6670	0.0760594
6670	6671	0.0712168
5236	6671	0.0712168
6663	6672	0.0529955
6669	6672	0.0529955
6672	6673	0.0464564
5468	6673	0.0464564
6673	6674	0.0448773
4199	6674	0.0448773
6671	6675	0.0479621
4427	6675	0.0479621
4150	6676	0.0497036
5941	6676	0.0497036
6674	6677	0.0432227
6676	6677	0.0432227
6660	6678	0.0429573
6677	6678	0.0429573
6675	6679	0.043786
686	6679	0.043786
6678	6680	0.0424231
6679	6680	0.0424231
1270	6681	0.0423652
6680	6681	0.0423652
1668	6682	0.0565598
4833	6682	0.0565598
331	6683	0.0540322
2267	6683	0.0540322
6683	6684	0.0461695
4648	6684	0.0461695
1628	6685	0.042102
6684	6685	0.042102
3971	6686	0.0991442
1674	6686	0.0991442
5925	6687	0.0652221
1083	6687	0.0652221
5395	6688	0.135468
2753	6688	0.135468
6688	6689	0.0795441
2339	6689	0.0795441
491	6690	0.0766479
6689	6690	0.0766479
2763	6691	0.0830488
2602	6691	0.0830488
6691	6692	0.0482261
5894	6692	0.0482261
6692	6693	0.0449614
969	6693	0.0449614
6693	6694	0.0433867
5590	6694	0.0433867
353	6695	0.0424922
471	6695	0.0424922
5393	6696	0.118886
4698	6696	0.118886
6696	6697	0.117298
360	6697	0.117298
2438	6698	0.100654
6697	6698	0.100654
2938	6699	0.100499
6698	6699	0.100499
6699	6700	0.0640042
685	6700	0.0640042
6700	6701	0.0416548
1177	6701	0.0416548
2950	6702	0.103659
366	6702	0.103659
1519	6703	0.0921721
5667	6703	0.0921721
6702	6704	0.0773882
1329	6704	0.0773882
6703	6705	0.0675655
6704	6705	0.0675655
6705	6706	0.0540538
3313	6706	0.0540538
1515	6707	0.0475883
367	6707	0.0475883
425	6708	0.0579496
1727	6708	0.0579496
4995	6709	0.0569228
6708	6709	0.0569228
2815	6710	0.0480584
872	6710	0.0480584
6709	6711	0.0420635
6710	6711	0.0420635
400	6712	0.0599169
3159	6712	0.0599169
1860	6713	0.0709979
3750	6713	0.0709979
6712	6714	0.052873
6713	6714	0.052873
1137	6715	0.0668353
402	6715	0.0668353
5116	6716	0.0649716
6715	6716	0.0649716
6716	6717	0.046624
655	6717	0.046624
1945	6718	0.0421849
6717	6718	0.0421849
3751	6719	0.0519138
1437	6719	0.0519138
6719	6720	0.0436038
416	6720	0.0436038
6720	6721	0.0430774
666	6721	0.0430774
598	6722	0.118918
4815	6722	0.118918
5327	6723	0.103711
1876	6723	0.103711
6723	6724	0.0781706
1545	6724	0.0781706
6722	6725	0.074713
6724	6725	0.074713
6725	6726	0.0661086
4216	6726	0.0661086
6726	6727	0.0501284
2374	6727	0.0501284
430	6728	0.0474713
5090	6728	0.0474713
2210	6729	0.0881134
5337	6729	0.0881134
4311	6730	0.0806369
6729	6730	0.0806369
6730	6731	0.0538981
450	6731	0.0538981
451	6732	0.100303
1698	6732	0.100303
6732	6733	0.0639411
4096	6733	0.0639411
6733	6734	0.0608634
1187	6734	0.0608634
527	6735	0.0479111
6734	6735	0.0479111
5290	6736	0.108945
3013	6736	0.108945
6736	6737	0.0734011
5657	6737	0.0734011
6737	6738	0.0606236
1700	6738	0.0606236
6738	6739	0.0586512
457	6739	0.0586512
4177	6740	0.107701
5585	6740	0.107701
6740	6741	0.0419413
2908	6741	0.0419413
6741	6742	0.0416082
1467	6742	0.0416082
731	6743	0.155241
3979	6743	0.155241
6743	6744	0.071422
3443	6744	0.071422
4735	6745	0.0921044
2507	6745	0.0921044
6745	6746	0.0872457
5999	6746	0.0872457
2293	6747	0.0688154
6746	6747	0.0688154
6744	6748	0.0663951
6747	6748	0.0663951
3642	6749	0.0658273
6748	6749	0.0658273
6749	6750	0.0615886
4266	6750	0.0615886
470	6751	0.0610173
6750	6751	0.0610173
6751	6752	0.0604015
4966	6752	0.0604015
6752	6753	0.0537513
3444	6753	0.0537513
1501	6754	0.0531073
6753	6754	0.0531073
6754	6755	0.052838
3776	6755	0.052838
480	6756	0.0791555
3555	6756	0.0791555
3224	6757	0.118287
5859	6757	0.118287
2184	6758	0.0591075
2519	6758	0.0591075
494	6759	0.0565629
6758	6759	0.0565629
717	6760	0.0491674
6759	6760	0.0491674
504	6761	0.0472088
2148	6761	0.0472088
4601	6762	0.0471067
6761	6762	0.0471067
510	6763	0.189629
3522	6763	0.189629
1199	6764	0.187311
6763	6764	0.187311
6764	6765	0.151387
6060	6765	0.151387
599	6766	0.0930819
520	6766	0.0930819
4493	6767	0.127596
1593	6767	0.127596
6767	6768	0.0827461
1704	6768	0.0827461
6768	6769	0.0696763
541	6769	0.0696763
710	6770	0.071446
2400	6770	0.071446
2582	6771	0.0710464
6770	6771	0.0710464
3841	6772	0.0572206
6771	6772	0.0572206
4234	6773	0.0554106
6772	6773	0.0554106
6773	6774	0.0544537
2628	6774	0.0544537
6774	6775	0.0530767
5411	6775	0.0530767
761	6776	0.0496663
5479	6776	0.0496663
3230	6777	0.102566
553	6777	0.102566
4492	6778	0.183574
3532	6778	0.183574
6778	6779	0.085865
922	6779	0.085865
3419	6780	0.0808033
6779	6780	0.0808033
6780	6781	0.0671347
2432	6781	0.0671347
5267	6782	0.0426653
4964	6782	0.0426653
2787	6783	0.170474
4961	6783	0.170474
2916	6784	0.150576
6783	6784	0.150576
3174	6785	0.145611
6784	6785	0.145611
2481	6786	0.137111
6785	6786	0.137111
3744	6787	0.14207
5088	6787	0.14207
6787	6788	0.0988209
1635	6788	0.0988209
750	6789	0.058877
566	6789	0.058877
6789	6790	0.0552142
5231	6790	0.0552142
6790	6791	0.0420539
1230	6791	0.0420539
6788	6792	0.0416916
6791	6792	0.0416916
1200	6793	0.0458785
3308	6793	0.0458785
575	6794	0.120096
5149	6794	0.120096
1360	6795	0.0655896
629	6795	0.0655896
4017	6796	0.128528
2442	6796	0.128528
4920	6797	0.0922092
639	6797	0.0922092
5841	6798	0.0582634
2944	6798	0.0582634
3437	6799	0.0630923
5849	6799	0.0630923
6798	6800	0.0579561
3981	6800	0.0579561
5020	6801	0.0578599
6800	6801	0.0578599
6801	6802	0.0569932
1901	6802	0.0569932
4834	6803	0.0559842
6802	6803	0.0559842
6799	6804	0.0530061
6803	6804	0.0530061
6804	6805	0.0509547
3435	6805	0.0509547
3105	6806	0.0496336
643	6806	0.0496336
5358	6807	0.0479866
6806	6807	0.0479866
3768	6808	0.174605
3570	6808	0.174605
5275	6809	0.172187
6808	6809	0.172187
6809	6810	0.103288
1465	6810	0.103288
6810	6811	0.0973458
1803	6811	0.0973458
6811	6812	0.085274
4252	6812	0.085274
6812	6813	0.0600999
4625	6813	0.0600999
6813	6814	0.0526174
4470	6814	0.0526174
3389	6815	0.0917124
2235	6815	0.0917124
6815	6816	0.0605953
959	6816	0.0605953
676	6816	0.0605953
6816	6817	0.0552426
965	6817	0.0552426
2656	6818	0.0506368
6817	6818	0.0506368
1821	6819	0.0724295
4141	6819	0.0724295
6819	6820	0.0552204
4258	6820	0.0552204
6820	6821	0.0517591
1914	6821	0.0517591
6821	6822	0.0446668
5850	6822	0.0446668
3876	6823	0.046301
682	6823	0.046301
2112	6824	0.090398
1987	6824	0.090398
6824	6825	0.0852165
2584	6825	0.0852165
6825	6826	0.0661086
718	6826	0.0661086
754	6827	0.152097
4127	6827	0.152097
1016	6828	0.0744668
758	6828	0.0744668
5709	6829	0.0562584
6828	6829	0.0562584
771	6830	0.0647837
3678	6830	0.0647837
3368	6831	0.0650037
776	6831	0.0650037
777	6832	0.0654777
1410	6832	0.0654777
3063	6833	0.0612644
6832	6833	0.0612644
1319	6834	0.432795
1096	6834	0.432795
6834	6835	0.130266
792	6835	0.130266
5716	6836	0.0978693
2740	6836	0.0978693
6836	6837	0.0970941
3353	6837	0.0970941
3567	6838	0.165029
3687	6838	0.165029
6838	6839	0.104311
5191	6839	0.104311
2014	6840	0.0834492
6837	6840	0.0834492
6840	6841	0.0674966
5983	6841	0.0674966
6839	6842	0.0639164
3607	6842	0.0639164
6841	6843	0.0615298
6842	6843	0.0615298
6843	6844	0.0487968
3456	6844	0.0487968
5431	6845	0.0422572
798	6845	0.0422572
1558	6846	0.0536814
3029	6846	0.0536814
4348	6847	0.0657204
4195	6847	0.0657204
805	6848	0.0646874
1581	6848	0.0646874
6847	6848	0.0646874
939	6849	0.239176
2439	6849	0.239176
993	6850	0.0743869
828	6850	0.0743869
6849	6851	0.0494918
2678	6851	0.0494918
5066	6851	0.0494918
3474	6851	0.0494918
6850	6852	0.0420644
6851	6852	0.0420644
1851	6853	0.148109
4201	6853	0.148109
5731	6854	0.240418
2066	6854	0.240418
2961	6855	0.0622811
3107	6855	0.0622811
3844	6856	0.0609143
870	6856	0.0609143
876	6857	0.056042
2216	6857	0.056042
1627	6858	0.0428982
901	6858	0.0428982
4307	6859	0.0711508
5392	6859	0.0711508
908	6860	0.0542496
6859	6860	0.0542496
2179	6861	0.0569496
3015	6861	0.0569496
6860	6862	0.0486239
6861	6862	0.0486239
6862	6863	0.0469319
4464	6863	0.0469319
940	6864	0.0626696
1612	6864	0.0626696
1215	6865	0.0502979
5760	6865	0.0502979
4764	6866	0.047407
6865	6866	0.047407
2050	6867	0.0439945
6866	6867	0.0439945
3038	6868	0.0439511
4354	6868	0.0439511
5945	6869	0.214637
3954	6869	0.214637
6869	6870	0.131534
3651	6870	0.131534
6870	6871	0.120446
3955	6871	0.120446
6871	6872	0.0712492
981	6872	0.0712492
6872	6873	0.0641804
971	6873	0.0641804
6873	6874	0.0590469
4106	6874	0.0590469
6874	6875	0.0450946
5836	6875	0.0450946
5057	6876	0.0607815
2366	6876	0.0607815
1642	6877	0.0419332
6876	6877	0.0419332
4339	6878	0.0421122
998	6878	0.0421122
1150	6879	0.041512
5723	6879	0.041512
3238	6880	0.0843083
4941	6880	0.0843083
6880	6881	0.0508397
5190	6881	0.0508397
1024	6882	0.0475785
6881	6882	0.0475785
1025	6883	0.0420771
3581	6883	0.0420771
4624	6884	0.195756
4539	6884	0.195756
6884	6885	0.103043
5767	6885	0.103043
6885	6886	0.0984189
3471	6886	0.0984189
6886	6887	0.0968327
2504	6887	0.0968327
6887	6888	0.0890473
1684	6888	0.0890473
6888	6889	0.0681195
2258	6889	0.0681195
5662	6890	0.0418551
1027	6890	0.0418551
4032	6891	0.0451831
1031	6891	0.0451831
5293	6892	0.0420831
1044	6892	0.0420831
5142	6893	0.0661619
4906	6893	0.0661619
2648	6894	0.0647534
6893	6894	0.0647534
5430	6895	0.0628996
6894	6895	0.0628996
6895	6896	0.0590898
1451	6896	0.0590898
4620	6897	0.102261
3712	6897	0.102261
6897	6898	0.0791929
1106	6898	0.0791929
5249	6899	0.0759217
6898	6899	0.0759217
1129	6900	0.114425
4489	6900	0.114425
6900	6901	0.0870931
4930	6901	0.0870931
6901	6902	0.065119
1859	6902	0.065119
6902	6903	0.0630148
1236	6903	0.0630148
4656	6904	0.0498319
6903	6904	0.0498319
6904	6905	0.0483043
4303	6905	0.0483043
6905	6906	0.0456145
5440	6906	0.0456145
6906	6907	0.0415799
1128	6907	0.0415799
3453	6908	0.0470568
1142	6908	0.0470568
6908	6909	0.0449995
4931	6909	0.0449995
1143	6910	0.206961
3619	6910	0.206961
3882	6911	0.0651841
2653	6911	0.0651841
6911	6912	0.0612844
2772	6912	0.0612844
5559	6913	0.0522736
6912	6913	0.0522736
6910	6914	0.0499874
2219	6914	0.0499874
6913	6915	0.0493994
6914	6915	0.0493994
4677	6916	0.0422078
5239	6916	0.0422078
6915	6916	0.0422078
4129	6917	0.0553846
4128	6917	0.0553846
2111	6918	0.057637
5881	6918	0.057637
2110	6919	0.0451131
4804	6919	0.0451131
3527	6920	0.0659392
1208	6920	0.0659392
3378	6921	0.0526875
2271	6921	0.0526875
6921	6922	0.0432911
1214	6922	0.0432911
3330	6923	0.0422197
4463	6923	0.0422197
2318	6924	0.170298
1227	6924	0.170298
5113	6925	0.15898
6924	6925	0.15898
3352	6926	0.136398
6925	6926	0.136398
4770	6927	0.0714454
5623	6927	0.0714454
1257	6928	0.1171
3906	6928	0.1171
6928	6929	0.0501126
3937	6929	0.0501126
5969	6930	0.0596482
5701	6930	0.0596482
1273	6931	0.0599212
2211	6931	0.0599212
6930	6932	0.0566957
6931	6932	0.0566957
5404	6933	0.0557293
6932	6933	0.0557293
6933	6934	0.0480007
5355	6934	0.0480007
5123	6935	0.0435882
2409	6935	0.0435882
5386	6936	0.0433948
6935	6936	0.0433948
1334	6937	0.0471402
5681	6937	0.0471402
2250	6938	0.0910879
2451	6938	0.0910879
6938	6939	0.0650329
5837	6939	0.0650329
5650	6940	0.0597898
6939	6940	0.0597898
6940	6941	0.051446
5035	6941	0.051446
3499	6942	0.0436085
1413	6942	0.0436085
2386	6943	0.077345
1445	6943	0.077345
6943	6944	0.0719206
1774	6944	0.0719206
1449	6945	0.113029
5981	6945	0.113029
6945	6946	0.0884911
2979	6946	0.0884911
4802	6947	0.0880566
5519	6947	0.0880566
6947	6948	0.0755775
1455	6948	0.0755775
6948	6949	0.0447699
1937	6949	0.0447699
2982	6950	0.0497811
3509	6950	0.0497811
5129	6951	0.1481
5158	6951	0.1481
6951	6952	0.124712
5135	6952	0.124712
3677	6953	0.151288
5187	6953	0.151288
6953	6954	0.128111
2417	6954	0.128111
5157	6955	0.112174
6952	6955	0.112174
2661	6956	0.0971726
6954	6956	0.0971726
6955	6957	0.0929217
6956	6957	0.0929217
6957	6958	0.041997
5938	6958	0.041997
4108	6959	0.0418129
6958	6959	0.0418129
5155	6960	0.0743631
4671	6960	0.0743631
3498	6961	0.0692572
3125	6961	0.0692572
3987	6962	0.061641
4221	6962	0.061641
6960	6962	0.061641
5200	6963	0.0552071
6962	6963	0.0552071
6963	6964	0.0472058
6961	6964	0.0472058
5292	6965	0.0826342
3896	6965	0.0826342
5621	6966	0.0512206
3398	6966	0.0512206
1525	6967	0.169902
2083	6967	0.169902
5234	6968	0.398988
4713	6968	0.398988
3681	6969	0.0799328
3577	6969	0.0799328
3034	6970	0.0716936
6969	6970	0.0716936
1665	6971	0.057087
5756	6971	0.057087
4545	6972	0.12168
3293	6972	0.12168
6972	6973	0.0878453
1636	6973	0.0878453
6973	6974	0.0847621
4981	6974	0.0847621
2075	6975	0.0826016
4359	6975	0.0826016
1649	6976	0.0511932
5253	6976	0.0511932
6975	6977	0.047567
6976	6977	0.047567
1657	6978	0.0483113
3715	6978	0.0483113
2682	6979	0.0415175
6978	6979	0.0415175
1772	6980	0.0726329
5177	6980	0.0726329
4382	6981	0.0439273
1692	6981	0.0439273
3387	6982	0.0471609
2816	6982	0.0471609
1706	6983	0.0469083
6982	6983	0.0469083
1711	6984	0.0684185
5522	6984	0.0684185
6984	6985	0.0675794
2899	6985	0.0675794
5204	6986	0.0997264
5289	6986	0.0997264
1828	6987	0.0991421
6986	6987	0.0991421
5238	6988	0.0418317
1724	6988	0.0418317
2396	6989	0.0557105
2443	6989	0.0557105
2157	6990	0.0429919
1812	6990	0.0429919
5516	6991	0.113811
5855	6991	0.113811
6991	6992	0.0617968
3864	6992	0.0617968
5773	6993	0.0548449
6992	6993	0.0548449
6993	6994	0.0437943
1822	6994	0.0437943
6994	6995	0.0428146
2435	6995	0.0428146
4218	6996	0.0842766
5073	6996	0.0842766
6996	6997	0.0749698
1870	6997	0.0749698
6997	6998	0.0445475
2510	6998	0.0445475
3448	6999	0.0911543
1895	6999	0.0911543
5564	7000	0.0748999
3686	7000	0.0748999
7000	7001	0.0563734
5102	7001	0.0563734
7001	7002	0.0548168
1954	7002	0.0548168
1989	7003	0.424181
3334	7003	0.424181
5876	7004	0.0545635
4877	7004	0.0545635
4066	7005	0.171639
2010	7005	0.171639
5570	7006	0.108182
2021	7006	0.108182
4263	7007	0.11348
4859	7007	0.11348
7007	7008	0.0549244
2471	7008	0.0549244
5826	7009	0.108344
2099	7009	0.108344
7009	7010	0.0688961
3972	7010	0.0688961
7010	7011	0.047796
3541	7011	0.047796
2750	7012	0.0927021
6065	7012	0.0927021
7012	7013	0.0775172
3752	7013	0.0775172
3574	7014	0.0610431
7013	7014	0.0610431
3846	7015	0.104971
3702	7015	0.104971
2145	7016	0.111827
3993	7016	0.111827
5734	7017	0.140138
5967	7017	0.140138
4447	7018	0.138554
7017	7018	0.138554
3145	7019	0.218137
5312	7019	0.218137
3696	7020	0.0414793
2218	7020	0.0414793
5717	7021	0.0439697
5269	7021	0.0439697
3544	7022	0.0515267
4521	7022	0.0515267
5558	7023	0.0895829
2323	7023	0.0895829
3685	7024	0.0634329
2838	7024	0.0634329
7023	7025	0.0543597
7024	7025	0.0543597
3749	7026	0.0449182
7025	7026	0.0449182
2337	7027	0.0600057
3064	7027	0.0600057
7027	7028	0.0464649
2722	7028	0.0464649
4410	7029	0.0540952
2341	7029	0.0540952
2352	7030	0.0417624
4282	7030	0.0417624
4712	7031	0.0416483
7030	7031	0.0416483
2364	7032	0.063143
4130	7032	0.063143
5284	7033	0.0899994
2497	7033	0.0899994
4132	7034	0.0790472
2502	7034	0.0790472
2683	7035	0.0456684
2511	7035	0.0456684
5587	7036	0.174328
2795	7036	0.174328
7036	7037	0.0972747
3350	7037	0.0972747
7037	7038	0.0555213
4695	7038	0.0555213
6043	7039	0.0838545
2840	7039	0.0838545
3515	7040	0.056195
4257	7040	0.056195
7040	7041	0.0477942
3514	7041	0.0477942
7041	7042	0.0438227
3513	7042	0.0438227
2915	7043	0.132773
4525	7043	0.132773
3897	7044	0.126981
7043	7044	0.126981
4957	7045	0.0414661
5936	7045	0.0414661
3019	7045	0.0414661
3197	7046	0.0826486
5092	7046	0.0826486
5874	7047	0.290605
5037	7047	0.290605
5629	7048	0.0640892
4260	7048	0.0640892
3808	7049	0.0552061
7048	7049	0.0552061
5952	7050	0.0951476
5829	7050	0.0951476
7050	7051	0.0437384
5875	7051	0.0437384
7051	7052	0.043233
4224	7052	0.043233
5620	7053	0.0414587
7052	7053	0.0414587
5784	7054	0.0529481
4687	7054	0.0529481
5529	7055	0.0419113
4360	7055	0.0419113
6522	7056	0.0383713
79	7056	0.0383713
1957	7057	0.0349415
7056	7057	0.0349415
7018	7058	0.0402175
2170	7058	0.0402175
3148	7059	0.0348872
7058	7059	0.0348872
1509	7060	0.0365754
413	7060	0.0365754
1952	7061	0.0314237
7060	7061	0.0314237
4169	7062	0.0304114
7061	7062	0.0304114
3265	7063	0.030239
7062	7063	0.030239
6348	7064	0.0359187
22	7064	0.0359187
3272	7065	0.0293798
7064	7065	0.0293798
4769	7066	0.0394779
2651	7066	0.0394779
1726	7067	0.0352831
2236	7067	0.0352831
7066	7068	0.0334388
7067	7068	0.0334388
6755	7069	0.0318049
7068	7069	0.0318049
6425	7070	0.0389528
3596	7070	0.0389528
6500	7071	0.0349023
7070	7071	0.0349023
5513	7072	0.0374301
6981	7072	0.0374301
7071	7073	0.029195
7072	7073	0.029195
2525	7074	0.028604
7073	7074	0.028604
2692	7075	0.0396843
6609	7075	0.0396843
7075	7076	0.035205
2225	7076	0.035205
3923	7077	0.0364658
6782	7077	0.0364658
6781	7078	0.0346771
7077	7078	0.0346771
2029	7079	0.0410067
6424	7079	0.0410067
391	7080	0.0409485
7079	7080	0.0409485
4589	7081	0.0408531
7080	7081	0.0408531
7081	7082	0.038483
1347	7082	0.038483
1756	7083	0.035596
7082	7083	0.035596
5287	7084	0.0352605
7083	7084	0.0352605
6714	7085	0.0387759
6805	7085	0.0387759
7085	7086	0.0359574
2674	7086	0.0359574
7086	7087	0.0335346
6807	7087	0.0335346
6974	7088	0.0321939
7087	7088	0.0321939
7088	7089	0.0313151
3778	7089	0.0313151
4788	7090	0.0290491
7089	7090	0.0290491
2984	7091	0.0332663
6909	7091	0.0332663
6889	7092	0.0399755
6890	7092	0.0399755
7092	7093	0.0310545
1486	7093	0.0310545
3309	7094	0.0354272
4176	7094	0.0354272
964	7095	0.035189
2796	7095	0.035189
4513	7096	0.0317799
4684	7096	0.0317799
2581	7097	0.0286446
7096	7097	0.0286446
854	7098	0.0406406
351	7098	0.0406406
6539	7099	0.0386459
7098	7099	0.0386459
7099	7100	0.0381276
3949	7100	0.0381276
7100	7101	0.0369553
3170	7101	0.0369553
1248	7102	0.0299383
2069	7102	0.0299383
7101	7103	0.0296445
7102	7103	0.0296445
6923	7104	0.0385184
1223	7104	0.0385184
1752	7105	0.0371352
6942	7105	0.0371352
6532	7106	0.0323544
7105	7106	0.0323544
4347	7107	0.0307212
7106	7107	0.0307212
5919	7108	0.0365345
7047	7108	0.0365345
4299	7109	0.0282583
5376	7109	0.0282583
6946	7110	0.0282229
7109	7110	0.0282229
701	7111	0.039193
442	7111	0.039193
1922	7112	0.0390221
7111	7112	0.0390221
6353	7113	0.0380105
6401	7113	0.0380105
7113	7114	0.0349819
1571	7114	0.0349819
7114	7115	0.0343831
2624	7115	0.0343831
5489	7116	0.0376053
4580	7116	0.0376053
7115	7117	0.0324502
7116	7117	0.0324502
6794	7118	0.0309161
3217	7118	0.0309161
6891	7119	0.036501
2891	7119	0.036501
3186	7120	0.0304163
5827	7120	0.0304163
7119	7121	0.0292798
7120	7121	0.0292798
7016	7122	0.0330414
4522	7122	0.0330414
3755	7123	0.0385597
867	7123	0.0385597
6999	7124	0.0400745
2224	7124	0.0400745
6936	7125	0.0387804
7124	7125	0.0387804
6601	7126	0.0378179
4754	7126	0.0378179
7125	7127	0.0369506
7126	7127	0.0369506
3959	7128	0.0360707
7127	7128	0.0360707
3740	7129	0.0358432
7128	7129	0.0358432
6844	7130	0.034521
4563	7130	0.034521
116	7131	0.0390653
6826	7131	0.0390653
5989	7132	0.0371782
175	7132	0.0371782
7131	7133	0.0343618
5412	7133	0.0343618
7132	7134	0.0340968
7133	7134	0.0340968
2822	7135	0.0413635
6269	7135	0.0413635
6276	7136	0.0404289
6845	7136	0.0404289
7136	7137	0.0366936
6278	7137	0.0366936
3963	7138	0.0362843
7137	7138	0.0362843
7138	7139	0.0352198
4368	7139	0.0352198
7135	7140	0.0349335
7139	7140	0.0349335
6280	7141	0.0399382
6297	7141	0.0399382
7141	7142	0.0384291
5286	7142	0.0384291
6299	7143	0.041206
6314	7143	0.041206
6298	7144	0.0411921
7143	7144	0.0411921
5384	7145	0.0398705
7144	7145	0.0398705
7142	7146	0.0383586
5939	7146	0.0383586
7145	7147	0.0382525
1735	7147	0.0382525
7146	7148	0.0381996
7147	7148	0.0381996
7148	7149	0.0380156
4924	7149	0.0380156
7149	7150	0.0379159
3372	7150	0.0379159
6766	7151	0.0384607
1075	7151	0.0384607
4350	7152	0.0379117
3560	7152	0.0379117
7150	7153	0.0378063
7151	7153	0.0378063
1896	7154	0.0376397
3538	7154	0.0376397
7153	7154	0.0376397
7152	7155	0.0375574
6950	7155	0.0375574
6300	7156	0.0364274
7154	7156	0.0364274
7156	7157	0.0361398
7155	7157	0.0361398
7157	7158	0.0358467
1817	7158	0.0358467
7158	7159	0.0355675
405	7159	0.0355675
2196	7160	0.0401848
6440	7160	0.0401848
7160	7161	0.0381183
879	7161	0.0381183
6429	7162	0.0351712
7161	7162	0.0351712
6432	7163	0.0348628
7162	7163	0.0348628
3589	7164	0.0387695
6453	7164	0.0387695
6452	7165	0.0382336
7164	7165	0.0382336
5216	7166	0.0394858
6566	7166	0.0394858
6561	7167	0.0389473
7166	7167	0.0389473
6558	7168	0.0388942
7167	7168	0.0388942
1229	7169	0.0393161
6793	7169	0.0393161
7168	7170	0.0380848
1030	7170	0.0380848
6854	7171	0.0374711
840	7171	0.0374711
7170	7172	0.0371274
7171	7172	0.0371274
7172	7173	0.0353068
617	7173	0.0353068
7165	7174	0.0352217
7173	7174	0.0352217
6711	7175	0.0350431
7174	7175	0.0350431
7169	7176	0.0345527
7175	7176	0.0345527
7176	7177	0.0341491
2508	7177	0.0341491
5976	7178	0.0372098
14	7178	0.0372098
7053	7179	0.037352
4223	7179	0.037352
7178	7180	0.0347519
7179	7180	0.0347519
2054	7181	0.0342465
7180	7181	0.0342465
636	7182	0.041293
6474	7182	0.041293
7182	7183	0.0406032
6550	7183	0.0406032
6547	7184	0.0404491
7183	7184	0.0404491
3101	7185	0.0402859
7184	7185	0.0402859
7185	7186	0.0391377
4296	7186	0.0391377
7186	7187	0.0344469
3545	7187	0.0344469
6383	7188	0.0411867
4781	7188	0.0411867
4956	7189	0.0409288
7188	7189	0.0409288
7189	7190	0.0408208
3249	7190	0.0408208
7190	7191	0.0408169
6633	7191	0.0408169
6718	7192	0.0405645
4895	7192	0.0405645
7191	7193	0.0393646
6685	7193	0.0393646
7193	7194	0.0388357
1861	7194	0.0388357
7194	7195	0.0386628
2978	7195	0.0386628
6445	7196	0.0380766
7195	7196	0.0380766
7196	7197	0.0378354
7192	7197	0.0378354
2976	7198	0.0410756
3613	7198	0.0410756
7197	7199	0.0349312
7198	7199	0.0349312
7199	7200	0.0348806
2101	7200	0.0348806
7200	7201	0.0347325
4011	7201	0.0347325
4531	7202	0.0346539
7201	7202	0.0346539
7202	7203	0.0343717
1513	7203	0.0343717
385	7204	0.0342301
7203	7204	0.0342301
7204	7205	0.0341687
3769	7205	0.0341687
7205	7206	0.0340483
5105	7206	0.0340483
239	7207	0.0393181
6422	7207	0.0393181
7207	7208	0.0375093
5820	7208	0.0375093
2829	7209	0.0399079
6497	7209	0.0399079
7209	7210	0.0399011
5958	7210	0.0399011
354	7211	0.0374751
7210	7211	0.0374751
2641	7212	0.0364196
7211	7212	0.0364196
6411	7213	0.0372387
7208	7213	0.0372387
3027	7214	0.0365905
7213	7214	0.0365905
7212	7215	0.0351467
7214	7215	0.0351467
7215	7216	0.0350171
5595	7216	0.0350171
2205	7217	0.0348275
7216	7217	0.0348275
7217	7218	0.0345487
782	7218	0.0345487
4512	7219	0.0343195
2087	7219	0.0343195
6337	7220	0.0406863
1977	7220	0.0406863
6384	7221	0.0389299
521	7221	0.0389299
4055	7222	0.0376151
7221	7222	0.0376151
4314	7223	0.0375205
7222	7223	0.0375205
89	7224	0.03748
7223	7224	0.03748
7220	7225	0.0372899
7224	7225	0.0372899
7225	7226	0.0359202
1243	7226	0.0359202
7226	7227	0.0351467
1062	7227	0.0351467
6857	7228	0.0407247
2177	7228	0.0407247
6858	7229	0.0355084
7228	7229	0.0355084
7229	7230	0.0353126
1517	7230	0.0353126
6342	7231	0.0379324
3154	7231	0.0379324
7231	7232	0.0355626
5899	7232	0.0355626
4884	7233	0.0390802
1659	7233	0.0390802
2713	7234	0.0358389
4566	7234	0.0358389
6596	7235	0.0392019
6599	7235	0.0392019
2175	7236	0.038716
7235	7236	0.038716
7236	7237	0.0386769
4168	7237	0.0386769
7237	7238	0.0383786
2383	7238	0.0383786
7238	7239	0.0349445
5882	7239	0.0349445
5933	7240	0.0357083
6879	7240	0.0357083
6393	7241	0.0397451
456	7241	0.0397451
7241	7242	0.0366153
1495	7242	0.0366153
3504	7243	0.0367199
6979	7243	0.0367199
7242	7244	0.0364512
7243	7244	0.0364512
7244	7245	0.0351664
842	7245	0.0351664
7245	7246	0.0344989
2527	7246	0.0344989
6503	7247	0.0404833
4630	7247	0.0404833
6867	7248	0.0393187
6878	7248	0.0393187
6521	7249	0.0393038
7248	7249	0.0393038
7249	7250	0.0381039
6907	7250	0.0381039
3266	7251	0.0365686
1305	7251	0.0365686
3281	7252	0.03576
7251	7252	0.03576
115	7253	0.0354727
7252	7253	0.0354727
299	7254	0.0402371
6536	7254	0.0402371
7254	7255	0.0374722
6701	7255	0.0374722
7255	7256	0.0359776
137	7256	0.0359776
7256	7257	0.0354141
5193	7257	0.0354141
6831	7258	0.0399723
3461	7258	0.0399723
3766	7259	0.0365705
7258	7259	0.0365705
2138	7260	0.0363558
6545	7260	0.0363558
7260	7261	0.0361249
6637	7261	0.0361249
1548	7261	0.0361249
3714	7262	0.0350279
7261	7262	0.0350279
6647	7263	0.0364348
2242	7263	0.0364348
847	7264	0.0409437
6694	7264	0.0409437
7264	7265	0.0391532
2413	7265	0.0391532
6687	7266	0.0385665
7265	7266	0.0385665
1763	7267	0.0385209
7266	7267	0.0385209
7267	7268	0.0378853
1157	7268	0.0378853
1505	7269	0.0376952
7268	7269	0.0376952
4351	7270	0.036225
7269	7270	0.036225
2706	7271	0.0357996
7270	7271	0.0357996
6690	7272	0.0354962
7271	7272	0.0354962
6645	7273	0.0376225
6653	7273	0.0376225
7273	7274	0.0362369
4075	7274	0.0362369
7274	7275	0.0354082
1879	7275	0.0354082
2556	7276	0.0350215
7275	7276	0.0350215
6622	7277	0.0388091
3458	7277	0.0388091
6706	7278	0.0405166
3206	7278	0.0405166
7277	7279	0.0377272
7278	7279	0.0377272
6990	7280	0.0383803
3401	7280	0.0383803
6681	7281	0.0374886
7280	7281	0.0374886
7279	7282	0.0369232
7281	7282	0.0369232
1484	7283	0.0361851
7282	7283	0.0361851
7283	7284	0.0357963
4414	7284	0.0357963
7284	7285	0.0349551
2966	7285	0.0349551
4285	7286	0.0347864
7285	7286	0.0347864
4881	7287	0.0342024
7286	7287	0.0342024
6553	7288	0.0406228
3121	7288	0.0406228
6882	7289	0.0402337
5323	7289	0.0402337
7288	7290	0.0397451
7289	7290	0.0397451
1716	7291	0.0355268
2278	7291	0.0355268
7290	7292	0.0350471
5652	7292	0.0350471
7291	7293	0.0344523
7292	7293	0.0344523
2774	7294	0.034263
7293	7294	0.034263
6589	7295	0.0412708
722	7295	0.0412708
6604	7296	0.0385615
5452	7296	0.0385615
2135	7297	0.0371512
478	7297	0.0371512
4867	7298	0.036341
6640	7298	0.036341
1340	7299	0.0379868
5370	7299	0.0379868
5724	7300	0.0362509
7299	7300	0.0362509
6727	7301	0.0403826
2552	7301	0.0403826
7301	7302	0.0371723
7011	7302	0.0371723
7302	7303	0.0353513
427	7303	0.0353513
6735	7304	0.0398849
6983	7304	0.0398849
6739	7305	0.0353524
3166	7305	0.0353524
1490	7306	0.0397851
5661	7306	0.0397851
2830	7307	0.0360175
7306	7307	0.0360175
6792	7308	0.0394004
3641	7308	0.0394004
7308	7309	0.0383997
6852	7309	0.0383997
7309	7310	0.0345369
4048	7310	0.0345369
2871	7311	0.0354874
1036	7311	0.0354874
2389	7312	0.0352312
580	7312	0.0352312
7311	7313	0.0343529
7312	7313	0.0343529
6822	7314	0.0406753
3762	7314	0.0406753
6846	7315	0.0370389
4841	7315	0.0370389
7315	7316	0.0342527
3858	7316	0.0342527
3939	7317	0.0402299
4143	7317	0.0402299
7317	7318	0.0341961
1350	7318	0.0341961
6868	7319	0.0353468
4991	7319	0.0353468
7319	7320	0.0350652
4243	7320	0.0350652
4538	7320	0.0350652
6014	7320	0.0350652
7320	7321	0.0349147
4817	7321	0.0349147
6916	7322	0.0342161
3618	7322	0.0342161
7004	7323	0.03722
3050	7323	0.03722
4883	7324	0.0350034
3492	7324	0.0350034
6937	7325	0.0401385
3136	7325	0.0401385
6959	7326	0.0374167
6964	7326	0.0374167
1941	7327	0.0364844
7326	7327	0.0364844
3315	7328	0.0371828
5965	7328	0.0371828
7328	7329	0.03661
6977	7329	0.03661
7329	7330	0.0350292
2577	7330	0.0350292
2287	7331	0.0347578
2896	7331	0.0347578
7022	7332	0.039082
3168	7332	0.039082
7332	7333	0.0349849
4520	7333	0.0349849
6001	7334	0.0359981
4992	7334	0.0359981
7129	7335	0.0339601
7130	7335	0.0339601
3898	7336	0.0332298
7335	7336	0.0332298
2832	7337	0.0336372
7316	7337	0.0336372
7123	7338	0.0323653
7337	7338	0.0323653
590	7339	0.033844
7134	7339	0.033844
7339	7340	0.0333806
7140	7340	0.0333806
7340	7341	0.0331529
7333	7341	0.0331529
7341	7342	0.0324229
3194	7342	0.0324229
7338	7343	0.0315351
7342	7343	0.0315351
1917	7344	0.0314684
7343	7344	0.0314684
7344	7345	0.0314485
3556	7345	0.0314485
7345	7346	0.0314351
2314	7346	0.0314351
4532	7347	0.0313241
7346	7347	0.0313241
7187	7348	0.0320001
278	7348	0.0320001
1705	7349	0.0322585
7250	7349	0.0322585
824	7350	0.0326444
7300	7350	0.0326444
7163	7351	0.0325087
7350	7351	0.0325087
2144	7352	0.030874
7351	7352	0.030874
7303	7353	0.0334283
445	7353	0.0334283
2378	7354	0.0333858
7353	7354	0.0333858
7272	7355	0.033082
7354	7355	0.033082
7355	7356	0.0319786
1753	7356	0.0319786
7263	7357	0.0335777
7276	7357	0.0335777
455	7358	0.0330142
7357	7358	0.0330142
1975	7359	0.0326134
7358	7359	0.0326134
7359	7360	0.0320603
2308	7360	0.0320603
7360	7361	0.0319554
3395	7361	0.0319554
7361	7362	0.03157
4184	7362	0.03157
1713	7363	0.032428
2368	7363	0.032428
6686	7364	0.0329298
7206	7364	0.0329298
2200	7364	0.0329298
7364	7365	0.0321466
3161	7365	0.0321466
4367	7366	0.0320786
543	7366	0.0320786
7365	7367	0.0320529
7366	7367	0.0320529
7367	7368	0.0310334
4261	7368	0.0310334
7239	7369	0.033435
2667	7369	0.033435
7369	7370	0.0323849
7240	7370	0.0323849
7287	7371	0.0337763
7307	7371	0.0337763
565	7371	0.0337763
3982	7372	0.0334461
7371	7372	0.0334461
7159	7373	0.0338022
7294	7373	0.0338022
6407	7374	0.0338782
7218	7374	0.0338782
4846	7375	0.0337001
7374	7375	0.0337001
7375	7376	0.0336121
1996	7376	0.0336121
7376	7377	0.0335804
2718	7377	0.0335804
7377	7378	0.0331364
3215	7378	0.0331364
7227	7379	0.0338322
7324	7379	0.0338322
7323	7380	0.0336974
7379	7380	0.0336974
6980	7381	0.0333154
7380	7381	0.0333154
3960	7382	0.03298
7381	7382	0.03298
7246	7383	0.0336462
5048	7383	0.0336462
7253	7384	0.0337414
7257	7384	0.0337414
6546	7385	0.0336078
7318	7385	0.0336078
3958	7386	0.0335078
7385	7386	0.0335078
5492	7387	0.0329985
7384	7387	0.0329985
7387	7388	0.0329029
7386	7388	0.0329029
2053	7389	0.033959
7247	7389	0.033959
7389	7390	0.0337432
7334	7390	0.0337432
7390	7391	0.0336834
2169	7391	0.0336834
6998	7392	0.0327446
6922	7392	0.0327446
7304	7393	0.0327042
7392	7393	0.0327042
5207	7394	0.0333285
5011	7394	0.0333285
7373	7395	0.0326732
7298	7395	0.0326732
7372	7396	0.0323556
7395	7396	0.0323556
7383	7396	0.0323556
1493	7396	0.0323556
7378	7397	0.032325
5867	7397	0.032325
7396	7398	0.0322688
7305	7398	0.0322688
7397	7398	0.0322688
7394	7398	0.0322688
7177	7399	0.0319995
7398	7399	0.0319995
7399	7400	0.0318107
2892	7400	0.0318107
7297	7401	0.0318004
7400	7401	0.0318004
4540	7402	0.0317878
7401	7402	0.0317878
7402	7403	0.0317612
2649	7403	0.0317612
7388	7404	0.0322775
7391	7404	0.0322775
7403	7405	0.0316943
2096	7405	0.0316943
4160	7406	0.0316528
7405	7406	0.0316528
7406	7407	0.0316412
4690	7407	0.0316412
7407	7408	0.0313922
376	7408	0.0313922
7393	7409	0.031298
7408	7409	0.031298
7382	7410	0.0312618
7409	7410	0.0312618
7410	7411	0.0310334
4679	7411	0.0310334
3815	7412	0.0309526
7411	7412	0.0309526
7412	7413	0.0307965
7404	7413	0.0307965
3654	7413	0.0307965
7232	7414	0.0334979
6347	7414	0.0334979
7230	7415	0.0333022
7414	7415	0.0333022
7415	7416	0.0330993
5640	7416	0.0330993
7416	7417	0.0330789
7331	7417	0.0330789
7417	7418	0.0325975
4331	7418	0.0325975
7233	7419	0.0332754
466	7419	0.0332754
3339	7420	0.0314772
7419	7420	0.0314772
7295	7421	0.0308668
2419	7421	0.0308668
6682	7422	0.0323112
324	7422	0.0323112
341	7423	0.0332885
5338	7423	0.0332885
434	7424	0.0338087
3797	7424	0.0338087
2213	7425	0.0315232
7424	7425	0.0315232
4748	7426	0.0322285
4888	7426	0.0322285
545	7427	0.0309781
7426	7427	0.0309781
6786	7428	0.0319577
7310	7428	0.0319577
3713	7429	0.0331596
7313	7429	0.0331596
7314	7430	0.0333082
678	7430	0.0333082
7321	7431	0.0331583
2037	7431	0.0331583
1522	7432	0.0330347
7431	7432	0.0330347
7432	7433	0.0323568
953	7433	0.0323568
7322	7434	0.0319945
7330	7434	0.0319945
1195	7435	0.0333691
6066	7435	0.0333691
7327	7436	0.0332131
1459	7436	0.0332131
7436	7437	0.0321197
1786	7437	0.0321197
4623	7438	0.0339106
5892	7438	0.0339106
4569	7439	0.0314212
4570	7439	0.0314212
3434	7440	0.0307044
7428	7440	0.0307044
4955	7441	0.0298853
7440	7441	0.0298853
6818	7442	0.0303196
3222	7442	0.0303196
2097	7443	0.030271
7356	7443	0.030271
7418	7444	0.0299835
4323	7444	0.0299835
7336	7445	0.0306843
3667	7445	0.0306843
2801	7446	0.0302011
7445	7446	0.0302011
7348	7447	0.0303162
4907	7447	0.0303162
7296	7448	0.0305272
7347	7448	0.0305272
866	7449	0.0304785
7448	7449	0.0304785
7262	7450	0.0306979
7370	7450	0.0306979
7413	7451	0.0306408
7433	7451	0.0306408
7451	7452	0.0305327
2720	7452	0.0305327
7452	7453	0.0305077
3659	7453	0.0305077
7453	7454	0.0304658
2001	7454	0.0304658
7450	7455	0.0304413
7454	7455	0.0304413
2576	7456	0.0305542
7430	7456	0.0305542
7456	7457	0.0304307
7421	7457	0.0304307
7449	7458	0.030424
7368	7458	0.030424
7455	7458	0.030424
7457	7458	0.030424
7458	7459	0.0303844
5748	7459	0.0303844
7459	7460	0.0303565
2852	7460	0.0303565
7460	7461	0.0303297
7439	7461	0.0303297
6477	7462	0.0302713
7461	7462	0.0302713
7462	7463	0.0302104
7429	7463	0.0302104
7463	7464	0.0302021
1014	7464	0.0302021
7464	7465	0.0301847
7026	7465	0.0301847
7465	7466	0.0301667
4536	7466	0.0301667
6941	7467	0.0300905
7466	7467	0.0300905
4192	7468	0.0302145
2359	7468	0.0302145
7467	7469	0.030088
7425	7469	0.030088
7469	7470	0.0300696
1076	7470	0.0300696
7470	7471	0.0300608
7468	7471	0.0300608
2627	7472	0.0300592
7471	7472	0.0300592
7472	7473	0.0299798
4952	7473	0.0299798
7219	7474	0.0298482
7473	7474	0.0298482
7474	7475	0.0298262
6944	7475	0.0298262
7042	7476	0.0298009
7475	7476	0.0298009
1323	7477	0.0297825
7476	7477	0.0297825
7234	7478	0.0297777
7477	7478	0.0297777
6853	7479	0.0297693
7478	7479	0.0297693
7447	7480	0.0297644
7479	7480	0.0297644
7480	7481	0.029733
158	7481	0.029733
7446	7482	0.0296953
7481	7482	0.0296953
7363	7483	0.0296871
7482	7483	0.0296871
7483	7484	0.0296773
5791	7484	0.0296773
2039	7485	0.0296687
7181	7485	0.0296687
7484	7485	0.0296687
202	7486	0.0296493
7485	7486	0.0296493
7486	7487	0.0296323
3756	7487	0.0296323
7362	7488	0.0296246
7487	7488	0.0296246
7352	7489	0.029604
7488	7489	0.029604
7349	7490	0.0296019
7489	7490	0.0296019
7490	7491	0.0295394
2139	7491	0.0295394
7491	7492	0.0295282
6008	7492	0.0295282
714	7493	0.0302351
7420	7493	0.0302351
3991	7494	0.0306622
220	7494	0.0306622
7493	7495	0.030181
7494	7495	0.030181
7427	7496	0.0302802
518	7496	0.0302802
6929	7497	0.0305704
7438	7497	0.0305704
7497	7498	0.0304604
3328	7498	0.0304604
7444	7499	0.0294186
7435	7499	0.0294186
7019	7500	0.0293502
7499	7500	0.0293502
7500	7501	0.0293039
7496	7501	0.0293039
5103	7502	0.0295153
7492	7502	0.0295153
7502	7503	0.0294974
5488	7503	0.0294974
1578	7504	0.0294941
7503	7504	0.0294941
7504	7505	0.0294246
245	7505	0.0294246
7443	7506	0.0293926
7505	7506	0.0293926
3684	7506	0.0293926
7423	7506	0.0293926
7506	7507	0.0293686
7498	7507	0.0293686
7507	7508	0.0293362
4720	7508	0.0293362
7442	7509	0.0292397
7508	7509	0.0292397
3299	7510	0.0292391
7509	7510	0.0292391
7510	7511	0.029228
1089	7511	0.029228
7495	7512	0.0293677
7325	7512	0.0293677
7511	7513	0.0291899
7422	7513	0.0291899
7513	7514	0.0291227
5435	7514	0.0291227
7514	7515	0.0291166
647	7515	0.0291166
7515	7516	0.0290044
1770	7516	0.0290044
7441	7517	0.0289456
7516	7517	0.0289456
7512	7517	0.0289456
7517	7518	0.028944
4908	7518	0.028944
7518	7519	0.0289222
4913	7519	0.0289222
7519	7520	0.0289076
1999	7520	0.0289076
7520	7521	0.0288774
829	7521	0.0288774
7521	7522	0.02884
7437	7522	0.02884
7522	7523	0.0287799
5002	7523	0.0287799
4649	7524	0.0287762
7523	7524	0.0287762
6613	7525	0.0287389
7524	7525	0.0287389
7525	7526	0.0287384
1656	7526	0.0287384
7526	7527	0.028721
2827	7527	0.028721
5800	7528	0.0287136
7527	7528	0.0287136
4880	7529	0.0286964
7528	7529	0.0286964
7529	7530	0.0286916
7434	7530	0.0286916
5840	7531	0.0286902
7530	7531	0.0286902
7531	7532	0.0286708
1673	7532	0.0286708
7259	7533	0.0285914
7532	7533	0.0285914
3593	7534	0.0285615
7533	7534	0.0285615
3861	7535	0.0285462
7534	7535	0.0285462
7501	7536	0.0285064
7535	7536	0.0285064
4133	7536	0.0285064
7536	7537	0.0284443
4325	7537	0.0284443
7537	7538	0.0284246
4603	7538	0.0284246
4518	7539	0.0283766
7538	7539	0.0283766
7539	7540	0.0283453
3782	7540	0.0283453
7540	7541	0.0283294
4916	7541	0.0283294
7541	7542	0.028325
4022	7542	0.028325
7542	7543	0.0283174
3008	7543	0.0283174
7543	7544	0.0282839
1986	7544	0.0282839
6855	7545	0.0282282
7544	7545	0.0282282
2065	7546	0.0370873
2861	7546	0.0370873
2030	7547	0.0360981
7546	7547	0.0360981
6354	7548	0.0323194
26	7548	0.0323194
7548	7549	0.0300007
6875	7549	0.0300007
1354	7550	0.0367196
340	7550	0.0367196
1503	7551	0.036462
7550	7551	0.036462
4999	7552	0.0300555
737	7552	0.0300555
482	7553	0.0314357
38	7553	0.0314357
7553	7554	0.0292983
1240	7554	0.0292983
3872	7555	0.0288966
7554	7555	0.0288966
1544	7556	0.0300571
43	7556	0.0300571
6760	7557	0.0345924
1611	7557	0.0345924
2191	7558	0.0295855
7557	7558	0.0295855
6442	7559	0.039359
56	7559	0.039359
7559	7560	0.0391221
3615	7560	0.0391221
1799	7561	0.0351526
7560	7561	0.0351526
1352	7562	0.0349091
7561	7562	0.0349091
7562	7563	0.0339463
4198	7563	0.0339463
5148	7564	0.0410296
3602	7564	0.0410296
7564	7565	0.0381879
4255	7565	0.0381879
7565	7566	0.0328446
2548	7566	0.0328446
6573	7567	0.0327928
190	7567	0.0327928
7566	7568	0.0325155
7567	7568	0.0325155
4516	7569	0.0323122
7568	7569	0.0323122
7563	7570	0.0322191
7569	7570	0.0322191
3285	7571	0.0319444
7570	7571	0.0319444
7571	7572	0.0301524
675	7572	0.0301524
7572	7573	0.0288532
4180	7573	0.0288532
6451	7574	0.0396469
2516	7574	0.0396469
3460	7575	0.035697
7574	7575	0.035697
6795	7576	0.0353336
1361	7576	0.0353336
6728	7577	0.0333456
7576	7577	0.0333456
7575	7578	0.0330906
7577	7578	0.0330906
7049	7579	0.0318498
4862	7579	0.0318498
4283	7580	0.0291754
7579	7580	0.0291754
6917	7581	0.0290804
7580	7581	0.0290804
890	7582	0.0316821
495	7582	0.0316821
4772	7583	0.0304965
7582	7583	0.0304965
7583	7584	0.0303636
84	7584	0.0303636
5953	7585	0.0300217
7584	7585	0.0300217
6987	7586	0.0385366
4958	7586	0.0385366
3962	7586	0.0385366
6529	7587	0.0407444
1154	7587	0.0407444
7587	7588	0.0403805
1723	7588	0.0403805
5031	7589	0.0380511
7588	7589	0.0380511
7589	7590	0.0380373
4953	7590	0.0380373
7590	7591	0.0334881
3951	7591	0.0334881
7591	7592	0.0322967
3312	7592	0.0322967
7592	7593	0.0306304
1481	7593	0.0306304
7586	7594	0.0294379
7593	7594	0.0294379
7594	7595	0.0293113
3843	7595	0.0293113
6530	7596	0.0410932
3827	7596	0.0410932
6537	7597	0.0369734
5877	7597	0.0369734
7597	7598	0.0336624
5078	7598	0.0336624
6742	7599	0.0295436
168	7599	0.0295436
6554	7600	0.0352687
4471	7600	0.0352687
7600	7601	0.0344642
179	7601	0.0344642
6555	7602	0.0314649
6020	7602	0.0314649
7006	7603	0.0376083
5986	7603	0.0376083
4503	7604	0.0330241
7603	7604	0.0330241
197	7605	0.0329883
4054	7605	0.0329883
7604	7605	0.0329883
2059	7606	0.0312069
7605	7606	0.0312069
7606	7607	0.0295362
2401	7607	0.0295362
7607	7608	0.0291881
2049	7608	0.0291881
381	7609	0.036353
213	7609	0.036353
7609	7610	0.0362426
5708	7610	0.0362426
6574	7611	0.0347253
3614	7611	0.0347253
7610	7612	0.0310295
5831	7612	0.0310295
7611	7613	0.030794
7612	7613	0.030794
6583	7614	0.0391672
1955	7614	0.0391672
5423	7614	0.0391672
3764	7615	0.036092
7614	7615	0.036092
229	7616	0.0353054
7615	7616	0.0353054
7616	7617	0.0311812
987	7617	0.0311812
3002	7617	0.0311812
6624	7618	0.0358189
286	7618	0.0358189
6626	7619	0.0356039
2558	7619	0.0356039
4790	7620	0.0400404
3091	7620	0.0400404
6628	7621	0.0283019
295	7621	0.0283019
333	7622	0.0296088
2769	7622	0.0296088
359	7623	0.0317953
4728	7623	0.0317953
1020	7624	0.0343476
3781	7624	0.0343476
4590	7625	0.0376531
6707	7625	0.0376531
7624	7626	0.0338071
7625	7626	0.0338071
7626	7627	0.0296754
5884	7627	0.0296754
6721	7628	0.0399597
505	7628	0.0399597
7628	7629	0.038161
1397	7629	0.038161
3548	7630	0.0365975
7629	7630	0.0365975
3406	7631	0.0357453
7630	7631	0.0357453
5775	7632	0.0338736
2778	7632	0.0338736
3653	7633	0.030323
7632	7633	0.030323
7633	7634	0.0291626
836	7634	0.0291626
4502	7635	0.0366481
4499	7635	0.0366481
7635	7636	0.0326948
4794	7636	0.0326948
1316	7637	0.033917
4526	7637	0.033917
7637	7638	0.0324137
484	7638	0.0324137
7636	7639	0.0321823
7638	7639	0.0321823
1550	7640	0.0352882
5543	7640	0.0352882
7640	7641	0.0315458
3375	7641	0.0315458
6775	7642	0.039359
5633	7642	0.039359
7642	7643	0.0382402
1473	7643	0.0382402
7643	7644	0.0324651
1061	7644	0.0324651
7035	7645	0.0373808
5508	7645	0.0373808
559	7646	0.0350532
7645	7646	0.0350532
5328	7647	0.0327869
7646	7647	0.0327869
7647	7648	0.0318165
5222	7648	0.0318165
7021	7649	0.0403549
5771	7649	0.0403549
7649	7650	0.0374486
5362	7650	0.0374486
7650	7651	0.0334604
5946	7651	0.0334604
7651	7652	0.031352
5891	7652	0.031352
7652	7653	0.0304856
2221	7653	0.0304856
573	7654	0.0282785
1693	7654	0.0282785
1052	7655	0.0406744
4571	7655	0.0406744
7655	7656	0.0357183
4474	7656	0.0357183
631	7657	0.0345155
7656	7657	0.0345155
3584	7658	0.0343574
7657	7658	0.0343574
7658	7659	0.0323957
1283	7659	0.0323957
6988	7660	0.0319138
7659	7660	0.0319138
7660	7661	0.0296051
2183	7661	0.0296051
3657	7662	0.030323
704	7662	0.030323
6829	7663	0.0393689
4947	7663	0.0393689
5908	7664	0.0411147
5832	7664	0.0411147
6848	7665	0.0282885
4366	7665	0.0282885
3324	7666	0.0319522
846	7666	0.0319522
968	7667	0.039508
4156	7667	0.039508
3023	7668	0.0389816
4494	7668	0.0389816
6883	7669	0.0315682
7668	7669	0.0315682
4373	7670	0.0353934
3585	7670	0.0353934
6877	7671	0.0411378
995	7671	0.0411378
3209	7672	0.0291477
1010	7672	0.0291477
5871	7673	0.0286061
5909	7673	0.0286061
6023	7674	0.0286007
7673	7674	0.0286007
6899	7675	0.0389006
3649	7675	0.0389006
1138	7676	0.0392287
1758	7676	0.0392287
6970	7677	0.0364104
7676	7677	0.0364104
6971	7678	0.0402732
2953	7678	0.0402732
7678	7679	0.0362784
5536	7679	0.0362784
7679	7680	0.0360115
5906	7680	0.0360115
7680	7681	0.035144
3546	7681	0.035144
7681	7682	0.0340099
3112	7682	0.0340099
7677	7683	0.0336202
1617	7683	0.0336202
7682	7683	0.0336202
7683	7684	0.0328798
5781	7684	0.0328798
1829	7685	0.0295086
7684	7685	0.0295086
2569	7686	0.0340391
1925	7686	0.0340391
6918	7687	0.0292359
5821	7687	0.0292359
4672	7688	0.0383503
3701	7688	0.0383503
1382	7689	0.0404099
6995	7689	0.0404099
1387	7690	0.0310334
3918	7690	0.0310334
3603	7691	0.0307585
7690	7691	0.0307585
4173	7692	0.030666
7691	7692	0.030666
1725	7693	0.0295603
7692	7693	0.0295603
6949	7694	0.0407695
5335	7694	0.0407695
2315	7695	0.0397673
3438	7695	0.0397673
5331	7696	0.0353736
7695	7696	0.0353736
7696	7697	0.0303526
4089	7697	0.0303526
6966	7698	0.0284122
7697	7698	0.0284122
1685	7699	0.0296584
3195	7699	0.0296584
1738	7700	0.0355368
3775	7700	0.0355368
2643	7701	0.0303864
1748	7701	0.0303864
2646	7702	0.0290633
7701	7702	0.0290633
4779	7703	0.034718
1825	7703	0.034718
5793	7704	0.0315487
7703	7704	0.0315487
3547	7705	0.0286402
7704	7705	0.0286402
1866	7706	0.030218
4893	7706	0.030218
7002	7707	0.0285965
3968	7707	0.0285965
7014	7708	0.0382508
4585	7708	0.0382508
7708	7709	0.0360683
5735	7709	0.0360683
2116	7710	0.0377253
2589	7710	0.0377253
3783	7711	0.0330053
7710	7711	0.0330053
4029	7712	0.0372408
7020	7712	0.0372408
4485	7713	0.0289829
3337	7713	0.0289829
7039	7714	0.0295187
4302	7714	0.0295187
4052	7715	0.0293502
2959	7715	0.0293502
5021	7716	0.0319853
3344	7716	0.0319853
3104	7717	0.0371122
5336	7717	0.0371122
4814	7718	0.0344139
4079	7718	0.0344139
7558	7719	0.0268325
5054	7719	0.0268325
7664	7720	0.0257588
766	7720	0.0257588
2758	7721	0.0240783
7720	7721	0.0240783
1104	7722	0.0273021
7694	7722	0.0273021
7722	7723	0.025098
4381	7723	0.025098
7084	7724	0.0268261
7601	7724	0.0268261
3554	7725	0.0262136
7724	7725	0.0262136
7091	7726	0.0259763
3429	7726	0.0259763
7104	7727	0.0277241
4583	7727	0.0277241
7711	7728	0.0245459
7727	7728	0.0245459
7627	7729	0.0273162
3786	7729	0.0273162
7729	7730	0.0269995
907	7730	0.0269995
1703	7731	0.0247079
7730	7731	0.0247079
7731	7732	0.0243988
4849	7732	0.0243988
1970	7733	0.027938
1844	7733	0.027938
972	7734	0.027521
7705	7734	0.027521
5212	7735	0.0275434
2669	7735	0.0275434
7735	7736	0.0268325
7734	7736	0.0268325
1622	7737	0.024075
2190	7737	0.024075
1734	7738	0.0272709
1482	7738	0.0272709
3795	7739	0.0280047
7714	7739	0.0280047
6625	7740	0.0267753
290	7740	0.0267753
7620	7741	0.0260325
7740	7741	0.0260325
3405	7742	0.0258785
7741	7742	0.0258785
4241	7743	0.0255144
7742	7743	0.0255144
7619	7744	0.0237659
7743	7744	0.0237659
6605	7745	0.0269102
7076	7745	0.0269102
7044	7746	0.0279161
4076	7746	0.0279161
7117	7747	0.0269559
41	7747	0.0269559
4136	7748	0.0274255
1555	7748	0.0274255
1363	7749	0.0273946
6968	7749	0.0273946
7748	7749	0.0273946
7074	7750	0.028182
7581	7750	0.028182
5571	7751	0.0276528
7750	7751	0.0276528
7751	7752	0.0275201
2636	7752	0.0275201
581	7753	0.0278425
7090	7753	0.0278425
6989	7754	0.028067
7702	7754	0.028067
5106	7755	0.0273068
7754	7755	0.0273068
7093	7756	0.0281397
6777	7756	0.0281397
4935	7757	0.0282138
7545	7757	0.0282138
7757	7758	0.028206
1009	7758	0.028206
2986	7759	0.028171
7758	7759	0.028171
7759	7760	0.0281525
7699	7760	0.0281525
5093	7761	0.0281188
7760	7761	0.0281188
5245	7762	0.0281166
7761	7762	0.0281166
7762	7763	0.0280864
4306	7763	0.0280864
7763	7764	0.028038
7663	7764	0.028038
2501	7765	0.0280181
7764	7765	0.0280181
3656	7766	0.0279541
7765	7766	0.0279541
6830	7767	0.027887
7766	7767	0.027887
7059	7768	0.02788
7767	7768	0.02788
2295	7769	0.0278587
7768	7769	0.0278587
7110	7770	0.0278251
7769	7770	0.0278251
7770	7771	0.0278235
6051	7771	0.0278235
7771	7772	0.0278172
418	7772	0.0278172
7772	7773	0.0277902
5322	7773	0.0277902
3207	7774	0.0277599
7773	7774	0.0277599
7774	7775	0.027751
1743	7775	0.027751
7775	7776	0.0277483
4703	7776	0.0277483
7045	7777	0.0277451
7776	7777	0.0277451
7777	7778	0.0277432
1040	7778	0.0277432
2708	7778	0.0277432
7778	7779	0.0277078
4943	7779	0.0277078
7069	7780	0.0276676
7779	7780	0.0276676
3919	7781	0.0276649
7780	7781	0.0276649
7661	7782	0.0278751
3931	7782	0.0278751
7781	7783	0.0275994
3147	7783	0.0275994
4823	7784	0.0275936
7783	7784	0.0275936
7784	7785	0.0275652
4488	7785	0.0275652
5454	7786	0.0275612
7785	7786	0.0275612
5333	7787	0.0275474
7786	7787	0.0275474
6039	7788	0.0275406
7787	7788	0.0275406
7063	7789	0.0275186
7788	7789	0.0275186
7789	7790	0.0275092
7631	7790	0.0275092
6260	7791	0.0274892
7790	7791	0.0274892
7791	7792	0.0274805
7549	7792	0.0274805
5683	7793	0.0274503
7792	7793	0.0274503
7793	7794	0.0274408
3462	7794	0.0274408
7794	7795	0.0274235
664	7795	0.0274235
7795	7796	0.0274103
308	7796	0.0274103
7796	7797	0.0273881
1458	7797	0.0273881
7797	7798	0.0273592
3445	7798	0.0273592
7107	7799	0.0273476
7798	7799	0.0273476
7097	7800	0.0273393
7799	7800	0.0273393
1084	7801	0.0273356
7800	7801	0.0273356
2273	7802	0.0273273
7801	7802	0.0273273
7802	7803	0.0272976
7782	7803	0.0272976
7803	7804	0.0272733
743	7804	0.0272733
7804	7805	0.0272224
2018	7805	0.0272224
415	7805	0.0272224
7805	7806	0.0272156
3078	7806	0.0272156
6037	7807	0.0272132
7806	7807	0.0272132
7555	7808	0.0277102
2874	7808	0.0277102
7595	7809	0.0272052
126	7809	0.0272052
6814	7810	0.027315
661	7810	0.027315
3658	7811	0.0273174
6934	7811	0.0273174
2889	7812	0.0273383
3211	7812	0.0273383
7712	7813	0.0279995
5049	7813	0.0279995
2362	7814	0.0276644
7813	7814	0.0276644
7807	7815	0.027203
7809	7815	0.027203
7815	7816	0.0271999
2935	7816	0.0271999
7816	7817	0.0271987
2604	7817	0.0271987
7817	7818	0.0271863
4674	7818	0.0271863
957	7819	0.0271786
2756	7819	0.0271786
7818	7819	0.0271786
7038	7820	0.0271566
7819	7820	0.0271566
7820	7821	0.0271291
3103	7821	0.0271291
7031	7822	0.0271228
7821	7822	0.0271228
4972	7823	0.0271189
7822	7823	0.0271189
1167	7823	0.0271189
7823	7824	0.0271091
7547	7824	0.0271091
7824	7825	0.0271038
677	7825	0.0271038
7752	7826	0.0270917
7755	7826	0.0270917
7825	7826	0.0270917
7065	7827	0.0270592
7826	7827	0.0270592
7055	7828	0.0270425
7827	7828	0.0270425
7573	7829	0.0270795
4556	7829	0.0270795
7618	7830	0.0270263
7828	7830	0.0270263
7830	7831	0.0270175
5637	7831	0.0270175
2530	7832	0.0270101
7831	7832	0.0270101
7832	7833	0.0269985
7808	7833	0.0269985
7833	7834	0.0269598
6047	7834	0.0269598
1737	7835	0.0269578
7834	7835	0.0269578
6757	7836	0.0269995
7639	7836	0.0269995
7634	7837	0.0269868
7836	7837	0.0269868
307	7838	0.0269546
7835	7838	0.0269546
2767	7839	0.0269396
7838	7839	0.0269396
7839	7840	0.0269192
6823	7840	0.0269192
7829	7840	0.0269192
7811	7840	0.0269192
7753	7841	0.0268869
7840	7841	0.0268869
7028	7841	0.0268869
3998	7842	0.0268698
7841	7842	0.0268698
1903	7843	0.0268671
7842	7843	0.0268671
7843	7844	0.0268508
1275	7844	0.0268508
7837	7844	0.0268508
2691	7844	0.0268508
7756	7845	0.0268145
7599	7845	0.0268145
7844	7845	0.0268145
7665	7845	0.0268145
7622	7846	0.0268572
401	7846	0.0268572
7845	7847	0.0268106
572	7847	0.0268106
7847	7848	0.0267677
7718	7848	0.0267677
7848	7849	0.0267631
263	7849	0.0267631
7849	7850	0.0267161
3805	7850	0.0267161
7005	7851	0.0267141
7812	7851	0.0267141
7850	7852	0.0267096
7851	7852	0.0267096
7852	7853	0.0266828
7666	7853	0.0266828
6797	7854	0.0266799
7853	7854	0.0266799
5262	7854	0.0266799
6827	7855	0.0266705
7854	7855	0.0266705
2546	7856	0.0266609
7855	7856	0.0266609
7856	7857	0.0266538
1563	7857	0.0266538
4568	7858	0.0266462
7857	7858	0.0266462
5677	7859	0.0266143
7858	7859	0.0266143
7859	7860	0.026605
184	7860	0.026605
7860	7861	0.0265939
7810	7861	0.0265939
671	7862	0.0265877
7861	7862	0.0265877
7862	7863	0.0265798
7693	7863	0.0265798
7863	7864	0.0265588
1099	7864	0.0265588
7864	7865	0.0265207
5890	7865	0.0265207
3021	7866	0.0265195
7865	7866	0.0265195
7866	7867	0.0265142
4090	7867	0.0265142
7121	7868	0.0265102
7867	7868	0.0265102
7868	7869	0.0265037
7814	7869	0.0265037
7869	7870	0.0264628
1326	7870	0.0264628
7870	7871	0.026459
2217	7871	0.026459
7871	7872	0.0263982
228	7872	0.0263982
7872	7873	0.0263946
951	7873	0.0263946
5045	7874	0.0263373
7873	7874	0.0263373
7874	7875	0.0261841
7846	7875	0.0261841
7875	7876	0.0261758
799	7876	0.0261758
7876	7877	0.0261659
2040	7877	0.0261659
7877	7878	0.0261355
4103	7878	0.0261355
1136	7879	0.0261142
7878	7879	0.0261142
7598	7880	0.0267631
4588	7880	0.0267631
6352	7881	0.0262448
7880	7881	0.0262448
7585	7882	0.0279579
5567	7882	0.0279579
5951	7883	0.0266026
7882	7883	0.0266026
3486	7884	0.0277248
7613	7884	0.0277248
1331	7885	0.0268817
7884	7885	0.0268817
3700	7886	0.0264108
7885	7886	0.0264108
7623	7887	0.0261104
2709	7887	0.0261104
3568	7888	0.0274677
5295	7888	0.0274677
1616	7889	0.0269228
7888	7889	0.0269228
6796	7890	0.0260404
632	7890	0.0260404
7670	7891	0.0261126
7671	7891	0.0261126
1085	7892	0.0260917
2052	7892	0.0260917
1681	7893	0.0280908
1394	7893	0.0280908
7706	7894	0.0262736
3074	7894	0.0262736
3557	7895	0.0266363
4860	7895	0.0266363
7621	7896	0.025145
4598	7896	0.025145
7879	7897	0.0259885
7890	7897	0.0259885
7897	7898	0.0259876
2695	7898	0.0259876
7745	7899	0.0259552
7898	7899	0.0259552
2862	7899	0.0259552
7899	7900	0.0259436
5233	7900	0.0259436
3338	7901	0.0259342
7900	7901	0.0259342
7901	7902	0.0259205
7895	7902	0.0259205
7902	7903	0.0259002
3162	7903	0.0259002
6031	7904	0.0258616
7903	7904	0.0258616
7887	7904	0.0258616
7904	7905	0.0258503
2883	7905	0.0258503
7905	7906	0.0258425
4760	7906	0.0258425
7906	7907	0.025791
5843	7907	0.025791
7907	7908	0.0257691
1920	7908	0.0257691
6695	7909	0.0259392
7892	7909	0.0259392
6064	7910	0.0257596
7908	7910	0.0257596
7910	7911	0.0257509
1565	7911	0.0257509
6259	7912	0.0257474
7911	7912	0.0257474
1179	7913	0.0257361
7912	7913	0.0257361
7602	7914	0.0257291
7913	7914	0.0257291
2754	7915	0.0257112
7914	7915	0.0257112
7915	7916	0.0256638
2254	7916	0.0256638
6776	7917	0.0256222
7916	7917	0.0256222
7917	7918	0.025616
7909	7918	0.025616
3152	7918	0.025616
7918	7919	0.0255685
1940	7919	0.0255685
7118	7920	0.0255486
7919	7920	0.0255486
3212	7921	0.0255481
7920	7921	0.0255481
7921	7922	0.0255042
2605	7922	0.0255042
4008	7923	0.0254497
7922	7923	0.0254497
7923	7924	0.0254158
5351	7924	0.0254158
7078	7925	0.0254132
7924	7925	0.0254132
7925	7926	0.0253736
1139	7926	0.0253736
7926	7927	0.0253715
6005	7927	0.0253715
7927	7928	0.0253704
3787	7928	0.0253704
7928	7929	0.0253641
5514	7929	0.0253641
7929	7930	0.0253115
7648	7930	0.0253115
7747	7931	0.0252946
7930	7931	0.0252946
6769	7932	0.0251999
7931	7932	0.0251999
7932	7933	0.0251733
1452	7933	0.0251733
7933	7934	0.0251666
70	7934	0.0251666
7934	7935	0.025104
7894	7935	0.025104
3317	7936	0.0250598
7935	7936	0.0250598
7886	7936	0.0250598
2297	7937	0.02501
7936	7937	0.02501
7937	7938	0.0250042
2272	7938	0.0250042
7095	7939	0.0249762
7938	7939	0.0249762
7939	7940	0.0249746
208	7940	0.0249746
7940	7941	0.0249694
6058	7941	0.0249694
2775	7942	0.0249623
7941	7942	0.0249623
3950	7943	0.0249889
7883	7943	0.0249889
7942	7944	0.0249499
1081	7944	0.0249499
7943	7944	0.0249499
3106	7944	0.0249499
7944	7945	0.0249394
2583	7945	0.0249394
7945	7946	0.0249338
3964	7946	0.0249338
4709	7947	0.0249092
7946	7947	0.0249092
7122	7948	0.0249039
7947	7948	0.0249039
7948	7949	0.0248727
727	7949	0.0248727
7949	7950	0.0248702
931	7950	0.0248702
141	7951	0.0252726
3072	7951	0.0252726
7951	7952	0.0252163
4084	7952	0.0252163
6584	7953	0.0255821
226	7953	0.0255821
7953	7954	0.0254618
7715	7954	0.0254618
3043	7955	0.0253075
7954	7955	0.0253075
7653	7956	0.0250424
5653	7956	0.0250424
6027	7957	0.0259022
7891	7957	0.0259022
6394	7958	0.0248606
7950	7958	0.0248606
7958	7959	0.0248594
2972	7959	0.0248594
1213	7960	0.0248241
7959	7960	0.0248241
7960	7961	0.0247715
7956	7961	0.0247715
7654	7961	0.0247715
7961	7962	0.0247509
2249	7962	0.0247509
7962	7963	0.0247461
1074	7963	0.0247461
7963	7964	0.0247349
1905	7964	0.0247349
7964	7965	0.0247333
742	7965	0.0247333
3675	7966	0.0247297
7965	7966	0.0247297
7966	7967	0.0246943
5749	7967	0.0246943
5046	7968	0.024622
7967	7968	0.024622
7968	7969	0.0245859
7957	7969	0.0245859
217	7970	0.0245694
7969	7970	0.0245694
2495	7971	0.0245655
7970	7971	0.0245655
2764	7972	0.0245299
7971	7972	0.0245299
7972	7973	0.0245132
2108	7973	0.0245132
7749	7974	0.0245066
2554	7974	0.0245066
7973	7974	0.0245066
3073	7974	0.0245066
6864	7974	0.0245066
7952	7974	0.0245066
7974	7975	0.0244895
240	7975	0.0244895
7975	7976	0.0244634
5557	7976	0.0244634
7669	7977	0.0244393
7976	7977	0.0244393
7977	7978	0.0244144
7955	7978	0.0244144
7003	7979	0.0244103
7978	7979	0.0244103
2319	7980	0.0243901
7979	7980	0.0243901
3910	7981	0.0243747
7980	7981	0.0243747
7981	7982	0.0243579
2158	7982	0.0243579
1846	7983	0.0243643
35	7983	0.0243643
1585	7984	0.0246875
7893	7984	0.0246875
7982	7985	0.0242911
4328	7985	0.0242911
4318	7986	0.0242651
7985	7986	0.0242651
7889	7987	0.0242521
7986	7987	0.0242521
7987	7988	0.0242483
5147	7988	0.0242483
6641	7989	0.0242453
7988	7989	0.0242453
7896	7990	0.0242039
7989	7990	0.0242039
5654	7991	0.0241907
7990	7991	0.0241907
5823	7992	0.0241838
7991	7992	0.0241838
7992	7993	0.0241554
4886	7993	0.0241554
7993	7994	0.024128
7713	7994	0.024128
7994	7995	0.024124
2876	7995	0.024124
651	7996	0.0240681
7995	7996	0.0240681
7996	7997	0.0240429
5309	7997	0.0240429
7997	7998	0.0240265
3511	7998	0.0240265
3887	7999	0.0240241
7998	7999	0.0240241
7999	8000	0.0240126
5905	8000	0.0240126
8000	8001	0.0239859
2411	8001	0.0239859
8001	8002	0.0239808
7984	8002	0.0239808
8002	8003	0.0239636
10	8003	0.0239636
8003	8004	0.0239337
1261	8004	0.0239337
646	8005	0.0239065
8004	8005	0.0239065
8005	8006	0.0238907
7881	8006	0.0238907
8006	8007	0.0238816
5692	8007	0.0238816
8007	8008	0.0238326
4014	8008	0.0238326
8008	8009	0.0238288
8	8009	0.0238288
221	8010	0.0238194
8009	8010	0.0238194
7746	8011	0.0238101
8010	8011	0.0238101
2833	8012	0.0238085
8011	8012	0.0238085
8012	8013	0.0237986
7983	8013	0.0237986
464	8013	0.0237986
6525	8014	0.0237973
8013	8014	0.0237973
7578	8015	0.0246783
65	8015	0.0246783
8015	8016	0.0237632
3915	8016	0.0237632
123	8017	0.0256848
7685	8017	0.0256848
8017	8018	0.0238418
2793	8018	0.0238418
7641	8019	0.0277116
5220	8019	0.0277116
8019	8020	0.0249126
1708	8020	0.0249126
6892	8021	0.0255078
7644	8021	0.0255078
8021	8022	0.0253303
4215	8022	0.0253303
8022	8023	0.0243416
1867	8023	0.0243416
8023	8024	0.0240331
1045	8024	0.0240331
8024	8025	0.0239315
548	8025	0.0239315
6926	8026	0.0272186
7689	8026	0.0272186
658	8027	0.025943
2960	8027	0.025943
8026	8027	0.025943
1943	8028	0.0260232
5080	8028	0.0260232
861	8029	0.0250918
3009	8029	0.0250918
7716	8030	0.0245353
8029	8030	0.0245353
3123	8031	0.0237707
8030	8031	0.0237707
7674	8032	0.0276012
5670	8032	0.0276012
8032	8033	0.0266271
5774	8033	0.0266271
8033	8034	0.0241831
5862	8034	0.0241831
7700	8035	0.027123
1788	8035	0.027123
8035	8036	0.0251772
4010	8036	0.0251772
7698	8037	0.0245717
8036	8037	0.0245717
2358	8038	0.026288
1524	8038	0.026288
1886	8039	0.0241896
8038	8039	0.0241896
4816	8040	0.024023
8039	8040	0.024023
7686	8041	0.0267136
1165	8041	0.0267136
8041	8042	0.0243536
4799	8042	0.0243536
6927	8043	0.0244924
1242	8043	0.0244924
7688	8044	0.0259468
1353	8044	0.0259468
2472	8045	0.0263767
3892	8045	0.0263767
8045	8046	0.024218
1434	8046	0.024218
6965	8047	0.0265771
1468	8047	0.0265771
5764	8048	0.0244288
1690	8048	0.0244288
2062	8049	0.0273837
2523	8049	0.0273837
7709	8050	0.0243318
2120	8050	0.0243318
2681	8051	0.0280101
3831	8051	0.0280101
3208	8052	0.0255821
6028	8052	0.0255821
3867	8053	0.0258926
5086	8053	0.0258926
5415	8054	0.0245788
4647	8054	0.0245788
4977	8055	0.025437
5834	8055	0.025437
3463	8056	0.0220383
2	8056	0.0220383
7721	8057	0.0219891
8056	8057	0.0219891
1645	8058	0.0233757
4923	8058	0.0233757
7736	8059	0.0222957
7737	8059	0.0222957
3473	8060	0.0220466
8059	8060	0.0220466
8060	8061	0.0220449
2711	8061	0.0220449
6920	8062	0.0232738
8028	8062	0.0232738
7103	8063	0.0234301
4533	8063	0.0234301
7728	8064	0.023356
4191	8064	0.023356
7744	8065	0.0236503
775	8065	0.0236503
7057	8066	0.0237367
8014	8066	0.0237367
8066	8067	0.0237124
8025	8067	0.0237124
3047	8068	0.0237074
8067	8068	0.0237074
476	8069	0.0236968
8068	8069	0.0236968
8069	8070	0.0236892
188	8070	0.0236892
6731	8071	0.0236822
8070	8071	0.0236822
1789	8072	0.0236234
8071	8072	0.0236234
4061	8073	0.023606
8072	8073	0.023606
8073	8074	0.02359
2555	8074	0.02359
4618	8075	0.023589
8074	8075	0.023589
8075	8076	0.0235866
4196	8076	0.0235866
8076	8077	0.0235801
5213	8077	0.0235801
8077	8078	0.023546
8034	8078	0.023546
8078	8079	0.0235432
7029	8079	0.0235432
8079	8080	0.0235184
1848	8080	0.0235184
8080	8081	0.0234805
2465	8081	0.0234805
4242	8082	0.0234962
3081	8082	0.0234962
8081	8083	0.0234604
3829	8083	0.0234604
8083	8084	0.0234459
3172	8084	0.0234459
8084	8085	0.023433
7556	8085	0.023433
2762	8086	0.0234301
8085	8086	0.0234301
8086	8087	0.0234098
8082	8087	0.0234098
844	8087	0.0234098
3890	8088	0.0233938
8048	8088	0.0233938
8087	8089	0.0233915
8088	8089	0.0233915
255	8090	0.0233805
8089	8090	0.0233805
2388	8091	0.0233574
8090	8091	0.0233574
3247	8092	0.0233163
8091	8092	0.0233163
4576	8093	0.023314
8092	8093	0.023314
8093	8094	0.0232984
69	8094	0.0232984
8094	8095	0.0232887
8042	8095	0.0232887
8095	8096	0.0232849
1605	8096	0.0232849
8096	8097	0.0232682
8027	8097	0.0232682
8097	8098	0.0232354
5995	8098	0.0232354
8098	8099	0.0232318
4332	8099	0.0232318
8099	8100	0.0232033
355	8100	0.0232033
2166	8101	0.0231846
7732	8101	0.0231846
8100	8101	0.0231846
3242	8101	0.0231846
7094	8102	0.0231577
4409	8102	0.0231577
8101	8102	0.0231577
7726	8103	0.0231278
8102	8103	0.0231278
8103	8104	0.0231212
493	8104	0.0231212
1416	8105	0.0230883
8104	8105	0.0230883
7738	8106	0.0230877
8105	8106	0.0230877
8050	8106	0.0230877
8106	8107	0.0230828
3553	8107	0.0230828
8107	8108	0.0230778
5428	8108	0.0230778
8108	8109	0.023071
4898	8109	0.023071
8109	8110	0.0230388
1163	8110	0.0230388
8040	8111	0.0230239
1159	8111	0.0230239
1858	8111	0.0230239
8110	8112	0.0230089
8037	8112	0.0230089
8111	8112	0.0230089
6835	8113	0.023005
8112	8113	0.023005
7739	8114	0.0229941
8113	8114	0.0229941
8114	8115	0.0229817
5205	8115	0.0229817
7617	8116	0.0230951
5895	8116	0.0230951
8116	8117	0.023016
4904	8117	0.023016
8115	8118	0.022968
2334	8118	0.022968
7112	8119	0.022952
8118	8119	0.022952
1115	8119	0.022952
8119	8120	0.0228765
1669	8120	0.0228765
3487	8121	0.022871
8120	8121	0.022871
8121	8122	0.0228528
5577	8122	0.0228528
1615	8123	0.0228464
8122	8123	0.0228464
8123	8124	0.0228198
5425	8124	0.0228198
8124	8125	0.022816
8043	8125	0.022816
6756	8126	0.0227738
8125	8126	0.0227738
8126	8127	0.0227717
5777	8127	0.0227717
3255	8128	0.0227587
8127	8128	0.0227587
7054	8129	0.0227443
8128	8129	0.0227443
8117	8129	0.0227443
2995	8130	0.0227412
8129	8130	0.0227412
8130	8131	0.0227251
6062	8131	0.0227251
8131	8132	0.0227176
3012	8132	0.0227176
6762	8133	0.0227152
8132	8133	0.0227152
8065	8134	0.0227068
8133	8134	0.0227068
7662	8135	0.0227001
8134	8135	0.0227001
2635	8135	0.0227001
8018	8136	0.0233461
1588	8136	0.0233461
7608	8137	0.0229356
8136	8137	0.0229356
6985	8138	0.0233492
1740	8138	0.0233492
8135	8139	0.0226993
2333	8139	0.0226993
8139	8140	0.0226842
4185	8140	0.0226842
8140	8141	0.0226604
1320	8141	0.0226604
8141	8142	0.0226441
1696	8142	0.0226441
1008	8143	0.0226293
8142	8143	0.0226293
8143	8144	0.0226103
5556	8144	0.0226103
8144	8145	0.0226043
119	8145	0.0226043
4024	8146	0.0226002
8145	8146	0.0226002
8146	8147	0.0225905
1395	8147	0.0225905
8147	8148	0.0225821
2107	8148	0.0225821
8148	8149	0.0225776
2932	8149	0.0225776
8149	8150	0.0225738
8137	8150	0.0225738
4791	8150	0.0225738
8150	8151	0.0225722
1804	8151	0.0225722
8151	8152	0.0225687
6016	8152	0.0225687
8152	8153	0.022564
752	8153	0.022564
7033	8154	0.0225618
8153	8154	0.0225618
8154	8155	0.02254
4230	8155	0.02254
4663	8156	0.0225281
8155	8156	0.0225281
8156	8157	0.0225069
5779	8157	0.0225069
849	8158	0.0224742
8157	8158	0.0224742
8158	8159	0.0224725
2992	8159	0.0224725
8159	8160	0.0224605
4459	8160	0.0224605
8160	8161	0.0224465
4857	8161	0.0224465
8161	8162	0.0224374
1222	8162	0.0224374
8063	8163	0.0224364
8162	8163	0.0224364
8163	8164	0.0224228
1070	8164	0.0224228
2813	8165	0.0223914
8164	8165	0.0223914
8165	8166	0.0223882
8016	8166	0.0223882
1047	8166	0.0223882
7725	8167	0.0223724
8166	8167	0.0223724
895	8168	0.0223716
8167	8168	0.0223716
8168	8169	0.0223613
1178	8169	0.0223613
8169	8170	0.0223485
3638	8170	0.0223485
8170	8171	0.0223426
2551	8171	0.0223426
2121	8172	0.0223303
8171	8172	0.0223303
8031	8173	0.0222864
4281	8173	0.0222864
8172	8174	0.0223284
5374	8174	0.0223284
1670	8175	0.0223024
8174	8175	0.0223024
8175	8176	0.0222606
8138	8176	0.0222606
8176	8177	0.0222599
2494	8177	0.0222599
6863	8178	0.0222443
8177	8178	0.0222443
8178	8179	0.0222384
1898	8179	0.0222384
8179	8180	0.0222299
2204	8180	0.0222299
3476	8181	0.022199
8180	8181	0.022199
8181	8182	0.0221978
1400	8182	0.0221978
8053	8182	0.0221978
1148	8183	0.0221922
8182	8183	0.0221922
8183	8184	0.022187
4759	8184	0.022187
4408	8185	0.0221744
8184	8185	0.0221744
8185	8186	0.0221636
3698	8186	0.0221636
8186	8187	0.0221516
8051	8187	0.0221516
2154	8188	0.0221348
7032	8188	0.0221348
8187	8188	0.0221348
8188	8189	0.0221166
3647	8189	0.0221166
8189	8190	0.0221148
1818	8190	0.0221148
8046	8191	0.0221093
8190	8191	0.0221093
5966	8192	0.0221062
8191	8192	0.0221062
8192	8193	0.0221025
100	8193	0.0221025
8064	8194	0.0220975
8173	8194	0.0220975
8193	8194	0.0220975
4389	8195	0.0220842
8194	8195	0.0220842
6012	8196	0.0220729
8195	8196	0.0220729
2407	8197	0.0220586
8196	8197	0.0220586
4415	8198	0.0220432
8197	8198	0.0220432
8198	8199	0.0220358
1266	8199	0.0220358
8199	8200	0.0220233
6765	8200	0.0220233
5763	8200	0.0220233
8200	8201	0.0220096
4254	8201	0.0220096
8201	8202	0.0219953
3779	8202	0.0219953
884	8203	0.0219792
8202	8203	0.0219792
8203	8204	0.0219744
5812	8204	0.0219744
7552	8205	0.023326
36	8205	0.023326
7596	8206	0.0229675
5139	8206	0.0229675
3995	8207	0.0229151
1938	8207	0.0229151
209	8208	0.0225038
8207	8208	0.0225038
396	8209	0.0232173
4125	8209	0.0232173
1936	8210	0.0223157
8209	8210	0.0223157
4645	8211	0.0230463
2803	8211	0.0230463
8211	8212	0.0228784
550	8212	0.0228784
7667	8213	0.0227251
5880	8213	0.0227251
5341	8214	0.023388
1184	8214	0.023388
7687	8215	0.0232824
8214	8215	0.0232824
3680	8216	0.0231047
1742	8216	0.0231047
8215	8217	0.0228335
8216	8217	0.0228335
5018	8218	0.0227142
4562	8218	0.0227142
8047	8219	0.0236394
8054	8219	0.0236394
8044	8220	0.0223461
8219	8220	0.0223461
3099	8221	0.0229528
1589	8221	0.0229528
2859	8222	0.0229877
2260	8222	0.0229877
4151	8223	0.0234164
4614	8223	0.0234164
4561	8224	0.0229668
8223	8224	0.0229668
2990	8225	0.0215008
150	8225	0.0215008
8204	8226	0.0219703
827	8226	0.0219703
698	8227	0.0219421
8226	8227	0.0219421
8227	8228	0.0219139
4452	8228	0.0219139
8055	8228	0.0219139
5656	8228	0.0219139
8228	8229	0.0219123
8210	8229	0.0219123
145	8230	0.0218839
8229	8230	0.0218839
3153	8231	0.0218813
8230	8231	0.0218813
8231	8232	0.0218601
7034	8232	0.0218601
8232	8233	0.0218525
1771	8233	0.0218525
8233	8234	0.0218426
5604	8234	0.0218426
8234	8235	0.0218342
5872	8235	0.0218342
8235	8236	0.0218094
2016	8236	0.0218094
8236	8237	0.0218086
5984	8237	0.0218086
4229	8238	0.0218081
8237	8238	0.0218081
8238	8239	0.0217829
3519	8239	0.0217829
7008	8240	0.0217674
8239	8240	0.0217674
8240	8241	0.0217665
5168	8241	0.0217665
3294	8242	0.0217652
8241	8242	0.0217652
7723	8243	0.0217598
8242	8243	0.0217598
8243	8244	0.0217565
5750	8244	0.0217565
4978	8245	0.0217481
8244	8245	0.0217481
793	8246	0.0217436
8245	8246	0.0217436
8246	8247	0.0217415
507	8247	0.0217415
8247	8248	0.0217314
579	8248	0.0217314
8061	8249	0.0217267
8248	8249	0.0217267
3325	8249	0.0217267
8249	8250	0.0217198
3479	8250	0.0217198
8250	8251	0.0216863
5714	8251	0.0216863
8251	8252	0.0216774
2634	8252	0.0216774
8252	8253	0.0216752
8206	8253	0.0216752
8253	8254	0.0216427
5363	8254	0.0216427
8254	8255	0.0216405
4669	8255	0.0216405
8255	8256	0.0216141
3470	8256	0.0216141
8256	8257	0.0216064
2768	8257	0.0216064
8257	8258	0.0216053
5576	8258	0.0216053
7108	8259	0.0215972
8258	8259	0.0215972
3345	8259	0.0215972
804	8260	0.0215898
8259	8260	0.0215898
8260	8261	0.0215494
68	8261	0.0215494
8261	8262	0.0214811
5766	8262	0.0214811
1135	8263	0.0219668
8208	8263	0.0219668
8262	8264	0.0214778
8220	8264	0.0214778
4194	8264	0.0214778
8264	8265	0.0214716
4963	8265	0.0214716
927	8266	0.0214557
8265	8266	0.0214557
8266	8267	0.0213995
8205	8267	0.0213995
8221	8267	0.0213995
8222	8267	0.0213995
8267	8268	0.0213855
2251	8268	0.0213855
2910	8269	0.0213636
8268	8269	0.0213636
6896	8270	0.021351
8269	8270	0.021351
8270	8271	0.0213393
3	8271	0.0213393
8225	8272	0.0213357
8271	8272	0.0213357
8272	8273	0.0213201
3792	8273	0.0213201
8273	8274	0.0213192
8218	8274	0.0213192
1185	8274	0.0213192
8274	8275	0.0212454
1950	8275	0.0212454
8275	8276	0.0212307
509	8276	0.0212307
3969	8277	0.0212076
8276	8277	0.0212076
8049	8277	0.0212076
8057	8278	0.021201
8277	8278	0.021201
8263	8278	0.021201
8278	8279	0.021199
2114	8279	0.021199
8279	8280	0.0211975
2791	8280	0.0211975
349	8280	0.0211975
5051	8281	0.0212832
8020	8281	0.0212832
3237	8282	0.0211791
8280	8282	0.0211791
8282	8283	0.0211486
6856	8283	0.0211486
8283	8284	0.0211257
8224	8284	0.0211257
8284	8285	0.021111
2130	8285	0.021111
8285	8286	0.0211048
4276	8286	0.0211048
1579	8287	0.0210973
8286	8287	0.0210973
8287	8288	0.0210764
2431	8288	0.0210764
8288	8289	0.0210504
2302	8289	0.0210504
7675	8290	0.0210434
8289	8290	0.0210434
4945	8290	0.0210434
2259	8291	0.021034
8290	8291	0.021034
8291	8292	0.021018
2222	8292	0.021018
8292	8293	0.021
2553	8293	0.021
7733	8294	0.0209589
8293	8294	0.0209589
4626	8294	0.0209589
8294	8295	0.0209464
108	8295	0.0209464
8295	8296	0.0209426
8281	8296	0.0209426
8296	8297	0.0209307
4204	8297	0.0209307
7551	8298	0.0208968
8297	8298	0.0208968
8298	8299	0.0208856
327	8299	0.0208856
387	8300	0.0209908
603	8300	0.0209908
1367	8301	0.0218036
744	8301	0.0218036
1259	8302	0.0211669
8301	8302	0.0211669
8052	8303	0.0211697
5007	8303	0.0211697
5237	8304	0.0208732
2446	8304	0.0208732
8299	8305	0.0208786
8212	8305	0.0208786
5768	8306	0.0208741
8305	8306	0.0208741
8306	8307	0.020852
3709	8307	0.020852
8307	8308	0.0208446
8303	8308	0.0208446
8304	8309	0.020837
8308	8309	0.020837
8309	8310	0.0208297
6046	8310	0.0208297
8310	8311	0.0208263
5368	8311	0.0208263
8311	8312	0.0207977
5705	8312	0.0207977
8312	8313	0.0207947
8302	8313	0.0207947
6967	8314	0.0207738
8313	8314	0.0207738
8314	8315	0.0207473
1621	8315	0.0207473
753	8316	0.0207433
8315	8316	0.0207433
3747	8317	0.0207359
8316	8317	0.0207359
8317	8318	0.0207266
6055	8318	0.0207266
8318	8319	0.0207245
5839	8319	0.0207245
3988	8320	0.0207221
8319	8320	0.0207221
3580	8320	0.0207221
6919	8321	0.0208838
8217	8321	0.0208838
8320	8322	0.020718
4315	8322	0.020718
8322	8323	0.0207053
1431	8323	0.0207053
8323	8324	0.0207027
3975	8324	0.0207027
8324	8325	0.0206995
8321	8325	0.0206995
8325	8326	0.0206946
3818	8326	0.0206946
8326	8327	0.0206936
5389	8327	0.0206936
5041	8328	0.0206843
8327	8328	0.0206843
8328	8329	0.0206796
7707	8329	0.0206796
5741	8329	0.0206796
8329	8330	0.0206747
2811	8330	0.0206747
7046	8331	0.0206668
8330	8331	0.0206668
8331	8332	0.0206557
4762	8332	0.0206557
8332	8333	0.0206475
637	8333	0.0206475
8333	8334	0.0206441
1264	8334	0.0206441
7672	8335	0.0206414
8062	8335	0.0206414
8334	8335	0.0206414
8335	8336	0.0206204
1140	8336	0.0206204
4113	8337	0.0206186
8336	8337	0.0206186
8337	8338	0.0206063
2255	8338	0.0206063
6833	8339	0.020859
2931	8339	0.020859
8338	8340	0.0205929
4145	8340	0.0205929
8340	8341	0.0205917
5432	8341	0.0205917
8341	8342	0.0205821
6035	8342	0.0205821
8342	8343	0.0205738
8300	8343	0.0205738
8343	8344	0.0205422
5846	8344	0.0205422
7015	8345	0.0205403
8344	8345	0.0205403
8345	8346	0.0205393
2783	8346	0.0205393
2115	8347	0.0205375
8346	8347	0.0205375
3592	8347	0.0205375
8347	8348	0.0205348
8339	8348	0.0205348
8348	8349	0.0205156
4965	8349	0.0205156
8349	8350	0.0205088
5932	8350	0.0205088
4362	8351	0.0205036
8350	8351	0.0205036
8351	8352	0.0205002
1908	8352	0.0205002
2925	8352	0.0205002
2937	8353	0.0204972
8352	8353	0.0204972
8353	8354	0.0204953
5159	8354	0.0204953
8213	8355	0.0204648
8354	8355	0.0204648
1790	8356	0.020464
8355	8356	0.020464
4897	8357	0.0205252
3070	8357	0.0205252
8356	8358	0.0204535
5534	8358	0.0204535
8358	8359	0.0204429
2617	8359	0.0204429
8359	8360	0.0204268
4322	8360	0.0204268
7717	8361	0.0204086
8360	8361	0.0204086
3386	8362	0.0203857
8361	8362	0.0203857
8362	8363	0.0203837
1793	8363	0.0203837
4203	8364	0.0203704
8363	8364	0.0203704
8364	8365	0.0203683
2746	8365	0.0203683
8365	8366	0.02036
4082	8366	0.02036
8366	8367	0.0203545
5097	8367	0.0203545
8367	8368	0.0203499
8357	8368	0.0203499
2748	8369	0.020346
8368	8369	0.020346
8058	8370	0.02034
8369	8370	0.02034
7719	8371	0.0203335
8370	8371	0.0203335
8371	8372	0.0203301
488	8372	0.0203301
8372	8373	0.0203122
1035	8373	0.0203122
8373	8374	0.0203027
1103	8374	0.0203027
610	8375	0.074957
2020	8375	0.074957
3399	8376	0.0249286
8375	8376	0.0249286
11	8377	0.12579
5206	8377	0.12579
8377	8378	0.0876701
148	8378	0.0876701
8378	8379	0.0415058
2901	8379	0.0415058
8379	8380	0.0369006
1488	8380	0.0369006
54	8381	0.0747592
4578	8381	0.0747592
5334	8382	0.0741112
8381	8382	0.0741112
4524	8383	0.0482902
4134	8383	0.0482902
878	8384	0.0247899
2856	8384	0.0247899
1951	8385	0.0246661
8384	8385	0.0246661
8383	8386	0.0241805
8385	8386	0.0241805
8382	8387	0.0240563
8386	8387	0.0240563
192	8388	0.0766206
27	8388	0.0766206
5769	8389	0.0766602
2275	8389	0.0766602
8389	8390	0.0743136
5810	8390	0.0743136
8390	8391	0.0717606
1032	8391	0.0717606
1271	8392	0.0986826
2568	8392	0.0986826
8392	8393	0.0845494
3201	8393	0.0845494
8391	8394	0.0662468
8393	8394	0.0662468
8394	8395	0.0370679
905	8395	0.0370679
8395	8396	0.0309774
1059	8396	0.0309774
8396	8397	0.0228601
1376	8397	0.0228601
253	8398	0.203996
29	8398	0.203996
8398	8399	0.0695359
3407	8399	0.0695359
4000	8400	0.0395071
5477	8400	0.0395071
8400	8401	0.0362851
3536	8401	0.0362851
8401	8402	0.0226809
3141	8402	0.0226809
3860	8403	0.0579142
58	8403	0.0579142
67	8404	0.0247703
6034	8404	0.0247703
8404	8405	0.0219792
1219	8405	0.0219792
8405	8406	0.0208419
2785	8406	0.0208419
72	8407	0.0296509
4950	8407	0.0296509
114	8408	0.0291148
8407	8408	0.0291148
8408	8409	0.0275115
2377	8409	0.0275115
3725	8410	0.114356
492	8410	0.114356
75	8411	0.11309
8410	8411	0.11309
4507	8412	0.0224101
1712	8412	0.0224101
8412	8413	0.022252
81	8413	0.022252
930	8414	0.0294644
5992	8414	0.0294644
265	8415	0.0816182
2117	8415	0.0816182
1701	8416	0.0688136
8415	8416	0.0688136
8416	8417	0.0408854
2412	8417	0.0408854
207	8418	0.0303539
8417	8418	0.0303539
3354	8419	0.0303146
8418	8419	0.0303146
8419	8420	0.0290712
5568	8420	0.0290712
3181	8421	0.0686876
5143	8421	0.0686876
8421	8422	0.0429919
1226	8422	0.0429919
8422	8423	0.0306185
529	8423	0.0306185
977	8424	0.0283893
8423	8424	0.0283893
8424	8425	0.0204545
477	8425	0.0204545
1741	8426	0.0256612
156	8426	0.0256612
3901	8427	0.0266168
5926	8427	0.0266168
8426	8428	0.0244038
8427	8428	0.0244038
961	8429	0.0239944
1689	8429	0.0239944
5360	8430	0.0963193
1843	8430	0.0963193
1809	8431	0.0554619
95	8431	0.0554619
8431	8432	0.0282908
1958	8432	0.0282908
8432	8433	0.0215708
1294	8433	0.0215708
4553	8434	0.115372
4426	8434	0.115372
230	8435	0.106217
8434	8435	0.106217
3811	8436	0.0766364
8435	8436	0.0766364
8436	8437	0.0413591
4477	8437	0.0413591
8437	8438	0.0266911
98	8438	0.0266911
4707	8439	0.0253115
8438	8439	0.0253115
3730	8440	0.342019
102	8440	0.342019
3688	8441	0.056226
8440	8441	0.056226
8441	8442	0.0501081
2141	8442	0.0501081
1805	8443	0.0875462
2220	8443	0.0875462
8443	8444	0.0791237
3823	8444	0.0791237
105	8445	0.0723566
8444	8445	0.0723566
8445	8446	0.0288669
4073	8446	0.0288669
3094	8447	0.0315946
891	8447	0.0315946
5466	8448	0.029257
8447	8448	0.029257
2058	8449	0.0268125
8448	8449	0.0268125
2493	8450	0.0251971
8449	8450	0.0251971
982	8451	0.0281736
5838	8451	0.0281736
3869	8452	0.0250264
304	8452	0.0250264
2903	8453	0.0229274
8452	8453	0.0229274
4420	8454	0.022765
8453	8454	0.022765
1647	8455	0.0224534
8454	8455	0.0224534
2893	8456	0.0223485
8455	8456	0.0223485
3578	8457	0.0213201
8456	8457	0.0213201
8451	8458	0.0210627
8457	8458	0.0210627
1662	8459	0.0215255
650	8459	0.0215255
106	8460	0.0273802
1868	8460	0.0273802
8460	8461	0.0209234
1007	8461	0.0209234
4116	8462	0.0375855
489	8462	0.0375855
1433	8463	0.0363678
8462	8463	0.0363678
454	8464	0.0362104
8463	8464	0.0362104
2102	8465	0.200079
1598	8465	0.200079
198	8466	0.0206734
5616	8466	0.0206734
912	8467	0.0597004
302	8467	0.0597004
8467	8468	0.0471305
1653	8468	0.0471305
2675	8469	0.0460156
8468	8469	0.0460156
1171	8470	0.0230527
1939	8470	0.0230527
4397	8471	0.0331342
3062	8471	0.0331342
4053	8472	0.0380305
1100	8472	0.0380305
5471	8473	0.0755117
5040	8473	0.0755117
4289	8474	0.0204376
5091	8474	0.0204376
2809	8475	0.0608559
468	8475	0.0608559
8475	8476	0.0586485
1002	8476	0.0586485
3724	8477	0.0570603
8476	8477	0.0570603
1336	8478	0.0255137
503	8478	0.0255137
2946	8479	0.197644
3384	8479	0.197644
4496	8479	0.197644
8479	8480	0.185748
4274	8480	0.185748
1993	8481	0.127123
8480	8481	0.127123
1902	8482	0.120346
8481	8482	0.120346
8482	8483	0.117694
4458	8483	0.117694
522	8484	0.0768208
4164	8484	0.0768208
4012	8485	0.100936
8483	8485	0.100936
8485	8486	0.0351181
1299	8486	0.0351181
8486	8487	0.0348177
3322	8487	0.0348177
8484	8488	0.0338782
8487	8488	0.0338782
8488	8489	0.025558
1253	8489	0.025558
2647	8490	0.390657
139	8490	0.390657
5260	8491	0.157833
142	8491	0.157833
8491	8492	0.157059
514	8492	0.157059
3003	8493	0.101943
2423	8493	0.101943
8493	8494	0.0985522
2837	8494	0.0985522
8494	8495	0.0782983
3735	8495	0.0782983
8495	8496	0.0452787
8492	8496	0.0452787
152	8497	0.100125
4856	8497	0.100125
3640	8498	0.0211743
5112	8498	0.0211743
4292	8499	0.0248754
4278	8499	0.0248754
1608	8500	0.0214739
5910	8500	0.0214739
8500	8501	0.0213986
8499	8501	0.0213986
8501	8502	0.0206319
3953	8502	0.0206319
8502	8503	0.020496
5462	8503	0.020496
2751	8504	0.162711
2828	8504	0.162711
5562	8505	0.181481
2328	8505	0.181481
8505	8506	0.122422
4406	8506	0.122422
973	8507	0.0553138
4607	8507	0.0553138
2626	8508	0.0501229
8507	8508	0.0501229
4115	8509	0.0455329
8508	8509	0.0455329
8506	8510	0.0488874
159	8510	0.0488874
8509	8511	0.0424571
8510	8511	0.0424571
8511	8512	0.0342019
1080	8512	0.0342019
8512	8513	0.0214006
830	8513	0.0214006
8513	8514	0.0205651
3799	8514	0.0205651
2846	8515	0.0295551
3262	8515	0.0295551
4188	8516	0.0280445
1339	8516	0.0280445
8516	8517	0.020553
2880	8517	0.020553
4388	8518	0.252834
2970	8518	0.252834
2092	8519	0.154096
173	8519	0.154096
1328	8520	0.024105
178	8520	0.024105
2621	8521	0.0232133
8520	8521	0.0232133
2997	8522	0.0229892
8521	8522	0.0229892
4074	8523	0.0455841
2819	8523	0.0455841
187	8524	0.124504
1910	8524	0.124504
4162	8525	0.0696615
4149	8525	0.0696615
191	8526	0.0678788
1291	8526	0.0678788
8526	8527	0.0647022
8525	8527	0.0647022
5096	8528	0.0212412
3133	8528	0.0212412
5343	8529	0.108213
6015	8529	0.108213
210	8530	0.0687044
8529	8530	0.0687044
8530	8531	0.0408421
709	8531	0.0408421
3722	8532	0.0222904
734	8532	0.0222904
5279	8533	0.0261588
225	8533	0.0261588
3999	8534	0.0731164
5674	8534	0.0731164
5858	8535	0.0706054
234	8535	0.0706054
645	8536	0.021518
2610	8536	0.021518
3624	8537	0.0528848
256	8537	0.0528848
3467	8538	0.0237958
3591	8538	0.0237958
4375	8539	0.0248585
3251	8539	0.0248585
2165	8540	0.0952724
613	8540	0.0952724
5055	8541	0.0819698
8540	8541	0.0819698
268	8542	0.0354278
8541	8542	0.0354278
3380	8543	0.402263
2802	8543	0.402263
8543	8544	0.113391
1281	8544	0.113391
8544	8545	0.0505947
274	8545	0.0505947
4214	8546	0.0321136
1252	8546	0.0321136
8545	8547	0.0313793
8546	8547	0.0313793
3899	8548	0.0311098
8547	8548	0.0311098
384	8549	0.0279176
8548	8549	0.0279176
1090	8550	0.0278404
8549	8550	0.0278404
8550	8551	0.027677
2660	8551	0.027677
8551	8552	0.0245962
4482	8552	0.0245962
8552	8553	0.0235081
3357	8553	0.0235081
8553	8554	0.0232059
863	8554	0.0232059
8554	8555	0.0213948
935	8555	0.0213948
3329	8556	0.159066
281	8556	0.159066
4119	8557	0.0250198
8556	8557	0.0250198
1269	8558	0.390539
5625	8558	0.390539
8558	8559	0.0272623
2869	8559	0.0272623
291	8560	0.133213
2942	8560	0.133213
5789	8561	0.026175
447	8561	0.026175
2208	8562	0.0208931
5589	8562	0.0208931
6021	8563	0.0446043
3273	8563	0.0446043
5072	8564	0.0204129
5019	8564	0.0204129
4291	8565	0.0251196
2906	8565	0.0251196
8565	8566	0.0221054
4970	8566	0.0221054
8566	8567	0.0218298
796	8567	0.0218298
8567	8568	0.0210926
5296	8568	0.0210926
5754	8569	0.0475275
4423	8569	0.0475275
312	8570	0.0470693
8569	8570	0.0470693
8570	8571	0.0373574
3216	8571	0.0373574
568	8572	0.11988
5325	8572	0.11988
3932	8573	0.0364496
5722	8573	0.0364496
3774	8574	0.0351308
8573	8574	0.0351308
1520	8575	0.0351152
8574	8575	0.0351152
5959	8576	0.0422705
326	8576	0.0422705
329	8577	0.207302
420	8577	0.207302
431	8578	0.18686
4599	8578	0.18686
8578	8579	0.145244
4519	8579	0.145244
5545	8580	0.0354523
1603	8580	0.0354523
4719	8581	0.0345027
2912	8581	0.0345027
8581	8582	0.0237367
1835	8582	0.0237367
4780	8583	0.0416515
4798	8583	0.0416515
5064	8584	0.0461933
2252	8584	0.0461933
5911	8585	0.0690769
5618	8585	0.0690769
5619	8586	0.0632264
8585	8586	0.0632264
8586	8587	0.0591106
5900	8587	0.0591106
8587	8588	0.0261807
813	8588	0.0261807
5745	8589	0.0252544
8588	8589	0.0252544
5083	8590	0.0244554
8589	8590	0.0244554
587	8591	0.0213012
4702	8591	0.0213012
8591	8592	0.0204268
3922	8592	0.0204268
4265	8593	0.202301
2872	8593	0.202301
8593	8594	0.142694
2453	8594	0.142694
8594	8595	0.0886668
4305	8595	0.0886668
441	8596	0.127113
3692	8596	0.127113
1806	8597	0.109027
8596	8597	0.109027
8597	8598	0.102507
2757	8598	0.102507
2466	8598	0.102507
609	8599	0.0308317
2094	8599	0.0308317
5154	8599	0.0308317
4454	8600	0.0456452
2777	8600	0.0456452
357	8601	0.0958425
2900	8601	0.0958425
5879	8602	0.0250815
368	8602	0.0250815
4450	8603	0.024817
8602	8603	0.024817
3057	8604	0.165789
2469	8604	0.165789
8604	8605	0.101873
369	8605	0.101873
1820	8606	0.0385209
1832	8606	0.0385209
8606	8607	0.0326251
1461	8607	0.0326251
8607	8608	0.0260277
3664	8608	0.0260277
8608	8609	0.0251132
3383	8609	0.0251132
4038	8610	0.039012
809	8610	0.039012
5451	8611	0.0316448
8610	8611	0.0316448
4483	8612	0.204186
380	8612	0.204186
386	8613	0.225538
4697	8613	0.225538
8613	8614	0.0209112
3691	8614	0.0209112
3763	8615	0.0614698
2461	8615	0.0614698
3634	8616	0.0752837
1406	8616	0.0752837
2324	8617	0.075236
8616	8617	0.075236
4262	8618	0.0203972
811	8618	0.0203972
4796	8619	0.0223995
3250	8619	0.0223995
3480	8620	0.115488
409	8620	0.115488
8620	8621	0.0663685
3037	8621	0.0663685
3601	8622	0.0533904
8621	8622	0.0533904
3198	8623	0.0530157
8622	8623	0.0530157
4446	8624	0.0485234
4979	8624	0.0485234
419	8625	0.0660298
2806	8625	0.0660298
3379	8626	0.039012
2084	8626	0.039012
436	8627	0.0730125
4147	8627	0.0730125
5372	8628	0.0662875
8627	8628	0.0662875
3144	8629	0.056083
8628	8629	0.056083
2542	8630	0.0465124
8629	8630	0.0465124
3672	8631	0.0440266
8630	8631	0.0440266
440	8632	0.0786002
472	8632	0.0786002
2474	8633	0.058959
4737	8633	0.058959
2531	8634	0.0418389
2418	8634	0.0418389
4094	8635	0.051563
913	8635	0.051563
1127	8636	0.0473567
856	8636	0.0473567
911	8637	0.0423495
496	8637	0.0423495
3218	8638	0.104705
3927	8638	0.104705
1344	8639	0.0789906
3905	8639	0.0789906
517	8640	0.0777154
8639	8640	0.0777154
5816	8641	0.0771446
2350	8641	0.0771446
8641	8642	0.0429321
6025	8642	0.0429321
8642	8643	0.0276819
528	8643	0.0276819
5475	8643	0.0276819
1562	8644	0.0236636
8643	8644	0.0236636
2031	8645	0.611022
6074	8645	0.611022
533	8646	0.107649
3610	8646	0.107649
8646	8647	0.0683746
4272	8647	0.0683746
8647	8648	0.0427847
4046	8648	0.0427847
8648	8649	0.0362204
1691	8649	0.0362204
8649	8650	0.035586
2677	8650	0.035586
8650	8651	0.0341514
1800	8651	0.0341514
6067	8652	0.0239662
2038	8652	0.0239662
3478	8653	0.183631
3569	8653	0.183631
4896	8654	0.118784
2885	8654	0.118784
4552	8655	0.0511395
706	8655	0.0511395
5340	8656	0.0380224
8655	8656	0.0380224
8656	8657	0.03213
5406	8657	0.03213
8654	8658	0.0268698
8657	8658	0.0268698
4345	8659	0.0258265
8658	8659	0.0258265
3114	8660	0.0596532
3239	8660	0.0596532
8660	8661	0.0349474
3491	8661	0.0349474
8661	8662	0.0277813
4917	8662	0.0277813
8662	8663	0.0231445
4683	8663	0.0231445
4154	8664	0.0336089
5373	8664	0.0336089
8664	8665	0.030739
547	8665	0.030739
8665	8666	0.0213873
3488	8666	0.0213873
2280	8667	0.045688
4056	8667	0.045688
5758	8668	0.0314521
5807	8668	0.0314521
3061	8669	0.0402614
869	8669	0.0402614
3539	8670	0.353743
614	8670	0.353743
2496	8671	0.0540964
2572	8671	0.0540964
4777	8672	0.0441177
8671	8672	0.0441177
3248	8673	0.0991069
5274	8673	0.0991069
2256	8674	0.0979193
8673	8674	0.0979193
620	8675	0.0609038
3095	8675	0.0609038
4905	8676	0.244468
4297	8676	0.244468
657	8677	0.0252131
2133	8677	0.0252131
2113	8678	0.457205
672	8678	0.457205
3342	8679	0.12331
1006	8679	0.12331
8679	8680	0.0519059
674	8680	0.0519059
3122	8681	0.0392825
5178	8681	0.0392825
684	8682	0.0381369
3240	8682	0.0381369
1224	8683	0.0285398
695	8683	0.0285398
8683	8684	0.0246077
5615	8684	0.0246077
8684	8685	0.0243891
4402	8685	0.0243891
8685	8686	0.0213967
5171	8686	0.0213967
1398	8687	0.10489
3276	8687	0.10489
8687	8688	0.0889969
2512	8688	0.0889969
700	8689	0.0896822
5915	8689	0.0896822
5409	8690	0.210545
712	8690	0.210545
8690	8691	0.134333
4461	8691	0.134333
5300	8692	0.161021
4902	8692	0.161021
726	8693	0.0587245
5715	8693	0.0587245
4371	8694	0.0974793
4421	8694	0.0974793
8694	8695	0.0392647
745	8695	0.0392647
755	8696	0.122364
2356	8696	0.122364
5443	8697	0.0259468
765	8697	0.0259468
4821	8698	0.0399825
770	8698	0.0399825
8698	8699	0.0377541
1228	8699	0.0377541
8699	8700	0.0299167
5042	8700	0.0299167
8700	8701	0.0213617
5039	8701	0.0213617
1359	8702	0.024412
773	8702	0.024412
1155	8703	0.0204199
8702	8703	0.0204199
5743	8704	0.0470055
4506	8704	0.0470055
8704	8705	0.0417117
4527	8705	0.0417117
8705	8706	0.0393101
4650	8706	0.0393101
8706	8707	0.0223949
3348	8707	0.0223949
5883	8708	0.673829
1145	8708	0.673829
5666	8709	0.0709598
5664	8709	0.0709598
8709	8710	0.0536073
1262	8710	0.0536073
2601	8711	0.0790168
5679	8711	0.0790168
3068	8712	0.0554721
832	8712	0.0554721
4848	8713	0.0668305
4067	8713	0.0668305
2132	8714	0.0249082
1630	8714	0.0249082
4673	8715	0.0639998
4813	8715	0.0639998
8715	8716	0.0508596
5592	8716	0.0508596
4379	8717	0.116304
1151	8717	0.116304
8716	8718	0.0467232
3287	8718	0.0467232
1827	8719	0.0465657
8718	8719	0.0465657
855	8720	0.0463476
8719	8720	0.0463476
8720	8721	0.0317031
8717	8721	0.0317031
1518	8722	0.0447768
4685	8722	0.0447768
3411	8723	0.0470125
873	8723	0.0470125
888	8724	0.0717839
1807	8724	0.0717839
4641	8725	0.122071
3877	8725	0.122071
2975	8726	0.105197
928	8726	0.105197
5490	8727	0.0781143
8726	8727	0.0781143
3335	8728	0.3832
945	8728	0.3832
8728	8729	0.0522304
3415	8729	0.0522304
5782	8729	0.0522304
8729	8730	0.0231123
5786	8730	0.0231123
1063	8731	0.081035
950	8731	0.081035
8731	8732	0.0226913
5694	8732	0.0226913
3377	8733	0.29768
3167	8733	0.29768
8733	8734	0.0648106
958	8734	0.0648106
1021	8735	0.0222685
1378	8735	0.0222685
1915	8736	0.0370246
3343	8736	0.0370246
4949	8737	0.113594
985	8737	0.113594
4666	8738	0.102353
3873	8738	0.102353
8738	8739	0.0943714
1688	8739	0.0943714
8739	8740	0.087628
5663	8740	0.087628
8740	8741	0.0380716
1595	8741	0.0380716
8741	8742	0.0204617
1018	8742	0.0204617
1043	8743	0.0499712
2752	8743	0.0499712
3233	8744	0.131621
5124	8744	0.131621
1086	8745	0.10037
2645	8745	0.10037
1944	8746	0.128736
4944	8746	0.128736
8746	8747	0.0607552
5228	8747	0.0607552
1539	8748	0.0275946
1190	8748	0.0275946
2766	8749	0.313953
5195	8749	0.313953
8749	8750	0.260469
4692	8750	0.260469
1470	8751	0.0214901
5963	8751	0.0214901
1444	8752	0.0212536
8751	8752	0.0212536
2321	8753	0.0774989
1260	8753	0.0774989
1278	8754	0.285361
3318	8754	0.285361
1418	8755	0.161216
1302	8755	0.161216
3017	8756	0.0671998
5339	8756	0.0671998
1343	8757	0.233551
2247	8757	0.233551
6017	8758	0.0972413
1389	8758	0.0972413
8758	8759	0.0923078
3582	8759	0.0923078
2745	8760	0.0790609
8759	8760	0.0790609
2342	8761	0.0211727
1417	8761	0.0211727
1422	8762	0.0641575
3833	8762	0.0641575
1438	8763	0.125353
2376	8763	0.125353
1561	8764	0.125063
4030	8764	0.125063
1512	8765	0.060577
3185	8765	0.060577
2072	8766	0.13297
1527	8766	0.13297
1891	8767	0.267618
1536	8767	0.267618
4567	8768	0.0510713
2597	8768	0.0510713
4259	8769	0.042261
8768	8769	0.042261
1575	8770	0.0615542
3381	8770	0.0615542
3274	8771	0.133459
3863	8771	0.133459
4919	8772	0.0284095
8771	8772	0.0284095
4222	8773	0.0380438
2855	8773	0.0380438
2163	8774	0.0358014
8773	8774	0.0358014
2907	8775	0.0274754
5010	8775	0.0274754
5517	8776	0.0764883
1676	8776	0.0764883
1699	8777	0.0463105
2923	8777	0.0463105
5631	8778	0.0285042
3418	8778	0.0285042
2657	8779	0.0449447
1732	8779	0.0449447
1775	8780	0.392114
3060	8780	0.392114
2686	8780	0.392114
5230	8781	0.0529864
5868	8781	0.0529864
1947	8782	0.0250299
1924	8782	0.0250299
2008	8783	0.0205393
1984	8783	0.0205393
5118	8784	0.263295
2034	8784	0.263295
4934	8785	0.219317
8784	8785	0.219317
2071	8786	0.0259819
5937	8786	0.0259819
3650	8787	0.0271077
2086	8787	0.0271077
8787	8788	0.0217207
2074	8788	0.0217207
3879	8789	0.0245685
2911	8789	0.0245685
5799	8790	0.0772046
2088	8790	0.0772046
5788	8791	0.0768795
8790	8791	0.0768795
3124	8792	0.0610959
3957	8792	0.0610959
2125	8793	0.242975
2693	8793	0.242975
8793	8794	0.177231
5162	8794	0.177231
8794	8795	0.0953692
5089	8795	0.0953692
2348	8796	0.074206
8795	8796	0.074206
2956	8797	0.234253
2136	8797	0.234253
2147	8798	0.0467818
3041	8798	0.0467818
2173	8799	0.107848
4465	8799	0.107848
3703	8800	0.276671
2694	8800	0.276671
3825	8801	0.0294186
2513	8801	0.0294186
3626	8802	0.0971726
2878	8802	0.0971726
3177	8803	0.134404
4006	8803	0.134404
8803	8804	0.0945896
5324	8804	0.0945896
5416	8805	0.413958
5787	8805	0.413958
8805	8806	0.373686
5721	8806	0.373686
3611	8807	0.0231457
2437	8807	0.0231457
2470	8808	0.128687
4246	8808	0.128687
4268	8808	0.128687
5698	8808	0.128687
2632	8809	0.0774884
4193	8809	0.0774884
5012	8810	0.0474746
4068	8810	0.0474746
3524	8811	0.0548537
4654	8811	0.0548537
3257	8812	0.0550012
2905	8812	0.0550012
5375	8813	0.112056
3689	8813	0.112056
4644	8814	0.142588
5179	8814	0.142588
8814	8815	0.109457
4417	8815	0.109457
5270	8816	0.0741486
3042	8816	0.0741486
3165	8817	0.0318049
5870	8817	0.0318049
3605	8818	0.0591359
3364	8818	0.0591359
6072	8819	0.132384
3635	8819	0.132384
3636	8820	0.152196
3847	8820	0.152196
5169	8821	0.193948
3676	8821	0.193948
4206	8822	0.0275946
4903	8822	0.0275946
5349	8823	0.0214128
8822	8823	0.0214128
4543	8824	0.048419
4290	8824	0.048419
4940	8825	0.094314
4714	8825	0.094314
4855	8826	0.388639
4800	8826	0.388639
5160	8827	0.110627
4853	8827	0.110627
5860	8828	0.0653475
4901	8828	0.0653475
5307	8829	0.130186
5272	8829	0.130186
5569	8830	0.0253679
5817	8830	0.0253679
6081	8831	0.0115139
1882	8831	0.0115139
8831	8832	0.0113344
8823	8832	0.0113344
4828	8833	0.0114994
506	8833	0.0114994
8833	8834	0.00896063
8832	8834	0.00896063
5127	8835	0.00892067
4138	8835	0.00892067
5146	8836	0.00867644
8835	8836	0.00867644
4028	8837	0.0137607
4803	8837	0.0137607
3586	8838	0.0199511
943	8838	0.0199511
2146	8839	0.0150742
3409	8839	0.0150742
8839	8840	0.0128582
2524	8840	0.0128582
8527	8841	0.00858503
4343	8841	0.00858503
6103	8842	0.014022
1191	8842	0.014022
4946	8843	0.00903891
1435	8843	0.00903891
2857	8844	0.010561
5624	8844	0.010561
1855	8845	0.0152941
5602	8845	0.0152941
5214	8846	0.0101643
4157	8846	0.0101643
3227	8847	0.0137947
8761	8847	0.0137947
8847	8848	0.0122177
1015	8848	0.0122177
2789	8849	0.0151624
1633	8849	0.0151624
8849	8850	0.00959302
5856	8850	0.00959302
4248	8851	0.0129152
8737	8851	0.0129152
4444	8852	0.0116322
8851	8852	0.0116322
3723	8853	0.0194392
8659	8853	0.0194392
8769	8854	0.0188411
2964	8854	0.0188411
8764	8855	0.00953759
8765	8855	0.00953759
1133	8856	0.00924396
1510	8856	0.00924396
435	8857	0.0114031
1284	8857	0.0114031
2547	8858	0.0159951
6114	8858	0.0159951
4988	8859	0.0107983
708	8859	0.0107983
5924	8860	0.0189132
5921	8860	0.0189132
5923	8860	0.0189132
5914	8860	0.0189132
8860	8861	0.0188056
5912	8861	0.0188056
1440	8862	0.0121025
8861	8862	0.0121025
5752	8863	0.00943254
6070	8863	0.00943254
32	8864	0.0108872
4894	8864	0.0108872
4546	8865	0.00840177
1188	8865	0.00840177
2611	8866	0.0129396
790	8866	0.0129396
1069	8867	0.0128382
5329	8867	0.0128382
978	8868	0.0173912
3822	8868	0.0173912
5682	8869	0.0122519
5603	8869	0.0122519
2296	8870	0.0119302
3745	8870	0.0119302
5599	8871	0.014722
1082	8871	0.014722
3191	8872	0.0161155
8572	8872	0.0161155
4891	8873	0.0167591
5809	8873	0.0167591
93	8874	0.0142591
8772	8874	0.0142591
857	8875	0.0164614
439	8875	0.0164614
3660	8876	0.0147009
5955	8876	0.0147009
6099	8877	0.0169704
4396	8877	0.0169704
8471	8878	0.0140275
3623	8878	0.0140275
4942	8879	0.0129699
3801	8879	0.0129699
5644	8880	0.0129308
8879	8880	0.0129308
3754	8881	0.0190581
5934	8881	0.0190581
5780	8882	0.0184019
8881	8882	0.0184019
5979	8883	0.0169126
8882	8883	0.0169126
4743	8884	0.0160112
8804	8884	0.0160112
8450	8885	0.0199374
946	8885	0.0199374
5156	8886	0.0190345
1609	8886	0.0190345
967	8887	0.0181031
7	8887	0.0181031
3537	8888	0.0190538
4469	8888	0.0190538
679	8889	0.0179214
2305	8889	0.0179214
702	8890	0.0193604
1391	8890	0.0193604
1460	8891	0.0183544
294	8891	0.0183544
2664	8892	0.0195902
254	8892	0.0195902
1232	8893	0.0182384
8663	8893	0.0182384
8478	8894	0.0179208
8893	8894	0.0179208
4869	8895	0.0178236
8894	8895	0.0178236
8458	8896	0.0184497
5530	8896	0.0184497
8598	8897	0.0195696
3150	8897	0.0195696
3852	8898	0.0180055
8433	8898	0.0180055
5542	8899	0.0178888
8898	8899	0.0178888
3790	8900	0.0201618
6166	8900	0.0201618
3780	8901	0.0202943
8374	8901	0.0202943
8901	8902	0.0202933
991	8902	0.0202933
8902	8903	0.0202836
3851	8903	0.0202836
4400	8904	0.0202776
8903	8904	0.0202776
8904	8905	0.0202543
4178	8905	0.0202543
3497	8906	0.0202417
8905	8906	0.0202417
2391	8907	0.0202132
8906	8907	0.0202132
5520	8908	0.0202121
8907	8908	0.0202121
8908	8909	0.0202072
1983	8909	0.0202072
8909	8910	0.0201993
1779	8910	0.0201993
48	8911	0.0201918
8910	8911	0.0201918
4752	8912	0.020191
8911	8912	0.020191
8912	8913	0.0201837
3127	8913	0.0201837
3909	8914	0.0201624
8913	8914	0.0201624
8914	8915	0.0201576
289	8915	0.0201576
344	8916	0.0201493
6241	8916	0.0201493
8915	8916	0.0201493
8916	8917	0.020111
8644	8917	0.020111
8917	8918	0.0201066
5034	8918	0.0201066
8918	8919	0.0201007
787	8919	0.0201007
680	8920	0.0200615
8919	8920	0.0200615
3071	8921	0.0200594
8920	8921	0.0200594
8921	8922	0.0200448
974	8922	0.0200448
5806	8923	0.0200412
8922	8923	0.0200412
8923	8924	0.0200233
3598	8924	0.0200233
8924	8925	0.0200214
5864	8925	0.0200214
3051	8926	0.02002
8925	8926	0.02002
8926	8927	0.0199986
8397	8927	0.0199986
8927	8928	0.0199871
280	8928	0.0199871
1632	8929	0.0199787
8928	8929	0.0199787
4057	8930	0.0202227
8618	8930	0.0202227
120	8931	0.0199776
8929	8931	0.0199776
6189	8932	0.0199547
8931	8932	0.0199547
8932	8933	0.0199374
2454	8933	0.0199374
4093	8934	0.0199345
8933	8934	0.0199345
2186	8935	0.0199278
8934	8935	0.0199278
3175	8936	0.0199243
8935	8936	0.0199243
531	8936	0.0199243
8936	8937	0.0199183
4660	8937	0.0199183
5197	8938	0.0199116
8937	8938	0.0199116
8938	8939	0.019907
1997	8939	0.019907
5583	8939	0.019907
1282	8940	0.0198966
8939	8940	0.0198966
4801	8941	0.0198867
8940	8941	0.0198867
6226	8942	0.0198859
8941	8942	0.0198859
2206	8943	0.0198495
8942	8943	0.0198495
8943	8944	0.0198292
462	8944	0.0198292
8900	8945	0.019826
8944	8945	0.019826
8945	8946	0.0198202
1760	8946	0.0198202
8946	8947	0.0198021
668	8947	0.0198021
2926	8947	0.0198021
8947	8948	0.0197928
5378	8948	0.0197928
8948	8949	0.0197879
2253	8949	0.0197879
8949	8950	0.0197762
8930	8950	0.0197762
6095	8951	0.0197715
8950	8951	0.0197715
5470	8952	0.0197668
8951	8952	0.0197668
1532	8953	0.0197468
1533	8953	0.0197468
6211	8954	0.0197335
8952	8954	0.0197335
6104	8955	0.0197203
5163	8955	0.0197203
8954	8955	0.0197203
6121	8956	0.0197174
8955	8956	0.0197174
8956	8957	0.0197137
1419	8957	0.0197137
8957	8958	0.0196834
4412	8958	0.0196834
8958	8959	0.0196706
2853	8959	0.0196706
5408	8959	0.0196706
8959	8960	0.0196543
4035	8960	0.0196543
8953	8960	0.0196543
3542	8961	0.0196494
8960	8961	0.0196494
8961	8962	0.0196418
4824	8962	0.0196418
6249	8963	0.0196264
8962	8963	0.0196264
8963	8964	0.0196209
3489	8964	0.0196209
8964	8965	0.0196144
8827	8965	0.0196144
8965	8966	0.0196123
3859	8966	0.0196123
6162	8967	0.019606
8966	8967	0.019606
8967	8968	0.0195723
8730	8968	0.0195723
5560	8969	0.0195007
8968	8969	0.0195007
8969	8970	0.0194842
3278	8970	0.0194842
8970	8971	0.0194702
885	8971	0.0194702
8971	8972	0.0194656
52	8972	0.0194656
8972	8973	0.0194575
2638	8973	0.0194575
3089	8974	0.0194557
8973	8974	0.0194557
8974	8975	0.0194318
524	8975	0.0194318
8975	8976	0.0194274
759	8976	0.0194274
1388	8977	0.0194247
8976	8977	0.0194247
8977	8978	0.0194179
4220	8978	0.0194179
5824	8979	0.0194081
8978	8979	0.0194081
5848	8979	0.0194081
6086	8980	0.0194054
8979	8980	0.0194054
8980	8981	0.0194017
3358	8981	0.0194017
8981	8982	0.0193819
1428	8982	0.0193819
8982	8983	0.0193672
2246	8983	0.0193672
4761	8983	0.0193672
4071	8984	0.0193635
8983	8984	0.0193635
8984	8985	0.0193567
2732	8985	0.0193567
8985	8986	0.0193535
4491	8986	0.0193535
2587	8987	0.0193472
8986	8987	0.0193472
3290	8988	0.0193224
8987	8988	0.0193224
3441	8989	0.0193157
8988	8989	0.0193157
8989	8990	0.0193073
8752	8990	0.0193073
5017	8991	0.0192907
8990	8991	0.0192907
8991	8992	0.0192764
2948	8992	0.0192764
8992	8993	0.019269
1880	8993	0.019269
8993	8994	0.0192611
8666	8994	0.0192611
8994	8995	0.0192478
2703	8995	0.0192478
5512	8996	0.0192461
8995	8996	0.0192461
3828	8997	0.0192453
8996	8997	0.0192453
460	8998	0.0192381
8997	8998	0.0192381
8998	8999	0.0192246
8603	8999	0.0192246
8999	9000	0.0192122
5528	9000	0.0192122
9000	9001	0.019191
2498	9001	0.019191
9001	9002	0.0191802
2291	9002	0.0191802
9002	9003	0.0191764
1785	9003	0.0191764
9003	9004	0.0191717
2209	9004	0.0191717
9004	9005	0.0191661
5426	9005	0.0191661
6228	9006	0.019165
9005	9006	0.019165
9006	9007	0.019147
5804	9007	0.019147
9007	9008	0.0191238
1369	9008	0.0191238
4682	9009	0.0191174
9008	9009	0.0191174
5043	9010	0.0191168
9009	9010	0.0191168
9010	9011	0.0191086
561	9011	0.0191086
9011	9012	0.0191078
1251	9012	0.0191078
9012	9013	0.0190986
3132	9013	0.0190986
9013	9014	0.0190859
736	9014	0.0190859
9014	9015	0.0190751
2095	9015	0.0190751
9015	9016	0.0190405
2343	9016	0.0190405
9016	9017	0.0190345
3727	9017	0.0190345
1094	9018	0.0202803
8413	9018	0.0202803
8503	9019	0.01948
3275	9019	0.01948
8536	9020	0.0193244
241	9020	0.0193244
9020	9021	0.0192901
3109	9021	0.0192901
5244	9022	0.0197563
8592	9022	0.0197563
8590	9023	0.019042
9022	9023	0.019042
8703	9024	0.0195305
3986	9024	0.0195305
8721	9025	0.019101
1201	9025	0.019101
8744	9026	0.0192562
1077	9026	0.0192562
9017	9027	0.0190297
3205	9027	0.0190297
4596	9027	0.0190297
1238	9028	0.0190209
9027	9028	0.0190209
9028	9029	0.0190143
9023	9029	0.0190143
9029	9030	0.0190097
852	9030	0.0190097
9030	9031	0.0189963
1634	9031	0.0189963
6124	9032	0.018979
9031	9032	0.018979
8459	9033	0.0189364
9032	9033	0.0189364
9033	9034	0.0189305
34	9034	0.0189305
1441	9035	0.0189122
9034	9035	0.0189122
6168	9036	0.0189048
9035	9036	0.0189048
9036	9037	0.0188942
3632	9037	0.0188942
9037	9038	0.0188639
3449	9038	0.0188639
9038	9039	0.0188227
37	9039	0.0188227
5181	9039	0.0188227
5521	9040	0.0188137
9039	9040	0.0188137
2658	9041	0.0188056
9040	9041	0.0188056
9041	9042	0.0188026
1375	9042	0.0188026
9042	9043	0.01879
848	9043	0.01879
1747	9044	0.0187895
9043	9044	0.0187895
9044	9045	0.0187868
4109	9045	0.0187868
9045	9046	0.0187818
3529	9046	0.0187818
365	9047	0.0187722
9046	9047	0.0187722
8531	9048	0.018766
9047	9048	0.018766
9048	9049	0.0187642
3283	9049	0.0187642
3390	9049	0.0187642
3320	9050	0.0187319
9049	9050	0.0187319
9050	9051	0.0187033
1146	9051	0.0187033
2503	9052	0.0187016
9051	9052	0.0187016
9052	9053	0.0186882
1119	9053	0.0186882
9053	9054	0.0186868
673	9054	0.0186868
9054	9055	0.0186733
8539	9055	0.0186733
9055	9056	0.0186433
537	9056	0.0186433
9056	9057	0.0186375
9018	9057	0.0186375
8533	9057	0.0186375
1702	9057	0.0186375
3573	9057	0.0186375
8599	9057	0.0186375
3699	9058	0.0185624
9057	9058	0.0185624
4716	9059	0.0185614
9058	9059	0.0185614
9059	9060	0.0185368
4751	9060	0.0185368
9060	9061	0.0185294
4696	9061	0.0185294
4926	9062	0.0185174
9061	9062	0.0185174
5865	9063	0.018504
9062	9063	0.018504
502	9064	0.0184765
9063	9064	0.0184765
9064	9065	0.018475
530	9065	0.018475
6184	9066	0.0184535
8514	9066	0.0184535
9065	9066	0.0184535
1839	9066	0.0184535
9066	9067	0.0184452
9025	9067	0.0184452
6115	9068	0.0184442
9067	9068	0.0184442
6052	9069	0.0184707
1961	9069	0.0184707
9068	9070	0.0184183
1968	9070	0.0184183
6126	9071	0.0184151
9070	9071	0.0184151
9071	9072	0.0184069
9069	9072	0.0184069
9072	9073	0.0184031
2240	9073	0.0184031
9073	9074	0.0183973
1244	9074	0.0183973
9074	9075	0.0183914
9021	9075	0.0183914
2176	9076	0.0183779
9075	9076	0.0183779
132	9077	0.0183592
9076	9077	0.0183592
9077	9078	0.0183544
3408	9078	0.0183544
9078	9079	0.018338
1663	9079	0.018338
1664	9080	0.0183212
9079	9080	0.0183212
9080	9081	0.018303
542	9081	0.018303
5161	9082	0.0182951
9081	9082	0.0182951
8695	9083	0.0186216
4275	9083	0.0186216
5697	9084	0.0182886
1487	9084	0.0182886
8528	9085	0.0182485
9082	9085	0.0182485
9085	9086	0.0182477
2203	9086	0.0182477
9086	9087	0.0182391
2172	9087	0.0182391
4002	9088	0.018236
9087	9088	0.018236
9088	9089	0.0182163
2025	9089	0.0182163
6181	9090	0.0182035
9089	9090	0.0182035
9090	9091	0.0181907
9083	9091	0.0181907
8638	9092	0.0181694
9091	9092	0.0181694
9092	9093	0.0181617
4613	9093	0.0181617
4472	9094	0.0181515
9093	9094	0.0181515
6167	9095	0.0181425
9094	9095	0.0181425
9084	9096	0.0181358
9095	9096	0.0181358
9096	9097	0.0181349
4060	9097	0.0181349
9097	9098	0.0181305
1971	9098	0.0181305
2353	9099	0.0181207
9098	9099	0.0181207
9099	9100	0.018119
4686	9100	0.018119
9100	9101	0.0181076
467	9101	0.0181076
9101	9102	0.0180986
9026	9102	0.0180986
9102	9103	0.0180902
4670	9103	0.0180902
9103	9104	0.0180707
2848	9104	0.0180707
3631	9105	0.0180414
9104	9105	0.0180414
1415	9105	0.0180414
9105	9106	0.0180289
2002	9106	0.0180289
9106	9107	0.0180244
3495	9107	0.0180244
9107	9108	0.0180226
9024	9108	0.0180226
5417	9109	0.0180074
9108	9109	0.0180074
3142	9110	0.0180006
9109	9110	0.0180006
9110	9111	0.0179794
4386	9111	0.0179794
6224	9112	0.0179778
9111	9112	0.0179778
4739	9113	0.0179729
9112	9113	0.0179729
9113	9114	0.0179657
4062	9114	0.0179657
2509	9115	0.0179527
9114	9115	0.0179527
9115	9116	0.0179491
2616	9116	0.0179491
6165	9117	0.0179462
9116	9117	0.0179462
1890	9117	0.0179462
9117	9118	0.0179412
5990	9118	0.0179412
9118	9119	0.0179265
1173	9119	0.0179265
9119	9120	0.0179214
5445	9120	0.0179214
9120	9121	0.0179195
8686	9121	0.0179195
9121	9122	0.0179136
2847	9122	0.0179136
9122	9123	0.017891
2913	9123	0.017891
1842	9124	0.0178863
9123	9124	0.0178863
9124	9125	0.0178786
992	9125	0.0178786
9125	9126	0.0178729
919	9126	0.0178729
9126	9127	0.0178482
5755	9127	0.0178482
4730	9128	0.0178367
9127	9128	0.0178367
9128	9129	0.0178107
4453	9129	0.0178107
9129	9130	0.0178071
4086	9130	0.0178071
5851	9130	0.0178071
9130	9131	0.0178058
5973	9131	0.0178058
3065	9132	0.0177984
9131	9132	0.0177984
2444	9133	0.0177946
9132	9133	0.0177946
2697	9134	0.0177898
6160	9134	0.0177898
9133	9134	0.0177898
9134	9135	0.0177845
62	9135	0.0177845
305	9136	0.0177823
9135	9136	0.0177823
8555	9136	0.0177823
9136	9137	0.0177522
1349	9137	0.0177522
3000	9137	0.0177522
9137	9138	0.0177427
9019	9138	0.0177427
9138	9139	0.0177365
1963	9139	0.0177365
8380	9140	0.0200815
8517	9140	0.0200815
8461	9141	0.0178944
2700	9141	0.0178944
8707	9142	0.0198427
4547	9142	0.0198427
5299	9143	0.0190431
8788	9143	0.0190431
8680	9144	0.0177426
5151	9144	0.0177426
8714	9145	0.0180399
4480	9145	0.0180399
5825	9146	0.0189583
910	9146	0.0189583
3883	9147	0.0174656
6196	9147	0.0174656
2369	9148	0.0175267
8890	9148	0.0175267
621	9149	0.0171728
9148	9149	0.0171728
5869	9150	0.0171253
9149	9150	0.0171253
8899	9151	0.0168684
3082	9151	0.0168684
1897	9152	0.0167779
2336	9152	0.0167779
6158	9153	0.0175508
8896	9153	0.0175508
485	9154	0.0177068
9139	9154	0.0177068
3288	9155	0.0177014
9154	9155	0.0177014
8895	9156	0.0176831
9155	9156	0.0176831
2344	9156	0.0176831
9156	9157	0.0176602
8420	9157	0.0176602
4505	9157	0.0176602
9157	9158	0.017644
5929	9158	0.017644
9158	9159	0.017623
5263	9159	0.017623
9159	9160	0.017621
4312	9160	0.017621
6229	9161	0.0176198
9160	9161	0.0176198
519	9162	0.017609
9161	9162	0.017609
4967	9163	0.0176022
9162	9163	0.0176022
6220	9164	0.0175955
9163	9164	0.0175955
8781	9165	0.0175904
9164	9165	0.0175904
2505	9165	0.0175904
9143	9166	0.0176105
9144	9166	0.0176105
9165	9167	0.0175876
607	9167	0.0175876
9167	9168	0.0175686
8472	9168	0.0175686
3140	9168	0.0175686
9168	9169	0.0175635
9142	9169	0.0175635
9166	9169	0.0175635
2447	9170	0.017557
9169	9170	0.017557
9170	9171	0.0175199
774	9171	0.0175199
9171	9172	0.0174924
346	9172	0.0174924
9172	9173	0.0174914
429	9173	0.0174914
9173	9174	0.0174896
5819	9174	0.0174896
2808	9175	0.0174882
9174	9175	0.0174882
9175	9176	0.0174725
8498	9176	0.0174725
9176	9177	0.0174694
1311	9177	0.0174694
9177	9178	0.0174531
5972	9178	0.0174531
9178	9179	0.0174379
3627	9179	0.0174379
1152	9179	0.0174379
4693	9180	0.017437
9179	9180	0.017437
1912	9181	0.0174345
9180	9181	0.0174345
2865	9182	0.0174149
9181	9182	0.0174149
9182	9183	0.0174026
3936	9183	0.0174026
6180	9184	0.017402
9183	9184	0.017402
9184	9185	0.017395
1761	9185	0.017395
9185	9186	0.0173912
1117	9186	0.0173912
9186	9187	0.0173694
1682	9187	0.0173694
9187	9188	0.0173672
2663	9188	0.0173672
9188	9189	0.0173647
3046	9189	0.0173647
9189	9190	0.0173524
5247	9190	0.0173524
9190	9191	0.0173513
3459	9191	0.0173513
3414	9192	0.0173504
9191	9192	0.0173504
9192	9193	0.017334
3485	9193	0.017334
9193	9194	0.0173174
2557	9194	0.0173174
9194	9195	0.017315
2696	9195	0.017315
989	9196	0.017302
9195	9196	0.017302
1301	9197	0.01728
9196	9197	0.01728
3806	9198	0.0172721
9197	9198	0.0172721
9198	9199	0.017268
3895	9199	0.017268
9199	9200	0.017259
2561	9200	0.017259
2749	9201	0.0172569
9200	9201	0.0172569
9201	9202	0.0172418
2574	9202	0.0172418
2550	9203	0.0172338
9202	9203	0.0172338
9203	9204	0.0172143
5579	9204	0.0172143
9204	9205	0.017212
5527	9205	0.017212
5808	9206	0.0172069
9205	9206	0.0172069
2644	9207	0.0175964
1881	9207	0.0175964
9206	9208	0.0172054
1265	9208	0.0172054
6194	9209	0.0171928
9208	9209	0.0171928
9209	9210	0.0171889
4542	9210	0.0171889
2331	9211	0.0171745
9210	9211	0.0171745
9211	9212	0.0171728
4572	9212	0.0171728
9212	9213	0.0171664
33	9213	0.0171664
9213	9214	0.017163
452	9214	0.017163
4349	9215	0.0171613
9214	9215	0.0171613
9215	9216	0.0171604
5794	9216	0.0171604
9216	9217	0.0171412
5449	9217	0.0171412
9217	9218	0.0171286
2759	9218	0.0171286
9218	9219	0.0171233
2573	9219	0.0171233
2824	9220	0.017111
9219	9220	0.017111
9220	9221	0.0171052
4806	9221	0.0171052
6223	9222	0.0171021
9221	9222	0.0171021
8891	9223	0.017084
9222	9223	0.017084
4954	9223	0.017084
9223	9224	0.0170832
8742	9224	0.0170832
8892	9225	0.0170511
9224	9225	0.0170511
6127	9226	0.0170068
8474	9226	0.0170068
9225	9226	0.0170068
3243	9226	0.0170068
9226	9227	0.0169883
1838	9227	0.0169883
1852	9228	0.0169792
9227	9228	0.0169792
3296	9228	0.0169792
9228	9229	0.0169781
5639	9229	0.0169781
9229	9230	0.0169694
1147	9230	0.0169694
9230	9231	0.0169659
3465	9231	0.0169659
9140	9232	0.0169672
1298	9232	0.0169672
9231	9233	0.0169627
2009	9233	0.0169627
9233	9234	0.016945
9207	9234	0.016945
9234	9235	0.0169223
3772	9235	0.0169223
9153	9236	0.0169155
2080	9236	0.0169155
9235	9236	0.0169155
9236	9237	0.0169144
667	9237	0.0169144
2257	9238	0.0169021
9237	9238	0.0169021
9238	9239	0.0168981
2698	9239	0.0168981
5944	9239	0.0168981
9239	9240	0.0168917
5028	9240	0.0168917
8688	9241	0.0168908
9240	9241	0.0168908
3994	9242	0.016883
9241	9242	0.016883
124	9243	0.0168658
9242	9243	0.0168658
9243	9244	0.0168436
1255	9244	0.0168436
9244	9245	0.0168391
5893	9245	0.0168391
9145	9246	0.01686
2965	9246	0.01686
9245	9247	0.0168324
9232	9247	0.0168324
512	9247	0.0168324
2178	9247	0.0168324
4973	9248	0.0168275
9247	9248	0.0168275
4996	9248	0.0168275
9248	9249	0.0168171
9246	9249	0.0168171
1680	9249	0.0168171
9249	9250	0.0167961
181	9250	0.0167961
6139	9251	0.0167915
9250	9251	0.0167915
2586	9252	0.0167875
9251	9252	0.0167875
9252	9253	0.0167867
8609	9253	0.0167867
9253	9254	0.0167855
1443	9254	0.0167855
9254	9255	0.0167846
487	9255	0.0167846
6227	9256	0.0167808
9255	9256	0.0167808
9256	9257	0.016775
4792	9257	0.016775
8668	9258	0.0175229
1751	9258	0.0175229
2307	9259	0.0171625
5291	9259	0.0171625
8615	9260	0.0166475
3115	9260	0.0166475
9260	9261	0.0166064
1210	9261	0.0166064
9257	9262	0.0167446
980	9262	0.0167446
8897	9263	0.0167364
9262	9263	0.0167364
9263	9264	0.0167274
3669	9264	0.0167274
9264	9265	0.0167208
4398	9265	0.0167208
2786	9266	0.0167065
9265	9266	0.0167065
9266	9267	0.0167008
818	9267	0.0167008
9267	9268	0.0166924
3176	9268	0.0166924
9268	9269	0.0166874
4020	9269	0.0166874
9269	9270	0.0166619
4989	9270	0.0166619
9270	9271	0.0166496
2068	9271	0.0166496
9271	9272	0.0166368
2057	9272	0.0166368
4646	9273	0.0166209
9272	9273	0.0166209
5108	9274	0.0166018
9273	9274	0.0166018
6109	9275	0.0165986
9274	9275	0.0165986
6257	9276	0.0165979
9275	9276	0.0165979
9276	9277	0.0165944
5004	9277	0.0165944
9261	9278	0.0165939
9277	9278	0.0165939
6185	9279	0.016587
9278	9279	0.016587
6225	9280	0.0165844
9279	9280	0.0165844
9280	9281	0.016578
4664	9281	0.016578
4364	9282	0.0165758
9281	9282	0.0165758
9282	9283	0.0165586
5282	9283	0.0165586
9283	9284	0.0165573
5888	9284	0.0165573
9284	9285	0.0165511
5561	9285	0.0165511
9285	9286	0.0165499
604	9286	0.0165499
9286	9287	0.0165475
4137	9287	0.0165475
5302	9288	0.0165387
9287	9288	0.0165387
8489	9289	0.0165353
9288	9289	0.0165353
9151	9290	0.0165317
9289	9290	0.0165317
9290	9291	0.0165309
244	9291	0.0165309
5651	9292	0.0165289
9291	9292	0.0165289
9292	9293	0.0165236
1773	9293	0.0165236
9293	9294	0.0165168
9258	9294	0.0165168
4810	9295	0.0164958
9294	9295	0.0164958
9295	9296	0.016485
4416	9296	0.016485
9296	9297	0.0164656
1978	9297	0.0164656
9297	9298	0.0164614
5689	9298	0.0164614
8477	9299	0.0165003
9141	9299	0.0165003
9150	9300	0.0164418
9298	9300	0.0164418
4734	9301	0.0164254
9300	9301	0.0164254
9301	9302	0.0164176
4680	9302	0.0164176
9302	9303	0.0164126
997	9303	0.0164126
9303	9304	0.0164089
6002	9304	0.0164089
9304	9305	0.0164073
4573	9305	0.0164073
9305	9306	0.0163752
5132	9306	0.0163752
2005	9307	0.0163688
9306	9307	0.0163688
9307	9308	0.0163637
577	9308	0.0163637
9308	9309	0.0163622
9299	9309	0.0163622
3739	9310	0.0163526
9309	9310	0.0163526
9310	9311	0.016346
4437	9311	0.016346
2408	9312	0.016323
9311	9312	0.016323
5987	9313	0.0163965
3663	9313	0.0163965
9312	9314	0.0163116
1405	9314	0.0163116
9314	9315	0.0163028
87	9315	0.0163028
4097	9316	0.0163023
9315	9316	0.0163023
9316	9317	0.0163009
9313	9317	0.0163009
1430	9317	0.0163009
9317	9318	0.0162993
3800	9318	0.0162993
4172	9319	0.0162935
9318	9319	0.0162935
9319	9320	0.0162783
1619	9320	0.0162783
6143	9321	0.0162765
9320	9321	0.0162765
9321	9322	0.0162486
9146	9322	0.0162486
8633	9323	0.0162382
9322	9323	0.0162382
2851	9324	0.0162089
9323	9324	0.0162089
9324	9325	0.0161989
1097	9325	0.0161989
9325	9326	0.0161914
130	9326	0.0161914
9326	9327	0.0161857
2433	9327	0.0161857
9327	9328	0.0161666
3097	9328	0.0161666
9328	9329	0.0161574
1900	9329	0.0161574
3477	9330	0.0161531
9329	9330	0.0161531
9330	9331	0.0161514
2292	9331	0.0161514
9331	9332	0.0161497
2884	9332	0.0161497
9332	9333	0.0161372
3085	9333	0.0161372
2045	9334	0.0161221
9333	9334	0.0161221
9334	9335	0.0161213
4309	9335	0.0161213
2199	9336	0.0161132
9335	9336	0.0161132
9336	9337	0.0161104
2882	9337	0.0161104
9337	9338	0.0161074
5554	9338	0.0161074
9152	9339	0.0160972
9338	9339	0.0160972
3332	9340	0.0160858
9339	9340	0.0160858
2149	9340	0.0160858
9340	9341	0.0160719
5578	9341	0.0160719
383	9342	0.0160534
9341	9342	0.0160534
3311	9342	0.0160534
9342	9343	0.0160343
5813	9343	0.0160343
260	9344	0.0160293
9343	9344	0.0160293
4081	9345	0.0160239
9344	9345	0.0160239
1981	9346	0.0160102
9345	9346	0.0160102
9259	9346	0.0160102
9346	9347	0.0160024
2665	9347	0.0160024
8792	9348	0.0159993
9347	9348	0.0159993
9348	9349	0.0159897
2424	9349	0.0159897
9147	9350	0.0159777
9349	9350	0.0159777
838	9350	0.0159777
8783	9350	0.0159777
5922	9351	0.0159618
9350	9351	0.0159618
9351	9352	0.0159607
5482	9352	0.0159607
5433	9353	0.0159547
9352	9353	0.0159547
6138	9354	0.0159416
9353	9354	0.0159416
9354	9355	0.0159358
2194	9355	0.0159358
9355	9356	0.015931
134	9356	0.015931
176	9357	0.0159302
9356	9357	0.0159302
2760	9358	0.0159187
9357	9358	0.0159187
9358	9359	0.0159168
8701	9359	0.0159168
5977	9359	0.0159168
9359	9360	0.0159016
3853	9360	0.0159016
8402	9361	0.0186988
66	9361	0.0186988
9361	9362	0.0186433
3333	9362	0.0186433
9362	9363	0.0185591
5330	9363	0.0185591
9363	9364	0.0184817
45	9364	0.0184817
3726	9365	0.0177727
8428	9365	0.0177727
9365	9366	0.0169292
88	9366	0.0169292
8429	9367	0.0159227
1966	9367	0.0159227
437	9368	0.0167121
749	9368	0.0167121
109	9369	0.0166368
9368	9369	0.0166368
8466	9370	0.0161027
2100	9370	0.0161027
5121	9371	0.0187585
3665	9371	0.0187585
8562	9372	0.0188376
8568	9372	0.0188376
9372	9373	0.0172901
4219	9373	0.0172901
8561	9374	0.0159264
9373	9374	0.0159264
1217	9375	0.0198922
810	9375	0.0198922
3446	9376	0.0172008
3743	9376	0.0172008
1411	9377	0.0159234
3301	9377	0.0159234
1012	9378	0.0166874
3967	9378	0.0166874
618	9379	0.0163744
2894	9379	0.0163744
2390	9380	0.0175562
5581	9380	0.0175562
8677	9381	0.0166666
5505	9381	0.0166666
9381	9382	0.016511
9380	9382	0.016511
1823	9383	0.0164737
1483	9383	0.0164737
4087	9384	0.0167094
3606	9384	0.0167094
8825	9385	0.0168573
5271	9385	0.0168573
5365	9386	0.0173854
4900	9386	0.0173854
9360	9387	0.0158806
3245	9387	0.0158806
1003	9388	0.0158767
9387	9388	0.0158767
1637	9389	0.0158749
9388	9389	0.0158749
9389	9390	0.015873
3881	9390	0.015873
9390	9391	0.0158614
2614	9391	0.0158614
9391	9392	0.0158549
479	9392	0.0158549
9392	9393	0.0158423
63	9393	0.0158423
9393	9394	0.0158377
5591	9394	0.0158377
9394	9395	0.0158312
5947	9395	0.0158312
9395	9396	0.0158204
3155	9396	0.0158204
9396	9397	0.0158194
4514	9397	0.0158194
9397	9398	0.0158044
3426	9398	0.0158044
9398	9399	0.0157955
9370	9399	0.0157955
9399	9400	0.0157881
1322	9400	0.0157881
9400	9401	0.0157831
1241	9401	0.0157831
2873	9402	0.0157587
9401	9402	0.0157587
403	9403	0.0157526
9402	9403	0.0157526
9403	9404	0.0157392
1729	9404	0.0157392
9404	9405	0.0157253
2716	9405	0.0157253
9405	9406	0.0157242
1586	9406	0.0157242
9406	9407	0.015723
9364	9407	0.015723
952	9407	0.015723
9407	9408	0.0157029
3203	9408	0.0157029
9408	9409	0.015685
423	9409	0.015685
3673	9410	0.0156839
9409	9410	0.0156839
5145	9411	0.0156567
9410	9411	0.0156567
4775	9412	0.01585
3183	9412	0.01585
5444	9413	0.0156327
9411	9413	0.0156327
3014	9414	0.0156271
9413	9414	0.0156271
9414	9415	0.015613
3259	9415	0.015613
4960	9415	0.015613
9415	9416	0.0156057
4959	9416	0.0156057
9416	9417	0.0155849
2592	9417	0.0155849
9417	9418	0.0155619
5494	9418	0.0155619
6192	9419	0.0155583
9418	9419	0.0155583
1029	9419	0.0155583
9419	9420	0.0155531
4466	9420	0.0155531
1409	9421	0.015543
9420	9421	0.015543
4363	9422	0.0155059
9421	9422	0.0155059
9422	9423	0.0154993
2440	9423	0.0154993
9423	9424	0.0154935
177	9424	0.0154935
9424	9425	0.0154877
3302	9425	0.0154877
9425	9426	0.015478
3501	9426	0.015478
9426	9427	0.0154631
9385	9427	0.0154631
9427	9428	0.0154533
9412	9428	0.0154533
9428	9429	0.0154475
641	9429	0.0154475
3810	9430	0.0154361
9429	9430	0.0154361
5170	9431	0.0154276
9430	9431	0.0154276
9431	9432	0.0154242
2670	9432	0.0154242
9432	9433	0.0154095
3880	9433	0.0154095
5027	9434	0.0153666
9433	9434	0.0153666
8886	9435	0.0153658
9434	9435	0.0153658
4179	9436	0.0153584
9435	9436	0.0153584
9374	9437	0.0157911
9375	9437	0.0157911
5297	9438	0.0153846
2467	9438	0.0153846
3746	9439	0.0153374
9436	9439	0.0153374
9439	9440	0.0153189
5504	9440	0.0153189
9440	9441	0.015316
3670	9441	0.015316
8887	9442	0.0153122
9441	9442	0.0153122
1976	9442	0.0153122
6136	9443	0.0152721
9442	9443	0.0152721
9438	9443	0.0152721
9443	9444	0.0152662
5172	9444	0.0152662
2387	9445	0.0152463
9444	9445	0.0152463
624	9446	0.0152436
9445	9446	0.0152436
8888	9447	0.0152419
9446	9447	0.0152419
850	9448	0.0152394
9447	9448	0.0152394
9448	9449	0.0152149
4708	9449	0.0152149
6077	9450	0.0152053
9449	9450	0.0152053
9450	9451	0.0152045
1313	9451	0.0152045
9451	9452	0.0151964
2729	9452	0.0151964
9452	9453	0.0151933
388	9453	0.0151933
9453	9454	0.015192
4866	9454	0.015192
3420	9455	0.0151873
9454	9455	0.0151873
8538	9456	0.0151836
9455	9456	0.0151836
4665	9456	0.0151836
9456	9457	0.0151784
1110	9457	0.0151784
9457	9458	0.0151739
3058	9458	0.0151739
9458	9459	0.0151729
269	9459	0.0151729
6214	9460	0.0151642
9459	9460	0.0151642
2924	9461	0.0151453
9460	9461	0.0151453
9461	9462	0.0151445
4638	9462	0.0151445
947	9463	0.0151634
795	9463	0.0151634
9462	9464	0.0151426
5805	9464	0.0151426
9464	9465	0.0151413
5918	9465	0.0151413
8745	9466	0.0151405
9465	9466	0.0151405
9466	9467	0.0151311
1557	9467	0.0151311
1107	9468	0.0151157
9467	9468	0.0151157
9468	9469	0.0151146
8399	9469	0.0151146
9469	9470	0.0151091
9437	9470	0.0151091
9470	9471	0.0150919
414	9471	0.0150919
5131	9472	0.015083
9471	9472	0.015083
2680	9473	0.0150784
9472	9473	0.0150784
9473	9474	0.0150731
9376	9474	0.0150731
9463	9474	0.0150731
2322	9475	0.0150689
9474	9475	0.0150689
8885	9476	0.0150634
9475	9476	0.0150634
9476	9477	0.0150566
193	9477	0.0150566
1875	9478	0.0150502
9477	9478	0.0150502
9478	9479	0.0150448
1583	9479	0.0150448
9479	9480	0.0150397
2081	9480	0.0150397
9480	9481	0.0150375
5762	9481	0.0150375
9481	9482	0.0150364
4425	9482	0.0150364
9482	9483	0.0150029
1991	9483	0.0150029
4659	9484	0.0149975
9483	9484	0.0149975
2879	9485	0.0149861
4080	9485	0.0149861
9484	9485	0.0149861
9485	9486	0.0149758
39	9486	0.0149758
562	9487	0.0149585
9486	9487	0.0149585
3374	9488	0.0149573
9487	9488	0.0149573
9488	9489	0.014953
820	9489	0.014953
9489	9490	0.0149509
315	9490	0.0149509
5501	9491	0.0149404
9490	9491	0.0149404
2393	9492	0.0149329
9491	9492	0.0149329
9492	9493	0.0149311
5695	9493	0.0149311
9493	9494	0.0149251
2007	9494	0.0149251
9494	9495	0.0149231
3126	9495	0.0149231
1535	9496	0.0149181
9495	9496	0.0149181
9496	9497	0.0149106
3716	9497	0.0149106
9497	9498	0.0148944
837	9498	0.0148944
9498	9499	0.0148853
3439	9499	0.0148853
9499	9500	0.0148777
4544	9500	0.0148777
9500	9501	0.0148681
4340	9501	0.0148681
9501	9502	0.014863
9384	9502	0.014863
9502	9503	0.0148447
1719	9503	0.0148447
9503	9504	0.0148422
3903	9504	0.0148422
9504	9505	0.0148315
5414	9505	0.0148315
9505	9506	0.0148202
3423	9506	0.0148202
9506	9507	0.0148089
3192	9507	0.0148089
1710	9508	0.0148001
9507	9508	0.0148001
9508	9509	0.0147698
2288	9509	0.0147698
9509	9510	0.014763
3391	9510	0.014763
9510	9511	0.0147581
183	9511	0.0147581
9511	9512	0.0147561
2707	9512	0.0147561
1877	9513	0.0147525
9512	9513	0.0147525
9513	9514	0.0147495
5117	9514	0.0147495
9514	9515	0.0147412
5003	9515	0.0147412
9515	9516	0.0147322
1162	9516	0.0147322
9516	9517	0.0147188
5424	9517	0.0147188
9517	9518	0.0147181
3267	9518	0.0147181
9518	9519	0.0147096
1658	9519	0.0147096
3182	9520	0.014706
9519	9520	0.014706
9520	9521	0.0146958
2485	9521	0.0146958
9521	9522	0.0146836
3838	9522	0.0146836
6256	9523	0.0146799
9522	9523	0.0146799
9523	9524	0.0146792
5201	9524	0.0146792
9524	9525	0.0146772
3202	9525	0.0146772
9525	9526	0.0146764
1026	9526	0.0146764
6102	9527	0.0146562
9526	9527	0.0146562
9527	9528	0.0146247
86	9528	0.0146247
9528	9529	0.0146227
9383	9529	0.0146227
9529	9530	0.0146207
5547	9530	0.0146207
6098	9531	0.0145986
9530	9531	0.0145986
9531	9532	0.0145865
1979	9532	0.0145865
8571	9533	0.0145856
9532	9533	0.0145856
422	9533	0.0145856
2659	9534	0.0145808
9533	9534	0.0145808
9534	9535	0.0145705
5668	9535	0.0145705
9535	9536	0.0145647
4256	9536	0.0145647
8763	9537	0.0145376
9536	9537	0.0145376
9537	9538	0.0145151
4326	9538	0.0145151
9538	9539	0.0145076
2160	9539	0.0145076
9539	9540	0.0144957
1538	9540	0.0144957
9371	9541	0.0144824
4668	9541	0.0144824
9540	9541	0.0144824
8523	9542	0.0144789
9541	9542	0.0144789
3196	9543	0.0144681
9542	9543	0.0144681
9543	9544	0.0144647
1013	9544	0.0144647
3138	9544	0.0144647
9544	9545	0.0144626
615	9545	0.0144626
9545	9546	0.0144577
5757	9546	0.0144577
9546	9547	0.0144422
4629	9547	0.0144422
3608	9548	0.0144358
9547	9548	0.0144358
9548	9549	0.0144329
4310	9549	0.0144329
8732	9550	0.0144319
9549	9550	0.0144319
9550	9551	0.0144254
841	9551	0.0144254
960	9551	0.0144254
9551	9552	0.0144185
8619	9552	0.0144185
5367	9552	0.0144185
9552	9553	0.014409
15	9553	0.014409
2870	9553	0.014409
9553	9554	0.0143967
4875	9554	0.0143967
9554	9555	0.0143921
2347	9555	0.0143921
3729	9556	0.0143843
9555	9556	0.0143843
9556	9557	0.0143701
4378	9557	0.0143701
3297	9558	0.0143596
9557	9558	0.0143596
9558	9559	0.0143517
3765	9559	0.0143517
9559	9560	0.0143491
1574	9560	0.0143491
9560	9561	0.0143319
5022	9561	0.0143319
9561	9562	0.01433
2559	9562	0.01433
6182	9563	0.0143272
9562	9563	0.0143272
9563	9564	0.0143098
3970	9564	0.0143098
9564	9565	0.0142735
2284	9565	0.0142735
9565	9566	0.0142708
3223	9566	0.0142708
9566	9567	0.014265
3900	9567	0.014265
9567	9568	0.0142631
1830	9568	0.0142631
4850	9569	0.0142584
9568	9569	0.0142584
9569	9570	0.0142385
4317	9570	0.0142385
9570	9571	0.0142277
2810	9571	0.0142277
6010	9572	0.0142235
9571	9572	0.0142235
9572	9573	0.0141924
2399	9573	0.0141924
9573	9574	0.0141906
203	9574	0.0141906
9574	9575	0.0141838
1824	9575	0.0141838
9575	9576	0.0141785
898	9576	0.0141785
5873	9576	0.0141785
9576	9577	0.0141735
9382	9577	0.0141735
2563	9577	0.0141735
5198	9578	0.0141641
9577	9578	0.0141641
9578	9579	0.0141498
1988	9579	0.0141498
5541	9580	0.0148513
4	9580	0.0148513
8406	9581	0.0148938
448	9581	0.0148938
8532	9582	0.0157412
9377	9582	0.0157412
8672	9583	0.0154497
8674	9583	0.0154497
9378	9584	0.0151471
9379	9584	0.0151471
784	9585	0.0148372
1022	9585	0.0148372
4102	9586	0.0147391
2596	9586	0.0147391
2854	9587	0.0141468
9579	9587	0.0141468
6200	9588	0.0141442
9587	9588	0.0141442
707	9588	0.0141442
9588	9589	0.0141384
3983	9589	0.0141384
9589	9590	0.0141249
9586	9590	0.0141249
9590	9591	0.0141217
9366	9591	0.0141217
4882	9591	0.0141217
9591	9592	0.0140732
2456	9592	0.0140732
5410	9593	0.0140724
9592	9593	0.0140724
654	9593	0.0140724
4661	9594	0.0140642
9593	9594	0.0140642
9594	9595	0.0140602
1462	9595	0.0140602
9595	9596	0.0140497
1543	9596	0.0140497
4827	9597	0.0140325
9596	9597	0.0140325
8563	9598	0.014022
9597	9598	0.014022
9598	9599	0.0140173
2311	9599	0.0140173
3759	9600	0.013993
9599	9600	0.013993
9600	9601	0.013977
5405	9601	0.013977
9601	9602	0.0139754
1056	9602	0.0139754
9602	9603	0.0139684
9581	9603	0.0139684
8884	9604	0.0139551
9603	9604	0.0139551
5353	9605	0.0139513
9604	9605	0.0139513
151	9606	0.0139151
9605	9606	0.0139151
9606	9607	0.0139114
5537	9607	0.0139114
9607	9608	0.0139107
9367	9608	0.0139107
378	9608	0.0139107
4405	9608	0.0139107
9608	9609	0.0139078
4643	9609	0.0139078
9609	9610	0.0139057
3835	9610	0.0139057
8560	9611	0.0138992
9610	9611	0.0138992
9611	9612	0.0138941
262	9612	0.0138941
9612	9613	0.0138824
3973	9613	0.0138824
9613	9614	0.0138781
4577	9614	0.0138781
3794	9615	0.0138692
9614	9615	0.0138692
6213	9616	0.0138655
4969	9616	0.0138655
9615	9616	0.0138655
9616	9617	0.0138515
5052	9617	0.0138515
9617	9618	0.0138398
4240	9618	0.0138398
9618	9619	0.0138293
1474	9619	0.0138293
2262	9620	0.0138236
9619	9620	0.0138236
9620	9621	0.0138056
2863	9621	0.0138056
9621	9622	0.0138045
4778	9622	0.0138045
9622	9623	0.0138015
4124	9623	0.0138015
9623	9624	0.0137988
461	9624	0.0137988
9624	9625	0.0137965
1111	9625	0.0137965
4921	9625	0.0137965
5920	9625	0.0137965
372	9626	0.013789
9625	9626	0.013789
4937	9626	0.013789
2155	9627	0.0137883
9626	9627	0.0137883
1577	9628	0.0137683
9627	9628	0.0137683
9628	9629	0.0137607
5053	9629	0.0137607
6036	9629	0.0137607
9629	9630	0.0137539
5688	9630	0.0137539
9630	9631	0.0137529
2721	9631	0.0137529
4095	9632	0.0137426
9631	9632	0.0137426
9632	9633	0.0137224
9369	9633	0.0137224
5500	9634	0.0137124
9633	9634	0.0137124
91	9635	0.0137053
9634	9635	0.0137053
9635	9636	0.0136892
1296	9636	0.0136892
9636	9637	0.013687
3252	9637	0.013687
9637	9638	0.0136787
4662	9638	0.0136787
9638	9639	0.0136702
1802	9639	0.0136702
9639	9640	0.0136691
4462	9640	0.0136691
9640	9641	0.0136633
1078	9641	0.0136633
9641	9642	0.0136534
438	9642	0.0136534
9642	9643	0.013649
746	9643	0.013649
9643	9644	0.0136452
3943	9644	0.0136452
9644	9645	0.0136376
9580	9645	0.0136376
9645	9646	0.0136367
5361	9646	0.0136367
9646	9647	0.0136349
4065	9647	0.0136349
9647	9648	0.0136212
5582	9648	0.0136212
9648	9649	0.0136099
2290	9649	0.0136099
9649	9650	0.0136049
9386	9650	0.0136049
6157	9651	0.0136034
9650	9651	0.0136034
8810	9652	0.0136024
9651	9652	0.0136024
5294	9653	0.0136012
9652	9653	0.0136012
1088	9654	0.013585
9653	9654	0.013585
1172	9655	0.0135809
9654	9655	0.0135809
9655	9656	0.0135719
5224	9656	0.0135719
1887	9657	0.0135689
9656	9657	0.0135689
9657	9658	0.0135528
1709	9658	0.0135528
3279	9659	0.013549
9658	9659	0.013549
9659	9660	0.0135428
3300	9660	0.0135428
164	9661	0.0135402
9660	9661	0.0135402
2890	9662	0.0135279
9661	9662	0.0135279
9662	9663	0.0135222
4710	9663	0.0135222
9663	9664	0.0135166
395	9664	0.0135166
9664	9665	0.0135031
4456	9665	0.0135031
9665	9666	0.0134822
61	9666	0.0134822
9666	9667	0.0134804
1332	9667	0.0134804
1542	9668	0.013479
9667	9668	0.013479
5455	9669	0.0134752
9668	9669	0.0134752
9669	9670	0.0134697
2522	9670	0.0134697
9670	9671	0.0134631
9585	9671	0.0134631
9671	9672	0.0134582
2666	9672	0.0134582
9672	9673	0.0134448
2105	9673	0.0134448
9673	9674	0.0134356
3760	9674	0.0134356
9674	9675	0.0134296
9582	9675	0.0134296
8640	9676	0.0133915
9675	9676	0.0133915
1295	9677	0.013382
9676	9677	0.013382
9677	9678	0.0133809
13	9678	0.0133809
9678	9679	0.0133743
699	9679	0.0133743
9679	9680	0.0133733
3235	9680	0.0133733
8430	9681	0.0133666
9680	9681	0.0133666
9681	9682	0.0133516
933	9682	0.0133516
8889	9683	0.0133484
9682	9683	0.0133484
9683	9684	0.0133352
3697	9684	0.0133352
2361	9685	0.0133286
9684	9685	0.0133286
9685	9686	0.0133248
3221	9686	0.0133248
9686	9687	0.01332
9583	9687	0.01332
5303	9688	0.0133131
9687	9688	0.0133131
9688	9689	0.0132981
3742	9689	0.0132981
9689	9690	0.013281
5739	9690	0.013281
1039	9691	0.0132779
9690	9691	0.0132779
1506	9692	0.0132749
9691	9692	0.0132749
9692	9693	0.0132561
511	9693	0.0132561
9693	9694	0.0132476
5130	9694	0.0132476
9694	9695	0.0132419
297	9695	0.0132419
6159	9696	0.013228
9695	9696	0.013228
9696	9697	0.0132272
2476	9697	0.0132272
3160	9698	0.0132163
9697	9698	0.0132163
2229	9699	0.0132065
9698	9699	0.0132065
6120	9700	0.0131795
9699	9700	0.0131795
9700	9701	0.0131711
3270	9701	0.0131711
2834	9702	0.0131674
9701	9702	0.0131674
1833	9703	0.0131664
9702	9703	0.0131664
9703	9704	0.0131608
338	9704	0.0131608
9704	9705	0.0131531
4245	9705	0.0131531
4269	9705	0.0131531
9705	9706	0.0131515
3053	9706	0.0131515
9706	9707	0.0131472
3997	9707	0.0131472
2844	9708	0.0131468
9707	9708	0.0131468
3866	9709	0.0131457
9708	9709	0.0131457
317	9709	0.0131457
9709	9710	0.0131413
1614	9710	0.0131413
9710	9711	0.013133
4033	9711	0.013133
9711	9712	0.0131241
2630	9712	0.0131241
186	9713	0.0131226
9712	9713	0.0131226
250	9713	0.0131226
9713	9714	0.0131149
5759	9714	0.0131149
2492	9714	0.0131149
3258	9715	0.0131102
9714	9715	0.0131102
9715	9716	0.0131083
4404	9716	0.0131083
9716	9717	0.0131072
1801	9717	0.0131072
21	9718	0.0130879
9717	9718	0.0130879
3397	9718	0.0130879
9718	9719	0.0130817
1671	9719	0.0130817
9719	9720	0.0130771
2650	9720	0.0130771
9720	9721	0.0130664
4621	9721	0.0130664
6243	9722	0.013049
9721	9722	0.013049
9722	9723	0.0130309
3821	9723	0.0130309
3392	9724	0.0130271
9723	9724	0.0130271
9724	9725	0.0130189
3804	9725	0.0130189
6147	9726	0.0130178
9725	9726	0.0130178
9726	9727	0.0130139
5669	9727	0.0130139
9727	9728	0.0129946
3819	9728	0.0129946
5068	9729	0.0129938
9728	9729	0.0129938
3327	9730	0.012989
9729	9730	0.012989
424	9730	0.012989
490	9731	0.0129849
9730	9731	0.0129849
732	9732	0.0129662
9731	9732	0.0129662
3422	9733	0.0129471
9732	9733	0.0129471
9733	9734	0.0129215
2035	9734	0.0129215
4616	9735	0.0129203
9734	9735	0.0129203
9735	9736	0.0129069
2464	9736	0.0129069
2875	9737	0.0129046
9736	9737	0.0129046
9737	9738	0.0129032
3421	9738	0.0129032
5126	9738	0.0129032
9738	9739	0.0129023
5611	9739	0.0129023
9739	9740	0.0128708
113	9740	0.0128708
9740	9741	0.0128615
4181	9741	0.0128615
8818	9742	0.0128574
9741	9742	0.0128574
9742	9743	0.0128489
9584	9743	0.0128489
9743	9744	0.0128253
1921	9744	0.0128253
1231	9744	0.0128253
5278	9744	0.0128253
6033	9744	0.0128253
3921	9745	0.0128222
9744	9745	0.0128222
9745	9746	0.0128023
3164	9746	0.0128023
9746	9747	0.0127976
576	9747	0.0127976
2317	9748	0.015939
5531	9748	0.015939
9748	9749	0.0141373
2540	9749	0.0141373
8624	9750	0.0153446
412	9750	0.0153446
9750	9751	0.015027
266	9751	0.015027
320	9752	0.0145329
2919	9752	0.0145329
9752	9753	0.0145081
3925	9753	0.0145081
8636	9754	0.0197276
473	9754	0.0197276
3455	9755	0.0151294
583	9755	0.0151294
8748	9756	0.0145492
3848	9756	0.0145492
4548	9757	0.01774
2044	9757	0.01774
2109	9758	0.0148245
4277	9758	0.0148245
6069	9759	0.0145739
6024	9759	0.0145739
6111	9760	0.0107956
1885	9760	0.0107956
3349	9761	0.0122326
5308	9761	0.0122326
8880	9762	0.0127456
2238	9762	0.0127456
9747	9763	0.0127924
1869	9763	0.0127924
9763	9764	0.012783
200	9764	0.012783
3231	9765	0.0127725
9764	9765	0.0127725
9765	9766	0.0127591
1181	9766	0.0127591
352	9767	0.0127544
9766	9767	0.0127544
9767	9768	0.0127412
1101	9768	0.0127412
2717	9769	0.0127373
9768	9769	0.0127373
3761	9770	0.0127363
9769	9770	0.0127363
9770	9771	0.0127184
3119	9771	0.0127184
2301	9772	0.0127146
9771	9772	0.0127146
9772	9773	0.0127125
4003	9773	0.0127125
9773	9774	0.012703
398	9774	0.012703
9774	9775	0.0127018
204	9775	0.0127018
9775	9776	0.0127002
1112	9776	0.0127002
1170	9777	0.0126791
9776	9777	0.0126791
9777	9778	0.0126723
711	9778	0.0126723
9778	9779	0.0126687
5761	9779	0.0126687
9779	9780	0.0126649
4551	9780	0.0126649
3633	9781	0.0126543
9780	9781	0.0126543
9781	9782	0.0126304
4037	9782	0.0126304
9782	9783	0.012622
1730	9783	0.012622
8875	9784	0.0126132
9783	9784	0.0126132
9784	9785	0.0125962
807	9785	0.0125962
4870	9786	0.0125921
9785	9786	0.0125921
9786	9787	0.0125873
649	9787	0.0125873
6125	9788	0.0125827
9787	9788	0.0125827
9788	9789	0.0125791
3025	9789	0.0125791
9789	9790	0.012577
3361	9790	0.012577
9790	9791	0.012573
201	9791	0.012573
195	9792	0.0125551
9791	9792	0.0125551
2974	9793	0.0125407
9792	9793	0.0125407
5348	9794	0.0125361
5396	9794	0.0125361
9793	9794	0.0125361
8812	9795	0.0125083
9794	9795	0.0125083
4429	9796	0.0125008
9795	9796	0.0125008
6080	9797	0.0124953
9796	9797	0.0124953
9797	9798	0.012493
3316	9798	0.012493
9798	9799	0.0124856
1425	9799	0.0124856
1516	9800	0.0124781
9799	9800	0.0124781
8425	9801	0.0124748
9800	9801	0.0124748
4807	9802	0.0124741
3707	9802	0.0124741
9801	9802	0.0124741
9802	9803	0.0124603
8524	9803	0.0124603
9803	9804	0.012453
1402	9804	0.012453
9804	9805	0.0124485
1862	9805	0.0124485
3496	9805	0.0124485
9805	9806	0.0124257
1366	9806	0.0124257
4872	9807	0.0124208
9806	9807	0.0124208
2549	9808	0.0124152
9807	9808	0.0124152
2346	9809	0.0124124
9808	9809	0.0124124
9809	9810	0.0124027
4594	9810	0.0124027
9810	9811	0.0123984
1053	9811	0.0123984
9811	9812	0.0123853
1498	9812	0.0123853
8626	9813	0.012378
9812	9813	0.012378
5928	9814	0.0123749
9813	9814	0.0123749
9814	9815	0.0123692
4808	9815	0.0123692
9815	9816	0.0123617
9755	9816	0.0123617
9816	9817	0.0123538
5720	9817	0.0123538
332	9817	0.0123538
5511	9818	0.012349
9817	9818	0.012349
8634	9819	0.0123472
9818	9819	0.0123472
4324	9820	0.0123311
9819	9820	0.0123311
9820	9821	0.0123271
5507	9821	0.0123271
4758	9822	0.0123217
9821	9822	0.0123217
9822	9823	0.0123062
2000	9823	0.0123062
9823	9824	0.0122998
3549	9824	0.0122998
9824	9825	0.0122662
2939	9825	0.0122662
97	9826	0.0122574
2841	9826	0.0122574
8712	9826	0.0122574
9825	9826	0.0122574
1765	9827	0.0122539
9826	9827	0.0122539
9827	9828	0.0122363
1856	9828	0.0122363
9828	9829	0.0122326
906	9829	0.0122326
9829	9830	0.012231
1122	9830	0.012231
9830	9831	0.0122247
125	9831	0.0122247
9831	9832	0.0122231
1994	9832	0.0122231
4689	9833	0.0122166
9832	9833	0.0122166
3241	9834	0.0122121
9833	9834	0.0122121
9834	9835	0.0122081
1480	9835	0.0122081
1596	9835	0.0122081
9835	9836	0.012203
3045	9836	0.012203
9836	9837	0.0122025
5772	9837	0.0122025
4936	9838	0.0121842
9837	9838	0.0121842
9838	9839	0.0121812
772	9839	0.0121812
9839	9840	0.0121806
5956	9840	0.0121806
9840	9841	0.0121794
3907	9841	0.0121794
9841	9842	0.0121774
4825	9842	0.0121774
9842	9843	0.0121766
3229	9843	0.0121766
9843	9844	0.0121707
3067	9844	0.0121707
9844	9845	0.0121671
334	9845	0.0121671
9845	9846	0.0121622
1572	9846	0.0121622
9846	9847	0.0121583
5450	9847	0.0121583
6212	9848	0.0121518
9847	9848	0.0121518
3914	9849	0.0121404
9848	9849	0.0121404
9849	9850	0.0121394
404	9850	0.0121394
9850	9851	0.012126
1560	9851	0.012126
9851	9852	0.0121242
4484	9852	0.0121242
938	9853	0.0121213
9852	9853	0.0121213
9853	9854	0.012108
656	9854	0.012108
9854	9855	0.0121011
167	9855	0.0121011
9855	9856	0.0120995
314	9856	0.0120995
9856	9857	0.0120982
605	9857	0.0120982
9857	9858	0.0120906
5991	9858	0.0120906
9858	9859	0.0120792
2264	9859	0.0120792
2518	9860	0.0120766
9859	9860	0.0120766
9860	9861	0.0120753
3814	9861	0.0120753
273	9862	0.0120715
9861	9862	0.0120715
9862	9863	0.0120603
1497	9863	0.0120603
9863	9864	0.0120572
4165	9864	0.0120572
9864	9865	0.0120439
2488	9865	0.0120439
9865	9866	0.0120354
2818	9866	0.0120354
1306	9867	0.0120298
9866	9867	0.0120298
9867	9868	0.0120199
3393	9868	0.0120199
9868	9869	0.0120095
4587	9869	0.0120095
5098	9870	0.0119973
9869	9870	0.0119973
9870	9871	0.0119903
2909	9871	0.0119903
2122	9872	0.0119859
9871	9872	0.0119859
1934	9872	0.0119859
9872	9873	0.0119772
1087	9873	0.0119772
8876	9874	0.0119743
9873	9874	0.0119743
9874	9875	0.0119705
5535	9875	0.0119705
2699	9875	0.0119705
6152	9876	0.0119698
9875	9876	0.0119698
9876	9877	0.0119676
8632	9877	0.0119676
9877	9878	0.0119638
2415	9878	0.0119638
8747	9879	0.0119629
9878	9879	0.0119629
4175	9879	0.0119629
4051	9880	0.0119602
9879	9880	0.0119602
2655	9881	0.0119457
9880	9881	0.0119457
9881	9882	0.0119302
463	9882	0.0119302
5429	9883	0.0119103
9882	9883	0.0119103
9883	9884	0.0118989
523	9884	0.0118989
9884	9885	0.0118876
1239	9885	0.0118876
5069	9886	0.011878
9885	9886	0.011878
9886	9887	0.0118658
4555	9887	0.0118658
8713	9888	0.0118647
9887	9888	0.0118647
1456	9888	0.0118647
1285	9889	0.01186
9888	9889	0.01186
9889	9890	0.011858
5044	9890	0.011858
5742	9891	0.0118456
2489	9891	0.0118456
2593	9891	0.0118456
9890	9891	0.0118456
9891	9892	0.0118275
3475	9892	0.0118275
3431	9893	0.0118181
9892	9893	0.0118181
9893	9894	0.0118081
3662	9894	0.0118081
9894	9895	0.0117969
2941	9895	0.0117969
1254	9896	0.0117905
9895	9896	0.0117905
6148	9897	0.0117693
9896	9897	0.0117693
180	9898	0.0117532
9897	9898	0.0117532
748	9898	0.0117532
9898	9899	0.0117512
82	9899	0.0117512
9899	9900	0.0117417
2367	9900	0.0117417
9900	9901	0.0117388
2922	9901	0.0117388
988	9902	0.0117316
9901	9902	0.0117316
1358	9903	0.0117302
9902	9903	0.0117302
9903	9904	0.0117283
626	9904	0.0117283
538	9905	0.0117262
9904	9905	0.0117262
3157	9906	0.011716
9905	9906	0.011716
9906	9907	0.0117103
5690	9907	0.0117103
9907	9908	0.0117044
8736	9908	0.0117044
983	9908	0.0117044
9908	9909	0.0117017
2119	9909	0.0117017
6118	9910	0.0116928
9909	9910	0.0116928
9910	9911	0.0116781
1079	9911	0.0116781
9911	9912	0.0116653
2192	9912	0.0116653
831	9913	0.0116615
9912	9913	0.0116615
9913	9914	0.0116604
3590	9914	0.0116604
1916	9915	0.0116596
9914	9915	0.0116596
3371	9916	0.0116576
9915	9916	0.0116576
2804	9917	0.0116559
9916	9917	0.0116559
1787	9918	0.0116806
2285	9918	0.0116806
3484	9919	0.0116412
9917	9919	0.0116412
9919	9920	0.0116358
1899	9920	0.0116358
3996	9921	0.0116281
9920	9921	0.0116281
9921	9922	0.0116167
692	9922	0.0116167
9922	9923	0.0116141
2737	9923	0.0116141
6248	9924	0.0116072
9923	9924	0.0116072
9924	9925	0.0116014
3679	9925	0.0116014
9925	9926	0.0115939
1109	9926	0.0115939
4122	9927	0.0115929
9926	9927	0.0115929
3355	9927	0.0115929
9927	9928	0.0115893
3796	9928	0.0115893
9928	9929	0.0115854
3049	9929	0.0115854
9929	9930	0.0115795
5311	9930	0.0115795
6149	9931	0.0115748
9930	9931	0.0115748
6019	9932	0.0115748
1426	9932	0.0115748
8796	9933	0.0115681
9931	9933	0.0115681
9933	9934	0.0115653
4059	9934	0.0115653
9934	9935	0.0115634
2726	9935	0.0115634
9935	9936	0.0115507
196	9936	0.0115507
8778	9937	0.011547
9936	9937	0.011547
4040	9937	0.011547
9937	9938	0.0115452
2060	9938	0.0115452
2490	9939	0.0115385
9938	9939	0.0115385
9939	9940	0.011534
4244	9940	0.011534
9940	9941	0.0115216
9932	9941	0.0115216
9941	9942	0.0115117
5917	9942	0.0115117
9942	9943	0.011509
1189	9943	0.011509
2265	9943	0.011509
9943	9944	0.0115014
4736	9944	0.0115014
9944	9945	0.0114945
1472	9945	0.0114945
9945	9946	0.0114927
2351	9946	0.0114927
3307	9946	0.0114927
9946	9947	0.0114803
2201	9947	0.0114803
3974	9947	0.0114803
3893	9948	0.0114742
9947	9948	0.0114742
9948	9949	0.0114651
323	9949	0.0114651
9949	9950	0.0114422
17	9950	0.0114422
9918	9950	0.0114422
8575	9951	0.0114364
9950	9951	0.0114364
3525	9952	0.0114173
9951	9952	0.0114173
9952	9953	0.0114155
5199	9953	0.0114155
9953	9954	0.0113966
3711	9954	0.0113966
9954	9955	0.0113856
2230	9955	0.0113856
2499	9956	0.0113726
9955	9956	0.0113726
432	9956	0.0113726
9956	9957	0.0113705
889	9957	0.0113705
9957	9958	0.0113669
154	9958	0.0113669
9958	9959	0.0113534
1888	9959	0.0113534
9959	9960	0.0113516
2704	9960	0.0113516
2373	9961	0.0113496
9960	9961	0.0113496
9961	9962	0.011345
4771	9962	0.011345
525	9963	0.0113441
9962	9963	0.0113441
6042	9964	0.0113344
9963	9964	0.0113344
4657	9965	0.0113334
9964	9965	0.0113334
9965	9966	0.0113318
5030	9966	0.0113318
4058	9967	0.0113267
9966	9967	0.0113267
9967	9968	0.011323
246	9968	0.011323
5931	9969	0.0113221
9968	9969	0.0113221
9762	9970	0.0113127
9969	9970	0.0113127
283	9971	0.0122177
653	9971	0.0122177
1256	9972	0.0121088
1341	9972	0.0121088
2340	9973	0.0113897
3020	9973	0.0113897
5796	9974	0.0118016
2747	9974	0.0118016
3721	9975	0.0126751
3989	9975	0.0126751
9970	9976	0.0113104
1333	9976	0.0113104
9976	9977	0.0112991
3452	9977	0.0112991
9977	9978	0.0112983
3128	9978	0.0112983
9978	9979	0.0112858
539	9979	0.0112858
9979	9980	0.0112542
1494	9980	0.0112542
2929	9981	0.0112533
9980	9981	0.0112533
9981	9982	0.0112493
2104	9982	0.0112493
5565	9983	0.0112478
9982	9983	0.0112478
9983	9984	0.0112467
1204	9984	0.0112467
9984	9985	0.011246
3120	9985	0.011246
399	9986	0.0112314
397	9986	0.0112314
2427	9987	0.0112295
9985	9987	0.0112295
9987	9988	0.0112219
5962	9988	0.0112219
9988	9989	0.0112104
1831	9989	0.0112104
9989	9990	0.0112087
9986	9990	0.0112087
9990	9991	0.0112047
4600	9991	0.0112047
6156	9992	0.0112038
9991	9992	0.0112038
2277	9993	0.0111838
9992	9993	0.0111838
9993	9994	0.0111828
5252	9994	0.0111828
9994	9995	0.011178
2598	9995	0.011178
9995	9996	0.0111762
4413	9996	0.0111762
9996	9997	0.0111741
1149	9997	0.0111741
786	9998	0.0111713
9997	9998	0.0111713
1342	9998	0.0111713
4729	9999	0.0111657
9998	9999	0.0111657
9999	10000	0.0111639
9971	10000	0.0111639
10000	10001	0.0111556
28	10001	0.0111556
10001	10002	0.0111407
4099	10002	0.0111407
10002	10003	0.0111129
6022	10003	0.0111129
3139	10004	0.0111112
257	10004	0.0111112
10003	10004	0.0111112
10004	10005	0.0110883
3323	10005	0.0110883
10005	10006	0.0110865
1249	10006	0.0110865
10006	10007	0.0110845
5196	10007	0.0110845
5802	10008	0.0110731
10007	10008	0.0110731
1504	10008	0.0110731
10008	10009	0.0110693
3413	10009	0.0110693
3336	10010	0.0110653
10009	10010	0.0110653
10010	10011	0.0110549
2414	10011	0.0110549
1279	10012	0.0110541
10011	10012	0.0110541
10012	10013	0.0110512
1005	10013	0.0110512
10013	10014	0.0110368
1883	10014	0.0110368
808	10015	0.0110252
10014	10015	0.0110252
2927	10015	0.0110252
1618	10016	0.0110138
10015	10016	0.0110138
5572	10017	0.0110017
10016	10017	0.0110017
10017	10018	0.0109995
410	10018	0.0109995
5540	10018	0.0109995
10018	10019	0.010991
1521	10019	0.010991
8681	10020	0.0109852
10019	10020	0.0109852
8877	10021	0.0109815
10020	10021	0.0109815
5993	10021	0.0109815
10021	10022	0.010972
9749	10022	0.010972
223	10022	0.010972
10022	10023	0.01097
5814	10023	0.01097
10023	10024	0.0109641
594	10024	0.0109641
822	10024	0.0109641
10024	10025	0.010953
2934	10025	0.010953
10025	10026	0.0109309
3360	10026	0.0109309
3031	10027	0.0109219
10026	10027	0.0109219
10027	10028	0.0109087
4170	10028	0.0109087
8583	10029	0.0109036
10028	10029	0.0109036
10029	10030	0.0108908
373	10030	0.0108908
1134	10031	0.0108824
10030	10031	0.0108824
10031	10032	0.0108682
1644	10032	0.0108682
1985	10033	0.0108652
10032	10033	0.0108652
10033	10034	0.0108625
902	10034	0.0108625
6134	10035	0.0108614
10034	10035	0.0108614
10035	10036	0.0108584
55	10036	0.0108584
3137	10036	0.0108584
10036	10037	0.01085
2520	10037	0.01085
2782	10038	0.010932
4602	10038	0.010932
10037	10039	0.0108489
5863	10039	0.0108489
6101	10040	0.0108423
10039	10040	0.0108423
10040	10041	0.0108396
3090	10041	0.0108396
10041	10042	0.0108252
10038	10042	0.0108252
3310	10043	0.0108165
10042	10043	0.0108165
10043	10044	0.0107909
887	10044	0.0107909
10044	10045	0.010786
1631	10045	0.010786
2983	10046	0.0107823
10045	10046	0.0107823
10046	10047	0.0107804
9974	10047	0.0107804
8411	10048	0.0107776
10047	10048	0.0107776
6183	10049	0.0107753
10048	10049	0.0107753
4929	10050	0.0107611
10049	10050	0.0107611
4355	10051	0.0107432
10050	10051	0.0107432
10051	10052	0.0107235
1368	10052	0.0107235
10052	10053	0.0107142
560	10053	0.0107142
5347	10054	0.0107107
382	10054	0.0107107
10053	10054	0.0107107
6119	10055	0.0107097
10054	10055	0.0107097
4105	10056	0.010706
10055	10056	0.010706
10056	10057	0.0107039
6063	10057	0.0107039
2702	10058	0.0107009
10057	10058	0.0107009
10058	10059	0.0107002
4098	10059	0.0107002
4144	10060	0.0106991
10059	10060	0.0106991
768	10061	0.0106945
10060	10061	0.0106945
558	10062	0.0106847
10061	10062	0.0106847
892	10063	0.0106804
10062	10063	0.0106804
10063	10064	0.0106755
474	10064	0.0106755
10064	10065	0.0106697
4922	10065	0.0106697
3010	10066	0.0106642
10065	10066	0.0106642
10066	10067	0.010661
5219	10067	0.010661
10067	10068	0.0106392
3006	10068	0.0106392
5607	10069	0.0106355
10068	10069	0.0106355
2571	10069	0.0106355
10069	10070	0.0106335
8711	10070	0.0106335
806	10070	0.0106335
10070	10071	0.0106297
5061	10071	0.0106297
10071	10072	0.0106267
1965	10072	0.0106267
4773	10072	0.0106267
10072	10073	0.0106249
2784	10073	0.0106249
10073	10074	0.0105945
2821	10074	0.0105945
9754	10075	0.0105906
10074	10075	0.0105906
10075	10076	0.0105888
735	10076	0.0105888
762	10077	0.0105724
10076	10077	0.0105724
10077	10078	0.0105687
3040	10078	0.0105687
10078	10079	0.0105676
1629	10079	0.0105676
5658	10080	0.0105666
10079	10080	0.0105666
6137	10081	0.0105601
10080	10081	0.0105601
10081	10082	0.0105571
690	10082	0.0105571
3193	10083	0.0105438
3565	10083	0.0105438
10082	10083	0.0105438
2963	10084	0.0105362
10083	10084	0.0105362
660	10085	0.0105323
10084	10085	0.0105323
4319	10086	0.0105275
10085	10086	0.0105275
1652	10086	0.0105275
6083	10087	0.0105161
10086	10087	0.0105161
8874	10088	0.0105145
10087	10088	0.0105145
6195	10089	0.0105088
10088	10089	0.0105088
10089	10090	0.010494
2955	10090	0.010494
10090	10091	0.0104914
4925	10091	0.0104914
10091	10092	0.0104885
9756	10092	0.0104885
10092	10093	0.0104734
6071	10093	0.0104734
3394	10094	0.0104667
10093	10094	0.0104667
640	10095	0.0104619
10094	10095	0.0104619
801	10095	0.0104619
1338	10095	0.0104619
2812	10096	0.010457
10095	10096	0.010457
10096	10097	0.0104541
835	10097	0.0104541
10097	10098	0.01045
4606	10098	0.01045
10098	10099	0.0104484
1995	10099	0.0104484
3871	10100	0.0104352
10099	10100	0.0104352
10100	10101	0.0104343
1125	10101	0.0104343
10101	10102	0.0104256
3612	10102	0.0104256
10102	10103	0.0104199
5574	10103	0.0104199
394	10104	0.0104135
10103	10104	0.0104135
1746	10104	0.0104135
10104	10105	0.0104075
4564	10105	0.0104075
10105	10106	0.010394
3100	10106	0.010394
10106	10107	0.0103876
9975	10107	0.0103876
10107	10108	0.0103703
9972	10108	0.0103703
10108	10109	0.0103673
4727	10109	0.0103673
3280	10110	0.0103483
10109	10110	0.0103483
10110	10111	0.0103445
5377	10111	0.0103445
3402	10112	0.0103438
10111	10112	0.0103438
10112	10113	0.0103388
104	10113	0.0103388
121	10113	0.0103388
10113	10114	0.0103378
918	10114	0.0103378
10114	10115	0.0103313
845	10115	0.0103313
10115	10116	0.0103282
5150	10116	0.0103282
10116	10117	0.0103273
4918	10117	0.0103273
10117	10118	0.010314
2404	10118	0.010314
10118	10119	0.010313
1414	10119	0.010313
9761	10120	0.0103063
10119	10120	0.0103063
10120	10121	0.0102996
3225	10121	0.0102996
10121	10122	0.0102977
4637	10122	0.0102977
10122	10123	0.0102959
3472	10123	0.0102959
282	10124	0.0102777
10123	10124	0.0102777
5902	10124	0.0102777
10124	10125	0.0102681
500	10125	0.0102681
6026	10126	0.0102414
10125	10126	0.0102414
10126	10127	0.0102395
5047	10127	0.0102395
10127	10128	0.0102386
3540	10128	0.0102386
10128	10129	0.0102339
3588	10129	0.0102339
8723	10129	0.0102339
1960	10129	0.0102339
4508	10129	0.0102339
9973	10129	0.0102339
10129	10130	0.0102329
1476	10130	0.0102329
10130	10131	0.0102271
5954	10131	0.0102271
10131	10132	0.010213
5600	10132	0.010213
4793	10133	0.0112674
1791	10133	0.0112674
1046	10134	0.010991
1392	10134	0.010991
3424	10135	0.0106021
2477	10135	0.0106021
3913	10136	0.0108042
5544	10136	0.0108042
8873	10137	0.0101119
4582	10137	0.0101119
10132	10138	0.0102072
5815	10138	0.0102072
10138	10139	0.01017
3793	10139	0.01017
10139	10140	0.010157
948	10140	0.010157
10140	10141	0.0101548
2090	10141	0.0101548
10141	10142	0.0101529
2835	10142	0.0101529
10142	10143	0.0101518
3559	10143	0.0101518
5371	10144	0.0101511
10143	10144	0.0101511
10144	10145	0.0101459
1980	10145	0.0101459
10145	10146	0.0101443
4749	10146	0.0101443
10146	10147	0.010129
4005	10147	0.010129
10147	10148	0.0101053
1221	10148	0.0101053
10148	10149	0.0100936
3404	10149	0.0100936
5533	10150	0.0101459
5523	10150	0.0101459
10149	10151	0.0100892
5510	10151	0.0100892
1834	10152	0.0100859
10151	10152	0.0100859
10152	10153	0.0100819
10150	10153	0.0100819
2458	10154	0.0100689
10153	10154	0.0100689
10154	10155	0.0100659
5320	10155	0.0100659
10155	10156	0.0100651
3376	10156	0.0100651
2594	10157	0.0100546
10156	10157	0.0100546
10157	10158	0.0100412
5685	10158	0.0100412
10158	10159	0.0100307
498	10159	0.0100307
10159	10160	0.01003
4830	10160	0.01003
8537	10161	0.0100259
10160	10161	0.0100259
10161	10162	0.0100173
817	10162	0.0100173
5845	10163	0.0100163
10162	10163	0.0100163
2987	10164	0.0100146
10163	10164	0.0100146
4166	10165	0.0100097
763	10165	0.0100097
10164	10165	0.0100097
8682	10166	0.00999537
10165	10166	0.00999537
10166	10167	0.00999443
4171	10167	0.00999443
8756	10168	0.00998796
8631	10168	0.00998796
10167	10168	0.00998796
2436	10169	0.00998681
1168	10169	0.00998681
10168	10169	0.00998681
4971	10169	0.00998681
10169	10170	0.00997754
1383	10170	0.00997754
8600	10171	0.00996481
10170	10171	0.00996481
10171	10172	0.00996199
3526	10172	0.00996199
608	10173	0.0101518
825	10173	0.0101518
3304	10174	0.00996126
10172	10174	0.00996126
1345	10174	0.00996126
3952	10175	0.00995928
10174	10175	0.00995928
10175	10176	0.00995833
3595	10176	0.00995833
5085	10177	0.00995153
10176	10177	0.00995153
10177	10178	0.00994569
4238	10178	0.00994569
10178	10179	0.00992097
5388	10179	0.00992097
4595	10180	0.00991154
10179	10180	0.00991154
10133	10180	0.00991154
10180	10181	0.00991043
549	10181	0.00991043
10181	10182	0.00987837
110	10182	0.00987837
157	10182	0.00987837
8439	10183	0.00987737
10182	10183	0.00987737
10183	10184	0.00986771
10135	10184	0.00986771
10184	10185	0.00986378
652	10185	0.00986378
1508	10185	0.00986378
10185	10186	0.00985035
4232	10186	0.00985035
5898	10187	0.00984486
10186	10187	0.00984486
10187	10188	0.00982235
5354	10188	0.00982235
9759	10188	0.00982235
10188	10189	0.00981845
5702	10189	0.00981845
10189	10190	0.00981414
513	10190	0.00981414
10190	10191	0.00979622
2274	10191	0.00979622
10191	10192	0.00978648
4352	10192	0.00978648
2360	10193	0.00978467
10192	10193	0.00978467
4372	10193	0.00978467
1992	10194	0.00977546
10193	10194	0.00977546
3616	10195	0.0097636
10194	10195	0.0097636
10195	10196	0.0097533
2051	10196	0.0097533
10196	10197	0.00974731
71	10197	0.00974731
10197	10198	0.00974578
4016	10198	0.00974578
10198	10199	0.00974464
2294	10199	0.00974464
85	10200	0.00973983
10199	10200	0.00973983
10200	10201	0.00973915
2455	10201	0.00973915
4731	10202	0.0097236
10201	10202	0.0097236
4064	10203	0.00971723
10202	10203	0.00971723
874	10204	0.00970272
10203	10204	0.00970272
3129	10205	0.00969969
10204	10205	0.00969969
10173	10205	0.00969969
3620	10206	0.0096951
10205	10206	0.0096951
10206	10207	0.00969306
3200	10207	0.00969306
4914	10208	0.00969045
10207	10208	0.00969045
10208	10209	0.00968071
501	10209	0.00968071
8387	10210	0.00967017
4250	10210	0.00967017
10209	10210	0.00967017
2283	10211	0.00971883
2952	10211	0.00971883
9760	10212	0.00966357
10210	10212	0.00966357
2945	10213	0.00965119
10212	10213	0.00965119
8564	10214	0.00963896
10213	10214	0.00963896
4083	10215	0.00962646
10214	10215	0.00962646
10215	10216	0.00962538
3005	10216	0.00962538
10216	10217	0.00961224
2654	10217	0.00961224
4225	10218	0.00960806
10217	10218	0.00960806
8691	10219	0.00960366
10218	10219	0.00960366
10219	10220	0.00959685
976	10220	0.00959685
9757	10220	0.00959685
10220	10221	0.00959138
5094	10221	0.00959138
2936	10222	0.00958348
10221	10222	0.00958348
10222	10223	0.00958249
2590	10223	0.00958249
4146	10223	0.00958249
2012	10223	0.00958249
5580	10223	0.00958249
10137	10224	0.00957774
10223	10224	0.00957774
10224	10225	0.00957496
1211	10225	0.00957496
10225	10226	0.00957388
3720	10226	0.00957388
8883	10227	0.00956158
10226	10227	0.00956158
10227	10228	0.00955393
9753	10228	0.00955393
3904	10229	0.00953759
10228	10229	0.00953759
1198	10229	0.00953759
10229	10230	0.00953584
839	10230	0.00953584
2041	10231	0.00953079
10230	10231	0.00953079
10231	10232	0.00952626
2397	10232	0.00952626
348	10233	0.00951573
10232	10233	0.00951573
789	10234	0.0095137
10233	10234	0.0095137
622	10235	0.00951197
10234	10235	0.00951197
8871	10236	0.00951085
10235	10236	0.00951085
10236	10237	0.00950142
2028	10237	0.00950142
8872	10238	0.00949378
10237	10238	0.00949378
10238	10239	0.00949281
5608	10239	0.00949281
10239	10240	0.009491
4227	10240	0.009491
10240	10241	0.00948233
4205	10241	0.00948233
8515	10242	0.00947652
10241	10242	0.00947652
162	10242	0.00947652
5356	10243	0.00947575
10242	10243	0.00947575
4228	10244	0.00946996
5314	10244	0.00946996
10243	10244	0.00946996
5033	10245	0.00946139
10244	10245	0.00946139
3007	10246	0.00945951
2886	10246	0.00945951
10245	10246	0.00945951
10246	10247	0.00945668
2866	10247	0.00945668
10247	10248	0.00945361
1408	10248	0.00945361
10248	10249	0.00944048
1289	10249	0.00944048
1385	10250	0.00943757
10249	10250	0.00943757
10250	10251	0.00943565
3961	10251	0.00943565
1718	10252	0.00943254
10251	10252	0.00943254
3984	10253	0.00942902
10252	10253	0.00942902
5399	10254	0.00942788
4592	10254	0.00942788
10253	10254	0.00942788
5264	10255	0.00942712
10254	10255	0.00942712
10255	10256	0.00942399
1370	10256	0.00942399
4327	10257	0.00942366
10256	10257	0.00942366
10257	10258	0.00942222
10136	10258	0.00942222
2536	10258	0.00942222
10258	10259	0.00940992
3234	10259	0.00940992
10259	10260	0.00940126
3076	10260	0.00940126
10260	10261	0.00937083
5403	10261	0.00937083
10261	10262	0.00936114
1448	10262	0.00936114
3331	10263	0.00934597
10262	10263	0.00934597
10263	10264	0.00934034
5671	10264	0.00934034
5703	10265	0.0093354
10264	10265	0.0093354
5420	10266	0.00932686
10265	10266	0.00932686
10266	10267	0.00932515
10211	10267	0.00932515
5285	10268	0.00932419
10267	10268	0.00932419
10268	10269	0.00932221
4784	10269	0.00932221
10269	10270	0.00932131
325	10270	0.00932131
4468	10271	0.00931636
10270	10271	0.00931636
10271	10272	0.00931545
3087	10272	0.00931545
1714	10272	0.00931545
1346	10273	0.00930595
10272	10273	0.00930595
10273	10274	0.00930406
5553	10274	0.00930406
5828	10274	0.00930406
8623	10275	0.00929456
10274	10275	0.00929456
716	10275	0.00929456
10275	10276	0.00929365
769	10276	0.00929365
1529	10276	0.00929365
10276	10277	0.00927829
4608	10277	0.00927829
10277	10278	0.0092764
318	10278	0.0092764
3552	10279	0.00939012
4121	10279	0.00939012
4432	10280	0.00927072
10278	10280	0.00927072
725	10280	0.00927072
10280	10281	0.00926876
2026	10281	0.00926876
243	10282	0.00926397
10281	10282	0.00926397
10282	10283	0.0092411
5383	10283	0.0092411
4839	10283	0.0092411
926	10284	0.00923541
10283	10284	0.00923541
10284	10285	0.0092346
3256	10285	0.0092346
10285	10286	0.00922777
3428	10286	0.00922777
10286	10287	0.00922147
730	10287	0.00922147
10287	10288	0.00918265
279	10288	0.00918265
10288	10289	0.00918097
1429	10289	0.00918097
10289	10290	0.0091801
1207	10290	0.0091801
883	10291	0.00917504
10290	10291	0.00917504
10291	10292	0.00916207
1393	10292	0.00916207
2967	10292	0.00916207
10292	10293	0.00915718
3966	10293	0.00915718
10293	10294	0.0091474
688	10294	0.0091474
10294	10295	0.00914287
3204	10295	0.00914287
10295	10296	0.00913712
4559	10296	0.00913712
10296	10297	0.00912875
5719	10297	0.00912875
10297	10298	0.00912384
3824	10298	0.00912384
2270	10299	0.00910759
10298	10299	0.00910759
4776	10300	0.00909804
10299	10300	0.00909804
10300	10301	0.00909604
408	10301	0.00909604
10301	10302	0.00908765
1836	10302	0.00908765
10302	10303	0.00908056
8734	10303	0.00908056
1678	10304	0.00907425
10303	10304	0.00907425
8815	10305	0.0090552
10304	10305	0.0090552
3436	10305	0.0090552
1654	10306	0.00904844
10305	10306	0.00904844
3117	10307	0.00904751
10306	10307	0.00904751
6117	10308	0.00904569
10307	10308	0.00904569
10308	10309	0.00903891
821	10309	0.00903891
10309	10310	0.00903533
915	10310	0.00903533
10310	10311	0.00902923
591	10311	0.00902923
10311	10312	0.0090275
3158	10312	0.0090275
5306	10313	0.00901128
10312	10313	0.00901128
10313	10314	0.00900068
3558	10314	0.00900068
4422	10315	0.00899116
10314	10315	0.00899116
10315	10316	0.0089779
2570	10316	0.0089779
3213	10316	0.0089779
1757	10317	0.00897416
10316	10317	0.00897416
10317	10318	0.00896248
4899	10318	0.00896248
10318	10319	0.0089445
683	10319	0.0089445
10319	10320	0.00893172
720	10320	0.00893172
10320	10321	0.00891588
1661	10321	0.00891588
8878	10322	0.00890828
10321	10322	0.00890828
1192	10322	0.00890828
10322	10323	0.00890531
788	10323	0.00890531
10323	10324	0.00886767
1507	10324	0.00886767
8617	10325	0.00886262
10324	10325	0.00886262
10325	10326	0.00886047
2765	10326	0.00886047
3110	10327	0.00885495
10326	10327	0.00885495
10327	10328	0.00885403
1625	10328	0.00885403
10328	10329	0.00884437
1982	10329	0.00884437
2728	10330	0.00883297
10329	10330	0.00883297
10330	10331	0.00882147
3551	10331	0.00882147
10331	10332	0.00878427
696	10332	0.00878427
8774	10333	0.00877957
5485	10333	0.00877957
10332	10333	0.00877957
10333	10334	0.00877592
2560	10334	0.00877592
10334	10335	0.00876436
4523	10335	0.00876436
10335	10336	0.00875563
9758	10336	0.00875563
10336	10337	0.00874519
2161	10337	0.00874519
10337	10338	0.00874408
691	10338	0.00874408
10338	10339	0.00874321
633	10339	0.00874321
556	10339	0.00874321
10339	10340	0.0087395
2672	10340	0.0087395
4236	10341	0.00871463
10340	10341	0.00871463
5942	10342	0.00871195
10341	10342	0.00871195
337	10343	0.00870326
10342	10343	0.00870326
5070	10344	0.00867937
10343	10344	0.00867937
10344	10345	0.00866128
2797	10345	0.00866128
1466	10346	0.00865555
10345	10346	0.00865555
10346	10347	0.008646
3188	10347	0.008646
8465	10348	0.00862579
10347	10348	0.00862579
3291	10349	0.00862302
10348	10349	0.00862302
5518	10349	0.00862302
6096	10350	0.00862107
10349	10350	0.00862107
1324	10350	0.00862107
10350	10351	0.00859365
4226	10351	0.00859365
10351	10352	0.00856803
10279	10352	0.00856803
10134	10352	0.00856803
10352	10353	0.00856121
3088	10353	0.00856121
8414	10354	0.00855448
328	10354	0.00855448
10353	10354	0.00855448
1065	10355	0.00854968
10354	10355	0.00854968
10355	10356	0.00854862
3868	10356	0.00854862
10356	10357	0.00854777
5647	10357	0.00854777
9751	10358	0.00854402
10357	10358	0.00854402
10358	10359	0.0085344
3597	10359	0.0085344
10359	10360	0.00853359
1034	10360	0.00853359
3648	10361	0.00852883
10360	10361	0.00852883
4442	10361	0.00852883
4575	10362	0.00851255
10361	10362	0.00851255
146	10363	0.008502
10362	10363	0.008502
8776	10364	0.00849995
10363	10364	0.00849995
10364	10365	0.00849246
4854	10365	0.00849246
8693	10366	0.00848767
10365	10366	0.00848767
2779	10366	0.00848767
3912	10367	0.00846742
10366	10367	0.00846742
3340	10368	0.00846471
10367	10368	0.00846471
8669	10369	0.00845145
10368	10369	0.00845145
10369	10370	0.00844954
1695	10370	0.00844954
10370	10371	0.00844579
481	10371	0.00844579
10371	10372	0.00843051
815	10372	0.00843051
1677	10372	0.00843051
8584	10373	0.00840285
4597	10373	0.00840285
10372	10373	0.00840285
10373	10374	0.00839607
638	10374	0.00839607
10374	10375	0.00839326
3916	10375	0.00839326
10375	10376	0.00839155
199	10376	0.00839155
1871	10377	0.00957496
111	10377	0.00957496
4213	10378	0.0196182
2578	10378	0.0196182
4498	10379	0.00871195
5342	10379	0.00871195
469	10380	0.00875487
5001	10380	0.00875487
8652	10381	0.0127725
4617	10381	0.0127725
1511	10382	0.0104417
3143	10382	0.0104417
10382	10383	0.00971394
4344	10383	0.00971394
3777	10384	0.0102053
3490	10384	0.0102053
2575	10385	0.0106773
1502	10385	0.0106773
2957	10386	0.0092888
4077	10386	0.0092888
2137	10387	0.0185509
4742	10387	0.0185509
5795	10388	0.0198307
2794	10388	0.0198307
5686	10389	0.00975814
2363	10389	0.00975814
3018	10390	0.00868889
3226	10390	0.00868889
4885	10391	0.00901411
4478	10391	0.00901411
5691	10392	0.00862676
4042	10392	0.00862676
5700	10393	0.00975983
4481	10393	0.00975983
5210	10394	0.0117226
4763	10394	0.0117226
1783	10395	0.00594138
5636	10395	0.00594138
8859	10396	0.00535963
19	10396	0.00535963
8614	10397	0.00754264
2845	10397	0.00754264
276	10398	0.00747326
10397	10398	0.00747326
4985	10399	0.0043707
663	10399	0.0043707
6112	10400	0.00497237
2565	10400	0.00497237
3425	10401	0.00733323
3803	10401	0.00733323
2042	10402	0.00600335
5751	10402	0.00600335
2384	10403	0.00624941
8534	10403	0.00624941
5318	10404	0.00517654
3748	10404	0.00517654
4476	10405	0.00736822
4838	10405	0.00736822
143	10406	0.00439928
2701	10406	0.00439928
5776	10407	0.00748534
1613	10407	0.00748534
6230	10408	0.00626464
2303	10408	0.00626464
4688	10409	0.00746547
4509	10409	0.00746547
5729	10410	0.00779045
5497	10410	0.00779045
1362	10411	0.00616351
5125	10411	0.00616351
4858	10412	0.00580217
1327	10412	0.00580217
4515	10413	0.00686075
3935	10413	0.00686075
2727	10414	0.00759794
2168	10414	0.00759794
10376	10415	0.00837798
557	10415	0.00837798
10415	10416	0.00836372
4628	10416	0.00836372
10416	10417	0.00835982
5822	10417	0.00835982
5539	10418	0.00835317
10417	10418	0.00835317
6004	10419	0.00833792
10418	10419	0.00833792
2320	10420	0.00833317
10419	10420	0.00833317
10420	10421	0.0083255
3535	10421	0.0083255
4865	10422	0.00832439
4986	10422	0.00832439
10421	10422	0.00832439
8692	10423	0.00831605
2082	10423	0.00831605
10422	10423	0.00831605
896	10424	0.00831315
10423	10424	0.00831315
10424	10425	0.00831143
1401	10425	0.00831143
1811	10426	0.00830688
10425	10426	0.00830688
8676	10427	0.00830468
10426	10427	0.00830468
8841	10428	0.00830364
10427	10428	0.00830364
2608	10429	0.0083006
10428	10429	0.0083006
4744	10430	0.00827205
10429	10430	0.00827205
1390	10431	0.00826942
10430	10431	0.00826942
10431	10432	0.00826824
4455	10432	0.00826824
10432	10433	0.00826383
5381	10433	0.00826383
4915	10433	0.00826383
10433	10434	0.00825966
2541	10434	0.00825966
8869	10435	0.00825408
10434	10435	0.00825408
10435	10436	0.00825325
10385	10436	0.00825325
10436	10437	0.00824637
117	10437	0.00824637
10437	10438	0.00823509
571	10438	0.00823509
1913	10439	0.00823142
8580	10439	0.00823142
10438	10439	0.00823142
10439	10440	0.00822638
5707	10440	0.00822638
242	10441	0.00821787
10440	10441	0.00821787
10441	10442	0.00821114
1309	10442	0.00821114
3001	10443	0.00820732
10442	10443	0.00820732
8670	10444	0.00820544
10443	10444	0.00820544
4159	10445	0.00820251
10444	10445	0.00820251
10445	10446	0.0081978
833	10446	0.0081978
900	10446	0.0081978
10446	10447	0.00819585
4750	10447	0.00819585
10447	10448	0.00817964
1372	10448	0.00817964
10448	10449	0.00817861
2151	10449	0.00817861
10449	10450	0.00817776
5056	10450	0.00817776
330	10451	0.00817015
1646	10451	0.00817015
10450	10451	0.00817015
10451	10452	0.00816524
3505	10452	0.00816524
8852	10453	0.00814055
10452	10453	0.00814055
10453	10454	0.00813954
1863	10454	0.00813954
10454	10455	0.0081368
2940	10455	0.0081368
10455	10456	0.00813477
5550	10456	0.00813477
785	10457	0.00813098
10456	10457	0.00813098
2781	10458	0.00812058
10457	10458	0.00812058
5084	10458	0.00812058
10458	10459	0.00811939
2140	10459	0.00811939
3044	10460	0.00810437
10459	10460	0.00810437
10460	10461	0.00810045
3092	10461	0.00810045
8797	10462	0.00809949
10461	10462	0.00809949
8866	10463	0.00808809
10462	10463	0.00808809
10463	10464	0.00808371
248	10464	0.00808371
10464	10465	0.00808136
3773	10465	0.00808136
10465	10466	0.00807477
103	10466	0.00807477
739	10467	0.00806333
10466	10467	0.00806333
155	10468	0.0080604
10467	10468	0.0080604
10468	10469	0.00804902
1237	10469	0.00804902
5115	10470	0.00804809
10469	10470	0.00804809
8470	10471	0.00803753
10470	10471	0.00803753
2156	10471	0.00803753
10471	10472	0.00801841
370	10472	0.00801841
8846	10473	0.00801754
10472	10473	0.00801754
287	10474	0.00801633
10473	10474	0.00801633
1011	10475	0.00801569
10474	10475	0.00801569
10475	10476	0.00800882
2544	10476	0.00800882
5699	10476	0.00800882
8675	10477	0.00800221
10476	10477	0.00800221
2731	10478	0.00799371
10477	10478	0.00799371
10478	10479	0.00798408
4313	10479	0.00798408
4844	10480	0.00797255
10479	10480	0.00797255
10480	10481	0.00797165
532	10481	0.00797165
8582	10482	0.0079662
10481	10482	0.0079662
10482	10483	0.00796413
1534	10483	0.00796413
1782	10484	0.00796125
10483	10484	0.00796125
10484	10485	0.00795929
2036	10485	0.00795929
10485	10486	0.00795554
2306	10486	0.00795554
5232	10487	0.00795283
10486	10487	0.00795283
5713	10488	0.00819093
1475	10488	0.00819093
8605	10489	0.00794897
1105	10489	0.00794897
10487	10490	0.00794984
3652	10490	0.00794984
5071	10491	0.00793657
10490	10491	0.00793657
2954	10492	0.00791279
10491	10492	0.00791279
10492	10493	0.00791097
5964	10493	0.00791097
6032	10493	0.00791097
10493	10494	0.00790981
5797	10494	0.00790981
140	10495	0.00790027
235	10495	0.00790027
10494	10495	0.00790027
8864	10496	0.0078973
10495	10496	0.0078973
3035	10497	0.00789545
10496	10497	0.00789545
10497	10498	0.00789453
2449	10498	0.00789453
1357	10499	0.00789347
10498	10499	0.00789347
10499	10500	0.00788791
4633	10500	0.00788791
8635	10501	0.00788005
10500	10501	0.00788005
2607	10502	0.00787819
10501	10502	0.00787819
8601	10503	0.00786973
10502	10503	0.00786973
10503	10504	0.00785833
1923	10504	0.00785833
2048	10505	0.00785345
10504	10505	0.00785345
2904	10506	0.00785255
10505	10506	0.00785255
1540	10506	0.00785255
128	10507	0.00785073
10506	10507	0.00785073
8735	10508	0.00784389
10507	10508	0.00784389
2968	10509	0.0078412
10508	10509	0.0078412
10509	10510	0.00783921
10383	10510	0.00783921
3683	10511	0.00783639
10510	10511	0.00783639
3483	10512	0.007828
10511	10512	0.007828
1058	10513	0.00782372
10512	10513	0.00782372
10513	10514	0.00782091
5673	10514	0.00782091
10514	10515	0.00780385
169	10515	0.00780385
4818	10515	0.00780385
10515	10516	0.00779913
356	10516	0.00779913
10516	10517	0.00778777
5473	10517	0.00778777
10517	10518	0.00778674
2232	10518	0.00778674
10489	10519	0.00778578
10518	10519	0.00778578
4391	10520	0.00778187
10519	10520	0.00778187
10520	10521	0.00778096
5487	10521	0.00778096
8857	10522	0.00777711
4026	10522	0.00777711
10521	10522	0.00777711
10522	10523	0.00777626
92	10523	0.00777626
2468	10524	0.00777321
3024	10524	0.00777321
10523	10524	0.00777321
1648	10525	0.00777055
10524	10525	0.00777055
10525	10526	0.00776681
4301	10526	0.00776681
10526	10527	0.00775724
5268	10527	0.00775724
10488	10527	0.00775724
10527	10528	0.00775533
6057	10528	0.00775533
8843	10529	0.00775236
10528	10529	0.00775236
6018	10530	0.00774583
10529	10530	0.00774583
194	10531	0.00774094
10530	10531	0.00774094
10531	10532	0.00773809
5397	10532	0.00773809
10532	10533	0.0077201
1386	10533	0.0077201
10533	10534	0.00771712
5801	10534	0.00771712
8865	10535	0.00771522
10534	10535	0.00771522
10535	10536	0.00771147
582	10536	0.00771147
3016	10536	0.00771147
10536	10537	0.0077037
1592	10537	0.0077037
10537	10538	0.00769813
1721	10538	0.00769813
10392	10538	0.00769813
345	10539	0.00769432
10538	10539	0.00769432
8651	10540	0.00768089
10539	10540	0.00768089
3718	10541	0.00767895
10540	10541	0.00767895
10541	10542	0.00766466
1124	10542	0.00766466
10542	10543	0.00765902
185	10543	0.00765902
10543	10544	0.00765614
10377	10544	0.00765614
3228	10545	0.00765336
10544	10545	0.00765336
10545	10546	0.00764348
4045	10546	0.00764348
10546	10547	0.00763609
3261	10547	0.00763609
10547	10548	0.0076325
996	10548	0.0076325
10548	10549	0.00762921
311	10549	0.00762921
1330	10549	0.00762921
10549	10550	0.00761886
3832	10550	0.00761886
1781	10550	0.00761886
10379	10550	0.00761886
3396	10551	0.00761418
10550	10551	0.00761418
10551	10552	0.00761223
2063	10552	0.00761223
10552	10553	0.00758076
1798	10553	0.00758076
10553	10554	0.00757402
2619	10554	0.00757402
1892	10554	0.00757402
4528	10555	0.0075732
10554	10555	0.0075732
1479	10555	0.0075732
10555	10556	0.00756263
886	10556	0.00756263
10556	10557	0.00755787
4018	10557	0.00755787
8696	10558	0.00755321
10557	10558	0.00755321
5997	10559	0.00755213
10558	10559	0.00755213
10559	10560	0.00754937
1365	10560	0.00754937
10386	10561	0.00756263
2003	10561	0.00756263
459	10562	0.00754443
10560	10562	0.00754443
10562	10563	0.00754264
3926	10563	0.00754264
10563	10564	0.00752937
2807	10564	0.00752937
10564	10565	0.00752547
4013	10565	0.00752547
2430	10566	0.00751318
10565	10566	0.00751318
10566	10567	0.00751025
3875	10567	0.00751025
1530	10568	0.00750642
10567	10568	0.00750642
10568	10569	0.00750535
552	10569	0.00750535
670	10569	0.00750535
1290	10569	0.00750535
1948	10569	0.00750535
3457	10570	0.00749973
10569	10570	0.00749973
10570	10571	0.00749889
2839	10571	0.00749889
10571	10572	0.00749301
1624	10572	0.00749301
10572	10573	0.00748862
4187	10573	0.00748862
2375	10573	0.00748862
10573	10574	0.00746819
1447	10574	0.00746819
10574	10575	0.00746364
5107	10575	0.00746364
10575	10576	0.00745492
1819	10576	0.00745492
10576	10577	0.00744727
5122	10577	0.00744727
10577	10578	0.00744248
2171	10578	0.00744248
3246	10578	0.00744248
10578	10579	0.00743204
1028	10579	0.00743204
10561	10579	0.00743204
10579	10580	0.00743111
5465	10580	0.00743111
10580	10581	0.00741765
8409	10581	0.00741765
1379	10581	0.00741765
8577	10582	0.00739103
10581	10582	0.00739103
10582	10583	0.00737952
5352	10583	0.00737952
4021	10584	0.0073738
10583	10584	0.0073738
10584	10585	0.00737203
5495	10585	0.00737203
4152	10586	0.00736068
10585	10586	0.00736068
10586	10587	0.00735289
924	10587	0.00735289
10587	10588	0.00733588
3710	10588	0.00733588
4031	10588	0.00733588
10588	10589	0.00733375
1683	10589	0.00733375
1051	10590	0.00731848
10589	10590	0.00731848
2800	10591	0.00731755
10590	10591	0.00731755
5506	10592	0.00744248
3734	10592	0.00744248
10591	10593	0.00731273
1469	10593	0.00731273
920	10594	0.00730612
10593	10594	0.00730612
10594	10595	0.00730521
4634	10595	0.00730521
2613	10596	0.00730327
10595	10596	0.00730327
2189	10596	0.00730327
3083	10597	0.00730147
10596	10597	0.00730147
8840	10598	0.00728704
8469	10598	0.00728704
8853	10598	0.00728704
10597	10598	0.00728704
10598	10599	0.00727092
2888	10599	0.00727092
6253	10600	0.00726803
10599	10600	0.00726803
10600	10601	0.00726307
2276	10601	0.00726307
10601	10602	0.00726235
3784	10602	0.00726235
8845	10603	0.00725463
10602	10603	0.00725463
10603	10604	0.00724797
3965	10604	0.00724797
10604	10605	0.00724483
3826	10605	0.00724483
8858	10606	0.00724245
10605	10606	0.00724245
10606	10607	0.00723171
4876	10607	0.00723171
10607	10608	0.00722597
2715	10608	0.00722597
10608	10609	0.00722402
1554	10609	0.00722402
10592	10609	0.00722402
10609	10610	0.00722311
3809	10610	0.00722311
10610	10611	0.00721453
779	10611	0.00721453
10611	10612	0.00720977
4864	10612	0.00720977
10612	10613	0.00719358
1600	10613	0.00719358
10613	10614	0.00718685
4139	10614	0.00718685
2920	10615	0.00718494
10614	10615	0.00718494
10615	10616	0.00718015
1403	10616	0.00718015
1826	10617	0.00717448
10616	10617	0.00717448
1930	10618	0.00716967
10617	10618	0.00716967
10618	10619	0.0071678
1660	10619	0.0071678
4009	10620	0.00716675
10619	10620	0.00716675
2345	10621	0.00718979
3836	10621	0.00718979
10620	10622	0.00716496
94	10622	0.00716496
10622	10623	0.00716393
10621	10623	0.00716393
4724	10624	0.00715833
10623	10624	0.00715833
10624	10625	0.00715729
778	10625	0.00715729
10389	10625	0.00715729
10625	10626	0.0071364
3737	10626	0.0071364
10626	10627	0.00713351
1541	10627	0.00713351
1932	10628	0.0071258
10627	10628	0.0071258
10628	10629	0.00711913
1942	10629	0.00711913
10629	10630	0.00711053
3862	10630	0.00711053
10630	10631	0.00710867
2448	10631	0.00710867
3668	10632	0.00710587
8611	10632	0.00710587
10631	10632	0.00710587
8522	10633	0.00710103
10632	10633	0.00710103
10633	10634	0.00709152
8766	10634	0.00709152
3134	10635	0.0070713
10634	10635	0.0070713
5737	10636	0.00706478
10635	10636	0.00706478
8725	10637	0.00705622
10636	10637	0.00705622
10637	10638	0.00705435
1072	10638	0.00705435
10638	10639	0.00705051
1161	10639	0.00705051
1246	10639	0.00705051
2943	10639	0.00705051
10639	10640	0.00704492
4208	10640	0.00704492
10640	10641	0.00704379
963	10641	0.00704379
10641	10642	0.00704197
3837	10642	0.00704197
4747	10643	0.007041
10642	10643	0.007041
10643	10644	0.00703903
3028	10644	0.00703903
10644	10645	0.00703525
10390	10645	0.00703525
8770	10646	0.00703062
3416	10646	0.00703062
10645	10646	0.00703062
10646	10647	0.00701616
1964	10647	0.00701616
10647	10648	0.00701437
2679	10648	0.00701437
3503	10649	0.00701328
10648	10649	0.00701328
8504	10650	0.00701236
10649	10650	0.00701236
5660	10651	0.00700672
10650	10651	0.00700672
10651	10652	0.00700381
5980	10652	0.00700381
5241	10653	0.00699998
10652	10653	0.00699998
588	10653	0.00699998
10653	10654	0.00697344
1098	10654	0.00697344
10654	10655	0.00696949
1707	10655	0.00696949
10655	10656	0.00696468
756	10656	0.00696468
10656	10657	0.00696189
1576	10657	0.00696189
2930	10658	0.00696083
10657	10658	0.00696083
4490	10659	0.0069504
10658	10659	0.0069504
5546	10660	0.00694941
10659	10660	0.00694941
133	10660	0.00694941
1234	10661	0.00693798
10660	10661	0.00693798
10661	10662	0.00692573
3382	10662	0.00692573
2332	10662	0.00692573
122	10663	0.00692079
10662	10663	0.00692079
5437	10664	0.00691699
10663	10664	0.00691699
5317	10665	0.00691031
10664	10665	0.00691031
10665	10666	0.00689414
3277	10666	0.00689414
4974	10666	0.00689414
8817	10667	0.00688847
10666	10667	0.00688847
8850	10668	0.0068864
3156	10668	0.0068864
10667	10668	0.0068864
10668	10669	0.0068855
4070	10669	0.0068855
1037	10670	0.00688064
10669	10670	0.00688064
99	10671	0.00686452
10670	10671	0.00686452
2521	10672	0.00686163
10671	10672	0.00686163
2261	10673	0.00685414
10672	10673	0.00685414
4652	10674	0.00822638
2394	10674	0.00822638
5484	10675	0.00688064
2392	10675	0.00688064
1568	10676	0.00666607
2484	10676	0.00666607
5974	10677	0.00683502
10673	10677	0.00683502
10677	10678	0.00681111
2128	10678	0.00681111
2725	10678	0.00681111
4753	10678	0.00681111
10678	10679	0.00681027
5276	10679	0.00681027
4092	10680	0.00680647
10679	10680	0.00680647
10680	10681	0.00679498
2279	10681	0.00679498
1321	10682	0.00678817
10681	10682	0.00678817
5087	10683	0.00678541
10682	10683	0.00678541
5472	10684	0.00678165
10683	10684	0.00678165
10684	10685	0.00677869
219	10685	0.00677869
10685	10686	0.0067777
1421	10686	0.0067777
10686	10687	0.00677397
4439	10687	0.00677397
2676	10688	0.00677308
10687	10688	0.00677308
2687	10689	0.00676629
10688	10689	0.00676629
10689	10690	0.00676067
3886	10690	0.00676067
6188	10691	0.00674728
2652	10691	0.00674728
10690	10691	0.00674728
10691	10692	0.00674628
612	10692	0.00674628
5844	10693	0.00673861
10692	10693	0.00673861
10693	10694	0.00673202
4004	10694	0.00673202
802	10695	0.00671759
10694	10695	0.00671759
715	10695	0.00671759
10695	10696	0.00671482
2428	10696	0.00671482
1420	10697	0.0066976
10696	10697	0.0066976
10697	10698	0.00669385
2629	10698	0.00669385
2820	10699	0.00669094
10698	10699	0.00669094
1889	10700	0.00668424
10699	10700	0.00668424
5982	10701	0.00667954
10700	10701	0.00667954
10701	10702	0.00666331
1610	10702	0.00666331
10702	10703	0.00665297
2091	10703	0.00665297
3493	10704	0.00665195
10703	10704	0.00665195
10704	10705	0.00664522
5854	10705	0.00664522
10705	10706	0.00664328
2567	10706	0.00664328
8473	10707	0.00663949
10706	10707	0.00663949
10707	10708	0.00663258
112	10708	0.00663258
10708	10709	0.00663089
4237	10709	0.00663089
10709	10710	0.00662318
6030	10710	0.00662318
10710	10711	0.00661465
859	10711	0.00661465
4928	10712	0.00660514
10711	10712	0.00660514
10712	10713	0.00660326
1969	10713	0.00660326
8848	10714	0.00658408
8854	10714	0.00658408
10713	10714	0.00658408
949	10715	0.00658228
1667	10715	0.00658228
10714	10715	0.00658228
10715	10716	0.00658034
10674	10716	0.00658034
10716	10717	0.00657747
2526	10717	0.00657747
1759	10718	0.00657657
10717	10718	0.00657657
8870	10719	0.00657281
10718	10719	0.00657281
10719	10720	0.00656592
4273	10720	0.00656592
979	10721	0.00653837
10720	10721	0.00653837
2798	10722	0.00650693
10721	10722	0.00650693
10722	10723	0.00650112
589	10723	0.00650112
2780	10724	0.00647157
10723	10724	0.00647157
6247	10725	0.00646295
10724	10725	0.00646295
224	10726	0.00645731
10725	10726	0.00645731
10726	10727	0.00644776
1933	10727	0.00644776
2543	10728	0.00680075
10380	10728	0.00680075
10727	10729	0.00644218
339	10729	0.00644218
4025	10730	0.00643925
10729	10730	0.00643925
379	10730	0.00643925
5250	10731	0.0064335
10730	10731	0.0064335
1073	10732	0.0064259
10731	10732	0.0064259
10732	10733	0.00641813
1491	10733	0.00641813
8542	10734	0.00640679
10733	10734	0.00640679
10734	10735	0.00639238
4495	10735	0.00639238
2895	10736	0.00638954
10735	10736	0.00638954
2076	10736	0.00638954
5613	10736	0.00638954
10736	10737	0.00638771
5390	10737	0.00638771
10676	10738	0.00638293
10737	10738	0.00638293
10738	10739	0.0063793
5696	10739	0.0063793
10739	10740	0.00637336
10728	10740	0.00637336
10740	10741	0.00636667
2918	10741	0.00636667
10741	10742	0.0063534
10675	10742	0.0063534
3319	10743	0.00634567
10742	10743	0.00634567
10743	10744	0.00634001
1123	10744	0.00634001
4163	10745	0.00633603
10744	10745	0.00633603
10745	10746	0.00633427
5478	10746	0.00633427
10746	10747	0.00632859
1949	10747	0.00632859
4843	10748	0.00630376
10747	10748	0.00630376
10748	10749	0.00630193
5586	10749	0.00630193
4390	10750	0.00629908
10749	10750	0.00629908
8653	10751	0.00629709
10750	10751	0.00629709
10751	10752	0.0062943
4774	10752	0.0062943
4879	10753	0.00629136
10752	10753	0.00629136
10753	10754	0.00628845
2996	10754	0.00628845
10754	10755	0.00628566
2197	10755	0.00628566
5628	10756	0.00627131
10755	10756	0.00627131
10756	10757	0.00626089
458	10757	0.00626089
8496	10758	0.00625322
4605	10758	0.00625322
10757	10758	0.00625322
3830	10759	0.00625242
10758	10759	0.00625242
10759	10760	0.00624872
306	10760	0.00624872
10760	10761	0.0062284
90	10761	0.0062284
10761	10762	0.00622656
5503	10762	0.00622656
1144	10762	0.00622656
10762	10763	0.00622178
1650	10763	0.00622178
10763	10764	0.00621988
2897	10764	0.00621988
10764	10765	0.00621314
161	10765	0.00621314
10765	10766	0.00619679
4889	10766	0.00619679
10766	10767	0.0061865
1623	10767	0.0061865
3482	10768	0.0061826
10767	10768	0.0061826
10768	10769	0.00616469
1471	10769	0.00616469
563	10770	0.00615219
10769	10770	0.00615219
10770	10771	0.00614065
5422	10771	0.00614065
10771	10772	0.00613215
2545	10772	0.00613215
2776	10773	0.00637056
2981	10773	0.00637056
4982	10774	0.00625034
5496	10774	0.00625034
8697	10775	0.00611973
10772	10775	0.00611973
10775	10776	0.0061025
4530	10776	0.0061025
10414	10777	0.00607895
2153	10777	0.00607895
2385	10777	0.00607895
10776	10777	0.00607895
665	10778	0.00605581
10777	10778	0.00605581
362	10779	0.00605006
10778	10779	0.00605006
8863	10780	0.00604153
10779	10780	0.00604153
5573	10781	0.00604058
10780	10781	0.00604058
5266	10782	0.00603868
10781	10782	0.00603868
10782	10783	0.00603009
1672	10783	0.00603009
5798	10783	0.00603009
3173	10784	0.00610443
934	10784	0.00610443
10783	10785	0.00602811
10784	10785	0.00602811
8855	10786	0.00602725
10785	10786	0.00602725
10786	10787	0.00599968
1118	10787	0.00599968
4294	10788	0.00599573
10787	10788	0.00599573
10788	10789	0.00599103
1371	10789	0.00599103
5680	10790	0.00598911
10789	10790	0.00598911
3530	10790	0.00598911
2734	10791	0.00598624
10790	10791	0.00598624
3118	10791	0.00598624
10791	10792	0.00597869
1054	10792	0.00597869
5229	10793	0.00597662
1767	10793	0.00597662
10792	10793	0.00597662
2744	10794	0.00594814
10793	10794	0.00594814
4711	10795	0.00594418
10794	10795	0.00594418
8862	10796	0.00594242
10795	10796	0.00594242
8836	10797	0.00593757
10796	10797	0.00593757
1762	10798	0.00593657
4457	10798	0.00593657
10797	10798	0.00593657
851	10799	0.00594994
2579	10799	0.00594994
10798	10800	0.00593375
336	10800	0.00593375
8842	10801	0.00593088
10800	10801	0.00593088
10413	10802	0.00592789
10801	10802	0.00592789
10802	10803	0.00592515
4117	10803	0.00592515
10799	10803	0.00592515
10803	10804	0.0059233
10774	10804	0.0059233
10804	10805	0.00591847
4938	10805	0.00591847
3736	10806	0.00591468
10805	10806	0.00591468
6078	10807	0.00591089
10806	10807	0.00591089
8667	10808	0.00590612
10807	10808	0.00590612
2124	10809	0.00590507
10808	10809	0.00590507
1569	10810	0.00590223
10809	10810	0.00590223
1526	10810	0.00590223
10810	10811	0.00589741
1599	10811	0.00589741
4286	10812	0.0058851
10811	10812	0.0058851
10812	10813	0.00588227
2452	10813	0.00588227
10813	10814	0.00587567
1967	10814	0.00587567
4635	10815	0.00586594
10814	10815	0.00586594
4501	10816	0.00584984
10815	10816	0.00584984
10816	10817	0.00584505
6044	10817	0.00584505
8834	10818	0.00584228
10817	10818	0.00584228
10818	10819	0.00583739
5380	10819	0.00583739
6246	10820	0.00582793
10819	10820	0.00582793
10820	10821	0.00582033
616	10821	0.00582033
3834	10822	0.00580979
10821	10822	0.00580979
10822	10823	0.00580885
1225	10823	0.00580885
30	10824	0.00578707
10823	10824	0.00578707
3079	10825	0.00578013
10824	10825	0.00578013
2127	10826	0.00577831
10825	10826	0.00577831
10826	10827	0.00577453
4153	10827	0.00577453
6013	10828	0.00576402
10827	10828	0.00576402
5645	10829	0.00576222
10828	10829	0.00576222
10829	10830	0.00576019
999	10830	0.00576019
4767	10831	0.00574878
8782	10831	0.00574878
10830	10831	0.00574878
2620	10832	0.00573258
10831	10832	0.00573258
2836	10833	0.00573053
10832	10833	0.00573053
3084	10833	0.00573053
5551	10833	0.00573053
8722	10834	0.00572973
10833	10834	0.00572973
4440	10835	0.00571539
10834	10835	0.00571539
3928	10836	0.00571152
10835	10836	0.00571152
1196	10837	0.00569532
10836	10837	0.00569532
8813	10838	0.00569446
10837	10838	0.00569446
10838	10839	0.00569077
5095	10839	0.00569077
10839	10840	0.0056867
515	10840	0.0056867
10840	10841	0.00568294
10773	10841	0.00568294
10841	10842	0.00568012
3771	10842	0.00568012
10842	10843	0.00566484
897	10843	0.00566484
10843	10844	0.00565131
2046	10844	0.00565131
10844	10845	0.00564771
2282	10845	0.00564771
10845	10846	0.00564291
421	10846	0.00564291
10378	10847	0.00563895
10846	10847	0.00563895
10847	10848	0.00563616
2239	10848	0.00563616
3321	10849	0.00563143
10848	10849	0.00563143
10849	10850	0.00562862
5971	10850	0.00562862
1722	10851	0.00561231
10850	10851	0.00561231
8559	10852	0.00560658
10851	10852	0.00560658
10852	10853	0.00560569
3924	10853	0.00560569
10853	10854	0.00559806
4604	10854	0.00559806
10854	10855	0.00559616
3629	10855	0.00559616
10855	10856	0.00559322
2064	10856	0.00559322
1093	10857	0.00591089
261	10857	0.00591089
1233	10858	0.00777993
697	10858	0.00777993
970	10859	0.00680238
3362	10859	0.00680238
3022	10860	0.00622358
1071	10860	0.00622358
10860	10861	0.00600535
5153	10861	0.00600535
5366	10862	0.00611108
1604	10862	0.00611108
4612	10863	0.00512784
4912	10863	0.00512784
10411	10864	0.00510883
5642	10864	0.00510883
10856	10865	0.00557901
3056	10865	0.00557901
10409	10866	0.00557614
10865	10866	0.00557614
8844	10867	0.00556566
10866	10867	0.00556566
10867	10868	0.00555514
862	10868	0.00555514
2457	10868	0.00555514
10868	10869	0.00554086
2998	10869	0.00554086
8809	10870	0.00553888
10869	10870	0.00553888
10870	10871	0.00552939
4715	10871	0.00552939
270	10872	0.00552842
10871	10872	0.00552842
5649	10873	0.00552084
10872	10873	0.00552084
10873	10874	0.00551314
8830	10874	0.00551314
3807	10875	0.00550071
10874	10875	0.00550071
10408	10876	0.00549698
10875	10876	0.00549698
10876	10877	0.00549504
3011	10877	0.00549504
4101	10878	0.00548661
1854	10878	0.00548661
10877	10878	0.00548661
10878	10879	0.0054741
6029	10879	0.0054741
5907	10880	0.00547215
10879	10880	0.00547215
10880	10881	0.00546265
4338	10881	0.00546265
2441	10882	0.00545688
10881	10882	0.00545688
4909	10883	0.00545018
10882	10883	0.00545018
5398	10884	0.00543207
10883	10884	0.00543207
407	10885	0.00542835
10884	10885	0.00542835
5555	10886	0.00542753
10885	10886	0.00542753
1180	10886	0.00542753
10886	10887	0.00541215
3978	10887	0.00541215
10887	10888	0.00540929
1348	10888	0.00540929
2971	10889	0.00540547
10888	10889	0.00540547
377	10890	0.00539593
10889	10890	0.00539593
10890	10891	0.00539394
3508	10891	0.00539394
10891	10892	0.00539207
2098	10892	0.00539207
10391	10893	0.00538448
10892	10893	0.00538448
10893	10894	0.00537875
147	10894	0.00537875
574	10895	0.00537776
10894	10895	0.00537776
1601	10896	0.00536726
10895	10896	0.00536726
5101	10897	0.00536621
10896	10897	0.00536621
10897	10898	0.00536544
2304	10898	0.00536544
5319	10899	0.00536248
10898	10899	0.00536248
5957	10900	0.00535574
10899	10900	0.00535574
8595	10901	0.00532333
10900	10901	0.00532333
860	10902	0.00532061
10901	10902	0.00532061
5641	10903	0.00531006
10902	10903	0.00531006
214	10904	0.00530244
10903	10904	0.00530244
1464	10905	0.00529583
10904	10905	0.00529583
10905	10906	0.00528824
2528	10906	0.00528824
2033	10907	0.00528143
2077	10907	0.00528143
10906	10907	0.00528143
3373	10908	0.00527948
10907	10908	0.00527948
10908	10909	0.0052767
135	10909	0.0052767
4346	10910	0.00527284
4717	10910	0.00527284
10909	10910	0.00527284
1766	10911	0.00525381
10910	10911	0.00525381
5790	10911	0.00525381
986	10912	0.00524994
10911	10912	0.00524994
10912	10913	0.00524901
4316	10913	0.00524901
10913	10914	0.00524713
865	10914	0.00524713
10914	10915	0.00524523
8497	10915	0.00524523
4088	10916	0.00523471
10915	10916	0.00523471
3661	10917	0.00523375
10916	10917	0.00523375
5459	10918	0.00522523
10917	10918	0.00522523
10918	10919	0.00521465
10393	10919	0.00521465
8518	10920	0.00521279
10919	10920	0.00521279
10920	10921	0.00520328
4280	10921	0.00520328
5935	10922	0.00519276
10921	10922	0.00519276
5243	10923	0.00518215
10922	10923	0.00518215
10412	10924	0.00516695
10923	10924	0.00516695
3576	10925	0.00516608
8388	10925	0.00516608
1424	10925	0.00516608
10924	10925	0.00516608
1315	10926	0.00516328
10925	10926	0.00516328
107	10927	0.00516224
10926	10927	0.00516224
5526	10928	0.00515646
10927	10928	0.00515646
10928	10929	0.00515361
2289	10929	0.00515361
3442	10930	0.0051327
10929	10930	0.0051327
8464	10931	0.00510023
10930	10931	0.00510023
4705	10932	0.00509354
10931	10932	0.00509354
10932	10933	0.00508309
3369	10933	0.00508309
3135	10934	0.00507259
10933	10934	0.00507259
10934	10935	0.00507175
293	10935	0.00507175
10857	10936	0.0050774
3030	10936	0.0050774
10935	10937	0.00507079
3093	10937	0.00507079
4284	10938	0.00506972
10937	10938	0.00506972
5532	10939	0.005065
10938	10939	0.005065
5280	10940	0.00506402
10939	10940	0.00506402
4235	10941	0.00505922
10940	10941	0.00505922
10941	10942	0.00504304
8625	10942	0.00504304
4091	10943	0.00503924
10942	10943	0.00503924
8762	10944	0.00502394
10943	10944	0.00502394
8446	10945	0.00501732
10944	10945	0.00501732
10945	10946	0.00500684
630	10946	0.00500684
1784	10947	0.00500195
10946	10947	0.00500195
3934	10947	0.00500195
8576	10948	0.00498881
10947	10948	0.00498881
10948	10949	0.00498104
5180	10949	0.00498104
10949	10950	0.00498009
2831	10950	0.00498009
10936	10950	0.00498009
4845	10951	0.00497336
2079	10951	0.00497336
10950	10951	0.00497336
5427	10952	0.00495433
4050	10952	0.00495433
10951	10952	0.00495433
10952	10953	0.00494294
3929	10953	0.00494294
10953	10954	0.00494101
2118	10954	0.00494101
2719	10955	0.00493531
10954	10955	0.00493531
10955	10956	0.00493432
5448	10956	0.00493432
10956	10957	0.00492863
2673	10957	0.00492863
1559	10958	0.00491715
10957	10958	0.00491715
10958	10959	0.00491327
1121	10959	0.00491327
1739	10959	0.00491327
10959	10960	0.00489906
5032	10960	0.00489906
1580	10961	0.00501068
170	10961	0.00501068
1277	10962	0.00523944
3767	10962	0.00523944
2741	10963	0.00487617
10960	10963	0.00487617
10963	10964	0.00487029
1547	10964	0.00487029
10964	10965	0.00486942
3219	10965	0.00486942
10965	10966	0.00486659
1318	10966	0.00486659
10966	10967	0.00486467
4233	10967	0.00486467
1884	10968	0.00485992
10967	10968	0.00485992
6038	10968	0.00485992
77	10969	0.00485516
10968	10969	0.00485516
4473	10970	0.00485228
10969	10970	0.00485228
5916	10971	0.00484664
10970	10971	0.00484664
2612	10972	0.00484082
10971	10972	0.00484082
10972	10973	0.00483506
259	10973	0.00483506
10973	10974	0.00483133
497	10974	0.00483133
10974	10975	0.00482555
1220	10975	0.00482555
8579	10976	0.00482368
10975	10976	0.00482368
342	10977	0.00482084
10976	10977	0.00482084
5744	10978	0.00481798
10977	10978	0.00481798
1427	10979	0.004817
10978	10979	0.004817
10979	10980	0.00481323
3306	10980	0.00481323
10980	10981	0.00481129
4840	10981	0.00481129
8557	10982	0.00480653
10981	10982	0.00480653
8820	10983	0.00480173
10982	10983	0.00480173
5968	10984	0.00479295
10983	10984	0.00479295
236	10985	0.00478933
10984	10985	0.00478933
1267	10986	0.00478745
1551	10986	0.00478745
10985	10987	0.00478558
8807	10987	0.00478558
1258	10987	0.00478558
4632	10988	0.00478456
10987	10988	0.00478456
4267	10989	0.00477791
10988	10989	0.00477791
4541	10990	0.00477505
5596	10990	0.00477505
10384	10990	0.00477505
10989	10990	0.00477505
2860	10991	0.00477219
10990	10991	0.00477219
3639	10992	0.00476646
10991	10992	0.00476646
10961	10992	0.00476646
955	10993	0.00476081
10992	10993	0.00476081
8754	10994	0.0047541
10993	10994	0.0047541
10994	10995	0.00475019
4430	10995	0.00475019
794	10995	0.00475019
10995	10996	0.00473786
10859	10996	0.00473786
10996	10997	0.00472163
2690	10997	0.00472163
10997	10998	0.0047207
3326	10998	0.0047207
10998	10999	0.00471593
350	10999	0.00471593
10999	11000	0.00471395
4962	11000	0.00471395
11000	11001	0.00471021
10962	11001	0.00471021
11001	11002	0.00470637
10986	11002	0.00470637
4694	11003	0.00469499
11002	11003	0.00469499
3562	11004	0.00469313
11003	11004	0.00469313
941	11005	0.0046873
11004	11005	0.0046873
11005	11006	0.00468065
2298	11006	0.00468065
11006	11007	0.00467784
2159	11007	0.00467784
11007	11008	0.00467586
8724	11008	0.00467586
11008	11009	0.00466924
285	11009	0.00466924
5588	11009	0.00466924
11009	11010	0.00466734
6054	11010	0.00466734
10858	11011	0.004857
1857	11011	0.004857
733	11012	0.00474354
10388	11012	0.00474354
5818	11013	0.0046549
8710	11013	0.0046549
11010	11014	0.00466631
2825	11014	0.00466631
1307	11015	0.00464913
11014	11015	0.00464913
4782	11016	0.0046425
11015	11016	0.0046425
4445	11017	0.00463766
11016	11017	0.00463766
4820	11018	0.00463581
11017	11018	0.00463581
2973	11018	0.00463581
11013	11019	0.00462734
10381	11019	0.00462734
2198	11019	0.00462734
1931	11019	0.00462734
3666	11019	0.00462734
11018	11019	0.00462734
6231	11020	0.0046263
11019	11020	0.0046263
2129	11021	0.00462148
11020	11021	0.00462148
11021	11022	0.00461961
1745	11022	0.00461961
8535	11023	0.00461863
11022	11023	0.00461863
11012	11023	0.00461863
4874	11024	0.00461772
11023	11024	0.00461772
3052	11025	0.00461485
11024	11025	0.00461485
11025	11026	0.00460808
4019	11026	0.00460808
8789	11027	0.00460724
11026	11027	0.00460724
4140	11028	0.00458994
11027	11028	0.00458994
703	11029	0.00458613
11028	11029	0.00458613
11029	11030	0.00458051
834	11030	0.00458051
11011	11030	0.00458051
11030	11031	0.00457382
1552	11031	0.00457382
1108	11032	0.00457096
11031	11032	0.00457096
10864	11033	0.0045681
2562	11033	0.0045681
11032	11033	0.0045681
374	11033	0.0045681
11033	11034	0.00456532
5419	11034	0.00456532
11034	11035	0.00456145
2914	11035	0.00456145
5227	11036	0.00456052
11035	11036	0.00456052
3891	11037	0.0045595
11036	11037	0.0045595
11037	11038	0.00455761
3625	11038	0.00455761
2980	11039	0.00455571
11038	11039	0.00455571
11039	11040	0.00455474
5985	11040	0.00455474
8645	11041	0.00453949
11040	11041	0.00453949
11041	11042	0.00453376
2231	11042	0.00453376
5727	11043	0.00452609
11042	11043	0.00452609
2858	11044	0.00452141
11043	11044	0.00452141
738	11045	0.00452038
11044	11045	0.00452038
8775	11046	0.00451854
11045	11046	0.00451854
2514	11047	0.00450315
11046	11047	0.00450315
2538	11048	0.0045023
11047	11048	0.0045023
2625	11049	0.00449659
11048	11049	0.00449659
11049	11050	0.00449465
3920	11050	0.00449465
11050	11051	0.00449371
2123	11051	0.00449371
2770	11052	0.0044832
11051	11052	0.0044832
1166	11053	0.00447838
11052	11053	0.00447838
10863	11054	0.00447756
11053	11054	0.00447756
5357	11055	0.00447182
11054	11055	0.00447182
5593	11056	0.00480271
853	11056	0.00480271
3507	11057	0.0053797
6048	11057	0.0053797
11057	11058	0.00467682
6011	11058	0.00467682
3450	11059	0.00446891
11055	11059	0.00446891
4111	11060	0.00446699
11059	11060	0.00446699
4939	11061	0.00446129
3146	11061	0.00446129
11060	11061	0.00446129
4990	11062	0.00444506
11061	11062	0.00444506
6244	11063	0.0044384
11062	11063	0.0044384
11063	11064	0.00443458
4337	11064	0.00443458
1926	11065	0.00442414
11064	11065	0.00442414
11065	11066	0.00442313
2735	11066	0.00442313
11066	11067	0.00441167
3682	11067	0.00441167
954	11068	0.00440697
11067	11068	0.00440697
5857	11069	0.00440503
11068	11069	0.00440503
5566	11070	0.00440213
11069	11070	0.00440213
11070	11071	0.00440025
11058	11071	0.00440025
3977	11072	0.0043745
11071	11072	0.0043745
741	11073	0.00437354
11072	11073	0.00437354
4975	11073	0.00437354
4681	11074	0.00436878
11073	11074	0.00436878
1064	11075	0.00436308
11074	11075	0.00436308
3566	11076	0.00435922
11075	11076	0.00435922
1573	11077	0.00435066
11076	11077	0.00435066
11077	11078	0.00434305
2405	11078	0.00434305
3798	11078	0.00434305
11078	11079	0.00432581
4653	11079	0.00432581
791	11080	0.00432492
11079	11080	0.00432492
705	11081	0.004323
11080	11081	0.004323
11081	11082	0.00431159
1998	11082	0.00431159
11082	11083	0.00430776
4651	11083	0.00430776
11083	11084	0.00429536
227	11084	0.00429536
1303	11084	0.00429536
3817	11085	0.00429059
11084	11085	0.00429059
1814	11086	0.00428578
11085	11086	0.00428578
5006	11087	0.00428487
11086	11087	0.00428487
5792	11088	0.00428392
11087	11088	0.00428392
11088	11089	0.00427151
2805	11089	0.00427151
11089	11090	0.00426685
3791	11090	0.00426685
11090	11091	0.00426289
2817	11091	0.00426289
11091	11092	0.00425916
1380	11092	0.00425916
5852	11093	0.00425709
11092	11093	0.00425709
11093	11094	0.00424005
11056	11094	0.00424005
5208	11095	0.00422476
11094	11095	0.00422476
2742	11096	0.00422001
11095	11096	0.00422001
1878	11097	0.00421236
11096	11097	0.00421236
11097	11098	0.00421044
3169	11098	0.00421044
2073	11099	0.00420658
11098	11099	0.00420658
1351	11100	0.00419804
11099	11100	0.00419804
8856	11101	0.00419333
11100	11101	0.00419333
5009	11102	0.00419232
11101	11102	0.00419232
8867	11103	0.00418572
11102	11103	0.00418572
11103	11104	0.00418092
10387	11104	0.00418092
2599	11105	0.00417617
11104	11105	0.00417617
4112	11106	0.0041523
11105	11106	0.0041523
11106	11107	0.00414668
5842	11107	0.00414668
6009	11108	0.00414277
11107	11108	0.00414277
11108	11109	0.00414083
18	11109	0.00414083
4871	11109	0.00414083
10862	11109	0.00414083
4210	11110	0.00413417
11109	11110	0.00413417
10410	11111	0.00403118
2529	11111	0.00403118
11110	11112	0.00408648
1153	11112	0.00408648
5461	11113	0.0040827
11112	11113	0.0040827
4535	11114	0.0040808
11113	11114	0.0040808
3980	11115	0.00407409
11114	11115	0.00407409
3643	11116	0.00407215
11115	11116	0.00407215
4249	11117	0.0040713
11116	11117	0.0040713
11117	11118	0.0040674
2310	11118	0.0040674
8798	11119	0.00402832
11118	11119	0.00402832
3563	11120	0.00402071
3113	11120	0.00402071
11119	11120	0.00402071
4419	11121	0.00401784
11120	11121	0.00401784
11121	11122	0.0040102
6	11122	0.0040102
5978	11123	0.00400923
11122	11123	0.00400923
11123	11124	0.00399876
149	11124	0.00399876
10861	11124	0.00399876
1840	11124	0.00399876
417	11125	0.00399588
11124	11125	0.00399588
4182	11126	0.00395775
11125	11126	0.00395775
4722	11127	0.00395587
11126	11127	0.00395587
4500	11128	0.00393775
11127	11128	0.00393775
5076	11129	0.00393396
11128	11129	0.00393396
1946	11129	0.00393396
1929	11130	0.00392627
2434	11130	0.00392627
11129	11130	0.00392627
516	11131	0.00390149
11130	11131	0.00390149
1176	11132	0.00390052
11131	11132	0.00390052
2609	11133	0.00388526
11132	11133	0.00388526
8755	11133	0.00388526
816	11134	0.00387769
11133	11134	0.00387769
11134	11135	0.00386235
687	11135	0.00386235
5704	11135	0.00386235
11135	11136	0.0038529
5747	11136	0.0038529
3263	11137	0.0038472
11136	11137	0.0038472
4376	11138	0.00384522
11137	11138	0.00384522
3187	11139	0.00381948
11138	11139	0.00381948
5655	11140	0.00381471
11139	11140	0.00381471
411	11141	0.00380516
11140	11141	0.00380516
11141	11142	0.00379082
681	11142	0.00379082
2299	11143	0.00377751
11142	11143	0.00377751
3587	11143	0.00377751
11143	11144	0.00376797
1373	11144	0.00376797
2633	11145	0.00376409
11144	11145	0.00376409
11145	11146	0.00375462
8637	11146	0.00375462
11146	11147	0.00375272
1057	11147	0.00375272
3351	11148	0.00374607
11147	11148	0.00374607
6144	11149	0.00373367
11148	11149	0.00373367
11111	11150	0.00373079
4161	11150	0.00373079
8828	11150	0.00373079
11149	11150	0.00373079
8868	11151	0.00371647
11150	11151	0.00371647
3427	11152	0.0037012
8689	11152	0.0037012
11151	11152	0.0037012
11152	11153	0.00369927
4933	11153	0.00369927
8743	11154	0.00368402
11153	11154	0.00368402
11154	11155	0.00368309
5400	11155	0.00368309
11155	11156	0.00367164
2402	11156	0.00367164
1017	11157	0.00365926
11156	11157	0.00365926
719	11158	0.00582611
534	11158	0.00582611
767	11159	0.00419432
3116	11159	0.00419432
4217	11160	0.00354291
1590	11160	0.00354291
5646	11161	0.00264546
3468	11161	0.00264546
2623	11162	0.0013361
216	11162	0.0013361
5065	11163	0.00129032
975	11163	0.00129032
3857	11164	0.00307752
4831	11164	0.00307752
1038	11165	0.00265693
1335	11165	0.00265693
2223	11166	0.00280476
5740	11166	0.00280476
11166	11167	0.00241563
5483	11167	0.00241563
8780	11168	0.00220489
1606	11168	0.00220489
8442	11169	0.00263025
4085	11169	0.00263025
569	11170	0.00226306
3054	11170	0.00226306
1499	11171	0.00216103
8727	11171	0.00216103
5765	11172	0.00329301
3098	11172	0.00329301
2736	11173	0.00340175
443	11173	0.00340175
1587	11174	0.00321007
823	11174	0.00321007
5453	11175	0.00308515
2479	11175	0.00308515
11157	11176	0.00365352
1584	11176	0.00365352
2207	11177	0.00363545
11176	11177	0.00363545
11177	11178	0.00363448
5458	11178	0.00363448
4732	11179	0.00362487
5240	11179	0.00362487
11178	11179	0.00362487
11179	11180	0.00360872
1156	11180	0.00360872
1607	11181	0.00360291
11180	11181	0.00360291
11181	11182	0.00360203
1245	11182	0.00360203
5563	11183	0.00359916
11182	11183	0.00359916
11183	11184	0.0035982
5456	11184	0.0035982
11184	11185	0.00359345
1489	11185	0.00359345
3282	11186	0.00358101
11185	11186	0.00358101
8811	11187	0.00356101
11186	11187	0.00356101
4438	11188	0.00355528
11187	11188	0.00355528
4383	11189	0.00353909
11188	11189	0.00353909
5733	11190	0.00353625
5059	11190	0.00353625
5627	11190	0.00353625
11189	11190	0.00353625
3432	11191	0.00351716
11190	11191	0.00351716
8816	11192	0.00350189
11191	11192	0.00350189
871	11193	0.00349905
11192	11193	0.00349905
2371	11194	0.00349617
11193	11194	0.00349617
11194	11195	0.00347806
8786	11195	0.00347806
2215	11196	0.00347135
11195	11196	0.00347135
11196	11197	0.0034647
689	11197	0.0034647
3163	11198	0.00345993
11197	11198	0.00345993
921	11199	0.00345803
11198	11199	0.00345803
3850	11200	0.00345707
11199	11200	0.00345707
76	11201	0.00343319
11200	11201	0.00343319
11201	11202	0.00342561
5332	11202	0.00342561
11202	11203	0.00342275
11159	11203	0.00342275
2269	11204	0.00342086
11203	11204	0.00342086
11204	11205	0.00341892
6053	11205	0.00341892
5099	11206	0.00339603
11205	11206	0.00339603
3253	11207	0.00337697
11206	11207	0.00337697
3410	11208	0.00337505
11207	11208	0.00337505
11208	11209	0.00337027
5265	11209	0.00337027
11209	11210	0.00336457
1523	11210	0.00336457
2227	11210	0.00336457
2056	11211	0.00335121
11210	11211	0.00335121
11211	11212	0.00332834
4435	11212	0.00332834
232	11213	0.0033245
11212	11213	0.0033245
11213	11214	0.00331307
3630	11214	0.00331307
8376	11215	0.00330542
11214	11215	0.00330542
10403	11216	0.00329781
11215	11216	0.00329781
10406	11217	0.00328256
11216	11217	0.00328256
11217	11218	0.00326825
4341	11218	0.00326825
3055	11219	0.00324155
11218	11219	0.00324155
10396	11220	0.00321868
11219	11220	0.00321868
11220	11221	0.00320816
5074	11221	0.00320816
2712	11222	0.00320435
11221	11222	0.00320435
8785	11223	0.00319194
11222	11223	0.00319194
4212	11224	0.00318718
11223	11224	0.00318718
11224	11225	0.00318527
118	11225	0.00318527
2078	11226	0.00317
11225	11226	0.00317
2684	11227	0.00315856
4768	11227	0.00315856
11226	11227	0.00315856
10398	11228	0.00315287
11227	11228	0.00315287
205	11229	0.00348479
4155	11229	0.00348479
8750	11230	0.00314044
11228	11230	0.00314044
251	11231	0.00313475
11230	11231	0.00313475
1092	11232	0.00312808
11231	11232	0.00312808
11232	11233	0.00312709
5014	11233	0.00312709
6006	11234	0.00311184
11233	11234	0.00311184
4424	11235	0.00310705
11234	11235	0.00310705
5886	11236	0.00309752
11235	11236	0.00309752
5499	11237	0.00309279
11236	11237	0.00309279
3645	11238	0.00308515
11237	11238	0.00308515
1872	11239	0.00308416
11238	11239	0.00308416
648	11240	0.00307563
11239	11240	0.00307563
1546	11241	0.00307459
11240	11241	0.00307459
5446	11242	0.0030594
11241	11242	0.0030594
11242	11243	0.00305556
4619	11243	0.00305556
10405	11244	0.00304603
11243	11244	0.00304603
3704	11245	0.00303459
11244	11245	0.00303459
5903	11246	0.00303365
11245	11246	0.00303365
264	11247	0.00301933
11246	11247	0.00301933
4270	11248	0.00301077
8806	11248	0.00301077
11247	11248	0.00301077
6068	11249	0.00300789
11248	11249	0.00300789
4342	11250	0.00300502
11249	11250	0.00300502
3564	11251	0.00299357
11250	11251	0.00299357
8791	11252	0.00298595
2639	11252	0.00298595
11251	11252	0.00298595
5024	11253	0.00298502
11252	11253	0.00298502
2826	11254	0.00296594
11253	11254	0.00296594
4586	11255	0.002964
11254	11255	0.002964
4385	11256	0.00296212
11255	11256	0.00296212
4557	11257	0.00295923
11256	11257	0.00295923
1293	11258	0.00295832
11257	11258	0.00295832
5783	11259	0.00295543
11258	11259	0.00295543
11259	11260	0.00295155
2947	11260	0.00295155
5133	11261	0.00294875
11260	11261	0.00294875
11261	11262	0.00294496
3295	11262	0.00294496
4718	11262	0.00294496
781	11263	0.00293158
11262	11263	0.00293158
11263	11264	0.00292967
5174	11264	0.00292967
5000	11265	0.00292684
11264	11265	0.00292684
4757	11266	0.00291634
11265	11266	0.00291634
11266	11267	0.00291157
11158	11267	0.00291157
2566	11268	0.00290489
11267	11268	0.00290489
4783	11269	0.00290297
11268	11269	0.00290297
10400	11270	0.0029011
11269	11270	0.0029011
3594	11271	0.00289343
11270	11271	0.00289343
8824	11272	0.0028925
11271	11272	0.0028925
11272	11273	0.00287533
11229	11273	0.00287533
5648	11274	0.00286674
11273	11274	0.00286674
5994	11275	0.00285154
11274	11275	0.00285154
2843	11276	0.00284672
11275	11276	0.00284672
5833	11277	0.00284383
11276	11277	0.00284383
4475	11278	0.00282861
11277	11278	0.00282861
2989	11278	0.00282861
5617	11279	0.00282382
11278	11279	0.00282382
602	11280	0.00281333
11279	11280	0.00281333
11280	11281	0.0028124
2085	11281	0.0028124
5725	11282	0.00280285
11281	11282	0.00280285
343	11283	0.00279811
11282	11283	0.00279811
11283	11284	0.00279618
3845	11284	0.00279618
3481	11285	0.00279045
11284	11285	0.00279045
174	11286	0.00278762
11285	11286	0.00278762
11286	11287	0.00276854
659	11287	0.00276854
893	11288	0.00276661
11287	11288	0.00276661
3363	11289	0.00275994
11288	11289	0.00275994
4264	11290	0.00274372
11289	11290	0.00274372
4329	11291	0.00273708
11290	11291	0.00273708
721	11292	0.00273228
11291	11292	0.00273228
5251	11293	0.0027294
2187	11293	0.0027294
11292	11293	0.0027294
1126	11294	0.00272082
11293	11294	0.00272082
1841	11295	0.00271133
11294	11295	0.00271133
1602	11296	0.00271034
11295	11296	0.00271034
4443	11297	0.00270942
11296	11297	0.00270942
5548	11298	0.0027027
11297	11298	0.0027027
8801	11299	0.0027008
11298	11299	0.0027008
8837	11300	0.00269127
11299	11300	0.00269127
994	11301	0.00268363
11300	11301	0.00268363
303	11302	0.00267312
11301	11302	0.00267312
11302	11303	0.00266458
2842	11303	0.00266458
4968	11304	0.00265884
11303	11304	0.00265884
3976	11305	0.00265313
11304	11305	0.00265313
5861	11306	0.00264931
11305	11306	0.00264931
4487	11307	0.00264072
11306	11307	0.00264072
5866	11308	0.00263786
11307	11308	0.00263786
8777	11308	0.00263786
5889	11309	0.00263403
11308	11309	0.00263403
11309	11310	0.00262735
1439	11310	0.00262735
2532	11311	0.0026102
4357	11311	0.0026102
11310	11311	0.0026102
5830	11312	0.0026083
11311	11312	0.0026083
4948	11313	0.0025978
11312	11313	0.0025978
1374	11314	0.00259209
11313	11314	0.00259209
465	11315	0.00257682
11314	11315	0.00257682
1777	11316	0.00257588
11315	11316	0.00257588
8802	11317	0.00257301
11316	11317	0.00257301
751	11318	0.00255297
11317	11318	0.00255297
956	11319	0.0025463
11318	11319	0.0025463
2300	11320	0.00253391
11319	11320	0.00253391
10404	11321	0.00253295
11320	11321	0.00253295
1132	11322	0.00253202
5111	11322	0.00253202
11321	11322	0.00253202
2180	11323	0.00251867
11322	11323	0.00251867
4365	11324	0.00251579
11323	11324	0.00251579
593	11325	0.00251291
5026	11325	0.00251291
11324	11325	0.00251291
25	11326	0.00249765
11325	11326	0.00249765
3502	11327	0.00248527
1679	11327	0.00248527
11326	11327	0.00248527
3733	11328	0.00247191
11327	11328	0.00247191
3944	11329	0.00246618
11328	11329	0.00246618
2591	11330	0.00246525
11329	11330	0.00246525
5182	11331	0.00246336
11330	11331	0.00246336
3948	11332	0.00245094
11331	11332	0.00245094
1733	11333	0.00245001
11332	11333	0.00245001
2515	11334	0.00244141
11333	11334	0.00244141
3889	11335	0.00243186
11334	11335	0.00243186
3370	11336	0.00242617
11335	11336	0.00242617
4110	11337	0.00242424
11336	11337	0.00242424
3770	11338	0.0024042
11337	11338	0.0024042
1250	11339	0.00240134
11338	11339	0.00240134
8753	11340	0.002388
11339	11340	0.002388
5077	11341	0.00236894
11340	11341	0.00236894
4197	11342	0.00236226
11341	11342	0.00236226
623	11343	0.00234604
11342	11343	0.00234604
8799	11344	0.00234222
11343	11344	0.00234222
11172	11345	0.00233078
11344	11345	0.00233078
2814	11345	0.00233078
3600	11346	0.0023222
11345	11346	0.0023222
5144	11347	0.00230789
11346	11347	0.00230789
5746	11348	0.00230311
11347	11348	0.00230311
5387	11349	0.00228693
11348	11349	0.00228693
1183	11350	0.00228595
11349	11350	0.00228595
5185	11351	0.00227165
11350	11351	0.00227165
4554	11352	0.00226879
11351	11352	0.00226879
11352	11353	0.00226498
1780	11353	0.00226498
966	11354	0.0022602
11353	11354	0.0022602
10401	11355	0.0022564
11354	11355	0.0022564
11174	11356	0.00225545
11355	11356	0.00225545
4861	11357	0.00225162
11356	11357	0.00225162
10395	11358	0.0022316
11357	11358	0.0022316
8819	11359	0.00223064
11358	11359	0.00223064
2004	11360	0.00222016
11359	11360	0.00222016
1795	11361	0.00220393
11360	11361	0.00220393
11173	11362	0.00219917
11361	11362	0.00219917
11362	11363	0.00219727
5288	11363	0.00219727
6007	11364	0.00219155
11363	11364	0.00219155
8800	11365	0.00218106
11364	11365	0.00218106
4239	11366	0.00217628
11365	11366	0.00217628
11175	11367	0.00216485
11366	11367	0.00216485
2245	11368	0.00215912
11367	11368	0.00215912
1274	11369	0.00215435
11368	11369	0.00215435
11167	11370	0.00209141
5811	11370	0.00209141
11370	11371	0.00204277
2212	11371	0.00204277
11371	11372	0.00194072
5316	11372	0.00194072
2482	11373	0.0019531
3741	11373	0.0019531
4078	11374	0.00214098
11369	11374	0.00214098
1182	11375	0.00212574
11374	11375	0.00212574
2162	11376	0.00212099
11375	11376	0.00212099
5152	11377	0.00210475
11376	11377	0.00210475
8826	11378	0.00210189
11377	11378	0.00210189
3617	11379	0.00209618
11378	11379	0.00209618
42	11380	0.00209046
11379	11380	0.00209046
2534	11381	0.00208283
11380	11381	0.00208283
3264	11382	0.002079
11381	11382	0.002079
5036	11383	0.00205325
11382	11383	0.00205325
475	11384	0.00204564
11383	11384	0.00204564
1638	11385	0.00203991
11384	11385	0.00203991
5904	11386	0.00202561
11385	11386	0.00202561
3561	11387	0.0020237
11386	11387	0.0020237
1432	11388	0.0020218
11387	11388	0.0020218
8821	11389	0.00200462
11388	11389	0.00200462
2618	11390	0.0020027
11389	11390	0.0020027
8779	11391	0.00199509
11390	11391	0.00199509
4186	11392	0.00199413
11391	11392	0.00199413
12	11393	0.00198746
1990	11393	0.00198746
11392	11393	0.00198746
5726	11394	0.00198365
11393	11394	0.00198365
5242	11395	0.00196171
11394	11395	0.00196171
5038	11396	0.00196076
11395	11396	0.00196076
4627	11397	0.00195696
11396	11397	0.00195696
2949	11398	0.0019531
11397	11398	0.0019531
3885	11399	0.00195025
4765	11399	0.00195025
11398	11399	0.00195025
5008	11400	0.0019455
11399	11400	0.0019455
2460	11401	0.00193881
11400	11401	0.00193881
1953	11402	0.00193214
11401	11402	0.00193214
1235	11403	0.00191879
11402	11403	0.00191879
10407	11404	0.00191688
11403	11404	0.00191688
2142	11405	0.00191497
11404	11405	0.00191497
4593	11406	0.00191402
11405	11406	0.00191402
1297	11407	0.00190924
11406	11407	0.00190924
10399	11408	0.00190735
11407	11408	0.00190735
8838	11409	0.00189877
11408	11409	0.00189877
11168	11410	0.00189591
11409	11410	0.00189591
6056	11411	0.00189305
11410	11411	0.00189305
2539	11412	0.00188828
11411	11412	0.00188828
3469	11413	0.00188636
446	11413	0.00188636
11412	11413	0.00188636
3533	11414	0.00188161
11413	11414	0.00188161
53	11415	0.00186063
11414	11415	0.00186063
619	11416	0.00185966
11415	11416	0.00185966
5940	11417	0.00185396
11416	11417	0.00185396
5235	11418	0.00184917
11417	11418	0.00184917
6059	11419	0.00183964
11418	11419	0.00183964
5350	11420	0.00183295
11419	11420	0.00183295
5481	11421	0.00183009
136	11421	0.00183009
11420	11421	0.00183009
5469	11422	0.00182247
3214	11422	0.00182247
11421	11422	0.00182247
3447	11423	0.00182152
11422	11423	0.00182152
11372	11424	0.00181578
5104	11424	0.00181578
3599	11424	0.00181578
3644	11424	0.00181578
5067	11424	0.00181578
1794	11424	0.00181578
2234	11424	0.00181578
2286	11424	0.00181578
3571	11424	0.00181578
4104	11424	0.00181578
4418	11424	0.00181578
4428	11424	0.00181578
4431	11424	0.00181578
4486	11424	0.00181578
4636	11424	0.00181578
4741	11424	0.00181578
4756	11424	0.00181578
4811	11424	0.00181578
4994	11424	0.00181578
5167	11424	0.00181578
5258	11424	0.00181578
5313	11424	0.00181578
5326	11424	0.00181578
5346	11424	0.00181578
5382	11424	0.00181578
5394	11424	0.00181578
5401	11424	0.00181578
5418	11424	0.00181578
5474	11424	0.00181578
5480	11424	0.00181578
5486	11424	0.00181578
5491	11424	0.00181578
5605	11424	0.00181578
5609	11424	0.00181578
5738	11424	0.00181578
5901	11424	0.00181578
5943	11424	0.00181578
5949	11424	0.00181578
5998	11424	0.00181578
11423	11424	0.00181578
11171	11425	0.00181389
11424	11425	0.00181389
4441	11426	0.00181104
11425	11426	0.00181104
4795	11427	0.00180911
11426	11427	0.00180911
2067	11428	0.00180531
11427	11428	0.00180531
2689	11429	0.00180245
11428	11429	0.00180245
11373	11430	0.00179004
11170	11430	0.00179004
11429	11430	0.00179004
1276	11431	0.00178529
11430	11431	0.00178529
2685	11432	0.00178242
11431	11432	0.00178242
2606	11433	0.00178051
1300	11433	0.00178051
11432	11433	0.00178051
2188	11434	0.00177765
11433	11434	0.00177765
5137	11435	0.00176144
11434	11435	0.00176144
10402	11436	0.00176047
11435	11436	0.00176047
4403	11437	0.00175952
11436	11437	0.00175952
2093	11438	0.0017519
11437	11438	0.0017519
4976	11439	0.00175095
11438	11439	0.00175095
2425	11440	0.00174427
3303	11440	0.00174427
11439	11440	0.00174427
10394	11441	0.00173378
11440	11441	0.00173378
2771	11442	0.00172329
11441	11442	0.00172329
5025	11443	0.00171375
11442	11443	0.00171375
8829	11444	0.00171183
11443	11444	0.00171183
1837	11445	0.00170803
4740	11445	0.00170803
11444	11445	0.00170803
2642	11446	0.00169182
11445	11446	0.00169182
2106	11447	0.0016861
11446	11447	0.0016861
11165	11448	0.00168133
11447	11448	0.00168133
2103	11449	0.00167751
11448	11449	0.00167751
11169	11450	0.00167083
11449	11450	0.00167083
693	11451	0.00166511
11450	11451	0.00166511
3575	11452	0.00165272
11451	11452	0.00165272
877	11453	0.00165082
11452	11453	0.00165082
2182	11454	0.00164604
11453	11454	0.00164604
4704	11455	0.0016451
11454	11455	0.0016451
3086	11456	0.00163652
11455	11456	0.00163652
4984	11457	0.00162982
11456	11457	0.00162982
3708	11458	0.00162793
11457	11458	0.00162793
3111	11459	0.00160503
11458	11459	0.00160503
5183	11460	0.00159358
11459	11460	0.00159358
11460	11461	0.00159168
358	11461	0.00159168
5082	11462	0.00159072
11461	11462	0.00159072
554	11463	0.00158787
11462	11463	0.00158787
1935	11464	0.00157452
11463	11464	0.00157452
5391	11465	0.0015688
11464	11465	0.0015688
5438	11466	0.00156307
11465	11466	0.00156307
4517	11467	0.00153732
11466	11467	0.00153732
3080	11468	0.00153543
11467	11468	0.00153543
5460	11469	0.00153351
11468	11469	0.00153351
628	11470	0.0015316
11469	11470	0.0015316
2999	11471	0.00153065
11470	11471	0.00153065
8612	11472	0.0015297
11471	11472	0.0015297
11164	11473	0.00152588
11472	11473	0.00152588
2969	11474	0.00152206
11473	11474	0.00152206
2167	11475	0.00150871
11474	11475	0.00150871
551	11476	0.00149727
11475	11476	0.00149727
2228	11477	0.0014925
11476	11477	0.0014925
3048	11478	0.00148678
11477	11478	0.00148678
1853	11479	0.00148582
11478	11479	0.00148582
5062	11480	0.00146198
11479	11480	0.00146198
2603	11481	0.00144863
11480	11481	0.00144863
5379	11482	0.00143242
11481	11482	0.00143242
1292	11483	0.0014286
3305	11483	0.0014286
11482	11483	0.0014286
644	11484	0.00142002
11483	11484	0.00142002
1280	11485	0.00140955
11484	11485	0.00140955
5476	11486	0.00140284
11485	11486	0.00140284
2164	11487	0.0014019
11486	11487	0.0014019
2022	11488	0.00137615
11487	11488	0.00137615
5138	11489	0.00136089
11488	11489	0.00136089
2281	11490	0.00135708
11489	11490	0.00135708
4537	11491	0.0013361
11490	11491	0.0013361
4631	11492	0.00132274
11491	11492	0.00132274
11492	11493	0.00130653
5176	11493	0.00130653
1197	11494	0.00130081
11493	11494	0.00130081
570	11495	0.00129128
11494	11495	0.00129128
4131	11496	0.00128174
4786	11496	0.00128174
11495	11496	0.00128174
5538	11497	0.00128078
11496	11497	0.00128078
4148	11498	0.00084877
11162	11498	0.00084877
819	11499	0.0012703
11497	11499	0.0012703
4560	11500	0.00126648
309	11500	0.00126648
11499	11500	0.00126648
2615	11501	0.00126173
11500	11501	0.00126173
5254	11502	0.00125789
11501	11502	0.00125789
5141	11503	0.00125408
11502	11503	0.00125408
4890	11504	0.00124932
11503	11504	0.00124932
1893	11505	0.00124073
3908	11505	0.00124073
11504	11505	0.00124073
8760	11506	0.00123311
11505	11506	0.00123311
4700	11507	0.00122642
11506	11507	0.00122642
4334	11508	0.0012188
2357	11508	0.0012188
11507	11508	0.0012188
371	11509	0.00121403
11508	11509	0.00121403
11163	11510	0.00121117
5678	11510	0.00121117
11509	11510	0.00121117
5498	11510	0.00121117
11160	11511	0.00120639
11510	11511	0.00120639
8708	11512	0.00120163
11511	11512	0.00120163
2921	11513	0.00120068
11512	11513	0.00120068
5259	11514	0.00119877
11513	11514	0.00119877
5100	11515	0.00118923
11514	11515	0.00118923
4158	11516	0.00118637
11515	11516	0.00118637
4044	11517	0.0011816
11516	11517	0.0011816
5364	11518	0.00116634
11517	11518	0.00116634
909	11519	0.00116158
11518	11519	0.00116158
5601	11520	0.00115299
11519	11520	0.00115299
5298	11521	0.00114536
11520	11521	0.00114536
932	11522	0.00113869
11521	11522	0.00113869
2459	11523	0.00113678
11522	11523	0.00113678
3758	11524	0.00113105
11523	11524	0.00113105
4231	11525	0.00112533
11524	11525	0.00112533
5515	11526	0.00110722
11525	11526	0.00110722
5693	11527	0.00110626
11526	11527	0.00110626
2595	11528	0.00110054
11527	11528	0.00110054
4167	11529	0.00109768
11528	11529	0.00109768
1849	11530	0.00109196
11529	11530	0.00109196
2325	11531	0.00108624
11530	11531	0.00108624
4609	11532	0.00107575
11531	11532	0.00107575
4826	11533	0.00107193
11532	11533	0.00107193
3938	11534	0.00106812
11533	11534	0.00106812
1731	11535	0.00104618
11534	11535	0.00104618
3346	11536	0.00103092
11535	11536	0.00103092
4392	11537	0.00102806
11536	11537	0.00102806
4691	11538	0.00102425
11537	11538	0.00102425
4211	11539	0.00100899
11538	11539	0.00100899
3284	11540	0.00100612
11539	11540	0.00100612
4511	11541	0.00100231
11540	11541	0.00100231
4321	11542	0.0010004
11541	11542	0.0010004
760	11543	0.000997543
11542	11543	0.000997543
1364	11544	0.000992775
11543	11544	0.000992775
5630	11545	0.000990867
11544	11545	0.000990867
3789	11546	0.000985145
11545	11546	0.000985145
1212	11547	0.000983238
11546	11547	0.000983238
4361	11548	0.000981334
11547	11548	0.000981334
5407	11549	0.000973699
11548	11549	0.000973699
6075	11550	0.000961302
11549	11550	0.000961302
8678	11551	0.000958444
11550	11551	0.000958444
1485	11552	0.00095749
11551	11552	0.00095749
5321	11553	0.000948905
11552	11553	0.000948905
3622	11554	0.000947951
11553	11554	0.000947951
160	11555	0.000940322
11554	11555	0.000940322
1287	11556	0.00093842
11555	11556	0.00093842
5246	11557	0.000935556
11556	11557	0.000935556
1384	11558	0.000930779
11557	11558	0.000930779
3874	11559	0.000913619
11558	11559	0.000913619
237	11560	0.000909805
11559	11560	0.000909805
5211	11561	0.000906946
11560	11561	0.000906946
5447	11562	0.000905992
11561	11562	0.000905992
2500	11563	0.00090313
11562	11563	0.00090313
4370	11564	0.00089073
11563	11564	0.00089073
567	11565	0.000889777
11564	11565	0.000889777
78	11566	0.000886916
11565	11566	0.000886916
1764	11567	0.000885966
11566	11567	0.000885966
5753	11568	0.000882148
11567	11568	0.000882148
5672	11569	0.000869749
11568	11569	0.000869749
4887	11570	0.00086689
11569	11570	0.00086689
3583	11571	0.00086403
11570	11571	0.00086403
3788	11572	0.000861166
11571	11572	0.000861166
5659	11573	0.000855447
11572	11573	0.000855447
1141	11574	0.000850675
11573	11574	0.000850675
272	11575	0.000839233
11574	11575	0.000839233
5635	11576	0.00070858
2202	11576	0.00070858
3199	11577	0.000834465
11575	11577	0.000834465
4380	11578	0.000827787
11577	11578	0.000827787
4667	11579	0.000825882
11578	11579	0.000825882
5706	11580	0.000821114
11579	11580	0.000821114
1404	11581	0.000817299
5385	11581	0.000817299
11580	11581	0.000817299
4304	11582	0.000810622
11581	11582	0.000810622
8519	11583	0.000807765
11582	11583	0.000807765
1355	11584	0.000802039
11583	11584	0.000802039
1048	11585	0.000799179
1194	11585	0.000799179
11584	11585	0.000799179
2426	11586	0.000797271
11585	11586	0.000797271
11498	11587	0.000789642
1570	11587	0.000789642
3220	11587	0.000789642
5050	11587	0.000789642
1768	11587	0.000789642
11586	11587	0.000789642
2517	11588	0.000788689
11587	11588	0.000788689
3388	11589	0.00078392
4320	11589	0.00078392
11588	11589	0.00078392
5594	11590	0.000781059
11589	11590	0.000781059
5622	11591	0.000778199
11590	11591	0.000778199
222	11592	0.00077629
11591	11592	0.00077629
4832	11593	0.000773427
11592	11593	0.000773427
8403	11594	0.000770569
11593	11594	0.000770569
3365	11595	0.000761031
2309	11595	0.000761031
11594	11595	0.000761031
4467	11596	0.000759125
11595	11596	0.000759125
5612	11597	0.000756265
11596	11597	0.000756265
8490	11598	0.000746726
11597	11598	0.000746726
5638	11599	0.000744821
11598	11599	0.000744821
2533	11600	0.000717164
11599	11600	0.000717164
5684	11601	0.00071335
2143	11601	0.00071335
11600	11601	0.00071335
8757	11602	0.00070858
11601	11602	0.00070858
3096	11603	0.000707626
11602	11603	0.000707626
3985	11604	0.000703812
11603	11604	0.000703812
3466	11605	0.000683785
11604	11605	0.000683785
4829	11606	0.000680924
11605	11606	0.000680924
3517	11607	0.000679016
11606	11607	0.000679016
2349	11608	0.000678064
11607	11608	0.000678064
4789	11609	0.000674246
11608	11609	0.000674246
903	11610	0.000671387
11609	11610	0.000671387
3609	11611	0.000670432
11610	11611	0.000670432
5665	11612	0.000666618
11611	11612	0.000666618
5975	11613	0.000659941
11612	11613	0.000659941
5225	11614	0.000657082
11613	11614	0.000657082
11576	11615	0.000655175
5606	11615	0.000655175
5927	11615	0.000655175
11614	11615	0.000655175
1102	11616	0.000646591
5186	11616	0.000646591
11615	11616	0.000646591
8767	11617	0.000629425
11616	11617	0.000629425
4878	11618	0.000618935
11617	11618	0.000618935
1808	11619	0.000605583
11618	11619	0.000605583
4207	11620	0.000584602
11619	11620	0.000584602
4738	11621	0.0005579
11620	11621	0.0005579
4063	11622	0.000544547
11621	11622	0.000544547
1216	11623	0.000530243
11622	11623	0.000530243
5217	11624	0.000515938
11623	11624	0.000515938
5310	11625	0.000512123
11624	11625	0.000512123
4642	11626	0.000504493
11625	11626	0.000504493
64	11627	0.00050354
11626	11627	0.00050354
486	11628	0.000497818
11627	11628	0.000497818
880	11629	0.000494958
11628	11629	0.000494958
5079	11630	0.000487328
11629	11630	0.000487328
1186	11631	0.000476837
11630	11631	0.000476837
249	11632	0.000475883
11631	11632	0.000475883
586	11633	0.000472069
11632	11633	0.000472069
3534	11634	0.000470162
11633	11634	0.000470162
1396	11635	0.000447274
11634	11635	0.000447274
1769	11636	0.000446319
11635	11636	0.000446319
57	11637	0.000440597
11636	11637	0.000440597
5913	11638	0.000432014
11637	11638	0.000432014
4395	11639	0.000431061
11638	11639	0.000431061
3902	11640	0.000430108
11639	11640	0.000430108
5897	11641	0.0004282
11640	11641	0.0004282
1864	11642	0.000425338
11641	11642	0.000425338
3400	11643	0.000406265
11642	11643	0.000406265
5255	11644	0.000396729
11643	11644	0.000396729
5110	11645	0.000394821
11644	11645	0.000394821
2226	11646	0.000393868
11645	11646	0.000393868
3066	11647	0.000382424
11646	11647	0.000382424
5194	11648	0.000364304
4766	11648	0.000364304
11647	11648	0.000364304
4837	11649	0.000357627
11648	11649	0.000357627
936	11650	0.000348091
11649	11650	0.000348091
5434	11651	0.00032711
11650	11651	0.00032711
4655	11652	0.000317574
11651	11652	0.000317574
3077	11653	0.000291825
11652	11653	0.000291825
3940	11654	0.000281334
11653	11654	0.000281334
3036	11655	0.000276565
11654	11655	0.000276565
2933	11656	0.000274658
11655	11656	0.000274658
3637	11657	0.000243187
11656	11657	0.000243187
298	11658	0.000240326
11657	11658	0.000240326
4288	11659	0.000231743
11658	11659	0.000231743
233	11660	0.000220299
11659	11660	0.000220299
4847	11661	0.000205994
11660	11661	0.000205994
5166	11662	0.000201225
44	11662	0.000201225
11661	11662	0.000201225
2710	11663	0.000197411
11662	11663	0.000197411
4812	11664	0.000191688
11663	11664	0.000191688
8808	11665	0.000175476
11664	11665	0.000175476
1626	11666	0.000174522
11665	11666	0.000174522
2487	11667	0.000164032
11666	11667	0.000164032
11161	11668	0.000154495
11667	11668	0.000154495
347	11669	0.000134468
11668	11669	0.000134468
5525	11670	0.000130654
11669	11670	0.000130654
1797	11671	6.67572e-05
11670	11671	6.67572e-05
4174	11672	3.71933e-05
11671	11672	3.71933e-05