5599	6076	0.0237978
1082	6076	0.0237978
5697	6077	0.0347267
1487	6077	0.0347267
4726	6078	0.0524354
101	6078	0.0524354
363	6079	0.0272233
3621	6079	0.0272233
6079	6080	0.0227948
5164	6080	0.0227948
5950	6081	0.0256679
4591	6081	0.0256679
5634	6082	0.0396631
1972	6082	0.0396631
4519	6083	0.14708
4599	6083	0.14708
431	6084	0.144832
6083	6084	0.144832
1970	6085	0.0279375
1844	6085	0.0279375
1681	6086	0.0301007
1394	6086	0.0301007
1585	6087	0.0264537
6086	6087	0.0264537
669	6088	0.447665
3518	6088	0.447665
6088	6089	0.401802
3820	6089	0.401802
4461	6090	0.127556
5409	6090	0.127556
712	6091	0.120229
6090	6091	0.120229
3706	6092	0.0321779
288	6092	0.0321779
1597	6093	0.023942
5192	6093	0.023942
1410	6094	0.108734
777	6094	0.108734
6094	6095	0.0931738
3063	6095	0.0931738
6095	6096	0.0576949
3067	6096	0.0576949
6018	6097	0.0507859
6096	6097	0.0507859
6097	6098	0.0494709
4202	6098	0.0494709
6098	6099	0.0444636
3289	6099	0.0444636
6099	6100	0.0332079
5676	6100	0.0332079
6100	6101	0.0245442
1728	6101	0.0245442
2877	6102	0.0217607
6101	6102	0.0217607
1043	6103	0.145724
2752	6103	0.145724
3539	6104	0.294939
614	6104	0.294939
4036	6105	0.0322008
3494	6105	0.0322008
4229	6106	0.0570582
844	6106	0.0570582
4072	6107	0.0362639
1042	6107	0.0362639
5063	6108	0.0312181
6107	6108	0.0312181
5413	6109	0.0306224
6108	6109	0.0306224
4351	6110	0.0209663
1157	6110	0.0209663
5883	6111	0.673829
1145	6111	0.673829
1083	6112	0.0710908
5925	6112	0.0710908
3464	6113	0.0304522
1116	6113	0.0304522
4448	6114	0.168453
1549	6114	0.168453
5471	6115	0.0231522
5040	6115	0.0231522
3230	6116	0.139322
553	6116	0.139322
75	6117	0.103136
492	6117	0.103136
6117	6118	0.0954436
3725	6118	0.0954436
4579	6119	0.047838
3842	6119	0.047838
4074	6120	0.0450219
3943	6120	0.0450219
6119	6121	0.0418514
6120	6121	0.0418514
6118	6122	0.0416745
6121	6122	0.0416745
6122	6123	0.0306113
4510	6123	0.0306113
6123	6124	0.0231428
167	6124	0.0231428
6124	6125	0.0227887
2819	6125	0.0227887
6125	6126	0.0217941
729	6126	0.0217941
1286	6127	0.0211507
6126	6127	0.0211507
745	6128	0.243416
4421	6128	0.243416
4371	6129	0.240925
6128	6129	0.240925
3917	6130	0.0545931
5575	6130	0.0545931
3812	6131	0.0261755
73	6131	0.0261755
179	6132	0.0500199
4471	6132	0.0500199
6132	6133	0.0464826
319	6133	0.0464826
4589	6134	0.0370624
6133	6134	0.0370624
2739	6135	0.0368759
6134	6135	0.0368759
3554	6136	0.0362157
6135	6136	0.0362157
4222	6137	0.0655144
2855	6137	0.0655144
2163	6138	0.0616529
6137	6138	0.0616529
5443	6139	0.0259468
765	6139	0.0259468
4023	6140	0.259025
1911	6140	0.259025
6140	6141	0.0610885
316	6141	0.0610885
6141	6142	0.0423726
2195	6142	0.0423726
1810	6143	0.0359507
6142	6143	0.0359507
444	6144	0.459498
2962	6144	0.459498
5261	6145	0.138852
3184	6145	0.138852
1666	6146	0.134329
3531	6146	0.134329
6145	6147	0.0897332
2372	6147	0.0897332
6147	6148	0.0893295
584	6148	0.0893295
6146	6149	0.0861066
4189	6149	0.0861066
6149	6150	0.0419016
5119	6150	0.0419016
1325	6151	0.0299114
6150	6151	0.0299114
6148	6152	0.0339595
592	6152	0.0339595
6151	6153	0.0263864
6152	6153	0.0263864
6144	6154	0.0204438
6153	6154	0.0204438
2110	6155	0.0561039
4804	6155	0.0561039
2111	6156	0.0666495
5881	6156	0.0666495
6156	6157	0.0620669
5821	6157	0.0620669
2733	6158	0.197825
3151	6158	0.197825
5173	6159	0.120322
6158	6159	0.120322
23	6160	0.131987
4049	6160	0.131987
3705	6161	0.106928
1651	6161	0.106928
6160	6162	0.055464
3359	6162	0.055464
6161	6163	0.0509392
6162	6163	0.0509392
4622	6164	0.0829405
2558	6164	0.0829405
6164	6165	0.0554868
3956	6165	0.0554868
5643	6166	0.0496752
4135	6166	0.0496752
2346	6167	0.0203658
641	6167	0.0203658
2659	6168	0.0203164
6167	6168	0.0203164
868	6169	0.0561312
5961	6169	0.0561312
2823	6170	0.0210963
6169	6170	0.0210963
3330	6171	0.0422197
4463	6171	0.0422197
4678	6172	0.146568
3933	6172	0.146568
2369	6173	0.0284362
1391	6173	0.0284362
621	6174	0.0278621
6173	6174	0.0278621
5869	6175	0.0277854
6174	6175	0.0277854
3473	6176	0.0225496
2190	6176	0.0225496
5064	6177	0.0882364
2252	6177	0.0882364
2705	6178	0.243451
4910	6178	0.243451
1883	6179	0.0401127
3307	6179	0.0401127
6179	6180	0.0323799
5554	6180	0.0323799
4132	6181	0.0241815
2502	6181	0.0241815
2668	6182	0.0212385
3189	6182	0.0212385
4454	6183	0.0666989
2777	6183	0.0666989
291	6184	0.0543457
2942	6184	0.0543457
3932	6185	0.0843934
5722	6185	0.0843934
6185	6186	0.068197
1520	6186	0.068197
6186	6187	0.0245809
3774	6187	0.0245809
3095	6188	0.0661235
620	6188	0.0661235
1021	6189	0.0655329
1378	6189	0.0655329
5577	6190	0.025482
4791	6190	0.025482
6190	6191	0.0242554
5772	6191	0.0242554
6191	6192	0.0210716
5840	6192	0.0210716
4582	6193	0.0246326
4891	6193	0.0246326
5260	6194	0.157833
142	6194	0.157833
6194	6195	0.157059
514	6195	0.157059
3003	6196	0.101943
2423	6196	0.101943
6196	6197	0.0985522
2837	6197	0.0985522
6197	6198	0.0782983
3735	6198	0.0782983
6198	6199	0.0452787
6195	6199	0.0452787
1055	6200	0.0296482
1906	6200	0.0296482
3703	6201	0.276671
2694	6201	0.276671
3216	6202	0.0707625
5754	6202	0.0707625
312	6203	0.0541991
6202	6203	0.0541991
6203	6204	0.0520574
2178	6204	0.0520574
1516	6205	0.0468814
6204	6205	0.0468814
6205	6206	0.0278958
4423	6206	0.0278958
6206	6207	0.0242176
512	6207	0.0242176
1799	6208	0.0327299
1163	6208	0.0327299
6208	6209	0.0284176
3779	6209	0.0284176
3286	6210	0.116993
4107	6210	0.116993
1528	6211	0.116286
6210	6211	0.116286
6211	6212	0.109181
803	6212	0.109181
6212	6213	0.0811307
3802	6213	0.0811307
4201	6214	0.340725
1851	6214	0.340725
4417	6215	0.0365989
4644	6215	0.0365989
5179	6216	0.0365153
6215	6216	0.0365153
5257	6217	0.350588
2032	6217	0.350588
5614	6218	0.338832
6217	6218	0.338832
6218	6219	0.0226042
5764	6219	0.0226042
3124	6220	0.256691
3957	6220	0.256691
4814	6221	0.0313896
4079	6221	0.0313896
3179	6222	0.0234154
1531	6222	0.0234154
2027	6223	0.0917848
3039	6223	0.0917848
1454	6224	0.0811058
6223	6224	0.0811058
1778	6225	0.0416399
5930	6225	0.0416399
6225	6226	0.0241654
4015	6226	0.0241654
1509	6227	0.0291813
413	6227	0.0291813
1952	6228	0.0250711
6227	6228	0.0250711
4169	6229	0.0242634
6228	6229	0.0242634
3265	6230	0.0241259
6229	6230	0.0241259
5464	6231	0.0998497
3550	6231	0.0998497
6231	6232	0.0862655
5778	6232	0.0862655
5248	6233	0.0239881
3695	6233	0.0239881
300	6234	0.0669436
1927	6234	0.0669436
6234	6235	0.0218295
3614	6235	0.0218295
294	6236	0.0207253
1460	6236	0.0207253
4295	6237	0.127077
1377	6237	0.127077
531	6238	0.0307683
3175	6238	0.0307683
6238	6239	0.0275829
2913	6239	0.0275829
4184	6240	0.0293869
5794	6240	0.0293869
1306	6241	0.0229437
6240	6241	0.0229437
3260	6242	0.234595
4142	6242	0.234595
5324	6243	0.122593
4006	6243	0.122593
3177	6244	0.118725
6243	6244	0.118725
2463	6245	0.0320109
2491	6245	0.0320109
596	6246	0.178084
546	6246	0.178084
6246	6247	0.150351
5732	6247	0.150351
5960	6248	0.146224
6247	6248	0.146224
4755	6249	0.0321597
4298	6249	0.0321597
4860	6250	0.024888
3557	6250	0.024888
4534	6251	0.0426065
3854	6251	0.0426065
968	6252	0.0679401
4156	6252	0.0679401
6252	6253	0.0243826
5880	6253	0.0243826
5520	6254	0.0216865
6253	6254	0.0216865
5806	6255	0.0215032
6254	6255	0.0215032
5692	6256	0.0356835
4499	6256	0.0356835
4502	6257	0.0340988
6256	6257	0.0340988
6257	6258	0.0229385
4794	6258	0.0229385
3568	6259	0.0347119
5295	6259	0.0347119
1	6260	0.198912
3785	6260	0.198912
6260	6261	0.172429
3604	6261	0.172429
2506	6262	0.0633097
3528	6262	0.0633097
2248	6263	0.050209
6262	6263	0.050209
5	6264	0.0500011
6263	6264	0.0500011
4550	6265	0.104675
5226	6265	0.104675
5344	6266	0.150673
724	6266	0.150673
3946	6267	0.115344
1735	6267	0.115344
6266	6268	0.100277
6267	6268	0.100277
3269	6269	0.0965802
1164	6269	0.0965802
1639	6270	0.0804697
6268	6270	0.0804697
6265	6271	0.0798928
6270	6271	0.0798928
3520	6272	0.0866754
6269	6272	0.0866754
1492	6273	0.0809119
6272	6273	0.0809119
6273	6274	0.0640328
4336	6274	0.0640328
6274	6275	0.0635222
1904	6275	0.0635222
6271	6276	0.0605883
6275	6276	0.0605883
578	6277	0.0553566
6276	6277	0.0553566
2268	6278	0.152401
1356	6278	0.152401
5847	6279	0.14
6278	6279	0.14
2134	6280	0.113458
2671	6280	0.113458
6279	6281	0.106515
1815	6281	0.106515
6281	6282	0.10598
6280	6282	0.10598
6282	6283	0.0972353
2266	6283	0.0972353
6283	6284	0.0612547
3942	6284	0.0612547
5996	6285	0.0799445
4529	6285	0.0799445
6285	6286	0.0733031
1062	6286	0.0733031
310	6287	0.0838344
1041	6287	0.0838344
6287	6288	0.0573294
5502	6288	0.0573294
6050	6289	0.047443
6284	6289	0.047443
6288	6290	0.0556276
1755	6290	0.0556276
4123	6291	0.0522155
6290	6291	0.0522155
6286	6292	0.0459999
6291	6292	0.0459999
6289	6293	0.0439427
9	6293	0.0439427
6292	6293	0.0439427
5305	6293	0.0439427
6293	6294	0.0429084
2585	6294	0.0429084
4368	6295	0.0439842
826	6295	0.0439842
2145	6296	0.061786
3993	6296	0.061786
4522	6297	0.0617822
6296	6297	0.0617822
2210	6298	0.100857
5337	6298	0.100857
6298	6299	0.0937138
450	6299	0.0937138
4311	6300	0.092299
6299	6300	0.092299
1360	6301	0.154562
1361	6301	0.154562
2013	6302	0.130582
1206	6302	0.130582
6301	6303	0.0612963
629	6303	0.0612963
6302	6304	0.0746115
1218	6304	0.0746115
3728	6305	0.0726276
6304	6305	0.0726276
6305	6306	0.0529827
2516	6306	0.0529827
6303	6307	0.0507088
6306	6307	0.0507088
3460	6308	0.0492602
6307	6308	0.0492602
4836	6309	0.0428831
6308	6309	0.0428831
4436	6309	0.0428831
1816	6310	0.103726
2876	6310	0.103726
6310	6311	0.0803674
41	6311	0.0803674
6311	6312	0.0648418
389	6312	0.0648418
899	6313	0.0959005
625	6313	0.0959005
6313	6314	0.0829442
405	6314	0.0829442
6314	6315	0.0745775
3232	6315	0.0745775
6315	6316	0.0644826
1813	6316	0.0644826
2348	6317	0.094925
5089	6317	0.094925
5162	6318	0.0902065
6317	6318	0.0902065
6318	6319	0.070566
2125	6319	0.070566
2693	6319	0.070566
3272	6320	0.0571919
22	6320	0.0571919
48	6321	0.0629101
1185	6321	0.0629101
1282	6322	0.0619906
6321	6322	0.0619906
634	6323	0.0631469
6312	6323	0.0631469
6323	6324	0.0621729
1571	6324	0.0621729
6324	6325	0.054826
2312	6325	0.054826
6319	6326	0.0557931
3221	6326	0.0557931
6322	6327	0.0546577
6316	6327	0.0546577
1496	6328	0.0521827
6327	6328	0.0521827
6325	6329	0.0519209
1736	6329	0.0519209
6328	6330	0.0493534
6329	6330	0.0493534
1877	6331	0.0518093
6326	6331	0.0518093
6330	6332	0.0492855
6331	6332	0.0492855
430	6333	0.0489533
6332	6333	0.0489533
6333	6334	0.0484137
5489	6334	0.0484137
6320	6335	0.0480764
6334	6335	0.0480764
4752	6336	0.0479043
6335	6336	0.0479043
3157	6337	0.0473355
6336	6337	0.0473355
6337	6338	0.0460561
2937	6338	0.0460561
3487	6339	0.0459367
6338	6339	0.0459367
6339	6340	0.0441495
2622	6340	0.0441495
6340	6341	0.0424976
5090	6341	0.0424976
3186	6342	0.0821287
5553	6342	0.0821287
6342	6343	0.0772464
4549	6343	0.0772464
2822	6344	0.0657009
6343	6344	0.0657009
3523	6345	0.128934
2994	6345	0.128934
6344	6346	0.0523072
1031	6346	0.0523072
4032	6347	0.0499413
6346	6347	0.0499413
2314	6348	0.048419
4520	6348	0.048419
6347	6349	0.0455571
6348	6349	0.0455571
5522	6350	0.0455312
2899	6350	0.0455312
6345	6351	0.0445707
1740	6351	0.0445707
6351	6352	0.0432672
6350	6352	0.0432672
6349	6353	0.0436003
1973	6353	0.0436003
6352	6354	0.0430164
1711	6354	0.0430164
6354	6355	0.0426261
6353	6355	0.0426261
202	6356	0.0424437
6355	6356	0.0424437
747	6357	0.0698099
4047	6357	0.0698099
2166	6358	0.106172
3242	6358	0.106172
6358	6359	0.0816916
776	6359	0.0816916
3368	6360	0.0804905
6359	6360	0.0804905
1963	6361	0.0653404
1709	6361	0.0653404
3786	6362	0.065286
6361	6362	0.065286
6360	6363	0.0632043
6362	6363	0.0632043
6363	6364	0.053538
3203	6364	0.053538
3310	6365	0.0530306
6364	6365	0.0530306
6357	6366	0.0528686
6365	6366	0.0528686
6366	6367	0.049153
1020	6367	0.049153
180	6368	0.0485068
6367	6368	0.0485068
2154	6369	0.0474442
6368	6369	0.0474442
6369	6370	0.0461906
5528	6370	0.0461906
6370	6371	0.0439771
907	6371	0.0439771
6371	6372	0.0430664
1548	6372	0.0430664
1671	6373	0.0709377
2861	6373	0.0709377
3870	6374	0.0497285
6373	6374	0.0497285
6374	6375	0.0486074
2065	6375	0.0486074
6375	6376	0.0462195
289	6376	0.0462195
1751	6377	0.0670379
5758	6377	0.0670379
3292	6378	0.0620478
5209	6378	0.0620478
6377	6379	0.058075
6378	6379	0.058075
6379	6380	0.0539799
286	6380	0.0539799
6380	6381	0.0509214
1381	6381	0.0509214
6381	6382	0.0432205
5807	6382	0.0432205
5829	6383	0.0915171
5952	6383	0.0915171
6383	6384	0.0697323
4224	6384	0.0697323
2054	6385	0.0573114
6384	6385	0.0573114
6385	6386	0.0542525
5875	6386	0.0542525
6386	6387	0.0431739
4223	6387	0.0431739
5273	6388	0.0595788
4069	6388	0.0595788
2738	6389	0.101655
5524	6389	0.101655
6389	6390	0.0946305
2985	6390	0.0946305
6390	6391	0.067457
31	6391	0.067457
5016	6392	0.050483
6391	6392	0.050483
6392	6393	0.0464431
1158	6393	0.0464431
2006	6394	0.041935
6393	6394	0.041935
2015	6395	0.0417298
6394	6395	0.0417298
1556	6396	0.0636721
3103	6396	0.0636721
4624	6397	0.168984
3471	6397	0.168984
6397	6398	0.068034
4539	6398	0.068034
5767	6399	0.0600046
6398	6399	0.0600046
2504	6400	0.0549832
6399	6400	0.0549832
6400	6401	0.0516678
2258	6401	0.0516678
6401	6402	0.0497672
1684	6402	0.0497672
4781	6403	0.0445432
1591	6403	0.0445432
402	6404	0.0613136
5116	6404	0.0613136
2413	6405	0.0549544
5338	6405	0.0549544
1137	6406	0.0535249
6405	6406	0.0535249
6406	6407	0.0517899
3684	6407	0.0517899
6404	6408	0.05144
6407	6408	0.05144
6408	6409	0.0510194
5894	6409	0.0510194
6409	6410	0.0510126
969	6410	0.0510126
6410	6411	0.0464151
1147	6411	0.0464151
6411	6412	0.0435601
1027	6412	0.0435601
5513	6413	0.0986845
1692	6413	0.0986845
6413	6414	0.0953672
4382	6414	0.0953672
2525	6415	0.0754143
6414	6415	0.0754143
6415	6416	0.0525535
942	6416	0.0525535
4677	6417	0.0829465
5239	6417	0.0829465
2577	6417	0.0829465
2075	6418	0.0875282
1649	6418	0.0875282
6418	6419	0.0870546
4359	6419	0.0870546
6417	6420	0.0715717
6419	6420	0.0715717
3315	6421	0.0655679
6420	6421	0.0655679
6421	6422	0.052708
5253	6422	0.052708
6422	6423	0.0458624
5965	6423	0.0458624
3567	6424	0.158088
3687	6424	0.158088
6424	6425	0.153488
5191	6425	0.153488
6425	6426	0.0812483
3607	6426	0.0812483
5716	6427	0.160941
5983	6427	0.160941
6427	6428	0.156754
2740	6428	0.156754
6428	6429	0.0454358
3353	6429	0.0454358
3456	6430	0.0431241
6429	6430	0.0431241
66	6431	0.0517809
3141	6431	0.0517809
4008	6432	0.0879437
3659	6432	0.0879437
6432	6433	0.0575355
239	6433	0.0575355
3027	6434	0.0549544
6433	6434	0.0549544
4987	6435	0.090795
3655	6435	0.090795
2801	6436	0.154114
3667	6436	0.154114
52	6437	0.0650245
5567	6437	0.0650245
6436	6438	0.0505536
6437	6438	0.0505536
5482	6439	0.0562847
56	6439	0.0562847
6439	6440	0.0540505
675	6440	0.0540505
6440	6441	0.0521627
1352	6441	0.0521627
3149	6442	0.0890893
59	6442	0.0890893
4260	6443	0.146124
5629	6443	0.146124
3808	6444	0.133084
6443	6444	0.133084
4129	6445	0.0827979
4128	6445	0.0827979
6444	6446	0.0461879
4862	6446	0.0461879
4283	6447	0.0423095
6446	6447	0.0423095
6445	6448	0.0421717
6447	6448	0.0421717
5932	6449	0.0496054
1620	6449	0.0496054
74	6450	0.0479683
2592	6450	0.0479683
2406	6451	0.0449367
6450	6451	0.0449367
5493	6452	0.430208
1744	6452	0.430208
6452	6453	0.0884031
79	6453	0.0884031
1957	6454	0.0725974
6453	6454	0.0725974
6060	6455	0.263023
1199	6455	0.263023
3522	6456	0.261905
6455	6456	0.261905
6456	6457	0.215582
510	6457	0.215582
2117	6458	0.0493196
487	6458	0.0493196
87	6459	0.0475579
6458	6459	0.0475579
5134	6460	0.116259
5736	6460	0.116259
6460	6461	0.0774206
521	6461	0.0774206
4055	6462	0.0748059
6461	6462	0.0748059
89	6463	0.0745372
6462	6463	0.0745372
3988	6464	0.0505536
579	6464	0.0505536
2179	6465	0.19393
3015	6465	0.19393
6465	6466	0.110103
908	6466	0.110103
5392	6467	0.0974416
4307	6467	0.0974416
6466	6468	0.0828127
6467	6468	0.0828127
2815	6469	0.141043
872	6469	0.141043
6469	6470	0.043576
1331	6470	0.043576
428	6471	0.0513614
96	6471	0.0513614
2250	6472	0.0774305
2451	6472	0.0774305
2508	6473	0.0718806
6472	6473	0.0718806
6473	6474	0.057764
5837	6474	0.057764
5650	6475	0.0531069
6474	6475	0.0531069
6475	6476	0.0486892
2972	6476	0.0486892
6471	6477	0.0466091
6476	6477	0.0466091
3247	6478	0.045667
6477	6478	0.045667
6478	6479	0.0437592
425	6479	0.0437592
2429	6480	0.0774058
355	6480	0.0774058
6480	6481	0.0486086
126	6481	0.0486086
6481	6482	0.0476248
3553	6482	0.0476248
1845	6483	0.0907161
5139	6483	0.0907161
2391	6484	0.0858928
6483	6484	0.0858928
6484	6485	0.0714505
3792	6485	0.0714505
5417	6486	0.0704265
6485	6486	0.0704265
6486	6487	0.0465037
129	6487	0.0465037
782	6488	0.0799765
5958	6488	0.0799765
6488	6489	0.0704668
2829	6489	0.0704668
1177	6490	0.101996
360	6490	0.101996
5393	6491	0.101884
6490	6491	0.101884
2395	6492	0.0985834
564	6492	0.0985834
1209	6493	0.14181
3856	6493	0.14181
2868	6494	0.0748032
3032	6494	0.0748032
6492	6495	0.0725141
6494	6495	0.0725141
1446	6496	0.0682357
1169	6496	0.0682357
6491	6497	0.0664298
6495	6497	0.0664298
6497	6498	0.0494137
3756	6498	0.0494137
6496	6499	0.0493628
6498	6499	0.0493628
1578	6500	0.0491832
6499	6500	0.0491832
6493	6501	0.0479235
6500	6501	0.0479235
2986	6502	0.0469768
6501	6502	0.0469768
3919	6503	0.0461329
6502	6503	0.0461329
3732	6504	0.0682416
4588	6504	0.0682416
6504	6505	0.051345
138	6505	0.051345
4406	6506	0.165098
5562	6506	0.165098
6506	6507	0.129346
2328	6507	0.129346
165	6508	0.111947
6000	6508	0.111947
1247	6509	0.0421806
166	6509	0.0421806
172	6510	0.130599
1640	6510	0.130599
3521	6511	0.0646481
3171	6511	0.0646481
4162	6512	0.0560568
4149	6512	0.0560568
1291	6513	0.0520659
6512	6513	0.0520659
191	6514	0.0446308
6513	6514	0.0446308
5331	6515	0.124991
3438	6515	0.124991
2089	6516	0.0756795
1099	6516	0.0756795
5610	6517	0.0670308
6516	6517	0.0670308
6517	6518	0.0670103
2055	6518	0.0670103
6515	6519	0.0608072
653	6519	0.0608072
6518	6520	0.0599968
6519	6520	0.0599968
5098	6521	0.059269
6520	6521	0.059269
5281	6522	0.131983
2061	6522	0.131983
1174	6523	0.118417
6522	6523	0.118417
6523	6524	0.0945555
2588	6524	0.0945555
6524	6525	0.0703525
1175	6525	0.0703525
1789	6526	0.0433886
2343	6526	0.0433886
6525	6527	0.0431829
6526	6527	0.0431829
2887	6528	0.0430521
6527	6528	0.0430521
2368	6529	0.0835619
1713	6529	0.0835619
1594	6530	0.129036
2313	6530	0.129036
6530	6531	0.117696
2193	6531	0.117696
5215	6532	0.102225
6531	6532	0.102225
6532	6533	0.0684365
2316	6533	0.0684365
6533	6534	0.0610871
203	6534	0.0610871
6534	6535	0.0584026
1146	6535	0.0584026
6535	6536	0.0499716
4190	6536	0.0499716
6536	6537	0.0448174
3485	6537	0.0448174
209	6538	0.0543633
3995	6538	0.0543633
4203	6539	0.0492092
6538	6539	0.0492092
6539	6540	0.0458248
1135	6540	0.0458248
4584	6541	0.098203
3579	6541	0.098203
4751	6542	0.0852377
4972	6542	0.0852377
229	6543	0.0542305
1955	6543	0.0542305
3719	6544	0.0913741
1311	6544	0.0913741
2589	6545	0.0422994
2116	6545	0.0422994
504	6546	0.0603073
2148	6546	0.0603073
4601	6547	0.0601774
6546	6547	0.0601774
5123	6548	0.0988595
2409	6548	0.0988595
6548	6549	0.059887
1986	6549	0.059887
6549	6550	0.056068
4754	6550	0.056068
6550	6551	0.0550984
2002	6551	0.0550984
6551	6552	0.0531294
5386	6552	0.0531294
6552	6553	0.0443408
4518	6553	0.0443408
5488	6554	0.0449815
1894	6554	0.0449815
2664	6555	0.0478667
254	6555	0.0478667
5584	6556	0.0953672
4387	6556	0.0953672
4209	6557	0.0903372
6556	6557	0.0903372
6557	6558	0.0693766
1076	6558	0.0693766
957	6559	0.0627077
2756	6559	0.0627077
6558	6559	0.0627077
6559	6560	0.0533793
1537	6560	0.0533793
258	6561	0.0532969
6560	6561	0.0532969
1304	6562	0.0520307
6561	6562	0.0520307
267	6563	0.0583231
2370	6563	0.0583231
2662	6564	0.0473599
4308	6564	0.0473599
6563	6564	0.0473599
1281	6565	0.150777
3380	6565	0.150777
6565	6566	0.125369
2802	6566	0.125369
274	6566	0.125369
277	6567	0.0833271
2185	6567	0.0833271
6061	6568	0.0829477
6567	6568	0.0829477
2023	6569	0.0627771
4271	6569	0.0627771
4374	6570	0.0538085
6569	6570	0.0538085
914	6571	0.0916028
2024	6571	0.0916028
1582	6572	0.0678956
4333	6572	0.0678956
6571	6573	0.0673553
6572	6573	0.0673553
6573	6574	0.054538
301	6574	0.054538
637	6575	0.0456762
6574	6575	0.0456762
912	6576	0.0862558
302	6576	0.0862558
1263	6577	0.0420901
5530	6577	0.0420901
982	6578	0.102942
5838	6578	0.102942
4675	6579	0.0658213
6040	6579	0.0658213
3299	6580	0.0503267
6579	6580	0.0503267
2627	6581	0.0497067
6580	6581	0.0497067
1084	6582	0.0470503
6581	6582	0.0470503
307	6583	0.0463946
6582	6583	0.0463946
2243	6584	0.0591482
3646	6584	0.0591482
2483	6585	0.0577067
5283	6585	0.0577067
6584	6586	0.0562875
4676	6586	0.0562875
6585	6587	0.0555751
6586	6587	0.0555751
6587	6588	0.0538759
4867	6588	0.0538759
6588	6589	0.0441088
313	6589	0.0441088
2478	6590	0.0594578
814	6590	0.0594578
6590	6591	0.0427525
2966	6591	0.0427525
1750	6592	0.236533
5140	6592	0.236533
1270	6593	0.156952
5941	6593	0.156952
2898	6594	0.255267
3839	6594	0.255267
6593	6595	0.100552
4150	6595	0.100552
6594	6596	0.107768
2335	6596	0.107768
6596	6597	0.0765138
4199	6597	0.0765138
2743	6598	0.0725003
6597	6598	0.0725003
6595	6599	0.0703551
6598	6599	0.0703551
1130	6600	0.0580641
508	6600	0.0580641
1628	6601	0.0574553
4648	6601	0.0574553
4983	6602	0.0602822
3161	6602	0.0602822
4061	6603	0.0587194
6602	6603	0.0587194
6603	6604	0.0528344
2267	6604	0.0528344
6601	6605	0.0505576
6604	6605	0.0505576
6600	6606	0.0450822
6605	6606	0.0450822
2101	6607	0.0445136
6606	6607	0.0445136
1484	6608	0.0450774
2025	6608	0.0450774
4851	6609	0.0532536
864	6609	0.0532536
5188	6610	0.0552735
1310	6610	0.0552735
1694	6611	0.164682
2849	6611	0.164682
6611	6612	0.107126
812	6612	0.107126
6612	6613	0.0697318
1865	6613	0.0697318
526	6614	0.0591484
393	6614	0.0591484
2787	6615	0.131943
4961	6615	0.131943
2481	6616	0.10612
6615	6616	0.10612
6616	6617	0.0994239
2916	6617	0.0994239
3174	6618	0.0783875
6617	6618	0.0783875
750	6619	0.0965417
566	6619	0.0965417
5088	6620	0.102352
1635	6620	0.102352
6620	6621	0.0882211
3744	6621	0.0882211
6619	6622	0.0635122
5231	6622	0.0635122
6621	6623	0.0479573
6622	6623	0.0479573
6623	6624	0.0418234
1230	6624	0.0418234
1860	6625	0.0725112
3750	6625	0.0725112
400	6626	0.0526027
6625	6626	0.0526027
1873	6627	0.0952806
426	6627	0.0952806
427	6628	0.107302
1545	6628	0.107302
6628	6629	0.080671
5327	6629	0.080671
6629	6630	0.0786684
1876	6630	0.0786684
5826	6631	0.133452
2099	6631	0.133452
6631	6632	0.10573
3972	6632	0.10573
4216	6633	0.073483
2374	6633	0.073483
1753	6634	0.0560102
2552	6634	0.0560102
6632	6635	0.0601684
3541	6635	0.0601684
758	6636	0.0708602
1016	6636	0.0708602
5709	6637	0.0701949
6636	6637	0.0701949
6637	6638	0.0630782
4947	6638	0.0630782
598	6639	0.0467947
6635	6639	0.0467947
6639	6640	0.0449235
6638	6640	0.0449235
4815	6641	0.0438737
6640	6641	0.0438737
6633	6642	0.0424364
6641	6642	0.0424364
6630	6643	0.0423895
6642	6643	0.0423895
6634	6644	0.0418491
6643	6644	0.0418491
441	6645	0.215265
3692	6645	0.215265
6645	6646	0.0864855
1806	6646	0.0864855
6646	6647	0.0770106
2466	6647	0.0770106
2757	6648	0.0745451
6647	6648	0.0745451
451	6649	0.0854835
1698	6649	0.0854835
1187	6650	0.0861545
4096	6650	0.0861545
6649	6651	0.0842297
6650	6651	0.0842297
527	6652	0.0582153
6651	6652	0.0582153
925	6653	0.101963
1060	6653	0.101963
6653	6654	0.0824961
5363	6654	0.0824961
5928	6655	0.0680848
6654	6655	0.0680848
3715	6656	0.0649407
1657	6656	0.0649407
6656	6657	0.056264
2682	6657	0.056264
3504	6658	0.0546062
6657	6658	0.0546062
456	6659	0.0438758
1773	6659	0.0438758
5657	6660	0.0770634
457	6660	0.0770634
3619	6661	0.225084
1143	6661	0.225084
6661	6662	0.0779026
3618	6662	0.0779026
3882	6663	0.0925023
2653	6663	0.0925023
6663	6664	0.0720475
2772	6664	0.0720475
6662	6665	0.0703714
6664	6665	0.0703714
4389	6666	0.062828
6665	6666	0.062828
5559	6667	0.0614541
6666	6667	0.0614541
6660	6668	0.0569112
1700	6668	0.0569112
6668	6669	0.0541776
3013	6669	0.0541776
6669	6670	0.0530259
727	6670	0.0530259
6667	6671	0.050655
4022	6671	0.050655
6671	6672	0.0489075
6670	6672	0.0489075
6672	6673	0.0472814
5290	6673	0.0472814
4024	6674	0.0428332
6673	6674	0.0428332
3979	6675	0.129973
731	6675	0.129973
4966	6676	0.0703666
2507	6676	0.0703666
6675	6677	0.0692426
3443	6677	0.0692426
6677	6678	0.0692025
1501	6678	0.0692025
6676	6679	0.0563219
4266	6679	0.0563219
2293	6680	0.0534844
6679	6680	0.0534844
6678	6681	0.0516032
6680	6681	0.0516032
6681	6682	0.049096
4735	6682	0.049096
664	6683	0.0489289
6682	6683	0.0489289
470	6684	0.0474235
6683	6684	0.0474235
1259	6685	0.0505488
744	6685	0.0505488
4660	6686	0.0496752
6685	6686	0.0496752
2135	6687	0.0494607
6686	6687	0.0494607
6687	6688	0.0468829
5150	6688	0.0468829
5876	6689	0.0478577
4877	6689	0.0478577
3050	6690	0.0442675
6689	6690	0.0442675
3449	6691	0.0481527
2864	6691	0.0481527
2339	6692	0.0529608
5395	6692	0.0529608
2753	6693	0.0517513
6692	6693	0.0517513
2184	6694	0.0857673
2519	6694	0.0857673
494	6695	0.082075
6694	6695	0.082075
717	6696	0.0713435
6695	6696	0.0713435
2191	6697	0.0637283
6696	6697	0.0637283
4842	6698	0.0476867
2958	6698	0.0476867
2730	6699	0.0462908
6698	6699	0.0462908
4615	6700	0.0628482
2462	6700	0.0628482
780	6701	0.0612337
6700	6701	0.0612337
6701	6702	0.0434604
3154	6702	0.0434604
4458	6703	0.123526
4274	6703	0.123526
6703	6704	0.0940288
4496	6704	0.0940288
4164	6705	0.0807345
3322	6705	0.0807345
522	6706	0.0793986
6705	6706	0.0793986
4012	6707	0.0755861
1993	6707	0.0755861
6704	6708	0.0722627
3384	6708	0.0722627
6708	6709	0.071537
2946	6709	0.071537
1902	6710	0.0709618
6706	6710	0.0709618
6710	6711	0.0682167
6709	6711	0.0682167
6707	6712	0.0604784
6711	6712	0.0604784
5103	6713	0.0516104
6001	6713	0.0516104
601	6714	0.127877
2233	6714	0.127877
3731	6715	0.096212
5075	6715	0.096212
6714	6716	0.080455
6715	6716	0.080455
6716	6717	0.0642178
1261	6717	0.0642178
6717	6718	0.0468504
2172	6718	0.0468504
6718	6719	0.0449378
5495	6719	0.0449378
6719	6720	0.0429425
3440	6720	0.0429425
1704	6721	0.0602168
1593	6721	0.0602168
4493	6722	0.0528537
6721	6722	0.0528537
6722	6723	0.0423944
541	6723	0.0423944
1001	6724	0.0464471
2640	6724	0.0464471
559	6725	0.0508502
5508	6725	0.0508502
3114	6726	0.0630634
3239	6726	0.0630634
5328	6727	0.0475626
6725	6727	0.0475626
4917	6728	0.0434532
5762	6728	0.0434532
6727	6729	0.0432389
6728	6729	0.0432389
6726	6730	0.0431298
6729	6730	0.0431298
1193	6731	0.0823141
4168	6731	0.0823141
1754	6732	0.0692402
4907	6732	0.0692402
4401	6732	0.0692402
4639	6733	0.0544468
6732	6733	0.0544468
6733	6734	0.0526186
5109	6734	0.0526186
6734	6735	0.0494073
3989	6735	0.0494073
6731	6736	0.0491143
6735	6736	0.0491143
5687	6737	0.0663131
2354	6737	0.0663131
6737	6738	0.0623304
572	6738	0.0623304
6738	6739	0.0620101
2382	6739	0.0620101
6739	6740	0.0614297
5885	6740	0.0614297
6740	6741	0.0491888
2383	6741	0.0491888
6741	6742	0.0431574
2381	6742	0.0431574
6742	6743	0.0429465
3753	6743	0.0429465
4969	6744	0.042784
2732	6744	0.042784
2915	6745	0.0683747
4525	6745	0.0683747
3897	6746	0.0653918
6745	6746	0.0653918
4568	6747	0.0509042
4570	6747	0.0509042
6746	6748	0.0493525
6747	6748	0.0493525
2871	6749	0.0494147
1036	6749	0.0494147
3671	6750	0.0516924
585	6750	0.0516924
5278	6751	0.0554665
2503	6751	0.0554665
6751	6752	0.0543725
2388	6752	0.0543725
6752	6753	0.051709
3697	6753	0.051709
6753	6754	0.0469316
4830	6754	0.0469316
6754	6755	0.0438683
5244	6755	0.0438683
1003	6756	0.0426448
6755	6756	0.0426448
590	6757	0.0463422
5412	6757	0.0463422
4039	6758	0.149558
4699	6758	0.149558
6758	6759	0.0416946
595	6759	0.0416946
882	6760	0.137278
5184	6760	0.137278
2600	6761	0.107808
6760	6761	0.107808
6761	6762	0.0676945
4640	6762	0.0676945
6762	6763	0.0492901
4911	6763	0.0492901
4532	6764	0.0529807
647	6764	0.0529807
5345	6765	0.0507082
798	6765	0.0507082
6764	6766	0.0442205
6765	6766	0.0442205
3971	6767	0.23301
1674	6767	0.23301
6767	6768	0.060769
2200	6768	0.060769
4492	6769	0.144321
3532	6769	0.144321
6769	6770	0.0819213
922	6770	0.0819213
3419	6771	0.077092
6770	6771	0.077092
3755	6772	0.0946839
4841	6772	0.0946839
6772	6773	0.0788271
1558	6773	0.0788271
6773	6774	0.0648736
3029	6774	0.0648736
2133	6775	0.0557861
657	6775	0.0557861
6774	6776	0.0561633
3858	6776	0.0561633
2832	6777	0.0551539
6776	6777	0.0551539
6777	6778	0.0466262
799	6778	0.0466262
6775	6779	0.0520187
2390	6779	0.0520187
6779	6780	0.0446898
5581	6780	0.0446898
6778	6781	0.044234
6780	6781	0.044234
1803	6782	0.287525
3570	6782	0.287525
6782	6783	0.137601
4252	6783	0.137601
6783	6784	0.0975816
1465	6784	0.0975816
3768	6784	0.0975816
6784	6785	0.0887977
4470	6785	0.0887977
5275	6786	0.0810732
6785	6786	0.0810732
6786	6787	0.053564
4625	6787	0.053564
2235	6788	0.11495
959	6788	0.11495
6788	6789	0.111622
3389	6789	0.111622
6789	6790	0.0605297
676	6790	0.0605297
2656	6791	0.0505819
6790	6791	0.0505819
6791	6792	0.044162
3222	6792	0.044162
2773	6793	0.240813
5549	6793	0.240813
1050	6794	0.232034
6793	6794	0.232034
6794	6795	0.0584386
5770	6795	0.0584386
2977	6796	0.0563219
6795	6796	0.0563219
4141	6797	0.0611635
678	6797	0.0611635
6797	6798	0.0523108
5850	6798	0.0523108
6798	6799	0.0514114
3762	6799	0.0514114
6799	6800	0.0461044
5556	6800	0.0461044
2438	6801	0.0488739
5193	6801	0.0488739
3249	6802	0.0614664
919	6802	0.0614664
6802	6803	0.0610842
6003	6803	0.0610842
6803	6804	0.0535062
3769	6804	0.0535062
2249	6805	0.0519678
6804	6805	0.0519678
695	6806	0.0689772
4402	6806	0.0689772
6806	6807	0.0521017
4398	6807	0.0521017
6807	6808	0.0477546
5171	6808	0.0477546
6808	6809	0.0426882
5172	6809	0.0426882
3841	6810	0.0562649
2628	6810	0.0562649
1818	6811	0.0670835
714	6811	0.0670835
802	6812	0.0452762
715	6812	0.0452762
718	6813	0.0441691
2112	6813	0.0441691
6813	6814	0.043933
5749	6814	0.043933
1423	6815	0.0569005
2420	6815	0.0569005
6815	6816	0.0466274
2419	6816	0.0466274
6816	6817	0.044494
2422	6817	0.044494
722	6817	0.044494
2330	6818	0.0585999
1268	6818	0.0585999
3939	6819	0.0706715
4143	6819	0.0706715
2244	6820	0.112714
1399	6820	0.112714
6820	6821	0.0606813
2241	6821	0.0606813
757	6822	0.0503813
1641	6822	0.0503813
6821	6823	0.0477427
6822	6823	0.0477427
3990	6824	0.0443996
6823	6824	0.0443996
754	6825	0.152097
4127	6825	0.152097
2410	6826	0.0540238
764	6826	0.0540238
771	6827	0.0465876
3678	6827	0.0465876
3091	6828	0.0467909
4790	6828	0.0467909
6828	6829	0.0458361
775	6829	0.0458361
792	6830	0.148006
1096	6830	0.148006
6830	6831	0.135725
1319	6831	0.135725
5626	6832	0.0433772
800	6832	0.0433772
4348	6833	0.0494874
4195	6833	0.0494874
805	6834	0.0487096
1581	6834	0.0487096
6833	6834	0.0487096
1636	6835	0.0650988
4981	6835	0.0650988
6835	6836	0.0445841
4545	6836	0.0445841
3293	6837	0.0435059
6836	6837	0.0435059
4848	6838	0.0516903
4067	6838	0.0516903
4834	6839	0.0779128
3981	6839	0.0779128
861	6840	0.0769654
2222	6840	0.0769654
3182	6841	0.0538527
6840	6841	0.0538527
3844	6842	0.0609143
870	6842	0.0609143
5452	6843	0.0690258
2698	6843	0.0690258
6843	6844	0.0549202
875	6844	0.0549202
3145	6845	0.0982342
5312	6845	0.0982342
1696	6846	0.0446988
2177	6846	0.0446988
5529	6847	0.110061
4360	6847	0.110061
4611	6848	0.167538
904	6848	0.167538
6848	6849	0.112752
1907	6849	0.112752
5810	6850	0.147787
5769	6850	0.147787
6850	6851	0.0595113
2275	6851	0.0595113
2568	6852	0.0675659
1271	6852	0.0675659
6851	6853	0.0537454
1032	6853	0.0537454
6852	6854	0.0554577
3201	6854	0.0554577
6853	6855	0.0434526
6854	6855	0.0434526
6855	6856	0.041935
1059	6856	0.041935
939	6857	0.129838
2439	6857	0.129838
944	6858	0.139804
4100	6858	0.139804
6858	6859	0.0800114
2338	6859	0.0800114
945	6860	0.32019
3335	6860	0.32019
6860	6861	0.0517439
5782	6861	0.0517439
3415	6862	0.0439255
6861	6862	0.0439255
1063	6863	0.187422
950	6863	0.187422
4764	6864	0.121069
1215	6864	0.121069
6864	6865	0.114446
5760	6865	0.114446
6865	6866	0.0784612
2050	6866	0.0784612
5710	6867	0.07759
1160	6867	0.07759
4980	6868	0.0723021
6867	6868	0.0723021
4434	6869	0.0721259
6868	6869	0.0721259
5711	6870	0.0713584
6869	6870	0.0713584
2546	6871	0.204686
2211	6871	0.204686
6871	6872	0.113035
5404	6872	0.113035
6872	6873	0.0982342
1273	6873	0.0982342
6873	6874	0.0903389
5355	6874	0.0903389
6874	6875	0.0862706
3658	6875	0.0862706
6875	6876	0.0744713
5701	6876	0.0744713
6876	6877	0.0698297
5969	6877	0.0698297
3612	6878	0.0566865
4817	6878	0.0566865
6878	6879	0.0565429
2883	6879	0.0565429
6879	6880	0.0514134
6036	6880	0.0514134
4538	6881	0.0472992
6880	6881	0.0472992
6047	6882	0.0465323
6881	6882	0.0465323
3656	6883	0.0462556
6882	6883	0.0462556
6037	6884	0.0444832
6883	6884	0.0444832
6035	6885	0.0442636
6884	6885	0.0442636
3954	6886	0.100729
981	6886	0.100729
5945	6887	0.0715889
6886	6887	0.0715889
6887	6888	0.0711617
3955	6888	0.0711617
6888	6889	0.0706856
971	6889	0.0706856
6889	6890	0.0608417
4106	6890	0.0608417
6890	6891	0.0539268
3651	6891	0.0539268
3033	6892	0.0797847
2327	6892	0.0797847
4746	6893	0.0878213
3002	6893	0.0878213
6893	6894	0.0643132
2326	6894	0.0643132
6892	6895	0.0608819
6894	6895	0.0608819
6895	6896	0.0553063
2790	6896	0.0553063
6896	6897	0.0487063
5441	6897	0.0487063
4373	6898	0.0915498
3585	6898	0.0915498
6027	6899	0.0669996
6898	6899	0.0669996
3581	6900	0.0632153
6899	6900	0.0632153
2366	6901	0.19839
5057	6901	0.19839
1642	6902	0.144524
6901	6902	0.144524
6902	6903	0.0459451
995	6903	0.0459451
1091	6904	0.0537983
3417	6904	0.0537983
4253	6905	0.0900658
3894	6905	0.0900658
6905	6906	0.0734452
3271	6906	0.0734452
6906	6907	0.0662063
2486	6907	0.0662063
6907	6908	0.0644747
1928	6908	0.0644747
6908	6909	0.0535311
1962	6909	0.0535311
6909	6910	0.0526735
5015	6910	0.0526735
6910	6911	0.0464
4394	6911	0.0464
5190	6912	0.0716226
3238	6912	0.0716226
1024	6913	0.0672316
6912	6913	0.0672316
4941	6914	0.0653
6913	6914	0.0653
3816	6915	0.0632665
1049	6915	0.0632665
1478	6916	0.0816179
2988	6916	0.0816179
2379	6917	0.0810559
6916	6917	0.0810559
3434	6918	0.0521574
2095	6918	0.0521574
3233	6919	0.103105
5124	6919	0.103105
1086	6920	0.209124
2645	6920	0.209124
1416	6921	0.0460772
4090	6921	0.0460772
1919	6922	0.0915344
3693	6922	0.0915344
1100	6923	0.0530936
4053	6923	0.0530936
5335	6924	0.141018
4802	6924	0.141018
6924	6925	0.102372
1455	6925	0.102372
6925	6926	0.0946654
1937	6926	0.0946654
6926	6927	0.0696739
5519	6927	0.0696739
4620	6928	0.208796
3712	6928	0.208796
6928	6929	0.108715
1106	6929	0.108715
5249	6930	0.104224
6929	6930	0.104224
3681	6931	0.0971148
3577	6931	0.0971148
1758	6932	0.0916507
1138	6932	0.0916507
3034	6933	0.0898862
6932	6933	0.0898862
6931	6934	0.074386
6933	6934	0.074386
1829	6935	0.0728478
6934	6935	0.0728478
1588	6936	0.0426562
1117	6936	0.0426562
1129	6937	0.221051
5440	6937	0.221051
6937	6938	0.148956
1128	6938	0.148956
5768	6939	0.0776367
6938	6939	0.0776367
6939	6940	0.0675173
4489	6940	0.0675173
6940	6941	0.0582127
4930	6941	0.0582127
6941	6942	0.0478055
1236	6942	0.0478055
6942	6943	0.0442895
4303	6943	0.0442895
1908	6944	0.0639211
2083	6944	0.0639211
6944	6945	0.0494865
1525	6945	0.0494865
4673	6946	0.0844472
4813	6946	0.0844472
6946	6947	0.0611306
3287	6947	0.0611306
4379	6948	0.116304
1151	6948	0.116304
6041	6949	0.106768
2714	6949	0.106768
6949	6950	0.068088
5785	6950	0.068088
6950	6951	0.0424877
4514	6951	0.0424877
1848	6952	0.0621131
6066	6952	0.0621131
3527	6953	0.106071
1208	6953	0.106071
2318	6954	0.143698
1227	6954	0.143698
5113	6955	0.134148
6954	6955	0.134148
3352	6956	0.0558604
6955	6956	0.0558604
3906	6957	0.0814634
1257	6957	0.0814634
2755	6958	0.0685178
3004	6958	0.0685178
5277	6959	0.0660907
6958	6959	0.0660907
6959	6960	0.0592893
1272	6960	0.0592893
5402	6961	0.117209
4407	6961	0.117209
6961	6962	0.0762941
4369	6962	0.0762941
1312	6963	0.0488483
6962	6963	0.0488483
1288	6964	0.0443734
6963	6964	0.0443734
1334	6965	0.065893
5681	6965	0.065893
3499	6966	0.0746639
1413	6966	0.0746639
1752	6967	0.0635815
6966	6967	0.0635815
2386	6968	0.077345
1445	6968	0.077345
6968	6969	0.0719206
1774	6969	0.0719206
2979	6970	0.046031
5981	6970	0.046031
1449	6971	0.0458343
6970	6971	0.0458343
5045	6972	0.0777539
1459	6972	0.0777539
5155	6973	0.0478443
4671	6973	0.0478443
6972	6974	0.0433141
6973	6974	0.0433141
5384	6975	0.102903
4679	6975	0.102903
2830	6976	0.0895116
5661	6976	0.0895116
6976	6977	0.07547
1490	6977	0.07547
4713	6978	0.836348
5234	6978	0.836348
1567	6979	0.0608735
1564	6979	0.0608735
6979	6980	0.0485952
1566	6980	0.0485952
1608	6981	0.0546239
4292	6981	0.0546239
6981	6982	0.050775
4340	6982	0.050775
1772	6983	0.0466486
5177	6983	0.0466486
3654	6984	0.0547316
3268	6984	0.0547316
6984	6985	0.0528754
3195	6985	0.0528754
6985	6986	0.0443936
4733	6986	0.0443936
4960	6987	0.0525477
5445	6987	0.0525477
2643	6988	0.0853223
2646	6988	0.0853223
3998	6989	0.0813107
6988	6989	0.0813107
6989	6990	0.0754025
2443	6990	0.0754025
6990	6991	0.05992
2396	6991	0.05992
5158	6992	0.155195
5129	6992	0.155195
3677	6993	0.223711
5187	6993	0.223711
6993	6994	0.116758
2417	6994	0.116758
2661	6995	0.088561
6994	6995	0.088561
6992	6996	0.0846869
6995	6996	0.0846869
6996	6997	0.0786851
5135	6997	0.0786851
5157	6998	0.0707741
6997	6998	0.0707741
6998	6999	0.0507774
5938	6999	0.0507774
4108	7000	0.0505548
6999	7000	0.0505548
4793	7001	0.0479634
1791	7001	0.0479634
3738	7002	0.0774379
4927	7002	0.0774379
1918	7003	0.0769843
7002	7003	0.0769843
5730	7004	0.0622808
1792	7004	0.0622808
7003	7005	0.0620368
7004	7005	0.0620368
1843	7006	0.0484938
5360	7006	0.0484938
5073	7007	0.0525257
1870	7007	0.0525257
7007	7008	0.0427056
4218	7008	0.0427056
5849	7009	0.0976403
3437	7009	0.0976403
3435	7010	0.0435447
5841	7010	0.0435447
3913	7011	0.0581819
5544	7011	0.0581819
1913	7012	0.0416607
4226	7012	0.0416607
3650	7013	0.0586809
2086	7013	0.0586809
7013	7014	0.0472744
2074	7014	0.0472744
2136	7015	0.475779
2956	7015	0.475779
5967	7016	0.265018
4447	7016	0.265018
7016	7017	0.122226
5734	7017	0.122226
2362	7018	0.065064
5049	7018	0.065064
6064	7019	0.060584
7018	7019	0.060584
3696	7020	0.0463677
2218	7020	0.0463677
7019	7021	0.0426288
7020	7021	0.0426288
5362	7022	0.0518365
5717	7022	0.0518365
7022	7023	0.0475315
2221	7023	0.0475315
7023	7024	0.0439982
5891	7024	0.0439982
4299	7025	0.047908
2295	7025	0.047908
3064	7026	0.04678
2337	7026	0.04678
7026	7027	0.0442497
2722	7027	0.0442497
2341	7028	0.0549832
4410	7028	0.0549832
2364	7029	0.105181
4130	7029	0.105181
2461	7030	0.0565816
3763	7030	0.0565816
4263	7031	0.0499502
2471	7031	0.0499502
5097	7032	0.0901292
4331	7032	0.0901292
7032	7033	0.0559576
4335	7033	0.0559576
7033	7034	0.0501349
5304	7034	0.0501349
7034	7035	0.049562
4323	7035	0.049562
7035	7036	0.0419358
5639	7036	0.0419358
2497	7037	0.0758666
5284	7037	0.0758666
3475	7038	0.0476375
3183	7038	0.0476375
4658	7039	0.159861
3628	7039	0.159861
4513	7040	0.0937064
4684	7040	0.0937064
3524	7041	0.142678
4654	7041	0.142678
5587	7042	0.0774516
2795	7042	0.0774516
3927	7043	0.0921091
3218	7043	0.0921091
5037	7044	0.145229
5874	7044	0.145229
7044	7045	0.106074
3345	7045	0.106074
4695	7046	0.0517792
3350	7046	0.0517792
3846	7047	0.0496117
3702	7047	0.0496117
5631	7048	0.0570931
4040	7048	0.0570931
4940	7049	0.201694
4714	7049	0.201694
7049	7050	0.044306
5271	7050	0.044306
5343	7051	0.0625705
6015	7051	0.0625705
4809	7052	0.0410196
6451	7052	0.0410196
7052	7053	0.0290117
611	7053	0.0290117
6277	7054	0.0368613
5013	7054	0.0368613
4516	7055	0.0368342
6877	7055	0.0368342
6012	7056	0.0367212
7055	7056	0.0367212
6438	7057	0.0317352
696	7057	0.0317352
6957	7058	0.0323954
3937	7058	0.0323954
3331	7059	0.039784
7001	7059	0.039784
931	7060	0.0391858
7059	7060	0.0391858
7060	7061	0.0371155
383	7061	0.0371155
3355	7062	0.0276806
39	7062	0.0276806
7024	7063	0.0305662
5771	7063	0.0305662
7063	7064	0.0285564
5653	7064	0.0285564
2259	7065	0.0319593
3969	7065	0.0319593
753	7066	0.0315177
7065	7066	0.0315177
6935	7067	0.0410637
1617	7067	0.0410637
5029	7068	0.040013
4581	7068	0.040013
4935	7069	0.0341665
6589	7069	0.0341665
3727	7070	0.0406919
2866	7070	0.0406919
7070	7071	0.0368182
576	7071	0.0368182
4728	7072	0.0322362
7071	7072	0.0322362
7072	7073	0.0286219
2811	7073	0.0286219
1115	7074	0.0279908
7073	7074	0.0279908
6609	7075	0.0360826
4007	7075	0.0360826
1801	7076	0.0344411
7075	7076	0.0344411
4043	7077	0.0399438
390	7077	0.0399438
6610	7078	0.0316641
7077	7078	0.0316641
7076	7079	0.0306543
7078	7079	0.0306543
47	7080	0.0389355
1114	7080	0.0389355
4566	7081	0.0375412
2713	7081	0.0375412
2667	7082	0.0386368
1697	7082	0.0386368
2637	7083	0.0379563
7082	7083	0.0379563
6736	7084	0.0350844
3721	7084	0.0350844
7081	7085	0.0368955
7083	7085	0.0368955
7084	7086	0.0324518
7085	7086	0.0324518
2175	7087	0.0320503
7086	7087	0.0320503
6792	7088	0.032356
965	7088	0.032356
2485	7089	0.0304588
1275	7089	0.0304588
7088	7090	0.0283481
7089	7090	0.0283481
5299	7091	0.0412232
7014	7091	0.0412232
4650	7092	0.0390361
5743	7092	0.0390361
7092	7093	0.0312196
7091	7093	0.0312196
6859	7094	0.0386446
3855	7094	0.0386446
1159	7095	0.041187
1524	7095	0.041187
4287	7096	0.0332999
3026	7096	0.0332999
7095	7097	0.03485
5848	7097	0.03485
7096	7098	0.0331002
7097	7098	0.0331002
5621	7099	0.0352735
3398	7099	0.0352735
4089	7100	0.0324035
7099	7100	0.0324035
7047	7101	0.0319452
2130	7101	0.0319452
7101	7102	0.0310918
7098	7102	0.0310918
7102	7103	0.0306993
4400	7103	0.0306993
7094	7104	0.0296267
7103	7104	0.0296267
5521	7105	0.0292599
7104	7105	0.0292599
7100	7106	0.0289435
7105	7106	0.0289435
7106	7107	0.0277569
1858	7107	0.0277569
2213	7108	0.0403616
6608	7108	0.0403616
7108	7109	0.0288313
434	7109	0.0288313
4466	7110	0.0362291
3931	7110	0.0362291
7110	7111	0.0355314
4898	7111	0.0355314
7111	7112	0.0351739
5843	7112	0.0351739
7112	7113	0.0343598
3814	7113	0.0343598
7113	7114	0.0290928
4474	7114	0.0290928
4029	7115	0.0416297
7021	7115	0.0416297
7115	7116	0.0306154
3787	7116	0.0306154
6463	7117	0.039641
4314	7117	0.039641
6763	7118	0.0313243
4721	7118	0.0313243
1565	7119	0.03623
728	7119	0.03623
6824	7120	0.0409191
7012	7120	0.0409191
6510	7121	0.0414866
3717	7121	0.0414866
6487	7122	0.0405746
7120	7122	0.0405746
7122	7123	0.0401144
7121	7123	0.0401144
6624	7124	0.0404745
1014	7124	0.0404745
7124	7125	0.0404604
6965	7125	0.0404604
7125	7126	0.0400628
1104	7126	0.0400628
7123	7127	0.039668
4998	7127	0.039668
328	7128	0.0386027
7127	7128	0.0386027
7128	7129	0.0377954
3827	7129	0.0377954
6927	7130	0.0389218
7126	7130	0.0389218
5712	7131	0.037699
7129	7131	0.037699
7131	7132	0.0372529
7130	7132	0.0372529
7011	7133	0.03705
7132	7133	0.03705
5282	7134	0.0405002
3176	7134	0.0405002
4696	7135	0.038049
7134	7135	0.038049
7135	7136	0.034479
4014	7136	0.034479
6618	7137	0.0317821
7133	7137	0.0317821
7137	7138	0.0316715
1847	7138	0.0316715
2614	7139	0.0319353
1867	7139	0.0319353
354	7140	0.0310741
7138	7140	0.0310741
7140	7141	0.0306224
7139	7141	0.0306224
7141	7142	0.0305766
4883	7142	0.0305766
7142	7143	0.030549
6825	7143	0.030549
7143	7144	0.0296744
2582	7144	0.0296744
7144	7145	0.0295985
5598	7145	0.0295985
7136	7146	0.0328448
4180	7146	0.0328448
7146	7147	0.0317699
1103	7147	0.0317699
5597	7148	0.0294813
7145	7148	0.0294813
7148	7149	0.0292893
4381	7149	0.0292893
7149	7150	0.0289738
3297	7150	0.0289738
7150	7151	0.0280098
4925	7151	0.0280098
7147	7152	0.0279333
2548	7152	0.0279333
7151	7153	0.0279113
4238	7153	0.0279113
6544	7154	0.0278837
7153	7154	0.0278837
7152	7155	0.0277652
3192	7155	0.0277652
7154	7156	0.027485
7155	7156	0.027485
6435	7157	0.0320045
50	7157	0.0320045
1203	7158	0.029022
4120	7158	0.029022
1763	7159	0.0416452
6644	7159	0.0416452
2097	7160	0.038107
7159	7160	0.038107
7160	7161	0.0336025
6723	7161	0.0336025
6402	7162	0.0414673
6688	7162	0.0414673
7162	7163	0.038829
6964	7163	0.038829
6403	7164	0.0406742
6412	7164	0.0406742
5662	7165	0.0386653
7164	7165	0.0386653
7163	7166	0.0376131
685	7166	0.0376131
6801	7167	0.0374601
7166	7167	0.0374601
7167	7168	0.0369289
7165	7168	0.0369289
5966	7169	0.0358221
7168	7169	0.0358221
7169	7170	0.035098
5080	7170	0.035098
6294	7171	0.0413989
1977	7171	0.0413989
335	7172	0.0391675
7171	7172	0.0391675
5309	7173	0.0389465
6885	7173	0.0389465
662	7174	0.0386057
7172	7174	0.0386057
7173	7175	0.0382777
2884	7175	0.0382777
7174	7176	0.0376415
7175	7176	0.0376415
6416	7177	0.0408684
6448	7177	0.0408684
5571	7178	0.0401008
7177	7178	0.0401008
6521	7179	0.040121
212	7179	0.040121
7179	7180	0.0370069
482	7180	0.0370069
1716	7181	0.0416475
2278	7181	0.0416475
2774	7182	0.0401667
7181	7182	0.0401667
6914	7183	0.0370084
5652	7183	0.0370084
7008	7184	0.0388149
5233	7184	0.0388149
7176	7185	0.0352164
6046	7185	0.0352164
7182	7186	0.0363804
7183	7186	0.0363804
7178	7187	0.0360776
6541	7187	0.0360776
7184	7187	0.0360776
7180	7188	0.0357397
4279	7188	0.0357397
7188	7189	0.035564
1075	7189	0.035564
7187	7190	0.0342275
7189	7190	0.0342275
5084	7190	0.0342275
6827	7191	0.0342015
7190	7191	0.0342015
2237	7192	0.0348142
6509	7192	0.0348142
7186	7193	0.0340564
5323	7193	0.0340564
2609	7194	0.0341209
7185	7194	0.0341209
344	7195	0.0339867
7191	7195	0.0339867
7194	7196	0.0339482
7195	7196	0.0339482
1836	7196	0.0339482
6691	7197	0.0339002
7196	7197	0.0339002
7197	7198	0.0337953
953	7198	0.0337953
7193	7199	0.0336649
7198	7199	0.0336649
7192	7200	0.0336429
7199	7200	0.0336429
3047	7201	0.0398329
6382	7201	0.0398329
7201	7202	0.0362048
1715	7202	0.0362048
1205	7203	0.0404429
6699	7203	0.0404429
3543	7204	0.0394367
321	7204	0.0394367
7203	7204	0.0394367
2126	7205	0.0368387
7204	7205	0.0368387
6295	7206	0.0395748
6766	7206	0.0395748
4460	7207	0.0388876
7206	7207	0.0388876
1917	7208	0.0376076
7207	7208	0.0376076
866	7209	0.0364632
7208	7209	0.0364632
7209	7210	0.0364506
2634	7210	0.0364506
6387	7211	0.0378016
5322	7211	0.0378016
153	7212	0.0362739
16	7212	0.0362739
7212	7213	0.0359882
7210	7213	0.0359882
6454	7214	0.0357627
7213	7214	0.0357627
7205	7215	0.0357297
7214	7215	0.0357297
3556	7216	0.0357003
7215	7216	0.0357003
80	7217	0.0343416
7216	7217	0.0343416
7217	7218	0.0340225
1786	7218	0.0340225
7211	7219	0.034452
5620	7219	0.034452
7218	7220	0.0336838
7219	7220	0.0336838
5720	7221	0.0399923
332	7221	0.0399923
6297	7222	0.0413666
6356	7222	0.0413666
7222	7223	0.040758
1905	7223	0.040758
6341	7224	0.0386853
7223	7224	0.0386853
4485	7225	0.0413685
2465	7225	0.0413685
7224	7226	0.0385001
5203	7226	0.0385001
5442	7227	0.0381942
7226	7227	0.0381942
7227	7228	0.0362107
7225	7228	0.0362107
1376	7229	0.03504
6856	7229	0.03504
7229	7230	0.0346588
7228	7230	0.0346588
4775	7231	0.0344399
7038	7231	0.0344399
4682	7232	0.0344216
7230	7232	0.0344216
24	7233	0.0342968
7232	7233	0.0342968
7233	7234	0.0335773
7231	7234	0.0335773
6372	7235	0.0397785
7050	7235	0.0397785
940	7236	0.0388383
7235	7236	0.0388383
7236	7237	0.0388087
2431	7237	0.0388087
6659	7238	0.0362828
842	7238	0.0362828
6658	7239	0.0351142
7238	7239	0.0351142
7237	7240	0.0348945
3461	7240	0.0348945
7240	7241	0.0345407
3793	7241	0.0345407
7241	7242	0.0342042
3781	7242	0.0342042
7242	7243	0.0339153
7239	7243	0.0339153
6553	7244	0.0384057
6554	7244	0.0384057
6423	7245	0.0408419
6430	7245	0.0408419
4563	7246	0.0393268
37	7246	0.0393268
2014	7247	0.0390506
7245	7247	0.0390506
6426	7248	0.0388998
7247	7248	0.0388998
7248	7249	0.0388137
7246	7249	0.0388137
7244	7250	0.0381827
7249	7250	0.0381827
7250	7251	0.0376233
252	7251	0.0376233
5058	7251	0.0376233
7251	7252	0.0353825
4686	7252	0.0353825
6434	7253	0.0411828
3572	7253	0.0411828
7253	7254	0.0405761
5779	7254	0.0405761
7254	7255	0.0404563
46	7255	0.0404563
7255	7256	0.0392136
161	7256	0.0392136
5980	7257	0.0347395
7256	7257	0.0347395
7257	7258	0.0343704
6812	7258	0.0343704
4873	7259	0.0405554
6449	7259	0.0405554
7259	7260	0.039466
2636	7260	0.039466
1621	7261	0.0388638
7260	7261	0.0388638
1749	7262	0.0384947
7261	7262	0.0384947
2764	7263	0.0351778
7262	7263	0.0351778
7263	7264	0.0347088
262	7264	0.0347088
4151	7265	0.0402803
4614	7265	0.0402803
4561	7266	0.0395069
7265	7266	0.0395069
6470	7267	0.0386256
5708	7267	0.0386256
7267	7268	0.0386093
6479	7268	0.0386093
1727	7269	0.0380706
7268	7269	0.0380706
617	7270	0.0380115
7269	7270	0.0380115
3153	7271	0.0414715
6674	7271	0.0414715
4576	7272	0.0376044
7271	7272	0.0376044
6690	7273	0.0399245
481	7273	0.0399245
5131	7274	0.0393625
7273	7274	0.0393625
7272	7275	0.0359736
5825	7275	0.0359736
7005	7276	0.0352323
7275	7276	0.0352323
7276	7277	0.0342357
3166	7277	0.0342357
7274	7278	0.0337822
7277	7278	0.0337822
2833	7279	0.0358133
2554	7279	0.0358133
4136	7280	0.0346082
3073	7280	0.0346082
6505	7281	0.039649
6781	7281	0.039649
4689	7282	0.0395305
7281	7282	0.0395305
7282	7283	0.033819
5092	7283	0.033819
3197	7284	0.0337511
7283	7284	0.0337511
181	7285	0.040829
1246	7285	0.040829
6529	7286	0.0398084
6537	7286	0.0398084
6528	7287	0.0393118
7286	7287	0.0393118
7287	7288	0.0390607
1248	7288	0.0390607
7288	7289	0.0383242
215	7289	0.0383242
7289	7290	0.0371534
499	7290	0.0371534
7290	7291	0.0341709
5435	7291	0.0341709
6583	7292	0.0415479
2205	7292	0.0415479
6562	7293	0.040521
2416	7293	0.040521
3865	7294	0.0336684
7293	7294	0.0336684
5468	7295	0.041046
4411	7295	0.041046
6591	7296	0.0363919
4414	7296	0.0363919
7295	7296	0.0363919
6648	7297	0.0402237
3150	7297	0.0402237
7045	7298	0.034065
5021	7298	0.034065
6702	7299	0.0366614
3694	7299	0.0366614
1790	7300	0.0366575
4562	7300	0.0366575
7299	7301	0.0358954
7300	7301	0.0358954
7301	7302	0.0351651
2251	7302	0.0351651
3108	7303	0.0336917
7302	7303	0.0336917
599	7304	0.0352887
520	7304	0.0352887
6713	7305	0.0345336
4992	7305	0.0345336
7305	7306	0.0344751
1350	7306	0.0344751
6743	7307	0.0391314
5882	7307	0.0391314
5093	7308	0.0366487
3395	7308	0.0366487
2556	7309	0.0346189
7308	7309	0.0346189
6796	7310	0.0341034
7309	7310	0.0341034
1975	7311	0.0336917
7310	7311	0.0336917
6817	7312	0.0387537
2935	7312	0.0387537
7312	7313	0.0359201
2421	7313	0.0359201
6945	7314	0.0371554
5905	7314	0.0371554
1265	7315	0.034144
4603	7315	0.034144
5514	7316	0.0413833
2982	7316	0.0413833
7316	7317	0.0343108
1458	7317	0.0343108
6991	7318	0.0388629
1748	7318	0.0388629
5516	7319	0.0341305
5855	7319	0.0341305
2435	7320	0.0373519
1822	7320	0.0373519
1895	7321	0.0337115
2224	7321	0.0337115
2047	7322	0.0346187
5878	7322	0.0346187
5237	7323	0.0358052
2446	7323	0.0358052
2681	7324	0.0403713
3831	7324	0.0403713
4057	7325	0.0335728
3459	7325	0.0335728
3514	7326	0.0336323
3515	7326	0.0336323
4450	7327	0.0357577
5879	7327	0.0357577
804	7328	0.0312922
7314	7328	0.0312922
7328	7329	0.0310771
2169	7329	0.0310771
7243	7330	0.0329095
7291	7330	0.0329095
7330	7331	0.0320982
4240	7331	0.0320982
3367	7332	0.0314424
7331	7332	0.0314424
7332	7333	0.031164
1515	7333	0.031164
7270	7334	0.0331892
3152	7334	0.0331892
2512	7335	0.032665
3276	7335	0.032665
287	7336	0.0329847
7285	7336	0.0329847
1398	7337	0.0321533
7335	7337	0.0321533
7337	7338	0.0315707
7336	7338	0.0315707
7334	7339	0.0308106
7338	7339	0.0308106
7161	7340	0.0334283
445	7340	0.0334283
7170	7341	0.0326235
1367	7341	0.0326235
7340	7342	0.0324327
7341	7342	0.0324327
7200	7343	0.0334157
7252	7343	0.0334157
7202	7344	0.0335225
7220	7344	0.0335225
7343	7345	0.0332599
7344	7345	0.0332599
7345	7346	0.0326235
7321	7346	0.0326235
6862	7347	0.0323461
7346	7347	0.0323461
6052	7348	0.0323128
1961	7348	0.0323128
5542	7349	0.0322829
7347	7349	0.0322829
7349	7350	0.0321128
3720	7350	0.0321128
4386	7350	0.0321128
7350	7351	0.0320787
7304	7351	0.0320787
7351	7352	0.0320612
7348	7352	0.0320612
7352	7353	0.0320358
2852	7353	0.0320358
7234	7354	0.0328269
2150	7354	0.0328269
6309	7355	0.0325136
7354	7355	0.0325136
6300	7356	0.0324084
7355	7356	0.0324084
7221	7357	0.032379
661	7357	0.032379
7315	7357	0.032379
7356	7358	0.0322799
3544	7358	0.0322799
7357	7359	0.0321779
7358	7359	0.0321779
7359	7360	0.03183
7322	7360	0.03183
6468	7361	0.0325366
4464	7361	0.0325366
7278	7362	0.0321485
3510	7362	0.0321485
5216	7363	0.0335125
7292	7363	0.0335125
5865	7364	0.0317709
7342	7364	0.0317709
7353	7365	0.0315254
2853	7365	0.0315254
7365	7366	0.03148
7360	7366	0.03148
7364	7367	0.0314769
7366	7367	0.0314769
221	7367	0.0314769
7311	7367	0.0314769
7266	7368	0.0316257
92	7368	0.0316257
7362	7369	0.0316631
2219	7369	0.0316631
7367	7370	0.0314632
1074	7370	0.0314632
4257	7371	0.0314492
7370	7371	0.0314492
7371	7372	0.0314085
4580	7372	0.0314085
7361	7373	0.0313341
7368	7373	0.0313341
7372	7373	0.0313341
7369	7373	0.0313341
5224	7373	0.0313341
7373	7374	0.0311432
1131	7374	0.0311432
7319	7375	0.0315822
7320	7375	0.0315822
3963	7376	0.0311289
7374	7376	0.0311289
7376	7377	0.03101
7375	7377	0.03101
7377	7378	0.0309782
7363	7378	0.0309782
6464	7379	0.0309249
7378	7379	0.0309249
7379	7380	0.0309127
3194	7380	0.0309127
575	7381	0.0309159
3217	7381	0.0309159
3484	7382	0.0309014
7380	7382	0.0309014
7382	7383	0.0308602
7294	7383	0.0308602
6016	7384	0.0308556
7383	7384	0.0308556
7384	7385	0.030834
5149	7385	0.030834
7381	7386	0.0308142
7385	7386	0.0308142
7386	7387	0.0307211
783	7387	0.0307211
6376	7388	0.0333296
4964	7388	0.0333296
2255	7389	0.0325461
3880	7389	0.0325461
7388	7390	0.0319941
7389	7390	0.0319941
2432	7391	0.0319756
6771	7391	0.0319756
3923	7392	0.031869
7390	7392	0.031869
7391	7393	0.0314631
7392	7393	0.0314631
7279	7394	0.033535
7280	7394	0.033535
7284	7395	0.033555
867	7395	0.033555
7258	7396	0.0330217
1729	7396	0.0330217
2675	7397	0.0328429
7396	7397	0.0328429
1999	7398	0.0325818
1673	7398	0.0325818
7394	7399	0.0320281
7395	7399	0.0320281
7397	7400	0.0315514
7398	7400	0.0315514
7399	7401	0.0311278
7400	7401	0.0311278
6971	7402	0.0311126
7401	7402	0.0311126
7402	7403	0.0308838
3903	7403	0.0308838
6599	7404	0.0317721
7296	7404	0.0317721
4350	7405	0.0320637
3560	7405	0.0320637
7297	7406	0.0323838
7325	7406	0.0323838
7405	7407	0.0318739
7406	7407	0.0318739
7298	7408	0.0326301
7303	7408	0.0326301
4472	7409	0.0325158
7408	7409	0.0325158
545	7410	0.0329388
518	7410	0.0329388
7409	7411	0.0322111
5899	7411	0.0322111
7411	7412	0.0318767
7410	7412	0.0318767
3344	7413	0.0317261
7412	7413	0.0317261
7306	7414	0.0322775
2928	7414	0.0322775
6800	7415	0.0332715
5557	7415	0.0332715
6936	7416	0.0316036
1665	7416	0.0316036
7318	7417	0.0334948
5106	7417	0.0334948
7417	7418	0.0319274
7324	7418	0.0319274
7326	7419	0.0324463
3513	7419	0.0324463
7339	7420	0.0306059
5035	7420	0.0306059
7420	7421	0.029974
4995	7421	0.029974
7307	7422	0.0306296
7387	7422	0.0306296
7422	7423	0.0305662
7393	7423	0.0305662
7423	7424	0.0305651
7407	7424	0.0305651
7424	7425	0.030421
5539	7425	0.030421
7425	7426	0.0304115
3448	7426	0.0304115
132	7427	0.03039
7426	7427	0.03039
7427	7428	0.030346
7317	7428	0.030346
3014	7429	0.0302375
7428	7429	0.0302375
3740	7430	0.030152
7429	7430	0.030152
6956	7431	0.0300749
7430	7431	0.0300749
2262	7432	0.0300599
7431	7432	0.0300599
7432	7433	0.0298538
7414	7433	0.0298538
1974	7433	0.0298538
3078	7434	0.0298367
7433	7434	0.0298367
1179	7435	0.0305952
7403	7435	0.0305952
5294	7436	0.030489
7435	7436	0.030489
7436	7437	0.0304668
7418	7437	0.0304668
7323	7438	0.0300318
7437	7438	0.0300318
7416	7439	0.0302331
3973	7439	0.0302331
6819	7440	0.0297928
7434	7440	0.0297928
189	7441	0.0297348
7440	7441	0.0297348
7015	7442	0.0296669
7441	7442	0.0296669
7333	7443	0.0296396
7442	7443	0.0296396
7443	7444	0.0295652
4479	7444	0.0295652
6564	7445	0.0295518
7444	7445	0.0295518
3130	7445	0.0295518
2287	7446	0.0294523
7445	7446	0.0294523
4176	7447	0.0294437
7446	7447	0.0294437
7438	7448	0.0297736
5546	7448	0.0297736
7447	7449	0.0294389
7419	7449	0.0294389
7449	7450	0.0293577
2030	7450	0.0293577
7000	7451	0.0292994
7450	7451	0.0292994
6508	7452	0.0292803
7451	7452	0.0292803
7452	7453	0.0292757
2414	7453	0.0292757
7439	7453	0.0292757
3958	7454	0.0291931
7453	7454	0.0291931
2039	7455	0.0291529
7454	7455	0.0291529
7455	7456	0.0291406
2888	7456	0.0291406
7456	7457	0.0291385
7448	7457	0.0291385
35	7458	0.0294437
600	7458	0.0294437
4300	7459	0.0298726
375	7459	0.0298726
7413	7460	0.0306598
7313	7460	0.0306598
7460	7461	0.0296711
7415	7461	0.0296711
4192	7462	0.0299148
2359	7462	0.0299148
6953	7463	0.0291205
7457	7463	0.0291205
5078	7464	0.0291156
7463	7464	0.0291156
7264	7465	0.0289348
7464	7465	0.0289348
7465	7466	0.0288267
894	7466	0.0288267
2731	7467	0.0287423
7466	7467	0.0287423
7467	7468	0.0287323
5030	7468	0.0287323
7468	7469	0.0286855
3864	7469	0.0286855
658	7470	0.0286657
2960	7470	0.0286657
7469	7470	0.0286657
7470	7471	0.0285777
3178	7471	0.0285777
7471	7472	0.0285761
7459	7472	0.0285761
3121	7473	0.0285613
7472	7473	0.0285613
7473	7474	0.0285402
7458	7474	0.0285402
7474	7475	0.0285385
7404	7475	0.0285385
7462	7475	0.0285385
7475	7476	0.0283965
14	7476	0.0283965
1357	7477	0.0283832
7476	7477	0.0283832
7421	7478	0.0283275
7477	7478	0.0283275
7461	7478	0.0283275
6787	7479	0.0282652
7478	7479	0.0282652
1213	7480	0.0282605
7479	7480	0.0282605
1064	7481	0.0282238
7480	7481	0.0282238
7481	7482	0.0281961
4849	7482	0.0281961
4356	7483	0.0281637
7482	7483	0.0281637
5773	7484	0.0281621
7483	7484	0.0281621
3959	7485	0.028159
7484	7485	0.028159
7485	7486	0.0281045
2624	7486	0.0281045
7486	7487	0.0280513
5023	7487	0.0280513
7487	7488	0.0280113
655	7488	0.0280113
7488	7489	0.0279987
5995	7489	0.0279987
6983	7490	0.0279759
7489	7490	0.0279759
7490	7491	0.0279694
2315	7491	0.0279694
7491	7492	0.027857
3403	7492	0.027857
7492	7493	0.0278407
5748	7493	0.0278407
7493	7494	0.0276998
7327	7494	0.0276998
7494	7495	0.0275468
3915	7495	0.0275468
7495	7496	0.0275433
1326	7496	0.0275433
7329	7497	0.0275333
7496	7497	0.0275333
1477	7498	0.0275097
7497	7498	0.0275097
7498	7499	0.0274633
2553	7499	0.0274633
7499	7500	0.0274409
3492	7500	0.0274409
2001	7500	0.0274409
6396	7501	0.0336927
6684	7501	0.0336927
3266	7502	0.0372005
1305	7502	0.0372005
3281	7503	0.0363779
7502	7503	0.0363779
115	7504	0.0360856
7503	7504	0.0360856
6986	7505	0.035322
1685	7505	0.035322
6503	7506	0.0333522
4027	7506	0.0333522
7506	7507	0.0320695
137	7507	0.0320695
7507	7508	0.0319529
4698	7508	0.0319529
299	7509	0.0317061
7508	7509	0.0317061
7509	7510	0.031579
3314	7510	0.031579
6866	7511	0.0360009
951	7511	0.0360009
3986	7512	0.0335225
7511	7512	0.0335225
7512	7513	0.0314197
1359	7513	0.0314197
2152	7514	0.0312603
7510	7514	0.0312603
7514	7515	0.0290154
3878	7515	0.0290154
7513	7516	0.0279869
2063	7516	0.0279869
1655	7517	0.0282957
5315	7517	0.0282957
7517	7518	0.0278125
7515	7518	0.0278125
7516	7519	0.0277639
7518	7519	0.0277639
7519	7520	0.0276738
4339	7520	0.0276738
6655	7521	0.039091
2692	7521	0.039091
682	7522	0.0345248
1971	7522	0.0345248
3876	7523	0.0343076
7522	7523	0.0343076
7521	7524	0.0319748
7523	7524	0.0319748
4097	7525	0.0310435
7524	7525	0.0310435
6441	7526	0.0355406
4198	7526	0.0355406
1615	7527	0.0336437
7526	7527	0.0336437
1852	7528	0.0327872
7527	7528	0.0327872
7528	7529	0.0312776
1266	7529	0.0312776
502	7530	0.0305442
7529	7530	0.0305442
7530	7531	0.0289752
1264	7531	0.0289752
6442	7532	0.0312673
6759	7532	0.0312673
4118	7533	0.0286516
7532	7533	0.0286516
1412	7534	0.0311213
70	7534	0.0311213
6457	7535	0.0385483
81	7535	0.0385483
4363	7536	0.0347803
7535	7536	0.0347803
7536	7537	0.0300307
1712	7537	0.0300307
2352	7538	0.0361735
4282	7538	0.0361735
4712	7539	0.0360746
7538	7539	0.0360746
6720	7540	0.0355663
4806	7540	0.0355663
3387	7541	0.0409709
2816	7541	0.0409709
1706	7542	0.0407514
7541	7542	0.0407514
6652	7543	0.0346499
7542	7543	0.0346499
3023	7544	0.0387093
4494	7544	0.0387093
2499	7545	0.0309176
82	7545	0.0309176
7544	7546	0.0307486
1025	7546	0.0307486
7546	7547	0.0304363
7545	7547	0.0304363
6900	7548	0.0291644
6903	7548	0.0291644
7540	7549	0.0289514
7547	7549	0.0289514
7548	7550	0.0289423
7549	7550	0.0289423
7543	7551	0.027459
7550	7551	0.027459
6915	7552	0.0373936
1067	7552	0.0373936
6917	7553	0.0372749
7552	7553	0.0372749
7553	7554	0.0346167
1450	7554	0.0346167
83	7555	0.0339128
7554	7555	0.0339128
3298	7556	0.0320768
2380	7556	0.0320768
7555	7557	0.0292893
4016	7557	0.0292893
7557	7558	0.0287928
7556	7558	0.0287928
1701	7559	0.0413566
6459	7559	0.0413566
3482	7560	0.0303251
6960	7560	0.0303251
6891	7561	0.0291586
5836	7561	0.0291586
3901	7562	0.034402
88	7562	0.034402
7562	7563	0.0335912
156	7563	0.0335912
97	7564	0.0276096
1405	7564	0.0276096
6482	7565	0.0379017
1154	7565	0.0379017
7565	7566	0.0369351
1481	7566	0.0369351
7566	7567	0.0355423
5301	7567	0.0355423
7567	7568	0.0287285
5004	7568	0.0287285
7568	7569	0.0286173
5718	7569	0.0286173
3884	7570	0.0290317
483	7570	0.0290317
6607	7571	0.0401624
1861	7571	0.0401624
385	7572	0.0392019
7571	7572	0.0392019
7572	7573	0.035015
1513	7573	0.035015
6849	7574	0.030451
7573	7574	0.030451
7574	7575	0.0290117
331	7575	0.0290117
7575	7576	0.0278384
3069	7576	0.0278384
6805	7577	0.038804
6982	7577	0.038804
7577	7578	0.038659
5218	7578	0.038659
6693	7579	0.0386391
7578	7579	0.0386391
7579	7580	0.0373209
491	7580	0.0373209
3451	7581	0.0372307
7580	7581	0.0372307
1833	7582	0.0370577
7581	7582	0.0370577
6918	7583	0.0363077
7582	7583	0.0363077
5942	7584	0.0332467
7583	7584	0.0332467
7584	7585	0.0321761
4908	7585	0.0321761
7585	7586	0.0293283
2573	7586	0.0293283
3810	7587	0.0415421
6951	7587	0.0415421
7587	7588	0.0411651
6952	7588	0.0411651
7588	7589	0.0384574
1195	7589	0.0384574
1030	7590	0.0321516
2993	7590	0.0321516
7589	7591	0.0302331
7590	7591	0.0302331
7591	7592	0.0298337
127	7592	0.0298337
7592	7593	0.0297202
4277	7593	0.0297202
1453	7594	0.0294742
7593	7594	0.0294742
6841	7595	0.0292231
7594	7595	0.0292231
991	7595	0.0292231
6967	7596	0.0325534
5948	7596	0.0325534
5552	7597	0.0324297
7596	7597	0.0324297
6844	7598	0.0326977
1139	7598	0.0326977
7598	7599	0.0306412
5944	7599	0.0306412
131	7600	0.028221
7599	7600	0.028221
6489	7601	0.0284218
2641	7601	0.0284218
6730	7602	0.0380545
3491	7602	0.0380545
680	7603	0.0350902
7602	7603	0.0350902
6724	7604	0.0345884
7603	7604	0.0345884
7604	7605	0.0336649
2511	7605	0.0336649
4122	7606	0.0335006
7605	7606	0.0335006
1124	7607	0.0283446
150	7607	0.0283446
667	7608	0.0387039
3799	7608	0.0387039
4607	7609	0.0373792
7608	7609	0.0373792
2626	7610	0.03148
7609	7610	0.03148
4115	7611	0.029883
7610	7611	0.029883
7611	7612	0.0277462
159	7612	0.0277462
4503	7613	0.0409222
5986	7613	0.0409222
197	7614	0.0408786
4054	7614	0.0408786
7613	7614	0.0408786
2059	7615	0.0386704
7614	7615	0.0386704
7615	7616	0.0319422
5570	7616	0.0319422
7616	7617	0.0306484
1056	7617	0.0306484
7617	7618	0.029924
2049	7618	0.029924
7618	7619	0.0291985
2021	7619	0.0291985
7619	7620	0.0276654
5755	7620	0.0276654
4690	7621	0.0315162
208	7621	0.0315162
6540	7622	0.0349751
766	7622	0.0349751
2925	7623	0.0348197
7622	7623	0.0348197
6829	7624	0.0334464
7623	7624	0.0334464
2758	7625	0.0327861
7624	7625	0.0327861
7625	7626	0.0285875
1938	7626	0.0285875
210	7627	0.0397259
7051	7627	0.0397259
5279	7628	0.0358213
225	7628	0.0358213
5576	7629	0.0358116
3714	7629	0.0358116
7629	7630	0.0288267
2720	7630	0.0288267
2355	7631	0.029125
4558	7631	0.029125
244	7632	0.0409443
2992	7632	0.0409443
7632	7633	0.0337986
555	7633	0.0337986
7633	7634	0.0336705
3627	7634	0.0336705
7634	7635	0.0324421
5095	7635	0.0324421
7635	7636	0.0315529
686	7636	0.0315529
7636	7637	0.0315434
5432	7637	0.0315434
6613	7638	0.0350435
3458	7638	0.0350435
4285	7639	0.0314102
7638	7639	0.0314102
4393	7640	0.0312446
392	7640	0.0312446
7639	7641	0.0287749
7640	7641	0.0287749
642	7642	0.0400372
247	7642	0.0400372
7642	7643	0.0276488
690	7643	0.0276488
3783	7644	0.0354906
6545	7644	0.0354906
1627	7645	0.0391024
901	7645	0.0391024
7645	7646	0.0387856
6846	7646	0.0387856
7646	7647	0.0380074
1517	7647	0.0380074
7647	7648	0.0335607
1047	7648	0.0335607
6845	7649	0.032059
7648	7649	0.032059
7649	7650	0.0303523
2563	7650	0.0303523
7650	7651	0.0300704
876	7651	0.0300704
6570	7652	0.0385428
4204	7652	0.0385428
6576	7653	0.0276746
1653	7653	0.0276746
6577	7654	0.0370854
5463	7654	0.0370854
6578	7655	0.0372281
304	7655	0.0372281
7654	7656	0.0369119
7655	7656	0.0369119
7656	7657	0.033843
2893	7657	0.033843
7657	7658	0.0300513
3578	7658	0.0300513
7658	7659	0.0294415
3869	7659	0.0294415
6811	7660	0.0351686
2604	7660	0.0351686
1737	7661	0.0348572
7660	7661	0.0348572
7661	7662	0.0324765
5352	7662	0.0324765
3949	7663	0.0367425
3210	7663	0.0367425
854	7664	0.0322571
351	7664	0.0322571
7663	7665	0.0306739
7664	7665	0.0306739
2277	7666	0.0348788
395	7666	0.0348788
3584	7667	0.0352489
631	7667	0.0352489
4177	7668	0.0384824
5585	7668	0.0384824
2908	7669	0.0343429
7668	7669	0.0343429
464	7670	0.0341957
7669	7670	0.0341957
6712	7671	0.0348014
3049	7671	0.0348014
7671	7672	0.0347989
1572	7672	0.0347989
7672	7673	0.0341699
1253	7673	0.0341699
5373	7674	0.0408487
547	7674	0.0408487
7674	7675	0.0274543
4154	7675	0.0274543
4215	7676	0.0310309
723	7676	0.0310309
2691	7677	0.0294449
838	7677	0.0294449
7677	7678	0.0285159
3311	7678	0.0285159
6744	7679	0.0278169
7678	7679	0.0278169
3414	7680	0.0405091
6756	7680	0.0405091
7680	7681	0.0370069
587	7681	0.0370069
7681	7682	0.0278289
709	7682	0.0278289
3105	7683	0.0408797
643	7683	0.0408797
5358	7684	0.0387505
7683	7684	0.0387505
650	7685	0.0303907
4456	7685	0.0303907
7685	7686	0.0296011
1662	7686	0.0296011
5784	7687	0.0415551
4687	7687	0.0415551
7687	7688	0.0406036
7048	7688	0.0406036
7036	7689	0.0368261
4332	7689	0.0368261
7689	7690	0.0334483
4491	7690	0.0334483
6809	7691	0.0277734
7690	7691	0.0277734
993	7692	0.0339229
828	7692	0.0339229
2944	7693	0.0352249
7010	7693	0.0352249
7693	7694	0.0318414
846	7694	0.0318414
7694	7695	0.030444
3324	7695	0.030444
6839	7696	0.029125
7695	7696	0.029125
5020	7697	0.0280645
7696	7697	0.0280645
1901	7697	0.0280645
863	7698	0.0337061
1252	7698	0.0337061
7698	7699	0.0294175
3357	7699	0.0294175
7699	7700	0.028736
2660	7700	0.028736
4214	7700	0.028736
1407	7701	0.0375085
984	7701	0.0375085
6857	7702	0.0311309
5066	7702	0.0311309
7702	7703	0.0289395
2678	7703	0.0289395
3474	7703	0.0289395
6863	7704	0.0322791
5694	7704	0.0322791
962	7705	0.0350902
5202	7705	0.0350902
1734	7706	0.0331386
1482	7706	0.0331386
7706	7707	0.0279951
974	7707	0.0279951
6897	7708	0.0339035
987	7708	0.0339035
7708	7709	0.0286134
4863	7709	0.0286134
6904	7710	0.0349062
1023	7710	0.0349062
5043	7711	0.0296401
7710	7711	0.0296401
2263	7712	0.0334789
2867	7712	0.0334789
3911	7713	0.0329333
7712	7713	0.0329333
6922	7714	0.0286163
1095	7714	0.0286163
6930	7715	0.0385084
3649	7715	0.0385084
4945	7715	0.0385084
6943	7716	0.0389595
1859	7716	0.0389595
4656	7717	0.031837
7716	7717	0.031837
6947	7718	0.0317026
6948	7718	0.0317026
3987	7719	0.0396591
4221	7719	0.0396591
6974	7719	0.0396591
5200	7720	0.0355196
7719	7720	0.0355196
1541	7721	0.0323749
5671	7721	0.0323749
5547	7722	0.0405119
4761	7722	0.0405119
7721	7723	0.0297237
7722	7723	0.0297237
7723	7724	0.0278142
1982	7724	0.0278142
6980	7725	0.0315878
1563	7725	0.0315878
7725	7726	0.0310717
3215	7726	0.0310717
4923	7727	0.0279859
1645	7727	0.0279859
6987	7728	0.0395069
3501	7728	0.0395069
7728	7729	0.0344907
1708	7729	0.0344907
7729	7730	0.0306606
5220	7730	0.0306606
7730	7731	0.0286813
2240	7731	0.0286813
5933	7732	0.0274533
7731	7732	0.0274533
5341	7733	0.0367029
3680	7733	0.0367029
7042	7734	0.0333786
4306	7734	0.0333786
7734	7735	0.0301007
7046	7735	0.0301007
4114	7736	0.0383071
4857	7736	0.0383071
5256	7737	0.037699
7736	7737	0.037699
7737	7738	0.035357
1817	7738	0.035357
2329	7739	0.0348619
7738	7739	0.0348619
7739	7740	0.0287132
4913	7740	0.0287132
1866	7741	0.0365747
4893	7741	0.0365747
2454	7742	0.038231
3012	7742	0.038231
7742	7743	0.0342015
3376	7743	0.0342015
7743	7744	0.0329452
5872	7744	0.0329452
3757	7745	0.0371371
2450	7745	0.0371371
7031	7746	0.0383553
4859	7746	0.0383553
7039	7747	0.0281597
6045	7747	0.0281597
3498	7748	0.030867
3125	7748	0.030867
3312	7749	0.0398344
4953	7749	0.0398344
5561	7750	0.0387211
5871	7750	0.0387211
7750	7751	0.0358903
5774	7751	0.0358903
5389	7752	0.0269427
2225	7752	0.0269427
7525	7753	0.0265384
7752	7753	0.0265384
7597	7754	0.0270546
7600	7754	0.0270546
7753	7755	0.024565
7754	7755	0.024565
7755	7756	0.0238656
453	7756	0.0238656
4716	7757	0.0236303
7756	7757	0.0236303
6697	7758	0.0266925
1611	7758	0.0266925
396	7759	0.0248802
4125	7759	0.0248802
1936	7760	0.023914
7759	7760	0.023914
7501	7761	0.0264274
1428	7761	0.0264274
1912	7762	0.0252443
7761	7762	0.0252443
7762	7763	0.0247209
5999	7763	0.0247209
7659	7764	0.0265311
2903	7764	0.0265311
7764	7765	0.025988
1647	7765	0.025988
7765	7766	0.0243835
2080	7766	0.0243835
3356	7767	0.0269954
4330	7767	0.0269954
3441	7768	0.0260109
7751	7768	0.0260109
6750	7769	0.0255579
7768	7769	0.0255579
1747	7770	0.0253028
7769	7770	0.0253028
3726	7771	0.0270187
7563	7771	0.0270187
7009	7772	0.0269204
7684	7772	0.0269204
7067	7773	0.0274323
7500	7773	0.0274323
7773	7774	0.0274242
2827	7774	0.0274242
7774	7775	0.0274
5637	7775	0.0274
7775	7776	0.0273849
376	7776	0.0273849
7156	7777	0.0273692
7776	7777	0.0273692
7777	7778	0.0273627
4452	7778	0.0273627
7074	7779	0.0273152
7778	7779	0.0273152
7779	7780	0.0272969
736	7780	0.0272969
2214	7781	0.0271757
7780	7781	0.0271757
7090	7782	0.0271245
7781	7782	0.0271245
7069	7783	0.0270661
7782	7783	0.0270661
478	7783	0.0270661
7505	7784	0.0272093
7520	7784	0.0272093
7783	7785	0.0270527
7784	7785	0.0270527
7785	7786	0.0270328
710	7786	0.0270328
7786	7787	0.0270304
1871	7787	0.0270304
7787	7788	0.0270198
7653	7788	0.0270198
2938	7789	0.0270109
7788	7789	0.0270109
7789	7790	0.0269971
2144	7790	0.0269971
7790	7791	0.0269617
7551	7791	0.0269617
1612	7791	0.0269617
4540	7792	0.0269073
7791	7792	0.0269073
7792	7793	0.0268811
3519	7793	0.0268811
1196	7794	0.0268317
7793	7794	0.0268317
5163	7795	0.0268182
7794	7795	0.0268182
7795	7796	0.0267966
535	7796	0.0267966
7796	7797	0.0267842
7601	7797	0.0267842
7114	7798	0.0267774
7797	7798	0.0267774
423	7798	0.0267774
7798	7799	0.0267646
367	7799	0.0267646
7799	7800	0.026764
879	7800	0.026764
7800	7801	0.0267191
62	7801	0.0267191
7801	7802	0.0267143
5505	7802	0.0267143
7029	7803	0.0266363
7802	7803	0.0266363
7803	7804	0.0266018
4521	7804	0.0266018
7504	7805	0.0265877
7804	7805	0.0265877
7805	7806	0.0265675
462	7806	0.0265675
5931	7807	0.0265522
7806	7807	0.0265522
7107	7808	0.0265455
7807	7808	0.0265455
7808	7809	0.0265425
5820	7809	0.0265425
1979	7810	0.0265321
7809	7810	0.0265321
7810	7811	0.0264806
4034	7811	0.0264806
7811	7812	0.026455
3849	7812	0.026455
7057	7813	0.0264426
7812	7813	0.0264426
7813	7814	0.0264285
3829	7814	0.0264285
7087	7815	0.0264187
7814	7815	0.0264187
4575	7816	0.0263815
7815	7816	0.0263815
7569	7817	0.026471
3951	7817	0.026471
6395	7818	0.0263596
7576	7818	0.0263596
7816	7819	0.0263784
7817	7819	0.0263784
6555	7820	0.0263751
7819	7820	0.0263751
7820	7821	0.0263585
7586	7821	0.0263585
7595	7821	0.0263585
6818	7822	0.0263381
7821	7822	0.0263381
1618	7823	0.0263355
7822	7823	0.0263355
6847	7824	0.0263253
7823	7824	0.0263253
3589	7825	0.0263214
7824	7825	0.0263214
7534	7826	0.0262671
7825	7826	0.0262671
6264	7827	0.0262594
7826	7827	0.0262594
2963	7828	0.0262426
7827	7828	0.0262426
7079	7829	0.0262407
7818	7829	0.0262407
2978	7829	0.0262407
7828	7829	0.0262407
3101	7830	0.0262318
7829	7830	0.0262318
3237	7831	0.0262296
7830	7831	0.0262296
4353	7832	0.0261762
7831	7832	0.0261762
4796	7833	0.0273576
3250	7833	0.0273576
7833	7834	0.0272579
5367	7834	0.0272579
1172	7835	0.0268356
7834	7835	0.0268356
7630	7836	0.0273563
7637	7836	0.0273563
4002	7837	0.0270498
7675	7837	0.0270498
7682	7838	0.0266132
3397	7838	0.0266132
6919	7839	0.0273367
1077	7839	0.0273367
1846	7840	0.026729
5028	7840	0.026729
2644	7841	0.0265826
1881	7841	0.0265826
7832	7842	0.026153
4243	7842	0.026153
852	7843	0.0261416
7842	7843	0.0261416
3031	7844	0.0261146
7843	7844	0.0261146
255	7845	0.0261127
7844	7845	0.0261127
7056	7846	0.0261064
7845	7846	0.0261064
5285	7847	0.0260908
7846	7847	0.0260908
7847	7848	0.0260841
7715	7848	0.0260841
7848	7849	0.0260516
7679	7849	0.0260516
1051	7850	0.0260306
7849	7850	0.0260306
7064	7851	0.0260142
7850	7851	0.0260142
7058	7852	0.0260077
7851	7852	0.0260077
5492	7853	0.0260022
7852	7853	0.0260022
7691	7854	0.0261554
5081	7854	0.0261554
7533	7855	0.0260908
7854	7855	0.0260908
7062	7856	0.0259966
7853	7856	0.0259966
3309	7857	0.0259911
7856	7857	0.0259911
7857	7858	0.0259797
5462	7858	0.0259797
4880	7859	0.0259525
7858	7859	0.0259525
6575	7860	0.0259478
7859	7860	0.0259478
7855	7860	0.0259478
2403	7860	0.0259478
7860	7861	0.0259284
6058	7861	0.0259284
7040	7862	0.0258783
7861	7862	0.0258783
7862	7863	0.0258608
4816	7863	0.0258608
7863	7864	0.0258218
5286	7864	0.0258218
7041	7865	0.0257824
7864	7865	0.0257824
7865	7866	0.0257391
1240	7866	0.0257391
7866	7867	0.0257107
7839	7867	0.0257107
6969	7868	0.0256833
7867	7868	0.0256833
7836	7869	0.0261546
2217	7869	0.0261546
5425	7870	0.0259114
7869	7870	0.0259114
7838	7871	0.0260128
7027	7871	0.0260128
4788	7872	0.0258064
7697	7872	0.0258064
4618	7873	0.025673
7868	7873	0.025673
7873	7874	0.0256577
3782	7874	0.0256577
4649	7875	0.0256509
7874	7875	0.0256509
7875	7876	0.0256477
3328	7876	0.0256477
7119	7877	0.0256135
7876	7877	0.0256135
7726	7877	0.0256135
3110	7878	0.0256107
7877	7878	0.0256107
7878	7879	0.0256052
7871	7879	0.0256052
6748	7880	0.0256339
5207	7880	0.0256339
7879	7881	0.0255956
7837	7881	0.0255956
7772	7882	0.0255738
7881	7882	0.0255738
7872	7882	0.0255738
1301	7883	0.0255528
7882	7883	0.0255528
7883	7884	0.0255212
4325	7884	0.0255212
7884	7885	0.0255165
7841	7885	0.0255165
7885	7886	0.0255075
5640	7886	0.0255075
7886	7887	0.025427
7880	7887	0.025427
7870	7888	0.0256196
4256	7888	0.0256196
7887	7889	0.0254127
7840	7889	0.0254127
7889	7890	0.0254072
144	7890	0.0254072
4438	7891	0.0254042
7890	7891	0.0254042
7891	7892	0.0253442
3168	7892	0.0253442
6614	7893	0.0253316
7892	7893	0.0253316
7893	7894	0.0253199
4254	7894	0.0253199
3765	7895	0.0252918
2926	7895	0.0252918
7628	7896	0.0252804
7894	7896	0.0252804
6547	7897	0.0252736
7896	7897	0.0252736
7888	7898	0.0252499
5267	7898	0.0252499
3302	7898	0.0252499
4113	7899	0.0252396
7897	7899	0.0252396
7835	7899	0.0252396
7898	7899	0.0252396
7899	7900	0.0252287
7895	7900	0.0252287
7900	7901	0.0251903
4261	7901	0.0251903
7901	7902	0.0251798
1347	7902	0.0251798
7606	7903	0.027027
5222	7903	0.027027
471	7904	0.0264438
353	7904	0.0264438
7670	7905	0.0257483
1467	7905	0.0257483
6834	7906	0.0251874
4366	7906	0.0251874
858	7907	0.0258522
2351	7907	0.0258522
927	7908	0.0273461
1452	7908	0.0273461
7908	7909	0.0257704
998	7909	0.0257704
6975	7910	0.0270969
1463	7910	0.0270969
337	7911	0.0251042
7564	7911	0.0251042
2082	7912	0.0244777
7911	7912	0.0244777
1741	7913	0.0246189
7771	7913	0.0246189
168	7914	0.0242693
7905	7914	0.0242693
7902	7915	0.0251693
2052	7915	0.0251693
3470	7915	0.0251693
7915	7916	0.0251103
5611	7916	0.0251103
4377	7917	0.0250958
7916	7917	0.0250958
7917	7918	0.0250782
2792	7918	0.0250782
7918	7919	0.0250425
2114	7919	0.0250425
7061	7920	0.0250182
7919	7920	0.0250182
7539	7921	0.0249825
7920	7921	0.0249825
7921	7922	0.0249711
4915	7922	0.0249711
7116	7923	0.0249561
7922	7923	0.0249561
671	7924	0.0249311
7923	7924	0.0249311
1500	7925	0.0249304
7924	7925	0.0249304
7109	7926	0.0249019
7925	7926	0.0249019
4409	7927	0.0248725
7926	7927	0.0248725
7054	7928	0.0249785
364	7928	0.0249785
7927	7929	0.024872
7928	7929	0.024872
7929	7930	0.0248683
7732	7930	0.0248683
7930	7931	0.0248584
2654	7931	0.0248584
5893	7932	0.0248557
7931	7932	0.0248557
7531	7932	0.0248557
7744	7932	0.0248557
398	7932	0.0248557
7932	7933	0.0247777
3837	7933	0.0247777
7933	7934	0.0247727
5436	7934	0.0247727
1148	7935	0.0247609
7934	7935	0.0247609
7935	7936	0.0247602
2674	7936	0.0247602
7936	7937	0.0247581
3898	7937	0.0247581
7713	7938	0.0247453
7937	7938	0.0247453
2005	7939	0.0247285
7938	7939	0.0247285
7767	7940	0.024702
7939	7940	0.024702
7940	7941	0.0246309
511	7941	0.0246309
2683	7942	0.0250813
7903	7942	0.0250813
7942	7943	0.0247089
7607	7943	0.0247089
5976	7944	0.0246243
7941	7944	0.0246243
7626	7945	0.0246057
7944	7945	0.0246057
7707	7945	0.0246057
7945	7946	0.0245673
5763	7946	0.0245673
7946	7947	0.0245561
820	7947	0.0245561
7947	7948	0.0245398
196	7948	0.0245398
1892	7948	0.0245398
7948	7949	0.0245001
3136	7949	0.0245001
7949	7950	0.0244953
7910	7950	0.0244953
1085	7951	0.0244811
7950	7951	0.0244811
6261	7952	0.0244437
7951	7952	0.0244437
7952	7953	0.0244253
1338	7953	0.0244253
7066	7954	0.0244175
7953	7954	0.0244175
7943	7954	0.0244175
7954	7955	0.0244082
1296	7955	0.0244082
3699	7956	0.0243785
7955	7956	0.0243785
109	7957	0.0243685
7956	7957	0.0243685
1945	7958	0.0243646
7957	7958	0.0243646
3960	7959	0.0243552
7958	7959	0.0243552
7904	7960	0.024338
7959	7960	0.024338
2204	7961	0.0243347
7960	7961	0.0243347
116	7962	0.0242594
7961	7962	0.0242594
4739	7963	0.0242072
7962	7963	0.0242072
4956	7964	0.0241641
7963	7964	0.0241641
5919	7965	0.0241472
7964	7965	0.0241472
726	7966	0.0241377
7965	7966	0.0241377
7966	7967	0.0241269
1419	7967	0.0241269
3426	7967	0.0241269
7907	7968	0.0249995
4825	7968	0.0249995
836	7969	0.0241223
7967	7969	0.0241223
6921	7970	0.0241089
7969	7970	0.0241089
1988	7970	0.0241089
7968	7970	0.0241089
7912	7971	0.0240732
7970	7971	0.0240732
2206	7972	0.0240725
7971	7972	0.0240725
3747	7973	0.0240374
7972	7973	0.0240374
7973	7974	0.0240289
4328	7974	0.0240289
7974	7975	0.024006
5827	7975	0.024006
4705	7976	0.0239973
7975	7976	0.0239973
7770	7977	0.0239898
7976	7977	0.0239898
6511	7978	0.0239639
7977	7978	0.0239639
7978	7979	0.0239342
5034	7979	0.0239342
7913	7980	0.0239094
7979	7980	0.0239094
7980	7981	0.023904
4469	7981	0.023904
4349	7982	0.0238861
7981	7982	0.0238861
7982	7983	0.0238747
7906	7983	0.0238747
7983	7984	0.0238274
3170	7984	0.0238274
7984	7985	0.0238125
69	7985	0.0238125
7053	7986	0.023804
7985	7986	0.023804
3888	7986	0.023804
7986	7987	0.0237978
2455	7987	0.0237978
7987	7988	0.0237843
1821	7988	0.0237843
7988	7989	0.0237727
1223	7989	0.0237727
4703	7989	0.0237727
1234	7990	0.0237649
7989	7990	0.0237649
7037	7991	0.023737
7990	7991	0.023737
7673	7992	0.0240078
5973	7992	0.0240078
7992	7993	0.0238218
1101	7993	0.0238218
1756	7994	0.0237303
7991	7994	0.0237303
7914	7995	0.0237271
7994	7995	0.0237271
6826	7996	0.0237216
7995	7996	0.0237216
7996	7997	0.0236599
7028	7997	0.0236599
4185	7997	0.0236599
7997	7998	0.0236394
4701	7998	0.0236394
7998	7999	0.0236034
193	7999	0.0236034
7999	8000	0.0235916
2347	8000	0.0235916
6870	8001	0.0235786
8000	8001	0.0235786
3071	8002	0.023564
8001	8002	0.023564
8002	8003	0.0235615
3454	8003	0.0235615
7093	8004	0.0235501
7560	8004	0.0235501
8003	8004	0.0235501
8004	8005	0.0235327
7993	8005	0.0235327
2526	8005	0.0235327
7627	8006	0.0235319
8005	8006	0.0235319
7688	8007	0.0235099
8006	8007	0.0235099
2990	8008	0.0235044
8007	8008	0.0235044
6837	8009	0.0234949
8008	8009	0.0234949
8009	8010	0.0234707
7909	8010	0.0234707
8010	8011	0.0234537
887	8011	0.0234537
8011	8012	0.0234497
752	8012	0.0234497
8012	8013	0.0234076
1770	8013	0.0234076
2319	8014	0.0233981
8013	8014	0.0233981
8014	8015	0.023388
7651	8015	0.023388
8015	8016	0.0233345
1610	8016	0.0233345
8016	8017	0.0232973
6031	8017	0.0232973
30	8018	0.0232964
8017	8018	0.0232964
8018	8019	0.0232833
4244	8019	0.0232833
217	8020	0.0260208
33	8020	0.0260208
4318	8021	0.0257268
8020	8021	0.0257268
8021	8022	0.0246765
2769	8022	0.0246765
333	8023	0.024247
8022	8023	0.024247
6431	8024	0.0251165
45	8024	0.0251165
8024	8025	0.024831
4000	8025	0.024831
6507	8026	0.026887
7612	8026	0.026887
7621	8027	0.0263544
1173	8027	0.0263544
8027	8028	0.0260564
3647	8028	0.0260564
7644	8029	0.0242207
250	8029	0.0242207
7652	8030	0.0234374
2635	8030	0.0234374
7665	8031	0.026936
4533	8031	0.026936
3797	8032	0.0256897
370	8032	0.0256897
8032	8033	0.0251874
1920	8033	0.0251874
7666	8034	0.0234833
3358	8034	0.0234833
7676	8035	0.0259745
548	8035	0.0259745
8035	8036	0.024506
1337	8036	0.024506
6814	8037	0.0274248
4536	8037	0.0274248
8037	8038	0.0234335
1987	8038	0.0234335
4621	8039	0.0259265
3558	8039	0.0259265
8039	8040	0.0240939
1241	8040	0.0240939
8040	8041	0.023831
5405	8041	0.023831
7692	8042	0.0245964
7703	8042	0.0245964
3899	8043	0.0248632
7700	8043	0.0248632
7701	8044	0.0259639
3592	8044	0.0259639
8044	8045	0.0254387
6055	8045	0.0254387
7709	8046	0.0234604
4904	8046	0.0234604
8046	8047	0.0233249
4805	8047	0.0233249
6911	8048	0.0233981
7711	8048	0.0233981
3404	8049	0.0239532
5574	8049	0.0239532
1457	8050	0.0237209
7714	8050	0.0237209
1705	8051	0.0241716
7717	8051	0.0241716
2472	8052	0.0249386
3892	8052	0.0249386
2246	8053	0.0260409
7724	8053	0.0260409
8053	8054	0.025696
4205	8054	0.025696
8054	8055	0.024325
4542	8055	0.024325
1579	8056	0.025931
7735	8056	0.025931
7733	8057	0.0270854
1742	8057	0.0270854
4488	8058	0.0243057
7740	8058	0.0243057
7741	8059	0.0242083
3074	8059	0.0242083
5370	8060	0.0260142
2018	8060	0.0260142
7017	8061	0.0240308
2170	8061	0.0240308
4951	8062	0.0274146
3366	8062	0.0274146
3772	8063	0.0252885
4886	8063	0.0252885
7763	8064	0.0231303
8059	8064	0.0231303
1238	8065	0.0222979
8057	8065	0.0222979
490	8066	0.0227223
7757	8066	0.0227223
6810	8067	0.0226249
5633	8067	0.0226249
1839	8068	0.0225418
830	8068	0.0225418
2127	8069	0.0232642
8019	8069	0.0232642
8069	8070	0.0232537
1224	8070	0.0232537
2139	8071	0.0232221
8070	8071	0.0232221
8071	8072	0.0232196
8033	8072	0.0232196
3537	8073	0.0231973
8072	8073	0.0231973
8073	8074	0.023183
8047	8074	0.023183
3545	8075	0.0231684
8074	8075	0.0231684
8075	8076	0.0231618
8048	8076	0.0231618
2998	8076	0.0231618
6592	8077	0.0231472
8076	8077	0.0231472
8077	8078	0.0231428
1914	8078	0.0231428
8078	8079	0.0231367
1643	8079	0.0231367
8079	8080	0.0231112
2953	8080	0.0231112
7705	8081	0.0230806
8080	8081	0.0230806
8061	8082	0.0230684
8081	8082	0.0230684
2783	8082	0.0230684
7746	8083	0.0230582
8082	8083	0.0230582
5572	8084	0.0230359
8083	8084	0.0230359
8084	8085	0.0230353
2216	8085	0.0230353
8085	8086	0.0230315
8036	8086	0.0230315
2473	8086	0.0230315
3526	8086	0.0230315
8086	8087	0.0230123
1555	8087	0.0230123
7080	8088	0.0229962
8087	8088	0.0229962
1363	8089	0.0229861
8088	8089	0.0229861
8089	8090	0.0229709
3396	8090	0.0229709
8090	8091	0.0229674
34	8091	0.0229674
6832	8092	0.0229654
8091	8092	0.0229654
8092	8093	0.0229417
8030	8093	0.0229417
8093	8094	0.0229217
4433	8094	0.0229217
6566	8095	0.0229204
8094	8095	0.0229204
7631	8096	0.0229199
8095	8096	0.0229199
8096	8097	0.0229092
2189	8097	0.0229092
7641	8098	0.0229045
6977	8098	0.0229045
8097	8098	0.0229045
7643	8098	0.0229045
2389	8099	0.023083
580	8099	0.023083
1879	8100	0.0230353
2559	8100	0.0230353
8098	8101	0.0228907
4787	8101	0.0228907
8101	8102	0.0228882
540	8102	0.0228882
8102	8103	0.0228491
7747	8103	0.0228491
8103	8104	0.0228425
3843	8104	0.0228425
8063	8104	0.0228425
8104	8105	0.0228281
86	8105	0.0228281
7157	8106	0.0228137
8105	8106	0.0228137
6831	8107	0.0227768
8106	8107	0.0227768
1703	8108	0.0227746
8107	8108	0.0227746
8108	8109	0.0227656
573	8109	0.0227656
4942	8110	0.0227602
8109	8110	0.0227602
4664	8111	0.0227381
8110	8111	0.0227381
8111	8112	0.022723
275	8112	0.022723
8112	8113	0.0226994
2333	8113	0.0226994
8045	8114	0.0227489
3805	8114	0.0227489
964	8115	0.0227833
2796	8115	0.0227833
7068	8116	0.0226581
8113	8116	0.0226581
6978	8117	0.0226563
8116	8117	0.0226563
6768	8118	0.0226461
8117	8118	0.0226461
8115	8118	0.0226461
4709	8119	0.022609
8118	8119	0.022609
8119	8120	0.0225864
8100	8120	0.0225864
8120	8121	0.0225823
6023	8121	0.0225823
5120	8122	0.02258
8121	8122	0.02258
8122	8123	0.0225496
8114	8123	0.0225496
917	8123	0.0225496
8123	8124	0.0225357
2951	8124	0.0225357
6749	8125	0.0225069
7620	8125	0.0225069
8124	8125	0.0225069
8099	8125	0.0225069
7766	8126	0.0224905
8125	8126	0.0224905
4420	8126	0.0224905
7667	8127	0.0224843
8126	8127	0.0224843
8127	8128	0.0224809
8051	8128	0.0224809
8128	8129	0.0224763
5431	8129	0.0224763
8129	8130	0.0224732
1340	8130	0.0224732
1094	8131	0.0225606
7537	8131	0.0225606
8026	8132	0.0228858
1080	8132	0.0228858
8043	8133	0.0227618
4482	8133	0.0227618
8055	8134	0.0231339
6002	8134	0.0231339
3472	8135	0.0227538
8134	8135	0.0227538
2158	8136	0.0225598
2768	8136	0.0225598
8130	8137	0.0224582
5423	8137	0.0224582
8137	8138	0.0224535
8042	8138	0.0224535
8138	8139	0.0224406
3445	8139	0.0224406
8139	8140	0.0224402
1943	8140	0.0224402
7158	8141	0.0224339
8140	8141	0.0224339
8141	8142	0.0224158
5724	8142	0.0224158
8060	8142	0.0224158
8142	8143	0.022402
996	8143	0.022402
8028	8144	0.0223786
8143	8144	0.0223786
7559	8145	0.0224378
265	8145	0.0224378
8144	8146	0.022373
5781	8146	0.022373
8146	8147	0.0223686
8145	8147	0.0223686
4505	8147	0.0223686
8147	8148	0.0223525
5766	8148	0.0223525
8067	8149	0.0223453
8148	8149	0.0223453
8149	8150	0.0223418
8	8150	0.0223418
134	8150	0.0223418
8136	8150	0.0223418
8150	8151	0.0223386
295	8151	0.0223386
8151	8152	0.0223369
7727	8152	0.0223369
902	8153	0.0223297
71	8153	0.0223297
8152	8153	0.0223297
8153	8154	0.0223197
2761	8154	0.0223197
8154	8155	0.0223189
1976	8155	0.0223189
6514	8156	0.0223081
8155	8156	0.0223081
8156	8157	0.0223058
5984	8157	0.0223058
322	8158	0.0223043
519	8158	0.0223043
8157	8158	0.0223043
8158	8159	0.0222643
2847	8159	0.0222643
7561	8160	0.0222486
8159	8160	0.0222486
26	8160	0.0222486
6920	8161	0.0221704
8160	8161	0.0221704
1838	8162	0.0221948
4638	8162	0.0221948
8161	8163	0.0221637
283	8163	0.0221637
895	8164	0.0221608
8163	8164	0.0221608
8164	8165	0.0221558
4670	8165	0.0221558
7758	8166	0.0221456
8165	8166	0.0221456
1107	8167	0.0221334
8166	8167	0.0221334
2799	8168	0.0221306
8167	8168	0.0221306
8168	8169	0.0221301
4258	8169	0.0221301
8169	8170	0.0220812
8162	8170	0.0220812
8170	8171	0.0220798
772	8171	0.0220798
8049	8172	0.0222866
1026	8172	0.0222866
2680	8173	0.0220789
8171	8173	0.0220789
8066	8174	0.0220776
8173	8174	0.0220776
8132	8174	0.0220776
8174	8175	0.0220597
2016	8175	0.0220597
2331	8176	0.0220501
8175	8176	0.0220501
3580	8177	0.0220486
8176	8177	0.0220486
3001	8178	0.022048
8177	8178	0.022048
8068	8179	0.0220222
8178	8179	0.0220222
8179	8180	0.022001
1061	8180	0.022001
8133	8181	0.0219839
4437	8181	0.0219839
7704	8182	0.0219795
8180	8182	0.0219795
8182	8183	0.021963
2892	8183	0.021963
8183	8184	0.0219539
5578	8184	0.0219539
8184	8185	0.0219225
5543	8185	0.0219225
3089	8186	0.0219165
8185	8186	0.0219165
8186	8187	0.0218896
8131	8187	0.0218896
8181	8187	0.0218896
3000	8187	0.0218896
8187	8188	0.021867
2649	8188	0.021867
8188	8189	0.0218604
589	8189	0.0218604
8025	8190	0.0219682
3333	8190	0.0219682
7006	8191	0.0218593
8189	8191	0.0218593
8191	8192	0.0218238
3202	8192	0.0218238
8192	8193	0.0218036
8190	8193	0.0218036
8193	8194	0.0217846
1087	8194	0.0217846
8172	8194	0.0217846
8194	8195	0.021781
8135	8195	0.021781
8195	8196	0.0217768
1959	8196	0.0217768
7760	8197	0.0217542
8196	8197	0.0217542
3669	8197	0.0217542
2608	8198	0.0217392
8197	8198	0.0217392
8198	8199	0.0217263
1760	8199	0.0217263
3713	8200	0.021725
8199	8200	0.021725
8200	8201	0.0216824
742	8201	0.0216824
1916	8202	0.021682
8201	8202	0.021682
8062	8203	0.0216717
8202	8203	0.0216717
3280	8204	0.0216685
8203	8204	0.0216685
8204	8205	0.0216638
7558	8205	0.0216638
5403	8206	0.0231651
1868	8206	0.0231651
6013	8207	0.0220739
8206	8207	0.0220739
635	8208	0.0230501
6923	8208	0.0230501
231	8208	0.0230501
3640	8209	0.0217285
8029	8209	0.0217285
7745	8210	0.0231997
8034	8210	0.0231997
2253	8211	0.0220968
4888	8211	0.0220968
8211	8212	0.0220156
692	8212	0.0220156
1221	8213	0.0231309
8052	8213	0.0231309
3142	8214	0.0226546
8058	8214	0.0226546
8056	8215	0.0223244
8214	8215	0.0223244
7043	8216	0.0220824
3408	8216	0.0220824
7749	8217	0.0221377
5031	8217	0.0221377
4289	8218	0.0217463
5091	8218	0.0217463
7117	8219	0.0213622
7118	8219	0.0213622
988	8220	0.0216618
8205	8220	0.0216618
4160	8221	0.0216262
8220	8221	0.0216262
8221	8222	0.0216064
8209	8222	0.0216064
4583	8222	0.0216064
8222	8223	0.0216041
5703	8223	0.0216041
3835	8223	0.0216041
8223	8224	0.0215985
1967	8224	0.0215985
8224	8225	0.0215767
3270	8225	0.0215767
8225	8226	0.0215648
5002	8226	0.0215648
6568	8227	0.0215479
8226	8227	0.0215479
8227	8228	0.021545
8217	8228	0.021545
8228	8229	0.0215376
1473	8229	0.0215376
5803	8230	0.0215219
8229	8230	0.0215219
8230	8231	0.0214902
4623	8231	0.0214902
2447	8232	0.0214873
8231	8232	0.0214873
8232	8233	0.0214842
2616	8233	0.0214842
8233	8234	0.0214633
743	8234	0.0214633
8234	8235	0.0214503
2550	8235	0.0214503
8235	8236	0.0214428
8023	8236	0.0214428
3603	8237	0.0214177
8236	8237	0.0214177
6626	8238	0.0214053
8237	8238	0.0214053
2605	8239	0.0213936
8238	8239	0.0213936
8239	8240	0.0213872
327	8240	0.0213872
8240	8241	0.0213745
4133	8241	0.0213745
218	8242	0.0213495
8241	8242	0.0213495
8242	8243	0.0213442
5812	8243	0.0213442
1950	8244	0.0213203
8243	8244	0.0213203
8244	8245	0.0213191
2452	8245	0.0213191
8245	8246	0.0212812
2703	8246	0.0212812
8246	8247	0.0212753
8050	8247	0.0212753
5887	8248	0.0212726
8247	8248	0.0212726
3813	8248	0.0212726
8207	8249	0.021407
106	8249	0.021407
8248	8250	0.0212507
4449	8250	0.0212507
8250	8251	0.0212326
694	8251	0.0212326
8251	8252	0.0212174
507	8252	0.0212174
8252	8253	0.0212126
2069	8253	0.0212126
4124	8254	0.0211802
8253	8254	0.0211802
8254	8255	0.0211584
929	8255	0.0211584
7025	8256	0.0211485
8219	8256	0.0211485
8255	8256	0.0211485
6842	8256	0.0211485
1040	8256	0.0211485
8256	8257	0.0211458
2748	8257	0.0211458
8257	8258	0.0211188
5112	8258	0.0211188
6388	8259	0.0211057
8258	8259	0.0211057
8259	8260	0.0210997
5654	8260	0.0210997
6542	8261	0.021086
8260	8261	0.021086
8261	8262	0.0210683
8216	8262	0.0210683
8065	8263	0.0210675
8262	8263	0.0210675
8249	8264	0.0212241
3115	8264	0.0212241
8041	8265	0.021088
821	8265	0.021088
8263	8266	0.0210581
5424	8266	0.0210581
4076	8267	0.0210552
8266	8267	0.0210552
6627	8268	0.0210434
8267	8268	0.0210434
8064	8269	0.0210373
8268	8269	0.0210373
8269	8270	0.0210068
3509	8270	0.0210068
8031	8271	0.0210047
8270	8271	0.0210047
8210	8272	0.0209918
8271	8272	0.0209918
7030	8273	0.0209894
8264	8273	0.0209894
8272	8274	0.0209724
8273	8274	0.0209724
8274	8275	0.020968
1717	8275	0.020968
8275	8276	0.0209561
2779	8276	0.0209561
8276	8277	0.02094
8265	8277	0.02094
8277	8278	0.0209353
1299	8278	0.0209353
8278	8279	0.0209311
8208	8279	0.0209311
2804	8280	0.0209303
8279	8280	0.0209303
8280	8281	0.0208806
8212	8281	0.0208806
3991	8282	0.020976
220	8282	0.020976
847	8283	0.0216145
5590	8283	0.0216145
8283	8284	0.0212084
2763	8284	0.0212084
7718	8285	0.0212698
1201	8285	0.0212698
8213	8286	0.0212822
1434	8286	0.0212822
7720	8287	0.0215778
7748	8287	0.0215778
5506	8288	0.0215045
3734	8288	0.0215045
8281	8289	0.020873
8287	8289	0.020873
8288	8289	0.020873
8289	8290	0.0208692
4196	8290	0.0208692
8290	8291	0.02085
8286	8291	0.02085
8291	8292	0.0208348
68	8292	0.0208348
8292	8293	0.0207975
5669	8293	0.0207975
651	8294	0.0207718
8293	8294	0.0207718
8294	8295	0.0207601
1251	8295	0.0207601
2489	8296	0.0207461
2593	8296	0.0207461
5742	8296	0.0207461
8295	8296	0.0207461
1826	8297	0.0207296
8296	8297	0.0207296
8297	8298	0.0207283
2793	8298	0.0207283
8298	8299	0.0207108
1983	8299	0.0207108
6838	8300	0.0207005
8299	8300	0.0207005
4743	8301	0.0206701
8300	8301	0.0206701
8301	8302	0.0206692
3615	8302	0.0206692
4895	8302	0.0206692
6019	8303	0.0206682
8302	8303	0.0206682
8303	8304	0.0206604
4041	8304	0.0206604
8304	8305	0.0206557
2746	8305	0.0206557
8305	8306	0.0206396
5477	8306	0.0206396
8306	8307	0.0206335
8282	8307	0.0206335
8307	8308	0.0206328
773	8308	0.0206328
5056	8308	0.0206328
123	8309	0.0206272
8308	8309	0.0206272
905	8309	0.0206272
3457	8310	0.0206115
8309	8310	0.0206115
8284	8311	0.0206108
787	8311	0.0206108
1019	8312	0.0206542
6062	8312	0.0206542
8310	8313	0.0206071
8312	8313	0.0206071
8313	8314	0.0206061
2527	8314	0.0206061
8314	8315	0.0205871
8311	8315	0.0205871
365	8316	0.0205786
8315	8316	0.0205786
8316	8317	0.0205637
5864	8317	0.0205637
1996	8318	0.0205515
8317	8318	0.0205515
2138	8319	0.020551
8318	8319	0.020551
8319	8320	0.0205471
1431	8320	0.0205471
6757	8321	0.0207023
8038	8321	0.0207023
8320	8322	0.0205396
8285	8322	0.0205396
455	8323	0.0205364
8322	8323	0.0205364
7662	8324	0.0205328
8323	8324	0.0205328
8324	8325	0.0205272
5147	8325	0.0205272
8325	8326	0.0205218
2365	8326	0.0205218
8326	8327	0.0205102
1661	8327	0.0205102
8327	8328	0.0204726
1968	8328	0.0204726
7570	8329	0.0204589
6543	8329	0.0204589
8328	8329	0.0204589
8329	8330	0.0204278
5126	8330	0.0204278
8330	8331	0.0204143
4427	8331	0.0204143
8331	8332	0.0203915
934	8332	0.0203915
3893	8333	0.0203817
8332	8333	0.0203817
8333	8334	0.0203732
8215	8334	0.0203732
5551	8334	0.0203732
8334	8335	0.0203687
4725	8335	0.0203687
8335	8336	0.0203503
5053	8336	0.0203503
1323	8337	0.0203489
8336	8337	0.0203489
8321	8338	0.0205183
3800	8338	0.0205183
7686	8339	0.020343
8337	8339	0.020343
1444	8339	0.020343
5963	8339	0.020343
8218	8340	0.020321
8339	8340	0.020321
4362	8341	0.020301
8340	8341	0.020301
4590	8342	0.0202835
8341	8342	0.0202835
8342	8343	0.0202752
7	8343	0.0202752
5411	8344	0.0202638
8343	8344	0.0202638
8344	8345	0.020256
3838	8345	0.020256
8345	8346	0.0202372
2186	8346	0.0202372
2009	8347	0.0202335
8346	8347	0.0202335
8347	8348	0.020196
5054	8348	0.020196
8348	8349	0.0201866
3862	8349	0.0201866
8349	8350	0.0201837
1180	8350	0.0201837
8350	8351	0.0201609
8338	8351	0.0201609
8351	8352	0.0201349
3162	8352	0.0201349
8352	8353	0.020115
935	8353	0.020115
8353	8354	0.0201057
1089	8354	0.0201057
990	8355	0.053318
1000	8355	0.053318
4251	8356	0.0502913
8355	8356	0.0502913
610	8357	0.074957
2020	8357	0.074957
3399	8358	0.024929
8357	8358	0.024929
11	8359	0.103461
5206	8359	0.103461
8359	8360	0.0876701
148	8360	0.0876701
8360	8361	0.0584815
2901	8361	0.0584815
1488	8362	0.0456285
8361	8362	0.0456285
5433	8363	0.0297608
1900	8363	0.0297608
2711	8364	0.0226741
4596	8364	0.0226741
8364	8365	0.0223838
3859	8365	0.0223838
8365	8366	0.0209624
571	8366	0.0209624
2844	8367	0.0221982
5052	8367	0.0221982
597	8368	0.113615
5223	8368	0.113615
60	8369	0.0996432
8368	8369	0.0996432
5114	8370	0.0908617
8369	8370	0.0908617
1553	8371	0.0908039
8370	8371	0.0908039
8371	8372	0.0766738
1956	8372	0.0766738
8372	8373	0.0750064
3516	8373	0.0750064
8373	8374	0.0716665
4797	8374	0.0716665
8374	8375	0.0614384
1720	8375	0.0614384
8375	8376	0.0595925
1113	8376	0.0595925
8376	8377	0.0442765
4997	8377	0.0442765
8377	8378	0.0397556
1514	8378	0.0397556
8378	8379	0.0375606
3412	8379	0.0375606
8379	8380	0.032331
206	8380	0.032331
699	8381	0.0224926
3099	8381	0.0224926
4578	8382	0.173489
5334	8382	0.173489
8382	8383	0.125721
54	8383	0.125721
8383	8384	0.0702102
2856	8384	0.0702102
8384	8385	0.0664066
1951	8385	0.0664066
8385	8386	0.0315718
878	8386	0.0315718
8386	8387	0.0279814
4134	8387	0.0279814
4524	8388	0.0273323
8387	8388	0.0273323
192	8389	0.0766205
27	8389	0.0766205
253	8390	0.0716308
29	8390	0.0716308
8390	8391	0.0549906
3407	8391	0.0549906
1354	8392	0.0356073
340	8392	0.0356073
1503	8393	0.0353574
8392	8393	0.0353574
4999	8394	0.0596294
737	8394	0.0596294
40	8395	0.0605676
406	8395	0.0605676
8395	8396	0.0328541
2040	8396	0.0328541
1835	8397	0.0468193
2912	8397	0.0468193
4719	8398	0.0385464
8397	8398	0.0385464
2535	8399	0.147386
3180	8399	0.147386
8399	8400	0.118785
3941	8400	0.118785
8400	8401	0.100772
5439	8401	0.100772
3751	8402	0.0452857
1793	8402	0.0452857
8402	8403	0.0389862
666	8403	0.0389862
505	8404	0.0274556
8403	8404	0.0274556
8401	8405	0.0251986
8404	8405	0.0251986
8405	8406	0.0233478
416	8406	0.0233478
8406	8407	0.0202131
3234	8407	0.0202131
449	8408	0.105446
740	8408	0.105446
4293	8409	0.10404
51	8409	0.10404
8408	8410	0.0927808
8409	8410	0.0927808
4892	8411	0.0926874
8410	8411	0.0926874
2196	8412	0.0743554
8411	8412	0.0743554
3860	8413	0.0579142
58	8413	0.0579142
2377	8414	0.0259483
4950	8414	0.0259483
72	8415	0.0258109
8414	8415	0.0258109
114	8416	0.0253442
8415	8416	0.0253442
4553	8417	0.329706
230	8417	0.329706
8417	8418	0.0711597
4426	8418	0.0711597
4707	8419	0.0536076
98	8419	0.0536076
8419	8420	0.0460827
4477	8420	0.0460827
8418	8421	0.0344172
3811	8421	0.0344172
8420	8422	0.0337174
8421	8422	0.0337174
5955	8423	0.0380187
748	8423	0.0380187
3552	8424	0.0303647
4121	8424	0.0303647
3873	8425	0.0869008
4666	8425	0.0869008
8425	8426	0.0766399
1595	8426	0.0766399
5623	8427	0.0825677
4770	8427	0.0825677
2100	8428	0.0602226
5616	8428	0.0602226
8426	8429	0.0563261
5663	8429	0.0563261
8429	8430	0.0305719
1688	8430	0.0305719
8428	8431	0.0260422
1242	8431	0.0260422
8431	8432	0.0247003
198	8432	0.0247003
8430	8433	0.023306
1018	8433	0.023306
8432	8434	0.0230848
8433	8434	0.0230848
8427	8435	0.0215352
8434	8435	0.0215352
5793	8436	0.0449798
1825	8436	0.0449798
3547	8437	0.0408313
8436	8437	0.0408313
972	8438	0.0392373
8437	8438	0.0392373
8438	8439	0.0274965
4779	8439	0.0274965
95	8440	0.0265321
1809	8440	0.0265321
1958	8441	0.0236493
8440	8441	0.0236493
3730	8442	0.342019
102	8442	0.342019
3688	8443	0.056226
8442	8443	0.056226
8443	8444	0.0501075
2141	8444	0.0501075
105	8445	0.454118
3823	8445	0.454118
8445	8446	0.15212
1805	8446	0.15212
8446	8447	0.0895875
2220	8447	0.0895875
8447	8448	0.0288669
4073	8448	0.0288669
4116	8449	0.0414399
489	8449	0.0414399
1433	8450	0.0400971
8449	8450	0.0400971
454	8451	0.0399237
8450	8451	0.0399237
2102	8452	0.107759
1598	8452	0.107759
5859	8453	0.193721
3224	8453	0.193721
4977	8454	0.0433517
5834	8454	0.0433517
5293	8455	0.035945
8454	8455	0.035945
3181	8456	0.284555
5143	8456	0.284555
8456	8457	0.0421085
529	8457	0.0421085
977	8458	0.0390428
8457	8458	0.0390428
5175	8459	0.106025
4745	8459	0.106025
3896	8460	0.101428
1468	8460	0.101428
8460	8461	0.0403329
5292	8461	0.0403329
8461	8462	0.0293235
4425	8462	0.0293235
8462	8463	0.0204726
4771	8463	0.0204726
1171	8464	0.0243394
1939	8464	0.0243394
3068	8465	0.0451538
832	8465	0.0451538
8465	8466	0.0230158
2784	8466	0.0230158
3257	8467	0.0559493
2905	8467	0.0559493
3743	8468	0.0245245
3446	8468	0.0245245
5102	8469	0.0403236
1954	8469	0.0403236
8469	8470	0.0231356
3686	8470	0.0231356
5336	8471	0.0382506
3104	8471	0.0382506
2809	8472	0.117597
1002	8472	0.117597
3724	8473	0.114413
8472	8473	0.114413
8473	8474	0.0332323
468	8474	0.0332323
2647	8475	0.390657
139	8475	0.390657
4856	8476	0.141783
152	8476	0.141783
4415	8477	0.0212153
188	8477	0.0212153
2751	8478	0.150705
2828	8478	0.150705
4932	8479	0.0262976
163	8479	0.0262976
4388	8480	0.166676
2970	8480	0.166676
1438	8481	0.1852
2376	8481	0.1852
8481	8482	0.0389279
2557	8482	0.0389279
4835	8483	0.185823
6049	8483	0.185823
8483	8484	0.0682283
171	8484	0.0682283
2092	8485	0.154096
173	8485	0.154096
4126	8486	0.0914127
1675	8486	0.0914127
187	8487	0.124504
1910	8487	0.124504
2007	8488	0.0366476
3742	8488	0.0366476
4731	8489	0.0273387
8488	8489	0.0273387
8489	8490	0.0201003
2520	8490	0.0201003
5096	8491	0.0443408
3133	8491	0.0443408
1406	8492	0.129662
3634	8492	0.129662
8492	8493	0.0654902
2324	8493	0.0654902
366	8494	0.161313
2950	8494	0.161313
8494	8495	0.0849934
1329	8495	0.0849934
5558	8496	0.0736827
2323	8496	0.0736827
8495	8497	0.0509632
3313	8497	0.0509632
5667	8498	0.057124
1519	8498	0.057124
8497	8499	0.0485363
8498	8499	0.0485363
2838	8500	0.0570097
3685	8500	0.0570097
8496	8501	0.0541073
8500	8501	0.0541073
3749	8502	0.0447096
8501	8502	0.0447096
8499	8503	0.0326717
8502	8503	0.0326717
4924	8504	0.0450288
211	8504	0.0450288
5939	8505	0.0347681
8504	8505	0.0347681
1317	8506	0.034345
8505	8506	0.034345
8506	8507	0.0309535
3372	8507	0.0309535
4137	8508	0.0296574
5444	8508	0.0296574
8508	8509	0.0259533
4071	8509	0.0259533
3970	8510	0.0232267
1856	8510	0.0232267
226	8511	0.0904837
5165	8511	0.0904837
8511	8512	0.0683234
3910	8512	0.0683234
2881	8513	0.0468841
8512	8513	0.0468841
1850	8514	0.147128
1308	8514	0.147128
5369	8515	0.508303
5467	8515	0.508303
8515	8516	0.4234
5221	8516	0.4234
8516	8517	0.420132
5896	8517	0.420132
8517	8518	0.0987867
4497	8518	0.0987867
5060	8519	0.143487
8514	8519	0.143487
8518	8520	0.0298855
8519	8520	0.0298855
3853	8521	0.0524092
5205	8521	0.0524092
2974	8522	0.047657
8521	8522	0.047657
5808	8523	0.0403626
8522	8523	0.0403626
8523	8524	0.0374431
1787	8524	0.0374431
8524	8525	0.0312776
2308	8525	0.0312776
3999	8526	0.135222
5674	8526	0.135222
5858	8527	0.0706054
234	8527	0.0706054
2991	8528	0.0280677
2688	8528	0.0280677
238	8529	0.0278663
8528	8529	0.0278663
4931	8530	0.0481599
1142	8530	0.0481599
3453	8531	0.0446275
8530	8531	0.0446275
2984	8532	0.035778
8531	8532	0.035778
8532	8533	0.0214712
3429	8533	0.0214712
4567	8534	0.131039
2597	8534	0.131039
4259	8535	0.108434
8534	8535	0.108434
2964	8536	0.0474308
8535	8536	0.0474308
5964	8537	0.0246373
5586	8537	0.0246373
3109	8538	0.023756
8537	8538	0.023756
8538	8539	0.0218639
1370	8539	0.0218639
4213	8540	0.0532762
2578	8540	0.0532762
3624	8541	0.062921
256	8541	0.062921
263	8542	0.0240958
1880	8542	0.0240958
8542	8543	0.0238792
2272	8543	0.0238792
8543	8544	0.022157
296	8544	0.022157
2165	8545	0.0952724
613	8545	0.0952724
5055	8546	0.0819698
8545	8546	0.0819698
3329	8547	0.159066
281	8547	0.159066
4119	8548	0.0250195
8547	8548	0.0250195
3674	8549	0.124524
284	8549	0.124524
5475	8550	0.06154
5816	8550	0.06154
8550	8551	0.0493073
6025	8551	0.0493073
2350	8552	0.0417751
8551	8552	0.0417751
8552	8553	0.0264537
583	8553	0.0264537
2290	8554	0.0261664
8553	8554	0.0261664
8554	8555	0.024424
528	8555	0.024424
2906	8556	0.0218018
2128	8556	0.0218018
568	8557	0.0406262
5325	8557	0.0406262
3925	8558	0.0286448
2919	8558	0.0286448
5735	8559	0.0650189
6065	8559	0.0650189
2750	8560	0.0572363
8559	8560	0.0572363
4833	8561	0.0365319
1668	8561	0.0365319
8560	8562	0.0563772
3752	8562	0.0563772
3574	8563	0.0415638
8562	8563	0.0415638
8563	8564	0.0287402
2120	8564	0.0287402
8561	8565	0.0221241
8564	8565	0.0221241
8565	8566	0.0215882
4585	8566	0.0215882
8566	8567	0.0209754
5846	8567	0.0209754
5959	8568	0.0379524
326	8568	0.0379524
329	8569	0.0912683
420	8569	0.0912683
1812	8570	0.0364816
2157	8570	0.0364816
3094	8571	0.0293884
891	8571	0.0293884
5466	8572	0.027214
8571	8572	0.027214
2058	8573	0.0249402
8572	8573	0.0249402
2493	8574	0.0234374
8573	8574	0.0234374
8574	8575	0.0228043
946	8575	0.0228043
2523	8576	0.0729239
2062	8576	0.0729239
357	8577	0.0823772
2900	8577	0.0823772
2537	8578	0.126353
5728	8578	0.126353
8578	8579	0.0716378
361	8579	0.0716378
369	8580	0.0794955
2469	8580	0.0794955
3057	8581	0.0788712
8580	8581	0.0788712
4038	8582	0.0272083
809	8582	0.0272083
5451	8583	0.0220702
8582	8583	0.0220702
4483	8584	0.204186
380	8584	0.204186
386	8585	0.146357
4697	8585	0.146357
3930	8586	0.0326666
4868	8586	0.0326666
4017	8587	0.133765
2442	8587	0.133765
2941	8588	0.0234307
1619	8588	0.0234307
3480	8589	0.107824
3037	8589	0.107824
8589	8590	0.0998149
409	8590	0.0998149
3198	8591	0.0902387
8590	8591	0.0902387
8591	8592	0.0573173
3601	8592	0.0573173
4446	8593	0.138614
4979	8593	0.138614
419	8594	0.0660298
2806	8594	0.0660298
2084	8595	0.0492457
3379	8595	0.0492457
433	8596	0.120126
1314	8596	0.120126
436	8597	0.0730125
4147	8597	0.0730125
5372	8598	0.0662875
8597	8598	0.0662875
3144	8599	0.056083
8598	8599	0.056083
2542	8600	0.0465124
8599	8600	0.0465124
3672	8601	0.0440266
8600	8601	0.0440266
2788	8602	0.142696
4993	8602	0.142696
8602	8603	0.132655
4396	8603	0.132655
440	8604	0.0980622
472	8604	0.0980622
1217	8605	0.0258819
810	8605	0.0258819
447	8606	0.0205459
8605	8606	0.0205459
5789	8607	0.0205068
8606	8607	0.0205068
6043	8608	0.199297
2840	8608	0.199297
8608	8609	0.0981228
4302	8609	0.0981228
3795	8610	0.0930903
8609	8610	0.0930903
4737	8611	0.048898
2474	8611	0.048898
4661	8612	0.0201255
8611	8612	0.0201255
4094	8613	0.0334091
913	8613	0.0334091
2524	8614	0.0449429
3409	8614	0.0449429
856	8615	0.035518
473	8615	0.035518
1127	8616	0.0343456
8615	8616	0.0343456
1395	8617	0.0228546
479	8617	0.0228546
3555	8618	0.0461278
480	8618	0.0461278
911	8619	0.0423497
496	8619	0.0423497
1344	8620	0.0254772
3905	8620	0.0254772
517	8621	0.0250663
8620	8621	0.0250663
2031	8622	0.611022
6074	8622	0.611022
1691	8623	0.0538818
4272	8623	0.0538818
1800	8624	0.0530956
8623	8624	0.0530956
8624	8625	0.0516601
2677	8625	0.0516601
8625	8626	0.0481944
3610	8626	0.0481944
8626	8627	0.0406134
533	8627	0.0406134
8627	8628	0.0339519
4046	8628	0.0339519
6067	8629	0.0263174
2038	8629	0.0263174
4617	8630	0.0236465
8629	8630	0.0236465
2885	8631	0.0954591
4896	8631	0.0954591
706	8632	0.0421675
5406	8632	0.0421675
4552	8633	0.0411192
8632	8633	0.0411192
8631	8634	0.0352642
8633	8634	0.0352642
5340	8635	0.0294087
8634	8635	0.0294087
4345	8636	0.0262442
8635	8636	0.0262442
3723	8637	0.025512
8636	8637	0.025512
3478	8638	0.0745112
3569	8638	0.0745112
2961	8639	0.0376304
3107	8639	0.0376304
3209	8640	0.0991266
1010	8640	0.0991266
4906	8641	0.0218306
5142	8641	0.0218306
1451	8642	0.020109
8641	8642	0.020109
5731	8643	0.219862
2066	8643	0.219862
4762	8644	0.0568777
4227	8644	0.0568777
8644	8645	0.0546451
5695	8645	0.0546451
1033	8646	0.0456688
8645	8646	0.0456688
8646	8647	0.033794
2939	8647	0.033794
8647	8648	0.0232241
3975	8648	0.0232241
8648	8649	0.0223344
840	8649	0.0223344
8643	8650	0.0222227
8649	8650	0.0222227
8650	8651	0.0220184
3462	8651	0.0220184
8651	8652	0.0201178
4220	8652	0.0201178
843	8653	0.0774783
4358	8653	0.0774783
2280	8654	0.0640851
4056	8654	0.0640851
4645	8655	0.0297357
2803	8655	0.0297357
8655	8656	0.020111
550	8656	0.020111
2070	8657	0.0525734
3131	8657	0.0525734
4819	8658	0.15079
2398	8658	0.15079
8658	8659	0.0445011
4183	8659	0.0445011
3061	8660	0.105404
869	8660	0.105404
2976	8661	0.0220959
3613	8661	0.0220959
5900	8662	0.139519
5619	8662	0.139519
813	8663	0.092374
5745	8663	0.092374
8662	8664	0.0872609
5911	8664	0.0872609
8664	8665	0.0552487
5618	8665	0.0552487
8663	8666	0.0287652
8665	8666	0.0287652
5274	8667	0.141894
3248	8667	0.141894
8667	8668	0.117192
2256	8668	0.117192
4777	8669	0.0801727
2572	8669	0.0801727
8669	8670	0.0735984
2496	8670	0.0735984
8670	8671	0.0214348
8668	8671	0.0214348
4905	8672	0.205801
4297	8672	0.205801
5012	8673	0.0478745
4068	8673	0.0478745
2113	8674	0.457205
672	8674	0.457205
3500	8675	0.0301074
881	8675	0.0301074
674	8676	0.0748099
3342	8676	0.0748099
8676	8677	0.0356718
1006	8677	0.0356718
3122	8678	0.0707741
5178	8678	0.0707741
684	8679	0.044682
3240	8679	0.044682
700	8680	0.0426955
5915	8680	0.0426955
5300	8681	0.0568576
4902	8681	0.0568576
5072	8682	0.0431043
5019	8682	0.0431043
3205	8683	0.0270187
3386	8683	0.0270187
755	8684	0.0619301
2356	8684	0.0619301
1991	8685	0.0253583
1461	8685	0.0253583
8685	8686	0.0208713
1832	8686	0.0208713
770	8687	0.0353358
5042	8687	0.0353358
8687	8688	0.0311874
1228	8688	0.0311874
8688	8689	0.0282063
4821	8689	0.0282063
1262	8690	0.0524727
5664	8690	0.0524727
5666	8691	0.0521879
8690	8691	0.0521879
3952	8692	0.020976
5371	8692	0.020976
2601	8693	0.105902
5679	8693	0.105902
1630	8694	0.0263596
1719	8694	0.0263596
2043	8695	0.0684713
4384	8695	0.0684713
873	8696	0.0503527
3411	8696	0.0503527
888	8697	0.0717839
1807	8697	0.0717839
3877	8698	0.223852
4641	8698	0.223852
5204	8699	0.0545701
5289	8699	0.0545701
8699	8700	0.0517693
1828	8700	0.0517693
8700	8701	0.028432
4958	8701	0.028432
3962	8701	0.028432
4635	8702	0.0202578
1964	8702	0.0202578
2975	8703	0.105197
928	8703	0.105197
5490	8704	0.0781143
8703	8704	0.0781143
930	8705	0.0288145
5992	8705	0.0288145
2531	8706	0.0880739
2418	8706	0.0880739
3167	8707	0.110117
3377	8707	0.110117
8707	8708	0.0429226
958	8708	0.0429226
1915	8709	0.0363212
3343	8709	0.0363212
4949	8710	0.113594
985	8710	0.113594
3347	8711	0.0489574
1004	8711	0.0489574
5796	8712	0.0220982
2747	8712	0.0220982
4944	8713	0.0389368
1944	8713	0.0389368
8713	8714	0.02377
5228	8714	0.02377
1120	8715	0.0202417
5189	8715	0.0202417
1442	8716	0.04024
5359	8716	0.04024
3848	8717	0.0238298
1539	8717	0.0238298
8717	8718	0.021703
1190	8718	0.021703
3378	8719	0.0700756
2271	8719	0.0700756
8719	8720	0.0240869
1214	8720	0.0240869
2766	8721	0.36389
4692	8721	0.36389
8721	8722	0.297252
5195	8722	0.297252
2475	8723	0.056652
4610	8723	0.056652
3611	8724	0.0237418
2437	8724	0.0237418
2321	8725	0.116322
1260	8725	0.116322
5625	8726	0.0914415
1269	8726	0.0914415
1278	8727	0.285361
3318	8727	0.285361
1418	8728	0.161216
1302	8728	0.161216
3017	8729	0.0595886
5339	8729	0.0595886
3317	8730	0.0202131
2889	8730	0.0202131
1343	8731	0.233551
2247	8731	0.233551
6017	8732	0.0972413
1389	8732	0.0972413
8732	8733	0.0923078
3582	8733	0.0923078
2745	8734	0.0790607
8733	8734	0.0790607
2342	8735	0.0211726
1417	8735	0.0211726
1422	8736	0.0962535
3833	8736	0.0962535
6028	8737	0.0201925
5007	8737	0.0201925
3185	8738	0.054601
1512	8738	0.054601
1561	8739	0.125063
4030	8739	0.125063
8739	8740	0.0270823
8738	8740	0.0270823
2902	8741	0.135548
5509	8741	0.135548
2072	8742	0.13297
1527	8742	0.13297
1891	8743	0.267618
1536	8743	0.267618
3381	8744	0.130002
1575	8744	0.130002
3274	8745	0.133459
3863	8745	0.133459
4919	8746	0.0284095
8745	8746	0.0284095
5545	8747	0.0576565
1603	8747	0.0576565
5517	8748	0.0737064
1676	8748	0.0737064
1687	8749	0.0723494
5136	8749	0.0723494
1699	8750	0.0463105
2923	8750	0.0463105
1732	8751	0.109472
2657	8751	0.109472
1775	8752	0.392114
3060	8752	0.392114
2686	8752	0.392114
5005	8753	0.0240389
3075	8753	0.0240389
1947	8754	0.0250304
1924	8754	0.0250304
3334	8755	0.229006
1989	8755	0.229006
4066	8756	0.327224
2010	8756	0.327224
5118	8757	0.263295
2034	8757	0.263295
4934	8758	0.219317
8757	8758	0.219317
4957	8759	0.109517
3019	8759	0.109517
5936	8760	0.0987491
8759	8760	0.0987491
2071	8761	0.0259819
5937	8761	0.0259819
3879	8762	0.0243894
2911	8762	0.0243894
5799	8763	0.0772046
2088	8763	0.0772046
5788	8764	0.0768795
8763	8764	0.0768795
4780	8765	0.0812442
4798	8765	0.0812442
2137	8766	0.0220156
4742	8766	0.0220156
2147	8767	0.0406792
3041	8767	0.0406792
2173	8768	0.107848
4465	8768	0.107848
3825	8769	0.0294186
2513	8769	0.0294186
2878	8770	0.323997
3626	8770	0.323997
5721	8771	0.220391
5787	8771	0.220391
8771	8772	0.16872
5416	8772	0.16872
4723	8773	0.0512067
2850	8773	0.0512067
2872	8774	0.128138
4265	8774	0.128138
2453	8775	0.116709
8774	8775	0.116709
8775	8776	0.0900119
4305	8776	0.0900119
2470	8777	0.128687
4246	8777	0.128687
4268	8777	0.128687
5698	8777	0.128687
2632	8778	0.061023
4193	8778	0.061023
5375	8779	0.0626593
3689	8779	0.0626593
3009	8780	0.0281441
4281	8780	0.0281441
5270	8781	0.0741486
3042	8781	0.0741486
3165	8782	0.0318049
5870	8782	0.0318049
3605	8783	0.157812
3364	8783	0.157812
3690	8784	0.0672402
5853	8784	0.0672402
6072	8785	0.132384
3635	8785	0.132384
3636	8786	0.152196
3847	8786	0.152196
5169	8787	0.193948
3676	8787	0.193948
4206	8788	0.0275944
4903	8788	0.0275944
5349	8789	0.0214128
8788	8789	0.0214128
4296	8790	0.0288138
4247	8790	0.0288138
4543	8791	0.048419
4290	8791	0.048419
4855	8792	0.388639
4800	8792	0.388639
5160	8793	0.110627
4853	8793	0.110627
5860	8794	0.0653475
4901	8794	0.0653475
5307	8795	0.130186
5272	8795	0.130186
5569	8796	0.0253679
5817	8796	0.0253679
3493	8797	0.0135272
6138	8797	0.0135272
6105	8798	0.0115134
1882	8798	0.0115134
8798	8799	0.0113348
8789	8799	0.0113348
4828	8800	0.0114994
506	8800	0.0114994
8800	8801	0.00896068
8799	8801	0.00896068
8659	8802	0.00927445
1885	8802	0.00927445
2146	8803	0.0150737
8614	8803	0.0150737
4157	8804	0.0116977
5214	8804	0.0116977
4838	8805	0.0170867
4476	8805	0.0170867
1105	8806	0.00883475
8581	8806	0.00883475
4028	8807	0.0137607
4803	8807	0.0137607
943	8808	0.0187682
3586	8808	0.0187682
8526	8809	0.0111239
2384	8809	0.0111239
459	8810	0.0104418
3241	8810	0.0104418
2869	8811	0.0119877
8726	8811	0.0119877
1133	8812	0.00924396
1510	8812	0.00924396
8546	8813	0.00896263
268	8813	0.00896263
2611	8814	0.0129395
790	8814	0.0129395
2296	8815	0.0100175
3745	8815	0.0100175
3777	8816	0.0102051
3490	8816	0.0102051
5010	8817	0.017912
2907	8817	0.017912
1518	8818	0.0147612
4685	8818	0.0147612
3227	8819	0.0137947
8735	8819	0.0137947
8819	8820	0.0122176
1015	8820	0.0122176
32	8821	0.0141251
4894	8821	0.0141251
4026	8822	0.0100901
8821	8822	0.0100901
3691	8823	0.0162725
8585	8823	0.0162725
978	8824	0.0173912
3822	8824	0.0173912
1069	8825	0.00862877
5329	8825	0.00862877
5682	8826	0.0122518
5603	8826	0.0122518
5318	8827	0.0102243
3748	8827	0.0102243
961	8828	0.0115435
1689	8828	0.0115435
6076	8829	0.0180598
6077	8829	0.0180598
6178	8830	0.014022
1191	8830	0.014022
8458	8831	0.0187312
1226	8831	0.0187312
8831	8832	0.0177023
477	8832	0.0177023
6193	8833	0.0167588
5809	8833	0.0167588
701	8834	0.013234
442	8834	0.013234
1922	8835	0.013177
8834	8835	0.013177
3051	8836	0.0185684
1097	8836	0.0185684
8836	8837	0.0163949
5705	8837	0.0163949
93	8838	0.0142596
8746	8838	0.0142596
2547	8839	0.0159951
6224	8839	0.0159951
4397	8840	0.0190077
3062	8840	0.0190077
8840	8841	0.0156669
3623	8841	0.0156669
2846	8842	0.0195959
3262	8842	0.0195959
6073	8843	0.0159541
3254	8843	0.0159541
5868	8844	0.0169639
5230	8844	0.0169639
3701	8845	0.0171699
4672	8845	0.0171699
5317	8846	0.0173861
6248	8846	0.0173861
5953	8847	0.0171558
4772	8847	0.0171558
3790	8848	0.0176333
8715	8848	0.0176333
4744	8849	0.0162787
8673	8849	0.0162787
2480	8850	0.0196419
6127	8850	0.0196419
5898	8851	0.0179109
8666	8851	0.0179109
1897	8852	0.0189902
2336	8852	0.0189902
8525	8853	0.0182473
3385	8853	0.0182473
892	8854	0.0199981
8712	8854	0.0199981
6230	8855	0.0194129
10	8855	0.0194129
240	8856	0.0191496
8855	8856	0.0191496
5470	8857	0.0200677
8354	8857	0.0200677
8857	8858	0.0200615
8435	8858	0.0200615
8858	8859	0.020045
1119	8859	0.020045
4408	8860	0.0200437
8859	8860	0.0200437
8860	8861	0.0200424
278	8861	0.0200424
8567	8861	0.0200424
2107	8861	0.0200424
8861	8862	0.0200359
414	8862	0.0200359
2121	8863	0.0199981
8862	8863	0.0199981
6026	8864	0.0199921
8863	8864	0.0199921
8864	8865	0.0199632
4569	8865	0.0199632
8865	8866	0.0199616
8737	8866	0.0199616
5287	8867	0.0199477
8866	8867	0.0199477
8867	8868	0.0199449
4347	8868	0.0199449
3123	8869	0.0199031
8868	8869	0.0199031
1633	8870	0.0198995
8869	8870	0.0198995
1167	8870	0.0198995
8870	8871	0.0198721
3716	8871	0.0198721
8871	8872	0.0198621
5414	8872	0.0198621
8872	8873	0.0198553
829	8873	0.0198553
8873	8874	0.0198337
5083	8874	0.0198337
8874	8875	0.01981
3465	8875	0.01981
8875	8876	0.019808
2580	8876	0.019808
8876	8877	0.0197964
2778	8877	0.0197964
8877	8878	0.0197934
5592	8878	0.0197934
8878	8879	0.0197884
4530	8879	0.0197884
1295	8880	0.0197777
8879	8880	0.0197777
2648	8881	0.0197567
8880	8881	0.0197567
8642	8881	0.0197567
8881	8882	0.0197456
536	8882	0.0197456
8882	8883	0.0197352
2574	8883	0.0197352
8883	8884	0.0197311
5128	8884	0.0197311
8884	8885	0.0197138
4556	8885	0.0197138
4179	8886	0.0197097
8885	8886	0.0197097
8886	8887	0.0197064
452	8887	0.0197064
2586	8888	0.0197037
8887	8888	0.0197037
2361	8889	0.0196998
8888	8889	0.0196998
3840	8890	0.0196704
8889	8890	0.0196704
6255	8891	0.0196401
8890	8891	0.0196401
3290	8892	0.0196161
8891	8892	0.0196161
1409	8893	0.0195599
8892	8893	0.0195599
8893	8894	0.0195501
8466	8894	0.0195501
6250	8895	0.0195454
8894	8895	0.0195454
5512	8896	0.019539
8895	8896	0.019539
8896	8897	0.0195382
190	8897	0.0195382
8897	8898	0.0195349
604	8898	0.0195349
8898	8899	0.0195216
8533	8899	0.0195216
1486	8899	0.0195216
2854	8900	0.0195147
8899	8900	0.0195147
8484	8901	0.0195037
8900	8901	0.0195037
8901	8902	0.0195005
1387	8902	0.0195005
3139	8903	0.0194959
8902	8903	0.0194959
2936	8904	0.0194753
8903	8904	0.0194753
8904	8905	0.0194606
43	8905	0.0194606
8905	8906	0.0194519
4773	8906	0.0194519
8906	8907	0.01945
3778	8907	0.01945
8907	8908	0.0194464
5238	8908	0.0194464
100	8909	0.0194354
8908	8909	0.0194354
8909	8910	0.0194301
324	8910	0.0194301
8910	8911	0.0194286
1078	8911	0.0194286
6237	8912	0.0194214
8911	8912	0.0194214
1009	8913	0.019412
8912	8913	0.019412
8913	8914	0.0193919
4760	8914	0.0193919
5148	8915	0.0193721
8914	8915	0.0193721
1336	8916	0.0197724
2707	8916	0.0197724
1811	8917	0.0193574
8915	8917	0.0193574
2602	8918	0.0193364
8917	8918	0.0193364
8918	8919	0.0193246
1634	8919	0.0193246
8919	8920	0.0193224
5750	8920	0.0193224
6168	8921	0.0193038
8920	8921	0.0193038
8921	8922	0.0193024
4242	8922	0.0193024
8922	8923	0.0193012
308	8923	0.0193012
8923	8924	0.019293
8381	8924	0.019293
2776	8924	0.019293
8924	8925	0.019228
3097	8925	0.019228
8925	8926	0.0192232
4965	8926	0.0192232
6209	8927	0.0192133
8926	8927	0.0192133
8927	8928	0.0191965
8656	8928	0.0191965
2498	8928	0.0191965
8928	8929	0.0191915
3559	8929	0.0191915
5430	8930	0.0191897
8929	8930	0.0191897
8930	8931	0.0191813
5531	8931	0.0191813
8931	8932	0.0191631
2017	8932	0.0191631
8932	8933	0.0191534
5926	8933	0.0191534
8933	8934	0.0191477
4011	8934	0.0191477
8934	8935	0.0191451
4565	8935	0.0191451
2924	8936	0.0191428
8935	8936	0.0191428
967	8937	0.0191385
8936	8937	0.0191385
8937	8938	0.0191353
5048	8938	0.0191353
8938	8939	0.0191343
3997	8939	0.0191343
5835	8939	0.0191343
3321	8940	0.0191151
8939	8940	0.0191151
8507	8941	0.0191075
8940	8941	0.0191075
3964	8941	0.0191075
8941	8942	0.0191018
133	8942	0.0191018
8942	8943	0.0190876
5263	8943	0.0190876
6154	8944	0.0190833
8943	8944	0.0190833
6239	8945	0.0190687
8944	8945	0.0190687
2767	8945	0.0190687
6115	8946	0.0190436
8945	8946	0.0190436
6221	8947	0.0190373
8946	8947	0.0190373
3285	8948	0.0190323
8947	8948	0.0190323
8948	8949	0.0190247
3936	8949	0.0190247
8949	8950	0.0190217
1521	8950	0.0190217
8950	8951	0.0190144
3393	8951	0.0190144
3243	8952	0.0190077
8951	8952	0.0190077
5421	8953	0.0190036
8952	8953	0.0190036
1436	8953	0.0190036
6112	8954	0.018964
8953	8954	0.018964
6182	8955	0.0189366
8954	8955	0.0189366
8955	8956	0.0189339
537	8956	0.0189339
305	8957	0.0189327
8956	8957	0.0189327
8957	8958	0.0189142
3947	8958	0.0189142
5800	8959	0.0189017
8958	8959	0.0189017
2706	8960	0.0188989
8959	8960	0.0188989
8960	8961	0.0188957
5604	8961	0.0188957
8961	8962	0.0188931
3424	8962	0.0188931
8962	8963	0.0188885
4255	8963	0.0188885
3909	8964	0.0188866
8963	8964	0.0188866
6131	8965	0.0188785
8964	8965	0.0188785
3653	8966	0.0188701
8965	8966	0.0188701
8966	8967	0.0188553
1225	8967	0.0188553
8967	8968	0.0188475
2412	8968	0.0188475
3288	8969	0.0188466
8968	8969	0.0188466
1011	8970	0.0188408
8969	8970	0.0188408
3255	8971	0.0188312
8970	8971	0.0188312
8971	8972	0.0188103
8916	8972	0.0188103
1554	8973	0.0188006
8972	8973	0.0188006
8973	8974	0.0187969
4352	8974	0.0187969
8974	8975	0.018795
1333	8975	0.018795
8975	8976	0.0187908
8661	8976	0.0187908
1710	8977	0.0197171
8366	8977	0.0197171
8677	8978	0.0187837
5151	8978	0.0187837
8976	8979	0.0187827
3325	8979	0.0187827
8979	8980	0.0187655
5962	8980	0.0187655
2087	8980	0.0187655
6258	8981	0.0187606
8980	8981	0.0187606
8981	8982	0.0187562
5168	8982	0.0187562
8982	8983	0.0187395
4881	8983	0.0187395
8983	8984	0.0187369
3488	8984	0.0187369
3861	8985	0.0187194
8984	8985	0.0187194
1782	8986	0.0187137
8985	8986	0.0187137
8986	8987	0.0187026
4508	8987	0.0187026
8856	8988	0.0187016
8987	8988	0.0187016
8988	8989	0.0186989
2401	8989	0.0186989
176	8990	0.0186972
8989	8990	0.0186972
3476	8991	0.0186901
8990	8991	0.0186901
8991	8992	0.0186892
1714	8992	0.0186892
8992	8993	0.018672
2932	8993	0.018672
8993	8994	0.0186615
8363	8994	0.0186615
8977	8994	0.0186615
3140	8994	0.0186615
3642	8995	0.0186519
1542	8995	0.0186519
8994	8995	0.0186519
8995	8996	0.0186495
5018	8996	0.0186495
8996	8997	0.0186436
8978	8997	0.0186436
6192	8998	0.01863
8997	8998	0.01863
8998	8999	0.0186042
1112	8999	0.0186042
6220	9000	0.0185977
8999	9000	0.0185977
9000	9001	0.0185824
8694	9001	0.0185824
9001	9002	0.0185795
2448	9002	0.0185795
9002	9003	0.0185689
292	9003	0.0185689
2789	9004	0.0185642
3156	9004	0.0185642
5856	9004	0.0185642
9003	9004	0.0185642
9004	9005	0.0185579
2718	9005	0.0185579
4663	9006	0.0185547
9005	9006	0.0185547
2848	9007	0.0185622
2160	9007	0.0185622
9006	9008	0.0185536
2411	9008	0.0185536
1505	9009	0.0185356
9008	9009	0.0185356
9009	9010	0.0185344
5775	9010	0.0185344
6008	9011	0.0185319
9010	9011	0.0185319
9007	9011	0.0185319
9011	9012	0.0185299
6051	9012	0.0185299
6166	9013	0.0185166
9012	9013	0.0185166
849	9014	0.0185112
9013	9014	0.0185112
9014	9015	0.0185088
5504	9015	0.0185088
9015	9016	0.0184954
104	9016	0.0184954
1178	9016	0.0184954
5909	9016	0.0184954
562	9017	0.0184834
9016	9017	0.0184834
1903	9018	0.0184817
9017	9018	0.0184817
5501	9019	0.018461
9018	9019	0.018461
9019	9020	0.0184286
4547	9020	0.0184286
9020	9021	0.0184222
8730	9021	0.0184222
9021	9022	0.0184184
2697	9022	0.0184184
9022	9023	0.0183889
3625	9023	0.0183889
3291	9024	0.0183828
9023	9024	0.0183828
9024	9025	0.0183791
1140	9025	0.0183791
5145	9026	0.0183761
9025	9026	0.0183761
4249	9027	0.0183677
9026	9027	0.0183677
5756	9027	0.0183677
91	9028	0.0183639
9027	9028	0.0183639
5108	9029	0.0183554
9028	9029	0.0183554
9029	9030	0.0183488
4527	9030	0.0183488
9030	9031	0.0183469
5786	9031	0.0183469
824	9032	0.0183383
9031	9032	0.0183383
1664	9033	0.0183268
9032	9033	0.0183268
9033	9034	0.018316
3147	9034	0.018316
9034	9035	0.0182771
5797	9035	0.0182771
5560	9036	0.0182559
9035	9036	0.0182559
9036	9037	0.0182457
5022	9037	0.0182457
9037	9038	0.018242
2723	9038	0.018242
9038	9039	0.0182406
391	9039	0.0182406
9039	9040	0.0182365
1013	9040	0.0182365
9040	9041	0.0182342
784	9041	0.0182342
9041	9042	0.018221
5376	9042	0.018221
5677	9043	0.0182077
9042	9043	0.0182077
9043	9044	0.0182035
2704	9044	0.0182035
9044	9045	0.0181978
3300	9045	0.0181978
9045	9046	0.0181964
8720	9046	0.0181964
9046	9047	0.0181884
204	9047	0.0181884
2724	9048	0.0181856
9047	9048	0.0181856
6233	9049	0.0181759
9048	9049	0.0181759
9049	9050	0.0181653
4317	9050	0.0181653
145	9051	0.0181581
9050	9051	0.0181581
9051	9052	0.0181457
1686	9052	0.0181457
1827	9053	0.0181227
9052	9053	0.0181227
9053	9054	0.0181058
3053	9054	0.0181058
9054	9055	0.0180948
5670	9055	0.0180948
9055	9056	0.0180876
2181	9056	0.0180876
6241	9057	0.0180865
9056	9057	0.0180865
9057	9058	0.0180717
3401	9058	0.0180717
9058	9059	0.0180678
5739	9059	0.0180678
9059	9060	0.0180665
8356	9060	0.0180665
5374	9060	0.0180665
9060	9061	0.0180553
5449	9061	0.0180553
8455	9062	0.0182049
1044	9062	0.0182049
9061	9063	0.0180397
4720	9063	0.0180397
855	9064	0.0180378
9063	9064	0.0180378
9064	9065	0.0180238
827	9065	0.0180238
6244	9066	0.0180101
9065	9066	0.0180101
3945	9067	0.0180035
9066	9067	0.0180035
9067	9068	0.0179968
3423	9068	0.0179968
2638	9069	0.0179828
9068	9069	0.0179828
9069	9070	0.0179595
9062	9070	0.0179595
164	9071	0.017932
9070	9071	0.017932
6207	9072	0.0179236
9071	9072	0.0179236
2851	9073	0.0179204
9072	9073	0.0179204
9073	9074	0.0179109
1443	9074	0.0179109
2444	9075	0.0178966
9074	9075	0.0178966
9075	9076	0.0178948
3652	9076	0.0178948
9076	9077	0.0178881
4668	9077	0.0178881
9077	9078	0.0178585
1997	9078	0.0178585
4531	9079	0.0178374
9078	9079	0.0178374
9079	9080	0.0178307
488	9080	0.0178307
9080	9081	0.0178283
5970	9081	0.0178283
1796	9081	0.0178283
4322	9081	0.0178283
9081	9082	0.0178104
3773	9082	0.0178104
9082	9083	0.0178095
1243	9083	0.0178095
2930	9084	0.0177992
9083	9084	0.0177992
3236	9085	0.0177982
9084	9085	0.0177982
6200	9086	0.0177952
9085	9086	0.0177952
120	9087	0.0177909
9086	9087	0.0177909
9087	9088	0.0177727
837	9088	0.0177727
9088	9089	0.0177526
3801	9089	0.0177526
9089	9090	0.0177498
5615	9090	0.0177498
9090	9091	0.0177373
1052	9091	0.0177373
8407	9092	0.0185088
8412	9092	0.0185088
339	9093	0.017794
61	9093	0.017794
8441	9094	0.0196613
1294	9094	0.0196613
9094	9095	0.0193444
8468	9095	0.0193444
8467	9096	0.0179491
9095	9096	0.0179491
5365	9097	0.0198726
8463	9097	0.0198726
9097	9098	0.0183066
1353	9098	0.0183066
3591	9099	0.018708
3467	9099	0.018708
8652	9100	0.0187665
1925	9100	0.0187665
9100	9101	0.0187074
4706	9101	0.0187074
5297	9102	0.0193757
5815	9102	0.0193757
5924	9103	0.0189132
5921	9103	0.0189132
5923	9103	0.0189132
5914	9103	0.0189132
9103	9104	0.0188056
5912	9104	0.0188056
9091	9105	0.0177212
461	9105	0.0177212
5107	9105	0.0177212
9105	9106	0.0177192
3698	9106	0.0177192
6180	9107	0.0177174
9106	9107	0.0177174
5333	9107	0.0177174
3538	9107	0.0177174
8453	9108	0.017699
9107	9108	0.017699
9108	9109	0.0176978
1779	9109	0.0176978
9109	9110	0.0176862
5061	9110	0.0176862
8853	9111	0.0176763
9110	9111	0.0176763
9101	9111	0.0176763
9111	9112	0.0176599
6039	9112	0.0176599
2407	9113	0.0176584
9112	9113	0.0176584
6214	9114	0.0176545
9113	9114	0.0176545
9114	9115	0.0176499
2663	9115	0.0176499
9115	9116	0.0176488
4792	9116	0.0176488
2456	9116	0.0176488
415	9116	0.0176488
9116	9117	0.0176432
3593	9117	0.0176432
9117	9118	0.0176211
5946	9118	0.0176211
9118	9119	0.0176191
1702	9119	0.0176191
9119	9120	0.0176107
349	9120	0.0176107
9120	9121	0.0176037
889	9121	0.0176037
4025	9122	0.0176032
9121	9122	0.0176032
345	9123	0.0175929
9122	9123	0.0175929
9123	9124	0.0175859
4991	9124	0.0175859
9124	9125	0.0175762
341	9125	0.0175762
5381	9126	0.0175672
9125	9126	0.0175672
9126	9127	0.0175579
2583	9127	0.0175579
9127	9128	0.0175439
9098	9128	0.0175439
9128	9129	0.0175228
3851	9129	0.0175228
6091	9130	0.0175202
9129	9130	0.0175202
4083	9131	0.0175058
9130	9131	0.0175058
9131	9132	0.0175018
5479	9132	0.0175018
9132	9133	0.0174925
3766	9133	0.0174925
9133	9134	0.017491
271	9134	0.017491
9134	9135	0.0174832
4571	9135	0.0174832
6251	9136	0.017478
9135	9136	0.017478
9136	9137	0.0174347
9093	9137	0.0174347
6092	9138	0.0174151
9137	9138	0.0174151
5236	9138	0.0174151
9138	9139	0.0174117
5777	9139	0.0174117
989	9140	0.0174008
9139	9140	0.0174008
9140	9141	0.0173988
8617	9141	0.0173988
9141	9142	0.0173912
2433	9142	0.0173912
9142	9143	0.0173712
807	9143	0.0173712
9143	9144	0.0173501
8780	9144	0.0173501
9144	9145	0.0173398
4647	9145	0.0173398
2762	9146	0.0173378
9145	9146	0.0173378
885	9147	0.0173366
9146	9147	0.0173366
3135	9148	0.0173189
9147	9148	0.0173189
9148	9149	0.017309
503	9149	0.017309
9149	9150	0.0172996
4048	9150	0.0172996
581	9151	0.0172941
9150	9151	0.0172941
4574	9152	0.017288
9151	9152	0.017288
9152	9153	0.0172805
4065	9153	0.0172805
9153	9154	0.0172615
2096	9154	0.0172615
1155	9155	0.0172587
9154	9155	0.0172587
9155	9156	0.0172405
5170	9156	0.0172405
2322	9157	0.0172316
9156	9157	0.0172316
2291	9158	0.0173333
3375	9158	0.0173333
9157	9159	0.0172299
524	9159	0.0172299
3815	9160	0.0172214
9159	9160	0.0172214
9158	9160	0.0172214
9160	9161	0.0172204
1574	9161	0.0172204
3405	9162	0.0172134
9161	9162	0.0172134
9162	9163	0.0172006
1045	9163	0.0172006
2400	9163	0.0172006
9163	9164	0.0171709
3546	9164	0.0171709
6219	9165	0.0171666
9164	9165	0.0171666
1690	9165	0.0171666
9165	9166	0.0171657
4033	9166	0.0171657
3084	9167	0.0171642
9166	9167	0.0171642
9167	9168	0.0171545
5262	9168	0.0171545
6184	9169	0.0171474
9168	9169	0.0171474
6087	9170	0.0171385
3828	9170	0.0171385
9169	9170	0.0171385
9170	9171	0.0171338
3866	9171	0.0171338
5219	9171	0.0171338
9171	9172	0.0171327
2440	9172	0.0171327
8852	9173	0.0170986
9172	9173	0.0170986
761	9174	0.0170963
9173	9174	0.0170963
9174	9175	0.0170851
5383	9175	0.0170851
6020	9175	0.0170851
8570	9176	0.0170802
9175	9176	0.0170802
3008	9177	0.0170738
4748	9177	0.0170738
9176	9177	0.0170738
9177	9178	0.0170544
3992	9178	0.0170544
9178	9179	0.0170385
4680	9179	0.0170385
1285	9180	0.0170278
9179	9180	0.0170278
9180	9181	0.0170235
1068	9181	0.0170235
8423	9182	0.0169954
9181	9182	0.0169954
9182	9183	0.0169938
4996	9183	0.0169938
9183	9184	0.0169919
4020	9184	0.0169919
9184	9185	0.0169896
5839	9185	0.0169896
9185	9186	0.0169858
3961	9186	0.0169858
9186	9187	0.0169807
3818	9187	0.0169807
4241	9188	0.0169781
9187	9188	0.0169781
8618	9189	0.016966
9188	9189	0.016966
9189	9190	0.0169647
2617	9190	0.0169647
9190	9191	0.0169639
1776	9191	0.0169639
2427	9192	0.0169551
9191	9192	0.0169551
9192	9193	0.0169508
5675	9193	0.0169508
2808	9194	0.0169355
9193	9194	0.0169355
9194	9195	0.0169221
3020	9195	0.0169221
9195	9196	0.0169146
1122	9196	0.0169146
9196	9197	0.0169114
4866	9197	0.0169114
9197	9198	0.0169003
4506	9198	0.0169003
9198	9199	0.0168945
5201	9199	0.0168945
9199	9200	0.0168818
4630	9200	0.0168818
9200	9201	0.0168745
530	9201	0.0168745
6181	9202	0.0168714
9201	9202	0.0168714
3780	9203	0.0168551
9202	9203	0.0168551
884	9204	0.0168435
9203	9204	0.0168435
2995	9205	0.0168285
9204	9205	0.0168285
2948	9205	0.0168285
9205	9206	0.0168239
1596	9206	0.0168239
9206	9207	0.0168215
4504	9207	0.0168215
9207	9208	0.0168162
4577	9208	0.0168162
9208	9209	0.016802
4943	9209	0.016802
9209	9210	0.0167982
668	9210	0.0167982
8513	9211	0.0167952
9210	9211	0.0167952
1557	9211	0.0167952
186	9212	0.0167827
9211	9212	0.0167827
9212	9213	0.0167821
1723	9213	0.0167821
4105	9214	0.016776
9213	9214	0.016776
5568	9215	0.0167752
9214	9215	0.0167752
8503	9216	0.0175721
4669	9216	0.0175721
266	9217	0.0168809
412	9217	0.0168809
3211	9218	0.0170949
1320	9218	0.0170949
3338	9219	0.0167703
9215	9219	0.0167703
9219	9220	0.0167673
4785	9220	0.0167673
2719	9221	0.0167514
9220	9221	0.0167514
9221	9222	0.0167484
1184	9222	0.0167484
9222	9223	0.0167424
9216	9223	0.0167424
806	9223	0.0167424
8639	9224	0.0167407
9223	9224	0.0167407
2800	9225	0.0167331
9224	9225	0.0167331
9225	9226	0.0167244
119	9226	0.0167244
698	9227	0.0167132
9226	9227	0.0167132
5197	9228	0.0167096
9227	9228	0.0167096
4315	9229	0.0167047
9228	9229	0.0167047
4478	9230	0.0166979
9229	9230	0.0166979
9230	9231	0.0166961
992	9231	0.0166961
9231	9232	0.016695
315	9232	0.016695
8367	9233	0.0166921
9232	9233	0.0166921
2702	9234	0.0166826
9233	9234	0.0166826
6175	9235	0.0166812
9234	9235	0.0166812
702	9235	0.0166812
1941	9236	0.016677
9235	9236	0.016677
3279	9237	0.0166681
9236	9237	0.0166681
9237	9238	0.0166568
3341	9238	0.0166568
9238	9239	0.0166445
825	9239	0.0166445
9239	9240	0.0166146
2630	9240	0.0166146
9240	9241	0.0166093
4165	9241	0.0166093
6235	9242	0.0166082
9241	9242	0.0166082
9242	9243	0.0166069
9218	9243	0.0166069
9243	9244	0.0165949
3413	9244	0.0165949
9244	9245	0.016593
1366	9245	0.016593
2037	9245	0.016593
1632	9246	0.0165922
9245	9246	0.0165922
5245	9247	0.0165913
9246	9247	0.0165913
9247	9248	0.016579
565	9248	0.016579
3890	9249	0.0165717
9248	9249	0.0165717
9249	9250	0.0165634
6005	9250	0.0165634
9250	9251	0.0165471
3486	9251	0.0165471
5831	9251	0.0165471
9251	9252	0.0165347
1874	9252	0.0165347
6216	9253	0.0165289
9252	9253	0.0165289
3729	9254	0.0165127
9253	9254	0.0165127
9254	9255	0.0165043
1322	9255	0.0165043
9255	9256	0.0165003
4952	9256	0.0165003
9256	9257	0.0164967
5906	9257	0.0164967
9257	9258	0.0164927
1898	9258	0.0164927
9258	9259	0.0164815
1978	9259	0.0164815
6157	9260	0.0164796
9259	9260	0.0164796
1415	9260	0.0164796
9260	9261	0.0164738
3038	9261	0.0164738
6176	9262	0.0164568
9261	9262	0.0164568
1622	9262	0.0164568
9262	9263	0.0164518
2108	9263	0.0164518
9263	9264	0.0164462
1070	9264	0.0164462
9264	9265	0.0164281
636	9265	0.0164281
9265	9266	0.0164251
228	9266	0.0164251
6187	9267	0.0164245
9266	9267	0.0164245
848	9267	0.0164245
8850	9268	0.0164175
9267	9268	0.0164175
9092	9268	0.0164175
9268	9269	0.0164138
2510	9269	0.0164138
3852	9270	0.0164111
9269	9270	0.0164111
9096	9270	0.0164111
9270	9271	0.0164097
9099	9271	0.0164097
9271	9272	0.016404
200	9272	0.016404
9217	9273	0.0164111
594	9273	0.0164111
9272	9274	0.0164021
2882	9274	0.0164021
1654	9275	0.0163974
9274	9275	0.0163974
9275	9276	0.0163929
3598	9276	0.0163929
9276	9277	0.016391
1550	9277	0.016391
9277	9278	0.0163889
2922	9278	0.0163889
9278	9279	0.0163814
3444	9279	0.0163814
9279	9280	0.0163801
3159	9280	0.0163801
9280	9281	0.0163631
3670	9281	0.0163631
9281	9282	0.0163593
2721	9282	0.0163593
3433	9283	0.0163375
9282	9283	0.0163375
9283	9284	0.0163268
4495	9284	0.0163268
9284	9285	0.0163125
605	9285	0.0163125
9285	9286	0.0163108
5895	9286	0.0163108
5922	9287	0.0163067
9286	9287	0.0163067
2775	9288	0.0163012
9287	9288	0.0163012
9288	9289	0.0162947
1349	9289	0.0162947
1029	9290	0.0162935
9289	9290	0.0162935
8851	9291	0.0162868
9104	9291	0.0162868
9290	9291	0.0162868
9291	9292	0.0162831
681	9292	0.0162831
9292	9293	0.0162656
3479	9293	0.0162656
2501	9294	0.0162631
9293	9294	0.0162631
5198	9295	0.01626
1560	9295	0.01626
9294	9295	0.01626
4852	9296	0.0162533
9295	9296	0.0162533
9296	9297	0.0162517
543	9297	0.0162517
3190	9297	0.0162517
9297	9298	0.0162499
3711	9298	0.0162499
9298	9299	0.016248
9273	9299	0.016248
9299	9300	0.0162298
9102	9300	0.0162298
8756	9301	0.0162277
9300	9301	0.0162277
9301	9302	0.0162209
2358	9302	0.0162209
8640	9303	0.0162088
9302	9303	0.0162088
9303	9304	0.0162057
290	9304	0.0162057
3371	9305	0.0161734
9304	9305	0.0161734
4938	9305	0.0161734
9305	9306	0.0161591
4103	9306	0.0161591
9306	9307	0.0161569
577	9307	0.0161569
9307	9308	0.0161514
2292	9308	0.0161514
9308	9309	0.0161331
2035	9309	0.0161331
9309	9310	0.0161286
952	9310	0.0161286
9310	9311	0.0161258
3294	9311	0.0161258
6110	9312	0.0161094
4827	9312	0.0161094
9311	9312	0.0161094
9312	9313	0.0161076
3819	9313	0.0161076
9313	9314	0.0161058
1400	9314	0.0161058
5437	9315	0.0161038
9314	9315	0.0161038
6232	9316	0.016103
9315	9316	0.016103
151	9317	0.0160994
9316	9317	0.0160994
5935	9318	0.0160979
9317	9318	0.0160979
9318	9319	0.0160858
2149	9319	0.0160858
3673	9320	0.0160829
4237	9320	0.0160829
9319	9320	0.0160829
5243	9321	0.0160769
9320	9321	0.0160769
8854	9322	0.0160667
9321	9322	0.0160667
1382	9323	0.0160489
9322	9323	0.0160489
9323	9324	0.0160424
3418	9324	0.0160424
9324	9325	0.0160351
4799	9325	0.0160351
5595	9325	0.0160351
2029	9326	0.0160255
9325	9326	0.0160255
3332	9327	0.0177915
1625	9327	0.0177915
1875	9328	0.0195818
8607	9328	0.0195818
15	9329	0.018051
915	9329	0.018051
8556	9330	0.0199271
4970	9330	0.0199271
9330	9331	0.0187765
1348	9331	0.0187765
1942	9331	0.0187765
2957	9331	0.0187765
5121	9332	0.0170049
9331	9332	0.0170049
9332	9333	0.0167915
4442	9333	0.0167915
1746	9334	0.0164525
9333	9334	0.0164525
3665	9335	0.0164121
9334	9335	0.0164121
9329	9336	0.0161409
9335	9336	0.0161409
8510	9337	0.0197235
4145	9337	0.0197235
9337	9338	0.0185987
746	9338	0.0185987
9338	9339	0.0172846
3046	9339	0.0172846
8509	9340	0.0163108
9339	9340	0.0163108
1862	9341	0.0197171
8539	9341	0.0197171
9341	9342	0.0190292
1508	9342	0.0190292
9342	9343	0.018242
1842	9343	0.018242
9343	9344	0.0181067
2123	9344	0.0181067
2415	9345	0.0166724
756	9345	0.0166724
1562	9346	0.0196737
8555	9346	0.0196737
9346	9347	0.0195875
5673	9347	0.0195875
9347	9348	0.0174651
795	9348	0.0174651
9348	9349	0.0173152
947	9349	0.0173152
9349	9350	0.0164939
3391	9350	0.0164939
2785	9351	0.0193559
1730	9351	0.0193559
4823	9352	0.0178576
2651	9352	0.0178576
2530	9353	0.0174799
9352	9353	0.0174799
5951	9354	0.0152014
8847	9354	0.0152014
9326	9355	0.0160123
8671	9355	0.0160123
9355	9356	0.0160067
5041	9356	0.0160067
5454	9357	0.0159979
9356	9357	0.0159979
4058	9358	0.0159905
9357	9358	0.0159905
9358	9359	0.0159692
5181	9359	0.0159692
6136	9360	0.0159659
9359	9360	0.0159659
9360	9361	0.0159646
5877	9361	0.0159646
9361	9362	0.0159502
1725	9362	0.0159502
9362	9363	0.0159493
3337	9363	0.0159493
9363	9364	0.0159466
175	9364	0.0159466
9364	9365	0.0159339
983	9365	0.0159339
9365	9366	0.0159026
2791	9366	0.0159026
4319	9367	0.0158976
2576	9367	0.0158976
9366	9367	0.0158976
3497	9368	0.015895
9367	9368	0.015895
1420	9369	0.0158929
9368	9369	0.0158929
6155	9370	0.0158795
9369	9370	0.0158795
8689	9371	0.0158674
9370	9371	0.0158674
5039	9371	0.0158674
4250	9372	0.0158567
9371	9372	0.0158567
5044	9372	0.0158567
8544	9373	0.0158538
9372	9373	0.0158538
5632	9373	0.0158538
4884	9374	0.0157911
9373	9374	0.0157911
9374	9375	0.0157689
4462	9375	0.0157689
9375	9376	0.0157651
2695	9376	0.0157651
9327	9377	0.0159513
3085	9377	0.0159513
4897	9378	0.015888
3070	9378	0.015888
9376	9379	0.0157527
9378	9379	0.0157527
9379	9380	0.0157507
1831	9380	0.0157507
9380	9381	0.0157471
2076	9381	0.0157471
9381	9382	0.0157453
9377	9382	0.0157453
9382	9383	0.0156965
3323	9383	0.0156965
9383	9384	0.0156947
9351	9384	0.0156947
3887	9385	0.0156716
9384	9385	0.0156716
9385	9386	0.0156706
822	9386	0.0156706
9386	9387	0.0156269
4459	9387	0.0156269
9387	9388	0.015612
1543	9388	0.015612
1507	9389	0.015592
9388	9389	0.015592
2387	9390	0.0155755
9389	9390	0.0155755
9390	9391	0.0155695
774	9391	0.0155695
8701	9392	0.0155646
9391	9392	0.0155646
8593	9393	0.0155507
9392	9393	0.0155507
9393	9394	0.0155441
2729	9394	0.0155441
9394	9395	0.0155418
3223	9395	0.0155418
4080	9396	0.0155325
9395	9396	0.0155325
9396	9397	0.0155307
639	9397	0.0155307
3336	9398	0.0155295
9397	9398	0.0155295
9398	9399	0.0155287
1544	9399	0.0155287
6236	9400	0.0155276
9399	9400	0.0155276
2673	9401	0.015592
259	9401	0.015592
9350	9402	0.0158216
297	9402	0.0158216
3079	9403	0.0158104
9402	9403	0.0158104
5068	9404	0.0155267
9400	9404	0.0155267
9404	9405	0.0154885
2560	9405	0.0154885
2430	9406	0.0154845
9405	9406	0.0154845
9406	9407	0.0154704
5533	9407	0.0154704
158	9408	0.0154697
9407	9408	0.0154697
3573	9409	0.0154638
9408	9409	0.0154638
8486	9410	0.0154495
9409	9410	0.0154495
8482	9411	0.0154422
9410	9411	0.0154422
850	9412	0.0154344
9411	9412	0.0154344
4367	9413	0.0154076
9412	9413	0.0154076
9413	9414	0.015396
1965	9414	0.015396
9403	9415	0.0155164
463	9415	0.0155164
424	9416	0.0153937
5377	9416	0.0153937
9414	9417	0.0153916
898	9417	0.0153916
9417	9418	0.01539
9416	9418	0.01539
9418	9419	0.0153682
3608	9419	0.0153682
2879	9420	0.0153638
9419	9420	0.0153638
2378	9420	0.0153638
9420	9421	0.0153494
3796	9421	0.0153494
9421	9422	0.0153437
5828	9422	0.0153437
9422	9423	0.0153378
4544	9423	0.0153378
9423	9424	0.015335
2238	9424	0.015335
9424	9425	0.0153168
1244	9425	0.0153168
9425	9426	0.015316
9401	9426	0.015316
9426	9427	0.0153084
8575	9427	0.0153084
9415	9427	0.0153084
1669	9427	0.0153084
9427	9428	0.0152877
2569	9428	0.0152877
9428	9429	0.0152818
121	9429	0.0152818
4228	9430	0.0152656
883	9430	0.0152656
9429	9430	0.0152656
9430	9431	0.0152625
246	9431	0.0152625
9431	9432	0.0152588
1448	9432	0.0152588
9432	9433	0.0152425
4200	9433	0.0152425
4390	9434	0.015238
9433	9434	0.015238
9434	9435	0.0152314
1804	9435	0.0152314
6172	9436	0.0152261
9435	9436	0.0152261
3776	9437	0.0152244
9436	9437	0.0152244
9437	9438	0.0152208
2424	9438	0.0152208
9438	9439	0.0152196
484	9439	0.0152196
704	9439	0.0152196
1385	9440	0.0152129
9439	9440	0.0152129
3258	9441	0.0152083
9440	9441	0.0152083
6226	9442	0.0152066
9441	9442	0.0152066
9442	9443	0.0152008
5714	9443	0.0152008
4592	9444	0.0151968
9443	9444	0.0151968
9444	9445	0.0151948
2467	9445	0.0151948
9445	9446	0.0151814
6063	9446	0.0151814
5347	9447	0.0151799
9446	9447	0.0151799
9447	9448	0.0151749
4749	9448	0.0151749
9448	9449	0.0151681
1066	9449	0.0151681
9449	9450	0.015152
4683	9450	0.015152
9450	9451	0.0151484
183	9451	0.0151484
9451	9452	0.0151348
3148	9452	0.0151348
9452	9453	0.0151318
2584	9453	0.0151318
9453	9454	0.0151271
3428	9454	0.0151271
8396	9455	0.0154774
3596	9455	0.0154774
9454	9456	0.0151176
4613	9456	0.0151176
9456	9457	0.0151105
3511	9457	0.0151105
4093	9458	0.0150976
9457	9458	0.0150976
9455	9458	0.0150976
9458	9459	0.0150937
759	9459	0.0150937
9459	9460	0.0150823
608	9460	0.0150823
9460	9461	0.0150481
3679	9461	0.0150481
2273	9462	0.0150405
9461	9462	0.0150405
3631	9463	0.0150166
9462	9463	0.0150166
9463	9464	0.0150006
2812	9464	0.0150006
5591	9464	0.0150006
9464	9465	0.0149982
2132	9465	0.0149982
4674	9466	0.0149977
9465	9466	0.0149977
9466	9467	0.014991
2896	9467	0.014991
9467	9468	0.0149832
2891	9468	0.0149832
9468	9469	0.0149823
1616	9469	0.0149823
5314	9470	0.0149794
9469	9470	0.0149794
9470	9471	0.0149688
2716	9471	0.0149688
6163	9472	0.0149499
9471	9472	0.0149499
2509	9473	0.0149419
9472	9473	0.0149419
9473	9474	0.0149318
973	9474	0.0149318
9474	9475	0.0149308
8604	9475	0.0149308
1886	9475	0.0149308
9475	9476	0.0149249
5269	9476	0.0149249
6213	9477	0.0149028
9476	9477	0.0149028
8459	9478	0.0148978
9477	9478	0.0148978
8845	9479	0.014895
9478	9479	0.014895
3764	9480	0.0148935
9479	9480	0.0148935
9480	9481	0.0148907
1342	9481	0.0148907
9481	9482	0.0148898
2658	9482	0.0148898
9482	9483	0.0148882
3316	9483	0.0148882
9483	9484	0.0148834
1707	9484	0.0148834
9484	9485	0.0148799
5353	9485	0.0148799
6104	9486	0.0148726
9485	9486	0.0148726
1680	9486	0.0148726
9486	9487	0.0148697
1369	9487	0.0148697
5241	9488	0.014866
9487	9488	0.014866
4900	9488	0.014866
6259	9489	0.014862
9488	9489	0.014862
9489	9490	0.0148597
2931	9490	0.0148597
4693	9491	0.0148571
9490	9491	0.0148571
9491	9492	0.0148536
2334	9492	0.0148536
9492	9493	0.0148488
1761	9493	0.0148488
9493	9494	0.0148442
3	9494	0.0148442
9494	9495	0.0148421
2917	9495	0.0148421
3430	9495	0.0148421
4001	9495	0.0148421
8790	9495	0.0148421
9495	9496	0.0148294
111	9496	0.0148294
3707	9497	0.01482
9496	9497	0.01482
9497	9498	0.0148049
4759	9498	0.0148049
9498	9499	0.0148019
279	9499	0.0148019
831	9500	0.0147943
9499	9500	0.0147943
9500	9501	0.0147873
4276	9501	0.0147873
9345	9502	0.0149059
2679	9502	0.0149059
2297	9503	0.0147781
9501	9503	0.0147781
2408	9504	0.0147763
9503	9504	0.0147763
182	9504	0.0147763
9504	9505	0.0147744
4824	9505	0.0147744
2294	9505	0.0147744
9505	9506	0.0147736
5426	9506	0.0147736
9506	9507	0.0147654
3875	9507	0.0147654
9507	9508	0.0147599
3809	9508	0.0147599
8595	9509	0.0147542
9508	9509	0.0147542
9509	9510	0.0147448
3229	9510	0.0147448
9510	9511	0.0147438
4453	9511	0.0147438
622	9512	0.0147432
9511	9512	0.0147432
9512	9513	0.014741
1125	9513	0.014741
3648	9514	0.0147323
9513	9514	0.0147323
9514	9515	0.0147161
2119	9515	0.0147161
9515	9516	0.0147143
2759	9516	0.0147143
9516	9517	0.0147065
5465	9517	0.0147065
9517	9518	0.014702
5686	9518	0.014702
6102	9519	0.0146904
9518	9519	0.0146904
9519	9520	0.0146885
3495	9520	0.0146885
9520	9521	0.0146437
2399	9521	0.0146437
9521	9522	0.014633
1522	9522	0.014633
5302	9523	0.0146257
9522	9523	0.0146257
9523	9524	0.0146226
612	9524	0.0146226
5651	9525	0.014618
9524	9525	0.014618
9525	9526	0.0146112
549	9526	0.0146112
9526	9527	0.0145959
63	9527	0.0145959
3244	9528	0.014595
9527	9528	0.014595
1909	9529	0.014585
9528	9529	0.014585
9529	9530	0.0145846
2700	9530	0.0145846
9530	9531	0.0145827
2669	9531	0.0145827
8848	9532	0.0145787
9531	9532	0.0145787
9532	9533	0.0145772
9502	9533	0.0145772
4822	9534	0.0145722
9533	9534	0.0145722
9534	9535	0.0145674
3978	9535	0.0145674
6103	9536	0.0145397
9535	9536	0.0145397
1316	9536	0.0145397
9536	9537	0.0145364
3059	9537	0.0145364
9537	9538	0.0145313
110	9538	0.0145313
157	9538	0.0145313
8846	9539	0.0145296
9538	9539	0.0145296
5500	9540	0.0145209
9539	9540	0.0145209
9540	9541	0.0145129
691	9541	0.0145129
8612	9542	0.0145042
9541	9542	0.0145042
9542	9543	0.0144996
4882	9543	0.0144996
9543	9544	0.0144986
1830	9544	0.0144986
4870	9545	0.0144924
9544	9545	0.0144924
9336	9546	0.0159971
1255	9546	0.0159971
9546	9547	0.0147585
3759	9547	0.0147585
9547	9548	0.0146534
2282	9548	0.0146534
916	9549	0.0155349
5457	9549	0.0155349
9340	9550	0.0157097
3775	9550	0.0157097
9344	9551	0.0154629
1599	9551	0.0154629
9551	9552	0.014517
4899	9552	0.014517
9353	9553	0.0145652
493	9553	0.0145652
2008	9554	0.0158216
1984	9554	0.0158216
4052	9555	0.0145846
2959	9555	0.0145846
8380	9556	0.0144843
9545	9556	0.0144843
5988	9557	0.0144833
9556	9557	0.0144833
9557	9558	0.0144825
5583	9558	0.0144825
1940	9559	0.014474
9558	9559	0.014474
9559	9560	0.0144436
5105	9560	0.0144436
8490	9561	0.0144392
9560	9561	0.0144392
9561	9562	0.0144204
3914	9562	0.0144204
4573	9562	0.0144204
609	9562	0.0144204
5989	9563	0.0144118
9562	9563	0.0144118
5624	9564	0.0144108
9563	9564	0.0144108
2045	9565	0.0144005
9564	9565	0.0144005
9565	9566	0.014387
21	9566	0.014387
9566	9567	0.0143834
3967	9567	0.0143834
1506	9568	0.0143785
9567	9568	0.0143785
9568	9569	0.0143766
1189	9569	0.0143766
6183	9570	0.0143754
1535	9570	0.0143754
9569	9570	0.0143754
9570	9571	0.0143738
5757	9571	0.0143738
9571	9572	0.0143651
8675	9572	0.0143651
282	9573	0.0143479
9572	9573	0.0143479
9573	9574	0.0143412
3200	9574	0.0143412
9574	9575	0.0143326
245	9575	0.0143326
9575	9576	0.0143216
9328	9576	0.0143216
9548	9576	0.0143216
9576	9577	0.0143173
1462	9577	0.0143173
9577	9578	0.0143158
544	9578	0.0143158
9578	9579	0.0143139
108	9579	0.0143139
9579	9580	0.0143022
9550	9580	0.0143022
9580	9581	0.0142687
5196	9581	0.0142687
9581	9582	0.0142651
4413	9582	0.0142651
2301	9583	0.0142629
9582	9583	0.0142629
330	9584	0.0142537
1646	9584	0.0142537
2393	9584	0.0142537
9583	9584	0.0142537
6106	9585	0.0142384
9584	9585	0.0142384
8587	9586	0.0142572
632	9586	0.0142572
9585	9587	0.0142373
815	9587	0.0142373
9587	9588	0.0142333
438	9588	0.0142333
9588	9589	0.0142286
9586	9589	0.0142286
9354	9590	0.0142271
9589	9590	0.0142271
140	9591	0.0142212
9590	9591	0.0142212
9591	9592	0.0142201
906	9592	0.0142201
3746	9593	0.0142119
9592	9593	0.0142119
4354	9594	0.0142027
9593	9594	0.0142027
785	9595	0.0141916
9594	9595	0.0141916
9595	9596	0.0141851
1470	9596	0.0141851
9596	9597	0.0141843
835	9597	0.0141843
9597	9598	0.0141812
418	9598	0.0141812
9598	9599	0.0141761
3918	9599	0.0141761
9599	9600	0.0141571
5867	9600	0.0141571
9600	9601	0.0141399
1437	9601	0.0141399
994	9602	0.0141383
9601	9602	0.0141383
9602	9603	0.0141199
401	9603	0.0141199
9603	9604	0.0141118
1079	9604	0.0141118
9604	9605	0.0140974
2476	9605	0.0140974
3164	9606	0.0140962
9605	9606	0.0140962
1474	9607	0.0141307
5159	9607	0.0141307
4734	9608	0.0140915
9606	9608	0.0140915
2254	9608	0.0140915
9608	9609	0.0140867
1656	9609	0.0140867
4708	9609	0.0140867
9609	9610	0.0140736
3804	9610	0.0140736
3420	9611	0.0140726
9610	9611	0.0140726
797	9612	0.0140541
9611	9612	0.0140541
9612	9613	0.0140468
4173	9613	0.0140468
9613	9614	0.014025
9607	9614	0.014025
9614	9615	0.0139952
3641	9615	0.0139952
207	9616	0.0139922
9615	9616	0.0139922
9616	9617	0.0139857
1659	9617	0.0139857
3354	9618	0.0139743
9617	9618	0.0139743
9618	9619	0.0139734
5478	9619	0.0139734
5802	9620	0.0139592
9619	9620	0.0139592
920	9621	0.0139312
9620	9621	0.0139312
1887	9622	0.0139275
9621	9622	0.0139275
9622	9623	0.0139153
3081	9623	0.0139153
9623	9624	0.0139037
4378	9624	0.0139037
9624	9625	0.013897
5536	9625	0.013897
5607	9626	0.0138674
9625	9626	0.0138674
2457	9627	0.0139455
1057	9627	0.0139455
2236	9628	0.0138893
9627	9628	0.0138893
9626	9629	0.0138645
4662	9629	0.0138645
9629	9630	0.0138214
5715	9630	0.0138214
9630	9631	0.0138183
5122	9631	0.0138183
2910	9632	0.0138139
9631	9632	0.0138139
2269	9633	0.0138024
9632	9633	0.0138024
9633	9634	0.0137979
2353	9634	0.0137979
9628	9634	0.0137979
8849	9635	0.0137804
9634	9635	0.0137804
9635	9636	0.013764
4850	9636	0.013764
9636	9637	0.0137627
4921	9637	0.0137627
9637	9638	0.0137549
9549	9638	0.0137549
9552	9639	0.0141297
1547	9639	0.0141297
9638	9640	0.0137414
1181	9640	0.0137414
9554	9640	0.0137414
9640	9641	0.0137285
933	9641	0.0137285
9641	9642	0.0137235
3275	9642	0.0137235
9642	9643	0.0137215
1888	9643	0.0137215
3675	9644	0.0137128
9643	9644	0.0137128
2813	9645	0.01369
9644	9645	0.01369
9645	9646	0.0136804
3477	9646	0.0136804
8577	9647	0.013675
9646	9647	0.013675
8471	9648	0.0136613
9647	9648	0.0136613
4626	9648	0.0136613
9648	9649	0.0136396
3213	9649	0.0136396
9649	9650	0.0136283
4572	9650	0.0136283
9650	9651	0.0136204
2955	9651	0.0136204
3536	9651	0.0136204
9651	9652	0.0136195
2265	9652	0.0136195
9652	9653	0.0136166
1693	9653	0.0136166
9653	9654	0.0136146
3632	9654	0.0136146
9654	9655	0.0136137
4526	9655	0.0136137
384	9656	0.0136033
9655	9656	0.0136033
5069	9657	0.0135897
9656	9657	0.0135897
9657	9658	0.0135775
4954	9658	0.0135775
8529	9659	0.0135736
9658	9659	0.0135736
1090	9660	0.0135658
9659	9660	0.0135658
3406	9661	0.0135613
9660	9661	0.0135613
9661	9662	0.0135565
1663	9662	0.0135565
9662	9663	0.0135298
5378	9663	0.0135298
9663	9664	0.0135213
4523	9664	0.0135213
5303	9665	0.0135203
9664	9665	0.0135203
9665	9666	0.0135137
2428	9666	0.0135137
9666	9667	0.0135059
3483	9667	0.0135059
5199	9667	0.0135059
9667	9668	0.0134905
513	9668	0.0134905
9668	9669	0.0134898
4480	9669	0.0134898
9669	9670	0.013484
4086	9670	0.013484
9670	9671	0.013465
769	9671	0.013465
3245	9671	0.013465
1529	9671	0.013465
2436	9672	0.0134637
9671	9672	0.0134637
9672	9673	0.0134613
6014	9673	0.0134613
8474	9674	0.0134104
9673	9674	0.0134104
5907	9675	0.0134546
9639	9675	0.0134546
9674	9676	0.0134039
3529	9676	0.0134039
460	9677	0.0134023
9676	9677	0.0134023
9677	9678	0.0133945
1152	9678	0.0133945
9678	9679	0.0133857
5991	9679	0.0133857
9679	9680	0.0133734
3506	9680	0.0133734
1464	9681	0.0133628
9680	9681	0.0133628
9681	9682	0.0133619
4230	9682	0.0133619
5596	9683	0.0133581
9682	9683	0.0133581
4920	9684	0.0133498
9683	9684	0.0133498
9684	9685	0.0133324
735	9685	0.0133324
9685	9686	0.0133257
1785	9686	0.0133257
9686	9687	0.013306
4444	9687	0.013306
1371	9687	0.013306
8398	9688	0.0133037
9687	9688	0.0133037
9688	9689	0.0132974
2665	9689	0.0132974
9689	9690	0.0132961
2571	9690	0.0132961
2786	9691	0.013278
9690	9691	0.013278
9691	9692	0.0132731
5534	9692	0.0132731
9692	9693	0.013234
2894	9693	0.013234
9693	9694	0.013219
4062	9694	0.013219
793	9695	0.0132083
9694	9695	0.0132083
9695	9696	0.0131988
688	9696	0.0131988
9696	9697	0.0131858
9555	9697	0.0131858
9697	9698	0.0131654
656	9698	0.0131654
9698	9699	0.0131617
1229	9699	0.0131617
9699	9700	0.0131579
2797	9700	0.0131579
2288	9700	0.0131579
5046	9701	0.0131426
9700	9701	0.0131426
8603	9702	0.0131415
9701	9702	0.0131415
9553	9702	0.0131415
9702	9703	0.0131398
2488	9703	0.0131398
9703	9704	0.0131361
2242	9704	0.0131361
2696	9704	0.0131361
4416	9704	0.0131361
9704	9705	0.0131188
853	9705	0.0131188
9705	9706	0.0131122
9675	9706	0.0131122
9706	9707	0.0131093
3794	9707	0.0131093
394	9708	0.0130959
9707	9708	0.0130959
4926	9709	0.013092
9708	9709	0.013092
9709	9710	0.0130873
4109	9710	0.0130873
9710	9711	0.0130612
6022	9711	0.0130612
8394	9712	0.0160881
36	9712	0.0160881
8393	9713	0.0144139
9712	9713	0.0144139
9713	9714	0.0130988
4808	9714	0.0130988
4232	9715	0.0158642
845	9715	0.0158642
8470	9716	0.0170794
3968	9716	0.0170794
9716	9717	0.0161085
5564	9717	0.0161085
1328	9718	0.0182099
178	9718	0.0182099
2621	9719	0.0175354
9718	9719	0.0175354
2997	9720	0.0173662
9719	9720	0.0173662
9720	9721	0.0150443
3326	9721	0.0150443
4188	9722	0.0144912
1339	9722	0.0144912
4341	9723	0.017602
1303	9723	0.017602
227	9724	0.0140773
9723	9724	0.0140773
4045	9725	0.0132486
9724	9725	0.0132486
248	9726	0.0130938
1365	9726	0.0130938
3126	9727	0.0188093
2260	9727	0.0188093
9727	9728	0.0138338
5689	9728	0.0138338
5795	9729	0.0196867
2794	9729	0.0196867
733	9730	0.0142793
9729	9730	0.0142793
3722	9731	0.0145625
734	9731	0.0145625
8686	9732	0.0141611
3383	9732	0.0141611
1820	9733	0.0136137
9732	9733	0.0136137
9733	9734	0.0133734
5130	9734	0.0133734
1136	9735	0.0152958
997	9735	0.0152958
1046	9736	0.0162753
1392	9736	0.0162753
4652	9737	0.0134817
3920	9737	0.0134817
3196	9738	0.0112437
5903	9738	0.0112437
435	9739	0.0113829
1284	9739	0.0113829
4138	9740	0.0130511
5127	9740	0.0130511
9740	9741	0.0129022
5146	9741	0.0129022
3010	9742	0.0116768
410	9742	0.0116768
3754	9743	0.0124894
5934	9743	0.0124894
8842	9744	0.0129499
162	9744	0.0129499
9711	9745	0.013056
4875	9745	0.013056
9745	9746	0.013047
4099	9746	0.013047
8830	9747	0.0130445
9746	9747	0.0130445
3117	9748	0.0130411
9747	9748	0.0130411
9748	9749	0.0130291
963	9749	0.0130291
9749	9750	0.0130184
2274	9750	0.0130184
9750	9751	0.0130128
2551	9751	0.0130128
6177	9752	0.0129997
9751	9752	0.0129997
9752	9753	0.0129956
5537	9753	0.0129956
9753	9754	0.0129939
2105	9754	0.0129939
9754	9755	0.0129908
2057	9755	0.0129908
8491	9756	0.0129894
9755	9756	0.0129894
5888	9757	0.0129853
9756	9757	0.0129853
2270	9758	0.012983
9757	9758	0.012983
9758	9759	0.012975
937	9759	0.012975
9759	9760	0.0129729
2709	9760	0.0129729
4885	9761	0.0129632
9760	9761	0.0129632
2261	9762	0.0129431
9761	9762	0.0129431
9762	9763	0.0129403
3421	9763	0.0129403
9763	9764	0.0129129
4598	9764	0.0129129
9764	9765	0.0129109
615	9765	0.0129109
9765	9766	0.0128756
4555	9766	0.0128756
9766	9767	0.0128726
94	9767	0.0128726
9767	9768	0.0128688
649	9768	0.0128688
9768	9769	0.01286
5527	9769	0.01286
6170	9770	0.0128597
9769	9770	0.0128597
9770	9771	0.0128487
542	9771	0.0128487
8702	9772	0.0128448
9771	9772	0.0128448
2171	9772	0.0128448
9772	9773	0.0128355
4736	9773	0.0128355
9773	9774	0.0128289
2000	9774	0.0128289
9774	9775	0.0128233
3638	9775	0.0128233
9775	9776	0.0128183
5368	9776	0.0128183
6116	9777	0.0128164
9776	9777	0.0128164
9777	9778	0.0128079
4876	9778	0.0128079
9778	9779	0.0127871
588	9779	0.0127871
9779	9780	0.0127755
5132	9780	0.0127755
9780	9781	0.0127651
4178	9781	0.0127651
4758	9782	0.0127488
9781	9782	0.0127488
6078	9783	0.0127467
9782	9783	0.0127467
9783	9784	0.0127439
9714	9784	0.0127439
5033	9785	0.0127429
9784	9785	0.0127429
6165	9786	0.0127295
9785	9786	0.0127295
9786	9787	0.0127171
4084	9787	0.0127171
9787	9788	0.0127162
4922	9788	0.0127162
3007	9789	0.0127116
2886	9789	0.0127116
9788	9789	0.0127116
1637	9790	0.0127529
9715	9790	0.0127529
9790	9791	0.0127429
3093	9791	0.0127429
9789	9792	0.0127096
5320	9792	0.0127096
9792	9793	0.0126526
3106	9793	0.0126526
9793	9794	0.0126487
890	9794	0.0126487
9794	9795	0.0126472
466	9795	0.0126472
5001	9795	0.0126472
9795	9796	0.0126391
368	9796	0.0126391
9796	9797	0.0126324
467	9797	0.0126324
9797	9798	0.0126295
1472	9798	0.0126295
6188	9799	0.0126066
9798	9799	0.0126066
9799	9800	0.0125847
1890	9800	0.0125847
9800	9801	0.0125828
2019	9801	0.0125828
2874	9801	0.0125828
9801	9802	0.0125791
3549	9802	0.0125791
3043	9803	0.0125761
5823	9803	0.0125761
9802	9803	0.0125761
9803	9804	0.0125752
1072	9804	0.0125752
9804	9805	0.0125732
8718	9805	0.0125732
9805	9806	0.0125725
4594	9806	0.0125725
9806	9807	0.0125713
1921	9807	0.0125713
1231	9807	0.0125713
9807	9808	0.0125459
2344	9808	0.0125459
9808	9809	0.0125408
618	9809	0.0125408
5628	9810	0.0125366
9809	9810	0.0125366
9810	9811	0.012533
3953	9811	0.012533
9811	9812	0.0125112
8527	9812	0.0125112
9735	9812	0.0125112
9812	9813	0.0125064
5990	9813	0.0125064
9813	9814	0.0124901
6034	9814	0.0124901
9814	9815	0.0124864
2140	9815	0.0124864
9815	9816	0.0124663
4629	9816	0.0124663
646	9817	0.0124588
9816	9817	0.0124588
9817	9818	0.0124552
1375	9818	0.0124552
9818	9819	0.0124501
9791	9819	0.0124501
9819	9820	0.0124479
4035	9820	0.0124479
9820	9821	0.0124428
3025	9821	0.0124428
9821	9822	0.0124405
509	9822	0.0124405
9822	9823	0.0124273
1249	9823	0.0124273
9823	9824	0.0124169
4326	9824	0.0124169
9824	9825	0.0124015
4507	9825	0.0124015
9825	9826	0.0123918
5311	9826	0.0123918
9826	9827	0.0123644
4181	9827	0.0123644
9827	9828	0.0123624
1425	9828	0.0123624
5540	9828	0.0123624
485	9829	0.0123588
9828	9829	0.0123588
6189	9830	0.0123567
9829	9830	0.0123567
1307	9831	0.0123331
9830	9831	0.0123331
9831	9832	0.0123224
177	9832	0.0123224
4767	9833	0.0123129
9832	9833	0.0123129
9833	9834	0.0123011
2581	9834	0.0123011
9728	9835	0.0129534
2859	9835	0.0129534
4248	9836	0.0129152
8710	9836	0.0129152
2289	9837	0.0122739
1411	9837	0.0122739
9743	9838	0.0122643
9744	9838	0.0122643
9834	9838	0.0122643
8741	9839	0.0122627
9838	9839	0.0122627
5087	9840	0.0122376
9839	9840	0.0122376
4512	9841	0.0122241
9840	9841	0.0122241
8833	9842	0.0122194
9841	9842	0.0122194
9842	9843	0.0121969
3463	9843	0.0121969
9843	9844	0.0121956
2404	9844	0.0121956
9844	9845	0.0121888
1383	9845	0.0121888
9845	9846	0.0121794
5668	9846	0.0121794
9846	9847	0.0121774
381	9847	0.0121774
397	9848	0.0122489
399	9848	0.0122489
9847	9849	0.0121754
5699	9849	0.0121754
9849	9850	0.0121588
3252	9850	0.0121588
9850	9851	0.0121565
801	9851	0.0121565
9851	9852	0.0121458
3296	9852	0.0121458
9852	9853	0.0121433
3112	9853	0.0121433
5117	9853	0.0121433
2053	9854	0.0121424
9853	9854	0.0121424
9854	9855	0.0121403
9848	9855	0.0121403
9855	9856	0.0121382
5910	9856	0.0121382
9856	9857	0.0121324
2629	9857	0.0121324
4702	9857	0.0121324
9857	9858	0.0121251
1035	9858	0.0121251
8744	9858	0.0121251
2028	9858	0.0121251
4715	9859	0.0122557
2305	9859	0.0122557
1440	9860	0.0121025
9858	9860	0.0121025
9860	9861	0.0120792
2264	9861	0.0120792
9861	9862	0.0120642
5884	9862	0.0120642
5780	9863	0.0120593
9862	9863	0.0120593
4846	9864	0.0120561
9863	9864	0.0120561
9864	9865	0.0120305
5094	9865	0.0120305
9865	9866	0.0120228
3602	9866	0.0120228
4872	9867	0.0120218
9866	9867	0.0120218
8588	9868	0.0119982
9867	9868	0.0119982
5550	9868	0.0119982
9868	9869	0.0119924
3983	9869	0.0119924
9869	9870	0.0119895
9859	9870	0.0119895
4372	9871	0.0119847
9870	9871	0.0119847
9871	9872	0.0119753
811	9872	0.0119753
9872	9873	0.0119687
3709	9873	0.0119687
9873	9874	0.011961
4784	9874	0.011961
9725	9874	0.011961
9874	9875	0.0119581
2209	9875	0.0119581
9875	9876	0.0119513
1483	9876	0.0119513
9876	9877	0.0119448
1644	9877	0.0119448
9877	9878	0.0119438
1899	9878	0.0119438
9878	9879	0.0119385
9721	9879	0.0119385
2	9880	0.0119256
9879	9880	0.0119256
9880	9881	0.0119018
9835	9881	0.0119018
9881	9882	0.011898
3208	9882	0.011898
2625	9883	0.011896
9882	9883	0.011896
9883	9884	0.0118941
4963	9884	0.0118941
9884	9885	0.0118792
673	9885	0.0118792
20	9886	0.0118761
9885	9886	0.0118761
9886	9887	0.0118649
1456	9887	0.0118649
6080	9888	0.0118609
9887	9888	0.0118609
9888	9889	0.0118409
5644	9889	0.0118409
9889	9890	0.0118342
607	9890	0.0118342
9890	9891	0.0118293
2598	9891	0.0118293
9891	9892	0.0118199
359	9892	0.0118199
5319	9893	0.0117949
9892	9893	0.0117949
5306	9894	0.0117835
9893	9894	0.0117835
9894	9895	0.0117828
9837	9895	0.0117828
9895	9896	0.011776
346	9896	0.011776
9896	9897	0.0117693
1781	9897	0.0117693
9897	9898	0.0117618
3771	9898	0.0117618
372	9899	0.0117503
9898	9899	0.0117503
9899	9900	0.011716
4551	9900	0.011716
8835	9901	0.0117128
9900	9901	0.0117128
9901	9902	0.0117063
448	9902	0.0117063
6113	9903	0.0116997
9902	9903	0.0116997
9903	9904	0.0116958
498	9904	0.0116958
3535	9904	0.0116958
9904	9905	0.011691
334	9905	0.011691
5863	9905	0.011691
1498	9905	0.011691
8747	9905	0.011691
2090	9905	0.011691
4844	9905	0.011691
2094	9905	0.011691
4170	9905	0.011691
4564	9905	0.011691
5154	9905	0.011691
9905	9906	0.0116854
1298	9906	0.0116854
9836	9906	0.0116854
9906	9907	0.0116739
1202	9907	0.0116739
9907	9908	0.0116664
1592	9908	0.0116664
9722	9909	0.0116579
9908	9909	0.0116579
8536	9910	0.011652
9909	9910	0.011652
9910	9911	0.0116119
5011	9911	0.0116119
9911	9912	0.0115997
3382	9912	0.0115997
9912	9913	0.0115919
1289	9913	0.0115919
1200	9914	0.0115815
9913	9914	0.0115815
9914	9915	0.0115749
3072	9915	0.0115749
9915	9916	0.0115633
1724	9916	0.0115633
2749	9917	0.0115509
9916	9917	0.0115509
9917	9918	0.0115414
65	9918	0.0115414
8783	9919	0.0115262
9918	9919	0.0115262
9919	9920	0.0115146
4278	9920	0.0115146
9920	9921	0.0115062
5993	9921	0.0115062
9921	9922	0.011503
3760	9922	0.011503
954	9923	0.0115013
9922	9923	0.0115013
9923	9924	0.0114879
1495	9924	0.0114879
3616	9925	0.0114754
9924	9925	0.0114754
3907	9926	0.0120572
422	9926	0.0120572
857	9927	0.0117196
439	9927	0.0117196
1256	9928	0.0117015
1341	9928	0.0117015
1658	9929	0.0130284
4309	9929	0.0130284
5804	9930	0.0118521
5656	9930	0.0118521
3588	9931	0.0113079
8696	9931	0.0113079
3394	9932	0.011445
6021	9932	0.011445
9925	9932	0.011445
3021	9933	0.0114348
9932	9933	0.0114348
1629	9933	0.0114348
9933	9934	0.0114335
1494	9934	0.0114335
2666	9934	0.0114335
4646	9935	0.0114206
9934	9935	0.0114206
5003	9936	0.0114145
9935	9936	0.0114145
1168	9937	0.0114021
9936	9937	0.0114021
3129	9938	0.011401
9937	9938	0.011401
9938	9939	0.011385
3251	9939	0.011385
9939	9940	0.0113733
5805	9940	0.0113733
9940	9941	0.0113689
130	9941	0.0113689
9941	9942	0.0113658
3128	9942	0.0113658
8832	9943	0.0113648
9942	9943	0.0113648
1108	9944	0.0113538
9943	9944	0.0113538
3422	9945	0.0113505
9944	9945	0.0113505
9945	9946	0.0113486
9927	9946	0.0113486
1362	9947	0.011346
5125	9947	0.011346
9946	9947	0.011346
8682	9948	0.0113285
9947	9948	0.0113285
5212	9949	0.0113278
9948	9949	0.0113278
2285	9949	0.0113278
9949	9950	0.0113247
5450	9950	0.0113247
9950	9951	0.0113143
1533	9951	0.0113143
9951	9952	0.0113079
2522	9952	0.0113079
9952	9953	0.0113068
84	9953	0.0113068
2875	9954	0.0113058
9953	9954	0.0113058
4236	9955	0.011281
9954	9955	0.011281
1012	9955	0.011281
3076	9955	0.011281
3784	9955	0.011281
679	9956	0.0112714
9955	9956	0.0112714
2862	9956	0.0112714
5051	9957	0.0112628
9956	9957	0.0112628
9957	9958	0.0112392
5541	9958	0.0112392
1058	9959	0.0112352
9958	9959	0.0112352
169	9959	0.0112352
3657	9960	0.0112226
9959	9960	0.0112226
8837	9961	0.011219
9960	9961	0.011219
9961	9962	0.0112125
1081	9962	0.0112125
8579	9963	0.0112104
9962	9963	0.0112104
8439	9964	0.0111975
9963	9964	0.0111975
9964	9965	0.0111942
1623	9965	0.0111942
3320	9966	0.0111866
9965	9966	0.0111866
9966	9967	0.0111847
2230	9967	0.0111847
9967	9968	0.0111781
3301	9968	0.0111781
8610	9969	0.011175
9968	9969	0.011175
9969	9970	0.0111732
3283	9970	0.0111732
9970	9971	0.0111723
2367	9971	0.0111723
9971	9972	0.0111588
5873	9972	0.0111588
9972	9973	0.0111521
1368	9973	0.0111521
1586	9973	0.0111521
9973	9974	0.0111503
1007	9974	0.0111503
4967	9975	0.0111495
9974	9975	0.0111495
9975	9976	0.0111291
2631	9976	0.0111291
9976	9977	0.0111216
1771	9977	0.0111216
6129	9978	0.0111191
9977	9978	0.0111191
9978	9979	0.0111082
5580	9979	0.0111082
5979	9980	0.0110836
9979	9980	0.0110836
2564	9980	0.0110836
5027	9980	0.0110836
5494	9980	0.0110836
3119	9981	0.0110829
9980	9981	0.0110829
9981	9982	0.0110798
3590	9982	0.0110798
9982	9983	0.0110732
2068	9983	0.0110732
9983	9984	0.0110684
3439	9984	0.0110684
9984	9985	0.0110674
1538	9985	0.0110674
4310	9986	0.0110444
9985	9986	0.0110444
4929	9987	0.0110351
9986	9987	0.0110351
9987	9988	0.0110261
8714	9988	0.0110261
3682	9988	0.0110261
8767	9989	0.0110197
9988	9989	0.0110197
2153	9990	0.0110178
9989	9990	0.0110178
1441	9991	0.0110158
9990	9991	0.0110158
9991	9992	0.011012
3597	9992	0.011012
9992	9993	0.0110093
3926	9993	0.0110093
3718	9994	0.0109996
9993	9994	0.0109996
9994	9995	0.0109979
5415	9995	0.0109979
1232	9996	0.0109883
9995	9996	0.0109883
9996	9997	0.0109873
3005	9997	0.0109873
2011	9998	0.0109865
9997	9998	0.0109865
9998	9999	0.0109853
1397	9999	0.0109853
9742	10000	0.0109816
9999	10000	0.0109816
10000	10001	0.0109749
17	10001	0.0109749
10001	10002	0.0109664
2818	10002	0.0109664
3102	10002	0.0109664
10002	10003	0.0109595
1022	10003	0.0109595
6143	10004	0.0109586
10003	10004	0.0109586
10004	10005	0.0109465
9926	10005	0.0109465
10005	10006	0.0109444
2929	10006	0.0109444
4440	10007	0.0109434
10006	10007	0.0109434
10007	10008	0.0109339
241	10008	0.0109339
1863	10008	0.0109339
10008	10009	0.010933
3118	10009	0.010933
3339	10010	0.0109312
5535	10010	0.0109312
10009	10010	0.0109312
10010	10011	0.0109291
4633	10011	0.0109291
10011	10012	0.0109174
3277	10012	0.0109174
515	10012	0.0109174
10012	10013	0.0108921
3006	10013	0.0108921
10013	10014	0.0108747
1426	10014	0.0108747
5455	10015	0.0108699
10014	10015	0.0108699
10015	10016	0.0108634
1583	10016	0.0108634
3267	10016	0.0108634
10016	10017	0.0108576
5690	10017	0.0108576
10017	10018	0.0108539
9929	10018	0.0108539
10018	10019	0.0108453
2203	10019	0.0108453
5608	10020	0.0108558
9930	10020	0.0108558
10019	10021	0.0108446
8637	10021	0.0108446
10021	10022	0.0108424
2737	10022	0.0108424
808	10023	0.0108405
10022	10023	0.0108405
10023	10024	0.0108156
10020	10024	0.0108156
2612	10025	0.010807
10024	10025	0.010807
8616	10026	0.0108008
10025	10026	0.0108008
10026	10027	0.0107975
4559	10027	0.0107975
8844	10028	0.0107965
10027	10028	0.0107965
2505	10028	0.0107965
8422	10029	0.0107878
10028	10029	0.0107878
2131	10030	0.010772
1670	10030	0.010772
10029	10030	0.010772
10030	10031	0.0107661
429	10031	0.0107661
10031	10032	0.0107555
3886	10032	0.0107555
2360	10033	0.0107479
10032	10033	0.0107479
10033	10034	0.0107412
9717	10034	0.0107412
4869	10035	0.0107384
10034	10035	0.0107384
5017	10036	0.0107193
10035	10036	0.0107193
10036	10037	0.0107156
8753	10037	0.0107156
2536	10037	0.0107156
10037	10038	0.0106891
2231	10038	0.0106891
10038	10039	0.0106846
523	10039	0.0106846
10039	10040	0.0106838
5361	10040	0.0106838
10040	10041	0.0106802
4187	10041	0.0106802
5759	10041	0.0106802
4429	10042	0.0106716
10041	10042	0.0106716
5161	10043	0.0106677
10042	10043	0.0106677
10043	10044	0.010665
4375	10044	0.010665
6084	10045	0.0106574
10044	10045	0.0106574
2041	10046	0.0106545
10045	10046	0.0106545
10046	10047	0.0106441
4003	10047	0.0106441
8653	10048	0.0106391
10047	10048	0.0106391
3246	10049	0.0106344
10048	10049	0.0106344
3065	10050	0.0106296
10049	10050	0.0106296
8657	10051	0.0106155
10050	10051	0.0106155
10051	10052	0.0106144
4608	10052	0.0106144
9931	10053	0.0106123
10052	10053	0.0106123
10053	10054	0.0105926
2880	10054	0.0105926
8621	10055	0.0105915
10054	10055	0.0105915
10055	10056	0.0105906
8749	10056	0.0105906
10056	10057	0.0105877
3082	10057	0.0105877
10057	10058	0.0105829
5761	10058	0.0105829
403	10059	0.0105795
10058	10059	0.0105795
10059	10060	0.0105781
1802	10060	0.0105781
8829	10061	0.0105762
10060	10061	0.0105762
2857	10062	0.010561
10061	10062	0.010561
5954	10063	0.0105494
10062	10063	0.0105494
3327	10064	0.0105477
10063	10064	0.0105477
3212	10065	0.0105401
10064	10065	0.0105401
10065	10066	0.010539
3090	10066	0.010539
3883	10067	0.010536
10066	10067	0.010536
4225	10068	0.0105286
10067	10068	0.0105286
10068	10069	0.0105181
3045	10069	0.0105181
4051	10070	0.0105171
10069	10070	0.0105171
4095	10071	0.0105105
8695	10071	0.0105105
10070	10071	0.0105105
2655	10072	0.0105057
4343	10072	0.0105057
10071	10072	0.0105057
10072	10073	0.0104963
3540	10073	0.0104963
8596	10074	0.0104942
10073	10074	0.0104942
10074	10075	0.0104847
4727	10075	0.0104847
1568	10076	0.0104837
10075	10076	0.0104837
2468	10077	0.0104818
10076	10077	0.0104818
10077	10078	0.0104808
3348	10078	0.0104808
10078	10079	0.010479
223	10079	0.010479
1788	10079	0.010479
10079	10080	0.0104772
9928	10080	0.0104772
4971	10080	0.0104772
6089	10081	0.0104627
8723	10081	0.0104627
10080	10081	0.0104627
4234	10082	0.0104475
10081	10082	0.0104475
10082	10083	0.0104456
1313	10083	0.0104456
8692	10084	0.0104312
8705	10084	0.0104312
10083	10084	0.0104312
10084	10085	0.0104283
184	10085	0.0104283
10085	10086	0.0104237
4602	10086	0.0104237
10086	10087	0.0104055
5448	10087	0.0104055
10087	10088	0.0103999
5473	10088	0.0103999
2303	10089	0.0103982
10088	10089	0.0103982
10089	10090	0.0103943
3100	10090	0.0103943
574	10091	0.0103864
10090	10091	0.0103864
9731	10092	0.0103836
10091	10092	0.0103836
10092	10093	0.0103618
1237	10093	0.0103618
1332	10094	0.0103463
10093	10094	0.0103463
10094	10095	0.0103446
3155	10095	0.0103446
8660	10096	0.0103435
10095	10096	0.0103435
4432	10097	0.0103427
10096	10097	0.0103427
417	10098	0.0103348
10097	10098	0.0103348
10098	10099	0.010333
918	10099	0.010333
10099	10100	0.0103302
606	10100	0.0103302
3361	10100	0.0103302
5250	10101	0.0103292
10100	10101	0.0103292
38	10102	0.0108061
3595	10102	0.0108061
1162	10103	0.0111216
318	10103	0.0111216
9734	10104	0.0130518
3664	10104	0.0130518
1743	10105	0.0115394
5723	10105	0.0115394
5947	10106	0.0107011
1318	10106	0.0107011
1511	10107	0.0121081
3143	10107	0.0121081
6038	10108	0.0126306
5265	10108	0.0126306
10108	10109	0.0113925
4839	10109	0.0113925
10101	10110	0.0103273
1504	10110	0.0103273
10110	10111	0.0103238
4710	10111	0.0103238
738	10112	0.0103226
10111	10112	0.0103226
8478	10113	0.0103177
8479	10113	0.0103177
10112	10113	0.0103177
10113	10114	0.0103095
2492	10114	0.0103095
5974	10115	0.0103063
10114	10115	0.0103063
2176	10116	0.0103054
10115	10116	0.0103054
4376	10117	0.010297
2613	10117	0.010297
10116	10117	0.010297
3633	10118	0.0102844
10117	10118	0.0102844
10118	10119	0.010275
4	10119	0.010275
1934	10119	0.010275
10119	10120	0.0102711
3767	10120	0.0102711
6245	10121	0.010268
10120	10121	0.010268
10121	10122	0.0102626
1198	10122	0.0102626
10122	10123	0.0102596
4139	10123	0.0102596
10123	10124	0.0102588
1480	10124	0.0102588
3392	10125	0.0102568
10124	10125	0.0102568
5824	10126	0.0102557
10125	10126	0.0102557
603	10126	0.0102557
8841	10127	0.0102542
10126	10127	0.0102542
10127	10128	0.0102424
5851	10128	0.0102424
10128	10129	0.0102369
125	10129	0.0102369
1110	10130	0.010234
10129	10130	0.010234
10130	10131	0.0102329
3895	10131	0.0102329
10131	10132	0.0102304
2156	10132	0.0102304
10132	10133	0.010229
2109	10133	0.010229
1219	10134	0.0102262
10133	10134	0.0102262
8838	10135	0.0102204
10134	10135	0.0102204
10135	10136	0.010215
3235	10136	0.010215
4729	10137	0.0102129
10136	10137	0.0102129
476	10138	0.0102062
10137	10138	0.0102062
10138	10139	0.0101881
146	10139	0.0101881
8716	10139	0.0101881
5688	10139	0.0101881
10139	10140	0.010185
3900	10140	0.010185
1559	10141	0.0101776
10140	10141	0.0101776
10141	10142	0.0101757
1798	10142	0.0101757
4364	10143	0.0101728
128	10143	0.0101728
10142	10143	0.0101728
10143	10144	0.0101672
2726	10144	0.0101672
10144	10145	0.0101624
3040	10145	0.0101624
10145	10146	0.0101614
1156	10146	0.0101614
10146	10147	0.0101576
3530	10147	0.0101576
8843	10148	0.0101422
10147	10148	0.0101422
10148	10149	0.0101319
2194	10149	0.0101319
10149	10150	0.0101194
839	10150	0.0101194
10106	10150	0.0101194
4959	10150	0.0101194
5737	10151	0.0101174
10150	10151	0.0101174
10151	10152	0.0101128
1144	10152	0.0101128
10152	10153	0.0101099
8424	10153	0.0101099
9736	10153	0.0101099
2490	10154	0.0101089
10153	10154	0.0101089
10154	10155	0.0100989
2284	10155	0.0100989
2495	10156	0.0100955
3921	10156	0.0100955
10155	10156	0.0100955
10105	10157	0.0101728
2151	10157	0.0101728
10156	10158	0.0100936
5351	10158	0.0100936
10158	10159	0.0100881
3455	10159	0.0100881
8839	10160	0.0100821
10159	10160	0.0100821
10160	10161	0.0100814
10157	10161	0.0100814
3489	10162	0.0100795
10161	10162	0.0100795
10162	10163	0.0100765
1239	10163	0.0100765
10163	10164	0.0100632
500	10164	0.0100632
122	10165	0.0100603
10164	10165	0.0100603
4324	10166	0.0100584
10165	10166	0.0100584
2983	10167	0.0100555
10166	10167	0.0100555
10167	10168	0.0100309
2821	10168	0.0100309
10168	10169	0.0100205
2909	10169	0.0100205
10169	10170	0.0100185
3120	10170	0.0100185
8557	10171	0.0100106
10170	10171	0.0100106
8773	10172	0.010003
10171	10172	0.010003
10172	10173	0.0100022
4010	10173	0.0100022
9738	10174	0.0100012
5410	10174	0.0100012
10173	10174	0.0100012
10174	10175	0.00999821
5892	10175	0.00999821
1718	10176	0.00999713
10175	10176	0.00999713
3204	10176	0.00999713
10176	10177	0.00999453
4171	10177	0.00999453
8693	10178	0.009985
10177	10178	0.009985
10178	10179	0.00997938
338	10179	0.00997938
387	10180	0.00997744
10179	10180	0.00997744
654	10180	0.00997744
10180	10181	0.009967
2672	10181	0.009967
10181	10182	0.00996407
3188	10182	0.00996407
10182	10183	0.00994594
897	10183	0.00994594
10183	10184	0.00994499
336	10184	0.00994499
382	10185	0.0099418
10184	10185	0.0099418
4159	10186	0.0099324
10185	10186	0.0099324
10186	10187	0.00993008
707	10187	0.00993008
3134	10188	0.00992476
10187	10188	0.00992476
10188	10189	0.00992298
3436	10189	0.00992298
4724	10190	0.0099201
10189	10190	0.0099201
10190	10191	0.00990304
2934	10191	0.00990304
10191	10192	0.00990218
8630	10192	0.00990218
5507	10192	0.00990218
10192	10193	0.00989063
2528	10193	0.00989063
10193	10194	0.00988689
5791	10194	0.00988689
10194	10195	0.00987905
3206	10195	0.00987905
243	10196	0.00987149
10195	10196	0.00987149
10196	10197	0.00986412
4637	10197	0.00986412
10197	10198	0.00985902
5890	10198	0.00985902
624	10199	0.00985714
10198	10199	0.00985714
10199	10200	0.00985519
4098	10200	0.00985519
10200	10201	0.00985093
4769	10201	0.00985093
4659	10202	0.00984374
10201	10202	0.00984374
10202	10203	0.00983803
5330	10203	0.00983803
4978	10204	0.00983706
10203	10204	0.00983706
4810	10205	0.00981925
10204	10205	0.00981925
4009	10206	0.00979326
4909	10206	0.00979326
10205	10206	0.00979326
10206	10207	0.00978956
4916	10207	0.00978956
2441	10207	0.00978956
2518	10208	0.00978681
10207	10208	0.00978681
10208	10209	0.00977519
3832	10209	0.00977519
10209	10210	0.00976484
2690	10210	0.00976484
10210	10211	0.00976274
1969	10211	0.00976274
10211	10212	0.00975408
5247	10212	0.00975408
9730	10213	0.00975229
10212	10213	0.00975229
5830	10214	0.00974256
10213	10214	0.00974256
10214	10215	0.00972084
1324	10215	0.00972084
10215	10216	0.00971774
306	10216	0.00971774
10216	10217	0.00971312
1408	10217	0.00971312
10217	10218	0.00970174
4219	10218	0.00970174
10218	10219	0.00968554
5582	10219	0.00968554
10219	10220	0.0096836
4316	10220	0.0096836
3548	10221	0.00968077
10220	10221	0.00968077
501	10221	0.00968077
10221	10222	0.00967983
713	10222	0.00967983
117	10222	0.00967983
1757	10223	0.00967779
10222	10223	0.00967779
4355	10224	0.00967314
10223	10224	0.00967314
10224	10225	0.00965691
3974	10225	0.00965691
732	10226	0.00964159
10225	10226	0.00964159
10226	10227	0.00963429
1652	10227	0.00963429
10227	10228	0.00962465
5579	10228	0.00962465
10228	10229	0.00961422
1207	10229	0.00961422
4284	10230	0.00959591
10229	10230	0.00959591
2073	10231	0.00957681
10230	10231	0.00957681
4606	10231	0.00957681
10231	10232	0.00957572
591	10232	0.00957572
10232	10233	0.00957488
2081	10233	0.00957488
8706	10234	0.00956632
10233	10234	0.00956632
10234	10235	0.0095624
213	10235	0.0095624
1767	10236	0.00955692
10235	10236	0.00955692
10236	10237	0.00953752
4075	10237	0.00953752
10237	10238	0.00953317
1005	10238	0.00953317
10238	10239	0.00951863
10104	10239	0.00951863
9739	10240	0.00951773
10239	10240	0.00951773
10240	10241	0.00950624
1933	10241	0.00950624
8388	10242	0.00950427
10241	10242	0.00950427
8748	10243	0.00948331
10242	10243	0.00948331
55	10243	0.00948331
5972	10243	0.00948331
4346	10244	0.00947473
10243	10244	0.00947473
5420	10245	0.00946777
10244	10245	0.00946777
8520	10246	0.00946714
633	10246	0.00946714
10245	10246	0.00946714
10246	10247	0.00945646
3512	10247	0.00945646
5481	10248	0.00943752
10247	10248	0.00943752
5862	10248	0.00943752
10248	10249	0.00943689
980	10249	0.00943689
1290	10249	0.00943689
10109	10249	0.00943689
2820	10250	0.0094338
10249	10250	0.0094338
10250	10251	0.00942811
2890	10251	0.00942811
350	10251	0.00942811
10251	10252	0.00942518
1823	10252	0.00942518
10252	10253	0.00942222
1526	10253	0.00942222
10253	10254	0.00942135
817	10254	0.00942135
10254	10255	0.00941849
796	10255	0.00941849
10255	10256	0.00939817
1824	10256	0.00939817
10256	10257	0.00939383
5985	10257	0.00939383
10257	10258	0.00939076
2302	10258	0.00939076
10258	10259	0.00938995
3966	10259	0.00938995
10259	10260	0.00938515
2208	10260	0.00938515
4021	10261	0.00936141
10260	10261	0.00936141
10261	10262	0.00935548
2817	10262	0.00935548
2594	10263	0.00935448
10262	10263	0.00935448
4208	10263	0.00935448
5523	10263	0.00935448
10263	10264	0.0093479
4175	10264	0.0093479
1039	10265	0.00934302
10264	10265	0.00934302
10265	10266	0.00934034
1476	10266	0.00934034
8729	10267	0.00933256
8601	10267	0.00933256
10266	10267	0.00933256
10267	10268	0.00931644
1414	10268	0.00931644
10268	10269	0.00931523
5814	10269	0.00931523
3044	10270	0.00931359
10269	10270	0.00931359
5291	10270	0.00931359
8709	10271	0.00929932
2798	10271	0.00929932
10270	10271	0.00929932
10271	10272	0.0092802
4962	10272	0.0092802
10272	10273	0.00927921
49	10273	0.00927921
1351	10274	0.00927826
10273	10274	0.00927826
10274	10275	0.00926386
5600	10275	0.00926386
8477	10276	0.00926205
10275	10276	0.00926205
5658	10277	0.00925723
10276	10277	0.00925723
2464	10278	0.00963596
3868	10278	0.00963596
10278	10279	0.00945216
5719	10279	0.00945216
10277	10280	0.00924143
5956	10280	0.00924143
9726	10280	0.00924143
1614	10280	0.00924143
10103	10280	0.00924143
789	10281	0.00923439
10280	10281	0.00923439
1393	10282	0.00923356
10281	10282	0.00923356
10282	10283	0.00922743
926	10283	0.00922743
5152	10284	0.00922575
10283	10284	0.00922575
10284	10285	0.00922305
730	10285	0.00922305
8678	10286	0.00922203
10285	10286	0.00922203
3950	10287	0.00921919
10286	10287	0.00921919
1073	10288	0.00920204
10287	10288	0.00920204
10288	10289	0.0091962
8778	10289	0.0091962
3824	10289	0.0091962
2174	10290	0.00919149
10289	10290	0.00919149
8762	10291	0.00919028
10290	10291	0.00919028
2676	10292	0.00917147
10291	10292	0.00917147
2549	10293	0.0091628
10292	10293	0.0091628
10293	10294	0.00915426
8416	10294	0.00915426
1379	10294	0.00915426
3191	10295	0.00914967
10294	10295	0.00914967
10295	10296	0.00913717
818	10296	0.00913717
1254	10297	0.00913424
10296	10297	0.00913424
3503	10298	0.00912164
10297	10298	0.00912164
10298	10299	0.00912016
557	10299	0.00912016
8793	10300	0.00911809
10299	10300	0.00911809
5399	10301	0.00911023
10300	10301	0.00911023
10301	10302	0.0091029
421	10302	0.0091029
10302	10303	0.00909529
10279	10303	0.00909529
10303	10304	0.00909328
2715	10304	0.00909328
10304	10305	0.00909137
1980	10305	0.00909137
10305	10306	0.00908662
2575	10306	0.00908662
4889	10306	0.00908662
10306	10307	0.00907599
9737	10307	0.00907599
3739	10308	0.00907428
10307	10308	0.00907428
1930	10309	0.00907238
10308	10309	0.00907238
2870	10309	0.00907238
2727	10310	0.0090618
10309	10310	0.0090618
3402	10311	0.00905417
10310	10311	0.00905417
1279	10312	0.00904825
10311	10312	0.00904825
10312	10313	0.00904001
1695	10313	0.00904001
10313	10314	0.00903052
4005	10314	0.00903052
6081	10315	0.00902944
10314	10315	0.00902944
3278	10315	0.00902944
10315	10316	0.00901129
4484	10316	0.00901129
10316	10317	0.00900944
3700	10317	0.00900944
10317	10318	0.00900662
711	10318	0.00900662
10318	10319	0.0090037
10102	10319	0.0090037
3225	10320	0.00899698
10319	10320	0.00899698
1346	10321	0.00899419
10320	10321	0.00899419
10321	10322	0.00898934
1605	10322	0.00898934
10322	10323	0.00898773
2477	10323	0.00898773
10323	10324	0.00897508
3273	10324	0.00897508
10324	10325	0.0089666
539	10325	0.0089666
10325	10326	0.00895968
2965	10326	0.00895968
10326	10327	0.00895597
1150	10327	0.00895597
3761	10328	0.00894538
10327	10328	0.00894538
10328	10329	0.00893884
437	10329	0.00893884
2445	10330	0.00893213
10329	10330	0.00893213
5645	10331	0.00892634
10330	10331	0.00892634
6242	10332	0.00892071
1738	10332	0.00892071
10331	10332	0.00892071
739	10333	0.00891694
10332	10333	0.00891694
1388	10334	0.00889975
10333	10334	0.00889975
10334	10335	0.00889663
5503	10335	0.00889663
4973	10336	0.00889211
10335	10336	0.00889211
1981	10337	0.00888346
10336	10337	0.00888346
10337	10338	0.00887887
2839	10338	0.00887887
10338	10339	0.00886735
113	10339	0.00886735
10339	10340	0.00886456
3259	10340	0.00886456
10340	10341	0.00885276
5908	10341	0.00885276
10341	10342	0.00884565
630	10342	0.00884565
10342	10343	0.0088406
4778	10343	0.0088406
2320	10344	0.00883975
10343	10344	0.00883975
3525	10345	0.00883389
10344	10345	0.00883389
10345	10346	0.0088214
28	10346	0.0088214
10346	10347	0.00881954
1683	10347	0.00881954
8654	10348	0.00881572
10347	10348	0.00881572
10348	10349	0.0088148
4412	10349	0.0088148
1992	10350	0.00881103
10349	10350	0.00881103
10350	10351	0.00881003
1222	10351	0.00881003
10351	10352	0.00879868
495	10352	0.00879868
10352	10353	0.00879387
4269	10353	0.00879387
6159	10354	0.00878804
10353	10354	0.00878804
10354	10355	0.00877763
1429	10355	0.00877763
10355	10356	0.00877675
1402	10356	0.00877675
660	10357	0.00877552
10356	10357	0.00877552
10357	10358	0.00876331
5487	10358	0.00876331
10358	10359	0.00876237
2996	10359	0.00876237
10359	10360	0.00875272
2345	10360	0.00875272
10360	10361	0.00874907
1994	10361	0.00874907
10361	10362	0.00874702
3922	10362	0.00874702
2873	10363	0.00874444
10362	10363	0.00874444
10363	10364	0.00874339
556	10364	0.00874339
10364	10365	0.00873386
2036	10365	0.00873386
4515	10366	0.00872232
3935	10366	0.00872232
10365	10366	0.00872232
10366	10367	0.00871115
3088	10367	0.00871115
3736	10368	0.00870237
10367	10368	0.00870237
10368	10369	0.00868537
2544	10369	0.00868537
10369	10370	0.00867346
201	10370	0.00867346
8586	10371	0.00867185
10370	10371	0.00867185
388	10371	0.00867185
10371	10372	0.00866988
314	10372	0.00866988
4605	10373	0.00866777
10372	10373	0.00866777
10373	10374	0.00866708
2765	10374	0.00866708
10374	10375	0.00866417
3261	10375	0.00866417
10375	10376	0.00866236
3660	10376	0.00866236
2607	10377	0.00865462
10376	10377	0.00865462
10377	10378	0.008647
2026	10378	0.008647
10378	10379	0.00864211
4082	10379	0.00864211
3035	10380	0.00863738
10379	10380	0.00863738
10380	10381	0.00862498
3551	10381	0.00862498
10381	10382	0.00861629
725	10382	0.00861629
5819	10382	0.00861629
10382	10383	0.00861143
2332	10383	0.00861143
10383	10384	0.00860243
1745	10384	0.00860243
10384	10385	0.0085906
924	10385	0.0085906
10385	10386	0.00858975
4439	10386	0.00858975
4936	10387	0.00858402
10386	10387	0.00858402
4077	10387	0.00858402
10387	10388	0.00857537
1721	10388	0.00857537
10388	10389	0.00856402
4937	10389	0.00856402
10389	10390	0.00854299
2610	10390	0.00854299
10390	10391	0.00854108
5707	10391	0.00854108
10391	10392	0.00853537
4818	10392	0.00853537
8487	10393	0.00853143
10392	10393	0.00853143
4747	10394	0.00852956
10393	10394	0.00852956
10394	10395	0.00852589
3496	10395	0.00852589
10395	10396	0.00852298
5696	10396	0.00852298
10396	10397	0.00850963
1028	10397	0.00850963
5276	10398	0.00858016
532	10398	0.00858016
10107	10399	0.00852389
4344	10399	0.00852389
10397	10400	0.00850681
1149	10400	0.00850681
1065	10401	0.0085048
10400	10401	0.0085048
3980	10402	0.00850105
10401	10402	0.00850105
3158	10402	0.00850105
10402	10403	0.00849914
10398	10403	0.00849914
10403	10404	0.00848958
1309	10404	0.00848958
923	10405	0.00848462
10404	10405	0.00848462
5496	10405	0.00848462
9741	10406	0.00848395
10405	10406	0.00848395
1258	10406	0.00848395
10406	10407	0.00847341
2619	10407	0.00847341
10399	10407	0.00847341
1759	10408	0.0084563
10407	10408	0.0084563
10408	10409	0.00845433
4275	10409	0.00845433
10409	10410	0.00845366
4013	10410	0.00845366
5308	10411	0.00843911
10410	10411	0.00843911
2363	10411	0.00843911
6085	10412	0.00843427
10411	10412	0.00843427
10412	10413	0.00842102
3881	10413	0.00842102
10413	10414	0.00841908
5741	10414	0.00841908
4546	10415	0.00928404
1188	10415	0.00928404
1245	10416	0.0109921
1489	10416	0.0109921
5366	10417	0.00918657
1604	10417	0.00918657
2298	10418	0.00885873
293	10418	0.00885873
8558	10419	0.0163642
320	10419	0.0163642
1855	10420	0.019865
5602	10420	0.019865
2782	10421	0.0090132
1192	10421	0.0090132
4312	10422	0.0165121
2708	10422	0.0165121
3226	10423	0.00968269
3018	10423	0.00968269
5691	10424	0.00862697
4042	10424	0.00862697
5700	10425	0.00960734
4481	10425	0.00960734
5210	10426	0.0117226
4763	10426	0.0117226
12	10427	0.00777815
2129	10427	0.00777815
6093	10428	0.00497254
2565	10428	0.00497254
1783	10429	0.00594136
5636	10429	0.00594136
708	10430	0.00390917
19	10430	0.00390917
2858	10431	0.00452145
3052	10431	0.00452145
5751	10432	0.00392724
2042	10432	0.00392724
8813	10433	0.00435451
4595	10433	0.00435451
5776	10434	0.0074851
1613	10434	0.0074851
6070	10435	0.00629511
5752	10435	0.00629511
4985	10436	0.00437066
663	10436	0.00437066
3683	10437	0.00619692
8391	10437	0.00619692
4858	10438	0.00580217
1327	10438	0.00580217
1569	10439	0.00781731
4294	10439	0.00781731
5563	10440	0.00813964
2836	10440	0.00813964
4688	10441	0.00746522
4509	10441	0.00746522
8823	10442	0.00754264
2845	10442	0.00754264
276	10443	0.00747324
10442	10443	0.00747324
4457	10444	0.00758377
8476	10444	0.00758377
5729	10445	0.00779056
5497	10445	0.00779056
8760	10446	0.00841632
10414	10446	0.00841632
10446	10447	0.00841516
1053	10447	0.00841516
1985	10448	0.00840657
8541	10448	0.00840657
10447	10448	0.00840657
10448	10449	0.00840282
1277	10449	0.00840282
10449	10450	0.00840074
2807	10450	0.00840074
10450	10451	0.00839709
2570	10451	0.00839709
10451	10452	0.00839328
5354	10452	0.00839328
10452	10453	0.00837515
2340	10453	0.00837515
10453	10454	0.00837427
2449	10454	0.00837427
8828	10455	0.00836652
10454	10455	0.00836652
4445	10456	0.00834466
10455	10456	0.00834466
10456	10457	0.00834155
53	10457	0.00834155
185	10457	0.00834155
311	10457	0.00834155
1345	10457	0.00834155
10416	10457	0.00834155
1739	10457	0.00834155
2276	10457	0.00834155
3219	10457	0.00834155
2561	10457	0.00834155
4871	10457	0.00834155
10417	10457	0.00834155
4757	10458	0.00832367
10457	10458	0.00832367
4955	10459	0.00832079
10458	10459	0.00832079
195	10460	0.00831902
4528	10460	0.00831902
10459	10460	0.00831902
10460	10461	0.00830265
2317	10461	0.00830265
10461	10462	0.00829941
13	10462	0.00829941
10462	10463	0.00829124
6011	10463	0.00829124
10463	10464	0.00827399
2397	10464	0.00827399
67	10465	0.00825027
10464	10465	0.00825027
8362	10466	0.00824361
10465	10466	0.00824361
851	10467	0.00824252
10466	10467	0.00824252
665	10467	0.00824252
2579	10467	0.00824252
3087	10468	0.00823214
10467	10468	0.00823214
10468	10469	0.00822817
1896	10469	0.00822817
10469	10470	0.00821883
2003	10470	0.00821883
3542	10471	0.00821112
10470	10471	0.00821112
10471	10472	0.00820926
3172	10472	0.00820926
10472	10473	0.00819584
4750	10473	0.00819584
8822	10474	0.00819089
10473	10474	0.00819089
538	10475	0.00818553
10474	10475	0.00818553
2373	10476	0.00817847
10475	10476	0.00817847
2300	10477	0.00817113
10476	10477	0.00817113
5844	10478	0.0081692
10477	10478	0.0081692
582	10479	0.00816154
10478	10479	0.00816154
10479	10480	0.00816054
1589	10480	0.00816054
3982	10481	0.00815582
10480	10481	0.00815582
10481	10482	0.00814716
2596	10482	0.00814716
5727	10483	0.00813208
10482	10483	0.00813208
976	10484	0.00812622
10483	10484	0.00812622
10484	10485	0.00812485
2484	10485	0.00812485
3912	10486	0.00810526
10485	10486	0.00810526
3891	10487	0.0081033
10486	10487	0.0081033
10487	10488	0.00809955
6053	10488	0.00809955
5916	10489	0.00809464
10488	10489	0.00809464
10489	10490	0.00808802
378	10490	0.00808802
10490	10491	0.00807965
2394	10491	0.00807965
10491	10492	0.00807779
2104	10492	0.00807779
3871	10493	0.00807505
10492	10493	0.00807505
1134	10494	0.00807103
10493	10494	0.00807103
155	10495	0.00806037
10494	10495	0.00806037
2687	10496	0.00805755
10495	10496	0.00805755
10418	10496	0.00805755
10496	10497	0.00805374
6071	10497	0.00805374
786	10498	0.00804982
10497	10498	0.00804982
10498	10499	0.00804612
1631	10499	0.00804612
10499	10500	0.0080432
5588	10500	0.0080432
10500	10501	0.00804206
4982	10501	0.00804206
10501	10502	0.00803759
1682	10502	0.00803759
235	10503	0.00801939
10502	10503	0.00801939
257	10504	0.00801472
10503	10504	0.00801472
2458	10505	0.00800788
10504	10505	0.00800788
4064	10506	0.00799744
10505	10506	0.00799744
10506	10507	0.00799458
323	10507	0.00799458
3207	10508	0.00797722
10507	10508	0.00797722
2728	10509	0.00797553
10508	10509	0.00797553
10509	10510	0.0079622
3390	10510	0.0079622
10510	10511	0.0079546
645	10511	0.0079546
5038	10512	0.00793365
10511	10512	0.00793365
10512	10513	0.00792419
683	10513	0.00792419
10513	10514	0.00791464
1532	10514	0.00791464
10514	10515	0.0079116
8679	10515	0.0079116
2699	10515	0.0079116
3867	10515	0.0079116
1580	10516	0.007925
170	10516	0.007925
5555	10517	0.00790982
10515	10517	0.00790982
10517	10518	0.00789825
900	10518	0.00789825
10518	10519	0.00789624
10422	10519	0.00789624
3304	10520	0.00789443
10519	10520	0.00789443
1390	10521	0.00788878
10520	10521	0.00788878
5683	10522	0.00788772
10521	10522	0.00788772
10522	10523	0.00788032
5702	10523	0.00788032
10523	10524	0.00787454
5510	10524	0.00787454
10524	10525	0.00787357
2229	10525	0.00787357
1609	10525	0.00787357
10525	10526	0.00786792
5813	10526	0.00786792
10526	10527	0.00786112
778	10527	0.00786112
741	10528	0.00785842
10527	10528	0.00785842
10528	10529	0.00785051
2201	10529	0.00785051
10529	10530	0.00784491
154	10530	0.00784491
8802	10531	0.00782686
10530	10531	0.00782686
10531	10532	0.00782023
1054	10532	0.00782023
5822	10532	0.00782023
4329	10533	0.00781335
10532	10533	0.00781335
10533	10534	0.00780684
1034	10534	0.00780684
941	10535	0.00779894
10534	10535	0.00779894
4864	10535	0.00779894
4840	10535	0.00779894
960	10536	0.00779819
10535	10536	0.00779819
5655	10537	0.00779517
10536	10537	0.00779517
5085	10538	0.00778403
10537	10538	0.00778403
10538	10539	0.00776847
561	10539	0.00776847
10539	10540	0.00776673
5047	10540	0.00776673
10540	10541	0.00775337
10516	10541	0.00775337
10541	10542	0.00775173
112	10542	0.00775173
6201	10543	0.00774662
10542	10543	0.00774662
10543	10544	0.00774001
779	10544	0.00774001
5071	10545	0.00773619
10544	10545	0.00773619
4443	10546	0.0077342
10545	10546	0.0077342
10546	10547	0.00773327
2670	10547	0.00773327
10547	10548	0.00773231
4634	10548	0.00773231
3620	10549	0.00772561
10548	10549	0.00772561
10549	10550	0.00772471
4273	10550	0.00772471
10550	10551	0.00771522
2051	10551	0.00771522
5852	10552	0.0077133
10551	10552	0.0077133
10552	10553	0.0077114
219	10553	0.0077114
1017	10554	0.00765037
8691	10554	0.00765037
10553	10555	0.00770094
4194	10555	0.00770094
10555	10556	0.00769804
10424	10556	0.00769804
10556	10557	0.00768928
2540	10557	0.00768928
4914	10558	0.0076799
10557	10558	0.0076799
10558	10559	0.00766941
474	10559	0.00766941
10559	10560	0.00766751
1677	10560	0.00766751
10560	10561	0.00766573
10419	10561	0.00766573
841	10561	0.00766573
8698	10562	0.00766091
10561	10562	0.00766091
627	10563	0.00765931
10562	10563	0.00765931
2754	10564	0.00765517
10563	10564	0.00765517
10564	10565	0.00765326
948	10565	0.00765326
10565	10566	0.00764939
10421	10566	0.00764939
10566	10567	0.00764462
4087	10567	0.00764462
10567	10568	0.00764255
141	10568	0.00764255
10568	10569	0.00763985
2590	10569	0.00763985
10569	10570	0.00763035
1624	10570	0.00763035
10570	10571	0.00761418
716	10571	0.00761418
10571	10572	0.0076074
5854	10572	0.0076074
1233	10573	0.00764763
697	10573	0.00764763
3363	10574	0.0076046
10572	10574	0.0076046
10574	10575	0.00758448
2650	10575	0.00758448
4399	10576	0.00757034
10575	10576	0.00757034
8811	10577	0.00756856
10576	10577	0.00756856
10577	10578	0.00756456
4548	10578	0.00756456
8568	10579	0.00756263
2865	10579	0.00756263
10578	10579	0.00756263
10579	10580	0.00755592
834	10580	0.00755592
10573	10580	0.00755592
4473	10581	0.00754937
10580	10581	0.00754937
5429	10582	0.00754835
10581	10582	0.00754835
10554	10583	0.00754641
5818	10583	0.00754641
1931	10583	0.00754641
2198	10583	0.00754641
3666	10583	0.00754641
8818	10583	0.00754641
10582	10583	0.00754641
8683	10584	0.00753616
10583	10584	0.00753616
3904	10585	0.00753114
10584	10585	0.00753114
2824	10586	0.0075292
10585	10586	0.0075292
10586	10587	0.00752356
317	10587	0.00752356
10587	10588	0.00752057
5408	10588	0.00752057
10588	10589	0.00751982
1479	10589	0.00751982
768	10590	0.00751407
10589	10590	0.00751407
3228	10591	0.00750541
10590	10591	0.00750541
8480	10592	0.00750438
10591	10592	0.00750438
558	10593	0.00750358
10592	10593	0.00750358
261	10594	0.00755492
1093	10594	0.00755492
5842	10595	0.00838376
1840	10595	0.00838376
2402	10596	0.00789825
5153	10596	0.00789825
10595	10597	0.00776482
10596	10597	0.00776482
1267	10598	0.00831033
1551	10598	0.00831033
10593	10599	0.00749775
5929	10599	0.00749775
999	10600	0.00749207
886	10600	0.00749207
10599	10601	0.00748919
10600	10601	0.00748919
10601	10602	0.00748746
5397	10602	0.00748746
8814	10603	0.00748349
10602	10603	0.00748349
10603	10604	0.00748145
4989	10604	0.00748145
3996	10605	0.00746342
10604	10605	0.00746342
10605	10606	0.0074606
3256	10606	0.0074606
10606	10607	0.00745593
1949	10607	0.00745593
10607	10608	0.00744733
1210	10608	0.00744733
3306	10608	0.00744733
10597	10608	0.00744733
10608	10609	0.00743298
5902	10609	0.00743298
5746	10610	0.00742732
10609	10610	0.00742732
10610	10611	0.00742435
103	10611	0.00742435
4455	10611	0.00742435
5472	10612	0.00741285
10611	10612	0.00741285
10612	10613	0.00740426
3016	10613	0.00740426
4172	10614	0.00739767
10613	10614	0.00739767
1008	10615	0.0073862
10614	10615	0.0073862
10615	10616	0.00738534
5252	10616	0.00738534
10616	10617	0.00736332
1540	10617	0.00736332
10617	10618	0.00735185
3606	10618	0.00735185
10618	10619	0.00734802
1995	10619	0.00734802
10619	10620	0.00733952
5428	10620	0.00733952
10620	10621	0.00733282
1497	10621	0.00733282
10621	10622	0.00733185
356	10622	0.00733185
10622	10623	0.00731757
1471	10623	0.00731757
4031	10623	0.00731757
2199	10624	0.00731566
10623	10624	0.00731566
242	10625	0.00731482
10624	10625	0.00731482
8815	10626	0.00730895
10625	10626	0.00730895
4191	10627	0.00730327
10626	10627	0.00730327
10627	10628	0.00729845
1109	10628	0.00729845
2971	10629	0.00729747
10628	10629	0.00729747
3340	10630	0.0072939
273	10630	0.0072939
10629	10630	0.0072939
10630	10631	0.00728994
2192	10631	0.00728994
3806	10632	0.00728704
1648	10632	0.00728704
10631	10632	0.00728704
10632	10633	0.00727654
3416	10633	0.00727654
8797	10634	0.00727557
3710	10634	0.00727557
224	10634	0.00727557
10633	10634	0.00727557
10634	10635	0.00727179
3836	10635	0.00727179
8638	10636	0.00726025
10635	10636	0.00726025
10636	10637	0.00725742
2810	10637	0.00725742
4117	10638	0.0072556
10637	10638	0.0072556
10638	10639	0.0072479
3965	10639	0.0072479
4267	10640	0.00724408
10639	10640	0.00724408
2122	10641	0.00723744
10640	10641	0.00723744
10641	10642	0.00722977
1421	10642	0.00722977
2545	10642	0.00722977
2760	10643	0.00722788
10642	10643	0.00722788
10643	10644	0.00722588
2914	10644	0.00722588
10644	10645	0.00722124
1576	10645	0.00722124
10645	10646	0.00721741
5918	10646	0.00721741
10646	10647	0.00721447
8592	10647	0.00721447
4018	10647	0.00721447
4807	10648	0.00720215
10647	10648	0.00720215
10648	10649	0.00719735
2239	10649	0.00719735
10649	10650	0.00719643
280	10650	0.00719643
10650	10651	0.00719259
1330	10651	0.00719259
10598	10651	0.00719259
2307	10651	0.00719259
5971	10651	0.00719259
8493	10652	0.00718982
10651	10652	0.00718982
10652	10653	0.0071878
638	10653	0.0071878
10653	10654	0.00717831
3452	10654	0.00717831
4468	10655	0.00716585
10654	10655	0.00716585
10655	10656	0.00716117
4933	10656	0.00716117
1577	10657	0.00715538
10656	10657	0.00715538
8809	10658	0.00715066
10657	10658	0.00715066
896	10659	0.00714966
10658	10659	0.00714966
85	10660	0.00714114
10659	10660	0.00714114
1966	10660	0.00714114
8576	10661	0.00714018
10660	10661	0.00714018
10661	10662	0.00713634
2918	10662	0.00713634
8803	10663	0.00713343
10662	10663	0.00713343
4019	10664	0.00731164
325	10664	0.00731164
10663	10665	0.00711346
3821	10665	0.00711346
3373	10666	0.00709737
10665	10666	0.00709737
10666	10667	0.0070915
8742	10667	0.0070915
10667	10668	0.00708197
626	10668	0.00708197
8810	10669	0.00705914
10668	10669	0.00705914
10669	10670	0.00705631
4628	10670	0.00705631
1315	10671	0.00705148
10670	10671	0.00705148
5398	10672	0.00704748
10671	10672	0.00704748
10672	10673	0.00704377
342	10673	0.00704377
10673	10674	0.00702757
3629	10674	0.00702757
2895	10675	0.00702002
10674	10675	0.00702002
10675	10676	0.00701242
4404	10676	0.00701242
1766	10677	0.00701045
10676	10677	0.00701045
10677	10678	0.00699803
1447	10678	0.00699803
3193	10679	0.00699424
3565	10679	0.00699424
10678	10679	0.00699424
6171	10680	0.00699036
10679	10680	0.00699036
1678	10681	0.006979
10680	10681	0.006979
10681	10682	0.00697141
6029	10682	0.00697141
10682	10683	0.00696655
5685	10683	0.00696655
6114	10684	0.00694847
10683	10684	0.00694847
10684	10685	0.00694562
2385	10685	0.00694562
862	10685	0.00694562
8540	10686	0.00693417
10685	10686	0.00693417
10686	10687	0.00693326
10594	10687	0.00693326
1204	10687	0.00693326
8724	10688	0.00693039
10687	10688	0.00693039
10688	10689	0.00692567
2541	10689	0.00692567
10689	10690	0.00692173
4146	10690	0.00692173
10690	10691	0.00691507
4643	10691	0.00691507
10691	10692	0.00688838
4604	10692	0.00688838
1037	10693	0.00688084
10692	10693	0.00688084
6249	10694	0.00687883
10693	10694	0.00687883
2717	10695	0.00685954
10694	10695	0.00685954
10695	10696	0.00685789
3916	10696	0.00685789
8752	10697	0.00685121
10696	10697	0.00685121
8825	10698	0.00685032
10697	10698	0.00685032
10698	10699	0.00684169
5593	10699	0.00684169
10699	10700	0.00683497
2835	10700	0.00683497
3425	10701	0.00683211
10700	10701	0.00683211
4843	10702	0.00683118
10701	10702	0.00683118
10702	10703	0.00682934
2168	10703	0.00682934
4102	10703	0.00682934
10703	10704	0.0068283
677	10704	0.0068283
10664	10705	0.00682554
5704	10705	0.00682554
10704	10706	0.00682257
10705	10706	0.00682257
42	10707	0.0068159
10706	10707	0.0068159
4597	10708	0.00680832
10707	10708	0.00680832
10708	10709	0.00680275
379	10709	0.00680275
2534	10710	0.00679282
10709	10710	0.00679282
10710	10711	0.00679197
1220	10711	0.00679197
970	10711	0.00679197
348	10712	0.00678629
10711	10712	0.00678629
10712	10713	0.00678165
3924	10713	0.00678165
10713	10714	0.00677199
3137	10714	0.00677199
10714	10715	0.00677106
4974	10715	0.00677106
4405	10716	0.0067911
767	10716	0.0067911
10715	10717	0.00676545
1098	10717	0.00676545
10717	10718	0.00671203
1923	10718	0.00671203
1088	10719	0.00670532
10718	10719	0.00670532
10719	10720	0.00668825
3308	10720	0.00668825
4211	10721	0.00668524
10720	10721	0.00668524
8826	10722	0.00668438
10721	10722	0.00668438
5156	10723	0.00667095
10722	10723	0.00667095
5680	10724	0.00666618
3284	10724	0.00666618
10723	10724	0.00666618
10724	10725	0.00666337
5647	10725	0.00666337
2987	10726	0.00665944
10725	10726	0.00665944
10726	10727	0.00665187
2725	10727	0.00665187
640	10728	0.00664811
10727	10728	0.00664811
10728	10729	0.00664424
1795	10729	0.00664424
2227	10729	0.00664424
2304	10730	0.00663952
10729	10730	0.00663952
10730	10731	0.00663359
1857	10731	0.00663359
77	10732	0.00663095
10731	10732	0.00663095
4665	10732	0.00663095
5832	10733	0.00662921
10732	10733	0.00662921
10733	10734	0.00662326
373	10734	0.00662326
8766	10734	0.00662326
10734	10735	0.00661938
552	10735	0.00661938
10735	10736	0.00661467
4600	10736	0.00661467
10736	10737	0.00661374
5518	10737	0.00661374
10737	10738	0.00660697
616	10738	0.00660697
10738	10739	0.00660049
4451	10739	0.00660049
3282	10740	0.00659749
10739	10740	0.00659749
10740	10741	0.00659078
458	10741	0.00659078
8820	10742	0.0065861
10741	10742	0.0065861
10742	10743	0.00657259
2183	10743	0.00657259
10743	10744	0.00656417
1534	10744	0.00656417
10744	10745	0.00656221
2952	10745	0.00656221
1602	10746	0.00654803
10745	10746	0.00654803
10746	10747	0.00654704
2197	10747	0.00654704
10747	10748	0.00654314
6033	10748	0.00654314
5957	10749	0.00653741
10748	10749	0.00653741
516	10750	0.00652796
10749	10750	0.00652796
10750	10751	0.00652704
749	10751	0.00652704
10751	10752	0.0065251
1491	10752	0.0065251
10752	10753	0.00651168
6057	10753	0.00651168
10753	10754	0.00651079
4037	10754	0.00651079
10754	10755	0.00650598
1161	10755	0.00650598
4144	10756	0.00649553
10755	10756	0.00649553
10756	10757	0.00649259
4498	10757	0.00649259
10757	10758	0.00649164
3022	10758	0.00649164
525	10759	0.00648214
10758	10759	0.00648214
5649	10760	0.00648036
10759	10760	0.00648036
3928	10761	0.00647067
2620	10761	0.00647067
10760	10761	0.00647067
5484	10762	0.00647855
2392	10762	0.00647855
4783	10763	0.00645924
10761	10763	0.00645924
3830	10764	0.00645833
10763	10764	0.00645833
1814	10765	0.00644682
10764	10765	0.00644682
4782	10766	0.00643827
10765	10766	0.00643827
4820	10767	0.00642977
377	10767	0.00642977
10766	10767	0.00642977
2825	10767	0.00642977
10767	10768	0.00642873
3132	10768	0.00642873
10768	10769	0.00642208
4059	10769	0.00642208
5565	10770	0.00642018
10769	10770	0.00642018
2167	10771	0.0064182
10770	10771	0.0064182
236	10772	0.00641538
10771	10772	0.00641538
4210	10773	0.00640197
10772	10773	0.00640197
1250	10774	0.00640126
10773	10774	0.00640126
10774	10775	0.00639061
1118	10775	0.00639061
10775	10776	0.00637814
3058	10776	0.00637814
10444	10777	0.00637441
10776	10777	0.00637441
4657	10778	0.00637048
10777	10778	0.00637048
8755	10779	0.00636391
10778	10779	0.00636391
10779	10780	0.00636092
8628	10780	0.00636092
2060	10780	0.00636092
10780	10781	0.0063506
374	10781	0.0063506
5268	10782	0.00634389
10781	10782	0.00634389
10782	10783	0.00633427
1372	10783	0.00633427
10783	10784	0.0063286
10423	10784	0.0063286
10784	10785	0.00632472
1493	10785	0.00632472
10785	10786	0.00631722
1111	10786	0.00631722
10786	10787	0.00628664
1283	10787	0.00628664
10787	10788	0.00627231
3360	10788	0.00627231
10788	10789	0.00626362
1523	10789	0.00626362
10789	10790	0.00625987
469	10790	0.00625987
135	10791	0.00628664
3092	10791	0.00628664
10790	10792	0.00625799
1960	10792	0.00625799
5566	10793	0.00624279
10792	10793	0.00624279
10793	10794	0.00624181
4854	10794	0.00624181
10794	10795	0.00623604
10791	10795	0.00623604
10795	10796	0.00623512
4338	10796	0.00623512
1889	10797	0.00622548
10796	10797	0.00622548
8782	10798	0.0062207
10797	10798	0.0062207
10798	10799	0.00621411
10762	10799	0.00621411
3030	10799	0.00621411
2283	10800	0.00620269
10799	10800	0.00620269
3374	10801	0.0061922
10800	10801	0.0061922
10801	10802	0.00617997
1660	10802	0.00617997
10802	10803	0.00617511
3362	10803	0.00617511
10803	10804	0.00616068
5086	10804	0.00616068
8681	10805	0.00614643
3817	10805	0.00614643
10804	10805	0.00614643
5713	10806	0.00625419
1475	10806	0.00625419
3533	10807	0.00614544
10805	10807	0.00614544
10807	10808	0.00614081
5422	10808	0.00614081
6199	10809	0.00613212
10808	10809	0.00613212
270	10810	0.00612925
10809	10810	0.00612925
8569	10811	0.00612733
10810	10811	0.00612733
10445	10812	0.0061204
2529	10812	0.0061204
10811	10812	0.0061204
6109	10813	0.00611216
10812	10813	0.00611216
3024	10814	0.0061007
3427	10814	0.0061007
10813	10814	0.0061007
833	10815	0.0060731
10814	10815	0.0060731
859	10815	0.0060731
8806	10816	0.00606835
10815	10816	0.00606835
5266	10817	0.00605294
10816	10817	0.00605294
3934	10817	0.00605294
3803	10818	0.00605195
10817	10818	0.00605195
10818	10819	0.00604817
8754	10819	0.00604817
2044	10819	0.00604817
10819	10820	0.00603285
1672	10820	0.00603285
10820	10821	0.00602347
4918	10821	0.00602347
10821	10822	0.00602254
1401	10822	0.00602254
10822	10823	0.00601771
3011	10823	0.00601771
10823	10824	0.00601383
8708	10824	0.00601383
4391	10825	0.00599476
10824	10825	0.00599476
2064	10826	0.00607584
5798	10826	0.00607584
10825	10827	0.00599295
2555	10827	0.00599295
10827	10828	0.00599109
1762	10828	0.00599109
4327	10829	0.00598333
10828	10829	0.00598333
1274	10830	0.00597869
10829	10830	0.00597869
1435	10831	0.00597179
4946	10831	0.00597179
5845	10831	0.00597179
10830	10831	0.00597179
8451	10832	0.00596714
10831	10832	0.00596714
10832	10833	0.00596605
1869	10833	0.00596605
10833	10834	0.00596328
1948	10834	0.00596328
10834	10835	0.00596136
2306	10835	0.00596136
8772	10836	0.00594615
10835	10836	0.00594615
762	10837	0.0059432
10836	10837	0.0059432
8452	10838	0.00594225
10837	10838	0.00594225
8765	10839	0.00590788
10838	10839	0.00590788
703	10840	0.0058898
10839	10840	0.0058898
3872	10841	0.005888
5485	10841	0.005888
10840	10841	0.005888
5264	10842	0.00588511
10841	10842	0.00588511
4301	10842	0.00588511
10842	10843	0.00588412
10826	10843	0.00588412
10843	10844	0.00588137
788	10844	0.00588137
10844	10845	0.00587254
2012	10845	0.00587254
1765	10846	0.00585937
10845	10846	0.00585937
10846	10847	0.00584506
1403	10847	0.00584506
10847	10848	0.00583839
763	10848	0.00583839
4245	10848	0.00583839
10848	10849	0.00582307
5174	10849	0.00582307
5861	10850	0.00581638
10849	10850	0.00581638
5792	10851	0.00580407
10850	10851	0.00580407
10851	10852	0.00580311
4774	10852	0.00580311
10852	10853	0.00580118
2085	10853	0.00580118
2532	10854	0.00578682
4357	10854	0.00578682
1722	10854	0.00578682
10853	10854	0.00578682
2615	10855	0.00577832
10854	10855	0.00577832
10855	10856	0.0057745
4153	10856	0.0057745
10856	10857	0.00574494
1469	10857	0.00574494
8796	10857	0.00574494
10857	10858	0.00573244
5014	10858	0.00573244
8801	10859	0.00572306
10858	10859	0.00572306
10859	10860	0.00571345
3169	10860	0.00571345
10860	10861	0.0057095
5419	10861	0.0057095
2434	10862	0.00570679
10861	10862	0.00570679
2920	10863	0.00570203
10862	10863	0.00570203
10716	10864	0.00585753
3116	10864	0.00585753
8680	10865	0.00570115
10863	10865	0.00570115
5227	10866	0.00569443
10865	10866	0.00569443
10866	10867	0.0056916
90	10867	0.0056916
2514	10868	0.00567918
10867	10868	0.00567918
2712	10869	0.00566485
10868	10869	0.00566485
10864	10869	0.00566485
10869	10870	0.00566286
4166	10870	0.00566286
10806	10870	0.00566286
2954	10871	0.00565051
10870	10871	0.00565051
497	10871	0.00565051
10871	10872	0.00564002
3826	10872	0.00564002
10872	10873	0.00561612
2091	10873	0.00561612
10873	10874	0.00560563
2973	10874	0.00560563
3146	10875	0.00559237
10874	10875	0.00559237
10443	10876	0.00558851
10875	10876	0.00558851
10876	10877	0.00558066
2927	10877	0.00558066
1466	10878	0.00557603
10877	10878	0.00557603
8549	10879	0.00557327
10878	10879	0.00557327
10879	10880	0.00557033
432	10880	0.00557033
4262	10880	0.00557033
10880	10881	0.00555131
5589	10881	0.00555131
8448	10882	0.00555039
10881	10882	0.00555039
719	10883	0.00832367
534	10883	0.00832367
4612	10884	0.0051279
4912	10884	0.0051279
10884	10885	0.00447749
949	10885	0.00447749
1784	10886	0.00500202
3442	10886	0.00500202
10438	10887	0.00516697
10439	10887	0.00516697
10882	10888	0.00554181
3138	10888	0.00554181
5526	10889	0.00552564
10888	10889	0.00552564
2257	10890	0.00552178
10889	10890	0.00552178
1932	10891	0.00550747
10890	10891	0.00550747
10891	10892	0.00550273
408	10892	0.00550273
76	10893	0.00549882
10892	10893	0.00549882
10893	10894	0.00548737
6044	10894	0.00548737
10894	10895	0.00545885
1584	10895	0.00545885
10895	10896	0.00545613
910	10896	0.00545613
4500	10897	0.00545321
10896	10897	0.00545321
10897	10898	0.00544078
4587	10898	0.00544078
8725	10899	0.0054379
10898	10899	0.0054379
2048	10900	0.00543303
10899	10900	0.00543303
1530	10901	0.00542726
10900	10901	0.00542726
205	10901	0.00542726
623	10902	0.00542641
10901	10902	0.00542641
10902	10903	0.00541873
2118	10903	0.00541873
10903	10904	0.00541292
2897	10904	0.00541292
3253	10905	0.00541115
10904	10905	0.00541115
5356	10906	0.00540827
10905	10906	0.00540827
781	10907	0.00539777
10906	10907	0.00539777
4986	10908	0.00539684
10907	10908	0.00539684
979	10909	0.00539205
10908	10909	0.00539205
2685	10910	0.00538921
10909	10910	0.00538921
10910	10911	0.00538732
2981	10911	0.00538732
3231	10912	0.00538161
10911	10912	0.00538161
3160	10913	0.00537961
10912	10913	0.00537961
10913	10914	0.00537864
147	10914	0.00537864
10914	10915	0.00537586
4291	10915	0.00537586
2115	10916	0.00537492
10915	10916	0.00537492
4541	10917	0.00534736
5006	10917	0.00534736
10916	10917	0.00534736
10440	10918	0.00534627
10917	10918	0.00534627
10918	10919	0.00534532
199	10919	0.00534532
5747	10920	0.00534442
10919	10920	0.00534442
1854	10921	0.00534057
10920	10921	0.00534057
5388	10921	0.00534057
10921	10922	0.00533951
2310	10922	0.00533951
10922	10923	0.00533592
648	10923	0.00533592
10923	10924	0.00533482
269	10924	0.00533482
1726	10924	0.00533482
10924	10925	0.00533108
1946	10925	0.00533108
2371	10926	0.00532921
10925	10926	0.00532921
3994	10927	0.00531857
10926	10927	0.00531857
1132	10928	0.00531582
10927	10928	0.00531582
6024	10928	0.00531582
10437	10929	0.00530518
10928	10929	0.00530518
10929	10930	0.00530249
5613	10930	0.00530249
5648	10931	0.00530139
10930	10931	0.00530139
8464	10932	0.00528904
10931	10932	0.00528904
10932	10933	0.00528047
4975	10933	0.00528047
3737	10934	0.00546742
1650	10934	0.00546742
10933	10935	0.00525386
5790	10935	0.00525386
10935	10936	0.00524432
2046	10936	0.00524432
10936	10937	0.00523745
2232	10937	0.00523745
10937	10938	0.00522897
1430	10938	0.00522897
860	10939	0.00522518
10938	10939	0.00522518
10939	10940	0.00522329
10425	10940	0.00522329
3576	10941	0.00521567
10940	10941	0.00521567
260	10942	0.00521473
10941	10942	0.00521473
4776	10943	0.00519657
10942	10943	0.00519657
8711	10944	0.00517845
124	10944	0.00517845
10943	10944	0.00517845
1607	10945	0.00515654
10944	10945	0.00515654
10945	10946	0.00514793
2311	10946	0.00514793
5357	10947	0.00514698
10946	10947	0.00514698
10947	10948	0.00513648
1165	10948	0.00513648
10948	10949	0.00513456
3127	10949	0.00513456
10949	10950	0.0051279
10934	10950	0.0051279
10950	10951	0.00512032
4753	10951	0.00512032
3984	10952	0.00511939
10951	10952	0.00511939
362	10953	0.00511354
10952	10953	0.00511354
4801	10954	0.00509641
10953	10954	0.00509641
4722	10955	0.00508875
10954	10955	0.00508875
2538	10956	0.00508685
10955	10956	0.00508685
2741	10957	0.005086
10956	10957	0.005086
10957	10958	0.00507742
5342	10958	0.00507742
5532	10959	0.00506489
10958	10959	0.00506489
10959	10960	0.00504305
8594	10960	0.00504305
10420	10961	0.00503345
10960	10961	0.00503345
3349	10962	0.00503063
10961	10962	0.00503063
3113	10963	0.00502683
10962	10963	0.00502683
6010	10964	0.0050211
10963	10964	0.0050211
8672	10965	0.00501439
10964	10965	0.00501439
938	10966	0.00500394
6130	10966	0.00500394
10965	10966	0.00500394
10966	10967	0.00499247
2375	10967	0.00499247
10967	10968	0.00499151
1153	10968	0.00499151
10968	10969	0.00498099
5180	10969	0.00498099
4088	10970	0.00498015
10969	10970	0.00498015
10970	10971	0.0049696
4430	10971	0.0049696
2187	10972	0.0049639
10971	10972	0.0049639
986	10973	0.00495431
10972	10973	0.00495431
6007	10974	0.00495151
10973	10974	0.00495151
10974	10975	0.00494269
3929	10975	0.00494269
4711	10976	0.00493906
10975	10976	0.00493906
18	10976	0.00493906
10976	10977	0.00492478
1071	10977	0.00492478
6082	10978	0.00491526
10977	10978	0.00491526
10978	10979	0.00491332
865	10979	0.00491332
5866	10980	0.00489907
10979	10980	0.00489907
4111	10981	0.00487132
10980	10981	0.00487132
10981	10982	0.00487042
5213	10982	0.00487042
10982	10983	0.00486952
2943	10983	0.00486952
2805	10983	0.00486952
10983	10984	0.00486089
2863	10984	0.00486089
3056	10985	0.00484468
10984	10985	0.00484468
1166	10986	0.00484188
10985	10986	0.00484188
4948	10987	0.00482457
10986	10987	0.00482457
10987	10988	0.00482273
4280	10988	0.00482273
10988	10989	0.00482077
3791	10989	0.00482077
10989	10990	0.0048172
2940	10990	0.0048172
3645	10991	0.00480847
10990	10991	0.00480847
10991	10992	0.00480558
2405	10992	0.00480558
10992	10993	0.00478643
3369	10993	0.00478643
352	10994	0.00477795
10993	10994	0.00477795
5904	10995	0.00477312
10994	10995	0.00477312
5511	10996	0.00476745
10995	10996	0.00476745
10996	10997	0.00476265
1386	10997	0.00476265
10997	10998	0.00475398
5380	10998	0.00475398
10998	10999	0.00475304
5987	10999	0.00475304
1170	11000	0.0047493
10999	11000	0.0047493
107	11001	0.00474831
11000	11001	0.00474831
8812	11002	0.0047465
11001	11002	0.0047465
11002	11003	0.00473697
1373	11003	0.00473697
5548	11004	0.00473307
11003	11004	0.00473307
11004	11005	0.00472824
6069	11005	0.00472824
11005	11006	0.00472163
5917	11006	0.00472163
11006	11007	0.00471689
921	11007	0.00471689
1546	11008	0.00471022
11007	11008	0.00471022
8827	11009	0.00470449
11008	11009	0.00470449
1601	11010	0.00470259
11009	11010	0.00470259
11010	11011	0.00470162
6	11011	0.00470162
10883	11011	0.00470162
6222	11012	0.00468829
11011	11012	0.00468829
5997	11013	0.0046768
11012	11013	0.0046768
11013	11014	0.00467579
8697	11014	0.00467579
10441	11015	0.00467014
11014	11015	0.00467014
2279	11015	0.00467014
1182	11016	0.00466828
11015	11016	0.00466828
593	11017	0.00466726
5026	11017	0.00466726
11016	11017	0.00466726
11017	11018	0.00466064
3173	11018	0.00466064
8583	11019	0.00465775
285	11019	0.00465775
11018	11019	0.00465775
11019	11020	0.00465393
3662	11020	0.00465393
11020	11021	0.00463774
3508	11021	0.00463774
11021	11022	0.00461955
5032	11022	0.00461955
5499	11023	0.0046166
11022	11023	0.0046166
5332	11023	0.0046166
11023	11024	0.00461384
2543	11024	0.00461384
411	11025	0.00460813
11024	11025	0.00460813
10415	11026	0.00460617
11025	11026	0.00460617
11026	11027	0.00460434
2831	11027	0.00460434
8817	11028	0.00459773
4004	11028	0.00459773
11027	11028	0.00459773
11028	11029	0.00458813
5296	11029	0.00458813
4235	11030	0.00458239
11029	11030	0.00458239
8807	11031	0.00458144
11030	11031	0.00458144
2701	11032	0.004571
5968	11032	0.004571
11031	11032	0.004571
3083	11033	0.00456327
11032	11033	0.00456327
1834	11034	0.00456044
11033	11034	0.00456044
2078	11035	0.00454523
11034	11035	0.00454523
2033	11036	0.00453664
11035	11036	0.00453664
11036	11037	0.00453383
2567	11037	0.00453383
3639	11038	0.00452145
11037	11038	0.00452145
8784	11039	0.00451558
11038	11039	0.00451558
2742	11040	0.00451466
11039	11040	0.00451466
4616	11041	0.00451087
11040	11041	0.00451087
1211	11041	0.00451087
8770	11042	0.00450613
11041	11042	0.00450613
11042	11043	0.0045042
4313	11043	0.0045042
1929	11044	0.00449179
11043	11044	0.00449179
4081	11045	0.0044889
11044	11045	0.0044889
5744	11046	0.00446799
955	11046	0.00446799
8794	11046	0.00446799
11045	11046	0.00446799
8805	11047	0.00446606
11046	11047	0.00446606
2587	11048	0.00444502
4490	11048	0.00444502
4161	11049	0.00446505
11047	11049	0.00446505
3977	11050	0.00445078
11049	11050	0.00445078
11048	11051	0.0044413
11050	11051	0.0044413
11051	11052	0.00443173
6032	11052	0.00443173
3562	11053	0.00442507
11052	11053	0.00442507
11053	11054	0.00441744
1600	11054	0.00441744
2841	11055	0.00441166
11054	11055	0.00441166
5857	11056	0.00440504
11055	11056	0.00440504
4651	11056	0.00440504
143	11057	0.0043993
11056	11057	0.0043993
118	11058	0.00449371
2735	11058	0.00449371
4586	11059	0.00410274
8358	11059	0.00410274
3502	11060	0.00439833
11057	11060	0.00439833
11060	11061	0.00438986
3028	11061	0.00438986
8622	11062	0.00438881
11061	11062	0.00438881
2155	11063	0.00438412
11062	11063	0.00438412
11063	11064	0.00438215
3845	11064	0.00438215
4988	11065	0.00436973
11064	11065	0.00436973
10885	11066	0.00433538
11065	11066	0.00433538
11066	11067	0.00433345
4337	11067	0.00433345
3661	11068	0.00433158
11067	11068	0.00433158
99	11069	0.0043297
11068	11069	0.0043297
6042	11070	0.00432871
11069	11070	0.00432871
11070	11071	0.00432584
4653	11071	0.00432584
11071	11072	0.00432297
5390	11072	0.00432297
5229	11073	0.00432206
11072	11073	0.00432206
11073	11074	0.00432017
2098	11074	0.00432017
8613	11075	0.00430873
11074	11075	0.00430873
4163	11076	0.00430585
11075	11076	0.00430585
2834	11077	0.00429633
11076	11077	0.00429633
2639	11078	0.00428687
11077	11078	0.00428687
3594	11079	0.004282
11078	11079	0.004282
11079	11080	0.00425906
1380	11080	0.00425906
5232	11081	0.0042581
11080	11081	0.0042581
5641	11082	0.00425622
11081	11082	0.00425622
3807	11083	0.00423813
11082	11083	0.00423813
602	11084	0.00422567
11083	11084	0.00422567
5099	11085	0.00421147
11084	11085	0.00421147
563	11086	0.00420477
11085	11086	0.00420477
11086	11087	0.00419329
1552	11087	0.00419329
5573	11088	0.00419043
11087	11088	0.00419043
11088	11089	0.00418284
2770	11089	0.00418284
2599	11090	0.0041761
11089	11090	0.0041761
6004	11091	0.00416657
11090	11091	0.00416657
4632	11092	0.00416371
11091	11092	0.00416371
4694	11093	0.00415898
11092	11093	0.00415898
11093	11094	0.00415038
720	11094	0.00415038
6068	11095	0.00412942
11094	11095	0.00412942
1872	11096	0.00412081
11095	11096	0.00412081
1358	11097	0.00410651
11096	11097	0.00410651
4092	11098	0.00410172
3850	11098	0.00410172
11097	11098	0.00410172
5379	11099	0.00409129
11098	11099	0.00409129
5459	11100	0.00407315
11099	11100	0.00407315
3643	11101	0.0040723
11100	11101	0.0040723
1878	11102	0.00405406
11101	11102	0.00405406
5009	11103	0.00405319
11102	11103	0.00405319
11103	11104	0.00405218
1606	11104	0.00405218
11104	11105	0.00404643
11058	11105	0.00404643
11105	11106	0.00403495
5977	11106	0.00403495
823	11107	0.00403314
5982	11107	0.00403314
11106	11107	0.00403314
11107	11108	0.00402733
2967	11108	0.00402733
11108	11109	0.00402169
1853	11109	0.00402169
11109	11110	0.00401781
1121	11110	0.00401781
10886	11111	0.00401115
11110	11111	0.00401115
10887	11112	0.00400925
11111	11112	0.00400925
1502	11112	0.00400925
2124	11113	0.00398728
11112	11113	0.00398728
5348	11114	0.00398546
5396	11114	0.00398546
11113	11114	0.00398546
11114	11115	0.00398256
4233	11115	0.00398256
11115	11116	0.00396051
560	11116	0.00396051
8722	11117	0.00395869
11116	11117	0.00395869
11117	11118	0.00394821
2159	11118	0.00394821
11118	11119	0.00394637
3587	11119	0.00394637
4861	11120	0.00394349
11119	11120	0.00394349
4730	11121	0.00394249
11120	11121	0.00394249
3264	11122	0.00394155
11121	11122	0.00394155
11122	11123	0.00393487
4718	11123	0.00393487
6139	11124	0.00392441
11123	11124	0.00392441
5886	11125	0.00391578
11124	11125	0.00391578
443	11126	0.00391383
11125	11126	0.00391383
11126	11127	0.00390433
25	11127	0.00390433
4928	11128	0.00389955
11127	11128	0.00389955
11128	11129	0.00388627
4435	11129	0.00388627
11129	11130	0.00388528
8728	11130	0.00388528
11130	11131	0.00385857
6054	11131	0.00385857
791	11132	0.00384995
11131	11132	0.00384995
11132	11133	0.00382806
5801	11133	0.00382806
3055	11134	0.00382616
11133	11134	0.00382616
6059	11135	0.00382426
11134	11135	0.00382426
8684	11136	0.00382332
11135	11136	0.00382332
11059	11137	0.00381574
11136	11137	0.00381574
11137	11138	0.00378991
4554	11138	0.00378991
4155	11138	0.00378991
4264	11139	0.00378609
11138	11139	0.00378609
5280	11140	0.0037632
11139	11140	0.0037632
816	11141	0.00376035
11140	11141	0.00376035
2562	11142	0.0037585
11141	11142	0.0037585
11142	11143	0.00375466
8619	11143	0.00375466
5642	11144	0.0037518
11143	11144	0.0037518
1953	11145	0.00374796
11144	11145	0.00374796
2736	11146	0.00373078
11145	11146	0.00373078
2077	11147	0.00371836
11146	11147	0.00371836
3410	11148	0.00371266
11147	11148	0.00371266
1884	11149	0.00370692
11148	11149	0.00370692
1321	11150	0.00370311
11149	11150	0.00370311
1183	11151	0.00369545
11150	11151	0.00369545
11151	11152	0.00368882
3505	11152	0.00368882
11152	11153	0.00366878
2161	11153	0.00366878
794	11153	0.00366878
871	11154	0.0036545
11153	11154	0.0036545
2459	11155	0.0036497
11154	11155	0.0036497
2207	11156	0.00363545
11155	11156	0.00363545
5101	11157	0.00363446
11156	11157	0.00363446
3432	11158	0.0036335
11157	11158	0.0036335
11158	11159	0.00363064
5288	11159	0.00363064
8816	11160	0.00362585
11159	11160	0.00362585
4535	11161	0.00361822
11160	11161	0.00361822
11161	11162	0.00361724
5920	11162	0.00361724
11162	11163	0.00361061
404	11163	0.00361061
1935	11164	0.00359823
11163	11164	0.00359823
11164	11165	0.00359632
3663	11165	0.00359632
3630	11165	0.00359632
5646	11166	0.00264548
3468	11166	0.00264548
2623	11167	0.0013361
216	11167	0.0013361
2482	11168	0.00120163
3741	11168	0.00120163
4768	11169	0.00161362
2684	11169	0.00161362
5062	11170	0.00146198
10434	11170	0.00146198
3857	11171	0.00307752
4831	11171	0.00307752
4732	11172	0.00215722
5240	11172	0.00215722
1280	11173	0.00131607
11172	11173	0.00131607
569	11174	0.00226307
3054	11174	0.00226307
4217	11175	0.00354288
1590	11175	0.00354288
5453	11176	0.0030851
2479	11176	0.0030851
1499	11177	0.00216104
8704	11177	0.00216104
5765	11178	0.00329306
3098	11178	0.00329306
1038	11179	0.00265694
1335	11179	0.00265694
4990	11180	0.00291254
1638	11180	0.00291254
8444	11181	0.00263024
4085	11181	0.00263024
1424	11182	0.00305177
8389	11182	0.00305177
3668	11183	0.00357916
11165	11183	0.00357916
11183	11184	0.00357819
687	11184	0.00357819
1427	11185	0.00356761
11184	11185	0.00356761
2780	11186	0.00356386
11185	11186	0.00356386
4091	11187	0.00354672
11186	11187	0.00354672
407	11188	0.00354288
11187	11188	0.00354288
11188	11189	0.00354191
6048	11189	0.00354191
10427	11190	0.00352854
11189	11190	0.00352854
3798	11191	0.00352573
11190	11191	0.00352573
4422	11192	0.00351144
11191	11192	0.00351144
3834	11193	0.00351044
11192	11193	0.00351044
8548	11194	0.00350764
11193	11194	0.00350764
2079	11195	0.00349998
4845	11195	0.00349998
11194	11195	0.00349998
8779	11196	0.00349513
11195	11196	0.00349513
2245	11197	0.00347799
11196	11197	0.00347799
11197	11198	0.00346468
689	11198	0.00346468
3163	11199	0.00346373
11198	11199	0.00346373
5111	11200	0.00345325
11199	11200	0.00345325
5251	11201	0.00343986
11200	11201	0.00343986
4152	11202	0.003438
11201	11202	0.003438
11202	11203	0.00343037
5074	11203	0.00343037
10433	11204	0.00342846
11203	11204	0.00342846
5387	11205	0.00341702
2162	11205	0.00341702
11204	11205	0.00341702
721	11206	0.00341606
11205	11206	0.00341606
4270	11207	0.00341414
11206	11207	0.00341414
5726	11208	0.00341032
11207	11208	0.00341032
10430	11209	0.00340178
11208	11209	0.00340178
5070	11210	0.00339031
11209	11210	0.00339031
2652	11211	0.00338839
11210	11211	0.00338839
8781	11212	0.00338653
11211	11212	0.00338653
8764	11213	0.00337699
11212	11213	0.00337699
11213	11214	0.00336457
2842	11214	0.00336457
4593	11215	0.00335311
11214	11215	0.00335311
11215	11216	0.00334263
3507	11216	0.00334263
11216	11217	0.00334169
5456	11217	0.00334169
11217	11218	0.00333503
6030	11218	0.00333503
1841	11219	0.00333405
11218	11219	0.00333405
2734	11220	0.0033245
11219	11220	0.0033245
11220	11221	0.00332354
4070	11221	0.00332354
3469	11222	0.00330447
11221	11222	0.00330447
2164	11223	0.00330358
11222	11223	0.00330358
874	11224	0.0032997
11223	11224	0.0032997
2299	11225	0.00329495
11224	11225	0.00329495
8751	11226	0.00329306
11225	11226	0.00329306
4795	11226	0.00329306
693	11227	0.00329112
11226	11227	0.00329112
2945	11228	0.00328257
11227	11228	0.00328257
5660	11229	0.003273
11228	11229	0.003273
8786	11230	0.00326826
11229	11230	0.00326826
11230	11231	0.00326732
2947	11231	0.00326732
4050	11232	0.00325393
11231	11232	0.00325393
11232	11233	0.00324909
1819	11233	0.00324909
5940	11234	0.00324634
11233	11234	0.00324634
8584	11235	0.00323963
11234	11235	0.00323963
4383	11236	0.00321103
11235	11236	0.00321103
1587	11237	0.00321006
11236	11237	0.00321006
8736	11238	0.00320338
11237	11238	0.00320338
3889	11239	0.00319866
11238	11239	0.00319866
4365	11240	0.00319672
11239	11240	0.00319672
5469	11241	0.00319102
3447	11241	0.00319102
11240	11241	0.00319102
4101	11242	0.00318149
11241	11242	0.00318149
5346	11243	0.0031805
5483	11243	0.0031805
5067	11243	0.0031805
5609	11243	0.0031805
5740	11243	0.0031805
1794	11243	0.0031805
2212	11243	0.0031805
2223	11243	0.0031805
2234	11243	0.0031805
2286	11243	0.0031805
3571	11243	0.0031805
3599	11243	0.0031805
3644	11243	0.0031805
4104	11243	0.0031805
4418	11243	0.0031805
4428	11243	0.0031805
4431	11243	0.0031805
4486	11243	0.0031805
4636	11243	0.0031805
4741	11243	0.0031805
4756	11243	0.0031805
4811	11243	0.0031805
4994	11243	0.0031805
5104	11243	0.0031805
5167	11243	0.0031805
5258	11243	0.0031805
5313	11243	0.0031805
5316	11243	0.0031805
5326	11243	0.0031805
5382	11243	0.0031805
5394	11243	0.0031805
5401	11243	0.0031805
5418	11243	0.0031805
5474	11243	0.0031805
5480	11243	0.0031805
5486	11243	0.0031805
5491	11243	0.0031805
5605	11243	0.0031805
5738	11243	0.0031805
5811	11243	0.0031805
5901	11243	0.0031805
5943	11243	0.0031805
5949	11243	0.0031805
5998	11243	0.0031805
11242	11243	0.0031805
11243	11244	0.00317382
1123	11244	0.00317382
5427	11245	0.00317192
11244	11245	0.00317192
5024	11246	0.00315379
11245	11246	0.00315379
4968	11247	0.00313283
11246	11247	0.00313283
5617	11248	0.00311475
11247	11248	0.00311475
3885	11249	0.00309754
11248	11249	0.00309754
3758	11250	0.00308896
11249	11250	0.00308896
3295	11251	0.00308416
1667	11251	0.00308416
11250	11251	0.00308416
4874	11252	0.00308229
11251	11252	0.00308229
11252	11253	0.00307277
652	11253	0.00307277
11253	11254	0.00305555
4619	11254	0.00305555
2281	11255	0.00303935
11254	11255	0.00303935
3704	11256	0.00303461
11255	11256	0.00303461
11256	11257	0.00303172
4060	11257	0.00303172
2980	11258	0.00302028
5458	11258	0.00302028
11257	11258	0.00302028
264	11259	0.00301933
11258	11259	0.00301933
4212	11260	0.0030098
11259	11260	0.0030098
5076	11261	0.00298309
11260	11261	0.00298309
2591	11262	0.00297643
11261	11262	0.00297643
4380	11263	0.00293161
11262	11263	0.00293161
11263	11264	0.00292587
149	11264	0.00292587
2744	11265	0.00292491
11264	11265	0.00292491
3111	11266	0.00290871
11265	11266	0.00290871
11266	11267	0.00290014
1998	11267	0.00290014
5141	11268	0.00289913
11267	11268	0.00289913
4419	11269	0.0028906
11268	11269	0.0028906
4342	11270	0.00288771
11269	11270	0.00288771
3733	11271	0.00288296
11270	11271	0.00288296
2103	11272	0.00287819
11271	11272	0.00287819
5889	11273	0.00287438
11272	11273	0.00287438
4403	11274	0.00287342
11273	11274	0.00287342
4197	11275	0.00287056
11274	11275	0.00287056
8804	11276	0.00285054
11275	11276	0.00285054
2826	11277	0.00283911
11276	11277	0.00283911
8776	11278	0.00283049
11277	11278	0.00283049
4475	11279	0.00282861
11278	11279	0.00282861
2989	11279	0.00282861
4865	11280	0.00282573
10431	11280	0.00282573
11279	11280	0.00282573
2781	11281	0.00281428
11280	11281	0.00281428
2215	11282	0.00281238
11281	11282	0.00281238
3948	11283	0.00279713
11282	11283	0.00279713
3214	11284	0.00279141
11283	11284	0.00279141
2515	11285	0.00278664
4501	11285	0.00278664
11284	11285	0.00278664
11285	11286	0.00276849
659	11286	0.00276849
8740	11287	0.00276756
11286	11287	0.00276756
5978	11288	0.00275327
11287	11288	0.00275327
1679	11289	0.0027523
11288	11289	0.0027523
4385	11290	0.00274466
11289	11290	0.00274466
11290	11291	0.00269414
670	11291	0.00269414
4424	11292	0.00268937
11291	11292	0.00268937
2904	11293	0.00266552
11292	11293	0.00266552
8758	11294	0.00266168
11293	11294	0.00266168
11294	11295	0.00263784
8750	11295	0.00263784
2004	11296	0.00263498
11295	11296	0.00263498
11296	11297	0.00262738
1439	11297	0.00262738
5725	11298	0.00262548
11297	11298	0.00262548
5446	11299	0.00262355
11298	11299	0.00262355
5461	11300	0.00259877
11299	11300	0.00259877
2618	11301	0.00259685
11300	11301	0.00259685
4681	11302	0.00258445
11301	11302	0.00258445
2860	11303	0.00257968
11302	11303	0.00257968
956	11304	0.00254632
11303	11304	0.00254632
10429	11305	0.0025444
11304	11305	0.0025444
4627	11306	0.00254251
11305	11306	0.00254251
3617	11307	0.00253678
11306	11307	0.00253678
6009	11308	0.00253487
11307	11308	0.00253487
5100	11309	0.00251866
2180	11309	0.00251866
11308	11309	0.00251866
1102	11310	0.00251579
11309	11310	0.00251579
5000	11311	0.00251103
1293	11311	0.00251103
11310	11311	0.00251103
11182	11312	0.00249671
11311	11312	0.00249671
2771	11313	0.00249577
11312	11313	0.00249577
4517	11314	0.00247575
11313	11314	0.00247575
1837	11315	0.00247287
4740	11315	0.00247287
11314	11315	0.00247287
3944	11316	0.00247097
11315	11316	0.00247097
3708	11317	0.0024681
11316	11317	0.0024681
2460	11318	0.00246049
11317	11318	0.00246049
11318	11319	0.00245092
2494	11319	0.00245092
6006	11320	0.00244331
11319	11320	0.00244331
2921	11321	0.00243854
11320	11321	0.00243854
966	11322	0.00242519
11321	11322	0.00242519
3351	11323	0.00242044
11322	11323	0.00242044
5659	11324	0.00241376
11323	11324	0.00241376
1990	11325	0.00240611
11324	11325	0.00240611
893	11326	0.00240517
11325	11326	0.00240517
4304	11327	0.00239946
11326	11327	0.00239946
4158	11328	0.00239468
11327	11328	0.00239468
2843	11329	0.00239373
8761	11329	0.00239373
11328	11329	0.00239373
1777	11330	0.00239179
11329	11330	0.00239179
11179	11331	0.00237564
11330	11331	0.00237564
2521	11332	0.00235559
11331	11332	0.00235559
4186	11333	0.00234797
11332	11333	0.00234797
214	11334	0.0023346
11333	11334	0.0023346
3319	11335	0.00230789
11334	11335	0.00230789
1374	11336	0.00230407
11335	11336	0.00230407
174	11337	0.0022974
11336	11337	0.0022974
3370	11338	0.00229072
11337	11338	0.00229072
3976	11339	0.00228976
11338	11339	0.00228976
4112	11340	0.00227353
11339	11340	0.00227353
4879	11341	0.00226879
11340	11341	0.00226879
3450	11342	0.00224114
11341	11342	0.00224114
4939	11343	0.00223923
11342	11343	0.00223923
4140	11344	0.00223636
11343	11344	0.00223636
2426	11345	0.00223446
11344	11345	0.00223446
8785	11346	0.00223067
11345	11346	0.00223067
4557	11347	0.00222776
11346	11347	0.00222776
3770	11348	0.00221446
11347	11348	0.00221446
343	11349	0.0022135
11348	11349	0.0022135
303	11350	0.00220298
11349	11350	0.00220298
5364	11351	0.00220204
11350	11351	0.00220204
1297	11352	0.00219821
11351	11352	0.00219821
3566	11353	0.00218487
11352	11353	0.00218487
4832	11354	0.00216866
11353	11354	0.00216866
3305	11355	0.00215722
11354	11355	0.00215722
6056	11356	0.0021534
11355	11356	0.0021534
11178	11357	0.00214765
11356	11357	0.00214765
554	11358	0.00213909
11357	11358	0.00213909
10435	11359	0.00213625
11358	11359	0.00213625
11180	11360	0.00213432
11359	11360	0.00213432
1212	11361	0.00213052
11360	11361	0.00213052
2067	11362	0.00212668
11361	11362	0.00212668
5115	11363	0.00211812
11362	11363	0.00211812
8792	11364	0.00210191
11363	11364	0.00210191
705	11365	0.00209809
11364	11365	0.00209809
3481	11366	0.00209141
11365	11366	0.00209141
5994	11367	0.00206756
11366	11367	0.00206756
4286	11368	0.00206566
11367	11368	0.00206566
4441	11368	0.00206566
3199	11369	0.00205898
11368	11369	0.00205898
8791	11370	0.00204945
11369	11370	0.00204945
2022	11371	0.00203514
11370	11371	0.00203514
2968	11372	0.00203419
11371	11372	0.00203419
5208	11373	0.00202561
11372	11373	0.00202561
3561	11374	0.0020237
11373	11374	0.0020237
8787	11375	0.00200463
11374	11375	0.00200463
5391	11376	0.0019989
11375	11376	0.0019989
5008	11377	0.00199032
11376	11377	0.00199032
3563	11378	0.00198841
5182	11378	0.00198841
11377	11378	0.00198841
11181	11379	0.00198268
11378	11379	0.00198268
551	11380	0.00198174
11379	11380	0.00198174
1733	11381	0.00197698
11380	11381	0.00197698
4826	11382	0.00197316
11381	11382	0.00197316
10436	11383	0.00196455
11382	11383	0.00196455
1432	11384	0.00195981
11383	11384	0.00195981
2325	11385	0.00195504
11384	11385	0.00195504
11385	11386	0.00194168
2814	11386	0.00194168
4704	11387	0.00193977
11386	11387	0.00193977
5622	11388	0.00190354
11387	11388	0.00190354
5211	11389	0.00189496
11388	11389	0.00189496
446	11390	0.00188636
11389	11390	0.00188636
11390	11391	0.00188161
5400	11391	0.00188161
475	11392	0.00188067
11391	11392	0.00188067
4700	11393	0.00186823
11392	11393	0.00186823
619	11394	0.00185967
11393	11394	0.00185967
5133	11395	0.00185108
11394	11395	0.00185108
10426	11396	0.00183869
11395	11396	0.00183869
4984	11397	0.00181484
11396	11397	0.00181484
4717	11398	0.00180721
11397	11398	0.00180721
5186	11399	0.00180054
11398	11399	0.00180054
1235	11400	0.00179673
11399	11400	0.00179673
2606	11401	0.00178051
11400	11401	0.00178051
3938	11402	0.00177956
11401	11402	0.00177956
8824	11403	0.00176525
11402	11403	0.00176525
5082	11404	0.00176048
11403	11404	0.00176048
10428	11405	0.00175857
11404	11405	0.00175857
2142	11406	0.00175571
11405	11406	0.00175571
5138	11407	0.00174998
11406	11407	0.00174998
11177	11408	0.00174049
2633	11408	0.00174049
11407	11408	0.00174049
10432	11409	0.00173664
11408	11409	0.00173664
8727	11410	0.0017338
3187	11410	0.0017338
11409	11410	0.0017338
4789	11411	0.00171947
11410	11411	0.00171947
819	11412	0.00171757
5077	11412	0.00171757
5059	11412	0.00171757
5627	11412	0.00171757
5733	11412	0.00171757
11411	11412	0.00171757
1573	11413	0.00171662
11412	11413	0.00171662
4560	11414	0.00169661
11413	11414	0.00169661
8795	11415	0.00168419
11414	11415	0.00168419
3575	11416	0.00164986
11415	11416	0.00164986
2182	11417	0.00164604
11416	11417	0.00164604
3600	11418	0.00163937
11417	11418	0.00163937
3908	11419	0.00163078
11418	11419	0.00163078
751	11420	0.00162791
11419	11420	0.00162791
5242	11421	0.00162316
11420	11421	0.00162316
8769	11422	0.00161267
11421	11422	0.00161267
5833	11423	0.00160694
11422	11423	0.00160694
4320	11424	0.00160598
11423	11424	0.00160598
1176	11425	0.00159837
3564	11425	0.00159837
11424	11425	0.00159837
932	11426	0.00159169
11425	11426	0.00159169
358	11426	0.00159169
3048	11427	0.00158787
11426	11427	0.00158787
2056	11428	0.00158119
11427	11428	0.00158119
4110	11429	0.00157836
11428	11429	0.00157836
4239	11430	0.0015688
11429	11430	0.0015688
4537	11431	0.00154972
11430	11431	0.00154972
8808	11432	0.0015421
11431	11432	0.0015421
1364	11433	0.00153827
11432	11433	0.00153827
251	11434	0.00152683
11433	11434	0.00152683
4182	11435	0.00150585
11434	11435	0.00150585
5144	11436	0.00150013
11435	11436	0.00150013
1926	11437	0.00149631
11436	11437	0.00149631
4631	11438	0.00149536
11437	11438	0.00149536
3431	11439	0.00148201
1048	11439	0.00148201
11438	11439	0.00148201
567	11440	0.00148009
11439	11440	0.00148009
4167	11441	0.00146675
5438	11441	0.00146675
11440	11441	0.00146675
5065	11442	0.00129032
975	11442	0.00129032
3789	11443	0.00144672
11441	11443	0.00144672
1849	11444	0.00144387
11443	11444	0.00144387
1292	11445	0.00143337
11444	11445	0.00143337
160	11446	0.00142957
11445	11446	0.00142957
5321	11447	0.00142669
11446	11447	0.00142669
4131	11448	0.00142479
4786	11448	0.00142479
11447	11448	0.00142479
5476	11449	0.00140286
11448	11449	0.00140286
5235	11450	0.00139808
11449	11450	0.00139808
11174	11451	0.00138855
11450	11451	0.00138855
877	11452	0.0013876
11451	11452	0.0013876
4321	11453	0.00138282
11452	11453	0.00138282
11453	11454	0.00136948
1780	11454	0.00136948
570	11455	0.00136471
11454	11455	0.00136471
11176	11456	0.00135612
11455	11456	0.00135612
644	11457	0.00134563
11456	11457	0.00134563
2357	11458	0.00133705
11457	11458	0.00133705
465	11459	0.00133038
11458	11459	0.00133038
136	11460	0.00131607
11459	11460	0.00131607
4511	11461	0.00131225
11460	11461	0.00131225
3788	11462	0.00131035
11461	11462	0.00131035
5036	11463	0.0013094
11462	11463	0.0013094
8734	11464	0.00130844
11463	11464	0.00130844
11464	11465	0.00130654
5176	11465	0.00130654
11175	11466	0.00130558
11465	11466	0.00130558
5678	11467	0.00128078
11466	11467	0.00128078
1287	11468	0.00127888
11467	11468	0.00127888
5385	11469	0.00127316
11468	11469	0.00127316
1197	11470	0.00126648
11469	11470	0.00126648
1092	11471	0.00126076
11470	11471	0.00126076
5254	11472	0.0012579
11471	11472	0.0012579
4878	11473	0.00125695
11472	11473	0.00125695
3583	11474	0.00123215
6111	11474	0.00123215
11473	11474	0.00123215
3080	11475	0.00121975
11474	11475	0.00121975
11475	11476	0.00121117
5498	11476	0.00121117
5350	11477	0.0012083
11476	11477	0.0012083
5407	11478	0.0011959
11477	11478	0.0011959
8485	11479	0.00118351
11478	11479	0.00118351
5693	11480	0.00117969
11479	11480	0.00117969
5194	11481	0.00117588
11480	11481	0.00117588
1141	11482	0.00117493
11481	11482	0.00117493
5672	11483	0.00116825
11482	11483	0.00116825
8768	11484	0.00116634
11483	11484	0.00116634
237	11485	0.00115966
11484	11485	0.00115966
11442	11486	0.00115585
11485	11486	0.00115585
232	11487	0.00115489
11486	11487	0.00115489
4829	11488	0.00112628
11487	11488	0.00112628
3263	11489	0.00112152
11488	11489	0.00112152
5897	11490	0.00112056
11489	11490	0.00112056
4044	11491	0.0011158
11490	11491	0.0011158
5298	11492	0.00111199
11491	11492	0.00111199
2425	11493	0.00109672
3303	11493	0.00109672
11492	11493	0.00109672
4231	11494	0.00108814
11493	11494	0.00108814
4487	11495	0.00108719
11494	11495	0.00108719
11168	11496	0.0010767
11495	11496	0.0010767
2566	11497	0.00105953
11496	11497	0.00105953
2188	11498	0.00105858
11497	11498	0.00105858
2517	11499	0.00105667
11498	11499	0.00105667
3346	11500	0.0010395
11499	11500	0.0010395
5025	11501	0.00100803
11500	11501	0.00100803
11170	11502	0.00100612
11501	11502	0.00100612
2949	11503	0.00100231
11502	11503	0.00100231
5460	11504	0.00100041
11503	11504	0.00100041
11173	11505	0.000988963
11504	11505	0.000988963
2969	11506	0.000987057
11505	11506	0.000987057
194	11507	0.000981334
11506	11507	0.000981334
4370	11508	0.000968934
11507	11508	0.000968934
11167	11509	0.000963213
1768	11509	0.000963213
11508	11509	0.000963213
5630	11510	0.000962258
11509	11510	0.000962258
4148	11511	0.000960351
1570	11511	0.000960351
3220	11511	0.000960351
5050	11511	0.000960351
11510	11511	0.000960351
1485	11512	0.000957494
11511	11512	0.000957494
2603	11513	0.000956537
11512	11513	0.000956537
5684	11514	0.000953676
1216	11514	0.000953676
11513	11514	0.000953676
4890	11515	0.00094986
11514	11515	0.00094986
5601	11516	0.000948902
11515	11516	0.000948902
8475	11517	0.000946997
11516	11517	0.000946997
2539	11518	0.000945091
11517	11518	0.000945091
1276	11519	0.000941272
11518	11519	0.000941272
371	11520	0.000933647
11519	11520	0.000933647
5706	11521	0.000927926
11520	11521	0.000927926
3534	11522	0.00092602
11521	11522	0.00092602
2143	11523	0.000925066
11522	11523	0.000925066
4609	11524	0.000918388
11523	11524	0.000918388
5927	11525	0.000911712
2202	11525	0.000911712
5635	11525	0.000911712
5606	11525	0.000911712
11524	11525	0.000911712
2999	11526	0.000910758
11525	11526	0.000910758
3985	11527	0.000906946
11526	11527	0.000906946
78	11528	0.000886916
11527	11528	0.000886916
3517	11529	0.000883101
11528	11529	0.000883101
5753	11530	0.000882149
11529	11530	0.000882149
2500	11531	0.000876426
11530	11531	0.000876426
5137	11532	0.00087356
11531	11532	0.00087356
4691	11533	0.000870704
11532	11533	0.000870704
1300	11534	0.000868797
11533	11534	0.000868797
3609	11535	0.0008564
11534	11535	0.0008564
8731	11536	0.000852585
11535	11536	0.000852585
4642	11537	0.000837326
11536	11537	0.000837326
1808	11538	0.000834465
11537	11538	0.000834465
909	11539	0.000831605
11538	11539	0.000831605
4392	11540	0.000826833
11539	11540	0.000826833
628	11541	0.000821113
11540	11541	0.000821113
6075	11542	0.00081253
11541	11542	0.00081253
1396	11543	0.000805856
11542	11543	0.000805856
5594	11544	0.000796319
11543	11544	0.000796319
1764	11545	0.00079441
11544	11545	0.00079441
2106	11546	0.000790595
11545	11546	0.000790595
222	11547	0.000785827
11546	11547	0.000785827
1404	11548	0.000766754
11547	11548	0.000766754
11169	11549	0.000763894
8743	11549	0.000763894
11548	11549	0.000763894
4887	11550	0.000762939
11549	11550	0.000762939
2309	11551	0.000761033
11550	11551	0.000761033
4361	11552	0.000759121
5246	11552	0.000759121
11551	11552	0.000759121
760	11553	0.000741959
11552	11553	0.000741959
4976	11554	0.000738143
11553	11554	0.000738143
5538	11555	0.000736236
11554	11555	0.000736236
5515	11556	0.000734328
11555	11556	0.000734328
5638	11557	0.000733375
11556	11557	0.000733375
5975	11558	0.000725747
11557	11558	0.000725747
5783	11559	0.000720024
11558	11559	0.000720024
2595	11560	0.000707625
11559	11560	0.000707625
1194	11561	0.000706673
2533	11561	0.000706673
11560	11561	0.000706673
8674	11562	0.000701907
11561	11562	0.000701907
11171	11563	0.000694275
11562	11563	0.000694275
249	11564	0.000693321
11563	11564	0.000693321
4667	11565	0.0006876
11564	11565	0.0006876
903	11566	0.000671386
11565	11566	0.000671386
2642	11567	0.000667572
11566	11567	0.000667572
2228	11568	0.000665666
11567	11568	0.000665666
1126	11569	0.000658988
11568	11569	0.000658988
4207	11570	0.00065708
11569	11570	0.00065708
5310	11571	0.000645637
3622	11571	0.000645637
4063	11571	0.000645637
11570	11571	0.000645637
3086	11572	0.000641823
11571	11572	0.000641823
1893	11573	0.000634193
11572	11573	0.000634193
5255	11574	0.000631333
11573	11574	0.000631333
3874	11575	0.000630379
11574	11575	0.000630379
2689	11576	0.00062466
1355	11576	0.00062466
11575	11576	0.00062466
272	11577	0.000612259
11576	11577	0.000612259
2093	11578	0.000611303
11577	11578	0.000611303
3365	11579	0.000603676
11578	11579	0.000603676
3096	11580	0.000593185
11579	11580	0.000593185
5185	11581	0.000577925
11580	11581	0.000577925
1731	11582	0.000559807
11581	11582	0.000559807
4334	11583	0.000555039
11582	11583	0.000555039
3466	11584	0.000548363
11583	11584	0.000548363
5225	11585	0.000547409
8413	11585	0.000547409
11584	11585	0.000547409
3902	11586	0.000535011
11585	11586	0.000535011
5183	11587	0.000523567
11586	11587	0.000523567
880	11588	0.000505448
11587	11588	0.000505448
5259	11589	0.000504493
11588	11589	0.000504493
486	11590	0.000494957
11589	11590	0.000494957
1864	11591	0.000484466
11590	11591	0.000484466
5166	11592	0.000480652
11591	11592	0.000480652
1186	11593	0.000475884
11592	11593	0.000475884
4395	11594	0.000473022
11593	11594	0.000473022
586	11595	0.000472069
11594	11595	0.000472069
309	11596	0.000468254
11595	11596	0.000468254
4847	11597	0.000452996
11596	11597	0.000452996
4467	11598	0.000446319
11597	11598	0.000446319
4738	11599	0.000441551
11598	11599	0.000441551
57	11600	0.000440597
11599	11600	0.000440597
5434	11601	0.00043869
11600	11601	0.00043869
2349	11602	0.000437737
11601	11602	0.000437737
5525	11603	0.000432015
11602	11603	0.000432015
4765	11604	0.000411987
5447	11604	0.000411987
11603	11604	0.000411987
3077	11605	0.000409126
11604	11605	0.000409126
4288	11606	0.000405311
11605	11606	0.000405311
3388	11607	0.000404358
11606	11607	0.000404358
5612	11608	0.000400542
11607	11608	0.000400542
5217	11609	0.00039959
11608	11609	0.00039959
3066	11610	0.000382424
11609	11610	0.000382424
1769	11611	0.000380516
11610	11611	0.000380516
298	11612	0.000378609
3637	11612	0.000378609
11611	11612	0.000378609
4078	11613	0.000376701
11612	11613	0.000376701
2226	11614	0.000375748
11613	11614	0.000375748
3036	11615	0.000370979
11614	11615	0.000370979
1626	11616	0.000370026
11615	11616	0.000370026
4766	11617	0.000366211
233	11617	0.000366211
11616	11617	0.000366211
64	11618	0.000357629
11617	11618	0.000357629
1384	11619	0.000354767
11618	11619	0.000354767
3400	11620	0.00035
11619	11620	0.00035
5079	11621	0.000328064
11620	11621	0.000328064
4655	11622	0.000317574
11621	11622	0.000317574
44	11623	0.000300408
11622	11623	0.000300408
5913	11624	0.0002985
11623	11624	0.0002985
8777	11625	0.000288963
11624	11625	0.000288963
5110	11626	0.000279427
11625	11626	0.000279427
4837	11627	0.000267983
2487	11627	0.000267983
11626	11627	0.000267983
2933	11628	0.00025177
11627	11628	0.00025177
2710	11629	0.000244141
11628	11629	0.000244141
5665	11630	0.000225067
11629	11630	0.000225067
936	11631	0.000208855
11630	11631	0.000208855
3940	11632	0.00020504
11631	11632	0.00020504
11166	11633	0.000154495
11632	11633	0.000154495
4812	11634	0.000139236
11633	11634	0.000139236
347	11635	0.000109673
11634	11635	0.000109673
1797	11636	7.34329e-05
4174	11636	7.34329e-05
11635	11636	7.34329e-05