3312	6076	0.0697031
4953	6076	0.0697031
5442	6077	0.0673018
1905	6077	0.0673018
6076	6078	0.0246714
5031	6078	0.0246714
6077	6079	0.0240108
6078	6079	0.0240108
1597	6080	0.023942
5192	6080	0.023942
1970	6081	0.0279375
1844	6081	0.0279375
1744	6082	0.316411
5493	6082	0.316411
6082	6083	0.0754531
79	6083	0.0754531
1957	6084	0.0619628
6083	6084	0.0619628
6084	6085	0.0272233
736	6085	0.0272233
3522	6086	0.724528
510	6086	0.724528
6086	6087	0.188188
6060	6087	0.188188
6087	6088	0.135704
1199	6088	0.135704
6088	6089	0.0289698
1975	6089	0.0289698
2027	6090	0.0917848
3039	6090	0.0917848
1454	6091	0.0811063
6090	6091	0.0811063
4374	6092	0.071312
4271	6092	0.071312
6092	6093	0.0536239
2023	6093	0.0536239
6093	6094	0.0272779
295	6094	0.0272779
6094	6095	0.0239269
2635	6095	0.0239269
2535	6096	0.218758
3180	6096	0.218758
6096	6097	0.1613
5439	6097	0.1613
754	6098	0.152097
4127	6098	0.152097
6097	6099	0.0639571
3941	6099	0.0639571
6098	6100	0.0249924
6099	6100	0.0249924
2988	6101	0.246203
2379	6101	0.246203
3298	6102	0.136818
2380	6102	0.136818
6101	6103	0.122811
6102	6103	0.122811
6103	6104	0.104958
1478	6104	0.104958
3816	6105	0.0500751
1067	6105	0.0500751
6104	6106	0.0499161
6105	6106	0.0499161
6106	6107	0.0421387
1049	6107	0.0421387
3236	6108	0.0319102
6107	6108	0.0319102
6108	6109	0.0201625
1450	6109	0.0201625
363	6110	0.0272233
3621	6110	0.0272233
6110	6111	0.0227945
5164	6111	0.0227945
3844	6112	0.0609143
870	6112	0.0609143
5634	6113	0.0396631
1972	6113	0.0396631
5037	6114	0.108303
5874	6114	0.108303
5919	6115	0.0446858
6114	6115	0.0446858
5021	6116	0.0389705
3344	6116	0.0389705
6115	6117	0.028918
6116	6117	0.028918
3345	6117	0.028918
2386	6118	0.077345
1445	6118	0.077345
6118	6119	0.0719206
1774	6119	0.0719206
2705	6120	0.243451
4910	6120	0.243451
5106	6121	0.0343609
1749	6121	0.0343609
2342	6122	0.0211723
1417	6122	0.0211723
4622	6123	0.0373698
2558	6123	0.0373698
6123	6124	0.0284179
3956	6124	0.0284179
674	6125	0.0729969
1006	6125	0.0729969
6125	6126	0.0712935
3342	6126	0.0712935
4036	6127	0.0322008
3494	6127	0.0322008
4229	6128	0.0307836
844	6128	0.0307836
4802	6129	0.0965168
1455	6129	0.0965168
5519	6130	0.0718395
1937	6130	0.0718395
6129	6131	0.0718198
6130	6131	0.0718198
6131	6132	0.0381964
5335	6132	0.0381964
6132	6133	0.023413
1104	6133	0.023413
6133	6134	0.0209663
4381	6134	0.0209663
4201	6135	0.108696
1851	6135	0.108696
3068	6136	0.039198
832	6136	0.039198
5260	6137	0.157833
142	6137	0.157833
6137	6138	0.157059
514	6138	0.157059
3003	6139	0.101943
2423	6139	0.101943
6139	6140	0.0985522
2837	6140	0.0985522
6140	6141	0.0782983
3735	6141	0.0782983
6141	6142	0.0452785
6138	6142	0.0452785
962	6143	0.0226993
2333	6143	0.0226993
3703	6144	0.276671
2694	6144	0.276671
4744	6145	0.046607
5012	6145	0.046607
6145	6146	0.043254
4068	6146	0.043254
3917	6147	0.0545931
5575	6147	0.0545931
5283	6148	0.0418558
2483	6148	0.0418558
1120	6149	0.0202845
5189	6149	0.0202845
4177	6150	0.0293391
5585	6150	0.0293391
2908	6151	0.0261832
6150	6151	0.0261832
464	6152	0.0260709
6151	6152	0.0260709
6152	6153	0.0220624
1467	6153	0.0220624
168	6154	0.020795
6153	6154	0.020795
2961	6155	0.0272634
3107	6155	0.0272634
4072	6156	0.0386411
1042	6156	0.0386411
5413	6157	0.0326295
6156	6157	0.0326295
6157	6158	0.0299291
1624	6158	0.0299291
6158	6159	0.0252617
955	6159	0.0252617
6159	6160	0.0239153
720	6160	0.0239153
5063	6161	0.0235794
6160	6161	0.0235794
5883	6162	0.673829
1145	6162	0.673829
4023	6163	0.259025
1911	6163	0.259025
6163	6164	0.0432603
316	6164	0.0432603
6164	6165	0.0309133
2195	6165	0.0309133
1810	6166	0.0262281
6165	6166	0.0262281
300	6167	0.0298373
1927	6167	0.0298373
5369	6168	0.508303
5467	6168	0.508303
6168	6169	0.4234
5221	6169	0.4234
6169	6170	0.420132
5896	6170	0.420132
1850	6171	0.0892657
1308	6171	0.0892657
5060	6172	0.0870566
6171	6172	0.0870566
6170	6173	0.0987867
4497	6173	0.0987867
6173	6174	0.0226828
6172	6174	0.0226828
990	6175	0.0234239
1000	6175	0.0234239
4251	6176	0.0220942
6175	6176	0.0220942
1171	6177	0.0258591
1939	6177	0.0258591
2991	6178	0.105596
2688	6178	0.105596
6178	6179	0.0824336
238	6179	0.0824336
3179	6180	0.0234154
1531	6180	0.0234154
23	6181	0.22987
3359	6181	0.22987
6181	6182	0.218849
4049	6182	0.218849
3732	6183	0.117998
138	6183	0.117998
6183	6184	0.102678
4588	6184	0.102678
6182	6185	0.0398834
1651	6185	0.0398834
3705	6186	0.037552
6185	6186	0.037552
6184	6187	0.050055
5877	6187	0.050055
5078	6188	0.0479729
6187	6188	0.0479729
6188	6189	0.0343722
6186	6189	0.0343722
3254	6190	0.0277523
6073	6190	0.0277523
3542	6191	0.0234939
5163	6191	0.0234939
669	6192	0.447665
3518	6192	0.447665
6192	6193	0.401802
3820	6193	0.401802
5324	6194	0.150593
4006	6194	0.150593
3177	6195	0.145841
6194	6195	0.145841
6195	6196	0.0341388
4743	6196	0.0341388
4120	6197	0.0618925
1203	6197	0.0618925
2491	6198	0.0487507
2463	6198	0.0487507
4755	6199	0.0321597
4298	6199	0.0321597
3329	6200	0.159066
281	6200	0.159066
4119	6201	0.0250195
6200	6201	0.0250195
4567	6202	0.113454
2597	6202	0.113454
4259	6203	0.0938826
6202	6203	0.0938826
1873	6204	0.0411908
426	6204	0.0411908
3464	6205	0.0304522
1116	6205	0.0304522
4993	6206	0.1163
2788	6206	0.1163
6206	6207	0.032718
4396	6207	0.032718
3230	6208	0.126856
553	6208	0.126856
480	6209	0.18986
3555	6209	0.18986
230	6210	0.0884439
4553	6210	0.0884439
6210	6211	0.070099
4426	6211	0.070099
6211	6212	0.0454673
3811	6212	0.0454673
4477	6213	0.0445428
6212	6213	0.0445428
6213	6214	0.0298466
98	6214	0.0298466
4707	6215	0.0283041
6214	6215	0.0283041
968	6216	0.0311867
4156	6216	0.0311867
6216	6217	0.0281609
5880	6217	0.0281609
5806	6218	0.0248354
6217	6218	0.0248354
6218	6219	0.0214099
5520	6219	0.0214099
4819	6220	0.15079
2398	6220	0.15079
6220	6221	0.0445016
4183	6221	0.0445016
1885	6222	0.0218199
6221	6222	0.0218199
3330	6223	0.0422197
4463	6223	0.0422197
1915	6224	0.0464161
3343	6224	0.0464161
4814	6225	0.0344695
4079	6225	0.0344695
4384	6226	0.0965687
2043	6226	0.0965687
3257	6227	0.134202
2905	6227	0.134202
3521	6228	0.0646481
3171	6228	0.0646481
6228	6229	0.029415
189	6229	0.029415
3260	6230	0.234595
4142	6230	0.234595
153	6231	0.047584
16	6231	0.047584
4295	6232	0.127077
1377	6232	0.127077
2220	6233	0.109638
3823	6233	0.109638
6233	6234	0.0963903
1805	6234	0.0963903
105	6235	0.0823358
6234	6235	0.0823358
4448	6236	0.168453
1549	6236	0.168453
2777	6237	0.0565908
4454	6237	0.0565908
4064	6238	0.0236462
2909	6238	0.0236462
4951	6239	0.0241918
3366	6239	0.0241918
1001	6240	0.0717766
2640	6240	0.0717766
369	6241	0.0513582
2469	6241	0.0513582
3057	6242	0.0509549
6241	6242	0.0509549
5341	6243	0.0247564
3680	6243	0.0247564
5911	6244	0.148666
5618	6244	0.148666
5619	6245	0.136075
6244	6245	0.136075
6245	6246	0.0631566
5900	6246	0.0631566
6246	6247	0.0545987
813	6247	0.0545987
5745	6248	0.0526676
6247	6248	0.0526676
3010	6249	0.0287441
410	6249	0.0287441
6249	6250	0.0211878
1683	6250	0.0211878
5464	6251	0.0810357
5778	6251	0.0810357
6251	6252	0.0462892
3550	6252	0.0462892
843	6253	0.13834
4358	6253	0.13834
2976	6254	0.0287665
3613	6254	0.0287665
868	6255	0.0464537
5961	6255	0.0464537
2823	6256	0.0218583
6255	6256	0.0218583
4579	6257	0.0554308
4510	6257	0.0554308
6257	6258	0.0325618
729	6258	0.0325618
1286	6259	0.0316006
6258	6259	0.0316006
2480	6260	0.0293462
6259	6260	0.0293462
6260	6261	0.0209525
3842	6261	0.0209525
1561	6262	0.125063
4030	6262	0.125063
3292	6263	0.0540432
5209	6263	0.0540432
2472	6264	0.0248386
3892	6264	0.0248386
6264	6265	0.0247134
1434	6265	0.0247134
4518	6266	0.0240837
4301	6266	0.0240837
6266	6267	0.0224788
6265	6267	0.0224788
6263	6268	0.0218293
6267	6268	0.0218293
5625	6269	0.120617
1269	6269	0.120617
2869	6270	0.0271582
6269	6270	0.0271582
3304	6271	0.0256912
1345	6271	0.0256912
4914	6272	0.0249941
6271	6272	0.0249941
2962	6273	0.350504
444	6273	0.350504
5261	6274	0.133258
3184	6274	0.133258
6274	6275	0.0832221
584	6275	0.0832221
1325	6276	0.0837647
5119	6276	0.0837647
6275	6277	0.0783033
2372	6277	0.0783033
6276	6278	0.0564755
3531	6278	0.0564755
1666	6279	0.0555619
6278	6279	0.0555619
6277	6280	0.0547236
592	6280	0.0547236
6279	6281	0.0425204
6280	6281	0.0425204
4189	6282	0.0399214
6281	6282	0.0399214
6273	6283	0.0329438
6282	6283	0.0329438
3706	6284	0.0249941
5591	6284	0.0249941
123	6285	0.0224887
6284	6285	0.0224887
792	6286	0.135523
1319	6286	0.135523
6286	6287	0.0997483
1096	6287	0.0997483
3604	6288	0.234106
3785	6288	0.234106
1	6289	0.217439
6288	6289	0.217439
2506	6290	0.0959251
3528	6290	0.0959251
2248	6291	0.0760751
6290	6291	0.0760751
5	6292	0.0757603
6291	6292	0.0757603
2645	6293	0.0943945
1086	6293	0.0943945
4645	6294	0.0863128
2803	6294	0.0863128
6293	6295	0.0655035
1976	6295	0.0655035
1107	6296	0.0653969
6295	6296	0.0653969
2680	6297	0.0652332
6296	6297	0.0652332
6297	6298	0.0511461
5991	6298	0.0511461
6294	6299	0.0506276
6298	6299	0.0506276
6299	6300	0.0495874
7	6300	0.0495874
3157	6301	0.0495614
6300	6301	0.0495614
967	6302	0.0468071
6301	6302	0.0468071
2268	6303	0.134585
5305	6303	0.134585
5502	6304	0.102775
5996	6304	0.102775
6304	6305	0.0954947
1755	6305	0.0954947
2134	6306	0.0867634
2671	6306	0.0867634
6306	6307	0.0778844
3942	6307	0.0778844
2852	6308	0.0730024
4257	6308	0.0730024
6303	6309	0.0631855
9	6309	0.0631855
6305	6310	0.0717402
4529	6310	0.0717402
6310	6311	0.0669524
1041	6311	0.0669524
5847	6312	0.0629004
6307	6312	0.0629004
6309	6313	0.0599259
1356	6313	0.0599259
2266	6313	0.0599259
310	6314	0.0620754
6311	6314	0.0620754
6313	6315	0.0582743
6314	6315	0.0582743
6312	6316	0.0580583
6315	6316	0.0580583
5623	6317	0.0561969
1242	6317	0.0561969
6308	6318	0.0531125
6317	6318	0.0531125
4601	6319	0.0528776
6318	6319	0.0528776
6319	6320	0.0485164
4860	6320	0.0485164
1815	6321	0.0522751
6316	6321	0.0522751
3514	6322	0.049728
3515	6322	0.049728
6321	6323	0.0485119
4123	6323	0.0485119
6320	6324	0.0454968
6323	6324	0.0454968
504	6325	0.0454321
2148	6325	0.0454321
6324	6326	0.0453342
6325	6326	0.0453342
6326	6327	0.0439239
6050	6327	0.0439239
6327	6328	0.0435278
6322	6328	0.0435278
2275	6329	0.133616
5810	6329	0.133616
5769	6330	0.117265
6329	6330	0.117265
1032	6331	0.116442
6330	6331	0.116442
4775	6332	0.10475
3183	6332	0.10475
6332	6333	0.0959733
5203	6333	0.0959733
24	6334	0.0936526
6333	6334	0.0936526
1271	6335	0.092116
1059	6335	0.092116
6335	6336	0.0883381
2568	6336	0.0883381
6336	6337	0.0785532
3201	6337	0.0785532
6337	6338	0.0694681
1376	6338	0.0694681
6334	6339	0.0664085
6338	6339	0.0664085
6331	6340	0.0615485
6339	6340	0.0615485
6340	6341	0.0580082
905	6341	0.0580082
5516	6342	0.0479655
5855	6342	0.0479655
6341	6343	0.0435801
6342	6343	0.0435801
526	6344	0.0649539
393	6344	0.0649539
5257	6345	0.350588
2032	6345	0.350588
5614	6346	0.338832
6345	6346	0.338832
864	6347	0.0856407
4007	6347	0.0856407
6347	6348	0.0457925
4851	6348	0.0457925
2985	6349	0.14797
31	6349	0.14797
5016	6350	0.113116
6349	6350	0.113116
6350	6351	0.0786794
2738	6351	0.0786794
904	6352	0.12907
4611	6352	0.12907
1907	6353	0.127116
6352	6353	0.127116
6351	6354	0.0782838
1158	6354	0.0782838
2006	6355	0.0706856
6354	6355	0.0706856
2015	6356	0.0703402
6355	6356	0.0703402
6356	6357	0.0581816
5524	6357	0.0581816
1130	6358	0.0490481
1513	6358	0.0490481
6358	6359	0.0442798
3069	6359	0.0442798
6353	6360	0.0438018
6359	6360	0.0438018
6357	6361	0.0419262
6360	6361	0.0419262
333	6362	0.049625
2769	6362	0.049625
6362	6363	0.0459067
1289	6363	0.0459067
3103	6364	0.0600904
1556	6364	0.0600904
6364	6365	0.0432204
34	6365	0.0432204
482	6366	0.0438255
38	6366	0.0438255
2661	6367	0.129019
5938	6367	0.129019
4108	6368	0.128453
6367	6368	0.128453
3125	6369	0.277096
3498	6369	0.277096
5155	6370	0.165917
6369	6370	0.165917
5187	6371	0.269511
3677	6371	0.269511
5157	6372	0.29119
5135	6372	0.29119
6372	6373	0.217237
5129	6373	0.217237
6373	6374	0.158218
5158	6374	0.158218
1941	6375	0.128234
6370	6375	0.128234
6368	6376	0.126714
6375	6376	0.126714
6376	6377	0.101242
1459	6377	0.101242
6377	6378	0.0978111
521	6378	0.0978111
6378	6379	0.0945312
3987	6379	0.0945312
6371	6380	0.10056
2417	6380	0.10056
6379	6381	0.0884365
4221	6381	0.0884365
5045	6382	0.0802824
6381	6382	0.0802824
6382	6383	0.076275
6380	6383	0.076275
6374	6384	0.0729384
6383	6384	0.0729384
6384	6385	0.0652794
4314	6385	0.0652794
6385	6386	0.0538784
5736	6386	0.0538784
5134	6387	0.0528783
6386	6387	0.0528783
6387	6388	0.0507992
89	6388	0.0507992
5717	6389	0.095736
5362	6389	0.095736
6389	6390	0.0942551
5891	6390	0.0942551
4311	6391	0.0859629
5337	6391	0.0859629
6391	6392	0.0665959
2210	6392	0.0665959
6392	6393	0.0625755
450	6393	0.0625755
1571	6394	0.0507473
4580	6394	0.0507473
6394	6395	0.0432956
5489	6395	0.0432956
6395	6396	0.041499
41	6396	0.041499
4781	6397	0.104343
1591	6397	0.104343
4039	6398	0.265588
4699	6398	0.265588
6398	6399	0.0430796
4118	6399	0.0430796
2024	6400	0.171175
2403	6400	0.171175
1582	6401	0.103729
4333	6401	0.103729
6400	6402	0.102904
6401	6402	0.102904
6402	6403	0.0688191
4531	6403	0.0688191
6403	6404	0.0665343
914	6404	0.0665343
6404	6405	0.0493061
301	6405	0.0493061
6405	6406	0.0428221
3454	6406	0.0428221
3027	6407	0.0673635
239	6407	0.0673635
5584	6408	0.0777283
4387	6408	0.0777283
4209	6409	0.0736288
6408	6409	0.0736288
6409	6410	0.0683709
1537	6410	0.0683709
1304	6411	0.0666436
6410	6411	0.0666436
4940	6412	0.174747
4714	6412	0.174747
6412	6413	0.111416
5271	6413	0.111416
940	6414	0.0976673
6413	6414	0.0976673
258	6415	0.0432292
2416	6415	0.0432292
47	6416	0.214364
1114	6416	0.214364
4987	6417	0.127189
3655	6417	0.127189
3286	6418	0.204411
4107	6418	0.204411
1528	6419	0.203176
6418	6419	0.203176
6419	6420	0.0827896
803	6420	0.0827896
6420	6421	0.0537415
3802	6421	0.0537415
4198	6422	0.0781407
5436	6422	0.0781407
6422	6423	0.0730927
5750	6423	0.0730927
6423	6424	0.0608929
1264	6424	0.0608929
6424	6425	0.0570243
511	6425	0.0570243
3779	6426	0.0559714
6425	6426	0.0559714
6426	6427	0.0515272
1068	6427	0.0515272
682	6428	0.0464209
1971	6428	0.0464209
3876	6429	0.0455291
6428	6429	0.0455291
6427	6430	0.0452681
6429	6430	0.0452681
925	6431	0.0435376
1060	6431	0.0435376
6430	6432	0.041849
6431	6432	0.041849
4097	6433	0.0417401
6432	6433	0.0417401
3149	6434	0.0555582
59	6434	0.0555582
836	6435	0.0732533
2778	6435	0.0732533
3045	6436	0.0646337
3251	6436	0.0646337
6435	6437	0.0593501
3653	6437	0.0593501
6437	6438	0.0453388
6436	6438	0.0453388
485	6439	0.0451428
6438	6439	0.0451428
191	6440	0.0480308
1291	6440	0.0480308
5932	6441	0.0511444
262	6441	0.0511444
6441	6442	0.0501785
2636	6442	0.0501785
6442	6443	0.0456041
3947	6443	0.0456041
2764	6444	0.0442983
6443	6444	0.0442983
3461	6445	0.0483763
3766	6445	0.0483763
2406	6446	0.0673438
74	6446	0.0673438
3888	6447	0.0618104
6446	6447	0.0618104
4809	6448	0.0614731
6447	6448	0.0614731
95	6449	0.0423151
1294	6449	0.0423151
428	6450	0.0475662
96	6450	0.0475662
1167	6451	0.0417492
5377	6451	0.0417492
3713	6452	0.0442128
580	6452	0.0442128
6452	6453	0.0419986
2389	6453	0.0419986
1509	6454	0.0499102
413	6454	0.0499102
1952	6455	0.0428803
6454	6455	0.0428803
2793	6456	0.0418794
6455	6456	0.0418794
4169	6457	0.041499
6456	6457	0.041499
3265	6458	0.0412636
6457	6458	0.0412636
5417	6459	0.11068
3792	6459	0.11068
6459	6460	0.0416929
1845	6460	0.0416929
2822	6461	0.0565823
4549	6461	0.0565823
1750	6462	0.236533
5140	6462	0.236533
4150	6463	0.0482733
5941	6463	0.0482733
1270	6464	0.0411463
6463	6464	0.0411463
478	6465	0.0427121
2135	6465	0.0427121
4867	6466	0.0713168
4676	6466	0.0713168
6466	6467	0.0511471
313	6467	0.0511471
6467	6468	0.0415997
3646	6468	0.0415997
1803	6469	0.337562
4252	6469	0.337562
6469	6470	0.197219
1465	6470	0.197219
6470	6471	0.191417
3570	6471	0.191417
1870	6472	0.0905392
4218	6472	0.0905392
2501	6473	0.0742243
4603	6473	0.0742243
5454	6474	0.0730155
6473	6474	0.0730155
6474	6475	0.0658025
661	6475	0.0658025
771	6476	0.0600005
3678	6476	0.0600005
6471	6477	0.0826969
3768	6477	0.0826969
5275	6478	0.0687065
6477	6478	0.0687065
6478	6479	0.0636411
4470	6479	0.0636411
6472	6480	0.0603991
5073	6480	0.0603991
4584	6481	0.0684191
3579	6481	0.0684191
6475	6482	0.0592432
6479	6482	0.0592432
6482	6483	0.0509309
6476	6483	0.0509309
6480	6484	0.0466654
5233	6484	0.0466654
6484	6485	0.0422697
4192	6485	0.0422697
6481	6486	0.0413426
6485	6486	0.0413426
6483	6487	0.0413076
4625	6487	0.0413076
6487	6488	0.0411194
6486	6488	0.0411194
4382	6489	0.0567666
1692	6489	0.0567666
5513	6490	0.0483705
6489	6490	0.0483705
3556	6491	0.0419159
3140	6491	0.0419159
5202	6492	0.0431833
3849	6492	0.0431833
5718	6493	0.0609211
3843	6493	0.0609211
6493	6494	0.0599437
2429	6494	0.0599437
6494	6495	0.0515279
3951	6495	0.0515279
6495	6496	0.0431681
355	6496	0.0431681
1453	6497	0.065878
127	6497	0.065878
3499	6498	0.0922344
1413	6498	0.0922344
5948	6499	0.0691074
5552	6499	0.0691074
1752	6500	0.0785434
6498	6500	0.0785434
6499	6501	0.0684304
6500	6501	0.0684304
6501	6502	0.0547389
131	6502	0.0547389
132	6503	0.0709127
2853	6503	0.0709127
5393	6504	0.0654019
360	6504	0.0654019
2395	6505	0.0911369
564	6505	0.0911369
2868	6506	0.084329
6505	6506	0.084329
1209	6507	0.064122
3314	6507	0.064122
6504	6508	0.059662
1177	6508	0.059662
6506	6509	0.058567
3032	6509	0.058567
6508	6510	0.0520111
6509	6510	0.0520111
2152	6511	0.0634756
6507	6511	0.0634756
6511	6512	0.0542567
1040	6512	0.0542567
6512	6513	0.0512696
3856	6513	0.0512696
1578	6514	0.0501613
3756	6514	0.0501613
6513	6515	0.0488764
6514	6515	0.0488764
2986	6516	0.0479107
6515	6516	0.0479107
3919	6517	0.0470503
6516	6517	0.0470503
6517	6518	0.0469832
6510	6518	0.0469832
6518	6519	0.0422048
4276	6519	0.0422048
2181	6520	0.0465241
158	6520	0.0465241
6520	6521	0.0440059
4703	6521	0.0440059
4353	6522	0.0413902
6521	6522	0.0413902
5562	6523	0.119608
4406	6523	0.119608
2328	6524	0.0990023
6523	6524	0.0990023
4607	6525	0.0699606
2626	6525	0.0699606
6524	6526	0.0530848
159	6526	0.0530848
6525	6527	0.047209
4115	6527	0.047209
6527	6528	0.0461024
6526	6528	0.0461024
4678	6529	0.146568
3933	6529	0.146568
3238	6530	0.112052
5190	6530	0.112052
1024	6531	0.104865
6530	6531	0.104865
6531	6532	0.0854388
4941	6532	0.0854388
6532	6533	0.0755743
5323	6533	0.0755743
6533	6534	0.0715623
166	6534	0.0715623
4540	6535	0.0597096
6534	6535	0.0597096
2237	6536	0.0593513
6535	6536	0.0593513
1716	6537	0.073681
2278	6537	0.073681
2774	6538	0.0710598
6537	6538	0.0710598
6536	6539	0.04663
5652	6539	0.04663
4356	6540	0.0460663
6539	6540	0.0460663
6540	6541	0.0460182
1247	6541	0.0460182
6538	6542	0.0458387
6541	6542	0.0458387
6542	6543	0.0451442
4881	6543	0.0451442
6049	6544	0.0709137
4835	6544	0.0709137
171	6545	0.0697874
6544	6545	0.0697874
172	6546	0.0806717
1847	6546	0.0806717
4066	6547	0.243137
2010	6547	0.243137
6547	6548	0.0665358
3211	6548	0.0665358
6546	6549	0.0644433
3717	6549	0.0644433
3317	6550	0.0624155
6548	6550	0.0624155
6549	6551	0.0588126
6550	6551	0.0588126
6551	6552	0.0576627
1641	6552	0.0576627
757	6553	0.0538926
6552	6553	0.0538926
3990	6554	0.047494
6553	6554	0.047494
6554	6555	0.0462824
2889	6555	0.0462824
6555	6556	0.0446348
4883	6556	0.0446348
1640	6557	0.0416355
4998	6557	0.0416355
6556	6558	0.0415748
6557	6558	0.0415748
2739	6559	0.0563125
319	6559	0.0563125
2158	6560	0.0579186
989	6560	0.0579186
6560	6561	0.0482982
2641	6561	0.0482982
6561	6562	0.0459869
2444	6562	0.0459869
6562	6563	0.0450506
5958	6563	0.0450506
2755	6564	0.184507
1272	6564	0.184507
6564	6565	0.100717
3004	6565	0.100717
5277	6566	0.0971489
6565	6566	0.0971489
3647	6567	0.053236
3511	6567	0.053236
6567	6568	0.0430968
606	6568	0.0430968
1917	6569	0.0564625
183	6569	0.0564625
1887	6570	0.0519122
6569	6570	0.0519122
2327	6571	0.119523
3033	6571	0.119523
4746	6572	0.0738369
2790	6572	0.0738369
5441	6573	0.073686
6572	6573	0.073686
6573	6574	0.0600469
2326	6574	0.0600469
6571	6575	0.0568432
6574	6575	0.0568432
6575	6576	0.0418032
4863	6576	0.0418032
6576	6577	0.0416043
987	6577	0.0416043
3873	6578	0.0934082
1595	6578	0.0934082
6578	6579	0.0928961
1688	6579	0.0928961
6579	6580	0.0645033
4666	6580	0.0645033
6580	6581	0.0450268
5663	6581	0.0450268
1018	6581	0.0450268
209	6582	0.0842739
974	6582	0.0842739
6582	6583	0.0825509
1482	6583	0.0825509
3527	6584	0.0727751
5080	6584	0.0727751
6584	6585	0.0711672
1208	6585	0.0711672
6583	6586	0.0458447
3426	6586	0.0458447
6585	6587	0.0435545
6586	6587	0.0435545
6015	6588	0.229859
5343	6588	0.229859
210	6589	0.179468
6588	6589	0.179468
6589	6590	0.0485918
709	6590	0.0485918
2089	6591	0.0593098
2055	6591	0.0593098
6591	6592	0.0463552
4279	6592	0.0463552
2193	6593	0.0608344
2313	6593	0.0608344
4190	6594	0.0536191
1594	6594	0.0536191
6594	6595	0.0479681
6593	6595	0.0479681
225	6596	0.0659238
5279	6596	0.0659238
3831	6597	0.0657525
2681	6597	0.0657525
2646	6598	0.0472644
2643	6598	0.0472644
2396	6599	0.0456439
6598	6599	0.0456439
6597	6600	0.0440517
6599	6600	0.0440517
4052	6601	0.0502203
2959	6601	0.0502203
3998	6602	0.0436962
6600	6602	0.0436962
5165	6603	0.0435686
6601	6603	0.0435686
3043	6604	0.0433047
6603	6604	0.0433047
6602	6605	0.0417751
6604	6605	0.0417751
5823	6606	0.0413808
6605	6606	0.0413808
2664	6607	0.0467908
254	6607	0.0467908
544	6608	0.0598837
2935	6608	0.0598837
6608	6609	0.0597084
2422	6609	0.0597084
2364	6610	0.0525258
4130	6610	0.0525258
6609	6611	0.0560904
2420	6611	0.0560904
6611	6612	0.0499987
5023	6612	0.0499987
6612	6613	0.0456921
2605	6613	0.0456921
6610	6614	0.0437009
6613	6614	0.0437009
1959	6615	0.112143
555	6615	0.112143
6615	6616	0.0662994
244	6616	0.0662994
6616	6617	0.0576197
686	6617	0.0576197
1407	6618	0.0511836
984	6618	0.0511836
1772	6619	0.0807213
5177	6619	0.0807213
1174	6620	0.130462
2588	6620	0.130462
5281	6621	0.103923
2061	6621	0.103923
6620	6622	0.0932409
6621	6622	0.0932409
6622	6623	0.0742924
2343	6623	0.0742924
2887	6624	0.0740674
6623	6624	0.0740674
6624	6625	0.0499617
1175	6625	0.0499617
2608	6626	0.046637
690	6626	0.046637
6626	6627	0.0463574
6625	6627	0.0463574
5207	6628	0.0459432
894	6628	0.0459432
6627	6629	0.0442202
6628	6629	0.0442202
6629	6630	0.0434219
1181	6630	0.0434219
5058	6631	0.113417
5488	6631	0.113417
252	6632	0.0982941
6631	6632	0.0982941
3959	6633	0.0854274
6632	6633	0.0854274
2662	6634	0.08219
4308	6634	0.08219
2370	6634	0.08219
6634	6635	0.0604033
267	6635	0.0604033
4641	6636	0.0690884
3877	6636	0.0690884
292	6637	0.0445886
5363	6637	0.0445886
6637	6638	0.042333
4523	6638	0.042333
2802	6639	0.0812543
3380	6639	0.0812543
1281	6640	0.0751694
6639	6640	0.0751694
6640	6641	0.051051
274	6641	0.051051
277	6642	0.0594923
2185	6642	0.0594923
6061	6643	0.0592211
6642	6643	0.0592211
3091	6644	0.0603733
775	6644	0.0603733
6644	6645	0.0595834
4790	6645	0.0595834
291	6646	0.0591948
2942	6646	0.0591948
2126	6647	0.184388
2958	6647	0.184388
6647	6648	0.148364
3543	6648	0.148364
6648	6649	0.121895
1205	6649	0.121895
6649	6650	0.116978
321	6650	0.116978
6650	6651	0.068955
4842	6651	0.068955
6651	6652	0.0540495
2730	6652	0.0540495
2069	6653	0.0446435
1324	6653	0.0446435
6653	6654	0.0428054
1248	6654	0.0428054
5017	6655	0.0427645
6654	6655	0.0427645
1668	6656	0.0632941
4833	6656	0.0632941
5325	6657	0.149687
568	6657	0.149687
4020	6658	0.0678152
4787	6658	0.0678152
6658	6659	0.0639648
2791	6659	0.0639648
601	6660	0.0799205
2233	6660	0.0799205
5075	6661	0.0533154
3731	6661	0.0533154
6659	6662	0.0606039
2792	6662	0.0606039
6660	6663	0.0498118
6661	6663	0.0498118
1760	6664	0.0497465
6663	6664	0.0497465
6664	6665	0.048695
6662	6665	0.048695
6665	6666	0.0431258
418	6666	0.0431258
714	6667	0.0480701
2604	6667	0.0480701
1737	6668	0.0476444
6667	6668	0.0476444
4185	6669	0.0720145
4414	6669	0.0720145
6669	6670	0.0566779
4411	6670	0.0566779
6670	6671	0.0548958
2966	6671	0.0548958
1275	6672	0.0548309
6671	6672	0.0548309
6672	6673	0.0411881
2743	6673	0.0411881
331	6674	0.0542931
4648	6674	0.0542931
1628	6675	0.0510398
6674	6675	0.0510398
6675	6676	0.0466563
2101	6676	0.0466563
3971	6677	0.105718
1674	6677	0.105718
5966	6678	0.0939535
3684	6678	0.0939535
2258	6679	0.053169
5767	6679	0.053169
5662	6680	0.0448181
1027	6680	0.0448181
1684	6681	0.0428054
6680	6681	0.0428054
6679	6682	0.0422728
6681	6682	0.0422728
5327	6683	0.109555
1876	6683	0.109555
6683	6684	0.0943096
1545	6684	0.0943096
6684	6685	0.0921821
1074	6685	0.0921821
4409	6686	0.0728723
6685	6686	0.0728723
3309	6687	0.0693517
6686	6687	0.0693517
6687	6688	0.0643251
4176	6688	0.0643251
6688	6689	0.0441776
427	6689	0.0441776
1753	6690	0.072485
2552	6690	0.072485
6690	6691	0.0426288
445	6691	0.0426288
5826	6692	0.0910418
2099	6692	0.0910418
6692	6693	0.0555633
3541	6693	0.0555633
2672	6694	0.0439714
6693	6694	0.0439714
1763	6695	0.0433455
6694	6695	0.0433455
598	6696	0.0432132
6695	6696	0.0432132
6696	6697	0.0422677
3972	6697	0.0422677
6697	6698	0.041175
5894	6698	0.041175
5785	6699	0.166346
6041	6699	0.166346
6699	6700	0.0528978
2714	6700	0.0528978
2900	6701	0.0485757
357	6701	0.0485757
5344	6702	0.0648696
724	6702	0.0648696
5226	6703	0.0549344
4550	6703	0.0549344
3433	6704	0.0581483
364	6704	0.0581483
1735	6705	0.0501776
5013	6705	0.0501776
6704	6706	0.0442757
6705	6706	0.0442757
2166	6707	0.0818777
3786	6707	0.0818777
1259	6708	0.210888
744	6708	0.210888
6708	6709	0.0910062
1367	6709	0.0910062
2250	6710	0.0705358
2451	6710	0.0705358
376	6711	0.0603549
2508	6711	0.0603549
6710	6712	0.0546255
6711	6712	0.0546255
6712	6713	0.0541692
5837	6713	0.0541692
6709	6714	0.0527843
5035	6714	0.0527843
6713	6715	0.0524502
6714	6715	0.0524502
5650	6716	0.049802
6715	6716	0.049802
1756	6717	0.0435713
1347	6717	0.0435713
5287	6718	0.043161
6717	6718	0.043161
812	6719	0.130427
1694	6719	0.130427
6719	6720	0.0785624
2849	6720	0.0785624
6720	6721	0.0749233
3458	6721	0.0749233
1865	6722	0.0745897
6721	6722	0.0745897
4285	6723	0.0671561
6722	6723	0.0671561
651	6724	0.142614
1984	6724	0.142614
3893	6725	0.106728
6724	6725	0.106728
4391	6726	0.0994262
6725	6726	0.0994262
1435	6727	0.0990471
4946	6727	0.0990471
6726	6727	0.0990471
6727	6728	0.067392
1676	6728	0.067392
6728	6729	0.0638873
4067	6729	0.0638873
5517	6730	0.063363
6729	6730	0.063363
1636	6731	0.0832307
4981	6731	0.0832307
6730	6732	0.0629968
4545	6732	0.0629968
6731	6733	0.0575657
6732	6733	0.0575657
4848	6734	0.0567881
6733	6734	0.0567881
3293	6735	0.0561736
6734	6735	0.0561736
6735	6736	0.0485906
2008	6736	0.0485906
3471	6737	0.157209
4624	6737	0.157209
3813	6738	0.0615002
5887	6738	0.0615002
4017	6739	0.0739973
2442	6739	0.0739973
3232	6740	0.0744444
1813	6740	0.0744444
625	6741	0.0638408
6740	6741	0.0638408
6741	6742	0.0605659
5286	6742	0.0605659
1496	6743	0.0602443
6742	6743	0.0602443
4160	6744	0.0507251
6743	6744	0.0507251
1323	6745	0.0477288
6744	6745	0.0477288
6745	6746	0.045384
899	6746	0.045384
4086	6747	0.0595505
5781	6747	0.0595505
1827	6748	0.0453616
6747	6748	0.0453616
5449	6749	0.0432726
6748	6749	0.0432726
434	6750	0.0516522
2213	6750	0.0516522
6750	6751	0.0485899
1920	6751	0.0485899
435	6752	0.0413189
1284	6752	0.0413189
1698	6753	0.0976321
4096	6753	0.0976321
451	6754	0.0929635
6753	6754	0.0929635
6754	6755	0.0892581
1187	6755	0.0892581
527	6756	0.0731558
6755	6756	0.0731558
1706	6757	0.0713798
2816	6757	0.0713798
6757	6758	0.0648433
3387	6758	0.0648433
6758	6759	0.0604332
6756	6759	0.0604332
5290	6760	0.137068
5657	6760	0.137068
6760	6761	0.0944622
1700	6761	0.0944622
6761	6762	0.0452091
3013	6762	0.0452091
6762	6763	0.0434005
457	6763	0.0434005
2809	6764	0.110908
1002	6764	0.110908
3724	6765	0.107905
6764	6765	0.107905
6765	6766	0.0456274
468	6766	0.0456274
3224	6767	0.0445792
5859	6767	0.0445792
2339	6768	0.0819092
5395	6768	0.0819092
2753	6769	0.0800375
6768	6769	0.0800375
6769	6770	0.0420635
491	6770	0.0420635
4620	6771	0.102261
3712	6771	0.102261
6771	6772	0.0996866
1106	6772	0.0996866
6772	6773	0.0840763
5249	6773	0.0840763
6773	6774	0.0652516
3649	6774	0.0652516
5953	6775	0.0513462
4772	6775	0.0513462
5951	6776	0.0454985
6775	6776	0.0454985
545	6777	0.046587
518	6777	0.046587
599	6778	0.0786743
520	6778	0.0786743
5643	6779	0.185636
4135	6779	0.185636
4012	6780	0.0819477
1993	6780	0.0819477
4458	6781	0.189088
4274	6781	0.189088
6781	6782	0.119976
2946	6782	0.119976
6782	6783	0.088489
3384	6783	0.088489
4164	6784	0.0653966
3322	6784	0.0653966
522	6785	0.064315
6784	6785	0.064315
1902	6786	0.0574806
6785	6786	0.0574806
6780	6787	0.062234
1253	6787	0.062234
6787	6788	0.060248
1299	6788	0.060248
6783	6789	0.0489093
6786	6789	0.0489093
6788	6789	0.0489093
4496	6789	0.0489093
4637	6790	0.0495881
3049	6790	0.0495881
6790	6791	0.0454893
5973	6791	0.0454893
6789	6792	0.0436558
6791	6792	0.0436558
528	6793	0.0438589
1669	6793	0.0438589
1879	6794	0.0413307
6793	6794	0.0413307
1704	6795	0.0676712
541	6795	0.0676712
6795	6796	0.0621936
1593	6796	0.0621936
4493	6797	0.0506526
6796	6797	0.0506526
2481	6798	0.566082
4961	6798	0.566082
6798	6799	0.393509
2787	6799	0.393509
6799	6800	0.222249
2916	6800	0.222249
3174	6801	0.175225
6800	6801	0.175225
5088	6802	0.146686
1635	6802	0.146686
6802	6803	0.113096
3744	6803	0.113096
750	6804	0.103875
5231	6804	0.103875
3474	6805	0.118208
939	6805	0.118208
6803	6806	0.100911
6805	6806	0.100911
2439	6807	0.092842
6806	6807	0.092842
6807	6808	0.0877736
5066	6808	0.0877736
6808	6809	0.0832322
828	6809	0.0832322
6809	6810	0.0799884
2678	6810	0.0799884
6810	6811	0.0795502
993	6811	0.0795502
6811	6812	0.0784346
6804	6812	0.0784346
6812	6813	0.056705
566	6813	0.056705
6813	6814	0.0531179
1230	6814	0.0531179
1193	6815	0.0607415
4168	6815	0.0607415
2382	6816	0.120483
5687	6816	0.120483
6816	6817	0.0686996
5882	6817	0.0686996
6817	6818	0.0683546
5885	6818	0.0683546
6818	6819	0.0462254
3753	6819	0.0462254
3671	6820	0.0445264
585	6820	0.0445264
3061	6821	0.0874947
869	6821	0.0874947
1643	6822	0.064122
5435	6822	0.064122
6822	6823	0.0509995
4034	6823	0.0509995
2133	6824	0.0958774
657	6824	0.0958774
922	6825	0.0898215
3419	6825	0.0898215
4492	6826	0.0609602
3532	6826	0.0609602
6825	6827	0.0580471
6826	6827	0.0580471
2432	6828	0.0576786
6827	6828	0.0576786
6824	6829	0.0648592
5581	6829	0.0648592
6828	6830	0.0522088
6829	6830	0.0522088
6830	6831	0.0480075
5505	6831	0.0480075
3923	6832	0.0431971
4964	6832	0.0431971
6831	6833	0.0426475
6832	6833	0.0426475
1206	6834	0.204179
2013	6834	0.204179
6834	6835	0.134556
2516	6835	0.134556
3460	6836	0.125102
6835	6836	0.125102
4836	6837	0.0797846
4436	6837	0.0797846
6836	6838	0.0775751
6837	6838	0.0775751
1360	6839	0.0537031
1361	6839	0.0537031
6838	6840	0.0505929
6839	6840	0.0505929
6840	6841	0.0459975
629	6841	0.0459975
3105	6842	0.117982
643	6842	0.117982
6842	6843	0.10707
5358	6843	0.10707
3437	6844	0.102747
6843	6844	0.102747
5849	6845	0.0955592
6844	6845	0.0955592
849	6846	0.0534222
6845	6846	0.0534222
650	6847	0.044495
4456	6847	0.044495
6847	6848	0.0434624
1662	6848	0.0434624
4965	6849	0.0626956
654	6849	0.0626956
6849	6850	0.0413575
2454	6850	0.0413575
2318	6851	0.398517
1227	6851	0.398517
3352	6852	0.159636
6851	6852	0.159636
6852	6853	0.146731
5113	6853	0.146731
6853	6854	0.0642502
2435	6854	0.0642502
658	6855	0.0612397
2960	6855	0.0612397
6854	6855	0.0612397
1080	6856	0.041392
667	6856	0.041392
2235	6857	0.0640058
959	6857	0.0640058
6857	6858	0.0565048
3389	6858	0.0565048
6858	6859	0.0539035
676	6859	0.0539035
2656	6860	0.0450452
6859	6860	0.0450452
6860	6861	0.0450302
3222	6861	0.0450302
4141	6862	0.0495737
1914	6862	0.0495737
6862	6863	0.0472961
3762	6863	0.0472961
2977	6864	0.178387
5770	6864	0.178387
6864	6865	0.119111
1050	6865	0.119111
5549	6866	0.0729607
2773	6866	0.0729607
6865	6867	0.0610719
6866	6867	0.0610719
2438	6868	0.0496679
5193	6868	0.0496679
4748	6869	0.0420502
4888	6869	0.0420502
919	6870	0.076024
694	6870	0.076024
5942	6871	0.0698999
6870	6871	0.0698999
6871	6872	0.0580928
3769	6872	0.0580928
2628	6873	0.0880343
3841	6873	0.0880343
6873	6874	0.0432389
3669	6874	0.0432389
2511	6875	0.0652965
2683	6875	0.0652965
4533	6876	0.0529673
3949	6876	0.0529673
731	6877	0.0832363
3979	6877	0.0832363
6877	6878	0.0759928
3443	6878	0.0759928
3473	6879	0.0417576
2190	6879	0.0417576
2330	6880	0.157716
1268	6880	0.157716
4143	6881	0.132269
3939	6881	0.132269
5521	6882	0.0741705
2130	6882	0.0741705
3846	6883	0.0525727
3702	6883	0.0525727
6882	6884	0.0427608
6883	6884	0.0427608
5709	6885	0.139342
758	6885	0.139342
6885	6886	0.0854559
1016	6886	0.0854559
764	6887	0.076812
2410	6887	0.076812
3154	6888	0.0642909
780	6888	0.0642909
2462	6889	0.0640776
6888	6889	0.0640776
3963	6890	0.0483483
2047	6890	0.0483483
3029	6891	0.0786743
4841	6891	0.0786743
6891	6892	0.0458708
799	6892	0.0458708
5626	6893	0.0698315
800	6893	0.0698315
2944	6894	0.0426521
5841	6894	0.0426521
5925	6895	0.0487722
1083	6895	0.0487722
2602	6896	0.0552204
5590	6896	0.0552204
2706	6897	0.0539712
6896	6897	0.0539712
1505	6898	0.0514098
6897	6898	0.0514098
2815	6899	0.042117
872	6899	0.042117
4911	6900	0.0845105
882	6900	0.0845105
6900	6901	0.0792792
5184	6901	0.0792792
2600	6902	0.0622599
6901	6902	0.0622599
6902	6903	0.0563887
4640	6903	0.0563887
2179	6904	0.13553
3015	6904	0.13553
6904	6905	0.098798
908	6905	0.098798
5392	6906	0.0649314
4464	6906	0.0649314
4307	6907	0.0629997
6906	6907	0.0629997
6905	6908	0.0480348
6907	6908	0.0480348
927	6909	0.0656398
1452	6909	0.0656398
945	6910	0.187045
3335	6910	0.187045
6910	6911	0.0618952
5782	6911	0.0618952
3415	6912	0.052543
6911	6912	0.052543
1063	6913	0.220675
950	6913	0.220675
4764	6914	0.149352
1215	6914	0.149352
6914	6915	0.108682
5760	6915	0.108682
2050	6916	0.0950616
6915	6916	0.0950616
6916	6917	0.0548757
951	6917	0.0548757
3878	6918	0.0447171
6917	6918	0.0447171
6918	6919	0.0441072
2018	6919	0.0441072
4339	6920	0.0434275
6919	6920	0.0434275
2884	6921	0.0615335
4459	6921	0.0615335
1140	6922	0.0542444
6921	6922	0.0542444
6922	6923	0.0541475
3818	6923	0.0541475
6923	6924	0.0533075
4538	6924	0.0533075
3882	6925	0.229321
2653	6925	0.229321
6925	6926	0.0526732
2772	6926	0.0526732
5559	6927	0.0449285
6926	6927	0.0449285
4576	6928	0.043844
6927	6928	0.043844
3651	6929	0.135079
3954	6929	0.135079
6929	6930	0.108475
971	6930	0.108475
6930	6931	0.100537
981	6931	0.100537
6931	6932	0.0856316
4106	6932	0.0856316
5945	6933	0.0707479
6932	6933	0.0707479
6933	6934	0.0555011
5836	6934	0.0555011
6934	6935	0.0538009
3955	6935	0.0538009
5057	6936	0.121415
2366	6936	0.121415
1642	6937	0.0837642
6936	6937	0.0837642
6937	6938	0.0545438
995	6938	0.0545438
2668	6939	0.069724
3189	6939	0.069724
3975	6940	0.0687704
3462	6940	0.0687704
2301	6941	0.0597884
6940	6941	0.0597884
3497	6942	0.0511851
6941	6942	0.0511851
6942	6943	0.0479815
2564	6943	0.0479815
6943	6944	0.0427191
4822	6944	0.0427191
4253	6945	0.148235
2486	6945	0.148235
6945	6946	0.0965183
3894	6946	0.0965183
6946	6947	0.0700954
1928	6947	0.0700954
6947	6948	0.0687134
3271	6948	0.0687134
6948	6949	0.0626239
4394	6949	0.0626239
6949	6950	0.0613144
1962	6950	0.0613144
6950	6951	0.0604721
5015	6951	0.0604721
6023	6952	0.0509514
5670	6952	0.0509514
3233	6953	0.0953339
5124	6953	0.0953339
5282	6954	0.0459231
4606	6954	0.0459231
5768	6955	0.0936225
1128	6955	0.0936225
6955	6956	0.0821252
5440	6956	0.0821252
6956	6957	0.081288
4303	6957	0.081288
6957	6958	0.0670254
4489	6958	0.0670254
6958	6959	0.0664974
4930	6959	0.0664974
6959	6960	0.0617635
1859	6960	0.0617635
6960	6961	0.0482104
1236	6961	0.0482104
6961	6962	0.0461789
1129	6962	0.0461789
3619	6963	0.263186
1143	6963	0.263186
4673	6964	0.06947
4813	6964	0.06947
3287	6965	0.0544528
6964	6965	0.0544528
4379	6966	0.116304
1151	6966	0.116304
4351	6967	0.0516983
1157	6967	0.0516983
1904	6968	0.20577
1492	6968	0.20577
6968	6969	0.137373
4336	6969	0.137373
6969	6970	0.0917673
3520	6970	0.0917673
4129	6971	0.0546017
4128	6971	0.0546017
2994	6972	0.0745131
3523	6972	0.0745131
6972	6973	0.0585111
3403	6973	0.0585111
3378	6974	0.0549466
2271	6974	0.0549466
1224	6975	0.043556
4398	6975	0.043556
3906	6976	0.045341
1257	6976	0.045341
5463	6977	0.0893225
1263	6977	0.0893225
5969	6978	0.11352
5701	6978	0.11352
5404	6979	0.106062
6978	6979	0.106062
2211	6980	0.0615405
1273	6980	0.0615405
6979	6981	0.061333
6980	6981	0.061333
6981	6982	0.0474887
5355	6982	0.0474887
1986	6983	0.0473749
2409	6983	0.0473749
5123	6984	0.0471515
6983	6984	0.0471515
5386	6985	0.0469419
6984	6985	0.0469419
6985	6986	0.0424094
4686	6986	0.0424094
1334	6987	0.0642652
5681	6987	0.0642652
1340	6988	0.0575084
2144	6988	0.0575084
2244	6989	0.0744161
2241	6989	0.0744161
6989	6990	0.0458331
1399	6990	0.0458331
1416	6991	0.0779077
4090	6991	0.0779077
5905	6992	0.043135
1908	6992	0.043135
4943	6993	0.0412822
1458	6993	0.0412822
5661	6994	0.179037
2830	6994	0.179037
6994	6995	0.0836975
1490	6995	0.0836975
4713	6996	0.21918
5234	6996	0.21918
1567	6997	0.0504489
1564	6997	0.0504489
6997	6998	0.0486216
1566	6998	0.0486216
1575	6999	0.168167
3381	6999	0.168167
1649	7000	0.153297
4359	7000	0.153297
7000	7001	0.0892581
5253	7001	0.0892581
7001	7002	0.0714713
2075	7002	0.0714713
7002	7003	0.0616769
3315	7003	0.0616769
7003	7004	0.0553138
2577	7004	0.0553138
2713	7005	0.0521873
4566	7005	0.0521873
7005	7006	0.0423642
2667	7006	0.0423642
2899	7007	0.0494568
1711	7007	0.0494568
4927	7008	0.133285
1918	7008	0.133285
5730	7009	0.0618155
1792	7009	0.0618155
7008	7010	0.0648862
3738	7010	0.0648862
7009	7011	0.0586871
7010	7011	0.0586871
1866	7012	0.0550825
4893	7012	0.0550825
3334	7013	0.20938
1989	7013	0.20938
5829	7014	0.0713994
5952	7014	0.0713994
7014	7015	0.0691821
4223	7015	0.0691821
2054	7016	0.0568592
7015	7016	0.0568592
7016	7017	0.0445264
5875	7017	0.0445264
7017	7018	0.0418436
5322	7018	0.0418436
2523	7019	0.101211
2062	7019	0.101211
3574	7020	0.0560049
3752	7020	0.0560049
5734	7021	0.12901
5967	7021	0.12901
4447	7022	0.127551
7021	7022	0.127551
4266	7023	0.0551701
2507	7023	0.0551701
2293	7024	0.0419338
7023	7024	0.0419338
4299	7025	0.0483544
5376	7025	0.0483544
2979	7026	0.0482948
7025	7026	0.0482948
3385	7027	0.0427985
2308	7027	0.0427985
2335	7028	0.16136
3839	7028	0.16136
2898	7029	0.153875
7028	7029	0.153875
3064	7030	0.0717612
2337	7030	0.0717612
7030	7031	0.0660121
2722	7031	0.0660121
4513	7032	0.0478778
4684	7032	0.0478778
4723	7033	0.0698116
2850	7033	0.0698116
5297	7034	0.0634384
2467	7034	0.0634384
5930	7035	0.0495783
7034	7035	0.0495783
4263	7036	0.166882
4859	7036	0.166882
7036	7037	0.04659
2471	7037	0.04659
5784	7038	0.0586832
4687	7038	0.0586832
4331	7039	0.108792
4335	7039	0.108792
7039	7040	0.074978
2473	7040	0.074978
7040	7041	0.0689919
4332	7041	0.0689919
7041	7042	0.0629718
4133	7042	0.0629718
7042	7043	0.0583637
4323	7043	0.0583637
7043	7044	0.045416
5097	7044	0.045416
7044	7045	0.0436213
4328	7045	0.0436213
4132	7046	0.0717753
2502	7046	0.0717753
3628	7047	0.0883009
4658	7047	0.0883009
3607	7048	0.16112
5191	7048	0.16112
3687	7049	0.151654
7048	7049	0.151654
7049	7050	0.111528
3567	7050	0.111528
2733	7051	0.197825
3151	7051	0.197825
5173	7052	0.120322
7051	7052	0.120322
2740	7053	0.0822656
5983	7053	0.0822656
7053	7054	0.058094
5716	7054	0.058094
4388	7055	0.143912
2970	7055	0.143912
3034	7056	0.0450602
3681	7056	0.0450602
4877	7057	0.0711512
5876	7057	0.0711512
3197	7058	0.0864733
5092	7058	0.0864733
4330	7059	0.0452773
3356	7059	0.0452773
3178	7060	0.0415385
3395	7060	0.0415385
7059	7061	0.0413246
7060	7061	0.0413246
3186	7062	0.061207
5827	7062	0.061207
3927	7063	0.0787035
3218	7063	0.0787035
3250	7064	0.0673836
4796	7064	0.0673836
3605	7065	0.109509
3364	7065	0.109509
4296	7066	0.0416278
4247	7066	0.0416278
3808	7067	0.137933
4260	7067	0.137933
7067	7068	0.0761376
5629	7068	0.0761376
4151	7069	0.0413938
4614	7069	0.0413938
5834	7070	0.0982591
4977	7070	0.0982591
7070	7071	0.042135
5293	7071	0.042135
5758	7072	0.0618571
5807	7072	0.0618571
4032	7073	0.0335046
1031	7073	0.0335046
6746	7074	0.0406598
405	7074	0.0406598
7074	7075	0.0402688
6751	7075	0.0402688
1100	7076	0.0409538
6491	7076	0.0409538
7076	7077	0.0372215
6861	7077	0.0372215
3699	7078	0.0408705
6823	7078	0.0408705
7078	7079	0.0389215
6833	7079	0.0389215
7079	7080	0.0347186
2703	7080	0.0347186
747	7081	0.0399373
4047	7081	0.0399373
6848	7082	0.0407211
1470	7082	0.0407211
6445	7083	0.0359288
7082	7083	0.0359288
7083	7084	0.0343083
1444	7084	0.0343083
7084	7085	0.0334977
608	7085	0.0334977
7085	7086	0.0332022
2617	7086	0.0332022
6821	7087	0.0331821
7086	7087	0.0331821
6993	7088	0.038679
5514	7088	0.038679
7088	7089	0.0341701
2982	7089	0.0341701
7087	7090	0.0330181
5963	7090	0.0330181
7077	7091	0.0319406
7090	7091	0.0319406
3560	7092	0.0320327
7089	7092	0.0320327
6841	7093	0.0317873
7091	7093	0.0317873
180	7094	0.0316162
7093	7094	0.0316162
7094	7095	0.031535
965	7095	0.031535
7095	7096	0.0311125
7092	7096	0.0311125
6723	7097	0.030932
7080	7097	0.030932
7096	7098	0.031048
4053	7098	0.031048
6752	7099	0.0305318
7098	7099	0.0305318
7081	7100	0.0304651
7099	7100	0.0304651
7097	7101	0.0304128
7100	7101	0.0304128
5108	7102	0.0299451
7101	7102	0.0299451
2851	7103	0.029236
7102	7103	0.029236
5976	7104	0.0278053
7103	7104	0.0278053
6390	7105	0.0298835
5771	7105	0.0298835
6872	7106	0.0336734
2249	7106	0.0336734
6003	7106	0.0336734
7106	7107	0.0318984
4908	7107	0.0318984
6388	7108	0.0387885
4671	7108	0.0387885
7108	7109	0.0368594
4055	7109	0.0368594
5200	7110	0.0287965
7109	7110	0.0287965
6570	7111	0.0349468
5984	7111	0.0349468
4972	7112	0.0330357
7111	7112	0.0330357
4752	7113	0.0323552
7112	7113	0.0323552
3650	7114	0.0363727
2074	7114	0.0363727
4397	7115	0.0329141
3062	7115	0.0329141
1822	7116	0.0332427
3864	7116	0.0332427
6855	7117	0.0297245
7116	7117	0.0297245
6343	7118	0.0284418
7117	7118	0.0284418
4983	7119	0.0411069
6492	7119	0.0411069
7022	7120	0.0352259
2170	7120	0.0352259
5879	7121	0.0346338
4450	7121	0.0346338
353	7122	0.031204
471	7122	0.031204
6876	7123	0.0394399
3210	7123	0.0394399
6468	7124	0.0402712
1035	7124	0.0402712
4415	7125	0.0391059
7124	7125	0.0391059
6465	7126	0.0357831
7125	7126	0.0357831
344	7127	0.0408608
6488	7127	0.0408608
7127	7128	0.0398497
6490	7128	0.0398497
6592	7129	0.0398501
212	7129	0.0398501
7129	7130	0.0391315
1099	7130	0.0391315
7130	7131	0.038198
7031	7131	0.038198
942	7132	0.0377283
7128	7132	0.0377283
7132	7133	0.0374305
7131	7133	0.0374305
2525	7134	0.0369645
7133	7134	0.0369645
6289	7135	0.0362048
7134	7135	0.0362048
6302	7136	0.0407638
3537	7136	0.0407638
6543	7137	0.0409931
3445	7137	0.0409931
7137	7138	0.0392586
3121	7138	0.0392586
6706	7139	0.0399805
3946	7139	0.0399805
6702	7140	0.0399762
7139	7140	0.0399762
5263	7141	0.0404905
743	7141	0.0404905
6880	7142	0.0381529
7141	7142	0.0381529
6884	7143	0.0381236
7142	7143	0.0381236
1506	7144	0.0375745
7143	7144	0.0375745
3441	7145	0.0365297
7144	7145	0.0365297
6881	7146	0.036418
7145	7146	0.036418
7146	7147	0.0340807
1075	7147	0.0340807
5675	7148	0.0402805
6453	7148	0.0402805
7148	7149	0.037861
2871	7149	0.037861
6328	7150	0.0401713
1974	7150	0.0401713
7150	7151	0.0395678
4770	7151	0.0395678
7151	7152	0.0392337
3513	7152	0.0392337
7152	7153	0.0390089
1977	7153	0.0390089
7153	7154	0.0389277
2585	7154	0.0389277
7154	7155	0.0387325
2100	7155	0.0387325
6581	7156	0.0385585
7155	7156	0.0385585
6657	7157	0.0399292
6666	7157	0.0399292
5420	7158	0.0392272
7157	7158	0.0392272
5710	7159	0.0401703
1160	7159	0.0401703
4434	7160	0.0380973
7159	7160	0.0380973
1831	7161	0.0393402
3829	7161	0.0393402
6924	7162	0.0385261
7161	7162	0.0385261
5711	7163	0.0376919
7160	7163	0.0376919
4980	7164	0.0374326
7163	7164	0.0374326
6577	7165	0.0362931
3002	7165	0.0362931
7149	7166	0.0376442
7156	7166	0.0376442
7162	7166	0.0376442
7166	7167	0.0369162
7158	7167	0.0369162
7167	7168	0.0357528
5030	7168	0.0357528
335	7169	0.0355342
662	7169	0.0355342
7168	7169	0.0355342
7169	7170	0.035128
1243	7170	0.035128
7170	7171	0.0346493
5495	7171	0.0346493
7165	7172	0.0343984
7171	7172	0.0343984
7164	7173	0.0336012
7172	7173	0.0336012
26	7174	0.036924
6935	7174	0.036924
5273	7175	0.0352863
7174	7175	0.0352863
4069	7176	0.0348672
7175	7176	0.0348672
6344	7177	0.0402915
6361	7177	0.0402915
6348	7178	0.0384639
7177	7178	0.0384639
4956	7179	0.038434
7178	7179	0.038434
7179	7180	0.0358432
2665	7180	0.0358432
6346	7181	0.0346304
7180	7181	0.0346304
6397	7182	0.0402588
6406	7182	0.0402588
402	7183	0.0376435
1137	7183	0.0376435
4815	7184	0.0394135
6698	7184	0.0394135
655	7185	0.0391275
5338	7185	0.0391275
7184	7186	0.0383271
6682	7186	0.0383271
969	7186	0.0383271
7185	7186	0.0383271
4216	7187	0.0381223
7186	7187	0.0381223
6689	7188	0.0380803
7187	7188	0.0380803
6691	7189	0.0375948
7188	7189	0.0375948
7182	7190	0.0374434
7189	7190	0.0374434
7190	7191	0.0363865
2374	7191	0.0363865
7183	7192	0.0363218
7191	7192	0.0363218
6399	7193	0.0360063
7192	7193	0.0360063
6434	7193	0.0360063
595	7193	0.0360063
2097	7194	0.0351904
7193	7194	0.0351904
6678	7195	0.0346624
7194	7195	0.0346624
6365	7196	0.0339578
7195	7196	0.0339578
4677	7197	0.0391135
5239	7197	0.0391135
7004	7197	0.0391135
3070	7198	0.0386014
7197	7198	0.0386014
7198	7199	0.0385227
5965	7199	0.0385227
7054	7200	0.0376358
3353	7200	0.0376358
3456	7201	0.0357209
7200	7201	0.0357209
7199	7202	0.0355403
4897	7202	0.0355403
7202	7203	0.0338304
7201	7203	0.0338304
3872	7204	0.0402857
6366	7204	0.0402857
6393	7205	0.04068
6396	7205	0.04068
7205	7206	0.0375773
1816	7206	0.0375773
144	7207	0.0362692
2150	7207	0.0362692
7206	7208	0.034075
2624	7208	0.034075
7208	7209	0.0336123
7207	7209	0.0336123
6040	7210	0.039307
4675	7210	0.039307
3299	7211	0.0348399
7210	7211	0.0348399
2627	7212	0.0343993
7211	7212	0.0343993
6461	7213	0.0341442
1973	7213	0.0341442
6973	7214	0.0333813
7213	7214	0.0333813
1999	7215	0.0369878
1673	7215	0.0369878
6407	7216	0.0368204
7215	7216	0.0368204
6411	7217	0.0400951
6415	7217	0.0400951
7217	7218	0.0393746
929	7218	0.0393746
7218	7219	0.0374524
3572	7219	0.0374524
7219	7220	0.0369904
5820	7220	0.0369904
6558	7221	0.0401356
6990	7221	0.0401356
5712	7222	0.0395678
7221	7222	0.0395678
7222	7223	0.0373933
5598	7223	0.0373933
5597	7224	0.0372452
7223	7224	0.0372452
145	7225	0.0368754
7224	7225	0.0368754
6618	7226	0.0403504
1823	7226	0.0403504
1179	7227	0.0347325
7216	7227	0.0347325
3865	7228	0.0359185
7220	7228	0.0359185
3659	7229	0.0351732
7228	7229	0.0351732
3719	7230	0.0352271
7225	7230	0.0352271
7230	7231	0.0347816
7226	7231	0.0347816
7227	7232	0.034524
7229	7232	0.034524
7231	7233	0.0346649
3805	7233	0.0346649
7233	7234	0.0344327
1629	7234	0.0344327
6619	7235	0.0335306
7232	7235	0.0335306
7234	7235	0.0335306
6777	7236	0.0404187
6869	7236	0.0404187
7236	7237	0.0388243
2253	7237	0.0388243
7237	7238	0.0385301
784	7238	0.0385301
7238	7239	0.0379597
1369	7239	0.0379597
7239	7240	0.0354381
3966	7240	0.0354381
7240	7241	0.034349
3008	7241	0.034349
52	7242	0.0335353
7241	7242	0.0335353
6587	7243	0.0383203
55	7243	0.0383203
6716	7244	0.0386137
2368	7244	0.0386137
7244	7245	0.0379515
4824	7245	0.0379515
1713	7246	0.0361523
7245	7246	0.0361523
7243	7247	0.0359671
7246	7247	0.0359671
7247	7248	0.0346863
1734	7248	0.0346863
6614	7249	0.0357675
5947	7249	0.0357675
6012	7250	0.0402476
6794	7250	0.0402476
6519	7251	0.0384798
4698	7251	0.0384798
7251	7252	0.0382534
137	7252	0.0382534
7252	7253	0.0375571
1169	7253	0.0375571
6448	7254	0.0353126
2016	7254	0.0353126
6920	7255	0.0343122
7253	7255	0.0343122
7254	7256	0.0337195
7255	7256	0.0337195
7256	7257	0.0336395
611	7257	0.0336395
6433	7258	0.0396223
5482	7258	0.0396223
6638	7259	0.0404644
863	7259	0.0404644
7259	7260	0.0401734
3252	7260	0.0401734
2692	7261	0.0395915
7260	7261	0.0395915
6863	7262	0.037861
5556	7262	0.037861
7258	7263	0.0385402
7261	7263	0.0385402
7263	7264	0.037721
1266	7264	0.037721
7262	7265	0.0376349
7264	7265	0.0376349
7265	7266	0.0372621
935	7266	0.0372621
7266	7267	0.0346136
3357	7267	0.0346136
7267	7268	0.0344353
453	7268	0.0344353
6421	7269	0.0334594
7268	7269	0.0334594
5542	7270	0.0386942
6986	7270	0.0386942
7270	7271	0.0386146
1326	7271	0.0386146
7271	7272	0.035091
6449	7272	0.035091
5944	7273	0.0370147
1139	7273	0.0370147
7273	7274	0.0362588
5452	7274	0.0362588
875	7275	0.0361698
7274	7275	0.0361698
6502	7276	0.0342836
7275	7276	0.0342836
7018	7277	0.0409947
4224	7277	0.0409947
6503	7278	0.0377512
7277	7278	0.0377512
6971	7279	0.0368162
7278	7279	0.0368162
3989	7280	0.0354574
4639	7280	0.0354574
6815	7281	0.035255
7280	7281	0.035255
1754	7282	0.0365911
5109	7282	0.0365911
7282	7283	0.0365083
4401	7283	0.0365083
7066	7284	0.037563
3510	7284	0.037563
6522	7285	0.0359623
7283	7285	0.0359623
7284	7285	0.0359623
7285	7286	0.0336579
4701	7286	0.0336579
7011	7287	0.0333548
7286	7287	0.0333548
6867	7288	0.0391514
7061	7288	0.0391514
5093	7289	0.0365514
7288	7289	0.0365514
2556	7290	0.0364448
7289	7290	0.0364448
455	7291	0.034356
7290	7291	0.034356
7045	7292	0.0376593
4325	7292	0.0376593
5839	7293	0.0353421
7292	7293	0.0353421
6630	7294	0.0409305
4569	7294	0.0409305
7294	7295	0.0387655
752	7295	0.0387655
7295	7296	0.0379597
1473	7296	0.0379597
5284	7297	0.038073
2497	7297	0.038073
7296	7298	0.0377921
642	7298	0.0377921
5432	7299	0.0377072
7298	7299	0.0377072
6673	7300	0.0378132
7297	7300	0.0378132
7299	7301	0.0372925
7300	7301	0.0372925
2582	7302	0.0371424
7301	7302	0.0371424
7302	7303	0.0361956
5034	7303	0.0361956
4568	7304	0.0359595
7303	7304	0.0359595
6617	7305	0.0350351
7304	7305	0.0350351
4558	7305	0.0350351
7305	7306	0.0345601
710	7306	0.0345601
2644	7307	0.0355368
1881	7307	0.0355368
7306	7308	0.0338528
4199	7308	0.0338528
2512	7309	0.0341116
7307	7309	0.0341116
7308	7310	0.0338299
7309	7310	0.0338299
6596	7311	0.0337956
7310	7311	0.0337956
7311	7312	0.0336769
327	7312	0.0336769
7029	7313	0.0335085
7312	7313	0.0335085
7006	7314	0.0375801
1697	7314	0.0375801
7314	7315	0.0341585
2637	7315	0.0341585
635	7316	0.0336611
231	7316	0.0336611
6652	7317	0.0391611
507	7317	0.0391611
4656	7318	0.0363679
6962	7318	0.0363679
7317	7319	0.0356391
7318	7319	0.0356391
6656	7320	0.0333984
324	7320	0.0333984
6736	7321	0.0408376
2017	7321	0.0408376
1207	7322	0.0382451
3428	7322	0.0382451
6749	7323	0.0401489
5117	7323	0.0401489
7323	7324	0.0371074
1588	7324	0.0371074
7324	7325	0.0346304
5906	7325	0.0346304
6878	7326	0.0404589
7024	7326	0.0404589
7326	7327	0.038494
4966	7327	0.038494
664	7328	0.0383621
7327	7328	0.0383621
470	7329	0.0371818
7328	7329	0.0371818
6792	7330	0.0380893
4526	7330	0.0380893
774	7331	0.0365358
5743	7331	0.0365358
7331	7332	0.0335796
4527	7332	0.0335796
6909	7333	0.035314
998	7333	0.035314
6998	7334	0.0395784
1563	7334	0.0395784
7334	7335	0.0392323
3215	7335	0.0392323
4432	7336	0.0338299
1644	7336	0.0338299
4733	7337	0.0364264
3654	7337	0.0364264
7020	7338	0.0387977
5735	7338	0.0387977
4585	7338	0.0387977
7338	7339	0.0337801
6065	7339	0.0337801
2341	7340	0.0407674
4410	7340	0.0407674
3000	7341	0.0381799
2616	7341	0.0381799
7341	7342	0.034084
6045	7342	0.034084
7047	7343	0.0338232
7342	7343	0.0338232
4292	7344	0.0390812
5910	7344	0.0390812
6874	7345	0.0325451
7248	7345	0.0325451
7345	7346	0.0312118
2052	7346	0.0312118
6464	7347	0.0333115
7135	7347	0.0333115
2005	7348	0.0330579
7313	7348	0.0330579
7347	7349	0.0329018
7348	7349	0.0329018
7349	7350	0.0326579
2510	7350	0.0326579
6027	7351	0.032853
6938	7351	0.032853
6759	7352	0.032598
7351	7352	0.032598
7350	7353	0.0320077
7352	7353	0.0320077
7126	7354	0.0315782
7353	7354	0.0315782
7354	7355	0.0311576
1637	7355	0.0311576
2355	7356	0.0311415
7355	7356	0.0311415
255	7357	0.0310002
7356	7357	0.0310002
3484	7358	0.03084
7357	7358	0.03084
6778	7359	0.0332188
7147	7359	0.0332188
7140	7360	0.0326536
7359	7360	0.0326536
7138	7361	0.0326308
7360	7361	0.0326308
6703	7362	0.0318498
7361	7362	0.0318498
7173	7363	0.0333243
6039	7363	0.0333243
7136	7364	0.0329391
4959	7364	0.0329391
7363	7365	0.0325557
7364	7365	0.0325557
6439	7366	0.0324213
7365	7366	0.0324213
2799	7367	0.0323319
7366	7367	0.0323319
7367	7368	0.0317446
4479	7368	0.0317446
7368	7369	0.0314753
2114	7369	0.0314753
7369	7370	0.0312681
1062	7370	0.0312681
7370	7371	0.0308422
952	7371	0.0308422
7371	7372	0.030644
6047	7372	0.030644
3146	7373	0.0322515
7181	7373	0.0322515
7196	7374	0.0330777
5116	7374	0.0330777
1945	7375	0.0328636
7374	7375	0.0328636
7375	7376	0.0318757
2378	7376	0.0318757
97	7377	0.0330209
1405	7377	0.0330209
7293	7378	0.0322749
4491	7378	0.0322749
4300	7379	0.0329623
375	7379	0.0329623
7376	7380	0.0313931
7291	7380	0.0313931
7380	7381	0.0312259
2955	7381	0.0312259
7381	7382	0.0309803
7378	7382	0.0309803
7373	7383	0.030982
7377	7383	0.030982
221	7384	0.0309626
7382	7384	0.0309626
7384	7385	0.0307286
7379	7385	0.0307286
7385	7386	0.030682
7383	7386	0.030682
7272	7387	0.0322975
1809	7387	0.0322975
7203	7388	0.0327062
4563	7388	0.0327062
2014	7389	0.0323467
7388	7389	0.0323467
7050	7390	0.0322218
7389	7390	0.0322218
7387	7391	0.0321742
7390	7391	0.0321742
3898	7392	0.0314823
7391	7392	0.0314823
7214	7393	0.0329496
7235	7393	0.0329496
7212	7394	0.0329226
7393	7394	0.0329226
354	7395	0.0326153
7394	7395	0.0326153
1084	7396	0.0325713
7395	7396	0.0325713
307	7397	0.0321054
7396	7397	0.0321054
1565	7398	0.0323412
7335	7398	0.0323412
7397	7399	0.0317705
7398	7399	0.0317705
6414	7400	0.0316205
7399	7400	0.0316205
671	7401	0.0314786
7400	7401	0.0314786
646	7402	0.0313548
7401	7402	0.0313548
7204	7403	0.0308478
7402	7403	0.0308478
7242	7404	0.0327303
2455	7404	0.0327303
7404	7405	0.031994
725	7405	0.031994
7405	7406	0.0312875
688	7406	0.0312875
7257	7407	0.033323
4027	7407	0.033323
1446	7408	0.0332044
7407	7408	0.0332044
7250	7409	0.0328559
7408	7409	0.0328559
7409	7410	0.0328264
2592	7410	0.0328264
7337	7411	0.0327672
7410	7411	0.0327672
6868	7412	0.0325786
7411	7412	0.0325786
2938	7413	0.0325283
7412	7413	0.0325283
7413	7414	0.0321626
7333	7414	0.0321626
7414	7415	0.0320463
1685	7415	0.0320463
299	7416	0.0306312
7415	7416	0.0306312
7281	7417	0.0315645
7315	7417	0.0315645
2175	7418	0.0311738
7417	7418	0.0311738
7418	7419	0.0305668
7316	7419	0.0305668
7287	7420	0.0327587
4907	7420	0.0327587
7026	7421	0.0327949
7343	7421	0.0327949
7421	7422	0.0326685
2295	7422	0.0326685
1877	7423	0.0320372
7422	7423	0.0320372
3196	7424	0.0326886
7249	7424	0.0326886
7424	7425	0.032514
1423	7425	0.032514
7269	7426	0.0330591
858	7426	0.0330591
7426	7427	0.0323448
2411	7427	0.0323448
5928	7428	0.0318079
7425	7428	0.0318079
7427	7428	0.0318079
920	7429	0.0316969
7428	7429	0.0316969
7429	7430	0.0311975
2421	7430	0.0311975
7430	7431	0.0311098
1163	7431	0.0311098
6988	7432	0.0307019
7431	7432	0.0307019
7432	7433	0.0306502
228	7433	0.0306502
3101	7434	0.0330248
7332	7434	0.0330248
7325	7435	0.0324332
7434	7435	0.0324332
6458	7436	0.0318605
7435	7436	0.0318605
3577	7437	0.0304701
7436	7437	0.0304701
6676	7438	0.0322922
3161	7438	0.0322922
7276	7439	0.0311637
2698	7439	0.0311637
6677	7440	0.0307872
2200	7440	0.0307872
6779	7441	0.0329447
7330	7441	0.0329447
3883	7442	0.0306939
7441	7442	0.0306939
7442	7443	0.0305721
5047	7443	0.0305721
7321	7444	0.0310186
7336	7444	0.0310186
7329	7445	0.0333223
4735	7445	0.0333223
6898	7446	0.0331899
847	7446	0.0331899
7446	7447	0.0318628
2763	7447	0.0318628
7447	7448	0.0318105
787	7448	0.0318105
7046	7449	0.0318042
6970	7449	0.0318042
7012	7450	0.0311514
3074	7450	0.0311514
3448	7451	0.0315444
1895	7451	0.0315444
7346	7452	0.030146
425	7452	0.030146
7279	7453	0.029749
7419	7453	0.029749
7209	7454	0.0296402
389	7454	0.0296402
7358	7455	0.0303946
7444	7455	0.0303946
7455	7456	0.0303269
392	7456	0.0303269
7456	7457	0.0302467
4230	7457	0.0302467
7372	7458	0.0301723
7320	7458	0.0301723
7437	7459	0.0301183
7443	7459	0.0301183
7458	7460	0.0301025
879	7460	0.0301025
6643	7461	0.0300768
7457	7461	0.0300768
7460	7461	0.0300768
6031	7461	0.0300768
7459	7461	0.0300768
7461	7462	0.0299788
6035	7462	0.0299788
7462	7463	0.0298722
3440	7463	0.0298722
7463	7464	0.0298413
5616	7464	0.0298413
7386	7465	0.0303958
5639	7465	0.0303958
337	7466	0.0300245
7465	7466	0.0300245
7403	7467	0.0300284
2440	7467	0.0300284
7433	7468	0.0304577
5557	7468	0.0304577
7420	7469	0.0303946
7468	7469	0.0303946
7416	7470	0.030203
7469	7470	0.030203
5370	7470	0.030203
7470	7471	0.0301705
3268	7471	0.0301705
7471	7472	0.0300322
2154	7472	0.0300322
7319	7473	0.0300176
7472	7473	0.0300176
7473	7474	0.0298422
7439	7474	0.0298422
4649	7475	0.0297936
7474	7475	0.0297936
7322	7476	0.030456
497	7476	0.030456
7464	7477	0.0297747
365	7477	0.0297747
4008	7478	0.029688
7467	7478	0.029688
7477	7479	0.0296333
814	7479	0.0296333
7479	7480	0.0296307
7478	7480	0.0296307
4846	7481	0.0295913
7480	7481	0.0295913
6668	7482	0.0295686
7481	7482	0.0295686
7423	7482	0.0295686
7475	7482	0.0295686
7476	7482	0.0295686
2009	7483	0.0295584
7482	7483	0.0295584
7466	7484	0.0297519
7448	7484	0.0297519
3487	7485	0.0297297
7484	7485	0.0297297
7445	7486	0.0297643
7450	7486	0.0297643
7339	7487	0.0297925
2107	7487	0.0297925
7483	7488	0.0295363
1115	7488	0.0295363
7488	7489	0.029436
1088	7489	0.029436
7489	7490	0.0294078
5779	7490	0.0294078
7490	7491	0.0294025
1101	7491	0.0294025
7491	7492	0.02938
7487	7492	0.02938
7485	7493	0.0295419
7486	7493	0.0295419
7492	7494	0.0293664
4817	7494	0.0293664
7494	7495	0.0293017
7493	7495	0.0293017
7495	7496	0.0292894
240	7496	0.0292894
2082	7497	0.0292752
7496	7497	0.0292752
7497	7498	0.0292551
1818	7498	0.0292551
7392	7499	0.0300432
7406	7499	0.0300432
3991	7500	0.0302623
220	7500	0.0302623
3269	7501	0.0300927
1164	7501	0.0300927
7451	7502	0.0292782
2224	7502	0.0292782
7344	7503	0.029727
5201	7503	0.029727
5633	7504	0.0301149
5504	7504	0.0301149
7454	7505	0.0292045
1736	7505	0.0292045
1617	7506	0.029196
7498	7506	0.029196
1996	7507	0.0291539
7506	7507	0.0291539
7507	7508	0.029097
5492	7508	0.029097
7505	7509	0.0290445
7508	7509	0.0290445
5610	7510	0.0290204
7509	7510	0.0290204
7510	7511	0.0290143
275	7511	0.0290143
4343	7512	0.028879
7511	7512	0.028879
6895	7513	0.0288287
7512	7513	0.0288287
7513	7514	0.0287936
3557	7514	0.0287936
6641	7515	0.0287514
7514	7515	0.0287514
7515	7516	0.0287479
2120	7516	0.0287479
7516	7517	0.028738
7449	7517	0.028738
7517	7518	0.0287305
577	7518	0.0287305
728	7519	0.0286474
7518	7519	0.0286474
7519	7520	0.0285182
2827	7520	0.0285182
1501	7521	0.0284747
7520	7521	0.0284747
7452	7522	0.028433
7521	7522	0.028433
7522	7523	0.0284315
1076	7523	0.0284315
7438	7524	0.0284004
7523	7524	0.0284004
1861	7524	0.0284004
7524	7525	0.0283968
7503	7525	0.0283968
6991	7526	0.0283904
7525	7526	0.0283904
7526	7527	0.0283697
7500	7527	0.0283697
7440	7527	0.0283697
341	7527	0.0283697
7362	7528	0.0283532
7527	7528	0.0283532
7499	7528	0.0283532
7528	7529	0.0283327
7502	7529	0.0283327
7529	7530	0.0283253
678	7530	0.0283253
7530	7531	0.0282916
7501	7531	0.0282916
7531	7532	0.028173
933	7532	0.028173
7453	7533	0.0281637
7532	7533	0.0281637
4393	7534	0.028131
6995	7534	0.028131
7533	7534	0.028131
7534	7535	0.0281273
2037	7535	0.0281273
7056	7536	0.0281194
7535	7536	0.0281194
7536	7537	0.0280426
2551	7537	0.0280426
7537	7538	0.0280343
7504	7538	0.0280343
7538	7539	0.0280259
1958	7539	0.0280259
7539	7540	0.0280026
3133	7540	0.0280026
7540	7541	0.0279968
5724	7541	0.0279968
7541	7542	0.0279419
3050	7542	0.0279419
7542	7543	0.0279134
7176	7543	0.0279134
7543	7544	0.0278997
7340	7544	0.0278997
6016	7544	0.0278997
7544	7545	0.0278602
2614	7545	0.0278602
1867	7545	0.0278602
7545	7546	0.0278503
56	7546	0.0278503
7546	7547	0.0278363
7064	7547	0.0278363
7547	7548	0.027834
3667	7548	0.027834
6416	7549	0.034894
4785	7549	0.034894
2029	7550	0.0333511
7549	7550	0.0333511
4589	7551	0.0332263
7550	7551	0.0332263
6440	7552	0.0392633
6444	7552	0.0392633
7552	7553	0.0350038
69	7553	0.0350038
4162	7554	0.0346539
4149	7554	0.0346539
7553	7555	0.0338327
7554	7555	0.0338327
70	7556	0.0324759
2365	7556	0.0324759
6892	7557	0.0368284
1558	7557	0.0368284
867	7558	0.0367767
3755	7558	0.0367767
7557	7559	0.0344947
7558	7559	0.0344947
3544	7560	0.0293777
3168	7560	0.0293777
289	7561	0.035239
2065	7561	0.035239
6450	7562	0.0374725
1337	7562	0.0374725
548	7563	0.029934
1045	7563	0.029934
7563	7564	0.02922
4215	7564	0.02922
7562	7565	0.0281229
7564	7565	0.0281229
6451	7566	0.0364095
100	7566	0.0364095
5797	7567	0.0313708
5608	7567	0.0313708
7567	7568	0.0307162
5791	7568	0.0307162
7568	7569	0.0305351
5487	7569	0.0305351
7569	7570	0.0286361
5378	7570	0.0286361
119	7571	0.0386803
6952	7571	0.0386803
7571	7572	0.0339804
1070	7572	0.0339804
7572	7573	0.0295133
5774	7573	0.0295133
4532	7574	0.0363936
647	7574	0.0363936
6977	7575	0.0336103
5530	7575	0.0336103
4621	7576	0.0352818
125	7576	0.0352818
1161	7577	0.0323649
7576	7577	0.0323649
7577	7578	0.0301035
3632	7578	0.0301035
7578	7579	0.0293863
5405	7579	0.0293863
6850	7580	0.0371053
3012	7580	0.0371053
7580	7581	0.0314662
1978	7581	0.0314662
7581	7582	0.0307799
4242	7582	0.0307799
7063	7583	0.0284928
3408	7583	0.0284928
7582	7584	0.0279237
7583	7584	0.0279237
1003	7585	0.0372742
1125	7585	0.0372742
1747	7586	0.0345627
7585	7586	0.0345627
7586	7587	0.0335891
5278	7587	0.0335891
6718	7588	0.0308033
7587	7588	0.0308033
6590	7589	0.0304335
7588	7589	0.0304335
2388	7590	0.0299901
7589	7590	0.0299901
7590	7591	0.0298206
151	7591	0.0298206
6496	7592	0.0400896
3553	7592	0.0400896
3772	7593	0.0369979
4886	7593	0.0369979
7592	7594	0.035066
5450	7594	0.035066
7594	7595	0.0349531
7593	7595	0.0349531
7595	7596	0.0346192
1154	7596	0.0346192
7596	7597	0.0317619
5004	7597	0.0317619
7597	7598	0.0288127
126	7598	0.0288127
3153	7599	0.027838
7598	7599	0.027838
6528	7600	0.0400696
6856	7600	0.0400696
6559	7601	0.0311766
179	7601	0.0311766
7601	7602	0.0282331
4471	7602	0.0282331
6563	7603	0.0398829
6568	7603	0.0398829
818	7604	0.035761
7603	7604	0.035761
7604	7605	0.0344006
782	7605	0.0344006
2393	7606	0.0342908
7605	7606	0.0342908
7606	7607	0.0307442
2829	7607	0.0307442
7607	7608	0.0295764
1890	7608	0.0295764
7608	7609	0.0294562
1779	7609	0.0294562
6939	7610	0.0329258
6944	7610	0.0329258
923	7611	0.0328142
7610	7611	0.0328142
7611	7612	0.0324489
3506	7612	0.0324489
3209	7613	0.0291269
1010	7613	0.0291269
7612	7614	0.0290642
7613	7614	0.0290642
2401	7615	0.036029
2424	7615	0.036029
7615	7616	0.0357007
5986	7616	0.0357007
4503	7617	0.0342113
7616	7617	0.0342113
197	7618	0.0341752
7617	7618	0.0341752
7618	7619	0.0340634
5570	7619	0.0340634
7619	7620	0.0298848
4054	7620	0.0298848
5215	7621	0.0379893
6595	7621	0.0379893
2316	7622	0.0355929
7621	7622	0.0355929
7622	7623	0.0304722
215	7623	0.0304722
7623	7624	0.030362
1770	7624	0.030362
2881	7625	0.0398229
6606	7625	0.0398229
7625	7626	0.0362738
2443	7626	0.0362738
7626	7627	0.0353051
2446	7627	0.0353051
5237	7628	0.0350153
7627	7628	0.0350153
7628	7629	0.029749
226	7629	0.029749
3910	7630	0.0283457
7629	7630	0.0283457
6633	7631	0.0404603
1894	7631	0.0404603
6763	7632	0.0287363
3166	7632	0.0287363
7632	7633	0.0286025
727	7633	0.0286025
1906	7634	0.0349297
1055	7634	0.0349297
3714	7635	0.0370865
308	7635	0.0370865
7635	7636	0.0302293
5576	7636	0.0302293
6700	7637	0.033495
2993	7637	0.033495
7637	7638	0.028259
4514	7638	0.028259
854	7639	0.028449
351	7639	0.028449
5884	7640	0.0352684
4849	7640	0.0352684
6707	7641	0.0347455
7640	7641	0.0347455
1020	7642	0.0332975
7641	7642	0.0332975
7642	7643	0.0320657
5528	7643	0.0320657
7643	7644	0.0316875
907	7644	0.0316875
7644	7645	0.0282814
3242	7645	0.0282814
7645	7646	0.0278093
1709	7646	0.0278093
4043	7647	0.0287062
390	7647	0.0287062
3750	7648	0.0391178
400	7648	0.0391178
7648	7649	0.0365535
1860	7649	0.0365535
3584	7650	0.0337549
631	7650	0.0337549
3453	7651	0.0410122
1142	7651	0.0410122
7651	7652	0.0398019
4931	7652	0.0398019
7652	7653	0.032513
3429	7653	0.032513
2984	7654	0.0294239
7653	7654	0.0294239
6908	7655	0.0278416
7654	7655	0.0278416
820	7656	0.0293094
423	7656	0.0293094
4466	7657	0.0304162
1965	7657	0.0304162
7657	7658	0.029299
3931	7658	0.029299
7656	7659	0.0285794
7658	7659	0.0285794
4116	7660	0.0373589
489	7660	0.0373589
1433	7661	0.0361491
7660	7661	0.0361491
7661	7662	0.0292364
454	7662	0.0292364
3108	7663	0.0343974
1717	7663	0.0343974
6820	7664	0.0341084
7663	7664	0.0341084
3952	7665	0.0286426
5371	7665	0.0286426
5902	7666	0.0369608
3046	7666	0.0369608
473	7667	0.0294207
7666	7667	0.0294207
6953	7668	0.0336588
1077	7668	0.0336588
2263	7669	0.0299248
7668	7669	0.0299248
3960	7670	0.0294466
7669	7670	0.0294466
4739	7671	0.0292673
7670	7671	0.0292673
3696	7672	0.0371662
2218	7672	0.0371662
4029	7673	0.0333684
7672	7673	0.0333684
7673	7674	0.0315476
5049	7674	0.0315476
2362	7675	0.0311701
7674	7675	0.0311701
3787	7676	0.0306184
7675	7676	0.0306184
6064	7677	0.0290239
7676	7677	0.0290239
6801	7678	0.0403647
6814	7678	0.0403647
7678	7679	0.0394609
6987	7679	0.0394609
4971	7680	0.0397881
1079	7680	0.0397881
7680	7681	0.0377072
1997	7681	0.0377072
6954	7682	0.0369459
7681	7682	0.0369459
7679	7683	0.0301614
7682	7683	0.0301614
6819	7684	0.0381877
2383	7684	0.0381877
7684	7685	0.033936
2354	7685	0.033936
7685	7686	0.0304651
2381	7686	0.0304651
3922	7687	0.0281467
587	7687	0.0281467
6894	7688	0.0390136
3435	7688	0.0390136
5020	7689	0.0340015
7688	7689	0.0340015
7689	7690	0.0339211
1901	7690	0.0339211
6846	7691	0.0311491
7690	7691	0.0311491
7691	7692	0.0290875
3981	7692	0.0290875
6912	7693	0.033128
5786	7693	0.033128
4834	7694	0.0280981
7692	7694	0.0280981
7694	7695	0.0280548
7693	7695	0.0280548
7695	7696	0.0280144
846	7696	0.0280144
3239	7697	0.0392226
3491	7697	0.0392226
3114	7698	0.0359671
7697	7698	0.0359671
7698	7699	0.0339524
4917	7699	0.0339524
730	7700	0.0316981
5762	7700	0.0316981
6875	7701	0.0294944
7700	7701	0.0294944
7701	7702	0.0293629
5222	7702	0.0293629
7699	7703	0.0279516
7702	7703	0.0279516
6886	7704	0.0318762
4947	7704	0.0318762
798	7705	0.0293694
5431	7705	0.0293694
6893	7706	0.0309947
6951	7706	0.0309947
804	7707	0.0390529
6992	7707	0.0390529
7707	7708	0.0287321
2083	7708	0.0287321
6903	7709	0.0348176
4721	7709	0.0348176
1091	7710	0.0376022
1023	7710	0.0376022
7710	7711	0.0361918
3417	7711	0.0361918
3698	7712	0.0340634
1103	7712	0.0340634
6965	7713	0.0317029
6966	7713	0.0317029
6974	7714	0.028101
1214	7714	0.028101
6975	7715	0.0344257
5615	7715	0.0344257
7715	7716	0.0308896
4402	7716	0.0308896
6976	7717	0.0370332
3937	7717	0.0370332
3658	7718	0.0295517
6982	7718	0.0295517
2546	7719	0.0288417
7718	7719	0.0288417
1555	7720	0.0304013
3072	7720	0.0304013
1363	7721	0.030095
7720	7721	0.030095
6996	7722	0.0296629
7721	7722	0.0296629
5003	7723	0.0389754
2569	7723	0.0389754
3085	7724	0.0327475
3332	7724	0.0327475
4596	7725	0.0316578
2669	7725	0.0316578
7725	7726	0.0301408
1710	7726	0.0301408
7007	7727	0.0397302
5522	7727	0.0397302
7727	7728	0.0278673
1740	7728	0.0278673
1778	7729	0.0371145
7035	7729	0.0371145
7032	7730	0.0355666
2581	7730	0.0355666
1886	7731	0.0407705
1858	7731	0.0407705
7731	7732	0.0393382
2654	7732	0.0393382
4816	7733	0.0350166
7732	7733	0.0350166
7733	7734	0.0287708
3961	7734	0.0287708
6052	7735	0.0319272
1961	7735	0.0319272
3336	7736	0.034258
2589	7736	0.034258
7736	7737	0.0283776
2116	7737	0.0283776
3618	7738	0.0291528
2219	7738	0.0291528
7027	7739	0.0380171
4504	7739	0.0380171
2350	7740	0.0344963
5816	7740	0.0344963
7740	7741	0.0330932
6025	7741	0.0330932
4577	7742	0.0364597
2670	7742	0.0364597
2915	7743	0.0409788
4525	7743	0.0409788
3897	7744	0.0391911
7743	7744	0.0391911
3023	7745	0.0292336
4494	7745	0.0292336
5621	7746	0.0394642
3398	7746	0.0394642
3512	7747	0.0279621
4753	7747	0.0279621
4373	7748	0.0321064
3585	7748	0.0321064
7068	7749	0.0285022
4862	7749	0.0285022
4561	7750	0.040599
7069	7750	0.040599
7655	7751	0.0262221
4937	7751	0.0262221
5950	7752	0.0256679
4591	7752	0.0256679
433	7753	0.0252518
1314	7753	0.0252518
1025	7754	0.0269034
3581	7754	0.0269034
7754	7755	0.023674
7745	7755	0.023674
7609	7756	0.0277183
1625	7756	0.0277183
7724	7757	0.027585
7756	7757	0.027585
7757	7758	0.0271238
4664	7758	0.0271238
6566	7759	0.0269557
7758	7759	0.0269557
2039	7760	0.0264192
7759	7760	0.0264192
7760	7761	0.0257662
208	7761	0.0257662
7591	7762	0.0261937
7687	7762	0.0261937
6737	7763	0.0275051
5865	7763	0.0275051
7630	7764	0.0257738
7742	7764	0.0257738
7565	7765	0.0273246
1061	7765	0.0273246
2353	7766	0.026961
7730	7766	0.026961
7104	7767	0.0276097
1548	7767	0.0276097
7110	7768	0.0273726
39	7768	0.0273726
7548	7769	0.0277232
4583	7769	0.0277232
7769	7770	0.0276976
3115	7770	0.0276976
6738	7771	0.0276901
7770	7771	0.0276901
7038	7772	0.0276855
7771	7772	0.0276855
7772	7773	0.0276472
5620	7773	0.0276472
7773	7774	0.0276272
7723	7774	0.0276272
2750	7775	0.0276257
7774	7775	0.0276257
490	7776	0.0276039
7775	7776	0.0276039
7776	7777	0.0275947
2972	7777	0.0275947
7777	7778	0.0275575
7671	7778	0.0275575
7778	7779	0.0275121
5775	7779	0.0275121
7779	7780	0.0274885
5462	7780	0.0274885
4729	7781	0.0274875
7780	7781	0.0274875
7057	7782	0.0274735
7781	7782	0.0274735
7782	7783	0.0274329
4570	7783	0.0274329
850	7784	0.0274279
7783	7784	0.0274279
7107	7785	0.0274218
7784	7785	0.0274218
7785	7786	0.027413
5895	7786	0.027413
2801	7787	0.0273952
7786	7787	0.0273952
7787	7788	0.0273807
5262	7788	0.0273807
7788	7789	0.0273246
7584	7789	0.0273246
6770	7790	0.027305
7789	7790	0.027305
7790	7791	0.0272979
7719	7791	0.0272979
2775	7792	0.0272538
7791	7792	0.0272538
7792	7793	0.0272491
7646	7793	0.0272491
2214	7794	0.0272448
7793	7794	0.0272448
7614	7795	0.0277548
6058	7795	0.0277548
7073	7796	0.02691
7767	7796	0.02691
7114	7797	0.0271644
5299	7797	0.0271644
2086	7797	0.0271644
7123	7798	0.0270528
7639	7798	0.0270528
7794	7799	0.0272261
637	7799	0.0272261
7799	7800	0.0272105
323	7800	0.0272105
7800	7801	0.0270424
5835	7801	0.0270424
6655	7802	0.0270014
7798	7802	0.0270014
7801	7802	0.0270014
519	7802	0.0270014
7802	7803	0.0269831
271	7803	0.0269831
7105	7804	0.0269719
2221	7804	0.0269719
7803	7805	0.0269655
2172	7805	0.0269655
7797	7806	0.0268833
7805	7806	0.0268833
7804	7807	0.0268719
7768	7807	0.0268719
7806	7807	0.0268719
7113	7808	0.0267653
2928	7808	0.0267653
7807	7808	0.0267653
2796	7809	0.02676
7808	7809	0.02676
6928	7809	0.02676
964	7809	0.02676
3422	7810	0.0267554
7809	7810	0.0267554
7810	7811	0.0267069
6037	7811	0.0267069
7121	7812	0.0266829
7811	7812	0.0266829
7812	7813	0.0266504
2498	7813	0.0266504
7813	7814	0.0266314
3449	7814	0.0266314
7814	7815	0.0265661
2205	7815	0.0265661
7815	7816	0.0265368
7728	7816	0.0265368
7816	7817	0.0265226
3573	7817	0.0265226
7817	7818	0.0265102
3890	7818	0.0265102
3348	7818	0.0265102
7796	7819	0.0265065
7818	7819	0.0265065
2761	7819	0.0265065
7819	7820	0.0264809
7795	7820	0.0264809
7820	7821	0.0264775
3509	7821	0.0264775
1085	7822	0.0264773
7821	7822	0.0264773
7822	7823	0.02647
7749	7823	0.02647
7734	7824	0.0267052
3026	7824	0.0267052
7566	7825	0.0266504
7824	7825	0.0266504
3810	7826	0.02763
7638	7826	0.02763
7708	7827	0.0268842
3470	7827	0.0268842
1525	7828	0.0268177
7827	7828	0.0268177
7722	7829	0.0275325
4136	7829	0.0275325
5764	7830	0.026867
1690	7830	0.026867
6899	7831	0.0264632
7823	7831	0.0264632
7766	7832	0.0264298
7831	7832	0.0264298
7765	7833	0.026416
7832	7833	0.026416
7833	7834	0.0263462
7696	7834	0.0263462
7122	7835	0.0263225
7834	7835	0.0263225
7835	7836	0.0263128
5692	7836	0.0263128
3451	7837	0.02631
7836	7837	0.02631
7837	7838	0.026307
7703	7838	0.026307
7838	7839	0.0262947
46	7839	0.0262947
1282	7840	0.0262937
2910	7840	0.0262937
7839	7840	0.0262937
5677	7841	0.0262672
7840	7841	0.0262672
7841	7842	0.0262281
4089	7842	0.0262281
7842	7843	0.0262259
7636	7843	0.0262259
530	7843	0.0262259
5095	7843	0.0262259
4618	7844	0.0262201
7843	7844	0.0262201
5654	7845	0.0262077
7844	7845	0.0262077
7845	7846	0.0261937
2932	7846	0.0261937
1833	7847	0.0261879
7846	7847	0.0261879
3740	7848	0.0261868
7847	7848	0.0261868
7848	7849	0.0261431
7825	7849	0.0261431
7849	7850	0.0261332
7747	7850	0.0261332
1135	7851	0.0261305
7850	7851	0.0261305
6774	7852	0.0261105
7851	7852	0.0261105
4945	7852	0.0261105
4283	7853	0.0261089
7852	7853	0.0261089
1727	7854	0.0260948
7853	7854	0.0260948
3355	7855	0.0260827
7854	7855	0.0260827
7855	7856	0.026078
2243	7856	0.026078
7856	7857	0.0260558
2721	7857	0.0260558
7857	7858	0.0260445
3479	7858	0.0260445
4001	7859	0.0260433
7858	7859	0.0260433
7859	7860	0.0260191
2312	7860	0.0260191
7860	7861	0.0260085
5267	7861	0.0260085
7861	7862	0.0260067
7828	7862	0.0260067
6963	7863	0.0259966
7862	7863	0.0259966
7599	7863	0.0259966
7738	7863	0.0259966
3958	7864	0.0259945
7863	7864	0.0259945
2786	7865	0.0259679
7864	7865	0.0259679
7865	7866	0.0259666
4258	7866	0.0259666
7866	7867	0.0259492
1239	7867	0.0259492
7867	7868	0.0259325
2225	7868	0.0259325
3078	7869	0.0259134
7868	7869	0.0259134
5328	7870	0.0258974
7869	7870	0.0258974
6636	7871	0.0258952
7870	7871	0.0258952
3247	7872	0.0258815
7871	7872	0.0258815
7872	7873	0.0258364
3249	7873	0.0258364
1639	7874	0.025835
417	7874	0.025835
7873	7874	0.025835
7874	7875	0.0258293
7829	7875	0.0258293
7875	7876	0.025821
7748	7876	0.025821
738	7877	0.0258033
7876	7877	0.0258033
7877	7878	0.0257819
7624	7878	0.0257819
186	7879	0.0257474
7878	7879	0.0257474
7879	7880	0.0257286
7830	7880	0.0257286
7880	7881	0.0257195
5995	7881	0.0257195
7881	7882	0.0257149
7826	7882	0.0257149
957	7883	0.0256985
2756	7883	0.0256985
7882	7883	0.0256985
7883	7884	0.0256759
4482	7884	0.0256759
7884	7885	0.0256716
5850	7885	0.0256716
4377	7886	0.0256679
7885	7886	0.0256679
6363	7887	0.0275121
7726	7887	0.0275121
7560	7888	0.0267383
4521	7888	0.0267383
7561	7889	0.0268848
5637	7889	0.0268848
7889	7890	0.0267954
86	7890	0.0267954
7888	7891	0.0265112
4520	7891	0.0265112
7891	7892	0.0264118
7890	7892	0.0264118
7600	7893	0.0269895
3799	7893	0.0269895
2718	7894	0.0261981
245	7894	0.0261981
7631	7895	0.0262166
4754	7895	0.0262166
1585	7896	0.0259866
283	7896	0.0259866
6739	7897	0.0265457
632	7897	0.0265457
6889	7898	0.0268736
1019	7898	0.0268736
7898	7899	0.0266504
4615	7899	0.0266504
3482	7900	0.0255544
7761	7900	0.0255544
5773	7901	0.0252423
7118	7901	0.0252423
5212	7902	0.0255832
7887	7902	0.0255832
7886	7903	0.0256153
7895	7903	0.0256153
3324	7903	0.0256153
5411	7904	0.0255988
7903	7904	0.0255988
7904	7905	0.0255652
5389	7905	0.0255652
7905	7906	0.0255544
5981	7906	0.0255544
7906	7907	0.0255438
3679	7907	0.0255438
4870	7908	0.0255004
7907	7908	0.0255004
7908	7909	0.0254927
508	7909	0.0254927
1449	7910	0.0254449
7909	7910	0.0254449
1664	7911	0.0254431
7910	7911	0.0254431
7911	7912	0.0254315
338	7912	0.0254315
128	7913	0.0254295
7912	7913	0.0254295
7913	7914	0.0254259
6008	7914	0.0254259
7914	7915	0.0254193
4650	7915	0.0254193
7915	7916	0.0254173
4506	7916	0.0254173
85	7917	0.0254098
7916	7917	0.0254098
7917	7918	0.0253968
2178	7918	0.0253968
7918	7919	0.0253708
367	7919	0.0253708
7919	7920	0.0253391
2674	7920	0.0253391
7920	7921	0.0253321
1789	7921	0.0253321
6292	7922	0.0253242
7921	7922	0.0253242
7922	7923	0.0253183
2554	7923	0.0253183
2331	7924	0.0253131
7923	7924	0.0253131
3270	7925	0.0253053
7924	7925	0.0253053
7925	7926	0.0252837
4309	7926	0.0252837
2992	7926	0.0252837
7926	7927	0.0252822
4904	7927	0.0252822
7927	7928	0.0252495
3615	7928	0.0252495
2489	7929	0.0252028
2593	7929	0.0252028
5742	7929	0.0252028
7928	7929	0.0252028
7900	7930	0.0250156
2768	7930	0.0250156
7901	7931	0.0251833
7929	7931	0.0251833
458	7931	0.0251833
7931	7932	0.0251773
7737	7932	0.0251773
7932	7933	0.0251407
5128	7933	0.0251407
7933	7934	0.0251109
1229	7934	0.0251109
7934	7935	0.0250578
7667	7935	0.0250578
7746	7936	0.0250178
7935	7936	0.0250178
7930	7937	0.0249719
7936	7937	0.0249719
4935	7938	0.0249581
7937	7938	0.0249581
7938	7939	0.0249436
3073	7939	0.0249436
7902	7940	0.0249369
7939	7940	0.0249369
7940	7941	0.0249249
3097	7941	0.0249249
7941	7942	0.0249164
3311	7942	0.0249164
7115	7943	0.0249032
7942	7943	0.0249032
1963	7943	0.0249032
7943	7944	0.0248747
1318	7944	0.0248747
7944	7945	0.0248531
5640	7945	0.0248531
3673	7946	0.0248216
7945	7946	0.0248216
7946	7947	0.0247926
5508	7947	0.0247926
7947	7948	0.0247692
3656	7948	0.0247692
7948	7949	0.0247545
5309	7949	0.0247545
7949	7950	0.0247525
1178	7950	0.0247525
7762	7951	0.0246135
3465	7951	0.0246135
5571	7952	0.0247459
7950	7952	0.0247459
7735	7953	0.0246935
7952	7953	0.0246935
6545	7954	0.0246351
7953	7954	0.0246351
7951	7955	0.0246114
7954	7955	0.0246114
484	7955	0.0246114
7955	7956	0.0245754
4427	7956	0.0245754
7649	7957	0.0245324
7956	7957	0.0245324
7716	7958	0.0250481
5172	7958	0.0250481
7717	7959	0.0246865
4623	7959	0.0246865
1790	7960	0.0247295
3495	7960	0.0247295
5331	7961	0.0255824
3438	7961	0.0255824
7961	7962	0.0255349
2315	7962	0.0255349
7957	7963	0.0245225
1311	7963	0.0245225
7763	7964	0.0245218
7963	7964	0.0245218
4539	7964	0.0245218
1486	7964	0.0245218
7052	7965	0.0245205
7964	7965	0.0245205
7119	7966	0.0244857
7965	7966	0.0244857
7966	7967	0.0244625
1112	7967	0.0244625
7664	7968	0.0244507
7967	7968	0.0244507
7960	7968	0.0244507
7968	7969	0.0244468
1658	7969	0.0244468
7969	7970	0.0244359
2660	7970	0.0244359
7970	7971	0.0244346
685	7971	0.0244346
7971	7972	0.0244154
7894	7972	0.0244154
6497	7973	0.0244116
7972	7973	0.0244116
7973	7974	0.0244029
22	7974	0.0244029
7974	7975	0.0243992
414	7975	0.0243992
1705	7976	0.0243768
7975	7976	0.0243768
7976	7977	0.0243028
1562	7977	0.0243028
3430	7978	0.0242683
7977	7978	0.0242683
5229	7979	0.0242507
7978	7979	0.0242507
7979	7980	0.024244
2876	7980	0.024244
7120	7981	0.0242362
7980	7981	0.0242362
2917	7982	0.0242349
7981	7982	0.0242349
7962	7982	0.0242349
7982	7983	0.0242328
2503	7983	0.0242328
6967	7984	0.024203
7983	7984	0.024203
7984	7985	0.0241676
5022	7985	0.0241676
7764	7986	0.0241671
7985	7986	0.0241671
636	7987	0.0241554
7986	7987	0.0241554
7987	7988	0.0241496
6055	7988	0.0241496
322	7989	0.0241456
7988	7989	0.0241456
6701	7990	0.0241412
7989	7990	0.0241412
7633	7991	0.0242672
7896	7991	0.0242672
7990	7992	0.0240974
7991	7992	0.0240974
7992	7993	0.0240913
7899	7993	0.0240913
7958	7993	0.0240913
140	7994	0.0240884
7993	7994	0.0240884
7892	7995	0.024025
2255	7995	0.024025
7994	7996	0.0240213
3071	7996	0.0240213
7559	7997	0.0240079
7996	7997	0.0240079
7995	7997	0.0240079
4499	7997	0.0240079
2430	7998	0.0240073
7997	7998	0.0240073
7998	7999	0.0239998
198	7999	0.0239998
7999	8000	0.0239927
7647	8000	0.0239927
8000	8001	0.0239448
607	8001	0.0239448
8001	8002	0.023924
2541	8002	0.023924
3899	8003	0.0239018
8002	8003	0.0239018
4061	8004	0.0238506
8003	8004	0.0238506
8004	8005	0.0238435
3852	8005	0.0238435
3783	8006	0.0238105
8005	8006	0.0238105
7897	8006	0.0238105
8006	8007	0.0238011
4683	8007	0.0238011
2387	8008	0.0237593
8007	8008	0.0237593
512	8009	0.023751
8008	8009	0.023751
6529	8010	0.0237493
8009	8010	0.0237493
7665	8011	0.0237474
2045	8011	0.0237474
8010	8011	0.0237474
8011	8012	0.0237446
7709	8012	0.0237446
8012	8013	0.0237247
3162	8013	0.0237247
8013	8014	0.0237161
7959	8014	0.0237161
8014	8015	0.0236792
1394	8015	0.0236792
8015	8016	0.0236762
5756	8016	0.0236762
3694	8017	0.0236716
8016	8017	0.0236716
8017	8018	0.0236667
7893	8018	0.0236667
4716	8019	0.0236566
8018	8019	0.0236566
515	8020	0.0261226
3277	8020	0.0261226
8020	8021	0.0241756
1414	8021	0.0241756
7555	8022	0.025331
3001	8022	0.025331
6417	8023	0.0249665
50	8023	0.0249665
5803	8024	0.0275561
7556	8024	0.0275561
8024	8025	0.0267831
535	8025	0.0267831
8025	8026	0.0237185
1412	8026	0.0237185
5840	8027	0.0272911
7570	8027	0.0272911
3606	8028	0.02637
103	8028	0.02637
6460	8029	0.0253162
4452	8029	0.0253162
4184	8030	0.0258476
5794	8030	0.0258476
3325	8031	0.024759
8027	8031	0.024759
8031	8032	0.0240255
8028	8032	0.0240255
8030	8033	0.023811
8032	8033	0.023811
8029	8034	0.0238046
8033	8034	0.0238046
1868	8035	0.0265977
106	8035	0.0265977
8035	8036	0.0248409
1869	8036	0.0248409
7573	8037	0.0264372
5862	8037	0.0264372
5345	8038	0.0261326
7705	8038	0.0261326
7575	8039	0.0262709
2729	8039	0.0262709
6646	8040	0.0240284
8039	8040	0.0240284
2059	8041	0.0272211
7620	8041	0.0272211
7033	8042	0.0260814
8041	8042	0.0260814
1381	8043	0.0248194
286	8043	0.0248194
7650	8044	0.0258905
7659	8044	0.0258905
7683	8045	0.0247076
2649	8045	0.0247076
8045	8046	0.0244426
3136	8046	0.0244426
7706	8047	0.027116
7711	8047	0.027116
4232	8048	0.0258128
845	8048	0.0258128
7712	8049	0.0268869
3192	8049	0.0268869
8049	8050	0.0256596
4180	8050	0.0256596
3848	8051	0.0247525
1190	8051	0.0247525
7037	8052	0.027579
2783	8052	0.027579
3281	8053	0.0268202
8052	8053	0.0268202
4670	8054	0.0247103
5723	8054	0.0247103
7729	8055	0.0269916
4015	8055	0.0269916
3995	8056	0.0256727
1938	8056	0.0256727
7739	8057	0.0264606
3992	8057	0.0264606
7750	8058	0.0264053
5748	8058	0.0264053
7072	8059	0.0273439
5700	8059	0.0273439
8019	8060	0.023654
5083	8060	0.023654
8060	8061	0.0236462
5244	8061	0.0236462
4250	8062	0.0236347
8061	8062	0.0236347
8062	8063	0.0236223
5304	8063	0.0236223
8063	8064	0.023551
2867	8064	0.023551
8064	8065	0.0235415
397	8065	0.0235415
8065	8066	0.0235383
3276	8066	0.0235383
8066	8067	0.0234948
723	8067	0.0234948
8067	8068	0.0234708
5468	8068	0.0234708
8068	8069	0.0234348
2697	8069	0.0234348
3089	8070	0.0234087
8069	8070	0.0234087
8070	8071	0.0233981
8042	8071	0.0233981
742	8071	0.0233981
8071	8072	0.0233602
5999	8072	0.0233602
8072	8073	0.0233537
1375	8073	0.0233537
1351	8074	0.0233331
8073	8074	0.0233331
8074	8075	0.0233249
3112	8075	0.0233249
559	8076	0.0233208
8075	8076	0.0233208
8076	8077	0.0233176
5188	8077	0.0233176
8077	8078	0.0233067
2139	8078	0.0233067
5421	8079	0.0232969
8078	8079	0.0232969
8079	8080	0.0232912
4433	8080	0.0232912
2659	8081	0.0232819
8080	8081	0.0232819
8081	8082	0.0232641
3195	8082	0.0232641
8082	8083	0.0232599
3868	8083	0.0232599
8083	8084	0.0232562
1681	8084	0.0232562
5688	8084	0.0232562
8084	8085	0.0232485
37	8085	0.0232485
312	8086	0.0232379
8085	8086	0.0232379
4100	8087	0.0232363
6607	8087	0.0232363
8086	8087	0.0232363
944	8087	0.0232363
8087	8088	0.0231932
188	8088	0.0231932
1398	8089	0.0231696
8088	8089	0.0231696
8089	8090	0.0231674
5374	8090	0.0231674
8090	8091	0.02316
8043	8091	0.02316
4228	8092	0.0231465
8091	8092	0.0231465
8092	8093	0.0231422
6887	8093	0.0231422
8093	8094	0.0231398
1223	8094	0.0231398
8094	8095	0.0230928
776	8095	0.0230928
8095	8096	0.0230866
4693	8096	0.0230866
4920	8097	0.0230817
8096	8097	0.0230817
8097	8098	0.023072
5301	8098	0.023072
1385	8099	0.0230665
8098	8099	0.0230665
4350	8100	0.0230605
8099	8100	0.0230605
4592	8101	0.0230426
8100	8101	0.0230426
8101	8102	0.0230207
1366	8102	0.0230207
8102	8103	0.0230189
5426	8103	0.0230189
8103	8104	0.0230068
826	8104	0.0230068
8104	8105	0.0230054
4256	8105	0.0230054
680	8106	0.0229781
8105	8106	0.0229781
4179	8107	0.0229549
8106	8107	0.0229549
8107	8108	0.0229472
1483	8108	0.0229472
8108	8109	0.0229312
3996	8109	0.0229312
2297	8110	0.022912
8109	8110	0.022912
8110	8111	0.0229044
1663	8111	0.0229044
8111	8112	0.0229038
6766	8112	0.0229038
2118	8112	0.0229038
7753	8113	0.022888
8112	8113	0.022888
5096	8114	0.0228596
8113	8114	0.0228596
2833	8115	0.0228474
8114	8115	0.0228474
8115	8116	0.0228331
2883	8116	0.0228331
8116	8117	0.0228189
4084	8117	0.0228189
6776	8118	0.023651
8021	8118	0.023651
829	8119	0.0232379
8026	8119	0.0232379
7574	8120	0.022912
8038	8120	0.022912
3809	8121	0.0236129
121	8121	0.0236129
3434	8122	0.0236291
8046	8122	0.0236291
8122	8123	0.0230887
4240	8123	0.0230887
4955	8124	0.022989
8123	8124	0.022989
7686	8125	0.0231849
572	8125	0.0231849
8050	8126	0.0232133
3796	8126	0.0232133
7741	8127	0.0234735
5475	8127	0.0234735
8117	8128	0.0228102
4963	8128	0.0228102
8128	8129	0.0227775
8127	8129	0.0227775
8129	8130	0.022754
8056	8130	0.022754
8130	8131	0.0227415
8120	8131	0.0227415
3194	8131	0.0227415
8131	8132	0.0227394
1252	8132	0.0227394
8132	8133	0.0227023
7704	8133	0.0227023
824	8134	0.0226606
8133	8134	0.0226606
8037	8135	0.0226423
543	8135	0.0226423
8134	8136	0.0226345
290	8136	0.0226345
8136	8137	0.0225632
8135	8137	0.0225632
8137	8138	0.0225504
5105	8138	0.0225504
8138	8139	0.0225393
2580	8139	0.0225393
8139	8140	0.0224963
2419	8140	0.0224963
8140	8141	0.0224838
1352	8141	0.0224838
8141	8142	0.0224776
8119	8142	0.0224776
1419	8142	0.0224776
8034	8143	0.0226472
129	8143	0.0226472
202	8144	0.0224676
8142	8144	0.0224676
8144	8145	0.0224067
8143	8145	0.0224067
8145	8146	0.0223874
5872	8146	0.0223874
4794	8147	0.0223284
8146	8147	0.0223284
4884	8148	0.0223216
8147	8148	0.0223216
5068	8149	0.0223132
8148	8149	0.0223132
4788	8150	0.0222598
8149	8150	0.0222598
6645	8151	0.0222577
8150	8151	0.0222577
4367	8152	0.0222455
8151	8152	0.0222455
1442	8153	0.0222226
8152	8153	0.0222226
6462	8154	0.0222053
8153	8154	0.0222053
8154	8155	0.0221872
278	8155	0.0221872
8155	8156	0.0221781
8121	8156	0.0221781
7755	8157	0.0221696
8156	8157	0.0221696
8118	8158	0.0223416
33	8158	0.0223416
8126	8159	0.0227157
2548	8159	0.0227157
8055	8160	0.0225833
5815	8160	0.0225833
7065	8161	0.0221606
8157	8161	0.0221606
8161	8162	0.0221469
5970	8162	0.0221469
1342	8162	0.0221469
8162	8163	0.0221363
3781	8163	0.0221363
8163	8164	0.0221224
4278	8164	0.0221224
8164	8165	0.0220859
6046	8165	0.0220859
8165	8166	0.0220841
1968	8166	0.0220841
6635	8167	0.022068
8166	8167	0.022068
3130	8167	0.022068
3838	8167	0.022068
8167	8168	0.0220152
349	8168	0.0220152
8168	8169	0.0219983
182	8169	0.0219983
8169	8170	0.0219916
8158	8170	0.0219916
2864	8171	0.0219827
8170	8171	0.0219827
8171	8172	0.0219661
1146	8172	0.0219661
8172	8173	0.0219503
1431	8173	0.0219503
8173	8174	0.0219441
3592	8174	0.0219441
8174	8175	0.0219364
4282	8175	0.0219364
5825	8175	0.0219364
8175	8176	0.0219315
2021	8176	0.0219315
8176	8177	0.0219141
3300	8177	0.0219141
4287	8178	0.0218944
8177	8178	0.0218944
8178	8179	0.0218916
4918	8179	0.0218916
3855	8180	0.0218812
8179	8180	0.0218812
8180	8181	0.0218735
4562	8181	0.0218735
8181	8182	0.0218525
8159	8182	0.0218525
6879	8183	0.0218496
8182	8183	0.0218496
1622	8183	0.0218496
7058	8184	0.0218383
8183	8184	0.0218383
8184	8185	0.0218179
8124	8185	0.0218179
4502	8186	0.0218086
4408	8186	0.0218086
8185	8186	0.0218086
8186	8187	0.021803
8160	8187	0.021803
6062	8187	0.021803
8187	8188	0.0217757
8125	8188	0.0217757
7075	8189	0.0217584
8188	8189	0.0217584
3797	8189	0.0217584
3773	8190	0.0217526
8189	8190	0.0217526
3540	8191	0.0217296
8190	8191	0.0217296
8191	8192	0.0217093
190	8192	0.0217093
8022	8193	0.0231334
8023	8193	0.0231334
8036	8194	0.0220945
2700	8194	0.0220945
3279	8195	0.023422
8040	8195	0.023422
1331	8196	0.0231294
7579	8196	0.0231294
8044	8197	0.0225712
5668	8197	0.0225712
7662	8198	0.0224426
8059	8198	0.0224426
4386	8199	0.0217849
467	8199	0.0217849
8054	8200	0.0222349
1743	8200	0.0222349
1897	8201	0.0229286
2336	8201	0.0229286
8192	8202	0.0216887
1960	8202	0.0216887
1256	8203	0.0216779
8202	8203	0.0216779
4852	8204	0.0215665
8203	8204	0.0215665
120	8205	0.0215566
8204	8205	0.0215566
8205	8206	0.0215499
5359	8206	0.0215499
8206	8207	0.0215456
391	8207	0.0215456
8207	8208	0.021533
8057	8208	0.021533
8208	8209	0.021531
3835	8209	0.021531
5148	8210	0.0215255
8209	8210	0.0215255
5455	8211	0.0215166
8210	8211	0.0215166
8211	8212	0.0214964
4696	8212	0.0214964
8212	8213	0.0214873
247	8213	0.0214873
8213	8214	0.0214741
5218	8214	0.0214741
2121	8215	0.0214384
8214	8215	0.0214384
5216	8216	0.0214282
8215	8216	0.0214282
5899	8217	0.0214273
8216	8217	0.0214273
8217	8218	0.0214252
4011	8218	0.0214252
8218	8219	0.021419
5578	8219	0.021419
8219	8220	0.0214138
1460	8220	0.0214138
8220	8221	0.0214128
5777	8221	0.0214128
7551	8222	0.0214108
8221	8222	0.0214108
4516	8223	0.0213912
8222	8223	0.0213912
3840	8224	0.0213252
8223	8224	0.0213252
2352	8225	0.0213207
8224	8225	0.0213207
8225	8226	0.0213078
5219	8226	0.0213078
2622	8227	0.0212753
8226	8227	0.0212753
4712	8228	0.0212624
8227	8228	0.0212624
2854	8229	0.0212609
8228	8229	0.0212609
8229	8230	0.0212551
7714	8230	0.0212551
5170	8231	0.0212476
8230	8231	0.0212476
8231	8232	0.0212448
8193	8232	0.0212448
8232	8233	0.0212203
8047	8233	0.0212203
8195	8234	0.021367
1305	8234	0.021367
8233	8235	0.0212164
2186	8235	0.0212164
8235	8236	0.0212153
2358	8236	0.0212153
8236	8237	0.021206
8053	8237	0.021206
8234	8237	0.021206
8196	8237	0.021206
8237	8238	0.0211823
8201	8238	0.0211823
2206	8239	0.0211796
8238	8239	0.0211796
8239	8240	0.0211764
617	8240	0.0211764
3285	8241	0.0211477
8240	8241	0.0211477
8241	8242	0.021108
4196	8242	0.021108
8242	8243	0.0210562
4895	8243	0.0210562
3258	8244	0.0210425
8243	8244	0.0210425
5131	8245	0.0210331
8244	8245	0.0210331
7713	8246	0.0209973
1201	8246	0.0209973
8245	8247	0.0209705
704	8247	0.0209705
4389	8248	0.0209663
8247	8248	0.0209663
8248	8249	0.0209458
8246	8249	0.0209458
1516	8250	0.0209274
8249	8250	0.0209274
8250	8251	0.02092
7602	8251	0.02092
5018	8252	0.0209046
8251	8252	0.0209046
5703	8253	0.0208806
8252	8253	0.0208806
3945	8254	0.0208637
8253	8254	0.0208637
8254	8255	0.0208542
4243	8255	0.0208542
4368	8256	0.0208452
8255	8256	0.0208452
3047	8257	0.0208311
1500	8257	0.0208311
4724	8257	0.0208311
8256	8257	0.0208311
8257	8258	0.020828
8200	8258	0.020828
8258	8259	0.0208213
401	8259	0.0208213
8259	8260	0.0208158
1898	8260	0.0208158
7055	8261	0.0207984
8260	8261	0.0207984
3608	8262	0.0207941
8261	8262	0.0207941
7744	8263	0.0207881
8262	8263	0.0207881
8263	8264	0.0207845
5081	8264	0.0207845
8264	8265	0.0207498
8048	8265	0.0207498
8265	8266	0.0207321
4082	8266	0.0207321
8197	8267	0.0213411
5843	8267	0.0213411
8267	8268	0.0208492
4571	8268	0.0208492
6913	8269	0.0209998
5694	8269	0.0209998
8051	8270	0.0211802
1539	8270	0.0211802
4317	8271	0.0212374
2634	8271	0.0212374
7751	8272	0.020729
8266	8272	0.020729
8268	8272	0.020729
8272	8273	0.0207157
1005	8273	0.0207157
8273	8274	0.0207133
4214	8274	0.0207133
8274	8275	0.0207004
5974	8275	0.0207004
43	8275	0.0207004
8275	8276	0.0206907
2267	8276	0.0206907
3338	8277	0.0206881
8276	8277	0.0206881
8277	8278	0.0206758
4544	8278	0.0206758
8278	8279	0.0206738
1665	8279	0.0206738
8279	8280	0.0206728
2251	8280	0.0206728
5922	8281	0.0206661
8280	8281	0.0206661
8281	8282	0.0206654
1616	8282	0.0206654
8282	8283	0.0206406
5205	8283	0.0206406
3110	8284	0.0206379
8283	8284	0.0206379
4457	8285	0.0206284
8284	8285	0.0206284
6890	8286	0.0206032
8285	8286	0.0206032
5878	8286	0.0206032
7677	8287	0.0206003
8286	8287	0.0206003
4203	8288	0.0205966
8287	8288	0.0205966
3827	8289	0.0205928
8288	8289	0.0205928
7062	8290	0.0205805
8289	8290	0.0205805
7019	8291	0.0205666
8290	8291	0.0205666
8291	8292	0.0205637
5864	8292	0.0205637
99	8293	0.0205429
1903	8293	0.0205429
8292	8293	0.0205429
8293	8294	0.0205395
2748	8294	0.0205395
8294	8295	0.0205324
1786	8295	0.0205324
8271	8295	0.0205324
3266	8296	0.0205308
8295	8296	0.0205308
8296	8297	0.0205297
1481	8297	0.0205297
2549	8298	0.0205105
8297	8298	0.0205105
4922	8298	0.0205105
8298	8299	0.0205049
1532	8299	0.0205049
8299	8300	0.0204892
6999	8300	0.0204892
2367	8300	0.0204892
6767	8301	0.0204861
8300	8301	0.0204861
8301	8302	0.0204776
3486	8302	0.0204776
2338	8303	0.0204706
8302	8303	0.0204706
8303	8304	0.0204672
783	8304	0.0204672
8304	8305	0.0204565
8270	8305	0.0204565
3554	8306	0.0204415
8305	8306	0.0204415
217	8307	0.0204373
8306	8307	0.0204373
8307	8308	0.0204305
8269	8308	0.0204305
1310	8309	0.0204064
8308	8309	0.0204064
6797	8310	0.0204039
8309	8310	0.0204039
8310	8311	0.0204008
991	8311	0.0204008
7752	8312	0.0203917
8311	8312	0.0203917
8312	8313	0.0203795
61	8313	0.0203795
8313	8314	0.0203552
6036	8314	0.0203552
8314	8315	0.0203511
3973	8315	0.0203511
8315	8316	0.0203345
8198	8316	0.0203345
7634	8317	0.0203295
8316	8317	0.0203295
3911	8318	0.0203267
8317	8318	0.0203267
7013	8319	0.0202931
8318	8319	0.0202931
8319	8320	0.0202834
8199	8320	0.0202834
8320	8321	0.0202693
1036	8321	0.0202693
7071	8322	0.0202557
8321	8322	0.0202557
8322	8323	0.0202485
4760	8323	0.0202485
8323	8324	0.0202364
8194	8324	0.0202364
634	8325	0.020235
8324	8325	0.020235
1400	8326	0.0202304
8325	8326	0.0202304
3444	8326	0.0202304
8326	8327	0.0202272
3546	8327	0.0202272
8327	8328	0.0202151
838	8328	0.0202151
4318	8329	0.0202067
8328	8329	0.0202067
1250	8330	0.0202044
8329	8330	0.0202044
1306	8331	0.0201806
8330	8331	0.0201806
8331	8332	0.0201791
4469	8332	0.0201791
8332	8333	0.0201702
3580	8333	0.0201702
8333	8334	0.02016
540	8334	0.02016
4460	8335	0.020149
8334	8335	0.020149
8335	8336	0.0201388
368	8336	0.0201388
8058	8337	0.0201341
8336	8337	0.0201341
8337	8338	0.0201263
2359	8338	0.0201263
8338	8339	0.0201053
1056	8339	0.0201053
3909	8340	0.0201034
8339	8340	0.0201034
3815	8341	0.0200918
8340	8341	0.0200918
1992	8342	0.0200897
8341	8342	0.0200897
610	8343	0.074957
2020	8343	0.074957
3399	8344	0.0249293
8343	8344	0.0249293
11	8345	0.141171
5206	8345	0.141171
8345	8346	0.0876701
148	8346	0.0876701
1488	8347	0.041595
8346	8347	0.041595
8347	8348	0.0351078
2901	8348	0.0351078
54	8349	0.220728
4578	8349	0.220728
8349	8350	0.184068
5334	8350	0.184068
167	8351	0.0411514
2305	8351	0.0411514
679	8352	0.0371493
8351	8352	0.0371493
192	8353	0.0766206
27	8353	0.0766206
253	8354	0.0946074
3407	8354	0.0946074
8354	8355	0.0577929
29	8355	0.0577929
1741	8356	0.0224149
156	8356	0.0224149
8356	8357	0.0218874
88	8357	0.0218874
4041	8358	0.0280066
5028	8358	0.0280066
8358	8359	0.0254635
35	8359	0.0254635
8359	8360	0.0254187
5048	8360	0.0254187
8360	8361	0.0218564
1078	8361	0.0218564
8361	8362	0.0216632
4882	8362	0.0216632
4880	8363	0.0210045
8362	8363	0.0210045
8363	8364	0.0209852
2527	8364	0.0209852
1354	8365	0.0321922
340	8365	0.0321922
1503	8366	0.0319663
8365	8366	0.0319663
4999	8367	0.0293646
737	8367	0.0293646
40	8368	0.0775208
406	8368	0.0775208
5477	8369	0.0313202
5757	8369	0.0313202
8369	8370	0.0309224
3333	8370	0.0309224
8370	8371	0.0254078
4099	8371	0.0254078
8371	8372	0.0248747
898	8372	0.0248747
8372	8373	0.0244922
3141	8373	0.0244922
8373	8374	0.0219065
66	8374	0.0219065
5361	8374	0.0219065
8374	8375	0.0216764
4000	8375	0.0216764
8375	8376	0.0205143
45	8376	0.0205143
740	8377	0.0923679
449	8377	0.0923679
4293	8378	0.0719155
51	8378	0.0719155
8377	8379	0.0641327
8378	8379	0.0641327
2196	8380	0.0513965
8379	8380	0.0513965
8380	8381	0.051119
4892	8381	0.051119
3860	8382	0.0579142
58	8382	0.0579142
1720	8383	0.112337
3516	8383	0.112337
8383	8384	0.0822082
3412	8384	0.0822082
5223	8385	0.0727784
597	8385	0.0727784
8384	8386	0.0726214
8385	8386	0.0726214
8386	8387	0.0631952
4997	8387	0.0631952
60	8388	0.0469932
8387	8388	0.0469932
8388	8389	0.04671
4797	8389	0.04671
8389	8390	0.0450966
1514	8390	0.0450966
5114	8391	0.0428518
8390	8391	0.0428518
1553	8392	0.0428245
8391	8392	0.0428245
1113	8393	0.0402409
8392	8393	0.0402409
8393	8394	0.0388086
206	8394	0.0388086
8394	8395	0.0368072
1956	8395	0.0368072
3524	8396	0.229695
4654	8396	0.229695
6034	8397	0.0737117
67	8397	0.0737117
8397	8398	0.0481825
438	8398	0.0481825
8398	8399	0.0379295
1219	8399	0.0379295
8399	8400	0.0256589
1802	8400	0.0256589
8400	8401	0.0239087
2848	8401	0.0239087
2812	8402	0.0238397
902	8402	0.0238397
8402	8403	0.0211102
2929	8403	0.0211102
72	8404	0.0256245
4950	8404	0.0256245
114	8405	0.0251612
8404	8405	0.0251612
8405	8406	0.021617
2377	8406	0.021617
3812	8407	0.0881472
73	8407	0.0881472
3725	8408	0.126543
492	8408	0.126543
75	8409	0.125142
8408	8409	0.125142
1838	8410	0.0209144
408	8410	0.0209144
3552	8411	0.0217849
4121	8411	0.0217849
3988	8412	0.141599
579	8412	0.141599
5360	8413	0.0912446
1843	8413	0.0912446
4726	8414	0.245176
101	8414	0.245176
3730	8415	0.342019
102	8415	0.342019
3688	8416	0.056226
8415	8416	0.056226
8416	8417	0.0501075
2141	8417	0.0501075
1217	8418	0.0354183
810	8418	0.0354183
8418	8419	0.0237619
1875	8419	0.0237619
4821	8420	0.149182
5042	8420	0.149182
8420	8421	0.108868
770	8421	0.108868
8421	8422	0.0640625
1228	8422	0.0640625
2102	8423	0.123122
1598	8423	0.123122
575	8424	0.0370775
5149	8424	0.0370775
8424	8425	0.0309159
3217	8425	0.0309159
2063	8426	0.0244072
5311	8426	0.0244072
5595	8427	0.0222406
8426	8427	0.0222406
2284	8428	0.0492753
488	8428	0.0492753
8428	8429	0.0218199
5761	8429	0.0218199
8429	8430	0.02147
4960	8430	0.02147
3181	8431	0.117598
5143	8431	0.117598
8431	8432	0.0657614
529	8432	0.0657614
977	8433	0.0609737
8432	8433	0.0609737
8433	8434	0.0303321
1226	8434	0.0303321
302	8435	0.058813
912	8435	0.058813
8435	8436	0.0496196
1653	8436	0.0496196
2675	8437	0.0484458
8436	8437	0.0484458
5040	8438	0.16048
5471	8438	0.16048
5336	8439	0.0228093
3104	8439	0.0228093
8439	8440	0.0208327
4626	8440	0.0208327
2647	8441	0.390657
139	8441	0.390657
2519	8442	0.131757
494	8442	0.131757
717	8443	0.119448
8442	8443	0.119448
8443	8444	0.0802684
1611	8444	0.0802684
2191	8445	0.0686504
8444	8445	0.0686504
8445	8446	0.0508256
2184	8446	0.0508256
4534	8447	0.0350749
3854	8447	0.0350749
152	8448	0.0598211
4856	8448	0.0598211
2751	8449	0.440027
2828	8449	0.440027
3262	8450	0.0466076
2846	8450	0.0466076
4932	8451	0.0635339
163	8451	0.0635339
6000	8452	0.0988373
165	8452	0.0988373
2092	8453	0.154096
173	8453	0.154096
590	8454	0.0472879
5412	8454	0.0472879
1328	8455	0.0224923
178	8455	0.0224923
2621	8456	0.0216602
8455	8456	0.0216602
2997	8457	0.0214511
8456	8457	0.0214511
3307	8458	0.0260144
992	8458	0.0260144
8458	8459	0.0259819
769	8459	0.0259819
8459	8460	0.0204749
1896	8460	0.0204749
4126	8461	0.17894
1675	8461	0.17894
4074	8462	0.0285439
2819	8462	0.0285439
187	8463	0.124504
1910	8463	0.124504
3763	8464	0.0220662
6022	8464	0.0220662
3616	8465	0.0214061
8464	8465	0.0214061
3129	8466	0.0212667
8465	8466	0.0212667
5072	8467	0.0211315
8466	8467	0.0211315
1519	8468	0.0952724
5667	8468	0.0952724
3749	8469	0.127206
3685	8469	0.127206
8469	8470	0.0891151
2323	8470	0.0891151
8470	8471	0.0775037
5558	8471	0.0775037
1329	8472	0.0657329
2950	8472	0.0657329
8468	8473	0.0633355
8472	8473	0.0633355
366	8474	0.0572603
8473	8474	0.0572603
8474	8475	0.0526531
3313	8475	0.0526531
8471	8476	0.0525108
2838	8476	0.0525108
8475	8477	0.0287256
8476	8477	0.0287256
8477	8478	0.0285495
4669	8478	0.0285495
211	8479	0.0285808
4924	8479	0.0285808
5939	8480	0.0257327
8479	8480	0.0257327
1317	8481	0.0254193
8480	8481	0.0254193
8481	8482	0.024747
3372	8482	0.024747
5545	8483	0.0434573
1603	8483	0.0434573
5339	8484	0.0833348
3017	8484	0.0833348
3347	8485	0.0377538
1004	8485	0.0377538
2682	8486	0.0637213
3715	8486	0.0637213
8486	8487	0.0572442
1657	8487	0.0572442
3504	8488	0.056358
8487	8488	0.056358
8488	8489	0.0239658
2948	8489	0.0239658
2031	8490	0.611022
6074	8490	0.611022
3610	8491	0.0931502
4272	8491	0.0931502
8491	8492	0.0922548
533	8492	0.0922548
8492	8493	0.0650044
2677	8493	0.0650044
8493	8494	0.0520676
4046	8494	0.0520676
8494	8495	0.0389265
1800	8495	0.0389265
8495	8496	0.0375466
1691	8496	0.0375466
5674	8497	0.131217
3999	8497	0.131217
229	8498	0.070314
1955	8498	0.070314
5858	8499	0.0706054
234	8499	0.0706054
241	8500	0.0273678
317	8500	0.0273678
2578	8501	0.0212574
4213	8501	0.0212574
901	8502	0.0761574
1627	8502	0.0761574
3624	8503	0.0509233
256	8503	0.0509233
2272	8504	0.0255691
5632	8504	0.0255691
8504	8505	0.0228443
263	8505	0.0228443
2165	8506	0.0952724
613	8506	0.0952724
5055	8507	0.0819698
8506	8507	0.0819698
284	8508	0.0850807
3674	8508	0.0850807
2537	8509	0.0783673
5728	8509	0.0783673
8509	8510	0.07381
361	8510	0.07381
891	8511	0.0422576
2493	8511	0.0422576
8511	8512	0.0352345
3094	8512	0.0352345
8512	8513	0.0318401
2058	8513	0.0318401
8513	8514	0.0294127
5466	8514	0.0294127
8514	8515	0.0286139
946	8515	0.0286139
839	8516	0.0287524
5673	8516	0.0287524
8516	8517	0.0286614
297	8517	0.0286614
8517	8518	0.0253871
2290	8518	0.0253871
8515	8519	0.0218869
8518	8519	0.0218869
2080	8520	0.0333391
3869	8520	0.0333391
2757	8521	0.338602
2466	8521	0.338602
8521	8522	0.186504
1806	8522	0.186504
3692	8523	0.149928
8522	8523	0.149928
8523	8524	0.147804
441	8524	0.147804
8524	8525	0.0541393
3150	8525	0.0541393
4057	8526	0.0209094
3459	8526	0.0209094
8525	8527	0.0201689
8526	8527	0.0201689
982	8528	0.0455271
5838	8528	0.0455271
3665	8529	0.0293257
5121	8529	0.0293257
5296	8530	0.0215177
2906	8530	0.0215177
3932	8531	0.0432654
5722	8531	0.0432654
8531	8532	0.0411804
1520	8532	0.0411804
8532	8533	0.0302695
3774	8533	0.0302695
2919	8534	0.0372668
3925	8534	0.0372668
8534	8535	0.0238371
320	8535	0.0238371
5959	8536	0.0681906
326	8536	0.0681906
329	8537	0.179691
420	8537	0.179691
4519	8538	0.103295
4599	8538	0.103295
431	8539	0.101716
8538	8539	0.101716
1812	8540	0.0376186
2157	8540	0.0376186
1835	8541	0.0335741
2912	8541	0.0335741
4719	8542	0.0276416
8541	8542	0.0276416
523	8543	0.0482682
5132	8543	0.0482682
8543	8544	0.030942
3895	8544	0.030942
8544	8545	0.0297738
2194	8545	0.0297738
2111	8546	0.0611201
5821	8546	0.0611201
8546	8547	0.0532329
5881	8547	0.0532329
1820	8548	0.0318301
5130	8548	0.0318301
8548	8549	0.0311292
3664	8549	0.0311292
5308	8550	0.0288254
8549	8550	0.0288254
8550	8551	0.0230644
3383	8551	0.0230644
8551	8552	0.0226133
1461	8552	0.0226133
8552	8553	0.0222226
1991	8553	0.0222226
809	8554	0.0812108
4038	8554	0.0812108
5451	8555	0.0738874
8554	8555	0.0738874
4483	8556	0.204186
380	8556	0.204186
386	8557	0.149644
4697	8557	0.149644
8557	8558	0.0209112
3691	8558	0.0209112
4868	8559	0.0228844
3930	8559	0.0228844
1410	8560	0.117989
3063	8560	0.117989
8560	8561	0.0793416
777	8561	0.0793416
2277	8562	0.0348783
395	8562	0.0348783
761	8563	0.0206862
5479	8563	0.0206862
4417	8564	0.0592022
4644	8564	0.0592022
5179	8565	0.059067
8564	8565	0.059067
3634	8566	0.117329
1406	8566	0.117329
8566	8567	0.0655229
2324	8567	0.0655229
3480	8568	0.0792216
409	8568	0.0792216
8568	8569	0.0634272
3037	8569	0.0634272
3601	8570	0.0510244
8569	8570	0.0510244
3198	8571	0.0506662
8570	8571	0.0506662
4446	8572	0.0800876
4979	8572	0.0800876
666	8573	0.0226686
1793	8573	0.0226686
419	8574	0.0660298
2806	8574	0.0660298
3913	8575	0.0324079
5544	8575	0.0324079
4423	8576	0.0382893
3216	8576	0.0382893
8576	8577	0.0212967
5754	8577	0.0212967
2084	8578	0.088673
3379	8578	0.088673
436	8579	0.0730125
4147	8579	0.0730125
5372	8580	0.0662875
8579	8580	0.0662875
3144	8581	0.056083
8580	8581	0.056083
2542	8582	0.0465125
8581	8582	0.0465125
3672	8583	0.0440266
8582	8583	0.0440266
2369	8584	0.0297224
1391	8584	0.0297224
621	8585	0.0291224
8584	8585	0.0291224
5869	8586	0.0290422
8585	8586	0.0290422
440	8587	0.0522013
472	8587	0.0522013
6043	8588	0.0807971
2840	8588	0.0807971
8588	8589	0.0766886
4302	8589	0.0766886
3795	8590	0.0727554
8589	8590	0.0727554
4737	8591	0.0387631
2474	8591	0.0387631
5631	8592	0.0304792
3418	8592	0.0304792
5523	8593	0.0314129
4205	8593	0.0314129
3472	8594	0.0259214
8593	8594	0.0259214
8594	8595	0.0247619
2544	8595	0.0247619
8595	8596	0.0246077
4608	8596	0.0246077
8592	8597	0.0244934
8596	8597	0.0244934
8597	8598	0.0230847
5510	8598	0.0230847
1899	8599	0.022458
8598	8599	0.022458
3918	8600	0.0221358
8599	8600	0.0221358
2361	8601	0.0220453
8600	8601	0.0220453
8601	8602	0.021326
1295	8602	0.021326
835	8603	0.0330303
2894	8603	0.0330303
4094	8604	0.0433851
913	8604	0.0433851
4124	8605	0.0454928
5196	8605	0.0454928
8605	8606	0.039486
5676	8606	0.039486
8606	8607	0.0320197
4202	8607	0.0320197
8607	8608	0.0275767
2019	8608	0.0275767
2877	8609	0.0256322
8608	8609	0.0256322
8609	8610	0.0228155
3289	8610	0.0228155
3409	8611	0.0260191
2524	8611	0.0260191
3884	8612	0.0432292
483	8612	0.0432292
4769	8613	0.0258476
493	8613	0.0258476
911	8614	0.0423496
496	8614	0.0423496
1344	8615	0.0474073
3905	8615	0.0474073
517	8616	0.0466419
8615	8616	0.0466419
546	8617	0.103457
596	8617	0.103457
8617	8618	0.0605905
5732	8618	0.0605905
5960	8619	0.0589273
8618	8619	0.0589273
6067	8620	0.0215417
2038	8620	0.0215417
3478	8621	0.0813169
3569	8621	0.0813169
2145	8622	0.0535286
4522	8622	0.0535286
3993	8622	0.0535286
2885	8623	0.114675
4896	8623	0.114675
8623	8624	0.0949201
5406	8624	0.0949201
8624	8625	0.0899789
4552	8625	0.0899789
4345	8626	0.0706405
8625	8626	0.0706405
3723	8627	0.0686703
8626	8627	0.0686703
8627	8628	0.0481787
706	8628	0.0481787
5340	8629	0.0283947
8628	8629	0.0283947
3350	8630	0.0945266
4695	8630	0.0945266
5587	8631	0.0595912
2795	8631	0.0595912
8631	8632	0.0588389
8630	8632	0.0588389
4913	8633	0.051918
4857	8633	0.051918
4488	8634	0.0361016
8633	8634	0.0361016
5256	8635	0.0348176
8634	8635	0.0348176
1817	8636	0.0344989
8635	8636	0.0344989
8636	8637	0.0315982
4114	8637	0.0315982
2329	8638	0.0298666
8637	8638	0.0298666
2319	8639	0.026468
8638	8639	0.026468
3142	8640	0.0246467
8639	8640	0.0246467
8640	8641	0.0220358
4306	8641	0.0220358
8632	8642	0.0205173
8641	8642	0.0205173
5373	8643	0.0252786
4154	8643	0.0252786
8643	8644	0.0219123
547	8644	0.0219123
4002	8645	0.0217924
8644	8645	0.0217924
2280	8646	0.110462
4056	8646	0.110462
5763	8647	0.0208205
931	8647	0.0208205
3131	8648	0.0488903
2070	8648	0.0488903
5029	8649	0.0569834
4581	8649	0.0569834
4798	8650	0.0569752
4780	8650	0.0569752
614	8651	0.293069
3539	8651	0.293069
5274	8652	0.140259
3248	8652	0.140259
8652	8653	0.089243
2256	8653	0.089243
2496	8654	0.0575091
2572	8654	0.0575091
4777	8655	0.0469009
8654	8655	0.0469009
8655	8656	0.0211878
8653	8656	0.0211878
3095	8657	0.0984312
620	8657	0.0984312
4905	8658	0.247741
4297	8658	0.247741
4407	8659	0.228573
5402	8659	0.228573
8659	8660	0.0825923
4369	8660	0.0825923
1288	8661	0.0575303
1312	8661	0.0575303
8661	8662	0.0528808
8660	8662	0.0528808
5118	8663	0.263295
2034	8663	0.263295
4934	8664	0.219317
8663	8664	0.219317
3879	8665	0.0377439
2911	8665	0.0377439
2113	8666	0.457205
672	8666	0.457205
3500	8667	0.0511768
881	8667	0.0511768
5599	8668	0.0286959
1082	8668	0.0286959
3122	8669	0.0990136
5178	8669	0.0990136
8669	8670	0.0204633
2522	8670	0.0204633
684	8671	0.0666241
3240	8671	0.0666241
700	8672	0.0296584
5915	8672	0.0296584
712	8673	0.451049
4461	8673	0.451049
8673	8674	0.0978266
5409	8674	0.0978266
5300	8675	0.027318
4902	8675	0.027318
3223	8676	0.0533529
1987	8676	0.0533529
8676	8677	0.0417234
4536	8677	0.0417234
8677	8678	0.0380475
3800	8678	0.0380475
8678	8679	0.0294916
2584	8679	0.0294916
8679	8680	0.023853
2112	8680	0.023853
8680	8681	0.0221346
5181	8681	0.0221346
8681	8682	0.021017
5749	8682	0.021017
726	8683	0.0639557
5715	8683	0.0639557
4371	8684	0.318274
4421	8684	0.318274
8684	8685	0.081848
745	8685	0.081848
755	8686	0.0914882
2356	8686	0.0914882
5443	8687	0.0259468
765	8687	0.0259468
4348	8688	0.0619552
4195	8688	0.0619552
805	8689	0.0609819
1581	8689	0.0609819
8688	8689	0.0609819
8689	8690	0.023511
4710	8690	0.023511
8690	8691	0.0204478
4366	8691	0.0204478
1855	8692	0.0351038
5602	8692	0.0351038
5666	8693	0.106823
5664	8693	0.106823
8693	8694	0.0289013
1262	8694	0.0289013
3065	8695	0.0547464
3968	8695	0.0547464
8695	8696	0.0248308
5102	8696	0.0248308
1021	8697	0.0658295
1378	8697	0.0658295
1518	8698	0.0528955
4685	8698	0.0528955
2601	8699	0.0386729
5679	8699	0.0386729
5238	8700	0.023072
3997	8700	0.023072
2066	8701	0.423672
5731	8701	0.423672
873	8702	0.0645283
3411	8702	0.0645283
1517	8703	0.0275715
2216	8703	0.0275715
8703	8704	0.0230514
876	8704	0.0230514
5529	8705	0.0606635
4360	8705	0.0606635
888	8706	0.0717839
1807	8706	0.0717839
5204	8707	0.0441808
5289	8707	0.0441808
1828	8708	0.043922
8707	8708	0.043922
8708	8709	0.0278031
3962	8709	0.0278031
4958	8710	0.0264353
8709	8710	0.0264353
4745	8711	0.047236
5175	8711	0.047236
2975	8712	0.105197
928	8712	0.105197
5490	8713	0.0781143
8712	8713	0.0781143
5992	8714	0.0636175
930	8714	0.0636175
2531	8715	0.387074
2418	8715	0.387074
3167	8716	0.120711
3377	8716	0.120711
8716	8717	0.037998
958	8717	0.037998
4949	8718	0.113594
985	8718	0.113594
1043	8719	0.082978
2752	8719	0.082978
1919	8720	0.15981
3693	8720	0.15981
3051	8721	0.0295149
5705	8721	0.0295149
8721	8722	0.0210084
1097	8722	0.0210084
4944	8723	0.193442
1944	8723	0.193442
8723	8724	0.0232379
5228	8724	0.0232379
2110	8725	0.0398757
4804	8725	0.0398757
5195	8726	0.268323
4692	8726	0.268323
8726	8727	0.169846
2766	8727	0.169846
4610	8728	0.0323578
2475	8728	0.0323578
3757	8729	0.0393154
2450	8729	0.0393154
3611	8730	0.0647547
2437	8730	0.0647547
1260	8731	0.124426
2321	8731	0.124426
1278	8732	0.285361
3318	8732	0.285361
4188	8733	0.0238486
1339	8733	0.0238486
1418	8734	0.161216
1302	8734	0.161216
1343	8735	0.233551
2247	8735	0.233551
6017	8736	0.0972413
1389	8736	0.0972413
8736	8737	0.0923078
3582	8737	0.0923078
2745	8738	0.0790609
8737	8738	0.0790609
1422	8739	0.0904255
3833	8739	0.0904255
1438	8740	0.0774109
2376	8740	0.0774109
5384	8741	0.0495244
4679	8741	0.0495244
5292	8742	0.0556757
3896	8742	0.0556757
1512	8743	0.0502035
3185	8743	0.0502035
5509	8744	0.0376755
2902	8744	0.0376755
2072	8745	0.13297
1527	8745	0.13297
1891	8746	0.267618
1536	8746	0.267618
5198	8747	0.0401148
1560	8747	0.0401148
5069	8748	0.0392941
8747	8748	0.0392941
3274	8749	0.133459
3863	8749	0.133459
4919	8750	0.0284095
8749	8750	0.0284095
4222	8751	0.0669345
2855	8751	0.0669345
2163	8752	0.0629893
8751	8752	0.0629893
1687	8753	0.111109
5136	8753	0.111109
1699	8754	0.0463105
2923	8754	0.0463105
1732	8755	0.104135
2657	8755	0.104135
1775	8756	0.392114
3060	8756	0.392114
2686	8756	0.392114
3075	8757	0.0305844
5005	8757	0.0305844
5868	8758	0.043807
5230	8758	0.043807
2252	8759	0.0508017
5064	8759	0.0508017
1947	8760	0.0250303
1924	8760	0.0250303
5547	8761	0.0240132
4778	8761	0.0240132
4957	8762	0.0565273
3019	8762	0.0565273
5936	8763	0.0509695
8762	8763	0.0509695
2071	8764	0.0259819
5937	8764	0.0259819
5799	8765	0.0772046
2088	8765	0.0772046
5788	8766	0.0768795
8765	8766	0.0768795
3124	8767	0.0829697
3957	8767	0.0829697
5248	8768	0.0206249
3695	8768	0.0206249
5162	8769	0.149869
2693	8769	0.149869
8769	8770	0.13886
5089	8770	0.13886
2125	8771	0.130529
8770	8771	0.130529
2348	8772	0.108046
8771	8772	0.108046
2956	8773	0.418791
2136	8773	0.418791
2147	8774	0.0317247
3041	8774	0.0317247
2173	8775	0.107848
4465	8775	0.107848
3145	8776	0.197847
5312	8776	0.197847
3825	8777	0.0294186
2513	8777	0.0294186
5795	8778	0.0255097
2794	8778	0.0255097
3626	8779	0.105136
2878	8779	0.105136
5416	8780	0.1036
5721	8780	0.1036
5787	8780	0.1036
2872	8781	0.115507
4265	8781	0.115507
2453	8782	0.105205
8781	8782	0.105205
8782	8783	0.104188
4305	8783	0.104188
2470	8784	0.128687
4246	8784	0.128687
4268	8784	0.128687
5698	8784	0.128687
2632	8785	0.102623
4193	8785	0.102623
4906	8786	0.0205762
5142	8786	0.0205762
5375	8787	0.0708298
3689	8787	0.0708298
5270	8788	0.0741486
3042	8788	0.0741486
3165	8789	0.0318049
5870	8789	0.0318049
5853	8790	0.0562866
3690	8790	0.0562866
6072	8791	0.132384
3635	8791	0.132384
3636	8792	0.152196
3847	8792	0.152196
5169	8793	0.193948
3676	8793	0.193948
4206	8794	0.0275947
4903	8794	0.0275947
5349	8795	0.0214128
8794	8795	0.0214128
4543	8796	0.048419
4290	8796	0.048419
4855	8797	0.388639
4800	8797	0.388639
5160	8798	0.110627
4853	8798	0.110627
5860	8799	0.0653475
4901	8799	0.0653475
5307	8800	0.130186
5272	8800	0.130186
5569	8801	0.0253679
5817	8801	0.0253679
2727	8802	0.0165853
2168	8802	0.0165853
4028	8803	0.0137607
4803	8803	0.0137607
1507	8804	0.0122072
1767	8804	0.0122072
19	8805	0.0107733
708	8805	0.0107733
6127	8806	0.0115137
1882	8806	0.0115137
8806	8807	0.011334
8795	8807	0.011334
4828	8808	0.0114994
506	8808	0.0114994
8808	8809	0.00896055
8807	8809	0.00896055
6223	8810	0.00889974
4191	8810	0.00889974
2857	8811	0.010561
5624	8811	0.010561
6262	8812	0.00991824
8743	8812	0.00991824
5318	8813	0.00862889
3748	8813	0.00862889
8497	8814	0.0111237
2384	8814	0.0111237
8702	8815	0.0179254
3588	8815	0.0179254
3586	8816	0.0199511
943	8816	0.0199511
5099	8817	0.00887575
3904	8817	0.00887575
978	8818	0.0173912
3822	8818	0.0173912
1133	8819	0.00924396
1510	8819	0.00924396
8572	8820	0.0162994
412	8820	0.0162994
3643	8821	0.0116198
4092	8821	0.0116198
6199	8822	0.0123526
4354	8822	0.0123526
3282	8823	0.0118454
8822	8823	0.0118454
4688	8824	0.014764
8646	8824	0.014764
8507	8825	0.00962546
268	8825	0.00962546
8825	8826	0.00925354
4595	8826	0.00925354
4144	8827	0.00984299
5792	8827	0.00984299
4248	8828	0.0129158
8718	8828	0.0129158
3726	8829	0.0116853
8828	8829	0.0116853
4444	8830	0.011632
8829	8830	0.011632
4476	8831	0.0141705
4838	8831	0.0141705
3432	8832	0.0115824
3011	8832	0.0115824
8434	8833	0.0145479
477	8833	0.0145479
5010	8834	0.018921
2907	8834	0.018921
3722	8835	0.0144713
734	8835	0.0144713
2146	8836	0.0150739
8611	8836	0.0150739
4661	8837	0.0159942
8591	8837	0.0159942
5399	8838	0.0138369
4823	8838	0.0138369
8454	8839	0.0158603
175	8839	0.0158603
5989	8840	0.0151395
8839	8840	0.0151395
6120	8841	0.014022
1191	8841	0.014022
3227	8842	0.0137947
6122	8842	0.0137947
3205	8843	0.014884
3386	8843	0.014884
4617	8844	0.0193558
8620	8844	0.0193558
6203	8845	0.0198286
2964	8845	0.0198286
265	8846	0.0190792
87	8846	0.0190792
5568	8847	0.0180139
8846	8847	0.0180139
8847	8848	0.0169115
2117	8848	0.0169115
8848	8849	0.015876
487	8849	0.015876
1701	8850	0.0142582
8849	8850	0.0142582
8850	8851	0.0138446
2412	8851	0.0138446
701	8852	0.0148969
442	8852	0.0148969
1922	8853	0.0148325
8852	8853	0.0148325
4891	8854	0.0168216
4582	8854	0.0168216
8854	8855	0.0167591
5809	8855	0.0167591
3790	8856	0.017672
6149	8856	0.017672
6285	8857	0.0160942
288	8857	0.0160942
5924	8858	0.0189132
5921	8858	0.0189132
5923	8858	0.0189132
5914	8858	0.0189132
8858	8859	0.0188056
5912	8859	0.0188056
8425	8860	0.0161514
2292	8860	0.0161514
93	8861	0.0195867
8670	8861	0.0195867
2287	8862	0.0184945
2896	8862	0.0184945
8502	8863	0.0176011
8862	8863	0.0176011
3983	8864	0.0194721
8500	8864	0.0194721
8342	8865	0.0200773
4547	8865	0.0200773
8865	8866	0.0200757
5423	8866	0.0200757
8866	8867	0.0200607
5893	8867	0.0200607
4319	8868	0.0200318
8867	8868	0.0200318
8868	8869	0.0200215
953	8869	0.0200215
2447	8870	0.0200186
8869	8870	0.0200186
2983	8871	0.0199795
8870	8871	0.0199795
3272	8872	0.0199605
8871	8872	0.0199605
2124	8873	0.0199556
8872	8873	0.0199556
8873	8874	0.0199423
677	8874	0.0199423
8874	8875	0.0199356
1612	8875	0.0199356
1148	8876	0.0199333
8875	8876	0.0199333
3170	8877	0.0199244
8876	8877	0.0199244
8877	8878	0.0199213
1320	8878	0.0199213
8878	8879	0.0199203
5425	8879	0.0199203
115	8880	0.0199156
8879	8880	0.0199156
8880	8881	0.0198519
8527	8881	0.0198519
8881	8882	0.0198504
5199	8882	0.0198504
2839	8882	0.0198504
871	8883	0.0198398
8882	8883	0.0198398
8883	8884	0.0198243
3936	8884	0.0198243
8530	8885	0.0198186
4970	8885	0.0198186
83	8886	0.0197527
6109	8886	0.0197527
8884	8887	0.019809
1218	8887	0.019809
8887	8888	0.0197934
8427	8888	0.0197934
5707	8888	0.0197934
6161	8889	0.0197821
8888	8889	0.0197821
8885	8889	0.0197821
499	8889	0.0197821
8886	8890	0.0197438
8889	8890	0.0197438
3228	8891	0.0197371
8890	8891	0.0197371
8891	8892	0.0197328
5527	8892	0.0197328
6095	8893	0.0197249
8892	8893	0.0197249
8893	8894	0.0197231
8519	8894	0.0197231
8894	8895	0.0197135
1830	8895	0.0197135
8895	8896	0.0197124
4420	8896	0.0197124
8896	8897	0.0197042
1634	8897	0.0197042
6250	8898	0.0197026
8897	8898	0.0197026
8898	8899	0.0197012
2399	8899	0.0197012
8899	8900	0.0196821
2068	8900	0.0196821
2594	8901	0.0196751
8900	8901	0.0196751
8901	8902	0.0196598
2404	8902	0.0196598
3405	8903	0.0196487
8902	8903	0.0196487
6248	8904	0.0196476
8903	8904	0.0196476
8602	8905	0.019719
5534	8905	0.019719
8904	8906	0.0196284
2870	8906	0.0196284
6063	8906	0.0196284
8906	8907	0.0196277
3159	8907	0.0196277
8907	8908	0.0196202
2925	8908	0.0196202
8908	8909	0.019582
1033	8909	0.019582
1196	8910	0.0195735
8909	8910	0.0195735
8910	8911	0.0195706
8905	8911	0.0195706
294	8912	0.0195618
8911	8912	0.0195618
8912	8913	0.0195432
1515	8913	0.0195432
8913	8914	0.0195408
5871	8914	0.0195408
8914	8915	0.0195349
2691	8915	0.0195349
8915	8916	0.0195266
695	8916	0.0195266
5800	8917	0.0195179
8916	8917	0.0195179
8917	8918	0.0195104
4825	8918	0.0195104
8918	8919	0.0195092
5494	8919	0.0195092
8919	8920	0.0195033
699	8920	0.0195033
8920	8921	0.0194825
1443	8921	0.0194825
8921	8922	0.0194708
3328	8922	0.0194708
8922	8923	0.0194319
4165	8923	0.0194319
6136	8924	0.019428
8923	8924	0.019428
6117	8925	0.0194219
8924	8925	0.0194219
8925	8926	0.0194136
8440	8926	0.0194136
3861	8927	0.0194043
8926	8927	0.0194043
8927	8928	0.0193957
5054	8928	0.0193957
8928	8929	0.0193823
8691	8929	0.0193823
8929	8930	0.019373
8786	8930	0.019373
4241	8931	0.0193719
8930	8931	0.0193719
8931	8932	0.0193568
4322	8932	0.0193568
8932	8933	0.0193365
3603	8933	0.0193365
2246	8933	0.0193365
4065	8933	0.0193365
8761	8933	0.0193365
3310	8934	0.0193278
8933	8934	0.0193278
8934	8935	0.0193225
4204	8935	0.0193225
2138	8936	0.0192863
8935	8936	0.0192863
6128	8937	0.0192843
8936	8937	0.0192843
3728	8938	0.0192823
8937	8938	0.0192823
1655	8939	0.0192667
8938	8939	0.0192667
8939	8940	0.019263
2095	8940	0.019263
1332	8941	0.0192528
8940	8941	0.0192528
4438	8942	0.0192462
8941	8942	0.0192462
8942	8943	0.0192384
8700	8943	0.0192384
8943	8944	0.0192277
14	8944	0.0192277
4590	8945	0.019227
8944	8945	0.019227
8945	8946	0.0192185
8489	8946	0.0192185
193	8947	0.0192173
8946	8947	0.0192173
8947	8948	0.0192137
2951	8948	0.0192137
8948	8949	0.0191811
5592	8949	0.0191811
8949	8950	0.0191802
3119	8950	0.0191802
8950	8951	0.0191755
2400	8951	0.0191755
3414	8952	0.0191698
8951	8952	0.0191698
8952	8953	0.0191622
3782	8953	0.0191622
8953	8954	0.0191449
3229	8954	0.0191449
8954	8955	0.0191381
3670	8955	0.0191381
8955	8956	0.0191374
1715	8956	0.0191374
3545	8957	0.0191235
8956	8957	0.0191235
5245	8958	0.0191119
8957	8958	0.0191119
8958	8959	0.0190985
4347	8959	0.0190985
8959	8960	0.0190974
2119	8960	0.0190974
5041	8961	0.0190952
8960	8961	0.0190952
8961	8962	0.0190688
2998	8962	0.0190688
398	8962	0.0190688
8962	8963	0.0190554
5567	8963	0.0190554
961	8964	0.019054
8963	8964	0.019054
8964	8965	0.0190498
3278	8965	0.0190498
8965	8966	0.0190228
1799	8966	0.0190228
808	8967	0.0190157
8966	8967	0.0190157
1542	8968	0.0190086
8967	8968	0.0190086
8430	8969	0.019391
8460	8969	0.019391
8562	8970	0.0200789
3358	8970	0.0200789
8729	8971	0.0198364
8970	8971	0.0198364
8763	8972	0.0194416
5890	8972	0.0194416
3483	8973	0.0187741
6209	8973	0.0187741
8968	8974	0.019005
8403	8974	0.019005
6100	8975	0.0189947
8974	8975	0.0189947
8563	8976	0.0189819
8975	8976	0.0189819
8976	8977	0.01898
1265	8977	0.01898
8977	8978	0.0189791
4173	8978	0.0189791
8864	8979	0.0189773
8978	8979	0.0189773
8979	8980	0.0189715
4792	8980	0.0189715
4024	8981	0.0189667
8980	8981	0.0189667
1451	8982	0.0189532
8981	8982	0.0189532
8982	8983	0.0189467
1240	8983	0.0189467
6079	8984	0.0189435
8983	8984	0.0189435
1009	8985	0.0189195
8984	8985	0.0189195
6252	8986	0.0188875
8985	8986	0.0188875
6154	8987	0.018882
8986	8987	0.018882
5043	8988	0.018878
8987	8988	0.018878
8988	8989	0.0188599
1751	8989	0.0188599
8989	8990	0.0188548
3535	8990	0.0188548
146	8991	0.0188506
8990	8991	0.0188506
8991	8992	0.0188472
5831	8992	0.0188472
8992	8993	0.0188464
8381	8993	0.0188464
8969	8993	0.0188464
8642	8993	0.0188464
2892	8993	0.0188464
536	8993	0.0188464
8993	8994	0.0188419
8505	8994	0.0188419
8994	8995	0.0188399
4033	8995	0.0188399
8995	8996	0.0188352
2217	8996	0.0188352
565	8996	0.0188352
3014	8997	0.0188322
8996	8997	0.0188322
8482	8998	0.0188084
8997	8998	0.0188084
3964	8998	0.0188084
8998	8999	0.0188074
8	8999	0.0188074
8999	9000	0.0188045
5846	9000	0.0188045
866	9001	0.0187914
9000	9001	0.0187914
9001	9002	0.0187888
4261	9002	0.0187888
9002	9003	0.0187751
8971	9003	0.0187751
2478	9004	0.018737
9003	9004	0.018737
9004	9005	0.0187292
5946	9005	0.0187292
3661	9006	0.0187135
9005	9006	0.0187135
9006	9007	0.0186885
5139	9007	0.0186885
9007	9008	0.0186817
4022	9008	0.0186817
3243	9009	0.0186741
9008	9009	0.0186741
9009	9010	0.0186702
1185	9010	0.0186702
9010	9011	0.0186625
2807	9011	0.0186625
9011	9012	0.0186576
5755	9012	0.0186576
2504	9013	0.01863
9012	9013	0.01863
6238	9014	0.0186246
9013	9014	0.0186246
403	9015	0.0186215
9014	9015	0.0186215
2648	9016	0.0186205
9015	9016	0.0186205
6204	9017	0.0186168
9016	9017	0.0186168
9017	9018	0.018613
2169	9018	0.018613
1382	9019	0.0185986
9018	9019	0.0185986
2987	9020	0.0185595
9019	9020	0.0185595
6143	9021	0.0185482
9020	9021	0.0185482
9021	9022	0.0185331
3341	9022	0.0185331
4289	9023	0.0183964
5091	9023	0.0183964
9022	9024	0.0185232
5582	9024	0.0185232
9024	9025	0.0185222
1544	9025	0.0185222
9025	9026	0.0185099
1680	9026	0.0185099
6119	9027	0.0184691
9026	9027	0.0184691
3202	9028	0.018467
9027	9028	0.018467
2598	9028	0.018467
107	9029	0.0184594
9028	9029	0.0184594
6085	9030	0.0184306
9029	9030	0.0184306
6242	9031	0.0184268
9030	9031	0.0184268
6243	9032	0.0184261
9031	9032	0.0184261
9032	9033	0.0184178
5848	9033	0.0184178
6189	9034	0.0184022
9033	9034	0.0184022
9034	9035	0.0183971
8972	9035	0.0183971
3139	9036	0.018379
9035	9036	0.018379
1409	9037	0.0183639
9036	9037	0.0183639
5302	9038	0.0183612
9037	9038	0.0183612
9038	9039	0.0183526
1773	9039	0.0183526
5651	9040	0.0183507
9039	9040	0.0183507
1477	9041	0.0183278
9040	9041	0.0183278
9041	9042	0.0183202
5577	9042	0.0183202
9042	9043	0.0183074
1856	9043	0.0183074
9043	9044	0.0182684
1030	9044	0.0182684
3368	9045	0.0182475
9044	9045	0.0182475
5824	9046	0.0182352
9045	9046	0.0182352
9046	9047	0.0182293
917	9047	0.0182293
9047	9048	0.0182237
169	9048	0.0182237
1122	9049	0.018222
9048	9049	0.018222
9049	9050	0.0181903
5604	9050	0.0181903
9050	9051	0.0181741
8410	9051	0.0181741
4638	9051	0.0181741
9051	9052	0.0181681
3436	9052	0.0181681
9052	9053	0.0181627
1702	9053	0.0181627
9053	9054	0.0181483
315	9054	0.0181483
3633	9055	0.0181357
9054	9055	0.0181357
9055	9056	0.0181306
2049	9056	0.0181306
3402	9057	0.0181265
9056	9057	0.0181265
8446	9058	0.018115
9057	9058	0.018115
9058	9059	0.0181072
5714	9059	0.0181072
6177	9060	0.0180951
9059	9060	0.0180951
5430	9061	0.0180874
9060	9061	0.0180874
9061	9062	0.0180719
350	9062	0.0180719
9062	9063	0.0180708
5053	9063	0.0180708
9063	9064	0.01807
130	9064	0.01807
6176	9065	0.0180635
9064	9065	0.0180635
9065	9066	0.0180523
2060	9066	0.0180523
9066	9067	0.0180503
4866	9067	0.0180503
6124	9068	0.0180447
9023	9068	0.0180447
9067	9068	0.0180447
9068	9069	0.0180171
1983	9069	0.0180171
8973	9070	0.0179836
9069	9070	0.0179836
9070	9071	0.0179786
1785	9071	0.0179786
2937	9072	0.0179501
9071	9072	0.0179501
9072	9073	0.0179331
2452	9073	0.0179331
9073	9074	0.0179176
2520	9074	0.0179176
9074	9075	0.0179169
1159	9075	0.0179169
2530	9076	0.0178845
9075	9076	0.0178845
8357	9077	0.0182896
5926	9077	0.0182896
4468	9078	0.0180408
8401	9078	0.0180408
495	9079	0.0179237
1162	9079	0.0179237
8545	9080	0.0185621
2571	9080	0.0185621
8573	9081	0.0199945
3088	9081	0.0199945
9081	9082	0.0193175
711	9082	0.0193175
1848	9083	0.0193043
4062	9083	0.0193043
9082	9084	0.0190617
3751	9084	0.0190617
9083	9085	0.018776
9084	9085	0.018776
9085	9086	0.0187522
3234	9086	0.0187522
9086	9087	0.0187305
6066	9087	0.0187305
8696	9088	0.0199156
3686	9088	0.0199156
8704	9089	0.0196861
1047	9089	0.0196861
9089	9090	0.0187073
1696	9090	0.0187073
8720	9091	0.0193389
1095	9091	0.0193389
5090	9092	0.017994
3221	9092	0.017994
5365	9093	0.0193568
4900	9093	0.0193568
4992	9094	0.0189021
6001	9094	0.0189021
476	9095	0.01699
1081	9095	0.01699
9088	9096	0.0171164
1954	9096	0.0171164
6268	9097	0.0178811
9076	9097	0.0178811
9097	9098	0.0178673
68	9098	0.0178673
1829	9099	0.017799
9098	9099	0.017799
2754	9100	0.0177963
9099	9100	0.0177963
4146	9100	0.0177963
80	9101	0.0177936
9100	9101	0.0177936
896	9102	0.0177735
9101	9102	0.0177735
9102	9103	0.0177697
3316	9103	0.0177697
6235	9104	0.0177561
9103	9104	0.0177561
9104	9105	0.0177222
184	9105	0.0177222
9105	9106	0.0177162
837	9106	0.0177162
1671	9106	0.0177162
48	9107	0.017683
9106	9107	0.017683
9107	9108	0.0176774
4805	9108	0.0176774
9108	9109	0.0176764
4759	9109	0.0176764
5171	9109	0.0176764
9109	9110	0.0176649
3294	9110	0.0176649
9110	9111	0.0176503
3596	9111	0.0176503
1632	9112	0.0176495
5572	9112	0.0176495
9111	9112	0.0176495
9112	9113	0.017648
9092	9113	0.017648
6167	9114	0.0176411
9113	9114	0.0176411
3203	9114	0.0176411
9114	9115	0.0176296
8376	9115	0.0176296
3642	9116	0.0176257
9115	9116	0.0176257
2749	9117	0.0176144
9116	9117	0.0176144
2924	9118	0.0176106
9117	9118	0.0176106
2413	9118	0.0176106
9118	9119	0.0176095
3226	9119	0.0176095
6026	9120	0.0175895
9119	9120	0.0175895
9090	9121	0.0178345
2177	9121	0.0178345
5303	9122	0.0175632
9120	9122	0.0175632
8478	9122	0.0175632
9122	9123	0.0175533
9121	9123	0.0175533
9123	9124	0.017539
5741	9124	0.017539
181	9125	0.0175363
9124	9125	0.0175363
8452	9126	0.0175352
9125	9126	0.0175352
3780	9127	0.0175277
9126	9127	0.0175277
9127	9128	0.0175236
2209	9128	0.0175236
4705	9129	0.0175057
9128	9129	0.0175057
9129	9130	0.0174876
1620	9130	0.0174876
855	9131	0.0174798
9130	9131	0.0174798
3147	9132	0.0174722
9131	9132	0.0174722
9132	9133	0.0174693
3858	9133	0.0174693
9133	9134	0.0174666
3602	9134	0.0174666
9134	9135	0.0174589
3549	9135	0.0174589
9135	9136	0.0174479
1729	9136	0.0174479
4349	9137	0.0174246
9136	9137	0.0174246
2655	9138	0.0174199
9137	9138	0.0174199
8758	9139	0.017386
9138	9139	0.017386
2505	9139	0.017386
5596	9140	0.0173644
9139	9140	0.0173644
6089	9141	0.0173621
9140	9141	0.0173621
430	9142	0.0173569
9141	9142	0.0173569
1678	9143	0.0175709
9078	9143	0.0175709
9143	9144	0.0173884
1393	9144	0.0173884
8685	9145	0.0174273
4275	9145	0.0174273
9142	9146	0.0173559
3081	9146	0.0173559
9146	9147	0.0173531
9077	9147	0.0173531
9147	9148	0.017351
3709	9148	0.017351
9148	9149	0.0173378
1225	9149	0.0173378
1301	9150	0.0173264
6239	9150	0.0173264
9149	9150	0.0173264
8413	9151	0.0172951
9150	9151	0.0172951
2192	9151	0.0172951
9151	9152	0.0172913
5330	9152	0.0172913
9152	9153	0.017267
1586	9153	0.017267
4105	9154	0.0172539
9153	9154	0.0172539
578	9155	0.0172481
9154	9155	0.0172481
9155	9156	0.0172386
766	9156	0.0172386
1238	9157	0.0172356
9156	9157	0.0172356
3568	9158	0.0172148
9157	9158	0.0172148
5295	9158	0.0172148
8561	9159	0.0172117
9158	9159	0.0172117
2931	9159	0.0172117
9159	9160	0.0172109
2201	9160	0.0172109
5586	9160	0.0172109
9160	9161	0.0171747
649	9161	0.0171747
2832	9162	0.0171554
9161	9162	0.0171554
9162	9163	0.0171532
2557	9163	0.0171532
3327	9164	0.0171357
9163	9164	0.0171357
9164	9165	0.0171297
3814	9165	0.0171297
9165	9166	0.0171119
2279	9166	0.0171119
9166	9167	0.0171089
1725	9167	0.0171089
3761	9168	0.0171076
9167	9168	0.0171076
9168	9169	0.0170945
9144	9169	0.0170945
2890	9170	0.0170926
1232	9170	0.0170926
9169	9170	0.0170926
1748	9170	0.0170926
3148	9171	0.0170697
6112	9171	0.0170697
9170	9171	0.0170697
9171	9172	0.0170444
9093	9172	0.0170444
9172	9173	0.017037
1608	9173	0.017037
9173	9174	0.0170288
1535	9174	0.0170288
9174	9175	0.017024
9145	9175	0.017024
2115	9176	0.0170128
9175	9176	0.0170128
108	9177	0.0169954
9176	9177	0.0169954
394	9178	0.0169944
9177	9178	0.0169944
2978	9178	0.0169944
1484	9179	0.01699
9178	9179	0.01699
1541	9179	0.01699
9179	9180	0.0169832
141	9180	0.0169832
8710	9181	0.0169686
9180	9181	0.0169686
9181	9182	0.0169658
4751	9182	0.0169658
9182	9183	0.0169251
2108	9183	0.0169251
9183	9184	0.0169107
3742	9184	0.0169107
9184	9185	0.0169084
3627	9185	0.0169084
1152	9185	0.0169084
8510	9186	0.0169041
9185	9186	0.0169041
9186	9187	0.0168956
5236	9187	0.0168956
9187	9188	0.0168925
4995	9188	0.0168925
9188	9189	0.0168887
2711	9189	0.0168887
9189	9190	0.0168857
223	9190	0.0168857
5533	9190	0.0168857
9190	9191	0.0168774
3375	9191	0.0168774
6121	9192	0.0168733
9191	9192	0.0168733
9192	9193	0.0168708
2001	9193	0.0168708
9193	9194	0.0168611
852	9194	0.0168611
9194	9195	0.0168558
3778	9195	0.0168558
109	9196	0.0170078
749	9196	0.0170078
861	9197	0.0177765
2222	9197	0.0177765
4125	9198	0.0177594
4413	9198	0.0177594
9198	9199	0.0169713
2288	9199	0.0169713
4344	9200	0.0176095
3143	9200	0.0176095
1138	9201	0.0174739
1758	9201	0.0174739
2025	9202	0.0177535
1474	9202	0.0177535
9195	9203	0.0168466
9094	9203	0.0168466
9203	9204	0.016839
9079	9204	0.016839
9204	9205	0.0168352
3589	9205	0.0168352
3903	9205	0.0168352
9205	9206	0.0168277
3697	9206	0.0168277
9206	9207	0.0168189
3641	9207	0.0168189
6219	9208	0.0168096
9207	9208	0.0168096
1233	9208	0.0168096
9208	9209	0.0168073
924	9209	0.0168073
3191	9210	0.0167997
9209	9210	0.0167997
9210	9211	0.0167922
2030	9211	0.0167922
6283	9212	0.0167839
9211	9212	0.0167839
9212	9213	0.0167811
3915	9213	0.0167811
9213	9214	0.0167663
9087	9214	0.0167663
9214	9215	0.0167636
9202	9215	0.0167636
9215	9216	0.0167601
2990	9216	0.0167601
8348	9217	0.0167405
9216	9217	0.0167405
9091	9217	0.0167405
1415	9217	0.0167405
242	9218	0.0167402
9217	9218	0.0167402
4659	9219	0.0167373
9218	9219	0.0167373
5437	9220	0.0167332
9219	9220	0.0167332
3237	9221	0.0167237
9220	9221	0.0167237
9221	9222	0.01672
5583	9222	0.01672
9222	9223	0.0167083
4014	9223	0.0167083
4472	9224	0.0167054
9223	9224	0.0167054
9096	9225	0.0166968
9224	9225	0.0166968
4873	9226	0.0166921
9225	9226	0.0166921
9226	9227	0.0166701
5397	9227	0.0166701
9227	9228	0.0166342
5564	9228	0.0166342
9228	9229	0.0166273
2732	9229	0.0166273
9095	9230	0.0166149
9229	9230	0.0166149
9230	9231	0.0166053
10	9231	0.0166053
3280	9232	0.0166026
9231	9232	0.0166026
9232	9233	0.0165892
3463	9233	0.0165892
9233	9234	0.0165853
5888	9234	0.0165853
884	9235	0.0165797
9234	9235	0.0165797
9235	9236	0.0165574
9199	9236	0.0165574
4869	9237	0.0165404
9236	9237	0.0165404
6240	9238	0.0165359
9237	9238	0.0165359
6256	9239	0.0165314
9238	9239	0.0165314
2936	9240	0.0165015
9239	9240	0.0165015
9240	9241	0.0164997
4340	9241	0.0164997
9241	9242	0.0164681
2737	9242	0.0164681
9242	9243	0.0164603
1574	9243	0.0164603
9243	9244	0.0164576
4925	9244	0.0164576
9244	9245	0.0164543
279	9245	0.0164543
2391	9246	0.0164468
9245	9246	0.0164468
4541	9247	0.016424
9246	9247	0.016424
9247	9248	0.0164212
4098	9248	0.0164212
9248	9249	0.0164207
9196	9249	0.0164207
4672	9250	0.0168162
3701	9250	0.0168162
9080	9251	0.0166425
1652	9251	0.0166425
9251	9252	0.0165947
2709	9252	0.0165947
9249	9253	0.0164196
2040	9253	0.0164196
9253	9254	0.0164153
4762	9254	0.0164153
9254	9255	0.0164001
3721	9255	0.0164001
9255	9256	0.016387
9200	9256	0.016387
4364	9257	0.0163819
9256	9257	0.0163819
6198	9258	0.016341
9257	9258	0.016341
9258	9259	0.0163297
5151	9259	0.0163297
9259	9260	0.016329
4706	9260	0.016329
9260	9261	0.0163219
906	9261	0.0163219
3777	9262	0.0163126
9261	9262	0.0163126
9262	9263	0.0163117
8577	9263	0.0163117
9263	9264	0.01631
9252	9264	0.01631
9264	9265	0.0163002
416	9265	0.0163002
9265	9266	0.0162944
4952	9266	0.0162944
9266	9267	0.016285
2433	9267	0.016285
5560	9268	0.0162797
9267	9268	0.0162797
9268	9269	0.0162564
1131	9269	0.0162564
9269	9270	0.0162525
1686	9270	0.0162525
9270	9271	0.0162457
2785	9271	0.0162457
9271	9272	0.016243
2926	9272	0.016243
9272	9273	0.0162183
9201	9273	0.0162183
9273	9274	0.0162125
2695	9274	0.0162125
5241	9275	0.0161839
9274	9275	0.0161839
218	9276	0.0161799
9275	9276	0.0161799
6272	9277	0.0161743
9276	9277	0.0161743
9277	9278	0.0161443
9250	9278	0.0161443
4473	9279	0.0161439
9278	9279	0.0161439
9279	9280	0.0161306
2240	9280	0.0161306
9280	9281	0.0161254
6020	9281	0.0161254
6142	9282	0.0161246
9281	9282	0.0161246
6237	9283	0.0161153
9282	9283	0.0161153
1615	9284	0.0161142
9283	9284	0.0161142
1147	9284	0.0161142
9284	9285	0.0161002
5909	9285	0.0161002
8409	9286	0.0160971
1921	9286	0.0160971
9285	9287	0.0160961
1387	9287	0.0160961
9287	9288	0.0160902
1708	9288	0.0160902
834	9289	0.0160848
9288	9289	0.0160848
9289	9290	0.0160799
1261	9290	0.0160799
6226	9291	0.0160751
9290	9291	0.0160751
9291	9292	0.0160733
5536	9292	0.0160733
9292	9293	0.0160687
5224	9293	0.0160687
6134	9294	0.0160618
9293	9294	0.0160618
5561	9294	0.0160618
9294	9295	0.0160495
9286	9295	0.0160495
9295	9296	0.0160444
2767	9296	0.0160444
9296	9297	0.0160377
9197	9297	0.0160377
524	9297	0.0160377
4524	9298	0.0184098
4134	9298	0.0184098
878	9299	0.0161354
2856	9299	0.0161354
1951	9300	0.016055
9299	9300	0.016055
8364	9301	0.0189636
772	9301	0.0189636
9301	9302	0.0185438
4181	9302	0.0185438
4080	9303	0.0176376
9302	9303	0.0176376
9303	9304	0.0174495
1846	9304	0.0174495
9304	9305	0.0169393
600	9305	0.0169393
1670	9306	0.0163248
9305	9306	0.0163248
8367	9307	0.0173837
36	9307	0.0173837
8553	9308	0.017846
1832	9308	0.017846
8422	9309	0.0161886
5039	9309	0.0161886
3640	9310	0.0172424
5112	9310	0.0172424
154	9311	0.0166398
5457	9311	0.0166398
2941	9312	0.0183745
5550	9312	0.0183745
8467	9313	0.0166194
5019	9313	0.0166194
5276	9313	0.0166194
1923	9313	0.0166194
2090	9314	0.0188007
5863	9314	0.0188007
1776	9315	0.0168538
9314	9315	0.0168538
9315	9316	0.0160459
4725	9316	0.0160459
334	9317	0.0190758
2094	9317	0.0190758
8603	9318	0.0171549
1888	9318	0.0171549
2445	9319	0.0195745
8610	9319	0.0195745
9319	9320	0.0173895
1728	9320	0.0173895
9320	9321	0.0164308
4749	9321	0.0164308
1421	9322	0.020074
8613	9322	0.020074
9322	9323	0.018554
2651	9323	0.018554
531	9324	0.017086
2913	9324	0.017086
8645	9325	0.0179515
1119	9325	0.0179515
9325	9326	0.0176244
3488	9326	0.0176244
2289	9327	0.0168828
2880	9327	0.0168828
8682	9328	0.0195322
718	9328	0.0195322
1211	9329	0.0177553
756	9329	0.0177553
4923	9330	0.0197141
1645	9330	0.0197141
4830	9331	0.0162687
3397	9331	0.0162687
4898	9332	0.0162545
4474	9332	0.0162545
8586	9333	0.014693
8587	9333	0.014693
9298	9334	0.0157388
9300	9334	0.0157388
8350	9335	0.0156584
9334	9335	0.0156584
1155	9336	0.0156577
773	9336	0.0156577
2547	9337	0.0159951
6091	9337	0.0159951
9337	9338	0.0156983
1200	9338	0.0156983
6261	9339	0.0160327
9297	9339	0.0160327
1457	9340	0.0160305
9339	9340	0.0160305
8352	9341	0.0160139
9340	9341	0.0160139
9327	9341	0.0160139
5445	9341	0.0160139
8411	9342	0.0159951
9341	9342	0.0159951
9342	9343	0.0159921
3875	9343	0.0159921
6179	9344	0.0159912
9343	9344	0.0159912
9344	9345	0.0159876
9312	9345	0.0159876
1188	9346	0.0159796
9345	9346	0.0159796
6148	9347	0.0159636
9346	9347	0.0159636
1746	9348	0.015956
9347	9348	0.015956
9348	9349	0.0159442
452	9349	0.0159442
1579	9350	0.0159394
9349	9350	0.0159394
3759	9351	0.0159367
9350	9351	0.0159367
9351	9352	0.0159196
5812	9352	0.0159196
9352	9353	0.015914
462	9353	0.015914
3396	9354	0.0158832
9353	9354	0.0158832
9354	9355	0.0158795
2242	9355	0.0158795
4122	9356	0.0158457
9355	9356	0.0158457
9356	9357	0.0158348
9308	9357	0.0158348
1426	9357	0.0158348
71	9357	0.0158348
257	9358	0.0158225
9357	9358	0.0158225
9358	9359	0.0157824
3765	9359	0.0157824
3255	9360	0.0157795
9359	9360	0.0157795
3059	9360	0.0157795
9360	9361	0.0157775
9323	9361	0.0157775
9361	9362	0.015775
2861	9362	0.015775
9362	9363	0.015769
2002	9363	0.015769
3623	9363	0.015769
9363	9364	0.0157612
63	9364	0.0157612
2	9365	0.0157508
9364	9365	0.0157508
9365	9366	0.0157375
811	9366	0.0157375
9366	9367	0.0157344
9330	9367	0.0157344
396	9368	0.0157206
9367	9368	0.0157206
9368	9369	0.0157099
3302	9369	0.0157099
9369	9370	0.0157059
1066	9370	0.0157059
9370	9371	0.0156907
3245	9371	0.0156907
9371	9372	0.015666
4556	9372	0.015666
8859	9373	0.015665
9372	9373	0.015665
8856	9374	0.0156534
9373	9374	0.0156534
9374	9375	0.0156431
1934	9375	0.0156431
9375	9376	0.0156424
4668	9376	0.0156424
2758	9377	0.0156354
9376	9377	0.0156354
8772	9378	0.015621
9377	9378	0.015621
4663	9379	0.0156202
9378	9379	0.0156202
9379	9380	0.0156062
2160	9380	0.0156062
9380	9381	0.015605
1117	9381	0.015605
3794	9382	0.0155925
9381	9382	0.0155925
1900	9382	0.0155925
9382	9383	0.0155896
3401	9383	0.0155896
9383	9384	0.0155868
1044	9384	0.0155868
9384	9385	0.0155726
2057	9385	0.0155726
9338	9386	0.0155719
9385	9386	0.0155719
9386	9387	0.0155702
503	9387	0.0155702
1089	9387	0.0155702
2805	9387	0.0155702
9387	9388	0.0155621
4715	9388	0.0155621
9388	9389	0.0155471
1244	9389	0.0155471
9389	9390	0.0155459
3190	9390	0.0155459
3776	9391	0.0155383
9390	9391	0.0155383
9391	9392	0.0155336
359	9392	0.0155336
9392	9393	0.0155088
1522	9393	0.0155088
8498	9394	0.0155058
9393	9394	0.0155058
9394	9395	0.0155019
1880	9395	0.0155019
9395	9396	0.0154963
110	9396	0.0154963
157	9396	0.0154963
9396	9397	0.0154897
5147	9397	0.0154897
9397	9398	0.0154772
2204	9398	0.0154772
9398	9399	0.0154706
4954	9399	0.0154706
9399	9400	0.0154685
9306	9400	0.0154685
5808	9401	0.0154541
9400	9401	0.0154541
9401	9402	0.0154532
4573	9402	0.0154532
9316	9402	0.0154532
8863	9403	0.0154358
9402	9403	0.0154358
1395	9404	0.0154273
9403	9404	0.0154273
479	9404	0.0154273
9404	9405	0.0154193
1402	9405	0.0154193
9405	9406	0.0154181
2631	9406	0.0154181
2550	9407	0.0154162
9406	9407	0.0154162
9407	9408	0.0154066
2238	9408	0.0154066
5433	9409	0.0153973
9408	9409	0.0153973
3476	9410	0.0153913
9409	9410	0.0153913
9410	9411	0.0153867
4690	9411	0.0153867
3657	9412	0.0153731
9411	9412	0.0153731
4758	9413	0.0153422
9412	9413	0.0153422
9413	9414	0.0153331
1524	9414	0.0153331
9414	9415	0.0153322
2026	9415	0.0153322
6287	9416	0.0153238
9415	9416	0.0153238
9416	9417	0.0153139
1825	9417	0.0153139
6215	9418	0.0153014
9417	9418	0.0153014
9418	9419	0.0152997
1462	9419	0.0152997
5294	9420	0.0152913
9419	9420	0.0152913
9420	9421	0.0152872
1804	9421	0.0152872
9421	9422	0.0152703
4145	9422	0.0152703
9422	9423	0.0152616
2818	9423	0.0152616
3746	9424	0.0152595
9423	9424	0.0152595
4172	9425	0.0152493
9424	9425	0.0152493
980	9426	0.015518
9313	9426	0.015518
9318	9427	0.015626
4187	9427	0.015626
4281	9428	0.0157888
3009	9428	0.0157888
9425	9429	0.0152396
2746	9429	0.0152396
6253	9430	0.0152322
9429	9430	0.0152322
9430	9431	0.0152094
134	9431	0.0152094
9431	9432	0.0151987
2576	9432	0.0151987
1821	9432	0.0151987
9432	9433	0.0151968
4435	9433	0.0151968
370	9433	0.0151968
9433	9434	0.0151882
3152	9434	0.0151882
3175	9435	0.0151764
9434	9435	0.0151764
9435	9436	0.0151538
3887	9436	0.0151538
4255	9436	0.0151538
9436	9437	0.0151264
4720	9437	0.0151264
9437	9438	0.0151255
2291	9438	0.0151255
8368	9439	0.0151234
9438	9439	0.0151234
3420	9440	0.0151101
1936	9440	0.0151101
9439	9440	0.0151101
6135	9441	0.0151053
9440	9441	0.0151053
4996	9442	0.0150982
9441	9442	0.0150982
9442	9443	0.0150965
5320	9443	0.0150965
8612	9444	0.0150947
9443	9444	0.0150947
2199	9445	0.0150804
9444	9445	0.0150804
9445	9446	0.0150594
4662	9446	0.0150594
5197	9447	0.0150577
9446	9447	0.0150577
8520	9448	0.0150545
9447	9448	0.0150545
9448	9449	0.0150508
5367	9449	0.0150508
9449	9450	0.0150423
1428	9450	0.0150423
8741	9451	0.0150785
4633	9451	0.0150785
6224	9452	0.0150088
9450	9452	0.0150088
9452	9453	0.0150004
1338	9453	0.0150004
6028	9454	0.0149967
3208	9454	0.0149967
9453	9454	0.0149967
9454	9455	0.014987
537	9455	0.014987
883	9456	0.0149672
9455	9456	0.0149672
9456	9457	0.0149454
3485	9457	0.0149454
5033	9458	0.0149441
9457	9458	0.0149441
9458	9459	0.0149404
204	9459	0.0149404
9459	9460	0.0149341
1498	9460	0.0149341
9460	9461	0.0149119
415	9461	0.0149119
9461	9462	0.0149093
2939	9462	0.0149093
9462	9463	0.014909
9451	9463	0.014909
5103	9464	0.0149051
9463	9464	0.0149051
5565	9465	0.0149017
9464	9465	0.0149017
2760	9466	0.0148984
9465	9466	0.0148984
9466	9467	0.014892
865	9467	0.014892
6005	9467	0.014892
8857	9468	0.0148745
9467	9468	0.0148745
9468	9469	0.014863
9332	9469	0.014863
2273	9470	0.0148468
9469	9470	0.0148468
9470	9471	0.0148268
9427	9471	0.0148268
4481	9471	0.0148268
9471	9472	0.0148201
1497	9472	0.0148201
9472	9473	0.0148182
6	9473	0.0148182
9473	9474	0.0148163
4875	9474	0.0148163
9474	9475	0.0148125
1296	9475	0.0148125
9475	9476	0.0148086
3382	9476	0.0148086
5470	9477	0.0148058
9476	9477	0.0148058
1703	9478	0.0147988
9477	9478	0.0147988
3891	9479	0.0147925
9478	9479	0.0147925
3371	9480	0.0147896
9479	9480	0.0147896
698	9481	0.0147857
9480	9481	0.0147857
9481	9482	0.0147849
2302	9482	0.0147849
1834	9483	0.0147647
9482	9483	0.0147647
2702	9484	0.0147589
9483	9484	0.0147589
2687	9485	0.0147523
9484	9485	0.0147523
9324	9485	0.0147523
9485	9486	0.0147456
1883	9486	0.0147456
9486	9487	0.0147438
2658	9487	0.0147438
4574	9488	0.01474
9487	9488	0.01474
8540	9489	0.0147352
9488	9489	0.0147352
6231	9490	0.0147314
9489	9490	0.0147314
5873	9490	0.0147314
3123	9491	0.0146844
9490	9491	0.0146844
9428	9491	0.0146844
1172	9492	0.014682
9491	9492	0.014682
1871	9492	0.014682
6166	9493	0.0146514
9492	9493	0.0146514
3639	9494	0.0146486
9493	9494	0.0146486
3747	9495	0.0146437
9494	9495	0.0146437
3275	9495	0.0146437
9495	9496	0.0146406
203	9496	0.0146406
2639	9497	0.0146401
9496	9497	0.0146401
9497	9498	0.0146055
2553	9498	0.0146055
9336	9499	0.0145995
9498	9499	0.0145995
1359	9499	0.0145995
9499	9500	0.0145963
82	9500	0.0145963
9500	9501	0.0145756
1988	9501	0.0145756
9501	9502	0.0145739
9310	9502	0.0145739
9502	9503	0.0145512
887	9503	0.0145512
4113	9504	0.0145331
9503	9504	0.0145331
8701	9505	0.0145903
840	9505	0.0145903
9504	9506	0.0144966
1436	9506	0.0144966
3707	9507	0.014495
9506	9507	0.014495
9507	9508	0.0144832
2485	9508	0.0144832
3290	9509	0.0144729
9508	9509	0.0144729
9509	9510	0.0144615
9426	9510	0.0144615
6019	9511	0.0144599
9510	9511	0.0144599
9511	9512	0.0144567
9505	9512	0.0144567
9512	9513	0.0144558
4982	9513	0.0144558
9513	9514	0.0144472
3986	9514	0.0144472
9514	9515	0.0144318
1654	9515	0.0144318
3128	9515	0.0144318
5541	9516	0.015705
4	9516	0.015705
8366	9517	0.0155726
9307	9517	0.0155726
5955	9518	0.0148429
1383	9518	0.0148429
2360	9519	0.0147161
9518	9519	0.0147161
916	9520	0.0153507
9311	9520	0.0153507
1950	9521	0.0152846
9321	9521	0.0152846
9326	9522	0.0151786
1110	9522	0.0151786
1372	9523	0.0154986
9329	9523	0.0154986
9331	9524	0.0144472
1491	9524	0.0144472
4485	9525	0.0152014
2465	9525	0.0152014
502	9526	0.0137693
9517	9526	0.0137693
8419	9527	0.0138023
447	9527	0.0138023
8565	9528	0.0144282
9515	9528	0.0144282
5512	9529	0.0144158
9528	9529	0.0144158
9529	9530	0.0144111
5414	9530	0.0144111
8861	9531	0.014408
8750	9531	0.014408
9530	9531	0.014408
3851	9531	0.014408
116	9532	0.0143903
9531	9532	0.0143903
5898	9533	0.0143479
9532	9533	0.0143479
9533	9534	0.0143441
1554	9534	0.0143441
3225	9535	0.0143403
9534	9535	0.0143403
9535	9536	0.0143347
641	9536	0.0143347
9536	9537	0.014324
4048	9537	0.014324
8621	9538	0.0143165
9537	9538	0.0143165
8855	9539	0.0143119
9538	9539	0.0143119
9539	9540	0.0143021
5315	9540	0.0143021
9540	9541	0.0142908
5593	9541	0.0142908
9541	9542	0.0142812
639	9542	0.0142812
9542	9543	0.0142737
3612	9543	0.0142737
759	9544	0.0142695
9543	9544	0.0142695
9544	9545	0.0142517
2414	9545	0.0142517
4010	9545	0.0142517
9545	9546	0.0142507
9523	9546	0.0142507
273	9547	0.0142324
9546	9547	0.0142324
9547	9548	0.0142203
3361	9548	0.0142203
9548	9549	0.0142176
3853	9549	0.0142176
2808	9550	0.0142155
9549	9550	0.0142155
8860	9551	0.0142039
9550	9551	0.0142039
9551	9552	0.0141999
815	9552	0.0141999
9552	9553	0.0141954
9309	9553	0.0141954
112	9553	0.0141954
6197	9554	0.0141923
9553	9554	0.0141923
5954	9555	0.0141877
9554	9555	0.0141877
9555	9556	0.0141668
8656	9556	0.0141668
9556	9557	0.0141648
3404	9557	0.0141648
3320	9558	0.0141609
9557	9558	0.0141609
4076	9559	0.0141498
9558	9559	0.0141498
538	9560	0.014142
9559	9560	0.014142
2122	9561	0.0141355
9560	9561	0.0141355
8740	9562	0.0141345
9561	9562	0.0141345
1994	9562	0.0141345
4083	9563	0.0141287
9562	9563	0.0141287
3914	9564	0.0141192
9563	9564	0.0141192
9564	9565	0.0141059
81	9565	0.0141059
9565	9566	0.0141011
3235	9566	0.0141011
5146	9567	0.014098
9566	9567	0.014098
9567	9568	0.0140963
49	9568	0.0140963
9568	9569	0.0140953
1437	9569	0.0140953
9569	9570	0.0140895
638	9570	0.0140895
2886	9571	0.0140886
3007	9571	0.0140886
9570	9571	0.0140886
9571	9572	0.0140821
9524	9572	0.0140821
9572	9573	0.0140738
3040	9573	0.0140738
1912	9574	0.01406
9573	9574	0.01406
1714	9574	0.01406
9574	9575	0.0140471
3092	9575	0.0140471
8462	9576	0.0140455
9575	9576	0.0140455
9576	9577	0.0140344
9520	9577	0.0140344
9577	9578	0.0140314
9516	9578	0.0140314
9519	9578	0.0140314
1013	9578	0.0140314
8748	9579	0.0140129
9578	9579	0.0140129
9579	9580	0.0140038
296	9580	0.0140038
9580	9581	0.0139876
1540	9581	0.0139876
9581	9582	0.0139858
2574	9582	0.0139858
2638	9583	0.0139532
9582	9583	0.0139532
1494	9583	0.0139532
9583	9584	0.0139355
822	9584	0.0139355
9584	9585	0.0139237
2573	9585	0.0139237
9585	9586	0.0139187
793	9586	0.0139187
8547	9587	0.0139016
9586	9587	0.0139016
9587	9588	0.0138886
3489	9588	0.0138886
3367	9589	0.0138874
9588	9589	0.0138874
9589	9590	0.0138796
150	9590	0.0138796
9590	9591	0.0138737
1761	9591	0.0138737
9591	9592	0.0138722
2344	9592	0.0138722
9592	9593	0.0138652
2696	9593	0.0138652
5956	9593	0.0138652
9593	9594	0.0138637
4326	9594	0.0138637
9594	9595	0.0138569
62	9595	0.0138569
9595	9596	0.0138377
556	9596	0.0138377
5250	9597	0.013831
9596	9597	0.013831
5729	9598	0.0138102
9597	9598	0.0138102
9598	9599	0.0137855
113	9599	0.0137855
4324	9600	0.0137814
9599	9600	0.0137814
177	9600	0.0137814
9600	9601	0.0137727
3598	9601	0.0137727
9601	9602	0.0137708
9328	9602	0.0137708
1007	9602	0.0137708
9602	9603	0.0137597
5647	9603	0.0137597
6225	9604	0.0137367
9603	9604	0.0137367
4280	9604	0.0137367
9604	9605	0.0137299
9522	9605	0.0137299
9605	9606	0.0137272
8503	9606	0.0137272
9317	9606	0.0137272
4362	9607	0.0137061
9606	9607	0.0137061
9607	9608	0.0137034
1202	9608	0.0137034
9608	9609	0.0136968
4462	9609	0.0136968
9609	9610	0.0136789
1012	9610	0.0136789
3969	9610	0.0136789
9610	9611	0.0136616
5739	9611	0.0136616
9611	9612	0.0136549
4572	9612	0.0136549
4779	9613	0.0136424
9612	9613	0.0136424
973	9613	0.0136424
6254	9614	0.0136365
9613	9614	0.0136365
9614	9615	0.0136338
827	9615	0.0136338
2612	9616	0.0136246
9615	9616	0.0136246
9616	9617	0.0136222
2563	9617	0.0136222
4227	9617	0.0136222
9617	9618	0.0136137
1610	9618	0.0136137
4400	9619	0.013608
9618	9619	0.013608
9619	9620	0.0135934
3172	9620	0.0135934
8407	9621	0.0135917
9620	9621	0.0135917
9621	9622	0.0135811
735	9622	0.0135811
4073	9623	0.0135774
9622	9623	0.0135774
9335	9624	0.0135732
9623	9624	0.0135732
3590	9625	0.0135686
9624	9625	0.0135686
9625	9626	0.013548
5540	9626	0.013548
9626	9627	0.0135443
4507	9627	0.0135443
4095	9628	0.0135364
9627	9628	0.0135364
8529	9629	0.0135355
9628	9629	0.0135355
9629	9630	0.0135308
5007	9630	0.0135308
5027	9631	0.0135243
9630	9631	0.0135243
2495	9632	0.0135173
9631	9632	0.0135173
9632	9633	0.013513
1173	9633	0.013513
9633	9634	0.0135116
3538	9634	0.0135116
9634	9635	0.0135089
2953	9635	0.0135089
9635	9636	0.0135009
4262	9636	0.0135009
9636	9637	0.0134895
1313	9637	0.0134895
9637	9638	0.013486
5351	9638	0.013486
2509	9639	0.0134808
9638	9639	0.0134808
5655	9640	0.0134667
9639	9640	0.0134667
6126	9641	0.0134592
9640	9641	0.0134592
9641	9642	0.0134546
4375	9642	0.0134546
3164	9643	0.0134517
9642	9643	0.0134517
9643	9644	0.0134484
9521	9644	0.0134484
8733	9645	0.0134477
9644	9645	0.0134477
9645	9646	0.013442
5052	9646	0.013442
9646	9647	0.013429
1397	9647	0.013429
8616	9648	0.0134078
9647	9648	0.0134078
768	9649	0.013407
9648	9649	0.013407
9649	9650	0.0133953
5690	9650	0.0133953
9650	9651	0.0133856
3501	9651	0.0133856
954	9652	0.0133788
9651	9652	0.0133788
9652	9653	0.0133771
550	9653	0.0133771
9653	9654	0.0133677
675	9654	0.0133677
9654	9655	0.0133592
4594	9655	0.0133592
9655	9656	0.0133505
3711	9656	0.0133505
9656	9657	0.0133315
1255	9657	0.0133315
4711	9658	0.0133146
9657	9658	0.0133146
9658	9659	0.0133094
4449	9659	0.0133094
9659	9660	0.0133065
9525	9660	0.0133065
243	9661	0.0132932
9660	9661	0.0132932
9661	9662	0.0132922
2397	9662	0.0132922
9662	9663	0.0132644
1368	9663	0.0132644
9663	9664	0.0132504
2630	9664	0.0132504
9664	9665	0.0132449
5699	9665	0.0132449
6071	9666	0.0132416
9665	9666	0.0132416
9666	9667	0.0132409
1619	9667	0.0132409
3953	9667	0.0132409
9667	9668	0.0132246
1472	9668	0.0132246
4512	9669	0.013215
2770	9669	0.013215
9668	9669	0.013215
9669	9670	0.0132066
3376	9670	0.0132066
9670	9671	0.0131683
4728	9671	0.0131683
9333	9672	0.0131647
9671	9672	0.0131647
9527	9673	0.0131455
9672	9673	0.0131455
9673	9674	0.0131271
856	9674	0.0131271
8665	9675	0.0131254
9674	9675	0.0131254
9675	9676	0.0131216
668	9676	0.0131216
2408	9677	0.0131199
9676	9677	0.0131199
1336	9678	0.013115
9677	9678	0.013115
9678	9679	0.0130936
5044	9679	0.0130936
5789	9680	0.0130902
3339	9680	0.0130902
9679	9680	0.0130902
9680	9681	0.0130864
996	9681	0.0130864
2844	9682	0.0130826
9681	9682	0.0130826
9682	9683	0.0130815
885	9683	0.0130815
9683	9684	0.0130685
4208	9684	0.0130685
9684	9685	0.0130644
3880	9685	0.0130644
2373	9686	0.0130634
9685	9686	0.0130634
9686	9687	0.013033
4559	9687	0.013033
2514	9688	0.0130244
9687	9688	0.0130244
4546	9689	0.0130221
9688	9689	0.0130221
9689	9690	0.0130158
1659	9690	0.0130158
9690	9691	0.0130081
937	9691	0.0130081
9526	9692	0.0130031
9691	9692	0.0130031
9692	9693	0.0130021
4564	9693	0.0130021
9693	9694	0.0129954
3819	9694	0.0129954
9694	9695	0.0129909
583	9695	0.0129909
802	9696	0.0148258
715	9696	0.0148258
509	9697	0.0133011
5696	9697	0.0133011
3446	9698	0.0132833
3743	9698	0.0132833
5444	9699	0.0132833
4137	9699	0.0132833
4071	9700	0.0132237
9699	9700	0.0132237
673	9701	0.0152416
3267	9701	0.0152416
2859	9702	0.0134848
9701	9702	0.0134848
2296	9703	0.0135641
3745	9703	0.0135641
3076	9704	0.0168064
3784	9704	0.0168064
9704	9705	0.0133592
4013	9705	0.0133592
4840	9706	0.017538
5456	9706	0.017538
8842	9707	0.0122175
1015	9707	0.0122175
5682	9708	0.0122519
5603	9708	0.0122519
2587	9709	0.0123245
407	9709	0.0123245
3754	9710	0.0110186
5934	9710	0.0110186
5780	9711	0.0106394
9710	9711	0.0106394
4776	9712	0.0110177
8722	9712	0.0110177
562	9713	0.0126324
4363	9713	0.0126324
1168	9714	0.0127552
656	9714	0.0127552
9695	9715	0.0129859
5159	9715	0.0129859
9715	9716	0.0129851
5403	9716	0.0129851
2611	9717	0.0129814
9716	9717	0.0129814
9717	9718	0.0129793
702	9718	0.0129793
5543	9718	0.0129793
9718	9719	0.0129709
1656	9719	0.0129709
4708	9719	0.0129709
3928	9720	0.0129574
9719	9720	0.0129574
9720	9721	0.0129517
4916	9721	0.0129517
9721	9722	0.012951
8355	9722	0.012951
9697	9722	0.012951
9722	9723	0.0129492
9705	9723	0.0129492
9723	9724	0.012943
5368	9724	0.012943
9724	9725	0.0129396
790	9725	0.0129396
8651	9726	0.0129376
9725	9726	0.0129376
9726	9727	0.0129339
4736	9727	0.0129339
385	9728	0.0129326
9727	9728	0.0129326
9728	9729	0.0129272
3492	9729	0.0129272
8838	9730	0.0129166
9729	9730	0.0129166
9730	9731	0.0129137
2203	9731	0.0129137
9731	9732	0.0129064
3716	9732	0.0129064
4782	9733	0.0128906
9732	9733	0.0128906
8753	9734	0.0128823
9733	9734	0.0128823
4820	9735	0.0128735
9734	9735	0.0128735
287	9736	0.0128669
9735	9736	0.0128669
2499	9737	0.0128648
9736	9737	0.0128648
9737	9738	0.0128614
2679	9738	0.0128614
786	9739	0.0128586
9738	9739	0.0128586
9739	9740	0.0128574
1241	9740	0.0128574
9740	9741	0.0128563
2390	9741	0.0128563
9741	9742	0.0128421
918	9742	0.0128421
9742	9743	0.0128279
3206	9743	0.0128279
9743	9744	0.0128201
1511	9744	0.0128201
9744	9745	0.0128183
3106	9745	0.0128183
9745	9746	0.0127802
9700	9746	0.0127802
8344	9747	0.0127754
9746	9747	0.0127754
9747	9748	0.0127668
3423	9748	0.0127668
8776	9749	0.0127591
9748	9749	0.0127591
9749	9750	0.0127516
3439	9750	0.0127516
9750	9751	0.0127466
2663	9751	0.0127466
9751	9752	0.0127343
5962	9752	0.0127343
9752	9753	0.0127171
5535	9753	0.0127171
2076	9753	0.0127171
3950	9754	0.0127116
9753	9754	0.0127116
4378	9754	0.0127116
9754	9755	0.0127051
2239	9755	0.0127051
9755	9756	0.0126962
4991	9756	0.0126962
9756	9757	0.0126923
1022	9757	0.0126923
9757	9758	0.0126791
463	9758	0.0126791
4894	9759	0.0126742
9758	9759	0.0126742
8835	9760	0.0126695
9759	9760	0.0126695
9760	9761	0.0126685
2716	9761	0.0126685
2704	9761	0.0126685
305	9762	0.0126572
9761	9762	0.0126572
9762	9763	0.0126511
4629	9763	0.0126511
4682	9764	0.0126495
9763	9764	0.0126495
2784	9764	0.0126495
9764	9765	0.0126346
3038	9765	0.0126346
9765	9766	0.0126277
842	9766	0.0126277
1940	9767	0.0126219
9766	9767	0.0126219
9767	9768	0.0126149
4003	9768	0.0126149
9768	9769	0.0126103
5126	9769	0.0126103
5087	9770	0.0126067
9769	9770	0.0126067
3288	9771	0.0126
9770	9771	0.0126
9771	9772	0.0125916
1589	9772	0.0125916
1150	9773	0.0127699
779	9773	0.0127699
9772	9774	0.0125864
4170	9774	0.0125864
345	9775	0.0125798
9774	9775	0.0125798
1966	9775	0.0125798
9775	9776	0.0125753
4040	9776	0.0125753
9776	9777	0.0125658
9696	9777	0.0125658
3764	9778	0.012553
9777	9778	0.012553
9778	9779	0.0125493
4565	9779	0.0125493
9779	9780	0.0125456
1661	9780	0.0125456
9780	9781	0.0125341
437	9781	0.0125341
4220	9782	0.0125276
9781	9782	0.0125276
9782	9783	0.0125235
9698	9783	0.0125235
4731	9784	0.0125217
9783	9784	0.0125217
1388	9785	0.0125053
9784	9785	0.0125053
9785	9786	0.0124941
4244	9786	0.0124941
9786	9787	0.0124902
807	9787	0.0124902
9787	9788	0.0124864
1014	9788	0.0124864
8483	9789	0.0124673
2011	9789	0.0124673
9788	9789	0.0124673
9789	9790	0.0124655
1341	9790	0.0124655
9790	9791	0.0124588
9773	9791	0.0124588
9791	9792	0.0124579
1712	9792	0.0124579
9792	9793	0.012456
3296	9793	0.012456
3182	9794	0.0124377
21	9794	0.0124377
9793	9794	0.0124377
9794	9795	0.0124284
722	9795	0.0124284
9795	9796	0.0124246
2087	9796	0.0124246
3259	9796	0.0124246
5252	9796	0.0124246
9796	9797	0.0124197
65	9797	0.0124197
9797	9798	0.0124111
1349	9798	0.0124111
9798	9799	0.0124062
8683	9799	0.0124062
3720	9799	0.0124062
9799	9800	0.0124013
3323	9800	0.0124013
9800	9801	0.0123815
9702	9801	0.0123815
9801	9802	0.0123807
3477	9802	0.0123807
9802	9803	0.0123724
1592	9803	0.0123724
9803	9804	0.0123706
5354	9804	0.0123706
5150	9804	0.0123706
2294	9804	0.0123706
9804	9805	0.0123645
6033	9805	0.0123645
8484	9806	0.0123549
9805	9806	0.0123549
9806	9807	0.0123538
1322	9807	0.0123538
9807	9808	0.0123444
164	9808	0.0123444
8496	9809	0.0123284
9808	9809	0.0123284
9809	9810	0.0123216
5537	9810	0.0123216
563	9811	0.0123196
9810	9811	0.0123196
9811	9812	0.0123177
5554	9812	0.0123177
9812	9813	0.012309
5579	9813	0.012309
383	9814	0.0122957
9813	9814	0.0122957
9814	9815	0.0122942
997	9815	0.0122942
8423	9816	0.012292
9815	9816	0.012292
5689	9817	0.0122871
2260	9817	0.0122871
9816	9818	0.0122861
1682	9818	0.0122861
9817	9818	0.0122861
3867	9818	0.0122861
9818	9819	0.0122816
1195	9819	0.0122816
9819	9820	0.0122768
5819	9820	0.0122768
9820	9821	0.0122727
5428	9821	0.0122727
9821	9822	0.0122719
4551	9822	0.0122719
9822	9823	0.0122699
1245	9823	0.0122699
9823	9824	0.0122568
3638	9824	0.0122568
9824	9825	0.0122529
328	9825	0.0122529
687	9825	0.0122529
9825	9826	0.0122519
2156	9826	0.0122519
9826	9827	0.0122479
2254	9827	0.0122479
9827	9828	0.0122462
653	9828	0.0122462
9828	9829	0.0122416
92	9829	0.0122416
9829	9830	0.0122394
915	9830	0.0122394
2262	9831	0.0122345
9830	9831	0.0122345
3591	9832	0.0127575
4921	9832	0.0127575
9831	9833	0.0122128
3536	9833	0.0122128
4416	9833	0.0122128
4709	9834	0.0122121
9833	9834	0.0122121
9834	9835	0.0122003
1781	9835	0.0122003
9835	9836	0.0121969
848	9836	0.0121969
9836	9837	0.0121936
2629	9837	0.0121936
9837	9838	0.012188
889	9838	0.012188
3547	9839	0.0121803
9838	9839	0.0121803
9839	9840	0.0121787
2579	9840	0.0121787
9840	9841	0.0121775
1521	9841	0.0121775
624	9842	0.0121603
9841	9842	0.0121603
2259	9843	0.0121595
9842	9843	0.0121595
9843	9844	0.0121411
1745	9844	0.0121411
3970	9844	0.0121411
9844	9845	0.0121239
6002	9845	0.0121239
9845	9846	0.0121098
732	9846	0.0121098
9846	9847	0.0121049
581	9847	0.0121049
1440	9848	0.0121021
9847	9848	0.0121021
9848	9849	0.0120792
2264	9849	0.0120792
2963	9849	0.0120792
3176	9849	0.0120792
9714	9850	0.0120727
9849	9850	0.0120727
9850	9851	0.012063
466	9851	0.012063
4178	9851	0.012063
8843	9852	0.0120487
9851	9852	0.0120487
9852	9853	0.0120478
2720	9853	0.0120478
739	9854	0.0120422
9853	9854	0.0120422
9854	9855	0.0120332
5892	9855	0.0120332
9855	9856	0.0120295
1136	9856	0.0120295
3213	9856	0.0120295
9856	9857	0.0120239
4876	9857	0.0120239
8485	9858	0.0120228
9857	9858	0.0120228
9858	9859	0.0120218
2091	9859	0.0120218
9859	9860	0.0120201
9832	9860	0.0120201
4722	9861	0.0120106
9860	9861	0.0120106
9861	9862	0.0119953
2448	9862	0.0119953
9862	9863	0.0119925
3067	9863	0.0119925
753	9864	0.0119914
9863	9864	0.0119914
8834	9865	0.0119875
9864	9865	0.0119875
3297	9866	0.0119763
9865	9866	0.0119763
9866	9867	0.0119744
2189	9867	0.0119744
3866	9868	0.0119677
9867	9868	0.0119677
2800	9869	0.0119647
9868	9869	0.0119647
9869	9870	0.011959
3421	9870	0.011959
9870	9871	0.0119533
3053	9871	0.0119533
318	9871	0.0119533
9871	9872	0.0119398
1333	9872	0.0119398
9872	9873	0.0119304
713	9873	0.0119304
117	9873	0.0119304
9873	9874	0.0119247
3126	9874	0.0119247
9874	9875	0.011922
1596	9875	0.011922
1538	9875	0.011922
9875	9876	0.011921
4508	9876	0.011921
9876	9877	0.01192
3452	9877	0.01192
857	9878	0.0119173
9877	9878	0.0119173
9878	9879	0.0119134
439	9879	0.0119134
9879	9880	0.0119122
381	9880	0.0119122
3727	9880	0.0119122
1057	9881	0.0119487
5854	9881	0.0119487
382	9882	0.0119068
9880	9882	0.0119068
9882	9883	0.011899
1839	9883	0.011899
9883	9884	0.0118933
1874	9884	0.0118933
9884	9885	0.0118791
2036	9885	0.0118791
6155	9886	0.011878
9885	9886	0.011878
4974	9886	0.011878
9886	9887	0.011877
9881	9887	0.011877
9887	9888	0.0118648
1456	9888	0.0118648
1234	9889	0.0118637
9888	9889	0.0118637
9889	9890	0.0118583
1189	9890	0.0118583
2607	9891	0.0118494
9890	9891	0.0118494
9891	9892	0.0118485
3881	9892	0.0118485
1176	9893	0.0118447
9892	9893	0.0118447
9893	9894	0.0118417
2105	9894	0.0118417
2322	9895	0.0118398
9894	9895	0.0118398
9895	9896	0.0118295
5473	9896	0.0118295
9896	9897	0.0118223
4245	9897	0.0118223
9897	9898	0.0118218
1353	9898	0.0118218
9898	9899	0.0118199
3475	9899	0.0118199
9899	9900	0.0118064
4453	9900	0.0118064
1757	9901	0.0118057
9900	9901	0.0118057
9901	9902	0.0118035
3824	9902	0.0118035
9902	9903	0.0117979
2847	9903	0.0117979
2782	9903	0.0117979
4761	9903	0.0117979
9903	9904	0.011795
1222	9904	0.011795
9904	9905	0.0117836
6051	9905	0.0117836
9905	9906	0.0117759
1892	9906	0.0117759
8542	9907	0.0117751
9906	9907	0.0117751
9907	9908	0.0117483
219	9908	0.0117483
2149	9909	0.011737
9908	9909	0.011737
9909	9910	0.0117341
3393	9910	0.0117341
9910	9911	0.0117203
2334	9911	0.0117203
9911	9912	0.0117111
2347	9912	0.0117111
9912	9913	0.0116958
1052	9913	0.0116958
9913	9914	0.011694
557	9914	0.011694
9914	9915	0.0116768
1029	9915	0.0116768
9915	9916	0.011674
2000	9916	0.011674
9916	9917	0.01167
1801	9917	0.01167
9917	9918	0.0116625
2461	9918	0.0116625
9918	9919	0.0116615
2314	9919	0.0116615
3	9919	0.0116615
9919	9920	0.0116472
2723	9920	0.0116472
4200	9920	0.0116472
4234	9921	0.0116463
9920	9921	0.0116463
9921	9922	0.0116129
825	9922	0.0116129
3576	9923	0.0116119
9922	9923	0.0116119
3977	9924	0.0116062
9923	9924	0.0116062
9924	9925	0.0116025
1221	9925	0.0116025
2476	9925	0.0116025
2731	9926	0.0115985
9925	9926	0.0115985
9926	9927	0.0115938
4660	9927	0.0115938
4793	9928	0.0129339
1791	9928	0.0129339
8450	9929	0.0121021
162	9929	0.0121021
3391	9930	0.0123177
947	9930	0.0123177
1408	9931	0.011751
1303	9931	0.011751
4647	9932	0.0117558
4771	9932	0.0117558
9713	9933	0.0114811
5501	9933	0.0114811
3244	9934	0.0115737
8744	9934	0.0115737
9927	9934	0.0115737
9934	9935	0.0115681
4808	9935	0.0115681
8629	9936	0.011563
9935	9936	0.011563
8851	9937	0.0115595
2811	9937	0.0115595
9936	9937	0.0115595
9937	9938	0.0115471
645	9938	0.0115471
9938	9939	0.0115349
3700	9939	0.0115349
9939	9940	0.0115299
1787	9940	0.0115299
2285	9940	0.0115299
9931	9940	0.0115299
2346	9941	0.0115184
9940	9941	0.0115184
9941	9942	0.0115148
2726	9942	0.0115148
9942	9943	0.0115042
5424	9943	0.0115042
9943	9944	0.0114994
3943	9944	0.0114994
9944	9945	0.0114927
1762	9945	0.0114927
9945	9946	0.0114899
5611	9946	0.0114899
8841	9947	0.0114861
9946	9947	0.0114861
9947	9948	0.0114855
5805	9948	0.0114855
8622	9949	0.0114584
9948	9949	0.0114584
4586	9950	0.0114536
1357	9950	0.0114536
9949	9950	0.0114536
9950	9951	0.0114508
2561	9951	0.0114508
4070	9951	0.0114508
2085	9951	0.0114508
8461	9952	0.0114456
9951	9952	0.0114456
2781	9953	0.0114407
9952	9953	0.0114407
8533	9954	0.0114364
9953	9954	0.0114364
377	9955	0.0114119
9954	9955	0.0114119
9955	9956	0.0114068
2230	9956	0.0114068
2874	9956	0.0114068
9956	9957	0.011406
605	9957	0.011406
1559	9958	0.011405
9957	9958	0.011405
9958	9959	0.0114023
1677	9959	0.0114023
5793	9960	0.0114004
9959	9960	0.0114004
1621	9961	0.0113925
9960	9961	0.0113925
4528	9962	0.0113897
9961	9962	0.0113897
9962	9963	0.0113852
1943	9963	0.0113852
9963	9964	0.0113784
9928	9964	0.0113784
9964	9965	0.0113581
2464	9965	0.0113581
8590	9966	0.0113221
9965	9966	0.0113221
5051	9967	0.0113055
9966	9967	0.0113055
9967	9968	0.0112877
3901	9968	0.0112877
4978	9969	0.0112819
9968	9969	0.0112819
9969	9970	0.0112809
9929	9970	0.0112809
1028	9970	0.0112809
9970	9971	0.0112771
748	9971	0.0112771
9971	9972	0.0112735
4437	9972	0.0112735
6191	9973	0.0112699
9972	9973	0.0112699
9973	9974	0.0112628
1251	9974	0.0112628
4734	9975	0.0112491
9974	9975	0.0112491
1929	9976	0.0112478
9975	9976	0.0112478
9976	9977	0.0112458
1184	9977	0.0112458
1742	9977	0.0112458
3035	9978	0.0112446
9977	9978	0.0112446
9978	9979	0.011241
5580	9979	0.011241
8840	9980	0.0112333
9979	9980	0.0112333
5506	9981	0.0114584
3734	9981	0.0114584
9980	9982	0.0112304
4799	9982	0.0112304
9982	9983	0.0112202
3529	9983	0.0112202
9983	9984	0.0112154
2096	9984	0.0112154
2974	9985	0.0112124
9984	9985	0.0112124
2824	9986	0.0112064
9985	9986	0.0112064
9986	9987	0.0111667
5822	9987	0.0111667
9987	9988	0.0111656
859	9988	0.0111656
9988	9989	0.0111598
830	9989	0.0111598
5931	9990	0.0111582
9989	9990	0.0111582
8412	9991	0.0111493
9990	9991	0.0111493
4680	9991	0.0111493
9991	9992	0.0111467
615	9992	0.0111467
4422	9993	0.0111459
9992	9993	0.0111459
9993	9994	0.0111386
1550	9994	0.0111386
9994	9995	0.011133
9930	9995	0.011133
9995	9996	0.0111322
3025	9996	0.0111322
9996	9997	0.0111265
2741	9997	0.0111265
3916	9997	0.0111265
9997	9998	0.0111219
9981	9998	0.0111219
9998	9999	0.0111151
576	9999	0.0111151
4628	9999	0.0111151
9999	10000	0.0111103
161	10000	0.0111103
10000	10001	0.0111074
1463	10001	0.0111074
4806	10001	0.0111074
8667	10002	0.0111055
10001	10002	0.0111055
10002	10003	0.011101
3390	10003	0.011101
10003	10004	0.0110998
4505	10004	0.0110998
1210	10005	0.0110977
10004	10005	0.0110977
1441	10006	0.0110969
10005	10006	0.0110969
10006	10007	0.0110943
3593	10007	0.0110943
505	10008	0.0110759
10007	10008	0.0110759
10008	10009	0.0110662
5011	10009	0.0110662
10009	10010	0.0110655
424	10010	0.0110655
10010	10011	0.011061
3660	10011	0.011061
4093	10012	0.0110596
10011	10012	0.0110596
10012	10013	0.0110483
4035	10013	0.0110483
2351	10013	0.0110483
8837	10014	0.0110472
10013	10014	0.0110472
1826	10015	0.0110454
10014	10015	0.0110454
10015	10016	0.0110436
2922	10016	0.0110436
10016	10017	0.0110292
3283	10017	0.0110292
5220	10017	0.0110292
4969	10018	0.0110239
10017	10018	0.0110239
3912	10019	0.0110197
10018	10019	0.0110197
10019	10020	0.0110177
346	10020	0.0110177
3793	10020	0.0110177
8705	10021	0.0110122
10020	10021	0.0110122
8449	10022	0.0109996
10021	10022	0.0109996
10022	10023	0.0109955
3337	10023	0.0109955
10023	10024	0.0109778
4087	10024	0.0109778
10024	10025	0.0109749
3082	10025	0.0109749
2728	10026	0.0109701
10025	10026	0.0109701
10026	10027	0.0109691
692	10027	0.0109691
10027	10028	0.0109463
4352	10028	0.0109463
8845	10029	0.0109433
10028	10029	0.0109433
1504	10029	0.0109433
789	10030	0.0109197
10029	10030	0.0109197
10030	10031	0.0109102
3837	10031	0.0109102
10031	10032	0.0108908
5415	10032	0.0108908
10032	10033	0.0108825
2431	10033	0.0108825
1930	10034	0.0108643
10033	10034	0.0108643
10034	10035	0.0108613
8671	10035	0.0108613
10035	10036	0.0108576
4702	10036	0.0108576
10036	10037	0.0108501
196	10037	0.0108501
10037	10038	0.0108432
1534	10038	0.0108432
1090	10039	0.0108356
10038	10039	0.0108356
3675	10040	0.0108318
10039	10040	0.0108318
10040	10041	0.0108301
4451	10041	0.0108301
1008	10042	0.0108281
10041	10042	0.0108281
3083	10043	0.0108251
10042	10043	0.0108251
2804	10044	0.0108244
10043	10044	0.0108244
1487	10045	0.0108184
10044	10045	0.0108184
10045	10046	0.0108175
5168	10046	0.0108175
9933	10047	0.0108136
1094	10047	0.0108136
10046	10047	0.0108136
10047	10048	0.0108081
4016	10048	0.0108081
8711	10049	0.0108052
6229	10049	0.0108052
5333	10049	0.0108052
10048	10049	0.0108052
10049	10050	0.0108004
817	10050	0.0108004
5988	10051	0.0107938
10050	10051	0.0107938
3392	10052	0.0107927
10051	10052	0.0107927
10052	10053	0.0107897
4425	10053	0.0107897
10053	10054	0.0107877
2003	10054	0.0107877
10054	10055	0.0107804
3018	10055	0.0107804
10055	10056	0.0107745
84	10056	0.0107745
851	10057	0.0107698
10056	10057	0.0107698
5070	10058	0.0107593
10057	10058	0.0107593
3016	10058	0.0107593
8437	10059	0.0107546
10058	10059	0.0107546
4926	10060	0.0107527
10059	10060	0.0107527
5161	10061	0.010749
8648	10061	0.010749
10060	10061	0.010749
10061	10062	0.0107401
571	10062	0.0107401
6222	10063	0.0107394
3394	10063	0.0107394
10062	10063	0.0107394
3331	10064	0.0107276
10063	10064	0.0107276
9932	10064	0.0107276
10064	10065	0.0106964
1771	10065	0.0106964
10065	10066	0.0106937
1730	10066	0.0106937
10066	10067	0.0106813
1724	10067	0.0106813
2613	10068	0.0106764
10067	10068	0.0106764
3683	10069	0.0106621
10068	10069	0.0106621
10069	10070	0.0106581
2274	10070	0.0106581
5607	10071	0.0106355
10070	10071	0.0106355
17	10071	0.0106355
2875	10072	0.0106344
10071	10072	0.0106344
10072	10073	0.0106278
1493	10073	0.0106278
3921	10074	0.010623
10073	10074	0.010623
10074	10075	0.0106155
4226	10075	0.0106155
5006	10076	0.0106135
10075	10076	0.0106135
1633	10077	0.010603
10076	10077	0.010603
111	10077	0.010603
10077	10078	0.0105981
1109	10078	0.0105981
10078	10079	0.0105933
13	10079	0.0105933
10079	10080	0.0105924
3519	10080	0.0105924
3982	10081	0.0105897
10080	10081	0.0105897
960	10082	0.0105842
10081	10082	0.0105842
3212	10083	0.010582
10082	10083	0.010582
3870	10084	0.010581
10083	10084	0.010581
5574	10084	0.010581
6021	10085	0.0105678
10084	10085	0.0105678
8647	10086	0.0105668
10085	10086	0.0105668
665	10087	0.0105629
10086	10087	0.0105629
6014	10087	0.0105629
10087	10088	0.010562
2666	10088	0.010562
2930	10089	0.0105296
10088	10089	0.0105296
10089	10090	0.0105286
8724	10090	0.0105286
3682	10090	0.0105286
5347	10091	0.0105276
10090	10091	0.0105276
1667	10092	0.0105114
10091	10092	0.0105114
10092	10093	0.0105066
1529	10093	0.0105066
8773	10094	0.0104952
10093	10094	0.0104952
432	10094	0.0104952
4501	10095	0.0104893
10094	10095	0.0104893
10095	10096	0.0104886
2560	10096	0.0104886
10096	10097	0.0104844
591	10097	0.0104844
10097	10098	0.0104816
5695	10098	0.0104816
10098	10099	0.0104742
5851	10099	0.0104742
10099	10100	0.0104674
2797	10100	0.0104674
10100	10101	0.010464
3652	10101	0.010464
8833	10102	0.0104617
10101	10102	0.0104617
10102	10103	0.0104513
1909	10103	0.0104513
1796	10103	0.0104513
1315	10104	0.0104486
10103	10104	0.0104486
10104	10105	0.0104466
4310	10105	0.0104466
10105	10106	0.0104415
5993	10106	0.0104415
10106	10107	0.0104405
1425	10107	0.0104405
10107	10108	0.010438
4337	10108	0.010438
8725	10109	0.0104313
10108	10109	0.0104313
10109	10110	0.0104285
4109	10110	0.0104285
1913	10111	0.0104076
10110	10111	0.0104076
10111	10112	0.0103943
3100	10112	0.0103943
10112	10113	0.0103759
4774	10113	0.0103759
10113	10114	0.0103712
1572	10114	0.0103712
10114	10115	0.0103673
5972	10115	0.0103673
3836	10116	0.0113956
248	10116	0.0113956
4480	10117	0.0114771
1630	10117	0.0114771
10117	10118	0.010912
2965	10118	0.010912
10118	10119	0.0107193
841	10119	0.0107193
10119	10120	0.0105459
2132	10120	0.0105459
3551	10121	0.0111386
1204	10121	0.0111386
1277	10122	0.0106944
3767	10122	0.0106944
1707	10123	0.0106904
5759	10123	0.0106904
5686	10124	0.0124305
2363	10124	0.0124305
2888	10125	0.011366
2779	10125	0.011366
5979	10126	0.00977786
9711	10126	0.00977786
9712	10127	0.0103608
10115	10127	0.0103608
1811	10128	0.0103378
10127	10128	0.0103378
5671	10128	0.0103378
10128	10129	0.0103349
1557	10129	0.0103349
10129	10130	0.0103293
5588	10130	0.0103293
1127	10131	0.0103274
10130	10131	0.0103274
10131	10132	0.0103179
280	10132	0.0103179
15	10133	0.0103083
10132	10133	0.0103083
4058	10134	0.0103025
10133	10134	0.0103025
10134	10135	0.0102988
399	10135	0.0102988
10123	10135	0.0102988
8447	10136	0.0102882
10135	10136	0.0102882
10136	10137	0.0102806
5465	10137	0.0102806
207	10138	0.0102777
10137	10138	0.0102777
10138	10139	0.0102684
1863	10139	0.0102684
3354	10140	0.0102646
10139	10140	0.0102646
8463	10141	0.0102597
10140	10141	0.0102597
3548	10142	0.010257
10141	10142	0.010257
10142	10143	0.0102377
2717	10143	0.0102377
10143	10144	0.0102198
2035	10144	0.0102198
10144	10145	0.0102052
3490	10145	0.0102052
1134	10146	0.0101861
10145	10146	0.0101861
5720	10147	0.0101846
10146	10147	0.0101846
5772	10147	0.0101846
1995	10148	0.0103161
1689	10148	0.0103161
10147	10149	0.0101815
1316	10149	0.0101815
10149	10150	0.0101787
2650	10150	0.0101787
10150	10151	0.0101757
3900	10151	0.0101757
10151	10152	0.0101529
1246	10152	0.0101529
10152	10153	0.0101356
2765	10153	0.0101356
10153	10154	0.0101214
604	10154	0.0101214
5497	10155	0.0101205
2529	10155	0.0101205
10154	10155	0.0101205
10155	10156	0.0101118
421	10156	0.0101118
10156	10157	0.0101081
2007	10157	0.0101081
10157	10158	0.0101005
897	10158	0.0101005
1739	10158	0.0101005
4864	10158	0.0101005
9706	10158	0.0101005
10158	10159	0.0100955
456	10159	0.0100955
8836	10160	0.0100927
10159	10160	0.0100927
1468	10160	0.0100927
5427	10161	0.0100907
10160	10161	0.0100907
3828	10162	0.0100891
10161	10162	0.0100891
797	10163	0.0100682
10162	10163	0.0100682
10163	10164	0.010063
2488	10164	0.010063
4273	10164	0.010063
10164	10165	0.0100621
10148	10165	0.0100621
8578	10166	0.0100612
10165	10166	0.0100612
4140	10167	0.0100304
10166	10167	0.0100304
3406	10168	0.0100177
10167	10168	0.0100177
10168	10169	0.0100146
4238	10169	0.0100146
10169	10170	0.0100031
3134	10170	0.0100031
10170	10171	0.0100002
5551	10171	0.0100002
10171	10172	0.00999446
4171	10172	0.00999446
10172	10173	0.00998023
5814	10173	0.00998023
988	10174	0.00997634
10173	10174	0.00997634
4429	10175	0.00997066
10174	10175	0.00997066
10175	10176	0.00995535
5867	10176	0.00995535
10176	10177	0.00995454
2842	10177	0.00995454
10177	10178	0.00995136
4269	10178	0.00995136
10178	10179	0.00994668
5002	10179	0.00994668
972	10180	0.0099451
10179	10180	0.0099451
622	10181	0.00994285
10180	10181	0.00994285
3044	10182	0.00992874
10181	10182	0.00992874
5828	10182	0.00992874
2427	10183	0.00992685
10182	10183	0.00992685
10183	10184	0.00992202
2583	10184	0.00992202
10184	10185	0.00991824
3614	10185	0.00991824
2762	10186	0.00991728
10185	10186	0.00991728
3291	10187	0.00991541
10186	10187	0.00991541
6193	10188	0.0099124
10187	10188	0.0099124
10188	10189	0.00990666
2456	10189	0.00990666
3156	10190	0.00989157
2789	10190	0.00989157
5856	10190	0.00989157
10189	10190	0.00989157
5269	10190	0.00989157
10190	10191	0.00988849
542	10191	0.00988849
10191	10192	0.00987901
10121	10192	0.00987901
10192	10193	0.00987814
4075	10193	0.00987814
4643	10193	0.00987814
10193	10194	0.00987556
926	10194	0.00987556
9709	10195	0.00987027
10194	10195	0.00987027
4967	10196	0.00986279
10195	10196	0.00986279
10196	10197	0.00984785
3005	10197	0.00984785
2724	10198	0.0098343
10197	10198	0.0098343
10198	10199	0.0098267
10122	10199	0.0098267
10199	10200	0.0098238
304	10200	0.0098238
10200	10201	0.00981996
332	10201	0.00981996
10201	10202	0.00981412
1942	10202	0.00981412
10202	10203	0.00981326
339	10203	0.00981326
384	10204	0.00980555
10203	10204	0.00980555
10204	10205	0.00979428
4031	10205	0.00979428
9703	10206	0.00978276
10205	10206	0.00978276
10206	10207	0.00977902
8757	10207	0.00977902
2051	10207	0.00977902
2586	10208	0.00977786
10207	10208	0.00977786
5845	10209	0.00977521
10208	10209	0.00977521
10209	10210	0.00977101
4791	10210	0.00977101
10210	10211	0.0097437
10124	10211	0.0097437
10211	10212	0.00974079
1723	10212	0.00974079
8752	10213	0.00973779
10212	10213	0.00973779
10213	10214	0.00973517
8567	10214	0.00973517
1765	10215	0.00973434
10214	10215	0.00973434
3413	10215	0.00973434
10215	10216	0.00973328
4194	10216	0.00973328
10216	10217	0.00973249
2891	10217	0.00973249
4445	10218	0.00972941
10217	10218	0.00972941
10218	10219	0.00971894
2707	10219	0.00971894
10219	10220	0.00971418
8714	10220	0.00971418
10220	10221	0.00970025
5713	10221	0.00970025
5472	10222	0.00968553
10221	10222	0.00968553
10222	10223	0.00968254
2104	10223	0.00968254
10223	10224	0.00968083
501	10224	0.00968083
10224	10225	0.00967669
4412	10225	0.00967669
10225	10226	0.00967028
2208	10226	0.00967028
10226	10227	0.0096683
3467	10227	0.0096683
6227	10228	0.00965986
10227	10228	0.00965986
8451	10229	0.00965403
10228	10229	0.00965403
10229	10230	0.00963501
185	10230	0.00963501
2995	10231	0.00962546
10230	10231	0.00962546
10231	10232	0.00961573
2996	10232	0.00961573
4264	10233	0.00961494
10232	10233	0.00961494
10233	10234	0.00961125
862	10234	0.00961125
224	10235	0.00961009
10234	10235	0.00961009
10235	10236	0.00960675
5980	10236	0.00960675
10236	10237	0.00960344
5669	10237	0.00960344
3207	10238	0.00960033
10237	10238	0.00960033
3710	10239	0.00959593
10238	10239	0.00959593
10239	10240	0.00959313
5553	10240	0.00959313
4025	10241	0.00958307
10240	10241	0.00958307
1346	10242	0.00958041
10241	10242	0.00958041
10242	10243	0.00957877
890	10243	0.00957877
10243	10244	0.00957584
1695	10244	0.00957584
10244	10245	0.00956152
1842	10245	0.00956152
10245	10246	0.00955963
2265	10246	0.00955963
10246	10247	0.00954521
1165	10247	0.00954521
1011	10248	0.00954349
10247	10248	0.00954349
10248	10249	0.00954167
3273	10249	0.00954167
10249	10250	0.00953201
2477	10250	0.00953201
8650	10251	0.00952819
10250	10251	0.00952819
2490	10252	0.00950816
10251	10252	0.00950816
10252	10253	0.00950447
8457	10253	0.00950447
552	10253	0.00950447
10253	10254	0.00950334
716	10254	0.00950334
1618	10255	0.0094967
10254	10255	0.0094967
5683	10256	0.00949289
10255	10256	0.00949289
3102	10257	0.00949097
10256	10257	0.00949097
10257	10258	0.00948612
5496	10258	0.00948612
986	10259	0.00948529
10258	10259	0.00948529
4117	10260	0.00948045
3502	10260	0.00948045
10259	10260	0.00948045
1782	10261	0.00947853
10260	10261	0.00947853
4810	10262	0.00946143
10261	10262	0.00946143
10262	10263	0.00945378
795	10263	0.00945378
5046	10264	0.0094453
10263	10264	0.0094453
20	10265	0.0094375
10264	10265	0.0094375
5127	10266	0.00943375
10265	10266	0.00943375
10266	10267	0.00943181
3967	10267	0.00943181
5429	10268	0.00942983
10267	10268	0.00942983
5357	10269	0.00942615
10268	10269	0.00942615
4598	10270	0.00946427
2940	10270	0.00946427
3031	10271	0.00941675
10269	10271	0.00941675
10271	10272	0.00941485
2128	10272	0.00941485
10272	10273	0.00940601
2596	10273	0.00940601
10273	10274	0.00940428
1609	10274	0.00940428
10274	10275	0.00939082
697	10275	0.00939082
8649	10276	0.00938419
10275	10276	0.00938419
5653	10276	0.00938419
8697	10277	0.00937842
8844	10277	0.00937842
10276	10277	0.00937842
10277	10278	0.00936559
5737	10278	0.00936559
3200	10278	0.00936559
10278	10279	0.00936425
10270	10279	0.00936425
330	10280	0.00936316
1646	10280	0.00936316
10279	10280	0.00936316
10280	10281	0.0093604
2282	10281	0.0093604
411	10282	0.00935169
10281	10282	0.00935169
4973	10283	0.00934702
10282	10283	0.00934702
8694	10284	0.00933066
10283	10284	0.00933066
785	10285	0.00932296
10284	10285	0.00932296
6190	10286	0.00932131
10285	10286	0.00932131
1034	10286	0.00932131
10286	10287	0.00931935
746	10287	0.00931935
2879	10288	0.00930876
10287	10288	0.00930876
10120	10289	0.0100288
3006	10289	0.0100288
5796	10290	0.0099326
2747	10290	0.0099326
10288	10291	0.00930674
683	10291	0.00930674
10291	10292	0.00930602
1599	10292	0.00930602
4515	10293	0.00929911
949	10293	0.00929911
3736	10293	0.00929911
3935	10293	0.00929911
10292	10293	0.00929911
2715	10293	0.00929911
8698	10294	0.0092983
10293	10294	0.0092983
10294	10295	0.00929463
4404	10295	0.00929463
10295	10296	0.00929165
2610	10296	0.00929165
5964	10296	0.00929165
1547	10296	0.00929165
10296	10297	0.0092793
200	10297	0.0092793
2559	10297	0.0092793
176	10298	0.009278
10297	10298	0.009278
895	10299	0.00926964
10298	10299	0.00926964
1718	10300	0.00926884
10299	10300	0.00926884
3204	10300	0.00926884
8575	10301	0.00925536
10300	10301	0.00925536
5697	10302	0.00925354
10301	10302	0.00925354
1495	10302	0.00925354
10302	10303	0.00925278
1543	10303	0.00925278
5314	10304	0.00924396
10303	10304	0.00924396
3666	10305	0.00920774
10304	10305	0.00920774
10126	10306	0.00920486
10305	10306	0.00920486
2862	10306	0.00920486
2198	10307	0.00920194
10306	10307	0.00920194
5818	10308	0.00919914
1931	10308	0.00919914
10307	10308	0.00919914
1198	10308	0.00919914
10308	10309	0.00919414
618	10309	0.00919414
32	10310	0.00918943
10309	10310	0.00918943
5933	10311	0.00917827
4872	10311	0.00917827
10310	10311	0.00917827
10311	10312	0.00916492
1350	10312	0.00916492
10312	10313	0.00916288
1533	10313	0.00916288
5719	10313	0.00916288
10313	10314	0.00916107
4657	10314	0.00916107
5247	10314	0.00916107
4936	10315	0.00915909
10314	10315	0.00915909
4009	10316	0.00915224
10315	10316	0.00915224
10316	10317	0.00914579
10125	10317	0.00914579
4604	10317	0.00914579
9707	10318	0.00914296
10317	10318	0.00914296
8535	10319	0.00913883
10318	10319	0.00913883
10289	10319	0.00913883
10319	10320	0.00913507
1631	10320	0.00913507
8742	10321	0.00913333
10320	10321	0.00913333
5145	10322	0.00911921
10321	10322	0.00911921
10322	10323	0.00911137
461	10323	0.00911137
5085	10324	0.00911023
10323	10324	0.00911023
10324	10325	0.00910938
481	10325	0.00910938
10325	10326	0.00909998
4237	10326	0.00909998
10326	10327	0.00909694
1979	10327	0.00909694
10327	10328	0.00909506
5352	10328	0.00909506
10328	10329	0.0090887
1087	10329	0.0090887
10329	10330	0.00907329
10290	10330	0.00907329
10330	10331	0.0090705
5804	10331	0.0090705
1916	10332	0.00906963
10331	10332	0.00906963
10332	10333	0.00906659
594	10333	0.00906659
10333	10334	0.00905776
5990	10334	0.00905776
10334	10335	0.00905316
4484	10335	0.00905316
10335	10336	0.0090456
4103	10336	0.0090456
6146	10337	0.00903901
5531	10337	0.00903901
10336	10337	0.00903901
10337	10338	0.0090302
3188	10338	0.0090302
91	10339	0.00902694
10338	10339	0.00902694
1039	10340	0.00901982
10339	10340	0.00901982
5539	10341	0.00900929
10340	10341	0.00900929
4597	10342	0.0090065
10341	10342	0.0090065
3648	10343	0.00900358
10342	10343	0.00900358
5410	10344	0.00899965
10343	10344	0.00899965
8768	10345	0.00899775
10344	10345	0.00899775
10345	10346	0.00899125
821	10346	0.00899125
892	10347	0.00898934
10346	10347	0.00898934
10347	10348	0.00898208
5852	10348	0.00898208
4355	10349	0.00897505
10348	10349	0.00897505
10349	10350	0.00896931
448	10350	0.00896931
2903	10351	0.008956
2458	10351	0.008956
10350	10351	0.008956
8619	10352	0.00895316
10351	10352	0.00895316
10352	10353	0.00895116
246	10353	0.00895116
10353	10354	0.00895033
250	10354	0.00895033
6236	10355	0.00894821
10354	10355	0.00894821
2174	10356	0.00893975
10355	10356	0.00893975
10356	10357	0.00893883
8699	10357	0.00893883
4605	10357	0.00893883
806	10357	0.00893883
3084	10358	0.00893682
10357	10358	0.00893682
10358	10359	0.00893486
8501	10359	0.00893486
10116	10359	0.00893486
4613	10359	0.00893486
10359	10360	0.00892345
1401	10360	0.00892345
1480	10360	0.00892345
6029	10360	0.00892345
4111	10361	0.00891972
10360	10361	0.00891972
2981	10362	0.00899775
2776	10362	0.00899775
10361	10363	0.0088577
1471	10363	0.0088577
10363	10364	0.00885109
2882	10364	0.00885109
9708	10365	0.00884702
10364	10365	0.00884702
8853	10366	0.00883854
10365	10366	0.00883854
10366	10367	0.00881009
5656	10367	0.00881009
10367	10368	0.00880815
1614	10368	0.00880815
4942	10369	0.00880615
10368	10369	0.00880615
3117	10370	0.00880327
10369	10370	0.00880327
10370	10371	0.0088006
500	10371	0.0088006
10371	10372	0.00879669
3804	10372	0.00879669
10372	10373	0.00878526
3558	10373	0.00878526
10373	10374	0.00878334
2345	10374	0.00878334
5644	10375	0.00878048
10374	10375	0.00878048
10362	10375	0.00878048
10375	10376	0.00877857
3559	10376	0.00877857
10376	10377	0.0087776
2197	10377	0.0087776
10377	10378	0.00876995
5332	10378	0.00876995
10378	10379	0.00876451
4784	10379	0.00876451
1647	10380	0.00875101
10379	10380	0.00875101
10380	10381	0.00874741
549	10381	0.00874741
10381	10382	0.00874589
4138	10382	0.00874589
10382	10383	0.00874502
2081	10383	0.00874502
10383	10384	0.00873377
5813	10384	0.00873377
10384	10385	0.00873266
6054	10385	0.00873266
10385	10386	0.00872226
2307	10386	0.00872226
5658	10387	0.00870716
10386	10387	0.00870716
10387	10388	0.00869854
5507	10388	0.00869854
10388	10389	0.00869556
1098	10389	0.00869556
1600	10389	0.00869556
10389	10390	0.00868889
5708	10390	0.00868889
2893	10391	0.0086861
10390	10391	0.0086861
10391	10392	0.00868536
4102	10392	0.00868536
10392	10393	0.00867349
201	10393	0.00867349
10393	10394	0.00867268
4542	10394	0.00867268
10394	10395	0.0086471
2317	10395	0.0086471
6205	10396	0.00863371
10395	10396	0.00863371
10396	10397	0.00862947
1672	10397	0.00862947
6232	10398	0.00862788
10397	10398	0.00862788
10398	10399	0.00861454
356	10399	0.00861454
10399	10400	0.00859919
4077	10400	0.00859919
10400	10401	0.00858397
3760	10401	0.00858397
10401	10402	0.00858201
707	10402	0.00858201
10402	10403	0.00858019
5600	10403	0.00858019
10403	10404	0.0085592
976	10404	0.0085592
2528	10404	0.0085592
10404	10405	0.00855808
5918	10405	0.00855808
10405	10406	0.00855733
2151	10406	0.00855733
10406	10407	0.00855065
2140	10407	0.00855065
6196	10408	0.00854882
10407	10408	0.00854882
10408	10409	0.00854762
28	10409	0.00854762
10409	10410	0.00854502
4854	10410	0.00854502
10410	10411	0.00854322
1479	10411	0.00854322
8767	10411	0.00854322
3132	10411	0.00854322
10411	10412	0.00854198
5971	10412	0.00854198
2041	10413	0.00854026
10412	10413	0.00854026
10413	10414	0.00852106
3246	10414	0.00852106
8675	10415	0.0085031
10414	10415	0.0085031
10415	10416	0.00848313
2918	10416	0.00848313
10416	10417	0.00848208
5380	10417	0.00848208
1420	10418	0.00846968
10417	10418	0.00846968
1249	10418	0.00846968
4850	10419	0.00846872
10418	10419	0.00846872
10419	10420	0.00846002
5766	10420	0.00846002
5448	10421	0.00935358
5704	10421	0.00935358
8559	10422	0.00860783
388	10422	0.00860783
4742	10423	0.0126426
2137	10423	0.0126426
539	10424	0.00926884
2699	10424	0.00926884
733	10425	0.00961303
8778	10425	0.00961303
1964	10426	0.0168155
4635	10426	0.0168155
1392	10427	0.0115974
1046	10427	0.0115974
3020	10428	0.00923921
2340	10428	0.00923921
4312	10429	0.0122929
2708	10429	0.0122929
5691	10430	0.00862712
4042	10430	0.00862712
5210	10431	0.0117226
4763	10431	0.0117226
6080	10432	0.00497236
2565	10432	0.00497236
4985	10433	0.00437067
663	10433	0.00437067
3425	10434	0.00733294
3803	10434	0.00733294
2858	10435	0.00452145
3052	10435	0.00452145
5648	10436	0.00703241
8814	10436	0.00703241
5751	10437	0.00382518
2042	10437	0.00382518
6070	10438	0.0043306
5752	10438	0.0043306
8802	10439	0.00610072
2153	10439	0.00610072
2591	10440	0.00565239
8414	10440	0.00565239
8558	10441	0.00754264
2845	10441	0.00754264
276	10442	0.00747305
10441	10442	0.00747305
8824	10443	0.00806427
4509	10443	0.00806427
1783	10444	0.0059415
5636	10444	0.0059415
459	10445	0.00836188
3241	10445	0.00836188
4858	10446	0.00580209
1327	10446	0.00580209
5776	10447	0.0074854
1613	10447	0.0074854
1568	10448	0.0066662
2484	10448	0.0066662
3668	10449	0.00778301
8555	10449	0.00778301
4051	10450	0.00766656
525	10450	0.00766656
8662	10451	0.00845617
10420	10451	0.00845617
10451	10452	0.00845268
1365	10452	0.00845268
10452	10453	0.00845154
1026	10453	0.00845154
10453	10454	0.00844291
8406	10454	0.00844291
373	10454	0.00844291
10423	10454	0.00844291
10454	10455	0.00844194
1180	10455	0.00844194
1722	10456	0.00843721
10455	10456	0.00843721
10456	10457	0.00843525
900	10457	0.00843525
10457	10458	0.00842476
3775	10458	0.00842476
5107	10458	0.00842476
10458	10459	0.00841352
3158	10459	0.00841352
10459	10460	0.00841216
3424	10460	0.00841216
893	10461	0.00840202
10460	10461	0.00840202
10461	10462	0.00839803
1719	10462	0.00839803
10462	10463	0.00839334
2866	10463	0.00839334
4478	10464	0.0083808
10463	10464	0.0083808
10464	10465	0.00837897
1348	10465	0.00837897
10465	10466	0.00837512
4037	10466	0.00837512
1878	10467	0.00837132
10466	10467	0.00837132
10467	10468	0.00836943
1371	10468	0.00836943
10468	10469	0.008359
4175	10469	0.008359
10469	10470	0.00833703
3859	10470	0.00833703
10470	10471	0.00832369
2555	10471	0.00832369
282	10472	0.00831802
10471	10472	0.00831802
8728	10473	0.00829988
10472	10473	0.00829988
10473	10474	0.00829698
259	10474	0.00829698
474	10474	0.00829698
10474	10475	0.00829417
3821	10475	0.00829417
10475	10476	0.00829026
4630	10476	0.00829026
1053	10476	0.00829026
5156	10477	0.00827999
10476	10477	0.00827999
6174	10478	0.00827797
633	10478	0.00827797
10477	10478	0.00827797
3457	10479	0.00827407
10478	10479	0.00827407
2798	10480	0.00827016
10479	10480	0.00827016
10480	10481	0.00826734
2545	10481	0.00826734
5098	10482	0.00826168
10481	10482	0.00826168
10482	10483	0.00825689
948	10483	0.00825689
5280	10484	0.00824744
10483	10484	0.00824744
10484	10485	0.00823405
4219	10485	0.00823405
8539	10486	0.00822638
2299	10486	0.00822638
10485	10486	0.00822638
10486	10487	0.0082197
4139	10487	0.0082197
10487	10488	0.00821112
3155	10488	0.00821112
3160	10489	0.00820923
10488	10489	0.00820923
10489	10490	0.00820153
3360	10490	0.00820153
10490	10491	0.00820061
2183	10491	0.00820061
2895	10492	0.00819584
10491	10492	0.00819584
4750	10492	0.00819584
10492	10493	0.00819491
5702	10493	0.00819491
10493	10494	0.00817294
3261	10494	0.00817294
8798	10495	0.0081644
10494	10495	0.0081644
3594	10496	0.00815587
10495	10496	0.00815587
10496	10497	0.00815296
4005	10497	0.00815296
10497	10498	0.00815114
5390	10498	0.00815114
10498	10499	0.0081436
3926	10499	0.0081436
10499	10500	0.0081387
10424	10500	0.0081387
10500	10501	0.00813663
498	10501	0.00813663
10501	10502	0.0081263
513	10502	0.0081263
1650	10502	0.0081263
10502	10503	0.00812239
691	10503	0.00812239
8832	10504	0.00811672
10503	10504	0.00811672
4929	10505	0.00810336
10504	10505	0.00810336
10505	10506	0.00809195
133	10506	0.00809195
2835	10506	0.00809195
10506	10507	0.00808436
3173	10507	0.00808436
627	10508	0.00808062
10507	10508	0.00808062
5935	10509	0.00807855
10508	10509	0.00807855
10509	10510	0.00807567
4530	10510	0.00807567
10510	10511	0.00807207
2492	10511	0.00807207
4575	10512	0.00806527
10511	10512	0.00806527
5243	10513	0.00806145
10512	10513	0.00806145
155	10514	0.00806052
10513	10514	0.00806052
4689	10515	0.0080594
10514	10515	0.0080594
10515	10516	0.00804982
2332	10516	0.00804982
1390	10517	0.00804508
10516	10517	0.00804508
10421	10518	0.00836188
325	10518	0.00836188
422	10519	0.00825811
3907	10519	0.00825811
609	10520	0.00845535
5154	10520	0.00845535
4912	10521	0.00803195
10517	10521	0.00803195
10521	10522	0.00803083
311	10522	0.00803083
10522	10523	0.00802991
10519	10523	0.00802991
10523	10524	0.00802892
1824	10524	0.00802892
10524	10525	0.00800326
1411	10525	0.00800326
10525	10526	0.00799856
1967	10526	0.00799856
10526	10527	0.00799174
1072	10527	0.00799174
6013	10528	0.00798706
10527	10528	0.00798706
10528	10529	0.00798608
3597	10529	0.00798608
831	10530	0.00798318
10529	10530	0.00798318
8811	10531	0.00797171
5285	10531	0.00797171
10530	10531	0.00797171
5649	10532	0.00795937
10531	10532	0.00795937
10532	10533	0.00795547
3801	10533	0.00795547
10533	10534	0.00794988
379	10534	0.00794988
763	10535	0.00794502
10534	10535	0.00794502
10535	10536	0.00793833
3090	10536	0.00793833
10536	10537	0.00793166
696	10537	0.00793166
1073	10538	0.00792703
10537	10538	0.00792703
10538	10539	0.00792424
1862	10539	0.00792424
3817	10540	0.00791148
10539	10540	0.00791148
5613	10540	0.00791148
10540	10541	0.00790886
4634	10541	0.00790886
4495	10541	0.00790886
558	10542	0.00790218
10541	10542	0.00790218
5319	10543	0.00790124
10542	10543	0.00790124
3493	10544	0.00789737
10543	10544	0.00789737
4291	10544	0.00789737
10544	10545	0.00787833
1925	10545	0.00787833
5152	10546	0.00787164
10545	10546	0.00787164
10546	10547	0.00786969
3771	10547	0.00786969
10547	10548	0.00786116
10518	10548	0.00786116
778	10548	0.00786116
582	10549	0.00784296
10548	10549	0.00784296
3978	10549	0.00784296
979	10550	0.00783528
10549	10550	0.00783528
10550	10551	0.00782776
4975	10551	0.00782776
1064	10552	0.00780194
10551	10552	0.00780194
10552	10553	0.0077983
589	10553	0.0077983
10553	10554	0.00779434
2810	10554	0.00779434
10520	10554	0.00779434
10554	10555	0.0077867
3526	10555	0.0077867
10555	10556	0.00778301
3587	10556	0.00778301
10556	10557	0.00777359
2947	10557	0.00777359
8395	10558	0.0077705
10557	10558	0.0077705
8810	10559	0.00774782
2131	10559	0.00774782
10558	10559	0.00774782
1766	10560	0.00774389
10559	10560	0.00774389
10560	10561	0.00774097
3496	10561	0.00774097
10561	10562	0.00771055
213	10562	0.00771055
10562	10563	0.00769813
10430	10563	0.00769813
2813	10564	0.00764836
10563	10564	0.00764836
10564	10565	0.00764181
1526	10565	0.00764181
10565	10566	0.00763894
4600	10566	0.00763894
10566	10567	0.00763245
3595	10567	0.00763245
10567	10568	0.00762172
4019	10568	0.00762172
8692	10569	0.00761507
10568	10569	0.00761507
8583	10570	0.00761115
10569	10570	0.00761115
1307	10571	0.00760846
10570	10571	0.00760846
4440	10572	0.00760175
10571	10572	0.00760175
10572	10573	0.00759238
4989	10573	0.00759238
10573	10574	0.00758555
10427	10574	0.00758555
4166	10575	0.00758159
10574	10575	0.00758159
5459	10576	0.00757701
10575	10576	0.00757701
6018	10577	0.00755696
10576	10577	0.00755696
10577	10578	0.00754932
4372	10578	0.00754932
1932	10579	0.00754264
10578	10579	0.00754264
4112	10580	0.00753763
10579	10580	0.00753763
5546	10581	0.00752923
10580	10581	0.00752923
5094	10581	0.00752923
10581	10582	0.00752828
2590	10582	0.00752828
2619	10582	0.00752828
1852	10583	0.00752736
5461	10583	0.00752736
10582	10583	0.00752736
10583	10584	0.00752271
1370	10584	0.00752271
10584	10585	0.00751874
5056	10585	0.00751874
10585	10586	0.00751397
429	10586	0.00751397
10586	10587	0.00750921
1982	10587	0.00750921
10587	10588	0.00749395
5518	10588	0.00749395
10588	10589	0.00749327
1721	10589	0.00749327
10589	10590	0.0074864
2276	10590	0.0074864
3503	10591	0.00748176
10590	10591	0.00748176
10591	10592	0.00747982
2449	10592	0.00747982
10592	10593	0.00747886
2570	10593	0.00747886
1213	10594	0.00747598
10593	10594	0.00747598
5916	10595	0.00747391
10594	10595	0.00747391
10595	10596	0.00746823
2306	10596	0.00746823
10596	10597	0.0074664
3120	10597	0.0074664
10597	10598	0.00746167
2415	10598	0.00746167
372	10599	0.00745011
10598	10599	0.00745011
10599	10600	0.00744929
5929	10600	0.00744929
10600	10601	0.00741296
2536	10601	0.00741296
10429	10601	0.00741296
10601	10602	0.00738825
1476	10602	0.00738825
10602	10603	0.00738043
1969	10603	0.00738043
3806	10604	0.00736223
10603	10604	0.00736223
10604	10605	0.00736154
2161	10605	0.00736154
10605	10606	0.00735852
5685	10606	0.00735852
10606	10607	0.00735576
4059	10607	0.00735576
3079	10608	0.00734805
10607	10608	0.00734805
4159	10609	0.00733664
10608	10609	0.00733664
5997	10610	0.00733387
10609	10610	0.00733387
10610	10611	0.00732331
3256	10611	0.00732331
10611	10612	0.00730133
5478	10612	0.00730133
10612	10613	0.00729835
3455	10613	0.00729835
10613	10614	0.00729569
90	10614	0.00729569
10614	10615	0.00728702
2625	10615	0.00728702
1836	10615	0.00728702
8827	10616	0.0072795
10615	10616	0.0072795
10616	10617	0.00727647
3416	10617	0.00727647
2033	10618	0.00727558
10617	10618	0.00727558
10618	10619	0.0072726
5747	10619	0.0072726
10619	10620	0.00726021
10428	10620	0.00726021
10620	10621	0.00725177
269	10621	0.00725177
10621	10622	0.00724791
681	10622	0.00724791
3965	10622	0.00724791
4990	10623	0.00723934
10622	10623	0.00723934
10623	10624	0.00723167
1118	10624	0.00723167
3219	10624	0.00723167
5071	10625	0.00722886
10624	10625	0.00722886
3530	10625	0.00722886
2407	10626	0.0072126
10625	10626	0.0072126
10626	10627	0.00721171
3093	10627	0.00721171
1926	10628	0.00720598
10627	10628	0.00720598
4674	10629	0.00719547
10628	10629	0.00719547
1170	10629	0.00719547
4665	10629	0.00719547
10629	10630	0.00718783
2690	10630	0.00718783
3620	10631	0.00718313
10630	10631	0.00718313
8809	10632	0.00717449
10631	10632	0.00717449
10632	10633	0.00717262
1309	10633	0.00717262
5264	10634	0.00716796
10633	10634	0.00716796
10634	10635	0.0071545
3807	10635	0.0071545
10635	10636	0.00714885
2957	10636	0.00714885
1464	10637	0.0071411
10636	10637	0.0071411
10637	10638	0.00713727
560	10638	0.00713727
8536	10639	0.00713347
3830	10639	0.00713347
10638	10639	0.00713347
10639	10640	0.00713064
5074	10640	0.00713064
10640	10641	0.00712961
3308	10641	0.00712961
938	10642	0.00712876
10641	10642	0.00712876
122	10643	0.00712393
10642	10643	0.00712393
640	10644	0.00712304
10643	10644	0.00712304
5084	10644	0.00712304
3739	10645	0.0071182
10644	10645	0.0071182
10645	10646	0.00711722
788	10646	0.00711722
2834	10647	0.00711346
10646	10647	0.00711346
10647	10648	0.00711066
3862	10648	0.00711066
10648	10649	0.00709153
8745	10649	0.00709153
10649	10650	0.00705948
963	10650	0.00705948
6207	10651	0.00705439
10650	10651	0.00705439
2229	10651	0.00705439
10651	10652	0.00704378
342	10652	0.00704378
3629	10653	0.00703441
10652	10653	0.00703441
4747	10654	0.00702491
10653	10654	0.00702491
10654	10655	0.00701608
1840	10655	0.00701608
10655	10656	0.00701343
4254	10656	0.00701343
10656	10657	0.00701139
4338	10657	0.00701139
5317	10658	0.00700679
10657	10658	0.00700679
10658	10659	0.00699425
10425	10659	0.00699425
1981	10660	0.00696861
10659	10660	0.00696861
8823	10661	0.00696275
10660	10661	0.00696275
2298	10661	0.00696275
3113	10662	0.00695614
10661	10662	0.00695614
1054	10662	0.00695614
8804	10663	0.00694283
10662	10663	0.00694283
10663	10664	0.00694172
6030	10664	0.00694172
4616	10665	0.00692743
10664	10665	0.00692743
8604	10666	0.00692175
10665	10666	0.00692175
10666	10667	0.00691881
2825	10667	0.00691881
1648	10668	0.0069151
10667	10668	0.0069151
1466	10669	0.00691315
10668	10669	0.00691315
10669	10670	0.00689891
1788	10670	0.00689891
3729	10671	0.00689602
10670	10671	0.00689602
8820	10672	0.00688081
10671	10672	0.00688081
4225	10673	0.00687707
10672	10673	0.00687707
8759	10674	0.00686539
10673	10674	0.00686539
2873	10675	0.00685873
10674	10675	0.00685873
10675	10676	0.00685792
3826	10676	0.00685792
10676	10677	0.00685225
2159	10677	0.00685225
6010	10678	0.0068455
10677	10678	0.0068455
10678	10679	0.0068377
4045	10679	0.0068377
8817	10680	0.00683588
10679	10680	0.00683588
4267	10681	0.00683306
10680	10681	0.00683306
10681	10682	0.00683021
886	10682	0.00683021
10682	10683	0.00682551
4938	10683	0.00682551
10683	10684	0.00682071
999	10684	0.00682071
5589	10684	0.00682071
1093	10685	0.00786775
261	10685	0.00786775
534	10686	0.00789653
719	10686	0.00789653
573	10687	0.00685113
1693	10687	0.00685113
2967	10688	0.00812239
3116	10688	0.00812239
4933	10689	0.00798318
3022	10689	0.00798318
2402	10690	0.0075579
10689	10690	0.0075579
10690	10691	0.00699056
1946	10691	0.00699056
4313	10692	0.00681401
2375	10692	0.00681401
6011	10693	0.00752632
3507	10693	0.00752632
4390	10694	0.00679397
10684	10694	0.00679397
10694	10695	0.00679304
4727	10695	0.00679304
10695	10696	0.0067911
1386	10696	0.0067911
10696	10697	0.00677003
2171	10697	0.00677003
5038	10698	0.00676896
5398	10698	0.00676896
10697	10698	0.00676896
10698	10699	0.00676068
4818	10699	0.00676068
3231	10700	0.00675594
3295	10700	0.00675594
10699	10700	0.00675594
10700	10701	0.00674534
1798	10701	0.00674534
5032	10701	0.00674534
4632	10702	0.00672818
4827	10702	0.00672818
10701	10702	0.00672818
10702	10703	0.00671667
4442	10703	0.00671667
3056	10704	0.0067045
10703	10704	0.0067045
10704	10705	0.00670061
4602	10705	0.00670061
10705	10706	0.00669664
5503	10706	0.00669664
266	10706	0.00669664
5908	10706	0.00669664
3118	10706	0.00669664
10691	10706	0.00669664
5353	10707	0.00668903
10706	10707	0.00668903
10707	10708	0.00668719
3138	10708	0.00668719
5481	10709	0.00668524
10708	10709	0.00668524
10709	10710	0.00668427
1149	10710	0.00668427
4767	10711	0.00667951
10710	10711	0.00667951
5101	10712	0.00667673
10711	10712	0.00667673
10712	10713	0.00665769
1447	10713	0.00665769
5306	10714	0.00665191
10713	10714	0.00665191
10714	10715	0.00665005
2725	10715	0.00665005
6057	10715	0.00665005
10715	10716	0.0066491
796	10716	0.0066491
10716	10717	0.00664615
1298	10717	0.00664615
2385	10718	0.00663945
10717	10718	0.00663945
10718	10719	0.0066204
3886	10719	0.0066204
2904	10720	0.00661846
10719	10720	0.00661846
10720	10721	0.00661756
4490	10721	0.00661756
10422	10721	0.00661756
10450	10722	0.00661571
10721	10722	0.00661571
2270	10723	0.00661168
10722	10723	0.00661168
8815	10724	0.00660904
10723	10724	0.00660904
10724	10725	0.00659742
1857	10725	0.00659742
2436	10726	0.00659386
10725	10726	0.00659386
10726	10727	0.00659089
1403	10727	0.00659089
2303	10728	0.00658909
10727	10728	0.00658909
10728	10729	0.00658513
8792	10729	0.00658513
4026	10730	0.00656414
10729	10730	0.00656414
10730	10731	0.0065603
1576	10731	0.0065603
1577	10732	0.0065421
10731	10732	0.0065421
10732	10733	0.00653362
5213	10733	0.00653362
10733	10734	0.00653266
94	10734	0.00653266
2468	10735	0.00652517
10734	10735	0.00652517
5120	10736	0.00652221
10735	10736	0.00652221
10736	10737	0.00650604
306	10737	0.00650604
10737	10738	0.00650215
4018	10738	0.00650215
10738	10739	0.00649664
983	10739	0.00649664
260	10740	0.00649164
10739	10740	0.00649164
10740	10741	0.00648689
1231	10741	0.00648689
10741	10742	0.00648505
2973	10742	0.00648505
10742	10743	0.00648396
603	10743	0.00648396
4801	10744	0.00648022
10743	10744	0.00648022
10744	10745	0.00647552
3301	10745	0.00647552
1872	10746	0.0064297
10745	10746	0.0064297
4535	10747	0.00642013
10746	10747	0.00642013
10687	10747	0.00642013
10747	10748	0.00641914
2831	10748	0.00641914
4327	10749	0.0064163
10748	10749	0.0064163
10749	10750	0.00640108
2863	10750	0.00640108
3021	10751	0.00639722
10750	10751	0.00639722
623	10752	0.00638961
10751	10752	0.00638961
8785	10753	0.00638669
10752	10753	0.00638669
10753	10754	0.00638581
1980	10754	0.00638581
10754	10755	0.00637534
2392	10755	0.00637534
6147	10756	0.00637059
10755	10756	0.00637059
3974	10757	0.00636974
10756	10757	0.00636974
8537	10758	0.00635812
10757	10758	0.00635812
10758	10759	0.00634861
4889	10759	0.00634861
2187	10760	0.006319
10759	10760	0.006319
10760	10761	0.00630364
1379	10761	0.00630364
10761	10762	0.00629801
2934	10762	0.00629801
2841	10763	0.00629137
10762	10763	0.00629137
2236	10763	0.00629137
10763	10764	0.00627988
5122	10764	0.00627988
8438	10765	0.00627613
10764	10765	0.00627613
8657	10766	0.00625811
10765	10766	0.00625811
1841	10767	0.00625523
387	10767	0.00625523
10766	10767	0.00625523
1321	10768	0.00624179
10767	10768	0.00624179
5866	10769	0.00623432
10768	10769	0.00623432
2053	10770	0.00622654
10769	10770	0.00622654
2821	10770	0.00622654
1108	10771	0.00622259
10770	10771	0.00622259
10771	10772	0.00622095
4652	10772	0.00622095
1362	10773	0.00621891
5125	10773	0.00621891
10772	10773	0.00621891
4235	10774	0.00619412
10773	10774	0.00619412
4315	10775	0.00618163
8571	10775	0.00618163
10774	10775	0.00618163
1283	10775	0.00618163
5366	10776	0.00621419
1604	10776	0.00621419
2865	10777	0.006176
10775	10777	0.006176
10777	10778	0.00616642
3369	10778	0.00616642
10778	10779	0.00616558
532	10779	0.00616558
10779	10780	0.00615122
1949	10780	0.00615122
10780	10781	0.00614928
2526	10781	0.00614928
10781	10782	0.00614643
1290	10782	0.00614643
2980	10783	0.00614453
10782	10783	0.00614453
801	10783	0.00614453
8674	10784	0.00614179
10783	10784	0.00614179
4948	10785	0.00614067
10784	10785	0.00614067
10785	10786	0.00613214
18	10786	0.00613214
2759	10786	0.00613214
670	10786	0.00613214
4329	10786	0.00613214
2231	10786	0.00613214
10776	10786	0.00613214
5628	10787	0.00611777
10786	10787	0.00611777
4405	10788	0.00648882
10688	10788	0.00648882
5920	10789	0.00650026
5400	10789	0.00650026
10787	10790	0.00610159
1192	10790	0.00610159
10790	10791	0.00609879
2897	10791	0.00609879
10791	10792	0.00606641
910	10792	0.00606641
10792	10793	0.00606049
2952	10793	0.00606049
8396	10794	0.00605114
5680	10794	0.00605114
10793	10794	0.00605114
1279	10795	0.00604821
5422	10795	0.00604821
10794	10795	0.00604821
8760	10795	0.00604821
10795	10796	0.00603761
4899	10796	0.00603761
10796	10797	0.00602734
3137	10797	0.00602734
10797	10798	0.00601191
2457	10798	0.00601191
10798	10799	0.00600348
2394	10799	0.00600348
10799	10800	0.00599199
1166	10800	0.00599199
10800	10801	0.00598805
934	10801	0.00598805
1660	10801	0.00598805
8813	10802	0.0059872
10801	10802	0.0059872
5500	10803	0.00598517
10802	10803	0.00598517
10803	10804	0.00598436
2232	10804	0.00598436
2176	10805	0.00598144
10804	10805	0.00598144
4346	10806	0.0059738
10805	10806	0.0059738
3163	10807	0.00595948
10806	10807	0.00595948
10807	10808	0.00595656
6069	10808	0.00595656
10686	10809	0.00604174
4341	10809	0.00604174
2371	10810	0.00595288
10808	10810	0.00595288
1889	10811	0.00594715
10810	10811	0.00594715
10811	10812	0.00594333
1373	10812	0.00594333
10812	10813	0.00594233
227	10813	0.00594233
593	10814	0.00593953
5026	10814	0.00593953
10813	10814	0.00593953
30	10815	0.0059347
10814	10815	0.0059347
10815	10816	0.00593282
2012	10816	0.00593282
4004	10817	0.0059195
10816	10817	0.0059195
10817	10818	0.00591373
2311	10818	0.00591373
10685	10819	0.00589844
10789	10819	0.00589844
10818	10820	0.00589181
3737	10820	0.00589181
10820	10821	0.00588603
3662	10821	0.00588603
270	10822	0.00588028
10821	10822	0.00588028
10822	10823	0.0058794
588	10823	0.0058794
10823	10824	0.00587754
10692	10824	0.00587754
10824	10825	0.00586696
1111	10825	0.00586696
10819	10825	0.00586696
10809	10825	0.00586696
195	10826	0.00586032
10825	10826	0.00586032
10826	10827	0.00585461
5061	10827	0.00585461
10827	10828	0.00585368
6044	10828	0.00585368
5645	10829	0.00582981
10828	10829	0.00582981
10693	10830	0.00583076
6048	10830	0.00583076
3578	10831	0.00582599
10829	10831	0.00582599
4807	10832	0.00582414
1985	10832	0.00582414
10831	10832	0.00582414
10426	10833	0.00582227
10832	10833	0.00582227
8739	10834	0.00581837
10833	10834	0.00581837
2538	10835	0.00579073
10834	10835	0.00579073
10835	10836	0.00577453
4153	10836	0.00577453
10836	10837	0.00577162
1144	10837	0.00577162
10837	10838	0.00576398
1448	10838	0.00576398
10838	10839	0.00576214
1583	10839	0.00576214
10839	10840	0.00575638
3508	10840	0.00575638
8756	10841	0.00574971
10840	10841	0.00574971
10449	10842	0.00573825
10841	10842	0.00573825
8819	10843	0.00573068
352	10843	0.00573068
5329	10843	0.00573068
10842	10843	0.00573068
2283	10844	0.00572861
10843	10844	0.00572861
1069	10845	0.00571442
10844	10845	0.00571442
2304	10845	0.00571442
10845	10846	0.00571151
2046	10846	0.00571151
10846	10847	0.00570965
293	10847	0.00570965
10847	10848	0.00570678
1469	10848	0.00570678
3087	10849	0.00570197
10848	10849	0.00570197
10849	10850	0.00570108
3028	10850	0.00570108
10850	10851	0.00569247
3832	10851	0.00569247
8774	10852	0.00569164
10851	10852	0.00569164
10852	10853	0.00566196
3264	10853	0.00566196
10853	10854	0.00566004
378	10854	0.00566004
124	10855	0.00564864
10854	10855	0.00564864
10855	10856	0.00564759
2428	10856	0.00564759
2954	10857	0.0056448
10856	10857	0.0056448
4681	10858	0.00563814
10857	10858	0.00563814
2685	10859	0.00563615
10858	10859	0.00563615
2676	10860	0.00562573
10859	10860	0.00562573
8830	10861	0.00561343
10860	10861	0.00561343
2441	10862	0.00560751
10861	10862	0.00560751
10862	10863	0.00559515
5801	10863	0.00559515
10863	10864	0.00558658
5153	10864	0.00558658
10864	10865	0.00558463
561	10865	0.00558463
10788	10865	0.00558463
762	10866	0.00558184
10865	10866	0.00558184
10866	10867	0.00557131
314	10867	0.00557131
3374	10868	0.00556661
10867	10868	0.00556661
10868	10869	0.00556189
1237	10869	0.00556189
10869	10870	0.005558
10830	10870	0.005558
970	10871	0.00776673
3362	10871	0.00776673
1502	10872	0.00619126
2575	10872	0.00619126
4548	10873	0.00738528
2044	10873	0.00738528
2109	10874	0.00785944
4277	10874	0.00785944
1784	10875	0.00500198
3442	10875	0.00500198
10870	10876	0.00555218
3109	10876	0.00555218
4865	10877	0.00554561
10876	10877	0.00554561
4249	10878	0.00554183
10877	10878	0.00554183
10878	10879	0.00553322
4839	10879	0.00553322
3135	10880	0.00553225
10879	10880	0.00553225
10880	10881	0.00552266
336	10881	0.00552266
2257	10882	0.00552174
10881	10882	0.00552174
10882	10883	0.00551798
1429	10883	0.00551798
2652	10884	0.00551605
10883	10884	0.00551605
10884	10885	0.0055132
8801	10885	0.0055132
10885	10886	0.0055112
2543	10886	0.0055112
10886	10887	0.00550554
1933	10887	0.00550554
10887	10888	0.0055046
1623	10888	0.0055046
10888	10889	0.00549509
1124	10889	0.00549509
3885	10890	0.00548068
10889	10890	0.00548068
10890	10891	0.00547314
1726	10891	0.00547314
6081	10892	0.00545022
1037	10892	0.00545022
10891	10892	0.00545022
10892	10893	0.0054474
2817	10893	0.0054474
2920	10894	0.00544636
10893	10894	0.00544636
860	10895	0.00543691
10894	10895	0.00543691
10895	10896	0.00542928
1998	10896	0.00542928
4844	10897	0.00542358
10896	10897	0.00542358
2004	10898	0.00542156
10897	10898	0.00542156
10898	10899	0.00541883
2028	10899	0.00541883
3718	10900	0.00540543
10899	10900	0.00540543
10445	10901	0.00540069
10900	10901	0.00540069
10448	10902	0.0053997
10901	10902	0.0053997
10439	10903	0.00539876
10902	10903	0.00539876
6270	10904	0.00539129
10903	10904	0.00539129
6111	10905	0.0053768
10904	10905	0.0053768
5356	10906	0.00536832
10905	10906	0.00536832
10906	10907	0.00536633
4155	10907	0.00536633
10907	10908	0.00535582
3306	10908	0.00535582
705	10909	0.00535487
10908	10909	0.00535487
1065	10910	0.00535204
10909	10910	0.00535204
574	10911	0.00534817
10910	10911	0.00534817
1854	10912	0.00534057
10911	10912	0.00534057
5566	10913	0.00533871
10912	10913	0.00533871
10913	10914	0.00533008
1546	10914	0.00533008
5832	10915	0.00532624
10914	10915	0.00532624
10915	10916	0.00532436
8717	10916	0.00532436
10916	10917	0.00532052
2540	10917	0.00532052
2609	10918	0.00531958
10917	10918	0.00531958
10918	10919	0.00531006
1584	10919	0.00531006
10919	10920	0.00530638
1330	10920	0.00530638
10920	10921	0.00528812
404	10921	0.00528812
2300	10922	0.00528234
10921	10922	0.00528234
10446	10923	0.00516702
1569	10923	0.00516702
10922	10924	0.00527851
5388	10924	0.00527851
10924	10925	0.0052767
2943	10925	0.0052767
8821	10926	0.00527478
8789	10926	0.00527478
10925	10926	0.00527478
10926	10927	0.00525663
3505	10927	0.00525663
1274	10928	0.00525571
10927	10928	0.00525571
10928	10929	0.00524517
5790	10929	0.00524517
10929	10930	0.00524236
3099	10930	0.00524236
10930	10931	0.0052414
2927	10931	0.0052414
10931	10932	0.00523951
616	10932	0.00523951
4843	10933	0.00522024
10932	10933	0.00522024
2127	10934	0.00521852
1132	10934	0.00521852
10933	10934	0.00521852
10934	10935	0.00521659
5381	10935	0.00521659
4915	10935	0.00521659
10935	10936	0.00520707
5086	10936	0.00520707
3733	10937	0.00520232
10936	10937	0.00520232
2971	10938	0.00519766
10937	10938	0.00519766
5407	10939	0.00519654
10938	10939	0.00519654
10939	10940	0.00518896
5842	10940	0.00518896
2048	10941	0.00517476
10940	10941	0.00517476
10941	10942	0.0051679
2735	10942	0.0051679
10444	10943	0.00516133
10942	10943	0.00516133
2064	10944	0.00526143
5798	10944	0.00526143
5903	10945	0.00515175
10923	10945	0.00515175
10943	10945	0.00515175
10945	10946	0.0051442
3169	10946	0.0051442
8799	10947	0.00514122
10946	10947	0.00514122
10947	10948	0.00513843
5419	10948	0.00513843
4612	10949	0.00512794
10948	10949	0.00512794
5266	10950	0.0051232
10949	10950	0.0051232
10950	10951	0.00511933
5484	10951	0.00511933
5994	10952	0.00511348
10951	10952	0.00511348
8783	10953	0.00511259
10952	10953	0.00511259
2521	10954	0.00510411
10953	10954	0.00510411
5555	10955	0.00510209
10954	10955	0.00510209
10955	10956	0.00509828
5985	10956	0.00509828
4646	10957	0.00508885
10956	10957	0.00508885
10957	10958	0.00508691
10944	10958	0.00508691
10958	10959	0.0050793
10872	10959	0.0050793
10959	10960	0.00507832
8730	10960	0.00507832
2320	10961	0.0050678
10960	10961	0.0050678
5532	10962	0.0050649
10961	10962	0.0050649
516	10963	0.00505063
10962	10963	0.00505063
1183	10963	0.00505063
10963	10964	0.00504876
1220	10964	0.00504876
1258	10964	0.00504876
10964	10965	0.00504303
8574	10965	0.00504303
460	10966	0.0050345
10965	10966	0.0050345
3625	10966	0.0050345
10966	10967	0.00502878
5408	10967	0.00502878
6230	10968	0.00502589
10967	10968	0.00502589
8719	10969	0.00500492
10968	10969	0.00500492
10969	10970	0.00498108
5180	10970	0.00498108
5485	10971	0.00497152
10970	10971	0.00497152
8715	10972	0.00497055
4909	10972	0.00497055
2921	10972	0.00497055
10971	10972	0.00497055
3024	10973	0.00496961
10972	10973	0.00496961
3994	10974	0.00496765
10973	10974	0.00496765
8803	10975	0.00495913
10974	10975	0.00495913
10975	10976	0.00495242
4455	10976	0.00495242
10976	10977	0.00494291
3929	10977	0.00494291
10977	10978	0.00494196
626	10978	0.00494196
4557	10979	0.00493336
10978	10979	0.00493336
8731	10980	0.00492957
10979	10980	0.00492957
10980	10981	0.00492765
135	10981	0.00492765
10981	10982	0.00489124
10871	10982	0.00489124
4694	10983	0.00488471
10982	10983	0.00488471
10983	10984	0.00488277
3030	10984	0.00488277
10984	10985	0.00487702
6038	10985	0.00487702
10985	10986	0.00487524
5977	10986	0.00487524
1508	10986	0.00487524
6068	10987	0.00486663
10986	10987	0.00486663
10987	10988	0.00486565
4587	10988	0.00486565
4342	10989	0.00486182
10988	10989	0.00486182
5802	10990	0.00485985
10989	10990	0.00485985
3410	10991	0.00485706
10990	10991	0.00485706
8826	10992	0.00484371
10991	10992	0.00484371
10992	10993	0.00484087
5987	10993	0.00484087
348	10994	0.00482738
10993	10994	0.00482738
1058	10995	0.00482081
10994	10995	0.00482081
816	10996	0.00481512
10995	10996	0.00481512
10996	10997	0.00481323
1267	10997	0.00481323
5746	10998	0.00480177
10997	10998	0.00480177
833	10999	0.00479891
10998	10999	0.00479891
660	11000	0.00479697
10999	11000	0.00479697
2742	11001	0.00479225
3871	11001	0.00479225
11000	11001	0.00479225
1738	11002	0.00478363
11001	11002	0.00478363
11002	11003	0.00476747
5291	11003	0.00476747
5861	11004	0.00475981
11003	11004	0.00475981
3319	11005	0.00475878
11004	11005	0.00475878
4163	11006	0.0047522
11005	11006	0.0047522
1254	11007	0.00474642
11006	11007	0.00474642
5082	11008	0.00474069
11007	11008	0.00474069
4986	11009	0.00473789
11008	11009	0.00473789
11009	11010	0.00473122
1489	11010	0.00473122
11010	11011	0.00472929
3326	11011	0.00472929
11011	11012	0.00472163
4430	11012	0.00472163
4879	11013	0.00471877
11012	11013	0.00471877
10443	11014	0.00471497
11013	11014	0.00471497
11014	11015	0.00469315
10874	11015	0.00469315
11015	11016	0.00467577
8706	11016	0.00467577
11016	11017	0.00467403
1523	11017	0.00467403
11017	11018	0.00465876
1121	11018	0.00465876
11018	11019	0.0046129
6024	11019	0.0046129
874	11020	0.00459958
11019	11020	0.00459958
3058	11020	0.00459958
3834	11021	0.00459571
11020	11021	0.00459571
2820	11022	0.00458623
11021	11022	0.00458623
11022	11023	0.0045805
612	11023	0.0045805
4210	11024	0.00457761
11023	11024	0.00457761
2945	11025	0.00457565
11024	11025	0.00457565
11025	11026	0.00457481
5383	11026	0.00457481
5725	11027	0.00457002
11026	11027	0.00457002
11027	11028	0.00455571
1580	11028	0.00455571
6113	11029	0.00454712
11028	11029	0.00454712
5111	11030	0.00452994
11029	11030	0.00452994
11030	11031	0.00452705
2098	11031	0.00452705
11031	11032	0.00452518
1605	11032	0.00452518
11032	11033	0.00450698
4773	11033	0.00450698
6144	11034	0.0045042
11033	11034	0.0045042
11034	11035	0.00449944
4555	11035	0.00449944
11035	11036	0.0044965
2405	11036	0.0044965
285	11037	0.00449465
11036	11037	0.00449465
1017	11038	0.00449371
11037	11038	0.00449371
11038	11039	0.00448798
2914	11039	0.00448798
8528	11040	0.00448414
11039	11040	0.00448414
11040	11041	0.00447077
3663	11041	0.00447077
143	11042	0.0043993
2701	11042	0.0043993
2744	11043	0.00444602
11041	11043	0.00444602
1105	11044	0.00443839
11043	11044	0.00443839
11044	11045	0.00442873
4439	11045	0.00442873
1285	11046	0.00442789
11045	11046	0.00442789
5573	11047	0.00442685
4627	11047	0.00442685
11046	11047	0.00442685
3562	11048	0.00442503
11047	11048	0.00442503
236	11049	0.00441753
11048	11049	0.00441753
2245	11050	0.00441646
11049	11050	0.00441646
6056	11051	0.00441552
11050	11051	0.00441552
11051	11052	0.0044107
767	11052	0.0044107
5857	11053	0.00440507
11052	11053	0.00440507
10442	11054	0.00439172
11053	11054	0.00439172
11054	11055	0.00438498
2620	11055	0.00438498
4284	11056	0.00438405
11055	11056	0.00438405
4874	11057	0.00437636
11056	11057	0.00437636
6208	11058	0.00434303
11057	11058	0.00434303
2734	11059	0.00433642
11058	11059	0.00433642
11059	11060	0.00433259
4060	11060	0.00433259
11060	11061	0.00432585
4653	11061	0.00432585
6032	11061	0.00432585
11061	11062	0.00431824
8448	11062	0.00431824
2310	11062	0.00431824
6004	11063	0.00430679
11062	11063	0.00430679
147	11064	0.00430489
11063	11064	0.00430489
11064	11065	0.0043001
3791	11065	0.0043001
5968	11066	0.00429155
11065	11066	0.00429155
2103	11067	0.00429069
11066	11067	0.00429069
1814	11068	0.00428588
11067	11068	0.00428588
11068	11069	0.00428482
5917	11069	0.00428482
5844	11070	0.00426962
11069	11070	0.00426962
2142	11071	0.0042591
11070	11071	0.0042591
6042	11072	0.00425624
11071	11072	0.00425624
5907	11073	0.00425338
11072	11073	0.00425338
1358	11074	0.00422668
5232	11074	0.00422668
11073	11074	0.00422668
1427	11075	0.00422401
11074	11075	0.00422401
941	11076	0.00422001
11075	11076	0.00422001
4131	11077	0.00421521
4786	11077	0.00421521
11076	11077	0.00421521
4236	11078	0.00420093
11077	11078	0.00420093
11078	11079	0.0041991
10873	11079	0.0041991
1530	11080	0.00419045
11079	11080	0.00419045
11080	11081	0.00418282
3920	11081	0.00418282
362	11082	0.00418091
11081	11082	0.00418091
11082	11083	0.00417706
1475	11083	0.00417706
2599	11084	0.00417613
11083	11084	0.00417613
11084	11085	0.00416084
205	11085	0.00416084
11085	11086	0.00415613
170	11086	0.00415613
11086	11087	0.00415325
2567	11087	0.00415325
11042	11088	0.00415131
11087	11088	0.00415131
1953	11089	0.00413891
11088	11089	0.00413891
11089	11090	0.00413605
104	11090	0.00413605
11090	11091	0.00413419
1819	11091	0.00413419
3525	11092	0.00412847
11091	11092	0.00412847
10875	11093	0.00412748
5727	11093	0.00412748
11092	11093	0.00412748
3704	11094	0.00412462
11093	11094	0.00412462
11094	11095	0.00411418
2123	11095	0.00411418
8499	11096	0.00409601
11095	11096	0.00409601
4885	11097	0.00406833
11096	11097	0.00406833
11097	11098	0.00406454
1153	11098	0.00406454
1380	11099	0.00406074
11098	11099	0.00406074
5957	11100	0.00405408
11099	11100	0.00405408
11100	11101	0.00405222
1606	11101	0.00405222
5458	11101	0.00405222
4498	11102	0.00408082
5342	11102	0.00408082
11101	11103	0.00404928
4294	11103	0.00404928
1607	11104	0.00402924
11103	11104	0.00402924
77	11105	0.00399399
11104	11105	0.00399399
741	11106	0.00398823
11105	11106	0.00398823
1051	11107	0.00394152
11106	11107	0.00394152
11107	11108	0.00392914
3630	11108	0.00392914
174	11109	0.00392819
11108	11109	0.00392819
8687	11110	0.00392438
11109	11110	0.00392438
4783	11111	0.00388816
11110	11111	0.00388816
11111	11112	0.00387284
199	11112	0.00387284
8734	11113	0.00386524
11112	11113	0.00386524
4101	11114	0.00386336
11113	11114	0.00386336
4500	11115	0.0038519
11114	11115	0.0038519
5641	11116	0.0038481
11115	11116	0.0038481
10447	11117	0.00384523
11116	11117	0.00384523
11117	11118	0.00384335
630	11118	0.00384335
11118	11119	0.00384051
2836	11119	0.00384051
11102	11119	0.00384051
703	11120	0.0038395
11119	11120	0.0038395
1602	11121	0.00382044
11120	11121	0.00382044
1123	11121	0.00382044
2562	11122	0.00380894
11121	11122	0.00380894
11122	11123	0.003808
3127	11123	0.003808
5642	11124	0.0038032
11123	11124	0.0038032
1071	11124	0.0038032
5076	11125	0.00379849
11124	11125	0.00379849
3427	11126	0.00379467
11125	11126	0.00379467
2269	11127	0.00377846
4152	11127	0.00377846
11126	11127	0.00377846
1424	11128	0.00377558
11127	11128	0.00377558
11128	11129	0.00376896
3924	11129	0.00376896
303	11130	0.00376699
11129	11130	0.00376699
11130	11131	0.00375465
8614	11131	0.00375465
3984	11132	0.0037479
11131	11132	0.0037479
4376	11133	0.00373831
11132	11133	0.00373831
6009	11134	0.00373366
2056	11134	0.00373366
11133	11134	0.00373366
8672	11135	0.00373269
11134	11135	0.00373269
11135	11136	0.00373173
3934	11136	0.00373173
11136	11137	0.00371362
1430	11137	0.00371362
11137	11138	0.00368977
1948	11138	0.00368977
11138	11139	0.00368692
853	11139	0.00368692
6053	11139	0.00368692
5024	11140	0.00368498
11139	11140	0.00368498
8668	11141	0.00367066
11140	11141	0.00367066
11141	11142	0.00365065
374	11142	0.00365065
3450	11143	0.00364779
4939	11143	0.00364779
11142	11143	0.00364779
11143	11144	0.00364497
6006	11144	0.00364497
2207	11145	0.00363541
11144	11145	0.00363541
3349	11146	0.00362497
11145	11146	0.00362497
5062	11147	0.00362114
11146	11147	0.00362114
10440	11148	0.00361731
8812	11148	0.00361731
11147	11148	0.00361731
4424	11149	0.00361441
11148	11149	0.00361441
5227	11150	0.00360677
11149	11150	0.00360677
3889	11151	0.00360104
11150	11151	0.00360104
1601	11152	0.00360008
11151	11152	0.00360008
5660	11153	0.00359726
11152	11153	0.00359726
5001	11154	0.00531102
469	11154	0.00531102
4962	11155	0.00500105
4651	11155	0.00500105
4811	11156	0.00258541
5738	11156	0.00258541
11156	11157	0.00242614
5605	11157	0.00242614
11157	11158	0.00196362
4756	11158	0.00196362
11158	11159	0.00194836
2223	11159	0.00194836
11159	11160	0.00182628
5740	11160	0.00182628
11160	11161	0.00175858
4486	11161	0.00175858
11161	11162	0.00152206
5480	11162	0.00152206
11162	11163	0.00152111
5811	11163	0.00152111
11163	11164	0.00145436
5394	11164	0.00145436
11164	11165	0.00141812
5316	11165	0.00141812
11165	11166	0.00120354
5326	11166	0.00120354
2623	11167	0.00133609
216	11167	0.00133609
5646	11168	0.00264548
3468	11168	0.00264548
569	11169	0.00226308
3054	11169	0.00226308
4768	11170	0.00161362
2684	11170	0.00161362
3857	11171	0.00307752
4831	11171	0.00307752
4732	11172	0.00215723
5240	11172	0.00215723
1280	11173	0.00131607
11172	11173	0.00131607
8417	11174	0.00263026
4085	11174	0.00263026
5453	11175	0.0030851
2479	11175	0.0030851
4217	11176	0.00354297
1590	11176	0.00354297
1587	11177	0.00321006
823	11177	0.00321006
5765	11178	0.00329302
3098	11178	0.00329302
1884	11179	0.00336079
8508	11179	0.00336079
3631	11180	0.00315286
5726	11180	0.00315286
8686	11181	0.00359054
11153	11181	0.00359054
3980	11182	0.00358484
11181	11182	0.00358484
4050	11183	0.0035801
11182	11183	0.0035801
5174	11183	0.0035801
3187	11184	0.00357438
11183	11184	0.00357438
2780	11185	0.00356777
11184	11185	0.00356777
2459	11186	0.00356291
11185	11186	0.00356291
6201	11187	0.00356104
11186	11187	0.00356104
1795	11188	0.00355817
11187	11188	0.00355817
3566	11189	0.00355721
11188	11189	0.00355721
5009	11190	0.00355527
11189	11190	0.00355527
8353	11191	0.00352669
11190	11191	0.00352669
235	11192	0.00351042
11191	11192	0.00351042
10433	11193	0.00350858
11192	11193	0.00350858
8658	11194	0.00349905
11193	11194	0.00349905
5526	11195	0.00349137
11194	11195	0.00349137
3373	11196	0.00348661
11195	11196	0.00348661
11196	11197	0.00347805
8764	11197	0.00347805
4928	11198	0.00347145
11197	11198	0.00347145
8788	11199	0.00346942
11198	11199	0.00346942
11199	11200	0.0034647
689	11200	0.0034647
3193	11201	0.00345708
3565	11201	0.00345708
11200	11201	0.00345708
3534	11202	0.00343992
11201	11202	0.00343992
4730	11203	0.003437
11202	11203	0.003437
2633	11204	0.00342279
11203	11204	0.00342279
4316	11205	0.00343227
4718	11205	0.00343227
2736	11206	0.00340175
443	11206	0.00340175
3481	11207	0.00341514
11204	11207	0.00341514
11207	11208	0.00339219
2673	11208	0.00339219
10436	11209	0.00335215
11208	11209	0.00335215
11209	11210	0.00334837
4233	11210	0.00334837
4081	11211	0.0033426
11210	11211	0.0033426
11206	11212	0.00333019
11211	11212	0.00333019
8490	11213	0.0033245
11212	11213	0.0033245
5387	11214	0.00332356
8831	11214	0.00332356
11213	11214	0.00332356
3370	11215	0.00330061
11214	11215	0.00330061
8727	11216	0.00328543
11215	11216	0.00328543
8775	11217	0.00328064
11216	11217	0.00328064
8766	11218	0.003273
1293	11218	0.003273
11217	11218	0.003273
8790	11219	0.00326729
3055	11219	0.00326729
11218	11219	0.00326729
2434	11220	0.0032301
11219	11220	0.0032301
214	11221	0.00322152
11220	11221	0.00322152
5014	11221	0.00322152
3533	11222	0.0032091
11221	11222	0.0032091
8664	11223	0.00318814
11222	11223	0.00318814
8556	11224	0.00318337
11223	11224	0.00318337
11224	11225	0.00315569
11205	11225	0.00315569
4270	11226	0.00315286
11225	11226	0.00315286
2155	11227	0.00315092
11226	11227	0.00315092
3948	11228	0.00314619
11227	11228	0.00314619
4091	11229	0.00314424
11228	11229	0.00314424
2515	11230	0.00313377
11229	11230	0.00313377
11230	11231	0.00311565
3845	11231	0.00311565
11231	11232	0.00310709
652	11232	0.00310709
2079	11233	0.00310326
4845	11233	0.00310326
11232	11233	0.00310326
3321	11234	0.00309182
11233	11234	0.00309182
1990	11235	0.00308704
11234	11235	0.00308704
4161	11236	0.00308226
11235	11236	0.00308226
3645	11237	0.00306033
11236	11237	0.00306033
11237	11238	0.0030556
4619	11238	0.0030556
11238	11239	0.00304603
1156	11239	0.00304603
3263	11240	0.00304319
11239	11240	0.00304319
11240	11241	0.00304032
149	11241	0.00304032
264	11242	0.00301934
11241	11242	0.00301934
1212	11243	0.00301738
11242	11243	0.00301738
11243	11244	0.00300789
5265	11244	0.00300789
53	11245	0.00300214
11244	11245	0.00300214
11245	11246	0.00300122
11155	11246	0.00300122
4399	11247	0.00299838
11246	11247	0.00299838
4383	11248	0.00297358
11247	11248	0.00297358
602	11249	0.00295545
11248	11249	0.00295545
4110	11250	0.00294968
11249	11250	0.00294968
994	11251	0.00294878
648	11251	0.00294878
11250	11251	0.00294878
42	11252	0.00294685
4795	11252	0.00294685
11251	11252	0.00294685
6180	11253	0.00294399
11252	11253	0.00294399
794	11253	0.00294399
5886	11254	0.00294208
11253	11254	0.00294208
2518	11255	0.00291919
11254	11255	0.00291919
11255	11256	0.0029154
1552	11256	0.0029154
5000	11257	0.00290679
11256	11257	0.00290679
6007	11258	0.00290205
11257	11258	0.00290205
4757	11259	0.00288012
11258	11259	0.00288012
11180	11260	0.00287533
11259	11260	0.00287533
2261	11261	0.00286674
11260	11261	0.00286674
5348	11262	0.00286482
5396	11262	0.00286482
11261	11262	0.00286482
2073	11263	0.00285623
11262	11263	0.00285623
5251	11264	0.00285531
11263	11264	0.00285531
11264	11265	0.00285339
11154	11265	0.00285339
4475	11266	0.00282864
11265	11266	0.00282864
2989	11266	0.00282864
11266	11267	0.00282383
554	11267	0.00282383
5982	11268	0.00281429
11267	11268	0.00281429
2215	11269	0.00281242
11268	11269	0.00281242
8805	11270	0.00281142
4988	11270	0.00281142
11269	11270	0.00281142
5115	11271	0.00280953
11270	11271	0.00280953
11179	11272	0.00280476
11271	11272	0.00280476
932	11273	0.00280185
11272	11273	0.00280185
966	11274	0.00280093
11273	11274	0.00280093
76	11275	0.00278954
11274	11275	0.00278954
3976	11276	0.00278756
11275	11276	0.00278756
11276	11277	0.00277424
2494	11277	0.00277424
11277	11278	0.00276853
659	11278	0.00276853
791	11279	0.00275708
11278	11279	0.00275708
1853	11280	0.00273894
11279	11280	0.00273894
3253	11281	0.00273416
11280	11281	0.00273416
11281	11282	0.00273133
2814	11282	0.00273133
1038	11283	0.00272753
1335	11283	0.00272753
11282	11283	0.00272753
4021	11284	0.00272654
11283	11284	0.00272654
2164	11285	0.00271899
11284	11285	0.00271899
5904	11286	0.0027132
5499	11286	0.0027132
11285	11286	0.0027132
4717	11287	0.00271034
11286	11287	0.00271034
4968	11288	0.00270843
11287	11288	0.00270843
781	11289	0.00270653
11288	11289	0.00270653
2719	11290	0.00270558
11289	11290	0.00270558
4789	11291	0.00268267
11290	11291	0.00268267
4443	11292	0.00267697
11291	11292	0.00267697
343	11293	0.00266456
11292	11293	0.00266456
2162	11294	0.00265407
11293	11294	0.00265407
11294	11295	0.00263785
8754	11295	0.00263785
8732	11296	0.00262735
11295	11296	0.00262735
1439	11296	0.00262735
2022	11297	0.0026207
11296	11297	0.0026207
4186	11298	0.00261785
11297	11298	0.00261785
5446	11299	0.00261592
11298	11299	0.00261592
5563	11300	0.00261211
11299	11300	0.00261211
11300	11301	0.00261116
4871	11301	0.00261116
5733	11302	0.00260354
5059	11302	0.00260354
5627	11302	0.00260354
11301	11302	0.00260354
11177	11303	0.00257206
11302	11303	0.00257206
3340	11304	0.00256921
11303	11304	0.00256921
956	11305	0.0025463
11304	11305	0.0025463
10434	11306	0.00254246
2534	11306	0.00254246
25	11306	0.00254246
11305	11306	0.00254246
5978	11307	0.00253867
11306	11307	0.00253867
8800	11308	0.00253583
1300	11308	0.00253583
11307	11308	0.00253583
3111	11309	0.00253105
11308	11309	0.00253105
5833	11310	0.0025282
11309	11310	0.0025282
11310	11311	0.00252342
5288	11311	0.00252342
2180	11312	0.00251866
11311	11312	0.00251866
8755	11313	0.00251292
4157	11313	0.00251292
11312	11313	0.00251292
8787	11314	0.00250245
11313	11314	0.00250245
5214	11315	0.00249767
11314	11315	0.00249767
5100	11316	0.00249481
11315	11316	0.00249481
5268	11317	0.0024872
11316	11317	0.0024872
475	11318	0.00248434
11317	11318	0.00248434
11176	11319	0.00247766
11318	11319	0.00247766
10438	11320	0.00245475
11319	11320	0.00245475
5008	11321	0.00245
1893	11321	0.00245
11320	11321	0.00245
4740	11322	0.00235462
1837	11322	0.00235462
12	11323	0.00242233
2129	11323	0.00242233
877	11324	0.00241468
11321	11324	0.00241468
3363	11325	0.00240612
11324	11325	0.00240612
11323	11326	0.00239754
11325	11326	0.00239754
1777	11327	0.00239183
11326	11327	0.00239183
11327	11328	0.00238992
3575	11328	0.00238992
2077	11329	0.00232416
11328	11329	0.00232416
1551	11329	0.00232416
5511	11330	0.00229169
11329	11330	0.00229169
2460	11331	0.00227832
11330	11331	0.00227832
8713	11332	0.00223637
11331	11332	0.00223637
8791	11333	0.00223063
11332	11333	0.00223063
4691	11334	0.00222494
11333	11334	0.00222494
8816	11335	0.00221921
11334	11335	0.00221921
11178	11336	0.00221444
11335	11336	0.00221444
11336	11337	0.00219917
1780	11337	0.00219917
1759	11338	0.00219632
11337	11338	0.00219632
10435	11339	0.00219154
11338	11339	0.00219154
8796	11340	0.00217439
11339	11340	0.00217439
3944	11341	0.00217056
11340	11341	0.00217056
1499	11342	0.00216102
11341	11342	0.00216102
11342	11343	0.0021553
118	11343	0.0021553
1432	11344	0.0021515
11343	11344	0.0021515
4212	11345	0.00215053
11344	11345	0.00215053
3798	11346	0.00214959
11345	11346	0.00214959
4239	11347	0.00214675
11346	11347	0.00214675
5242	11348	0.00214005
11347	11348	0.00214005
3431	11349	0.00211811
11348	11349	0.00211811
3850	11350	0.00210953
11349	11350	0.00210953
2771	11351	0.00210668
11350	11351	0.00210668
8797	11352	0.00210189
11351	11352	0.00210189
11322	11353	0.00208664
11352	11353	0.00208664
11353	11354	0.00206565
4441	11354	0.00206565
4832	11355	0.00205707
11354	11355	0.00205707
11355	11356	0.00204944
4395	11356	0.00204944
5208	11357	0.00203894
11356	11357	0.00203894
4286	11358	0.00203229
11357	11358	0.00203229
819	11359	0.00202847
3080	11359	0.00202847
11358	11359	0.00202847
3561	11360	0.00202369
11359	11360	0.00202369
5744	11361	0.00202274
11360	11361	0.00202274
1182	11362	0.00201798
11361	11362	0.00201798
10432	11363	0.00201416
11362	11363	0.00201416
465	11364	0.00201035
11363	11364	0.00201035
8793	11365	0.00200464
11364	11365	0.00200464
5830	11366	0.00200176
11365	11366	0.00200176
5659	11367	0.00198078
11366	11367	0.00198078
5364	11368	0.00197981
11367	11368	0.00197981
5182	11369	0.00197694
11368	11369	0.00197694
3214	11370	0.00197504
11369	11370	0.00197504
4304	11371	0.0019703
11370	11371	0.0019703
5622	11372	0.00196934
11371	11372	0.00196934
5077	11373	0.00196552
11372	11373	0.00196552
2843	11374	0.00196171
11373	11374	0.00196171
4370	11375	0.00195979
11374	11375	0.00195979
5438	11376	0.00195027
11375	11376	0.00195027
2603	11377	0.00194263
11376	11377	0.00194263
4878	11378	0.00193787
11377	11378	0.00193787
2182	11379	0.00193215
11378	11379	0.00193215
2078	11380	0.00193025
11379	11380	0.00193025
3600	11381	0.00192927
11380	11381	0.00192927
1573	11382	0.00192261
11381	11382	0.00192261
3617	11383	0.00191784
11382	11383	0.00191784
5783	11384	0.0019102
11383	11384	0.0019102
1092	11385	0.00190448
11384	11385	0.00190448
6162	11386	0.00190163
11385	11386	0.00190163
2281	11387	0.00189209
11386	11387	0.00189209
446	11388	0.00188636
11387	11388	0.00188636
4392	11389	0.00188444
11388	11389	0.00188444
4320	11390	0.00187968
11389	11390	0.00187968
10431	11391	0.00187685
11390	11391	0.00187685
4419	11392	0.0018673
11391	11392	0.0018673
4537	11393	0.00186158
11392	11393	0.00186158
619	11394	0.00185966
11393	11394	0.00185966
2968	11395	0.00185871
11394	11395	0.00185871
4403	11396	0.00185681
11395	11396	0.00185681
1679	11397	0.00185204
11396	11397	0.00185204
5141	11398	0.00183392
11397	11398	0.00183392
11398	11399	0.00183295
2227	11399	0.00183295
4182	11400	0.00182535
11399	11400	0.00182535
693	11401	0.00180055
11400	11401	0.00180055
1235	11402	0.00179672
11401	11402	0.00179672
4984	11403	0.001791
11402	11403	0.001791
2067	11404	0.00178718
11403	11404	0.00178718
3770	11405	0.00178242
11404	11405	0.00178242
2606	11406	0.00178051
11405	11406	0.00178051
2482	11407	0.00177955
11406	11407	0.00177955
3741	11408	0.00177288
11407	11408	0.00177288
5391	11409	0.0017719
11408	11409	0.0017719
2826	11410	0.00175764
11409	11410	0.00175764
4765	11411	0.00173664
11410	11411	0.00173664
222	11412	0.00173474
5617	11412	0.00173474
4593	11412	0.00173474
11411	11412	0.00173474
10437	11413	0.00170994
11412	11413	0.00170994
136	11414	0.00169468
4385	11414	0.00169468
11413	11414	0.00169468
2425	11415	0.00169372
3303	11415	0.00169372
11414	11415	0.00169372
751	11416	0.00169183
5036	11416	0.00169183
11415	11416	0.00169183
11175	11417	0.00168514
11416	11417	0.00168514
3351	11418	0.00168229
11417	11418	0.00168229
3708	11419	0.00166606
4517	11419	0.00166606
11418	11419	0.00166606
1733	11420	0.00166225
11419	11420	0.00166225
5515	11421	0.0016613
11420	11421	0.0016613
1276	11422	0.00165367
11421	11422	0.00165367
975	11423	0.00163746
11422	11423	0.00163746
8777	11424	0.00163365
11423	11424	0.00163365
5144	11425	0.00161362
11424	11425	0.00161362
4554	11426	0.00161171
11425	11426	0.00161171
194	11427	0.00161075
11426	11427	0.00161075
4976	11428	0.00160027
11427	11428	0.00160027
4088	11429	0.00159932
11428	11429	0.00159932
5889	11430	0.00159263
11429	11430	0.00159263
11430	11431	0.00159168
358	11431	0.00159168
4197	11432	0.00157928
11431	11432	0.00157928
6059	11433	0.00157451
11432	11433	0.00157451
4231	11434	0.00157165
11433	11434	0.00157165
3086	11435	0.0015707
11434	11435	0.0015707
2618	11436	0.00156594
11435	11436	0.00156594
2999	11437	0.00156021
11436	11437	0.00156021
2615	11438	0.00153923
11437	11438	0.00153923
371	11439	0.0015335
11438	11439	0.0015335
3938	11440	0.00152588
11439	11440	0.00152588
921	11441	0.00152206
11440	11441	0.00152206
4211	11442	0.00151918
11441	11442	0.00151918
3284	11443	0.00151444
11442	11443	0.00151444
3609	11444	0.00151157
11443	11444	0.00151157
4829	11445	0.00150871
11444	11445	0.00150871
8780	11446	0.0015049
11445	11446	0.0015049
5321	11447	0.00148296
11446	11447	0.00148296
4511	11448	0.00148201
11447	11448	0.00148201
3563	11449	0.00146484
11448	11449	0.00146484
1102	11450	0.00144386
11449	11450	0.00144386
2357	11451	0.00143528
4704	11451	0.00143528
11450	11451	0.00143528
2188	11452	0.00143051
8818	11452	0.00143051
11451	11452	0.00143051
5025	11453	0.00142573
11452	11453	0.00142573
880	11454	0.00141525
11453	11454	0.00141525
3874	11455	0.00141144
11454	11455	0.00141144
3469	11456	0.00140763
11455	11456	0.00140763
251	11457	0.00140571
5217	11457	0.00140571
11456	11457	0.00140571
2167	11458	0.00140382
11457	11458	0.00140382
628	11459	0.00140286
5476	11459	0.00140286
11458	11459	0.00140286
1935	11460	0.00139999
11459	11460	0.00139999
5235	11461	0.00139809
11460	11461	0.00139809
3564	11462	0.00139618
11461	11462	0.00139618
4380	11463	0.00138283
11462	11463	0.00138283
3908	11464	0.00137043
11463	11464	0.00137043
5310	11465	0.00135708
11464	11465	0.00135708
1197	11466	0.00135612
11465	11466	0.00135612
2093	11467	0.00134945
11466	11467	0.00134945
5298	11468	0.00133609
11467	11468	0.00133609
721	11469	0.00131607
11468	11469	0.00131607
2969	11470	0.00130748
11469	11470	0.00130748
4044	11471	0.00130653
11470	11471	0.00130653
5176	11471	0.00130653
2532	11472	0.00130558
4357	11472	0.00130558
11471	11472	0.00130558
4078	11473	0.00130368
11472	11473	0.00130368
11174	11474	0.00128174
644	11474	0.00128174
8453	11475	0.00130177
11473	11475	0.00130177
5065	11476	0.00129032
11475	11476	0.00129032
4167	11477	0.00127888
11476	11477	0.00127888
2949	11478	0.00126648
11477	11478	0.00126648
5254	11479	0.00125789
11478	11479	0.00125789
11474	11480	0.0012474
11479	11480	0.0012474
8738	11481	0.0012331
11480	11481	0.0012331
1374	11482	0.00122833
11481	11482	0.00122833
11482	11483	0.00121116
5498	11483	0.00121116
5601	11484	0.00120163
11483	11484	0.00120163
5548	11485	0.00119782
11484	11485	0.00119782
1297	11486	0.00119592
11485	11486	0.00119592
4158	11487	0.00118351
11486	11487	0.00118351
2712	11488	0.00118256
11487	11488	0.00118256
11166	11489	0.00116539
5491	11489	0.00116539
11489	11490	0.000989916
5418	11490	0.000989916
5133	11491	0.00117969
11488	11491	0.00117969
3305	11492	0.00117779
11491	11492	0.00117779
5379	11493	0.00117493
11492	11493	0.00117493
1292	11494	0.00117017
2566	11494	0.00117017
11493	11494	0.00117017
5630	11495	0.00115395
11494	11495	0.00115395
5211	11496	0.00115299
11495	11496	0.00115299
1764	11497	0.00115012
11496	11497	0.00115012
5138	11498	0.00114822
11497	11498	0.00114822
4861	11499	0.00114536
11498	11499	0.00114536
8779	11500	0.0011406
11499	11500	0.0011406
3758	11501	0.00113106
11500	11501	0.00113106
2595	11502	0.00110912
11501	11502	0.00110912
1364	11503	0.00109958
11502	11503	0.00109958
2533	11504	0.00109005
11503	11504	0.00109005
3365	11505	0.00108337
11504	11505	0.00108337
5693	11506	0.00108242
11505	11506	0.00108242
570	11507	0.00108147
11506	11507	0.00108147
11171	11508	0.00107956
11507	11508	0.00107956
551	11509	0.0010786
11508	11509	0.0010786
5678	11510	0.0010767
11509	11510	0.0010767
8666	11511	0.00106811
11510	11511	0.00106811
5913	11512	0.00106526
11511	11512	0.00106526
298	11513	0.0010643
11512	11513	0.0010643
5350	11514	0.00105763
11513	11514	0.00105763
2860	11515	0.00104427
11514	11515	0.00104427
3048	11516	0.00104141
11515	11516	0.00104141
232	11517	0.00103855
11516	11517	0.00103855
3788	11518	0.00103092
11517	11518	0.00103092
1849	11519	0.00102138
11518	11519	0.00102138
4890	11520	0.00100994
11519	11520	0.00100994
3199	11521	0.000990868
8735	11521	0.000990868
11520	11521	0.000990868
237	11522	0.000981331
11521	11522	0.000981331
4609	11523	0.000979424
11522	11523	0.000979424
5672	11524	0.000963209
11523	11524	0.000963209
5225	11525	0.000961304
11524	11525	0.000961304
1485	11526	0.000957489
11525	11526	0.000957489
3346	11527	0.000939368
11526	11527	0.000939368
1194	11528	0.000926972
11527	11528	0.000926972
5186	11529	0.000923154
11528	11529	0.000923154
4487	11530	0.000922207
11529	11530	0.000922207
2539	11531	0.000920295
11530	11531	0.000920295
4700	11532	0.000912665
11531	11532	0.000912665
5538	11533	0.000911714
3789	11533	0.000911714
11532	11533	0.000911714
5137	11534	0.000902176
1186	11534	0.000902176
11533	11534	0.000902176
11490	11535	0.000889776
5483	11535	0.000889776
11535	11536	0.000873565
5258	11536	0.000873565
11536	11537	0.00086689
3571	11537	0.00086689
11537	11538	0.000835418
4428	11538	0.000835418
4148	11539	0.00084877
11167	11539	0.00084877
1638	11540	0.000901223
11534	11540	0.000901223
2228	11541	0.000895502
11540	11541	0.000895502
5460	11542	0.000894547
11541	11542	0.000894547
11169	11543	0.000890734
11542	11543	0.000890734
78	11544	0.000886918
11543	11544	0.000886918
5753	11545	0.00088215
11544	11545	0.00088215
3583	11546	0.00086212
11545	11546	0.00086212
4887	11547	0.000850675
11546	11547	0.000850675
2642	11548	0.000843047
11547	11548	0.000843047
1048	11549	0.000839236
11548	11549	0.000839236
486	11550	0.000826836
11549	11550	0.000826836
11538	11551	0.000815391
5486	11551	0.000815391
5940	11552	0.000821116
11550	11552	0.000821116
4560	11553	0.000816347
11552	11553	0.000816347
4365	11554	0.000808715
11553	11554	0.000808715
5469	11555	0.000807759
3447	11555	0.000807759
11554	11555	0.000807759
1216	11556	0.00080681
11555	11556	0.00080681
11551	11557	0.000804901
1794	11557	0.000804901
2212	11557	0.000804901
4418	11557	0.000804901
5943	11557	0.000804901
5949	11557	0.000804901
5998	11557	0.000804901
5346	11557	0.000804901
2234	11557	0.000804901
2286	11557	0.000804901
3599	11557	0.000804901
3644	11557	0.000804901
4104	11557	0.000804901
4431	11557	0.000804901
4631	11557	0.000804901
4636	11557	0.000804901
4741	11557	0.000804901
4994	11557	0.000804901
5067	11557	0.000804901
5104	11557	0.000804901
5167	11557	0.000804901
5313	11557	0.000804901
5382	11557	0.000804901
5401	11557	0.000804901
5474	11557	0.000804901
5609	11557	0.000804901
5901	11557	0.000804901
11556	11557	0.000804901
5385	11558	0.000802994
11557	11558	0.000802994
11539	11559	0.000789643
1768	11559	0.000789643
1570	11559	0.000789643
3220	11559	0.000789643
5050	11559	0.000789643
11558	11559	0.000789643
760	11560	0.000787736
11559	11560	0.000787736
8746	11561	0.00077343
11560	11561	0.00077343
2202	11562	0.000767708
5635	11562	0.000767708
5927	11562	0.000767708
5606	11562	0.000767708
11561	11562	0.000767708
2309	11563	0.000761033
11562	11563	0.000761033
8441	11564	0.000758172
11563	11564	0.000758172
2517	11565	0.000756264
11564	11565	0.000756264
1731	11566	0.000749586
11565	11566	0.000749586
4826	11567	0.000747682
11566	11567	0.000747682
11170	11568	0.000743865
11567	11568	0.000743865
11173	11569	0.000740051
11568	11569	0.000740051
1404	11570	0.00073719
11569	11570	0.00073719
4467	11571	0.000736238
3985	11571	0.000736238
11570	11571	0.000736238
4642	11572	0.000721932
11571	11572	0.000721932
5246	11573	0.000713349
11572	11573	0.000713349
5594	11574	0.000704765
11573	11574	0.000704765
4321	11575	0.00068283
233	11575	0.00068283
11574	11575	0.00068283
5975	11576	0.000679969
11575	11576	0.000679969
5706	11577	0.000673297
11576	11577	0.000673297
8382	11578	0.000671387
903	11578	0.000671387
11577	11578	0.000671387
4667	11579	0.000668524
11578	11579	0.000668524
4766	11580	0.000667573
11579	11580	0.000667573
5665	11581	0.000665665
11580	11581	0.000665665
272	11582	0.000664711
11581	11582	0.000664711
2349	11583	0.000658989
11582	11583	0.000658989
3096	11584	0.000657082
11583	11584	0.000657082
4063	11585	0.000655175
11584	11585	0.000655175
1141	11586	0.000652313
11585	11586	0.000652313
2106	11587	0.000649452
11586	11587	0.000649452
3388	11588	0.000648498
11587	11588	0.000648498
3622	11589	0.000645638
11588	11589	0.000645638
2226	11590	0.000641821
11589	11590	0.000641821
5447	11591	0.00064087
11590	11591	0.00064087
2500	11592	0.000618934
11591	11592	0.000618934
5897	11593	0.000604629
11592	11593	0.000604629
2689	11594	0.000602723
11593	11594	0.000602723
5255	11595	0.000597956
11594	11595	0.000597956
160	11596	0.00058651
11595	11596	0.00058651
1808	11597	0.00057888
11596	11597	0.00057888
1864	11598	0.000575066
11597	11598	0.000575066
2143	11599	0.000574111
11598	11599	0.000574111
5183	11600	0.000565529
11599	11600	0.000565529
2426	11601	0.000562668
11600	11601	0.000562668
567	11602	0.00056076
11601	11602	0.00056076
6075	11603	0.000552177
11602	11603	0.000552177
5638	11604	0.000547409
11603	11604	0.000547409
2325	11605	0.000543594
11604	11605	0.000543594
1287	11606	0.00053978
1396	11606	0.00053978
11605	11606	0.00053978
3517	11607	0.000535011
11606	11607	0.000535011
909	11608	0.000529289
11607	11608	0.000529289
5434	11609	0.000528336
11608	11609	0.000528336
3077	11610	0.000525474
11609	11610	0.000525474
4334	11611	0.00051403
11610	11611	0.00051403
3637	11612	0.00051117
11611	11612	0.00051117
1126	11613	0.000510216
11612	11613	0.000510216
2933	11614	0.000509262
11613	11614	0.000509262
5684	11615	0.000488281
11614	11615	0.000488281
4207	11616	0.000472069
586	11616	0.000472069
11615	11616	0.000472069
5110	11617	0.000460624
11616	11617	0.000460624
1355	11618	0.000441551
11617	11618	0.000441551
57	11619	0.000440598
11618	11619	0.000440598
4847	11620	0.000435829
11619	11620	0.000435829
5185	11621	0.000415802
11620	11621	0.000415802
5525	11622	0.000411987
11621	11622	0.000411987
249	11623	0.00041008
11622	11623	0.00041008
5079	11624	0.000391007
11623	11624	0.000391007
3066	11625	0.000382423
11624	11625	0.000382423
5612	11626	0.000377655
11625	11626	0.000377655
5194	11627	0.000364303
11626	11627	0.000364303
3902	11628	0.000362396
11627	11628	0.000362396
4812	11629	0.000355721
11628	11629	0.000355721
4361	11630	0.000351906
11629	11630	0.000351906
4837	11631	0.000348091
11630	11631	0.000348091
44	11632	0.00032711
11631	11632	0.00032711
4655	11633	0.000317573
11632	11633	0.000317573
64	11634	0.000313759
11633	11634	0.000313759
3400	11635	0.000312806
11634	11635	0.000312806
2487	11636	0.00030899
11635	11636	0.00030899
1769	11637	0.000308037
11636	11637	0.000308037
347	11638	0.0002985
11637	11638	0.0002985
309	11639	0.000275612
11638	11639	0.000275612
4738	11640	0.000273705
11639	11640	0.000273705
3036	11641	0.000267029
11640	11641	0.000267029
1384	11642	0.000261307
11641	11642	0.000261307
936	11643	0.000259399
11642	11643	0.000259399
5259	11644	0.000247002
11643	11644	0.000247002
3940	11645	0.000243187
11644	11645	0.000243187
1626	11646	0.000242233
11645	11646	0.000242233
5166	11647	0.000237465
11646	11647	0.000237465
3466	11648	0.000208855
11647	11648	0.000208855
8784	11649	0.000207901
11648	11649	0.000207901
4288	11650	0.000177383
11649	11650	0.000177383
11168	11651	0.000154495
11650	11651	0.000154495
2710	11652	0.000141144
11651	11652	0.000141144
1797	11653	7.24793e-05
11652	11653	7.24793e-05
4174	11654	4.673e-05
11653	11654	4.673e-05