1	6323	0.137009
3903	6323	0.137009
4211	6324	0.13204
5050	6324	0.13204
5412	6325	0.0287315
1666	6325	0.0287315
1220	6326	0.0389556
3898	6326	0.0389556
295	6327	0.0545925
3795	6327	0.0545925
1243	6328	0.0622447
1405	6328	0.0622447
467	6329	0.239235
5015	6329	0.239235
500	6329	0.239235
6329	6330	0.0336689
2453	6330	0.0336689
1595	6331	0.0273927
2071	6331	0.0273927
217	6332	0.0468834
2504	6332	0.0468834
3474	6333	0.0468228
6332	6333	0.0468228
6333	6334	0.0392867
96	6334	0.0392867
6334	6335	0.0374423
3734	6335	0.0374423
6320	6336	0.0347252
6335	6336	0.0347252
253	6337	0.0449971
5508	6337	0.0449971
3864	6338	0.0221892
71	6338	0.0221892
5196	6339	0.130142
3777	6339	0.130142
6339	6340	0.0362053
56	6340	0.0362053
4594	6341	0.158236
4554	6341	0.158236
6341	6342	0.0918163
4595	6342	0.0918163
6342	6343	0.0597563
2826	6343	0.0597563
6343	6344	0.0520745
2371	6344	0.0520745
58	6345	0.0511167
6344	6345	0.0511167
1774	6346	0.0224942
2948	6346	0.0224942
4257	6347	0.0999148
6184	6347	0.0999148
3953	6348	0.0680986
932	6348	0.0680986
800	6349	0.0246896
5801	6349	0.0246896
6349	6350	0.023062
59	6350	0.023062
3752	6351	0.0267881
3173	6351	0.0267881
4579	6352	0.0253114
6351	6352	0.0253114
2554	6353	0.0525903
2583	6353	0.0525903
1343	6354	0.0543384
6277	6354	0.0543384
1621	6355	0.881087
4635	6355	0.881087
4719	6356	0.16047
4797	6356	0.16047
6356	6357	0.024669
278	6357	0.024669
4771	6358	0.119662
2696	6358	0.119662
4425	6359	0.0990195
6358	6359	0.0990195
3071	6360	0.0307385
6359	6360	0.0307385
3505	6361	0.0874459
1293	6361	0.0874459
1109	6362	0.138446
1226	6362	0.138446
2213	6363	0.0249927
3533	6363	0.0249927
6207	6364	0.115677
5965	6364	0.115677
6364	6365	0.111372
628	6365	0.111372
5337	6366	0.0851636
1482	6366	0.0851636
4388	6367	0.0331354
901	6367	0.0331354
6306	6368	0.169581
1258	6368	0.169581
3648	6369	0.16886
6368	6369	0.16886
6369	6370	0.132618
548	6370	0.132618
6370	6371	0.0261031
89	6371	0.0261031
3074	6372	0.107762
4487	6372	0.107762
6372	6373	0.0564669
424	6373	0.0564669
6182	6374	0.0312334
5162	6374	0.0312334
5502	6375	0.0823081
1234	6375	0.0823081
3563	6376	0.117315
5553	6376	0.117315
6376	6377	0.114163
2399	6377	0.114163
5857	6378	0.0515904
3521	6378	0.0515904
6377	6379	0.0455681
4238	6379	0.0455681
6378	6380	0.042655
6379	6380	0.042655
3002	6381	0.233691
3949	6381	0.233691
2087	6382	0.474128
551	6382	0.474128
3068	6383	0.0214912
6382	6383	0.0214912
3451	6384	0.221585
464	6384	0.221585
6384	6385	0.164898
4651	6385	0.164898
2960	6386	0.15614
6385	6386	0.15614
6294	6387	0.21375
5039	6387	0.21375
6387	6388	0.0832941
180	6388	0.0832941
2776	6389	0.177867
4011	6389	0.177867
6389	6390	0.158602
779	6390	0.158602
6390	6391	0.0329296
3671	6391	0.0329296
6115	6392	0.0340511
3592	6392	0.0340511
1384	6393	0.237157
1154	6393	0.237157
6393	6394	0.196544
841	6394	0.196544
1521	6395	0.139975
141	6395	0.139975
5487	6396	0.0367707
1898	6396	0.0367707
2467	6397	0.0997139
3417	6397	0.0997139
6397	6398	0.023982
3549	6398	0.023982
2443	6399	0.032136
4762	6399	0.032136
4370	6400	0.133306
3340	6400	0.133306
6400	6401	0.0950518
4048	6401	0.0950518
6245	6402	0.0922698
4731	6402	0.0922698
1259	6403	0.0778157
4136	6403	0.0778157
4610	6404	0.0395319
3681	6404	0.0395319
510	6405	0.0390782
6404	6405	0.0390782
423	6406	0.0321793
5338	6406	0.0321793
95	6407	0.0311999
6406	6407	0.0311999
5069	6408	0.0369208
4051	6408	0.0369208
4032	6409	0.0411005
3356	6409	0.0411005
5719	6410	0.3798
1806	6410	0.3798
6410	6411	0.0578154
86	6411	0.0578154
2031	6412	0.0474785
6411	6412	0.0474785
6412	6413	0.039771
774	6413	0.039771
4461	6414	0.14062
112	6414	0.14062
3850	6415	0.139844
6414	6415	0.139844
3808	6416	0.0229893
6415	6416	0.0229893
2091	6417	0.0534877
3152	6417	0.0534877
3814	6418	0.0564891
3131	6418	0.0564891
5685	6419	0.0263599
1000	6419	0.0263599
3205	6420	0.0251273
949	6420	0.0251273
6419	6421	0.0237228
6420	6421	0.0237228
2124	6422	0.021324
6421	6422	0.021324
4933	6423	0.0461542
2435	6423	0.0461542
4915	6424	0.0365085
108	6424	0.0365085
6423	6425	0.0331438
4399	6425	0.0331438
6425	6426	0.0298316
3570	6426	0.0298316
6426	6427	0.0261085
2951	6427	0.0261085
6424	6428	0.024232
6427	6428	0.024232
2019	6429	0.0249494
5304	6429	0.0249494
2428	6430	0.0512994
4597	6430	0.0512994
4673	6431	0.0622888
5025	6431	0.0622888
5022	6432	0.0350677
2672	6432	0.0350677
2910	6433	0.0319569
6432	6433	0.0319569
1387	6434	0.0500429
1817	6434	0.0500429
4059	6435	0.0829789
4295	6435	0.0829789
6198	6436	0.184348
1349	6436	0.184348
1552	6437	0.0681161
1037	6437	0.0681161
5526	6438	0.0588608
5225	6438	0.0588608
4943	6439	0.0549514
6438	6439	0.0549514
541	6440	0.0474881
732	6440	0.0474881
4692	6441	0.132136
768	6441	0.132136
6441	6442	0.121165
4105	6442	0.121165
6442	6443	0.0422322
3568	6443	0.0422322
1571	6444	0.0414498
6443	6444	0.0414498
6444	6445	0.0315008
3569	6445	0.0315008
860	6446	0.0275155
2111	6446	0.0275155
4037	6447	0.0558936
5811	6447	0.0558936
2913	6448	0.069639
899	6448	0.069639
4539	6448	0.069639
4959	6449	0.102665
3476	6449	0.102665
6449	6450	0.0425588
5398	6450	0.0425588
1691	6451	0.1346
2497	6451	0.1346
6451	6452	0.0795192
80	6452	0.0795192
6452	6453	0.061133
645	6453	0.061133
6453	6454	0.0372778
2689	6454	0.0372778
6132	6455	0.1152
2442	6455	0.1152
6455	6456	0.0884566
2469	6456	0.0884566
968	6457	0.1121
5608	6457	0.1121
6457	6458	0.0906335
4484	6458	0.0906335
2245	6459	0.0584611
3127	6459	0.0584611
6456	6460	0.0501958
5921	6460	0.0501958
6460	6461	0.0374146
352	6461	0.0374146
6461	6462	0.0362513
855	6462	0.0362513
6458	6463	0.0499144
6459	6463	0.0499144
6463	6464	0.0360367
5444	6464	0.0360367
6462	6465	0.035226
6464	6465	0.035226
1677	6466	0.0323705
6465	6466	0.0323705
6466	6467	0.0307863
4655	6467	0.0307863
6467	6468	0.0280182
5700	6468	0.0280182
802	6469	0.0273694
6468	6469	0.0273694
3363	6470	0.0238571
6469	6470	0.0238571
1813	6471	0.305118
2784	6471	0.305118
6471	6472	0.268753
5367	6472	0.268753
3251	6473	0.191675
5781	6473	0.191675
2403	6474	0.176673
1304	6474	0.176673
6474	6475	0.150202
2041	6475	0.150202
6475	6476	0.124335
1108	6476	0.124335
1810	6477	0.0887502
6015	6477	0.0887502
6476	6478	0.0788352
6477	6478	0.0788352
3086	6479	0.0759797
6478	6479	0.0759797
372	6480	0.0307001
3751	6480	0.0307001
6032	6481	0.0286036
1267	6481	0.0286036
2501	6482	0.175205
1379	6482	0.175205
1046	6483	0.174297
6482	6483	0.174297
5887	6484	0.0593026
6087	6484	0.0593026
2340	6485	0.161379
1420	6485	0.161379
6485	6486	0.152737
2338	6486	0.152737
6098	6487	0.148248
6486	6487	0.148248
6487	6488	0.139249
2762	6488	0.139249
6488	6489	0.138153
5525	6489	0.138153
6489	6490	0.123228
2204	6490	0.123228
6490	6491	0.10517
1874	6491	0.10517
1798	6492	0.0997182
6491	6492	0.0997182
6492	6493	0.0789159
8	6493	0.0789159
6493	6494	0.0750404
2683	6494	0.0750404
341	6495	0.0684974
6494	6495	0.0684974
2419	6496	0.0589182
437	6496	0.0589182
6495	6497	0.0553518
6496	6497	0.0553518
1907	6498	0.0661385
5366	6498	0.0661385
6498	6499	0.0645695
1388	6499	0.0645695
2477	6500	0.0626221
6499	6500	0.0626221
6500	6501	0.0524581
133	6501	0.0524581
2040	6502	0.0649248
1819	6502	0.0649248
6502	6503	0.0555792
1101	6503	0.0555792
5008	6504	0.0631007
3778	6504	0.0631007
6497	6505	0.0508993
4062	6505	0.0508993
6505	6506	0.0506818
2958	6506	0.0506818
4422	6507	0.0497543
6506	6507	0.0497543
6507	6508	0.0486081
2920	6508	0.0486081
6501	6509	0.0500029
145	6509	0.0500029
314	6510	0.049209
6503	6510	0.049209
4926	6511	0.0480906
4412	6511	0.0480906
2541	6511	0.0480906
6508	6512	0.0461958
6510	6512	0.0461958
6512	6513	0.045483
4271	6513	0.045483
6513	6514	0.0454225
6264	6514	0.0454225
6509	6515	0.0473539
6511	6515	0.0473539
6504	6516	0.0452796
6514	6516	0.0452796
1732	6517	0.0450386
6515	6517	0.0450386
6516	6518	0.0449245
6517	6518	0.0449245
248	6519	0.0481923
3692	6519	0.0481923
2753	6520	0.085352
5021	6520	0.085352
1579	6521	0.0507595
436	6521	0.0507595
10	6522	0.0446416
6521	6522	0.0446416
4623	6523	0.074258
1198	6523	0.074258
5040	6524	0.0641591
6523	6524	0.0641591
4176	6525	0.0596977
6524	6525	0.0596977
18	6526	0.0566187
6525	6526	0.0566187
5935	6527	0.056546
6526	6527	0.056546
23	6528	0.122719
3392	6528	0.122719
6076	6529	0.129253
3667	6529	0.129253
2166	6530	0.111871
6529	6530	0.111871
6530	6531	0.0777779
2168	6531	0.0777779
5244	6532	0.0980681
5931	6532	0.0980681
6531	6533	0.0756855
3775	6533	0.0756855
3633	6534	0.062183
3631	6534	0.062183
6533	6535	0.0554933
6534	6535	0.0554933
6532	6536	0.06085
4196	6536	0.06085
387	6537	0.052867
4472	6537	0.052867
6528	6538	0.0509843
6537	6538	0.0509843
5492	6539	0.0543574
6535	6539	0.0543574
6539	6540	0.0500686
5859	6540	0.0500686
6538	6541	0.0465709
6540	6541	0.0465709
6536	6542	0.0447253
6541	6542	0.0447253
503	6543	0.104548
31	6543	0.104548
926	6544	0.100584
4139	6544	0.100584
6544	6545	0.0587044
3088	6545	0.0587044
6545	6546	0.0461784
5053	6546	0.0461784
5754	6547	0.142517
3097	6547	0.142517
2070	6548	0.125274
1212	6548	0.125274
2079	6549	0.124661
6548	6549	0.124661
6547	6550	0.131798
2836	6550	0.131798
6550	6551	0.128088
32	6551	0.128088
6549	6552	0.107303
6551	6552	0.107303
5228	6553	0.0958579
6552	6553	0.0958579
963	6554	0.106761
4808	6554	0.106761
6554	6555	0.0456791
3181	6555	0.0456791
6553	6556	0.0449564
6555	6556	0.0449564
2869	6557	0.0800252
34	6557	0.0800252
6557	6558	0.0669385
227	6558	0.0669385
6558	6559	0.066434
4498	6559	0.066434
37	6560	0.115576
3218	6560	0.115576
6560	6561	0.107467
1625	6561	0.107467
2838	6562	0.251917
6234	6562	0.251917
6562	6563	0.0836532
5950	6563	0.0836532
1984	6564	0.078088
191	6564	0.078088
3930	6565	0.0774303
6564	6565	0.0774303
1952	6566	0.0717947
6565	6566	0.0717947
6566	6567	0.0678849
5648	6567	0.0678849
6563	6568	0.0640595
6567	6568	0.0640595
6568	6569	0.0574758
4649	6569	0.0574758
4414	6570	0.0530808
6569	6570	0.0530808
6570	6571	0.0505756
3958	6571	0.0505756
743	6572	0.0627132
5287	6572	0.0627132
5137	6573	0.0596389
6572	6573	0.0596389
766	6574	0.0591363
6573	6574	0.0591363
1023	6575	0.11741
45	6575	0.11741
6575	6576	0.0771747
5626	6576	0.0771747
6576	6577	0.0702893
4374	6577	0.0702893
6577	6578	0.0513201
762	6578	0.0513201
1406	6579	0.0505324
6578	6579	0.0505324
1391	6580	0.184208
5341	6580	0.184208
6580	6581	0.153286
151	6581	0.153286
6581	6582	0.0848722
3656	6582	0.0848722
2388	6583	0.084371
393	6583	0.084371
4179	6584	0.423659
4907	6584	0.423659
6584	6585	0.110127
627	6585	0.110127
690	6586	0.0832556
3470	6586	0.0832556
6586	6587	0.0827765
3016	6587	0.0827765
6585	6588	0.0795317
66	6588	0.0795317
4266	6589	0.0756774
6588	6589	0.0756774
5825	6590	0.0708781
4483	6590	0.0708781
973	6591	0.0687159
5655	6591	0.0687159
6583	6592	0.0678931
4345	6592	0.0678931
6582	6593	0.0521315
6592	6593	0.0521315
6593	6594	0.0521151
5331	6594	0.0521151
5802	6595	0.0618856
6590	6595	0.0618856
1647	6596	0.0550635
6595	6596	0.0550635
6591	6597	0.0604421
2493	6597	0.0604421
6596	6598	0.0517176
6597	6598	0.0517176
6598	6599	0.0513079
310	6599	0.0513079
6594	6600	0.0494106
6587	6600	0.0494106
6589	6601	0.0456534
6599	6601	0.0456534
6601	6602	0.0454528
6600	6602	0.0454528
3615	6603	0.153647
1603	6603	0.153647
3294	6604	0.150796
6603	6604	0.150796
3458	6605	0.349759
873	6605	0.349759
6605	6606	0.244384
5562	6606	0.244384
6606	6607	0.11747
1272	6607	0.11747
4522	6608	0.130024
1486	6608	0.130024
4975	6609	0.103178
6607	6609	0.103178
6608	6610	0.0603178
2115	6610	0.0603178
6609	6611	0.0565067
6003	6611	0.0565067
2082	6612	0.0496128
6611	6612	0.0496128
6610	6613	0.0494252
6612	6613	0.0494252
5705	6614	0.0729191
64	6614	0.0729191
1335	6615	0.0658404
3745	6615	0.0658404
6614	6616	0.0656057
6615	6616	0.0656057
2862	6617	0.0589412
2863	6617	0.0589412
6617	6618	0.0449154
4067	6618	0.0449154
1602	6619	0.0581416
82	6619	0.0581416
1727	6620	0.0464296
1746	6620	0.0464296
931	6621	0.0864301
4499	6621	0.0864301
1152	6622	0.0535354
4707	6622	0.0535354
1686	6623	0.0487634
2417	6623	0.0487634
6623	6624	0.0457214
6622	6624	0.0457214
540	6625	0.093549
2215	6625	0.093549
4799	6626	0.0933475
6625	6626	0.0933475
961	6627	0.0647371
1690	6627	0.0647371
2686	6628	0.0560867
260	6628	0.0560867
6626	6629	0.0480067
6628	6629	0.0480067
6627	6630	0.0469103
6629	6630	0.0469103
858	6631	0.38034
4834	6631	0.38034
6631	6632	0.113315
929	6632	0.113315
6632	6633	0.0454736
4023	6633	0.0454736
6633	6634	0.0451
3873	6634	0.0451
1771	6635	0.136982
495	6635	0.136982
2860	6636	0.101684
2095	6636	0.101684
6636	6637	0.0740603
3328	6637	0.0740603
3670	6638	0.0597693
2398	6638	0.0597693
6637	6639	0.0547379
6638	6639	0.0547379
6635	6640	0.0604115
3963	6640	0.0604115
6640	6641	0.0596113
3323	6641	0.0596113
2212	6642	0.0583019
4123	6642	0.0583019
5354	6643	0.0505615
6639	6643	0.0505615
6643	6644	0.0487621
6641	6644	0.0487621
6644	6645	0.0462325
3282	6645	0.0462325
6642	6646	0.0455209
4723	6646	0.0455209
6645	6647	0.045062
6646	6647	0.045062
3462	6648	0.0461969
5233	6648	0.0461969
978	6649	0.045128
6648	6649	0.045128
3988	6650	0.0794406
5856	6650	0.0794406
6200	6651	0.106833
6195	6651	0.106833
113	6652	0.0697471
6650	6652	0.0697471
6651	6653	0.0776256
6123	6653	0.0776256
6653	6654	0.0613668
6079	6654	0.0613668
2103	6655	0.0514439
6654	6655	0.0514439
6655	6656	0.0469376
4382	6656	0.0469376
6652	6657	0.0450113
6656	6657	0.0450113
939	6658	0.167274
2208	6658	0.167274
2476	6659	0.0542856
613	6659	0.0542856
6659	6660	0.0506174
2979	6660	0.0506174
6658	6661	0.0505279
6660	6661	0.0505279
4029	6662	0.066659
6074	6662	0.066659
118	6663	0.137233
2284	6663	0.137233
6663	6664	0.135017
1867	6664	0.135017
4087	6665	0.0946324
3714	6665	0.0946324
6665	6666	0.0737877
1517	6666	0.0737877
3727	6667	0.198211
131	6667	0.198211
1370	6668	0.251686
1609	6668	0.251686
1366	6669	0.132018
2455	6669	0.132018
276	6670	0.120246
6669	6670	0.120246
2754	6671	0.0961278
4485	6671	0.0961278
6670	6671	0.0961278
6668	6672	0.0840651
1963	6672	0.0840651
2907	6673	0.0925456
285	6673	0.0925456
6672	6674	0.0792954
6673	6674	0.0792954
6674	6675	0.0671539
6188	6675	0.0671539
1338	6676	0.0650139
6675	6676	0.0650139
6667	6677	0.0703639
4307	6677	0.0703639
5820	6678	0.0814999
4571	6678	0.0814999
6676	6679	0.0611688
6677	6679	0.0611688
6671	6680	0.0601271
6679	6680	0.0601271
1133	6681	0.0563933
4366	6681	0.0563933
1014	6682	0.0550059
2853	6682	0.0550059
6681	6682	0.0550059
6678	6683	0.0542558
6682	6683	0.0542558
6680	6684	0.0510134
6683	6684	0.0510134
740	6685	0.0496329
269	6685	0.0496329
6684	6686	0.0489446
6685	6686	0.0489446
6686	6687	0.0449374
1787	6687	0.0449374
3735	6688	0.114087
3488	6688	0.114087
1890	6689	0.13871
5507	6689	0.13871
4088	6689	0.13871
6689	6690	0.0871049
5424	6690	0.0871049
6690	6691	0.0780071
5750	6691	0.0780071
6691	6692	0.0638218
5163	6692	0.0638218
6692	6693	0.0495278
1889	6693	0.0495278
3679	6694	0.0615069
5664	6694	0.0615069
6694	6695	0.0503283
5952	6695	0.0503283
6695	6696	0.0455777
365	6696	0.0455777
3438	6697	0.082854
1543	6697	0.082854
958	6698	0.0708445
657	6698	0.0708445
6697	6699	0.0480519
427	6699	0.0480519
6698	6700	0.0466506
6699	6700	0.0466506
555	6701	0.0758948
5481	6701	0.0758948
156	6702	0.0737916
6701	6702	0.0737916
5157	6703	0.0540234
719	6703	0.0540234
6703	6704	0.047316
3430	6704	0.047316
2479	6705	0.0729458
1210	6705	0.0729458
4130	6706	0.0915145
3280	6706	0.0915145
1125	6707	0.125598
3710	6707	0.125598
6707	6708	0.106699
5552	6708	0.106699
4117	6709	0.0755724
4878	6709	0.0755724
6709	6710	0.0739875
4379	6710	0.0739875
1933	6711	0.193653
4889	6711	0.193653
6706	6712	0.0642622
485	6712	0.0642622
6712	6713	0.0627897
5678	6713	0.0627897
6705	6714	0.0620023
6713	6714	0.0620023
6714	6715	0.0538053
5893	6715	0.0538053
5419	6716	0.0676844
6710	6716	0.0676844
5411	6717	0.0537427
5544	6717	0.0537427
6715	6718	0.0508945
1316	6718	0.0508945
6716	6719	0.0511672
1527	6719	0.0511672
6718	6720	0.0487079
6719	6720	0.0487079
6711	6721	0.0482521
6717	6721	0.0482521
1085	6722	0.0476038
6721	6722	0.0476038
6708	6723	0.0480278
6720	6723	0.0480278
6722	6724	0.0459887
6723	6724	0.0459887
6724	6725	0.0455056
2882	6725	0.0455056
1532	6726	0.0469523
3014	6726	0.0469523
5186	6727	0.108611
1696	6727	0.108611
964	6728	0.102074
4124	6728	0.102074
6727	6729	0.0956594
6728	6729	0.0956594
2056	6730	0.131705
4147	6730	0.131705
3507	6731	0.14755
5818	6731	0.14755
181	6732	0.0992183
3052	6732	0.0992183
6731	6733	0.0977944
6732	6733	0.0977944
6733	6734	0.095088
3719	6734	0.095088
1095	6735	0.0847591
6734	6735	0.0847591
3440	6736	0.0793168
4886	6736	0.0793168
6735	6737	0.0731523
6736	6737	0.0731523
4695	6737	0.0731523
3614	6738	0.0723521
6737	6738	0.0723521
6730	6739	0.0680555
6738	6739	0.0680555
6739	6740	0.0664264
4443	6740	0.0664264
1967	6741	0.0660441
6740	6741	0.0660441
6741	6742	0.0594563
563	6742	0.0594563
6742	6743	0.0582862
1364	6743	0.0582862
5971	6744	0.0503134
6743	6744	0.0503134
5946	6745	0.115255
5211	6745	0.115255
6745	6746	0.10686
1700	6746	0.10686
182	6747	0.103458
6746	6747	0.103458
6747	6748	0.0669103
363	6748	0.0669103
6748	6749	0.0604244
2423	6749	0.0604244
3435	6750	0.0529444
2995	6750	0.0529444
6749	6751	0.0485221
6750	6751	0.0485221
6751	6752	0.046356
3835	6752	0.046356
4681	6753	0.0867524
998	6753	0.0867524
4251	6754	0.0747056
6753	6754	0.0747056
6221	6755	0.0650806
6754	6755	0.0650806
2564	6756	0.105753
4506	6756	0.105753
6755	6757	0.0562831
3965	6757	0.0562831
6756	6758	0.0630281
5873	6758	0.0630281
6758	6759	0.0552879
4508	6759	0.0552879
6757	6760	0.0507927
6759	6760	0.0507927
6760	6761	0.0474881
5524	6761	0.0474881
5047	6762	0.0473852
1626	6762	0.0473852
3848	6763	0.0472532
6762	6763	0.0472532
5417	6764	0.0465301
6763	6764	0.0465301
6761	6765	0.0462364
6764	6765	0.0462364
4288	6766	0.0462001
6765	6766	0.0462001
912	6767	0.0476518
3469	6767	0.0476518
2278	6768	0.18728
3285	6768	0.18728
4448	6769	0.0719669
2157	6769	0.0719669
6769	6770	0.0640887
220	6770	0.0640887
6770	6771	0.0604599
2121	6771	0.0604599
5844	6772	0.0466721
6771	6772	0.0466721
4346	6773	0.0554338
1663	6773	0.0554338
6773	6774	0.0550639
225	6774	0.0550639
2410	6775	0.125087
3146	6775	0.125087
1751	6776	0.102679
6775	6776	0.102679
6776	6777	0.0789792
2411	6777	0.0789792
6777	6778	0.0601767
5012	6778	0.0601767
228	6779	0.0550802
6778	6779	0.0550802
2029	6780	0.0527825
6779	6780	0.0527825
238	6781	0.048554
6780	6781	0.048554
5420	6782	0.0899104
578	6782	0.0899104
6782	6783	0.0749841
235	6783	0.0749841
3460	6784	0.0628349
937	6784	0.0628349
334	6785	0.0642032
4356	6785	0.0642032
6784	6786	0.0527632
6785	6786	0.0527632
6783	6787	0.0524627
6786	6787	0.0524627
1799	6788	0.051676
6787	6788	0.051676
6788	6789	0.0510613
5500	6789	0.0510613
1730	6790	0.0873821
1866	6790	0.0873821
6790	6791	0.0688288
2063	6791	0.0688288
6791	6792	0.0545739
1238	6792	0.0545739
4140	6793	0.0907099
3781	6793	0.0907099
6793	6794	0.0571883
1784	6794	0.0571883
3144	6795	0.0539083
6794	6795	0.0539083
1515	6796	0.0538816
6795	6796	0.0538816
5514	6797	0.0528022
6796	6797	0.0528022
480	6798	0.0838859
1753	6798	0.0838859
6798	6799	0.083544
4245	6799	0.083544
4034	6800	0.0767708
1060	6800	0.0767708
6800	6801	0.066351
6799	6801	0.066351
6801	6802	0.0659407
2450	6802	0.0659407
263	6803	0.0460024
6802	6803	0.0460024
3753	6804	0.121067
900	6804	0.121067
1548	6805	0.118988
6804	6805	0.118988
6805	6806	0.0802189
265	6806	0.0802189
2189	6807	0.111711
3822	6807	0.111711
6807	6808	0.0980402
2334	6808	0.0980402
6808	6809	0.0626457
697	6809	0.0626457
2252	6810	0.243628
288	6810	0.243628
6810	6811	0.189852
6307	6811	0.189852
6811	6812	0.107228
2415	6812	0.107228
5877	6813	0.0691165
4283	6813	0.0691165
6812	6814	0.0664216
6813	6814	0.0664216
400	6815	0.0496923
3828	6815	0.0496923
1079	6816	0.047868
5828	6816	0.047868
3825	6817	0.0469322
6816	6817	0.0469322
1426	6818	0.0707264
662	6818	0.0707264
6818	6819	0.0601545
1425	6819	0.0601545
6819	6820	0.0575499
565	6820	0.0575499
304	6821	0.0569076
6820	6821	0.0569076
6821	6822	0.0544736
2604	6822	0.0544736
3580	6823	0.0529181
6822	6823	0.0529181
4885	6824	0.0795645
3768	6824	0.0795645
6824	6825	0.0537013
822	6825	0.0537013
5140	6826	0.0477353
6825	6826	0.0477353
5547	6827	0.0650989
603	6827	0.0650989
2511	6828	0.0720813
5235	6828	0.0720813
4815	6829	0.0691098
6828	6829	0.0691098
4614	6830	0.0676274
6829	6830	0.0676274
6830	6831	0.0523012
2513	6831	0.0523012
941	6832	0.0543269
1610	6832	0.0543269
6832	6833	0.0542891
4753	6833	0.0542891
6831	6834	0.0491781
1491	6834	0.0491781
6833	6834	0.0491781
6834	6835	0.0478435
581	6835	0.0478435
6835	6836	0.0474987
4157	6836	0.0474987
6836	6837	0.0470149
2896	6837	0.0470149
1978	6838	0.475759
4160	6838	0.475759
6838	6839	0.0606136
319	6839	0.0606136
332	6840	0.0947453
1722	6840	0.0947453
6840	6841	0.0505923
3109	6841	0.0505923
2339	6842	0.0460735
1925	6842	0.0460735
354	6843	0.0632653
2640	6843	0.0632653
5497	6844	0.183942
355	6844	0.183942
388	6845	0.069504
2452	6845	0.069504
6845	6846	0.0580792
5422	6846	0.0580792
1638	6847	0.047669
6846	6847	0.047669
5574	6848	0.0484463
367	6848	0.0484463
3804	6849	0.153185
2941	6849	0.153185
6849	6850	0.0972588
3221	6850	0.0972588
6850	6851	0.0915014
5791	6851	0.0915014
6851	6852	0.0784588
2407	6852	0.0784588
6852	6853	0.0766659
3870	6853	0.0766659
375	6854	0.0728934
6853	6854	0.0728934
6854	6855	0.0481869
2484	6855	0.0481869
967	6856	0.0575865
2034	6856	0.0575865
3945	6857	0.132106
676	6857	0.132106
6857	6858	0.0586457
3223	6858	0.0586457
3069	6859	0.0564245
6858	6859	0.0564245
4822	6860	0.145725
3831	6860	0.145725
1163	6861	0.145565
6860	6861	0.145565
3072	6862	0.0921423
1172	6862	0.0921423
6861	6863	0.0848103
6862	6863	0.0848103
5964	6864	0.323293
2132	6864	0.323293
6864	6865	0.0481853
895	6865	0.0481853
1599	6866	0.0471764
6865	6866	0.0471764
5309	6867	0.131292
3668	6867	0.131292
6867	6868	0.0565062
2148	6868	0.0565062
3058	6869	0.0908799
3279	6869	0.0908799
6869	6870	0.0621655
6119	6870	0.0621655
4197	6871	0.0844839
384	6871	0.0844839
1934	6872	0.236249
6263	6872	0.236249
1446	6873	0.18029
4468	6873	0.18029
6872	6874	0.0875071
2037	6874	0.0875071
6874	6875	0.0544119
389	6875	0.0544119
6873	6876	0.0466395
782	6876	0.0466395
6875	6877	0.0463181
6876	6877	0.0463181
1976	6878	0.0599866
391	6878	0.0599866
864	6879	0.0988696
1748	6879	0.0988696
4577	6880	0.0791204
409	6880	0.0791204
5666	6881	0.0860384
6879	6881	0.0860384
2956	6882	0.0843359
6881	6882	0.0843359
6880	6883	0.0559438
1928	6883	0.0559438
6882	6884	0.0553157
6883	6884	0.0553157
2875	6885	0.0973651
5793	6885	0.0973651
3749	6886	0.0773248
1200	6886	0.0773248
6886	6887	0.0648641
2283	6887	0.0648641
6885	6888	0.064101
6887	6888	0.064101
6888	6889	0.0594581
2747	6889	0.0594581
4888	6890	0.0547692
5457	6890	0.0547692
6889	6890	0.0547692
805	6891	0.116211
2142	6891	0.116211
6891	6892	0.111873
4542	6892	0.111873
6892	6893	0.0725766
410	6893	0.0725766
6893	6894	0.0646374
1710	6894	0.0646374
3433	6895	0.053471
6894	6895	0.053471
6895	6896	0.0461462
2673	6896	0.0461462
411	6897	0.0675403
586	6897	0.0675403
6897	6898	0.0558271
3708	6898	0.0558271
710	6899	0.21998
3643	6899	0.21998
6899	6900	0.156832
2815	6900	0.156832
6900	6901	0.0953858
1924	6901	0.0953858
6901	6902	0.0603381
420	6902	0.0603381
6902	6903	0.0445927
3274	6903	0.0445927
3125	6904	0.0524037
428	6904	0.0524037
443	6905	0.0860545
1868	6905	0.0860545
2557	6905	0.0860545
3812	6906	0.0740964
6905	6906	0.0740964
4400	6907	0.0520423
664	6907	0.0520423
3418	6908	0.0507416
6907	6908	0.0507416
1107	6909	0.0474589
6908	6909	0.0474589
2302	6910	0.0722081
3514	6910	0.0722081
1022	6910	0.0722081
6910	6911	0.0636406
1016	6911	0.0636406
2750	6912	0.0603312
6911	6912	0.0603312
4036	6913	0.0496899
6912	6913	0.0496899
461	6914	0.0449696
6913	6914	0.0449696
3259	6915	0.106818
4008	6915	0.106818
4301	6916	0.0484512
462	6916	0.0484512
3070	6917	0.201441
471	6917	0.201441
6036	6918	0.0523947
476	6918	0.0523947
478	6919	0.0783378
780	6919	0.0783378
3609	6920	0.05878
507	6920	0.05878
3229	6921	0.0565609
6920	6921	0.0565609
493	6922	0.0530557
6921	6922	0.0530557
5551	6923	0.048594
6922	6923	0.048594
3018	6924	0.0478143
6923	6924	0.0478143
718	6925	0.0477844
6924	6925	0.0477844
2737	6926	0.0471059
6925	6926	0.0471059
4270	6927	0.0455838
6926	6927	0.0455838
3020	6928	0.153422
4727	6928	0.153422
1865	6929	0.160552
3701	6929	0.160552
6929	6930	0.123429
4826	6930	0.123429
6930	6931	0.105578
4416	6931	0.105578
4218	6932	0.0698711
4287	6932	0.0698711
6931	6933	0.0683668
6932	6933	0.0683668
2165	6934	0.0676895
6933	6934	0.0676895
4525	6935	0.050976
1301	6935	0.050976
2575	6936	0.340416
5167	6936	0.340416
6936	6937	0.181658
3021	6937	0.181658
3289	6938	0.143222
6937	6938	0.143222
4813	6939	0.1324
6938	6939	0.1324
5450	6940	0.0742458
1289	6940	0.0742458
6940	6941	0.0741777
790	6941	0.0741777
6941	6942	0.0733546
3866	6942	0.0733546
6052	6943	0.0718974
1655	6943	0.0718974
6939	6944	0.0601455
6942	6944	0.0601455
6943	6945	0.0612165
1135	6945	0.0612165
6944	6946	0.0505211
6945	6946	0.0505211
6946	6947	0.0500649
5498	6947	0.0500649
6109	6948	0.105958
3346	6948	0.105958
4879	6949	0.0612971
5733	6949	0.0612971
5924	6950	0.0992869
6051	6950	0.0992869
6950	6951	0.0610367
3277	6951	0.0610367
5926	6952	0.0602822
6951	6952	0.0602822
5160	6953	0.0601826
6952	6953	0.0601826
4690	6954	0.138115
3658	6954	0.138115
1459	6955	0.13741
6954	6955	0.13741
4043	6956	0.142165
5170	6956	0.142165
6955	6957	0.116854
980	6957	0.116854
6956	6958	0.112488
3542	6958	0.112488
6958	6959	0.109965
6957	6959	0.109965
4421	6960	0.0734932
1481	6960	0.0734932
6960	6961	0.0611418
904	6961	0.0611418
6959	6962	0.0471742
2523	6962	0.0471742
6961	6963	0.0520516
5981	6963	0.0520516
6962	6964	0.0466493
6963	6964	0.0466493
5045	6965	0.0840268
2824	6965	0.0840268
6965	6966	0.0462068
5075	6966	0.0462068
2468	6966	0.0462068
1990	6967	0.0791533
2128	6967	0.0791533
6967	6968	0.0754573
544	6968	0.0754573
1651	6969	0.0609423
4515	6969	0.0609423
6969	6970	0.05988
6968	6970	0.05988
2917	6971	0.0520501
545	6971	0.0520501
1564	6972	0.146169
4518	6972	0.146169
6972	6973	0.100514
1972	6973	0.100514
6973	6974	0.0827289
3646	6974	0.0827289
3686	6975	0.0619215
1221	6975	0.0619215
6975	6976	0.056591
3388	6976	0.056591
6974	6977	0.0548224
6976	6977	0.0548224
6977	6978	0.0474744
3557	6978	0.0474744
1600	6979	0.302382
4256	6979	0.302382
6979	6980	0.135934
849	6980	0.135934
6980	6981	0.104295
2006	6981	0.104295
1906	6982	0.0814476
2699	6982	0.0814476
5360	6983	0.109567
5969	6983	0.109567
6983	6984	0.0738249
4932	6984	0.0738249
4194	6985	0.0713275
6984	6985	0.0713275
1969	6986	0.0638702
6985	6986	0.0638702
6986	6987	0.0620399
5403	6987	0.0620399
6987	6988	0.0588625
2374	6988	0.0588625
4471	6989	0.055951
6988	6989	0.055951
6989	6990	0.0528839
5792	6990	0.0528839
6990	6991	0.0509649
4845	6991	0.0509649
6982	6992	0.0473638
6991	6992	0.0473638
1372	6993	0.048945
952	6993	0.048945
3170	6994	0.0594886
612	6994	0.0594886
2201	6995	0.0592266
6994	6995	0.0592266
3742	6996	0.0458347
2997	6996	0.0458347
5130	6997	0.050024
6027	6997	0.050024
1759	6998	0.054901
1662	6998	0.054901
582	6998	0.054901
4691	6999	0.0477738
6998	6999	0.0477738
1410	7000	0.0611011
2211	7000	0.0611011
636	7001	0.0582734
7000	7001	0.0582734
4125	7002	0.259631
3339	7002	0.259631
7002	7003	0.247503
608	7003	0.247503
2289	7004	0.15712
4462	7004	0.15712
7004	7005	0.102423
5311	7005	0.102423
7005	7006	0.083081
1740	7006	0.083081
7003	7007	0.0762974
1922	7007	0.0762974
7006	7008	0.0561588
7007	7008	0.0561588
5637	7009	0.0559744
7008	7009	0.0559744
5028	7010	0.0999621
3552	7010	0.0999621
2991	7011	0.0965114
7010	7011	0.0965114
7011	7012	0.0695914
2505	7012	0.0695914
7012	7013	0.0639145
5100	7013	0.0639145
4755	7014	0.0674339
748	7014	0.0674339
7013	7015	0.0597618
7014	7015	0.0597618
5156	7016	0.0540377
4149	7016	0.0540377
2389	7017	0.0504027
7016	7017	0.0504027
5560	7018	0.0501374
7015	7018	0.0501374
7017	7019	0.0488958
7018	7019	0.0488958
4527	7020	0.047974
7019	7020	0.047974
2109	7021	0.0572421
4249	7021	0.0572421
4568	7022	0.0552594
7021	7022	0.0552594
1025	7023	0.0765999
2458	7023	0.0765999
835	7024	0.0661043
7023	7024	0.0661043
7024	7025	0.0656755
5482	7025	0.0656755
7025	7026	0.057005
625	7026	0.057005
2473	7027	0.232834
3996	7027	0.232834
632	7028	0.198612
7027	7028	0.198612
7028	7029	0.119189
1510	7029	0.119189
7029	7030	0.110148
1839	7030	0.110148
7030	7031	0.0874642
2009	7031	0.0874642
634	7032	0.0620083
2300	7032	0.0620083
6054	7033	0.07246
6001	7033	0.07246
7033	7034	0.0609476
4948	7034	0.0609476
4856	7035	0.154756
1561	7035	0.154756
7035	7036	0.0814175
5897	7036	0.0814175
638	7037	0.0787374
7036	7037	0.0787374
2933	7038	0.0737065
7037	7038	0.0737065
806	7039	0.0478524
2502	7039	0.0478524
3707	7040	0.049857
3802	7040	0.049857
3148	7041	0.0446571
7040	7041	0.0446571
5406	7042	0.114511
1203	7042	0.114511
7042	7043	0.0911118
3429	7043	0.0911118
4013	7044	0.0801928
7043	7044	0.0801928
7044	7045	0.0793711
4353	7045	0.0793711
7045	7046	0.0567612
5189	7046	0.0567612
6220	7047	0.13887
5695	7047	0.13887
7047	7048	0.12519
5683	7048	0.12519
7048	7049	0.0771489
5933	7049	0.0771489
7049	7050	0.0764438
5619	7050	0.0764438
7050	7051	0.0756126
1342	7051	0.0756126
7051	7052	0.0618264
648	7052	0.0618264
1084	7053	0.101179
3789	7053	0.101179
4311	7054	0.0790237
677	7054	0.0790237
5573	7055	0.0932875
4654	7055	0.0932875
7055	7056	0.0898291
4085	7056	0.0898291
3562	7057	0.0945834
6100	7057	0.0945834
7056	7058	0.0822814
4636	7058	0.0822814
7058	7059	0.080571
3220	7059	0.080571
7059	7060	0.0566289
857	7060	0.0566289
7057	7061	0.0563056
7060	7061	0.0563056
7061	7062	0.0556157
680	7062	0.0556157
683	7063	0.0630373
2464	7063	0.0630373
3994	7064	0.0596507
721	7064	0.0596507
2987	7065	0.0952664
735	7065	0.0952664
4563	7066	0.23252
6017	7066	0.23252
4882	7067	0.149665
4494	7067	0.149665
7066	7068	0.149457
7067	7068	0.149457
7068	7069	0.131361
5019	7069	0.131361
7069	7070	0.0949706
5829	7070	0.0949706
769	7071	0.0910277
7070	7071	0.0910277
2647	7072	0.0899647
7071	7072	0.0899647
4100	7073	0.088459
7072	7073	0.088459
4503	7074	0.0853908
7073	7074	0.0853908
7074	7075	0.0722499
2835	7075	0.0722499
7075	7076	0.0465282
3409	7076	0.0465282
4285	7077	0.0576166
776	7077	0.0576166
788	7078	0.0459912
4186	7078	0.0459912
4276	7079	0.24427
795	7079	0.24427
5077	7080	0.235428
5658	7080	0.235428
7079	7081	0.17481
7080	7081	0.17481
2316	7081	0.17481
7081	7082	0.0890532
3296	7082	0.0890532
2943	7083	0.0751092
7082	7083	0.0751092
7083	7084	0.0611929
4061	7084	0.0611929
7084	7085	0.0492387
797	7085	0.0492387
1076	7086	0.0596811
5151	7086	0.0596811
7086	7087	0.0595019
798	7087	0.0595019
811	7088	0.122258
1761	7088	0.122258
7088	7089	0.09314
4521	7089	0.09314
7089	7090	0.0725648
2922	7090	0.0725648
4776	7091	0.0657727
7090	7091	0.0657727
4729	7092	0.0515162
5976	7092	0.0515162
4717	7093	0.097976
823	7093	0.097976
7093	7094	0.0709143
1476	7094	0.0709143
3175	7095	0.066351
7094	7095	0.066351
2402	7096	0.261467
1285	7096	0.261467
7096	7097	0.19509
5335	7097	0.19509
3472	7098	0.241678
844	7098	0.241678
7098	7099	0.180859
2885	7099	0.180859
7097	7100	0.137989
7099	7100	0.137989
4529	7101	0.0610592
4352	7101	0.0610592
853	7102	0.0600995
1650	7102	0.0600995
7101	7102	0.0600995
3501	7103	0.087901
3605	7103	0.087901
5286	7104	0.0711115
3594	7104	0.0711115
7103	7105	0.0662313
7104	7105	0.0662313
1057	7106	0.0617711
7105	7106	0.0617711
3176	7107	0.107755
2425	7107	0.107755
7107	7108	0.0739518
913	7108	0.0739518
7108	7109	0.0573069
2816	7109	0.0573069
6014	7110	0.150903
6058	7110	0.150903
5670	7111	0.0944068
3616	7111	0.0944068
7111	7112	0.0907119
3224	7112	0.0907119
7112	7113	0.0843584
1849	7113	0.0843584
7110	7114	0.079179
1093	7114	0.079179
7113	7115	0.0684043
7114	7115	0.0684043
7115	7116	0.0680982
4936	7116	0.0680982
938	7117	0.0463229
2281	7117	0.0463229
4543	7118	0.0837205
5759	7118	0.0837205
946	7119	0.0921398
1870	7119	0.0921398
3398	7120	0.120441
951	7120	0.120441
1593	7121	0.0554264
2861	7121	0.0554264
7121	7122	0.0533089
1887	7122	0.0533089
3845	7123	0.0495543
7122	7123	0.0495543
4630	7124	0.0493251
7123	7124	0.0493251
1339	7125	0.161199
2659	7125	0.161199
7125	7126	0.120585
1114	7126	0.120585
7126	7127	0.0743301
3318	7127	0.0743301
7127	7128	0.0514999
965	7128	0.0514999
1439	7128	0.0514999
1056	7129	0.048559
1961	7129	0.048559
3456	7130	0.339234
999	7130	0.339234
7130	7131	0.0536569
6029	7131	0.0536569
3937	7132	0.087889
3357	7132	0.087889
1040	7133	0.0875608
7132	7133	0.0875608
1475	7134	0.129333
1049	7134	0.129333
7134	7135	0.0667626
6299	7135	0.0667626
5656	7136	0.0936927
3738	7136	0.0936927
7136	7137	0.0927699
5963	7137	0.0927699
7137	7138	0.0856255
5510	7138	0.0856255
3843	7139	0.0705625
5729	7139	0.0705625
7138	7140	0.0656674
7139	7140	0.0656674
7140	7141	0.0613893
1064	7141	0.0613893
7141	7142	0.04649
1851	7142	0.04649
3861	7143	0.0463078
7142	7143	0.0463078
3465	7144	0.0481061
1066	7144	0.0481061
2343	7145	0.0656131
1069	7145	0.0656131
5180	7146	0.0749124
1075	7146	0.0749124
1087	7147	0.0946957
5898	7147	0.0946957
4431	7148	0.0661808
4745	7148	0.0661808
7147	7149	0.0571426
6012	7149	0.0571426
7148	7150	0.0556124
7149	7150	0.0556124
2329	7151	0.0501334
7150	7151	0.0501334
1617	7152	0.0445953
1941	7152	0.0445953
3649	7153	0.0912885
3525	7153	0.0912885
2039	7154	0.0911993
7153	7154	0.0911993
4998	7155	0.0831882
7154	7155	0.0831882
7155	7156	0.0789073
3107	7156	0.0789073
4687	7157	0.118374
1822	7157	0.118374
7157	7158	0.0868685
1185	7158	0.0868685
4863	7159	0.0676693
7158	7159	0.0676693
7159	7160	0.0653962
4477	7160	0.0653962
7160	7161	0.0507281
1923	7161	0.0507281
7161	7162	0.0506648
1184	7162	0.0506648
1197	7163	0.0689666
3117	7163	0.0689666
2400	7164	0.0691062
1202	7164	0.0691062
1317	7165	0.0665432
7164	7165	0.0665432
5945	7166	0.0808387
5944	7166	0.0808387
7166	7167	0.0591576
4622	7167	0.0591576
7167	7168	0.0493075
1214	7168	0.0493075
5185	7169	0.0459471
7168	7169	0.0459471
1511	7170	0.111695
1227	7170	0.111695
4994	7171	0.135671
3560	7171	0.135671
7171	7172	0.0518766
3050	7172	0.0518766
5609	7173	0.0464008
1236	7173	0.0464008
5092	7174	0.0550359
3982	7174	0.0550359
4268	7175	0.0975399
1262	7175	0.0975399
4823	7176	0.0529243
4747	7176	0.0529243
5849	7177	0.0755108
1313	7177	0.0755108
7177	7178	0.0490961
4297	7178	0.0490961
1389	7179	0.0520636
5504	7179	0.0520636
1657	7180	0.0505418
1394	7180	0.0505418
1397	7181	0.118794
3431	7181	0.118794
2429	7182	0.099696
1404	7182	0.099696
4844	7183	0.0886149
5109	7183	0.0886149
7183	7184	0.0617921
4910	7184	0.0617921
4534	7185	0.0549351
7184	7185	0.0549351
7185	7186	0.051023
2247	7186	0.051023
5742	7187	0.0713008
6103	7187	0.0713008
1883	7188	0.0610504
3547	7188	0.0610504
7188	7189	0.0587888
2527	7189	0.0587888
7187	7190	0.0576401
7189	7190	0.0576401
3524	7191	0.224911
4009	7191	0.224911
2312	7192	0.0757828
1464	7192	0.0757828
7192	7193	0.0730552
2309	7193	0.0730552
7191	7194	0.0660192
7193	7194	0.0660192
4313	7195	0.0553636
1968	7195	0.0553636
7195	7196	0.0464958
4849	7196	0.0464958
4081	7197	0.0511882
5277	7197	0.0511882
7197	7198	0.0469858
1473	7198	0.0469858
1483	7199	0.180701
2903	7199	0.180701
6016	7200	0.121522
5890	7200	0.121522
7200	7201	0.0590764
5577	7201	0.0590764
7201	7202	0.0589803
5951	7202	0.0589803
2013	7203	0.112583
5009	7203	0.112583
7203	7204	0.075058
1522	7204	0.075058
7204	7205	0.0652008
5746	7205	0.0652008
5409	7206	0.137288
3771	7206	0.137288
1629	7207	0.126315
7206	7207	0.126315
7207	7208	0.119508
4167	7208	0.119508
7208	7209	0.0723686
1581	7209	0.0723686
7209	7210	0.056193
3300	7210	0.056193
5884	7211	0.127262
3149	7211	0.127262
2678	7212	0.0607116
1636	7212	0.0607116
7211	7213	0.0600575
7212	7213	0.0600575
7213	7214	0.0542363
1637	7214	0.0542363
5538	7215	0.0452746
1715	7215	0.0452746
4096	7216	0.106615
1731	7216	0.106615
7216	7217	0.0447452
2265	7217	0.0447452
5984	7218	0.0844072
5739	7218	0.0844072
7218	7219	0.0637181
5269	7219	0.0637181
4565	7220	0.0450215
1745	7220	0.0450215
3003	7221	0.0926919
1765	7221	0.0926919
3879	7222	0.110546
3882	7222	0.110546
4424	7223	0.105015
7222	7223	0.105015
7223	7224	0.0631706
6133	7224	0.0631706
7224	7225	0.0487226
3690	7225	0.0487226
3029	7226	0.0462185
7225	7226	0.0462185
7226	7227	0.0460692
4423	7227	0.0460692
1910	7228	0.0496044
5469	7228	0.0496044
3264	7229	0.0475112
4122	7229	0.0475112
7228	7230	0.0459528
7229	7230	0.0459528
3854	7231	0.0451228
7230	7231	0.0451228
4737	7232	0.206367
4739	7232	0.206367
4181	7233	0.0564023
5262	7233	0.0564023
5805	7234	0.114417
3972	7234	0.114417
7234	7235	0.111174
3973	7235	0.111174
7235	7236	0.0837936
2320	7236	0.0837936
7236	7237	0.0534305
5284	7237	0.0534305
7237	7238	0.0464609
1921	7238	0.0464609
5297	7239	0.126544
4284	7239	0.126544
2060	7240	0.0617233
3613	7240	0.0617233
7239	7241	0.0614611
7240	7241	0.0614611
1947	7242	0.0596589
7241	7242	0.0596589
1960	7243	0.101107
3571	7243	0.101107
5517	7244	0.0809959
2001	7244	0.0809959
5477	7245	0.38814
2097	7245	0.38814
5848	7246	0.375125
7245	7246	0.375125
5024	7247	0.0967322
2485	7247	0.0967322
5060	7248	0.180939
4432	7248	0.180939
4824	7249	0.0446601
2646	7249	0.0446601
2723	7250	0.0900787
3790	7250	0.0900787
2727	7251	0.131165
4350	7251	0.131165
5321	7252	0.0883196
5243	7252	0.0883196
2974	7253	0.101725
5194	7253	0.101725
6011	7254	0.142094
3056	7254	0.142094
3477	7255	0.0629633
4513	7255	0.0629633
3063	7256	0.171345
4634	7256	0.171345
4903	7257	0.0520799
5105	7257	0.0520799
4738	7258	0.0928382
3964	7258	0.0928382
5651	7259	0.0548699
3473	7259	0.0548699
5460	7260	0.0648211
5597	7260	0.0648211
3955	7261	0.0692256
3821	7261	0.0692256
6007	7262	0.0852602
4576	7262	0.0852602
5751	7263	0.0837927
7262	7263	0.0837927
5312	7264	0.0463924
4670	7264	0.0463924
6160	7265	0.098432
6153	7265	0.098432
6149	7266	0.0719188
5854	7266	0.0719188
7265	7267	0.071288
7266	7267	0.071288
6148	7268	0.0692248
7267	7268	0.0692248
5855	7269	0.0500063
7268	7269	0.0500063
611	7270	0.0334227
6978	7270	0.0334227
7231	7271	0.0359494
2761	7271	0.0359494
7271	7272	0.0312386
4730	7272	0.0312386
7064	7273	0.0303765
7272	7273	0.0303765
5142	7274	0.0393047
1726	7274	0.0393047
7233	7275	0.0404981
3250	7275	0.0404981
7274	7276	0.0361393
7275	7276	0.0361393
6574	7277	0.0307082
7276	7277	0.0307082
666	7278	0.0419664
6556	7278	0.0419664
6546	7279	0.0412439
7278	7279	0.0412439
5161	7280	0.0412118
7279	7280	0.0412118
7280	7281	0.0397719
1582	7281	0.0397719
6806	7282	0.0442494
1336	7282	0.0442494
2416	7283	0.0397311
7282	7283	0.0397311
6842	7284	0.0411085
339	7284	0.0411085
2665	7285	0.0423438
3375	7285	0.0423438
1392	7286	0.0388303
7284	7286	0.0388303
4937	7287	0.0382441
7285	7287	0.0382441
4854	7288	0.0378969
7286	7288	0.0378969
7288	7289	0.0374472
7287	7289	0.0374472
7248	7290	0.0388986
2886	7290	0.0388986
3403	7291	0.0378281
7290	7291	0.0378281
6971	7292	0.0363513
7281	7292	0.0363513
7289	7293	0.036992
1341	7293	0.036992
7292	7294	0.0363445
7293	7294	0.0363445
7294	7295	0.0360367
733	7295	0.0360367
7295	7296	0.0345372
7238	7296	0.0345372
2170	7297	0.0333664
7296	7297	0.0333664
7291	7298	0.0343516
1371	7298	0.0343516
3922	7299	0.0342876
2562	7299	0.0342876
128	7300	0.0340756
7298	7300	0.0340756
7300	7301	0.0334347
7299	7301	0.0334347
7246	7302	0.0327886
7297	7302	0.0327886
7302	7303	0.0316412
7263	7303	0.0316412
3260	7304	0.0305356
7303	7304	0.0305356
7283	7305	0.0331376
3288	7305	0.0331376
7304	7306	0.0303226
7305	7306	0.0303226
7306	7307	0.0303028
1187	7307	0.0303028
7301	7308	0.0301162
7307	7308	0.0301162
4004	7309	0.029938
7308	7309	0.029938
266	7310	0.0388869
7178	7310	0.0388869
7227	7311	0.0430812
5788	7311	0.0430812
7311	7312	0.0362561
5789	7312	0.0362561
7312	7313	0.0331354
4293	7313	0.0331354
5914	7314	0.0374106
230	7314	0.0374106
7221	7315	0.0398207
5752	7315	0.0398207
3331	7316	0.0305439
1072	7316	0.0305439
2722	7317	0.032975
2272	7317	0.032975
1253	7318	0.0396078
4322	7318	0.0396078
1752	7319	0.038652
2758	7319	0.038652
7318	7320	0.038049
7319	7320	0.038049
2240	7321	0.037578
7320	7321	0.037578
7321	7322	0.0344318
2734	7322	0.0344318
2809	7323	0.034424
4770	7323	0.034424
7322	7323	0.034424
4451	7324	0.0323179
5328	7324	0.0323179
4338	7325	0.0394357
7247	7325	0.0394357
1502	7326	0.0319417
264	7326	0.0319417
6890	7327	0.0442506
3748	7327	0.0442506
6896	7328	0.0430612
5473	7328	0.0430612
6792	7329	0.0381687
5399	7329	0.0381687
1837	7330	0.0369145
7329	7330	0.0369145
4492	7331	0.0437232
6518	7331	0.0437232
7331	7332	0.0431919
882	7332	0.0431919
5851	7333	0.0430954
7332	7333	0.0430954
2499	7334	0.0430757
7333	7334	0.0430757
6992	7335	0.0440903
5116	7335	0.0440903
3147	7336	0.0428068
7334	7336	0.0428068
4553	7337	0.0419978
7336	7337	0.0419978
7335	7338	0.042727
561	7338	0.042727
7337	7339	0.0416685
7180	7339	0.0416685
7339	7340	0.0411802
7338	7340	0.0411802
98	7341	0.0411357
7340	7341	0.0411357
5423	7342	0.0436471
6571	7342	0.0436471
5190	7343	0.0415484
7342	7343	0.0415484
6630	7344	0.0413077
3763	7344	0.0413077
6621	7345	0.0432295
6634	7345	0.0432295
3718	7346	0.0421996
7345	7346	0.0421996
6647	7347	0.043223
4721	7347	0.043223
4450	7348	0.0430682
7347	7348	0.0430682
1356	7349	0.0439479
3362	7349	0.0439479
3687	7350	0.0425141
5114	7350	0.0425141
7348	7351	0.0420139
7350	7351	0.0420139
6797	7352	0.0418349
7349	7352	0.0418349
7351	7353	0.0416805
3475	7353	0.0416805
7353	7354	0.041296
7352	7354	0.041296
6981	7355	0.0426157
3917	7355	0.0426157
7009	7356	0.0414312
2637	7356	0.0414312
6124	7357	0.0424583
5079	7357	0.0424583
7341	7358	0.0404323
3227	7358	0.0404323
7156	7359	0.0409109
4018	7359	0.0409109
7358	7360	0.0389348
3939	7360	0.0389348
7360	7361	0.038203
7359	7361	0.038203
7343	7362	0.0409951
5994	7362	0.0409951
7362	7363	0.0396649
7357	7363	0.0396649
7363	7364	0.0394402
5657	7364	0.0394402
7344	7365	0.0405189
7346	7365	0.0405189
6624	7366	0.0390102
7365	7366	0.0390102
667	7367	0.0411192
7356	7367	0.0411192
879	7368	0.0405181
7367	7368	0.0405181
7354	7369	0.0407379
5375	7369	0.0407379
7368	7370	0.0400316
7369	7370	0.0400316
7370	7371	0.0387632
3836	7371	0.0387632
3968	7372	0.0387533
7371	7372	0.0387533
7361	7373	0.0379125
2043	7373	0.0379125
7364	7374	0.0379291
7366	7374	0.0379291
7374	7375	0.037782
7372	7375	0.037782
7375	7376	0.0377398
7259	7376	0.0377398
7376	7377	0.0376199
2223	7377	0.0376199
7373	7378	0.0375946
7377	7378	0.0375946
7378	7379	0.0374829
105	7379	0.0374829
7379	7380	0.0369823
7355	7380	0.0369823
3829	7381	0.0369192
7380	7381	0.0369192
213	7382	0.0366307
7381	7382	0.0366307
7382	7383	0.0362593
1300	7383	0.0362593
7383	7384	0.0361655
1627	7384	0.0361655
7257	7385	0.0360461
7384	7385	0.0360461
7031	7386	0.0359135
7385	7386	0.0359135
3578	7387	0.0358197
7386	7387	0.0358197
7199	7388	0.0426395
2591	7388	0.0426395
7182	7389	0.0397928
7388	7389	0.0397928
7173	7390	0.0392766
3874	7390	0.0392766
4150	7391	0.0435581
6966	7391	0.0435581
7391	7392	0.0404038
2671	7392	0.0404038
7170	7393	0.0392362
7390	7393	0.0392362
6519	7394	0.0392316
7393	7394	0.0392316
7392	7394	0.0392316
1646	7395	0.0390934
7394	7395	0.0390934
7389	7396	0.0385477
7395	7396	0.0385477
3099	7397	0.0373396
7396	7397	0.0373396
7397	7398	0.0373126
3065	7398	0.0373126
4040	7399	0.0366688
7398	7399	0.0366688
6863	7400	0.0418057
1913	7400	0.0418057
7400	7401	0.0382802
6866	7401	0.0382802
6859	7402	0.0377299
7401	7402	0.0377299
3081	7403	0.0415422
6868	7403	0.0415422
2027	7404	0.04361
6522	7404	0.04361
364	7405	0.0435257
7404	7405	0.0435257
6520	7406	0.0430927
7405	7406	0.0430927
4323	7407	0.042205
7406	7407	0.042205
569	7408	0.0426674
1247	7408	0.0426674
6870	7409	0.0424814
7408	7409	0.0424814
3386	7410	0.0419658
7407	7410	0.0419658
7409	7411	0.0406474
4533	7411	0.0406474
7411	7412	0.038948
5319	7412	0.038948
7412	7413	0.0384798
383	7413	0.0384798
7410	7414	0.0377082
7413	7414	0.0377082
6542	7415	0.0443363
783	7415	0.0443363
7415	7416	0.0374766
631	7416	0.0374766
4725	7417	0.0428942
4282	7417	0.0428942
6579	7418	0.0431129
1539	7418	0.0431129
751	7419	0.0416546
7418	7419	0.0416546
7419	7420	0.0401047
588	7420	0.0401047
6768	7421	0.0438163
6772	7421	0.0438163
2107	7422	0.0422382
1702	7422	0.0422382
7420	7423	0.03985
106	7423	0.03985
454	7424	0.0398059
7423	7424	0.0398059
7421	7425	0.0398483
7422	7425	0.0398483
4735	7426	0.0398324
7425	7426	0.0398324
7424	7427	0.037807
2712	7427	0.037807
93	7428	0.0394023
7426	7428	0.0394023
7427	7429	0.0362807
2483	7429	0.0362807
7428	7430	0.0358019
7429	7430	0.0358019
6602	7431	0.0437639
5099	7431	0.0437639
7431	7432	0.0434547
7026	7432	0.0434547
7432	7433	0.0426942
4653	7433	0.0426942
4733	7434	0.0415496
7433	7434	0.0415496
4812	7435	0.0409206
7434	7435	0.0409206
7435	7436	0.0407387
6848	7436	0.0407387
7436	7437	0.0406561
2257	7437	0.0406561
7437	7438	0.039341
1818	7438	0.039341
7438	7439	0.0383954
1507	7439	0.0383954
7186	7440	0.0378435
7439	7440	0.0378435
2066	7441	0.0379189
52	7441	0.0379189
7441	7442	0.0361852
3702	7442	0.0361852
6613	7443	0.0428633
1007	7443	0.0428633
7443	7444	0.0401468
6616	7444	0.0401468
5741	7445	0.0383653
7444	7445	0.0383653
7445	7446	0.0374904
4355	7446	0.0374904
737	7447	0.0370047
7446	7447	0.0370047
6620	7448	0.0432031
3999	7448	0.0432031
94	7449	0.0422841
2131	7449	0.0422841
7448	7450	0.0421125
7449	7450	0.0421125
6657	7451	0.044367
4381	7451	0.044367
1449	7452	0.0438888
296	7452	0.0438888
7451	7453	0.0409544
7452	7453	0.0409544
6815	7454	0.039353
7453	7454	0.039353
2120	7455	0.0371809
7454	7455	0.0371809
3162	7456	0.036836
7455	7456	0.036836
6661	7457	0.0432137
2134	7457	0.0432137
6286	7458	0.037396
4883	7458	0.037396
6666	7459	0.0428351
6687	7459	0.0428351
7459	7460	0.0407474
3976	7460	0.0407474
2507	7460	0.0407474
7460	7461	0.0390388
2229	7461	0.0390388
7461	7462	0.0376887
1143	7462	0.0376887
7462	7463	0.0365582
562	7463	0.0365582
6696	7464	0.043962
2518	7464	0.043962
3683	7465	0.0389456
5061	7465	0.0389456
7242	7466	0.0366516
7465	7466	0.0366516
7210	7467	0.0395391
4025	7467	0.0395391
6700	7468	0.038689
7467	7468	0.038689
1412	7469	0.0386511
7468	7469	0.0386511
558	7470	0.0380271
7469	7470	0.0380271
7470	7471	0.0371721
6289	7471	0.0371721
6837	7472	0.0368509
7471	7472	0.0368509
7472	7473	0.0360668
3312	7473	0.0360668
5557	7474	0.0416249
3219	7474	0.0416249
6704	7475	0.0407557
5245	7475	0.0407557
2304	7476	0.0442639
6725	7476	0.0442639
7476	7477	0.0439798
3709	7477	0.0439798
5259	7478	0.0422137
7477	7478	0.0422137
7478	7479	0.0422078
3239	7479	0.0422078
7020	7480	0.041839
7479	7480	0.041839
7480	7481	0.0411005
3618	7481	0.0411005
7220	7482	0.0438266
5306	7482	0.0438266
7481	7483	0.0407242
175	7483	0.0407242
7219	7484	0.0406173
7483	7484	0.0406173
7484	7485	0.0396428
7482	7485	0.0396428
7475	7486	0.0387039
7485	7486	0.0387039
2017	7487	0.0376889
7486	7487	0.0376889
4162	7488	0.0370648
7487	7488	0.0370648
7488	7489	0.0360055
5491	7489	0.0360055
6726	7490	0.043304
7190	7490	0.043304
7053	7491	0.0391887
7490	7491	0.0391887
7100	7492	0.0390851
7491	7492	0.0390851
695	7493	0.0372538
3067	7493	0.0372538
7492	7493	0.0372538
6752	7494	0.0404921
1052	7494	0.0404921
193	7495	0.0430404
2321	7495	0.0430404
6898	7496	0.0421125
7495	7496	0.0421125
6906	7497	0.0441748
5198	7497	0.0441748
7496	7498	0.0420331
559	7498	0.0420331
7497	7499	0.0387725
7498	7499	0.0387725
6766	7500	0.042648
2102	7500	0.042648
7500	7501	0.042148
5872	7501	0.042148
7501	7502	0.0421066
4280	7502	0.0421066
6774	7503	0.042995
1835	7503	0.042995
4960	7504	0.0428446
3115	7504	0.0428446
6781	7505	0.0413978
7504	7505	0.0413978
7505	7506	0.0402484
2894	7506	0.0402484
6789	7507	0.0410394
2177	7507	0.0410394
7507	7508	0.0395979
2842	7508	0.0395979
7508	7509	0.0394547
1986	7509	0.0394547
5968	7510	0.0386456
7509	7510	0.0386456
5404	7511	0.0370467
256	7511	0.0370467
4357	7512	0.0379006
313	7512	0.0379006
7512	7513	0.0359571
573	7513	0.0359571
453	7514	0.0432103
7152	7514	0.0432103
6953	7515	0.0401333
4698	7515	0.0401333
4702	7516	0.0383509
7515	7516	0.0383509
2055	7517	0.042655
6964	7517	0.042655
2725	7518	0.042684
3100	7518	0.042684
6996	7519	0.0422691
3387	7519	0.0422691
7519	7520	0.0418656
1939	7520	0.0418656
7520	7521	0.0364441
3776	7521	0.0364441
7521	7522	0.0359135
1739	7522	0.0359135
4967	7523	0.0397112
2295	7523	0.0397112
1312	7524	0.0405528
5530	7524	0.0405528
7524	7525	0.0379348
4333	7525	0.0379348
4172	7526	0.0399538
2859	7526	0.0399538
7054	7527	0.0398436
7526	7527	0.0398436
2531	7528	0.0365779
5413	7528	0.0365779
3444	7529	0.0360219
7528	7529	0.0360219
7109	7530	0.0374333
4401	7530	0.0374333
7124	7531	0.0438644
4038	7531	0.0438644
3352	7532	0.0368254
7531	7532	0.0368254
7128	7533	0.0427939
1445	7533	0.0427939
4190	7534	0.0407076
7533	7534	0.0407076
7116	7535	0.0405853
7534	7535	0.0405853
2346	7535	0.0405853
7117	7536	0.0397823
2280	7536	0.0397823
1524	7537	0.0366183
1153	7537	0.0366183
7165	7538	0.0366183
1390	7538	0.0366183
7250	7539	0.043247
5868	7539	0.043247
7260	7540	0.0393119
3950	7540	0.0393119
3737	7540	0.0393119
1886	7541	0.0383894
4988	7541	0.0383894
6039	7542	0.0367422
7541	7542	0.0367422
5296	7543	0.0381491
1935	7543	0.0381491
7543	7544	0.0370192
2599	7544	0.0370192
7243	7545	0.0363721
2288	7545	0.0363721
2319	7546	0.0369867
5108	7546	0.0369867
7255	7547	0.0408473
3061	7547	0.0408473
6135	7548	0.0398098
3929	7548	0.0398098
4332	7549	0.0379308
5821	7549	0.0379308
4992	7550	0.0377053
4339	7550	0.0377053
7327	7551	0.0344715
7328	7551	0.0344715
237	7552	0.0352543
7387	7552	0.0352543
7330	7553	0.0351258
7552	7553	0.0351258
7553	7554	0.0348002
2145	7554	0.0348002
7554	7555	0.0347345
6223	7555	0.0347345
2368	7556	0.0342789
7555	7556	0.0342789
7414	7557	0.0355714
7514	7557	0.0355714
7403	7558	0.0349621
7557	7558	0.0349621
4914	7559	0.0345713
7558	7559	0.0345713
7457	7560	0.0351611
1808	7560	0.0351611
7489	7561	0.0347979
1973	7561	0.0347979
7561	7562	0.0344259
415	7562	0.0344259
995	7563	0.034408
7562	7563	0.034408
7494	7564	0.0349821
7506	7564	0.0349821
7535	7565	0.0343904
7536	7565	0.0343904
6031	7566	0.0349885
4900	7566	0.0349885
5395	7567	0.0342542
4467	7567	0.0342542
7556	7568	0.0339297
7567	7568	0.0339297
7551	7569	0.0339243
7568	7569	0.0339243
7569	7570	0.0338094
2221	7570	0.0338094
7402	7571	0.0341495
7559	7571	0.0341495
7493	7572	0.0338501
7549	7572	0.0338501
7572	7573	0.0337805
7565	7573	0.0337805
7564	7574	0.0340318
4934	7574	0.0340318
7548	7575	0.0337194
7570	7575	0.0337194
7575	7576	0.0334167
7563	7576	0.0334167
7576	7577	0.0332441
41	7577	0.0332441
5084	7578	0.0334272
7574	7578	0.0334272
7571	7579	0.0333249
7578	7579	0.0333249
7573	7580	0.0330619
856	7580	0.0330619
7577	7581	0.0330344
7579	7581	0.0330344
7580	7581	0.0330344
7581	7582	0.0328197
7566	7582	0.0328197
7560	7583	0.0327951
7582	7583	0.0327951
7527	7583	0.0327951
7399	7584	0.0357972
543	7584	0.0357972
3669	7585	0.0354118
7584	7585	0.0354118
328	7586	0.035344
7585	7586	0.035344
4991	7587	0.0348484
2983	7587	0.0348484
7502	7588	0.0338847
7587	7588	0.0338847
7416	7589	0.0349435
1525	7589	0.0349435
7589	7590	0.0344937
6090	7590	0.0344937
7590	7591	0.0328497
7545	7591	0.0328497
7516	7592	0.0351975
7538	7592	0.0351975
7592	7593	0.0350347
6226	7593	0.0350347
5229	7594	0.0340877
7593	7594	0.0340877
7430	7595	0.0341618
1156	7595	0.0341618
7417	7596	0.0340007
7595	7596	0.0340007
7596	7597	0.0331607
7530	7597	0.0331607
7597	7598	0.0330672
7540	7598	0.0330672
7539	7599	0.032963
7598	7599	0.032963
7594	7600	0.0329591
7599	7600	0.0329591
7440	7601	0.0348928
1419	7601	0.0348928
6917	7602	0.0336676
7601	7602	0.0336676
1350	7603	0.0333778
7602	7603	0.0333778
7603	7604	0.0331942
168	7604	0.0331942
693	7605	0.0331214
7604	7605	0.0331214
7022	7606	0.0326984
7605	7606	0.0326984
6604	7607	0.032852
7442	7607	0.032852
7447	7608	0.0354374
550	7608	0.0354374
7608	7609	0.0336369
1417	7609	0.0336369
3987	7610	0.0340378
7450	7610	0.0340378
7610	7611	0.0329037
1644	7611	0.0329037
7463	7612	0.0355087
4092	7612	0.0355087
7612	7613	0.0353316
7052	7613	0.0353316
4795	7614	0.0337783
7613	7614	0.0337783
7464	7615	0.0350059
5218	7615	0.0350059
6693	7616	0.0335742
7615	7616	0.0335742
7616	7617	0.0333181
1777	7617	0.0333181
6995	7618	0.0353688
6302	7618	0.0353688
4775	7619	0.0352932
7547	7619	0.0352932
1944	7620	0.0350855
7619	7620	0.0350855
1680	7621	0.0354594
7466	7621	0.0354594
7621	7622	0.0330022
7550	7622	0.0330022
4241	7623	0.035758
7473	7623	0.035758
7623	7624	0.0353565
1261	7624	0.0353565
7624	7625	0.0351471
5013	7625	0.0351471
7474	7626	0.0347791
146	7626	0.0347791
7625	7627	0.0335859
7626	7627	0.0335859
7627	7628	0.0329192
2510	7628	0.0329192
4867	7629	0.0327523
7628	7629	0.0327523
7499	7630	0.0342831
3263	7630	0.0342831
7503	7631	0.0335604
2787	7631	0.0335604
7510	7632	0.0345099
5665	7632	0.0345099
7517	7633	0.0348119
1962	7633	0.0348119
4389	7634	0.0347252
7633	7634	0.0347252
7634	7635	0.0326889
7518	7635	0.0326889
7513	7636	0.0355109
2282	7636	0.0355109
7636	7637	0.0329398
5813	7637	0.0329398
4782	7638	0.0356968
7522	7638	0.0356968
4946	7639	0.034825
7638	7639	0.034825
3998	7640	0.0347033
7639	7640	0.0347033
1008	7641	0.0355368
7525	7641	0.0355368
7641	7642	0.0352775
3151	7642	0.0352775
7642	7643	0.0351475
4744	7643	0.0351475
3933	7644	0.0347373
7643	7644	0.0347373
7644	7645	0.0341321
3934	7645	0.0341321
7645	7646	0.0339568
1591	7646	0.0339568
7523	7647	0.0335802
7646	7647	0.0335802
7133	7648	0.0347061
7537	7648	0.0347061
2827	7649	0.0329727
5982	7649	0.0329727
3637	7650	0.0350255
3640	7650	0.0350255
7650	7651	0.033424
3639	7651	0.033424
1684	7652	0.0326691
7583	7652	0.0326691
1456	7653	0.0325462
7652	7653	0.0325462
7600	7654	0.0325812
1526	7654	0.0325812
7456	7655	0.0325423
7653	7655	0.0325423
7654	7655	0.0325423
7544	7656	0.0325078
7655	7656	0.0325078
7656	7657	0.0324912
836	7657	0.0324912
7657	7658	0.0324735
5621	7658	0.0324735
7658	7659	0.0324302
4726	7659	0.0324302
7659	7660	0.0323856
1930	7660	0.0323856
1059	7661	0.0323822
7660	7661	0.0323822
7661	7662	0.0323743
3143	7662	0.0323743
6561	7663	0.0324758
7648	7663	0.0324758
7662	7664	0.0323592
1130	7664	0.0323592
7664	7665	0.0323327
1297	7665	0.0323327
7532	7666	0.0323243
7665	7666	0.0323243
7666	7667	0.0323203
39	7667	0.0323203
7143	7668	0.0323105
7667	7668	0.0323105
7668	7669	0.0323071
7607	7669	0.0323071
7669	7670	0.0322972
7663	7670	0.0322972
7670	7671	0.0322792
1620	7671	0.0322792
7671	7672	0.0322784
6023	7672	0.0322784
7672	7673	0.0322706
3974	7673	0.0322706
2361	7674	0.0321924
7673	7674	0.0321924
4242	7674	0.0321924
7674	7675	0.0321777
101	7675	0.0321777
1295	7676	0.0323105
7586	7676	0.0323105
3863	7677	0.0325317
7591	7677	0.0325317
7675	7678	0.0321735
3832	7678	0.0321735
7678	7679	0.0320807
7546	7679	0.0320807
7679	7680	0.0320769
247	7680	0.0320769
7680	7681	0.0320571
1768	7681	0.0320571
4740	7682	0.0320532
7681	7682	0.0320532
7682	7683	0.0320454
3661	7683	0.0320454
7683	7684	0.0318261
2680	7684	0.0318261
7684	7685	0.0317415
7611	7685	0.0317415
7685	7686	0.0317358
3270	7686	0.0317358
7686	7687	0.0317303
9	7687	0.0317303
5154	7688	0.0320045
7617	7688	0.0320045
7687	7689	0.0316752
2186	7689	0.0316752
7689	7690	0.0316002
1586	7690	0.0316002
7676	7691	0.0315064
7690	7691	0.0315064
7609	7691	0.0315064
3997	7691	0.0315064
7588	7692	0.0316121
5353	7692	0.0316121
7692	7693	0.0314594
4281	7693	0.0314594
2890	7694	0.0316282
7688	7694	0.0316282
7691	7695	0.031432
3625	7695	0.031432
7695	7696	0.0313241
6843	7696	0.0313241
7693	7696	0.0313241
7677	7696	0.0313241
6688	7697	0.0313444
7694	7697	0.0313444
5659	7698	0.0313147
7696	7698	0.0313147
7697	7699	0.0313187
4429	7699	0.0313187
7698	7700	0.0313008
7699	7700	0.0313008
7622	7700	0.0313008
7629	7700	0.0313008
7172	7701	0.032598
1231	7701	0.032598
1966	7701	0.032598
6839	7702	0.0322209
7606	7702	0.0322209
7630	7703	0.0325956
7542	7703	0.0325956
7614	7704	0.0324996
7703	7704	0.0324996
1035	7705	0.0320512
7704	7705	0.0320512
7705	7706	0.0314591
7649	7706	0.0314591
7632	7707	0.0322078
639	7707	0.0322078
7707	7708	0.0315685
3872	7708	0.0315685
5594	7709	0.032235
7637	7709	0.032235
6291	7710	0.0325507
7647	7710	0.0325507
7251	7711	0.0313969
3453	7711	0.0313969
7620	7712	0.0312306
7700	7712	0.0312306
7712	7713	0.0312283
7710	7713	0.0312283
6296	7713	0.0312283
7713	7714	0.0312023
553	7714	0.0312023
7714	7715	0.0311478
1959	7715	0.0311478
7715	7716	0.0310925
318	7716	0.0310925
7635	7717	0.0310133
7716	7717	0.0310133
7709	7717	0.0310133
3979	7717	0.0310133
7717	7718	0.0310087
1685	7718	0.0310087
7718	7719	0.0309371
1664	7719	0.0309371
7719	7720	0.0309141
724	7720	0.0309141
6292	7721	0.0309124
7720	7721	0.0309124
7721	7722	0.0308877
5543	7722	0.0308877
7722	7723	0.0308515
1816	7723	0.0308515
7511	7724	0.0308378
7723	7724	0.0308378
7640	7724	0.0308378
6649	7725	0.0308023
7724	7725	0.0308023
84	7726	0.0307925
7725	7726	0.0307925
7631	7727	0.0307245
7726	7727	0.0307245
7727	7728	0.0306872
7651	7728	0.0306872
3141	7729	0.0306377
7728	7729	0.0306377
7729	7730	0.0305865
2897	7730	0.0305865
7730	7731	0.0305806
514	7731	0.0305806
2076	7732	0.0305663
7731	7732	0.0305663
1240	7733	0.0310842
7701	7733	0.0310842
7458	7734	0.0310326
7706	7734	0.0310326
7708	7735	0.0312792
6311	7735	0.0312792
7734	7736	0.0307952
7735	7736	0.0307952
7736	7737	0.03061
5088	7737	0.03061
3332	7738	0.0309753
209	7738	0.0309753
2534	7739	0.0310242
7711	7739	0.0310242
3425	7740	0.0304448
4331	7740	0.0304448
7732	7741	0.0305566
298	7741	0.0305566
7741	7742	0.0305365
4072	7742	0.0305365
7738	7742	0.0305365
7742	7743	0.030512
7739	7743	0.030512
7529	7744	0.0305039
7743	7744	0.0305039
7744	7745	0.0305025
140	7745	0.0305025
4074	7745	0.0305025
7745	7746	0.0304059
1679	7746	0.0304059
7746	7747	0.0303374
684	7747	0.0303374
7740	7748	0.0303023
7747	7748	0.0303023
7145	7749	0.0302884
7748	7749	0.0302884
1271	7749	0.0302884
7749	7750	0.0302314
5158	7750	0.0302314
7750	7751	0.0302115
7737	7751	0.0302115
7215	7752	0.0301997
7751	7752	0.0301997
7752	7753	0.0301715
5249	7753	0.0301715
7702	7754	0.0300495
5220	7754	0.0300495
7753	7755	0.030013
7733	7755	0.030013
7754	7755	0.030013
7755	7756	0.0300008
4119	7756	0.0300008
2072	7757	0.0299797
7756	7757	0.0299797
7618	7758	0.0299679
7757	7758	0.0299679
3833	7759	0.029938
7758	7759	0.029938
996	7760	0.0299222
7759	7760	0.0299222
7760	7761	0.0299185
177	7761	0.0299185
7761	7762	0.0298498
1825	7762	0.0298498
6559	7763	0.0435074
4966	7763	0.0435074
7196	7764	0.0430612
7198	7764	0.0430612
7763	7765	0.0429771
7764	7765	0.0429771
7765	7766	0.0388794
340	7766	0.0388794
7766	7767	0.0338565
5713	7767	0.0338565
49	7768	0.0333652
1616	7768	0.0333652
5058	7769	0.0322441
4262	7769	0.0322441
69	7770	0.0314604
7769	7770	0.0314604
5073	7771	0.031516
3724	7771	0.031516
3622	7772	0.0313197
7771	7772	0.0313197
6618	7773	0.0405078
75	7773	0.0405078
7773	7774	0.0388288
3644	7774	0.0388288
6619	7775	0.0335029
3891	7775	0.0335029
114	7776	0.0334537
862	7776	0.0334537
6817	7777	0.0390662
297	7777	0.0390662
7777	7778	0.0358341
7129	7778	0.0358341
6744	7779	0.0395708
3150	7779	0.0395708
7779	7780	0.0390717
1323	7780	0.0390717
6702	7781	0.039021
7780	7781	0.039021
4802	7782	0.0378332
7781	7782	0.0378332
7102	7783	0.0388969
4550	7783	0.0388969
6729	7784	0.0365895
7782	7784	0.0365895
7151	7785	0.0368702
7783	7785	0.0368702
7784	7786	0.0352181
7785	7786	0.0352181
1781	7787	0.0332129
7786	7787	0.0332129
7787	7788	0.0323233
6253	7788	0.0323233
7788	7789	0.0305696
2864	7789	0.0305696
7214	7790	0.0398608
1633	7790	0.0398608
2642	7791	0.0347055
7790	7791	0.0347055
7063	7792	0.033879
7791	7792	0.033879
7792	7793	0.0324903
3337	7793	0.0324903
7793	7794	0.0308991
1635	7794	0.0308991
1508	7795	0.040549
4769	7795	0.040549
7795	7796	0.039091
167	7796	0.039091
7796	7797	0.0379707
218	7797	0.0379707
7797	7798	0.0379587
3769	7798	0.0379587
4999	7799	0.0411155
2767	7799	0.0411155
1396	7800	0.0368402
7799	7800	0.0368402
7800	7801	0.0339204
1850	7801	0.0339204
827	7802	0.0354797
2224	7802	0.0354797
5850	7803	0.0422709
2169	7803	0.0422709
6803	7804	0.0420047
360	7804	0.0420047
6847	7805	0.0415147
7804	7805	0.0415147
1703	7806	0.0388028
7805	7806	0.0388028
7806	7807	0.038072
1246	7807	0.038072
6914	7808	0.0313484
3344	7808	0.0313484
930	7809	0.0432001
6208	7809	0.0432001
6970	7810	0.0428107
7809	7810	0.0428107
4875	7811	0.041752
7810	7811	0.041752
7811	7812	0.0363833
2611	7812	0.0363833
4358	7813	0.0353464
3160	7813	0.0353464
3245	7814	0.03184
7813	7814	0.03184
516	7815	0.0310097
7814	7815	0.0310097
6159	7816	0.0321374
1374	7816	0.0321374
5679	7817	0.030636
7816	7817	0.030636
5125	7818	0.0439736
6947	7818	0.0439736
7818	7819	0.0434563
3405	7819	0.0434563
3559	7820	0.0395432
7819	7820	0.0395432
5159	7821	0.0384577
7820	7821	0.0384577
7821	7822	0.0370238
6060	7822	0.0370238
7822	7823	0.0318317
4898	7823	0.0318317
6935	7824	0.0313702
509	7824	0.0313702
7823	7825	0.0311338
7824	7825	0.0311338
7825	7826	0.0307321
595	7826	0.0307321
6823	7827	0.0420474
4440	7827	0.0420474
4559	7828	0.0356073
7827	7828	0.0356073
7828	7829	0.0339831
1535	7829	0.0339831
7829	7830	0.0338625
2088	7830	0.0338625
508	7831	0.0401834
2205	7831	0.0401834
6826	7832	0.0424851
316	7832	0.0424851
6841	7833	0.0385846
5038	7833	0.0385846
7833	7834	0.0348236
5344	7834	0.0348236
3851	7835	0.0331012
3565	7835	0.0331012
7835	7836	0.0309971
5299	7836	0.0309971
7834	7837	0.0309783
7836	7837	0.0309783
7181	7838	0.0418355
3057	7838	0.0418355
6855	7839	0.035742
7838	7839	0.035742
7839	7840	0.0333827
1588	7840	0.0333827
6856	7841	0.0382979
1403	7841	0.0382979
7841	7842	0.0348016
377	7842	0.0348016
7076	7843	0.0377637
914	7843	0.0377637
7843	7844	0.0345479
1888	7844	0.0345479
7844	7845	0.0333922
4235	7845	0.0333922
7842	7846	0.0328894
7845	7846	0.0328894
7846	7847	0.0327622
5758	7847	0.0327622
7847	7848	0.0306782
1764	7848	0.0306782
4420	7849	0.0410615
6877	7849	0.0410615
416	7850	0.0327167
6904	7850	0.0327167
7850	7851	0.0316809
570	7851	0.0316809
6915	7852	0.0361025
6916	7852	0.0361025
2629	7853	0.0299415
7852	7853	0.0299415
1050	7854	0.041216
6927	7854	0.041216
7854	7855	0.0380513
2600	7855	0.0380513
5442	7856	0.0318553
7855	7856	0.0318553
6928	7857	0.0358619
6934	7857	0.0358619
512	7858	0.0411927
1100	7858	0.0411927
7858	7859	0.0311462
2900	7859	0.0311462
4588	7860	0.03043
7859	7860	0.03043
2662	7861	0.038066
2259	7861	0.038066
6997	7862	0.043528
3497	7862	0.043528
7862	7863	0.0316364
4090	7863	0.0316364
7202	7864	0.0363503
4452	7864	0.0363503
7864	7865	0.0300168
2285	7865	0.0300168
5242	7866	0.0332117
1493	7866	0.0332117
7866	7867	0.0315646
3941	7867	0.0315646
5943	7868	0.0423471
7087	7868	0.0423471
6999	7869	0.0382018
7868	7869	0.0382018
7034	7870	0.0414718
637	7870	0.0414718
7870	7871	0.0371586
2909	7871	0.0371586
7046	7872	0.0428283
4031	7872	0.0428283
7872	7873	0.0372363
1472	7873	0.0372363
7873	7874	0.0301971
2081	7874	0.0301971
7874	7875	0.0301535
4305	7875	0.0301535
3236	7876	0.0378376
5400	7876	0.0378376
4973	7877	0.0394693
722	7877	0.0394693
7065	7878	0.0358543
5392	7878	0.0358543
3315	7879	0.0411005
7264	7879	0.0411005
2840	7880	0.0358007
7879	7880	0.0358007
7077	7881	0.0357915
3186	7881	0.0357915
7880	7882	0.0348047
7881	7882	0.0348047
2544	7883	0.0383786
5250	7883	0.0383786
1891	7884	0.0377568
7883	7884	0.0377568
5002	7885	0.0335556
3376	7885	0.0335556
7885	7886	0.0323504
5584	7886	0.0323504
1230	7887	0.0318489
7886	7887	0.0318489
6308	7888	0.0399117
7176	7888	0.0399117
7888	7889	0.0335044
1283	7889	0.0335044
877	7890	0.0333554
7889	7890	0.0333554
7890	7891	0.0318675
5814	7891	0.0318675
7891	7892	0.03096
854	7892	0.03096
7269	7893	0.0307644
1004	7893	0.0307644
7118	7894	0.0337993
945	7894	0.0337993
7131	7895	0.0312452
6033	7895	0.0312452
5179	7896	0.0371883
6084	7896	0.0371883
5512	7897	0.0308346
7896	7897	0.0308346
1326	7898	0.0351239
4057	7898	0.0351239
1462	7899	0.044
4060	7899	0.044
2931	7899	0.044
1518	7900	0.0436443
2058	7900	0.0436443
2354	7901	0.032046
1556	7901	0.032046
1717	7902	0.0344339
3054	7902	0.0344339
5503	7903	0.0374654
2589	7903	0.0374654
2460	7904	0.0313596
4376	7904	0.0313596
7244	7905	0.0358543
4143	7905	0.0358543
2746	7906	0.0326253
2546	7906	0.0326253
2568	7907	0.0313215
4017	7907	0.0313215
3135	7908	0.033185
4108	7908	0.033185
7254	7909	0.0304625
7908	7909	0.0304625
7252	7910	0.0363791
4024	7910	0.0363791
5231	7911	0.0392617
3034	7911	0.0392617
7256	7912	0.0300375
3655	7912	0.0300375
5020	7913	0.0354366
4226	7913	0.0354366
5356	7914	0.0388524
4315	7914	0.0388524
4469	7915	0.0323243
4409	7915	0.0323243
5164	7916	0.0256448
3774	7916	0.0256448
7095	7917	0.0284764
3036	7917	0.0284764
7316	7918	0.0280338
7917	7918	0.0280338
7313	7919	0.0262671
3880	7919	0.0262671
7871	7920	0.0297533
2409	7920	0.0297533
2559	7921	0.0275799
7920	7921	0.0275799
7078	7922	0.0280885
3320	7922	0.0280885
5585	7923	0.0269851
7922	7923	0.0269851
189	7924	0.0257712
7923	7924	0.0257712
910	7925	0.0256973
1699	7925	0.0256973
7910	7926	0.028815
2820	7926	0.028815
7310	7927	0.0290787
4581	7927	0.0290787
403	7928	0.029385
7309	7928	0.029385
7762	7929	0.0298329
5238	7929	0.0298329
7323	7930	0.0298239
7929	7930	0.0298239
2972	7931	0.0298111
7930	7931	0.0298111
7931	7932	0.0297991
577	7932	0.0297991
7317	7933	0.0297478
7932	7933	0.0297478
7867	7934	0.0298444
1257	7934	0.0298444
7933	7935	0.0297156
5688	7935	0.0297156
7935	7936	0.0297128
7794	7936	0.0297128
1009	7936	0.0297128
6285	7936	0.0297128
5201	7936	0.0297128
7934	7936	0.0297128
33	7937	0.0296782
7936	7937	0.0296782
483	7938	0.0296595
7937	7938	0.0296595
7938	7939	0.0296395
7768	7939	0.0296395
7939	7940	0.029589
4647	7940	0.029589
7940	7941	0.0295513
2971	7941	0.0295513
7314	7942	0.0295364
7941	7942	0.0295364
7942	7943	0.0294573
1549	7943	0.0294573
7943	7944	0.0294436
1871	7944	0.0294436
7944	7945	0.0294311
7162	7945	0.0294311
7945	7946	0.0293761
4598	7946	0.0293761
7865	7947	0.0293739
7946	7947	0.0293739
6194	7947	0.0293739
7947	7948	0.0293503
4361	7948	0.0293503
2615	7949	0.0293165
7948	7949	0.0293165
7949	7950	0.0293046
5261	7950	0.0293046
7950	7951	0.0292904
1893	7951	0.0292904
7951	7952	0.0292469
7848	7952	0.0292469
4562	7952	0.0292469
583	7953	0.0294856
5956	7953	0.0294856
7928	7954	0.0291873
5110	7954	0.0291873
7952	7955	0.0292358
5652	7955	0.0292358
7955	7956	0.0292304
4510	7956	0.0292304
7954	7957	0.0291423
7956	7957	0.0291423
7957	7958	0.0290725
7911	7958	0.0290725
7958	7959	0.0290432
792	7959	0.0290432
7959	7960	0.0290157
5831	7960	0.0290157
7960	7961	0.0289878
6141	7961	0.0289878
7961	7962	0.0289313
3191	7962	0.0289313
7962	7963	0.0289173
2261	7963	0.0289173
7963	7964	0.0289086
5394	7964	0.0289086
4490	7965	0.028891
674	7965	0.028891
7964	7966	0.02886
4146	7966	0.02886
7966	7967	0.028799
1096	7967	0.028799
232	7968	0.0287888
7967	7968	0.0287888
3319	7969	0.0286818
7968	7969	0.0286818
5786	7970	0.0286613
7969	7970	0.0286613
7001	7971	0.028659
7970	7971	0.028659
7953	7971	0.028659
7971	7972	0.0286054
7965	7972	0.0286054
7972	7973	0.0285876
1106	7973	0.0285876
7973	7974	0.0285829
4961	7974	0.0285829
7974	7975	0.0285665
6040	7975	0.0285665
4573	7976	0.0285613
7975	7976	0.0285613
7976	7977	0.0285567
4121	7977	0.0285567
7801	7978	0.0285665
187	7978	0.0285665
3977	7979	0.0287037
7837	7979	0.0287037
7041	7980	0.0283477
7163	7980	0.0283477
542	7981	0.0283412
7273	7981	0.0283412
1275	7982	0.0285264
7977	7982	0.0285264
7982	7983	0.0285247
7815	7983	0.0285247
7085	7984	0.0284244
7983	7984	0.0284244
1701	7984	0.0284244
7984	7985	0.0283862
2475	7985	0.0283862
7985	7986	0.0283834
846	7986	0.0283834
7849	7987	0.0284482
3372	7987	0.0284482
7986	7988	0.0283406
2494	7988	0.0283406
7988	7989	0.0283357
7987	7989	0.0283357
750	7989	0.0283357
7989	7990	0.0283287
7902	7990	0.0283287
7990	7991	0.028319
6241	7991	0.028319
7991	7992	0.0283118
536	7992	0.0283118
7992	7993	0.0283057
441	7993	0.0283057
7993	7994	0.0282908
4827	7994	0.0282908
7994	7995	0.0282669
492	7995	0.0282669
7092	7996	0.0282358
4855	7996	0.0282358
7995	7996	0.0282358
210	7997	0.0282231
7996	7997	0.0282231
7997	7998	0.0282155
4689	7998	0.0282155
7981	7999	0.0281298
7998	7999	0.0281298
5684	7999	0.0281298
7999	8000	0.0280334
4273	8000	0.0280334
6185	8001	0.0280285
8000	8001	0.0280285
5325	8002	0.0280256
8001	8002	0.0280256
8002	8003	0.0279962
1592	8003	0.0279962
8003	8004	0.0279942
7979	8004	0.0279942
3452	8005	0.0280209
7978	8005	0.0280209
7175	8006	0.0279788
8004	8006	0.0279788
8006	8007	0.0279654
4909	8007	0.0279654
7325	8008	0.0278978
8007	8008	0.0278978
2959	8009	0.0278664
8008	8009	0.0278664
4278	8010	0.0278624
8009	8010	0.0278624
8010	8011	0.0278397
3800	8011	0.0278397
5222	8012	0.0278341
8011	8012	0.0278341
8012	8013	0.027776
2236	8013	0.027776
8013	8014	0.0277657
5106	8014	0.0277657
7091	8015	0.0277774
5545	8015	0.0277774
8014	8016	0.0277485
3076	8016	0.0277485
2012	8017	0.0277461
8016	8017	0.0277461
8017	8018	0.027741
8015	8018	0.027741
8018	8019	0.0276808
672	8019	0.0276808
7980	8020	0.0276696
8019	8020	0.0276696
8020	8021	0.027668
2486	8021	0.027668
8021	8022	0.0276374
8005	8022	0.0276374
8022	8023	0.0276024
3041	8023	0.0276024
8023	8024	0.0275739
1736	8024	0.0275739
6543	8025	0.0275517
8024	8025	0.0275517
6903	8026	0.0275338
8025	8026	0.0275338
2717	8027	0.0275097
8026	8027	0.0275097
8027	8028	0.0274862
3900	8028	0.0274862
5992	8029	0.0274255
8028	8029	0.0274255
5522	8030	0.0273513
8029	8030	0.0273513
6038	8031	0.0290852
115	8031	0.0290852
7860	8032	0.02952
3321	8032	0.02952
185	8033	0.0274335
8032	8033	0.0274335
7807	8034	0.0278047
2597	8034	0.0278047
943	8035	0.0288984
698	8035	0.0288984
7808	8036	0.0286531
2277	8036	0.0286531
7826	8037	0.029592
5452	8037	0.029592
8037	8038	0.0290149
302	8038	0.0290149
8038	8039	0.0285865
1161	8039	0.0285865
4564	8040	0.027836
8039	8040	0.027836
7817	8041	0.0274186
8040	8041	0.0274186
1938	8042	0.0277563
7894	8042	0.0277563
7856	8043	0.0292904
6005	8043	0.0292904
2777	8044	0.0278124
8043	8044	0.0278124
8044	8045	0.0273529
491	8045	0.0273529
5102	8046	0.0297139
7875	8046	0.0297139
374	8047	0.0266383
1824	8047	0.0266383
3426	8048	0.0268786
3303	8048	0.0268786
2759	8049	0.0265289
8048	8049	0.0265289
4053	8050	0.0272884
5955	8050	0.0272884
2927	8051	0.0270794
7812	8051	0.0270794
8030	8052	0.0273452
452	8052	0.0273452
5888	8053	0.0273368
8052	8053	0.0273368
8053	8054	0.0273314
1330	8054	0.0273314
6767	8055	0.0273224
8054	8055	0.0273224
8055	8056	0.027302
1117	8056	0.027302
8056	8057	0.0272677
1584	8057	0.0272677
8057	8058	0.0272474
1864	8058	0.0272474
3111	8059	0.0272447
8058	8059	0.0272447
401	8060	0.0272418
8059	8060	0.0272418
8060	8061	0.0272272
5000	8061	0.0272272
8061	8062	0.0272186
3209	8062	0.0272186
8062	8063	0.0272112
4535	8063	0.0272112
7914	8064	0.0271532
8063	8064	0.0271532
7927	8065	0.0271403
8064	8065	0.0271403
8065	8066	0.0270629
3479	8066	0.0270629
8066	8067	0.027048
2905	8067	0.027048
8067	8068	0.0270144
5182	8068	0.0270144
5479	8069	0.0269747
8068	8069	0.0269747
7194	8070	0.0269357
8069	8070	0.0269357
8070	8071	0.026909
1755	8071	0.026909
1453	8072	0.0268995
8071	8072	0.0268995
1695	8073	0.0270572
8035	8073	0.0270572
3232	8074	0.0271711
8041	8074	0.0271711
8051	8075	0.0268931
8072	8075	0.0268931
6827	8076	0.0268917
8075	8076	0.0268917
2684	8077	0.0268143
8076	8077	0.0268143
7326	8078	0.0267859
8077	8078	0.0267859
8073	8078	0.0267859
8078	8079	0.0267698
3909	8079	0.0267698
8079	8080	0.0267394
4767	8080	0.0267394
8080	8081	0.0267373
8036	8081	0.0267373
8074	8081	0.0267373
8081	8082	0.0267048
6216	8082	0.0267048
6884	8083	0.0266761
8082	8083	0.0266761
8046	8083	0.0266761
8083	8084	0.026674
5687	8084	0.026674
2847	8085	0.0266735
8084	8085	0.0266735
8085	8086	0.0266684
358	8086	0.0266684
8086	8087	0.0266465
7878	8087	0.0266465
8042	8088	0.0265584
8087	8088	0.0265584
2605	8089	0.0265362
8088	8089	0.0265362
7851	8090	0.0265261
8089	8090	0.0265261
8090	8091	0.0265194
2800	8091	0.0265194
8091	8092	0.0264998
1170	8092	0.0264998
8092	8093	0.0264664
4349	8093	0.0264664
2677	8094	0.0264482
8093	8094	0.0264482
4230	8095	0.0264426
8094	8095	0.0264426
8095	8096	0.0264362
717	8096	0.0264362
7772	8097	0.0269003
7774	8097	0.0269003
6527	8098	0.0268433
8097	8098	0.0268433
8045	8099	0.0265616
5124	8099	0.0265616
7899	8100	0.0272547
7912	8100	0.0272547
4958	8101	0.0260314
5226	8101	0.0260314
7775	8102	0.0263005
8050	8102	0.0263005
1589	8103	0.0262892
8102	8103	0.0262892
7903	8104	0.0264153
8096	8104	0.0264153
5126	8105	0.0264144
8104	8105	0.0264144
8105	8106	0.0264093
8033	8106	0.0264093
8106	8107	0.026404
8100	8107	0.026404
7869	8108	0.0263643
8107	8108	0.0263643
430	8109	0.0263488
8108	8109	0.0263488
1155	8110	0.0263481
8109	8110	0.0263481
8049	8111	0.0263328
8110	8111	0.0263328
7205	8112	0.0263221
8111	8112	0.0263221
8112	8113	0.0262769
1260	8113	0.0262769
8113	8114	0.0262289
7840	8114	0.0262289
4537	8115	0.0262151
8114	8115	0.0262151
7830	8116	0.0262052
8115	8116	0.0262052
8116	8117	0.0261848
8031	8117	0.0261848
7863	8118	0.0261577
8117	8118	0.0261577
8118	8119	0.0261223
2650	8119	0.0261223
8119	8120	0.0261174
6121	8120	0.0261174
1943	8121	0.0261157
8120	8121	0.0261157
7119	8122	0.0260734
8121	8122	0.0260734
6949	8123	0.0259665
8122	8123	0.0259665
7032	8124	0.025921
8123	8124	0.025921
1531	8125	0.0259034
8124	8125	0.0259034
8047	8126	0.0258875
1892	8126	0.0258875
8125	8126	0.0258875
8099	8127	0.0261223
4895	8127	0.0261223
4497	8128	0.0263425
2731	8128	0.0263425
8126	8129	0.0258679
8128	8129	0.0258679
2828	8129	0.0258679
8129	8130	0.0258501
1324	8130	0.0258501
1828	8131	0.0258181
8130	8131	0.0258181
8131	8132	0.0257816
8098	8132	0.0257816
8132	8133	0.025777
8034	8133	0.025777
8133	8134	0.025759
1509	8134	0.025759
7907	8135	0.0257391
8134	8135	0.0257391
4881	8136	0.0256865
8135	8136	0.0256865
8136	8137	0.025677
818	8137	0.025677
5643	8138	0.0256291
8137	8138	0.0256291
8138	8139	0.0255649
5861	8139	0.0255649
5523	8140	0.0255262
8139	8140	0.0255262
8140	8141	0.0255033
3122	8141	0.0255033
8141	8142	0.0254383
1797	8142	0.0254383
2794	8143	0.0254117
8142	8143	0.0254117
7174	8144	0.0254087
8143	8144	0.0254087
8144	8145	0.0253811
3522	8145	0.0253811
1005	8146	0.0253697
8145	8146	0.0253697
8101	8147	0.025354
8146	8147	0.025354
8147	8148	0.0253482
8127	8148	0.0253482
3703	8148	0.0253482
8103	8149	0.0253385
8148	8149	0.0253385
4360	8150	0.0253043
8149	8150	0.0253043
8150	8151	0.0252961
4164	8151	0.0252961
8151	8152	0.0252834
40	8152	0.0252834
2241	8153	0.0252468
8152	8153	0.0252468
2536	8154	0.0284194
7802	8154	0.0284194
7798	8155	0.02928
190	8155	0.02928
1053	8156	0.0276334
8154	8156	0.0276334
8156	8157	0.0271702
8155	8157	0.0271702
8157	8158	0.0270789
3635	8158	0.0270789
2733	8158	0.0270789
8158	8159	0.0270329
547	8159	0.0270329
5484	8160	0.0258653
74	8160	0.0258653
8159	8161	0.0252731
8160	8161	0.0252731
7767	8162	0.0275586
4825	8162	0.0275586
6918	8163	0.0278397
7776	8163	0.0278397
7778	8164	0.0290149
982	8164	0.0290149
8164	8165	0.0256795
5785	8165	0.0256795
5210	8166	0.0283241
136	8166	0.0283241
7789	8167	0.0287828
7853	8167	0.0287828
2967	8168	0.0295927
3717	8168	0.0295927
3794	8169	0.0283412
8167	8169	0.0283412
8169	8170	0.028001
8168	8170	0.028001
1291	8171	0.0291066
7803	8171	0.0291066
8171	8172	0.0270643
207	8172	0.0270643
7831	8173	0.0280962
7832	8173	0.0280962
8173	8174	0.0275125
5068	8174	0.0275125
8174	8175	0.0253089
2311	8175	0.0253089
4675	8176	0.026512
499	8176	0.026512
4940	8177	0.0270572
4198	8177	0.0270572
7861	8178	0.0273444
923	8178	0.0273444
8178	8179	0.0264243
4193	8179	0.0264243
8179	8180	0.0263519
2755	8180	0.0263519
8180	8181	0.0260657
564	8181	0.0260657
8181	8182	0.0259148
3531	8182	0.0259148
8182	8183	0.0258327
1885	8183	0.0258327
8183	8184	0.0254712
5548	8184	0.0254712
616	8185	0.0252747
3793	8185	0.0252747
5216	8186	0.0269241
7913	8186	0.0269241
643	8187	0.02551
2914	8187	0.02551
1831	8188	0.0264388
7062	8188	0.0264388
7895	8189	0.0256521
8188	8189	0.0256521
7877	8190	0.0290423
2570	8190	0.0290423
7106	8191	0.0294946
884	8191	0.0294946
7892	8192	0.0297439
5941	8192	0.0297439
5115	8193	0.0285773
8192	8193	0.0285773
8193	8194	0.0278499
1217	8194	0.0278499
8191	8195	0.0269014
8194	8195	0.0269014
4163	8196	0.0272465
3216	8196	0.0272465
7900	8197	0.0269528
8196	8197	0.0269528
7232	8198	0.028064
1895	8198	0.028064
6177	8199	0.0281174
4106	8199	0.0281174
7905	8200	0.0274482
8199	8200	0.0274482
5533	8200	0.0274482
2112	8201	0.0254034
6126	8201	0.0254034
4617	8202	0.0289919
3389	8202	0.0289919
5252	8203	0.0258904
5273	8203	0.0258904
4430	8204	0.0255033
3486	8204	0.0255033
3634	8205	0.0288767
7915	8205	0.0288767
7919	8206	0.024475
1981	8206	0.024475
6844	8207	0.0252365
7857	8207	0.0252365
8162	8208	0.0250256
421	8208	0.0250256
5718	8209	0.0246087
7924	8209	0.0246087
1021	8210	0.0245417
2899	8210	0.0245417
7217	8211	0.0243938
8210	8211	0.0243938
7277	8212	0.0252242
8153	8212	0.0252242
322	8213	0.0251855
8212	8213	0.0251855
3901	8214	0.0251682
8213	8214	0.0251682
908	8215	0.0251828
8189	8215	0.0251828
8214	8216	0.0251548
8161	8216	0.0251548
8216	8217	0.0251475
8215	8217	0.0251475
6948	8218	0.0251327
8217	8218	0.0251327
8218	8219	0.0251281
2798	8219	0.0251281
6814	8220	0.0251066
8219	8220	0.0251066
8220	8221	0.0250896
3276	8221	0.0250896
7038	8222	0.0250797
8221	8222	0.0250797
8222	8223	0.0250767
2981	8223	0.0250767
201	8224	0.0250702
8223	8224	0.0250702
7918	8225	0.0250671
8224	8225	0.0250671
6909	8226	0.0250626
8225	8226	0.0250626
3610	8227	0.0250597
8226	8227	0.0250597
6013	8228	0.0250563
8227	8228	0.0250563
8228	8229	0.0250512
8198	8229	0.0250512
4120	8230	0.0250495
8229	8230	0.0250495
7921	8231	0.0250435
8230	8231	0.0250435
8231	8232	0.0249978
1908	8232	0.0249978
8232	8233	0.0249847
2094	8233	0.0249847
3027	8234	0.0249606
8233	8234	0.0249606
8234	8235	0.0249282
8197	8235	0.0249282
4001	8236	0.0248865
8235	8236	0.0248865
8236	8237	0.0248271
4602	8237	0.0248271
6993	8238	0.0248154
8237	8238	0.0248154
6143	8239	0.0247953
8238	8239	0.0247953
4603	8240	0.0247918
8239	8240	0.0247918
8240	8241	0.0247893
5579	8241	0.0247893
8241	8242	0.0247692
2290	8242	0.0247692
7249	8243	0.0247682
8242	8243	0.0247682
8243	8244	0.0247134
2812	8244	0.0247134
8244	8245	0.024705
1306	8245	0.024705
8245	8246	0.0246866
4514	8246	0.0246866
7144	8247	0.0246605
8246	8247	0.0246605
747	8248	0.0246485
7258	8248	0.0246485
687	8248	0.0246485
8247	8248	0.0246485
6871	8249	0.0245991
8248	8249	0.0245991
5197	8250	0.0245819
8249	8250	0.0245819
4225	8251	0.0245606
8250	8251	0.0245606
6664	8252	0.0245567
8251	8252	0.0245567
1872	8253	0.0245339
8252	8253	0.0245339
8253	8254	0.024518
5385	8254	0.024518
2342	8255	0.0245158
8254	8255	0.0245158
6809	8256	0.0245013
8255	8256	0.0245013
8256	8257	0.0244339
8205	8257	0.0244339
7120	8258	0.0243924
8257	8258	0.0243924
8258	8259	0.0243849
8204	8259	0.0243849
8259	8260	0.024348
1846	8260	0.024348
1123	8261	0.0242749
7146	8261	0.0242749
8260	8261	0.0242749
2638	8262	0.0242461
8261	8262	0.0242461
8262	8263	0.0242455
4997	8263	0.0242455
8263	8264	0.0242409
1284	8264	0.0242409
8264	8265	0.024232
1385	8265	0.024232
5281	8266	0.0242192
8265	8266	0.0242192
8266	8267	0.0242175
196	8267	0.0242175
8267	8268	0.024167
1081	8268	0.024167
4686	8269	0.0243075
7770	8269	0.0243075
4663	8270	0.0245187
699	8270	0.0245187
2999	8271	0.0242642
1112	8271	0.0242642
1359	8272	0.0244171
7904	8272	0.0244171
3427	8273	0.0241565
8268	8273	0.0241565
8273	8274	0.0241383
1540	8274	0.0241383
8274	8275	0.0241053
4580	8275	0.0241053
8275	8276	0.0240927
8272	8276	0.0240927
8276	8277	0.0240897
8185	8277	0.0240897
6209	8277	0.0240897
8271	8277	0.0240897
348	8278	0.0240678
4574	8278	0.0240678
8277	8278	0.0240678
8278	8279	0.024067
4517	8279	0.024067
8279	8280	0.0240527
2116	8280	0.0240527
8190	8280	0.0240527
8280	8281	0.0240348
3911	8281	0.0240348
8281	8282	0.024
4336	8282	0.024
8282	8283	0.0239848
8201	8283	0.0239848
1065	8284	0.0239686
8283	8284	0.0239686
8284	8285	0.0239571
1803	8285	0.0239571
2806	8286	0.0239325
8285	8286	0.0239325
1499	8287	0.0239319
8286	8287	0.0239319
7916	8288	0.0239127
8287	8288	0.0239127
8288	8289	0.023898
3307	8289	0.023898
8209	8290	0.0238925
8289	8290	0.0238925
7884	8291	0.0238745
8290	8291	0.0238745
8291	8292	0.0237968
2522	8292	0.0237968
8292	8293	0.0237626
689	8293	0.0237626
1251	8294	0.0237525
8293	8294	0.0237525
5476	8295	0.02374
8294	8295	0.02374
8269	8295	0.02374
8295	8296	0.0237391
3000	8296	0.0237391
8296	8297	0.0237311
2880	8297	0.0237311
5744	8298	0.0237199
8297	8298	0.0237199
7887	8298	0.0237199
8195	8298	0.0237199
4734	8299	0.0237066
8298	8299	0.0237066
4784	8299	0.0237066
8299	8300	0.0236804
1320	8300	0.0236804
3791	8301	0.0236711
8300	8301	0.0236711
8186	8302	0.0241141
624	8302	0.0241141
8301	8303	0.0236704
2654	8303	0.0236704
8303	8304	0.0236623
3908	8304	0.0236623
8211	8305	0.0236569
8304	8305	0.0236569
8305	8306	0.0236253
472	8306	0.0236253
8306	8307	0.0236082
8302	8307	0.0236082
8307	8308	0.023594
5317	8308	0.023594
8308	8309	0.0235445
2163	8309	0.0235445
1877	8310	0.0235229
8309	8310	0.0235229
4089	8311	0.0234987
124	8311	0.0234987
8310	8311	0.0234987
8311	8312	0.0234911
5230	8312	0.0234911
8312	8313	0.0234376
8203	8313	0.0234376
1455	8314	0.0234219
8313	8314	0.0234219
3322	8315	0.0234097
8314	8315	0.0234097
8315	8316	0.0233751
8270	8316	0.0233751
7897	8317	0.0235841
1104	8317	0.0235841
309	8318	0.0233661
8316	8318	0.0233661
1140	8319	0.0233486
8318	8319	0.0233486
8319	8320	0.0233121
2908	8320	0.0233121
8320	8321	0.0232886
2478	8321	0.0232886
1131	8322	0.0232818
8321	8322	0.0232818
7135	8323	0.0232648
8322	8323	0.0232648
8323	8324	0.0232267
6211	8324	0.0232267
8324	8325	0.023222
8317	8325	0.023222
6662	8326	0.0231997
8325	8326	0.0231997
8326	8327	0.0231959
4722	8327	0.0231959
8327	8328	0.0231594
2500	8328	0.0231594
8328	8329	0.0231142
5649	8329	0.0231142
2553	8330	0.0231049
8329	8330	0.0231049
7876	8331	0.0230647
8330	8331	0.0230647
8165	8332	0.0235567
8166	8332	0.0235567
8170	8333	0.0251418
3230	8333	0.0251418
8333	8334	0.0237033
7901	8334	0.0237033
5600	8335	0.0241933
4890	8335	0.0241933
3516	8336	0.024387
843	8336	0.024387
307	8337	0.0237311
8336	8337	0.0237311
8176	8338	0.0239191
8202	8338	0.0239191
7893	8339	0.0239668
865	8339	0.0239668
5979	8340	0.0231192
8339	8340	0.0231192
1841	8341	0.0245401
8200	8341	0.0245401
8208	8342	0.0224969
2033	8342	0.0224969
4511	8343	0.0228923
4500	8343	0.0228923
8331	8344	0.0230637
1124	8344	0.0230637
5166	8345	0.0230387
8344	8345	0.0230387
4830	8346	0.0230266
8345	8346	0.0230266
8207	8347	0.0230236
8346	8347	0.0230236
7882	8348	0.0230114
2937	8348	0.0230114
8347	8349	0.022999
8348	8349	0.022999
8349	8350	0.0229957
3195	8350	0.0229957
8350	8351	0.0229363
289	8351	0.0229363
8351	8352	0.022925
1823	8352	0.022925
8352	8353	0.0229065
3466	8353	0.0229065
8353	8354	0.0229055
2688	8354	0.0229055
8354	8355	0.0228843
1433	8355	0.0228843
3744	8355	0.0228843
8187	8355	0.0228843
7039	8356	0.022873
8355	8356	0.022873
3159	8357	0.0228098
8356	8357	0.0228098
2901	8358	0.0227747
8357	8358	0.0227747
4428	8358	0.0227747
8358	8359	0.0227666
7	8359	0.0227666
848	8360	0.0227773
92	8360	0.0227773
7261	8361	0.0227423
8359	8361	0.0227423
8361	8362	0.0227195
8360	8362	0.0227195
8362	8363	0.022696
847	8363	0.022696
8363	8364	0.0226845
4445	8364	0.0226845
8364	8365	0.0226584
619	8365	0.0226584
8365	8366	0.0226537
5891	8366	0.0226537
753	8367	0.0226377
8366	8367	0.0226377
8367	8368	0.0226261
4019	8368	0.0226261
8368	8369	0.0225983
8340	8369	0.0225983
8369	8370	0.0225899
1630	8370	0.0225899
8370	8371	0.0225836
2976	8371	0.0225836
4159	8372	0.0225617
8371	8372	0.0225617
7315	8373	0.0225519
8372	8373	0.0225519
4905	8374	0.0225414
8373	8374	0.0225414
4783	8375	0.0225102
3741	8375	0.0225102
8374	8375	0.0225102
8375	8376	0.022506
2693	8376	0.022506
8163	8377	0.0226506
1940	8377	0.0226506
8335	8378	0.0226261
1529	8378	0.0226261
6028	8379	0.022869
1989	8379	0.022869
3537	8380	0.0224942
8376	8380	0.0224942
8380	8381	0.0224935
784	8381	0.0224935
2255	8381	0.0224935
8381	8382	0.0224913
8377	8382	0.0224913
1985	8383	0.0224694
8382	8383	0.0224694
4223	8384	0.0224674
4851	8384	0.0224674
8383	8384	0.0224674
7253	8385	0.0224553
8384	8385	0.0224553
3498	8386	0.0224524
8385	8386	0.0224524
8386	8387	0.0224311
6280	8387	0.0224311
8387	8388	0.022417
2136	8388	0.022417
1576	8389	0.0224147
8388	8389	0.0224147
8389	8390	0.0223904
1997	8390	0.0223904
8390	8391	0.0223858
5642	8391	0.0223858
8391	8392	0.0223665
3597	8392	0.0223665
8392	8393	0.0223589
5237	8393	0.0223589
8393	8394	0.0223484
8332	8394	0.0223484
8379	8394	0.0223484
8394	8395	0.0223242
2663	8395	0.0223242
5347	8396	0.022315
8395	8396	0.022315
8396	8397	0.0223143
4817	8397	0.0223143
4459	8398	0.022312
8397	8398	0.022312
6919	8399	0.0222976
8398	8399	0.0222976
5085	8400	0.0222689
8399	8400	0.0222689
8400	8401	0.0222626
7179	8401	0.0222626
1741	8401	0.0222626
5291	8402	0.0222605
8401	8402	0.0222605
8402	8403	0.0222422
3883	8403	0.0222422
8403	8404	0.0222394
5590	8404	0.0222394
8404	8405	0.022227
1090	8405	0.022227
5601	8406	0.022217
8405	8406	0.022217
8406	8407	0.0221613
8175	8407	0.0221613
8378	8407	0.0221613
8337	8407	0.0221613
7926	8408	0.022132
8407	8408	0.022132
3134	8409	0.0221308
8408	8409	0.0221308
8409	8410	0.0221022
579	8410	0.0221022
8410	8411	0.0220993
504	8411	0.0220993
8411	8412	0.0220986
1400	8412	0.0220986
8338	8413	0.0224454
3241	8413	0.0224454
8177	8414	0.0222374
8184	8414	0.0222374
2915	8415	0.0221224
8414	8415	0.0221224
4380	8416	0.0224812
1447	8416	0.0224812
8341	8417	0.0230387
6064	8417	0.0230387
4777	8418	0.0220759
8412	8418	0.0220759
1570	8419	0.0220742
8418	8419	0.0220742
8419	8420	0.0220532
2868	8420	0.0220532
2797	8421	0.0220427
8420	8421	0.0220427
8421	8422	0.0220282
8172	8422	0.0220282
8334	8422	0.0220282
4239	8422	0.0220282
8422	8423	0.022026
4685	8423	0.022026
7909	8424	0.022
8423	8424	0.022
8424	8425	0.0219806
2104	8425	0.0219806
8425	8426	0.0219344
4083	8426	0.0219344
8426	8427	0.0219264
8417	8427	0.0219264
7324	8428	0.0219172
8427	8428	0.0219172
4922	8428	0.0219172
8428	8429	0.0219039
8413	8429	0.0219039
2369	8429	0.0219039
8429	8430	0.021903
977	8430	0.021903
8430	8431	0.0218941
2643	8431	0.0218941
8431	8432	0.0218783
1826	8432	0.0218783
8432	8433	0.0218588
2495	8433	0.0218588
6878	8434	0.0218535
8433	8434	0.0218535
7898	8435	0.021772
8342	8435	0.021772
785	8436	0.0218287
8434	8436	0.0218287
8436	8437	0.0218221
5155	8437	0.0218221
2414	8438	0.0218066
8437	8438	0.0218066
8438	8439	0.021798
2814	8439	0.021798
8439	8440	0.0217932
1836	8440	0.0217932
3566	8441	0.0217915
8440	8441	0.0217915
8441	8442	0.0217898
1458	8442	0.0217898
8343	8443	0.0217408
8442	8443	0.0217408
8443	8444	0.0217359
2512	8444	0.0217359
8444	8445	0.0217315
6252	8445	0.0217315
8445	8446	0.0217025
3952	8446	0.0217025
7925	8447	0.021698
8435	8447	0.021698
8446	8447	0.021698
8447	8448	0.0216931
2488	8448	0.0216931
8448	8449	0.0216921
3351	8449	0.0216921
1820	8450	0.0216693
8449	8450	0.0216693
8450	8451	0.0216542
4641	8451	0.0216542
3364	8452	0.0219907
4842	8452	0.0219907
1709	8453	0.0216693
8452	8453	0.0216693
8451	8454	0.021637
8416	8454	0.021637
8454	8455	0.0216104
2242	8455	0.0216104
8455	8456	0.0215695
8453	8456	0.0215695
8456	8457	0.0215568
3463	8457	0.0215568
2817	8458	0.021528
8457	8458	0.021528
8458	8459	0.021513
948	8459	0.021513
8459	8460	0.0215093
4030	8460	0.0215093
8460	8461	0.0215006
6312	8461	0.0215006
8461	8462	0.0214901
947	8462	0.0214901
1328	8463	0.0214834
8462	8463	0.0214834
8463	8464	0.0214631
460	8464	0.0214631
8464	8465	0.0214584
5119	8465	0.0214584
8465	8466	0.021452
2182	8466	0.021452
3931	8467	0.0214054
8466	8467	0.0214054
2825	8468	0.0213909
8467	8468	0.0213909
2895	8468	0.0213909
6240	8469	0.0216129
4359	8469	0.0216129
8468	8470	0.0213845
2681	8470	0.0213845
7169	8471	0.0213062
7906	8471	0.0213062
8470	8471	0.0213062
7270	8472	0.0213042
8471	8472	0.0213042
5852	8473	0.0212508
8472	8473	0.0212508
8473	8474	0.0212411
1844	8474	0.0212411
8474	8475	0.0212329
8469	8475	0.0212329
8475	8476	0.0212247
4706	8476	0.0212247
5128	8477	0.0213507
8415	8477	0.0213507
8476	8478	0.0212186
281	8478	0.0212186
4715	8479	0.021207
8478	8479	0.021207
8206	8480	0.0212011
8479	8480	0.0212011
1769	8480	0.0212011
1029	8481	0.0211998
8480	8481	0.0211998
8481	8482	0.0211917
1786	8482	0.0211917
552	8483	0.02118
8482	8483	0.02118
8483	8484	0.0211777
8477	8484	0.0211777
8484	8485	0.0211738
3368	8485	0.0211738
4337	8486	0.0680458
6136	8486	0.0680458
1778	8487	0.0268805
5	8487	0.0268805
5509	8488	0.0848902
1533	8488	0.0848902
8488	8489	0.0787583
4015	8489	0.0787583
5581	8490	0.061576
1418	8490	0.061576
623	8491	0.0263901
5627	8491	0.0263901
1558	8492	0.152969
1559	8492	0.152969
12	8493	0.172698
5426	8493	0.172698
8492	8494	0.140529
8493	8494	0.140529
8494	8495	0.107162
3005	8495	0.107162
8495	8496	0.0832858
159	8496	0.0832858
1946	8497	0.0425568
4924	8497	0.0425568
3298	8498	0.0537742
1788	8498	0.0537742
22	8499	0.0536873
8498	8499	0.0536873
4189	8500	0.143423
24	8500	0.143423
8500	8501	0.0687522
3483	8501	0.0687522
3852	8502	0.0653181
4788	8502	0.0653181
8502	8503	0.0482482
2968	8503	0.0482482
8501	8504	0.0460224
1713	8504	0.0460224
1712	8505	0.0435847
8504	8505	0.0435847
6125	8506	0.0463924
8503	8506	0.0463924
8505	8507	0.0341355
8506	8507	0.0341355
8507	8508	0.0319271
3853	8508	0.0319271
2218	8509	0.211984
25	8509	0.211984
5494	8510	0.0394075
4212	8510	0.0394075
4077	8511	0.11093
3772	8511	0.11093
8511	8512	0.0866695
1032	8512	0.0866695
8512	8513	0.0621286
4076	8513	0.0621286
8513	8514	0.0339842
6086	8514	0.0339842
6193	8515	0.0325401
8514	8515	0.0325401
8515	8516	0.0212401
28	8516	0.0212401
199	8517	0.0758311
29	8517	0.0758311
1573	8518	0.0751627
346	8518	0.0751627
3138	8519	0.0428068
329	8519	0.0428068
8518	8520	0.04268
8519	8520	0.04268
44	8521	0.0366852
3008	8521	0.0366852
554	8522	0.0933709
46	8522	0.0933709
306	8523	0.0237744
5081	8523	0.0237744
3124	8524	0.0989503
1290	8524	0.0989503
8524	8525	0.0378026
433	8525	0.0378026
1019	8526	0.0381216
4638	8526	0.0381216
8525	8527	0.0225078
2380	8527	0.0225078
8526	8528	0.0222001
8527	8528	0.0222001
255	8529	0.0272992
1805	8529	0.0272992
8529	8530	0.0263785
5274	8530	0.0263785
825	8531	0.0274894
1206	8531	0.0274894
8531	8532	0.0265758
231	8532	0.0265758
8530	8533	0.0224086
418	8533	0.0224086
8532	8533	0.0224086
4671	8534	0.19216
2436	8534	0.19216
4760	8535	0.0550511
4151	8535	0.0550511
8535	8536	0.0418453
1423	8536	0.0418453
8536	8537	0.0390959
3818	8537	0.0390959
5605	8537	0.0390959
8537	8538	0.0280763
70	8538	0.0280763
8538	8539	0.0272456
2635	8539	0.0272456
206	8540	0.0268872
8539	8540	0.0268872
8540	8541	0.0266998
3732	8541	0.0266998
8541	8542	0.0257232
3305	8542	0.0257232
8534	8543	0.0244445
8542	8543	0.0244445
8543	8544	0.0235824
4906	8544	0.0235824
8544	8545	0.0230387
1160	8545	0.0230387
8545	8546	0.0218316
4343	8546	0.0218316
6224	8547	0.0550518
6000	8547	0.0550518
8547	8548	0.0431448
2270	8548	0.0431448
8548	8549	0.0359334
4250	8549	0.0359334
8549	8550	0.0294117
5696	8550	0.0294117
8550	8551	0.0286291
2456	8551	0.0286291
8551	8552	0.0245539
3662	8552	0.0245539
1176	8553	0.0321478
5410	8553	0.0321478
8553	8554	0.0217167
3906	8554	0.0217167
61	8555	0.0833202
4779	8555	0.0833202
5556	8556	0.0825979
8555	8556	0.0825979
3641	8557	0.161794
2030	8557	0.161794
8557	8558	0.132575
5003	8558	0.132575
8558	8559	0.128639
3535	8559	0.128639
8559	8560	0.0517441
5443	8560	0.0517441
8560	8561	0.0431839
1583	8561	0.0431839
8561	8562	0.0423608
4801	8562	0.0423608
629	8563	0.0371411
3824	8563	0.0371411
8562	8564	0.0318345
67	8564	0.0318345
8563	8564	0.0318345
5336	8565	0.0295553
8564	8565	0.0295553
1169	8566	0.0234936
8565	8566	0.0234936
5175	8567	0.0564324
1477	8567	0.0564324
8567	8568	0.0230911
576	8568	0.0230911
8568	8569	0.0217053
885	8569	0.0217053
8569	8570	0.021482
76	8570	0.021482
8570	8571	0.0213699
6250	8571	0.0213699
651	8572	0.0267705
1318	8572	0.0267705
8572	8573	0.025938
2916	8573	0.025938
5314	8573	0.025938
8573	8574	0.0225855
6267	8574	0.0225855
3928	8575	0.0221022
79	8575	0.0221022
4680	8576	0.0581614
2556	8576	0.0581614
4894	8577	0.0483951
8576	8577	0.0483951
8577	8578	0.0266299
3457	8578	0.0266299
3711	8579	0.0223581
1086	8579	0.0223581
8579	8580	0.0217656
8578	8580	0.0217656
2852	8581	0.158537
1340	8581	0.158537
8581	8582	0.0885564
3118	8582	0.0885564
5499	8583	0.0854191
8582	8583	0.0854191
3603	8584	0.0246762
8583	8584	0.0246762
4303	8585	0.0278453
97	8585	0.0278453
6171	8585	0.0278453
166	8586	0.0220863
8585	8586	0.0220863
4328	8587	0.0585447
1780	8587	0.0585447
2099	8588	0.0280265
4987	8588	0.0280265
2048	8589	0.0249232
8588	8589	0.0249232
8589	8590	0.0240878
3544	8590	0.0240878
8590	8591	0.0240424
4002	8591	0.0240424
2952	8592	0.097124
1047	8592	0.097124
2713	8593	0.022951
1572	8593	0.022951
1505	8594	0.240845
1904	8594	0.240845
8594	8595	0.0858504
5575	8595	0.0858504
711	8596	0.231371
2183	8596	0.231371
479	8597	0.125421
2275	8597	0.125421
8597	8598	0.0472185
5558	8598	0.0472185
4488	8599	0.0413491
8598	8599	0.0413491
714	8600	0.109754
1068	8600	0.109754
8600	8601	0.0725491
3308	8601	0.0725491
8601	8602	0.0495513
3461	8602	0.0495513
4866	8603	0.0442085
3756	8603	0.0442085
2714	8604	0.0248768
3114	8604	0.0248768
8604	8605	0.0228631
2790	8605	0.0228631
8603	8606	0.0223513
8605	8606	0.0223513
4780	8607	0.03504
3951	8607	0.03504
8607	8608	0.0296118
4710	8608	0.0296118
5143	8609	0.0215941
1045	8609	0.0215941
3699	8610	0.0369217
119	8610	0.0369217
521	8611	0.0729126
4264	8611	0.0729126
8611	8612	0.0580731
482	8612	0.0580731
8612	8613	0.0491843
1500	8613	0.0491843
2047	8614	0.133452
5027	8614	0.133452
8614	8615	0.127188
1287	8615	0.127188
5437	8616	0.0695763
8615	8616	0.0695763
8616	8617	0.0237626
813	8617	0.0237626
8617	8618	0.0237557
5257	8618	0.0237557
6295	8619	0.0810262
5104	8619	0.0810262
5520	8620	0.0693675
8619	8620	0.0693675
8620	8621	0.0545252
2383	8621	0.0545252
8621	8622	0.0336939
4206	8622	0.0336939
6130	8623	0.544901
1201	8623	0.544901
2426	8624	0.06439
5612	8624	0.06439
2843	8625	0.075704
983	8625	0.075704
2850	8626	0.0629189
8624	8626	0.0629189
1139	8627	0.051443
906	8627	0.051443
8625	8628	0.0505624
8627	8628	0.0505624
1575	8629	0.0502806
8628	8629	0.0502806
8626	8630	0.0473474
8629	8630	0.0473474
8630	8631	0.0384399
526	8631	0.0384399
8631	8632	0.0251629
833	8632	0.0251629
3297	8633	0.0948336
5370	8633	0.0948336
8633	8634	0.0581954
572	8634	0.0581954
8634	8635	0.0423608
506	8635	0.0423608
5380	8636	0.0411827
8635	8636	0.0411827
5440	8637	0.0242035
2308	8637	0.0242035
8637	8638	0.0235951
1763	8638	0.0235951
8638	8639	0.022217
5165	8639	0.022217
1157	8640	0.056957
2773	8640	0.056957
8640	8641	0.0339881
4192	8641	0.0339881
8641	8642	0.0228349
240	8642	0.0228349
3504	8643	0.119994
3019	8643	0.119994
2837	8644	0.178959
324	8644	0.178959
5454	8645	0.0366816
8644	8645	0.0366816
8645	8646	0.0325681
188	8646	0.0325681
8646	8647	0.0272731
4664	8647	0.0272731
8647	8648	0.0257536
1216	8648	0.0257536
8648	8649	0.0233881
2451	8649	0.0233881
523	8650	0.0229373
3506	8650	0.0229373
8650	8651	0.0219591
142	8651	0.0219591
1103	8652	0.0449535
2849	8652	0.0449535
8652	8653	0.0382861
1729	8653	0.0382861
4765	8654	0.0291119
8653	8654	0.0291119
152	8655	1.07131
153	8655	1.07131
8655	8656	0.732608
2742	8656	0.732608
3653	8657	0.16233
2596	8657	0.16233
8657	8658	0.153406
5361	8658	0.153406
8658	8659	0.0943739
2318	8659	0.0943739
886	8660	0.118297
5991	8660	0.118297
1795	8661	0.0737977
1641	8661	0.0737977
8661	8662	0.0633072
406	8662	0.0633072
8662	8663	0.0620124
1876	8663	0.0620124
8663	8664	0.0592093
2720	8664	0.0592093
8664	8665	0.0411313
6244	8665	0.0411313
158	8666	0.0314035
2217	8666	0.0314035
8665	8667	0.0300333
8666	8667	0.0300333
8667	8668	0.0266383
5715	8668	0.0266383
8668	8669	0.0255496
679	8669	0.0255496
8669	8670	0.0240144
2396	8670	0.0240144
4457	8671	0.094704
4804	8671	0.094704
8671	8672	0.0619924
4263	8672	0.0619924
8672	8673	0.0568981
1026	8673	0.0568981
8673	8674	0.0520101
169	8674	0.0520101
8674	8675	0.0403181
1036	8675	0.0403181
8675	8676	0.0374936
2957	8676	0.0374936
8676	8677	0.02905
1136	8677	0.02905
8677	8678	0.0252123
2003	8678	0.0252123
8678	8679	0.0233358
3916	8679	0.0233358
6248	8680	0.0862574
173	8680	0.0862574
1964	8681	0.0390212
3876	8681	0.0390212
4552	8682	0.0290594
8681	8682	0.0290594
8682	8683	0.0273007
3447	8683	0.0273007
487	8684	0.0323764
3367	8684	0.0323764
4572	8685	0.279821
3082	8685	0.279821
4330	8686	0.11483
195	8686	0.11483
3647	8687	0.0634865
3284	8687	0.0634865
8687	8688	0.0333609
197	8688	0.0333609
3080	8689	0.248496
1632	8689	0.248496
5989	8690	0.248183
8689	8690	0.248183
8690	8691	0.198985
202	8691	0.198985
2489	8692	0.0402543
6236	8692	0.0402543
1845	8693	0.0372028
8692	8693	0.0372028
5804	8694	0.0371883
8693	8694	0.0371883
8694	8695	0.0362736
5998	8695	0.0362736
4703	8696	0.032911
8695	8696	0.032911
205	8697	0.0328766
8696	8697	0.0328766
8697	8698	0.0268995
2085	8698	0.0268995
2125	8699	0.0254488
8698	8699	0.0254488
8699	8700	0.0220075
2114	8700	0.0220075
8700	8701	0.0213402
777	8701	0.0213402
820	8702	0.0486944
4996	8702	0.0486944
4228	8703	0.0730396
4344	8703	0.0730396
981	8704	0.0256563
222	8704	0.0256563
3199	8705	0.0252481
8704	8705	0.0252481
2705	8706	0.025232
8705	8706	0.025232
8703	8707	0.0277857
1992	8707	0.0277857
4466	8708	0.0248462
8706	8708	0.0248462
1639	8709	0.0246402
8708	8709	0.0246402
3031	8710	0.0226276
5782	8710	0.0226276
8702	8711	0.0225962
8710	8711	0.0225962
8707	8712	0.0215077
8711	8712	0.0215077
8709	8713	0.0214282
8712	8713	0.0214282
5686	8714	0.536704
5586	8714	0.536704
8714	8715	0.479521
5441	8715	0.479521
8715	8716	0.229972
4696	8716	0.229972
8716	8717	0.220884
6146	8717	0.220884
5282	8718	0.116425
1912	8718	0.116425
8718	8719	0.0769481
8717	8719	0.0769481
2393	8720	0.0303209
3508	8720	0.0303209
8720	8721	0.0263666
4704	8721	0.0263666
8721	8722	0.02627
5425	8722	0.02627
239	8723	0.183025
4616	8723	0.183025
8723	8724	0.107519
4757	8724	0.107519
8724	8725	0.0353565
3927	8725	0.0353565
246	8726	0.0347231
4240	8726	0.0347231
4372	8727	0.0254955
2674	8727	0.0254955
3529	8728	0.129812
2466	8728	0.129812
8728	8729	0.0579422
262	8729	0.0579422
305	8730	0.0225975
273	8730	0.0225975
4632	8731	0.0958269
5184	8731	0.0958269
8731	8732	0.094368
4373	8732	0.094368
1775	8733	0.0667837
8732	8733	0.0667837
8733	8734	0.0480226
435	8734	0.0480226
5034	8735	0.119183
277	8735	0.119183
5568	8736	0.118815
4652	8736	0.118815
4362	8737	0.0385113
8736	8737	0.0385113
8737	8738	0.0223462
8735	8738	0.0223462
647	8739	0.221329
5272	8739	0.221329
8739	8740	0.122005
571	8740	0.122005
8740	8741	0.0855813
2230	8741	0.0855813
8741	8742	0.0632305
279	8742	0.0632305
8742	8743	0.0435172
4793	8743	0.0435172
5329	8744	0.0469165
1812	8744	0.0469165
4127	8745	0.0965912
2740	8745	0.0965912
2775	8746	0.0381196
3943	8746	0.0381196
8745	8747	0.036755
2482	8747	0.036755
8747	8748	0.0347708
2535	8748	0.0347708
8748	8749	0.0301466
8746	8749	0.0301466
8749	8750	0.0258254
2538	8750	0.0258254
8750	8751	0.0216942
1811	8751	0.0216942
3450	8752	0.21615
292	8752	0.21615
3408	8753	0.24478
1654	8753	0.24478
8753	8754	0.0455741
3509	8754	0.0455741
1905	8755	0.04095
8754	8755	0.04095
4835	8756	0.0407638
8755	8756	0.0407638
1337	8757	0.0767147
2888	8757	0.0767147
5862	8758	0.0676844
8757	8758	0.0676844
2977	8759	0.0580425
8758	8759	0.0580425
817	8760	0.0225362
1209	8760	0.0225362
890	8761	0.0251959
1800	8761	0.0251959
2751	8762	0.0970183
1791	8762	0.0970183
2698	8763	0.0251846
1034	8763	0.0251846
5136	8764	0.0416469
3096	8764	0.0416469
8764	8765	0.025539
1199	8765	0.025539
4847	8766	0.0221645
5822	8766	0.0221645
5527	8767	0.0710256
320	8767	0.0710256
5323	8768	0.0307749
323	8768	0.0307749
8768	8769	0.0234167
5797	8769	0.0234167
3875	8770	0.031432
2543	8770	0.031432
2965	8771	0.0253801
4947	8771	0.0253801
5632	8772	0.0429232
327	8772	0.0429232
8772	8773	0.0317303
4046	8773	0.0317303
8773	8774	0.0311939
4082	8774	0.0311939
8774	8775	0.025199
4742	8775	0.025199
8775	8776	0.0251903
2830	8776	0.0251903
6107	8777	0.0216751
1428	8777	0.0216751
6206	8778	0.0510339
333	8778	0.0510339
338	8779	0.217631
444	8779	0.217631
2879	8780	0.126659
4643	8780	0.126659
369	8781	0.0579963
5961	8781	0.0579963
4613	8782	0.0749085
3338	8782	0.0749085
8782	8783	0.0399601
5997	8783	0.0399601
8783	8784	0.0307169
5737	8784	0.0307169
379	8785	0.0402897
2560	8785	0.0402897
5878	8786	0.0253621
3948	8786	0.0253621
6217	8787	0.0327328
3803	8787	0.0327328
8787	8788	0.0243748
1030	8788	0.0243748
8788	8789	0.0235928
6144	8789	0.0235928
2639	8790	0.0225887
382	8790	0.0225887
8789	8791	0.0225504
8790	8791	0.0225504
4177	8792	0.0516398
861	8792	0.0516398
5967	8793	0.207613
6218	8793	0.207613
4633	8794	0.205266
8793	8794	0.205266
8794	8795	0.0881163
1879	8795	0.0881163
3262	8796	0.0635092
8795	8796	0.0635092
4871	8797	0.41618
1614	8797	0.41618
399	8798	0.0236557
5647	8798	0.0236557
8798	8799	0.0230348
2187	8799	0.0230348
8799	8800	0.0217476
5589	8800	0.0217476
6071	8801	0.0523933
2180	8801	0.0523933
6129	8802	0.0516537
8801	8802	0.0516537
6077	8803	0.0437238
2260	8803	0.0437238
8802	8804	0.0436528
8803	8804	0.0436528
8804	8805	0.0314886
1244	8805	0.0314886
5011	8806	0.0282448
8805	8806	0.0282448
6117	8807	0.0230056
1382	8807	0.0230056
6080	8808	0.286371
6172	8808	0.286371
3601	8809	0.0854265
432	8809	0.0854265
814	8810	0.105971
3799	8810	0.105971
757	8811	0.10074
5270	8811	0.10074
528	8812	0.0924943
2607	8812	0.0924943
8811	8813	0.0804008
8812	8813	0.0804008
8813	8814	0.0671056
2251	8814	0.0671056
2256	8815	0.0228405
8814	8815	0.0228405
439	8816	0.0326204
1852	8816	0.0326204
8816	8817	0.0314296
1503	8817	0.0314296
8817	8818	0.026919
3871	8818	0.026919
3675	8819	0.0220937
8818	8819	0.0220937
3528	8820	0.0215796
8819	8820	0.0215796
442	8821	0.108017
2912	8821	0.108017
2741	8822	0.0236795
2250	8822	0.0236795
4316	8823	0.028984
4306	8823	0.028984
1353	8824	0.0269206
8823	8824	0.0269206
1110	8825	0.0256338
4971	8825	0.0256338
8825	8826	0.0248916
6094	8826	0.0248916
8826	8827	0.0240556
5101	8827	0.0240556
3503	8828	0.0734044
2150	8828	0.0734044
6288	8829	0.117869
2947	8829	0.117869
8829	8830	0.0846889
4475	8830	0.0846889
3912	8831	0.0803454
8830	8831	0.0803454
3986	8832	0.0395044
916	8832	0.0395044
1182	8833	0.035436
8832	8833	0.035436
3256	8834	0.0223424
3343	8834	0.0223424
1838	8835	0.0213599
8834	8835	0.0213599
2067	8836	0.0229529
496	8836	0.0229529
8836	8837	0.022791
4570	8837	0.022791
4891	8838	0.0442234
3942	8838	0.0442234
1357	8839	0.135583
2710	8839	0.135583
642	8840	0.135059
8839	8840	0.135059
8840	8841	0.0395192
837	8841	0.0395192
5087	8842	0.174966
529	8842	0.174966
971	8843	0.0536906
531	8843	0.0536906
1266	8844	0.0481317
3432	8844	0.0481317
2249	8845	0.0220509
4000	8845	0.0220509
6314	8846	0.0285145
2101	8846	0.0285145
4819	8847	0.0256207
8846	8847	0.0256207
5694	8848	0.0335771
6065	8848	0.0335771
8848	8849	0.0280857
6272	8849	0.0280857
8849	8850	0.0272894
4016	8850	0.0272894
2438	8851	0.0227926
8850	8851	0.0227926
2902	8852	0.0450343
5064	8852	0.0450343
3598	8853	0.134649
3700	8853	0.134649
1560	8854	0.0914157
1332	8854	0.0914157
8854	8855	0.0473403
5760	8855	0.0473403
2418	8856	0.0759816
1051	8856	0.0759816
8856	8857	0.0737927
5096	8857	0.0737927
8857	8858	0.058399
587	8858	0.058399
8858	8859	0.0434902
3028	8859	0.0434902
2137	8860	0.030078
3243	8860	0.030078
599	8861	0.0442348
3348	8861	0.0442348
4586	8862	0.299419
3532	8862	0.299419
8862	8863	0.184512
605	8863	0.184512
615	8864	0.095184
1676	8864	0.095184
771	8865	0.0439921
617	8865	0.0439921
5458	8866	0.0265539
2898	8866	0.0265539
8865	8867	0.0222884
8866	8867	0.0222884
5703	8868	0.022231
8867	8868	0.022231
644	8869	0.0875594
2084	8869	0.0875594
1545	8870	0.0873588
8869	8870	0.0873588
4985	8871	0.0439003
3299	8871	0.0439003
4095	8872	0.0427842
8871	8872	0.0427842
649	8873	0.201451
3665	8873	0.201451
5495	8874	0.140426
2326	8874	0.140426
8874	8875	0.113567
3374	8875	0.113567
654	8876	0.118634
3207	8876	0.118634
1783	8877	0.0235282
2083	8877	0.0235282
8877	8878	0.0219023
3410	8878	0.0219023
5107	8879	0.168563
4470	8879	0.168563
5153	8880	0.0705193
1218	8880	0.0705193
2873	8881	0.121717
3764	8881	0.121717
5172	8882	0.0523638
6247	8882	0.0523638
8881	8883	0.043943
8882	8883	0.043943
8883	8884	0.0382738
4435	8884	0.0382738
8884	8885	0.028982
3894	8885	0.028982
694	8886	0.0347702
2203	8886	0.0347702
8886	8887	0.0216777
5816	8887	0.0216777
2470	8888	0.116317
5910	8888	0.116317
5217	8889	0.0331816
1055	8889	0.0331816
3728	8890	0.0583782
4661	8890	0.0583782
8890	8891	0.053723
5986	8891	0.053723
8891	8892	0.049503
1495	8892	0.049503
8892	8893	0.0439659
758	8893	0.0439659
8893	8894	0.0418138
4741	8894	0.0418138
8894	8895	0.0414847
3345	8895	0.0414847
8895	8896	0.0386305
2181	8896	0.0386305
8896	8897	0.0372871
5402	8897	0.0372871
8897	8898	0.0341805
4289	8898	0.0341805
8898	8899	0.0279413
5985	8899	0.0279413
8899	8900	0.0255205
5912	8900	0.0255205
8900	8901	0.0236236
6225	8901	0.0236236
8901	8902	0.0224535
5016	8902	0.0224535
2573	8903	0.022273
8902	8903	0.022273
5668	8904	0.0222462
8903	8904	0.0222462
723	8905	0.0374735
3366	8905	0.0374735
1463	8906	0.0300426
3395	8906	0.0300426
5030	8907	0.106546
744	8907	0.106546
745	8908	0.030814
5183	8908	0.030814
752	8909	0.135163
4650	8909	0.135163
755	8910	0.0436578
1878	8910	0.0436578
2521	8911	0.0434629
8910	8911	0.0434629
4752	8912	0.14388
5446	8912	0.14388
5564	8913	0.0598238
763	8913	0.0598238
8913	8914	0.0214328
4919	8914	0.0214328
5120	8915	0.136743
2579	8915	0.136743
8915	8916	0.0803793
4720	8916	0.0803793
8916	8917	0.0762547
4417	8917	0.0762547
8917	8918	0.0711919
5227	8918	0.0711919
8918	8919	0.0640863
3391	8919	0.0640863
8919	8920	0.054602
772	8920	0.054602
8920	8921	0.0451193
4014	8921	0.0451193
1624	8922	0.0227704
8921	8922	0.0227704
4606	8923	0.0238925
3075	8923	0.0238925
8923	8924	0.0225561
6151	8924	0.0225561
8924	8925	0.0212663
787	8925	0.0212663
5644	8926	0.0258646
4611	8926	0.0258646
1183	8927	0.523481
801	8927	0.523481
5790	8928	0.0286406
5622	8928	0.0286406
1547	8929	0.0218381
828	8929	0.0218381
3407	8930	0.0266225
6156	8930	0.0266225
1113	8931	0.0246939
8930	8931	0.0246939
850	8932	0.0245857
8931	8932	0.0245857
2002	8933	0.0774714
874	8933	0.0774714
4912	8934	0.0318937
6196	8934	0.0318937
3619	8935	0.0324523
1478	8935	0.0324523
8934	8936	0.024077
8935	8936	0.024077
3180	8937	0.060891
889	8937	0.060891
3442	8938	0.0317639
902	8938	0.0317639
6321	8939	0.226135
2096	8939	0.226135
1744	8940	0.103058
4441	8940	0.103058
8940	8941	0.096729
4185	8941	0.096729
8941	8942	0.0844767
2771	8942	0.0844767
8942	8943	0.0814849
3740	8943	0.0814849
8943	8944	0.0544586
3212	8944	0.0544586
8944	8945	0.053717
905	8945	0.053717
8945	8946	0.0524964
1299	8946	0.0524964
8946	8947	0.0290873
4838	8947	0.0290873
5223	8948	0.0231267
8947	8948	0.0231267
915	8949	0.164029
3228	8949	0.164029
1587	8950	0.0517964
4897	8950	0.0517964
5010	8951	0.0366786
940	8951	0.0366786
2386	8952	0.0590764
1999	8952	0.0590764
4426	8953	0.0946293
2694	8953	0.0946293
5550	8954	0.0256603
959	8954	0.0256603
2176	8955	0.05329
984	8955	0.05329
1882	8956	0.174994
4334	8956	0.174994
991	8957	0.0324209
3478	8957	0.0324209
8957	8958	0.0289378
1321	8958	0.0289378
8958	8959	0.0279291
4674	8959	0.0279291
8959	8960	0.0242542
5280	8960	0.0242542
8956	8961	0.0227206
8960	8961	0.0227206
997	8962	0.14532
2454	8962	0.14532
2620	8963	0.0425597
2509	8963	0.0425597
1118	8964	0.0670418
1006	8964	0.0670418
8964	8965	0.0425085
5928	8965	0.0425085
1038	8966	0.0890758
1020	8966	0.0890758
6249	8967	0.538858
1077	8967	0.538858
5902	8968	0.0866387
5900	8968	0.0866387
8968	8969	0.0234219
1331	8969	0.0234219
1044	8970	0.070942
6089	8970	0.070942
5899	8971	0.0660023
3991	8971	0.0660023
5313	8972	0.0565716
5673	8972	0.0565716
8972	8973	0.0445834
8971	8973	0.0445834
8973	8974	0.0260668
1742	8974	0.0260668
5639	8975	0.0280674
6145	8975	0.0280674
5295	8976	0.0320949
5232	8976	0.0320949
1122	8977	0.0286276
1516	8977	0.0286276
5795	8978	0.0231984
6270	8978	0.0231984
5149	8979	0.0261113
2020	8979	0.0261113
2739	8980	0.158845
2358	8980	0.158845
4070	8981	0.0603632
3210	8981	0.0603632
4700	8982	0.08123
1186	8982	0.08123
1193	8983	0.0255045
2015	8983	0.0255045
4010	8984	0.243639
2008	8984	0.243639
8984	8985	0.10477
2367	8985	0.10477
2769	8986	0.0643917
1929	8986	0.0643917
8986	8987	0.0493761
5093	8987	0.0493761
8987	8988	0.0221332
3187	8988	0.0221332
1659	8989	0.0303948
2996	8989	0.0303948
2210	8990	0.07253
1277	8990	0.07253
1725	8991	0.0484559
2593	8991	0.0484559
3436	8992	0.116915
1345	8992	0.116915
4846	8992	0.116915
4558	8993	0.137582
1348	8993	0.137582
4605	8994	0.021754
8993	8994	0.021754
4138	8995	0.131806
1355	8995	0.131806
8995	8996	0.0712085
3292	8996	0.0712085
1484	8997	0.228759
1368	8997	0.228759
3130	8998	0.0443018
5559	8998	0.0443018
2264	8999	0.0443994
4512	8999	0.0443994
6190	9000	0.0509843
2138	9000	0.0509843
9000	9001	0.0454191
1875	9001	0.0454191
9001	9002	0.0449535
5905	9002	0.0449535
9002	9003	0.0349714
2139	9003	0.0349714
9003	9004	0.0249826
6183	9004	0.0249826
9004	9005	0.0241707
5906	9005	0.0241707
9005	9006	0.0234757
5907	9006	0.0234757
1597	9007	0.137836
1461	9007	0.137836
3798	9008	0.185833
5407	9008	0.185833
5355	9009	0.36407
5383	9009	0.36407
9009	9010	0.0945023
5362	9010	0.0945023
5382	9011	0.0850015
9010	9011	0.0850015
9008	9012	0.0561183
9011	9012	0.0561183
2508	9012	0.0561183
3944	9013	0.0949355
1489	9013	0.0949355
6154	9014	0.0338565
2563	9014	0.0338565
1501	9015	0.0331977
9014	9015	0.0331977
1504	9016	0.0616426
2463	9016	0.0616426
1834	9017	0.0221624
1520	9017	0.0221624
5775	9018	0.028986
1672	9018	0.028986
9018	9019	0.025551
5065	9019	0.025551
3897	9020	0.139653
4434	9020	0.139653
2980	9021	0.139431
9020	9021	0.139431
2545	9022	0.126995
9021	9022	0.126995
9022	9023	0.0599572
4482	9023	0.0599572
3490	9024	0.54058
1956	9024	0.54058
9024	9025	0.221955
1608	9025	0.221955
3538	9026	0.0327716
5057	9026	0.0327716
1634	9027	0.0616922
4182	9027	0.0616922
3817	9028	0.0504991
9027	9028	0.0504991
5743	9029	0.107464
1733	9029	0.107464
3967	9030	0.0348768
2127	9030	0.0348768
2022	9031	0.0332474
1996	9031	0.0332474
4217	9032	0.0587617
2026	9032	0.0587617
6140	9033	0.0287343
6019	9033	0.0287343
6102	9034	0.0465394
3810	9034	0.0465394
2086	9035	0.046134
9034	9035	0.046134
2098	9036	0.223811
5340	9036	0.223811
5139	9037	0.0690515
9036	9037	0.0690515
3105	9038	0.0241972
3171	9038	0.0241972
4133	9039	0.103318
2152	9039	0.103318
4668	9040	0.0858737
9039	9040	0.0858737
5519	9041	0.0890127
2153	9041	0.0890127
6045	9042	0.105899
2156	9042	0.105899
6035	9043	0.105453
9042	9043	0.105453
4989	9044	0.0609611
5005	9044	0.0609611
5667	9045	0.302147
3439	9045	0.302147
3813	9046	0.0441797
5467	9046	0.0441797
4446	9047	0.0217076
2179	9047	0.0217076
5310	9048	0.114528
2788	9048	0.114528
5388	9049	0.111467
9048	9049	0.111467
2195	9050	0.0904011
9049	9050	0.0904011
2206	9051	0.303531
3062	9051	0.303531
4476	9052	0.163824
2253	9052	0.163824
6304	9053	0.0415422
4820	9053	0.0415422
2214	9054	0.0788459
3157	9054	0.0788459
2237	9055	0.0948037
4656	9055	0.0948037
3755	9056	0.102148
2984	9056	0.102148
5954	9057	0.228984
6034	9057	0.228984
9057	9058	0.136948
5633	9058	0.136948
2336	9059	0.079018
5707	9059	0.079018
4549	9060	0.0429271
6055	9060	0.0429271
2381	9061	0.0402728
3011	9061	0.0402728
5723	9062	0.107884
2384	9062	0.107884
3809	9063	0.0650539
5591	9063	0.0650539
3281	9064	0.128624
3502	9064	0.128624
2664	9065	0.0626266
2587	9065	0.0626266
2622	9066	0.329164
3496	9066	0.329164
4902	9067	0.115792
4810	9067	0.115792
5205	9068	0.110973
4560	9068	0.110973
2728	9069	0.0827143
2940	9069	0.0827143
9069	9070	0.0637606
3116	9070	0.0637606
4246	9071	0.0537226
9070	9071	0.0537226
4607	9072	0.128414
4848	9072	0.128414
5401	9073	0.12812
9072	9073	0.12812
6265	9074	0.039889
3712	9074	0.039889
2802	9075	0.168152
5113	9075	0.168152
4976	9076	0.0331075
2839	9076	0.0331075
2932	9077	0.342168
2848	9077	0.342168
5415	9078	0.199433
2866	9078	0.199433
3650	9079	0.103283
4861	9079	0.103283
2881	9080	0.0227076
2994	9080	0.0227076
5098	9081	0.027195
5983	9081	0.027195
5987	9082	0.0793036
2929	9082	0.0793036
5800	9083	0.0436781
3255	9083	0.0436781
4027	9084	0.0649003
4473	9084	0.0649003
3600	9084	0.0649003
9084	9085	0.0380014
3037	9085	0.0380014
4294	9086	0.153064
3382	9086	0.153064
3156	9087	0.071247
5988	9087	0.071247
9087	9088	0.0574815
3539	9088	0.0574815
5537	9089	0.0575532
3480	9089	0.0575532
4887	9090	0.0737478
3359	9090	0.0737478
3360	9091	0.279515
5348	9091	0.279515
5049	9092	0.349245
3412	9092	0.349245
9092	9093	0.0400779
5428	9093	0.0400779
6048	9094	0.0395687
3856	9094	0.0395687
3760	9095	0.193403
3956	9095	0.193403
3837	9096	0.0425022
4326	9096	0.0425022
4371	9097	0.058128
5199	9097	0.058128
4265	9098	0.236332
5518	9098	0.236332
5682	9099	0.0648774
6024	9099	0.0648774
4384	9100	0.0249755
4626	9100	0.0249755
4407	9101	0.146253
4437	9101	0.146253
5932	9101	0.146253
5056	9102	0.395104
5007	9102	0.395104
5528	9103	0.15897
5493	9103	0.15897
5803	9104	0.0269968
6066	9104	0.0269968
5892	9105	0.0230303
5842	9105	0.0230303
6170	9106	0.0293629
6164	9106	0.0293629
81	9107	0.0166743
3844	9107	0.0166743
429	9108	0.0142356
1228	9108	0.0142356
1807	9109	0.0112448
2053	9109	0.0112448
4234	9110	0.0128508
5427	9110	0.0128508
8613	9111	0.00983149
4821	9111	0.00983149
87	9112	0.00944718
6260	9112	0.00944718
5046	9113	0.00983527
6402	9113	0.00983527
2582	9114	0.0191165
2692	9114	0.0191165
9114	9115	0.0140599
3857	9115	0.0140599
3316	9116	0.0135362
8809	9116	0.0135362
6386	9117	0.0185813
4347	9117	0.0185813
2028	9118	0.0104028
831	9118	0.0104028
4174	9119	0.0183239
8738	9119	0.0183239
8729	9120	0.0111064
2703	9120	0.0111064
9120	9121	0.0109224
8992	9121	0.0109224
4646	9122	0.00898742
3004	9122	0.00898742
6363	9123	0.0186387
2613	9123	0.0186387
3715	9124	0.0174875
8962	9124	0.0174875
4548	9125	0.0104448
3358	9125	0.0104448
3849	9126	0.0166331
4134	9126	0.0166331
8907	9127	0.0114612
6110	9127	0.0114612
4713	9128	0.0143502
2441	9128	0.0143502
4901	9129	0.00942062
928	9129	0.00942062
9129	9130	0.00889297
4709	9130	0.00889297
394	9131	0.010274
6111	9131	0.010274
2813	9132	0.0161915
9075	9132	0.0161915
16	9133	0.00941948
974	9133	0.00941948
5432	9134	0.0206184
8847	9134	0.0206184
4267	9135	0.0192709
8752	9135	0.0192709
4107	9136	0.0131456
9088	9136	0.0131456
6168	9137	0.018771
6161	9137	0.018771
9137	9138	0.0167229
6169	9138	0.0167229
9106	9139	0.0150424
9138	9139	0.0150424
675	9140	0.0158431
3441	9140	0.0158431
2011	9141	0.014819
8643	9141	0.014819
5879	9142	0.019341
5916	9142	0.019341
9142	9143	0.0181009
5836	9143	0.0181009
5962	9144	0.0199565
9062	9144	0.0199565
5248	9145	0.0173173
5516	9145	0.0173173
9091	9146	0.0155733
4952	9146	0.0155733
4957	9147	0.0144653
3780	9147	0.0144653
4478	9148	0.0168249
3739	9148	0.0168249
1562	9149	0.0153064
2065	9149	0.0153064
8719	9150	0.0147018
668	9150	0.0147018
3246	9151	0.0196865
8776	9151	0.0196865
8912	9152	0.0161707
4970	9152	0.0161707
3983	9153	0.0204514
2146	9153	0.0204514
6326	9154	0.0185201
1861	9154	0.0185201
8810	9155	0.0205137
1927	9155	0.0205137
6046	9156	0.0204838
9155	9156	0.0204838
8815	9157	0.0202795
9156	9157	0.0202795
975	9158	0.0194167
5408	9158	0.0194167
9157	9159	0.0174103
9158	9159	0.0174103
1949	9160	0.0194445
6327	9160	0.0194445
3657	9161	0.020096
2645	9161	0.020096
9068	9162	0.0193891
9161	9162	0.0193891
9016	9163	0.0188703
9162	9163	0.0188703
6418	9164	0.0204583
6422	9164	0.0204583
8574	9165	0.019161
3268	9165	0.019161
4275	9166	0.0206687
1063	9166	0.0206687
4415	9167	0.0202065
9166	9167	0.0202065
8806	9168	0.0206574
5977	9168	0.0206574
3801	9169	0.0198164
9168	9169	0.0198164
3103	9170	0.0199327
6398	9170	0.0199327
6380	9171	0.0208539
4427	9171	0.0208539
110	9172	0.020623
3445	9172	0.020623
359	9173	0.0205947
9172	9173	0.0205947
3237	9174	0.0205851
9173	9174	0.0205851
3858	9175	0.021162
8485	9175	0.021162
9175	9176	0.0211604
4904	9176	0.0211604
9176	9177	0.0211356
398	9177	0.0211356
9177	9178	0.0211184
728	9178	0.0211184
9178	9179	0.0211115
17	9179	0.0211115
9179	9180	0.0210965
5889	9180	0.0210965
9180	9181	0.0210571
8722	9181	0.0210571
9181	9182	0.021038
8791	9182	0.021038
9182	9183	0.0210198
8713	9183	0.0210198
4028	9184	0.0210096
9183	9184	0.0210096
8845	9185	0.0210198
4982	9185	0.0210198
9184	9186	0.0210072
9185	9186	0.0210072
9186	9187	0.0210007
2074	9187	0.0210007
2691	9188	0.0209865
9187	9188	0.0209865
6429	9189	0.0209494
9188	9189	0.0209494
3612	9190	0.0209474
9189	9190	0.0209474
1750	9190	0.0209474
8599	9191	0.0210342
8606	9191	0.0210342
3273	9192	0.0209275
9190	9192	0.0209275
9192	9193	0.0209241
1224	9193	0.0209241
8602	9194	0.0208911
9191	9194	0.0208911
5376	9194	0.0208911
9193	9195	0.0208584
8820	9195	0.0208584
9194	9195	0.0208584
8670	9195	0.0208584
6428	9196	0.0208409
9195	9196	0.0208409
1974	9197	0.0208255
9196	9197	0.0208255
1645	9197	0.0208255
6375	9198	0.0208139
1233	9198	0.0208139
9197	9198	0.0208139
165	9199	0.020779
9198	9199	0.020779
9199	9200	0.0207712
1377	9200	0.0207712
9200	9201	0.0207652
4993	9201	0.0207652
4561	9202	0.0207557
9201	9202	0.0207557
9202	9203	0.0207492
1970	9203	0.0207492
9203	9204	0.0207403
3283	9204	0.0207403
9204	9205	0.0207359
5490	9205	0.0207359
9205	9206	0.0206963
4272	9206	0.0206963
9206	9207	0.0206871
8837	9207	0.0206871
9207	9208	0.0206805
8642	9208	0.0206805
3253	9208	0.0206805
5565	9208	0.0206805
3326	9209	0.020676
9208	9209	0.020676
6350	9210	0.0206681
9209	9210	0.0206681
3682	9211	0.0206642
9210	9211	0.0206642
9211	9212	0.0206574
3579	9212	0.0206574
9212	9213	0.0206552
8800	9213	0.0206552
4454	9214	0.0206536
9213	9214	0.0206536
9214	9215	0.0206481
3886	9215	0.0206481
9215	9216	0.0206451
502	9216	0.0206451
9216	9217	0.0206288
8925	9217	0.0206288
9217	9218	0.0205775
1437	9218	0.0205775
9218	9219	0.0205694
892	9219	0.0205694
9219	9220	0.020566
1173	9220	0.020566
154	9221	0.0205603
9220	9221	0.0205603
9221	9222	0.0205571
5438	9222	0.0205571
6395	9223	0.020556
9222	9223	0.020556
9223	9224	0.0205489
219	9224	0.0205489
1950	9225	0.0205277
9224	9225	0.0205277
1920	9226	0.0205248
5118	9226	0.0205248
9225	9226	0.0205248
9226	9227	0.0205205
1102	9227	0.0205205
6479	9228	0.0205043
9227	9228	0.0205043
9228	9229	0.020502
1208	9229	0.020502
9229	9230	0.0204984
1309	9230	0.0204984
9230	9231	0.0204898
8523	9231	0.0204898
8533	9231	0.0204898
8833	9232	0.0204821
9231	9232	0.0204821
8835	9232	0.0204821
5628	9233	0.0204768
9232	9233	0.0204768
686	9234	0.0204663
9233	9234	0.0204663
9234	9235	0.0204534
5810	9235	0.0204534
9235	9236	0.0204429
5531	9236	0.0204429
8622	9237	0.0209455
8632	9237	0.0209455
5240	9238	0.0211609
8887	9238	0.0211609
144	9239	0.0207916
9238	9239	0.0207916
8660	9240	0.0204285
9236	9240	0.0204285
9240	9241	0.0204262
8649	9241	0.0204262
9241	9242	0.0204022
9026	9242	0.0204022
9242	9243	0.0203971
3862	9243	0.0203971
192	9244	0.0203583
9243	9244	0.0203583
9244	9245	0.0203526
640	9245	0.0203526
8546	9246	0.0203608
3287	9246	0.0203608
9245	9247	0.0203436
4173	9247	0.0203436
9247	9248	0.0203305
2274	9248	0.0203305
9248	9249	0.0203033
2487	9249	0.0203033
9249	9250	0.0202933
8552	9250	0.0202933
9246	9250	0.0202933
567	9250	0.0202933
6450	9251	0.0202924
9250	9251	0.0202924
6371	9252	0.0202834
9251	9252	0.0202834
1137	9253	0.0202732
9252	9253	0.0202732
3567	9254	0.020262
9253	9254	0.020262
9254	9255	0.020253
4277	9255	0.020253
9255	9256	0.0202498
3310	9256	0.0202498
2707	9257	0.0202334
9256	9257	0.0202334
6435	9258	0.0202313
9257	9258	0.0202313
9258	9259	0.0202206
8827	9259	0.0202206
9259	9260	0.0202149
1361	9260	0.0202149
4789	9261	0.0202081
9260	9261	0.0202081
9261	9262	0.0202054
3685	9262	0.0202054
2007	9263	0.0202027
9262	9263	0.0202027
2955	9263	0.0202027
2226	9263	0.0202027
1652	9263	0.0202027
9263	9264	0.0201943
6259	9264	0.0201943
9237	9264	0.0201943
1770	9264	0.0201943
9264	9265	0.020164
1542	9265	0.020164
9265	9266	0.020164
1512	9266	0.020164
9266	9267	0.0201493
4541	9267	0.0201493
3527	9268	0.0201444
9267	9268	0.0201444
9268	9269	0.0201271
3200	9269	0.0201271
9269	9270	0.020113
2935	9270	0.020113
9270	9271	0.0200936
3564	9271	0.0200936
3197	9272	0.0200862
9271	9272	0.0200862
9272	9273	0.020057
1718	9273	0.020057
1378	9274	0.0200494
9273	9274	0.0200494
8878	9275	0.0200418
9274	9275	0.0200418
9275	9276	0.020036
524	9276	0.020036
6403	9277	0.0200346
9276	9277	0.0200346
2000	9278	0.0200337
9277	9278	0.0200337
9239	9278	0.0200337
3698	9279	0.0200281
9278	9279	0.0200281
3750	9280	0.0200079
9279	9280	0.0200079
9280	9281	0.0200046
2503	9281	0.0200046
9281	9282	0.0199856
4116	9282	0.0199856
2093	9283	0.0199693
9282	9283	0.0199693
9283	9284	0.0199631
8974	9284	0.0199631
9284	9285	0.0199459
2738	9285	0.0199459
6201	9286	0.0199404
9285	9286	0.0199404
9286	9287	0.0199394
5275	9287	0.0199394
9287	9288	0.0199117
6281	9288	0.0199117
9288	9289	0.0199049
1205	9289	0.0199049
9289	9290	0.0199022
568	9290	0.0199022
8571	9291	0.020355
5202	9291	0.020355
8726	9292	0.0204688
4621	9292	0.0204688
8761	9293	0.0203418
5570	9293	0.0203418
8822	9294	0.0211524
1945	9294	0.0211524
702	9295	0.0201376
8988	9295	0.0201376
8904	9296	0.0210273
2682	9296	0.0210273
6347	9297	0.0195036
6401	9297	0.0195036
9290	9298	0.0198975
8639	9298	0.0198975
6097	9298	0.0198975
5712	9298	0.0198975
9298	9299	0.0198918
2823	9299	0.0198918
6366	9300	0.0198707
9299	9300	0.0198707
4403	9301	0.0198698
9300	9301	0.0198698
6445	9302	0.0198638
9301	9302	0.0198638
9302	9303	0.019863
4299	9303	0.019863
9303	9304	0.0198512
3098	9304	0.0198512
6437	9305	0.0198385
9304	9305	0.0198385
9305	9306	0.0198244
9295	9306	0.0198244
9306	9307	0.0198195
4390	9307	0.0198195
9307	9308	0.0198134
1094	9308	0.0198134
9308	9309	0.0198078
4464	9309	0.0198078
9309	9310	0.0197934
1175	9310	0.0197934
3680	9311	0.0197468
9310	9311	0.0197468
2190	9311	0.0197468
9311	9312	0.0197417
2175	9312	0.0197417
6391	9313	0.0197398
9312	9313	0.0197398
9313	9314	0.0197326
5051	9314	0.0197326
6330	9315	0.019726
9314	9315	0.019726
3540	9315	0.019726
9315	9316	0.0197182
198	9316	0.0197182
6204	9317	0.0197163
9316	9317	0.0197163
9317	9318	0.0197125
3401	9318	0.0197125
1708	9319	0.0196819
9318	9319	0.0196819
6056	9320	0.0196689
9319	9320	0.0196689
9320	9321	0.0196629
9105	9321	0.0196629
3842	9322	0.0196465
9321	9322	0.0196465
9322	9323	0.0196439
497	9323	0.0196439
9323	9324	0.0196339
1424	9324	0.0196339
4255	9325	0.0196334
9324	9325	0.0196334
1479	9326	0.0196162
9325	9326	0.0196162
4531	9327	0.0196122
9326	9327	0.0196122
9327	9328	0.0196046
2610	9328	0.0196046
5129	9328	0.0196046
9328	9329	0.0196036
3491	9329	0.0196036
9329	9330	0.0195979
3314	9330	0.0195979
1737	9331	0.0195933
9330	9331	0.0195933
9331	9332	0.019584
8701	9332	0.019584
9171	9333	0.0195636
9332	9333	0.0195636
538	9334	0.0195523
9333	9334	0.0195523
4669	9335	0.0195418
9334	9335	0.0195418
2566	9336	0.0195368
9335	9336	0.0195368
2472	9337	0.0195179
9336	9337	0.0195179
9170	9338	0.0194987
2231	9338	0.0194987
9337	9338	0.0194987
9338	9339	0.0194951
4899	9339	0.0194951
9339	9340	0.0194853
15	9340	0.0194853
9340	9341	0.0194753
4365	9341	0.0194753
9341	9342	0.0194741
5870	9342	0.0194741
8528	9343	0.0194579
9342	9343	0.0194579
9343	9344	0.0194482
2440	9344	0.0194482
5540	9345	0.0194466
9344	9345	0.0194466
5374	9346	0.0194445
9345	9346	0.0194445
9346	9347	0.0194158
1121	9347	0.0194158
5634	9348	0.0194121
9347	9348	0.0194121
3834	9348	0.0194121
9348	9349	0.0194115
9033	9349	0.0194115
8765	9350	0.0194005
9349	9350	0.0194005
8951	9351	0.0196371
2963	9351	0.0196371
9032	9352	0.0195395
9351	9352	0.0195395
5841	9353	0.0193658
9350	9353	0.0193658
4298	9354	0.0193444
9353	9354	0.0193444
9354	9355	0.0193424
9293	9355	0.0193424
655	9356	0.0193306
9355	9356	0.0193306
9356	9357	0.0193265
4872	9357	0.0193265
2404	9358	0.0193251
9357	9358	0.0193251
9358	9359	0.019311
5663	9359	0.019311
6118	9360	0.0192748
9359	9360	0.0192748
9360	9361	0.0192709
3419	9361	0.0192709
9361	9362	0.0192676
4618	9362	0.0192676
9362	9363	0.0192642
9294	9363	0.0192642
5213	9363	0.0192642
9363	9364	0.0192496
43	9364	0.0192496
9364	9365	0.0192477
9292	9365	0.0192477
9365	9366	0.0192463
1758	9366	0.0192463
9366	9367	0.0192455
1146	9367	0.0192455
4006	9368	0.0192419
9367	9368	0.0192419
2821	9369	0.0192314
9368	9369	0.0192314
9369	9370	0.0192251
3975	9370	0.0192251
2718	9371	0.019212
670	9371	0.019212
6008	9371	0.019212
9370	9371	0.019212
9371	9372	0.0192058
4587	9372	0.0192058
9372	9373	0.0191948
2324	9373	0.0191948
9373	9374	0.0191829
3325	9374	0.0191829
1192	9375	0.0191746
9374	9375	0.0191746
1698	9376	0.0191702
9375	9376	0.0191702
9376	9377	0.0191548
9352	9377	0.0191548
9377	9378	0.0191333
9100	9378	0.0191333
9378	9379	0.0191295
4931	9379	0.0191295
9379	9380	0.0191212
2397	9380	0.0191212
9380	9381	0.019117
5640	9381	0.019117
3406	9382	0.0191033
9381	9382	0.0191033
9382	9383	0.0190982
4751	9383	0.0190982
5784	9383	0.0190982
9383	9384	0.0190943
566	9384	0.0190943
5054	9385	0.0190826
9384	9385	0.0190826
9385	9386	0.0190601
2588	9386	0.0190601
8556	9387	0.0190573
9386	9387	0.0190573
9387	9388	0.0190152
408	9388	0.0190152
9388	9389	0.0189716
9291	9389	0.0189716
2854	9390	0.0189682
9389	9390	0.0189682
9390	9391	0.0189639
2243	9391	0.0189639
4718	9392	0.0189577
9391	9392	0.0189577
9392	9393	0.0189437
4195	9393	0.0189437
1092	9394	0.0189296
9393	9394	0.0189296
9394	9395	0.0189279
6025	9395	0.0189279
9395	9396	0.0189238
2178	9396	0.0189238
5324	9397	0.0189159
9396	9397	0.0189159
9174	9398	0.0188865
9397	9398	0.0188865
9398	9399	0.0188713
4640	9399	0.0188713
9399	9400	0.0188656
8807	9400	0.0188656
9400	9401	0.0188545
5488	9401	0.0188545
6180	9402	0.0188397
9401	9402	0.0188397
6361	9403	0.0188189
8989	9403	0.0188189
9402	9403	0.0188189
5461	9404	0.018815
9403	9404	0.018815
8760	9405	0.0188097
9404	9405	0.0188097
3010	9406	0.0188036
9405	9406	0.0188036
9406	9407	0.0187973
9296	9407	0.0187973
716	9407	0.0187973
9297	9408	0.018795
9407	9408	0.018795
3884	9408	0.018795
8489	9409	0.0201874
4615	9409	0.0201874
2760	9409	0.0201874
9409	9410	0.019699
270	9410	0.019699
1536	9410	0.019699
8490	9411	0.0193779
9410	9411	0.0193779
1286	9411	0.0193779
8510	9412	0.0210466
8516	9412	0.0210466
8978	9413	0.0197409
2382	9413	0.0197409
8580	9414	0.0196149
9413	9414	0.0196149
8744	9415	0.019496
8751	9415	0.019496
9415	9416	0.0188289
291	9416	0.0188289
6127	9417	0.0193739
378	9417	0.0193739
2350	9418	0.0190439
414	9418	0.0190439
4624	9419	0.0207227
1862	9419	0.0207227
4479	9420	0.0204163
9419	9420	0.0204163
8961	9421	0.0210457
5780	9421	0.0210457
8979	9422	0.0201412
5448	9422	0.0201412
4708	9423	0.0189928
1975	9423	0.0189928
2089	9424	0.0188813
2413	9424	0.0188813
6112	9425	0.0195456
6213	9425	0.0195456
9408	9426	0.0187892
5521	9426	0.0187892
5086	9426	0.0187892
1196	9427	0.0187782
9426	9427	0.0187782
6256	9428	0.0187724
9427	9428	0.0187724
9428	9429	0.018771
135	9429	0.018771
9429	9430	0.0187474
5731	9430	0.0187474
9430	9431	0.0187416
2690	9431	0.0187416
6021	9431	0.0187416
3048	9432	0.0187258
9431	9432	0.0187258
1554	9433	0.0187197
9432	9433	0.0187197
9433	9434	0.018716
4831	9434	0.018716
9434	9435	0.0187086
535	9435	0.0187086
9435	9436	0.0186777
5267	9436	0.0186777
9436	9437	0.018672
985	9437	0.018672
9414	9438	0.0187383
6120	9438	0.0187383
9437	9439	0.0186618
9438	9439	0.0186618
584	9439	0.0186618
8609	9439	0.0186618
9439	9440	0.0186595
9412	9440	0.0186595
9440	9441	0.0186528
1528	9441	0.0186528
6446	9442	0.0186518
9441	9442	0.0186518
807	9443	0.0186499
9442	9443	0.0186499
9443	9444	0.018647
2757	9444	0.018647
2069	9445	0.0186093
9444	9445	0.0186093
413	9446	0.0185877
9445	9446	0.0185877
9446	9447	0.0185833
5171	9447	0.0185833
422	9448	0.0185813
9447	9448	0.0185813
9448	9449	0.0185793
362	9449	0.0185793
274	9450	0.0185758
9449	9450	0.0185758
3370	9450	0.0185758
9450	9451	0.0185662
2184	9451	0.0185662
3978	9452	0.0185909
9411	9452	0.0185909
9451	9453	0.0185624
2271	9453	0.0185624
9165	9454	0.0185605
9453	9454	0.0185605
9452	9454	0.0185605
9454	9455	0.0185552
3652	9455	0.0185552
3839	9456	0.0185411
9455	9456	0.0185411
9456	9457	0.0185289
6282	9457	0.0185289
4214	9458	0.018527
9457	9458	0.018527
9458	9459	0.0184964
1256	9459	0.0184964
9459	9460	0.0184852
163	9460	0.0184852
1180	9460	0.0184852
9460	9461	0.0184733
5241	9461	0.0184733
9461	9462	0.018467
5208	9462	0.018467
9462	9463	0.0184554
5812	9463	0.0184554
2537	9464	0.0184471
9463	9464	0.0184471
9464	9465	0.0184452
3164	9465	0.0184452
283	9466	0.0184421
9465	9466	0.0184421
4200	9467	0.0184241
9466	9467	0.0184241
9467	9468	0.0184134
9424	9468	0.0184134
9167	9469	0.0183992
9468	9469	0.0183992
9469	9470	0.0183982
2471	9470	0.0183982
5070	9471	0.0183908
9470	9471	0.0183908
9471	9472	0.0183878
3119	9472	0.0183878
1757	9473	0.0183755
9472	9473	0.0183755
2795	9473	0.0183755
9473	9474	0.0183596
1716	9474	0.0183596
9474	9475	0.0183463
560	9475	0.0183463
9475	9476	0.0183348
957	9476	0.0183348
4049	9477	0.0183249
9476	9477	0.0183249
8486	9478	0.0183171
9477	9478	0.0183171
9478	9479	0.0183027
5188	9479	0.0183027
9479	9480	0.018279
6085	9480	0.018279
9480	9481	0.0182542
5063	9481	0.0182542
3400	9482	0.0182533
9481	9482	0.0182533
9482	9483	0.0182316
821	9483	0.0182316
6454	9484	0.0182278
6470	9484	0.0182278
9483	9484	0.0182278
2080	9484	0.0182278
9484	9485	0.0182208
9416	9485	0.0182208
3599	9485	0.0182208
9485	9486	0.0182142
1683	9486	0.0182142
9486	9487	0.01821
214	9487	0.01821
9163	9488	0.0182046
9487	9488	0.0182046
9488	9489	0.0182001
1965	9489	0.0182001
9489	9490	0.0181924
4785	9490	0.0181924
9490	9491	0.0181702
5076	9491	0.0181702
9491	9492	0.0181675
469	9492	0.0181675
9492	9493	0.0181637
1010	9493	0.0181637
9493	9494	0.0181609
8487	9494	0.0181609
1367	9495	0.0181564
9494	9495	0.0181564
9495	9496	0.018155
1909	9496	0.018155
6091	9496	0.018155
9496	9497	0.0181502
8651	9497	0.0181502
9497	9498	0.0181466
5169	9498	0.0181466
8855	9499	0.0181456
9498	9499	0.0181456
9499	9500	0.0181261
6235	9500	0.0181261
9500	9501	0.0181151
4145	9501	0.0181151
9501	9502	0.0181087
2296	9502	0.0181087
9502	9503	0.018099
610	9503	0.018099
9503	9504	0.0180939
1842	9504	0.0180939
9169	9505	0.0180722
9504	9505	0.0180722
4642	9506	0.0180578
9505	9506	0.0180578
9506	9507	0.0180555
8885	9507	0.0180555
9160	9508	0.0180501
9507	9508	0.0180501
9508	9509	0.0180422
368	9509	0.0180422
9509	9510	0.0180364
5145	9510	0.0180364
9510	9511	0.0180253
9417	9511	0.0180253
2238	9512	0.0180176
9511	9512	0.0180176
9512	9513	0.0180085
5150	9513	0.0180085
8636	9514	0.0180073
9513	9514	0.0180073
1881	9514	0.0180073
9514	9515	0.0179996
2135	9515	0.0179996
9515	9516	0.0179988
4086	9516	0.0179988
6354	9517	0.0179937
9516	9517	0.0179937
2578	9517	0.0179937
3678	9517	0.0179937
9517	9518	0.017986
1948	9518	0.017986
9518	9519	0.0179681
3554	9519	0.0179681
9519	9520	0.0179641
2752	9520	0.0179641
8491	9521	0.01795
9520	9521	0.01795
6345	9522	0.0179433
9521	9522	0.0179433
9522	9523	0.0179206
8975	9523	0.0179206
1080	9523	0.0179206
9523	9524	0.017906
9059	9524	0.017906
5094	9525	0.0179024
9524	9525	0.0179024
9525	9526	0.0178469
903	9526	0.0178469
9418	9527	0.0184306
3482	9527	0.0184306
8770	9528	0.0182086
9527	9528	0.0182086
8932	9529	0.0184088
9423	9529	0.0184088
8937	9530	0.0184491
2887	9530	0.0184491
9422	9531	0.0184199
5234	9531	0.0184199
1779	9532	0.018427
4126	9532	0.018427
9526	9533	0.0178349
3265	9533	0.0178349
9533	9534	0.0178321
9420	9534	0.0178321
1292	9535	0.0178137
9534	9535	0.0178137
9535	9536	0.0177853
3443	9536	0.0177853
9536	9537	0.0177617
1557	9537	0.0177617
9537	9538	0.0177576
5641	9538	0.0177576
1673	9539	0.0177499
9538	9539	0.0177499
9539	9540	0.0177276
2982	9540	0.0177276
9540	9541	0.017707
178	9541	0.017707
301	9541	0.017707
9541	9542	0.0176972
4419	9542	0.0176972
102	9543	0.0176746
9542	9543	0.0176746
6199	9544	0.0176684
9543	9544	0.0176684
9544	9545	0.0176679
5913	9545	0.0176679
9545	9546	0.0176666
3414	9546	0.0176666
4097	9547	0.0176649
9546	9547	0.0176649
9421	9547	0.0176649
4335	9547	0.0176649
9547	9548	0.0176248
5838	9548	0.0176248
5756	9549	0.0176213
9548	9549	0.0176213
9549	9550	0.0176047
1894	9550	0.0176047
9550	9551	0.017595
3865	9551	0.017595
9551	9552	0.0175922
1471	9552	0.0175922
9552	9553	0.0175914
1158	9553	0.0175914
607	9553	0.0175914
6303	9554	0.0175903
9553	9554	0.0175903
9554	9555	0.0175597
2656	9555	0.0175597
6405	9556	0.0175474
9555	9556	0.0175474
9556	9557	0.0175305
9099	9557	0.0175305
6313	9557	0.0175305
9557	9558	0.0175188
4877	9558	0.0175188
5320	9559	0.01748
9558	9559	0.01748
4532	9559	0.01748
9559	9560	0.0174723
1537	9560	0.0174723
1001	9560	0.0174723
9560	9561	0.0174532
2547	9561	0.0174532
9561	9562	0.0174357
513	9562	0.0174357
62	9563	0.0174185
9562	9563	0.0174185
6167	9564	0.0174028
9563	9564	0.0174028
9564	9565	0.0173969
815	9565	0.0173969
9565	9566	0.0173712
2552	9566	0.0173712
6407	9567	0.0173653
9566	9567	0.0173653
9567	9568	0.0173616
917	9568	0.0173616
9568	9569	0.017356
268	9569	0.017356
4596	9569	0.017356
601	9569	0.017356
9569	9570	0.017349
9425	9570	0.017349
6336	9571	0.0173453
9570	9571	0.0173453
9571	9572	0.0173419
3347	9572	0.0173419
9572	9573	0.0173138
3038	9573	0.0173138
9573	9574	0.0173083
934	9574	0.0173083
451	9574	0.0173083
2430	9574	0.0173083
2818	9574	0.0173083
9574	9575	0.0172952
988	9575	0.0172952
2197	9576	0.0172777
9575	9576	0.0172777
6114	9576	0.0172777
9576	9577	0.0172558
4269	9577	0.0172558
6242	9578	0.0172517
9577	9578	0.0172517
1553	9578	0.0172517
9164	9579	0.017251
9578	9579	0.017251
6396	9580	0.0172482
9579	9580	0.0172482
9580	9581	0.0172472
5773	9581	0.0172472
9581	9582	0.0172341
9528	9582	0.0172341
3582	9583	0.0172157
9582	9583	0.0172157
9583	9584	0.0172078
3385	9584	0.0172078
9584	9585	0.0171987
5032	9585	0.0171987
4551	9586	0.0171956
9585	9586	0.0171956
9586	9587	0.0171946
376	9587	0.0171946
1115	9588	0.0171691
9587	9588	0.0171691
9588	9589	0.0171682
761	9589	0.0171682
9589	9590	0.0171507
590	9590	0.0171507
9590	9591	0.0171422
4348	9591	0.0171422
9591	9592	0.0171376
9529	9592	0.0171376
1111	9592	0.0171376
9592	9593	0.0171155
5629	9593	0.0171155
9593	9594	0.0170977
4667	9594	0.0170977
9594	9595	0.0170851
5255	9595	0.0170851
9595	9596	0.0170688
3608	9596	0.0170688
9596	9597	0.0170658
2732	9597	0.0170658
9597	9598	0.0170593
4188	9598	0.0170593
4631	9599	0.0170543
9598	9599	0.0170543
3830	9600	0.0171831
6099	9600	0.0171831
4916	9601	0.0170899
5876	9601	0.0170899
9599	9602	0.0170364
9532	9602	0.0170364
9602	9603	0.0170328
3885	9603	0.0170328
6355	9604	0.0170295
6373	9604	0.0170295
9603	9604	0.0170295
9604	9605	0.0170192
9531	9605	0.0170192
5769	9605	0.0170192
9605	9606	0.0170013
1884	9606	0.0170013
9606	9607	0.0169934
4201	9607	0.0169934
9607	9608	0.0169908
9530	9608	0.0169908
6388	9609	0.0169725
9608	9609	0.0169725
9609	9610	0.0169704
3585	9610	0.0169704
9610	9611	0.0169316
3607	9611	0.0169316
5174	9612	0.0169201
9611	9612	0.0169201
9612	9613	0.0169174
2328	9613	0.0169174
6229	9614	0.0168963
9613	9614	0.0168963
9614	9615	0.0168876
8938	9615	0.0168876
9615	9616	0.0168857
4876	9616	0.0168857
9616	9617	0.0168771
4132	9617	0.0168771
9617	9618	0.0168715
1687	9618	0.0168715
4035	9618	0.0168715
9618	9619	0.0168631
1869	9619	0.0168631
6433	9620	0.0168468
9619	9620	0.0168468
1213	9620	0.0168468
2421	9620	0.0168468
9600	9620	0.0168468
9620	9621	0.0168278
2025	9621	0.0168278
9621	9622	0.0168249
4868	9622	0.0168249
2532	9623	0.0168181
9622	9623	0.0168181
9623	9624	0.0168147
9601	9624	0.0168147
9624	9625	0.0168112
3581	9625	0.0168112
8792	9626	0.0209608
2649	9626	0.0209608
9626	9627	0.0169609
2331	9627	0.0169609
9627	9628	0.0168631
2969	9628	0.0168631
775	9629	0.0177192
38	9629	0.0177192
1018	9630	0.0168826
1743	9630	0.0168826
8587	9631	0.0193454
3733	9631	0.0193454
4209	9632	0.0197582
8591	9632	0.0197582
9631	9633	0.0183036
9632	9633	0.0183036
5766	9634	0.0201175
5753	9634	0.0201175
4545	9635	0.0183327
9634	9635	0.0183327
9633	9636	0.0181151
9635	9636	0.0181151
9636	9637	0.0168103
4805	9637	0.0168103
155	9638	0.0195351
4231	9638	0.0195351
8679	9639	0.0202008
707	9639	0.0202008
8683	9640	0.0199248
1697	9640	0.0199248
8784	9641	0.0170828
371	9641	0.0170828
465	9642	0.0192145
477	9642	0.0192145
9642	9643	0.0169209
3317	9643	0.0169209
8843	9644	0.0193352
2628	9644	0.0193352
3553	9645	0.0182705
2783	9645	0.0182705
2954	9646	0.0200451
3383	9646	0.0200451
9646	9647	0.0178586
4413	9647	0.0178586
5699	9648	0.0183163
5827	9648	0.0183163
6269	9649	0.0178137
1440	9649	0.0178137
2345	9650	0.0180388
4203	9650	0.0180388
2851	9651	0.0172641
5631	9651	0.0172641
4308	9652	0.0185591
4816	9652	0.0185591
4600	9653	0.0183212
4599	9653	0.0183212
6078	9654	0.0170223
6104	9654	0.0170223
1814	9655	0.015315
9041	9655	0.015315
4312	9656	0.0157282
6128	9656	0.0157282
9015	9657	0.0163591
4012	9657	0.0163591
2291	9658	0.0167779
8618	9658	0.0167779
9625	9659	0.0168031
3604	9659	0.0168031
9659	9660	0.0167954
490	9660	0.0167954
9660	9661	0.0167915
3786	9661	0.0167915
9661	9662	0.0167637
2867	9662	0.0167637
9662	9663	0.0167596
4248	9663	0.0167596
9663	9664	0.0167484
3721	9664	0.0167484
9081	9665	0.0167438
9664	9665	0.0167438
9652	9665	0.0167438
2405	9666	0.0167399
9665	9666	0.0167399
9640	9667	0.0167388
9666	9667	0.0167388
3489	9668	0.0167362
9667	9668	0.0167362
6399	9669	0.0167299
9668	9669	0.0167299
3309	9670	0.0167293
9669	9670	0.0167293
4152	9671	0.0167246
9670	9671	0.0167246
203	9672	0.0167239
9671	9672	0.0167239
5860	9673	0.0167074
9672	9673	0.0167074
9673	9674	0.0166913
468	9674	0.0166913
9650	9674	0.0166913
183	9675	0.0166597
9674	9675	0.0166597
9675	9676	0.0166578
1116	9676	0.0166578
9676	9677	0.0166483
5711	9677	0.0166483
9677	9678	0.0166431
3278	9678	0.0166431
2106	9679	0.0166262
9678	9679	0.0166262
9679	9680	0.0166159
4405	9680	0.0166159
3371	9681	0.0166149
9680	9681	0.0166149
9681	9682	0.0166044
863	9682	0.0166044
6061	9682	0.0166044
9682	9683	0.0165778
5207	9683	0.0165778
9683	9684	0.0165727
357	9684	0.0165727
8864	9684	0.0165727
3140	9685	0.0165712
9684	9685	0.0165712
9685	9686	0.0165678
90	9686	0.0165678
9686	9687	0.0165567
9012	9687	0.0165567
9687	9688	0.0165348
1485	9688	0.0165348
9688	9689	0.016509
1245	9689	0.016509
9689	9690	0.016496
9647	9690	0.016496
1088	9691	0.0164891
3555	9691	0.0164891
4325	9691	0.0164891
9690	9691	0.0164891
9691	9692	0.016486
3961	9692	0.016486
3022	9693	0.0164663
9692	9693	0.0164663
1980	9694	0.0164635
9693	9694	0.0164635
9694	9695	0.0164615
1567	9695	0.0164615
9628	9695	0.0164615
3055	9696	0.0164586
9695	9696	0.0164586
9696	9697	0.0164539
5709	9697	0.0164539
9697	9698	0.0164433
5330	9698	0.0164433
9698	9699	0.0164309
2595	9699	0.0164309
9699	9700	0.0164202
5949	9700	0.0164202
6483	9701	0.0164156
9700	9701	0.0164156
9701	9702	0.0164125
6020	9702	0.0164125
671	9703	0.0164118
2565	9703	0.0164118
2856	9703	0.0164118
5212	9703	0.0164118
9702	9703	0.0164118
6352	9704	0.016404
9703	9704	0.016404
3561	9705	0.0163982
9704	9705	0.0163982
9705	9706	0.0163957
1308	9706	0.0163957
9706	9707	0.0163861
2558	9707	0.0163861
9707	9708	0.0163807
9629	9708	0.0163807
9159	9709	0.0163774
9708	9709	0.0163774
9709	9710	0.0163726
2668	9710	0.0163726
9645	9711	0.0167504
533	9711	0.0167504
2926	9712	0.0163706
9710	9712	0.0163706
9712	9713	0.0163635
1333	9713	0.0163635
3770	9714	0.0163614
9713	9714	0.0163614
3990	9715	0.0163602
9714	9715	0.0163602
9644	9715	0.0163602
8554	9716	0.016357
9715	9716	0.016357
4224	9717	0.0163489
9716	9717	0.0163489
3013	9718	0.0163255
9717	9718	0.0163255
3365	9719	0.0163184
9718	9719	0.0163184
9719	9720	0.016304
5334	9720	0.016304
9720	9721	0.016302
2117	9721	0.016302
9721	9722	0.0163013
2786	9722	0.0163013
6340	9723	0.0162802
9722	9723	0.0162802
9723	9724	0.0162789
4055	9724	0.0162789
9724	9725	0.0162709
1847	9725	0.0162709
2448	9726	0.0162439
9725	9726	0.0162439
9726	9727	0.0162349
1132	9727	0.0162349
9727	9728	0.0162287
6122	9728	0.0162287
5387	9729	0.0162102
9728	9729	0.0162102
9729	9730	0.0162069
5396	9730	0.0162069
9730	9731	0.0161761
184	9731	0.0161761
9731	9732	0.0161721
5948	9732	0.0161721
1566	9733	0.0161677
9732	9733	0.0161677
2149	9734	0.0161562
9733	9734	0.0161562
4873	9735	0.0161478
4296	9735	0.0161478
9734	9735	0.0161478
9735	9736	0.0161355
1145	9736	0.0161355
9736	9737	0.0161343
9019	9737	0.0161343
1598	9737	0.0161343
3551	9737	0.0161343
8860	9738	0.0161298
9737	9738	0.0161298
9738	9739	0.0161189
1856	9739	0.0161189
9739	9740	0.0161028
4800	9740	0.0161028
9651	9740	0.0161028
3015	9741	0.0161
9740	9741	0.0161
4080	9742	0.0160988
9741	9742	0.0160988
1993	9743	0.0160939
9742	9743	0.0160939
9743	9744	0.0160758
1215	9744	0.0160758
3269	9745	0.016073
9744	9745	0.016073
9745	9746	0.0160656
9711	9746	0.0160656
9746	9747	0.0160648
3889	9747	0.0160648
9747	9748	0.0160539
2385	9748	0.0160539
2744	9749	0.0160531
9748	9749	0.0160531
3044	9750	0.0160524
9749	9750	0.0160524
9750	9751	0.016035
3913	9751	0.016035
3102	9752	0.0160256
4411	9752	0.0160256
9751	9752	0.0160256
9752	9753	0.0160244
925	9753	0.0160244
3673	9754	0.016016
9753	9754	0.016016
9754	9755	0.016
5014	9755	0.016
9090	9756	0.0159966
9755	9756	0.0159966
245	9757	0.0159798
9756	9757	0.0159798
1434	9757	0.0159798
9757	9758	0.0159547
481	9758	0.0159547
2831	9759	0.0159532
9758	9759	0.0159532
9759	9760	0.0159504
3047	9760	0.0159504
6413	9761	0.0159437
9760	9761	0.0159437
5865	9762	0.0159425
9761	9762	0.0159425
5358	9763	0.0159387
9762	9763	0.0159387
3596	9764	0.0159112
9763	9764	0.0159112
9637	9765	0.0167492
3235	9765	0.0167492
9765	9766	0.016634
5777	9766	0.016634
121	9767	0.0159103
9764	9767	0.0159103
9767	9768	0.0159074
5578	9768	0.0159074
6473	9769	0.015886
9768	9769	0.015886
9766	9770	0.0159017
3761	9770	0.0159017
9769	9771	0.0158788
9770	9771	0.0158788
8520	9772	0.015874
9771	9772	0.015874
9772	9773	0.0158731
2765	9773	0.0158731
8991	9774	0.0158723
9773	9774	0.0158723
9774	9775	0.0158538
5352	9775	0.0158538
9775	9776	0.0158358
1171	9776	0.0158358
9154	9777	0.015831
9776	9777	0.015831
9777	9778	0.0158301
221	9778	0.0158301
2323	9778	0.0158301
54	9779	0.0158127
3624	9779	0.0158127
9778	9779	0.0158127
9779	9780	0.0158061
4781	9780	0.0158061
9780	9781	0.0158036
4884	9781	0.0158036
9781	9782	0.0157996
3454	9782	0.0157996
9782	9783	0.0157959
5097	9783	0.0157959
9783	9784	0.0157891
3089	9784	0.0157891
5592	9784	0.0157891
9784	9785	0.0157757
5268	9785	0.0157757
8654	9786	0.0157739
9785	9786	0.0157739
4227	9787	0.0157408
9786	9787	0.0157408
3493	9788	0.0157375
9787	9788	0.0157375
9788	9789	0.0157355
3333	9789	0.0157355
9789	9790	0.0157249
2356	9790	0.0157249
9790	9791	0.0157231
1860	9791	0.0157231
9791	9792	0.0157214
2871	9792	0.0157214
9792	9793	0.0157127
5615	9793	0.0157127
1166	9794	0.0156918
3815	9794	0.0156918
9793	9794	0.0156918
9794	9795	0.015665
3726	9795	0.015665
9795	9796	0.0156641
3377	9796	0.0156641
5416	9797	0.015653
9796	9797	0.015653
9797	9798	0.0156308
3550	9798	0.0156308
1585	9799	0.0156269
5734	9799	0.0156269
9798	9799	0.0156269
5669	9800	0.0156138
9799	9800	0.0156138
9800	9801	0.0155994
3304	9801	0.0155994
9801	9802	0.0155967
880	9802	0.0155967
9802	9803	0.0155913
501	9803	0.0155913
5513	9804	0.015584
9803	9804	0.015584
6430	9805	0.0155582
9804	9805	0.0155582
9805	9806	0.0155479
1772	9806	0.0155479
9806	9807	0.0155447
3394	9807	0.0155447
9807	9808	0.0155393
6239	9808	0.0155393
4620	9809	0.0155326
9808	9809	0.0155326
8786	9810	0.0155277
9809	9810	0.0155277
3416	9811	0.0155268
9810	9811	0.0155268
9811	9812	0.0155181
3820	9812	0.0155181
9060	9813	0.0155142
9812	9813	0.0155142
2918	9814	0.0155118
9813	9814	0.0155118
3404	9815	0.0155066
3085	9815	0.0155066
9814	9815	0.0155066
171	9816	0.0155
9815	9816	0.0155
9816	9817	0.0154915
6	9817	0.0154915
2743	9818	0.0154886
9817	9818	0.0154886
9818	9819	0.0154875
2978	9819	0.0154875
5904	9819	0.0154875
9819	9820	0.0154762
3590	9820	0.0154762
9820	9821	0.0154639
3293	9821	0.0154639
5846	9822	0.0154524
9821	9822	0.0154524
9822	9823	0.0154287
522	9823	0.0154287
9823	9824	0.0154178
4397	9824	0.0154178
9824	9825	0.0154167
5082	9825	0.0154167
9825	9826	0.0154134
2164	9826	0.0154134
3459	9827	0.0154122
9826	9827	0.0154122
653	9828	0.0154045
9827	9828	0.0154045
9828	9829	0.0153904
147	9829	0.0153904
9829	9830	0.0153855
4075	9830	0.0153855
9830	9831	0.0153826
5990	9831	0.0153826
9657	9832	0.0153581
9831	9832	0.0153581
9832	9833	0.0153501
3583	9833	0.0153501
9833	9834	0.0153465
3588	9834	0.0153465
6323	9835	0.015338
4142	9835	0.015338
9834	9835	0.015338
3226	9836	0.0153361
9835	9836	0.0153361
9836	9837	0.0153302
2515	9837	0.0153302
9837	9838	0.015317
2209	9838	0.015317
3921	9839	0.0153046
9838	9839	0.0153046
9839	9840	0.015297
2200	9840	0.015297
9840	9841	0.0152836
9653	9841	0.0152836
4507	9842	0.0152816
9841	9842	0.0152816
9842	9843	0.0152809
4329	9843	0.0152809
9843	9844	0.0152797
539	9844	0.0152797
3397	9845	0.0152768
9844	9845	0.0152768
9658	9846	0.0152698
9845	9846	0.0152698
3788	9847	0.0152644
9846	9847	0.0152644
9847	9848	0.0152186
4402	9848	0.0152186
9848	9849	0.0152005
2233	9849	0.0152005
9849	9850	0.0151902
2315	9850	0.0151902
944	9851	0.0151731
9850	9851	0.0151731
3936	9851	0.0151731
9851	9852	0.0151654
685	9852	0.0151654
5774	9853	0.0151586
9852	9853	0.0151586
9853	9854	0.0151517
4754	9854	0.0151517
9854	9855	0.0151319
1151	9855	0.0151319
9855	9856	0.015125
254	9856	0.015125
953	9857	0.0151138
1983	9857	0.0151138
9856	9857	0.0151138
9857	9858	0.0151083
2891	9858	0.0151083
3449	9858	0.0151083
1073	9859	0.0151023
9858	9859	0.0151023
9859	9860	0.0150949
3330	9860	0.0150949
3704	9861	0.0150918
9860	9861	0.0150918
9861	9862	0.0150559
353	9862	0.0150559
107	9863	0.0150495
9862	9863	0.0150495
9639	9864	0.0155419
1195	9864	0.0155419
2412	9865	0.0152558
9864	9865	0.0152558
8734	9866	0.0153388
275	9866	0.0153388
448	9867	0.0161075
534	9867	0.0161075
9641	9868	0.0152693
9867	9868	0.0152693
4773	9869	0.016509
449	9869	0.016509
9643	9870	0.0159524
1863	9870	0.0159524
9870	9871	0.015706
6279	9871	0.015706
3881	9872	0.0167905
9649	9872	0.0167905
8976	9873	0.0160801
9872	9873	0.0160801
5691	9874	0.0157793
9873	9874	0.0157793
5920	9875	0.0154995
4153	9875	0.0154995
2196	9876	0.0147665
9656	9876	0.0147665
4050	9877	0.0146873
1830	9877	0.0146873
9863	9878	0.0150356
532	9878	0.0150356
1381	9879	0.0150319
9878	9879	0.0150319
9879	9880	0.0150137
5681	9880	0.0150137
6227	9881	0.0150109
9880	9881	0.0150109
3962	9882	0.0150006
9881	9882	0.0150006
9882	9883	0.0149985
9874	9883	0.0149985
9883	9884	0.0149947
8499	9884	0.0149947
9884	9885	0.0149937
4972	9885	0.0149937
9885	9886	0.0149897
1264	9886	0.0149897
9886	9887	0.0149888
1988	9887	0.0149888
9887	9888	0.0149872
730	9888	0.0149872
9888	9889	0.014986
8982	9889	0.014986
9889	9890	0.0149719
1951	9890	0.0149719
2781	9891	0.0149557
9890	9891	0.0149557
9891	9892	0.0149479
4129	9892	0.0149479
9892	9893	0.0149451
3946	9893	0.0149451
9893	9894	0.0149432
3573	9894	0.0149432
9894	9895	0.0148957
4774	9895	0.0148957
9895	9896	0.0148724
9630	9896	0.0148724
2050	9896	0.0148724
9896	9897	0.0148686
1237	9897	0.0148686
5999	9897	0.0148686
765	9898	0.0148648
9897	9898	0.0148648
9898	9899	0.0148604
9638	9899	0.0148604
6408	9900	0.0148595
9899	9900	0.0148595
9900	9901	0.0148335
1436	9901	0.0148335
9901	9902	0.0148313
3720	9902	0.0148313
4880	9903	0.0148235
9902	9903	0.0148235
8911	9904	0.0148163
9903	9904	0.0148163
9904	9905	0.0148066
3222	9905	0.0148066
6348	9906	0.0148058
9905	9906	0.0148058
8796	9906	0.0148058
9906	9907	0.0147783
3518	9907	0.0147783
9907	9908	0.0147569
2791	9908	0.0147569
3626	9909	0.0147548
9908	9909	0.0147548
9909	9910	0.0147505
1288	9910	0.0147505
2	9911	0.0147431
9910	9911	0.0147431
2100	9911	0.0147431
9911	9912	0.0147408
299	9912	0.0147408
9912	9913	0.0147354
5258	9913	0.0147354
8659	9914	0.0147316
9913	9914	0.0147316
9914	9915	0.0147307
993	9915	0.0147307
4183	9916	0.0147288
9915	9916	0.0147288
9916	9917	0.014721
2335	9917	0.014721
9917	9918	0.0147159
4404	9918	0.0147159
4166	9919	0.0147048
9918	9919	0.0147048
9919	9920	0.0146987
592	9920	0.0146987
1407	9920	0.0146987
9920	9921	0.0146923
4837	9921	0.0146923
6416	9922	0.0146884
9921	9922	0.0146884
2057	9923	0.0150488
1590	9923	0.0150488
9877	9924	0.014683
8852	9924	0.014683
9922	9924	0.014683
9924	9925	0.014678
9923	9925	0.014678
5389	9926	0.0146723
8929	9926	0.0146723
9925	9926	0.0146723
9926	9927	0.0146714
708	9927	0.0146714
922	9928	0.0146694
9927	9928	0.0146694
2286	9928	0.0146694
4896	9929	0.0146598
9928	9929	0.0146598
9929	9930	0.0146401
875	9930	0.0146401
9930	9931	0.0146388
9654	9931	0.0146388
9931	9932	0.0146341
9006	9932	0.0146341
6274	9932	0.0146341
1442	9932	0.0146341
1840	9932	0.0146341
4609	9932	0.0146341
2162	9932	0.0146341
4219	9932	0.0146341
4768	9932	0.0146341
5378	9932	0.0146341
9932	9933	0.0146265
6215	9933	0.0146265
6238	9934	0.0146198
9933	9934	0.0146198
816	9935	0.0146153
9934	9935	0.0146153
9935	9936	0.0146125
692	9936	0.0146125
9936	9937	0.0146064
9871	9937	0.0146064
4455	9938	0.0146035
9937	9938	0.0146035
4942	9939	0.0146018
9938	9939	0.0146018
9939	9940	0.0145963
678	9940	0.0145963
2490	9941	0.0145931
9940	9941	0.0145931
9941	9942	0.0145892
5279	9942	0.0145892
6365	9943	0.0145857
9942	9943	0.0145857
4950	9944	0.014575
9943	9944	0.014575
883	9944	0.014575
9944	9945	0.0145657
9865	9945	0.0145657
1917	9946	0.0145435
9945	9946	0.0145435
9946	9947	0.0145417
331	9947	0.0145417
9947	9948	0.0145358
1790	9948	0.0145358
8584	9949	0.0145334
9655	9949	0.0145334
9948	9949	0.0145334
6178	9950	0.0145264
9949	9950	0.0145264
9950	9951	0.0145244
691	9951	0.0145244
1223	9952	0.0145073
9951	9952	0.0145073
9952	9953	0.0144923
1901	9953	0.0144923
6050	9954	0.0144851
9953	9954	0.0144851
9954	9955	0.01447
1002	9955	0.01447
2540	9956	0.0144617
9955	9956	0.0144617
9956	9957	0.0144587
9869	9957	0.0144587
9957	9958	0.0144549
9648	9958	0.0144549
2992	9959	0.0144473
3121	9959	0.0144473
9958	9959	0.0144473
9083	9960	0.0144396
9959	9960	0.0144396
6367	9961	0.014429
9960	9961	0.014429
9961	9962	0.0144272
3007	9962	0.0144272
6088	9963	0.0144119
9962	9963	0.0144119
9963	9964	0.0143976
1311	9964	0.0143976
9964	9965	0.0143909
5819	9965	0.0143909
1296	9966	0.0143834
9965	9966	0.0143834
9966	9967	0.0143766
851	9967	0.0143766
8977	9968	0.0147086
9875	9968	0.0147086
5747	9969	0.0139885
9876	9969	0.0139885
4321	9970	0.0143462
9967	9970	0.0143462
9970	9971	0.0143346
2219	9971	0.0143346
9971	9972	0.014328
705	9972	0.014328
641	9973	0.0143223
9972	9973	0.0143223
9973	9974	0.0143025
200	9974	0.0143025
1310	9975	0.0143014
9974	9975	0.0143014
3413	9975	0.0143014
335	9976	0.0142954
9975	9976	0.0142954
9976	9977	0.0142837
2763	9977	0.0142837
8965	9978	0.0142737
9977	9978	0.0142737
5072	9979	0.0142544
9978	9979	0.0142544
9979	9980	0.0142498
986	9980	0.0142498
9980	9981	0.0142153
2325	9981	0.0142153
9981	9982	0.0142125
2928	9982	0.0142125
4170	9982	0.0142125
9982	9983	0.0142089
3920	9983	0.0142089
9983	9984	0.0142022
2989	9984	0.0142022
9984	9985	0.014195
9868	9985	0.014195
3108	9986	0.014164
4660	9986	0.014164
9985	9986	0.014164
3510	9987	0.0141601
9986	9987	0.0141601
412	9988	0.0141589
9987	9988	0.0141589
9988	9989	0.0141563
2054	9989	0.0141563
3693	9990	0.0141515
9989	9990	0.0141515
9990	9991	0.0141394
1454	9991	0.0141394
8985	9992	0.0141373
9991	9992	0.0141373
9992	9993	0.0141277
4279	9993	0.0141277
2993	9994	0.0141164
9993	9994	0.0141164
9994	9995	0.0141117
5062	9995	0.0141117
9995	9996	0.0141088
3638	9996	0.0141088
9996	9997	0.0141012
2366	9997	0.0141012
4935	9998	0.0140961
9997	9998	0.0140961
9998	9999	0.0140953
2362	9999	0.0140953
5131	9999	0.0140953
9999	10000	0.0140877
6010	10000	0.0140877
2122	10001	0.0140811
6472	10001	0.0140811
10000	10001	0.0140811
10001	10002	0.0140754
2584	10002	0.0140754
10002	10003	0.0140599
9968	10003	0.0140599
5265	10004	0.0140506
10003	10004	0.0140506
4712	10005	0.0140495
10004	10005	0.0140495
8680	10006	0.0140429
10005	10006	0.0140429
9097	10007	0.0140333
10006	10007	0.0140333
6484	10008	0.014019
10007	10008	0.014019
3651	10009	0.014018
10008	10009	0.014018
10009	10010	0.0140172
5465	10010	0.0140172
10010	10011	0.0139894
5554	10011	0.0139894
4791	10011	0.0139894
10011	10012	0.0139885
1628	10012	0.0139885
3335	10012	0.0139885
10012	10013	0.0139694
3106	10013	0.0139694
1089	10014	0.0141724
2018	10014	0.0141724
6273	10015	0.0139656
10013	10015	0.0139656
887	10015	0.0139656
10015	10016	0.0139637
3611	10016	0.0139637
10016	10017	0.013958
3919	10017	0.013958
9046	10018	0.0139561
10017	10018	0.0139561
10018	10019	0.0139504
5455	10019	0.0139504
6439	10020	0.0139493
10019	10020	0.0139493
10020	10021	0.0139419
726	10021	0.0139419
9969	10022	0.0139396
10021	10022	0.0139396
10022	10023	0.0139367
5676	10023	0.0139367
2344	10024	0.0139313
10023	10024	0.0139313
4809	10025	0.0139303
10024	10025	0.0139303
4676	10026	0.0139151
10025	10026	0.0139151
1325	10026	0.0139151
4056	10026	0.0139151
10026	10027	0.0139016
5947	10027	0.0139016
10027	10028	0.0138969
351	10028	0.0138969
10028	10029	0.0138961
1074	10029	0.0138961
10029	10030	0.0138899
3914	10030	0.0138899
10030	10031	0.0138844
1704	10031	0.0138844
4918	10032	0.0138788
10031	10032	0.0138788
4314	10033	0.0138779
10032	10033	0.0138779
10033	10034	0.0138772
1352	10034	0.0138772
6053	10035	0.0138699
10034	10035	0.0138699
10035	10036	0.0138683
1660	10036	0.0138683
10036	10037	0.0138653
2123	10037	0.0138653
10037	10038	0.013853
5430	10038	0.013853
10038	10039	0.0138492
10014	10039	0.0138492
10039	10040	0.0138481
1282	10040	0.0138481
5806	10041	0.0138417
10040	10041	0.0138417
4261	10042	0.0138266
10041	10042	0.0138266
2990	10042	0.0138266
2191	10043	0.0138141
10042	10043	0.0138141
10043	10044	0.0137768
6070	10044	0.0137768
6480	10045	0.0137529
10044	10045	0.0137529
10045	10046	0.0137506
3161	10046	0.0137506
4114	10047	0.0137467
10046	10047	0.0137467
5653	10048	0.0137407
10047	10048	0.0137407
10048	10049	0.0137309
3672	10049	0.0137309
10049	10050	0.0137214
2129	10050	0.0137214
10050	10051	0.0137195
2745	10051	0.0137195
10051	10052	0.0137148
2608	10052	0.0137148
1776	10053	0.0137124
10052	10053	0.0137124
10053	10054	0.0137107
9866	10054	0.0137107
10054	10055	0.0137073
458	10055	0.0137073
4536	10056	0.0137059
10055	10056	0.0137059
10056	10057	0.0136927
893	10057	0.0136927
8509	10058	0.0200814
8759	10058	0.0200814
4191	10059	0.0150822
3066	10059	0.0150822
8586	10060	0.0158365
3674	10060	0.0158365
10060	10061	0.0154305
4022	10061	0.0154305
770	10062	0.0139722
1544	10062	0.0139722
8610	10063	0.0157163
1931	10063	0.0157163
10063	10064	0.0141096
2422	10064	0.0141096
1932	10064	0.0141096
10064	10065	0.0139128
1496	10065	0.0139128
3023	10066	0.0184869
9080	10066	0.0184869
5761	10067	0.017251
10066	10067	0.017251
342	10068	0.0162802
4044	10068	0.0162802
10067	10069	0.0160524
10068	10069	0.0160524
3234	10070	0.0142784
10069	10070	0.0142784
5745	10071	0.0143006
3736	10071	0.0143006
5730	10072	0.0165863
3233	10072	0.0165863
8766	10073	0.0195913
475	10073	0.0195913
10073	10074	0.0183688
1467	10074	0.0183688
6317	10074	0.0183688
10074	10075	0.0182016
2709	10075	0.0182016
10075	10076	0.0161496
1926	10076	0.0161496
10076	10077	0.0159912
321	10077	0.0159912
10077	10078	0.0152783
3001	10078	0.0152783
10078	10079	0.013691
4585	10079	0.013691
1815	10080	0.0192455
8769	10080	0.0192455
5660	10081	0.0142464
407	10081	0.0142464
417	10082	0.0151166
419	10082	0.0151166
438	10083	0.0142089
5587	10083	0.0142089
2574	10084	0.016123
4979	10084	0.016123
5439	10085	0.016664
1480	10085	0.016664
2021	10086	0.0150096
3136	10086	0.0150096
3267	10087	0.0141524
2799	10087	0.0141524
3132	10088	0.016864
3349	10088	0.016864
5276	10089	0.0153028
4180	10089	0.0153028
4442	10090	0.0139523
4829	10090	0.0139523
9143	10091	0.0123927
6431	10091	0.0123927
9152	10092	0.01186
8914	10092	0.01186
4274	10093	0.0129014
10081	10093	0.0129014
549	10094	0.0128241
10093	10094	0.0128241
9151	10095	0.0130892
3024	10095	0.0130892
10057	10096	0.0136804
5483	10096	0.0136804
10096	10097	0.0136766
5569	10097	0.0136766
4073	10098	0.0136747
10097	10098	0.0136747
3606	10099	0.0136556
10098	10099	0.0136556
10099	10100	0.013648
520	10100	0.013648
4648	10100	0.013648
10100	10101	0.0136432
3128	10101	0.0136432
8730	10102	0.0136379
10101	10102	0.0136379
5867	10102	0.0136379
596	10103	0.0136325
10102	10103	0.0136325
609	10103	0.0136325
9141	10104	0.0136307
10103	10104	0.0136307
10104	10105	0.0136021
4418	10105	0.0136021
5925	10106	0.0135841
9028	10106	0.0135841
10105	10106	0.0135841
5449	10107	0.0135716
10106	10107	0.0135716
10107	10108	0.0135613
10084	10108	0.0135613
10108	10109	0.0135594
186	10109	0.0135594
88	10110	0.0135583
10109	10110	0.0135583
10110	10111	0.0135457
10059	10111	0.0135457
10111	10112	0.0135362
3166	10112	0.0135362
1577	10113	0.0135334
10112	10113	0.0135334
10113	10114	0.0135317
2174	10114	0.0135317
2140	10115	0.0135308
3378	10115	0.0135308
10114	10115	0.0135308
10115	10116	0.0135216
10089	10116	0.0135216
10116	10117	0.0135104
2044	10117	0.0135104
10117	10118	0.0135067
519	10118	0.0135067
10118	10119	0.0134993
5127	10119	0.0134993
10119	10120	0.0134878
10082	10120	0.0134878
1723	10121	0.013485
10120	10121	0.013485
10121	10122	0.0134837
5770	10122	0.0134837
9150	10123	0.0134698
10122	10123	0.0134698
2016	10124	0.0135742
10070	10124	0.0135742
2474	10125	0.0134658
10123	10125	0.0134658
10125	10126	0.0134582
5903	10126	0.0134582
5783	10127	0.0134362
10126	10127	0.0134362
10127	10128	0.0134249
2154	10128	0.0134249
3895	10129	0.0134239
10128	10129	0.0134239
10129	10130	0.0134199
466	10130	0.0134199
4714	10130	0.0134199
9047	10130	0.0134199
10130	10131	0.0134126
6116	10131	0.0134126
10131	10132	0.0134079
10124	10132	0.0134079
5824	10133	0.0133943
1144	10133	0.0133943
10132	10133	0.0133943
10133	10134	0.0133887
3194	10134	0.0133887
194	10135	0.0133847
10134	10135	0.0133847
10135	10136	0.0133791
5147	10136	0.0133791
10136	10137	0.0133488
990	10137	0.0133488
5456	10138	0.0133476
10137	10138	0.0133476
10138	10139	0.0133419
5749	10139	0.0133419
2049	10140	0.0133409
10139	10140	0.0133409
10140	10141	0.013339
2667	10141	0.013339
8797	10142	0.0133382
10141	10142	0.0133382
10142	10143	0.0133184
10062	10143	0.0133184
172	10144	0.013298
10143	10144	0.013298
5462	10145	0.0132847
10144	10145	0.0132847
660	10146	0.0132771
10145	10146	0.0132771
10146	10147	0.0132751
3434	10147	0.0132751
10147	10148	0.0132685
5923	10148	0.0132685
10148	10149	0.0132645
4601	10149	0.0132645
10149	10150	0.0132511
518	10150	0.0132511
10150	10151	0.0132503
5638	10151	0.0132503
10151	10152	0.0132495
715	10152	0.0132495
10079	10153	0.0134406
1322	10153	0.0134406
9149	10154	0.0132048
10152	10154	0.0132048
10154	10155	0.0132017
1829	10155	0.0132017
10155	10156	0.0131912
3743	10156	0.0131912
10156	10157	0.0131817
3546	10157	0.0131817
10157	10158	0.0131778
1550	10158	0.0131778
10158	10159	0.0131692
1380	10159	0.0131692
10159	10160	0.0131683
2641	10160	0.0131683
6331	10161	0.0131675
4818	10161	0.0131675
10160	10161	0.0131675
10161	10162	0.0131654
51	10162	0.0131654
10162	10163	0.0131585
3155	10163	0.0131585
3492	10164	0.013155
10163	10164	0.013155
4069	10165	0.0131523
10164	10165	0.0131523
349	10166	0.0131473
10165	10166	0.0131473
3311	10167	0.0131884
450	10167	0.0131884
3807	10168	0.0131463
10166	10168	0.0131463
2378	10169	0.0131445
10168	10169	0.0131445
9023	10170	0.0131434
10169	10170	0.0131434
4843	10170	0.0131434
10170	10171	0.0131388
3467	10171	0.0131388
6481	10172	0.013134
10171	10172	0.013134
5386	10173	0.0131282
10172	10173	0.0131282
10173	10174	0.0131159
10083	10174	0.0131159
10174	10175	0.0131092
3	10175	0.0131092
10175	10176	0.0131061
10167	10176	0.0131061
10176	10177	0.0130994
2051	10177	0.0130994
10177	10178	0.0130918
2617	10178	0.0130918
10178	10179	0.0130892
2756	10179	0.0130892
10179	10180	0.0130835
176	10180	0.0130835
8831	10181	0.0130777
10180	10181	0.0130777
10181	10182	0.0130685
9065	10182	0.0130685
10182	10183	0.0130593
5294	10183	0.0130593
10183	10184	0.0130569
1411	10184	0.0130569
10184	10185	0.0130482
2528	10185	0.0130482
149	10186	0.0130471
10185	10186	0.0130471
10186	10187	0.0130443
3935	10187	0.0130443
10187	10188	0.0130396
4778	10188	0.0130396
10188	10189	0.0130226
10072	10189	0.0130226
10189	10190	0.0130148
2631	10190	0.0130148
10190	10191	0.0130139
10090	10191	0.0130139
10191	10192	0.0130081
456	10192	0.0130081
10192	10193	0.0130063
344	10193	0.0130063
4705	10193	0.0130063
3030	10194	0.0129786
10193	10194	0.0129786
1041	10195	0.0129708
10194	10195	0.0129708
10195	10196	0.0129701
5728	10196	0.0129701
10196	10197	0.0129672
5031	10197	0.0129672
2372	10197	0.0129672
1043	10198	0.0129613
10197	10198	0.0129613
6137	10199	0.0129414
10198	10199	0.0129414
10199	10200	0.0129282
2337	10200	0.0129282
10200	10201	0.0129272
3185	10201	0.0129272
10201	10202	0.0129231
6165	10202	0.0129231
10202	10203	0.0128965
10153	10203	0.0128965
10203	10204	0.0128959
1604	10204	0.0128959
10204	10205	0.0128767
1523	10205	0.0128767
4807	10206	0.0128745
10205	10206	0.0128745
10206	10207	0.0128621
1444	10207	0.0128621
10207	10208	0.0128517
215	10208	0.0128517
10071	10209	0.0129664
4054	10209	0.0129664
5755	10210	0.0128801
10209	10210	0.0128801
1413	10211	0.0132495
474	10211	0.0132495
1105	10212	0.0128517
1460	10212	0.0128517
3093	10213	0.0133324
1530	10213	0.0133324
5768	10214	0.0129004
6101	10214	0.0129004
10208	10215	0.0128385
749	10215	0.0128385
10215	10216	0.0128277
10213	10216	0.0128277
10216	10217	0.012827
5316	10217	0.012827
10217	10218	0.0128165
5817	10218	0.0128165
3989	10219	0.0128135
10218	10219	0.0128135
10219	10220	0.0128002
5369	10220	0.0128002
1506	10221	0.0127963
10220	10221	0.0127963
10221	10222	0.0127944
3179	10222	0.0127944
10222	10223	0.0127907
4109	10223	0.0127907
9089	10224	0.0127878
10223	10224	0.0127878
2373	10225	0.012785
10224	10225	0.012785
10225	10226	0.0127829
1268	10226	0.0127829
10226	10227	0.0127696
1188	10227	0.0127696
10227	10228	0.0127647
5767	10228	0.0127647
2697	10228	0.0127647
10212	10228	0.0127647
10228	10229	0.0127631
1393	10229	0.0127631
10229	10230	0.0127496
2524	10230	0.0127496
10230	10231	0.0127354
2846	10231	0.0127354
10231	10232	0.0127153
3499	10232	0.0127153
10232	10233	0.0127116
10214	10233	0.0127116
10233	10234	0.0127104
4925	10234	0.0127104
1269	10235	0.0126995
10234	10235	0.0126995
3811	10236	0.0126868
10235	10236	0.0126868
8508	10237	0.0126741
10236	10237	0.0126741
10237	10238	0.012661
665	10238	0.012661
4243	10239	0.0126554
10238	10239	0.0126554
1298	10240	0.0126537
10239	10240	0.0126537
3373	10241	0.0126486
10240	10241	0.0126486
10211	10241	0.0126486
8592	10242	0.0126466
10241	10242	0.0126466
6062	10242	0.0126466
10242	10243	0.012634
3261	10243	0.012634
10243	10244	0.0126256
1438	10244	0.0126256
10244	10245	0.0126163
2652	10245	0.0126163
3091	10245	0.0126163
10245	10246	0.0126121
1248	10246	0.0126121
10246	10247	0.0126086
6018	10247	0.0126086
10247	10248	0.0126045
8497	10248	0.0126045
19	10248	0.0126045
10248	10249	0.0125993
6131	10249	0.0125993
4977	10250	0.0125801
10249	10250	0.0125801
10250	10251	0.0125717
486	10251	0.0125717
10251	10252	0.0125655
1678	10252	0.0125655
10252	10253	0.0125609
1494	10253	0.0125609
10253	10254	0.0125562
5534	10254	0.0125562
10254	10255	0.0125476
3393	10255	0.0125476
3663	10256	0.0125294
10255	10256	0.0125294
2938	10256	0.0125294
10256	10257	0.0125276
511	10257	0.0125276
10257	10258	0.0125225
229	10258	0.0125225
10258	10259	0.0125159
5772	10259	0.0125159
10259	10260	0.0125055
1401	10260	0.0125055
271	10261	0.0125017
10260	10261	0.0125017
10261	10262	0.0124913
3545	10262	0.0124913
10262	10263	0.0124797
5023	10263	0.0124797
4748	10264	0.0124779
10263	10264	0.0124779
10264	10265	0.0124762
1054	10265	0.0124762
10265	10266	0.0124608
2517	10266	0.0124608
5418	10266	0.0124608
272	10266	0.0124608
3725	10266	0.0124608
10210	10266	0.0124608
10266	10267	0.0124595
2855	10267	0.0124595
4395	10268	0.0124517
10267	10268	0.0124517
10268	10269	0.0124321
139	10269	0.0124321
6073	10270	0.0124273
10269	10270	0.0124273
10270	10271	0.0124112
704	10271	0.0124112
8828	10272	0.0124101
10271	10272	0.0124101
6409	10273	0.0124053
10272	10273	0.0124053
3899	10274	0.0123882
10273	10274	0.0123882
10274	10275	0.0123616
756	10275	0.0123616
10275	10276	0.0123502
2801	10276	0.0123502
10276	10277	0.0123483
1541	10277	0.0123483
6448	10278	0.0123375
10277	10278	0.0123375
4393	10279	0.012332
10278	10279	0.012332
10279	10280	0.0123234
5908	10280	0.0123234
10280	10281	0.0123195
1953	10281	0.0123195
3868	10282	0.0123308
4033	10282	0.0123308
10281	10283	0.0123147
6158	10283	0.0123147
10283	10284	0.0123128
574	10284	0.0123128
10284	10285	0.012307
3520	10285	0.012307
10285	10286	0.0123004
10282	10286	0.0123004
10286	10287	0.0122967
3484	10287	0.0122967
10287	10288	0.0122938
122	10288	0.0122938
3697	10289	0.0124548
1721	10289	0.0124548
9146	10290	0.0122871
4084	10290	0.0122871
10288	10290	0.0122871
9144	10291	0.0122703
10290	10291	0.0122703
10291	10292	0.0122644
3628	10292	0.0122644
10292	10293	0.0122482
2061	10293	0.0122482
10293	10294	0.0122346
5826	10294	0.0122346
1873	10295	0.0122308
10294	10295	0.0122308
9148	10296	0.0122124
10295	10296	0.0122124
6434	10297	0.0122109
10296	10297	0.0122109
5029	10298	0.012183
10297	10298	0.012183
2262	10299	0.0121758
10298	10299	0.0121758
9140	10300	0.0121698
10299	10300	0.0121698
10300	10301	0.0121622
2310	10301	0.0121622
26	10302	0.0121497
8872	10302	0.0121497
10301	10302	0.0121497
10302	10303	0.0121471
6139	10303	0.0121471
701	10304	0.0121461
10303	10304	0.0121461
10304	10305	0.0121451
2966	10305	0.0121451
3500	10305	0.0121451
287	10306	0.0121279
10305	10306	0.0121279
10306	10307	0.012127
4592	10307	0.012127
10307	10308	0.0121166
1274	10308	0.0121166
10308	10309	0.0121086
4917	10309	0.0121086
1225	10310	0.0120948
10309	10310	0.0120948
10310	10311	0.0120735
5929	10311	0.0120735
1148	10312	0.0120729
10311	10312	0.0120729
10312	10313	0.0120678
10289	10313	0.0120678
489	10314	0.013298
5221	10314	0.013298
589	10315	0.0123778
1305	10315	0.0123778
10085	10316	0.0121345
4764	10316	0.0121345
5322	10317	0.0120619
10313	10317	0.0120619
2327	10318	0.0120591
10317	10318	0.0120591
3779	10319	0.01202
10318	10319	0.01202
3324	10319	0.01202
10319	10320	0.0120171
527	10320	0.0120171
10320	10321	0.0120095
10314	10321	0.0120095
10321	10322	0.0120049
6261	10322	0.0120049
10322	10323	0.0120029
4091	10323	0.0120029
10323	10324	0.0120011
4728	10324	0.0120011
10324	10325	0.0119991
2648	10325	0.0119991
2594	10326	0.0119897
10325	10326	0.0119897
10326	10327	0.0119495
546	10327	0.0119495
5980	10328	0.0119477
10327	10328	0.0119477
10328	10329	0.0119362
1994	10329	0.0119362
659	10330	0.0119354
4202	10330	0.0119354
10329	10330	0.0119354
10330	10331	0.0119171
829	10331	0.0119171
8873	10332	0.0119152
10331	10332	0.0119152
8575	10333	0.011898
10332	10333	0.011898
10333	10334	0.0118943
5720	10334	0.0118943
10334	10335	0.0118811
5576	10335	0.0118811
5582	10335	0.0118811
10335	10336	0.0118751
1607	10336	0.0118751
10336	10337	0.0118742
6251	10337	0.0118742
10337	10338	0.0118687
2571	10338	0.0118687
10338	10339	0.0118638
4794	10339	0.0118638
10339	10340	0.0118542
4447	10340	0.0118542
6310	10341	0.0118441
10340	10341	0.0118441
10341	10342	0.011839
4391	10342	0.011839
10342	10343	0.0118333
1126	10343	0.0118333
3924	10344	0.0118217
10343	10344	0.0118217
10344	10345	0.0118205
1766	10345	0.0118205
2685	10346	0.0118106
10345	10346	0.0118106
10346	10347	0.0118074
706	10347	0.0118074
10347	10348	0.0118054
1134	10348	0.0118054
10348	10349	0.0117941
4645	10349	0.0117941
10349	10350	0.0117873
2234	10350	0.0117873
10350	10351	0.0117854
5346	10351	0.0117854
3184	10352	0.011777
10351	10352	0.011777
10352	10353	0.0117759
2581	10353	0.0117759
5363	10354	0.0117645
10353	10354	0.0117645
10354	10355	0.0117549
1804	10355	0.0117549
10355	10356	0.0117491
50	10356	0.0117491
10356	10357	0.0117436
9071	10357	0.0117436
10357	10358	0.0117405
3361	10358	0.0117405
10358	10359	0.0117371
2525	10359	0.0117371
5823	10360	0.011734
10359	10360	0.011734
1399	10360	0.011734
921	10361	0.0117322
10360	10361	0.0117322
10361	10362	0.0117159
4216	10362	0.0117159
10362	10363	0.0117015
10316	10363	0.0117015
3211	10363	0.0117015
3092	10363	0.0117015
5298	10363	0.0117015
2919	10364	0.0116985
10363	10364	0.0116985
10364	10365	0.0116892
4396	10365	0.0116892
8889	10366	0.0116812
10365	10366	0.0116812
10366	10367	0.0116663
6113	10367	0.0116663
10367	10368	0.0116607
5496	10368	0.0116607
10368	10369	0.0116558
4836	10369	0.0116558
10369	10370	0.0116443
4870	10370	0.0116443
6360	10371	0.0116395
10370	10371	0.0116395
10371	10372	0.0116375
2533	10372	0.0116375
10372	10373	0.0116329
1606	10373	0.0116329
4137	10373	0.0116329
10373	10374	0.0116262
713	10374	0.0116262
3060	10375	0.0116234
10374	10375	0.0116234
3757	10375	0.0116234
10375	10376	0.0116186
1067	10376	0.0116186
5447	10377	0.0116154
10376	10377	0.0116154
10377	10378	0.0116139
72	10378	0.0116139
2036	10378	0.0116139
4213	10378	0.0116139
10378	10379	0.0116089
597	10379	0.0116089
10379	10380	0.0115977
1061	10380	0.0115977
10380	10381	0.0115949
2364	10381	0.0115949
10381	10382	0.0115892
2877	10382	0.0115892
1649	10383	0.0115815
10382	10383	0.0115815
5176	10384	0.0115803
10383	10384	0.0115803
6328	10385	0.0115756
10384	10385	0.0115756
10385	10386	0.0115671
5845	10386	0.0115671
3420	10387	0.0115631
10386	10387	0.0115631
10387	10388	0.0115471
5973	10388	0.0115471
10388	10389	0.0115462
5091	10389	0.0115462
4103	10390	0.0115422
10389	10390	0.0115422
10390	10391	0.0115413
1465	10391	0.0115413
10391	10392	0.0115366
3204	10392	0.0115366
1859	10393	0.0115348
10392	10393	0.0115348
6324	10394	0.0115164
10393	10394	0.0115164
10394	10395	0.0115071
5736	10395	0.0115071
10395	10396	0.0115002
130	10396	0.0115002
10396	10397	0.011494
907	10397	0.011494
2985	10398	0.0114688
10397	10398	0.0114688
10398	10399	0.0114651
3541	10399	0.0114651
10399	10400	0.0114574
1594	10400	0.0114574
5506	10400	0.0114574
8841	10401	0.0114478
10400	10401	0.0114478
2644	10402	0.0114445
10401	10402	0.0114445
1942	10403	0.0114412
10402	10403	0.0114412
10403	10404	0.0114071
6081	10404	0.0114071
5970	10405	0.0113992
10404	10405	0.0113992
350	10406	0.011398
10405	10406	0.011398
9085	10407	0.0116089
3183	10407	0.0116089
5646	10408	0.0113848
10406	10408	0.0113848
10408	10409	0.0113803
1855	10409	0.0113803
10409	10410	0.0113747
746	10410	0.0113747
10410	10411	0.0113728
3589	10411	0.0113728
10095	10412	0.0113705
10411	10412	0.0113705
2592	10413	0.0113696
10412	10413	0.0113696
4736	10414	0.0113675
10413	10414	0.0113675
157	10415	0.0113567
10414	10415	0.0113567
10415	10416	0.0113533
1747	10416	0.0113533
343	10417	0.0113447
10416	10417	0.0113447
4530	10418	0.011343
10417	10418	0.011343
6166	10419	0.0113424
10418	10419	0.0113424
10419	10420	0.0113296
1955	10420	0.0113296
2232	10420	0.0113296
10420	10421	0.0113278
3664	10421	0.0113278
10421	10422	0.011323
1278	10422	0.011323
3847	10423	0.0113144
10422	10423	0.0113144
9053	10424	0.0113105
10423	10424	0.0113105
10424	10425	0.0112694
4528	10425	0.0112694
3213	10426	0.0112621
10425	10426	0.0112621
5121	10427	0.0112495
10426	10427	0.0112495
2155	10428	0.0112468
10427	10428	0.0112468
10428	10429	0.0112343
2844	10429	0.0112343
1880	10430	0.0112331
10429	10430	0.0112331
10430	10431	0.0112201
10088	10431	0.0112201
5357	10432	0.0112105
10431	10432	0.0112105
1421	10433	0.0112021
10432	10433	0.0112021
10433	10434	0.0112009
2299	10434	0.0112009
10434	10435	0.0111922
3123	10435	0.0111922
9029	10436	0.0111906
10435	10436	0.0111906
10436	10437	0.0111867
5359	10437	0.0111867
10437	10438	0.0111694
3526	10438	0.0111694
286	10439	0.0111637
10438	10439	0.0111637
10407	10439	0.0111637
10439	10440	0.011155
2805	10440	0.011155
10440	10441	0.0111501
179	10441	0.0111501
10441	10442	0.0111485
3621	10442	0.0111485
5674	10442	0.0111485
10442	10443	0.0111466
2555	10443	0.0111466
395	10444	0.0111322
10443	10444	0.0111322
1658	10444	0.0111322
10444	10445	0.0111295
4052	10445	0.0111295
123	10446	0.0113249
10315	10446	0.0113249
10446	10447	0.0111751
1408	10447	0.0111751
9079	10448	0.0111216
10445	10448	0.0111216
10448	10449	0.0111209
5614	10449	0.0111209
129	10450	0.0111057
10449	10450	0.0111057
3630	10450	0.0111057
10086	10450	0.0111057
1896	10451	0.011096
10450	10451	0.011096
10451	10452	0.0110227
3530	10452	0.0110227
10452	10453	0.0110204
2147	10453	0.0110204
10453	10454	0.0110186
2626	10454	0.0110186
2598	10455	0.0110105
10454	10455	0.0110105
5421	10456	0.0109957
10455	10456	0.0109957
10456	10457	0.0109776
3595	10457	0.0109776
10457	10458	0.0109739
894	10458	0.0109739
10458	10459	0.0109691
2035	10459	0.0109691
10459	10460	0.0109644
9007	10460	0.0109644
1675	10460	0.0109644
10460	10461	0.0109406
3666	10461	0.0109406
3878	10462	0.0109337
10461	10462	0.0109337
10462	10463	0.0109205
1334	10463	0.0109205
10463	10464	0.0109179
3645	10464	0.0109179
804	10465	0.0109111
10464	10465	0.0109111
9035	10466	0.0109033
10465	10466	0.0109033
5690	10467	0.0109023
10466	10467	0.0109023
6381	10468	0.0109013
10467	10468	0.0109013
8880	10469	0.0108978
10468	10469	0.0108978
10469	10470	0.0108938
4657	10470	0.0108938
10470	10471	0.0108813
626	10471	0.0108813
10471	10472	0.0108785
3511	10472	0.0108785
10472	10473	0.0108712
1848	10473	0.0108712
4319	10474	0.0108655
10473	10474	0.0108655
10474	10475	0.0108595
872	10475	0.0108595
3925	10476	0.010845
10475	10476	0.010845
10476	10477	0.0108442
754	10477	0.0108442
2904	10478	0.0108414
10477	10478	0.0108414
8936	10479	0.0108394
10478	10479	0.0108394
10479	10480	0.0108347
976	10480	0.0108347
10480	10481	0.0108337
3654	10481	0.0108337
10481	10482	0.0108263
4078	10482	0.0108263
10482	10483	0.0108254
1574	10483	0.0108254
6353	10484	0.0108128
10483	10484	0.0108128
4659	10485	0.0108071
10484	10485	0.0108071
10485	10486	0.0108052
2045	10486	0.0108052
10486	10487	0.0107947
10447	10487	0.0107947
10487	10488	0.0107937
1991	10488	0.0107937
42	10489	0.0120162
3723	10489	0.0120162
10065	10490	0.0114889
5618	10490	0.0114889
125	10491	0.0108957
1936	10491	0.0108957
1457	10492	0.0120659
2297	10492	0.0120659
1488	10493	0.0108089
3855	10493	0.0108089
3787	10494	0.0128145
5345	10494	0.0128145
1631	10495	0.013319
3805	10495	0.013319
4221	10496	0.0114708
2199	10496	0.0114708
10087	10497	0.0113165
3390	10497	0.0113165
3584	10498	0.0108337
3636	10498	0.0108337
4486	10499	0.0111034
4408	10499	0.0111034
2766	10500	0.0106164
2655	10500	0.0106164
10488	10501	0.0107899
2792	10501	0.0107899
3985	10502	0.010785
10501	10502	0.010785
3154	10503	0.010784
10502	10503	0.010784
10503	10504	0.0107804
1360	10504	0.0107804
5132	10505	0.0107775
10504	10505	0.0107775
2749	10506	0.0107622
10505	10506	0.0107622
3045	10507	0.0107584
10506	10507	0.0107584
10507	10508	0.010746
55	10508	0.010746
3543	10509	0.010744
10508	10509	0.010744
10509	10510	0.0107412
773	10510	0.0107412
10510	10511	0.0107364
4964	10511	0.0107364
233	10511	0.0107364
10511	10512	0.0107192
5339	10512	0.0107192
10512	10513	0.0107182
223	10513	0.0107182
3009	10514	0.0107106
10513	10514	0.0107106
6179	10515	0.0106975
10514	10515	0.0106975
5292	10516	0.0106764
10515	10516	0.0106764
6189	10517	0.0106755
10516	10517	0.0106755
5693	10518	0.0106736
10517	10518	0.0106736
10518	10519	0.0106695
2222	10519	0.0106695
2726	10519	0.0106695
9040	10520	0.0106526
10519	10520	0.0106526
10520	10521	0.0106506
10498	10521	0.0106506
1754	10522	0.0106412
10521	10522	0.0106412
10522	10523	0.010638
2551	10523	0.010638
5529	10524	0.0106334
10523	10524	0.0106334
4342	10524	0.0106334
10524	10525	0.010627
4841	10525	0.010627
4566	10526	0.0106183
10525	10526	0.0106183
5133	10527	0.0106174
10526	10527	0.0106174
5738	10528	0.0106153
10527	10528	0.0106153
10528	10529	0.0105925
1809	10529	0.0105925
10529	10530	0.0105877
712	10530	0.0105877
10530	10531	0.010585
1724	10531	0.010585
10531	10532	0.0105671
8763	10532	0.0105671
1513	10532	0.0105671
10532	10533	0.0105628
2811	10533	0.0105628
972	10534	0.0105619
10533	10534	0.0105619
2796	10535	0.0105563
10534	10535	0.0105563
10535	10536	0.0105476
4920	10536	0.0105476
5373	10537	0.0105437
10536	10537	0.0105437
6075	10538	0.0107785
5706	10538	0.0107785
9147	10539	0.0105419
10537	10539	0.0105419
10539	10540	0.0105401
10058	10540	0.0105401
294	10540	0.0105401
10540	10541	0.0105305
10538	10541	0.0105305
1734	10542	0.0105257
10541	10542	0.0105257
10542	10543	0.0105228
852	10543	0.0105228
10543	10544	0.0105191
6173	10544	0.0105191
10544	10545	0.0105173
5006	10545	0.0105173
10545	10546	0.010506
10490	10546	0.010506
767	10546	0.010506
5588	10547	0.0104955
10546	10547	0.0104955
10547	10548	0.0104943
5571	10548	0.0104943
6004	10548	0.0104943
10548	10549	0.0104781
4814	10549	0.0104781
10549	10550	0.0104646
4131	10550	0.0104646
10550	10551	0.0104608
10494	10551	0.0104608
10551	10552	0.010417
1178	10552	0.010417
10552	10553	0.0104141
4832	10553	0.0104141
10553	10554	0.0104092
764	10554	0.0104092
5343	10555	0.0104048
10554	10555	0.0104048
10555	10556	0.0104035
3907	10556	0.0104035
3783	10557	0.0103959
10556	10557	0.0103959
10557	10558	0.0103949
447	10558	0.0103949
10558	10559	0.0103921
3792	10559	0.0103921
2228	10560	0.0103903
10559	10560	0.0103903
10560	10561	0.0103893
5837	10561	0.0103893
3716	10561	0.0103893
208	10561	0.0103893
10561	10562	0.0103874
5624	10562	0.0103874
10562	10563	0.0103827
8905	10563	0.0103827
3890	10563	0.0103827
10497	10563	0.0103827
10563	10564	0.0103816
3846	10564	0.0103816
73	10565	0.0103749
10564	10565	0.0103749
4465	10566	0.0103683
10565	10566	0.0103683
10566	10567	0.0103664
300	10567	0.0103664
10567	10568	0.0103656
8906	10568	0.0103656
4392	10568	0.0103656
10568	10569	0.0103446
3032	10569	0.0103446
10569	10570	0.0103389
6072	10570	0.0103389
10570	10571	0.0103207
10499	10571	0.0103207
10571	10572	0.0103074
10495	10572	0.0103074
4496	10573	0.0106947
633	10573	0.0106947
731	10574	0.0103531
1468	10574	0.0103531
5219	10575	0.0104314
1190	10575	0.0104314
8781	10576	0.0103009
10572	10576	0.0103009
10576	10577	0.0102918
1070	10577	0.0102918
10577	10578	0.0102893
4253	10578	0.0102893
10500	10579	0.0102854
10578	10579	0.0102854
10579	10580	0.0102679
10575	10580	0.0102679
10580	10581	0.0102596
3286	10581	0.0102596
120	10582	0.0102548
10581	10582	0.0102548
8771	10583	0.0102462
10582	10583	0.0102462
10583	10584	0.0102415
10061	10584	0.0102415
2506	10584	0.0102415
4317	10585	0.0102318
10584	10585	0.0102318
10585	10586	0.0102311
1219	10586	0.0102311
10586	10587	0.0102271
5834	10587	0.0102271
2889	10588	0.0102111
10587	10588	0.0102111
10588	10589	0.0102084
3938	10589	0.0102084
10589	10590	0.0102045
10573	10590	0.0102045
1376	10591	0.0102271
10496	10591	0.0102271
10590	10592	0.0102014
5934	10592	0.0102014
10592	10593	0.010191
2046	10593	0.010191
4099	10593	0.010191
2661	10593	0.010191
10591	10593	0.010191
10094	10594	0.0101871
10593	10594	0.0101871
10594	10595	0.010177
10574	10595	0.010177
10595	10596	0.01017
257	10596	0.01017
2708	10597	0.0101662
10596	10597	0.0101662
6309	10598	0.0101613
10597	10598	0.0101613
10598	10599	0.0101499
3040	10599	0.0101499
2365	10600	0.0101489
10599	10600	0.0101489
10600	10601	0.0101286
2986	10601	0.0101286
10601	10602	0.0101232
3806	10602	0.0101232
10602	10603	0.0101195
2032	10603	0.0101195
8844	10604	0.0101118
10603	10604	0.0101118
1796	10605	0.0101003
10604	10605	0.0101003
4927	10606	0.0100984
10605	10606	0.0100984
2447	10607	0.0100975
10606	10607	0.0100975
5936	10608	0.0100955
10607	10608	0.0100955
4456	10609	0.0100908
10608	10609	0.0100908
10609	10610	0.010087
2158	10610	0.010087
10610	10611	0.0100842
1738	10611	0.0100842
10611	10612	0.0100705
2874	10612	0.0100705
10612	10613	0.01007
5123	10613	0.01007
10613	10614	0.0100639
2303	10614	0.0100639
5880	10615	0.0100575
10614	10615	0.0100575
10615	10616	0.0100517
2651	10616	0.0100517
9030	10617	0.0100469
10616	10617	0.0100469
10617	10618	0.0100431
252	10618	0.0100431
5662	10619	0.01003
10618	10619	0.01003
5485	10620	0.010027
10619	10620	0.010027
10620	10621	0.0100258
303	10621	0.0100258
311	10622	0.0100202
10621	10622	0.0100202
10622	10623	0.0100042
4063	10623	0.0100042
1138	10624	0.00996402
10623	10624	0.00996402
9153	10625	0.00996211
10624	10625	0.00996211
10625	10626	0.00994214
3012	10626	0.00994214
10626	10627	0.00993631
10493	10627	0.00993631
2269	10627	0.00993631
10627	10628	0.00991638
2923	10628	0.00991638
4749	10629	0.00990858
10628	10629	0.00990858
9063	10630	0.00990573
10629	10630	0.00990573
10630	10631	0.009901
5350	10631	0.009901
10631	10632	0.00988281
2090	10632	0.00988281
10632	10633	0.00988011
212	10633	0.00988011
1681	10634	0.00987337
10633	10634	0.00987337
8684	10635	0.00986113
10634	10635	0.00986113
10635	10636	0.00984861
4039	10636	0.00984861
10636	10637	0.00984006
3244	10637	0.00984006
3291	10638	0.00983149
8983	10638	0.00983149
10637	10638	0.00983149
10638	10639	0.00982121
4962	10639	0.00982121
5431	10640	0.00981708
10639	10640	0.00981708
10640	10641	0.00981034
1519	10641	0.00981034
2173	10642	0.00979992
10641	10642	0.00979992
3145	10643	0.00979052
10642	10643	0.00979052
10643	10644	0.00978177
1398	10644	0.00978177
10644	10645	0.00978099
6232	10645	0.00978099
10645	10646	0.00977804
6203	10646	0.00977804
174	10646	0.00977804
2110	10647	0.0103074
4750	10647	0.0103074
10647	10648	0.0100367
1623	10648	0.0100367
5794	10649	0.00977043
10646	10649	0.00977043
4547	10650	0.00976837
10649	10650	0.00976837
793	10651	0.00976467
10650	10651	0.00976467
4111	10651	0.00976467
10651	10652	0.00975692
3258	10652	0.00975692
10652	10653	0.00975285
9093	10653	0.00975285
4474	10653	0.00975285
10653	10654	0.00975128
3591	10654	0.00975128
10654	10655	0.00974744
1714	10655	0.00974744
2768	10656	0.00973959
10655	10656	0.00973959
10656	10657	0.00973897
1466	10657	0.00973897
10657	10658	0.00972546
3247	10658	0.00972546
10658	10659	0.00972373
876	10659	0.00972373
2590	10659	0.00972373
10659	10660	0.00972259
204	10660	0.00972259
842	10660	0.00972259
10660	10661	0.00971044
741	10661	0.00971044
580	10662	0.00970644
10661	10662	0.00970644
3073	10663	0.00970332
10662	10663	0.00970332
10663	10664	0.00970079
1692	10664	0.00970079
4913	10665	0.00969006
10664	10665	0.00969006
1270	10666	0.00966836
10665	10666	0.00966836
3225	10666	0.00966836
10666	10667	0.00966357
2092	10667	0.00966357
10667	10668	0.00965689
3572	10668	0.00965689
942	10669	0.00964736
10668	10669	0.00964736
5209	10669	0.00964736
10669	10670	0.00963113
2660	10670	0.00963113
8779	10671	0.00961584
10670	10671	0.00961584
10671	10672	0.00960803
5721	10672	0.00960803
1028	10673	0.00960638
10672	10673	0.00960638
10673	10674	0.00959581
10648	10674	0.00959581
10674	10675	0.00959481
2390	10675	0.00959481
10675	10676	0.00958539
4	10676	0.00958539
2520	10677	0.00954529
10676	10677	0.00954529
10677	10678	0.00954246
1749	10678	0.00954246
3838	10679	0.00952314
10678	10679	0.00952314
4589	10680	0.00952252
10679	10680	0.00952252
10680	10681	0.00951648
1415	10681	0.00951648
10681	10682	0.00951562
1204	10682	0.00951562
148	10683	0.00950807
10682	10683	0.00950807
5883	10684	0.00950242
10683	10684	0.00950242
10492	10685	0.00949485
10684	10685	0.00949485
10685	10686	0.00949208
2687	10686	0.00949208
10686	10687	0.00948418
1642	10687	0.00948418
8777	10688	0.00948145
10687	10688	0.00948145
4110	10689	0.00947188
10688	10689	0.00947188
5141	10690	0.00946138
10689	10690	0.00946138
10690	10691	0.00944902
4098	10691	0.00944902
919	10692	0.00944129
10691	10692	0.00944129
8756	10693	0.0094099
10692	10693	0.0094099
10693	10694	0.00940049
473	10694	0.00940049
10694	10695	0.00939662
103	10695	0.00939662
10695	10696	0.00939569
1794	10696	0.00939569
10696	10697	0.00939271
673	10697	0.00939271
9145	10698	0.00938992
5004	10698	0.00938992
10697	10698	0.00938992
10698	10699	0.00938315
30	10699	0.00938315
5930	10699	0.00938315
10699	10700	0.00938129
4644	10700	0.00938129
2077	10700	0.00938129
5532	10701	0.00937734
10700	10701	0.00937734
10080	10702	0.00936987
10701	10702	0.00936987
10702	10703	0.00935274
3536	10703	0.00935274
10703	10704	0.00935166
4324	10704	0.00935166
4215	10705	0.00934704
10704	10705	0.00934704
5840	10706	0.0093459
10705	10706	0.0093459
10706	10707	0.00933726
484	10707	0.00933726
3593	10708	0.00933054
10707	10708	0.00933054
10091	10709	0.00932401
10708	10709	0.00932401
1191	10710	0.00932217
10709	10710	0.00932217
10710	10711	0.00931638
830	10711	0.00931638
10711	10712	0.00929932
669	10712	0.00929932
10712	10713	0.00929269
4021	10713	0.00929269
5704	10714	0.00928877
10713	10714	0.00928877
4156	10714	0.00928877
10714	10715	0.00928384
405	10715	0.00928384
10715	10716	0.0092812
3046	10716	0.0092812
1042	10717	0.00927043
10716	10717	0.00927043
10717	10718	0.00925346
2376	10718	0.00925346
10718	10719	0.00924683
2865	10719	0.00924683
3959	10720	0.00924221
10719	10720	0.00924221
170	10721	0.00923539
10720	10721	0.00923539
5833	10722	0.00921261
10721	10722	0.00921261
682	10722	0.00921261
1773	10723	0.00920484
10722	10723	0.00920484
8725	10724	0.00918873
10723	10724	0.00918873
10724	10725	0.00918563
2330	10725	0.00918563
1048	10725	0.00918563
10725	10726	0.00918107
1682	10726	0.00918107
10726	10727	0.00917151
1782	10727	0.00917151
6202	10728	0.00915997
10727	10728	0.00915997
1099	10729	0.00915335
10728	10729	0.00915335
249	10730	0.00915152
10729	10730	0.00915152
10730	10731	0.00914583
3840	10731	0.00914583
5702	10732	0.00913125
10731	10732	0.00913125
10732	10733	0.00911518
1785	10733	0.00911518
10733	10734	0.00910967
4007	10734	0.00910967
10734	10735	0.00910469
3257	10735	0.00910469
10735	10736	0.00910362
3892	10736	0.00910362
10736	10737	0.00910001
5940	10737	0.00910001
10737	10738	0.00909905
1578	10738	0.00909905
1760	10739	0.00909424
10738	10739	0.00909424
1315	10739	0.00909424
10739	10740	0.00908184
622	10740	0.00908184
4375	10741	0.00907433
10740	10741	0.00907433
10741	10742	0.00906258
4519	10742	0.00906258
10742	10743	0.00905533
10489	10743	0.00905533
2695	10743	0.00905533
5472	10743	0.00905533
3334	10744	0.00905219
10743	10744	0.00905219
14	10744	0.00905219
325	10744	0.00905219
8595	10745	0.0090467
10744	10745	0.0090467
2548	10746	0.00904568
10745	10746	0.00904568
10746	10747	0.00904087
585	10747	0.00904087
3677	10747	0.00904087
10747	10748	0.00903622
4341	10748	0.00903622
10748	10749	0.00903122
2627	10749	0.00903122
6436	10750	0.00903029
10749	10750	0.00903029
5067	10751	0.00902087
10750	10751	0.00902087
8853	10752	0.00901803
10751	10752	0.00901803
6257	10753	0.00900943
10752	10753	0.00900943
5379	10754	0.00900855
10753	10754	0.00900855
10754	10755	0.0089998
1435	10755	0.0089998
10755	10756	0.00899857
1605	10756	0.00899857
2586	10757	0.00899307
10756	10757	0.00899307
10757	10758	0.0089864
3396	10758	0.0089864
10758	10759	0.00897898
366	10759	0.00897898
3767	10760	0.00897035
10759	10760	0.00897035
10760	10761	0.00894165
1263	10761	0.00894165
10761	10762	0.00893873
1448	10762	0.00893873
10762	10763	0.00893787
1162	10763	0.00893787
10763	10764	0.00893321
4724	10764	0.00893321
336	10765	0.00893103
10764	10765	0.00893103
3248	10766	0.0089293
1409	10766	0.0089293
10765	10766	0.0089293
2634	10767	0.00892828
6417	10767	0.00892828
10766	10767	0.00892828
10767	10768	0.00891493
1821	10768	0.00891493
5433	10769	0.00890252
10768	10769	0.00890252
4893	10769	0.00890252
8888	10770	0.00890147
10769	10770	0.00890147
5911	10770	0.00890147
871	10771	0.00890061
10770	10771	0.00890061
4410	10772	0.00889408
10771	10772	0.00889408
10772	10773	0.00886645
10491	10773	0.00886645
3059	10774	0.00886443
10773	10774	0.00886443
10774	10775	0.00885606
5466	10775	0.00885606
10775	10776	0.00884904
2258	10776	0.00884904
6176	10776	0.00884904
10776	10777	0.00884152
2159	10777	0.00884152
3455	10778	0.00884055
10777	10778	0.00884055
10092	10779	0.0088311
10778	10779	0.0088311
4981	10780	0.009984
4853	10780	0.009984
8686	10781	0.0126983
431	10781	0.0126983
5830	10782	0.0104419
911	10782	0.0104419
10782	10783	0.00915523
426	10783	0.00915523
498	10784	0.0094099
5215	10784	0.0094099
4041	10785	0.0134915
2480	10785	0.0134915
759	10786	0.0111627
575	10786	0.0111627
6041	10787	0.0211029
8868	10787	0.0211029
10787	10788	0.00901501
2292	10788	0.00901501
3095	10789	0.00996029
3120	10789	0.00996029
2202	10790	0.00945191
10789	10790	0.00945191
8939	10791	0.0140094
8948	10791	0.0140094
2804	10792	0.0103979
4489	10792	0.0103979
10792	10793	0.00899508
935	10793	0.00899508
3957	10794	0.0137442
1611	10794	0.0137442
10794	10795	0.013567
1249	10795	0.013567
1362	10796	0.0130247
4766	10796	0.0130247
4956	10797	0.0160418
4955	10797	0.0160418
10797	10798	0.0149563
4453	10798	0.0149563
10798	10799	0.0124426
2207	10799	0.0124426
4491	10800	0.00889879
2461	10800	0.00889879
4858	10801	0.00913729
5168	10801	0.00913729
1091	10802	0.00383376
5134	10802	0.00383376
3620	10803	0.00457383
2519	10803	0.00457383
4439	10804	0.00476164
2561	10804	0.00476164
9038	10805	0.00394638
4258	10805	0.00394638
2964	10806	0.00535492
9104	10806	0.00535492
440	10807	0.00389863
3006	10807	0.00389863
4995	10808	0.00588799
488	10808	0.00588799
5453	10809	0.00803761
1429	10809	0.00803761
65	10810	0.00750424
5148	10810	0.00750424
6057	10811	0.00378986
8949	10811	0.00378986
4064	10812	0.00662796
10796	10812	0.00662796
5995	10813	0.00550557
6318	10813	0.00550557
1954	10814	0.00565529
404	10814	0.00565529
9130	10815	0.00700762
840	10815	0.00700762
3266	10816	0.0079204
5173	10816	0.0079204
9115	10817	0.00848302
6262	10817	0.00848302
525	10817	0.00848302
5200	10818	0.00813765
10817	10818	0.00813765
6152	10819	0.00787936
3174	10819	0.00787936
9135	10820	0.00767232
4066	10820	0.00767232
1027	10821	0.00616351
68	10821	0.00616351
3327	10822	0.00631047
457	10822	0.00631047
2944	10823	0.00635593
4493	10823	0.00635593
9132	10824	0.00784592
1250	10824	0.00784592
10824	10825	0.00683505
8859	10825	0.00683505
4386	10826	0.00850784
9061	10826	0.00850784
8954	10827	0.00713526
494	10827	0.00713526
6022	10828	0.00716307
4394	10828	0.00716307
909	10829	0.00867182
703	10829	0.00867182
5958	10830	0.00882699
10779	10830	0.00882699
10830	10831	0.00882531
5847	10831	0.00882531
3517	10832	0.00881671
10831	10832	0.00881671
5501	10833	0.0088053
10832	10833	0.0088053
10833	10834	0.00880423
2434	10834	0.00880423
10834	10835	0.00878434
4236	10835	0.00878434
614	10836	0.0087824
10835	10836	0.0087824
5254	10837	0.0087765
10836	10837	0.0087765
2459	10838	0.00877467
10837	10838	0.00877467
10838	10839	0.00875954
2834	10839	0.00875954
8875	10840	0.00875369
10839	10840	0.00875369
2633	10841	0.00874983
10840	10841	0.00874983
5470	10842	0.00874416
10841	10842	0.00874416
10842	10843	0.00874139
4679	10843	0.00874139
10843	10844	0.00873951
10785	10844	0.00873951
9113	10845	0.00873093
10844	10845	0.00873093
10845	10846	0.00872613
4208	10846	0.00872613
8496	10847	0.00872516
10846	10847	0.00872516
5725	10848	0.00871745
10847	10848	0.00871745
3495	10849	0.00870903
10848	10849	0.00870903
10849	10850	0.00869469
243	10850	0.00869469
4759	10850	0.00869469
8608	10851	0.00868865
10850	10851	0.00868865
10851	10852	0.00868708
3240	10852	0.00868708
10852	10853	0.00868595
1719	10853	0.00868595
2679	10854	0.00868243
10853	10854	0.00868243
4042	10855	0.00867847
10854	10855	0.00867847
4701	10856	0.00867365
10855	10856	0.00867365
1307	10857	0.00865463
10856	10857	0.00865463
10857	10858	0.00865365
1414	10858	0.00865365
9107	10859	0.00865172
10858	10859	0.00865172
10859	10860	0.00864307
1358	10860	0.00864307
10860	10861	0.00864223
3380	10861	0.00864223
832	10862	0.00863629
10861	10862	0.00863629
1120	10863	0.00862504
10862	10863	0.00862504
10863	10864	0.0086164
4449	10864	0.0086164
10864	10865	0.00861154
3910	10865	0.00861154
3101	10866	0.00860975
10865	10866	0.00860975
10866	10867	0.00860686
725	10867	0.00860686
9119	10868	0.00859155
10867	10868	0.00859155
8688	10869	0.00859066
5555	10869	0.00859066
10868	10869	0.00859066
10869	10870	0.00858881
2073	10870	0.00858881
10870	10871	0.00858683
5035	10871	0.00858683
866	10872	0.00858432
10871	10872	0.00858432
6338	10873	0.00858198
10872	10873	0.00858198
10873	10874	0.00857986
290	10874	0.00857986
10874	10875	0.00857544
4300	10875	0.00857544
10875	10876	0.00856224
2391	10876	0.00856224
9045	10877	0.00853735
10876	10877	0.00853735
10877	10878	0.00853162
1538	10878	0.00853162
10878	10879	0.00852868
10795	10879	0.00852868
10879	10880	0.00852205
2062	10880	0.00852205
10880	10881	0.00851531
869	10881	0.00851531
10881	10882	0.0085125
727	10882	0.0085125
6346	10883	0.00850784
10882	10883	0.00850784
284	10884	0.0085038
10883	10884	0.0085038
4501	10885	0.00848573
10884	10885	0.00848573
10885	10886	0.00846364
5089	10886	0.00846364
5451	10887	0.00846287
10886	10887	0.00846287
10887	10888	0.00846011
347	10888	0.00846011
9044	10889	0.00845627
2962	10889	0.00845627
10888	10889	0.00845627
10889	10890	0.00844481
1688	10890	0.00844481
10890	10891	0.00844102
1707	10891	0.00844102
10891	10892	0.0084342
5975	10892	0.0084342
10892	10893	0.00843308
734	10893	0.00843308
10893	10894	0.00842952
5922	10894	0.00842952
10894	10895	0.00842673
3684	10895	0.00842673
10895	10896	0.00842185
1661	10896	0.00842185
10896	10897	0.00842089
2266	10897	0.00842089
10780	10898	0.00842673
5630	10898	0.00842673
3252	10899	0.00841812
10897	10899	0.00841812
10899	10900	0.00841605
2911	10900	0.00841605
10900	10901	0.00841141
10898	10901	0.00841141
2427	10902	0.00840067
10901	10902	0.00840067
10902	10903	0.00839813
4438	10903	0.00839813
10903	10904	0.00839517
9094	10904	0.00839517
5071	10904	0.00839517
5776	10905	0.00838363
10904	10905	0.00838363
10905	10906	0.00837707
4627	10906	0.00837707
10906	10907	0.00837314
606	10907	0.00837314
2529	10908	0.00836073
10907	10908	0.00836073
8780	10909	0.00835608
10908	10909	0.00835608
10909	10910	0.00835417
812	10910	0.00835417
3295	10911	0.00835158
10910	10911	0.00835158
6049	10912	0.00833689
10911	10912	0.00833689
10912	10913	0.00833622
2924	10913	0.00833622
10913	10914	0.00831599
5882	10914	0.00831599
361	10915	0.00830275
10914	10915	0.00830275
4892	10916	0.00830168
10915	10916	0.00830168
10916	10917	0.00828458
2347	10917	0.00828458
10917	10918	0.00827874
6043	10918	0.00827874
10918	10919	0.00827699
3139	10919	0.00827699
3198	10919	0.00827699
5894	10920	0.00827313
10919	10920	0.00827313
3676	10921	0.00829226
2616	10921	0.00829226
10920	10922	0.00826361
10921	10922	0.00826361
5264	10923	0.00826251
10922	10923	0.00826251
1612	10923	0.00826251
5732	10923	0.00826251
445	10924	0.0082598
10923	10924	0.0082598
10924	10925	0.0082588
738	10925	0.0082588
1580	10926	0.00825687
10925	10926	0.00825687
10926	10927	0.00824934
2268	10927	0.00824934
10927	10928	0.00824748
3033	10928	0.00824748
10928	10929	0.00823697
5620	10929	0.00823697
10929	10930	0.00823307
2431	10930	0.00823307
2803	10931	0.0082263
10930	10931	0.0082263
2730	10932	0.00822168
10931	10932	0.00822168
1416	10933	0.00822077
10932	10933	0.00822077
2481	10934	0.00820738
10933	10934	0.00820738
10934	10935	0.00819942
3785	10935	0.00819942
392	10936	0.00819572
10935	10936	0.00819572
5146	10937	0.00818531
3888	10937	0.00818531
10936	10937	0.00818531
10937	10938	0.0081796
5271	10938	0.0081796
10938	10939	0.0081776
2988	10939	0.0081776
810	10940	0.00817386
10939	10940	0.00817386
4557	10941	0.00816244
10940	10941	0.00816244
2313	10942	0.00816062
1971	10942	0.00816062
10941	10942	0.00816062
5135	10943	0.00815974
10942	10943	0.00815974
10943	10944	0.00814721
127	10944	0.00814721
4178	10945	0.00814625
10944	10945	0.00814625
3201	10946	0.00813277
10945	10946	0.00813277
10946	10947	0.00811486
2227	10947	0.00811486
10947	10948	0.00811104
834	10948	0.00811104
57	10949	0.00810908
10948	10949	0.00810908
2735	10950	0.0080862
10949	10950	0.0080862
3112	10950	0.0080862
9122	10951	0.0080776
10950	10951	0.0080776
10951	10952	0.00807667
35	10952	0.00807667
10952	10953	0.00807082
4859	10953	0.00807082
111	10954	0.0080642
10953	10954	0.0080642
1694	10955	0.00805751
10954	10955	0.00805751
10955	10956	0.00805547
1432	10956	0.00805547
4205	10956	0.00805547
2401	10956	0.00805547
4786	10957	0.00804805
10956	10957	0.00804805
9127	10958	0.0080403
10957	10958	0.0080403
10958	10959	0.00803858
3819	10959	0.00803858
6006	10960	0.00803566
10959	10960	0.00803566
10960	10961	0.0080338
9031	10961	0.0080338
10961	10962	0.00801555
2193	10962	0.00801555
10829	10963	0.00801087
10962	10963	0.00801087
2192	10964	0.0080023
10963	10964	0.0080023
8762	10965	0.00799457
10964	10965	0.00799457
10965	10966	0.00799097
5915	10966	0.00799097
10966	10967	0.00798406
9037	10967	0.00798406
2363	10967	0.00798406
4604	10968	0.00797654
10967	10968	0.00797654
10968	10969	0.00797362
966	10969	0.00797362
10969	10970	0.00795364
1487	10970	0.00795364
1071	10971	0.00795053
10970	10971	0.00795053
9121	10972	0.00794706
10971	10972	0.00794706
2636	10973	0.00791454
10972	10973	0.00791454
4593	10974	0.00790978
10973	10974	0.00790978
10974	10975	0.00790686
2942	10975	0.00790686
8685	10976	0.00790115
10975	10976	0.00790115
10976	10977	0.00789742
2819	10977	0.00789742
5909	10978	0.00789553
10977	10978	0.00789553
3172	10979	0.00788785
10978	10979	0.00788785
2498	10980	0.00788674
10979	10980	0.00788674
10980	10981	0.00788199
10793	10981	0.00788199
8824	10982	0.00787544
10981	10982	0.00787544
6175	10983	0.00787261
10982	10983	0.00787261
4161	10984	0.00786209
10983	10984	0.00786209
10984	10985	0.00785618
3142	10985	0.00785618
3602	10986	0.0078551
10985	10986	0.0078551
10986	10987	0.00784878
4796	10987	0.00784878
10987	10988	0.00784479
6068	10988	0.00784479
10988	10989	0.00784115
2024	10989	0.00784115
5886	10990	0.0078391
10989	10990	0.0078391
10801	10991	0.00862504
10784	10991	0.00862504
10991	10992	0.00821018
3042	10992	0.00821018
10790	10993	0.00863176
4232	10993	0.00863176
5541	10994	0.00863933
5815	10994	0.00863933
10990	10995	0.00782885
1613	10995	0.00782885
10995	10996	0.00782323
845	10996	0.00782323
10996	10997	0.00782215
2370	10997	0.00782215
10997	10998	0.00781435
3203	10998	0.00781435
5052	10999	0.00780957
10998	10999	0.00780957
4839	11000	0.00780584
10999	11000	0.00780584
4463	11001	0.00780486
11000	11001	0.00780486
11001	11002	0.00780286
4229	11002	0.00780286
330	11003	0.00779719
11002	11003	0.00779719
11003	11004	0.0077925
10992	11004	0.0077925
11004	11005	0.00777521
4148	11005	0.00777521
11005	11006	0.00777036
2064	11006	0.00777036
9123	11007	0.00775895
11006	11007	0.00775895
11007	11008	0.00775629
5765	11008	0.00775629
2118	11009	0.00774965
11008	11009	0.00774965
5463	11010	0.0077486
11009	11010	0.0077486
4963	11010	0.0077486
11010	11011	0.00774666
162	11011	0.00774666
11011	11012	0.00774003
1127	11012	0.00774003
5953	11013	0.0077391
11012	11013	0.0077391
9051	11014	0.00773703
11013	11014	0.00773703
234	11015	0.00773052
11014	11015	0.00773052
11015	11016	0.00772376
2569	11016	0.00772376
6042	11017	0.0077124
11016	11017	0.0077124
11017	11018	0.00771138
2585	11018	0.00771138
5429	11019	0.00770958
11018	11019	0.00770958
635	11020	0.00770865
11019	11020	0.00770865
11020	11021	0.00770759
48	11021	0.00770759
11021	11022	0.00770091
4026	11022	0.00770091
1918	11023	0.00769709
11022	11023	0.00769709
1998	11024	0.0076933
11023	11024	0.0076933
11024	11025	0.00769133
4168	11025	0.00769133
11025	11026	0.00767903
5066	11026	0.00767903
11026	11027	0.0076752
3422	11027	0.0076752
11027	11028	0.0076694
881	11028	0.0076694
11028	11029	0.00766278
1551	11029	0.00766278
11029	11030	0.0076475
5055	11030	0.0076475
11030	11031	0.00763133
1239	11031	0.00763133
4792	11032	0.00762943
11031	11032	0.00762943
11032	11033	0.00762842
3188	11033	0.00762842
3902	11033	0.00762842
839	11034	0.00762756
11033	11034	0.00762756
6392	11035	0.00761888
11034	11035	0.00761888
11035	11036	0.00761396
4047	11036	0.00761396
11036	11037	0.00761229
2845	11037	0.00761229
994	11038	0.0076112
11037	11038	0.0076112
2333	11039	0.00761031
11038	11039	0.00761031
2770	11040	0.0076083
11039	11040	0.0076083
3706	11041	0.00760653
11040	11041	0.00760653
8933	11042	0.00760362
11041	11042	0.00760362
8566	11043	0.00757706
11042	11043	0.00757706
11043	11044	0.00755589
652	11044	0.00755589
11044	11045	0.00754737
10783	11045	0.00754737
11045	11046	0.00753784
4732	11046	0.00753784
11046	11047	0.00752736
898	11047	0.00752736
11047	11048	0.00752375
4949	11048	0.00752375
11048	11049	0.00752255
786	11049	0.00752255
6092	11049	0.00752255
11049	11050	0.00752173
1083	11050	0.00752173
5181	11051	0.00752064
11050	11051	0.00752064
11051	11052	0.00751891
2878	11052	0.00751891
2893	11053	0.00751686
6105	11053	0.00751686
742	11053	0.00751686
3272	11053	0.00751686
11052	11053	0.00751686
11053	11054	0.00751121
2946	11054	0.00751121
8994	11055	0.00750544
11054	11055	0.00750544
11055	11056	0.00750074
1767	11056	0.00750074
11056	11057	0.00749873
3923	11057	0.00749873
4155	11057	0.00749873
8952	11058	0.00748255
11057	11058	0.00748255
11058	11059	0.00747689
1174	11059	0.00747689
3867	11060	0.00746743
11059	11060	0.00746743
9112	11061	0.00746539
9139	11061	0.00746539
11060	11061	0.00746539
8808	11062	0.00746059
1915	11062	0.00746059
11061	11062	0.00746059
2172	11063	0.00744817
11062	11063	0.00744817
4850	11063	0.00744817
10993	11064	0.00767706
896	11064	0.00767706
11064	11065	0.00745297
5919	11065	0.00745297
4526	11066	0.00773052
1031	11066	0.00773052
11063	11067	0.0074443
126	11067	0.0074443
2748	11067	0.0074443
11067	11068	0.00742259
1514	11068	0.00742259
11068	11069	0.0074167
5593	11069	0.0074167
11069	11070	0.00741119
1693	11070	0.00741119
11070	11071	0.00740623
11065	11071	0.00740623
11066	11071	0.00740623
1012	11072	0.00740336
11071	11072	0.00740336
2670	11073	0.00739669
11072	11073	0.00739669
11073	11074	0.00738623
819	11074	0.00738623
5480	11075	0.00738437
11074	11075	0.00738437
11075	11076	0.00736808
2618	11076	0.00736808
11076	11077	0.00736327
920	11077	0.00736327
11077	11078	0.00735665
2188	11078	0.00735665
4625	11078	0.00735665
11078	11079	0.00735371
3773	11079	0.00735371
2724	11079	0.00735371
2619	11080	0.00734708
11079	11080	0.00734708
11080	11081	0.00734147
3860	11081	0.00734147
11081	11082	0.00733473
4540	11082	0.00733473
6243	11083	0.00733281
11082	11083	0.00733281
2424	11084	0.00733186
11083	11084	0.00733186
11084	11085	0.00732509
4639	11085	0.00732509
9109	11086	0.00730031
11085	11086	0.00730031
6266	11087	0.00729745
11086	11087	0.00729745
11087	11088	0.00729182
4385	11088	0.00729182
2715	11089	0.0072794
11088	11089	0.0072794
598	11090	0.00727565
11089	11090	0.00727565
11090	11091	0.00726414
1167	11091	0.00726414
4387	11092	0.00726034
11091	11092	0.00726034
5397	11093	0.00725641
11092	11093	0.00725641
6394	11094	0.00725179
11093	11094	0.00725179
3094	11095	0.00723932
11094	11095	0.00723932
1854	11096	0.00723654
11095	11096	0.00723654
1450	11097	0.00723458
11096	11097	0.00723458
5195	11098	0.0072277
11097	11098	0.0072277
11098	11099	0.00722501
8851	11099	0.00722501
3893	11100	0.00721734
11099	11100	0.00721734
2314	11101	0.0072097
11100	11101	0.0072097
2906	11102	0.00720317
11101	11102	0.00720317
11102	11103	0.00720216
5122	11103	0.00720216
3402	11104	0.00719071
11103	11104	0.00719071
11104	11105	0.00717827
3271	11105	0.00717827
11105	11106	0.0071621
867	11106	0.0071621
11106	11107	0.00714778
1762	11107	0.00714778
1039	11108	0.00714468
11107	11108	0.00714468
936	11109	0.00711355
11108	11109	0.00711355
8861	11110	0.00711155
11109	11110	0.00711155
11110	11111	0.00710021
2305	11111	0.00710021
1013	11112	0.00709809
11111	11112	0.00709809
11112	11113	0.00708499
10800	11113	0.00708499
11113	11114	0.00708
870	11114	0.00708
11114	11115	0.00707819
4662	11115	0.00707819
1383	11115	0.00707819
11115	11116	0.00707718
4369	11116	0.00707718
2973	11116	0.00707718
4787	11117	0.00707541
11116	11117	0.00707541
4378	11118	0.00707153
11117	11118	0.00707153
11118	11119	0.00706962
4939	11119	0.00706962
4458	11120	0.00706394
11119	11120	0.00706394
2392	11120	0.00706394
11120	11121	0.00705913
10994	11121	0.00705913
11121	11122	0.00705442
2975	11122	0.00705442
8963	11123	0.00705044
11122	11123	0.00705044
9058	11124	0.00806908
10788	11124	0.00806908
1294	11125	0.00753211
736	11125	0.00753211
1919	11126	0.00740623
11125	11126	0.00740623
11124	11127	0.0071792
11126	11127	0.0071792
5256	11128	0.00872315
3627	11128	0.00872315
5596	11129	0.00827212
11128	11129	0.00827212
1431	11130	0.00747689
2432	11130	0.00747689
3077	11131	0.00835301
809	11131	0.00835301
1563	11132	0.00765513
4798	11132	0.00765513
1674	11133	0.00718685
2126	11133	0.00718685
1711	11134	0.00712003
3859	11134	0.00712003
2348	11135	0.00783645
1987	11135	0.00783645
4803	11136	0.00713931
3515	11136	0.00713931
3823	11137	0.00698754
9108	11137	0.00698754
3758	11138	0.00704386
11123	11138	0.00704386
2721	11138	0.00704386
1899	11138	0.00704386
11138	11139	0.00704193
2793	11139	0.00704193
11139	11140	0.00703527
4590	11140	0.00703527
11140	11141	0.00702472
11135	11141	0.00702472
8521	11142	0.00702399
11141	11142	0.00702399
11142	11143	0.00701424
3446	11143	0.00701424
9133	11144	0.00701333
11143	11144	0.00701333
99	11144	0.00701333
11144	11145	0.00700939
891	11145	0.00700939
8928	11145	0.00700939
1802	11145	0.00700939
11127	11145	0.00700939
11129	11145	0.00700939
11134	11145	0.00700939
3423	11145	0.00700939
11145	11146	0.00700667
2359	11146	0.00700667
8691	11147	0.00700205
11146	11147	0.00700205
5832	11148	0.006999
11147	11148	0.006999
11148	11149	0.00699522
4175	11149	0.00699522
6357	11150	0.00698754
11149	11150	0.00698754
4292	11151	0.00698664
11150	11151	0.00698664
2630	11151	0.00698664
11151	11152	0.00698263
446	11152	0.00698263
3217	11153	0.00698094
11152	11153	0.00698094
10828	11154	0.00696377
11153	11154	0.00696377
11154	11155	0.00696279
2716	11155	0.00696279
2294	11156	0.00696087
11155	11156	0.00696087
3826	11157	0.00695412
11156	11157	0.00695412
4546	11158	0.00695242
11157	11158	0.00695242
3481	11159	0.00693882
11158	11159	0.00693882
4941	11160	0.00692455
11159	11160	0.00692455
11160	11161	0.00692174
1346	11161	0.00692174
11161	11162	0.00691698
11132	11162	0.00691698
1017	11163	0.00690085
11162	11163	0.00690085
11163	11164	0.00689133
897	11164	0.00689133
1670	11165	0.00688174
11164	11165	0.00688174
459	11165	0.00688174
2701	11166	0.00687886
11165	11166	0.00687886
11166	11167	0.00687699
1728	11167	0.00687699
5798	11168	0.00687315
11167	11168	0.00687315
4433	11169	0.00687209
515	11169	0.00687209
11168	11169	0.00687209
11169	11170	0.00685689
1546	11170	0.00685689
2038	11171	0.00683307
11170	11171	0.00683307
11171	11172	0.00682253
2810	11172	0.00682253
11172	11173	0.00681801
650	11173	0.00681801
5625	11174	0.00681397
11173	11174	0.00681397
5724	11175	0.00681221
11174	11175	0.00681221
11175	11176	0.00680447
3993	11176	0.00680447
2406	11177	0.00680065
11176	11177	0.00680065
11177	11178	0.00679021
11136	11178	0.00679021
138	11179	0.0067816
11178	11179	0.0067816
6447	11180	0.00677389
11179	11180	0.00677389
11180	11181	0.00677195
688	11181	0.00677195
11181	11182	0.00675871
1363	11182	0.00675871
2530	11183	0.00675682
11182	11183	0.00675682
11183	11184	0.00675106
3782	11184	0.00675106
11184	11185	0.00673393
3747	11185	0.00673393
11185	11186	0.0067254
2925	11186	0.0067254
3746	11187	0.00672243
11186	11187	0.00672243
11187	11188	0.00670336
5486	11188	0.00670336
11188	11189	0.00667854
5708	11189	0.00667854
9043	11190	0.00667479
11189	11190	0.00667479
11190	11191	0.00667292
11133	11191	0.00667292
11191	11192	0.00666828
1596	11192	0.00666828
11192	11193	0.00664234
3084	11193	0.00664234
8778	11194	0.00663757
2841	11194	0.00663757
11193	11194	0.00663757
9054	11195	0.00662517
11194	11195	0.00662517
21	11196	0.00661567
11195	11196	0.00661567
8522	11197	0.00661466
11196	11197	0.00661466
386	11197	0.00661466
10799	11197	0.00661466
11197	11198	0.00660435
1150	11198	0.00660435
11198	11199	0.00659869
104	11199	0.00659869
3083	11200	0.00658318
11199	11200	0.00658318
4806	11201	0.00656705
11200	11201	0.00656705
11201	11202	0.00656419
1565	11202	0.00656419
11202	11203	0.00654599
2293	11203	0.00654599
11203	11204	0.0065441
955	11204	0.0065441
2375	11205	0.00652988
11204	11205	0.00652988
1451	11206	0.00652503
11205	11206	0.00652503
4233	11207	0.00652226
11206	11207	0.00652226
11207	11208	0.00651266
4199	11208	0.00651266
251	11209	0.00650782
11208	11209	0.00650782
5391	11210	0.00650128
1128	11210	0.00650128
11209	11210	0.00650128
1615	11210	0.00650128
1858	11210	0.00650128
859	11211	0.00649451
11210	11211	0.00649451
11211	11212	0.00647634
1252	11212	0.00647634
11212	11213	0.00646405
1497	11213	0.00646405
2273	11213	0.00646405
11213	11214	0.00644767
117	11214	0.00644767
11214	11215	0.00643726
3969	11215	0.00643726
5778	11216	0.00642292
11215	11216	0.00642292
5799	11217	0.0064202
11216	11217	0.0064202
317	11218	0.00646405
2395	11218	0.00646405
4101	11219	0.00640111
11217	11219	0.00640111
11219	11220	0.0063878
3064	11220	0.0063878
3313	11221	0.00638665
11220	11221	0.00638665
1671	11222	0.00638397
11221	11222	0.00638397
11218	11222	0.00638397
6157	11223	0.00638295
11222	11223	0.00638295
593	11224	0.00638202
5602	11224	0.00638202
11223	11224	0.00638202
11224	11225	0.00637724
1062	11225	0.00637724
1705	11226	0.00636485
11225	11226	0.00636485
4436	11227	0.00635803
11226	11227	0.00635803
11227	11228	0.0063572
2059	11228	0.0063572
11131	11228	0.0063572
1937	11229	0.00634288
11228	11229	0.00634288
8999	11230	0.00634097
11229	11230	0.00634097
9118	11231	0.00633718
11230	11231	0.00633718
267	11231	0.00633718
11231	11232	0.0063363
4351	11232	0.0063363
1793	11233	0.00632372
11232	11233	0.00632372
11130	11234	0.0070477
3947	11234	0.0070477
11234	11235	0.00682353
258	11235	0.00682353
2772	11236	0.00700478
6210	11236	0.00700478
3178	11237	0.00689509
3215	11237	0.00689509
11233	11238	0.00631047
4220	11238	0.00631047
1665	11239	0.00630951
11238	11239	0.00630951
11137	11240	0.00630387
6069	11240	0.00630387
11239	11240	0.00630387
4857	11241	0.00628094
11240	11241	0.00628094
3025	11242	0.006279
11241	11242	0.006279
11242	11243	0.00626859
2675	11243	0.00626859
5111	11244	0.00626274
11243	11244	0.00626274
11244	11245	0.00624939
5177	11245	0.00624939
11245	11246	0.00624652
3302	11246	0.00624652
3869	11247	0.00624174
11246	11247	0.00624174
11247	11248	0.00624072
1279	11248	0.00624072
9125	11249	0.00623896
11248	11249	0.00623896
5539	11250	0.00622464
11249	11250	0.00622464
1832	11251	0.00621892
11250	11251	0.00621892
11251	11252	0.006217
11236	11252	0.006217
434	11253	0.00621507
11252	11253	0.00621507
4865	11254	0.00620555
11253	11254	0.00620555
5692	11254	0.00620555
11254	11255	0.00620079
4678	11255	0.00620079
5808	11256	0.00619883
11255	11256	0.00619883
11256	11257	0.00619696
3231	11257	0.00619696
2005	11258	0.00619029
11257	11258	0.00619029
11258	11259	0.00618839
1452	11259	0.00618839
6063	11260	0.00615594
11259	11260	0.00615594
134	11261	0.00615117
11260	11261	0.00615117
6181	11262	0.00614071
11261	11262	0.00614071
557	11263	0.00613871
11262	11263	0.00613871
11263	11264	0.00612146
1648	11264	0.00612146
5779	11265	0.00611885
11264	11265	0.00611885
9056	11266	0.00611412
11265	11266	0.00611412
11266	11267	0.0061063
315	11267	0.0061063
696	11268	0.00609972
11267	11268	0.00609972
5074	11269	0.00608452
4583	11269	0.00608452
11268	11269	0.00608452
5645	11270	0.00607968
11269	11270	0.00607968
11270	11271	0.00607489
4520	11271	0.00607489
11271	11272	0.006073
77	11272	0.006073
1129	11273	0.00605963
11272	11273	0.00605963
11273	11274	0.00605387
150	11274	0.00605387
11274	11275	0.00605201
5698	11275	0.00605201
11275	11276	0.00604628
4094	11276	0.00604628
3049	11276	0.00604628
11276	11277	0.00604153
927	11277	0.00604153
2857	11278	0.00603101
11277	11278	0.00603101
11278	11279	0.00602802
380	11279	0.00602802
11279	11280	0.00602625
4406	11280	0.00602625
1914	11281	0.00602168
11280	11281	0.00602168
3110	11281	0.00602168
1280	11281	0.00602168
11281	11282	0.0060196
6212	11282	0.0060196
11282	11283	0.00601305
4291	11283	0.00601305
11283	11284	0.00600513
3341	11284	0.00600513
11284	11285	0.00599285
8922	11285	0.00599285
1194	11286	0.00607004
6002	11286	0.00607004
6287	11287	0.0059786
11285	11287	0.0059786
11287	11288	0.00597194
1902	11288	0.00597194
11288	11289	0.00597097
6142	11289	0.00597097
8997	11290	0.00596331
11289	11290	0.00596331
9111	11291	0.0059509
2332	11291	0.0059509
11290	11291	0.0059509
2711	11292	0.00593958
11291	11292	0.00593958
888	11293	0.00591944
11292	11293	0.00591944
2782	11294	0.00591751
11293	11294	0.00591751
11294	11295	0.00591179
658	11295	0.00591179
3424	11296	0.00590989
11295	11296	0.00590989
10827	11297	0.00590135
11296	11297	0.00590135
11297	11298	0.00589839
1601	11298	0.00589839
8998	11299	0.00588412
11298	11299	0.00588412
9117	11300	0.00588128
9013	11300	0.00588128
954	11300	0.00588128
11299	11300	0.00588128
11300	11301	0.0058794
2542	11301	0.0058794
11301	11302	0.00586317
5671	11302	0.00586317
11302	11303	0.00586127
6222	11303	0.00586127
9126	11304	0.00585937
11303	11304	0.00585937
11304	11305	0.00585654
1255	11305	0.00585654
11305	11306	0.00585556
1302	11306	0.00585556
6205	11307	0.00585367
11306	11307	0.00585367
4327	11308	0.00584888
11307	11308	0.00584888
11308	11309	0.0058441
11235	11309	0.0058441
6268	11310	0.00593958
6275	11310	0.00593958
164	11311	0.00584316
11309	11311	0.00584316
5489	11312	0.00584032
11311	11312	0.00584032
1706	11313	0.00583377
11312	11313	0.00583377
1979	11314	0.00582125
11313	11314	0.00582125
11314	11315	0.00581642
11310	11315	0.00581642
11315	11316	0.00580602
216	11316	0.00580602
3126	11317	0.00580508
11316	11317	0.00580508
11317	11318	0.00579834
11286	11318	0.00579834
1720	11318	0.00579834
2998	11319	0.00579646
11318	11319	0.00579646
11	11320	0.00579074
11319	11320	0.00579074
803	11321	0.00578971
11320	11321	0.00578971
11321	11322	0.00578783
11237	11322	0.00578783
11322	11323	0.00577738
396	11323	0.00577738
11323	11324	0.00577633
5078	11324	0.00577633
1422	11325	0.00577259
11324	11325	0.00577259
9136	11326	0.00577169
11325	11326	0.00577169
3355	11327	0.00575825
11326	11327	0.00575825
11327	11328	0.00575155
1827	11328	0.00575155
2113	11329	0.00574684
11328	11329	0.00574684
11329	11330	0.00573437
6290	11330	0.00573437
8838	11331	0.0057287
11330	11331	0.0057287
11331	11332	0.00572674
1667	11332	0.00572674
11332	11333	0.00572298
918	11333	0.00572298
6316	11334	0.00607568
6278	11334	0.00607568
9116	11335	0.00570678
3731	11335	0.00570678
5405	11336	0.0051136
2239	11336	0.0051136
950	11337	0.00571729
11333	11337	0.00571729
2225	11337	0.00571729
3078	11338	0.00570774
11337	11338	0.00570774
5505	11339	0.00569058
11338	11339	0.00569058
4575	11340	0.00568678
11339	11340	0.00568678
11340	11341	0.00568477
4677	11341	0.00568477
11341	11342	0.00568106
2143	11342	0.00568106
8517	11343	0.00565714
11342	11343	0.00565714
11343	11344	0.00564473
1669	11344	0.00564473
20	11345	0.00563737
11344	11345	0.00563737
3940	11346	0.0056305
11345	11346	0.0056305
3163	11347	0.00562953
11346	11347	0.00562953
530	11348	0.00562098
11347	11348	0.00562098
8996	11349	0.00561618
11348	11349	0.00561618
11349	11350	0.00560674
2235	11350	0.00560674
2785	11350	0.00560674
2198	11351	0.00560282
11350	11351	0.00560282
11351	11352	0.00560095
924	11352	0.00560095
2078	11353	0.00559999
11352	11353	0.00559999
5308	11353	0.00559999
621	11354	0.00557999
11353	11354	0.00557999
3586	11355	0.00557802
11354	11355	0.00557802
27	11356	0.00557125
11355	11356	0.00557125
11356	11357	0.00556754
1957	11357	0.00556754
11357	11358	0.00556475
4495	11358	0.00556475
11358	11359	0.00556374
1276	11359	0.00556374
3169	11360	0.0055628
11359	11360	0.0055628
11360	11361	0.0055599
1534	11361	0.0055599
789	11362	0.00555897
463	11362	0.00555897
11361	11363	0.00555699
345	11363	0.00555699
1147	11364	0.00553707
11363	11364	0.00553707
3196	11365	0.00553232
11364	11365	0.00553232
5307	11366	0.00552369
11365	11366	0.00552369
11366	11367	0.00551796
11362	11367	0.00551796
11367	11368	0.00551414
6283	11368	0.00551414
11368	11369	0.00550645
4693	11369	0.00550645
4260	11370	0.00547693
11369	11370	0.00547693
2446	11371	0.00547216
11370	11371	0.00547216
1386	11372	0.00546262
11371	11372	0.00546262
11372	11373	0.00545694
3165	11373	0.00545694
6298	11373	0.00545694
3437	11374	0.00545324
11373	11374	0.00545324
11374	11375	0.00545224
2632	11375	0.00545224
11375	11376	0.00544737
1619	11376	0.00544737
9073	11377	0.0054464
11376	11377	0.0054464
2449	11378	0.00543876
11377	11378	0.00543876
3275	11379	0.00543702
5203	11379	0.00543702
11378	11379	0.00543702
4591	11380	0.00543309
11379	11380	0.00543309
4763	11381	0.00543118
11380	11381	0.00543118
2465	11382	0.00540915
11381	11382	0.00540915
5722	11382	0.00540915
5187	11382	0.00540915
4003	11383	0.00540731
11382	11383	0.00540731
10826	11384	0.00540162
11383	11384	0.00540162
778	11385	0.005394
11384	11385	0.005394
11385	11386	0.00539205
3577	11386	0.00539205
11386	11387	0.0053577
2420	11387	0.0053577
11387	11388	0.00535297
1179	11388	0.00535297
8950	11389	0.00534437
8969	11389	0.00534437
11388	11389	0.00534437
10819	11390	0.00534343
11389	11390	0.00534343
8870	11391	0.00533961
11390	11391	0.00533961
5572	11392	0.0053349
11391	11392	0.0053349
11392	11393	0.00531395
5315	11393	0.00531395
143	11394	0.00530147
11393	11394	0.00530147
11394	11395	0.0052948
3617	11395	0.0052948
11395	11396	0.00529384
5318	11396	0.00529384
5918	11397	0.00528349
11396	11397	0.00528349
3574	11398	0.00528255
11397	11398	0.00528255
2780	11399	0.00528054
11398	11399	0.00528054
10818	11400	0.0052767
11399	11400	0.0052767
602	11401	0.00527384
11400	11401	0.00527384
11401	11402	0.00525478
3576	11402	0.00525478
4852	11403	0.00525283
11402	11403	0.00525283
9067	11404	0.00525093
11403	11404	0.00525093
1402	11405	0.00524721
1098	11405	0.00524721
11404	11405	0.00524721
8876	11406	0.00524523
11405	11406	0.00524523
78	11407	0.00524426
11406	11407	0.00524426
11407	11408	0.00524315
5300	11408	0.00524315
4480	11409	0.00523852
11408	11409	0.00523852
4746	11410	0.0052357
11409	11410	0.0052357
11410	11411	0.00523458
3133	11411	0.00523458
137	11412	0.00523371
4045	11412	0.00523371
11411	11412	0.00523371
4665	11413	0.00521947
11412	11413	0.00521947
5434	11414	0.00521856
11413	11414	0.00521856
11414	11415	0.00521752
2496	11415	0.00521752
9052	11416	0.00521647
11415	11416	0.00521647
3896	11417	0.00519941
11416	11417	0.00519941
1222	11417	0.00519941
11417	11418	0.00519756
116	11418	0.00519756
537	11419	0.00519465
11418	11419	0.00519465
9064	11420	0.00518707
11419	11420	0.00518707
11420	11421	0.00518125
5599	11421	0.00518125
1801	11422	0.00516893
11421	11422	0.00516893
1568	11423	0.00516705
11422	11423	0.00516705
11423	11424	0.00516237
1977	11424	0.00516237
2298	11424	0.00516237
11334	11425	0.00539887
5636	11425	0.00539887
11424	11426	0.00515948
956	11426	0.00515948
9134	11427	0.00515569
11426	11427	0.00515569
4666	11428	0.00514607
11427	11428	0.00514607
2052	11428	0.00514607
3379	11429	0.00511932
11428	11429	0.00511932
2263	11430	0.00510213
11429	11430	0.00510213
3971	11431	0.00510114
5762	11431	0.00510114
2004	11431	0.00510114
6067	11431	0.00510114
11430	11431	0.00510114
10825	11432	0.00508403
11431	11432	0.00508403
1254	11433	0.00507833
11432	11433	0.00507833
11433	11434	0.0050707
2832	11434	0.0050707
5937	11435	0.00506784
11434	11435	0.00506784
5727	11436	0.00506306
11435	11436	0.00506306
11436	11437	0.0050621
2216	11437	0.0050621
11437	11438	0.00505918
3754	11438	0.00505918
11438	11439	0.00505541
3129	11439	0.00505541
2961	11440	0.00504688
11439	11440	0.00504688
11440	11441	0.00504491
2306	11441	0.00504491
11441	11442	0.00504399
5103	11442	0.00504399
4367	11443	0.00502494
11442	11443	0.00502494
5112	11444	0.00502023
11443	11444	0.00502023
11444	11445	0.0050143
2119	11445	0.0050143
6108	11446	0.00501249
11445	11446	0.00501249
11446	11447	0.00500778
6047	11447	0.00500778
11447	11448	0.00500488
1232	11448	0.00500488
11448	11449	0.00499251
3784	11449	0.00499251
1897	11450	0.00499154
11449	11450	0.00499154
11450	11451	0.00498395
5938	11451	0.00498395
10822	11452	0.00498192
11451	11452	0.00498192
11452	11453	0.00497248
5288	11453	0.00497248
11453	11454	0.00497142
5475	11454	0.00497142
4683	11455	0.00495348
11454	11455	0.00495348
11455	11456	0.00493715
989	11456	0.00493715
2144	11457	0.00493238
11456	11457	0.00493238
4005	11458	0.00492472
11457	11458	0.00492472
5471	11459	0.00491432
11458	11459	0.00491432
5807	11460	0.00490379
11459	11460	0.00490379
2307	11461	0.00490282
5239	11461	0.00490282
11460	11461	0.00490282
11461	11462	0.00489044
2349	11462	0.00489044
11462	11463	0.00488948
91	11463	0.00488948
4020	11464	0.00488564
11463	11464	0.00488564
11464	11465	0.00488479
402	11465	0.00488479
11465	11466	0.00487516
3249	11466	0.00487516
109	11467	0.00486091
11466	11467	0.00486091
4144	11468	0.00484566
11467	11468	0.00484566
11468	11469	0.00483887
161	11469	0.00483887
4761	11470	0.00483036
11469	11470	0.00483036
2706	11471	0.00481982
11470	11471	0.00481982
1903	11472	0.00481791
11471	11472	0.00481791
10821	11473	0.00481697
11472	11473	0.00481697
8908	11474	0.0048151
11473	11474	0.0048151
5095	11475	0.0048132
11474	11475	0.0048132
11475	11476	0.00480939
6301	11476	0.00480939
11476	11477	0.00480844
3193	11477	0.00480844
11477	11478	0.00477995
2351	11478	0.00477995
11478	11479	0.00477323
1995	11479	0.00477323
1033	11480	0.0047655
11479	11480	0.0047655
3494	11481	0.00472642
4921	11481	0.00472642
11480	11481	0.00472642
11481	11482	0.00472164
6237	11482	0.00472164
1265	11483	0.00471401
11482	11483	0.00471401
2736	11484	0.00471299
11483	11484	0.00471299
11484	11485	0.0047102
5603	11485	0.0047102
1653	11485	0.0047102
11485	11486	0.0047083
646	11486	0.0047083
5917	11487	0.0047035
11486	11487	0.0047035
11487	11488	0.00466632
1303	11488	0.00466632
5253	11489	0.00465968
11488	11489	0.00465968
11489	11490	0.00465775
1211	11490	0.00465775
3765	11491	0.00465369
11490	11491	0.00465369
5260	11492	0.00463486
11491	11492	0.00463486
11492	11493	0.00462727
11425	11493	0.00462727
381	11494	0.0046225
11493	11494	0.0046225
6044	11495	0.00464914
2130	11495	0.00464914
6297	11496	0.00467309
6258	11496	0.00467309
11496	11497	0.00462817
6293	11497	0.00462817
11494	11498	0.00461959
2010	11498	0.00461959
5246	11499	0.00461857
11498	11499	0.00461857
2858	11500	0.00461485
11499	11500	0.00461485
11500	11501	0.00460911
2669	11501	0.00460911
5266	11502	0.00460816
11501	11502	0.00460816
11502	11503	0.00460144
4983	11503	0.00460144
1281	11504	0.00460061
11503	11504	0.00460061
4990	11505	0.00459862
11504	11505	0.00459862
1024	11506	0.00458618
11505	11506	0.00458618
5675	11507	0.00457864
11506	11507	0.00457864
11507	11508	0.0045729
4637	11508	0.0045729
1164	11509	0.00455764
2774	11509	0.00455764
11508	11509	0.00455764
4790	11510	0.00454903
11509	11510	0.00454903
2577	11511	0.0045395
11510	11511	0.0045395
3242	11512	0.00452988
11511	11512	0.00452988
83	11513	0.00452037
11512	11513	0.00452037
3415	11513	0.00452037
4929	11513	0.00452037
11513	11514	0.00450705
5247	11514	0.00450705
4756	11515	0.00449858
11514	11515	0.00449858
2602	11516	0.00449751
11515	11516	0.00449751
3158	11517	0.00449653
11516	11517	0.00449653
11517	11518	0.00449371
2884	11518	0.00449371
1498	11518	0.00449371
10823	11519	0.00448894
11518	11519	0.00448894
5809	11520	0.00448326
11519	11520	0.00448326
11336	11521	0.00448226
11520	11521	0.00448226
2068	11522	0.00447654
11521	11522	0.00447654
11522	11523	0.0044756
3428	11523	0.0044756
11523	11524	0.00447083
236	11524	0.00447083
1142	11525	0.00445845
11524	11525	0.00445845
11525	11526	0.00445752
970	11526	0.00445752
4582	11527	0.00445169
11526	11527	0.00445169
11527	11528	0.00444599
2492	11528	0.00444599
11528	11529	0.00444227
6271	11529	0.00444227
8970	11530	0.00443838
11529	11530	0.00443838
11530	11531	0.00443461
3926	11531	0.00443461
2892	11532	0.00442316
11531	11532	0.00442316
1011	11533	0.00441837
11532	11533	0.00441837
11533	11534	0.00441542
620	11534	0.00441542
10791	11535	0.00440694
11534	11535	0.00440694
6186	11536	0.00440503
11535	11536	0.00440503
5567	11537	0.00439168
5613	11537	0.00439168
11536	11537	0.00439168
11537	11538	0.00437546
824	11538	0.00437546
6305	11539	0.00437165
11538	11539	0.00437165
5726	11540	0.00436879
4210	11540	0.00436879
11539	11540	0.00436879
4555	11541	0.00435738
11540	11541	0.00435738
6191	11542	0.00435161
11541	11542	0.00435161
4629	11543	0.00435066
11542	11543	0.00435066
261	11544	0.00433541
11543	11544	0.00433541
760	11545	0.00433352
11544	11545	0.00433352
5689	11546	0.00432962
11545	11546	0.00432962
2883	11547	0.00432492
11546	11547	0.00432492
280	11548	0.00431729
11547	11548	0.00431729
1853	11549	0.00431538
2276	11549	0.00431538
2287	11549	0.00431538
2301	11549	0.00431538
2360	11549	0.00431538
3104	11549	0.00431538
3153	11549	0.00431538
3202	11549	0.00431538
3729	11549	0.00431538
3766	11549	0.00431538
4254	11549	0.00431538
4619	11549	0.00431538
4684	11549	0.00431538
4840	11549	0.00431538
4869	11549	0.00431538
4951	11549	0.00431538
4954	11549	0.00431538
4968	11549	0.00431538
4980	11549	0.00431538
5017	11549	0.00431538
5117	11549	0.00431538
5206	11549	0.00431538
5290	11549	0.00431538
5326	11549	0.00431538
5351	11549	0.00431538
5365	11549	0.00431538
5393	11549	0.00431538
5468	11549	0.00431538
5478	11549	0.00431538
5535	11549	0.00431538
5549	11549	0.00431538
5561	11549	0.00431538
5566	11549	0.00431538
5598	11549	0.00431538
5610	11549	0.00431538
5611	11549	0.00431538
5616	11549	0.00431538
5617	11549	0.00431538
5635	11549	0.00431538
5680	11549	0.00431538
5701	11549	0.00431538
5710	11549	0.00431538
5714	11549	0.00431538
5717	11549	0.00431538
5839	11549	0.00431538
5843	11549	0.00431538
5972	11549	0.00431538
5974	11549	0.00431538
6059	11549	0.00431538
6150	11549	0.00431538
6187	11549	0.00431538
6192	11549	0.00431538
6197	11549	0.00431538
11548	11549	0.00431538
211	11550	0.00430587
11549	11550	0.00430587
4930	11551	0.00430199
11550	11551	0.00430199
4608	11552	0.00425826
11551	11552	0.00425826
9077	11553	0.00425051
11552	11553	0.00425051
2609	11554	0.00424668
2279	11554	0.00424668
11553	11554	0.00424668
3623	11555	0.00424476
11554	11555	0.00424476
8967	11556	0.00424389
11555	11556	0.00424389
4112	11557	0.00424006
11556	11557	0.00424006
4772	11558	0.00423813
11557	11558	0.00423813
4509	11559	0.00423052
11558	11559	0.00423052
6026	11560	0.00422664
11559	11560	0.00422664
11560	11561	0.00421241
1177	11561	0.00421241
11561	11562	0.00421141
6284	11562	0.00421141
6155	11563	0.00421049
11562	11563	0.00421049
8727	11564	0.0042057
11563	11564	0.0042057
11564	11565	0.00420094
1792	11565	0.00420094
11497	11566	0.00436209
3629	11566	0.00436209
594	11567	0.0041809
11565	11567	0.0041809
3035	11568	0.0041762
11567	11568	0.0041762
244	11569	0.00417139
11568	11569	0.00417139
11569	11570	0.00416944
5138	11570	0.00416944
5959	11571	0.00416853
11570	11571	0.00416853
11495	11571	0.00416853
3468	11572	0.0041628
11571	11572	0.0041628
11572	11573	0.00413799
36	11573	0.00413799
3487	11574	0.00413132
11573	11574	0.00413132
11574	11575	0.00411415
11566	11575	0.00411415
9066	11576	0.00410462
11575	11576	0.00410462
4694	11577	0.00410279
11576	11577	0.00410279
5037	11578	0.00409032
11577	11578	0.00409032
6362	11579	0.00408165
11578	11579	0.00408165
3190	11580	0.00405975
11579	11580	0.00405975
10816	11581	0.00405215
11580	11581	0.00405215
373	11582	0.00405121
11581	11582	0.00405121
11582	11583	0.00404549
6230	11583	0.00404549
11583	11584	0.00404455
663	11584	0.00404455
4811	11585	0.00403596
11584	11585	0.00403596
8821	11586	0.00403499
11585	11586	0.00403499
3995	11587	0.00403027
11586	11587	0.00403027
781	11588	0.00402834
11587	11588	0.00402834
5193	11589	0.00402259
5764	11589	0.00402259
700	11589	0.00402259
11588	11589	0.00402259
5026	11589	0.00402259
5874	11590	0.00400353
11589	11590	0.00400353
6315	11591	0.00400161
11590	11591	0.00400161
4524	11592	0.00399693
11591	11592	0.00399693
11592	11593	0.00398443
1492	11593	0.00398443
6037	11594	0.00397968
11593	11594	0.00397968
11335	11595	0.0039787
11594	11595	0.0039787
8785	11596	0.00397683
11595	11596	0.00397683
11596	11597	0.00397202
2764	11597	0.00397202
3548	11598	0.00396154
11597	11598	0.00396154
3918	11599	0.00395489
11598	11599	0.00395489
5278	11600	0.00395299
5864	11600	0.00395299
5966	11600	0.00395299
11599	11600	0.00395299
4682	11601	0.00395199
11600	11601	0.00395199
11601	11602	0.00394911
2387	11602	0.00394911
11602	11603	0.00394533
5044	11603	0.00394533
5390	11604	0.00394152
11603	11604	0.00394152
6246	11605	0.00393771
11604	11605	0.00393771
11605	11606	0.00393674
1314	11606	0.00393674
160	11607	0.00392441
11606	11607	0.00392441
1490	11608	0.00391481
11607	11608	0.00391481
2621	11609	0.00390623
4538	11609	0.00390623
6440	11609	0.00390623
11608	11609	0.00390623
9050	11610	0.0038681
11609	11610	0.0038681
5960	11611	0.00386238
11610	11611	0.00386238
3448	11612	0.00384523
11611	11612	0.00384523
11612	11613	0.00382144
2167	11613	0.00382144
5333	11614	0.00381851
11613	11614	0.00381851
1241	11615	0.00381476
11614	11615	0.00381476
4697	11615	0.00381476
2341	11616	0.00379754
11615	11616	0.00379754
10820	11617	0.00379563
11616	11617	0.00379563
11617	11618	0.00378797
1207	11618	0.00378797
11618	11619	0.00378607
6276	11619	0.00378607
3087	11620	0.00376035
11619	11620	0.00376035
3932	11621	0.00375844
11620	11621	0.00375844
6163	11622	0.00412373
556	11622	0.00412373
10786	11623	0.00459097
4523	11623	0.00459097
11623	11624	0.00378225
1369	11624	0.00378225
5090	11625	0.00228977
6214	11625	0.00228977
5881	11626	0.00169563
63	11626	0.00169563
3966	11627	0.00323297
5036	11627	0.00323297
5285	11628	0.00144959
8966	11628	0.00144959
4953	11629	0.00278569
1900	11629	0.00278569
4165	11630	0.0029316
4984	11630	0.0029316
3167	11631	0.00314807
604	11631	0.00314807
3689	11632	0.00348473
250	11632	0.00348473
1165	11633	0.00221443
5875	11633	0.00221443
397	11634	0.00267602
1141	11634	0.00267602
1097	11635	0.00337122
4860	11635	0.00337122
2833	11636	0.00294114
470	11636	0.00294114
6325	11637	0.00346279
2657	11637	0.00346279
11621	11638	0.00374413
1375	11638	0.00374413
808	11639	0.00372789
11638	11639	0.00372789
3575	11640	0.003726
11639	11640	0.003726
794	11641	0.00372217
11640	11641	0.00372217
11641	11642	0.00371076
5301	11642	0.00371076
11624	11642	0.00371076
933	11642	0.00371076
1078	11642	0.00371076
4672	11642	0.00371076
11642	11643	0.00369738
2870	11643	0.00369738
6383	11644	0.00368785
11643	11644	0.00368785
3290	11645	0.00368213
11644	11645	0.00368213
1916	11646	0.0036745
11645	11646	0.0036745
4065	11647	0.00367354
11646	11647	0.00367354
2023	11647	0.00367354
11647	11648	0.00367262
2394	11648	0.00367262
826	11649	0.00366982
11648	11649	0.00366982
4505	11650	0.00366873
11649	11650	0.00366873
11650	11651	0.00366022
960	11651	0.00366022
6374	11652	0.00365932
11651	11652	0.00365932
878	11653	0.00365638
11652	11653	0.00365638
11653	11654	0.00365447
2462	11654	0.00365447
2829	11655	0.00365065
11654	11655	0.00365065
1668	11656	0.00364876
11655	11656	0.00364876
455	11657	0.00364301
11656	11657	0.00364301
11657	11658	0.0036412
5604	11658	0.0036412
9110	11659	0.00362014
11658	11659	0.00362014
11659	11660	0.00361729
1441	11660	0.00361729
5583	11660	0.00361729
8743	11661	0.00361442
11660	11661	0.00361442
8981	11662	0.00361348
11661	11662	0.00361348
8980	11663	0.00360014
11662	11663	0.00360014
11663	11664	0.00359919
4171	11664	0.00359919
3730	11665	0.00359822
11664	11665	0.00359822
838	11666	0.00359626
11665	11666	0.00359626
6096	11667	0.00359253
11666	11667	0.00359253
11667	11668	0.00357818
5606	11668	0.00357818
10807	11669	0.00357533
11668	11669	0.00357533
1119	11670	0.00356195
11669	11670	0.00356195
11670	11671	0.00355146
4079	11671	0.00355146
11671	11672	0.00353527
5043	11672	0.00353527
10811	11673	0.00353339
11672	11673	0.00353339
3017	11674	0.0035248
11673	11674	0.0035248
5435	11675	0.00350952
11674	11675	0.00350952
505	11676	0.00350094
3306	11676	0.00350094
3694	11676	0.00350094
11675	11676	0.00350094
9103	11677	0.00348188
11676	11677	0.00348188
11677	11678	0.00347516
3053	11678	0.00347516
9096	11679	0.00347231
11678	11679	0.00347231
11679	11680	0.0034713
5377	11680	0.0034713
4965	11681	0.00346755
11680	11681	0.00346755
8927	11682	0.00345706
11681	11682	0.00345706
11682	11683	0.00345615
425	11683	0.00345615
3796	11684	0.0034399
11683	11684	0.0034399
2220	11685	0.00342182
11684	11685	0.00342182
3090	11686	0.00342082
11685	11686	0.00342082
2108	11687	0.00341415
8953	11687	0.00341415
11686	11687	0.00341415
11687	11688	0.00341034
2822	11688	0.00341034
4104	11689	0.00337033
11688	11689	0.00337033
2246	11690	0.00336835
2550	11690	0.00336835
11689	11690	0.00336835
6337	11691	0.00336265
11690	11691	0.00336265
11691	11692	0.00335595
4569	11692	0.00335595
1373	11693	0.00335312
11692	11693	0.00335312
1469	11694	0.00334453
11693	11694	0.00334453
5677	11695	0.00328735
11694	11695	0.00328735
10815	11696	0.00326635
2352	11696	0.00326635
4398	11697	0.00325395
11695	11697	0.00325395
2606	11698	0.00325297
11697	11698	0.00325297
5763	11699	0.00325108
11698	11699	0.00325108
11699	11700	0.00325013
1622	11700	0.00325013
11700	11701	0.00323869
5672	11701	0.00323869
11701	11702	0.00323678
2676	11702	0.00323678
4115	11703	0.00323105
2614	11703	0.00323105
11702	11703	0.00323105
9095	11704	0.00322723
11703	11704	0.00322723
2808	11705	0.00321576
11704	11705	0.00321576
2244	11706	0.00320051
11705	11706	0.00320051
10804	11707	0.00318624
11706	11707	0.00318624
3556	11708	0.00318336
11707	11708	0.00318336
1319	11709	0.00315857
11708	11709	0.00315857
3137	11710	0.00315574
11709	11710	0.00315574
720	11710	0.00315574
10781	11711	0.00313854
11710	11711	0.00313854
5191	11712	0.00313187
11711	11712	0.00313187
11712	11713	0.00309086
11622	11713	0.00309086
5059	11714	0.00308037
11713	11714	0.00308037
8879	11715	0.00307178
11714	11715	0.00307178
8596	11716	0.00306892
11715	11716	0.00306892
11696	11717	0.00306703
11716	11717	0.00306703
5372	11718	0.00306226
11717	11718	0.00306226
6138	11719	0.00304508
11718	11719	0.00304508
3519	11720	0.00304412
11719	11720	0.00304412
1395	11721	0.00302982
11720	11721	0.00302982
8926	11722	0.00302792
11721	11722	0.00302792
5661	11723	0.00300882
11722	11723	0.00300882
9128	11724	0.00300598
11723	11724	0.00300598
10805	11725	0.00297356
11724	11725	0.00297356
5214	11726	0.00297069
11725	11726	0.00297069
4113	11727	0.00294971
11726	11727	0.00294971
5957	11728	0.00294684
11727	11728	0.00294684
1181	11729	0.00294306
3051	11729	0.00294306
11728	11729	0.00294306
2444	11730	0.00294207
11729	11730	0.00294207
3696	11731	0.00293921
11730	11731	0.00293921
2141	11732	0.00293633
2445	11732	0.00293633
11731	11732	0.00293633
4154	11733	0.00293257
11732	11733	0.00293257
630	11734	0.00292967
11733	11734	0.00292967
11637	11735	0.00292873
11734	11735	0.00292873
2194	11736	0.00292493
9124	11736	0.00292493
11735	11736	0.00292493
5293	11737	0.00292302
11736	11737	0.00292302
1656	11738	0.00291634
11737	11738	0.00291634
600	11739	0.00290775
11738	11739	0.00290775
5144	11740	0.00290489
11739	11740	0.00290489
2514	11741	0.00290204
11740	11741	0.00290204
1643	11742	0.00289536
11741	11742	0.00289536
3026	11743	0.00288297
11742	11743	0.00288297
3471	11744	0.0028782
11743	11744	0.0028782
3238	11745	0.00287533
11744	11745	0.00287533
1347	11746	0.00287246
11745	11746	0.00287246
9082	11747	0.00287153
11746	11747	0.00287153
2572	11748	0.0028439
11747	11748	0.0028439
4743	11749	0.00284002
11748	11749	0.00284002
5735	11750	0.00283718
11749	11750	0.00283718
868	11751	0.00283242
11750	11751	0.00283242
6219	11752	0.00282763
11751	11752	0.00282763
3079	11753	0.00282291
11752	11753	0.00282291
2970	11754	0.0028124
11753	11754	0.0028124
2936	11755	0.00280953
11754	11755	0.00280953
4071	11756	0.00280381
11755	11756	0.00280381
4310	11757	0.00280097
11756	11757	0.00280097
11757	11758	0.0027885
4302	11758	0.0027885
3722	11759	0.00278089
11758	11759	0.00278089
791	11760	0.00277901
11759	11760	0.00277901
3905	11761	0.00277615
11760	11761	0.00277615
11761	11762	0.0027752
3954	11762	0.0027752
10813	11763	0.0027733
11762	11763	0.0027733
4309	11764	0.00276372
11763	11764	0.00276372
4141	11765	0.00275326
11764	11765	0.00275326
5445	11766	0.00275231
11765	11766	0.00275231
3534	11767	0.00274849
11766	11767	0.00274849
2377	11768	0.00274373
11767	11768	0.00274373
2779	11769	0.00273895
11768	11769	0.00273895
11635	11770	0.0027256
11769	11770	0.0027256
3043	11771	0.00271605
11770	11771	0.00271605
2603	11772	0.0027151
11771	11772	0.0027151
3695	11773	0.00270748
11772	11773	0.00270748
1982	11774	0.00269985
11773	11774	0.00269985
1242	11775	0.00269701
11774	11775	0.00269701
2939	11775	0.00269701
1735	11776	0.00267792
3970	11776	0.00267792
5236	11776	0.00267792
11775	11776	0.00267792
10812	11777	0.00267698
11776	11777	0.00267698
2612	11778	0.00266646
11777	11778	0.00266646
4058	11779	0.00266171
11778	11779	0.00266171
2934	11779	0.00266171
3688	11780	0.00265789
11779	11780	0.00265789
656	11781	0.00264073
11780	11781	0.00264073
9086	11782	0.00263882
11781	11782	0.00263882
10802	11783	0.00263499
2953	11783	0.00263499
11782	11783	0.00263499
3915	11784	0.00263309
11783	11784	0.00263309
5896	11785	0.00263116
11784	11785	0.00263116
8955	11786	0.00262643
11785	11786	0.00262643
2248	11787	0.00261688
11786	11787	0.00261688
4354	11788	0.00258732
11787	11788	0.00258732
2789	11789	0.00258254
11788	11789	0.00258254
1443	11790	0.00257588
11789	11790	0.00257588
4169	11791	0.0025711
11790	11791	0.0025711
1474	11792	0.00256444
11791	11792	0.00256444
5302	11793	0.00256251
11792	11793	0.00256251
1618	11794	0.00256155
11793	11794	0.00256155
2185	11795	0.00255968
11794	11795	0.00255968
47	11796	0.00255776
11795	11796	0.00255776
1327	11797	0.00255013
5001	11797	0.00255013
11796	11797	0.00255013
5796	11798	0.00253393
11797	11798	0.00253393
5757	11799	0.00252915
2623	11799	0.00252915
11798	11799	0.00252915
11799	11800	0.00252151
3705	11800	0.00252151
8767	11801	0.00250527
11800	11801	0.00250527
11801	11802	0.00248528
2151	11802	0.00248528
4874	11803	0.00247573
11802	11803	0.00247573
6233	11804	0.00247097
11803	11804	0.00247097
9055	11805	0.00246619
11804	11805	0.00246619
6106	11806	0.00245953
11805	11806	0.00245953
2949	11807	0.00244519
11806	11807	0.00244519
11807	11808	0.00244141
3336	11808	0.00244141
11808	11809	0.0024338
3399	11809	0.0024338
11636	11810	0.00242804
11809	11810	0.00242804
1058	11811	0.0024233
11810	11811	0.0024233
4911	11812	0.00240993
11811	11812	0.00240993
6095	11813	0.00240897
11812	11813	0.00240897
4864	11814	0.00239944
11813	11814	0.00239944
2439	11815	0.00239275
11814	11815	0.00239275
5042	11816	0.00237846
11815	11816	0.00237846
6300	11817	0.002367
11816	11817	0.002367
6082	11818	0.0023661
2567	11818	0.0023661
11817	11818	0.0023661
11818	11819	0.0023632
8842	11819	0.0023632
10809	11820	0.00235751
11819	11820	0.00235751
3984	11821	0.00235558
5536	11821	0.00235558
5580	11821	0.00235558
11820	11821	0.00235558
4068	11822	0.00235366
11821	11822	0.00235366
4383	11823	0.00235081
11822	11823	0.00235081
3904	11824	0.00234222
11823	11824	0.00234222
1168	11825	0.00231363
11824	11825	0.00231363
3384	11826	0.0022993
11825	11826	0.0022993
6134	11827	0.00229455
11826	11827	0.00229455
4969	11828	0.00229072
11827	11828	0.00229072
11828	11829	0.00228405
4628	11829	0.00228405
5654	11830	0.00228023
11829	11830	0.00228023
11830	11831	0.00226974
4938	11831	0.00226974
3759	11832	0.00226497
11831	11832	0.00226497
6254	11833	0.00226018
11832	11833	0.00226018
11833	11834	0.00224304
3877	11834	0.00224304
5192	11835	0.00224113
11834	11835	0.00224113
3208	11836	0.00223921
11835	11836	0.00223921
3960	11837	0.00223732
11836	11837	0.00223732
4504	11838	0.00223636
11837	11838	0.00223636
5251	11839	0.0022354
11838	11839	0.0022354
9131	11840	0.00222495
11839	11840	0.00222495
1329	11841	0.0022192
11840	11841	0.0022192
4184	11842	0.00221537
11841	11842	0.00221537
1365	11843	0.00220873
11842	11843	0.00220873
3980	11844	0.00205897
2042	11844	0.00205897
3329	11845	0.00195217
3887	11845	0.00195217
11633	11846	0.00205803
5349	11846	0.00205803
9102	11847	0.00220204
11843	11847	0.00220204
11632	11848	0.00218106
11847	11848	0.00218106
5978	11849	0.00217151
4259	11849	0.00217151
11848	11849	0.00217151
1555	11850	0.00216104
11849	11850	0.00216104
1015	11851	0.00216007
11850	11851	0.00216007
1843	11852	0.00212288
11851	11852	0.00212288
4986	11853	0.00212003
11852	11853	0.00212003
2379	11854	0.00211525
11853	11854	0.00211525
799	11855	0.00210858
11854	11855	0.00210858
5305	11856	0.00210285
11855	11856	0.00210285
5927	11857	0.00210094
11856	11857	0.00210094
11857	11858	0.00209044
9076	11858	0.00209044
2704	11859	0.00207901
11858	11859	0.00207901
2930	11860	0.00207233
11859	11860	0.00207233
10814	11861	0.0020504
11860	11861	0.0020504
5204	11862	0.00204469
11861	11862	0.00204469
6093	11863	0.002038
2014	11863	0.002038
11862	11863	0.002038
2729	11864	0.00203514
11863	11864	0.00203514
661	11865	0.00203419
11864	11865	0.00203419
4758	11866	0.00202847
11865	11866	0.00202847
591	11867	0.00202751
13	11867	0.00202751
11866	11867	0.00202751
987	11868	0.00200939
11867	11868	0.00200939
4247	11869	0.00200843
11868	11869	0.00200843
4135	11870	0.00200746
11869	11870	0.00200746
11631	11871	0.00200653
4716	11871	0.00200653
11870	11871	0.00200653
4237	11872	0.00200177
4102	11872	0.00200177
11871	11872	0.00200177
4158	11873	0.00199985
11872	11873	0.00199985
2576	11874	0.00198746
11873	11874	0.00198746
6162	11875	0.0019865
11874	11875	0.0019865
53	11876	0.00197791
11875	11876	0.00197791
5546	11877	0.00197411
11876	11877	0.00197411
3558	11878	0.00196076
11877	11878	0.00196076
2160	11879	0.00195885
11878	11879	0.00195885
4444	11880	0.00194835
11879	11880	0.00194835
2491	11881	0.00194741
11880	11881	0.00194741
11881	11882	0.00194645
2355	11882	0.00194645
5595	11883	0.00187683
1229	11883	0.00187683
100	11884	0.00194358
11882	11884	0.00194358
2950	11884	0.00194358
4974	11885	0.00193119
11884	11885	0.00193119
11846	11886	0.00193024
1427	11886	0.00193024
11885	11886	0.00193024
11886	11887	0.00192737
132	11887	0.00192737
326	11888	0.0019207
11887	11888	0.0019207
6228	11889	0.00190829
11888	11889	0.00190829
2658	11890	0.00190733
11889	11890	0.00190733
6319	11891	0.00190354
11890	11891	0.00190354
979	11892	0.0018921
11891	11892	0.0018921
5289	11893	0.00188541
11892	11893	0.00188541
3411	11894	0.00187396
11893	11894	0.00187396
11894	11895	0.00186539
2653	11895	0.00186539
5381	11896	0.00185872
11895	11896	0.00185872
4340	11897	0.00184822
11896	11897	0.00184822
5858	11898	0.00183869
11897	11898	0.00183869
5895	11899	0.00183772
11898	11899	0.00183772
10803	11900	0.00183582
11899	11900	0.00183582
5368	11901	0.00183391
11900	11901	0.00183391
4481	11902	0.0018282
11901	11902	0.0018282
11902	11903	0.00182628
5515	11903	0.00182628
1189	11904	0.00182343
11903	11904	0.00182343
5364	11905	0.00181676
11904	11905	0.00181676
8990	11906	0.00180149
11905	11906	0.00180149
1833	11907	0.001791
11906	11907	0.001791
2171	11908	0.00177574
5464	11908	0.00177574
11907	11908	0.00177574
11883	11909	0.00177478
11908	11909	0.00177478
85	11910	0.00177001
3353	11910	0.00177001
5996	11910	0.00177001
11909	11910	0.00177001
4928	11911	0.00176429
11910	11911	0.00176429
5748	11912	0.00173665
2133	11912	0.00173665
11911	11912	0.00173665
385	11913	0.00173473
11912	11913	0.00173473
1756	11914	0.00173187
11913	11914	0.00173187
5327	11915	0.00172329
11914	11915	0.00172329
4828	11916	0.00171947
11915	11916	0.00171947
9074	11917	0.00171851
11916	11917	0.00171851
2357	11918	0.00170897
11917	11918	0.00170897
3827	11919	0.00170613
11918	11919	0.00170613
11919	11920	0.00169945
3301	11920	0.00169945
2921	11920	0.00169945
9078	11921	0.00169753
11920	11921	0.00169753
1003	11922	0.00169658
11921	11922	0.00169658
4320	11923	0.00168515
11922	11923	0.00168515
4128	11924	0.00168133
11923	11924	0.00168133
4833	11925	0.00167847
11924	11925	0.00167847
2322	11926	0.00167467
2945	11926	0.00167467
11925	11926	0.00167467
4945	11927	0.00167179
11926	11927	0.00167179
4923	11928	0.00166607
11927	11928	0.00166607
11928	11929	0.00165844
4318	11929	0.00165844
2876	11930	0.00165272
11929	11930	0.00165272
3691	11931	0.00163936
11930	11931	0.00163936
6255	11932	0.00163555
11931	11932	0.00163555
709	11933	0.00162697
11932	11933	0.00162697
3816	11934	0.00160693
11933	11934	0.00160693
312	11935	0.00156213
11934	11935	0.00156213
5650	11936	0.00155926
11935	11936	0.00155926
2872	11937	0.0015564
11936	11937	0.0015564
5563	11938	0.00154877
11937	11938	0.00154877
11629	11939	0.0015421
11938	11939	0.0015421
11630	11940	0.00154018
11939	11940	0.00154018
4118	11941	0.00152111
11940	11941	0.00152111
4612	11942	0.0015192
11941	11942	0.0015192
6083	11943	0.00151062
11942	11943	0.00151062
8623	11944	0.00150393
11943	11944	0.00150393
5885	11945	0.00147914
11944	11945	0.00147914
2700	11946	0.00145912
11945	11946	0.00145912
1273	11947	0.00145244
11946	11947	0.00145244
11845	11948	0.00145149
11947	11948	0.00145149
9017	11949	0.00143815
11948	11949	0.00143815
2549	11950	0.00143337
11949	11950	0.00143337
1911	11951	0.00142002
11950	11951	0.00142002
11634	11952	0.00141715
11951	11952	0.00141715
8909	11953	0.00141334
11952	11953	0.00141334
5771	11954	0.00140667
11953	11954	0.00140667
11844	11955	0.00140286
11954	11955	0.00140286
5033	11956	0.00139808
11955	11956	0.00139808
4908	11957	0.00138282
11956	11957	0.00138282
2778	11958	0.00137234
4978	11958	0.00137234
11957	11958	0.00137234
681	11959	0.00136852
11958	11959	0.00136852
8656	11960	0.00135612
11959	11960	0.00135612
8863	11961	0.00135232
11960	11961	0.00135232
3381	11962	0.0013504
11961	11962	0.0013504
60	11963	0.00134945
11962	11963	0.00134945
4377	11964	0.00134277
11963	11964	0.00134277
5178	11965	0.00134086
11964	11965	0.00134086
1569	11966	0.00131226
11965	11966	0.00131226
739	11967	0.00131035
11966	11967	0.00131035
4711	11968	0.00130176
11967	11968	0.00130176
1235	11969	0.00129986
11968	11969	0.00129986
3841	11970	0.00129318
11969	11970	0.00129318
1082	11971	0.00126934
3797	11971	0.00126934
6231	11972	0.00128174
5474	11972	0.00128174
11970	11972	0.00128174
5697	11973	0.00126171
11972	11973	0.00126171
11971	11974	0.00125885
11973	11974	0.00125885
5303	11975	0.00125122
11974	11975	0.00125122
2408	11976	0.00124836
11975	11976	0.00124836
4584	11977	0.0012455
11976	11977	0.0012455
3192	11978	0.00117588
4304	11978	0.00117588
1470	11979	0.0012331
11977	11979	0.0012331
3354	11980	0.00123024
11979	11980	0.00123024
2161	11981	0.00122929
11980	11981	0.00122929
1430	11982	0.00120735
11981	11982	0.00120735
4544	11983	0.00120449
11982	11983	0.00120449
3350	11984	0.00120068
11983	11984	0.00120068
11628	11985	0.001194
11984	11985	0.001194
5080	11986	0.00118542
11985	11986	0.00118542
1159	11987	0.00117397
11986	11987	0.00117397
4207	11988	0.00116253
11987	11988	0.00116253
2105	11989	0.00115585
11988	11989	0.00115585
4368	11990	0.0011549
11989	11990	0.0011549
2516	11991	0.00115299
11990	11991	0.00115299
3113	11992	0.00114155
11991	11992	0.00114155
1789	11993	0.00113296
11992	11993	0.00113296
5623	11994	0.00111389
11993	11994	0.00111389
3182	11995	0.00111198
11994	11995	0.00111198
4699	11996	0.00111008
11995	11996	0.00111008
11625	11997	0.00110817
11996	11997	0.00110817
5901	11998	0.00109196
11997	11998	0.00109196
4093	11999	0.00108051
11998	11999	0.00108051
5853	12000	0.00107956
11999	12000	0.00107956
2254	12001	0.00106239
12000	12001	0.00106239
5939	12002	0.00104141
12001	12002	0.00104141
2601	12003	0.00103951
12002	12003	0.00103951
5283	12004	0.00103092
12003	12004	0.00103092
6009	12005	0.00101471
12004	12005	0.00101471
4290	12006	0.00100708
12005	12006	0.00100708
2624	12007	0.00100135
12006	12007	0.00100135
3421	12008	0.00100041
12007	12008	0.00100041
2433	12009	0.000998498
12008	12009	0.000998498
337	12010	0.000987052
12009	12010	0.000987052
2437	12011	0.000985151
12010	12011	0.000985151
729	12012	0.000980376
12011	12012	0.000980376
2719	12013	0.000975605
226	12013	0.000975605
12013	12014	0.000883104
2625	12014	0.000883104
5863	12015	0.000978469
12012	12015	0.000978469
5414	12016	0.000955584
12015	12016	0.000955584
10808	12017	0.000951763
12016	12017	0.000951763
4222	12018	0.000934602
12017	12018	0.000934602
9098	12019	0.000924112
12018	12019	0.000924112
2317	12020	0.000922202
4567	12020	0.000922202
12019	12020	0.000922202
1689	12021	0.000909809
12020	12021	0.000909809
2526	12022	0.000895499
12021	12022	0.000895499
1354	12023	0.000886916
12022	12023	0.000886916
3168	12024	0.000883104
12023	12024	0.000883104
11627	12025	0.000881197
12024	12025	0.000881197
2353	12026	0.000879288
12025	12026	0.000879288
5342	12027	0.000877379
12026	12027	0.000877379
5866	12028	0.000875469
12027	12028	0.000875469
4460	12029	0.00086689
12028	12029	0.00086689
3713	12030	0.000854489
12029	12030	0.000854489
5436	12031	0.00084877
12030	12031	0.00084877
5607	12032	0.000846862
4286	12032	0.000846862
12031	12032	0.000846862
2075	12033	0.000837327
1149	12033	0.000837327
12032	12033	0.000837327
293	12034	0.000826834
12033	12034	0.000826834
4516	12035	0.000823022
12034	12035	0.000823022
282	12036	0.000817298
12035	12036	0.000817298
4364	12037	0.000816346
12036	12037	0.000816346
4944	12038	0.000801086
5787	12038	0.000801086
12037	12038	0.000801086
12014	12039	0.00075245
12038	12039	0.00075245
11978	12040	0.000751496
1640	12040	0.000751496
3342	12040	0.000751496
3981	12040	0.000751496
5263	12040	0.000751496
12039	12040	0.000751496
2666	12041	0.000745775
12040	12041	0.000745775
4187	12042	0.000736237
12041	12042	0.000736237
3587	12043	0.000727655
12042	12043	0.000727655
8593	12044	0.000707627
12043	12044	0.000707627
6030	12045	0.000705718
12044	12045	0.000705718
4578	12046	0.000678061
12045	12046	0.000678061
4862	12047	0.00066185
12046	12047	0.00066185
5740	12048	0.000652312
12047	12048	0.000652312
6147	12049	0.000651359
12048	12049	0.000651359
962	12050	0.000648499
12049	12050	0.000648499
2807	12051	0.000644682
12050	12051	0.000644682
3206	12052	0.000641823
12051	12052	0.000641823
2702	12053	0.00064087
12052	12053	0.00064087
356	12054	0.000636101
12053	12054	0.000636101
5542	12055	0.000635146
12054	12055	0.000635146
3177	12056	0.000629425
12055	12056	0.000629425
3762	12057	0.000628472
12056	12057	0.000628472
5871	12058	0.000617982
12057	12058	0.000617982
390	12059	0.000617027
12058	12059	0.000617027
2539	12060	0.000607491
12059	12060	0.000607491
5835	12061	0.00060463
3214	12061	0.00060463
12060	12061	0.00060463
2267	12062	0.000600815
3485	12062	0.000600815
5869	12062	0.000600815
5993	12062	0.000600815
6174	12062	0.000600815
3039	12062	0.000600815
12061	12062	0.000600815
5511	12063	0.000598909
12062	12063	0.000598909
3642	12064	0.000591277
5371	12064	0.000591277
12063	12064	0.000591277
10806	12065	0.000567435
12064	12065	0.000567435
4252	12066	0.000561715
12065	12066	0.000561715
969	12067	0.000552177
12066	12067	0.000552177
9025	12068	0.000546455
12067	12068	0.000546455
3659	12069	0.000541688
12068	12069	0.000541688
3660	12070	0.00053978
12069	12070	0.00053978
796	12071	0.00053215
12070	12071	0.00053215
4204	12072	0.000524522
5048	12072	0.000524522
12071	12072	0.000524522
5041	12073	0.000522615
12072	12073	0.000522615
4688	12074	0.000520707
12073	12074	0.000520707
5459	12075	0.0005188
12074	12075	0.0005188
3513	12076	0.000516892
12075	12076	0.000516892
3369	12077	0.00051403
12076	12077	0.00051403
370	12078	0.000506402
12077	12078	0.000506402
3632	12079	0.000498771
12078	12079	0.000498771
5384	12080	0.000495911
12079	12080	0.000495911
2457	12081	0.000486374
12080	12081	0.000486374
259	12082	0.000472069
12081	12082	0.000472069
4556	12083	0.000465393
12082	12083	0.000465393
3254	12084	0.000460625
12083	12084	0.000460625
517	12085	0.000451088
12084	12085	0.000451088
5018	12086	0.000450134
12085	12086	0.000450134
241	12087	0.00044632
12086	12087	0.00044632
618	12088	0.000439643
12087	12088	0.000439643
4363	12089	0.00043869
12088	12089	0.00043869
1344	12090	0.000422478
5083	12090	0.000422478
12089	12090	0.000422478
242	12091	0.000421524
12090	12091	0.000421524
3523	12092	0.000418663
12091	12092	0.000418663
3512	12093	0.000415803
12092	12093	0.000415803
4244	12094	0.000407219
12093	12094	0.000407219
10810	12095	0.000400543
12094	12095	0.000400543
4658	12096	0.000389099
12095	12096	0.000389099
4502	12097	0.000387193
12096	12097	0.000387193
6322	12098	0.000383377
12097	12098	0.000383377
1351	12099	0.00037384
12098	12099	0.00037384
308	12100	0.00036335
12099	12100	0.00036335
224	12101	0.00032711
12100	12101	0.00032711
12101	12102	0.000317574
5942	12102	0.000317574
3992	12103	0.000313759
12102	12103	0.000313759
3464	12104	0.00030613
12103	12104	0.00030613
5332	12105	0.000300408
12104	12105	0.000300408
9101	12106	0.000299454
12105	12106	0.000299454
1958	12107	0.000283241
12106	12107	0.000283241
992	12108	0.000275612
12107	12108	0.000275612
5224	12109	0.000247002
12108	12109	0.000247002
3189	12110	0.00023365
12109	12110	0.00023365
5716	12111	0.000180244
12110	12111	0.000180244
11626	12112	0.000167847
12111	12112	0.000167847
5152	12113	0.000164032
12112	12113	0.000164032
1857	12114	0.000144005
12113	12114	0.000144005
2580	12115	9.91821e-05
12114	12115	9.91821e-05