541	6323	0.0474881
732	6323	0.0474881
3986	6324	0.0334365
916	6324	0.0334365
1182	6325	0.029993
6324	6325	0.029993
3298	6326	0.0899143
1788	6326	0.0899143
22	6327	0.0897689
6326	6327	0.0897689
1871	6328	0.0672619
105	6328	0.0672619
6328	6329	0.0494181
1356	6329	0.0494181
6329	6330	0.0274842
3195	6330	0.0274842
5556	6331	0.13181
4779	6331	0.13181
6331	6332	0.0934271
61	6332	0.0934271
2026	6333	0.104781
4217	6333	0.104781
5010	6334	0.0337616
940	6334	0.0337616
1387	6335	0.0500429
1817	6335	0.0500429
6333	6336	0.0366055
6335	6336	0.0366055
4725	6337	0.0290428
4282	6337	0.0290428
6334	6338	0.0282414
2963	6338	0.0282414
6336	6339	0.0281007
6338	6339	0.0281007
6337	6340	0.0275479
6339	6340	0.0275479
6332	6341	0.0274066
6340	6341	0.0274066
487	6342	0.0303582
3367	6342	0.0303582
2952	6343	0.0579559
1047	6343	0.0579559
44	6344	0.0370399
3008	6344	0.0370399
6182	6345	0.0312334
5162	6345	0.0312334
5049	6346	0.212438
3412	6346	0.212438
6346	6347	0.176178
5428	6347	0.176178
3789	6348	0.0278236
1084	6348	0.0278236
1521	6349	0.0927953
141	6349	0.0927953
6349	6350	0.0815906
1090	6350	0.0815906
5407	6351	0.356114
2508	6351	0.356114
6351	6352	0.268213
3798	6352	0.268213
6352	6353	0.225463
5383	6353	0.225463
5355	6354	0.218883
6353	6354	0.218883
6354	6355	0.125307
5362	6355	0.125307
5382	6356	0.112709
6355	6356	0.112709
816	6357	0.0220974
6356	6357	0.0220974
95	6358	0.131636
5338	6358	0.131636
6358	6359	0.0321012
423	6359	0.0321012
4294	6360	0.153064
3382	6360	0.153064
237	6361	0.068907
1300	6361	0.068907
6361	6362	0.0245518
985	6362	0.0245518
3592	6363	0.027402
6115	6363	0.027402
467	6364	0.239235
5015	6364	0.239235
500	6364	0.239235
6364	6365	0.0284612
2453	6365	0.0284612
5412	6366	0.0287315
1666	6366	0.0287315
2134	6367	0.0367479
1808	6367	0.0367479
4719	6368	0.16047
4797	6368	0.16047
6368	6369	0.024669
278	6369	0.024669
5438	6370	0.0412838
4754	6370	0.0412838
6370	6371	0.0401253
5110	6371	0.0401253
6371	6372	0.0312762
4146	6372	0.0312762
6372	6373	0.0306853
733	6373	0.0306853
6373	6374	0.0303876
3375	6374	0.0303876
6374	6375	0.029563
3886	6375	0.029563
6375	6376	0.0269031
1341	6376	0.0269031
6376	6377	0.0215093
977	6377	0.0215093
3451	6378	0.221585
464	6378	0.221585
6378	6379	0.164898
4651	6379	0.164898
2960	6380	0.15614
6379	6380	0.15614
5039	6381	0.162308
6294	6381	0.162308
6381	6382	0.100623
180	6382	0.100623
860	6383	0.0275154
2111	6383	0.0275154
981	6384	0.0265644
222	6384	0.0265644
3199	6385	0.0261422
6384	6385	0.0261422
2705	6386	0.0261249
6385	6386	0.0261249
4466	6387	0.0257256
6386	6387	0.0257256
1639	6388	0.0255117
6387	6388	0.0255117
4228	6389	0.0692505
4344	6389	0.0692505
6389	6390	0.0282208
1992	6390	0.0282208
1505	6391	0.0997396
1904	6391	0.0997396
6391	6392	0.0693911
5575	6392	0.0693911
4991	6393	0.0475085
2983	6393	0.0475085
4032	6394	0.0576273
3356	6394	0.0576273
6245	6395	0.0922698
4731	6395	0.0922698
5519	6396	0.0890127
2153	6396	0.0890127
1986	6397	0.0463636
5665	6397	0.0463636
6397	6398	0.0320461
639	6398	0.0320461
6398	6399	0.0291273
937	6399	0.0291273
6399	6400	0.0289998
2798	6400	0.0289998
5526	6401	0.0289561
5225	6401	0.0289561
4943	6402	0.0270328
6401	6402	0.0270328
5477	6403	0.38814
2097	6403	0.38814
5848	6404	0.375125
6403	6404	0.375125
5005	6405	0.0787821
4989	6405	0.0787821
5058	6406	0.0483067
5119	6406	0.0483067
69	6407	0.0480945
6406	6407	0.0480945
4686	6408	0.0371597
6407	6408	0.0371597
5476	6409	0.0362921
6408	6409	0.0362921
1877	6410	0.0359601
6409	6410	0.0359601
2414	6411	0.0333364
6410	6411	0.0333364
2404	6412	0.0295429
6411	6412	0.0295429
6412	6413	0.0251437
4262	6413	0.0251437
675	6414	0.0242938
6413	6414	0.0242938
4871	6415	0.161841
1614	6415	0.161841
1562	6416	0.0287381
2065	6416	0.0287381
3610	6417	0.024841
934	6417	0.024841
4525	6418	0.035816
1301	6418	0.035816
3795	6419	0.0921424
295	6419	0.0921424
3894	6420	0.0250656
4979	6420	0.0250656
122	6421	0.0253041
2193	6421	0.0253041
6421	6422	0.0245236
626	6422	0.0245236
2016	6423	0.0242454
6422	6423	0.0242454
6420	6424	0.0217144
6423	6424	0.0217144
6130	6425	0.544901
1201	6425	0.544901
2060	6426	0.0649483
3613	6426	0.0649483
1947	6427	0.062776
6426	6427	0.062776
6427	6428	0.0599211
5297	6428	0.0599211
4284	6429	0.0573348
6428	6429	0.0573348
6429	6430	0.0546738
2801	6430	0.0546738
4051	6431	0.0323948
5069	6431	0.0323948
114	6432	0.0367794
862	6432	0.0367794
1940	6433	0.0291713
6432	6433	0.0291713
2501	6434	0.162575
1379	6434	0.162575
1046	6435	0.161733
6434	6435	0.161733
24	6436	0.120715
4189	6436	0.120715
6436	6437	0.0860489
3483	6437	0.0860489
6437	6438	0.0405033
1713	6438	0.0405033
1712	6439	0.0383577
6438	6439	0.0383577
1774	6440	0.0224941
2948	6440	0.0224941
3180	6441	0.0239117
889	6441	0.0239117
31	6442	0.0299149
503	6442	0.0299149
5609	6443	0.0294504
1236	6443	0.0294504
3814	6444	0.0782376
3131	6444	0.0782376
5187	6445	0.0380746
5722	6445	0.0380746
1000	6446	0.0295544
949	6446	0.0295544
6446	6447	0.0295111
3205	6447	0.0295111
2124	6448	0.0265665
6447	6448	0.0265665
273	6449	0.0266311
6445	6449	0.0266311
6444	6450	0.0254876
6448	6450	0.0254876
6450	6451	0.0221329
6449	6451	0.0221329
844	6452	0.471781
2885	6452	0.471781
6452	6453	0.367719
3472	6453	0.367719
2402	6454	0.359952
6453	6454	0.359952
6454	6455	0.337416
1285	6455	0.337416
6455	6456	0.0912185
5335	6456	0.0912185
4037	6457	0.0558936
5811	6457	0.0558936
1266	6458	0.0214824
3432	6458	0.0214824
46	6459	0.0933612
554	6459	0.0933612
1109	6460	0.138446
1226	6460	0.138446
3609	6461	0.0327108
5124	6461	0.0327108
3229	6462	0.0321276
6461	6462	0.0321276
2091	6463	0.0534877
3152	6463	0.0534877
3170	6464	0.0443114
612	6464	0.0443114
2201	6465	0.0441162
6464	6465	0.0441162
6465	6466	0.0384405
6302	6466	0.0384405
4275	6467	0.0984363
1063	6467	0.0984363
4415	6468	0.0962344
6467	6468	0.0962344
755	6469	0.0366123
1878	6469	0.0366123
2521	6470	0.0364484
6469	6470	0.0364484
5537	6471	0.0799684
3480	6471	0.0799684
5433	6472	0.0250764
2400	6472	0.0250764
2087	6473	0.474128
551	6473	0.474128
3068	6474	0.0214915
6473	6474	0.0214915
4399	6475	0.0403711
3570	6475	0.0403711
6475	6476	0.0398416
2435	6476	0.0398416
4915	6477	0.0312909
6476	6477	0.0312909
6477	6478	0.0273595
108	6478	0.0273595
6478	6479	0.0244905
4933	6479	0.0244905
2583	6480	0.0515317
2554	6480	0.0515317
752	6481	0.135163
4650	6481	0.135163
1118	6482	0.055599
1006	6482	0.055599
6482	6483	0.0395678
5928	6483	0.0395678
6198	6484	0.1187
1349	6484	0.1187
5723	6485	0.116803
2384	6485	0.116803
5962	6486	0.0216064
6485	6486	0.0216064
2860	6487	0.0737521
3328	6487	0.0737521
6487	6488	0.059796
3475	6488	0.059796
6488	6489	0.0529916
2095	6489	0.0529916
2212	6490	0.0751368
4123	6490	0.0751368
6490	6491	0.0660832
4723	6491	0.0660832
253	6492	0.0449971
5508	6492	0.0449971
3002	6493	0.233691
3949	6493	0.233691
3983	6494	0.0251132
2146	6494	0.0251132
5503	6495	0.0414616
2589	6495	0.0414616
5887	6496	0.0497554
6087	6496	0.0497554
2575	6497	0.178928
5167	6497	0.178928
6497	6498	0.143653
3021	6498	0.143653
3289	6499	0.113258
6498	6499	0.113258
5450	6500	0.0935058
1289	6500	0.0935058
6500	6501	0.0879421
3866	6501	0.0879421
6501	6502	0.0794986
790	6502	0.0794986
6499	6503	0.0757479
6502	6503	0.0757479
4813	6504	0.0695915
6503	6504	0.0695915
2727	6505	0.183767
4350	6505	0.183767
2759	6506	0.144827
3303	6506	0.144827
6506	6507	0.0937383
3426	6507	0.0937383
3251	6508	0.191675
5781	6508	0.191675
5694	6509	0.0628073
4016	6509	0.0628073
6509	6510	0.029913
6272	6510	0.029913
6510	6511	0.0261211
6065	6511	0.0261211
1882	6512	0.118987
4334	6512	0.118987
5050	6513	0.0483982
4211	6513	0.0483982
6032	6514	0.0337143
1267	6514	0.0337143
5591	6515	0.0698855
3809	6515	0.0698855
5759	6516	0.0481684
4543	6516	0.0481684
4632	6517	0.269027
5184	6517	0.269027
6517	6518	0.127871
4373	6518	0.127871
1775	6519	0.0904933
6518	6519	0.0904933
5686	6520	0.536704
5586	6520	0.536704
6520	6521	0.479521
5441	6521	0.479521
6521	6522	0.229972
4696	6522	0.229972
6522	6523	0.220884
6146	6523	0.220884
6523	6524	0.0751658
1912	6524	0.0751658
5282	6525	0.0624636
6524	6525	0.0624636
874	6526	0.067698
2002	6526	0.067698
4459	6527	0.0342683
2650	6527	0.0342683
723	6528	0.0820249
3366	6528	0.0820249
768	6529	0.126485
4692	6529	0.126485
6529	6530	0.0771534
4105	6530	0.0771534
6530	6531	0.049014
3568	6531	0.049014
3569	6532	0.0444747
6531	6532	0.0444747
1571	6533	0.0263938
6532	6533	0.0263938
1813	6534	0.305118
2784	6534	0.305118
6534	6535	0.268753
5367	6535	0.268753
1014	6536	0.0569469
2853	6536	0.0569469
1	6537	0.110071
3903	6537	0.110071
3727	6538	0.315892
131	6538	0.315892
1338	6539	0.166242
6188	6539	0.166242
5296	6540	0.109372
1935	6540	0.109372
6538	6541	0.0987767
4307	6541	0.0987767
6539	6542	0.0858686
6541	6542	0.0858686
6542	6543	0.0814617
1963	6543	0.0814617
6543	6544	0.0660869
851	6544	0.0660869
2907	6545	0.0644477
285	6545	0.0644477
6544	6546	0.0552204
6545	6546	0.0552204
6540	6547	0.0591366
4348	6547	0.0591366
6537	6548	0.0529126
6547	6548	0.0529126
6546	6549	0.048684
6548	6549	0.048684
5820	6550	0.0506244
4571	6550	0.0506244
4366	6551	0.0479544
6550	6551	0.0479544
6551	6552	0.0474123
1609	6552	0.0474123
6549	6553	0.0471155
6552	6553	0.0471155
1370	6554	0.0462145
6553	6554	0.0462145
1459	6555	0.123761
4690	6555	0.123761
6555	6556	0.0925313
3658	6556	0.0925313
980	6557	0.0881095
6556	6557	0.0881095
6557	6558	0.0844025
3542	6558	0.0844025
4043	6559	0.0758945
5170	6559	0.0758945
6558	6560	0.0749289
6559	6560	0.0749289
6560	6561	0.058408
5488	6561	0.058408
6561	6562	0.0562955
268	6562	0.0562955
6562	6563	0.0471742
2523	6563	0.0471742
213	6564	0.111861
3687	6564	0.111861
6564	6565	0.0940218
3670	6565	0.0940218
6565	6566	0.0515529
4722	6566	0.0515529
5944	6567	0.0775998
1214	6567	0.0775998
5185	6568	0.0723112
6567	6568	0.0723112
4622	6569	0.0675049
6568	6569	0.0675049
5945	6570	0.0667865
6569	6570	0.0667865
4337	6571	0.0478544
6136	6571	0.0478544
5	6572	0.0583534
1778	6572	0.0583534
1819	6573	0.122994
4271	6573	0.122994
6573	6574	0.102217
1101	6574	0.102217
1874	6575	0.209938
1798	6575	0.209938
2338	6576	0.19193
2340	6576	0.19193
2958	6577	0.172929
6576	6577	0.172929
3778	6578	0.20024
5008	6578	0.20024
6578	6579	0.102925
2043	6579	0.102925
2762	6580	0.1007
4062	6580	0.1007
6098	6581	0.0976354
6580	6581	0.0976354
314	6582	0.094771
6574	6582	0.094771
6577	6583	0.0836786
6264	6583	0.0836786
660	6584	0.0656172
5681	6584	0.0656172
6583	6585	0.0632045
6584	6585	0.0632045
6585	6586	0.061368
4422	6586	0.061368
6579	6587	0.0911273
6581	6587	0.0911273
6587	6588	0.0864768
2204	6588	0.0864768
6586	6589	0.0572321
1420	6589	0.0572321
6589	6590	0.0548509
5525	6590	0.0548509
6590	6591	0.0530279
1104	6591	0.0530279
6588	6592	0.0522453
6591	6592	0.0522453
8	6593	0.0505667
6592	6593	0.0505667
6084	6594	0.0516539
5179	6594	0.0516539
5512	6595	0.0494131
6594	6595	0.0494131
6593	6596	0.049374
6595	6596	0.049374
6582	6597	0.048175
6596	6597	0.048175
6575	6598	0.0470412
6597	6598	0.0470412
5360	6599	0.0934652
5969	6599	0.0934652
6599	6600	0.0676353
561	6600	0.0676353
4194	6601	0.0653512
6600	6601	0.0653512
98	6602	0.0651164
6601	6602	0.0651164
1449	6603	0.12223
1768	6603	0.12223
6603	6604	0.110503
3625	6604	0.110503
1570	6605	0.104065
6604	6605	0.104065
6605	6606	0.0854325
2409	6606	0.0854325
6079	6607	0.205255
6123	6607	0.205255
6607	6608	0.13674
6200	6608	0.13674
6608	6609	0.0758564
6195	6609	0.0758564
4381	6610	0.0740303
4382	6610	0.0740303
6609	6611	0.0663607
6610	6611	0.0663607
5856	6612	0.0636374
6611	6612	0.0636374
3988	6613	0.0617735
6612	6613	0.0617735
113	6614	0.0542358
6613	6614	0.0542358
6614	6615	0.0535328
15	6615	0.0535328
3930	6616	0.062784
1984	6616	0.062784
4089	6617	0.0582464
2112	6617	0.0582464
6615	6618	0.0532654
2103	6618	0.0532654
5543	6619	0.052938
6618	6619	0.052938
2120	6620	0.0525666
6619	6620	0.0525666
6616	6621	0.0529478
846	6621	0.0529478
6617	6622	0.0526307
6621	6622	0.0526307
6606	6623	0.0524805
6622	6623	0.0524805
6620	6624	0.0478428
6623	6624	0.0478428
6624	6625	0.0465701
4649	6625	0.0465701
6229	6626	0.0464198
6625	6626	0.0464198
6626	6627	0.0447076
3828	6627	0.0447076
3392	6628	0.101663
23	6628	0.101663
5244	6629	0.0943444
5931	6629	0.0943444
6628	6630	0.0756776
387	6630	0.0756776
6630	6631	0.0553915
4472	6631	0.0553915
6629	6632	0.0468608
6631	6632	0.0468608
6632	6633	0.0454607
4196	6633	0.0454607
26	6634	0.0663696
4056	6634	0.0663696
5494	6635	0.0912836
28	6635	0.0912836
6635	6636	0.0622063
4212	6636	0.0622063
3097	6637	0.280143
2836	6637	0.280143
6637	6638	0.0732099
5754	6638	0.0732099
6638	6639	0.0654782
32	6639	0.0654782
5228	6640	0.0490021
6639	6640	0.0490021
1625	6641	0.0749991
3218	6641	0.0749991
1909	6642	0.0732884
5211	6642	0.0732884
5946	6643	0.069751
6642	6643	0.069751
3835	6644	0.0669853
6643	6644	0.0669853
182	6645	0.064162
6644	6645	0.064162
363	6646	0.0574946
6645	6646	0.0574946
5649	6647	0.0543796
4762	6647	0.0543796
1539	6648	0.0612367
792	6648	0.0612367
6647	6649	0.049812
6648	6649	0.049812
2443	6650	0.0483885
6649	6650	0.0483885
1651	6651	0.210383
4515	6651	0.210383
4881	6652	0.0919683
49	6652	0.0919683
1603	6653	0.0955607
3615	6653	0.0955607
3294	6654	0.0891514
6653	6654	0.0891514
6654	6655	0.0531194
52	6655	0.0531194
56	6656	0.0806376
3777	6656	0.0806376
5196	6657	0.0800889
6656	6657	0.0800889
58	6658	0.198383
2371	6658	0.198383
4594	6659	0.185082
4595	6659	0.185082
6658	6660	0.060631
2826	6660	0.060631
6659	6661	0.0859375
4554	6661	0.0859375
6660	6662	0.0573154
6661	6662	0.0573154
2470	6663	0.107723
5910	6663	0.107723
2987	6664	0.23113
735	6664	0.23113
6664	6665	0.0729231
5392	6665	0.0729231
364	6666	0.054195
6665	6666	0.054195
375	6667	0.251487
3057	6667	0.251487
384	6668	0.131515
4197	6668	0.131515
4125	6669	0.18463
1922	6669	0.18463
608	6670	0.151458
6669	6670	0.151458
6670	6671	0.121122
3339	6671	0.121122
6671	6672	0.0794111
5311	6672	0.0794111
864	6673	0.0790133
1748	6673	0.0790133
873	6674	0.540083
3458	6674	0.540083
6674	6675	0.286206
5562	6675	0.286206
6675	6676	0.107804
1272	6676	0.107804
4975	6677	0.094688
6676	6677	0.094688
5898	6678	0.0890573
1087	6678	0.0890573
6012	6679	0.0812036
6678	6679	0.0812036
6014	6680	0.167128
6058	6680	0.167128
6680	6681	0.121092
1093	6681	0.121092
1486	6682	0.113085
2115	6682	0.113085
6682	6683	0.0904229
4522	6683	0.0904229
2974	6684	0.203811
5194	6684	0.203811
2082	6685	0.0830145
4647	6685	0.0830145
2354	6686	0.087594
4745	6686	0.087594
2503	6687	0.0709256
2211	6687	0.0709256
636	6688	0.0701782
6687	6688	0.0701782
6688	6689	0.0656651
168	6689	0.0656651
4462	6690	0.0751919
6672	6690	0.0751919
1740	6691	0.0749825
6690	6691	0.0749825
6668	6692	0.0732175
583	6692	0.0732175
6691	6693	0.0701715
6692	6693	0.0701715
6693	6694	0.0657631
4305	6694	0.0657631
6694	6695	0.0617043
5637	6695	0.0617043
4550	6696	0.0783616
6679	6696	0.0783616
6686	6697	0.075884
1928	6697	0.075884
2956	6698	0.0746658
6697	6698	0.0746658
6696	6699	0.0726295
6698	6699	0.0726295
4431	6700	0.0725478
6699	6700	0.0725478
6700	6701	0.0673985
6673	6701	0.0673985
6701	6702	0.0611773
3717	6702	0.0611773
6681	6703	0.0735156
2346	6703	0.0735156
5226	6704	0.0711329
6685	6704	0.0711329
6684	6705	0.0630004
6704	6705	0.0630004
6705	6706	0.0596971
2820	6706	0.0596971
6702	6707	0.0584952
5666	6707	0.0584952
6707	6708	0.0575727
2329	6708	0.0575727
6708	6709	0.0513587
4352	6709	0.0513587
1849	6710	0.0596648
3616	6710	0.0596648
6689	6711	0.0554058
6710	6711	0.0554058
6703	6712	0.0552027
6711	6712	0.0552027
6712	6713	0.0541013
1770	6713	0.0541013
6713	6714	0.0526929
2967	6714	0.0526929
5670	6715	0.0519129
6714	6715	0.0519129
1588	6716	0.0517259
3324	6716	0.0517259
6667	6717	0.0544672
1397	6717	0.0544672
6695	6718	0.055094
2289	6718	0.055094
6718	6719	0.0548439
1410	6719	0.0548439
6706	6720	0.0514201
6719	6720	0.0514201
6677	6721	0.0539826
6003	6721	0.0539826
4529	6722	0.0504572
6709	6722	0.0504572
6715	6723	0.0509152
4936	6723	0.0509152
1650	6724	0.0496641
853	6724	0.0496641
6722	6724	0.0496641
6724	6725	0.0487431
6723	6725	0.0487431
6717	6726	0.0508615
3431	6726	0.0508615
6716	6727	0.0475539
6726	6727	0.0475539
2368	6728	0.0483644
6720	6728	0.0483644
6728	6729	0.0473967
6721	6729	0.0473967
6683	6730	0.0472174
6729	6730	0.0472174
6725	6731	0.0469261
6730	6731	0.0469261
6731	6732	0.0454892
6727	6732	0.0454892
6732	6733	0.0449073
693	6733	0.0449073
6733	6734	0.0442527
1554	6734	0.0442527
1124	6735	0.0492418
715	6735	0.0492418
3622	6736	0.0455095
787	6736	0.0455095
4179	6737	0.515156
4907	6737	0.515156
6737	6738	0.078395
627	6738	0.078395
66	6739	0.0708482
6738	6739	0.0708482
4266	6740	0.0649215
6739	6740	0.0649215
6279	6741	0.0517746
465	6741	0.0517746
1275	6742	0.0505796
6741	6742	0.0505796
73	6743	0.0486202
6742	6743	0.0486202
1691	6744	0.0597043
2689	6744	0.0597043
2497	6745	0.0570139
6744	6745	0.0570139
6745	6746	0.0496417
80	6746	0.0496417
6746	6747	0.0450707
645	6747	0.0450707
5719	6748	0.157092
1806	6748	0.157092
6748	6749	0.0474471
86	6749	0.0474471
548	6750	0.190391
3648	6750	0.190391
6750	6751	0.140815
6306	6751	0.140815
6751	6752	0.136645
1258	6752	0.136645
649	6753	0.178635
3665	6753	0.178635
4336	6754	0.0746
815	6754	0.0746
6753	6755	0.0561409
6754	6755	0.0561409
454	6756	0.0912723
106	6756	0.0912723
1406	6757	0.0482446
762	6757	0.0482446
6756	6758	0.0466247
6757	6758	0.0466247
3403	6759	0.0623981
1371	6759	0.0623981
128	6760	0.0618968
6759	6760	0.0618968
1907	6761	0.0834219
5366	6761	0.0834219
6761	6762	0.0796141
1388	6762	0.0796141
6762	6763	0.0663855
133	6763	0.0663855
6763	6764	0.0645714
2477	6764	0.0645714
6764	6765	0.0618018
145	6765	0.0618018
4467	6766	0.0545078
6765	6766	0.0545078
6766	6767	0.0491118
3939	6767	0.0491118
5739	6768	0.115427
5984	6768	0.115427
5156	6769	0.123129
4149	6769	0.123129
6768	6770	0.103756
1745	6770	0.103756
2389	6771	0.114846
6769	6771	0.114846
3709	6772	0.100723
6771	6772	0.100723
6772	6773	0.0980442
6770	6773	0.0980442
1210	6774	0.12877
2479	6774	0.12877
2991	6775	0.173277
5100	6775	0.173277
6775	6776	0.0846114
5028	6776	0.0846114
4755	6777	0.0809775
748	6777	0.0809775
5560	6778	0.0602072
6777	6778	0.0602072
6773	6779	0.0780191
5269	6779	0.0780191
2615	6780	0.0767296
6779	6780	0.0767296
4499	6781	0.065183
931	6781	0.065183
6780	6782	0.0638118
4565	6782	0.0638118
6782	6783	0.0607651
6781	6783	0.0607651
6776	6784	0.0753556
3552	6784	0.0753556
6784	6785	0.0661355
2505	6785	0.0661355
3873	6786	0.0566941
6783	6786	0.0566941
6778	6787	0.0592386
6785	6787	0.0592386
1527	6788	0.0573973
4878	6788	0.0573973
6774	6789	0.0561771
6788	6789	0.0561771
4117	6790	0.0525539
4379	6790	0.0525539
6789	6790	0.0525539
6786	6791	0.0464675
6787	6791	0.0464675
5259	6792	0.048687
6790	6792	0.048687
6792	6793	0.0485907
3710	6793	0.0485907
5419	6794	0.0470685
6793	6794	0.0470685
6791	6795	0.0458542
6794	6795	0.0458542
4527	6796	0.0455915
6795	6796	0.0455915
5552	6797	0.0437708
6796	6797	0.0437708
1125	6798	0.0436536
6797	6798	0.0436536
632	6799	0.0949535
2009	6799	0.0949535
1510	6800	0.0785093
2473	6800	0.0785093
1839	6801	0.0765602
6800	6801	0.0765602
3996	6802	0.0743975
6801	6802	0.0743975
6799	6803	0.0684012
6802	6803	0.0684012
1157	6804	0.0639206
2773	6804	0.0639206
3070	6805	0.273387
471	6805	0.273387
5482	6806	0.104618
625	6806	0.104618
6806	6807	0.0828694
2458	6807	0.0828694
6807	6808	0.0768133
1025	6808	0.0768133
6805	6809	0.0645714
6808	6809	0.0645714
4568	6810	0.0927384
2109	6810	0.0927384
232	6811	0.0442917
5688	6811	0.0442917
5020	6812	0.0783292
4226	6812	0.0783292
999	6813	0.409804
3456	6813	0.409804
6033	6814	0.0522928
6029	6814	0.0522928
6813	6815	0.0516843
6814	6815	0.0516843
4771	6816	0.173038
2696	6816	0.173038
4425	6817	0.143187
6816	6817	0.143187
6307	6818	0.152774
2252	6818	0.152774
6818	6819	0.147554
2415	6819	0.147554
6819	6820	0.0799767
288	6820	0.0799767
5877	6821	0.0454898
4283	6821	0.0454898
6820	6822	0.0437162
6821	6822	0.0437162
5952	6823	0.0723656
5218	6823	0.0723656
6823	6824	0.0553713
3889	6824	0.0553713
6824	6825	0.0517432
4083	6825	0.0517432
5481	6826	0.146766
555	6826	0.146766
6826	6827	0.0936028
156	6827	0.0936028
5991	6828	0.109347
886	6828	0.109347
3686	6829	0.0607254
3388	6829	0.0607254
1933	6830	0.109429
4889	6830	0.109429
5411	6831	0.0954436
5544	6831	0.0954436
2304	6832	0.0786098
6831	6832	0.0786098
6830	6833	0.0770402
6832	6833	0.0770402
1085	6834	0.0760051
6833	6834	0.0760051
6834	6835	0.0444164
175	6835	0.0444164
177	6836	0.0806714
1532	6836	0.0806714
6836	6837	0.0621058
3014	6837	0.0621058
4443	6838	0.156508
3052	6838	0.156508
6838	6839	0.145992
5818	6839	0.145992
6839	6840	0.106609
4886	6840	0.106609
3614	6841	0.100743
6840	6841	0.100743
6841	6842	0.0930575
3507	6842	0.0930575
1967	6843	0.0928693
6842	6843	0.0928693
181	6844	0.0824825
4695	6844	0.0824825
6843	6845	0.0824182
6844	6845	0.0824182
2056	6846	0.0813411
4147	6846	0.0813411
6846	6847	0.0705121
1364	6847	0.0705121
1095	6848	0.0792373
6845	6848	0.0792373
6848	6849	0.0787197
3719	6849	0.0787197
6849	6850	0.0779232
3440	6850	0.0779232
6850	6851	0.0670391
563	6851	0.0670391
6847	6852	0.0530106
6851	6852	0.0530106
4346	6853	0.0559213
1835	6853	0.0559213
697	6854	0.0541861
698	6854	0.0541861
6853	6855	0.0498386
6854	6855	0.0498386
6855	6856	0.0496321
1663	6856	0.0496321
6856	6857	0.0459855
2787	6857	0.0459855
1620	6858	0.0586681
4172	6858	0.0586681
6858	6859	0.0550498
535	6859	0.0550498
3492	6860	0.0436184
6859	6860	0.0436184
1306	6861	0.059368
1401	6861	0.059368
1262	6862	0.0534991
6861	6862	0.0534991
3770	6863	0.0528707
6862	6863	0.0528707
2452	6864	0.082912
388	6864	0.082912
2816	6865	0.11968
2425	6865	0.11968
6865	6866	0.11851
3176	6866	0.11851
6866	6867	0.0900079
913	6867	0.0900079
5844	6868	0.0800846
220	6868	0.0800846
6868	6869	0.0746925
2121	6869	0.0746925
6869	6870	0.068989
2157	6870	0.068989
6870	6871	0.063065
2278	6871	0.063065
3285	6872	0.0602364
6871	6872	0.0602364
6867	6873	0.0556736
6872	6873	0.0556736
441	6874	0.0548255
221	6874	0.0548255
6874	6875	0.0472879
3466	6875	0.0472879
5914	6876	0.0809273
230	6876	0.0809273
2029	6877	0.0586083
238	6877	0.0586083
4621	6878	0.053012
4240	6878	0.053012
246	6879	0.048994
6878	6879	0.048994
4028	6880	0.046937
6879	6880	0.046937
651	6881	0.0462431
6880	6881	0.0462431
2312	6882	0.170759
2309	6882	0.170759
3524	6883	0.125542
4009	6883	0.125542
6882	6884	0.105581
6883	6884	0.105581
6884	6885	0.0446131
1464	6885	0.0446131
6085	6886	0.0518607
3781	6886	0.0518607
1837	6887	0.0724796
5399	6887	0.0724796
6887	6888	0.0502205
1730	6888	0.0502205
6299	6889	0.0500058
3919	6889	0.0500058
6888	6890	0.0499855
6889	6890	0.0499855
2812	6890	0.0499855
6890	6891	0.0492014
1238	6891	0.0492014
6886	6892	0.048504
6891	6892	0.048504
6892	6893	0.0479806
247	6893	0.0479806
4140	6894	0.0475299
6893	6894	0.0475299
1980	6895	0.048822
4626	6895	0.048822
3141	6896	0.0458278
6894	6896	0.0458278
797	6897	0.0439661
1701	6897	0.0439661
6896	6898	0.0436418
6895	6898	0.0436418
6897	6899	0.0435447
6898	6899	0.0435447
3692	6900	0.0533569
248	6900	0.0533569
900	6901	0.073826
1336	6901	0.073826
1548	6902	0.069598
6901	6902	0.069598
2416	6903	0.0662868
6902	6903	0.0662868
6903	6904	0.06549
3753	6904	0.06549
6904	6905	0.045942
265	6905	0.045942
740	6906	0.0466723
269	6906	0.0466723
6906	6907	0.044987
2507	6907	0.044987
276	6908	0.138483
2455	6908	0.138483
2754	6909	0.112452
4485	6909	0.112452
6908	6909	0.112452
6909	6910	0.0833287
562	6910	0.0833287
1372	6911	0.0631755
6910	6911	0.0631755
6911	6912	0.0499656
1366	6912	0.0499656
6912	6913	0.0471585
952	6913	0.0471585
2776	6914	0.272016
4011	6914	0.272016
6914	6915	0.18322
779	6915	0.18322
6915	6916	0.0797271
3671	6916	0.0797271
4681	6917	0.19293
6221	6917	0.19293
6917	6918	0.169308
4251	6918	0.169308
5022	6919	0.0499003
2672	6919	0.0499003
6919	6920	0.04609
2748	6920	0.04609
2910	6921	0.0454737
6920	6921	0.0454737
4127	6922	0.0562134
1811	6922	0.0562134
5497	6923	0.183942
355	6923	0.183942
4416	6924	0.161053
3701	6924	0.161053
6924	6925	0.0884769
4826	6925	0.0884769
6925	6926	0.0874723
1865	6926	0.0874723
4218	6927	0.0672817
4287	6927	0.0672817
2165	6928	0.065181
6927	6928	0.065181
6928	6929	0.063221
6926	6929	0.063221
565	6930	0.125388
662	6930	0.125388
6930	6931	0.0630033
1425	6931	0.0630033
304	6932	0.0635136
4440	6932	0.0635136
6931	6933	0.0571302
6932	6933	0.0571302
4559	6934	0.0537857
6933	6934	0.0537857
4468	6935	0.168645
1446	6935	0.168645
5825	6936	0.0734996
3470	6936	0.0734996
5655	6937	0.0677081
973	6937	0.0677081
6936	6938	0.0632849
690	6938	0.0632849
6938	6939	0.0579366
6937	6939	0.0579366
6939	6940	0.0563085
4653	6940	0.0563085
6940	6941	0.051549
310	6941	0.051549
316	6942	0.0556226
2311	6942	0.0556226
6942	6943	0.053103
3768	6943	0.053103
6943	6944	0.0478986
4885	6944	0.0478986
1978	6945	0.475759
4160	6945	0.475759
319	6946	0.0963644
2261	6946	0.0963644
4225	6947	0.0818461
6946	6947	0.0818461
1872	6948	0.0817593
6947	6948	0.0817593
6945	6949	0.0531763
6948	6949	0.0531763
3246	6950	0.0896757
4742	6950	0.0896757
327	6951	0.0563917
4082	6951	0.0563917
6950	6952	0.0521137
6951	6952	0.0521137
6952	6953	0.0505702
3024	6953	0.0505702
3065	6954	0.163968
5045	6954	0.163968
6954	6955	0.152963
2824	6955	0.152963
6955	6956	0.13911
5075	6956	0.13911
2197	6957	0.130022
6956	6957	0.130022
6957	6958	0.129506
328	6958	0.129506
6958	6959	0.118605
3669	6959	0.118605
6959	6960	0.0736679
1923	6960	0.0736679
6960	6961	0.0713717
2468	6961	0.0713717
6961	6962	0.0629369
4687	6962	0.0629369
6962	6963	0.0547491
1185	6963	0.0547491
1822	6963	0.0547491
6963	6964	0.0499036
1184	6964	0.0499036
6964	6965	0.0441789
4477	6965	0.0441789
1722	6966	0.075991
3109	6966	0.075991
1392	6967	0.0697004
3276	6967	0.0697004
4200	6968	0.0538455
6967	6968	0.0538455
1600	6969	0.66856
4256	6969	0.66856
6969	6970	0.0932953
849	6970	0.0932953
3917	6971	0.0826193
6970	6971	0.0826193
6971	6972	0.0728233
2006	6972	0.0728233
559	6973	0.0698762
586	6973	0.0698762
2553	6974	0.0531117
4817	6974	0.0531117
6973	6975	0.0491622
6974	6975	0.0491622
4643	6976	0.0527438
2879	6976	0.0527438
2168	6977	0.117642
3667	6977	0.117642
6076	6978	0.0966287
6977	6978	0.0966287
631	6979	0.0914936
6978	6979	0.0914936
5021	6980	0.0810143
6979	6980	0.0810143
6980	6981	0.079901
2753	6981	0.079901
2166	6982	0.0745072
6981	6982	0.0745072
6982	6983	0.0728645
2640	6983	0.0728645
5574	6984	0.0511584
5922	6984	0.0511584
5961	6985	0.0451557
369	6985	0.0451557
4353	6986	0.0518454
1203	6986	0.0518454
1030	6987	0.0894816
3803	6987	0.0894816
6217	6988	0.0739877
6987	6988	0.0739877
391	6989	0.0685233
1976	6989	0.0685233
6989	6990	0.0455505
1361	6990	0.0455505
393	6991	0.123026
2388	6991	0.123026
6991	6992	0.0607385
4345	6992	0.0607385
2257	6993	0.0551892
5331	6993	0.0551892
6993	6994	0.0498515
1818	6994	0.0498515
6250	6995	0.0509823
576	6995	0.0509823
5324	6996	0.0491807
6995	6996	0.0491807
6994	6997	0.0489263
6996	6997	0.0489263
6992	6998	0.047937
6997	6998	0.047937
1879	6999	0.140627
6218	6999	0.140627
5967	7000	0.137664
6999	7000	0.137664
4633	7001	0.136108
7000	7001	0.136108
7001	7002	0.09924
3262	7002	0.09924
2045	7003	0.0534528
1714	7003	0.0534528
7003	7004	0.0462799
2805	7004	0.0462799
4329	7005	0.0438134
396	7005	0.0438134
7004	7006	0.0438049
7005	7006	0.0438049
5589	7007	0.087173
1175	7007	0.087173
7007	7008	0.063891
5647	7008	0.063891
7008	7009	0.0595115
2187	7009	0.0595115
7009	7010	0.0463846
3815	7010	0.0463846
805	7011	0.318851
2142	7011	0.318851
1710	7012	0.199862
5473	7012	0.199862
7011	7013	0.191233
7012	7013	0.191233
3433	7014	0.140984
7013	7014	0.140984
7014	7015	0.119547
4542	7015	0.119547
7015	7016	0.100664
410	7016	0.100664
7016	7017	0.0840948
2283	7017	0.0840948
7017	7018	0.0787996
2673	7018	0.0787996
3749	7019	0.073812
7018	7019	0.073812
1200	7019	0.073812
4888	7020	0.0717181
5457	7020	0.0717181
7019	7020	0.0717181
7020	7021	0.058712
2875	7021	0.058712
2747	7022	0.0566662
7021	7022	0.0566662
5793	7023	0.0483344
7022	7023	0.0483344
710	7024	0.240955
3643	7024	0.240955
1924	7025	0.0735126
2815	7025	0.0735126
7024	7026	0.065588
7025	7026	0.065588
3074	7027	0.0623868
4487	7027	0.0623868
453	7028	0.0615183
1617	7028	0.0615183
7028	7029	0.0487151
1941	7029	0.0487151
1621	7030	0.881087
4635	7030	0.881087
3884	7031	0.0478077
1664	7031	0.0478077
4008	7032	0.10473
3259	7032	0.10473
4301	7033	0.049428
462	7033	0.049428
478	7034	0.112558
780	7034	0.112558
4488	7035	0.0775675
5558	7035	0.0775675
7035	7036	0.0747618
2275	7036	0.0747618
7036	7037	0.0520509
479	7037	0.0520509
699	7038	0.0745974
4663	7038	0.0745974
2922	7039	0.095594
1761	7039	0.095594
2450	7040	0.274731
1703	7040	0.274731
7040	7041	0.225372
4034	7041	0.225372
480	7042	0.144424
1753	7042	0.144424
7042	7043	0.0909563
4245	7043	0.0909563
7043	7044	0.0875544
1246	7044	0.0875544
7041	7045	0.072238
7044	7045	0.072238
7045	7046	0.0719587
1060	7046	0.0719587
1271	7047	0.0659664
1069	7047	0.0659664
7047	7048	0.0645347
2343	7048	0.0645347
7039	7049	0.0616176
811	7049	0.0616176
7049	7050	0.0592795
7046	7050	0.0592795
7050	7051	0.0556972
4521	7051	0.0556972
7051	7052	0.0552143
7048	7052	0.0552143
3931	7053	0.052257
7052	7053	0.052257
4130	7054	0.0645539
5893	7054	0.0645539
5678	7055	0.0530357
7054	7055	0.0530357
2659	7056	0.118015
1339	7056	0.118015
7056	7057	0.0545592
1114	7057	0.0545592
5742	7058	0.0571937
6103	7058	0.0571937
1445	7059	0.0519646
7058	7059	0.0519646
7059	7060	0.0517557
7057	7060	0.0517557
4998	7061	0.0924032
3525	7061	0.0924032
7061	7062	0.0890432
3649	7062	0.0890432
7062	7063	0.0560754
3107	7063	0.0560754
7063	7064	0.0499476
2039	7064	0.0499476
5221	7065	0.0549292
1698	7065	0.0549292
495	7066	0.100672
1771	7066	0.100672
496	7067	0.04694
4570	7067	0.04694
4718	7068	0.0453772
7067	7068	0.0453772
2777	7069	0.0996152
2600	7069	0.0996152
4610	7070	0.0551464
3681	7070	0.0551464
510	7071	0.0545135
7070	7071	0.0545135
3346	7072	0.0744389
6109	7072	0.0744389
4702	7073	0.0692938
4698	7073	0.0692938
7073	7074	0.0543811
5926	7074	0.0543811
4879	7075	0.0542475
5733	7075	0.0542475
1357	7076	0.134118
2710	7076	0.134118
7076	7077	0.0881545
642	7077	0.0881545
837	7078	0.0839462
7077	7078	0.0839462
4513	7079	0.0530234
3477	7079	0.0530234
3854	7080	0.0978389
4122	7080	0.0978389
2761	7081	0.0851347
3264	7081	0.0851347
7080	7082	0.072443
7081	7082	0.072443
1990	7083	0.164883
2611	7083	0.164883
2128	7084	0.164779
7083	7084	0.164779
930	7085	0.126486
6208	7085	0.126486
4875	7086	0.122246
7085	7086	0.122246
4025	7087	0.103188
558	7087	0.103188
7087	7088	0.0751534
1412	7088	0.0751534
938	7089	0.0787661
2654	7089	0.0787661
1504	7090	0.0820316
2463	7090	0.0820316
5205	7091	0.123275
4560	7091	0.123275
7089	7092	0.0605749
2280	7092	0.0605749
7092	7093	0.0458529
3657	7093	0.0458529
2645	7094	0.0452556
7093	7094	0.0452556
7091	7095	0.0450924
7094	7095	0.0450924
7095	7096	0.0442003
1106	7096	0.0442003
7090	7097	0.0438847
7096	7097	0.0438847
6121	7098	0.0683403
570	7098	0.0683403
5594	7099	0.0480073
573	7099	0.0480073
5547	7100	0.0637331
603	7100	0.0637331
5443	7101	0.0794215
2030	7101	0.0794215
7101	7102	0.0629007
1583	7102	0.0629007
3824	7103	0.0612423
629	7103	0.0612423
7102	7104	0.0590943
7103	7104	0.0590943
7104	7105	0.0514621
3535	7105	0.0514621
7105	7106	0.0495355
3641	7106	0.0495355
7106	7107	0.0437384
4801	7107	0.0437384
4563	7108	0.421077
6017	7108	0.421077
5019	7109	0.305271
4882	7109	0.305271
7109	7110	0.173315
4494	7110	0.173315
7108	7111	0.141614
7110	7111	0.141614
4100	7112	0.12106
2647	7112	0.12106
2835	7113	0.084697
7111	7113	0.084697
7113	7114	0.065594
5829	7114	0.065594
7112	7115	0.0621366
7114	7115	0.0621366
7115	7116	0.0609534
3409	7116	0.0609534
1888	7117	0.0600562
7116	7117	0.0600562
4503	7118	0.0589775
7117	7118	0.0589775
7118	7119	0.0534565
769	7119	0.0534565
634	7120	0.0656888
2300	7120	0.0656888
3714	7121	0.129268
4087	7121	0.129268
6220	7122	0.0978299
5683	7122	0.0978299
7122	7123	0.0744638
5695	7123	0.0744638
648	7124	0.0731986
7123	7124	0.0731986
7124	7125	0.0680309
5619	7125	0.0680309
7125	7126	0.064593
5933	7126	0.064593
7126	7127	0.0499075
1342	7127	0.0499075
3418	7128	0.055086
4400	7128	0.055086
963	7129	0.111605
4808	7129	0.111605
5053	7130	0.204469
4139	7130	0.204469
7129	7131	0.0722257
3181	7131	0.0722257
666	7132	0.0663554
7131	7132	0.0663554
7130	7133	0.065213
7132	7133	0.065213
5161	7134	0.0651623
7133	7134	0.0651623
7134	7135	0.0617833
1582	7135	0.0617833
3945	7136	0.0540768
676	7136	0.0540768
6011	7137	0.134775
3056	7137	0.134775
6100	7138	0.112961
6091	7138	0.112961
7138	7139	0.0894755
3562	7139	0.0894755
7139	7140	0.0568649
3560	7140	0.0568649
7140	7141	0.0506453
3050	7141	0.0506453
902	7142	0.0577603
3442	7142	0.0577603
7141	7143	0.0467528
4108	7143	0.0467528
3135	7144	0.0466097
7143	7144	0.0466097
7144	7145	0.0461919
7142	7145	0.0461919
4654	7146	0.128917
4085	7146	0.128917
7146	7147	0.0862262
5573	7147	0.0862262
7147	7148	0.0679904
857	7148	0.0679904
7148	7149	0.0672158
680	7149	0.0672158
7149	7150	0.059528
4636	7150	0.059528
7150	7151	0.0486385
3220	7151	0.0486385
5553	7152	0.073568
3563	7152	0.073568
7152	7153	0.0487715
2399	7153	0.0487715
4238	7154	0.0462895
7153	7154	0.0462895
3461	7155	0.0717463
3308	7155	0.0717463
7155	7156	0.0538285
1068	7156	0.0538285
7156	7157	0.0458925
714	7157	0.0458925
719	7158	0.0445238
5157	7158	0.0445238
3236	7159	0.161352
5400	7159	0.161352
1234	7160	0.0564576
5502	7160	0.0564576
4289	7161	0.04646
2181	7161	0.04646
3331	7162	0.0468125
1072	7162	0.0468125
4223	7163	0.0677623
4851	7163	0.0677623
3273	7164	0.047193
6241	7164	0.047193
4059	7165	0.0614439
4295	7165	0.0614439
4186	7166	0.137269
788	7166	0.137269
5077	7167	0.376086
5658	7167	0.376086
4276	7168	0.15741
795	7168	0.15741
7168	7169	0.151868
2316	7169	0.151868
7167	7170	0.112811
7169	7170	0.112811
4061	7171	0.0691656
3296	7171	0.0691656
7170	7172	0.0664625
2943	7172	0.0664625
7171	7172	0.0664625
814	7173	0.0803805
3799	7173	0.0803805
4717	7174	0.158854
823	7174	0.158854
7174	7175	0.0560305
1476	7175	0.0560305
3175	7176	0.0524251
7175	7176	0.0524251
2843	7177	0.0811758
983	7177	0.0811758
4834	7178	0.0756105
858	7178	0.0756105
5979	7179	0.144294
865	7179	0.144294
3922	7180	0.141043
7179	7180	0.141043
7180	7181	0.0620506
2562	7181	0.0620506
4432	7182	0.0605071
7181	7182	0.0605071
6149	7183	0.0724645
5854	7183	0.0724645
5855	7184	0.0635567
7183	7184	0.0635567
7184	7185	0.0602616
6153	7185	0.0602616
6160	7186	0.0596218
7185	7186	0.0596218
7182	7187	0.0582184
5060	7187	0.0582184
6148	7188	0.048944
7186	7188	0.048944
7187	7189	0.04609
7188	7189	0.04609
3221	7190	0.0963098
2484	7190	0.0963098
7190	7191	0.0922153
5791	7191	0.0922153
3804	7192	0.0860032
2941	7192	0.0860032
7191	7193	0.0840236
7192	7193	0.0840236
7193	7194	0.0728863
2407	7194	0.0728863
3870	7195	0.0644877
7194	7195	0.0644877
7195	7196	0.0572655
879	7196	0.0572655
1531	7197	0.0570955
7196	7197	0.0570955
5186	7198	0.0527827
1696	7198	0.0527827
5964	7199	0.212456
2132	7199	0.212456
3953	7200	0.0550127
932	7200	0.0550127
2245	7201	0.0703175
3127	7201	0.0703175
968	7202	0.0600376
7201	7202	0.0600376
4795	7203	0.115075
5280	7203	0.115075
7203	7204	0.0465361
4674	7204	0.0465361
3997	7205	0.084865
1227	7205	0.084865
1511	7206	0.0821252
7205	7206	0.0821252
7206	7207	0.0533352
5538	7207	0.0533352
1715	7208	0.0525666
7207	7208	0.0525666
3514	7209	0.109304
2302	7209	0.109304
4036	7210	0.0745617
2750	7210	0.0745617
7209	7211	0.0946483
3344	7211	0.0946483
7211	7212	0.0891135
1022	7212	0.0891135
7210	7213	0.0719684
7212	7213	0.0719684
7213	7214	0.0525495
1016	7214	0.0525495
4638	7215	0.044418
6127	7215	0.044418
3772	7216	0.0681594
1032	7216	0.0681594
7216	7217	0.0597814
4076	7217	0.0597814
7217	7218	0.0517195
4077	7218	0.0517195
1037	7219	0.0627597
1567	7219	0.0627597
3937	7220	0.157623
3357	7220	0.157623
1040	7221	0.157034
7220	7221	0.157034
3991	7222	0.107651
5899	7222	0.107651
2902	7223	0.0530812
5064	7223	0.0530812
7222	7224	0.0631431
1080	7224	0.0631431
7223	7225	0.0450324
7224	7225	0.0450324
2894	7226	0.0441523
7225	7226	0.0441523
1959	7226	0.0441523
4960	7226	0.0441523
5217	7227	0.0490687
1055	7227	0.0490687
3843	7228	0.0921577
5729	7228	0.0921577
7228	7229	0.0632849
1064	7229	0.0632849
1103	7230	0.140316
2849	7230	0.140316
1810	7231	0.0812712
6015	7231	0.0812712
1108	7232	0.0721918
7231	7232	0.0721918
2403	7233	0.0763085
1304	7233	0.0763085
3086	7234	0.0695769
7232	7234	0.0695769
2041	7235	0.0662496
7233	7235	0.0662496
7234	7236	0.0622786
7235	7236	0.0622786
4706	7237	0.060897
4855	7237	0.060897
5261	7237	0.060897
7237	7238	0.0594759
5924	7238	0.0594759
7238	7239	0.0589502
2369	7239	0.0589502
7239	7240	0.056078
3277	7240	0.056078
4822	7241	0.047049
3831	7241	0.047049
1163	7242	0.0469972
7241	7242	0.0469972
5040	7243	0.0661295
4623	7243	0.0661295
4176	7244	0.061531
7243	7244	0.061531
7244	7245	0.0507856
1198	7245	0.0507856
5136	7246	0.0589832
3096	7246	0.0589832
4010	7247	0.184898
2008	7247	0.184898
3646	7248	0.0885357
4518	7248	0.0885357
1564	7249	0.0786371
7248	7249	0.0786371
7249	7250	0.0786224
1972	7250	0.0786224
1253	7251	0.0788148
4322	7251	0.0788148
4136	7252	0.056324
1259	7252	0.056324
3376	7253	0.0508813
5002	7253	0.0508813
2456	7254	0.0686405
3258	7254	0.0686405
7254	7255	0.0460351
4250	7255	0.0460351
6277	7256	0.0445115
1343	7256	0.0445115
4910	7257	0.0723088
4784	7257	0.0723088
7257	7258	0.0565441
4534	7258	0.0565441
7258	7259	0.0529513
4909	7259	0.0529513
4830	7260	0.0448682
7259	7260	0.0448682
7260	7261	0.0448068
3634	7261	0.0448068
1891	7262	0.05159
5250	7262	0.05159
1630	7263	0.0468264
1590	7263	0.0468264
3668	7264	0.195097
5309	7264	0.195097
7264	7265	0.0522766
2148	7265	0.0522766
4081	7266	0.0986981
5277	7266	0.0986981
1478	7267	0.100433
3619	7267	0.100433
2903	7268	0.176841
1483	7268	0.176841
7268	7269	0.106344
2591	7269	0.106344
4241	7270	0.0827925
6289	7270	0.0827925
2510	7271	0.0522635
5235	7271	0.0522635
2513	7272	0.0521753
7271	7272	0.0521753
7272	7273	0.046492
2511	7273	0.046492
7273	7274	0.0459544
4815	7274	0.0459544
3093	7275	0.0452033
1530	7275	0.0452033
4856	7276	0.127443
1561	7276	0.127443
4167	7277	0.0928237
1629	7277	0.0928237
3300	7278	0.0978908
1581	7278	0.0978908
7278	7279	0.0799345
3771	7279	0.0799345
7277	7280	0.0705843
7279	7280	0.0705843
1717	7281	0.0469859
3834	7281	0.0469859
1593	7282	0.0736972
2861	7282	0.0736972
3845	7283	0.0658895
7282	7283	0.0658895
4630	7284	0.0655847
7283	7284	0.0655847
7284	7285	0.0465031
1887	7285	0.0465031
1731	7286	0.109338
2265	7286	0.109338
4096	7287	0.108399
7286	7287	0.108399
3387	7288	0.0766471
3742	7288	0.0766471
7288	7289	0.0749639
3998	7289	0.0749639
7289	7290	0.0563805
3776	7290	0.0563805
7290	7291	0.047448
1739	7291	0.047448
4946	7292	0.0443476
7291	7292	0.0443476
5890	7293	0.0837949
4452	7293	0.0837949
7293	7294	0.0702202
2285	7294	0.0702202
7294	7295	0.0614317
6194	7295	0.0614317
7295	7296	0.0581795
5951	7296	0.0581795
7296	7297	0.0544603
5577	7297	0.0544603
2411	7298	0.0905553
3146	7298	0.0905553
7298	7299	0.0680078
1751	7299	0.0680078
3801	7300	0.0537033
5977	7300	0.0537033
4597	7301	0.0671074
2428	7301	0.0671074
3315	7302	0.0546342
5312	7302	0.0546342
3186	7303	0.0518444
7302	7303	0.0518444
7303	7304	0.0475148
4670	7304	0.0475148
7304	7305	0.0461021
6173	7305	0.0461021
1828	7306	0.0444389
3321	7306	0.0444389
2001	7307	0.108462
4143	7307	0.108462
6177	7308	0.058006
4106	7308	0.058006
7307	7309	0.056249
7308	7309	0.056249
1841	7310	0.0476186
7309	7310	0.0476186
5963	7311	0.0660895
5656	7311	0.0660895
5510	7312	0.0659426
7311	7312	0.0659426
4739	7313	0.199839
4737	7313	0.199839
3637	7314	0.0455373
3639	7314	0.0455373
4845	7315	0.223723
5116	7315	0.223723
2699	7316	0.216334
7315	7316	0.216334
7316	7317	0.130496
5792	7317	0.130496
7317	7318	0.0970362
1906	7318	0.0970362
7318	7319	0.0583657
5403	7319	0.0583657
5805	7320	0.155579
3973	7320	0.155579
7320	7321	0.0872639
5284	7321	0.0872639
7321	7322	0.0721978
2320	7322	0.0721978
3571	7323	0.0857437
1960	7323	0.0857437
7323	7324	0.0439328
2288	7324	0.0439328
5079	7325	0.0674099
6124	7325	0.0674099
7325	7326	0.0455922
5994	7326	0.0455922
3872	7327	0.0515744
5968	7327	0.0515744
7327	7328	0.0497131
6311	7328	0.0497131
2686	7329	0.0453009
2186	7329	0.0453009
4511	7330	0.0649431
4500	7330	0.0649431
4471	7331	0.0602686
2374	7331	0.0602686
6295	7332	0.0451817
4206	7332	0.0451817
5104	7332	0.0451817
5024	7333	0.0967322
2485	7333	0.0967322
3943	7334	0.0550001
2775	7334	0.0550001
3149	7335	0.0446245
5884	7335	0.0446245
5950	7336	0.116362
2838	7336	0.116362
7336	7337	0.0890475
6234	7337	0.0890475
6288	7338	0.213382
2947	7338	0.213382
4029	7339	0.268748
6074	7339	0.268748
3019	7340	0.0483764
3504	7340	0.0483764
3020	7341	0.0669107
4727	7341	0.0669107
6320	7342	0.0730364
3734	7342	0.0730364
5231	7343	0.0511315
3034	7343	0.0511315
6031	7344	0.17823
4900	7344	0.17823
7344	7345	0.0668101
4903	7345	0.0668101
7345	7346	0.0550908
5105	7346	0.0550908
4257	7347	0.0438764
6184	7347	0.0438764
3618	7348	0.0445922
3239	7348	0.0445922
4735	7349	0.0506317
4072	7349	0.0506317
4484	7350	0.0599395
4655	7350	0.0599395
3363	7351	0.052339
7350	7351	0.052339
4576	7352	0.0879166
5751	7352	0.0879166
7352	7353	0.0821309
6007	7353	0.0821309
5252	7354	0.0604892
3463	7354	0.0604892
3473	7355	0.056839
5651	7355	0.056839
4959	7356	0.0439837
5398	7356	0.0439837
3735	7357	0.0952814
3488	7357	0.0952814
5286	7358	0.043969
3501	7358	0.043969
3538	7359	0.0511479
5057	7359	0.0511479
5276	7360	0.0561845
4180	7360	0.0561845
4469	7361	0.0515706
4409	7361	0.0515706
6024	7362	0.0777592
5682	7362	0.0777592
7204	7363	0.0397527
1321	7363	0.0397527
7128	7364	0.0318987
664	7364	0.0318987
1107	7365	0.0290894
7364	7365	0.0290894
6566	7366	0.0426165
6019	7366	0.0426165
6571	7367	0.0408982
7366	7367	0.0408982
6570	7368	0.0394158
7367	7368	0.0394158
7368	7369	0.0392915
1973	7369	0.0392915
7369	7370	0.0374113
5245	7370	0.0374113
7158	7371	0.0362748
7370	7371	0.0362748
5659	7372	0.0297306
7371	7372	0.0297306
6817	7373	0.0323904
3071	7373	0.0323904
7086	7374	0.0382812
2927	7374	0.0382812
3962	7375	0.0363056
7281	7375	0.0363056
3626	7376	0.0357125
7375	7376	0.0357125
6881	7377	0.0434949
7275	7377	0.0434949
2851	7378	0.042497
5631	7378	0.042497
7120	7379	0.0411822
7377	7379	0.0411822
7379	7380	0.0396378
7378	7380	0.0396378
892	7381	0.0395965
4126	7381	0.0395965
870	7382	0.0372422
7381	7382	0.0372422
7380	7383	0.0292578
7382	7383	0.0292578
7267	7384	0.0318212
6196	7384	0.0318212
4912	7385	0.029972
7384	7385	0.029972
4579	7386	0.0318153
3173	7386	0.0318153
2827	7387	0.0370012
5982	7387	0.0370012
6965	7388	0.0403292
543	7388	0.0403292
4150	7389	0.0389258
7388	7389	0.0389258
1646	7390	0.0338502
7389	7390	0.0338502
1295	7391	0.0332042
7390	7391	0.0332042
4863	7392	0.0309096
7391	7392	0.0309096
7266	7393	0.0309908
1473	7393	0.0309908
7393	7394	0.0303289
5713	7394	0.0303289
1845	7395	0.0364953
5998	7395	0.0364953
7395	7396	0.0341603
2085	7396	0.0341603
6829	7397	0.0353257
3557	7397	0.0353257
1278	7398	0.040044
3769	7398	0.040044
4703	7399	0.0324139
7396	7399	0.0324139
7397	7400	0.0332027
7398	7400	0.0332027
205	7401	0.0323801
7399	7401	0.0323801
7401	7402	0.0322515
7400	7402	0.0322515
7030	7403	0.0312966
7339	7403	0.0312966
1330	7404	0.0319915
3565	7404	0.0319915
7334	7405	0.0332965
2538	7405	0.0332965
4613	7406	0.0385119
5737	7406	0.0385119
7406	7407	0.0290107
3338	7407	0.0290107
3044	7408	0.0404243
1245	7408	0.0404243
4411	7409	0.040358
7408	7409	0.040358
54	7410	0.0398218
7409	7410	0.0398218
6633	7411	0.0392853
1736	7411	0.0392853
5522	7412	0.0389685
7411	7412	0.0389685
5888	7413	0.0389474
7412	7413	0.0389474
6755	7414	0.0417225
3250	7414	0.0417225
7414	7415	0.0337615
1434	7415	0.0337615
6921	7416	0.0390146
3830	7416	0.0390146
6918	7417	0.0334255
7416	7417	0.0334255
2015	7418	0.0352802
1193	7418	0.0352802
7418	7419	0.0307101
7417	7419	0.0307101
440	7420	0.0303619
7419	7420	0.0303619
778	7421	0.0303256
7420	7421	0.0303256
143	7422	0.0298862
7421	7422	0.0298862
7422	7423	0.0290985
998	7423	0.0290985
3187	7424	0.0405807
2380	7424	0.0405807
7424	7425	0.0392941
702	7425	0.0392941
6837	7426	0.0330619
856	7426	0.0330619
1684	7427	0.0326691
7426	7427	0.0326691
7276	7428	0.0385955
5897	7428	0.0385955
638	7429	0.037325
7428	7429	0.037325
2933	7430	0.0349396
7429	7430	0.0349396
3072	7431	0.0364122
1172	7431	0.0364122
7242	7432	0.0335148
7431	7432	0.0335148
7432	7433	0.0323515
1324	7433	0.0323515
7026	7434	0.0357001
420	7434	0.0357001
4738	7435	0.0338984
3964	7435	0.0338984
995	7436	0.036251
1679	7436	0.036251
4770	7437	0.0370646
2809	7437	0.0370646
2758	7437	0.0370646
7437	7438	0.0356205
2734	7438	0.0356205
7121	7439	0.0391665
1787	7439	0.0391665
7439	7440	0.0370735
1517	7440	0.0370735
6602	7441	0.0391055
4492	7441	0.0391055
6863	7442	0.0373719
512	7442	0.0373719
6021	7443	0.0386494
5319	7443	0.0386494
6923	7444	0.040847
6929	7444	0.040847
7038	7445	0.0422271
7053	7445	0.0422271
6636	7446	0.0420267
7445	7446	0.0420267
263	7447	0.0408973
7446	7447	0.0408973
6598	7448	0.0422354
2040	7448	0.0422354
7305	7449	0.0433654
4285	7449	0.0433654
6554	7450	0.0425576
7449	7450	0.0425576
7450	7451	0.0421589
1809	7451	0.0421589
7451	7452	0.0409196
1838	7452	0.0409196
7452	7453	0.0407366
6907	7453	0.0407366
7453	7454	0.0404672
2599	7454	0.0404672
3899	7455	0.0403948
7454	7455	0.0403948
7301	7456	0.0402181
7455	7456	0.0402181
6811	7457	0.0401605
7456	7457	0.0401605
7448	7458	0.0398857
7457	7458	0.0398857
6998	7459	0.0433309
5099	7459	0.0433309
6627	7460	0.0432041
7459	7460	0.0432041
4414	7461	0.0430864
7460	7461	0.0430864
400	7462	0.0413725
7461	7462	0.0413725
7252	7463	0.0418998
7297	7463	0.0418998
7462	7464	0.0408341
6749	7464	0.0408341
7464	7465	0.0399617
885	7465	0.0399617
7465	7466	0.0398084
7343	7466	0.0398084
7466	7467	0.0397389
7463	7467	0.0397389
7467	7468	0.0396691
296	7468	0.0396691
3682	7469	0.0434093
3253	7469	0.0434093
6804	7470	0.0424129
7469	7470	0.0424129
6646	7471	0.0433221
6899	7471	0.0433221
6885	7472	0.0416635
7471	7472	0.0416635
7472	7473	0.0406498
1049	7473	0.0406498
335	7474	0.0399821
7473	7474	0.0399821
6767	7475	0.0397679
7474	7475	0.0397679
4110	7476	0.0426992
6734	7476	0.0426992
7476	7477	0.0425685
7261	7477	0.0425685
7477	7478	0.0425361
1419	7478	0.0425361
616	7479	0.0418961
3793	7479	0.0418961
3861	7480	0.0415906
7478	7480	0.0415906
7480	7481	0.0414466
7479	7481	0.0414466
1985	7482	0.0413418
7481	7482	0.0413418
7229	7483	0.0423882
3738	7483	0.0423882
7482	7484	0.0409866
2145	7484	0.0409866
7484	7485	0.0409248
7197	7485	0.0409248
7485	7486	0.0404336
5375	7486	0.0404336
7312	7487	0.0403371
1851	7487	0.0403371
7486	7488	0.0401919
7329	7488	0.0401919
7487	7489	0.0403332
7483	7489	0.0403332
7488	7490	0.040179
7489	7490	0.040179
7490	7491	0.0399274
2955	7491	0.0399274
1726	7492	0.0419977
1645	7492	0.0419977
7119	7493	0.04131
7492	7493	0.04131
766	7494	0.0407617
7493	7494	0.0407617
1297	7495	0.0424922
4018	7495	0.0424922
7337	7496	0.041823
7355	7496	0.041823
3578	7497	0.0396951
7496	7497	0.0396951
7447	7498	0.0380474
360	7498	0.0380474
4776	7499	0.0378286
7498	7499	0.0378286
7458	7500	0.0393287
4231	7500	0.0393287
7500	7501	0.039134
7468	7501	0.039134
2031	7502	0.038964
7501	7502	0.038964
7502	7503	0.0388238
4277	7503	0.0388238
7444	7504	0.0387951
7503	7504	0.0387951
7475	7505	0.0393305
4268	7505	0.0393305
7470	7506	0.038788
7505	7506	0.038788
7354	7507	0.0389819
5014	7507	0.0389819
7506	7508	0.038766
4192	7508	0.038766
4120	7509	0.0387458
7508	7509	0.0387458
6257	7510	0.0382397
7509	7510	0.0382397
5992	7511	0.0380657
7510	7511	0.0380657
7504	7512	0.0378207
7511	7512	0.0378207
1310	7513	0.0378507
7507	7513	0.0378507
7512	7514	0.0378086
7513	7514	0.0378086
4338	7515	0.0394357
7333	7515	0.0394357
7491	7516	0.0392949
2247	7516	0.0392949
4561	7517	0.038189
7516	7517	0.038189
3901	7518	0.0380093
7517	7518	0.0380093
7518	7519	0.0376903
5240	7519	0.0376903
7064	7520	0.0382116
3307	7520	0.0382116
7520	7521	0.0380058
7495	7521	0.0380058
4734	7522	0.037675
7521	7522	0.037675
5321	7523	0.0385955
5243	7523	0.0385955
4024	7524	0.0377866
7523	7524	0.0377866
7514	7525	0.037491
4844	7525	0.037491
3976	7526	0.0373791
7525	7526	0.0373791
7526	7527	0.037279
6913	7527	0.037279
5725	7528	0.037
7527	7528	0.037
7499	7529	0.0368388
7528	7529	0.0368388
7060	7530	0.037104
965	7530	0.037104
7519	7531	0.0376457
7524	7531	0.0376457
7531	7532	0.0376068
382	7532	0.0376068
7532	7533	0.0375644
7522	7533	0.0375644
7533	7534	0.0373001
1556	7534	0.0373001
7534	7535	0.0371779
667	7535	0.0371779
7023	7536	0.0375941
7497	7536	0.0375941
7536	7537	0.0368547
3748	7537	0.0368547
2127	7538	0.0367965
7529	7538	0.0367965
2840	7539	0.0366668
7538	7539	0.0366668
7535	7540	0.036732
3224	7540	0.036732
5479	7541	0.0366336
7540	7541	0.0366336
7494	7542	0.0365962
7541	7542	0.0365962
7515	7543	0.036436
7542	7543	0.036436
6916	7544	0.0363197
7543	7544	0.0363197
3606	7545	0.0361409
7539	7545	0.0361409
7544	7546	0.035979
6313	7546	0.035979
7545	7547	0.0359665
7546	7547	0.0359665
4751	7547	0.0359665
7547	7548	0.0358066
7537	7548	0.0358066
7548	7549	0.0357954
1133	7549	0.0357954
7530	7550	0.0357156
7549	7550	0.0357156
6650	7551	0.0385102
2680	7551	0.0385102
5238	7552	0.0401084
1727	7552	0.0401084
6634	7553	0.0391225
1224	7553	0.0391225
110	7554	0.0388411
7553	7554	0.0388411
6922	7555	0.0425211
2740	7555	0.0425211
7555	7556	0.0419848
291	7556	0.0419848
7082	7557	0.0413374
542	7557	0.0413374
7097	7558	0.0429572
5158	7558	0.0429572
4642	7559	0.0419951
7558	7559	0.0419951
7559	7560	0.0376946
3033	7560	0.0376946
6735	7561	0.0424707
5705	7561	0.0424707
7561	7562	0.0372276
4355	7562	0.0372276
7562	7563	0.0367152
2440	7563	0.0367152
7563	7564	0.0366587
1263	7564	0.0366587
6747	7565	0.0395242
2080	7565	0.0395242
6835	7566	0.0433317
1316	7566	0.0433317
7566	7567	0.0363328
415	7567	0.0363328
6798	7568	0.0414718
996	7568	0.0414718
485	7569	0.0400075
3280	7569	0.0400075
7055	7570	0.0397367
7569	7570	0.0397367
7568	7571	0.0386938
5621	7571	0.0386938
7571	7572	0.0356719
7570	7572	0.0356719
151	7573	0.0369829
5341	7573	0.0369829
6810	7574	0.0383117
4249	7574	0.0383117
6809	7575	0.0381271
7574	7575	0.0381271
835	7576	0.0372072
7575	7576	0.0372072
7576	7577	0.03709
3656	7577	0.03709
6825	7578	0.0431559
3304	7578	0.0431559
7578	7579	0.0419373
365	7579	0.0419373
7579	7580	0.040755
1208	7580	0.040755
2864	7581	0.0416512
6852	7581	0.0416512
5971	7582	0.0410867
7581	7582	0.0410867
6873	7583	0.042688
4448	7583	0.042688
7346	7584	0.0399574
7360	7584	0.0399574
7079	7585	0.0424636
3061	7585	0.0424636
4775	7586	0.0366897
7585	7586	0.0366897
1944	7587	0.0364741
7586	7587	0.0364741
7226	7588	0.0433804
3115	7588	0.0433804
7588	7589	0.0432812
5012	7589	0.0432812
5313	7590	0.0414634
5673	7590	0.0414634
7589	7591	0.0411267
7590	7591	0.0411267
7591	7592	0.0408612
2410	7592	0.0408612
7299	7593	0.0386811
7592	7593	0.0386811
7593	7594	0.037725
5709	7594	0.037725
228	7595	0.0369214
7594	7595	0.0369214
6877	7596	0.0361466
7595	7596	0.0361466
7031	7597	0.0417459
3582	7597	0.0417459
7597	7598	0.04024
4361	7598	0.04024
6934	7599	0.0372314
7598	7599	0.0372314
7599	7600	0.036538
1426	7600	0.036538
672	7601	0.0431729
6941	7601	0.0431729
7601	7602	0.0370586
3016	7602	0.0370586
4173	7603	0.0377179
353	7603	0.0377179
6944	7604	0.0404323
5068	7604	0.0404323
7604	7605	0.0382804
1529	7605	0.0382804
7605	7606	0.0355753
4836	7606	0.0355753
6966	7607	0.0414531
5038	7607	0.0414531
4356	7608	0.0376131
2842	7608	0.0376131
5088	7609	0.043473
830	7609	0.043473
3122	7610	0.0378903
7609	7610	0.0378903
7610	7611	0.0371131
5801	7611	0.0371131
6975	7612	0.03642
7611	7612	0.03642
7612	7613	0.0361201
344	7613	0.0361201
6983	7614	0.0399916
1816	7614	0.0399916
7614	7615	0.037465
7029	7615	0.037465
7032	7616	0.0368303
7033	7616	0.0368303
7068	7617	0.0421382
2274	7617	0.0421382
569	7618	0.035926
1247	7618	0.035926
7099	7619	0.0393908
5813	7619	0.0393908
4124	7620	0.0372499
964	7620	0.0372499
7137	7621	0.0427857
7145	7621	0.0427857
2364	7622	0.0414096
3516	7622	0.0414096
7240	7623	0.036869
1642	7623	0.036869
7623	7624	0.0368368
4729	7624	0.0368368
7624	7625	0.0360362
1158	7625	0.0360362
7263	7626	0.0408612
2642	7626	0.0408612
5523	7627	0.0399982
7626	7627	0.0399982
3974	7628	0.0369534
3547	7628	0.0369534
1883	7629	0.0365736
7628	7629	0.0365736
7332	7630	0.0398243
2383	7630	0.0398243
5520	7631	0.0386811
7630	7631	0.0386811
3270	7632	0.0366064
2397	7632	0.0366064
7338	7633	0.0418965
4475	7633	0.0418965
3912	7634	0.0397478
7633	7634	0.0397478
3279	7635	0.038188
3058	7635	0.038188
5639	7636	0.0376693
6145	7636	0.0376693
7443	7637	0.0352161
7618	7637	0.0352161
2027	7638	0.0349608
7637	7638	0.0349608
7638	7639	0.0345286
9	7639	0.0345286
6900	7640	0.0340614
7639	7640	0.0340614
7640	7641	0.0325551
4164	7641	0.0325551
7557	7642	0.0320455
5230	7642	0.0320455
7582	7643	0.0346833
7620	7643	0.0346833
7198	7644	0.0333742
7643	7644	0.0333742
7440	7645	0.0346773
1190	7645	0.0346773
266	7646	0.0339652
7645	7646	0.0339652
5840	7647	0.0337859
7646	7647	0.0337859
4116	7648	0.034296
5741	7648	0.034296
4097	7649	0.0333626
7648	7649	0.0333626
3950	7650	0.0348817
2723	7650	0.0348817
1059	7651	0.0353983
7550	7651	0.0353983
7651	7652	0.0351085
6743	7652	0.0351085
7560	7653	0.0355301
7564	7653	0.0355301
7652	7654	0.0350357
7556	7654	0.0350357
7653	7654	0.0350357
7654	7655	0.0349503
5817	7655	0.0349503
6286	7656	0.0348367
4883	7656	0.0348367
7655	7657	0.034735
1007	7657	0.034735
6988	7658	0.0345215
7657	7658	0.0345215
7656	7659	0.0342614
7658	7659	0.0342614
7659	7660	0.0342175
4640	7660	0.0342175
7613	7661	0.0353431
7632	7661	0.0353431
7661	7662	0.0346502
4961	7662	0.0346502
7660	7663	0.034121
3908	7663	0.034121
7650	7664	0.0340269
7663	7664	0.0340269
5704	7665	0.0340191
7664	7665	0.0340191
7665	7666	0.0340124
5233	7666	0.0340124
7666	7667	0.0339143
5565	7667	0.0339143
7667	7668	0.0339066
5395	7668	0.0339066
7441	7669	0.0338631
7668	7669	0.0338631
7669	7670	0.0336524
7662	7670	0.0336524
7600	7671	0.0335178
7670	7671	0.0335178
7671	7672	0.0333566
3222	7672	0.0333566
7672	7673	0.0333462
1127	7673	0.0333462
7673	7674	0.0333177
684	7674	0.0333177
7583	7675	0.0350135
4401	7675	0.0350135
2423	7676	0.0338185
7596	7676	0.0338185
7627	7677	0.0329357
1436	7677	0.0329357
7677	7678	0.0329082
2641	7678	0.0329082
7674	7679	0.0333072
3443	7679	0.0333072
7679	7680	0.0332153
1592	7680	0.0332153
7680	7681	0.0331907
2229	7681	0.0331907
1475	7682	0.0330671
7681	7682	0.0330671
7682	7683	0.0329924
7584	7683	0.0329924
7683	7684	0.0329886
6001	7684	0.0329886
7647	7685	0.0329417
7684	7685	0.0329417
7625	7686	0.0332724
3164	7686	0.0332724
7685	7687	0.0328467
6016	7687	0.0328467
7687	7688	0.0327605
7676	7688	0.0327605
7688	7689	0.0327574
2088	7689	0.0327574
3878	7690	0.0326796
7689	7690	0.0326796
7690	7691	0.032666
776	7691	0.032666
7691	7692	0.03259
4926	7692	0.03259
7692	7693	0.0325582
7686	7693	0.0325582
7176	7694	0.0325167
3036	7694	0.0325167
7678	7695	0.0321227
7694	7695	0.0321227
7693	7696	0.0323553
6296	7696	0.0323553
6536	7697	0.0323546
7696	7697	0.0323546
7649	7698	0.0323437
7697	7698	0.0323437
7698	7699	0.0323398
1260	7699	0.0323398
7699	7700	0.0323173
2935	7700	0.0323173
7700	7701	0.0321837
7636	7701	0.0321837
7701	7702	0.0321638
486	7702	0.0321638
7702	7703	0.0320942
4278	7703	0.0320942
7703	7704	0.0320901
4091	7704	0.0320901
7704	7705	0.0320606
2281	7705	0.0320606
7442	7706	0.0320127
7705	7706	0.0320127
7675	7706	0.0320127
689	7706	0.0320127
7162	7707	0.0320112
7695	7707	0.0320112
7706	7708	0.0319556
5642	7708	0.0319556
7707	7709	0.031929
7708	7709	0.031929
2926	7710	0.0319146
7709	7710	0.0319146
7551	7711	0.0342521
45	7711	0.0342521
7711	7712	0.0341703
751	7712	0.0341703
6563	7713	0.0321262
7552	7713	0.0321262
7572	7714	0.0338347
2882	7714	0.0338347
7714	7715	0.0331006
929	7715	0.0331006
7715	7716	0.03283
7348	7716	0.03283
7178	7717	0.0328253
7716	7717	0.0328253
7717	7718	0.0322867
5861	7718	0.0322867
6822	7719	0.0353153
7580	7719	0.0353153
7719	7720	0.0324085
1121	7720	0.0324085
7621	7721	0.0352429
1966	7721	0.0352429
4994	7722	0.0324451
7721	7722	0.0324451
1391	7723	0.0348752
7573	7723	0.0348752
7723	7724	0.0341254
7602	7724	0.0341254
7724	7725	0.0334143
7577	7725	0.0334143
6860	7726	0.0324756
2677	7726	0.0324756
7726	7727	0.0320713
2430	7727	0.0320713
3352	7728	0.0337874
7606	7728	0.0337874
5600	7729	0.0332689
7728	7729	0.0332689
7729	7730	0.0328837
4030	7730	0.0328837
3183	7731	0.0330757
3600	7731	0.0330757
7617	7732	0.0319668
7731	7732	0.0319668
3037	7733	0.0319388
7732	7733	0.0319388
7074	7734	0.0344955
5000	7734	0.0344955
7734	7735	0.0322292
514	7735	0.0322292
904	7736	0.0345947
5981	7736	0.0345947
7736	7737	0.0342066
685	7737	0.0342066
7619	7738	0.0333433
7737	7738	0.0333433
7738	7739	0.0319865
601	7739	0.0319865
1831	7740	0.0334878
7151	7740	0.0334878
1747	7741	0.0336751
6051	7741	0.0336751
3244	7742	0.0329579
5708	7742	0.0329579
7635	7743	0.0350011
4533	7743	0.0350011
5154	7744	0.0322552
3491	7744	0.0322552
7615	7745	0.0305321
354	7745	0.0305321
7641	7746	0.030778
7743	7746	0.030778
7745	7747	0.0304183
7746	7747	0.0304183
7644	7748	0.0315318
1323	7748	0.0315318
3230	7749	0.0309039
7748	7749	0.0309039
3847	7750	0.0309849
1274	7750	0.0309849
7075	7751	0.0305527
7735	7751	0.0305527
7335	7752	0.0318064
4365	7752	0.0318064
3693	7753	0.0317883
7710	7753	0.0317883
7753	7754	0.0317286
7744	7754	0.0317286
3462	7755	0.0316771
7754	7755	0.0316771
6657	7756	0.0316208
6662	7756	0.0316208
7755	7756	0.0316208
7722	7757	0.0315993
7740	7757	0.0315993
7756	7758	0.0315846
1156	7758	0.0315846
7758	7759	0.0314521
7720	7759	0.0314521
7757	7759	0.0314521
7725	7759	0.0314521
7759	7760	0.0314216
1052	7760	0.0314216
1350	7761	0.0314209
7760	7761	0.0314209
7629	7762	0.0315865
2527	7762	0.0315865
7761	7763	0.0313703
7718	7763	0.0313703
6216	7763	0.0313703
7763	7764	0.0313483
5255	7764	0.0313483
7764	7765	0.0313313
3907	7765	0.0313313
6815	7766	0.0313206
7765	7766	0.0313206
7766	7767	0.0312917
4726	7767	0.0312917
7762	7767	0.0312917
7767	7768	0.0312553
4236	7768	0.0312553
7768	7769	0.0312438
7608	7769	0.0312438
7567	7770	0.0312356
7769	7770	0.0312356
7554	7771	0.0312216
7770	7771	0.0312216
7160	7772	0.0312668
7727	7772	0.0312668
7603	7773	0.0313493
7730	7773	0.0313493
1066	7774	0.0311441
7771	7774	0.0311441
7774	7775	0.0310949
1542	7775	0.0310949
7775	7776	0.0309581
5618	7776	0.0309581
7776	7777	0.0309085
2604	7777	0.0309085
7777	7778	0.0308715
7741	7778	0.0308715
7778	7779	0.030818
5329	7779	0.030818
908	7780	0.0307476
7779	7780	0.0307476
7634	7781	0.0307417
7780	7781	0.0307417
7781	7782	0.0307378
1453	7782	0.0307378
2993	7783	0.0311716
7772	7783	0.0311716
1499	7784	0.030954
7783	7784	0.030954
3154	7785	0.0307208
7782	7785	0.0307208
7071	7786	0.0307146
7785	7786	0.0307146
7314	7787	0.0306954
7786	7787	0.0306954
7787	7788	0.0306901
7773	7788	0.0306901
7788	7789	0.030682
1812	7789	0.030682
5140	7790	0.0306742
7789	7790	0.0306742
7790	7791	0.0306636
7784	7791	0.0306636
7791	7792	0.0305663
1860	7792	0.0305663
7792	7793	0.030486
7631	7793	0.030486
5626	7794	0.0313519
1117	7794	0.0313519
2629	7795	0.0305452
7616	7795	0.0305452
7622	7796	0.0304973
1537	7796	0.0304973
743	7797	0.0312864
5287	7797	0.0312864
4242	7798	0.0301096
7747	7798	0.0301096
309	7799	0.0300706
7798	7799	0.0300706
7799	7800	0.0297995
7607	7800	0.0297995
7642	7801	0.0299162
721	7801	0.0299162
3975	7802	0.0299214
7752	7802	0.0299214
1131	7803	0.0304127
7793	7803	0.0304127
7803	7804	0.0302496
7733	7804	0.0302496
5128	7805	0.0302293
7804	7805	0.0302293
7805	7806	0.0302024
4932	7806	0.0302024
4131	7806	0.0302024
1240	7807	0.0301344
7806	7807	0.0301344
7807	7808	0.0301332
1586	7808	0.0301332
4412	7809	0.0301221
7808	7809	0.0301221
7809	7810	0.0300448
5202	7810	0.0300448
3580	7811	0.0300255
7810	7811	0.0300255
7811	7812	0.0300005
5273	7812	0.0300005
7749	7813	0.0299778
7812	7813	0.0299778
7813	7814	0.0299063
1268	7814	0.0299063
7814	7815	0.0298846
3541	7815	0.0298846
7815	7816	0.0298582
1284	7816	0.0298582
283	7817	0.0298419
7816	7817	0.0298419
7817	7818	0.0298315
411	7818	0.0298315
5281	7819	0.0298074
7818	7819	0.0298074
5634	7820	0.0297757
7819	7820	0.0297757
2055	7821	0.0297601
7820	7821	0.0297601
7712	7822	0.030094
1930	7822	0.030094
7796	7823	0.0298355
7797	7823	0.0298355
7742	7824	0.029927
2880	7824	0.029927
7072	7825	0.0295713
7751	7825	0.0295713
7800	7826	0.0295572
7825	7826	0.0295572
7821	7827	0.0297527
774	7827	0.0297527
7827	7828	0.029744
6054	7828	0.029744
5137	7829	0.0297527
7823	7829	0.0297527
7828	7830	0.0296933
7565	7830	0.0296933
7829	7830	0.0296933
6663	7831	0.0296927
7830	7831	0.0296927
7750	7832	0.029629
7831	7832	0.029629
1915	7833	0.0296211
7832	7833	0.0296211
7833	7834	0.0295836
4920	7834	0.0295836
7801	7835	0.0294665
7834	7835	0.0294665
7802	7836	0.0294401
7835	7836	0.0294401
7836	7837	0.0294164
3564	7837	0.0294164
7822	7838	0.0294164
7713	7838	0.0294164
351	7838	0.0294164
4596	7838	0.0294164
7739	7838	0.0294164
7826	7839	0.0294132
7837	7839	0.0294132
7824	7839	0.0294132
7839	7840	0.0293629
7795	7840	0.0293629
7840	7841	0.0293006
3042	7841	0.0293006
7841	7842	0.029233
2690	7842	0.029233
7842	7843	0.0291386
7794	7843	0.0291386
7838	7844	0.029167
6114	7844	0.029167
7843	7845	0.0291147
4645	7845	0.0291147
7844	7845	0.0291147
7587	7846	0.0290985
7845	7846	0.0290985
988	7846	0.0290985
7846	7847	0.0290922
254	7847	0.0290922
7154	7848	0.0290187
7847	7848	0.0290187
7319	7849	0.0289964
7848	7849	0.0289964
7849	7850	0.0289507
2683	7850	0.0289507
3	7851	0.0317286
5870	7851	0.0317286
1029	7852	0.0397752
6572	7852	0.0397752
7852	7853	0.0331109
7215	7853	0.0331109
7853	7854	0.0325761
1019	7854	0.0325761
165	7855	0.0374997
17	7855	0.0374997
18	7856	0.038722
7245	7856	0.038722
5935	7857	0.0386722
7856	7857	0.0386722
6640	7858	0.0412799
1212	7858	0.0412799
7135	7859	0.0394906
7858	7859	0.0394906
2070	7860	0.0372733
7859	7860	0.0372733
2079	7861	0.0370911
7860	7861	0.0370911
7322	7862	0.0414968
3972	7862	0.0414968
7862	7863	0.0407449
1921	7863	0.0407449
7861	7864	0.0356026
1187	7864	0.0356026
7864	7865	0.0339439
1862	7865	0.0339439
107	7866	0.0310542
1471	7866	0.0310542
7865	7867	0.0302879
7863	7867	0.0302879
7867	7868	0.0298776
926	7868	0.0298776
7868	7869	0.0291367
7866	7869	0.0291367
6641	7870	0.0294232
37	7870	0.0294232
6655	7871	0.0371696
2066	7871	0.0371696
7326	7872	0.0291315
7871	7872	0.0291315
6736	7873	0.0388719
3075	7873	0.0388719
7873	7874	0.0340161
1848	7874	0.0340161
67	7875	0.0381488
7107	7875	0.0381488
7875	7876	0.0359642
5003	7876	0.0359642
5336	7877	0.0348915
7876	7877	0.0348915
7159	7878	0.0374974
2610	7878	0.0374974
102	7879	0.0358909
7878	7879	0.0358909
6758	7880	0.0348794
1526	7880	0.0348794
4053	7881	0.0298976
5955	7881	0.0298976
6803	7882	0.0319654
4239	7882	0.0319654
6244	7883	0.0382707
2720	7883	0.0382707
7883	7884	0.0329807
1795	7884	0.0329807
7884	7885	0.0301066
1876	7885	0.0301066
7885	7886	0.0290288
2396	7886	0.0290288
1036	7887	0.0433421
4804	7887	0.0433421
4457	7888	0.0426822
7887	7888	0.0426822
7888	7889	0.0424472
3916	7889	0.0424472
7889	7890	0.0292578
4263	7890	0.0292578
623	7891	0.0291855
5627	7891	0.0291855
566	7892	0.0432867
1910	7892	0.0432867
7892	7893	0.0352991
4201	7893	0.0352991
207	7894	0.0429152
2169	7894	0.0429152
7894	7895	0.0325147
5850	7895	0.0325147
1291	7896	0.030954
7895	7896	0.030954
6857	7897	0.0427882
225	7897	0.0427882
7897	7898	0.0418203
1115	7898	0.0418203
7898	7899	0.0389873
3822	7899	0.0389873
7899	7900	0.0378984
264	7900	0.0378984
2189	7901	0.0290575
7900	7901	0.0290575
7262	7902	0.0386494
2544	7902	0.0386494
6864	7903	0.0295209
2597	7903	0.0295209
5422	7903	0.0295209
6027	7904	0.0344945
3497	7904	0.0344945
5169	7905	0.0385776
6875	7905	0.0385776
7905	7906	0.0376394
7274	7906	0.0376394
7270	7907	0.034812
7906	7907	0.034812
4614	7908	0.032508
7907	7908	0.032508
7280	7909	0.0421132
5409	7909	0.0421132
7908	7910	0.0324567
2896	7910	0.0324567
7910	7911	0.0303974
7909	7911	0.0303974
7911	7912	0.0295369
1491	7912	0.0295369
7088	7913	0.0290218
7912	7913	0.0290218
6876	7914	0.0433244
4121	7914	0.0433244
7914	7915	0.0290073
5097	7915	0.0290073
6984	7916	0.0361976
367	7916	0.0361976
7916	7917	0.0361071
4996	7917	0.0361071
6953	7918	0.0376299
2830	7918	0.0376299
5632	7919	0.0369756
7918	7919	0.0369756
7219	7920	0.0353352
1552	7920	0.0353352
2847	7921	0.0423917
7328	7921	0.0423917
7921	7922	0.0408214
4785	7922	0.0408214
7922	7923	0.0401259
2177	7923	0.0401259
3076	7924	0.0372932
7923	7924	0.0372932
7924	7925	0.0309581
5687	7925	0.0309581
7925	7926	0.0297923
4598	7926	0.0297923
1317	7927	0.042247
2136	7927	0.042247
912	7928	0.0403932
358	7928	0.0403932
7927	7929	0.038146
7928	7929	0.038146
5852	7930	0.0366885
7929	7930	0.0366885
5406	7931	0.0423614
6986	7931	0.0423614
7931	7932	0.0394716
1472	7932	0.0394716
7932	7933	0.0310125
2786	7933	0.0310125
2649	7934	0.0425211
861	7934	0.0425211
4177	7935	0.0425093
7934	7935	0.0425093
7006	7936	0.0424573
3401	7936	0.0424573
7936	7937	0.0342424
3938	7937	0.0342424
4940	7938	0.0337225
7937	7938	0.0337225
7938	7939	0.0335758
2975	7939	0.0335758
7935	7940	0.0326733
7939	7940	0.0326733
2915	7941	0.031016
7940	7941	0.031016
7941	7942	0.0295884
1251	7942	0.0295884
1057	7943	0.0301035
884	7943	0.0301035
7943	7944	0.0298189
1758	7944	0.0298189
3605	7945	0.0326328
2209	7945	0.0326328
7358	7946	0.0314447
7945	7946	0.0314447
7946	7947	0.0296588
3594	7947	0.0296588
1166	7948	0.0372579
7010	7948	0.0372579
3482	7949	0.0396691
2543	7949	0.0396691
3875	7950	0.0367534
7949	7950	0.0367534
657	7951	0.0405307
958	7951	0.0405307
427	7952	0.0391109
7951	7952	0.0391109
2277	7953	0.0374746
1988	7953	0.0374746
1942	7954	0.03464
7953	7954	0.03464
7954	7955	0.0345342
3914	7955	0.0345342
7952	7956	0.0338423
7955	7956	0.0338423
449	7957	0.0325576
4773	7957	0.0325576
875	7958	0.029596
7957	7958	0.029596
7098	7959	0.0429403
2044	7959	0.0429403
7959	7960	0.0381638
5171	7960	0.0381638
7960	7961	0.0293595
5127	7961	0.0293595
5831	7962	0.0299712
5531	7962	0.0299712
3299	7963	0.0410551
3595	7963	0.0410551
1840	7964	0.0383319
7963	7964	0.0383319
7964	7965	0.0359226
1970	7965	0.0359226
4335	7966	0.0369449
3913	7966	0.0369449
7065	7967	0.0346766
7965	7967	0.0346766
4985	7968	0.034593
7967	7968	0.034593
4095	7969	0.0337135
7968	7969	0.0337135
7969	7970	0.0305055
489	7970	0.0305055
7970	7971	0.0302522
7966	7971	0.0302522
7164	7972	0.0355892
2104	7972	0.0355892
5557	7973	0.0367593
3219	7973	0.0367593
628	7974	0.042569
5965	7974	0.042569
6207	7975	0.0414005
7974	7975	0.0414005
7069	7976	0.0318665
5579	7976	0.0318665
493	7977	0.0289905
7976	7977	0.0289905
7066	7978	0.0326321
3323	7978	0.0326321
7084	7979	0.0344835
544	7979	0.0344835
4380	7980	0.0349503
1447	7980	0.0349503
7100	7981	0.0330861
7980	7981	0.0330861
552	7982	0.0329272
7981	7982	0.0329272
3612	7983	0.032565
7982	7983	0.032565
4311	7984	0.037512
677	7984	0.037512
2464	7985	0.0367866
683	7985	0.0367866
3675	7986	0.0320623
1503	7986	0.0320623
3528	7987	0.0313155
7986	7987	0.0313155
3003	7988	0.041662
1765	7988	0.041662
7157	7989	0.0370836
5376	7989	0.0370836
7988	7990	0.0353379
7989	7990	0.0353379
7990	7991	0.0323154
5752	7991	0.0323154
5929	7992	0.0383608
773	7992	0.0383608
7992	7993	0.0380736
722	7993	0.0380736
7993	7994	0.0331566
2811	7994	0.0331566
7994	7995	0.0303007
2660	7995	0.0303007
7995	7996	0.0297011
1432	7996	0.0297011
7161	7997	0.0419457
6225	7997	0.0419457
7997	7998	0.0383057
5016	7998	0.0383057
7998	7999	0.0373363
1495	7999	0.0373363
7999	8000	0.0305187
2682	8000	0.0305187
8000	8001	0.0301208
3728	8001	0.0301208
8001	8002	0.0298745
5985	8002	0.0298745
8002	8003	0.0293828
758	8003	0.0293828
4454	8004	0.0300238
847	8004	0.0300238
7292	8005	0.0314606
2997	8005	0.0314606
7199	8006	0.0317094
895	8006	0.0317094
910	8007	0.0426495
4825	8007	0.0426495
4541	8008	0.0369885
2058	8008	0.0369885
1518	8009	0.0351071
8008	8009	0.0351071
8009	8010	0.0303215
914	8010	0.0303215
946	8011	0.0367976
1870	8011	0.0367976
7218	8012	0.0351504
6086	8012	0.0351504
6193	8013	0.0313107
8012	8013	0.0313107
1524	8014	0.0316248
1153	8014	0.0316248
7221	8015	0.0299731
8014	8015	0.0299731
1086	8016	0.037491
3711	8016	0.037491
2556	8017	0.0414791
3457	8017	0.0414791
4894	8018	0.0347086
8017	8018	0.0347086
8016	8019	0.0339024
8018	8019	0.0339024
8019	8020	0.0329985
4680	8020	0.0329985
5125	8021	0.042597
1655	8021	0.042597
8021	8022	0.040417
5498	8022	0.040417
8022	8023	0.0396443
2061	8023	0.0396443
7351	8024	0.0418467
5608	8024	0.0418467
8024	8025	0.0316969
3554	8025	0.0316969
5201	8026	0.0402891
4405	8026	0.0402891
3377	8027	0.0385496
8026	8027	0.0385496
5242	8028	0.0420803
1893	8028	0.0420803
8027	8029	0.0340622
4404	8029	0.0340622
8028	8029	0.0340622
8029	8030	0.0332892
4333	8030	0.0332892
5530	8031	0.0323592
8030	8031	0.0323592
8031	8032	0.0311667
3935	8032	0.0311667
8032	8033	0.0297966
3941	8033	0.0297966
6292	8034	0.0293753
8033	8034	0.0293753
8034	8035	0.0292836
3098	8035	0.0292836
7255	8036	0.0379283
4129	8036	0.0379283
8036	8037	0.0370025
2938	8037	0.0370025
1725	8038	0.0376104
2593	8038	0.0376104
4800	8039	0.0413688
1334	8039	0.0413688
7285	8040	0.0319253
4038	8040	0.0319253
1595	8041	0.0292981
2071	8041	0.0292981
1636	8042	0.0382298
1637	8042	0.0382298
8042	8043	0.0330151
3337	8043	0.0330151
3883	8044	0.0315007
3032	8044	0.0315007
4067	8045	0.0406999
3644	8045	0.0406999
8044	8046	0.0312023
8045	8046	0.0312023
8046	8047	0.0311098
2863	8047	0.0311098
3410	8048	0.0338145
3179	8048	0.0338145
2460	8049	0.0355328
4376	8049	0.0355328
8049	8050	0.0324662
1786	8050	0.0324662
7310	8051	0.030999
5533	8051	0.030999
8051	8052	0.0296523
6064	8052	0.0296523
5517	8052	0.0296523
3863	8053	0.0392941
7324	8053	0.0392941
3191	8054	0.0388831
8053	8054	0.0388831
6129	8055	0.033108
2180	8055	0.033108
2382	8056	0.0374942
6270	8056	0.0374942
8056	8057	0.0319087
5795	8057	0.0319087
4615	8058	0.0321837
4981	8058	0.0321837
7202	8059	0.0281284
8025	8059	0.0281284
8059	8060	0.0257575
5444	8060	0.0257575
5208	8061	0.0272697
3147	8061	0.0272697
2979	8062	0.0267792
1096	8062	0.0267792
7330	8063	0.0277949
2325	8063	0.0277949
8054	8064	0.0283113
2500	8064	0.0283113
8064	8065	0.0277519
2969	8065	0.0277519
2050	8066	0.0274091
8065	8066	0.0274091
5347	8067	0.0272796
8066	8067	0.0272796
5601	8068	0.0271586
8067	8068	0.0271586
8063	8069	0.0265771
8068	8069	0.0265771
7403	8070	0.0251696
8069	8070	0.0251696
3533	8071	0.0260942
2613	8071	0.0260942
2213	8072	0.0249927
8071	8072	0.0249927
7407	8073	0.0282336
5997	8073	0.0282336
7423	8074	0.0273808
3140	8074	0.0273808
7434	8075	0.0261495
2488	8075	0.0261495
4001	8076	0.0249257
8075	8076	0.0249257
8005	8077	0.0263772
3310	8077	0.0263772
7230	8078	0.0250168
1729	8078	0.0250168
7874	8079	0.0272322
6151	8079	0.0272322
4820	8080	0.0287039
6304	8080	0.0287039
3698	8081	0.0288417
5500	8081	0.0288417
4388	8082	0.0276387
901	8082	0.0276387
7331	8083	0.0288745
5592	8083	0.0288745
3089	8084	0.0288387
8083	8084	0.0288387
2722	8085	0.02888
2272	8085	0.02888
7425	8086	0.0286743
5093	8086	0.0286743
7430	8087	0.0283076
7915	8087	0.0283076
7402	8088	0.0286976
167	8088	0.0286976
7372	8089	0.0289145
3430	8089	0.0289145
7850	8090	0.0289199
1535	8090	0.0289199
3794	8091	0.0289126
8090	8091	0.0289126
7387	8092	0.0289115
8091	8092	0.0289115
8092	8093	0.0288905
1100	8093	0.0288905
6260	8094	0.0288839
8093	8094	0.0288839
8094	8095	0.0288582
3318	8095	0.0288582
686	8096	0.0288345
8095	8096	0.0288345
8096	8097	0.0288304
7869	8097	0.0288304
8097	8098	0.028809
8010	8098	0.028809
8089	8099	0.0287772
8098	8099	0.0287772
7353	8100	0.0287389
8099	8100	0.0287389
6949	8101	0.0287356
8100	8101	0.0287356
7363	8102	0.0287182
8101	8102	0.0287182
8102	8103	0.0287107
240	8103	0.0287107
7386	8104	0.0286988
8103	8104	0.0286988
8104	8105	0.0286966
4948	8105	0.0286966
8105	8106	0.0286959
508	8106	0.0286959
8106	8107	0.0286753
2917	8107	0.0286753
8107	8108	0.0286135
6043	8108	0.0286135
4537	8109	0.0285921
8108	8109	0.0285921
8109	8110	0.0285829
8043	8110	0.0285829
3994	8111	0.0285763
8110	8111	0.0285763
7415	8112	0.0285741
8111	8112	0.0285741
633	8112	0.0285741
5082	8112	0.0285741
8088	8113	0.0283533
1221	8113	0.0283533
8112	8114	0.0285429
1215	8114	0.0285429
4574	8115	0.0285037
8114	8115	0.0285037
8115	8116	0.0285018
2200	8116	0.0285018
8116	8117	0.028486
4890	8117	0.028486
8117	8118	0.0284826
3640	8118	0.0284826
8118	8119	0.0284556
1750	8119	0.0284556
8119	8120	0.0284152
897	8120	0.0284152
8120	8121	0.0283748
3708	8121	0.0283748
4777	8122	0.0283426
8121	8122	0.0283426
8122	8123	0.0283203
2475	8123	0.0283203
8123	8124	0.0283131
59	8124	0.0283131
7208	8125	0.0283049
8124	8125	0.0283049
5320	8126	0.0282846
8125	8126	0.0282846
8113	8127	0.0282841
8126	8127	0.0282841
8127	8128	0.0282717
1178	8128	0.0282717
343	8129	0.0282363
8128	8129	0.0282363
8129	8130	0.0282277
3909	8130	0.0282277
1509	8131	0.0282259
8130	8131	0.0282259
8131	8132	0.028207
8039	8132	0.028207
8132	8133	0.0281925
89	8133	0.0281925
8133	8134	0.0281834
6141	8134	0.0281834
8134	8135	0.0281123
8015	8135	0.0281123
8135	8136	0.0281038
5109	8136	0.0281038
2482	8137	0.0280733
8136	8137	0.0280733
6752	8138	0.0280588
8137	8138	0.0280588
6135	8139	0.0281738
3929	8139	0.0281738
8047	8140	0.0284538
1683	8140	0.0284538
5073	8141	0.0281966
8140	8141	0.0281966
7857	8142	0.0281372
8141	8142	0.0281372
7948	8143	0.0283216
399	8143	0.0283216
6280	8144	0.0284046
8035	8144	0.0284046
8144	8145	0.0280778
6282	8145	0.0280778
1929	8146	0.0278379
8086	8146	0.0278379
8087	8147	0.0280182
4577	8147	0.0280182
7870	8148	0.0280469
8138	8148	0.0280469
2017	8149	0.0280228
8148	8149	0.0280228
8149	8150	0.0280167
3800	8150	0.0280167
8040	8151	0.0280516
560	8151	0.0280516
8150	8152	0.0279997
833	8152	0.0279997
8152	8153	0.0279809
1644	8153	0.0279809
8153	8154	0.0279665
8151	8154	0.0279665
8147	8155	0.0279272
8154	8155	0.0279272
7341	8155	0.0279272
1170	8155	0.0279272
7942	8155	0.0279272
8155	8156	0.0278662
3106	8156	0.0278662
8156	8157	0.0278498
2063	8157	0.0278498
8157	8158	0.0278256
5160	8158	0.0278256
8038	8159	0.0278031
8158	8159	0.0278031
2361	8160	0.0278022
8159	8160	0.0278022
7383	8161	0.0277865
8160	8161	0.0277865
8161	8162	0.0277829
458	8162	0.0277829
7253	8163	0.0277413
8162	8163	0.0277413
8163	8164	0.0277349
3846	8164	0.0277349
8164	8165	0.0277145
430	8165	0.0277145
8085	8166	0.0277119
8165	8166	0.0277119
7961	8167	0.0277021
1239	8167	0.0277021
8166	8167	0.0277021
3194	8167	0.0277021
8167	8168	0.0276858
8050	8168	0.0276858
8168	8169	0.0276775
2959	8169	0.0276775
7173	8170	0.0276736
8169	8170	0.0276736
1359	8171	0.0276664
8170	8171	0.0276664
8171	8172	0.0276273
3268	8172	0.0276273
7247	8173	0.0275984
8172	8173	0.0275984
7265	8174	0.0275316
8173	8174	0.0275316
8174	8175	0.0275128
472	8175	0.0275128
1023	8176	0.027505
8175	8176	0.027505
8057	8177	0.0275278
6120	8177	0.0275278
8176	8178	0.0274945
7893	8178	0.0274945
8143	8178	0.0274945
8178	8179	0.0274882
1627	8179	0.0274882
6666	8180	0.0274786
8179	8180	0.0274786
8180	8181	0.0274455
3635	8181	0.0274455
8181	8182	0.0274427
2909	8182	0.0274427
8182	8183	0.02744
8177	8183	0.02744
6972	8184	0.027388
8183	8184	0.027388
7342	8185	0.0274363
8142	8185	0.0274363
5669	8186	0.0273503
8184	8186	0.0273503
8186	8187	0.0272579
784	8187	0.0272579
8187	8188	0.0272398
1188	8188	0.0272398
8188	8189	0.027238
8185	8189	0.027238
8189	8190	0.0272362
1803	8190	0.0272362
7373	8191	0.0271903
8190	8191	0.0271903
8004	8192	0.0271786
8191	8192	0.0271786
8192	8193	0.0271668
2535	8193	0.0271668
171	8194	0.027151
8193	8194	0.027151
8194	8195	0.0271416
2131	8195	0.0271416
7405	8196	0.027094
8195	8196	0.027094
8196	8197	0.0270804
4893	8197	0.0270804
3144	8198	0.0270799
8197	8198	0.0270799
8198	8199	0.0270538
8139	8199	0.0270538
7851	8199	0.0270538
8146	8200	0.0270427
7854	8200	0.0270427
8199	8200	0.0270427
8200	8201	0.0270345
8145	8201	0.0270345
7427	8202	0.0270239
8201	8202	0.0270239
8202	8203	0.0270068
567	8203	0.0270068
7404	8204	0.0270061
8203	8204	0.0270061
8204	8205	0.027003
7926	8205	0.027003
8205	8206	0.0269901
1724	8206	0.0269901
8206	8207	0.0269783
821	8207	0.0269783
3891	8208	0.0288152
7881	8208	0.0288152
1589	8209	0.0288029
8208	8209	0.0288029
8209	8210	0.0273997
82	8210	0.0273997
1602	8211	0.0272398
8210	8211	0.0272398
8211	8212	0.0272258
7882	8212	0.0272258
3559	8213	0.0284528
2163	8213	0.0284528
8023	8214	0.028928
6052	8214	0.028928
7886	8215	0.0284056
2982	8215	0.0284056
8215	8216	0.0270862
1641	8216	0.0270862
578	8217	0.0281618
5420	8217	0.0281618
8217	8218	0.0280508
235	8218	0.0280508
8218	8219	0.0275865
3351	8219	0.0275865
7962	8220	0.028573
7978	8220	0.028573
1408	8221	0.0272918
463	8221	0.0272918
7971	8222	0.027135
2635	8222	0.027135
7984	8223	0.0277338
728	8223	0.0277338
8223	8224	0.0275612
1797	8224	0.0275612
7985	8225	0.0284352
6139	8225	0.0284352
8048	8226	0.0269825
1783	8226	0.0269825
5857	8227	0.0288207
3521	8227	0.0288207
4339	8228	0.0276287
4216	8228	0.0276287
7189	8229	0.0269252
2886	8229	0.0269252
8207	8230	0.026965
7956	8230	0.026965
8229	8231	0.0269119
8230	8231	0.0269119
7991	8232	0.0269096
8231	8232	0.0269096
8232	8233	0.0268676
1908	8233	0.0268676
8233	8234	0.0268614
6285	8234	0.0268614
8234	8235	0.0268402
5548	8235	0.0268402
7037	8236	0.0268329
8235	8236	0.0268329
8236	8237	0.0268281
8222	8237	0.0268281
7361	8237	0.0268281
8237	8238	0.0268251
917	8238	0.0268251
8238	8239	0.026818
2249	8239	0.026818
7177	8240	0.0268146
8239	8240	0.0268146
7313	8241	0.0267901
8240	8241	0.0267901
7987	8242	0.0267733
8241	8242	0.0267733
6828	8243	0.0266998
8242	8243	0.0266998
8243	8244	0.0266789
5108	8244	0.0266789
8244	8245	0.0266496
545	8245	0.0266496
8245	8246	0.026642
522	8246	0.026642
7436	8247	0.0266206
8246	8247	0.0266206
750	8248	0.026611
8247	8248	0.026611
7410	8249	0.0265931
8248	8249	0.0265931
5676	8250	0.0265914
8249	8250	0.0265914
3895	8251	0.0265665
8250	8251	0.0265665
8081	8252	0.0265295
7438	8252	0.0265295
8251	8252	0.0265295
8219	8252	0.0265295
4360	8253	0.0265236
8252	8253	0.0265236
7433	8254	0.0265132
8253	8254	0.0265132
5150	8254	0.0265132
8254	8255	0.0264757
8227	8255	0.0264757
8255	8256	0.0264741
7172	8256	0.0264741
3704	8257	0.0264369
8256	8257	0.0264369
341	8258	0.0264262
8257	8258	0.0264262
1547	8259	0.0264024
8258	8259	0.0264024
8084	8260	0.0263972
8259	8260	0.0263972
7902	8261	0.0265504
7903	8261	0.0265504
6651	8262	0.0263508
6652	8262	0.0263508
8260	8263	0.0263508
94	8263	0.0263508
8263	8264	0.0263436
348	8264	0.0263436
6985	8265	0.0263062
8264	8265	0.0263062
8262	8266	0.026295
8265	8266	0.026295
3397	8267	0.0262851
8266	8267	0.0262851
8267	8268	0.0262737
8058	8268	0.0262737
8268	8269	0.0262595
3661	8269	0.0262595
8269	8270	0.0262567
3445	8270	0.0262567
3162	8271	0.0262559
8270	8271	0.0262559
8271	8272	0.026255
8225	8272	0.026255
7394	8273	0.0262501
8272	8273	0.0262501
8273	8274	0.0262237
7890	8274	0.0262237
359	8275	0.0262206
8274	8275	0.0262206
6122	8275	0.0262206
8275	8276	0.0262124
201	8276	0.0262124
3237	8277	0.0262079
8276	8277	0.0262079
6760	8278	0.0261848
8277	8278	0.0261848
1021	8279	0.0261888
2899	8279	0.0261888
1315	8280	0.026158
8278	8280	0.026158
8261	8280	0.026158
8280	8281	0.0261483
2000	8281	0.0261483
6812	8282	0.0261369
8281	8282	0.0261369
8282	8283	0.0261355
1171	8283	0.0261355
7374	8284	0.0261249
8283	8284	0.0261249
7979	8284	0.0261249
8284	8285	0.0261036
8279	8285	0.0261036
4958	8286	0.026078
8285	8286	0.026078
6905	8287	0.0260658
8286	8287	0.0260658
2228	8288	0.0260459
8287	8288	0.0260459
7287	8289	0.0260311
8288	8289	0.0260311
8289	8290	0.0260162
2678	8290	0.0260162
8290	8291	0.0260016
2493	8291	0.0260016
7930	8292	0.0259905
8291	8292	0.0259905
5229	8293	0.0259839
8292	8293	0.0259839
7340	8294	0.0259628
8293	8294	0.0259628
8294	8295	0.0259609
5483	8295	0.0259609
8295	8296	0.0259598
3390	8296	0.0259598
8214	8297	0.0263692
4803	8297	0.0263692
8220	8298	0.0260221
8221	8298	0.0260221
8007	8299	0.0266581
1968	8299	0.0266581
5423	8300	0.0261791
2528	8300	0.0261791
7256	8301	0.0259551
8296	8301	0.0259551
2578	8301	0.0259551
8301	8302	0.0259296
8228	8302	0.0259296
8302	8303	0.0259145
8300	8303	0.0259145
8303	8304	0.0259038
8224	8304	0.0259038
8304	8305	0.0259028
1220	8305	0.0259028
5913	8306	0.0259019
8305	8306	0.0259019
8306	8307	0.02588
5190	8307	0.02588
1400	8308	0.0259455
8298	8308	0.0259455
7362	8309	0.0257633
8307	8309	0.0257633
8309	8310	0.0257395
730	8310	0.0257395
8310	8311	0.0257109
4450	8311	0.0257109
8308	8311	0.0257109
2205	8312	0.0257084
8311	8312	0.0257084
4224	8313	0.0256967
8312	8313	0.0256967
3291	8314	0.0256282
8313	8314	0.0256282
770	8315	0.0256243
8314	8315	0.0256243
882	8316	0.0256228
8315	8316	0.0256228
8213	8317	0.025798
8297	8317	0.025798
8316	8318	0.0256215
1700	8318	0.0256215
8318	8319	0.0255926
3934	8319	0.0255926
7385	8320	0.0254792
8319	8320	0.0254792
7855	8321	0.0254086
8320	8321	0.0254086
8321	8322	0.0253956
8317	8322	0.0253956
8322	8323	0.025394
3898	8323	0.025394
8323	8324	0.0253741
828	8324	0.0253741
8324	8325	0.025367
6018	8325	0.025367
3683	8326	0.0254634
8052	8326	0.0254634
5625	8327	0.0253592
8325	8327	0.0253592
8327	8328	0.0253524
3465	8328	0.0253524
580	8329	0.0253442
8328	8329	0.0253442
7413	8330	0.0253248
8329	8330	0.0253248
8330	8331	0.0253162
7896	8331	0.0253162
8326	8331	0.0253162
4006	8332	0.0252751
8331	8332	0.0252751
8332	8333	0.0252623
7879	8333	0.0252623
124	8333	0.0252623
8006	8333	0.0252623
7996	8333	0.0252623
2102	8334	0.0252502
8333	8334	0.0252502
8334	8335	0.0251981
452	8335	0.0251981
1913	8336	0.0251912
8335	8336	0.0251912
8336	8337	0.0251789
734	8337	0.0251789
6968	8338	0.0251649
8337	8338	0.0251649
3319	8339	0.0251622
8338	8339	0.0251622
3169	8340	0.025157
8339	8340	0.025157
8340	8341	0.0251452
4033	8341	0.0251452
8341	8342	0.0251311
5452	8342	0.0251311
8342	8343	0.0251256
1742	8343	0.0251256
4967	8344	0.0251189
8343	8344	0.0251189
8344	8345	0.0251171
8212	8345	0.0251171
7250	8346	0.0251027
8345	8346	0.0251027
3000	8347	0.025071
8346	8347	0.025071
8347	8348	0.0250572
8216	8348	0.0250572
8348	8349	0.0250559
5062	8349	0.0250559
8349	8350	0.0250501
1635	8350	0.0250501
6259	8351	0.0250408
8350	8351	0.0250408
8351	8352	0.0250359
7236	8352	0.0250359
3406	8353	0.0250342
8352	8353	0.0250342
8353	8354	0.0250323
8226	8354	0.0250323
8354	8355	0.025012
1781	8355	0.025012
3371	8356	0.0249749
7347	8356	0.0249749
8355	8356	0.0249749
2533	8356	0.0249749
8356	8357	0.0249685
4428	8357	0.0249685
8357	8358	0.0249614
4602	8358	0.0249614
8082	8359	0.0249567
8358	8359	0.0249567
8359	8360	0.0249466
2937	8360	0.0249466
7165	8361	0.0248806
8360	8361	0.0248806
3987	8362	0.0248758
8361	8362	0.0248758
8362	8363	0.0248599
1465	8363	0.0248599
8363	8364	0.0248387
8299	8364	0.0248387
7136	8365	0.024829
8364	8365	0.024829
8365	8366	0.0248183
2367	8366	0.0248183
8366	8367	0.0248127
3652	8367	0.0248127
3583	8368	0.0248332
39	8368	0.0248332
1169	8369	0.0288152
7877	8369	0.0288152
210	8370	0.025833
7958	8370	0.025833
2334	8371	0.0273318
7901	8371	0.0273318
8371	8372	0.0257034
281	8372	0.0257034
214	8373	0.0254668
3604	8373	0.0254668
7904	8374	0.0275792
219	8374	0.0275792
7913	8375	0.0268845
2895	8375	0.0268845
8375	8376	0.0264587
3041	8376	0.0264587
7917	8377	0.028044
1507	8377	0.028044
5102	8378	0.0260135
7933	8378	0.0260135
7944	8379	0.0276842
7947	8379	0.0276842
4142	8380	0.0253488
8379	8380	0.0253488
8380	8381	0.0249999
1283	8381	0.0249999
7269	8382	0.0271884
2908	8382	0.0271884
7972	8383	0.0267692
8382	8383	0.0267692
7163	8384	0.0262029
8383	8384	0.0262029
7973	8385	0.0286025
7977	8385	0.0286025
5551	8386	0.0277578
8385	8386	0.0277578
8386	8387	0.0253994
5442	8387	0.0253994
7975	8388	0.0248059
8387	8388	0.0248059
8003	8389	0.0277353
5986	8389	0.0277353
8389	8390	0.0270749
3345	8390	0.0270749
8390	8391	0.0255421
5402	8391	0.0255421
8391	8392	0.0255041
5188	8392	0.0255041
7246	8393	0.0270819
1199	8393	0.0270819
8037	8394	0.0254343
3662	8394	0.0254343
3435	8395	0.0253201
2995	8395	0.0253201
1385	8396	0.0258267
4934	8396	0.0258267
5385	8397	0.0258915
1543	8397	0.0258915
3780	8398	0.025071
1551	8398	0.025071
8055	8399	0.0256768
6071	8399	0.0256768
3965	8400	0.0235964
8074	8400	0.0235964
6013	8401	0.0246799
7392	8401	0.0246799
7919	8402	0.0246906
4046	8402	0.0246906
8367	8403	0.0247788
92	8403	0.0247788
731	8403	0.0247788
8403	8404	0.0247763
8368	8404	0.0247763
8404	8405	0.0247621
4205	8405	0.0247621
8080	8406	0.0247555
8405	8406	0.0247555
4809	8407	0.0247395
8406	8407	0.0247395
8061	8408	0.0247342
8407	8408	0.0247342
8408	8409	0.0247321
3544	8409	0.0247321
8409	8410	0.0247263
8372	8410	0.0247263
8410	8411	0.0246985
8395	8411	0.0246985
5084	8411	0.0246985
8411	8412	0.0246895
6143	8412	0.0246895
3226	8413	0.0246716
8412	8413	0.0246716
3493	8414	0.0246623
8413	8414	0.0246623
7920	8415	0.0246394
8070	8415	0.0246394
8414	8415	0.0246394
8415	8416	0.0246231
3143	8416	0.0246231
8073	8417	0.0243873
534	8417	0.0243873
8416	8418	0.024596
3999	8418	0.024596
8062	8419	0.0245694
8418	8419	0.0245694
8419	8420	0.0245391
3952	8420	0.0245391
8401	8421	0.0244882
8420	8421	0.0244882
2671	8421	0.0244882
3868	8422	0.0244295
8421	8422	0.0244295
8422	8423	0.0244009
8378	8423	0.0244009
8423	8424	0.0243837
4445	8424	0.0243837
8424	8425	0.0243334
3213	8425	0.0243334
8425	8426	0.0243232
8011	8426	0.0243232
1825	8426	0.0243232
2419	8427	0.0243138
8426	8427	0.0243138
8381	8427	0.0243138
8427	8428	0.0242861
991	8428	0.0242861
8417	8429	0.0242827
8428	8429	0.0242827
2862	8430	0.0242699
8429	8430	0.0242699
8060	8431	0.024268
8430	8431	0.024268
8431	8432	0.024267
289	8432	0.024267
8402	8433	0.0242543
8432	8433	0.0242543
8377	8434	0.0243732
1856	8434	0.0243732
1925	8435	0.0245871
2339	8435	0.0245871
339	8436	0.0243165
8435	8436	0.0243165
8384	8437	0.0245391
8388	8437	0.0245391
2260	8438	0.0242567
8399	8438	0.0242567
655	8439	0.0242511
8433	8439	0.0242511
8439	8440	0.0242492
1685	8440	0.0242492
1638	8441	0.0242296
8440	8441	0.0242296
8441	8442	0.0242133
3267	8442	0.0242133
8442	8443	0.0242012
4389	8443	0.0242012
5851	8444	0.024172
8443	8444	0.024172
8444	8445	0.0241506
5155	8445	0.0241506
8445	8446	0.0241395
8438	8446	0.0241395
8446	8447	0.02413
1237	8447	0.02413
8447	8448	0.0241039
7359	8448	0.0241039
8448	8449	0.0240989
8396	8449	0.0240989
8449	8450	0.0240782
5578	8450	0.0240782
8450	8451	0.0240615
6253	8451	0.0240615
6990	8452	0.0240548
8451	8452	0.0240548
8452	8453	0.0240324
5219	8453	0.0240324
8453	8454	0.0240238
3150	8454	0.0240238
8454	8455	0.0240052
4972	8455	0.0240052
8455	8456	0.0240005
8393	8456	0.0240005
8456	8457	0.0239864
2175	8457	0.0239864
8076	8458	0.0239781
8457	8458	0.0239781
8458	8459	0.0239698
5418	8459	0.0239698
492	8460	0.023961
8459	8460	0.023961
1145	8461	0.0239195
8460	8461	0.0239195
2448	8462	0.0239148
8461	8462	0.0239148
8462	8463	0.0238982
4854	8463	0.0238982
8436	8463	0.0238982
8463	8464	0.0238934
8434	8464	0.0238934
3069	8465	0.0238877
8464	8465	0.0238877
8465	8466	0.0238688
198	8466	0.0238688
7357	8467	0.023947
8437	8467	0.023947
2817	8468	0.0238648
8466	8468	0.0238648
2499	8469	0.0238619
8468	8469	0.0238619
8469	8470	0.023854
2057	8470	0.023854
8470	8471	0.0238306
893	8471	0.0238306
7356	8472	0.0238208
8471	8472	0.0238208
8467	8472	0.0238208
8472	8473	0.0238064
6040	8473	0.0238064
8473	8474	0.0237932
2800	8474	0.0237932
4573	8475	0.0237877
8474	8475	0.0237877
8475	8476	0.0237799
406	8476	0.0237799
3826	8477	0.0245363
8398	8477	0.0245363
6935	8478	0.0237734
8476	8478	0.0237734
782	8478	0.0237734
8478	8479	0.0237708
8373	8479	0.0237708
8479	8480	0.0237657
1135	8480	0.0237657
8480	8481	0.0237565
8041	8481	0.0237565
7983	8482	0.0237542
8481	8482	0.0237542
119	8482	0.0237542
8477	8482	0.0237542
8072	8483	0.023753
8482	8483	0.023753
3055	8484	0.0237408
8483	8484	0.0237408
2231	8485	0.0237321
8484	8485	0.0237321
8485	8486	0.0237281
398	8486	0.0237281
8486	8487	0.0237135
2324	8487	0.0237135
8487	8488	0.0237118
3469	8488	0.0237118
8488	8489	0.0237071
2335	8489	0.0237071
8489	8490	0.0236948
3851	8490	0.0236948
6827	8491	0.02369
8490	8491	0.02369
5374	8492	0.0236664
8491	8492	0.0236664
8077	8493	0.0236656
8492	8493	0.0236656
1680	8494	0.0236376
8493	8494	0.0236376
8494	8495	0.023614
6291	8495	0.023614
7002	8496	0.0235617
8495	8496	0.0235617
8496	8497	0.0235587
3320	8497	0.0235587
4553	8498	0.0235566
8497	8498	0.0235566
8498	8499	0.0235413
2398	8499	0.0235413
8369	8500	0.0235406
8499	8500	0.0235406
8500	8501	0.0235383
6312	8501	0.0235383
2033	8502	0.0235381
8501	8502	0.0235381
8502	8503	0.0235335
1311	8503	0.0235335
8503	8504	0.0235331
5534	8504	0.0235331
7349	8505	0.0235168
8504	8505	0.0235168
3332	8505	0.0235168
8505	8506	0.0235102
3119	8506	0.0235102
129	8507	0.0234931
8506	8507	0.0234931
8507	8508	0.0234825
5728	8508	0.0234825
8370	8509	0.0235102
4667	8509	0.0235102
1248	8510	0.0235204
2413	8510	0.0235204
7227	8511	0.0234733
8508	8511	0.0234733
8511	8512	0.0234591
5220	8512	0.0234591
5976	8512	0.0234591
8512	8513	0.0234338
4551	8513	0.0234338
8513	8514	0.0234258
8510	8514	0.0234258
8514	8515	0.0234201
922	8515	0.0234201
3842	8516	0.0234111
4027	8516	0.0234111
4473	8516	0.0234111
8515	8516	0.0234111
8516	8517	0.023385
8013	8517	0.023385
8517	8518	0.023358
169	8518	0.023358
4049	8519	0.0234045
8394	8519	0.0234045
8518	8520	0.0233576
8519	8520	0.0233576
7365	8521	0.0233474
8520	8521	0.0233474
8521	8522	0.0233355
6060	8522	0.0233355
7200	8523	0.0233306
8522	8523	0.0233306
8523	8524	0.0233202
7127	8524	0.0233202
8524	8525	0.0232982
820	8525	0.0232982
7880	8526	0.0232969
8525	8526	0.0232969
4374	8526	0.0232969
7166	8527	0.0232643
8526	8527	0.0232643
8527	8528	0.0232334
2732	8528	0.0232334
3261	8529	0.0232184
5727	8529	0.0232184
8528	8529	0.0232184
8529	8530	0.0231878
2217	8530	0.0231878
8530	8531	0.0231783
5804	8531	0.0231783
1677	8532	0.023137
8531	8532	0.023137
8532	8533	0.0231334
140	8533	0.0231334
6740	8534	0.0231141
8533	8534	0.0231141
3774	8535	0.0230899
8534	8535	0.0230899
8535	8536	0.0230817
6126	8536	0.0230817
4119	8537	0.0230888
5640	8537	0.0230888
7950	8538	0.0230767
8536	8538	0.0230767
5470	8539	0.0230578
8538	8539	0.0230578
8539	8540	0.0230472
515	8540	0.0230472
8540	8541	0.0230452
64	8541	0.0230452
6088	8542	0.0230228
8541	8542	0.0230228
2566	8543	0.023018
8542	8543	0.023018
3094	8544	0.0230093
8543	8544	0.0230093
8544	8545	0.0230007
8509	8545	0.0230007
8537	8545	0.0230007
2472	8546	0.0229954
8545	8546	0.0229954
8374	8547	0.0245547
5130	8547	0.0245547
8376	8548	0.0234671
5973	8548	0.0234671
7027	8549	0.0234087
424	8549	0.0234087
8392	8550	0.0232391
5912	8550	0.0232391
2125	8551	0.0235576
777	8551	0.0235576
7300	8552	0.023338
1804	8552	0.023338
4159	8553	0.0231647
2976	8553	0.0231647
4019	8554	0.0244669
5344	8554	0.0244669
4922	8555	0.0229446
4451	8555	0.0229446
1938	8556	0.0229835
8546	8556	0.0229835
4802	8557	0.0229689
8556	8557	0.0229689
8557	8558	0.0229634
3478	8558	0.0229634
8558	8559	0.0229609
800	8559	0.0229609
8559	8560	0.0229471
3679	8560	0.0229471
3839	8561	0.0229377
8560	8561	0.0229377
3874	8561	0.0229377
8561	8562	0.0229159
1333	8562	0.0229159
6976	8563	0.0228882
8562	8563	0.0228882
8563	8564	0.0228719
3732	8564	0.0228719
7251	8565	0.0228651
8564	8565	0.0228651
8565	8566	0.0228516
2588	8566	0.0228516
8566	8567	0.0228004
3088	8567	0.0228004
8567	8568	0.0227922
8553	8568	0.0227922
4914	8568	0.0227922
8568	8569	0.022779
2971	8569	0.022779
4347	8570	0.0227613
8569	8570	0.0227613
8570	8571	0.0226811
376	8571	0.0226811
2821	8572	0.0226584
8571	8572	0.0226584
4162	8573	0.0226498
8572	8573	0.0226498
3060	8574	0.0226356
8573	8574	0.0226356
8574	8575	0.0226206
298	8575	0.0226206
2707	8576	0.0225907
8575	8576	0.0225907
5841	8577	0.0225656
8576	8577	0.0225656
8079	8578	0.0225642
8577	8578	0.0225642
6068	8578	0.0225642
8578	8579	0.0225613
538	8579	0.0225613
8579	8580	0.0225582
1661	8580	0.0225582
668	8581	0.0225401
8580	8581	0.0225401
2586	8582	0.022535
8581	8582	0.022535
8400	8583	0.022528
8582	8583	0.022528
8078	8584	0.0224787
8583	8584	0.0224787
8584	8585	0.0224671
332	8585	0.0224671
2906	8586	0.0224658
8585	8586	0.0224658
8586	8587	0.0224398
5369	8587	0.0224398
8587	8588	0.0224368
588	8588	0.0224368
1328	8589	0.0225551
1433	8589	0.0225551
8588	8590	0.0224008
1146	8590	0.0224008
8590	8591	0.0223942
5032	8591	0.0223942
7214	8592	0.0223713
8591	8592	0.0223713
8592	8593	0.0223587
539	8593	0.0223587
2643	8593	0.0223587
8593	8594	0.0223557
3871	8594	0.0223557
8594	8595	0.0223416
158	8595	0.0223416
8595	8596	0.0223407
2752	8596	0.0223407
192	8597	0.0223195
8596	8597	0.0223195
8597	8598	0.0222969
4057	8598	0.0222969
3970	8599	0.0222897
5236	8599	0.0222897
8598	8599	0.0222897
8599	8600	0.022253
550	8600	0.022253
8600	8601	0.0222463
5061	8601	0.0222463
8601	8602	0.022243
3977	8602	0.022243
8554	8602	0.022243
8602	8603	0.0222371
1231	8603	0.0222371
88	8604	0.022235
8603	8604	0.022235
8604	8605	0.0222329
14	8605	0.0222329
1026	8605	0.0222329
8605	8606	0.0222107
8551	8606	0.0222107
2515	8606	0.0222107
2114	8606	0.0222107
8606	8607	0.0221624
4841	8607	0.0221624
8607	8608	0.0221589
8589	8608	0.0221589
2238	8609	0.0221494
8608	8609	0.0221494
8609	8610	0.0221469
2814	8610	0.0221469
8610	8611	0.0221391
3333	8611	0.0221391
3602	8612	0.0221378
8611	8612	0.0221378
8612	8613	0.0221165
3429	8613	0.0221165
4935	8614	0.0220753
8613	8614	0.0220753
8614	8615	0.0220592
1213	8615	0.0220592
4609	8616	0.0220557
8615	8616	0.0220557
8616	8617	0.0220418
1884	8617	0.0220418
6266	8618	0.0220338
8617	8618	0.0220338
1326	8619	0.0220078
8618	8619	0.0220078
7872	8620	0.0223713
186	8620	0.0223713
362	8621	0.0221112
2117	8621	0.0221112
7891	8622	0.0229516
184	8622	0.0229516
8550	8623	0.0221231
5472	8623	0.0221231
8622	8624	0.0220461
8623	8624	0.0220461
8548	8625	0.0229634
553	8625	0.0229634
8619	8626	0.0219948
299	8626	0.0219948
8626	8627	0.0219691
8625	8627	0.0219691
8397	8627	0.0219691
3476	8627	0.0219691
8627	8628	0.0219413
1094	8628	0.0219413
4905	8629	0.0219342
8628	8629	0.0219342
8629	8630	0.0219014
4288	8630	0.0219014
8630	8631	0.0218717
1196	8631	0.0218717
8631	8632	0.0218706
5685	8632	0.0218706
8020	8633	0.0218496
8632	8633	0.0218496
5176	8634	0.0218225
8633	8634	0.0218225
8634	8635	0.021819
3865	8635	0.021819
8555	8636	0.0218055
8635	8636	0.0218055
2365	8637	0.0217877
8636	8637	0.0217877
7376	8638	0.0217631
8637	8638	0.0217631
1140	8639	0.0217507
8638	8639	0.0217507
4080	8640	0.0218357
8621	8640	0.0218357
8639	8641	0.0217398
1931	8641	0.0217398
8641	8642	0.0217342
948	8642	0.0217342
8642	8643	0.021715
4721	8643	0.021715
8640	8644	0.0217461
3591	8644	0.0217461
8643	8645	0.0217099
8644	8645	0.0217099
8645	8646	0.0217018
822	8646	0.0217018
8646	8647	0.0216957
1325	8647	0.0216957
4631	8648	0.0216885
8647	8648	0.0216885
8648	8649	0.0216836
1477	8649	0.0216836
4927	8650	0.0216797
8649	8650	0.0216797
8650	8651	0.0216751
290	8651	0.0216751
8651	8652	0.0216703
3745	8652	0.0216703
7306	8653	0.0216532
8652	8653	0.0216532
7078	8654	0.021619
8653	8654	0.021619
8654	8655	0.0216086
2769	8655	0.0216086
6238	8656	0.0219089
8624	8656	0.0219089
5237	8657	0.0219917
918	8657	0.0219917
7435	8658	0.0216013
8655	8658	0.0216013
8658	8659	0.0215965
786	8659	0.0215965
8659	8660	0.0215815
4052	8660	0.0215815
8660	8661	0.0215797
2656	8661	0.0215797
2803	8662	0.0215071
8661	8662	0.0215071
5325	8663	0.0214862
8662	8663	0.0214862
8663	8664	0.0214693
8656	8664	0.0214693
8664	8665	0.0214499
4714	8665	0.0214499
8665	8666	0.0214454
334	8666	0.0214454
8666	8667	0.0214203
135	8667	0.0214203
8667	8668	0.0214168
6119	8668	0.0214168
8668	8669	0.0214064
414	8669	0.0214064
1228	8670	0.0213795
8669	8670	0.0213795
8670	8671	0.0213688
8657	8671	0.0213688
8671	8672	0.0213474
8549	8672	0.0213474
3459	8672	0.0213474
3265	8672	0.0213474
3349	8672	0.0213474
189	8673	0.0213449
8672	8673	0.0213449
8552	8674	0.0213432
8673	8674	0.0213432
4765	8675	0.0213394
8674	8675	0.0213394
8675	8676	0.0212993
3200	8676	0.0212993
8676	8677	0.0212976
7034	8677	0.0212976
8677	8678	0.0212881
8620	8678	0.0212881
5593	8678	0.0212881
838	8679	0.021278
8678	8679	0.021278
4152	8680	0.0212687
8679	8680	0.0212687
8680	8681	0.0212555
4741	8681	0.0212555
8681	8682	0.0212536
5086	8682	0.0212536
6185	8683	0.0212529
8547	8683	0.0212529
8682	8684	0.0212479
8683	8684	0.0212479
6005	8685	0.0212411
507	8685	0.0212411
8684	8686	0.0212344
491	8686	0.0212344
8685	8686	0.0212344
5937	8687	0.0212279
8686	8687	0.0212279
2084	8688	0.310914
644	8688	0.310914
8688	8689	0.170626
1545	8689	0.170626
12	8690	0.166812
5426	8690	0.166812
1558	8691	0.13574
8690	8691	0.13574
8691	8692	0.113936
1559	8692	0.113936
159	8693	0.0401232
8692	8693	0.0401232
8693	8694	0.0345558
3005	8694	0.0345558
4924	8695	0.0621536
1946	8695	0.0621536
2218	8696	0.211984
25	8696	0.211984
199	8697	0.0758311
29	8697	0.0758311
340	8698	0.0540314
2869	8698	0.0540314
1352	8699	0.0530346
8698	8699	0.0530346
3506	8700	0.0503845
3786	8700	0.0503845
1573	8701	0.0450828
346	8701	0.0450828
3138	8702	0.0404404
329	8702	0.0404404
8701	8703	0.0403211
8702	8703	0.0403211
3850	8704	0.2389
112	8704	0.2389
8704	8705	0.0760802
4461	8705	0.0760802
3808	8706	0.0392738
8705	8706	0.0392738
1176	8707	0.0297479
5410	8707	0.0297479
3906	8708	0.0259154
8707	8708	0.0259154
5768	8709	0.0438277
2552	8709	0.0438277
297	8710	0.0564697
3825	8710	0.0564697
8710	8711	0.0477151
5828	8711	0.0477151
1079	8712	0.043399
8711	8712	0.043399
3802	8713	0.0728108
3707	8713	0.0728108
8713	8714	0.0425056
3148	8714	0.0425056
3398	8715	0.0958533
951	8715	0.0958533
8715	8716	0.0601046
2897	8716	0.0601046
8716	8717	0.0436527
2663	8717	0.0436527
8717	8718	0.0388527
4562	8718	0.0388527
8718	8719	0.0379922
1721	8719	0.0379922
8719	8720	0.0365896
852	8720	0.0365896
3117	8721	0.0623328
1197	8721	0.0623328
8721	8722	0.0266903
8714	8722	0.0266903
1823	8722	0.0266903
919	8723	0.035525
8720	8723	0.035525
8709	8724	0.0346451
8723	8724	0.0346451
8724	8725	0.033477
437	8725	0.033477
8725	8726	0.0320857
136	8726	0.0320857
3791	8727	0.0314741
8726	8727	0.0314741
8727	8728	0.0305146
3697	8728	0.0305146
8728	8729	0.0288789
5999	8729	0.0288789
8729	8730	0.0262427
5210	8730	0.0262427
8730	8731	0.0256348
3227	8731	0.0256348
8712	8732	0.0245163
8731	8732	0.0245163
8732	8733	0.0232033
1574	8733	0.0232033
8733	8734	0.0227031
2295	8734	0.0227031
8734	8735	0.0213014
1173	8735	0.0213014
8722	8736	0.021226
8735	8736	0.021226
850	8737	0.0744626
6156	8737	0.0744626
8737	8738	0.0302866
6010	8738	0.0302866
3928	8739	0.0287955
79	8739	0.0287955
1296	8740	0.0292609
5279	8740	0.0292609
8738	8741	0.0271677
3407	8741	0.0271677
8740	8742	0.0257395
8741	8742	0.0257395
8739	8743	0.0255794
8742	8743	0.0255794
921	8744	0.0252231
8743	8744	0.0252231
1113	8745	0.0248202
8744	8745	0.0248202
8745	8746	0.023018
1485	8746	0.023018
166	8747	0.0220863
97	8747	0.0220863
8747	8748	0.0213502
6171	8748	0.0213502
4308	8749	0.0341061
4816	8749	0.0341061
5983	8750	0.0307703
8749	8750	0.0307703
8750	8751	0.0265432
5098	8751	0.0265432
1780	8752	0.0463468
3733	8752	0.0463468
372	8753	0.0307001
3751	8753	0.0307001
2873	8754	0.0754417
3764	8754	0.0754417
4435	8755	0.0344306
5172	8755	0.0344306
8755	8756	0.0282846
6247	8756	0.0282846
8754	8757	0.0237361
8756	8757	0.0237361
4824	8758	0.0487403
2646	8758	0.0487403
5753	8759	0.0280848
5736	8759	0.0280848
8759	8760	0.0260861
1790	8760	0.0260861
8760	8761	0.0252796
347	8761	0.0252796
8761	8762	0.0229954
5350	8762	0.0229954
8762	8763	0.0224974
5732	8763	0.0224974
8763	8764	0.0216885
1772	8764	0.0216885
8764	8765	0.0213529
2099	8765	0.0213529
2208	8766	0.117646
939	8766	0.117646
2713	8767	0.022951
1572	8767	0.022951
3833	8768	0.0299149
5838	8768	0.0299149
711	8769	0.206357
2183	8769	0.206357
6256	8770	0.0219561
3721	8770	0.0219561
4780	8771	0.0436851
4710	8771	0.0436851
8771	8772	0.0322168
3951	8772	0.0322168
2284	8773	0.0982941
1867	8773	0.0982941
118	8774	0.0839292
8773	8774	0.0839292
4214	8775	0.0236784
8774	8775	0.0236784
1500	8776	0.0769187
521	8776	0.0769187
8776	8777	0.053213
4264	8777	0.053213
8777	8778	0.0326328
482	8778	0.0326328
3955	8779	0.0638858
3821	8779	0.0638858
5027	8780	0.0434052
1287	8780	0.0434052
813	8781	0.0420737
5257	8781	0.0420737
8780	8782	0.0413408
8781	8782	0.0413408
8782	8783	0.0299233
2047	8783	0.0299233
5437	8784	0.0257597
8783	8784	0.0257597
5456	8785	0.0364029
5629	8785	0.0364029
2426	8786	0.0717105
526	8786	0.0717105
8786	8787	0.0526741
5612	8787	0.0526741
2850	8788	0.0514705
8787	8788	0.0514705
5370	8789	0.107811
3297	8789	0.107811
8789	8790	0.0444723
572	8790	0.0444723
8790	8791	0.0226699
506	8791	0.0226699
5380	8792	0.0220395
8791	8792	0.0220395
6154	8793	0.0747125
2563	8793	0.0747125
8793	8794	0.0713406
1501	8794	0.0713406
8794	8795	0.0265236
4012	8795	0.0265236
738	8796	0.0232135
5439	8796	0.0232135
8796	8797	0.0226155
1480	8797	0.0226155
2366	8798	0.0568544
5773	8798	0.0568544
8798	8799	0.0247877
5440	8799	0.0247877
4999	8800	0.058481
2767	8800	0.058481
1396	8801	0.0524
8800	8801	0.0524
8801	8802	0.0404336
187	8802	0.0404336
2717	8803	0.0389384
8802	8803	0.0389384
3111	8804	0.0385626
8803	8804	0.0385626
5797	8805	0.0568273
323	8805	0.0568273
8805	8806	0.0504342
5323	8806	0.0504342
1815	8807	0.0357842
8806	8807	0.0357842
152	8808	1.07131
153	8808	1.07131
8808	8809	0.732608
2742	8809	0.732608
1154	8810	0.229192
841	8810	0.229192
8810	8811	0.188386
1384	8811	0.188386
173	8812	0.0690871
6248	8812	0.0690871
6242	8813	0.0257109
178	8813	0.0257109
1223	8814	0.0216207
8813	8814	0.0216207
5337	8815	0.111344
1482	8815	0.111344
4587	8816	0.0283113
5849	8816	0.0283113
8816	8817	0.0232442
4580	8817	0.0232442
8817	8818	0.0230523
4581	8818	0.0230523
8818	8819	0.0230391
2182	8819	0.0230391
5873	8820	0.073539
4517	8820	0.073539
8820	8821	0.0538849
5524	8821	0.0538849
8821	8822	0.0528381
2564	8822	0.0528381
8822	8823	0.0395965
4510	8823	0.0395965
8823	8824	0.0313255
4689	8824	0.0313255
8824	8825	0.0311128
4514	8825	0.0311128
8825	8826	0.0301208
5317	8826	0.0301208
8826	8827	0.0227907
4280	8827	0.0227907
8827	8828	0.0221494
4508	8828	0.0221494
4572	8829	0.146014
3082	8829	0.146014
2837	8830	0.0576596
324	8830	0.0576596
8830	8831	0.0388201
1216	8831	0.0388201
8831	8832	0.0280382
188	8832	0.0280382
8832	8833	0.0252653
4664	8833	0.0252653
8833	8834	0.022588
2451	8834	0.022588
827	8835	0.0232135
2224	8835	0.0232135
5657	8836	0.0361634
4535	8836	0.0361634
4330	8837	0.11483
195	8837	0.11483
3647	8838	0.0634865
3284	8838	0.0634865
8838	8839	0.0333609
197	8839	0.0333609
202	8840	0.124972
1632	8840	0.124972
3080	8841	0.100641
8840	8841	0.100641
5989	8842	0.100514
8841	8842	0.100514
3881	8843	0.0234797
6269	8843	0.0234797
5295	8844	0.0224848
8843	8844	0.0224848
5691	8845	0.0220647
8844	8845	0.0220647
2393	8846	0.025345
3508	8846	0.025345
8846	8847	0.0227336
5425	8847	0.0227336
2852	8848	0.122033
3118	8848	0.122033
5499	8849	0.11771
8848	8849	0.11771
8849	8850	0.0643684
1340	8850	0.0643684
4757	8851	0.172601
4616	8851	0.172601
239	8852	0.142871
8851	8852	0.142871
3927	8853	0.11465
8852	8853	0.11465
3444	8854	0.168267
5413	8854	0.168267
8854	8855	0.0995003
2531	8855	0.0995003
8855	8856	0.0313185
724	8856	0.0313185
5404	8857	0.0348835
256	8857	0.0348835
2674	8858	0.0262519
4372	8858	0.0262519
1431	8859	0.0219917
258	8859	0.0219917
1690	8860	0.121351
961	8860	0.121351
8860	8861	0.0218505
2688	8861	0.0218505
540	8862	0.125575
2215	8862	0.125575
8862	8863	0.0751534
4799	8863	0.0751534
3763	8864	0.0218908
5334	8864	0.0218908
2466	8865	0.0778576
3529	8865	0.0778576
8865	8866	0.0747573
262	8866	0.0747573
4675	8867	0.0215046
499	8867	0.0215046
5568	8868	0.118815
4652	8868	0.118815
4362	8869	0.0385113
8868	8869	0.0385113
5034	8870	0.0736896
277	8870	0.0736896
8869	8871	0.0343766
8870	8871	0.0343766
647	8872	0.0780426
2230	8872	0.0780426
5272	8873	0.0713606
8872	8873	0.0713606
8873	8874	0.063666
571	8874	0.063666
4793	8875	0.0512172
8874	8875	0.0512172
279	8876	0.0506682
8875	8876	0.0506682
3450	8877	0.21615
292	8877	0.21615
3408	8878	0.078513
1654	8878	0.078513
8878	8879	0.078491
3509	8879	0.078491
1905	8880	0.070527
8879	8880	0.070527
4835	8881	0.0702062
8880	8881	0.0702062
5862	8882	0.0964408
1337	8882	0.0964408
8882	8883	0.0296849
2888	8883	0.0296849
2977	8884	0.0224597
8883	8884	0.0224597
2698	8885	0.0256499
1034	8885	0.0256499
2751	8886	0.0939397
1791	8886	0.0939397
3326	8887	0.0342942
5615	8887	0.0342942
1584	8888	0.0575893
1764	8888	0.0575893
3427	8889	0.0482409
8888	8889	0.0482409
8889	8890	0.0452609
1403	8890	0.0452609
8890	8891	0.0426264
3900	8891	0.0426264
8891	8892	0.0375238
5758	8892	0.0375238
8892	8893	0.0287151
377	8893	0.0287151
1757	8894	0.0284987
8893	8894	0.0284987
8894	8895	0.0239043
967	8895	0.0239043
306	8896	0.0634503
5081	8896	0.0634503
5527	8897	0.0710256
320	8897	0.0710256
2965	8898	0.0222061
4947	8898	0.0222061
1428	8899	0.0341414
6107	8899	0.0341414
6206	8900	0.0883033
333	8900	0.0883033
338	8901	0.203973
444	8901	0.203973
855	8902	0.104449
5921	8902	0.104449
8902	8903	0.0533279
2469	8903	0.0533279
8903	8904	0.0441592
6132	8904	0.0441592
8904	8905	0.035435
2442	8905	0.035435
8905	8906	0.0287703
352	8906	0.0287703
374	8907	0.0653993
1824	8907	0.0653993
379	8908	0.049196
2560	8908	0.049196
1934	8909	0.077928
6263	8909	0.077928
2037	8910	0.0469471
8909	8910	0.0469471
6080	8911	0.0968019
6172	8911	0.0968019
3601	8912	0.0854265
432	8912	0.0854265
3124	8913	0.110689
1290	8913	0.110689
5555	8914	0.0520509
3664	8914	0.0520509
4323	8915	0.0519965
8914	8915	0.0519965
8915	8916	0.0282879
1056	8916	0.0282879
8916	8917	0.0264492
1961	8917	0.0264492
5587	8918	0.0259531
438	8918	0.0259531
442	8919	0.0576833
2912	8919	0.0576833
1868	8920	0.267749
443	8920	0.267749
8920	8921	0.115769
3812	8921	0.115769
8921	8922	0.082853
2557	8922	0.082853
4316	8923	0.0267877
4306	8923	0.0267877
1353	8924	0.0248806
8923	8924	0.0248806
2150	8925	0.0524132
3503	8925	0.0524132
5571	8926	0.0216144
1460	8926	0.0216144
2697	8927	0.0215674
8926	8927	0.0215674
4891	8928	0.0531331
3942	8928	0.0531331
2607	8929	0.251902
528	8929	0.251902
8929	8930	0.206573
757	8930	0.206573
8930	8931	0.089889
2251	8931	0.089889
8931	8932	0.0723369
5270	8932	0.0723369
8932	8933	0.0281084
2256	8933	0.0281084
5087	8934	0.174966
529	8934	0.174966
531	8935	0.080003
971	8935	0.080003
4048	8936	0.241012
4370	8936	0.241012
8936	8937	0.110564
3340	8937	0.110564
6314	8938	0.0330907
2101	8938	0.0330907
4819	8939	0.0297327
8938	8939	0.0297327
5432	8940	0.0282336
8939	8940	0.0282336
3598	8941	0.0908694
3700	8941	0.0908694
1332	8942	0.0300998
1560	8942	0.0300998
8942	8943	0.0216613
5760	8943	0.0216613
4332	8944	0.0235365
5821	8944	0.0235365
1759	8945	0.0634283
1662	8945	0.0634283
4691	8946	0.0556725
8945	8946	0.0556725
1076	8947	0.055343
5151	8947	0.055343
8947	8948	0.0549533
798	8948	0.0549533
5943	8949	0.0391102
8948	8949	0.0391102
8946	8950	0.041276
582	8950	0.041276
5267	8951	0.0342633
8949	8951	0.0342633
8951	8952	0.0327161
8950	8952	0.0327161
2203	8953	0.0244038
5731	8953	0.0244038
8952	8954	0.0233721
8953	8954	0.0233721
694	8955	0.0224475
8954	8955	0.0224475
2418	8956	0.0759816
1051	8956	0.0759816
8956	8957	0.0737927
5096	8957	0.0737927
8957	8958	0.058399
587	8958	0.058399
8958	8959	0.0434902
3028	8959	0.0434902
5487	8960	0.0334978
1898	8960	0.0334978
4464	8961	0.0212814
3792	8961	0.0212814
3243	8962	0.0686158
2137	8962	0.0686158
599	8963	0.0442348
3348	8963	0.0442348
4586	8964	0.299419
3532	8964	0.299419
8964	8965	0.184512
605	8965	0.184512
615	8966	0.0535679
1676	8966	0.0535679
771	8967	0.0573506
617	8967	0.0573506
5458	8968	0.0538649
6041	8968	0.0538649
8967	8969	0.0263154
8968	8969	0.0263154
5703	8970	0.0258437
8969	8970	0.0258437
8970	8971	0.0236035
2898	8971	0.0236035
2502	8972	0.0884978
806	8972	0.0884978
2746	8973	0.0417995
2546	8973	0.0417995
1044	8974	0.0588209
6089	8974	0.0588209
3536	8975	0.0222775
4324	8975	0.0222775
8975	8976	0.022131
6113	8976	0.022131
2326	8977	0.146403
3374	8977	0.146403
8977	8978	0.108105
5495	8978	0.108105
3207	8979	0.0650695
654	8979	0.0650695
5107	8980	0.269334
4470	8980	0.269334
5153	8981	0.0496139
1218	8981	0.0496139
2331	8982	0.0251781
713	8982	0.0251781
1463	8983	0.026556
3395	8983	0.026556
744	8984	0.0625704
5030	8984	0.0625704
5183	8985	0.0342888
745	8985	0.0342888
5446	8986	0.0881199
4752	8986	0.0881199
763	8987	0.0606723
5564	8987	0.0606723
8987	8988	0.0275191
4919	8988	0.0275191
765	8989	0.0570299
5949	8989	0.0570299
3417	8990	0.0288201
2467	8990	0.0288201
5120	8991	0.136743
2579	8991	0.136743
8991	8992	0.0803793
4720	8992	0.0803793
8992	8993	0.0762547
4417	8993	0.0762547
8993	8994	0.0711919
5227	8994	0.0711919
8994	8995	0.0640863
3391	8995	0.0640863
8995	8996	0.054602
772	8996	0.054602
8996	8997	0.0451193
4014	8997	0.0451193
1624	8998	0.0227712
8997	8998	0.0227712
5644	8999	0.0264801
4611	8999	0.0264801
801	9000	0.180192
1183	9000	0.180192
5622	9001	0.0277776
5790	9001	0.0277776
899	9002	0.0733309
2913	9002	0.0733309
9002	9003	0.072377
4539	9003	0.072377
2096	9004	0.233129
6321	9004	0.233129
4838	9005	0.107604
1744	9005	0.107604
9005	9006	0.0650478
2771	9006	0.0650478
9006	9007	0.0571143
4441	9007	0.0571143
9004	9008	0.0534437
9007	9008	0.0534437
9008	9009	0.0504409
4185	9009	0.0504409
9009	9010	0.0428484
3740	9010	0.0428484
9010	9011	0.0406878
1299	9011	0.0406878
9011	9012	0.0369613
3212	9012	0.0369613
9012	9013	0.0318524
905	9013	0.0318524
4916	9014	0.109881
5876	9014	0.109881
915	9015	0.0813037
3228	9015	0.0813037
2386	9016	0.0380944
1999	9016	0.0380944
4426	9017	0.063803
2694	9017	0.063803
5550	9018	0.0256605
959	9018	0.0256605
2176	9019	0.05329
984	9019	0.05329
997	9020	0.14532
2454	9020	0.14532
2620	9021	0.0720656
2509	9021	0.0720656
1038	9022	0.0890758
1020	9022	0.0890758
6249	9023	0.538858
1077	9023	0.538858
5902	9024	0.194011
5900	9024	0.194011
2568	9025	0.0313974
4017	9025	0.0313974
1075	9026	0.0881295
5180	9026	0.0881295
3383	9027	0.0398875
4413	9027	0.0398875
5304	9028	0.0362545
9027	9028	0.0362545
4050	9029	0.0327948
9028	9029	0.0327948
9029	9030	0.0293408
2954	9030	0.0293408
1122	9031	0.0581222
1516	9031	0.0581222
3103	9032	0.0215254
9031	9032	0.0215254
3425	9033	0.0241646
4331	9033	0.0241646
4070	9034	0.0837132
3210	9034	0.0837132
5149	9035	0.0344061
2020	9035	0.0344061
2739	9036	0.389337
2358	9036	0.389337
5424	9037	0.144866
1890	9037	0.144866
9037	9038	0.132428
4088	9038	0.132428
5750	9039	0.0863482
9038	9039	0.0863482
9039	9040	0.081279
5507	9040	0.081279
9040	9041	0.08036
5163	9041	0.08036
9041	9042	0.045122
1889	9042	0.045122
9042	9043	0.0276064
4429	9043	0.0276064
4700	9044	0.08123
1186	9044	0.08123
1659	9045	0.02626
2996	9045	0.02626
3628	9046	0.03563
5029	9046	0.03563
3982	9047	0.0393379
5092	9047	0.0393379
2210	9048	0.110865
1277	9048	0.110865
3505	9049	0.0788833
1293	9049	0.0788833
1457	9050	0.0269458
2297	9050	0.0269458
3393	9051	0.0227327
4552	9051	0.0227327
3436	9052	0.202199
1345	9052	0.202199
9052	9053	0.0882665
4846	9053	0.0882665
4558	9054	0.137582
1348	9054	0.137582
4138	9055	0.133201
3292	9055	0.133201
9055	9056	0.0762098
1355	9056	0.0762098
1484	9057	0.228759
1368	9057	0.228759
3130	9058	0.0709401
5559	9058	0.0709401
6117	9059	0.0225391
1382	9059	0.0225391
1389	9060	0.05159
5504	9060	0.05159
2429	9061	0.0404091
1404	9061	0.0404091
2264	9062	0.0788639
4512	9062	0.0788639
1462	9063	0.0579789
4060	9063	0.0579789
2931	9063	0.0579789
1875	9064	0.0540886
2139	9064	0.0540886
9064	9065	0.0421229
5905	9065	0.0421229
9065	9066	0.0365634
5907	9066	0.0365634
9066	9067	0.0296942
6183	9067	0.0296942
9067	9068	0.027184
6190	9068	0.027184
9068	9069	0.0233727
2138	9069	0.0233727
1597	9070	0.137836
1461	9070	0.137836
1488	9071	0.0240343
3855	9071	0.0240343
3944	9072	0.0949355
1489	9072	0.0949355
3452	9073	0.0620972
5749	9073	0.0620972
1834	9074	0.0221624
1520	9074	0.0221624
1522	9075	0.132946
5009	9075	0.132946
9075	9076	0.0755005
5746	9076	0.0755005
9076	9077	0.0486777
2013	9077	0.0486777
5509	9078	0.0461283
4015	9078	0.0461283
1634	9079	0.0438815
4182	9079	0.0438815
3817	9080	0.0359203
9079	9080	0.0359203
5065	9081	0.0376386
1672	9081	0.0376386
5775	9082	0.0350935
9081	9082	0.0350935
2980	9083	0.171098
4434	9083	0.171098
9083	9084	0.117811
2545	9084	0.117811
9084	9085	0.112371
3897	9085	0.112371
9085	9086	0.0629899
4482	9086	0.0629899
3490	9087	0.54058
1956	9087	0.54058
9087	9088	0.221955
1608	9088	0.221955
3853	9089	0.0380403
3852	9089	0.0380403
2968	9090	0.0288079
4788	9090	0.0288079
9089	9091	0.0275898
9090	9091	0.0275898
9091	9092	0.0262385
6125	9092	0.0262385
4617	9093	0.0220157
3389	9093	0.0220157
1733	9094	0.148773
5743	9094	0.148773
3690	9095	0.0425458
3882	9095	0.0425458
6133	9096	0.0424196
4424	9096	0.0424196
9095	9096	0.0424196
9096	9097	0.0418836
4423	9097	0.0418836
9097	9098	0.026472
1981	9098	0.026472
4293	9099	0.0255633
1769	9099	0.0255633
9098	9100	0.0254899
9099	9100	0.0254899
9100	9101	0.0239059
3880	9101	0.0239059
9101	9102	0.0221939
5788	9102	0.0221939
2022	9103	0.0332474
1996	9103	0.0332474
6102	9104	0.0685972
3810	9104	0.0685972
2086	9105	0.0679999
9104	9105	0.0679999
5340	9106	0.0896187
2098	9106	0.0896187
5139	9107	0.0262695
9106	9107	0.0262695
2596	9108	0.110806
5361	9108	0.110806
3653	9108	0.110806
2318	9109	0.0878771
9108	9109	0.0878771
4133	9110	0.103317
2152	9110	0.103317
4668	9111	0.0858737
9110	9111	0.0858737
6045	9112	0.105899
2156	9112	0.105899
6035	9113	0.105453
9112	9113	0.105453
5467	9114	0.0389372
3813	9114	0.0389372
5310	9115	0.114528
2788	9115	0.114528
5388	9116	0.111467
9115	9116	0.111467
2195	9117	0.0904011
9116	9117	0.0904011
3062	9118	0.21102
2206	9118	0.21102
4476	9119	0.0390146
2253	9119	0.0390146
2207	9120	0.0309249
4453	9120	0.0309249
2214	9121	0.0493827
3157	9121	0.0493827
2237	9122	0.0948037
4656	9122	0.0948037
3755	9123	0.102451
2984	9123	0.102451
3116	9124	0.107309
4246	9124	0.107309
9124	9125	0.0762082
2940	9125	0.0762082
9125	9126	0.0649244
2728	9126	0.0649244
5633	9127	0.191419
5954	9127	0.191419
6034	9127	0.191419
2336	9128	0.079018
5707	9128	0.079018
6055	9129	0.0279255
4549	9129	0.0279255
2381	9130	0.105957
3011	9130	0.105957
4386	9131	0.0223826
9130	9131	0.0223826
2436	9132	0.184066
4671	9132	0.184066
5356	9133	0.0367073
4315	9133	0.0367073
3281	9134	0.128624
3502	9134	0.128624
2664	9135	0.0626266
2587	9135	0.0626266
2622	9136	0.111155
3496	9136	0.111155
4810	9137	0.169589
4902	9137	0.169589
3756	9138	0.0905397
4866	9138	0.0905397
4607	9139	0.0737518
4848	9139	0.0737518
5401	9140	0.0735836
9139	9140	0.0735836
6265	9141	0.039889
3712	9141	0.039889
2802	9142	0.168152
5113	9142	0.168152
4976	9143	0.033108
2839	9143	0.033108
2932	9144	0.342168
2848	9144	0.342168
5415	9145	0.199433
2866	9145	0.199433
3650	9146	0.101861
4861	9146	0.101861
4673	9147	0.0740157
5025	9147	0.0740157
5460	9148	0.050089
5597	9148	0.050089
5987	9149	0.0793036
2929	9149	0.0793036
3255	9150	0.0544086
5800	9150	0.0544086
3063	9151	0.176294
4634	9151	0.176294
5988	9152	0.101887
3539	9152	0.101887
9152	9153	0.0999997
3156	9153	0.0999997
4887	9154	0.0737478
3359	9154	0.0737478
3360	9155	0.279515
5348	9155	0.279515
5667	9156	0.133875
3439	9156	0.133875
3856	9157	0.030049
6048	9157	0.030049
3760	9158	0.193403
3956	9158	0.193403
3837	9159	0.0425021
4326	9159	0.0425021
4371	9160	0.0528483
5199	9160	0.0528483
4265	9161	0.236332
5518	9161	0.236332
4407	9162	0.146253
4437	9162	0.146253
5932	9162	0.146253
5056	9163	0.395104
5007	9163	0.395104
5528	9164	0.15897
5493	9164	0.15897
5803	9165	0.0269968
6066	9165	0.0269968
6112	9166	0.0267763
6104	9166	0.0267763
6170	9167	0.0293629
6164	9167	0.0293629
5879	9168	0.0193411
5916	9168	0.0193411
9168	9169	0.0181004
5836	9169	0.0181004
3004	9170	0.00992773
1827	9170	0.00992773
9170	9171	0.00957859
36	9171	0.00957859
2735	9172	0.00963574
9077	9172	0.00963574
3548	9173	0.00912961
3918	9173	0.00912961
9024	9174	0.0204953
1331	9174	0.0204953
4234	9175	0.0128507
5427	9175	0.0128507
2582	9176	0.0191165
2692	9176	0.0191165
9176	9177	0.0140598
3857	9177	0.0140598
4901	9178	0.00942031
928	9178	0.00942031
9178	9179	0.00889297
4709	9179	0.00889297
3316	9180	0.0135364
8912	9180	0.0135364
5995	9181	0.0102272
6318	9181	0.0102272
9054	9182	0.0211877
4605	9182	0.0211877
5628	9183	0.0193957
1102	9183	0.0193957
4715	9184	0.0114777
4055	9184	0.0114777
9069	9185	0.0207968
5906	9185	0.0207968
3741	9186	0.0115461
5091	9186	0.0115461
2053	9187	0.0114488
1807	9187	0.0114488
8984	9188	0.0112972
6110	9188	0.0112972
1587	9189	0.0136071
4897	9189	0.0136071
6022	9190	0.0118694
2806	9190	0.0118694
4267	9191	0.0192709
8877	9191	0.0192709
9020	9192	0.0121438
3715	9192	0.0121438
5248	9193	0.0173181
5516	9193	0.0173181
8986	9194	0.0190296
4970	9194	0.0190296
5047	9195	0.0165413
243	9195	0.0165413
5570	9196	0.0179787
1800	9196	0.0179787
2438	9197	0.0203057
6511	9197	0.0203057
4174	9198	0.0183239
8871	9198	0.0183239
4548	9199	0.0146305
3358	9199	0.0146305
5266	9200	0.0164539
8853	9200	0.0164539
2348	9201	0.0170014
2918	9201	0.0170014
3603	9202	0.0194694
8850	9202	0.0194694
2813	9203	0.0161917
9142	9203	0.0161917
9155	9204	0.0155737
4952	9204	0.0155737
1993	9205	0.0138198
468	9205	0.0138198
4603	9206	0.0209112
196	9206	0.0209112
2691	9207	0.0208119
9206	9207	0.0208119
8835	9208	0.0201921
2868	9208	0.0201921
7	9209	0.0185994
9208	9209	0.0185994
2536	9210	0.0185945
9209	9210	0.0185945
1053	9211	0.0180798
9210	9211	0.0180798
6383	9212	0.0194951
9157	9212	0.0194951
3631	9213	0.0181816
5492	9213	0.0181816
9014	9214	0.0173209
9049	9214	0.0173209
1137	9215	0.0204953
4351	9215	0.0204953
8699	9216	0.0189686
9215	9216	0.0189686
271	9217	0.0181236
9216	9217	0.0181236
2417	9218	0.0209743
1686	9218	0.0209743
9218	9219	0.0206899
4269	9219	0.0206899
6201	9220	0.021032
4982	9220	0.021032
3416	9221	0.0203044
6486	9221	0.0203044
6377	9222	0.020598
6252	9222	0.020598
5389	9223	0.0211643
8687	9223	0.0211643
9223	9224	0.0211497
2051	9224	0.0211497
3968	9225	0.021141
9224	9225	0.021141
6424	9226	0.0211172
9225	9226	0.0211172
829	9226	0.0211172
6494	9227	0.0211107
9226	9227	0.0211107
3862	9227	0.0211107
4507	9227	0.0211107
8976	9227	0.0211107
9227	9228	0.0211056
3278	9228	0.0211056
6362	9229	0.0211018
9228	9229	0.0211018
9229	9230	0.0210854
1418	9230	0.0210854
9230	9231	0.0210657
3775	9231	0.0210657
9231	9232	0.0210628
1424	9232	0.0210628
2743	9233	0.0210491
9232	9233	0.0210491
9233	9234	0.021043
8867	9234	0.021043
9234	9235	0.0210333
4661	9235	0.0210333
1456	9236	0.0210226
9235	9236	0.0210226
3031	9237	0.0210216
9236	9237	0.0210216
9237	9238	0.0210177
4973	9238	0.0210177
6451	9239	0.0210069
9238	9239	0.0210069
9239	9240	0.0210048
8944	9240	0.0210048
1381	9241	0.0209941
9240	9241	0.0209941
4313	9242	0.0209863
9241	9242	0.0209863
6178	9243	0.0209541
9242	9243	0.0209541
6227	9243	0.0209541
3726	9243	0.0209541
5646	9244	0.0209502
9243	9244	0.0209502
6430	9245	0.020936
9244	9245	0.020936
4420	9246	0.0209299
9245	9246	0.0209299
9246	9247	0.0209034
215	9247	0.0209034
2149	9248	0.0209005
9247	9248	0.0209005
9248	9249	0.0208646
4872	9249	0.0208646
8736	9250	0.0212007
1394	9250	0.0212007
9249	9251	0.0208622
1423	9251	0.0208622
9251	9252	0.0208551
547	9252	0.0208551
2240	9253	0.0208494
9252	9253	0.0208494
9253	9254	0.0208476
2089	9254	0.0208476
9254	9255	0.02083
8927	9255	0.02083
4641	9255	0.02083
9255	9256	0.0208275
3892	9256	0.0208275
9256	9257	0.0208119
4349	9257	0.0208119
9257	9258	0.0208081
1126	9258	0.0208081
9258	9259	0.0207754
155	9259	0.0207754
9259	9260	0.0207291
5715	9260	0.0207291
9260	9261	0.0207186
1377	9261	0.0207186
9261	9262	0.0207159
8955	9262	0.0207159
1557	9262	0.0207159
4827	9262	0.0207159
8982	9262	0.0207159
9262	9263	0.0207119
2957	9263	0.0207119
9263	9264	0.0207103
3531	9264	0.0207103
9264	9265	0.0207086
9250	9265	0.0207086
898	9265	0.0207086
84	9266	0.0207075
9265	9266	0.0207075
6443	9267	0.0206612
9266	9267	0.0206612
9267	9268	0.0206511
1048	9268	0.0206511
9268	9269	0.0206433
76	9269	0.0206433
9269	9270	0.0206276
9092	9270	0.0206276
9270	9271	0.0206263
3125	9271	0.0206263
9271	9272	0.0206242
5941	9272	0.0206242
6415	9273	0.0206165
9272	9273	0.0206165
9273	9274	0.0206059
2877	9274	0.0206059
9274	9275	0.020604
2558	9275	0.020604
9275	9276	0.0206033
3161	9276	0.0206033
9276	9277	0.0205871
5904	9277	0.0205871
9166	9277	0.0205871
9277	9278	0.0205664
8799	9278	0.0205664
9278	9279	0.020542
6224	9279	0.020542
8746	9280	0.0211505
1975	9280	0.0211505
6050	9281	0.0207021
9280	9281	0.0207021
2540	9282	0.0206689
9281	9282	0.0206689
619	9283	0.0208369
5035	9283	0.0208369
1950	9284	0.0205277
9279	9284	0.0205277
4314	9285	0.0205105
9284	9285	0.0205105
9285	9286	0.0204771
3305	9286	0.0204771
9286	9287	0.0204658
3312	9287	0.0204658
9287	9288	0.0204544
5641	9288	0.0204544
9288	9289	0.0204487
1312	9289	0.0204487
9289	9290	0.0204379
8961	9290	0.0204379
925	9290	0.0204379
6441	9291	0.0204116
9290	9291	0.0204116
9291	9292	0.0203963
4357	9292	0.0203963
5718	9293	0.0203819
9292	9293	0.0203819
2344	9294	0.0203785
9293	9294	0.0203785
6414	9295	0.0203772
9294	9295	0.0203772
5802	9295	0.0203772
4483	9295	0.0203772
6325	9296	0.0203658
9295	9296	0.0203658
9296	9297	0.0203587
3223	9297	0.0203587
9297	9298	0.0203504
1846	9298	0.0203504
6433	9299	0.0203208
9298	9299	0.0203208
9299	9300	0.020318
3773	9300	0.020318
9300	9301	0.0203153
9126	9301	0.0203153
3840	9301	0.0203153
9301	9302	0.0203063
1417	9302	0.0203063
9302	9303	0.0202748
9282	9303	0.0202748
9303	9304	0.0202713
409	9304	0.0202713
9304	9305	0.020262
3185	9305	0.020262
9305	9306	0.020259
6144	9306	0.020259
9306	9307	0.0202405
2474	9307	0.0202405
5358	9308	0.0202272
9307	9308	0.0202272
9308	9309	0.020226
4074	9309	0.020226
9309	9310	0.0202218
5956	9310	0.0202218
9310	9311	0.0202142
5712	9311	0.0202142
9311	9312	0.0201929
4767	9312	0.0201929
3184	9313	0.0201816
9312	9313	0.0201816
817	9314	0.0201782
9313	9314	0.0201782
3819	9315	0.0201656
9314	9315	0.0201656
9315	9316	0.0201434
5814	9316	0.0201434
6348	9317	0.0201339
9316	9317	0.0201339
9317	9318	0.0201035
2695	9318	0.0201035
2825	9319	0.0200978
9318	9319	0.0200978
6456	9320	0.0200804
9319	9320	0.0200804
6504	9321	0.0200716
9320	9321	0.0200716
4397	9321	0.0200716
9321	9322	0.0200598
6038	9322	0.0200598
9322	9323	0.0200585
8797	9323	0.0200585
5213	9323	0.0200585
9323	9324	0.0200163
1180	9324	0.0200163
9283	9324	0.0200163
6388	9325	0.0200069
9324	9325	0.0200069
9325	9326	0.0200016
4971	9326	0.0200016
3911	9327	0.0199718
9326	9327	0.0199718
1892	9328	0.0199338
9327	9328	0.0199338
9328	9329	0.0199311
2867	9329	0.0199311
9329	9330	0.0199231
1895	9330	0.0199231
9330	9331	0.0199173
2693	9331	0.0199173
1405	9332	0.0199091
9331	9332	0.0199091
1243	9332	0.0199091
9332	9333	0.019906
5891	9333	0.019906
6515	9334	0.0198737
9333	9334	0.0198737
9334	9335	0.0198719
1209	9335	0.0198719
2920	9336	0.0198664
9335	9336	0.0198664
9336	9337	0.0198511
5812	9337	0.0198511
6330	9338	0.0198213
9337	9338	0.0198213
6442	9339	0.0198206
9338	9339	0.0198206
9339	9340	0.0198173
6077	9340	0.0198173
9340	9341	0.0198146
2518	9341	0.0198146
9341	9342	0.0197927
3449	9342	0.0197927
9222	9343	0.0197734
9342	9343	0.0197734
6535	9344	0.0197666
9343	9344	0.0197666
4850	9345	0.01999
3092	9345	0.01999
8819	9346	0.0204341
1313	9346	0.0204341
9346	9347	0.0198173
4297	9347	0.0198173
4358	9348	0.0197935
3160	9348	0.0197935
2780	9349	0.0202911
5318	9349	0.0202911
9344	9350	0.0197645
3091	9350	0.0197645
1161	9351	0.019738
9350	9351	0.019738
4564	9351	0.019738
1901	9352	0.0197352
9351	9352	0.0197352
9352	9353	0.0196915
6061	9353	0.0196915
9353	9354	0.0196896
2584	9354	0.0196896
9354	9355	0.0196742
6023	9355	0.0196742
2170	9356	0.0196667
9355	9356	0.0196667
9356	9357	0.0196655
5262	9357	0.0196655
9357	9358	0.0196505
5408	9358	0.0196505
9358	9359	0.0196451
5521	9359	0.0196451
3099	9360	0.0196423
9359	9360	0.0196423
1367	9361	0.0195949
9360	9361	0.0195949
3201	9362	0.0195744
9361	9362	0.0195744
9362	9363	0.0195541
3666	9363	0.0195541
9363	9364	0.0195474
2269	9364	0.0195474
9364	9365	0.0195467
3081	9365	0.0195467
9365	9366	0.0195283
2590	9366	0.0195283
9366	9367	0.0195254
2487	9367	0.0195254
3663	9368	0.0195158
9367	9368	0.0195158
6396	9369	0.0195091
9368	9369	0.0195091
2846	9370	0.0195064
9369	9370	0.0195064
2375	9371	0.0195048
9370	9371	0.0195048
9371	9372	0.0195018
6232	9372	0.0195018
1974	9373	0.019464
9372	9373	0.019464
1065	9374	0.0194389
9373	9374	0.0194389
9025	9375	0.0194375
9374	9375	0.0194375
9375	9376	0.0194371
5142	9376	0.0194371
9376	9377	0.0194356
2637	9377	0.0194356
9377	9378	0.0194336
935	9378	0.0194336
9378	9379	0.0194319
461	9379	0.0194319
8917	9380	0.0196609
4170	9380	0.0196609
4904	9381	0.0194205
9379	9381	0.0194205
5391	9382	0.019419
9381	9382	0.019419
6439	9383	0.0194179
9382	9383	0.0194179
1667	9383	0.0194179
593	9384	0.0194134
9383	9384	0.0194134
9384	9385	0.0194076
9347	9385	0.0194076
8828	9385	0.0194076
9385	9386	0.0193913
407	9386	0.0193913
747	9387	0.0193824
9386	9387	0.0193824
6268	9388	0.0194269
9380	9388	0.0194269
9387	9389	0.019374
8757	9389	0.019374
5429	9390	0.019363
9389	9390	0.019363
9390	9391	0.0193578
9388	9391	0.0193578
4317	9392	0.0193473
9391	9392	0.0193473
9392	9393	0.0193437
5585	9393	0.0193437
9393	9394	0.0193367
6142	9394	0.0193367
2350	9395	0.0193271
9394	9395	0.0193271
9395	9396	0.019323
1496	9396	0.019323
9396	9397	0.0193161
3579	9397	0.0193161
9397	9398	0.0193098
501	9398	0.0193098
163	9399	0.0193091
9398	9399	0.0193091
9399	9400	0.019291
4427	9400	0.019291
4040	9401	0.019289
9400	9401	0.019289
9401	9402	0.0192796
5867	9402	0.0192796
9402	9403	0.0192633
8847	9403	0.0192633
9403	9404	0.0192584
3724	9404	0.0192584
6344	9405	0.0192395
9404	9405	0.0192395
5794	9406	0.0192254
9405	9406	0.0192254
4589	9407	0.0192234
9406	9407	0.0192234
4918	9408	0.0192157
9407	9408	0.0192157
2490	9409	0.0191988
9408	9409	0.0191988
9409	9410	0.0191928
5216	9410	0.0191928
5417	9411	0.0195895
1628	9411	0.0195895
2794	9412	0.01919
9410	9412	0.01919
3102	9413	0.0191828
9412	9413	0.0191828
9413	9414	0.0191822
1202	9414	0.0191822
9414	9415	0.0191645
5868	9415	0.0191645
9415	9416	0.0191623
6281	9416	0.0191623
9416	9417	0.0191541
9348	9417	0.0191541
8748	9418	0.0191448
9417	9418	0.0191448
5292	9419	0.0191888
9411	9419	0.0191888
3067	9420	0.0191395
695	9420	0.0191395
9418	9420	0.0191395
6390	9421	0.0191365
9420	9421	0.0191365
9421	9422	0.0191355
2321	9422	0.0191355
6359	9423	0.0191341
9422	9423	0.0191341
6392	9424	0.0191251
9423	9424	0.0191251
9424	9425	0.0191227
9419	9425	0.0191227
9425	9426	0.01912
2512	9426	0.01912
9426	9427	0.0191069
3790	9427	0.0191069
9427	9428	0.0190974
4299	9428	0.0190974
9428	9429	0.0190957
3963	9429	0.0190957
9429	9430	0.0190899
5785	9430	0.0190899
6341	9431	0.0190858
9430	9431	0.0190858
1502	9431	0.0190858
9431	9432	0.0190716
2489	9432	0.0190716
3322	9433	0.0190576
9432	9433	0.0190576
9433	9434	0.0190182
8765	9434	0.0190182
9434	9435	0.0190097
1045	9435	0.0190097
9435	9436	0.0190025
5328	9436	0.0190025
3636	9436	0.0190025
785	9437	0.0190019
9436	9437	0.0190019
9437	9438	0.0189829
2266	9438	0.0189829
9438	9439	0.0189723
5859	9439	0.0189723
9439	9440	0.0189599
5115	9440	0.0189599
5645	9441	0.0189513
9440	9441	0.0189513
2865	9442	0.0190136
5569	9442	0.0190136
2529	9443	0.0189486
9441	9443	0.0189486
9221	9444	0.018925
9443	9444	0.018925
9444	9445	0.018914
993	9445	0.018914
3438	9446	0.0188842
9445	9446	0.0188842
6350	9447	0.0188812
9446	9447	0.0188812
6527	9448	0.0188605
9447	9448	0.0188605
6466	9449	0.0188533
9448	9449	0.0188533
9449	9450	0.0188509
9442	9450	0.0188509
9450	9451	0.0188456
4895	9451	0.0188456
1706	9452	0.0188417
9451	9452	0.0188417
6400	9453	0.0188256
9452	9453	0.0188256
9453	9454	0.0188156
6025	9454	0.0188156
986	9454	0.0188156
3527	9455	0.0188122
9454	9455	0.0188122
687	9456	0.0187985
9455	9456	0.0187985
9456	9457	0.0187931
9345	9457	0.0187931
9033	9457	0.0187931
9071	9457	0.0187931
9457	9458	0.0187807
3540	9458	0.0187807
2106	9459	0.0187769
9458	9459	0.0187769
6505	9460	0.0187673
9459	9460	0.0187673
3453	9460	0.0187673
9460	9461	0.0187635
123	9461	0.0187635
9461	9462	0.0187576
1633	9462	0.0187576
6393	9463	0.0187568
9462	9463	0.0187568
2998	9464	0.018754
9463	9464	0.018754
5545	9464	0.018754
9464	9465	0.0187497
3611	9465	0.0187497
9465	9466	0.0187486
9349	9466	0.0187486
9466	9467	0.0187414
5145	9467	0.0187414
9467	9468	0.0187398
5353	9468	0.0187398
9468	9469	0.0187293
3737	9469	0.0187293
9469	9470	0.0187274
5491	9470	0.0187274
8792	9471	0.018711
9470	9471	0.018711
1143	9472	0.0197055
2390	9472	0.0197055
775	9473	0.0197187
38	9473	0.0197187
8766	9474	0.0200602
2476	9474	0.0200602
1886	9475	0.0197279
8834	9475	0.0197279
4789	9476	0.0187204
9475	9476	0.0187204
6075	9477	0.0196353
5706	9477	0.0196353
3325	9478	0.0193824
1702	9478	0.0193824
9478	9479	0.0190875
2074	9479	0.0190875
4191	9480	0.0195514
3066	9480	0.0195514
4215	9481	0.0189887
4063	9481	0.0189887
6199	9482	0.0186367
9220	9482	0.0186367
2951	9483	0.0187082
6479	9483	0.0187082
9471	9484	0.0187082
1549	9484	0.0187082
2107	9484	0.0187082
2783	9484	0.0187082
9484	9485	0.0187075
883	9485	0.0187075
9485	9486	0.0187044
93	9486	0.0187044
9479	9486	0.0187044
5343	9487	0.0187009
9486	9487	0.0187009
9487	9488	0.0186936
3347	9488	0.0186936
6462	9489	0.0186684
9488	9489	0.0186684
57	9490	0.0186619
9489	9490	0.0186619
9490	9491	0.0186404
579	9491	0.0186404
9491	9492	0.0186226
302	9492	0.0186226
8988	9493	0.0186073
9492	9493	0.0186073
8933	9494	0.0186025
9493	9494	0.0186025
2319	9494	0.0186025
9494	9495	0.0185956
2551	9495	0.0185956
9495	9496	0.01859
4708	9496	0.01859
9496	9497	0.0185795
3123	9497	0.0185795
2718	9498	0.0185698
670	9498	0.0185698
6008	9498	0.0185698
9497	9498	0.0185698
9498	9499	0.0185646
3372	9499	0.0185646
4403	9500	0.0185475
9499	9500	0.0185475
2534	9501	0.0185442
9500	9501	0.0185442
9501	9502	0.0185275
3958	9502	0.0185275
3030	9503	0.018526
9502	9503	0.018526
9503	9504	0.0185143
5006	9504	0.0185143
9504	9505	0.0185106
451	9505	0.0185106
9505	9506	0.0185031
945	9506	0.0185031
9506	9507	0.0184835
9059	9507	0.0184835
8845	9508	0.0184738
9507	9508	0.0184738
9508	9509	0.0184708
1105	9509	0.0184708
9509	9510	0.0184585
5114	9510	0.0184585
516	9511	0.0184544
9510	9511	0.0184544
1298	9512	0.01844
9511	9512	0.01844
793	9513	0.0184375
9512	9513	0.0184375
9219	9514	0.0184098
9513	9514	0.0184098
9514	9515	0.0183943
2738	9515	0.0183943
9515	9516	0.0183897
5816	9516	0.0183897
9516	9517	0.0183573
9154	9517	0.0183573
9517	9518	0.0183526
568	9518	0.0183526
9518	9519	0.0183306
4111	9519	0.0183306
8895	9520	0.0183296
9519	9520	0.0183296
9520	9521	0.0183204
4490	9521	0.0183204
9521	9522	0.018317
9477	9522	0.018317
9522	9523	0.0183114
4075	9523	0.0183114
9523	9524	0.0182993
5765	9524	0.0182993
9524	9525	0.0182953
6062	9525	0.0182953
6303	9526	0.0182784
9525	9526	0.0182784
9526	9527	0.0182753
581	9527	0.0182753
5051	9527	0.0182753
3566	9528	0.018266
9527	9528	0.018266
9528	9529	0.0182603
1004	9529	0.0182603
9529	9530	0.018235
139	9530	0.018235
9530	9531	0.0182288
8703	9531	0.0182288
9473	9531	0.0182288
9148	9532	0.0182141
9531	9532	0.0182141
9532	9533	0.0182076
836	9533	0.0182076
549	9534	0.0181971
9533	9534	0.0181971
2406	9535	0.0181786
9534	9535	0.0181786
9535	9536	0.0181636
9093	9536	0.0181636
4941	9537	0.0181621
9536	9537	0.0181621
5175	9538	0.0181588
9537	9538	0.0181588
9538	9539	0.0181484
469	9539	0.0181484
9539	9540	0.0181422
1160	9540	0.0181422
9540	9541	0.0181387
8906	9541	0.0181387
4343	9541	0.0181387
9541	9542	0.0181224
4047	9542	0.0181224
9542	9543	0.0181209
190	9543	0.0181209
6516	9544	0.0181113
9543	9544	0.0181113
3680	9545	0.0182923
9476	9545	0.0182923
1479	9546	0.0181722
9545	9546	0.0181722
9483	9547	0.0181035
9544	9547	0.0181035
9547	9548	0.018095
1008	9548	0.018095
9548	9549	0.0180825
2395	9549	0.0180825
9549	9550	0.0180757
9472	9550	0.0180757
9550	9551	0.0180721
3588	9551	0.0180721
8785	9552	0.0180683
9551	9552	0.0180683
9552	9553	0.0180634
8864	9553	0.0180634
2495	9553	0.0180634
4531	9554	0.0180625
9553	9554	0.0180625
9554	9555	0.0180606
2164	9555	0.0180606
9555	9556	0.0180571
5101	9556	0.0180571
3638	9557	0.0180314
9556	9557	0.0180314
9060	9558	0.0180617
1741	9558	0.0180617
6367	9559	0.0180246
9557	9559	0.0180246
9559	9560	0.0180201
6028	9560	0.0180201
9560	9561	0.0180121
9558	9561	0.0180121
9561	9562	0.0180032
1826	9562	0.0180032
9562	9563	0.0179951
4402	9563	0.0179951
6056	9564	0.017993
9563	9564	0.017993
1599	9564	0.017993
9564	9565	0.0179919
5975	9565	0.0179919
9565	9566	0.0179817
275	9566	0.0179817
9566	9567	0.0179806
5209	9567	0.0179806
6382	9568	0.017958
9567	9568	0.017958
9568	9569	0.0179558
9546	9569	0.0179558
4740	9570	0.0179379
9569	9570	0.0179379
4873	9571	0.0179288
9570	9571	0.0179288
6417	9572	0.0179268
9571	9572	0.0179268
9572	9573	0.0179236
3274	9573	0.0179236
1694	9574	0.0179168
9573	9574	0.0179168
5846	9575	0.0179137
9574	9575	0.0179137
9575	9576	0.0179065
9128	9576	0.0179065
9576	9577	0.0178827
9061	9577	0.0178827
3703	9577	0.0178827
4678	9577	0.0178827
9577	9578	0.0178794
3166	9578	0.0178794
4733	9579	0.0178748
9578	9579	0.0178748
9579	9580	0.017869
5590	9580	0.017869
9580	9581	0.0178659
4966	9581	0.0178659
9581	9582	0.0178577
3702	9582	0.0178577
9582	9583	0.0178442
2828	9583	0.0178442
9583	9584	0.0178385
1136	9584	0.0178385
9584	9585	0.0178325
1413	9585	0.0178325
9481	9585	0.0178325
9585	9586	0.0177927
692	9586	0.0177927
9586	9587	0.0177916
3607	9587	0.0177916
9587	9588	0.0177878
1081	9588	0.0177878
9588	9589	0.0177843
746	9589	0.0177843
9589	9590	0.0177824
2083	9590	0.0177824
9590	9591	0.0177548
1167	9591	0.0177548
9591	9592	0.01774
5359	9592	0.01774
9592	9593	0.0177348
2081	9593	0.0177348
6470	9594	0.0177317
9593	9594	0.0177317
9594	9595	0.0177299
3368	9595	0.0177299
9595	9596	0.017727
6235	9596	0.017727
9596	9597	0.017725
3282	9597	0.017725
9597	9598	0.0177241
3128	9598	0.0177241
9598	9599	0.0177169
6275	9599	0.0177169
9599	9600	0.0177104
5106	9600	0.0177104
6416	9601	0.01771
9600	9601	0.01771
8974	9602	0.0177057
9601	9602	0.0177057
4988	9603	0.0177002
9602	9603	0.0177002
9603	9604	0.0176984
4090	9604	0.0176984
9604	9605	0.0176959
5294	9605	0.0176959
975	9606	0.0176868
9605	9606	0.0176868
9606	9607	0.0176767
9480	9607	0.0176767
8836	9608	0.0185717
4931	9608	0.0185717
422	9609	0.0180389
9608	9609	0.0180389
4312	9610	0.0183398
6128	9610	0.0183398
9607	9611	0.0176649
3933	9611	0.0176649
4818	9612	0.0176621
9611	9612	0.0176621
8772	9613	0.0176515
9612	9613	0.0176515
9613	9614	0.0176467
1591	9614	0.0176467
9614	9615	0.0176287
5679	9615	0.0176287
9615	9616	0.0176123
1458	9616	0.0176123
9616	9617	0.0176046
4438	9617	0.0176046
9617	9618	0.0175987
2242	9618	0.0175987
9618	9619	0.0175934
6140	9619	0.0175934
3009	9620	0.0175847
9619	9620	0.0175847
9620	9621	0.0175826
5648	9621	0.0175826
3844	9622	0.0175772
9621	9622	0.0175772
2944	9623	0.0175761
9622	9623	0.0175761
9623	9624	0.0175676
783	9624	0.0175676
6480	9625	0.0175556
9624	9625	0.0175556
9625	9626	0.0175503
8963	9626	0.0175503
753	9626	0.0175503
1130	9626	0.0175503
9626	9627	0.017541
5767	9627	0.017541
41	9628	0.0175289
9627	9628	0.0175289
6526	9629	0.0175275
9628	9629	0.0175275
6166	9630	0.0175256
9629	9630	0.0175256
3818	9630	0.0175256
9630	9631	0.0175055
6020	9631	0.0175055
9631	9632	0.0175046
5830	9632	0.0175046
9632	9633	0.0175008
144	9633	0.0175008
9633	9634	0.0174978
3132	9634	0.0174978
3420	9635	0.017472
9634	9635	0.017472
9635	9636	0.0174703
707	9636	0.0174703
4092	9637	0.017637
1074	9637	0.017637
9636	9638	0.0174694
1540	9638	0.0174694
9638	9639	0.0174589
2073	9639	0.0174589
9639	9640	0.0174561
1009	9640	0.0174561
9640	9641	0.0174539
1657	9641	0.0174539
9641	9642	0.0174495
5948	9642	0.0174495
9642	9643	0.0174274
9637	9643	0.0174274
8795	9644	0.0174197
9643	9644	0.0174197
646	9644	0.0174197
8943	9645	0.017419
9644	9645	0.017419
9645	9646	0.0174015
6223	9646	0.0174015
9646	9647	0.0174
2859	9647	0.0174
5865	9648	0.0173987
9647	9648	0.0173987
5063	9648	0.0173987
9648	9649	0.0173898
9609	9649	0.0173898
9649	9650	0.0173745
3038	9650	0.0173745
1043	9651	0.0173732
9650	9651	0.0173732
9651	9652	0.0173599
726	9652	0.0173599
3630	9653	0.0173567
9652	9653	0.0173567
9653	9654	0.0173502
2282	9654	0.0173502
3151	9654	0.0173502
3365	9654	0.0173502
6118	9655	0.0173456
9654	9655	0.0173456
8911	9656	0.0173349
9655	9656	0.0173349
1528	9657	0.0173076
9656	9657	0.0173076
4575	9658	0.0173014
9657	9658	0.0173014
6472	9659	0.0172953
9658	9659	0.0172953
9659	9660	0.0172883
1010	9660	0.0172883
9660	9661	0.0172872
4831	9661	0.0172872
4756	9662	0.0172853
9661	9662	0.0172853
3990	9663	0.0172824
9662	9663	0.0172824
9030	9664	0.0175839
2019	9664	0.0175839
9663	9665	0.0172759
3373	9665	0.0172759
4781	9665	0.0172759
3364	9666	0.0172736
9665	9666	0.0172736
4842	9666	0.0172736
4812	9667	0.0172662
9666	9667	0.0172662
9667	9668	0.0172216
127	9668	0.0172216
5953	9669	0.0172093
9668	9669	0.0172093
9118	9670	0.0171851
9669	9670	0.0171851
807	9671	0.0171756
9670	9671	0.0171756
9671	9672	0.0171679
3245	9672	0.0171679
2592	9673	0.017167
9672	9673	0.017167
2781	9674	0.0171643
9673	9674	0.0171643
9674	9675	0.0171584
2158	9675	0.0171584
9474	9676	0.0171554
3820	9676	0.0171554
9675	9676	0.0171554
613	9676	0.0171554
8807	9677	0.0171508
9676	9677	0.0171508
9677	9678	0.0171403
4906	9678	0.0171403
5454	9679	0.0171367
9678	9679	0.0171367
9679	9680	0.0171329
9610	9680	0.0171329
5249	9680	0.0171329
2447	9681	0.0171173
9680	9681	0.0171173
1969	9682	0.0171078
9681	9682	0.0171078
9682	9683	0.0171054
147	9683	0.0171054
9683	9684	0.0170984
3590	9684	0.0170984
9684	9685	0.0170965
5076	9685	0.0170965
9685	9686	0.0170945
9003	9686	0.0170945
9686	9687	0.0170877
447	9687	0.0170877
9687	9688	0.0170678
6036	9688	0.0170678
9688	9689	0.017063
5484	9689	0.017063
9689	9690	0.0170285
3495	9690	0.0170285
5232	9690	0.0170285
1709	9691	0.0170212
9690	9691	0.0170212
380	9691	0.0170212
9691	9692	0.0170144
764	9692	0.0170144
1861	9692	0.0170144
4209	9693	0.0170059
9692	9693	0.0170059
5357	9694	0.0170029
9693	9694	0.0170029
5121	9695	0.0169971
9694	9695	0.0169971
9695	9696	0.0169714
941	9696	0.0169714
5776	9697	0.01697
9696	9697	0.01697
9697	9698	0.0169361
589	9698	0.0169361
9698	9699	0.016921
3054	9699	0.016921
9699	9700	0.0169083
4837	9700	0.0169083
9700	9701	0.016894
1989	9701	0.016894
9701	9702	0.0168839
9664	9702	0.0168839
1991	9702	0.0168839
9702	9703	0.0168812
5872	9703	0.0168812
5189	9704	0.016876
9703	9704	0.016876
5462	9705	0.0168617
9704	9705	0.0168617
9482	9706	0.0168598
9705	9706	0.0168598
2122	9707	0.0168514
9706	9707	0.0168514
3596	9708	0.0168347
9707	9708	0.0168347
1455	9709	0.0168335
9708	9709	0.0168335
9709	9710	0.0168305
9043	9710	0.0168305
1777	9710	0.0168305
1579	9711	0.0182514
436	9711	0.0182514
8935	9712	0.0178392
2628	9712	0.0178392
9032	9713	0.0201607
8990	9713	0.0201607
4430	9714	0.018279
3486	9714	0.018279
9714	9715	0.0179618
863	9715	0.0179618
4023	9716	0.0172366
1205	9716	0.0172366
1525	9717	0.0182305
3633	9717	0.0182305
2741	9718	0.0187912
2250	9718	0.0187912
3023	9719	0.0187225
2626	9719	0.0187225
9719	9720	0.0177901
5761	9720	0.0177901
2790	9721	0.0173874
2714	9721	0.0173874
9138	9722	0.0168828
9721	9722	0.0168828
4086	9723	0.0196312
4685	9723	0.0196312
6168	9724	0.018771
6161	9724	0.018771
2703	9725	0.0154114
8866	9725	0.0154114
3849	9726	0.0166328
4134	9726	0.0166328
9710	9727	0.0168032
5396	9727	0.0168032
9727	9728	0.0167905
1305	9728	0.0167905
9728	9729	0.0167872
318	9729	0.0167872
6533	9730	0.0167865
9729	9730	0.0167865
6431	9731	0.0167819
9730	9731	0.0167819
3779	9732	0.0167749
4395	9732	0.0167749
9731	9732	0.0167749
9732	9733	0.0167714
4273	9733	0.0167714
9733	9734	0.0167617
3073	9734	0.0167617
2573	9735	0.016756
9734	9735	0.016756
6513	9736	0.016753
9735	9736	0.016753
9736	9737	0.0167495
2385	9737	0.0167495
9737	9738	0.0167458
6213	9738	0.0167458
9738	9739	0.0167426
3550	9739	0.0167426
5668	9740	0.0167364
9739	9740	0.0167364
9740	9741	0.016734
5720	9741	0.016734
3624	9742	0.0167313
9741	9742	0.0167313
2198	9743	0.0167275
9742	9743	0.0167275
9743	9744	0.0167268
641	9744	0.0167268
9744	9745	0.0167238
1951	9745	0.0167238
9745	9746	0.0167156
1866	9746	0.0167156
742	9747	0.0167154
2893	9747	0.0167154
3272	9747	0.0167154
6105	9747	0.0167154
9746	9747	0.0167154
9747	9748	0.0166685
1864	9748	0.0166685
3015	9749	0.0166523
9748	9749	0.0166523
9749	9750	0.0166435
4540	9750	0.0166435
5920	9751	0.0166319
9750	9751	0.0166319
585	9751	0.0166319
9713	9751	0.0166319
4153	9751	0.0166319
4078	9752	0.0166309
9751	9752	0.0166309
6419	9753	0.0166285
9752	9753	0.0166285
9753	9754	0.0166235
1842	9754	0.0166235
9754	9755	0.0165902
3699	9755	0.0165902
9755	9756	0.0165539
6070	9756	0.0165539
9756	9757	0.0165432
2308	9757	0.0165432
4880	9758	0.0165256
9757	9758	0.0165256
3334	9759	0.0165245
9758	9759	0.0165245
9759	9760	0.0165155
1678	9760	0.0165155
9760	9761	0.01651
2290	9761	0.01651
2011	9762	0.016506
9761	9762	0.016506
9762	9763	0.0164995
2483	9763	0.0164995
1673	9764	0.0164906
9763	9764	0.0164906
5387	9765	0.0164865
9764	9765	0.0164865
2067	9765	0.0164865
81	9766	0.0164833
9765	9766	0.0164833
1444	9767	0.0164826
9766	9767	0.0164826
3811	9768	0.0164752
9767	9768	0.0164752
9768	9769	0.0164481
2167	9769	0.0164481
1945	9769	0.0164481
767	9769	0.0164481
1847	9769	0.0164481
6495	9770	0.0164375
9769	9770	0.0164375
1755	9770	0.0164375
9770	9771	0.0164357
1957	9771	0.0164357
9771	9772	0.0164306
1335	9772	0.0164306
9772	9773	0.0164268
2255	9773	0.0164268
6343	9774	0.0164233
287	9774	0.0164233
9773	9774	0.0164233
9774	9775	0.0164222
2989	9775	0.0164222
9775	9776	0.0164098
1110	9776	0.0164098
8962	9777	0.0164042
9718	9777	0.0164042
9776	9777	0.0164042
9217	9778	0.0164027
9777	9778	0.0164027
1288	9778	0.0164027
2330	9779	0.0164006
9778	9779	0.0164006
9779	9780	0.0163881
2823	9780	0.0163881
9780	9781	0.0163797
1785	9781	0.0163797
9781	9782	0.0163677
1746	9782	0.0163677
9782	9783	0.0163462
2184	9783	0.0163462
9783	9784	0.016344
679	9784	0.016344
4253	9785	0.0163333
9784	9785	0.0163333
5747	9786	0.0163117
9785	9786	0.0163117
9786	9787	0.016285
3890	9787	0.016285
9787	9788	0.0162599
1070	9788	0.0162599
9788	9789	0.0162573
1001	9789	0.0162573
9789	9790	0.0162559
1610	9790	0.0162559
9790	9791	0.0162457
3744	9791	0.0162457
8887	9792	0.0162409
9791	9792	0.0162409
9792	9793	0.0162079
520	9793	0.0162079
1737	9794	0.0162068
9793	9794	0.0162068
6493	9795	0.0162039
9794	9795	0.0162039
1269	9796	0.0161981
9795	9796	0.0161981
4084	9797	0.0161936
9796	9797	0.0161936
9207	9798	0.0161905
9797	9798	0.0161905
9798	9799	0.0161896
4728	9799	0.0161896
9799	9800	0.0161764
1508	9800	0.0161764
3330	9801	0.0161743
6274	9801	0.0161743
9800	9801	0.0161743
6053	9802	0.0161731
9801	9802	0.0161731
9211	9803	0.016167
9802	9803	0.016167
9803	9804	0.0161638
428	9804	0.0161638
9804	9805	0.0161524
40	9805	0.0161524
9805	9806	0.0161476
9082	9806	0.0161476
1598	9806	0.0161476
3832	9807	0.0161464
9806	9807	0.0161464
9807	9808	0.0161418
1390	9808	0.0161418
5354	9809	0.0161392
9808	9809	0.0161392
9212	9810	0.0161226
9809	9810	0.0161226
6073	9811	0.0161107
9810	9811	0.0161107
9811	9812	0.0161028
4648	9812	0.0161028
9812	9813	0.0161009
5774	9813	0.0161009
9813	9814	0.0160942
5023	9814	0.0160942
9814	9815	0.0160923
2570	9815	0.0160923
9815	9816	0.0160915
1766	9816	0.0160915
6039	9817	0.0160846
9816	9817	0.0160846
9817	9818	0.016084
943	9818	0.016084
717	9819	0.0160673
9818	9819	0.0160673
9819	9820	0.0160542
5581	9820	0.0160542
10	9821	0.0160523
9820	9821	0.0160523
9711	9821	0.0160523
4188	9821	0.0160523
9821	9822	0.0160485
1513	9822	0.0160485
9822	9823	0.0160397
1779	9823	0.0160397
1233	9824	0.0160353
9823	9824	0.0160353
9824	9825	0.0160227
6004	9825	0.0160227
9825	9826	0.0160197
5222	9826	0.0160197
9826	9827	0.016017
5013	9827	0.016017
9827	9828	0.0159893
6090	9828	0.0159893
9133	9829	0.0159827
9828	9829	0.0159827
3048	9830	0.0159758
9829	9830	0.0159758
9830	9831	0.0159597
3678	9831	0.0159597
9080	9832	0.0159579
2594	9832	0.0159579
9831	9832	0.0159579
9722	9833	0.0166398
3599	9833	0.0166398
9832	9834	0.0159522
5652	9834	0.0159522
6365	9835	0.0159447
9834	9835	0.0159447
3085	9836	0.0159431
9835	9836	0.0159431
9836	9837	0.0159426
9833	9837	0.0159426
4455	9838	0.0159375
9837	9838	0.0159375
9838	9839	0.0159319
3520	9839	0.0159319
3567	9840	0.0159158
9839	9840	0.0159158
5449	9841	0.0158899
9840	9841	0.0158899
9841	9842	0.0158768
577	9842	0.0158768
9842	9843	0.0158757
5258	9843	0.0158757
9843	9844	0.0158713
313	9844	0.0158713
416	9845	0.0158697
9844	9845	0.0158697
9845	9846	0.0158663
2726	9846	0.0158663
9846	9847	0.0158492
1467	9847	0.0158492
9847	9848	0.0158482
5770	9848	0.0158482
9848	9849	0.0158416
2391	9849	0.0158416
9726	9850	0.015828
9849	9850	0.015828
5643	9851	0.0158271
9850	9851	0.0158271
9851	9852	0.0158215
2270	9852	0.0158215
4303	9852	0.0158215
9852	9853	0.0158188
218	9853	0.0158188
4806	9854	0.015811
9853	9854	0.015811
4013	9855	0.0158081
9854	9855	0.0158081
4227	9856	0.0158035
9855	9856	0.0158035
9856	9857	0.0157975
2233	9857	0.0157975
6507	9858	0.0157956
9857	9858	0.0157956
9858	9859	0.0157939
43	9859	0.0157939
9859	9860	0.0157765
1286	9860	0.0157765
9860	9861	0.0157386
3551	9861	0.0157386
4281	9861	0.0157386
9861	9862	0.0157261
2712	9862	0.0157261
121	9863	0.0157091
9862	9863	0.0157091
6512	9864	0.0156728
9863	9864	0.0156728
9864	9865	0.0156709
1852	9865	0.0156709
1873	9866	0.0156669
9865	9866	0.0156669
5416	9867	0.0156662
9866	9867	0.0156662
4272	9867	0.0156662
9867	9868	0.0156642
2190	9868	0.0156642
5917	9869	0.0156527
9868	9869	0.0156527
9715	9870	0.0157678
1688	9870	0.0157678
9869	9871	0.015624
5322	9871	0.015624
9871	9872	0.0156135
5394	9872	0.0156135
9872	9873	0.0155918
2574	9873	0.0155918
9873	9874	0.0155857
1699	9874	0.0155857
3400	9875	0.0155737
9874	9875	0.0155737
3921	9876	0.0155649
9875	9876	0.0155649
9876	9877	0.0155401
2310	9877	0.0155401
9877	9878	0.0155375
4853	9878	0.0155375
9878	9879	0.0155172
9870	9879	0.0155172
6489	9880	0.0155123
9879	9880	0.0155123
9880	9881	0.015512
5268	9881	0.015512
2221	9882	0.0156153
9716	9882	0.0156153
9881	9883	0.0154772
509	9883	0.0154772
9883	9884	0.0154716
3434	9884	0.0154716
9150	9885	0.0154665
9884	9885	0.0154665
9885	9886	0.0154524
880	9886	0.0154524
9886	9887	0.0154494
204	9887	0.0154494
3553	9887	0.0154494
8896	9888	0.0154471
9887	9888	0.0154471
9888	9889	0.0154421
2617	9889	0.0154421
9889	9890	0.0154369
9882	9890	0.0154369
9890	9891	0.0154361
1962	9891	0.0154361
3924	9892	0.0154295
9891	9892	0.0154295
9892	9893	0.0154249
1939	9893	0.0154249
1225	9894	0.0154093
9893	9894	0.0154093
9894	9895	0.0154077
4849	9895	0.0154077
9895	9896	0.0153886
564	9896	0.0153886
403	9897	0.0153689
9896	9897	0.0153689
9897	9898	0.0153639
2905	9898	0.0153639
2796	9899	0.0153603
9898	9899	0.0153603
9899	9900	0.0153542
620	9900	0.0153542
5254	9901	0.0153513
9900	9901	0.0153513
9901	9902	0.0153485
3419	9902	0.0153485
4069	9903	0.0153475
9902	9903	0.0153475
9903	9904	0.0153466
3423	9904	0.0153466
284	9905	0.0153459
9904	9905	0.0153459
2548	9906	0.0153399
9905	9906	0.0153399
8788	9907	0.0153234
3263	9907	0.0153234
9906	9907	0.0153234
3013	9908	0.0153198
9907	9908	0.0153198
1088	9909	0.0153188
3555	9909	0.0153188
4325	9909	0.0153188
9908	9909	0.0153188
1814	9910	0.015315
9909	9910	0.015315
6405	9911	0.0153102
9910	9911	0.0153102
2012	9912	0.0153062
9911	9912	0.0153062
611	9913	0.015304
9912	9913	0.015304
3022	9914	0.015298
9913	9914	0.015298
6483	9915	0.0152895
9914	9915	0.0152895
9915	9916	0.0152865
2243	9916	0.0152865
9916	9917	0.0152837
8918	9917	0.0152837
8814	9918	0.0152673
9917	9918	0.0152673
9918	9919	0.0152608
6204	9919	0.0152608
671	9920	0.0152475
2565	9920	0.0152475
2856	9920	0.0152475
5212	9920	0.0152475
9919	9920	0.0152475
4031	9921	0.0152422
9920	9921	0.0152422
8859	9921	0.0152422
2192	9922	0.0152418
9921	9922	0.0152418
9922	9923	0.0152349
6236	9923	0.0152349
8861	9924	0.0152323
9923	9924	0.0152323
6528	9925	0.0152295
9924	9925	0.0152295
6418	9926	0.0152283
9925	9926	0.0152283
9926	9927	0.01521
1132	9927	0.01521
8752	9928	0.0151939
9927	9928	0.0151939
9928	9929	0.0151644
5316	9929	0.0151644
9929	9930	0.0151529
307	9930	0.0151529
9930	9931	0.0151439
3500	9931	0.0151439
34	9932	0.0159456
421	9932	0.0159456
9720	9933	0.0163195
2401	9933	0.0163195
9724	9934	0.0167224
6169	9934	0.0167224
8972	9935	0.0146039
4183	9935	0.0146039
9931	9936	0.0151359
4022	9936	0.0151359
9936	9937	0.0151271
3441	9937	0.0151271
5241	9937	0.0151271
5806	9938	0.0151054
9937	9938	0.0151054
9938	9939	0.0150949
9712	9939	0.0150949
3386	9940	0.0150898
9939	9940	0.0150898
6347	9941	0.0150891
9940	9941	0.0150891
9941	9942	0.0150843
90	9942	0.0150843
9942	9943	0.0150791
2745	9943	0.0150791
718	9944	0.0150755
9943	9944	0.0150755
3018	9945	0.0150338
5756	9945	0.0150338
9944	9945	0.0150338
9945	9946	0.0150308
2990	9946	0.0150308
9946	9947	0.0150147
4876	9947	0.0150147
9947	9948	0.0150108
4421	9948	0.0150108
9948	9949	0.0150062
1454	9949	0.0150062
4937	9949	0.0150062
9949	9950	0.015002
9933	9950	0.015002
2919	9951	0.0149962
953	9951	0.0149962
9950	9951	0.0149962
9951	9952	0.0149948
3920	9952	0.0149948
9952	9953	0.014986
9044	9953	0.014986
9953	9954	0.0149699
2871	9954	0.0149699
1681	9955	0.0149647
9954	9955	0.0149647
445	9956	0.0149549
9955	9956	0.0149549
9956	9957	0.0149517
3530	9957	0.0149517
9957	9958	0.0149506
3370	9958	0.0149506
9958	9959	0.014947
2797	9959	0.014947
9959	9960	0.0149451
3725	9960	0.0149451
9214	9961	0.0149431
9045	9961	0.0149431
9960	9961	0.0149431
978	9961	0.0149431
9961	9962	0.014937
665	9962	0.014937
9962	9963	0.0149326
4899	9963	0.0149326
9963	9964	0.0149039
906	9964	0.0149039
9725	9965	0.0148999
9964	9965	0.0148999
9965	9966	0.0148861
524	9966	0.0148861
4261	9967	0.0148691
9966	9967	0.0148691
2737	9968	0.0148599
9967	9968	0.0148599
9968	9969	0.0148572
4195	9969	0.0148572
9969	9970	0.0148481
976	9970	0.0148481
3145	9971	0.0148392
9970	9971	0.0148392
9971	9972	0.0148208
209	9972	0.0148208
9972	9973	0.0148201
907	9973	0.0148201
9973	9974	0.0148058
4506	9974	0.0148058
4465	9975	0.0148049
2262	9975	0.0148049
2076	9975	0.0148049
9974	9975	0.0148049
8937	9976	0.0148011
9975	9976	0.0148011
2757	9976	0.0148011
9976	9977	0.0148001
2315	9977	0.0148001
4821	9978	0.014797
9977	9978	0.014797
9978	9979	0.014791
4618	9979	0.014791
3985	9980	0.0147859
9979	9980	0.0147859
9980	9981	0.0147751
1844	9981	0.0147751
9981	9982	0.0147687
2359	9982	0.0147687
872	9983	0.0151263
208	9983	0.0151263
9167	9984	0.0150425
9934	9984	0.0150425
6514	9985	0.0147428
9982	9985	0.0147428
9985	9986	0.0147408
6000	9986	0.0147408
1647	9987	0.0147402
9986	9987	0.0147402
2332	9988	0.0147369
9987	9988	0.0147369
9988	9989	0.0147316
2034	9989	0.0147316
3537	9990	0.0147229
9989	9990	0.0147229
9990	9991	0.0147104
439	9991	0.0147104
1896	9992	0.014697
9991	9992	0.014697
4528	9993	0.0146859
9992	9993	0.0146859
9993	9994	0.0146835
2760	9994	0.0146835
1917	9995	0.0146778
9994	9995	0.0146778
5181	9996	0.0146761
9995	9996	0.0146761
9996	9997	0.0146595
1440	9997	0.0146595
9983	9997	0.0146595
9997	9998	0.0146248
4384	9998	0.0146248
9998	9999	0.0146184
3046	9999	0.0146184
9999	10000	0.0146132
5903	10000	0.0146132
2606	10001	0.0146011
10000	10001	0.0146011
10001	10002	0.0145971
474	10002	0.0145971
274	10003	0.0145912
10002	10003	0.0145912
9984	10003	0.0145912
4157	10003	0.0145912
10003	10004	0.0145829
4592	10004	0.0145829
10004	10005	0.0145819
4235	10005	0.0145819
5421	10006	0.0145633
10005	10006	0.0145633
10006	10007	0.0145589
191	10007	0.0145589
10007	10008	0.0145446
3581	10008	0.0145446
10008	10009	0.0145436
1577	10009	0.0145436
3848	10010	0.0145328
10009	10010	0.0145328
2644	10011	0.0145302
10010	10011	0.0145302
5620	10011	0.0145302
10011	10012	0.0145207
1383	10012	0.0145207
1955	10013	0.0145108
10012	10013	0.0145108
5925	10014	0.014509
10013	10014	0.014509
1580	10015	0.0145073
10014	10015	0.0145073
10015	10016	0.0145034
3961	10016	0.0145034
10016	10017	0.0145027
408	10017	0.0145027
10017	10018	0.0144967
5889	10018	0.0144967
6496	10019	0.0144863
10018	10019	0.0144863
10019	10020	0.0144845
4993	10020	0.0144845
10020	10021	0.0144682
982	10021	0.0144682
10021	10022	0.0144605
2234	10022	0.0144605
4479	10022	0.0144605
8815	10023	0.014451
10022	10023	0.014451
1378	10024	0.0144474
10023	10024	0.0144474
10024	10025	0.0144339
3739	10025	0.0144339
2585	10025	0.0144339
5159	10026	0.014432
2069	10026	0.014432
10025	10026	0.014432
10026	10027	0.0144252
1863	10027	0.0144252
5182	10028	0.0147505
3743	10028	0.0147505
3836	10029	0.0144556
5784	10029	0.0144556
2093	10030	0.0144126
10027	10030	0.0144126
10030	10031	0.0144121
4496	10031	0.0144121
1469	10032	0.0144034
10031	10032	0.0144034
10032	10033	0.0143986
3597	10033	0.0143986
4270	10034	0.0143928
10033	10034	0.0143928
3006	10035	0.014391
10034	10035	0.014391
10035	10036	0.0143852
2669	10036	0.0143852
10036	10037	0.0143698
4039	10037	0.0143698
10037	10038	0.0143546
1309	10038	0.0143546
10038	10039	0.0143526
9717	10039	0.0143526
10039	10040	0.0143431
4590	10040	0.0143431
10040	10041	0.0143402
3946	10041	0.0143402
5166	10042	0.0143368
10041	10042	0.0143368
6457	10043	0.0143233
10042	10043	0.0143233
10043	10044	0.0143138
75	10044	0.0143138
5702	10045	0.0143121
10044	10045	0.0143121
4792	10046	0.0143053
10045	10046	0.0143053
10046	10047	0.0142918
4099	10047	0.0142918
2141	10048	0.0142864
10047	10048	0.0142864
3252	10049	0.0142711
10048	10049	0.0142711
839	10050	0.014264
10049	10050	0.014264
10050	10051	0.0142546
1626	10051	0.0142546
1820	10052	0.0142479
10051	10052	0.0142479
10052	10053	0.0142403
3674	10053	0.0142403
10053	10054	0.0142393
5700	10054	0.0142393
10054	10055	0.0142213
1018	10055	0.0142213
6491	10056	0.0142201
10055	10056	0.0142201
10056	10057	0.0142153
1411	10057	0.0142153
413	10058	0.0141958
10057	10058	0.0141958
10058	10059	0.0141716
4624	10059	0.0141716
10059	10060	0.0141477
368	10060	0.0141477
2003	10061	0.014142
10060	10061	0.014142
10061	10062	0.0141231
3685	10062	0.0141231
10062	10063	0.0141018
957	10063	0.0141018
4942	10064	0.0140945
10063	10064	0.0140945
10064	10065	0.0140754
2661	10065	0.0140754
10065	10066	0.0140743
476	10066	0.0140743
2194	10067	0.0140714
10066	10067	0.0140714
10067	10068	0.0140609
1718	10068	0.0140609
10068	10069	0.0140551
9932	10069	0.0140551
10069	10070	0.0140524
2154	10070	0.0140524
3313	10071	0.0140515
10070	10071	0.0140515
8779	10072	0.0140447
10071	10072	0.0140447
10072	10073	0.0140364
50	10073	0.0140364
5824	10074	0.0140333
10073	10074	0.0140333
1035	10075	0.0140315
10074	10075	0.0140315
10075	10076	0.0140038
966	10076	0.0140038
8989	10077	0.0139829
10076	10077	0.0139829
6435	10078	0.0139756
10077	10078	0.0139756
10078	10079	0.013973
3545	10079	0.013973
87	10080	0.0139703
10079	10080	0.0139703
10080	10081	0.0139554
3394	10081	0.0139554
2916	10082	0.0139372
10081	10082	0.0139372
10082	10083	0.0139257
5660	10083	0.0139257
2025	10084	0.0139094
802	10084	0.0139094
10083	10084	0.0139094
10084	10085	0.0138903
2356	10085	0.0138903
5054	10086	0.0138779
10085	10086	0.0138779
4375	10087	0.0138704
10086	10087	0.0138704
2978	10088	0.0139388
2667	10088	0.0139388
10087	10089	0.0138455
2791	10089	0.0138455
10028	10089	0.0138455
10089	10090	0.0138445
990	10090	0.0138445
5164	10090	0.0138445
1144	10091	0.0138424
1576	10091	0.0138424
10090	10091	0.0138424
10091	10092	0.0138368
4657	10092	0.0138368
10092	10093	0.0138349
1704	10093	0.0138349
10093	10094	0.0138294
704	10094	0.0138294
4073	10095	0.0138157
10094	10095	0.0138157
9935	10096	0.0138109
10095	10096	0.0138109
8812	10097	0.0138079
10096	10097	0.0138079
10097	10098	0.0138054
10088	10098	0.0138054
9026	10099	0.0138044
10098	10099	0.0138044
10099	10100	0.0137996
1380	10100	0.0137996
9160	10101	0.0137987
10100	10101	0.0137987
10101	10102	0.0137949
5696	10102	0.0137949
10102	10103	0.0137893
4730	10103	0.0137893
10103	10104	0.0137883
4768	10104	0.0137883
10104	10105	0.0137795
172	10105	0.0137795
10105	10106	0.0137741
74	10106	0.0137741
9213	10107	0.0137693
10106	10107	0.0137693
10107	10108	0.0137595
9723	10108	0.0137595
6468	10109	0.0137587
10108	10109	0.0137587
10109	10110	0.0137311
2681	10110	0.0137311
10110	10111	0.0137281
1965	10111	0.0137281
10111	10112	0.0137262
8966	10112	0.0137262
867	10112	0.0137262
1762	10112	0.0137262
10112	10113	0.0137223
3209	10113	0.0137223
10113	10114	0.0137112
2048	10114	0.0137112
6380	10115	0.0136956
10114	10115	0.0136956
10115	10116	0.0136897
2100	10116	0.0136897
10116	10117	0.0136868
6215	10117	0.0136868
3271	10117	0.0136868
5300	10117	0.0136868
1578	10117	0.0136868
10117	10118	0.0136812
705	10118	0.0136812
10118	10119	0.0136507
484	10119	0.0136507
10119	10120	0.0136501
10029	10120	0.0136501
8700	10121	0.0147265
1894	10121	0.0147265
10121	10122	0.0145475
2054	10122	0.0145475
2725	10123	0.0175512
3573	10123	0.0175512
3100	10123	0.0175512
2178	10124	0.0146534
4877	10124	0.0146534
6267	10125	0.0142746
1494	10125	0.0142746
3447	10126	0.0175887
1697	10126	0.0175887
606	10127	0.0147447
4794	10127	0.0147447
4155	10128	0.014738
466	10128	0.014738
8901	10129	0.0145263
10128	10129	0.0145263
490	10130	0.0149276
1437	10130	0.0149276
1919	10131	0.0155929
736	10131	0.0155929
2202	10132	0.0177994
3120	10132	0.0177994
10132	10133	0.015607
896	10133	0.015607
10133	10134	0.0137091
5919	10134	0.0137091
3064	10135	0.0139618
1596	10135	0.0139618
9035	10136	0.0184544
5448	10136	0.0184544
10136	10137	0.0139494
5234	10137	0.0139494
1611	10138	0.0142316
1249	10138	0.0142316
1631	10139	0.0153139
3805	10139	0.0153139
9102	10140	0.0207749
5789	10140	0.0207749
10140	10141	0.0191146
3879	10141	0.0191146
6047	10142	0.0201258
3627	10142	0.0201258
10142	10143	0.0153733
5043	10143	0.0153733
6276	10143	0.0153733
2110	10144	0.0200303
4750	10144	0.0200303
5810	10145	0.014682
2999	10145	0.014682
2665	10146	0.0143568
5845	10146	0.0143568
2804	10147	0.0136501
4489	10147	0.0136501
4107	10148	0.0152597
9153	10148	0.0152597
5529	10149	0.0127103
10125	10149	0.0127103
10122	10150	0.012948
523	10150	0.012948
1943	10151	0.0119932
6327	10151	0.0119932
955	10152	0.0129718
5307	10152	0.0129718
614	10153	0.0121353
10152	10153	0.0121353
10120	10154	0.0136337
3518	10154	0.0136337
10154	10155	0.0136169
1682	10155	0.0136169
6395	10156	0.0136145
10155	10156	0.0136145
10156	10157	0.0136129
5819	10157	0.0136129
10157	10158	0.013606
2232	10158	0.013606
10158	10159	0.0136044
1439	10159	0.0136044
6394	10160	0.0135994
10159	10160	0.0135994
10160	10161	0.0135956
4181	10161	0.0135956
10161	10162	0.0135765
1002	10162	0.0135765
10162	10163	0.0135716
9047	10163	0.0135716
1261	10163	0.0135716
10163	10164	0.0135695
3257	10164	0.0135695
10164	10165	0.013569
2662	10165	0.013569
10165	10166	0.0135522
4166	10166	0.0135522
1071	10167	0.0135479
10166	10167	0.0135479
10167	10168	0.0135395
2632	10168	0.0135395
10168	10169	0.0135114
3385	10169	0.0135114
10169	10170	0.0135013
877	10170	0.0135013
10170	10171	0.0135001
6097	10171	0.0135001
10171	10172	0.0134983
5469	10172	0.0134983
1723	10173	0.013485
10172	10173	0.013485
10173	10174	0.0134819
1466	10174	0.0134819
10174	10175	0.0134735
3584	10175	0.0134735
10175	10176	0.0134658
2810	10176	0.0134658
4328	10176	0.0134658
10176	10177	0.0134585
1752	10177	0.0134585
10177	10178	0.0134493
4132	10178	0.0134493
234	10179	0.0134432
10178	10179	0.0134432
10179	10180	0.0134221
5630	10180	0.0134221
5513	10181	0.0134068
10180	10181	0.0134068
3585	10181	0.0134068
6357	10182	0.0134001
10181	10182	0.0134001
206	10183	0.0133963
10182	10183	0.0133963
10183	10184	0.0133943
5815	10184	0.0133943
10184	10185	0.0133934
2376	10185	0.0133934
311	10186	0.0133898
10185	10186	0.0133898
10186	10187	0.0133791
5147	10187	0.0133791
10187	10188	0.0133696
4151	10188	0.0133696
10188	10189	0.0133616
2094	10189	0.0133616
10189	10190	0.0133581
4747	10190	0.0133581
10190	10191	0.013343
947	10191	0.013343
10191	10192	0.0133387
5465	10192	0.0133387
8768	10193	0.0133336
10192	10193	0.0133336
6402	10194	0.0133221
10193	10194	0.0133221
10194	10195	0.013301
3283	10195	0.013301
10195	10196	0.0132852
4291	10196	0.0132852
10196	10197	0.0132836
10129	10197	0.0132836
10197	10198	0.0132817
3460	10198	0.0132817
10198	10199	0.0132735
818	10199	0.0132735
10199	10200	0.0132695
1695	10200	0.0132695
5070	10201	0.0132678
10200	10201	0.0132678
513	10202	0.0132401
10201	10202	0.0132401
8922	10203	0.0131939
10202	10203	0.0131939
3232	10204	0.0131894
10203	10204	0.0131894
10204	10205	0.0131839
3684	10205	0.0131839
10123	10206	0.0135077
2834	10206	0.0135077
3608	10207	0.0135822
231	10207	0.0135822
4814	10208	0.0132667
1276	10208	0.0132667
10205	10209	0.0131665
4707	10209	0.0131665
10209	10210	0.013158
1738	10210	0.013158
2271	10210	0.013158
10207	10210	0.013158
3718	10211	0.0131558
10210	10211	0.0131558
9086	10212	0.0131542
10211	10212	0.0131542
10212	10213	0.013151
2236	10213	0.013151
10213	10214	0.0131405
2756	10214	0.0131405
10214	10215	0.0131312
1414	10215	0.0131312
10135	10215	0.0131312
3010	10216	0.0131213
10215	10216	0.0131213
10216	10217	0.0131168
2547	10217	0.0131168
10217	10218	0.013116
2422	10218	0.013116
4557	10219	0.0131092
10218	10219	0.0131092
389	10219	0.0131092
10219	10220	0.0131004
1660	10220	0.0131004
9195	10221	0.0130945
10220	10221	0.0130945
10221	10222	0.0130894
5554	10222	0.0130894
4478	10223	0.013074
10222	10223	0.013074
5605	10223	0.013074
227	10224	0.0130626
10223	10224	0.0130626
2655	10225	0.0130597
10224	10225	0.0130597
2636	10226	0.013056
10225	10226	0.013056
10226	10227	0.013054
405	10227	0.013054
1952	10228	0.0130482
10227	10228	0.0130482
6471	10229	0.0130386
10228	10229	0.0130386
10208	10229	0.0130386
10229	10230	0.0130331
4109	10230	0.0130331
10230	10231	0.0130289
3314	10231	0.0130289
2140	10232	0.0130274
10231	10232	0.0130274
10232	10233	0.0130236
1553	10233	0.0130236
10233	10234	0.0130005
223	10234	0.0130005
10234	10235	0.01297
5711	10235	0.01297
8898	10236	0.0129548
10235	10236	0.0129548
10236	10237	0.0129358
1393	10237	0.0129358
10237	10238	0.0129349
3155	10238	0.0129349
10238	10239	0.0129318
674	10239	0.0129318
10239	10240	0.0129263
2486	10240	0.0129263
5352	10241	0.0129218
10240	10241	0.0129218
4498	10242	0.0129148
10241	10242	0.0129148
10242	10243	0.0129101
1716	10243	0.0129101
2064	10243	0.0129101
10243	10244	0.0128984
1116	10244	0.0128984
10244	10245	0.0128773
2072	10245	0.0128773
10124	10246	0.0128698
10245	10246	0.0128698
10246	10247	0.0128594
4385	10247	0.0128594
10247	10248	0.0128393
10206	10248	0.0128393
1481	10248	0.0128393
10248	10249	0.0128383
2370	10249	0.0128383
5133	10250	0.012825
10249	10250	0.012825
10250	10251	0.0128203
3677	10251	0.0128203
10251	10252	0.0128175
706	10252	0.0128175
1506	10253	0.0128021
10252	10253	0.0128021
4620	10254	0.0127821
10253	10254	0.0127821
10254	10255	0.0127801
2981	10255	0.0127801
10255	10256	0.0127792
1829	10256	0.0127792
10256	10257	0.0127756
1515	10257	0.0127756
1784	10257	0.0127756
5744	10258	0.0127715
1566	10258	0.0127715
10257	10258	0.0127715
3969	10258	0.0127715
10258	10259	0.0127677
3484	10259	0.0127677
9205	10260	0.0127649
10259	10260	0.0127649
10260	10261	0.0127532
5990	10261	0.0127532
1936	10262	0.0133275
125	10262	0.0133275
9046	10263	0.0128383
3957	10263	0.0128383
10261	10264	0.0127506
10130	10264	0.0127506
3286	10264	0.0127506
200	10265	0.0127478
10264	10265	0.0127478
1155	10266	0.0127336
10265	10266	0.0127336
2537	10267	0.0127267
10266	10267	0.0127267
10267	10268	0.0127221
2818	10268	0.0127221
10268	10269	0.0127097
146	10269	0.0127097
10269	10270	0.0127068
5541	10270	0.0127068
10270	10271	0.0127022
3414	10271	0.0127022
10271	10272	0.0126954
2914	10272	0.0126954
193	10273	0.0126899
10272	10273	0.0126899
2	10274	0.0126829
10273	10274	0.0126829
10274	10275	0.0126762
2032	10275	0.0126762
9196	10276	0.0126658
10275	10276	0.0126658
10276	10277	0.0126609
4408	10277	0.0126609
10277	10278	0.0126439
584	10278	0.0126439
10278	10279	0.0126344
5299	10279	0.0126344
8863	10280	0.0126323
10279	10280	0.0126323
5123	10280	0.0126323
10280	10281	0.012628
5755	10281	0.012628
4319	10282	0.0126257
10281	10282	0.0126257
10282	10283	0.012622
10134	10283	0.012622
10283	10284	0.012619
2077	10284	0.012619
3967	10285	0.0126143
10284	10285	0.0126143
10285	10286	0.0126066
5827	10286	0.0126066
10286	10287	0.0126049
3499	10287	0.0126049
5734	10288	0.012596
1585	10288	0.012596
10287	10288	0.012596
2744	10289	0.0125905
10288	10289	0.0125905
4274	10290	0.0125777
10289	10290	0.0125777
10290	10291	0.0125669
3293	10291	0.0125669
10291	10292	0.0125427
2328	10292	0.0125427
10292	10293	0.0125341
6131	10293	0.0125341
10293	10294	0.0125074
5772	10294	0.0125074
4566	10295	0.0124865
10294	10295	0.0124865
10295	10296	0.0124816
761	10296	0.0124816
1279	10296	0.0124816
10296	10297	0.0124808
6165	10297	0.0124808
10297	10298	0.0124772
481	10298	0.0124772
10298	10299	0.012475
2652	10299	0.012475
10299	10300	0.0124539
4744	10300	0.0124539
10300	10301	0.012453
10137	10301	0.012453
10301	10302	0.0124485
1512	10302	0.0124485
10302	10303	0.0124474
2942	10303	0.0124474
8858	10304	0.0124358
10303	10304	0.0124358
10304	10305	0.0124323
4248	10305	0.0124323
10305	10306	0.0124092
678	10306	0.0124092
10306	10307	0.0124018
475	10307	0.0124018
10307	10308	0.0123672
10146	10308	0.0123672
10308	10309	0.0123617
4419	10309	0.0123617
10309	10310	0.0123597
3654	10310	0.0123597
3736	10310	0.0123597
2985	10311	0.0123316
10310	10311	0.0123316
10311	10312	0.0123312
1619	10312	0.0123312
2199	10312	0.0123312
10312	10313	0.0123291
10262	10313	0.0123291
1151	10313	0.0123291
10313	10314	0.0123188
2222	10314	0.0123188
10314	10315	0.0123147
590	10315	0.0123147
2972	10316	0.0123129
1139	10316	0.0123129
10315	10316	0.0123129
3829	10317	0.0123091
10316	10317	0.0123091
286	10318	0.0122986
10317	10318	0.0122986
10318	10319	0.0122843
6159	10319	0.0122843
10319	10320	0.0122834
3784	10320	0.0122834
4608	10321	0.0122792
10320	10321	0.0122792
10321	10322	0.0122737
10127	10322	0.0122737
5721	10322	0.0122737
10322	10323	0.0122569
5345	10323	0.0122569
2007	10324	0.0122936
2581	10324	0.0122936
8907	10325	0.012249
10323	10325	0.012249
3269	10326	0.012246
10325	10326	0.012246
10326	10327	0.0122355
3378	10327	0.0122355
10327	10328	0.0122193
6212	10328	0.0122193
4103	10329	0.0122146
10328	10329	0.0122146
10329	10330	0.0122042
4600	10330	0.0122042
1162	10331	0.0121919
10330	10331	0.0121919
4662	10332	0.0121166
10331	10332	0.0121166
10324	10332	0.0121166
10332	10333	0.0121031
4002	10333	0.0121031
1152	10334	0.0120887
10333	10334	0.0120887
10334	10335	0.012083
2258	10335	0.012083
2685	10336	0.0120742
10335	10336	0.0120742
2090	10336	0.0120742
3867	10337	0.0121213
4168	10337	0.0121213
10336	10338	0.0120697
5455	10338	0.0120697
10338	10339	0.012066
10337	10339	0.012066
10339	10340	0.0120641
2179	10340	0.0120641
10340	10341	0.0120609
2928	10341	0.0120609
10341	10342	0.0120592
3479	10342	0.0120592
594	10343	0.0120583
10342	10343	0.0120583
10343	10344	0.0120438
3241	10344	0.0120438
5588	10345	0.0120432
10344	10345	0.0120432
1575	10346	0.0120353
10345	10346	0.0120353
3290	10347	0.0120142
10346	10347	0.0120142
10347	10348	0.0120087
1134	10348	0.0120087
10348	10349	0.0120067
305	10349	0.0120067
10349	10350	0.0120038
176	10350	0.0120038
610	10350	0.0120038
8770	10351	0.0119848
10350	10351	0.0119848
10351	10352	0.0119792
303	10352	0.0119792
10352	10353	0.0119774
6158	10353	0.0119774
5085	10354	0.011973
10353	10354	0.011973
4782	10355	0.0119686
10354	10355	0.0119686
10355	10356	0.0119656
10263	10356	0.0119656
2394	10356	0.0119656
6251	10356	0.0119656
4712	10357	0.0119581
10356	10357	0.0119581
1869	10358	0.0119561
10357	10358	0.0119561
10358	10359	0.0119484
640	10359	0.0119484
8804	10360	0.0129603
1850	10360	0.0129603
1061	10361	0.0130606
1195	10361	0.0130606
10141	10362	0.0135585
1881	10362	0.0135585
4604	10363	0.0117007
10153	10363	0.0117007
10359	10364	0.0119257
10145	10364	0.0119257
1360	10364	0.0119257
2765	10364	0.0119257
6175	10365	0.0119218
10364	10365	0.0119218
10365	10366	0.0119143
3454	10366	0.0119143
5653	10367	0.0118989
10366	10367	0.0118989
737	10368	0.0118858
10367	10368	0.0118858
10368	10369	0.0118827
1112	10369	0.0118827
10369	10370	0.0118752
418	10370	0.0118752
4161	10371	0.0118744
10370	10371	0.0118744
4393	10372	0.0118589
10371	10372	0.0118589
3095	10372	0.0118589
1801	10373	0.0118581
10372	10373	0.0118581
10373	10374	0.0118503
10139	10374	0.0118503
10374	10375	0.0118418
1692	10375	0.0118418
3788	10376	0.0118198
10375	10376	0.0118198
10376	10377	0.0118085
1058	10377	0.0118085
10377	10378	0.0118018
5496	10378	0.0118018
3035	10379	0.0117931
10378	10379	0.0117931
10379	10380	0.0117844
4769	10380	0.0117844
10380	10381	0.011772
519	10381	0.011772
4198	10381	0.011772
3174	10382	0.0117559
10381	10382	0.0117559
10382	10383	0.0117533
70	10383	0.0117533
3979	10384	0.0118989
2555	10384	0.0118989
10383	10385	0.0117521
10384	10385	0.0117521
3673	10386	0.0117447
10385	10386	0.0117447
10386	10387	0.0117226
2434	10387	0.0117226
1983	10388	0.0117138
10387	10388	0.0117138
10388	10389	0.0117122
712	10389	0.0117122
10389	10390	0.0117016
4884	10390	0.0117016
5860	10391	0.0116999
10390	10391	0.0116999
10391	10392	0.0116959
624	10392	0.0116959
10392	10393	0.0116855
4823	10393	0.0116855
5174	10394	0.011672
10393	10394	0.011672
10394	10395	0.0116683
3561	10395	0.0116683
10395	10396	0.0116673
3720	10396	0.0116673
10396	10397	0.0116483
8708	10397	0.0116483
1653	10397	0.0116483
10397	10398	0.0116461
4704	10398	0.0116461
10398	10399	0.0116444
417	10399	0.0116444
10399	10400	0.0116377
1953	10400	0.0116377
10400	10401	0.011632
3047	10401	0.011632
2684	10402	0.0115975
10401	10402	0.0115975
10402	10403	0.0115767
4760	10403	0.0115767
10403	10404	0.0115604
536	10404	0.0115604
10404	10405	0.0115557
6094	10405	0.0115557
148	10406	0.0115528
10405	10406	0.0115528
10406	10407	0.01155
6239	10407	0.01155
10407	10408	0.0115401
1399	10408	0.0115401
10408	10409	0.0115309
257	10409	0.0115309
10409	10410	0.0115216
4447	10410	0.0115216
154	10411	0.0115206
10410	10411	0.0115206
10411	10412	0.0115146
1805	10412	0.0115146
10412	10413	0.0115088
2763	10413	0.0115088
10413	10414	0.0115032
2188	10414	0.0115032
10414	10415	0.0114994
1926	10415	0.0114994
10415	10416	0.0114973
708	10416	0.0114973
9202	10417	0.0114938
10416	10417	0.0114938
5072	10418	0.0114782
10417	10418	0.0114782
10418	10419	0.0114749
4094	10419	0.0114749
10419	10420	0.011448
4791	10420	0.011448
3522	10421	0.0114872
532	10421	0.0114872
5514	10422	0.0114461
4230	10422	0.0114461
10420	10422	0.0114461
4963	10423	0.0114222
10422	10423	0.0114222
10423	10424	0.0114183
3114	10424	0.0114183
10424	10425	0.0114108
6099	10425	0.0114108
10425	10426	0.0114092
103	10426	0.0114092
4509	10427	0.0113762
10426	10427	0.0113762
10427	10428	0.0113543
9073	10428	0.0113543
10360	10428	0.0113543
10428	10429	0.0113516
42	10429	0.0113516
10421	10429	0.0113516
810	10430	0.0113449
10429	10430	0.0113449
10430	10431	0.0113345
4962	10431	0.0113345
9201	10432	0.0113184
4003	10432	0.0113184
10431	10432	0.0113184
10432	10433	0.0113069
749	10433	0.0113069
10433	10434	0.0113051
669	10434	0.0113051
4582	10435	0.0112964
10434	10435	0.0112964
10435	10436	0.0112848
691	10436	0.0112848
10436	10437	0.011283
6081	10437	0.011283
4786	10438	0.0112753
10437	10438	0.0112753
3515	10438	0.0112753
10438	10439	0.0112715
4870	10439	0.0112715
518	10440	0.011731
2504	10440	0.011731
96	10441	0.0114833
10440	10441	0.0114833
2191	10442	0.0114749
10441	10442	0.0114749
2881	10443	0.0113725
2994	10443	0.0113725
4020	10444	0.0112639
10439	10444	0.0112639
9062	10445	0.0112441
10444	10445	0.0112441
9109	10446	0.011243
10445	10446	0.011243
10446	10447	0.0112418
2431	10447	0.0112418
4145	10447	0.0112418
10447	10448	0.011241
10361	10448	0.011241
557	10449	0.0112276
10448	10449	0.0112276
9129	10450	0.0112212
10449	10450	0.0112212
10450	10451	0.011219
433	10451	0.011219
4530	10452	0.0112162
10451	10452	0.0112162
2890	10453	0.011199
10452	10453	0.011199
10443	10453	0.011199
10453	10454	0.0111931
1605	10454	0.0111931
2889	10455	0.0111772
10454	10455	0.0111772
10455	10456	0.0111685
3405	10456	0.0111685
10456	10457	0.0111552
6226	10457	0.0111552
10457	10458	0.0111541
2268	10458	0.0111541
10458	10459	0.0111476
1493	10459	0.0111476
10459	10460	0.0111455
5346	10460	0.0111455
10460	10461	0.0111436
3198	10461	0.0111436
10461	10462	0.0111417
4805	10462	0.0111417
10462	10463	0.01114
637	10463	0.01114
4243	10464	0.0111332
10463	10464	0.0111332
10464	10465	0.0111322
4098	10465	0.0111322
10465	10466	0.0111246
2135	10466	0.0111246
10466	10467	0.0111198
5699	10467	0.0111198
9094	10468	0.0111144
10467	10468	0.0111144
3586	10469	0.0110988
10468	10469	0.0110988
10469	10470	0.0110749
5031	10470	0.0110749
1799	10471	0.0110701
10470	10471	0.0110701
10471	10472	0.0110682
456	10472	0.0110682
974	10473	0.0110666
10472	10473	0.0110666
10473	10474	0.0110607
4599	10474	0.0110607
2520	10475	0.0110568
10474	10475	0.0110568
3134	10476	0.0110533
10475	10476	0.0110533
8784	10477	0.0110512
10476	10477	0.0110512
10477	10478	0.011034
3235	10478	0.011034
5103	10478	0.011034
5291	10479	0.0110294
10478	10479	0.0110294
10479	10480	0.0110191
2259	10480	0.0110191
10480	10481	0.0110179
869	10481	0.0110179
10481	10482	0.0110121
10442	10482	0.0110121
5131	10482	0.0110121
10482	10483	0.0110083
1594	10483	0.0110083
4867	10484	0.0110047
10483	10484	0.0110047
10484	10485	0.0109999
1767	10485	0.0109999
2377	10486	0.0109988
10485	10486	0.0109988
10486	10487	0.0109978
1652	10487	0.0109978
10487	10488	0.0109948
1468	10488	0.0109948
10488	10489	0.0109912
1265	10489	0.0109912
859	10490	0.0109903
10489	10490	0.0109903
10490	10491	0.0109872
903	10491	0.0109872
10491	10492	0.0109818
3543	10492	0.0109818
72	10492	0.0109818
10492	10493	0.0109779
4865	10493	0.0109779
5466	10493	0.0109779
10493	10494	0.010977
1308	10494	0.010977
10494	10495	0.010973
4606	10495	0.010973
10495	10496	0.0109616
890	10496	0.0109616
300	10496	0.0109616
1422	10497	0.0109452
10496	10497	0.0109452
10497	10498	0.0109406
10362	10498	0.0109406
3577	10498	0.0109406
10498	10499	0.0109358
6211	10499	0.0109358
10499	10500	0.0109331
1067	10500	0.0109331
10500	10501	0.0109166
2286	10501	0.0109166
2605	10502	0.010911
10501	10502	0.010911
2668	10502	0.010911
10502	10503	0.0109062
1533	10503	0.0109062
10503	10504	0.0109053
756	10504	0.0109053
1017	10505	0.0109025
10504	10505	0.0109025
10505	10506	0.0108919
3511	10506	0.0108919
10506	10507	0.0108589
5339	10507	0.0108589
134	10508	0.0108575
10507	10508	0.0108575
10508	10509	0.0108385
3256	10509	0.0108385
10509	10510	0.0108376
5330	10510	0.0108376
10510	10511	0.0108338
5923	10511	0.0108338
5638	10512	0.0108206
10511	10512	0.0108206
10363	10513	0.0108156
10512	10513	0.0108156
3672	10513	0.0108156
10513	10514	0.0108071
876	10514	0.0108071
3059	10515	0.0108041
10514	10515	0.0108041
10515	10516	0.0107853
2619	10516	0.0107853
3467	10516	0.0107853
10516	10517	0.0107841
435	10517	0.0107841
1421	10518	0.0107824
10517	10518	0.0107824
10151	10519	0.0107651
10518	10519	0.0107651
5690	10520	0.0107567
10519	10520	0.0107567
4190	10521	0.0107536
10520	10521	0.0107536
4660	10522	0.0107412
10521	10522	0.0107412
33	10523	0.0109312
5094	10523	0.0109312
1148	10524	0.0125821
574	10524	0.0125821
3876	10525	0.0116909
5506	10525	0.0116909
10524	10526	0.0115349
10525	10526	0.0115349
10126	10527	0.0112486
10526	10527	0.0112486
498	10528	0.0124797
5215	10528	0.0124797
10143	10529	0.0122651
5606	10529	0.0122651
2362	10530	0.0120619
4208	10530	0.0120619
2461	10531	0.0115901
4491	10531	0.0115901
3546	10532	0.0130566
2571	10532	0.0130566
2675	10533	0.0118523
3216	10533	0.0118523
4442	10534	0.0107468
4829	10534	0.0107468
3121	10535	0.0107222
2992	10535	0.0107222
10522	10536	0.0107317
3234	10536	0.0107317
10535	10537	0.0107211
10536	10537	0.0107211
10537	10538	0.0107107
5664	10538	0.0107107
10538	10539	0.0107069
504	10539	0.0107069
9194	10540	0.0107012
10539	10540	0.0107012
10540	10541	0.0106967
6116	10541	0.0106967
5693	10542	0.0106925
10541	10542	0.0106925
4501	10543	0.0106907
10542	10543	0.0106907
10543	10544	0.0106847
3240	10544	0.0106847
5485	10545	0.0106832
10544	10545	0.0106832
10545	10546	0.0106727
2799	10546	0.0106727
4321	10547	0.0106629
10546	10547	0.0106629
149	10548	0.0106554
10547	10548	0.0106554
5126	10549	0.0106534
10548	10549	0.0106534
1128	10550	0.0106328
10549	10550	0.0106328
10550	10551	0.0106259
4341	10551	0.0106259
10551	10552	0.0106176
4964	10552	0.0106176
233	10552	0.0106176
10552	10553	0.0106125
3761	10553	0.0106125
9051	10554	0.0107033
10527	10554	0.0107033
10553	10555	0.0106115
511	10555	0.0106115
9203	10556	0.0105982
10555	10556	0.0105982
10556	10557	0.0105971
19	10557	0.0105971
10557	10558	0.010583
1194	10558	0.010583
10558	10559	0.010581
497	10559	0.010581
10559	10560	0.01058
10533	10560	0.01058
10560	10561	0.0105648
4175	10561	0.0105648
8910	10562	0.0105609
10561	10562	0.0105609
5111	10563	0.0105581
10562	10563	0.0105581
10563	10564	0.0105543
5490	10564	0.0105543
10564	10565	0.0105391
1219	10565	0.0105391
10565	10566	0.0105267
5692	10566	0.0105267
10566	10567	0.0105258
10554	10567	0.0105258
10567	10568	0.0105074
5274	10568	0.0105074
6152	10569	0.010505
10568	10569	0.010505
5779	10570	0.010497
10569	10570	0.010497
6189	10571	0.0104836
10570	10571	0.0104836
10571	10572	0.0104579
3752	10572	0.0104579
395	10573	0.0104477
10572	10573	0.0104477
10573	10574	0.0104324
1604	10574	0.0104324
2679	10574	0.0104324
4892	10575	0.0104247
10574	10575	0.0104247
401	10576	0.0104084
10575	10576	0.0104084
10576	10577	0.0104064
4898	10577	0.0104064
10577	10578	0.0104028
6308	10578	0.0104028
10578	10579	0.0104016
3993	10579	0.0104016
530	10580	0.0103942
10579	10580	0.0103942
10580	10581	0.0103875
3203	10581	0.0103875
2223	10582	0.0103684
10581	10582	0.0103684
9197	10583	0.0103569
10582	10583	0.0103569
6508	10584	0.0103474
10583	10584	0.0103474
8857	10585	0.0103396
10584	10585	0.0103396
10585	10586	0.0103389
1836	10586	0.0103389
10586	10587	0.0103381
4925	10587	0.0103381
10587	10588	0.0103369
1244	10588	0.0103369
10588	10589	0.0103178
62	10589	0.0103178
10589	10590	0.0103167
2506	10590	0.0103167
5165	10590	0.0103167
10590	10591	0.010315
2196	10591	0.010315
10591	10592	0.0103026
6273	10592	0.0103026
10592	10593	0.0102911
1707	10593	0.0102911
10593	10594	0.0102882
1899	10594	0.0102882
3311	10595	0.0103396
450	10595	0.0103396
10594	10596	0.0102854
4486	10596	0.0102854
10596	10597	0.0102766
1743	10597	0.0102766
10597	10598	0.0102748
10595	10598	0.0102748
9056	10599	0.010272
10598	10599	0.010272
3380	10599	0.010272
10599	10600	0.0102548
741	10600	0.0102548
10600	10601	0.0102462
3139	10601	0.0102462
10601	10602	0.0102365
10531	10602	0.0102365
9135	10603	0.0102347
10602	10603	0.0102347
10603	10604	0.0102224
5052	10604	0.0102224
10604	10605	0.0102157
378	10605	0.0102157
10605	10606	0.0102081
2337	10606	0.0102081
10606	10607	0.0102054
2035	10607	0.0102054
10607	10608	0.0101996
174	10608	0.0101996
3025	10609	0.0101929
10608	10609	0.0101929
10609	10610	0.0101757
2018	10610	0.0101757
10610	10611	0.0101738
10530	10611	0.0101738
6459	10612	0.0101642
10611	10612	0.0101642
10612	10613	0.0101603
1606	10613	0.0101603
3787	10614	0.0101432
10613	10614	0.0101432
4659	10615	0.0101421
10614	10615	0.0101421
10615	10616	0.0101414
727	10616	0.0101414
843	10617	0.0105153
2372	10617	0.0105153
1062	10618	0.0102606
1536	10618	0.0102606
1541	10619	0.0103663
3343	10619	0.0103663
10616	10620	0.0101374
4992	10620	0.0101374
10620	10621	0.0101222
4843	10621	0.0101222
2342	10622	0.0101215
10621	10622	0.0101215
10622	10623	0.0101175
1616	10623	0.0101175
6363	10624	0.0101166
10623	10624	0.0101166
10624	10625	0.0101041
2946	10625	0.0101041
10625	10626	0.0100935
1375	10626	0.0100935
10626	10627	0.0100833
5308	10627	0.0100833
4279	10628	0.0100811
10627	10628	0.0100811
10628	10629	0.0100747
255	10629	0.0100747
5197	10630	0.0100669
10629	10630	0.0100669
10630	10631	0.0100659
366	10631	0.0100659
120	10632	0.0100642
10631	10632	0.0100642
10632	10633	0.0100612
4178	10633	0.0100612
10633	10634	0.0100593
3754	10634	0.0100593
10634	10635	0.0100527
2494	10635	0.0100527
10144	10635	0.0100527
10635	10636	0.0100402
3978	10636	0.0100402
6525	10637	0.0100375
10636	10637	0.0100375
10637	10638	0.0100359
2273	10638	0.0100359
10638	10639	0.0100325
357	10639	0.0100325
8899	10640	0.0100308
10639	10640	0.0100308
8913	10641	0.0100268
10640	10641	0.0100268
10641	10642	0.0100233
527	10642	0.0100233
10148	10643	0.0100222
10642	10643	0.0100222
10643	10644	0.0100116
1782	10644	0.0100116
10644	10645	0.00999631
924	10645	0.00999631
1318	10645	0.00999631
2532	10646	0.00999152
10645	10646	0.00999152
10646	10647	0.00998664
4021	10647	0.00998664
1523	10648	0.00998327
10647	10648	0.00998327
10648	10649	0.00998215
6176	10649	0.00998215
10649	10650	0.00997918
2631	10650	0.00997918
10650	10651	0.00997825
10617	10651	0.00997825
10651	10652	0.0099593
2651	10652	0.0099593
10652	10653	0.00995636
4532	10653	0.00995636
2049	10654	0.00994399
10653	10654	0.00994399
10654	10655	0.009941
10619	10655	0.009941
6519	10656	0.00993437
10655	10656	0.00993437
10656	10657	0.00992991
386	10657	0.00992991
10657	10658	0.00992214
1997	10658	0.00992214
10658	10659	0.00992105
3049	10659	0.00992105
10659	10660	0.00991903
10618	10660	0.00991903
2988	10660	0.00991903
2749	10661	0.00991238
10660	10661	0.00991238
5911	10661	0.00991238
236	10661	0.00991238
10661	10662	0.0099096
6202	10662	0.0099096
5940	10662	0.0099096
1601	10663	0.00997918
10529	10663	0.00997918
9200	10664	0.00990667
10662	10664	0.00990667
598	10665	0.00990392
10664	10665	0.00990392
10665	10666	0.00988296
99	10666	0.00988296
10666	10667	0.00988009
212	10667	0.00988009
1734	10668	0.00987804
10667	10668	0.00987804
10668	10669	0.00987149
10138	10669	0.00987149
10669	10670	0.00987053
4112	10670	0.00987053
9078	10671	0.00986954
10670	10671	0.00986954
10671	10672	0.00986412
4203	10672	0.00986412
10672	10673	0.00985806
1763	10673	0.00985806
10673	10674	0.00985337
2147	10674	0.00985337
10674	10675	0.00985064
477	10675	0.00985064
10675	10676	0.00984455
845	10676	0.00984455
5066	10676	0.00984455
6290	10676	0.00984455
10663	10676	0.00984455
10676	10677	0.0098427
6078	10677	0.0098427
10677	10678	0.00984088
4724	10678	0.00984088
10678	10679	0.00983806
842	10679	0.00983806
5046	10680	0.00983542
10679	10680	0.00983542
1292	10681	0.00982288
10680	10681	0.00982288
10681	10682	0.00981793
4396	10682	0.00981793
909	10683	0.00981545
10682	10683	0.00981545
10683	10684	0.00979393
1264	10684	0.00979393
10684	10685	0.00978928
2973	10685	0.00978928
10685	10686	0.00978564
2421	10686	0.00978564
10686	10687	0.00977716
2525	10687	0.00977716
3413	10688	0.00973586
10687	10688	0.00973586
8925	10689	0.00972931
10688	10689	0.00972931
10689	10690	0.00972358
48	10690	0.00972358
249	10691	0.00972204
10690	10691	0.00972204
1217	10691	0.00972204
9204	10692	0.00971228
10691	10692	0.00971228
10692	10693	0.00967881
371	10693	0.00967881
3027	10694	0.00967602
10693	10694	0.00967602
2730	10695	0.0096684
10694	10695	0.0096684
10695	10696	0.0096673
4796	10696	0.0096673
9016	10697	0.00966529
10696	10697	0.00966529
5798	10698	0.00966372
10697	10698	0.00966372
1256	10699	0.00965297
10698	10699	0.00965297
2481	10700	0.00965202
10699	10700	0.00965202
5405	10701	0.0096502
10700	10701	0.0096502
10701	10702	0.00962835
1089	10702	0.00962835
703	10703	0.00962738
10702	10703	0.00962738
10532	10704	0.0103312
3335	10704	0.0103312
1880	10705	0.00953588
10150	10705	0.00953588
10703	10706	0.00961397
4137	10706	0.00961397
10706	10707	0.00961306
1858	10707	0.00961306
4859	10707	0.00961306
10707	10708	0.00960827
2648	10708	0.00960827
10708	10709	0.00956742
4220	10709	0.00956742
3782	10710	0.00956534
10709	10710	0.00956534
10710	10711	0.00956444
2733	10711	0.00956444
1092	10712	0.00956269
10711	10712	0.00956269
10712	10713	0.00955771
5198	10713	0.00955771
10713	10714	0.00954716
2323	10714	0.00954716
8885	10715	0.00954065
10714	10715	0.00954065
10715	10716	0.00953674
2524	10716	0.00953674
10716	10717	0.00953004
1613	10717	0.00953004
10717	10718	0.00952035
825	10718	0.00952035
4480	10719	0.00949766
10718	10719	0.00949766
10719	10720	0.00949285
4229	10720	0.00949285
10720	10721	0.00948704
10131	10721	0.00948704
2113	10722	0.00947678
10721	10722	0.00947678
10722	10723	0.00946246
3288	10723	0.00946246
109	10724	0.00946129
10723	10724	0.00946129
349	10725	0.00945859
10724	10725	0.00945859
10725	10726	0.00944599
460	10726	0.00944599
10726	10727	0.00943198
3723	10727	0.00943198
2155	10728	0.00941363
10727	10728	0.00941363
10728	10729	0.00940493
4764	10729	0.00940493
10729	10730	0.00940268
2844	10730	0.00940268
10730	10731	0.00940137
609	10731	0.00940137
10731	10732	0.00940008
2795	10732	0.00940008
10732	10733	0.00939952
5207	10733	0.00939952
10733	10734	0.00939759
2478	10734	0.00939759
10734	10735	0.00939571
592	10735	0.00939571
10735	10736	0.00939092
887	10736	0.00939092
3936	10736	0.00939092
9193	10737	0.00939007
6404	10737	0.00939007
5004	10737	0.00939007
10736	10737	0.00939007
8706	10738	0.00938326
10737	10738	0.00938326
10738	10739	0.00937359
2878	10739	0.00937359
5265	10740	0.00936341
10739	10740	0.00936341
10740	10741	0.00935748
3217	10741	0.00935748
10741	10742	0.00935089
6101	10742	0.00935089
4783	10743	0.00934414
10742	10743	0.00934414
2768	10744	0.00932694
10743	10744	0.00932694
10744	10745	0.00930112
3526	10745	0.00930112
217	10746	0.00929359
10745	10746	0.00929359
10746	10747	0.00929271
502	10747	0.00929271
8978	10748	0.00928974
10747	10748	0.00928974
3474	10749	0.00928107
10748	10749	0.00928107
10749	10750	0.00927843
4391	10750	0.00927843
10750	10751	0.00926686
970	10751	0.00926686
10751	10752	0.00924891
260	10752	0.00924891
10752	10753	0.00924779
419	10753	0.00924779
10753	10754	0.00924205
2731	10754	0.00924205
5837	10755	0.00923457
10754	10755	0.00923457
944	10756	0.00922685
10755	10756	0.00922685
157	10757	0.00922593
10756	10757	0.00922593
6209	10757	0.00922593
10757	10758	0.00921041
1257	10758	0.00921041
1987	10758	0.00921041
8981	10759	0.00919523
10758	10759	0.00919523
10759	10760	0.00918853
5826	10760	0.00918853
10760	10761	0.0091838
10528	10761	0.0091838
5603	10762	0.00917419
10761	10762	0.00917419
10762	10763	0.00916113
126	10763	0.00916113
10763	10764	0.00915039
1320	10764	0.00915039
10764	10765	0.00913065
383	10765	0.00913065
10765	10766	0.00912299
3110	10766	0.00912299
51	10767	0.00961397
5576	10767	0.00961397
4213	10768	0.00926686
4497	10768	0.00926686
10766	10769	0.00911906
5777	10769	0.00911906
10769	10770	0.00910952
4705	10770	0.00910952
4163	10771	0.00910779
10770	10771	0.00910779
10771	10772	0.00910396
55	10772	0.00910396
2633	10773	0.0090931
10772	10773	0.0090931
10773	10774	0.00909151
35	10774	0.00909151
954	10775	0.00908385
10774	10775	0.00908385
1039	10776	0.00908175
10775	10776	0.00908175
4045	10777	0.00907614
10776	10777	0.00907614
5947	10777	0.00907614
10777	10778	0.00907436
321	10778	0.00907436
10778	10779	0.00907228
1885	10779	0.00907228
4957	10780	0.00906953
10779	10780	0.00906953
10534	10780	0.00906953
10780	10781	0.00906281
448	10781	0.00906281
10781	10782	0.00905032
3572	10782	0.00905032
10782	10783	0.00904945
3806	10783	0.00904945
10783	10784	0.0090485
3362	10784	0.0090485
10784	10785	0.0090478
10768	10785	0.0090478
10523	10786	0.00904564
10785	10786	0.00904564
483	10787	0.00903034
10786	10787	0.00903034
10787	10788	0.00902746
1687	10788	0.00902746
10788	10789	0.0090132
812	10789	0.0090132
5379	10790	0.00900842
10789	10790	0.00900842
10790	10791	0.00899899
5247	10791	0.00899899
8985	10792	0.00899519
10791	10792	0.00899519
1398	10792	0.00899519
4774	10792	0.00899519
10792	10793	0.0089875
150	10793	0.0089875
10793	10794	0.00897882
716	10794	0.00897882
6484	10795	0.00897035
10794	10795	0.00897035
10795	10796	0.00896074
8960	10796	0.00896074
3361	10796	0.00896074
2598	10797	0.00895588
10796	10797	0.00895588
10797	10798	0.00895509
682	10798	0.00895509
10798	10799	0.00894432
10704	10799	0.00894432
10799	10800	0.00894363
1250	10800	0.00894363
9053	10801	0.00894265
10800	10801	0.00894265
10149	10802	0.00893704
10801	10802	0.00893704
10802	10803	0.0089322
9111	10803	0.0089322
3007	10803	0.0089322
10803	10804	0.00892641
923	10804	0.00892641
10804	10805	0.00891111
2595	10805	0.00891111
10805	10806	0.00890551
5780	10806	0.00890551
5738	10807	0.00889409
10806	10807	0.00889409
4763	10808	0.00889117
10807	10808	0.00889117
2373	10809	0.00887103
10808	10809	0.00887103
9198	10810	0.00886905
10809	10810	0.00886905
2345	10811	0.00885869
10810	10811	0.00885869
10811	10812	0.00885473
5584	10812	0.00885473
10812	10813	0.00884897
4418	10813	0.00884897
10813	10814	0.00884528
650	10814	0.00884528
10814	10815	0.00884055
10767	10815	0.00884055
8758	10816	0.00883778
10815	10816	0.00883778
1914	10817	0.0088282
10816	10817	0.0088282
1191	10818	0.00881951
10817	10818	0.00881951
10705	10819	0.00881765
10818	10819	0.00881765
2766	10820	0.00880526
10819	10820	0.00880526
2333	10821	0.00879953
10820	10821	0.00879953
3404	10822	0.00878322
10821	10822	0.00878322
10822	10823	0.00878238
5306	10823	0.00878238
10823	10824	0.0087777
294	10824	0.0087777
9199	10825	0.00877278
9131	10825	0.00877278
10824	10825	0.00877278
10825	10826	0.0087691
5275	10826	0.0087691
10826	10827	0.00876606
1374	10827	0.00876606
10827	10828	0.00875101
10147	10828	0.00875101
6046	10829	0.00874815
10828	10829	0.00874815
10829	10830	0.00874439
622	10830	0.00874439
2296	10831	0.0125876
2024	10831	0.0125876
10831	10832	0.00957755
3446	10832	0.00957755
10832	10833	0.00948898
91	10833	0.00948898
8837	10834	0.0126982
431	10834	0.0126982
9120	10835	0.0154039
4956	10835	0.0154039
10835	10836	0.0111627
4955	10836	0.0111627
575	10837	0.00955582
759	10837	0.00955582
643	10838	0.0141584
5378	10838	0.0141584
10838	10839	0.0119124
2162	10839	0.0119124
5223	10840	0.0135249
9013	10840	0.0135249
2392	10841	0.00879191
1534	10841	0.00879191
2305	10842	0.00879377
3888	10842	0.00879377
1362	10843	0.0130247
4766	10843	0.0130247
3105	10844	0.020935
3171	10844	0.020935
5842	10845	0.0125673
5892	10845	0.0125673
5193	10846	0.00378416
700	10846	0.00378416
1027	10847	0.00616351
68	10847	0.00616351
2964	10848	0.00535482
9165	10848	0.00535482
5453	10849	0.00803756
1429	10849	0.00803756
4995	10850	0.00588797
488	10850	0.00588797
3266	10851	0.00792038
5173	10851	0.00792038
4713	10852	0.00820264
2441	10852	0.00820264
65	10853	0.00750443
5148	10853	0.00750443
1954	10854	0.0056553
404	10854	0.0056553
3620	10855	0.00457383
2519	10855	0.00457383
3424	10856	0.00590989
9113	10856	0.00590989
3864	10857	0.00705239
71	10857	0.00705239
3327	10858	0.00631047
457	10858	0.00631047
9177	10859	0.00848302
6262	10859	0.00848302
525	10859	0.00848302
5200	10860	0.00813789
10859	10860	0.00813789
9180	10861	0.00570687
3731	10861	0.00570687
9191	10862	0.00767221
4066	10862	0.00767221
9018	10863	0.00713528
494	10863	0.00713528
3178	10864	0.00689504
3215	10864	0.00689504
3823	10865	0.00698763
429	10865	0.00698763
9023	10866	0.00816048
9174	10866	0.00816048
537	10867	0.00808442
2670	10867	0.00808442
10830	10868	0.00874136
4679	10868	0.00874136
10868	10869	0.00873308
652	10869	0.00873308
5141	10870	0.00872915
10869	10870	0.00872915
5832	10871	0.00872128
10870	10871	0.00872128
4193	10871	0.00872128
9187	10872	0.00871936
10871	10872	0.00871936
10872	10873	0.00871763
4832	10873	0.00871763
3188	10873	0.00871763
3902	10873	0.00871763
4588	10874	0.00871005
10873	10874	0.00871005
164	10875	0.00870892
10874	10875	0.00870892
5894	10876	0.00869375
10875	10876	0.00869375
5430	10876	0.00869375
10876	10877	0.00869186
1363	10877	0.00869186
10877	10878	0.00868955
4493	10878	0.00868955
10878	10879	0.00868315
1448	10879	0.00868315
185	10880	0.00867271
10879	10880	0.00867271
3045	10881	0.00867071
10880	10881	0.00867071
5447	10882	0.0086699
10881	10882	0.0086699
1918	10883	0.00866312
10882	10883	0.00866312
9185	10884	0.00865744
10883	10884	0.00865744
5397	10885	0.00865173
10884	10885	0.00865173
3860	10886	0.00863269
10885	10886	0.00863269
10886	10887	0.00863191
4917	10887	0.00863191
1649	10888	0.0086279
10887	10888	0.0086279
2174	10888	0.0086279
5451	10889	0.0086231
10888	10889	0.0086231
1794	10890	0.00862226
10889	10890	0.00862226
4433	10891	0.00862123
10890	10891	0.00862123
10841	10891	0.00862123
10891	10892	0.00861742
2123	10892	0.00861742
10892	10893	0.00861539
104	10893	0.00861539
10893	10894	0.00860414
4232	10894	0.00860414
10894	10895	0.00860195
16	10895	0.00860195
5431	10896	0.00859546
10895	10896	0.00859546
9186	10897	0.00859455
8983	10897	0.00859455
10896	10897	0.00859455
696	10898	0.008586
10897	10898	0.008586
1307	10899	0.00857545
10898	10899	0.00857545
10899	10900	0.00857456
3716	10900	0.00857456
1280	10900	0.00857456
5463	10901	0.00856597
10900	10901	0.00856597
5074	10902	0.00856122
10901	10902	0.00856122
2303	10902	0.00856122
8856	10903	0.00856016
10902	10903	0.00856016
1607	10904	0.00855706
10903	10904	0.00855706
6134	10905	0.00855347
10904	10905	0.00855347
10905	10906	0.00854882
2522	10906	0.00854882
10906	10907	0.00853343
5271	10907	0.00853343
8971	10908	0.00852658
10907	10908	0.00852658
2292	10908	0.00852658
10908	10909	0.00852508
331	10909	0.00852508
10909	10910	0.00851443
5782	10910	0.00851443
10910	10911	0.00850312
3112	10911	0.00850312
10911	10912	0.00848671
1415	10912	0.00848671
8908	10913	0.00847435
1050	10913	0.00847435
10912	10913	0.00847435
6492	10914	0.00846575
10913	10914	0.00846575
10914	10915	0.00845523
754	10915	0.00845523
130	10915	0.00845523
8886	10916	0.00845359
10915	10916	0.00845359
10916	10917	0.00842662
6261	10917	0.00842662
10917	10918	0.00842281
5486	10918	0.00842281
5256	10918	0.00842281
10918	10919	0.00840378
4545	10919	0.00840378
8695	10920	0.00838953
10919	10920	0.00838953
5724	10921	0.00838566
10920	10921	0.00838566
5783	10922	0.00838287
10921	10922	0.00838287
10922	10923	0.00837893
2887	10923	0.00837893
83	10924	0.00837511
10923	10924	0.00837511
5011	10925	0.00836751
10924	10925	0.00836751
9158	10925	0.00836751
2721	10926	0.00836269
10925	10926	0.00836269
10926	10927	0.0083589
1948	10927	0.0083589
4749	10928	0.00834378
10927	10928	0.00834378
1776	10929	0.00834086
10928	10929	0.00834086
10929	10930	0.00833232
920	10930	0.00833232
10930	10931	0.0083295
4868	10931	0.0083295
10931	10932	0.00831221
3910	10932	0.00831221
10932	10933	0.00830741
30	10933	0.00830741
2793	10933	0.00830741
10933	10934	0.0082846
5078	10934	0.0082846
170	10935	0.00828371
2829	10935	0.00828371
10934	10935	0.00828371
10935	10936	0.00828254
2608	10936	0.00828254
5662	10937	0.00826836
10936	10937	0.00826836
10937	10938	0.0082645
5766	10938	0.0082645
10938	10939	0.00826357
3422	10939	0.00826357
9050	10940	0.00825961
10939	10940	0.00825961
10940	10941	0.00825215
2891	10941	0.00825215
4746	10942	0.00824859
10941	10942	0.00824859
5809	10943	0.00824629
10942	10943	0.00824629
2226	10943	0.00824629
6049	10944	0.00824451
10943	10944	0.00824451
10845	10944	0.00824451
3172	10945	0.00824088
10944	10945	0.00824088
3796	10946	0.00823309
10945	10946	0.00823309
2005	10947	0.00822832
10946	10947	0.00822832
9171	10948	0.00822634
4646	10948	0.00822634
10947	10948	0.00822634
4665	10949	0.00822352
9114	10949	0.00822352
10948	10949	0.00822352
1859	10950	0.00822271
10949	10950	0.00822271
9188	10951	0.00821684
10950	10951	0.00821684
3593	10952	0.00821594
10951	10952	0.00821594
10952	10953	0.00820451
1083	10953	0.00820451
10833	10954	0.00862035
229	10954	0.00862035
10953	10955	0.00820339
1565	10955	0.00820339
3896	10956	0.00819336
10955	10956	0.00819336
10956	10957	0.0081815
2986	10957	0.0081815
10954	10957	0.0081815
6297	10957	0.0081815
10957	10958	0.00817946
1855	10958	0.00817946
10958	10959	0.00817776
4847	10959	0.00817776
4644	10959	0.00817776
8778	10960	0.00817201
10959	10960	0.00817201
868	10961	0.00816634
10960	10961	0.00816634
10961	10962	0.00816442
6203	10962	0.00816442
10962	10963	0.00816353
2900	10963	0.00816353
10963	10964	0.00815049
4987	10964	0.00815049
4004	10965	0.00814544
10964	10965	0.00814544
1386	10966	0.00814266
10965	10966	0.00814266
11	10967	0.00814145
10966	10967	0.00814145
2901	10968	0.00813947
10967	10968	0.00813947
10968	10969	0.00813865
2517	10969	0.00813865
10842	10970	0.0081358
10969	10970	0.0081358
2498	10971	0.00812747
10970	10971	0.00812747
9179	10972	0.00811971
1138	10972	0.00811971
10971	10972	0.00811971
10972	10973	0.008111
5044	10973	0.008111
3029	10974	0.00810991
10973	10974	0.00810991
4666	10975	0.00810791
10974	10975	0.00810791
10975	10976	0.00810341
894	10976	0.00810341
4591	10977	0.00809778
10976	10977	0.00809778
10977	10978	0.00808997
459	10978	0.00808997
10978	10979	0.00808042
4148	10979	0.00808042
10979	10980	0.00807654
2639	10980	0.00807654
10980	10981	0.00807115
10836	10981	0.00807115
5132	10982	0.00806997
10981	10982	0.00806997
5289	10983	0.00806801
10982	10983	0.00806801
3498	10984	0.00806704
10983	10984	0.00806704
10984	10985	0.00806227
2225	10985	0.00806227
1005	10986	0.00804417
10985	10986	0.00804417
10986	10987	0.00803008
5663	10987	0.00803008
5918	10988	0.00802417
10987	10988	0.00802417
10988	10989	0.00801471
473	10989	0.00801471
1728	10989	0.00801471
2327	10990	0.00799839
10989	10990	0.00799839
10990	10991	0.00799466
2627	10991	0.00799466
10991	10992	0.00797844
4300	10992	0.00797844
8839	10993	0.00796767
10992	10993	0.00796767
2602	10994	0.00796222
10993	10994	0.00796222
10994	10995	0.00795457
4748	10995	0.00795457
4	10995	0.00795457
10995	10996	0.00794603
5908	10996	0.00794603
10996	10997	0.00793939
2306	10997	0.00793939
5195	10998	0.0079365
10997	10998	0.0079365
10998	10999	0.00792416
2129	10999	0.00792416
1123	11000	0.00792214
10999	11000	0.00792214
11000	11001	0.00789454
5129	11001	0.00789454
9181	11002	0.00789162
11001	11002	0.00789162
11002	11003	0.00788409
1206	11003	0.00788409
11003	11004	0.00788199
1674	11004	0.00788199
11004	11005	0.00787742
1658	11005	0.00787742
4677	11005	0.00787742
9132	11006	0.00787638
11005	11006	0.00787638
11006	11007	0.0078756
1749	11007	0.0078756
8884	11008	0.00787162
11007	11008	0.00787162
11008	11009	0.00786588
5602	11009	0.00786588
11009	11010	0.0078601
267	11010	0.0078601
11010	11011	0.0078583
2420	11011	0.0078583
361	11012	0.00785543
11011	11012	0.00785543
11012	11013	0.00783729
3317	11013	0.00783729
5264	11014	0.00783545
11013	11014	0.00783545
4627	11014	0.00783545
11014	11015	0.00781522
4219	11015	0.00781522
11015	11016	0.0078059
1550	11016	0.0078059
11016	11017	0.00780298
1927	11017	0.00780298
11017	11018	0.00779532
6258	11018	0.00779532
11018	11019	0.00777921
2293	11019	0.00777921
9184	11020	0.00777537
3858	11020	0.00777537
3159	11020	0.00777537
11019	11020	0.00777537
8696	11021	0.00777051
11020	11021	0.00777051
11021	11022	0.00776385
142	11022	0.00776385
1230	11023	0.00775826
11022	11023	0.00775826
11023	11024	0.00775438
4449	11024	0.00775438
3589	11025	0.00781522
252	11025	0.00781522
9147	11026	0.00775248
11024	11026	0.00775248
11026	11027	0.00774866
1669	11027	0.00774866
9190	11028	0.0077324
11027	11028	0.0077324
11028	11029	0.00772859
2471	11029	0.00772859
888	11030	0.00771067
11029	11030	0.00771067
11030	11031	0.00770378
3001	11031	0.00770378
11031	11032	0.00770087
2755	11032	0.00770087
11032	11033	0.00769514
1995	11033	0.00769514
11033	11034	0.00769216
1546	11034	0.00769216
11034	11035	0.00767042
5745	11035	0.00767042
11035	11036	0.00766181
2352	11036	0.00766181
804	11037	0.00765212
11036	11037	0.00765212
2459	11038	0.00765133
11037	11038	0.00765133
11038	11039	0.00764845
179	11039	0.00764845
11039	11040	0.0076408
546	11040	0.0076408
1011	11041	0.00763614
11040	11041	0.00763614
9127	11042	0.00763222
11041	11042	0.00763222
11042	11043	0.00762753
3989	11043	0.00762753
5532	11044	0.00761975
11043	11044	0.00761975
1270	11045	0.00761414
11044	11045	0.00761414
1409	11046	0.00760154
11045	11046	0.00760154
315	11046	0.00760154
3402	11047	0.00760076
11046	11047	0.00760076
1129	11048	0.00759714
11047	11048	0.00759714
3137	11049	0.00759499
11048	11049	0.00759499
8751	11050	0.00758847
11049	11050	0.00758847
3101	11051	0.00758257
11050	11051	0.00758257
3108	11052	0.007575
11051	11052	0.007575
3645	11052	0.007575
3468	11053	0.0075741
11052	11053	0.0075741
653	11054	0.00756456
11053	11054	0.00756456
11054	11055	0.00756275
4949	11055	0.00756275
11055	11056	0.00756166
4394	11056	0.00756166
1147	11057	0.00756071
11056	11057	0.00756071
4199	11057	0.00756071
11057	11058	0.00755692
4026	11058	0.00755692
1192	11059	0.00755412
11058	11059	0.00755412
3196	11060	0.00755306
11059	11060	0.00755306
11060	11061	0.00755102
11025	11061	0.00755102
2341	11062	0.00755028
11061	11062	0.00755028
11062	11063	0.00754259
881	11063	0.00754259
11063	11064	0.00753772
3621	11064	0.00753772
832	11065	0.00753116
11064	11065	0.00753116
11065	11066	0.00752927
2541	11066	0.00752927
11066	11067	0.00752735
4601	11067	0.00752735
11067	11068	0.00750156
854	11068	0.00750156
11068	11069	0.007494
2116	11069	0.007494
11069	11070	0.00749298
4520	11070	0.00749298
6063	11071	0.00748891
5970	11071	0.00748891
4536	11071	0.00748891
11070	11071	0.00748891
659	11072	0.00748622
4202	11072	0.00748622
11071	11072	0.00748622
4007	11073	0.00748445
11072	11073	0.00748445
11073	11074	0.0074806
3142	11074	0.0074806
11074	11075	0.00747581
4736	11075	0.00747581
1054	11075	0.00747581
9001	11076	0.00746248
11075	11076	0.00746248
2962	11077	0.00745499
11076	11077	0.00745499
1754	11078	0.0074529
11077	11078	0.0074529
11078	11079	0.0074519
1538	11079	0.0074519
11079	11080	0.0074502
3651	11080	0.0074502
412	11080	0.0074502
8973	11080	0.0074502
5936	11080	0.0074502
1442	11080	0.0074502
1821	11080	0.0074502
6309	11080	0.0074502
10839	11080	0.0074502
2219	11080	0.0074502
9169	11081	0.00744729
11080	11081	0.00744729
4852	11082	0.00744627
11081	11082	0.00744627
1964	11082	0.00744627
4697	11082	0.00744627
11082	11083	0.00743761
162	11083	0.00743761
11083	11084	0.00742344
426	11084	0.00742344
11084	11085	0.00741859
5730	11085	0.00741859
11085	11086	0.00740231
4997	11086	0.00740231
11086	11087	0.00740138
927	11087	0.00740138
2427	11088	0.00739866
11087	11088	0.00739866
11088	11089	0.00739589
1612	11089	0.00739589
4759	11090	0.0074405
1452	11090	0.0074405
4298	11091	0.00723554
3197	11091	0.00723554
11089	11092	0.00739477
840	11092	0.00739477
11092	11093	0.00738819
1544	11093	0.00738819
11093	11094	0.00738709
4359	11094	0.00738709
5373	11095	0.0073852
11094	11095	0.0073852
11095	11096	0.0073776
2143	11096	0.0073776
972	11097	0.0073672
11096	11097	0.0073672
2638	11098	0.00735657
11097	11098	0.00735657
101	11098	0.00735657
11098	11099	0.00735576
3549	11099	0.00735576
11099	11100	0.0073392
4446	11100	0.0073392
3078	11101	0.00732505
11100	11101	0.00732505
1024	11102	0.00732139
11101	11102	0.00732139
336	11103	0.00731371
11102	11103	0.00731371
5501	11104	0.00731082
11103	11104	0.00731082
345	11104	0.00731082
3758	11105	0.00729564
11104	11105	0.00729564
11105	11106	0.00729458
5314	11106	0.00729458
1474	11107	0.00729179
11106	11107	0.00729179
2559	11108	0.00728801
11107	11108	0.00728801
11108	11109	0.0072689
848	11109	0.0072689
11109	11110	0.00724597
673	11110	0.00724597
11110	11111	0.00723645
2432	11111	0.00723645
9182	11112	0.00721281
11111	11112	0.00721281
11112	11113	0.00720891
6293	11113	0.00720891
11113	11114	0.00720509
2966	11114	0.00720509
3126	11115	0.00719725
11114	11115	0.00719725
11090	11115	0.00719725
4456	11116	0.00719167
11115	11116	0.00719167
11116	11117	0.00718486
4035	11117	0.00718486
11117	11118	0.00718395
6	11118	0.00718395
9105	11119	0.00718225
11118	11119	0.00718225
8694	11120	0.00718112
11119	11120	0.00718112
803	11121	0.00717737
11120	11121	0.00717737
11121	11122	0.0071716
1932	11122	0.0071716
1832	11123	0.00716388
11122	11123	0.00716388
3838	11124	0.00715742
11123	11124	0.00715742
11124	11125	0.00715537
4778	11125	0.00715537
11125	11126	0.00715166
5930	11126	0.00715166
11126	11127	0.00714887
2687	11127	0.00714887
2313	11128	0.00714212
4807	11128	0.00714212
11127	11128	0.00714212
8775	11129	0.00713637
11128	11129	0.00713637
11129	11130	0.00712683
1255	11130	0.00712683
11130	11131	0.00709824
4392	11131	0.00709824
11131	11132	0.00707613
1282	11132	0.00707613
11132	11133	0.00707152
5882	11133	0.00707152
11133	11134	0.00707043
2884	11134	0.00707043
1498	11134	0.00707043
11134	11135	0.0070619
2299	11135	0.0070619
11135	11136	0.00705239
1438	11136	0.00705239
11136	11137	0.00702381
4221	11137	0.00702381
3510	11138	0.00699521
11137	11138	0.00699521
1830	11139	0.00699421
11138	11139	0.00699421
11139	11140	0.00699037
4753	11140	0.00699037
11091	11141	0.00697219
6180	11141	0.00697219
5461	11141	0.00697219
2854	11141	0.00697219
4255	11141	0.00697219
4669	11141	0.00697219
11140	11141	0.00697219
11141	11142	0.00696276
2239	11142	0.00696276
11142	11143	0.00695899
8959	11143	0.00695899
322	11144	0.00695412
11143	11144	0.00695412
3481	11145	0.00694951
11144	11145	0.00694951
5604	11145	0.00694951
11145	11146	0.00694557
2351	11146	0.00694557
1099	11147	0.00694465
11146	11147	0.00694465
2831	11148	0.00694084
11147	11148	0.00694084
950	11149	0.00807482
2845	11149	0.00807482
11149	11150	0.00749298
6042	11150	0.00749298
4798	11151	0.00699521
1563	11151	0.00699521
2772	11152	0.00803756
6210	11152	0.00803756
11148	11153	0.00692176
1346	11153	0.00692176
1042	11154	0.00691795
11153	11154	0.00691795
11154	11155	0.0069065
2235	11155	0.0069065
11155	11156	0.00690269
1111	11156	0.00690269
11156	11157	0.00688172
3012	11157	0.00688172
3947	11157	0.00688172
11157	11158	0.00687982
77	11158	0.00687982
11158	11159	0.00687126
4983	11159	0.00687126
5489	11160	0.00686365
11159	11160	0.00686365
596	11161	0.00685214
11160	11161	0.00685214
11161	11162	0.0068379
1977	11162	0.0068379
2298	11162	0.0068379
891	11163	0.00683494
11162	11163	0.00683494
11163	11164	0.00681778
3225	11164	0.00681778
11164	11165	0.00680548
5614	11165	0.00680548
11165	11166	0.00679206
5055	11166	0.00679206
11166	11167	0.0067892
3040	11167	0.0067892
8881	11168	0.00678824
11167	11168	0.00678824
4290	11169	0.00677202
11168	11169	0.00677202
11169	11170	0.00676825
4693	11170	0.00676825
11170	11171	0.00676348
533	11171	0.00676348
11171	11172	0.00675485
2046	11172	0.00675485
11172	11173	0.00675104
4342	11173	0.00675104
8924	11174	0.0067368
11173	11174	0.0067368
11174	11175	0.00673292
3948	11175	0.00673292
6342	11176	0.00672824
11175	11176	0.00672824
4716	11177	0.00672157
11176	11177	0.00672157
2173	11178	0.00670246
11177	11178	0.00670246
11178	11179	0.00669863
3302	11179	0.00669863
4986	11180	0.00669294
11179	11180	0.00669294
11180	11181	0.00669094
6284	11181	0.00669094
11181	11182	0.00668146
5671	11182	0.00668146
11182	11183	0.00668046
595	11183	0.00668046
11183	11184	0.00667846
2616	11184	0.00667846
194	11185	0.00667761
11184	11185	0.00667761
6006	11186	0.00667183
11185	11186	0.00667183
11186	11187	0.0066643
1294	11187	0.0066643
11187	11188	0.00666336
1028	11188	0.00666336
2779	11189	0.00666234
11188	11189	0.00666234
10867	11190	0.00665283
11189	11190	0.00665283
11190	11191	0.00662231
1302	11191	0.00662231
9070	11191	0.00662231
11191	11192	0.00661953
3926	11192	0.00661953
434	11193	0.00661654
11192	11193	0.00661654
3575	11194	0.00661455
11193	11194	0.00661455
2465	11195	0.00660899
11194	11195	0.00660899
8928	11196	0.00659931
11195	11196	0.00659931
11196	11197	0.00659456
116	11197	0.00659456
1732	11198	0.00659271
11197	11198	0.00659271
4547	11199	0.00659085
11198	11199	0.00659085
6310	11200	0.00658609
11199	11200	0.00658609
3747	11200	0.00658609
2634	11201	0.00658331
6463	11201	0.00658331
11200	11201	0.00658331
11201	11202	0.00656505
2924	11202	0.00656505
1897	11203	0.00656323
11202	11203	0.00656323
9021	11204	0.00656021
11203	11204	0.00656021
2577	11205	0.00655742
11204	11205	0.00655742
5112	11206	0.00655452
11205	11206	0.00655452
3190	11207	0.00654511
11206	11207	0.00654511
11207	11208	0.00654322
115	11208	0.00654322
4233	11209	0.00652224
11208	11209	0.00652224
10866	11210	0.00651448
11209	11210	0.00651448
11210	11211	0.00650714
342	11211	0.00650714
11211	11212	0.00650501
3248	11212	0.00650501
2412	11213	0.00649842
11212	11213	0.00649842
2059	11214	0.00658236
3231	11214	0.00658236
11213	11215	0.00649341
6283	11215	0.00649341
11215	11216	0.00648028
3676	11216	0.00648028
11216	11217	0.00647452
1514	11217	0.00647452
11217	11218	0.00646309
607	11218	0.00646309
11218	11219	0.00646018
1487	11219	0.00646018
2118	11220	0.00645449
11219	11220	0.00645449
3750	11221	0.00645354
11220	11221	0.00645354
11221	11222	0.00644872
11214	11222	0.00644872
6157	11223	0.00644204
11222	11223	0.00644204
11223	11224	0.00642777
3287	11224	0.00642777
9172	11225	0.0064258
11224	11225	0.0064258
78	11226	0.00641159
11225	11226	0.00641159
11226	11227	0.00640394
834	11227	0.00640394
1670	11228	0.00639913
11227	11228	0.00639913
9146	11229	0.00639731
11228	11229	0.00639731
1998	11230	0.00638778
11229	11230	0.00638778
9183	11231	0.00638085
11230	11231	0.00638085
9119	11232	0.00637537
11231	11232	0.00637537
9189	11233	0.00634378
11232	11233	0.00634378
8940	11234	0.00633229
11233	11234	0.00633229
11234	11235	0.00632963
2724	11235	0.00632963
11235	11236	0.00632472
3077	11236	0.00632472
1073	11237	0.00632102
11236	11237	0.00632102
994	11238	0.00631903
11237	11238	0.00631903
2347	11238	0.00631903
11238	11239	0.00631717
325	11239	0.00631717
11239	11240	0.00630843
6222	11240	0.00630843
11240	11241	0.00630562
2709	11241	0.00630562
6137	11242	0.00629713
11241	11242	0.00629713
11242	11243	0.00629432
1693	11243	0.00629432
4210	11244	0.00629332
11243	11244	0.00629332
5203	11245	0.00628761
11244	11245	0.00628761
2172	11246	0.00628661
11245	11246	0.00628661
3517	11247	0.00628472
11246	11247	0.00628472
5582	11247	0.00628472
1668	11248	0.0062723
11247	11248	0.0062723
2263	11249	0.00626736
11248	11249	0.00626736
8979	11250	0.00626465
11249	11250	0.00626465
11250	11251	0.00625322
1150	11251	0.00625322
936	11252	0.00625127
11251	11252	0.00625127
11252	11253	0.00624745
1204	11253	0.00624745
3869	11254	0.00624179
11253	11254	0.00624179
5539	11255	0.00622464
11254	11255	0.00622464
5363	11256	0.00621797
11255	11256	0.00621797
2492	11257	0.00620552
2021	11257	0.00620552
2736	11258	0.00619812
11256	11258	0.00619812
11258	11259	0.0061969
11150	11259	0.0061969
1497	11259	0.0061969
3233	11259	0.0061969
11257	11259	0.0061969
11259	11260	0.00619411
5847	11260	0.00619411
4042	11261	0.00618552
11260	11261	0.00618552
11152	11262	0.00620177
1622	11262	0.00620177
11261	11263	0.006177
1802	11263	0.006177
11263	11264	0.00617406
10840	11264	0.00617406
11262	11264	0.00617406
11264	11265	0.0061712
2092	11265	0.0061712
11265	11266	0.00616646
10834	11266	0.00616646
10865	11267	0.00616067
6069	11267	0.00616067
11266	11267	0.00616067
11267	11268	0.00612736
3655	11268	0.00612736
11268	11269	0.00611879
6317	11269	0.00611879
11269	11270	0.00610352
446	11270	0.00610352
5748	11271	0.00610153
11270	11271	0.00610153
5572	11272	0.0060825
11271	11272	0.0060825
11272	11273	0.00607868
1994	11273	0.00607868
5934	11273	0.00607868
6243	11274	0.00607682
11273	11274	0.00607682
5778	11275	0.00607493
11274	11275	0.00607493
3275	11276	0.00607104
11275	11276	0.00607104
2774	11277	0.00607005
11276	11277	0.00607005
11277	11278	0.00606534
3428	11278	0.00606534
9015	11279	0.00605587
11278	11279	0.00605587
4387	11280	0.00604633
11279	11280	0.00604633
11280	11281	0.00603202
2819	11281	0.00603202
1450	11282	0.00602529
11281	11282	0.00602529
2770	11283	0.00600715
11282	11283	0.00600715
11283	11284	0.0060006
2925	11284	0.0060006
11284	11285	0.00599858
11151	11285	0.00599858
2307	11286	0.0059938
5239	11286	0.0059938
11285	11286	0.0059938
11286	11287	0.00599279
8998	11287	0.00599279
11287	11288	0.00598237
1519	11288	0.00598237
2405	11289	0.00597479
11288	11289	0.00597479
11289	11290	0.00597189
4672	11290	0.00597189
4857	11291	0.00594022
11290	11291	0.00594022
397	11292	0.00591176
11291	11292	0.00591176
5878	11293	0.00590418
11292	11293	0.00590418
5786	11294	0.00590229
11293	11294	0.00590229
11294	11295	0.00589556
1252	11295	0.00589556
4005	11296	0.00589086
11295	11296	0.00589086
1254	11297	0.00587274
11296	11297	0.00587274
9140	11298	0.00586811
11297	11298	0.00586811
11298	11299	0.00586606
2542	11299	0.00586606
6037	11300	0.00586416
11299	11300	0.00586416
4787	11301	0.00586035
11300	11301	0.00586035
663	11301	0.00586035
5434	11302	0.00585461
11301	11302	0.00585461
11302	11303	0.00584218
989	11303	0.00584218
6460	11304	0.0058393
11303	11304	0.0058393
11304	11305	0.00582316
2785	11305	0.00582316
11305	11306	0.00580311
2480	11306	0.00580311
9123	11307	0.00578416
11306	11307	0.00578416
350	11308	0.00578304
11307	11308	0.00578304
11308	11309	0.00577353
1232	11309	0.00577353
2078	11310	0.00577167
11309	11310	0.00577167
11310	11311	0.0057698
5122	11311	0.0057698
11311	11312	0.00576876
4406	11312	0.00576876
5540	11313	0.00575829
11312	11313	0.00575829
4367	11314	0.0057545
11313	11314	0.0057545
11314	11315	0.00574112
1675	11315	0.00574112
11315	11316	0.00572868
956	11316	0.00572868
11316	11317	0.00572487
658	11317	0.00572487
11317	11318	0.00571823
2618	11318	0.00571823
1971	11319	0.00571734
11318	11319	0.00571734
2832	11320	0.00633056
270	11320	0.00633056
11320	11321	0.00585173
2764	11321	0.00585173
10837	11322	0.00818324
4523	11322	0.00818324
4064	11323	0.00662797
10843	11323	0.00662797
6271	11324	0.00702001
6316	11324	0.00702001
4439	11325	0.00476167
2561	11325	0.00476167
244	11326	0.00568488
11319	11326	0.00568488
11326	11327	0.00568393
4495	11327	0.00568393
8941	11328	0.00567728
11327	11328	0.00567728
11328	11329	0.00566957
3629	11329	0.00566957
11329	11330	0.00566868
2119	11330	0.00566868
9173	11331	0.00566188
27	11331	0.00566188
11330	11331	0.00566188
3807	11332	0.00565914
11331	11332	0.00565914
4639	11332	0.00565914
1241	11333	0.00565046
11332	11333	0.00565046
47	11334	0.00564857
11333	11334	0.00564857
4458	11335	0.00564575
11334	11335	0.00564575
6315	11336	0.0056429
5757	11336	0.0056429
11335	11336	0.0056429
5886	11337	0.00564104
11336	11337	0.00564104
4524	11338	0.00563713
11337	11338	0.00563713
11338	11339	0.00563238
1407	11339	0.00563238
5822	11339	0.00563238
2623	11340	0.0056306
11339	11340	0.0056306
3163	11341	0.00562955
11340	11341	0.00562955
10857	11342	0.0056267
11341	11342	0.0056267
11342	11343	0.00562186
5089	11343	0.00562186
4504	11344	0.00561526
11343	11344	0.00561526
866	11345	0.00561329
11344	11345	0.00561329
11345	11346	0.00561238
3133	11346	0.00561238
4292	11347	0.00560762
11346	11347	0.00560762
3995	11348	0.00559999
11347	11348	0.00559999
245	11349	0.00559904
11348	11349	0.00559904
2872	11350	0.00559703
11349	11350	0.00559703
11350	11351	0.00558667
2792	11351	0.00558667
10863	11352	0.00558567
11351	11352	0.00558567
11352	11353	0.00557229
5684	11353	0.00557229
3083	11354	0.00556659
11353	11354	0.00556659
4286	11355	0.00556466
11354	11355	0.00556466
11355	11356	0.00555499
3341	11356	0.00555499
3494	11357	0.0055523
11356	11357	0.0055523
1900	11358	0.00554656
4953	11358	0.00554656
11357	11358	0.00554656
9151	11359	0.00554462
11358	11359	0.00554462
21	11360	0.00554091
11359	11360	0.00554091
11360	11361	0.00553797
4732	11361	0.00553797
3767	11362	0.00553417
11361	11362	0.00553417
10858	11363	0.00553324
11362	11363	0.00553324
9058	11364	0.00552848
11363	11364	0.00552848
11364	11365	0.00551793
6002	11365	0.00551793
4977	11366	0.00551039
9103	11366	0.00551039
11365	11366	0.00551039
11366	11367	0.0055075
317	11367	0.0055075
11367	11368	0.0055065
3885	11368	0.0055065
6360	11369	0.00550362
11368	11369	0.00550362
4683	11370	0.00550172
11369	11370	0.00550172
2904	11371	0.00550057
11370	11371	0.00550057
4546	11372	0.00549411
5390	11372	0.00549411
11371	11372	0.00549411
11372	11373	0.00548567
2569	11373	0.00548567
11373	11374	0.00547792
2004	11374	0.00547792
3971	11374	0.00547792
5762	11374	0.00547792
6067	11374	0.00547792
2716	11374	0.00547792
1435	11374	0.00547792
4369	11375	0.00547693
11374	11375	0.00547693
11375	11376	0.00547506
4474	11376	0.00547506
11376	11377	0.00547225
2159	11377	0.00547225
11377	11378	0.00545695
3165	11378	0.00545695
5959	11379	0.00544361
11378	11379	0.00544361
2449	11380	0.00543876
11379	11380	0.00543876
1142	11381	0.00543507
11380	11381	0.00543507
11381	11382	0.00543406
960	11382	0.00543406
5386	11383	0.00542735
11382	11383	0.00542735
11383	11384	0.00542642
301	11384	0.00542642
1920	11385	0.00542166
5118	11385	0.00542166
11384	11385	0.00542166
11385	11386	0.00541885
6072	11386	0.00541885
11386	11387	0.00541203
4526	11387	0.00541203
8842	11388	0.00541037
11387	11388	0.00541037
3940	11389	0.00540635
11388	11389	0.00540635
2701	11390	0.00540071
11389	11390	0.00540071
5135	11391	0.00539204
11390	11391	0.00539204
1760	11392	0.00539007
11391	11392	0.00539007
8900	11393	0.00538259
11392	11393	0.00538259
11393	11394	0.00537684
3084	11394	0.00537684
280	11395	0.00537492
11394	11395	0.00537492
6240	11396	0.00537404
11395	11396	0.00537404
9057	11397	0.00535684
11396	11397	0.00535684
5958	11398	0.00535296
11397	11398	0.00535296
4065	11399	0.00534343
11398	11399	0.00534343
11399	11400	0.00533198
3249	11400	0.00533198
11400	11401	0.00532627
11324	11401	0.00532627
9175	11402	0.00531669
4555	11402	0.00531669
11401	11402	0.00531669
1120	11403	0.0052996
11402	11403	0.0052996
11403	11404	0.00529288
2706	11404	0.00529288
819	11404	0.00529288
11404	11405	0.00528142
3247	11405	0.00528142
11405	11406	0.00528049
5624	11406	0.00528049
6205	11407	0.00527953
11406	11407	0.00527953
6369	11408	0.00527479
4378	11408	0.00527479
11407	11408	0.00527479
11408	11409	0.00526334
3396	11409	0.00526334
11321	11409	0.00526334
781	11410	0.00525953
11409	11410	0.00525953
701	11411	0.00525287
11410	11411	0.00525287
11411	11412	0.00525
1902	11412	0.00525
3295	11413	0.00524144
11412	11413	0.00524144
4104	11414	0.00523663
11413	11414	0.00523663
4913	11415	0.0052309
11414	11415	0.0052309
9136	11416	0.0052233
11415	11416	0.0052233
11416	11417	0.00521942
11323	11417	0.00521942
826	11418	0.00521373
11417	11418	0.00521373
2708	11419	0.00520992
11418	11419	0.00520992
4772	11420	0.00520899
11419	11420	0.00520899
11420	11421	0.00520414
272	11421	0.00520414
60	11422	0.00519658
11421	11422	0.00519658
11422	11423	0.00518898
4625	11423	0.00518898
11423	11424	0.00516893
2855	11424	0.00516893
11424	11425	0.00516795
911	11425	0.00516795
933	11426	0.00516224
11425	11426	0.00516224
11426	11427	0.0051575
3757	11427	0.0051575
11427	11428	0.00515666
789	11428	0.00515666
4436	11429	0.00515554
11428	11429	0.00515554
4929	11429	0.00515554
9072	11430	0.00514309
11429	11430	0.00514309
6179	11431	0.00513936
11430	11431	0.00513936
11431	11432	0.00512507
5315	11432	0.00512507
4114	11433	0.00512302
11432	11433	0.00512302
11322	11434	0.00550057
1369	11434	0.00550057
11433	11435	0.0051222
6278	11435	0.0051222
1568	11436	0.00511935
11435	11436	0.00511935
11436	11437	0.00511648
5834	11437	0.00511648
6474	11438	0.00510883
8829	11438	0.00510883
11437	11438	0.00510883
11438	11439	0.00510311
2036	11439	0.00510311
8753	11440	0.00509468
11439	11440	0.00509468
3489	11441	0.00507832
11440	11441	0.00507832
425	11441	0.00507832
10860	11442	0.00506314
11441	11442	0.00506314
11442	11443	0.0050621
2216	11443	0.0050621
3519	11444	0.00505639
11443	11444	0.00505639
4860	11445	0.00505259
11444	11445	0.00505259
8965	11446	0.0050459
11445	11446	0.0050459
6106	11447	0.00504019
11446	11447	0.00504019
11447	11448	0.00503637
2052	11448	0.00503637
9063	11449	0.00503063
11448	11449	0.00503063
11449	11450	0.00501724
2126	11450	0.00501724
4701	11451	0.00500581
11450	11451	0.00500581
4583	11452	0.00498863
11451	11452	0.00498863
4296	11453	0.00498588
11452	11453	0.00498588
11453	11454	0.00497439
3129	11454	0.00497439
11434	11454	0.00497439
11454	11455	0.00497242
5288	11455	0.00497242
11455	11456	0.00497148
5475	11456	0.00497148
11456	11457	0.00496769
4585	11457	0.00496769
8689	11458	0.00495523
11457	11458	0.00495523
11458	11459	0.00494862
6301	11459	0.00494862
11459	11460	0.0049429
1719	11460	0.0049429
5807	11461	0.00493715
11460	11461	0.00493715
11461	11462	0.00493438
597	11462	0.00493438
2144	11463	0.00493243
11462	11463	0.00493243
5960	11464	0.00492472
11463	11464	0.00492472
373	11465	0.00492378
11464	11465	0.00492378
11465	11466	0.00492291
1303	11466	0.00492291
5823	11467	0.00491051
11466	11467	0.00491051
11467	11468	0.00490856
1222	11468	0.00490856
871	11469	0.00489432
11468	11469	0.00489432
11469	11470	0.00488472
402	11470	0.00488472
251	11471	0.00488091
11470	11471	0.00488091
2614	11472	0.00487608
11471	11472	0.00487608
3923	11473	0.00487517
11472	11473	0.00487517
1708	11474	0.00486848
11473	11474	0.00486848
11474	11475	0.00486661
5769	11475	0.00486661
6191	11476	0.00485803
11475	11476	0.00485803
11476	11477	0.00485705
5674	11477	0.00485705
4144	11478	0.00484555
11477	11478	0.00484555
11478	11479	0.0048389
5583	11479	0.0048389
11479	11480	0.00483136
1031	11480	0.00483136
53	11481	0.00481701
11480	11481	0.00481701
11481	11482	0.00481412
5381	11482	0.00481412
2782	11483	0.00480652
11482	11483	0.00480652
11483	11484	0.00479985
4310	11484	0.00479985
11484	11485	0.00477409
5177	11485	0.00477409
2241	11486	0.00476932
11485	11486	0.00476932
5833	11487	0.00476834
11486	11487	0.00476834
3765	11488	0.0047665
11487	11488	0.0047665
2729	11489	0.00476449
11488	11489	0.00476449
11489	11490	0.00476264
1376	11490	0.00476264
6026	11491	0.004755
11490	11491	0.004755
3379	11492	0.00474739
11491	11492	0.00474739
4921	11493	0.00474454
11492	11493	0.00474454
11493	11494	0.00474379
2010	11494	0.00474379
11494	11495	0.00472642
1615	11495	0.00472642
1041	11496	0.00471878
11495	11496	0.00471878
11496	11497	0.00471401
1174	11497	0.00471401
6230	11497	0.00471401
4068	11498	0.00469874
11497	11498	0.00469874
11498	11499	0.0046949
4390	11499	0.0046949
1796	11500	0.00467778
11499	11500	0.00467778
11500	11501	0.00467202
2630	11501	0.00467202
5880	11502	0.0046587
11501	11502	0.0046587
8919	11503	0.00465487
3706	11503	0.00465487
11502	11503	0.00465487
11503	11504	0.00465203
5599	11504	0.00465203
3051	11505	0.0046482
11504	11505	0.0046482
3534	11506	0.00464346
11505	11506	0.00464346
137	11507	0.00460816
11506	11507	0.00460816
5883	11508	0.00459861
11507	11508	0.00459861
11508	11509	0.0045948
1207	11509	0.0045948
11509	11510	0.00458911
556	11510	0.00458911
11510	11511	0.00457769
4054	11511	0.00457769
4928	11512	0.00457478
11511	11512	0.00457478
8897	11513	0.00457291
11512	11513	0.00457291
1720	11513	0.00457291
1937	11514	0.00456145
11513	11514	0.00456145
3136	11515	0.00456047
5377	11515	0.00456047
11514	11516	0.00454902
4519	11516	0.00454902
11515	11516	0.00454902
11516	11517	0.00454812
2496	11517	0.00454812
4930	11518	0.00453851
11517	11518	0.00453851
1711	11519	0.00527284
3859	11519	0.00527284
6044	11520	0.00475792
2130	11520	0.00475792
2028	11521	0.00411885
831	11521	0.00411885
11518	11522	0.00451949
4171	11522	0.00451949
11522	11523	0.00449276
11519	11523	0.00449276
11523	11524	0.00448607
5596	11524	0.00448607
11524	11525	0.00448418
3576	11525	0.00448418
11525	11526	0.00447559
6092	11526	0.00447559
11526	11527	0.00447274
216	11527	0.00447274
4896	11528	0.00447182
11527	11528	0.00447182
1451	11529	0.00446229
11528	11529	0.00446229
11529	11530	0.00446126
3211	11530	0.00446126
2424	11531	0.0044594
11530	11531	0.0044594
392	11532	0.00445461
11531	11532	0.00445461
11532	11533	0.00444222
3954	11533	0.00444222
6246	11534	0.00443071
11533	11534	0.00443071
1648	11534	0.00443071
10856	11535	0.00442885
11534	11535	0.00442885
5278	11536	0.00441929
5864	11536	0.00441929
5966	11536	0.00441929
11535	11536	0.00441929
6030	11537	0.00441834
11536	11537	0.00441834
11537	11538	0.00441549
809	11538	0.00441549
2892	11539	0.00441268
11538	11539	0.00441268
5253	11540	0.00440696
3017	11540	0.00440696
11539	11540	0.00440696
10862	11541	0.00440595
11540	11541	0.00440595
1097	11542	0.00440127
11541	11542	0.00440127
11542	11543	0.00438501
1322	11543	0.00438501
1078	11544	0.00438024
11543	11544	0.00438024
4101	11545	0.00437734
11544	11545	0.00437734
11545	11546	0.00437549
824	11546	0.00437549
635	11547	0.00437451
11546	11547	0.00437451
11547	11548	0.00436686
3785	11548	0.00436686
11548	11549	0.00435358
2349	11549	0.00435358
11549	11550	0.00434299
1314	11550	0.00434299
1793	11551	0.00432492
11550	11551	0.00432492
1982	11552	0.00432299
11551	11552	0.00432299
6440	11553	0.0043078
11552	11553	0.0043078
4790	11554	0.00430291
11553	11554	0.00430291
725	11554	0.00430291
11554	11555	0.00429533
3617	11555	0.00429533
3415	11556	0.00427533
1416	11556	0.00427533
1979	11556	0.00427533
11555	11556	0.00427533
1012	11557	0.0042734
11556	11557	0.0042734
2711	11558	0.00426578
2279	11558	0.00426578
11557	11558	0.00426578
3193	11559	0.00426389
11558	11559	0.00426389
1854	11560	0.00425907
11559	11560	0.00425907
5480	11561	0.00425723
5146	11561	0.00425723
11560	11561	0.00425723
8697	11562	0.00425244
11561	11562	0.00425244
11562	11563	0.00424097
688	11563	0.00424097
160	11564	0.00422765
11563	11564	0.00422765
3158	11565	0.00421809
11564	11565	0.00421809
11565	11566	0.00421617
5636	11566	0.00421617
11566	11567	0.00420094
1792	11567	0.00420094
4612	11568	0.00419806
11567	11568	0.00419806
11568	11569	0.00418759
3053	11569	0.00418759
4327	11570	0.00418377
11569	11570	0.00418377
3309	11571	0.00417806
11570	11571	0.00417806
4761	11572	0.00417705
11571	11572	0.00417705
6186	11573	0.00416659
11572	11573	0.00416659
5191	11574	0.00416087
11573	11574	0.00416087
5613	11575	0.00415418
5567	11575	0.00415418
11574	11575	0.00415418
794	11576	0.00414655
11575	11576	0.00414655
3204	11576	0.00414655
3783	11577	0.00414472
11576	11577	0.00414472
11577	11578	0.0041418
2023	11578	0.0041418
6305	11579	0.00413518
11578	11579	0.00413518
4629	11580	0.00411513
11579	11580	0.00411513
3455	11581	0.00410652
11580	11581	0.00410652
5799	11582	0.00410168
11581	11582	0.00410168
11582	11583	0.00409986
1177	11583	0.00409986
760	11584	0.00409889
11583	11584	0.00409889
5689	11585	0.00409605
11584	11585	0.00409605
4000	11585	0.00409605
8811	11586	0.00409409
11585	11586	0.00409409
2883	11587	0.00409128
11586	11587	0.00409128
2858	11588	0.00408746
11587	11588	0.00408746
3729	11589	0.00408268
1853	11589	0.00408268
2276	11589	0.00408268
2287	11589	0.00408268
2301	11589	0.00408268
2360	11589	0.00408268
3104	11589	0.00408268
3153	11589	0.00408268
3202	11589	0.00408268
3766	11589	0.00408268
4254	11589	0.00408268
4619	11589	0.00408268
4684	11589	0.00408268
4840	11589	0.00408268
4869	11589	0.00408268
4951	11589	0.00408268
4954	11589	0.00408268
4968	11589	0.00408268
4980	11589	0.00408268
5017	11589	0.00408268
5117	11589	0.00408268
5206	11589	0.00408268
5290	11589	0.00408268
5326	11589	0.00408268
5351	11589	0.00408268
5365	11589	0.00408268
5393	11589	0.00408268
5468	11589	0.00408268
5478	11589	0.00408268
5535	11589	0.00408268
5549	11589	0.00408268
5561	11589	0.00408268
5566	11589	0.00408268
5598	11589	0.00408268
5610	11589	0.00408268
5611	11589	0.00408268
5616	11589	0.00408268
5617	11589	0.00408268
5635	11589	0.00408268
5680	11589	0.00408268
5701	11589	0.00408268
5710	11589	0.00408268
5714	11589	0.00408268
5717	11589	0.00408268
5839	11589	0.00408268
5843	11589	0.00408268
5972	11589	0.00408268
5974	11589	0.00408268
6059	11589	0.00408268
6150	11589	0.00408268
6187	11589	0.00408268
6192	11589	0.00408268
6197	11589	0.00408268
11588	11589	0.00408268
1903	11590	0.00407309
11589	11590	0.00407309
11590	11591	0.00406648
2934	11591	0.00406648
5675	11592	0.00405981
11591	11592	0.00405981
3448	11593	0.00405026
11592	11593	0.00405026
9000	11594	0.00404831
11593	11594	0.00404831
6458	11595	0.00403118
11594	11595	0.00403118
11325	11596	0.00402262
5874	11596	0.00402262
11595	11596	0.00402262
2911	11596	0.00402262
4505	11597	0.00400734
1492	11597	0.00400734
11596	11597	0.00400734
4839	11598	0.00398922
9137	11598	0.00398922
11597	11598	0.00398922
9144	11599	0.00398642
11598	11599	0.00398642
11599	11600	0.00398161
1441	11600	0.00398161
4676	11601	0.00397968
11600	11601	0.00397968
3487	11602	0.00396354
11601	11602	0.00396354
11602	11603	0.00396159
4041	11603	0.00396159
11603	11604	0.00395966
1618	11604	0.00395966
4593	11605	0.0039568
11604	11605	0.0039568
330	11606	0.00395489
1119	11606	0.00395489
11605	11606	0.00395489
8876	11607	0.00395393
11606	11607	0.00395393
5909	11608	0.00395013
11607	11608	0.00395013
2294	11609	0.00394631
11608	11609	0.00394631
4965	11610	0.00393674
11609	11610	0.00393674
261	11611	0.00392725
11610	11611	0.00392725
878	11612	0.00391005
11611	11612	0.00391005
2841	11613	0.00390043
2446	11613	0.00390043
11612	11613	0.00390043
6095	11614	0.00389868
11613	11614	0.00389868
11614	11615	0.00388625
4939	11615	0.00388625
11615	11616	0.00388337
2874	11616	0.00388337
4990	11617	0.00387671
11616	11617	0.00387671
1705	11618	0.00387094
11617	11618	0.00387094
3932	11619	0.00387004
11618	11619	0.00387004
2227	11619	0.00387004
9192	11620	0.00386809
11619	11620	0.00386809
11620	11621	0.00386716
1358	11621	0.00386716
10861	11622	0.00386621
11621	11622	0.00386621
3079	11623	0.00386149
11622	11623	0.00386149
11521	11624	0.00385954
11623	11624	0.00385954
3043	11625	0.00382613
11624	11625	0.00382613
11625	11626	0.0038252
2387	11626	0.0038252
4682	11627	0.0037918
11626	11627	0.0037918
9017	11628	0.00378989
11627	11628	0.00378989
4398	11629	0.00378323
11628	11629	0.00378323
11629	11630	0.00377464
132	11630	0.00377464
9159	11631	0.00377177
11630	11631	0.00377177
138	11632	0.00375661
11631	11632	0.00375661
2621	11633	0.00374795
4538	11633	0.00374795
11632	11633	0.00374795
11633	11634	0.00373938
11520	11634	0.00373938
1911	11635	0.00373265
11634	11635	0.00373265
808	11636	0.00372796
11635	11636	0.00372796
10864	11637	0.00372317
11636	11637	0.00372317
2108	11638	0.00371931
11637	11638	0.00371931
6219	11639	0.00371266
11638	11639	0.00371266
11639	11640	0.0037031
5915	11640	0.0037031
3556	11641	0.0036955
11640	11641	0.0036955
11641	11642	0.00368881
9019	11642	0.00368881
5168	11643	0.00487902
4858	11643	0.00487902
5090	11644	0.00228977
6214	11644	0.00228977
5881	11645	0.00169564
63	11645	0.00169564
1402	11646	0.00226975
1098	11646	0.00226975
3192	11647	0.00117588
4304	11647	0.00117588
3167	11648	0.00314808
604	11648	0.00314808
326	11649	0.00139618
10854	11649	0.00139618
5285	11650	0.00144959
9022	11650	0.00144959
4165	11651	0.00293158
4984	11651	0.00293158
6111	11652	0.0024395
394	11652	0.0024395
3966	11653	0.00323296
5036	11653	0.00323296
2833	11654	0.00294113
470	11654	0.00294113
6366	11655	0.00346281
2657	11655	0.00346281
9134	11656	0.00368402
11642	11656	0.00368402
1164	11657	0.00368115
11656	11657	0.00368115
11657	11658	0.00368023
4044	11658	0.00368023
3959	11659	0.0036745
11658	11659	0.0036745
1229	11660	0.00367165
11659	11660	0.00367165
1773	11661	0.00365925
11660	11661	0.00365925
2857	11662	0.00365736
11661	11662	0.00365736
6181	11663	0.00365447
11662	11663	0.00365447
2378	11664	0.00365255
11663	11664	0.00365255
2870	11665	0.00364683
11664	11665	0.00364683
4102	11666	0.00363541
11665	11666	0.00363541
11666	11667	0.0036192
5143	11667	0.0036192
111	11668	0.00361633
11667	11668	0.00361633
2789	11669	0.00359917
11668	11669	0.00359917
505	11670	0.00359632
11669	11670	0.00359632
10846	11671	0.00358771
11670	11671	0.00358771
1365	11671	0.00358771
6096	11672	0.00357248
11671	11672	0.00357248
5333	11673	0.00356963
11672	11673	0.00356963
11673	11674	0.0035553
10844	11674	0.0035553
6163	11674	0.0035553
4410	11675	0.00353524
11674	11675	0.00353524
6093	11676	0.00353339
11675	11676	0.00353339
4950	11677	0.00353144
11676	11677	0.00353144
2945	11678	0.00352865
11677	11678	0.00352865
5067	11679	0.00352096
5095	11679	0.00352096
11678	11679	0.00352096
4113	11680	0.0035181
11679	11680	0.0035181
11680	11681	0.00350666
2462	11681	0.00350666
11681	11682	0.00347807
720	11682	0.00347807
11682	11683	0.00346281
5138	11683	0.00346281
2567	11684	0.00345611
11683	11684	0.00345611
4309	11685	0.00345419
5896	11685	0.00345419
11684	11685	0.00345419
5957	11686	0.00345134
11685	11686	0.00345134
2363	11686	0.00345134
11686	11687	0.00344559
1211	11687	0.00344559
11687	11688	0.00342559
1179	11688	0.00342559
4923	11689	0.0034189
11688	11689	0.0034189
11689	11690	0.00341034
2822	11690	0.00341034
9048	11691	0.00340938
11690	11691	0.00340938
6237	11691	0.00340938
11691	11692	0.00340271
1623	11692	0.00340271
621	11693	0.00339604
11692	11693	0.00339604
2246	11694	0.00336839
2550	11694	0.00336839
11693	11694	0.00336839
1013	11695	0.00336648
11694	11695	0.00336648
5059	11696	0.00336267
11695	11696	0.00336267
4071	11697	0.0033617
11696	11697	0.0033617
11697	11698	0.00335596
4569	11698	0.00335596
5301	11699	0.00335502
11698	11699	0.00335502
2038	11700	0.00335215
11699	11700	0.00335215
2603	11701	0.0033493
3238	11701	0.0033493
11700	11701	0.0033493
11701	11702	0.00333975
161	11702	0.00333975
5938	11702	0.00333975
4444	11703	0.00333785
11702	11703	0.00333785
455	11704	0.00333402
11703	11704	0.00333402
3087	11705	0.0033331
11704	11705	0.0033331
1949	11706	0.0033245
11705	11706	0.0033245
4260	11707	0.00332164
11706	11707	0.00332164
3355	11708	0.00331307
11707	11708	0.00331307
1395	11709	0.00330067
11708	11709	0.00330067
11709	11710	0.0032997
4156	11710	0.0032997
250	11711	0.00327774
11710	11711	0.00327774
1091	11712	0.0032559
2953	11712	0.0032559
5134	11712	0.0032559
11711	11712	0.0032559
4169	11713	0.00323296
11712	11713	0.00323296
1033	11714	0.0032263
11713	11714	0.0032263
796	11715	0.00322438
11714	11715	0.00322438
4811	11716	0.00322343
11715	11716	0.00322343
6298	11716	0.00322343
11716	11717	0.00322057
4302	11717	0.00322057
2808	11718	0.0032158
11717	11718	0.0032158
5435	11719	0.003212
11718	11719	0.003212
2171	11720	0.0032072
11719	11720	0.0032072
3306	11721	0.00320337
3694	11721	0.00320337
11720	11721	0.00320337
2244	11722	0.00320054
11721	11722	0.00320054
600	11723	0.00318716
11722	11723	0.00318716
3691	11724	0.00316143
11723	11724	0.00316143
5445	11725	0.00315857
11724	11725	0.00315857
203	11726	0.00315284
11725	11726	0.00315284
6300	11727	0.00314808
11726	11727	0.00314808
11727	11728	0.00314526
4079	11728	0.00314526
5372	11729	0.0031347
11728	11729	0.0031347
11729	11730	0.00312426
11643	11730	0.00312426
183	11731	0.00311755
5698	11731	0.00311755
11730	11731	0.00311755
3730	11732	0.0030718
11731	11732	0.0030718
11732	11733	0.00306702
2151	11733	0.00306702
11733	11734	0.00305363
2062	11734	0.00305363
3260	11735	0.00304698
11734	11735	0.00304698
6287	11736	0.00303936
11735	11736	0.00303936
4969	11737	0.00303364
11736	11737	0.00303364
1319	11738	0.00301648
11737	11738	0.00301648
2530	11739	0.00301459
11738	11739	0.00301459
5677	11740	0.00300788
11739	11740	0.00300788
3925	11741	0.00300598
11740	11741	0.00300598
2666	11742	0.00300315
11741	11742	0.00300315
4463	11743	0.00299454
11742	11743	0.00299454
2439	11744	0.00299168
11743	11744	0.00299168
5471	11745	0.00299074
11744	11745	0.00299074
3722	11746	0.00297832
11745	11746	0.00297832
8980	11747	0.00297545
11746	11747	0.00297545
4058	11748	0.00295163
11747	11748	0.00295163
6167	11749	0.00293825
11748	11749	0.00293825
1165	11750	0.00293446
5349	11750	0.00293446
11749	11750	0.00293446
1656	11751	0.00291634
11750	11751	0.00291634
6254	11752	0.00290775
11751	11752	0.00290775
2949	11753	0.00288391
11752	11753	0.00288391
739	11754	0.00287815
11753	11754	0.00287815
2549	11755	0.00285056
11754	11755	0.00285056
591	11756	0.00282097
11755	11756	0.00282097
11756	11757	0.00280763
5298	11757	0.00280763
1281	11758	0.00279998
11757	11758	0.00279998
5505	11759	0.00279711
11758	11759	0.00279711
11759	11760	0.00278948
5071	11760	0.00278948
9156	11761	0.00278855
11760	11761	0.00278855
8999	11762	0.00277425
11761	11762	0.00277425
6323	11763	0.00276277
11762	11763	0.00276277
5192	11764	0.00275898
11763	11764	0.00275898
3242	11765	0.00275707
11764	11765	0.00275707
5875	11766	0.00275231
11765	11766	0.00275231
3384	11767	0.00274944
11766	11767	0.00274944
1141	11768	0.00273229
11767	11768	0.00273229
602	11769	0.0027294
11768	11769	0.0027294
6108	11770	0.00272465
11769	11770	0.00272465
10847	11771	0.0027151
11770	11771	0.0027151
3623	11772	0.00271033
11771	11772	0.00271033
9034	11773	0.00270178
11772	11773	0.00270178
11773	11774	0.00269793
2923	11774	0.00269793
11774	11775	0.00269699
2939	11775	0.00269699
11775	11776	0.00269509
3301	11776	0.00269509
2921	11776	0.00269509
2445	11777	0.00268458
11776	11777	0.00268458
4154	11778	0.00268362
11777	11778	0.00268362
5293	11779	0.0026779
11778	11779	0.0026779
2042	11780	0.00267603
3980	11780	0.00267603
11779	11780	0.00267603
11780	11781	0.0026722
1427	11781	0.0026722
1373	11782	0.00266742
11781	11782	0.00266742
10852	11783	0.00266552
11782	11783	0.00266552
3688	11784	0.00265789
11783	11784	0.00265789
5980	11785	0.00265217
11784	11785	0.00265217
11654	11786	0.00264738
11785	11786	0.00264738
2357	11787	0.00264355
11786	11787	0.00264355
5037	11788	0.00262165
11787	11788	0.00262165
2248	11789	0.00261688
3026	11789	0.00261688
11788	11789	0.00261688
5895	11790	0.00261212
11789	11790	0.00261212
5978	11791	0.00260065
11790	11791	0.00260065
4481	11792	0.00259875
11791	11792	0.00259875
11792	11793	0.00259399
799	11793	0.00259399
11793	11794	0.00258545
117	11794	0.00258545
3471	11795	0.00258255
11794	11795	0.00258255
11795	11796	0.00257681
2676	11796	0.00257681
5080	11797	0.00255681
11796	11797	0.00255681
1273	11798	0.00255492
11797	11798	0.00255492
2220	11799	0.00253486
11798	11799	0.00253486
5305	11800	0.00253391
5796	11800	0.00253391
11799	11800	0.00253391
4874	11801	0.00253297
11800	11801	0.00253297
11801	11802	0.00252151
3705	11802	0.00252151
1443	11803	0.00249386
11802	11803	0.00249386
6009	11804	0.00249003
3893	11804	0.00249003
11803	11804	0.00249003
2314	11805	0.00248432
11804	11805	0.00248432
3558	11806	0.00246335
11805	11806	0.00246335
11806	11807	0.00244141
3336	11807	0.00244141
1671	11808	0.00241947
11807	11808	0.00241947
6345	11809	0.00241662
3090	11809	0.00241662
5672	11809	0.00241662
11808	11809	0.00241662
1015	11810	0.00241184
11809	11810	0.00241184
4864	11811	0.00239943
11810	11811	0.00239943
6233	11812	0.00239278
11811	11812	0.00239278
312	11813	0.00238609
11812	11813	0.00238609
5214	11814	0.00238037
11813	11814	0.00238037
4911	11815	0.00237084
11814	11815	0.00237084
11815	11816	0.00236322
8934	11816	0.00236322
4237	11817	0.00235749
11816	11817	0.00235749
1490	11818	0.00235367
11817	11818	0.00235367
6155	11819	0.00235272
11818	11819	0.00235272
1756	11820	0.0023489
11819	11820	0.0023489
1242	11821	0.00234508
11820	11821	0.00234508
10851	11822	0.00234222
11821	11822	0.00234222
3887	11823	0.00234128
11822	11823	0.00234128
11823	11824	0.00232316
4938	11824	0.00232316
5735	11825	0.00230407
11824	11825	0.00230407
2185	11826	0.00230309
9036	11826	0.00230309
11825	11826	0.00230309
3816	11827	0.00230123
10855	11827	0.00230123
11826	11827	0.00230123
2936	11828	0.00229168
11827	11828	0.00229168
3759	11829	0.00226498
11828	11829	0.00226498
11829	11830	0.00224304
3877	11830	0.00224304
3827	11831	0.00223446
11830	11831	0.00223446
5697	11832	0.00222683
11831	11832	0.00222683
9107	11833	0.00221252
11832	11833	0.00221252
2514	11834	0.00220587
11833	11834	0.00220587
9163	11835	0.00220203
11834	11835	0.00220203
2291	11836	0.00218965
11835	11836	0.00218965
11836	11837	0.00218866
2950	11837	0.00218866
2961	11838	0.00218773
11837	11838	0.00218773
9122	11839	0.0021725
11838	11839	0.0021725
4340	11840	0.00216197
11839	11840	0.00216197
9074	11841	0.00215341
11840	11841	0.00215341
4354	11842	0.00215149
11841	11842	0.00215149
5144	11843	0.00214672
11842	11843	0.00214672
11655	11844	0.00214386
11843	11844	0.00214386
4383	11845	0.00214006
11844	11845	0.00214006
2576	11846	0.00213813
11845	11846	0.00213813
5042	11847	0.00213335
11846	11847	0.00213335
20	11848	0.00213242
11847	11848	0.00213242
6138	11849	0.0021305
11848	11849	0.0021305
5536	11850	0.00202561
5580	11850	0.00202561
1843	11851	0.00212288
11849	11851	0.00212288
4945	11852	0.00211812
11851	11852	0.00211812
3354	11853	0.0021162
11852	11853	0.0021162
5808	11854	0.00211143
11853	11854	0.00211143
3915	11855	0.00210951
1555	11855	0.00210951
11854	11855	0.00210951
3437	11856	0.00210762
11855	11856	0.00210762
381	11857	0.0021019
11856	11857	0.0021019
4184	11858	0.00210095
11857	11858	0.00210095
11858	11859	0.00209044
9143	11859	0.00209044
4141	11860	0.00208282
11859	11860	0.00208282
6082	11861	0.00207997
11860	11861	0.00207997
2704	11862	0.00207902
3660	11862	0.00207902
11861	11862	0.00207902
4368	11863	0.00205803
11862	11863	0.00205803
4694	11864	0.00205709
11863	11864	0.00205709
3574	11865	0.00205232
11864	11865	0.00205232
5885	11866	0.00205039
11865	11866	0.00205039
3329	11867	0.00203801
11866	11867	0.00203801
5246	11868	0.00203515
11867	11868	0.00203515
5764	11869	0.00203324
11868	11869	0.00203324
6425	11870	0.00201132
11869	11870	0.00201132
5033	11871	0.00200844
11870	11871	0.00200844
3695	11872	0.00200177
385	11872	0.00200177
11871	11872	0.00200177
2700	11873	0.00199985
11872	11873	0.00199985
2491	11874	0.00199318
2970	11874	0.00199318
11873	11874	0.00199318
11653	11875	0.00198364
11874	11875	0.00198364
5546	11876	0.00197411
11875	11876	0.00197411
681	11877	0.00196743
11876	11877	0.00196743
4828	11878	0.00196458
11877	11878	0.00196458
2133	11879	0.00195694
11878	11879	0.00195694
1235	11880	0.00193596
9121	11880	0.00193596
11879	11880	0.00193596
1003	11881	0.001935
11880	11881	0.001935
4637	11882	0.00193405
11881	11882	0.00193405
5302	11883	0.00193215
11882	11883	0.00193215
3746	11884	0.00192165
4320	11884	0.00192165
11883	11884	0.00192165
4758	11885	0.00191879
11884	11885	0.00191879
6228	11886	0.00190829
11885	11886	0.00190829
9117	11887	0.00190735
11886	11887	0.00190735
2014	11888	0.00190544
11887	11888	0.00190544
6481	11889	0.00189113
11888	11889	0.00189113
630	11890	0.00188446
11889	11890	0.00188446
5661	11891	0.00188062
11890	11891	0.00188062
6057	11892	0.00187874
11891	11892	0.00187874
5595	11893	0.00187683
11892	11893	0.00187683
11893	11894	0.00186538
2653	11894	0.00186538
2715	11895	0.00186156
11894	11895	0.00186156
791	11896	0.00185871
11895	11896	0.00185871
1643	11897	0.00185299
11896	11897	0.00185299
2068	11898	0.00184345
11897	11898	0.00184345
5178	11899	0.00183297
11898	11899	0.00183297
4908	11900	0.00183105
11899	11900	0.00183105
11900	11901	0.00182628
5515	11901	0.00182628
979	11902	0.00182343
11901	11902	0.00182343
11850	11903	0.00181485
11902	11903	0.00181485
729	11904	0.0017967
11903	11904	0.0017967
3369	11905	0.00178147
11904	11905	0.00178147
1735	11906	0.00177478
11905	11906	0.00177478
3206	11907	0.00176812
11906	11907	0.00176812
1181	11908	0.00175667
11907	11908	0.00175667
2572	11909	0.00175285
11908	11909	0.00175285
3381	11910	0.00174236
11909	11910	0.00174236
3689	11911	0.00172996
11910	11911	0.00172996
4628	11912	0.00172807
11911	11912	0.00172807
5001	11913	0.00172615
1327	11913	0.00172615
11912	11913	0.00172615
4460	11914	0.00172328
11913	11914	0.00172328
5026	11915	0.00171662
11914	11915	0.00171662
709	11916	0.00169182
11915	11916	0.00169182
100	11917	0.00167083
5464	11917	0.00167083
11916	11917	0.00167083
9149	11918	0.00166798
11917	11918	0.00166798
259	11919	0.00166035
11918	11919	0.00166035
11919	11920	0.00165844
4318	11920	0.00165844
6083	11921	0.00165462
11920	11921	0.00165462
1329	11922	0.00164223
11921	11922	0.00164223
1916	11923	0.00163937
11922	11923	0.00163937
3984	11924	0.00162411
11923	11924	0.00162411
1189	11925	0.0016222
11924	11925	0.0016222
4128	11926	0.00162029
11925	11926	0.00162029
656	11927	0.0016098
11926	11927	0.0016098
2254	11928	0.0016079
11927	11928	0.0016079
3904	11929	0.00160694
11928	11929	0.00160694
5654	11930	0.00159167
11929	11930	0.00159167
4833	11931	0.00158787
11930	11931	0.00158787
10849	11932	0.00158691
11931	11932	0.00158691
4158	11933	0.00158596
11932	11933	0.00158596
3168	11934	0.00158217
11933	11934	0.00158217
4567	11935	0.00158119
11934	11935	0.00158119
3113	11936	0.00156021
11935	11936	0.00156021
5563	11937	0.00154877
2876	11937	0.00154877
11936	11937	0.00154877
6319	11938	0.00154209
11937	11938	0.00154209
2353	11939	0.00152969
11938	11939	0.00152969
5927	11940	0.00152684
11939	11940	0.00152684
942	11941	0.00151444
1159	11941	0.00151444
11940	11941	0.00151444
2457	11942	0.00151348
11941	11942	0.00151348
4135	11943	0.00150776
11942	11943	0.00150776
5283	11944	0.0015068
2930	11944	0.0015068
11943	11944	0.0015068
5251	11945	0.0014944
11944	11945	0.0014944
5763	11946	0.00149155
11945	11946	0.00149155
11652	11947	0.0014906
11946	11947	0.0014906
2609	11948	0.00148391
11947	11948	0.00148391
2601	11949	0.0014801
11948	11949	0.0014801
2612	11950	0.0014658
11949	11950	0.0014658
5726	11951	0.00145245
11950	11951	0.00145245
5327	11952	0.0014305
11951	11952	0.0014305
4711	11953	0.00142479
11952	11953	0.00142479
3841	11954	0.00141239
11953	11954	0.00141239
4258	11955	0.00139618
11954	11955	0.00139618
2658	11956	0.00138569
11955	11956	0.00138569
1430	11957	0.00138187
11956	11957	0.00138187
2778	11958	0.00137234
4978	11958	0.00137234
11957	11958	0.00137234
2161	11959	0.00135994
11958	11959	0.00135994
2160	11960	0.00135136
11959	11960	0.00135136
11651	11961	0.00134277
11960	11961	0.00134277
1347	11962	0.0013361
11961	11962	0.0013361
9164	11963	0.00133133
11962	11963	0.00133133
2105	11964	0.00133038
11963	11964	0.00133038
6255	11965	0.00132465
11964	11965	0.00132465
1569	11966	0.00131225
11965	11966	0.00131225
3177	11967	0.00130081
6162	11967	0.00130081
2322	11967	0.00130081
11966	11967	0.00130081
9141	11968	0.00129986
11967	11968	0.00129986
5623	11969	0.00129795
11968	11969	0.00129795
1168	11970	0.00129223
11969	11970	0.00129223
5204	11971	0.00128937
11970	11971	0.00128937
1082	11972	0.00126935
3797	11972	0.00126935
5474	11973	0.00128174
11971	11973	0.00128174
11972	11974	0.00125885
11973	11974	0.00125885
4244	11975	0.00125027
11974	11975	0.00125027
1665	11976	0.00124645
11975	11976	0.00124645
8769	11977	0.00123024
11976	11977	0.00123024
3350	11978	0.00122738
11977	11978	0.00122738
211	11979	0.00120926
11978	11979	0.00120926
5607	11980	0.00120735
11979	11980	0.00120735
3182	11981	0.00120354
11980	11981	0.00120354
2317	11982	0.00120258
11981	11982	0.00120258
5368	11983	0.00119781
11982	11983	0.00119781
4699	11984	0.00118351
11983	11984	0.00118351
3960	11985	0.00117588
11984	11985	0.00117588
3905	11986	0.00116731
11985	11986	0.00116731
5787	11987	0.0011568
11986	11987	0.0011568
2719	11988	0.000975609
226	11988	0.000975609
4743	11989	0.00114632
11987	11989	0.00114632
5260	11990	0.00113678
11989	11990	0.00113678
9161	11991	0.00113011
11990	11991	0.00113011
11644	11992	0.00110818
11991	11992	0.00110818
4247	11993	0.00110626
11992	11993	0.00110626
9088	11994	0.00110245
11993	11994	0.00110245
2624	11995	0.00109863
11994	11995	0.00109863
10848	11996	0.00108338
11995	11996	0.00108338
4093	11997	0.00108052
11996	11997	0.00108052
3411	11998	0.00107861
11997	11998	0.00107861
5414	11999	0.0010767
11998	11999	0.0010767
2408	12000	0.00105667
85	12000	0.00105667
3353	12000	0.00105667
5996	12000	0.00105667
11999	12000	0.00105667
2444	12001	0.00104904
12000	12001	0.00104904
1149	12002	0.00103473
12001	12002	0.00103473
517	12003	0.00102329
12002	12003	0.00102329
5853	12004	0.00102138
12003	12004	0.00102138
11646	12005	0.00101471
12004	12005	0.00101471
661	12006	0.00101375
12005	12006	0.00101375
2355	12007	0.00100804
12006	12007	0.00100804
1470	12008	0.00100708
12007	12008	0.00100708
5863	12009	0.000999456
12008	12009	0.000999456
4516	12010	0.000986097
12009	12010	0.000986097
5364	12011	0.000985142
5939	12011	0.000985142
12010	12011	0.000985142
2539	12012	0.000964168
4207	12012	0.000964168
12011	12012	0.000964168
4974	12013	0.000963211
12012	12013	0.000963211
2267	12014	0.000953674
5869	12014	0.000953674
3485	12014	0.000953674
5993	12014	0.000953674
6174	12014	0.000953674
12013	12014	0.000953674
3696	12015	0.00095081
12014	12015	0.00095081
13	12016	0.000945092
12015	12016	0.000945092
293	12017	0.000936506
12016	12017	0.000936506
11988	12018	0.00088311
2625	12018	0.00088311
8809	12019	0.000934603
12017	12019	0.000934603
4204	12020	0.000930787
12019	12020	0.000930787
2516	12021	0.000929828
337	12021	0.000929828
2437	12021	0.000929828
12020	12021	0.000929828
5342	12022	0.000927925
12021	12022	0.000927925
11648	12023	0.000915529
12022	12023	0.000915529
10850	12024	0.000894547
12023	12024	0.000894547
1354	12025	0.000886916
12024	12025	0.000886916
6231	12026	0.000877384
12025	12026	0.000877384
5866	12027	0.000875471
12026	12027	0.000875471
2379	12028	0.000873567
12027	12028	0.000873567
4556	12029	0.000870707
12028	12029	0.000870707
1344	12030	0.000866891
12029	12030	0.000866891
5858	12031	0.000862122
12030	12031	0.000862122
2702	12032	0.000828742
12031	12032	0.000828742
4364	12033	0.000825882
12032	12033	0.000825882
4377	12034	0.000808714
12033	12034	0.000808714
5018	12035	0.000799179
12034	12035	0.000799179
11650	12036	0.000793459
4544	12036	0.000793459
12035	12036	0.000793459
11649	12037	0.00078106
12036	12037	0.00078106
1689	12038	0.000774384
12037	12038	0.000774384
3992	12039	0.000763893
12038	12039	0.000763893
5740	12040	0.000756264
12039	12040	0.000756264
12018	12041	0.000752449
1833	12041	0.000752449
12040	12041	0.000752449
11647	12042	0.000751494
3342	12042	0.000751494
1640	12042	0.000751494
3981	12042	0.000751494
5263	12042	0.000751494
12041	12042	0.000751494
4252	12043	0.000746726
12042	12043	0.000746726
5901	12044	0.000739096
12043	12044	0.000739096
4187	12045	0.000736236
12044	12045	0.000736236
4688	12046	0.00072575
12045	12046	0.00072575
3713	12047	0.000719073
12046	12047	0.000719073
3189	12048	0.000711441
12047	12048	0.000711441
5041	12049	0.000708579
12048	12049	0.000708579
987	12050	0.000691411
12049	12050	0.000691411
4578	12051	0.000686646
12050	12051	0.000686646
4862	12052	0.00067711
12051	12052	0.00067711
8767	12053	0.000670433
5871	12053	0.000670433
12052	12053	0.000670433
4259	12054	0.000660898
12053	12054	0.000660898
962	12055	0.000648497
12054	12055	0.000648497
2807	12056	0.000644682
12055	12056	0.000644682
4115	12057	0.000642777
12056	12057	0.000642777
3421	12058	0.000641823
12057	12058	0.000641823
356	12059	0.000636103
12058	12059	0.000636103
3762	12060	0.000628472
12059	12060	0.000628472
5771	12061	0.000623702
12060	12061	0.000623702
4363	12062	0.000622749
12061	12062	0.000622749
2526	12063	0.000612256
12062	12063	0.000612256
5371	12064	0.000608444
12063	12064	0.000608444
4118	12065	0.000598908
12064	12065	0.000598908
4584	12066	0.000597954
12065	12066	0.000597954
5835	12067	0.000582697
3214	12067	0.000582697
12066	12067	0.000582697
3523	12068	0.000580788
12067	12068	0.000580788
241	12069	0.000572206
12068	12069	0.000572206
2075	12070	0.000567434
12069	12070	0.000567434
2433	12071	0.000564574
12070	12071	0.000564574
4944	12072	0.000562667
12071	12072	0.000562667
969	12073	0.000547409
12072	12073	0.000547409
5436	12074	0.000545503
12073	12074	0.000545503
5303	12075	0.000544548
12074	12075	0.000544548
5511	12076	0.000542641
6147	12076	0.000542641
12075	12076	0.000542641
3659	12077	0.000541688
12076	12077	0.000541688
4502	12078	0.00053978
12077	12078	0.00053978
4222	12079	0.000537871
12078	12079	0.000537871
4658	12080	0.00052929
12079	12080	0.00052929
5048	12081	0.000527383
12080	12081	0.000527383
3208	12082	0.000526428
12081	12082	0.000526428
370	12083	0.000525474
12082	12083	0.000525474
3632	12084	0.000522614
12083	12084	0.000522614
3399	12085	0.000510215
5083	12085	0.000510215
12084	12085	0.000510215
308	12086	0.000506401
12085	12086	0.000506401
5542	12087	0.000483513
5384	12087	0.000483513
12086	12087	0.000483513
224	12088	0.000473976
12087	12088	0.000473976
3254	12089	0.000472069
12088	12089	0.000472069
3513	12090	0.000471115
12089	12090	0.000471115
3642	12091	0.000470161
12090	12091	0.000470161
282	12092	0.000469208
12091	12092	0.000469208
390	12093	0.000458717
12092	12093	0.000458717
5650	12094	0.00044632
12093	12094	0.00044632
1789	12095	0.000442505
12094	12095	0.000442505
618	12096	0.000439644
12095	12096	0.000439644
1958	12097	0.000422478
12096	12097	0.000422478
5332	12098	0.00041008
12097	12098	0.00041008
9145	12099	0.000408173
12098	12099	0.000408173
10853	12100	0.000400544
12099	12100	0.000400544
242	12101	0.000359536
12100	12101	0.000359536
6322	12102	0.000335693
12101	12102	0.000335693
12102	12103	0.000317574
5942	12103	0.000317574
3039	12104	0.000309944
12103	12104	0.000309944
5459	12105	0.000307083
12104	12105	0.000307083
3464	12106	0.000305176
12105	12106	0.000305176
3587	12107	0.000295639
12106	12107	0.000295639
5224	12108	0.000285149
12107	12108	0.000285149
1351	12109	0.000267983
12108	12109	0.000267983
3512	12110	0.000246048
12109	12110	0.000246048
2580	12111	0.000229836
12110	12111	0.000229836
992	12112	0.000198364
12111	12112	0.000198364
1857	12113	0.000195503
12112	12113	0.000195503
5716	12114	0.000180244
12113	12114	0.000180244
11645	12115	0.000167847
12114	12115	0.000167847
5152	12116	0.000164032
12115	12116	0.000164032
9162	12117	0.000126839
12116	12117	0.000126839