4719	6323	0.16047
4797	6323	0.16047
6323	6324	0.0246686
278	6324	0.0246686
173	6325	0.0726979
6248	6325	0.0726979
5321	6326	0.0282727
5243	6326	0.0282727
4024	6327	0.0276806
6326	6327	0.0276806
2820	6328	0.027577
6327	6328	0.027577
2974	6329	0.0750182
5194	6329	0.0750182
5412	6330	0.0287315
1666	6330	0.0287315
541	6331	0.0474881
732	6331	0.0474881
4037	6332	0.0558936
5811	6332	0.0558936
81	6333	0.0216799
3844	6333	0.0216799
5196	6334	0.263739
3777	6334	0.263739
295	6335	0.126744
3795	6335	0.126744
2087	6336	0.474128
551	6336	0.474128
3068	6337	0.0214912
6336	6337	0.0214912
4100	6338	0.102319
2647	6338	0.102319
2260	6339	0.0549755
6071	6339	0.0549755
6339	6340	0.0244399
2180	6340	0.0244399
6129	6341	0.0240949
6340	6341	0.0240949
5477	6342	0.38814
2097	6342	0.38814
5848	6343	0.375125
6342	6343	0.375125
253	6344	0.0449971
5508	6344	0.0449971
4603	6345	0.024354
196	6345	0.024354
2691	6346	0.0242387
6345	6346	0.0242387
5910	6347	0.183063
2470	6347	0.183063
4051	6348	0.03927
5069	6348	0.03927
841	6349	0.376927
1384	6349	0.376927
6349	6350	0.345583
1154	6350	0.345583
4558	6351	0.137582
1348	6351	0.137582
4605	6352	0.0217541
6351	6352	0.0217541
827	6353	0.0318965
2868	6353	0.0318965
4312	6354	0.028394
6128	6354	0.028394
2536	6355	0.0270987
6353	6355	0.0270987
1053	6356	0.026348
6355	6356	0.026348
1955	6357	0.0261832
6356	6357	0.0261832
5747	6358	0.0252542
6354	6358	0.0252542
6357	6359	0.0252046
2224	6359	0.0252046
6053	6360	0.0250407
6358	6360	0.0250407
6360	6361	0.0225153
2196	6361	0.0225153
6359	6362	0.0211887
6361	6362	0.0211887
1595	6363	0.0263721
2071	6363	0.0263721
4197	6364	0.121662
384	6364	0.121662
2873	6365	0.0583325
3764	6365	0.0583325
5172	6366	0.0438711
6247	6366	0.0438711
372	6367	0.0306994
3751	6367	0.0306994
6366	6368	0.0390028
4435	6368	0.0390028
6365	6369	0.0368156
6368	6369	0.0368156
6369	6370	0.0299656
3894	6370	0.0299656
6367	6371	0.0278657
6370	6371	0.0278657
4959	6372	0.105436
5398	6372	0.105436
6372	6373	0.0542808
3476	6373	0.0542808
4820	6374	0.0212181
6304	6374	0.0212181
4265	6375	0.236332
5518	6375	0.236332
3619	6376	0.0759799
1478	6376	0.0759799
6376	6377	0.0343338
6196	6377	0.0343338
4912	6378	0.0323378
6377	6378	0.0323378
1621	6379	0.881087
4635	6379	0.881087
4871	6380	0.415279
1614	6380	0.415279
6065	6381	0.0924053
2438	6381	0.0924053
6381	6382	0.0609565
5694	6382	0.0609565
6382	6383	0.0558193
6272	6383	0.0558193
6383	6384	0.0475028
4016	6384	0.0475028
2213	6385	0.0249927
3533	6385	0.0249927
1109	6386	0.138446
1226	6386	0.138446
46	6387	0.14562
554	6387	0.14562
1774	6388	0.0224941
2948	6388	0.0224941
2026	6389	0.0798594
4217	6389	0.0798594
1387	6390	0.0500429
1817	6390	0.0500429
6390	6391	0.0326722
6389	6391	0.0326722
3002	6392	0.233691
3949	6392	0.233691
1349	6393	0.137732
6198	6393	0.137732
582	6394	0.109667
1759	6394	0.109667
6394	6395	0.0869569
5151	6395	0.0869569
6395	6396	0.0754797
798	6396	0.0754797
6396	6397	0.0662692
1662	6397	0.0662692
6397	6398	0.0583458
1076	6398	0.0583458
4691	6399	0.0539719
6398	6399	0.0539719
5943	6400	0.0537183
6399	6400	0.0537183
4515	6401	0.0670196
1651	6401	0.0670196
2128	6402	0.0785302
1990	6402	0.0785302
6402	6403	0.0533056
544	6403	0.0533056
930	6404	0.0442285
6208	6404	0.0442285
6404	6405	0.0435845
6403	6405	0.0435845
4875	6406	0.042746
6405	6406	0.042746
6401	6407	0.0423013
6406	6407	0.0423013
6407	6408	0.0299041
2611	6408	0.0299041
2927	6409	0.021466
6408	6409	0.021466
5945	6410	0.0586024
5944	6410	0.0586024
6410	6411	0.0520398
1214	6411	0.0520398
5185	6412	0.0484932
6411	6412	0.0484932
6412	6413	0.0415428
4622	6413	0.0415428
765	6414	0.0251323
5949	6414	0.0251323
3062	6415	0.261265
2206	6415	0.261265
1326	6416	0.0391713
4057	6416	0.0391713
1090	6417	0.054568
141	6417	0.054568
1521	6418	0.0539104
6417	6418	0.0539104
623	6419	0.112859
5627	6419	0.112859
6419	6420	0.0359611
184	6420	0.0359611
6238	6421	0.0343274
6420	6421	0.0343274
3508	6422	0.0233436
2393	6422	0.0233436
6422	6423	0.0230503
5425	6423	0.0230503
3945	6424	0.0908746
676	6424	0.0908746
6424	6425	0.0234812
3223	6425	0.0234812
3069	6426	0.0225916
6425	6426	0.0225916
5153	6427	0.143662
1218	6427	0.143662
5887	6428	0.106794
6087	6428	0.106794
6245	6429	0.0922698
4731	6429	0.0922698
6102	6430	0.0797698
3810	6430	0.0797698
2086	6431	0.0790748
6430	6431	0.0790748
806	6432	0.0355669
2502	6432	0.0355669
467	6433	0.239235
5015	6433	0.239235
500	6433	0.239235
6433	6434	0.0241615
2453	6434	0.0241615
239	6435	0.213125
4616	6435	0.213125
6435	6436	0.126369
4757	6436	0.126369
6436	6437	0.123123
3927	6437	0.123123
1262	6438	0.0491268
4268	6438	0.0491268
4958	6439	0.0478404
5226	6439	0.0478404
4607	6440	0.041556
4848	6440	0.041556
5401	6441	0.0414611
6440	6441	0.0414611
5723	6442	0.14218
2384	6442	0.14218
5962	6443	0.0263006
6442	6443	0.0263006
6024	6444	0.0827471
5682	6444	0.0827471
6115	6445	0.0340508
3592	6445	0.0340508
3356	6446	0.0639969
4032	6446	0.0639969
2531	6447	0.0773252
724	6447	0.0773252
6447	6448	0.0542959
5413	6448	0.0542959
3444	6449	0.0534706
6448	6449	0.0534706
4010	6450	0.123852
2008	6450	0.123852
6450	6451	0.0736923
2367	6451	0.0736923
5460	6452	0.0920576
5597	6452	0.0920576
949	6453	0.0905383
3205	6453	0.0905383
3814	6454	0.0443766
3131	6454	0.0443766
6453	6455	0.0440794
6454	6455	0.0440794
6455	6456	0.0418501
1000	6456	0.0418501
6456	6457	0.0379199
2124	6457	0.0379199
6457	6458	0.0375443
5685	6458	0.0375443
3647	6459	0.0634865
3284	6459	0.0634865
6459	6460	0.0333603
197	6460	0.0333603
5404	6461	0.0291373
256	6461	0.0291373
1890	6462	0.130128
5507	6462	0.130128
6462	6463	0.0871055
5163	6463	0.0871055
6463	6464	0.0525934
5424	6464	0.0525934
6464	6465	0.0517027
4088	6465	0.0517027
6465	6466	0.0506961
1889	6466	0.0506961
5750	6467	0.0366938
6466	6467	0.0366938
6467	6468	0.0297732
4429	6468	0.0297732
2084	6469	0.459526
1545	6469	0.459526
6469	6470	0.182535
644	6470	0.182535
5005	6471	0.0909019
4989	6471	0.0909019
714	6472	0.0646408
3461	6472	0.0646408
6472	6473	0.0428619
3308	6473	0.0428619
6473	6474	0.0373675
1068	6474	0.0373675
1340	6475	0.267287
2852	6475	0.267287
6475	6476	0.108739
3118	6476	0.108739
5499	6477	0.104887
6476	6477	0.104887
3603	6478	0.0364286
6477	6478	0.0364286
5519	6479	0.0890132
2153	6479	0.0890132
886	6480	0.0863457
5991	6480	0.0863457
4943	6481	0.0768454
5225	6481	0.0768454
6481	6482	0.0339971
5526	6482	0.0339971
2426	6483	0.0461886
5612	6483	0.0461886
2850	6484	0.0451333
6483	6484	0.0451333
6484	6485	0.0381548
526	6485	0.0381548
5030	6486	0.066207
744	6486	0.066207
6130	6487	0.544901
1201	6487	0.544901
3251	6488	0.191675
5781	6488	0.191675
3346	6489	0.0566484
6109	6489	0.0566484
1405	6490	0.0384666
1243	6490	0.0384666
1600	6491	0.0989696
4256	6491	0.0989696
6491	6492	0.0590237
849	6492	0.0590237
2006	6493	0.0498445
6492	6493	0.0498445
6493	6494	0.0426778
3917	6494	0.0426778
4643	6495	0.0494851
2879	6495	0.0494851
4579	6496	0.0298049
3173	6496	0.0298049
3451	6497	0.221585
464	6497	0.221585
6497	6498	0.164898
4651	6498	0.164898
2960	6499	0.15614
6498	6499	0.15614
860	6500	0.0275154
2111	6500	0.0275154
2443	6501	0.034529
4762	6501	0.034529
5495	6502	0.118161
2326	6502	0.118161
6502	6503	0.0745883
3374	6503	0.0745883
3236	6504	0.0489893
5400	6504	0.0489893
5050	6505	0.0520856
4211	6505	0.0520856
1986	6506	0.0385149
5665	6506	0.0385149
6506	6507	0.0347301
937	6507	0.0347301
6507	6508	0.032065
639	6508	0.032065
6508	6509	0.0274448
2798	6509	0.0274448
5428	6510	0.192199
3412	6510	0.192199
5049	6511	0.189947
6510	6511	0.189947
4692	6512	0.123041
768	6512	0.123041
6512	6513	0.116844
4105	6513	0.116844
6513	6514	0.0492431
3568	6514	0.0492431
1571	6515	0.0399718
6514	6515	0.0399718
4337	6516	0.0265512
6136	6516	0.0265512
6182	6517	0.0312334
5162	6517	0.0312334
4388	6518	0.0224335
901	6518	0.0224335
5600	6519	0.0230452
4890	6519	0.0230452
1	6520	0.0991902
3903	6520	0.0991902
4638	6521	0.0810528
6127	6521	0.0810528
6143	6522	0.0563413
6521	6522	0.0563413
5	6523	0.0618375
1778	6523	0.0618375
3640	6524	0.0598308
4422	6524	0.0598308
2958	6525	0.0592961
6524	6525	0.0592961
6525	6526	0.0449769
6264	6526	0.0449769
341	6527	0.111291
2683	6527	0.111291
2204	6528	0.111217
2762	6528	0.111217
6098	6529	0.0806282
6528	6529	0.0806282
2340	6530	0.0815121
1420	6530	0.0815121
5008	6531	0.115699
3778	6531	0.115699
6531	6532	0.0916764
6296	6532	0.0916764
6529	6533	0.0800912
6530	6533	0.0800912
6527	6534	0.0778743
6533	6534	0.0778743
6532	6535	0.0733766
2043	6535	0.0733766
1874	6536	0.0721133
6534	6536	0.0721133
6536	6537	0.071808
4062	6537	0.071808
6535	6538	0.0649827
6537	6538	0.0649827
5525	6539	0.0588922
2338	6539	0.0588922
6538	6540	0.057869
6539	6540	0.057869
8	6541	0.0574193
6540	6541	0.0574193
314	6542	0.060087
1101	6542	0.060087
6542	6543	0.0547036
6541	6543	0.0547036
6543	6544	0.0503174
1798	6544	0.0503174
5926	6545	0.0725379
3209	6545	0.0725379
5085	6546	0.0649616
6545	6546	0.0649616
5291	6547	0.0649364
6546	6547	0.0649364
5543	6548	0.0674497
4278	6548	0.0674497
4381	6549	0.0868227
4382	6549	0.0868227
6195	6550	0.0754654
6200	6550	0.0754654
6549	6551	0.0640628
3988	6551	0.0640628
6548	6552	0.0635916
6551	6552	0.0635916
2120	6553	0.0631456
6552	6553	0.0631456
6550	6554	0.0535482
6079	6554	0.0535482
6553	6555	0.0495215
6554	6555	0.0495215
4189	6556	0.156384
3483	6556	0.156384
6556	6557	0.126914
24	6557	0.126914
4212	6558	0.0456418
5494	6558	0.0456418
963	6559	0.1551
4808	6559	0.1551
5805	6560	0.290727
3973	6560	0.290727
6560	6561	0.14592
5284	6561	0.14592
6561	6562	0.12768
1921	6562	0.12768
6562	6563	0.122326
2320	6563	0.122326
6563	6564	0.0951716
3181	6564	0.0951716
3097	6565	0.0742449
2836	6565	0.0742449
6565	6566	0.0589111
32	6566	0.0589111
6559	6567	0.0891655
6564	6567	0.0891655
666	6568	0.0823723
6567	6568	0.0823723
5161	6569	0.0804454
6568	6569	0.0804454
6569	6570	0.0687536
3972	6570	0.0687536
6570	6571	0.054446
1187	6571	0.054446
545	6572	0.0516303
6571	6572	0.0516303
6572	6573	0.0506606
2917	6573	0.0506606
6566	6574	0.0508041
5754	6574	0.0508041
1212	6575	0.0504114
6574	6575	0.0504114
6573	6576	0.0497621
6575	6576	0.0497621
2070	6577	0.0469682
6576	6577	0.0469682
2079	6578	0.0467385
6577	6578	0.0467385
5228	6579	0.0450345
6578	6579	0.0450345
329	6580	0.120008
346	6580	0.120008
1573	6581	0.113729
6580	6581	0.113729
6581	6582	0.080827
3138	6582	0.080827
3463	6583	0.071458
5252	6583	0.071458
5233	6584	0.0620626
6583	6584	0.0620626
6584	6585	0.0592169
5014	6585	0.0592169
3606	6586	0.0549012
6585	6586	0.0549012
5719	6587	0.372242
1806	6587	0.372242
6587	6588	0.271287
86	6588	0.271287
6588	6589	0.0607212
2031	6589	0.0607212
5851	6590	0.0986573
5565	6590	0.0986573
3477	6591	0.0939525
522	6591	0.0939525
3930	6592	0.0838184
1984	6592	0.0838184
1357	6593	0.234028
2710	6593	0.234028
6593	6594	0.224156
642	6594	0.224156
2838	6595	0.118275
6234	6595	0.118275
931	6596	0.114783
4499	6596	0.114783
4565	6597	0.0997113
1745	6597	0.0997113
5269	6598	0.0851317
6597	6598	0.0851317
6124	6599	0.0958288
5079	6599	0.0958288
6594	6600	0.0685401
837	6600	0.0685401
6591	6601	0.0680289
6600	6601	0.0680289
6592	6602	0.0649827
191	6602	0.0649827
6601	6603	0.0613909
6602	6603	0.0613909
6595	6604	0.0698734
5950	6604	0.0698734
6596	6605	0.0716368
6598	6605	0.0716368
6605	6606	0.0680363
5984	6606	0.0680363
996	6607	0.0662702
6606	6607	0.0662702
2615	6608	0.0649287
6607	6608	0.0649287
6608	6609	0.0616168
5739	6609	0.0616168
6590	6610	0.0746463
5648	6610	0.0746463
6610	6611	0.0638959
4649	6611	0.0638959
428	6612	0.0764539
5171	6612	0.0764539
6599	6613	0.062349
3611	6613	0.062349
1837	6614	0.0616421
6613	6614	0.0616421
4084	6615	0.0610216
6614	6615	0.0610216
6609	6616	0.0605441
3873	6616	0.0605441
4273	6617	0.0575131
2012	6617	0.0575131
1952	6618	0.0597457
6603	6618	0.0597457
4414	6619	0.0590099
6611	6619	0.0590099
6619	6620	0.0584607
846	6620	0.0584607
6618	6621	0.058102
6620	6621	0.058102
6621	6622	0.0548886
88	6622	0.0548886
6604	6623	0.0548279
6622	6623	0.0548279
6616	6624	0.0539939
6623	6624	0.0539939
6617	6625	0.0529413
6624	6625	0.0529413
6625	6626	0.052188
4513	6626	0.052188
6626	6627	0.0512895
416	6627	0.0512895
6615	6628	0.050718
5399	6628	0.050718
6627	6629	0.0485729
5994	6629	0.0485729
6628	6630	0.0483607
6629	6630	0.0483607
6612	6631	0.0462201
6630	6631	0.0462201
6631	6632	0.0457824
3293	6632	0.0457824
3850	6633	0.136577
112	6633	0.136577
6633	6634	0.0725611
4461	6634	0.0725611
5137	6635	0.150928
5287	6635	0.150928
6635	6636	0.0477122
766	6636	0.0477122
1635	6637	0.0467299
6636	6637	0.0467299
4467	6638	0.0634228
5395	6638	0.0634228
751	6639	0.0555186
1930	6639	0.0555186
6639	6640	0.0510311
6114	6640	0.0510311
6638	6641	0.0468681
6640	6641	0.0468681
3294	6642	0.263411
3615	6642	0.263411
6642	6643	0.178531
1603	6643	0.178531
6643	6644	0.0621342
6281	6644	0.0621342
2825	6645	0.0510997
6644	6645	0.0510997
1421	6646	0.0504612
6645	6646	0.0504612
58	6647	0.100101
2371	6647	0.100101
3824	6648	0.0691839
5443	6648	0.0691839
6648	6649	0.0625007
629	6649	0.0625007
6649	6650	0.0620449
3641	6650	0.0620449
67	6651	0.0599419
6650	6651	0.0599419
6651	6652	0.0569649
2030	6652	0.0569649
5336	6653	0.0548239
6652	6653	0.0548239
6653	6654	0.0508973
3535	6654	0.0508973
6654	6655	0.0451396
1583	6655	0.0451396
5119	6656	0.0720732
5058	6656	0.0720732
69	6657	0.0598161
6656	6657	0.0598161
5476	6658	0.0451372
6657	6658	0.0451372
2436	6659	0.407854
4671	6659	0.407854
5605	6660	0.04858
1160	6660	0.04858
4760	6661	0.0475932
6660	6661	0.0475932
1483	6662	0.523031
2903	6662	0.523031
6662	6663	0.10645
2591	6663	0.10645
946	6664	0.0680988
1870	6664	0.0680988
6664	6665	0.0562157
1825	6665	0.0562157
1646	6666	0.0561617
6665	6666	0.0561617
6666	6667	0.0555037
3874	6667	0.0555037
6663	6668	0.0490665
6667	6668	0.0490665
3099	6669	0.0475288
6668	6669	0.0475288
4040	6670	0.0466749
6669	6670	0.0466749
2862	6671	0.104602
2863	6671	0.104602
6671	6672	0.0763567
75	6672	0.0763567
5175	6673	0.0652465
1477	6673	0.0652465
6673	6674	0.0531404
76	6674	0.0531404
3928	6675	0.0941955
79	6675	0.0941955
561	6676	0.114294
5969	6676	0.114294
5360	6677	0.112172
6676	6677	0.112172
5403	6678	0.211351
4845	6678	0.211351
6678	6679	0.0881581
5792	6679	0.0881581
6679	6680	0.084782
2699	6680	0.084782
6680	6681	0.0697414
4932	6681	0.0697414
1906	6682	0.0693256
6681	6682	0.0693256
6677	6683	0.0615844
98	6683	0.0615844
6683	6684	0.0601821
4194	6684	0.0601821
6682	6685	0.0497055
5116	6685	0.0497055
6684	6686	0.0475618
6685	6686	0.0475618
106	6687	0.195927
454	6687	0.195927
588	6688	0.0981489
762	6688	0.0981489
6688	6689	0.0663432
1526	6689	0.0663432
6689	6690	0.0582944
1406	6690	0.0582944
6687	6691	0.0495061
6690	6691	0.0495061
118	6692	0.133373
2284	6692	0.133373
6692	6693	0.127008
1867	6693	0.127008
4264	6694	0.0700904
521	6694	0.0700904
6694	6695	0.0579314
1500	6695	0.0579314
2501	6696	0.111918
1379	6696	0.111918
1046	6697	0.111338
6696	6697	0.111338
1973	6698	0.0939026
5659	6698	0.0939026
719	6699	0.079905
5157	6699	0.079905
6699	6700	0.0462529
5245	6700	0.0462529
6698	6701	0.0450145
6700	6701	0.0450145
3328	6702	0.0954459
2860	6702	0.0954459
2095	6703	0.0933113
6702	6703	0.0933113
4011	6704	0.246392
779	6704	0.246392
6704	6705	0.115393
2776	6705	0.115393
3843	6706	0.111313
1064	6706	0.111313
5656	6707	0.234324
5963	6707	0.234324
6707	6708	0.156096
5510	6708	0.156096
1985	6709	0.107085
3634	6709	0.107085
4561	6710	0.0989176
6709	6710	0.0989176
6710	6711	0.0911403
4534	6711	0.0911403
6705	6712	0.0732424
3671	6712	0.0732424
6708	6713	0.0798942
3738	6713	0.0798942
6711	6714	0.067166
6712	6714	0.067166
6714	6715	0.0668391
3861	6715	0.0668391
6706	6716	0.0578526
5729	6716	0.0578526
6713	6717	0.0558528
1851	6717	0.0558528
6715	6718	0.055634
6717	6718	0.055634
6718	6719	0.0540572
6716	6719	0.0540572
213	6720	0.0738665
3687	6720	0.0738665
6720	6721	0.0677584
4349	6721	0.0677584
747	6722	0.0647051
6721	6722	0.0647051
687	6723	0.0627554
6722	6723	0.0627554
6723	6724	0.0513202
2398	6724	0.0513202
6724	6725	0.0503359
5114	6725	0.0503359
6725	6726	0.0500872
5123	6726	0.0500872
1071	6727	0.0470929
6726	6727	0.0470929
1813	6728	0.305118
2784	6728	0.305118
6728	6729	0.268753
5367	6729	0.268753
131	6730	0.549076
3727	6730	0.549076
6730	6731	0.134764
4307	6731	0.134764
740	6732	0.143615
269	6732	0.143615
6732	6733	0.117668
1609	6733	0.117668
1963	6734	0.117112
6733	6734	0.117112
6734	6735	0.0883964
1370	6735	0.0883964
6731	6736	0.0636233
6188	6736	0.0636233
4356	6737	0.0580702
4598	6737	0.0580702
2842	6738	0.0575586
6737	6738	0.0575586
6735	6739	0.0560141
6736	6739	0.0560141
6738	6740	0.0553273
6739	6740	0.0553273
1338	6741	0.0542297
6740	6741	0.0542297
6741	6742	0.0492785
3076	6742	0.0492785
6742	6743	0.0483197
3976	6743	0.0483197
2507	6743	0.0483197
1935	6744	0.055455
2599	6744	0.055455
1059	6745	0.0485088
6744	6745	0.0485088
3996	6746	0.195883
1510	6746	0.195883
6746	6747	0.1501
632	6747	0.1501
6747	6748	0.121145
1839	6748	0.121145
6748	6749	0.0781399
2473	6749	0.0781399
6749	6750	0.0647763
2009	6750	0.0647763
6750	6751	0.0468213
4239	6751	0.0468213
471	6752	0.388958
3070	6752	0.388958
2458	6753	0.170276
5482	6753	0.170276
6753	6754	0.130727
625	6754	0.130727
6752	6755	0.080686
6754	6755	0.080686
6755	6756	0.0777537
1025	6756	0.0777537
2109	6757	0.0675487
4249	6757	0.0675487
4568	6758	0.0672483
6757	6758	0.0672483
6756	6759	0.0672232
6758	6759	0.0672232
4284	6760	0.124069
5297	6760	0.124069
776	6761	0.0675765
4285	6761	0.0675765
6761	6762	0.0642606
6173	6762	0.0642606
4551	6763	0.0611943
6762	6763	0.0611943
6763	6764	0.047125
3899	6764	0.047125
4771	6765	0.0704442
2696	6765	0.0704442
4425	6766	0.058292
6765	6766	0.058292
4083	6767	0.0483558
3679	6767	0.0483558
4867	6768	0.160912
146	6768	0.160912
3735	6769	0.0966561
3488	6769	0.0966561
6207	6770	0.0916878
5965	6770	0.0916878
3219	6771	0.0752852
5579	6771	0.0752852
6771	6772	0.0739
493	6772	0.0739
5551	6773	0.073062
6772	6773	0.073062
6768	6774	0.0716475
6773	6774	0.0716475
6770	6775	0.065292
6774	6775	0.065292
6769	6776	0.0630312
6775	6776	0.0630312
6776	6777	0.0538395
5557	6777	0.0538395
6777	6778	0.0465942
628	6778	0.0465942
151	6779	0.0466204
5341	6779	0.0466204
555	6780	0.197086
5481	6780	0.197086
6780	6781	0.118177
156	6781	0.118177
5715	6782	0.0813687
5558	6782	0.0813687
5361	6783	0.0957178
2596	6783	0.0957178
2275	6784	0.0753539
479	6784	0.0753539
6784	6785	0.0748144
6782	6785	0.0748144
4488	6786	0.0722084
6785	6786	0.0722084
6783	6787	0.0511808
6786	6787	0.0511808
2318	6787	0.0511808
3653	6787	0.0511808
6787	6788	0.0462875
2396	6788	0.0462875
3339	6789	0.0829077
4125	6789	0.0829077
608	6790	0.0762478
6789	6790	0.0762478
6790	6791	0.0710296
1922	6791	0.0710296
4909	6792	0.0587199
1419	6792	0.0587199
2247	6793	0.0575647
6792	6793	0.0575647
4830	6794	0.0568513
6793	6794	0.0568513
5637	6795	0.0539374
6794	6795	0.0539374
6795	6796	0.0521098
6791	6796	0.0521098
4889	6797	0.232617
1933	6797	0.232617
2304	6798	0.0594081
175	6798	0.0594081
6798	6799	0.053425
5544	6799	0.053425
6797	6800	0.0525075
5411	6800	0.0525075
1085	6801	0.051802
6800	6801	0.051802
6801	6802	0.0515676
6799	6802	0.0515676
6802	6803	0.0484338
1316	6803	0.0484338
4537	6804	0.0480596
6803	6804	0.0480596
1696	6805	0.118265
5186	6805	0.118265
4124	6806	0.0760408
964	6806	0.0760408
6805	6807	0.0681292
6806	6807	0.0681292
4147	6808	0.13304
2056	6808	0.13304
5818	6809	0.182805
4443	6809	0.182805
6809	6810	0.131419
3052	6810	0.131419
6810	6811	0.12465
1095	6811	0.12465
563	6812	0.11903
4886	6812	0.11903
6812	6813	0.118344
6811	6813	0.118344
1967	6814	0.107434
6813	6814	0.107434
6814	6815	0.107184
181	6815	0.107184
6808	6816	0.105638
6815	6816	0.105638
6816	6817	0.078604
3719	6817	0.078604
6817	6818	0.075774
3507	6818	0.075774
6818	6819	0.0636995
3614	6819	0.0636995
6819	6820	0.0566151
4695	6820	0.0566151
3285	6821	0.108051
2278	6821	0.108051
4195	6822	0.0639123
4751	6822	0.0639123
6822	6823	0.0583458
5642	6823	0.0583458
2926	6824	0.0570634
6823	6824	0.0570634
2121	6825	0.116763
2157	6825	0.116763
6825	6826	0.0778868
4448	6826	0.0778868
6826	6827	0.0572383
220	6827	0.0572383
6827	6828	0.056225
1156	6828	0.056225
6828	6829	0.0534956
331	6829	0.0534956
4769	6830	0.0467127
3769	6830	0.0467127
6830	6831	0.0454037
1842	6831	0.0454037
6027	6832	0.0554305
219	6832	0.0554305
382	6833	0.0710118
6012	6833	0.0710118
2329	6834	0.0662628
6833	6834	0.0662628
1412	6835	0.0612724
4025	6835	0.0612724
558	6836	0.0602832
6835	6836	0.0602832
3300	6837	0.130344
1581	6837	0.130344
4167	6838	0.0978238
1629	6838	0.0978238
3041	6839	0.0732668
4815	6839	0.0732668
6839	6840	0.0549306
6289	6840	0.0549306
4241	6841	0.0533014
6840	6841	0.0533014
4614	6842	0.0529675
6841	6842	0.0529675
6837	6843	0.0557324
5409	6843	0.0557324
3312	6844	0.0507973
4753	6844	0.0507973
6842	6845	0.0489238
2513	6845	0.0489238
6843	6846	0.0505176
3771	6846	0.0505176
6838	6847	0.0492137
6846	6847	0.0492137
6845	6848	0.0461606
2511	6848	0.0461606
6844	6848	0.0461606
6848	6849	0.0458592
6847	6849	0.0458592
4346	6850	0.0640278
225	6850	0.0640278
6850	6851	0.0573941
1663	6851	0.0573941
5914	6852	0.0888184
230	6852	0.0888184
6852	6853	0.0674479
6090	6853	0.0674479
6853	6854	0.0617669
4121	6854	0.0617669
6854	6855	0.0457167
1170	6855	0.0457167
578	6856	0.0516512
5420	6856	0.0516512
6856	6857	0.0504307
235	6857	0.0504307
5500	6858	0.0476957
6857	6858	0.0476957
2029	6859	0.0725596
1959	6859	0.0725596
6859	6860	0.0504691
238	6860	0.0504691
1157	6861	0.0641338
4192	6861	0.0641338
6861	6862	0.0508048
2773	6862	0.0508048
6862	6863	0.0494376
240	6863	0.0494376
4140	6864	0.11549
3781	6864	0.11549
2824	6865	0.0504682
5045	6865	0.0504682
3692	6866	0.0493956
2671	6866	0.0493956
6866	6867	0.04858
248	6867	0.04858
1690	6868	0.0585738
961	6868	0.0585738
2688	6869	0.0559222
6868	6869	0.0559222
540	6870	0.0465356
2215	6870	0.0465356
4799	6871	0.0464351
6870	6871	0.0464351
3763	6872	0.054494
5334	6872	0.054494
2686	6873	0.0640804
2186	6873	0.0640804
3901	6874	0.0537661
6873	6874	0.0537661
6874	6875	0.0472926
260	6875	0.0472926
3753	6876	0.103679
900	6876	0.103679
1548	6877	0.101899
6876	6877	0.101899
2455	6878	0.0946052
276	6878	0.0946052
2754	6879	0.0777919
4485	6879	0.0777919
6878	6879	0.0777919
6879	6880	0.0496422
1366	6880	0.0496422
2907	6881	0.0473498
285	6881	0.0473498
1047	6882	0.0896588
2952	6882	0.0896588
376	6883	0.0621911
4353	6883	0.0621911
5102	6884	0.0553418
6883	6884	0.0553418
5406	6885	0.0490737
6884	6885	0.0490737
3811	6886	0.0487046
6885	6886	0.0487046
6882	6887	0.0485516
6886	6887	0.0485516
3140	6888	0.0471712
6887	6888	0.0471712
287	6889	0.0465602
6888	6889	0.0465602
2415	6890	0.0571353
2252	6890	0.0571353
288	6891	0.0559938
6890	6891	0.0559938
6307	6892	0.0557386
6891	6892	0.0557386
400	6893	0.0978396
3828	6893	0.0978396
1449	6894	0.0657368
1768	6894	0.0657368
6893	6895	0.0611275
6894	6895	0.0611275
1570	6896	0.0559672
6895	6896	0.0559672
6896	6897	0.0475875
3625	6897	0.0475875
1425	6898	0.0654769
1426	6898	0.0654769
6898	6899	0.0592099
662	6899	0.0592099
565	6900	0.0532885
6899	6900	0.0532885
6900	6901	0.0469163
2590	6901	0.0469163
4282	6902	0.0458536
6901	6902	0.0458536
6902	6903	0.0449924
2604	6903	0.0449924
690	6904	0.094165
3470	6904	0.094165
5825	6905	0.0839384
5655	6905	0.0839384
6905	6906	0.0746872
973	6906	0.0746872
6904	6907	0.0619929
3016	6907	0.0619929
6906	6908	0.0514088
6907	6908	0.0514088
6908	6909	0.0477163
4653	6909	0.0477163
316	6910	0.0877684
3768	6910	0.0877684
6910	6911	0.079824
822	6911	0.079824
5068	6912	0.0705528
6911	6912	0.0705528
5140	6913	0.0548144
6912	6913	0.0548144
3612	6914	0.138541
1447	6914	0.138541
6914	6915	0.0698943
4380	6915	0.0698943
6915	6916	0.0643814
603	6916	0.0643814
5547	6917	0.0621045
6916	6917	0.0621045
1925	6918	0.0733888
3276	6918	0.0733888
6918	6919	0.066217
4854	6919	0.066217
6919	6920	0.061838
2170	6920	0.061838
4200	6921	0.0580787
6920	6921	0.0580787
340	6922	0.0494559
2869	6922	0.0494559
5497	6923	0.183942
355	6923	0.183942
912	6924	0.0456469
3469	6924	0.0456469
2452	6925	0.0584988
5422	6925	0.0584988
360	6926	0.0534905
6925	6926	0.0534905
1638	6927	0.0525373
6926	6927	0.0525373
6927	6928	0.0485898
388	6928	0.0485898
6928	6929	0.0481156
2597	6929	0.0481156
5737	6930	0.0486752
371	6930	0.0486752
5465	6931	0.0562169
1824	6931	0.0562169
6931	6932	0.0481176
3565	6932	0.0481176
3057	6933	0.101806
1397	6933	0.101806
6933	6934	0.0709913
3431	6934	0.0709913
6934	6935	0.0640705
375	6935	0.0640705
6935	6936	0.0574652
1588	6936	0.0574652
2557	6937	0.254334
443	6937	0.254334
6937	6938	0.121486
1868	6938	0.121486
3812	6939	0.0976615
6938	6939	0.0976615
5931	6940	0.162047
5244	6940	0.162047
6940	6941	0.143873
4196	6941	0.143873
6941	6942	0.0885515
3579	6942	0.0885515
4531	6943	0.0840706
6942	6943	0.0840706
807	6944	0.079946
6943	6944	0.079946
6944	6945	0.0701307
4472	6945	0.0701307
4468	6946	0.159886
1446	6946	0.159886
6946	6947	0.115918
782	6947	0.115918
6947	6948	0.0770005
6241	6948	0.0770005
3273	6949	0.0677358
6948	6949	0.0677358
6949	6950	0.0614934
4420	6950	0.0614934
1934	6951	0.15009
6263	6951	0.15009
2037	6952	0.0904207
6951	6952	0.0904207
391	6953	0.048145
1976	6953	0.048145
393	6954	0.0721493
2388	6954	0.0721493
5099	6955	0.0604382
1818	6955	0.0604382
6954	6956	0.058963
4345	6956	0.058963
6955	6957	0.0492887
2257	6957	0.0492887
1350	6958	0.0491458
6957	6958	0.0491458
6956	6959	0.046657
6958	6959	0.046657
1928	6960	0.0779561
2956	6960	0.0779561
6960	6961	0.0683123
2800	6961	0.0683123
864	6962	0.0531117
1748	6962	0.0531117
5666	6963	0.0462189
6962	6963	0.0462189
6961	6964	0.0453044
6963	6964	0.0453044
4542	6965	0.248313
2142	6965	0.248313
6965	6966	0.210667
1710	6966	0.210667
6966	6967	0.114608
3433	6967	0.114608
6967	6968	0.0802608
805	6968	0.0802608
6968	6969	0.0699911
410	6969	0.0699911
6969	6970	0.0626442
5473	6970	0.0626442
6970	6971	0.0491024
2673	6971	0.0491024
3708	6972	0.074951
411	6972	0.074951
6972	6973	0.0565637
586	6973	0.0565637
710	6974	0.404497
3643	6974	0.404497
6974	6975	0.242815
2815	6975	0.242815
6975	6976	0.0870506
1924	6976	0.0870506
6976	6977	0.0712134
2488	6977	0.0712134
420	6978	0.0675974
6977	6978	0.0675974
6978	6979	0.0520014
4001	6979	0.0520014
423	6980	0.0664343
1196	6980	0.0664343
6080	6981	0.101122
6172	6981	0.101122
958	6982	0.0455236
657	6982	0.0455236
631	6983	0.0710471
5021	6983	0.0710471
6076	6984	0.114845
2168	6984	0.114845
2753	6985	0.0692994
6983	6985	0.0692994
6984	6986	0.0578748
3667	6986	0.0578748
6985	6987	0.0571739
2640	6987	0.0571739
472	6988	0.0553741
6987	6988	0.0553741
1816	6989	0.0551983
6988	6989	0.0551983
6989	6990	0.0450109
6986	6990	0.0450109
2983	6991	0.0590644
4991	6991	0.0590644
452	6992	0.0547728
1938	6992	0.0547728
3259	6993	0.128195
4008	6993	0.128195
6993	6994	0.0864891
462	6994	0.0864891
6994	6995	0.0772769
4301	6995	0.0772769
2629	6996	0.0717296
6995	6996	0.0717296
3794	6997	0.0678961
6996	6997	0.0678961
1246	6998	0.295885
1753	6998	0.295885
6998	6999	0.152929
480	6999	0.152929
6999	7000	0.0905982
4245	7000	0.0905982
811	7001	0.109725
1761	7001	0.109725
7001	7002	0.085967
2922	7002	0.085967
2450	7003	0.0833588
4034	7003	0.0833588
7000	7004	0.0653145
7002	7004	0.0653145
1703	7005	0.0749024
7003	7005	0.0749024
7004	7006	0.0642932
4521	7006	0.0642932
7006	7007	0.0579782
7005	7007	0.0579782
4130	7008	0.101335
5893	7008	0.101335
7008	7009	0.0963894
5678	7009	0.0963894
2479	7010	0.0886115
7009	7010	0.0886115
5156	7011	0.103005
4149	7011	0.103005
2389	7012	0.096076
7011	7012	0.096076
7010	7013	0.0748563
1210	7013	0.0748563
4117	7014	0.0530642
4379	7014	0.0530642
4878	7014	0.0530642
3618	7015	0.0636724
3239	7015	0.0636724
5552	7016	0.0492323
3710	7016	0.0492323
1125	7017	0.0491006
7016	7017	0.0491006
7014	7018	0.0513583
1527	7018	0.0513583
7018	7019	0.049642
7015	7019	0.049642
7013	7020	0.0488898
7019	7020	0.0488898
7017	7021	0.0482772
3709	7021	0.0482772
7021	7022	0.0482072
7020	7022	0.0482072
5419	7023	0.0475256
7022	7023	0.0475256
7012	7024	0.0459273
7023	7024	0.0459273
2165	7025	0.258698
4287	7025	0.258698
7025	7026	0.0847635
4218	7026	0.0847635
4416	7027	0.135756
3701	7027	0.135756
7027	7028	0.106011
1865	7028	0.106011
7028	7029	0.0485445
4826	7029	0.0485445
495	7030	0.106361
1771	7030	0.106361
4675	7031	0.0766637
3389	7031	0.0766637
7031	7032	0.0595408
560	7032	0.0595408
510	7033	0.0544108
3681	7033	0.0544108
7033	7034	0.0533542
4610	7034	0.0533542
2191	7035	0.0531219
518	7035	0.0531219
2677	7036	0.0593109
535	7036	0.0593109
3492	7037	0.0560141
7036	7037	0.0560141
4059	7038	0.0682899
4295	7038	0.0682899
2834	7039	0.0466204
784	7039	0.0466204
7038	7040	0.045255
7039	7040	0.045255
3340	7041	0.137771
4048	7041	0.137771
7041	7042	0.108751
4370	7042	0.108751
6306	7043	0.349697
3648	7043	0.349697
548	7043	0.349697
7043	7044	0.330579
1258	7044	0.330579
5337	7045	0.0753084
1482	7045	0.0753084
3521	7046	0.153766
5857	7046	0.153766
5396	7047	0.0979301
4581	7047	0.0979301
7047	7048	0.0688996
4297	7048	0.0688996
7046	7049	0.0671816
4238	7049	0.0671816
4427	7050	0.0655691
7049	7050	0.0655691
7048	7051	0.0654567
4587	7051	0.0654567
7051	7052	0.0601348
5849	7052	0.0601348
3270	7053	0.0593056
7052	7053	0.0593056
7050	7054	0.0565845
610	7054	0.0565845
7054	7055	0.0554146
7053	7055	0.0554146
2553	7056	0.0558441
4817	7056	0.0558441
5553	7057	0.0588474
3563	7057	0.0588474
7056	7058	0.0469035
1081	7058	0.0469035
7057	7059	0.048707
2399	7059	0.048707
7055	7060	0.0462283
7059	7060	0.0462283
7060	7061	0.0460979
7058	7061	0.0460979
1910	7062	0.0600985
4730	7062	0.0600985
4471	7063	0.0985255
5592	7063	0.0985255
3089	7064	0.0984041
7063	7064	0.0984041
569	7065	0.0926325
1247	7065	0.0926325
3279	7066	0.0909517
4533	7066	0.0909517
7064	7067	0.0753753
7066	7067	0.0753753
7067	7068	0.0732711
3058	7068	0.0732711
7065	7069	0.0551115
7068	7069	0.0551115
4242	7070	0.0539151
7069	7070	0.0539151
1021	7071	0.0498876
2899	7071	0.0498876
4856	7072	0.175708
1561	7072	0.175708
7072	7073	0.071702
5897	7073	0.071702
2933	7074	0.0649112
7073	7074	0.0649112
2979	7075	0.0770051
613	7075	0.0770051
4907	7076	0.221657
4179	7076	0.221657
7076	7077	0.0559347
627	7077	0.0559347
634	7078	0.0755703
2300	7078	0.0755703
5924	7079	0.0518398
4728	7079	0.0518398
7079	7080	0.0492084
3661	7080	0.0492084
7080	7081	0.0490976
706	7081	0.0490976
7081	7082	0.0488072
3277	7082	0.0488072
7082	7083	0.0476866
3511	7083	0.0476866
3714	7084	0.137776
4087	7084	0.137776
1517	7085	0.135866
7084	7085	0.135866
6039	7086	0.0636872
1886	7086	0.0636872
7085	7087	0.0563336
7086	7087	0.0563336
7087	7088	0.0556493
1787	7088	0.0556493
1035	7089	0.0555563
7088	7089	0.0555563
5619	7090	0.170228
5683	7090	0.170228
6220	7091	0.148947
5695	7091	0.148947
7090	7092	0.137643
7091	7092	0.137643
7092	7093	0.0790091
1342	7093	0.0790091
7093	7094	0.0553133
648	7094	0.0553133
7094	7095	0.0540648
5933	7095	0.0540648
4400	7096	0.0966603
664	7096	0.0966603
7096	7097	0.0755526
3418	7097	0.0755526
7097	7098	0.059006
1107	7098	0.059006
2208	7099	0.0926518
939	7099	0.0926518
677	7100	0.0490009
2859	7100	0.0490009
6100	7101	0.104185
3562	7101	0.104185
5573	7102	0.0893495
4085	7102	0.0893495
7102	7103	0.0795912
4654	7103	0.0795912
7103	7104	0.0580729
4636	7104	0.0580729
3220	7105	0.0566289
857	7105	0.0566289
7104	7106	0.0549497
7105	7106	0.0549497
5136	7107	0.0617058
1199	7107	0.0617058
3096	7108	0.0502639
7107	7108	0.0502639
2203	7109	0.0662097
694	7109	0.0662097
3472	7110	0.270886
844	7110	0.270886
5335	7111	0.365238
1285	7111	0.365238
7111	7112	0.155467
2402	7112	0.155467
7110	7113	0.14724
2885	7113	0.14724
7112	7114	0.129561
7113	7114	0.129561
2527	7115	0.0780713
4726	7115	0.0780713
7114	7116	0.0752661
7115	7116	0.0752661
695	7117	0.0717395
3067	7117	0.0717395
7116	7117	0.0717395
1883	7118	0.0532638
3974	7118	0.0532638
7117	7119	0.0498907
7118	7119	0.0498907
5742	7120	0.0466866
6103	7120	0.0466866
7120	7121	0.0455716
7119	7121	0.0455716
1193	7122	0.0829399
2015	7122	0.0829399
3942	7123	0.0655975
4891	7123	0.0655975
5128	7124	0.0476189
3677	7124	0.0476189
5257	7125	0.0759221
1287	7125	0.0759221
7125	7126	0.0510767
813	7126	0.0510767
4146	7127	0.0887211
6252	7127	0.0887211
7127	7128	0.08736
1341	7128	0.08736
735	7129	0.196605
2987	7129	0.196605
3552	7130	0.197512
5100	7130	0.197512
7130	7131	0.130828
2991	7131	0.130828
7131	7132	0.0811407
5028	7132	0.0811407
7132	7133	0.0625039
748	7133	0.0625039
7133	7134	0.0595436
4755	7134	0.0595436
7134	7135	0.0549161
5621	7135	0.0549161
5560	7136	0.0524379
7135	7136	0.0524379
5564	7137	0.115199
763	7137	0.115199
7137	7138	0.0573742
4919	7138	0.0573742
6017	7139	0.177816
4563	7139	0.177816
4882	7140	0.132972
4494	7140	0.132972
7139	7141	0.132787
7140	7141	0.132787
7141	7142	0.0916663
5019	7142	0.0916663
7142	7143	0.0609322
3409	7143	0.0609322
7143	7144	0.0573187
769	7144	0.0573187
4276	7145	0.366416
795	7145	0.366416
7145	7146	0.19187
2316	7146	0.19187
3296	7147	0.116448
5658	7147	0.116448
7147	7148	0.112456
5077	7148	0.112456
2943	7149	0.102327
7148	7149	0.102327
7146	7150	0.0789385
7149	7150	0.0789385
7150	7151	0.0702164
4061	7151	0.0702164
797	7152	0.0567281
7151	7152	0.0567281
3776	7153	0.0549616
3998	7153	0.0549616
7153	7154	0.0472601
2726	7154	0.0472601
7154	7155	0.0454289
3742	7155	0.0454289
814	7156	0.0591366
3799	7156	0.0591366
1476	7157	0.155965
3175	7157	0.155965
7157	7158	0.113975
823	7158	0.113975
4717	7159	0.107969
7158	7159	0.107969
3331	7160	0.0729977
1072	7160	0.0729977
7159	7161	0.0556672
3036	7161	0.0556672
7160	7162	0.0548019
7161	7162	0.0548019
2843	7163	0.0772295
983	7163	0.0772295
4834	7164	0.0920745
858	7164	0.0920745
4432	7165	0.085409
5060	7165	0.085409
3922	7166	0.0776195
2562	7166	0.0776195
7165	7167	0.0756888
7166	7167	0.0756888
6153	7168	0.141438
6149	7168	0.141438
7168	7169	0.11688
5854	7169	0.11688
6160	7170	0.113184
7169	7170	0.113184
5855	7171	0.0993579
7170	7171	0.0993579
6148	7172	0.0795993
7171	7172	0.0795993
7172	7173	0.0714248
1004	7173	0.0714248
3458	7174	0.442884
873	7174	0.442884
7174	7175	0.408101
5562	7175	0.408101
7175	7176	0.0810507
1272	7176	0.0810507
1007	7177	0.0804827
7176	7177	0.0804827
4975	7178	0.0711899
7177	7178	0.0711899
7178	7179	0.0651672
6003	7179	0.0651672
7179	7180	0.0566301
5741	7180	0.0566301
2407	7181	0.121468
5791	7181	0.121468
7181	7182	0.0873957
3221	7182	0.0873957
7182	7183	0.0867753
3804	7183	0.0867753
7183	7184	0.0837827
2484	7184	0.0837827
3870	7185	0.0717037
7184	7185	0.0717037
7185	7186	0.0701628
2941	7186	0.0701628
1531	7187	0.0456765
7186	7187	0.0456765
889	7188	0.0480127
3180	7188	0.0480127
4108	7189	0.132761
3056	7189	0.132761
6011	7190	0.127794
7189	7190	0.127794
3176	7191	0.158439
2425	7191	0.158439
7191	7192	0.118167
913	7192	0.118167
7192	7193	0.0838466
4401	7193	0.0838466
7193	7194	0.0619528
2816	7194	0.0619528
2212	7195	0.0725424
4123	7195	0.0725424
2280	7196	0.0569737
938	7196	0.0569737
7196	7197	0.0548754
1106	7197	0.0548754
7197	7198	0.049682
1586	7198	0.049682
3398	7199	0.115301
951	7199	0.115301
3662	7200	0.0546654
6000	7200	0.0546654
7200	7201	0.0528574
5696	7201	0.0528574
7201	7202	0.0508761
4831	7202	0.0508761
7202	7203	0.0470015
4129	7203	0.0470015
2659	7204	0.0911857
1339	7204	0.0911857
2346	7205	0.0759894
6014	7205	0.0759894
7205	7206	0.0725011
6058	7206	0.0725011
7206	7207	0.0589812
1093	7207	0.0589812
7204	7208	0.0620857
3318	7208	0.0620857
7207	7209	0.0486458
7208	7209	0.0486458
3800	7210	0.0457979
4445	7210	0.0457979
2245	7211	0.0841724
3127	7211	0.0841724
968	7212	0.0718669
7211	7212	0.0718669
1459	7213	0.175232
3658	7213	0.175232
7213	7214	0.143149
4690	7214	0.143149
4043	7215	0.105002
5170	7215	0.105002
3542	7216	0.103666
7215	7216	0.103666
7214	7217	0.060476
980	7217	0.060476
7216	7218	0.0569105
7217	7218	0.0569105
1882	7219	0.115876
4334	7219	0.115876
3478	7220	0.0527521
1321	7220	0.0527521
7220	7221	0.0521579
991	7221	0.0521579
1118	7222	0.074016
1006	7222	0.074016
2302	7223	0.0714324
3344	7223	0.0714324
7223	7224	0.0637359
3514	7224	0.0637359
7224	7225	0.0540274
1016	7225	0.0540274
1022	7225	0.0540274
1037	7226	0.072343
1552	7226	0.072343
3937	7227	0.143472
3357	7227	0.143472
1040	7228	0.142936
7227	7228	0.142936
4903	7229	0.0555541
4900	7229	0.0555541
7229	7230	0.0481049
5105	7230	0.0481049
7230	7231	0.0475683
6031	7231	0.0475683
1052	7232	0.0991936
2423	7232	0.0991936
7232	7233	0.0469183
3115	7233	0.0469183
4275	7234	0.0583083
1063	7234	0.0583083
4415	7235	0.057004
7234	7235	0.057004
5673	7236	0.0661608
5313	7236	0.0661608
2902	7237	0.0587112
5064	7237	0.0587112
1080	7238	0.0486053
3991	7238	0.0486053
1103	7239	0.174338
2849	7239	0.174338
7239	7240	0.0525862
1729	7240	0.0525862
1810	7241	0.511402
6015	7241	0.511402
7241	7242	0.309226
3086	7242	0.309226
7242	7243	0.103739
1108	7243	0.103739
2403	7244	0.0792627
1304	7244	0.0792627
2041	7245	0.0688144
7244	7245	0.0688144
7243	7246	0.0646897
7245	7246	0.0646897
3425	7247	0.0718242
4331	7247	0.0718242
5820	7248	0.115055
4571	7248	0.115055
1456	7249	0.1254
4934	7249	0.1254
7249	7250	0.0799958
3831	7250	0.0799958
4822	7251	0.0742884
7250	7251	0.0742884
1163	7252	0.0742066
7251	7252	0.0742066
7252	7253	0.0448606
5150	7253	0.0448606
3072	7254	0.045944
1172	7254	0.045944
4477	7255	0.118747
1822	7255	0.118747
7255	7256	0.0910171
4687	7256	0.0910171
7256	7257	0.0906278
1184	7257	0.0906278
4863	7258	0.0675917
7257	7258	0.0675917
7258	7259	0.0534476
1185	7259	0.0534476
3117	7260	0.0666153
1197	7260	0.0666153
7260	7261	0.0574267
1823	7261	0.0574267
3148	7262	0.0529188
7261	7262	0.0529188
5040	7263	0.0630636
4623	7263	0.0630636
4176	7264	0.0586783
7263	7264	0.0586783
7264	7265	0.0545937
1198	7265	0.0545937
3749	7266	0.0845429
1200	7266	0.0845429
3748	7267	0.0670082
7266	7267	0.0670082
4573	7268	0.0666805
7267	7268	0.0666805
4777	7269	0.0748877
5793	7269	0.0748877
2747	7270	0.0595019
2875	7270	0.0595019
7268	7271	0.0581176
7270	7271	0.0581176
7269	7272	0.0507531
7271	7272	0.0507531
3646	7273	0.279585
4518	7273	0.279585
7273	7274	0.126785
1564	7274	0.126785
7274	7275	0.0858905
1972	7275	0.0858905
3388	7276	0.057819
3686	7276	0.057819
7276	7277	0.0538499
3557	7277	0.0538499
2642	7278	0.0972039
2937	7278	0.0972039
4967	7279	0.0643601
2295	7279	0.0643601
7279	7280	0.0544108
5530	7280	0.0544108
4136	7281	0.0472366
1259	7281	0.0472366
1725	7282	0.0660466
2593	7282	0.0660466
1359	7283	0.0450092
4376	7283	0.0450092
1382	7284	0.0507992
2595	7284	0.0507992
5325	7285	0.0491156
7284	7285	0.0491156
4372	7286	0.0555839
2674	7286	0.0555839
2309	7287	0.107445
2312	7287	0.107445
3524	7288	0.0689619
4009	7288	0.0689619
7287	7289	0.0606206
7288	7289	0.0606206
5277	7290	0.0865655
4081	7290	0.0865655
7290	7291	0.0670252
1473	7291	0.0670252
4522	7292	0.1012
1486	7292	0.1012
1504	7293	0.163468
2463	7293	0.163468
1505	7294	0.0747415
1904	7294	0.0747415
5999	7295	0.0533455
4562	7295	0.0533455
1717	7296	0.0767643
3054	7296	0.0767643
7296	7297	0.0634049
3834	7297	0.0634049
3649	7298	0.0610116
3525	7298	0.0610116
7297	7299	0.0574463
7298	7299	0.0574463
4998	7300	0.0555979
7299	7300	0.0555979
3962	7301	0.0489924
7300	7301	0.0489924
3626	7302	0.048192
7301	7302	0.048192
1887	7303	0.0764501
1593	7303	0.0764501
5743	7304	0.104605
1733	7304	0.104605
2102	7305	0.0478752
4288	7305	0.0478752
4096	7306	0.158533
1731	7306	0.158533
2411	7307	0.209064
3146	7307	0.209064
7307	7308	0.0825549
1751	7308	0.0825549
7308	7309	0.0647344
2410	7309	0.0647344
2809	7310	0.0879478
4770	7310	0.0879478
2758	7310	0.0879478
7310	7311	0.0511096
2734	7311	0.0511096
5752	7312	0.0637264
1765	7312	0.0637264
7312	7313	0.052648
3003	7313	0.052648
3882	7314	0.0717827
4293	7314	0.0717827
5789	7315	0.0703469
6133	7315	0.0703469
7314	7315	0.0703469
7315	7316	0.065525
3879	7316	0.065525
6177	7317	0.0965621
1841	7317	0.0965621
5487	7318	0.105115
1898	7318	0.105115
3560	7319	0.050433
1966	7319	0.050433
3050	7320	0.0494826
7319	7320	0.0494826
7320	7321	0.0461938
6091	7321	0.0461938
5517	7322	0.0648078
4143	7322	0.0648078
7322	7323	0.053284
2001	7323	0.053284
3872	7324	0.0491452
6311	7324	0.0491452
5205	7325	0.128272
4560	7325	0.128272
3265	7326	0.0451523
2645	7326	0.0451523
3657	7327	0.0451236
7326	7327	0.0451236
4655	7328	0.159338
3363	7328	0.159338
7328	7329	0.139182
4484	7329	0.139182
7329	7330	0.0574516
5608	7330	0.0574516
2722	7331	0.0454069
2272	7331	0.0454069
4926	7332	0.0643743
4412	7332	0.0643743
5951	7333	0.0943971
4452	7333	0.0943971
7333	7334	0.0506151
6194	7334	0.0506151
5347	7335	0.0495856
2500	7335	0.0495856
5601	7336	0.0493656
7335	7336	0.0493656
5024	7337	0.0967322
2485	7337	0.0967322
6320	7338	0.0457621
3734	7338	0.0457621
2563	7339	0.0501706
4012	7339	0.0501706
5873	7340	0.0632851
2564	7340	0.0632851
7340	7341	0.0469855
4280	7341	0.0469855
7341	7342	0.0469267
4689	7342	0.0469267
2727	7343	0.0845911
4350	7343	0.0845911
4594	7344	0.10983
4554	7344	0.10983
7344	7345	0.0895834
4595	7345	0.0895834
5312	7346	0.0863651
3315	7346	0.0863651
7346	7347	0.0859457
4670	7347	0.0859457
2840	7348	0.0663236
7347	7348	0.0663236
4159	7349	0.045229
2976	7349	0.045229
3019	7350	0.0459926
3504	7350	0.0459926
3020	7351	0.0789251
4727	7351	0.0789251
3376	7352	0.0709345
5002	7352	0.0709345
6007	7353	0.115775
4576	7353	0.115775
7353	7354	0.107388
5751	7354	0.107388
3473	7355	0.0529842
5651	7355	0.0529842
3538	7356	0.0471876
5057	7356	0.0471876
3602	7357	0.0448606
4391	7357	0.0448606
3955	7358	0.0492776
3821	7358	0.0492776
6286	7359	0.0460449
4883	7359	0.0460449
4251	7360	0.0351837
4681	7360	0.0351837
6221	7361	0.0318481
7360	7361	0.0318481
66	7362	0.0419463
7077	7362	0.0419463
4266	7363	0.0384374
7362	7363	0.0384374
6691	7364	0.034463
1117	7364	0.034463
5626	7365	0.0322702
7364	7365	0.0322702
1726	7366	0.0330434
5142	7366	0.0330434
367	7367	0.0378134
5574	7367	0.0378134
7367	7368	0.0299624
1507	7368	0.0299624
3664	7369	0.0447216
7155	7369	0.0447216
5555	7370	0.0383701
7369	7370	0.0383701
4323	7371	0.0383296
7370	7371	0.0383296
7371	7372	0.0349389
3387	7372	0.0349389
7372	7373	0.0340508
812	7373	0.0340508
7373	7374	0.0296573
1739	7374	0.0296573
6990	7375	0.0444113
7283	7375	0.0444113
7100	7376	0.0443342
4311	7376	0.0443342
7099	7377	0.0403324
7376	7377	0.0403324
7375	7378	0.0389348
7377	7378	0.0389348
2166	7379	0.0366543
7378	7379	0.0366543
7037	7380	0.0406225
3909	7380	0.0406225
7379	7381	0.0338583
4172	7381	0.0338583
7381	7382	0.0335542
2460	7382	0.0335542
7380	7383	0.0332882
7382	7383	0.0332882
7032	7384	0.0424356
4617	7384	0.0424356
7384	7385	0.0300275
3352	7385	0.0300275
7303	7386	0.0412161
2861	7386	0.0412161
3845	7387	0.0368498
7386	7387	0.0368498
4630	7388	0.0366791
7387	7388	0.0366791
4022	7389	0.0365617
3674	7389	0.0365617
7388	7390	0.0347213
7389	7390	0.0347213
7070	7391	0.0426157
6119	7391	0.0426157
1617	7392	0.0424476
453	7392	0.0424476
7392	7393	0.0379403
1941	7393	0.0379403
7393	7394	0.0357498
1130	7394	0.0357498
7391	7395	0.0356412
7394	7395	0.0356412
5093	7396	0.0443337
2769	7396	0.0443337
1929	7397	0.0374795
7396	7397	0.0374795
6997	7398	0.0341226
2864	7398	0.0341226
7247	7399	0.0334782
7395	7399	0.0334782
7390	7400	0.0332224
3855	7400	0.0332224
7399	7401	0.0331621
7400	7401	0.0331621
7138	7402	0.0331214
7401	7402	0.0331214
1694	7403	0.031891
7402	7403	0.031891
7403	7404	0.0312937
2650	7404	0.0312937
41	7405	0.0312016
7404	7405	0.0312016
5953	7406	0.0306331
7405	7406	0.0306331
7397	7407	0.0305958
7406	7407	0.0305958
7398	7408	0.0304558
7407	7408	0.0304558
7408	7409	0.0303199
4038	7409	0.0303199
7173	7410	0.0302068
7409	7410	0.0302068
742	7411	0.0297518
2893	7411	0.0297518
3272	7411	0.0297518
6105	7411	0.0297518
7410	7411	0.0297518
1969	7412	0.0411484
6686	7412	0.0411484
7412	7413	0.0337171
4492	7413	0.0337171
7413	7414	0.0304488
2374	7414	0.0304488
2544	7415	0.0413137
6929	7415	0.0413137
165	7416	0.0379756
17	7416	0.0379756
5877	7417	0.0410662
4283	7417	0.0410662
6892	7418	0.0394651
7417	7418	0.0394651
6693	7419	0.0351296
4214	7419	0.0351296
981	7420	0.0333816
222	7420	0.0333816
3199	7421	0.0328506
7420	7421	0.0328506
2705	7422	0.0328294
7421	7422	0.0328294
4466	7423	0.0323277
7422	7423	0.0323277
1639	7424	0.032059
7423	7424	0.032059
5437	7425	0.0421617
7126	7425	0.0421617
7425	7426	0.0389517
5027	7426	0.0389517
4338	7427	0.0394357
7337	7427	0.0394357
4261	7428	0.0425496
5641	7428	0.0425496
7428	7429	0.0389818
268	7429	0.0389818
1253	7430	0.0404113
4322	7430	0.0404113
4321	7431	0.0387278
6239	7431	0.0387278
7106	7432	0.0391821
680	7432	0.0391821
7101	7433	0.0384006
7432	7433	0.0384006
7190	7434	0.0355328
3135	7434	0.0355328
4994	7435	0.0362514
7321	7435	0.0362514
6979	7436	0.0352004
7435	7436	0.0352004
7434	7437	0.0300933
7436	7437	0.0300933
5020	7438	0.0370901
4226	7438	0.0370901
2060	7439	0.0382492
3613	7439	0.0382492
6760	7440	0.0380861
7439	7440	0.0380861
1947	7441	0.0369692
7440	7441	0.0369692
207	7442	0.0442438
5850	7442	0.0442438
5503	7443	0.0344759
2589	7443	0.0344759
6586	7444	0.0409333
1310	7444	0.0409333
6555	7445	0.0412735
6123	7445	0.0412735
7445	7446	0.0410552
6863	7446	0.0410552
7446	7447	0.0380096
5856	7447	0.0380096
6589	7448	0.0357342
774	7448	0.0357342
6950	7449	0.0427551
3372	7449	0.0427551
6579	7450	0.0409604
7449	7450	0.0409604
5643	7451	0.0402843
7450	7451	0.0402843
4738	7452	0.0400171
3964	7452	0.0400171
7452	7453	0.038743
7451	7453	0.038743
7162	7454	0.0382588
7453	7454	0.0382588
4139	7455	0.0361876
5053	7455	0.0361876
7454	7456	0.0360003
7455	7456	0.0360003
1637	7457	0.0443872
1636	7457	0.0443872
7457	7458	0.0431712
2678	7458	0.0431712
6637	7459	0.0410889
7458	7459	0.0410889
7459	7460	0.0383212
3337	7460	0.0383212
6522	7461	0.0442215
6523	7461	0.0442215
7461	7462	0.0384872
1019	7462	0.0384872
6872	7463	0.0424265
6875	7463	0.0424265
6871	7464	0.0385001
7463	7464	0.0385001
6869	7465	0.0376206
7464	7465	0.0376206
6804	7466	0.0377527
430	7466	0.0377527
3891	7467	0.0446026
82	7467	0.0446026
1602	7468	0.044341
7467	7468	0.044341
5955	7469	0.039879
6751	7469	0.039879
4053	7470	0.0371531
7469	7470	0.0371531
7468	7471	0.0358081
7470	7471	0.0358081
1589	7472	0.035793
7471	7472	0.035793
7231	7473	0.0433954
7233	7473	0.0433954
3835	7474	0.0402279
1700	7474	0.0402279
182	7475	0.0397798
7474	7475	0.0397798
7473	7476	0.0365118
7475	7476	0.0365118
6526	7477	0.044712
6544	7477	0.044712
7477	7478	0.0440177
1819	7478	0.0440177
4257	7479	0.0446705
6184	7479	0.0446705
6632	7480	0.0445862
7024	7480	0.0445862
5259	7481	0.0423713
7480	7481	0.0423713
7481	7482	0.0423444
5913	7482	0.0423444
7479	7483	0.0421676
7482	7483	0.0421676
7483	7484	0.0420501
7355	7484	0.0420501
7253	7485	0.0435943
5084	7485	0.0435943
7485	7486	0.0428667
7254	7486	0.0428667
7486	7487	0.0425444
1324	7487	0.0425444
3578	7488	0.0410592
4767	7488	0.0410592
7478	7489	0.0420108
7484	7489	0.0420108
4271	7490	0.0413177
7489	7490	0.0413177
7490	7491	0.0413148
3520	7491	0.0413148
2017	7492	0.0411169
7491	7492	0.0411169
7075	7493	0.0408996
7492	7493	0.0408996
7336	7494	0.0403918
7488	7494	0.0403918
7493	7495	0.0401067
7487	7495	0.0401067
7495	7496	0.0399417
2112	7496	0.0399417
7494	7497	0.0399106
7496	7497	0.0399106
4089	7498	0.0394962
7497	7498	0.0394962
6701	7499	0.0445659
6727	7499	0.0445659
6703	7500	0.0439095
7499	7500	0.0439095
7500	7501	0.043727
3430	7501	0.043727
7501	7502	0.0433998
3670	7502	0.0433998
7502	7503	0.0429582
3282	7503	0.0429582
5354	7504	0.0405595
7503	7504	0.0405595
1233	7505	0.0433086
6743	7505	0.0433086
7248	7506	0.0441154
4366	7506	0.0441154
7505	7507	0.0414791
7506	7507	0.0414791
7507	7508	0.0405701
6881	7508	0.0405701
6764	7509	0.0399995
7508	7509	0.0399995
6745	7510	0.0423908
4348	7510	0.0423908
6824	7511	0.0415974
2039	7511	0.0415974
7302	7512	0.0406679
7511	7512	0.0406679
6829	7513	0.0429105
6107	7513	0.0429105
5844	7514	0.0416834
7513	7514	0.0416834
7514	7515	0.0416757
6021	7515	0.0416757
7194	7516	0.0448171
1284	7516	0.0448171
3191	7517	0.0438426
7285	7517	0.0438426
3571	7518	0.040487
1960	7518	0.040487
2288	7519	0.0402718
7518	7519	0.0402718
3836	7520	0.0415402
5784	7520	0.0415402
7504	7521	0.037651
5375	7521	0.037651
6796	7522	0.0376269
7521	7522	0.0376269
7522	7523	0.0375473
4784	7523	0.0375473
7074	7524	0.0393086
638	7524	0.0393086
7331	7525	0.0394381
7498	7525	0.0394381
7525	7526	0.0391719
7519	7526	0.0391719
2794	7527	0.0390197
7526	7527	0.0390197
7509	7528	0.0394572
2229	7528	0.0394572
485	7529	0.0389757
3280	7529	0.0389757
7527	7530	0.0387119
7359	7530	0.0387119
7528	7530	0.0387119
7510	7530	0.0387119
6880	7530	0.0387119
7529	7530	0.0387119
7530	7531	0.03827
3637	7531	0.03827
4795	7532	0.0380144
7531	7532	0.0380144
6520	7533	0.0379293
7532	7533	0.0379293
6971	7534	0.0377983
7533	7534	0.0377983
7236	7535	0.0376551
7534	7535	0.0376551
6821	7536	0.0391328
7515	7536	0.0391328
7512	7537	0.0388836
7536	7537	0.0388836
7537	7538	0.0378142
7520	7538	0.0378142
2324	7539	0.0393608
2094	7539	0.0393608
2533	7540	0.0391745
4490	7540	0.0391745
7535	7541	0.0371847
5296	7541	0.0371847
7541	7542	0.0371419
7540	7542	0.0371419
7542	7543	0.0370969
6126	7543	0.0370969
7524	7544	0.0370682
7543	7544	0.0370682
2428	7545	0.0369387
4597	7545	0.0369387
7523	7546	0.0366962
7544	7546	0.0366962
7539	7546	0.0366962
7546	7547	0.0366774
7538	7547	0.0366774
6121	7547	0.0366774
7547	7548	0.0365503
40	7548	0.0365503
7548	7549	0.0364114
7545	7549	0.0364114
7549	7550	0.03636
1746	7550	0.03636
7550	7551	0.0362328
2175	7551	0.0362328
3863	7552	0.0362051
7551	7552	0.0362051
2448	7553	0.0361246
7552	7553	0.0361246
7553	7554	0.0360982
3682	7554	0.0360982
6719	7555	0.0360011
7554	7555	0.0360011
672	7556	0.0359821
7555	7556	0.0359821
7556	7557	0.0358487
7516	7557	0.0358487
7517	7558	0.0358264
7557	7558	0.0358264
3283	7559	0.0358213
7558	7559	0.0358213
2644	7560	0.035659
7559	7560	0.035659
686	7561	0.0436273
6641	7561	0.0436273
7561	7562	0.0356279
5418	7562	0.0356279
6864	7563	0.0420678
2867	7563	0.0420678
2066	7564	0.0381737
976	7564	0.0381737
6025	7565	0.0378364
7564	7565	0.0378364
6299	7566	0.0376293
7565	7566	0.0376293
2063	7567	0.0364265
7566	7567	0.0364265
1049	7568	0.0359845
7567	7568	0.0359845
6836	7569	0.0437838
6849	7569	0.0437838
7569	7570	0.0410825
2510	7570	0.0410825
7570	7571	0.0404717
441	7571	0.0404717
7571	7572	0.0357447
2512	7572	0.0357447
7345	7573	0.0428901
2826	7573	0.0428901
6647	7574	0.0414446
7573	7574	0.0414446
6658	7575	0.0448022
2414	7575	0.0448022
7575	7576	0.0416583
1877	7576	0.0416583
7576	7577	0.0391417
4686	7577	0.0391417
2404	7578	0.0367432
7577	7578	0.0367432
590	7579	0.0374837
2908	7579	0.0374837
6670	7580	0.0359769
7579	7580	0.0359769
1391	7581	0.0439634
6779	7581	0.0439634
6909	7582	0.0387784
310	7582	0.0387784
7581	7583	0.0370045
7582	7583	0.0370045
6959	7584	0.0440191
5331	7584	0.0440191
7584	7585	0.0384582
1592	7585	0.0384582
5324	7586	0.0379331
5202	7586	0.0379331
7585	7587	0.0377301
7586	7587	0.0377301
7587	7588	0.0362572
4844	7588	0.0362572
835	7589	0.0376628
6759	7589	0.0376628
7589	7590	0.0370941
3656	7590	0.0370941
6767	7591	0.0393852
140	7591	0.0393852
6778	7592	0.0446475
2600	7592	0.0446475
7592	7593	0.0434484
6982	7593	0.0434484
188	7594	0.0400424
324	7594	0.0400424
1417	7595	0.0404864
7124	7595	0.0404864
1832	7596	0.038855
7595	7596	0.038855
2613	7597	0.0376047
7596	7597	0.0376047
7122	7598	0.0369474
7597	7598	0.0369474
2985	7599	0.0368089
7598	7599	0.0368089
7123	7600	0.0357938
7599	7600	0.0357938
6831	7601	0.0427142
218	7601	0.0427142
6889	7602	0.0374456
1203	7602	0.0374456
313	7603	0.0402905
5813	7603	0.0402905
573	7604	0.0390052
7603	7604	0.0390052
6145	7605	0.0447708
7238	7605	0.0447708
7605	7606	0.0430487
5899	7606	0.0430487
7237	7607	0.0372276
7606	7607	0.0372276
6991	7608	0.0426801
7305	7608	0.0426801
7608	7609	0.0400536
1724	7609	0.0400536
3503	7610	0.0420078
2150	7610	0.0420078
7035	7611	0.0416583
2504	7611	0.0416583
7338	7612	0.0366286
7611	7612	0.0366286
4776	7613	0.0436669
7007	7613	0.0436669
7613	7614	0.0417991
1060	7614	0.0417991
7277	7615	0.0421613
1221	7615	0.0421613
7275	7616	0.0373277
7615	7616	0.0373277
7061	7617	0.0402405
4580	7617	0.0402405
7045	7618	0.0385204
7617	7618	0.0385204
7618	7619	0.0382888
2319	7619	0.0382888
5054	7620	0.0369937
7619	7620	0.0369937
7334	7621	0.0445552
5577	7621	0.0445552
7621	7622	0.0444917
6016	7622	0.0444917
7622	7623	0.0430967
5890	7623	0.0430967
7623	7624	0.040748
2285	7624	0.040748
7332	7625	0.0362197
7624	7625	0.0362197
7281	7626	0.0355509
7625	7626	0.0355509
7083	7627	0.0385372
4837	7627	0.0385372
7627	7628	0.0377739
6226	7628	0.0377739
7089	7629	0.0369184
7095	7629	0.0369184
7219	7630	0.0390836
7221	7630	0.0390836
669	7631	0.0366681
7630	7631	0.0366681
1445	7632	0.0424182
7121	7632	0.0424182
7632	7633	0.0380042
3547	7633	0.0380042
7136	7634	0.0446846
2505	7634	0.0446846
3582	7635	0.0408941
821	7635	0.0408941
7635	7636	0.0392037
3320	7636	0.0392037
3493	7637	0.037383
7636	7637	0.037383
5479	7638	0.0446734
1297	7638	0.0446734
7209	7639	0.0434381
7638	7639	0.0434381
7639	7640	0.0383483
1114	7640	0.0383483
7640	7641	0.0366739
4018	7641	0.0366739
7222	7642	0.0433845
5928	7642	0.0433845
7226	7643	0.0377208
3550	7643	0.0377208
1069	7644	0.0421764
2343	7644	0.0421764
1271	7644	0.0421764
7291	7645	0.0395477
1968	7645	0.0395477
7645	7646	0.0387917
4849	7646	0.0387917
3037	7647	0.0386121
3183	7647	0.0386121
4313	7648	0.0376061
7646	7648	0.0376061
7648	7649	0.035719
7647	7649	0.035719
2847	7650	0.0419079
7324	7650	0.0419079
7342	7651	0.0367466
4517	7651	0.0367466
2568	7652	0.0358019
4017	7652	0.0358019
2723	7653	0.0430536
3790	7653	0.0430536
5231	7654	0.0403904
3034	7654	0.0403904
5755	7655	0.0376421
4236	7655	0.0376421
7444	7656	0.0322992
3462	7656	0.0322992
7447	7657	0.033718
7626	7657	0.033718
7456	7658	0.0354222
7580	7658	0.0354222
4223	7659	0.0346729
4851	7659	0.0346729
7658	7659	0.0346729
7659	7660	0.0334588
72	7660	0.0334588
3543	7661	0.0326927
7660	7661	0.0326927
194	7662	0.0338721
7460	7662	0.0338721
7662	7663	0.032297
7601	7663	0.032297
7462	7664	0.0323174
1029	7664	0.0323174
1372	7665	0.0331473
952	7665	0.0331473
6913	7666	0.0352997
4030	7666	0.0352997
7666	7667	0.0350716
2311	7667	0.0350716
7667	7668	0.0345576
4885	7668	0.0345576
7026	7669	0.0346868
7029	7669	0.0346868
4315	7670	0.0354042
7560	7670	0.0354042
7670	7671	0.0353587
6117	7671	0.0353587
2155	7672	0.0350416
7671	7672	0.0350416
7672	7673	0.0349991
2177	7673	0.0349991
4277	7674	0.034859
7673	7674	0.034859
4535	7675	0.0348937
5657	7675	0.0348937
7674	7676	0.0348489
7643	7676	0.0348489
7676	7677	0.0348426
3107	7677	0.0348426
7677	7678	0.0348334
562	7678	0.0348334
7678	7679	0.0348305
7675	7679	0.0348305
4888	7680	0.0347213
5457	7680	0.0347213
7679	7680	0.0347213
7650	7681	0.0347096
7680	7681	0.0347096
2967	7682	0.0346213
7472	7682	0.0346213
7642	7683	0.0344459
7681	7683	0.0344459
7683	7684	0.034285
5968	7684	0.034285
7684	7685	0.0342709
4602	7685	0.0342709
4162	7686	0.0342533
7685	7686	0.0342533
6897	7687	0.0342286
7686	7687	0.0342286
7476	7688	0.0342256
7687	7688	0.0342256
7682	7689	0.0340993
7688	7689	0.0340993
7466	7690	0.0340387
7689	7690	0.0340387
1275	7691	0.0337744
7690	7691	0.0337744
7578	7692	0.0342365
7588	7692	0.0342365
1944	7693	0.0350036
7609	7693	0.0350036
6259	7694	0.0340863
7693	7694	0.0340863
483	7695	0.0336151
7691	7695	0.0336151
7465	7696	0.0334827
7695	7696	0.0334827
7641	7697	0.0333291
7696	7697	0.0333291
7697	7698	0.0332853
1133	7698	0.0332853
7698	7699	0.0332374
683	7699	0.0332374
7699	7700	0.0330962
6216	7700	0.0330962
7669	7701	0.0330935
7700	7701	0.0330935
7668	7702	0.0330824
7701	7702	0.0330824
7633	7703	0.0330509
7702	7703	0.0330509
965	7703	0.0330509
7703	7704	0.033049
7631	7704	0.033049
7448	7705	0.0328395
7704	7705	0.0328395
7583	7706	0.0334179
7590	7706	0.0334179
217	7707	0.0330029
7612	7707	0.0330029
3474	7708	0.0329603
7707	7708	0.0329603
7354	7709	0.0334855
3443	7709	0.0334855
7616	7710	0.0329557
7709	7710	0.0329557
7694	7711	0.0327039
2648	7711	0.0327039
4230	7712	0.0328062
7705	7712	0.0328062
7712	7713	0.0327412
7710	7713	0.0327412
7713	7714	0.0324773
7692	7714	0.0324773
7706	7714	0.0324773
7714	7715	0.0324428
7644	7715	0.0324428
7574	7716	0.0323978
7715	7716	0.0323978
3311	7717	0.0323694
450	7717	0.0323694
7195	7718	0.0323537
4723	7718	0.0323537
7716	7719	0.0322721
3933	7719	0.0322721
7711	7720	0.0321674
7629	7720	0.0321674
7719	7720	0.0321674
7708	7720	0.0321674
7717	7720	0.0321674
7720	7721	0.0321024
491	7721	0.0321024
7721	7722	0.0320274
7718	7722	0.0320274
7722	7723	0.0319984
885	7723	0.0319984
7723	7724	0.0318429
3639	7724	0.0318429
7655	7724	0.0318429
7563	7725	0.0347114
247	7725	0.0347114
6085	7726	0.033286
7568	7726	0.033286
3141	7727	0.0331546
7725	7727	0.0331546
7726	7728	0.0326927
1730	7728	0.0326927
7727	7729	0.0319739
7728	7729	0.0319739
6834	7730	0.035535
6144	7730	0.035535
311	7731	0.03286
55	7731	0.03286
7572	7732	0.0321072
7731	7732	0.0321072
110	7733	0.0333036
1224	7733	0.0333036
2837	7734	0.0333797
7594	7734	0.0333797
5454	7735	0.0323514
7734	7735	0.0323514
7593	7736	0.0335095
5442	7736	0.0335095
7637	7737	0.0345277
4186	7737	0.0345277
5718	7738	0.0339173
7737	7738	0.0339173
3027	7739	0.0354023
7600	7739	0.0354023
7604	7740	0.0320725
5315	7740	0.0320725
7620	7741	0.0348461
1313	7741	0.0348461
6973	7742	0.0331099
559	7742	0.0331099
7607	7743	0.0337547
5639	7743	0.0337547
6277	7744	0.0352852
7628	7744	0.0352852
7744	7745	0.0348219
640	7745	0.0348219
7745	7746	0.0346378
1380	7746	0.0346378
3609	7747	0.03189
727	7747	0.03189
4527	7748	0.0341785
7634	7748	0.0341785
3842	7749	0.0332251
7748	7749	0.0332251
1738	7750	0.0332773
7649	7750	0.0332773
2354	7751	0.0352286
1556	7751	0.0352286
4745	7752	0.0324466
7751	7752	0.0324466
3364	7753	0.0333987
4842	7753	0.0333987
1709	7754	0.0329103
7753	7754	0.0329103
2464	7755	0.0319372
4693	7755	0.0319372
7651	7756	0.0336228
4508	7756	0.0336228
7756	7757	0.0334984
5317	7757	0.0334984
3149	7758	0.0307711
5884	7758	0.0307711
7663	7759	0.0306567
7758	7759	0.0306567
7562	7760	0.0311611
3950	7760	0.0311611
7653	7761	0.031063
7760	7761	0.031063
7761	7762	0.0307626
2712	7762	0.0307626
6855	7763	0.031438
7665	7763	0.031438
6674	7764	0.0317461
7724	7764	0.0317461
7764	7765	0.0316798
7654	7765	0.0316798
7765	7766	0.0315025
198	7766	0.0315025
7614	7767	0.0314937
7766	7767	0.0314937
7767	7768	0.0314682
7754	7768	0.0314682
7739	7769	0.0314395
7768	7769	0.0314395
4685	7769	0.0314395
7769	7770	0.0314328
7743	7770	0.0314328
3326	7771	0.031402
7770	7771	0.031402
7657	7772	0.0313766
5889	7772	0.0313766
7772	7773	0.0312996
6141	7773	0.0312996
7771	7774	0.031396
7749	7774	0.031396
7774	7775	0.0313319
7747	7775	0.0313319
7664	7776	0.0312518
7775	7776	0.0312518
5374	7777	0.0312351
7776	7777	0.0312351
7777	7778	0.0312079
7652	7778	0.0312079
7773	7779	0.0312039
7778	7779	0.0312039
7735	7780	0.0311689
2451	7780	0.0311689
2777	7781	0.0318042
7736	7781	0.0318042
7781	7782	0.0313564
427	7782	0.0313564
7779	7783	0.0311672
7729	7783	0.0311672
7783	7784	0.0311501
7732	7784	0.0311501
7784	7785	0.031142
4483	7785	0.031142
7785	7786	0.0309856
5817	7786	0.0309856
7786	7787	0.0309333
168	7787	0.0309333
7787	7788	0.0309186
7780	7788	0.0309186
135	7788	0.0309186
693	7789	0.030866
7788	7789	0.030866
7098	7790	0.0308591
7789	7790	0.0308591
5038	7791	0.031073
4019	7791	0.031073
7790	7792	0.0308583
7750	7792	0.0308583
232	7793	0.0307958
7792	7793	0.0307958
7793	7794	0.0307842
7782	7794	0.0307842
2756	7794	0.0307842
3567	7795	0.0307733
7794	7795	0.0307733
7733	7796	0.0307581
7795	7796	0.0307581
3406	7797	0.0306869
7796	7797	0.0306869
4812	7798	0.0306462
7797	7798	0.0306462
1722	7799	0.0305972
7602	7799	0.0305972
7798	7799	0.0305972
3977	7799	0.0305972
7791	7799	0.0305972
7746	7800	0.0315406
1343	7800	0.0315406
7800	7801	0.0312221
6051	7801	0.0312221
6547	7802	0.030772
7801	7802	0.030772
7591	7803	0.0310303
365	7803	0.0310303
7803	7804	0.03063
5664	7804	0.03063
7738	7805	0.0311315
189	7805	0.0311315
7805	7806	0.0306981
881	7806	0.0306981
7311	7807	0.0306846
1752	7807	0.0306846
7740	7808	0.0313687
2818	7808	0.0313687
7808	7809	0.0312024
904	7809	0.0312024
6964	7810	0.0308455
1472	7810	0.0308455
7741	7811	0.0310811
7757	7811	0.0310811
7811	7812	0.0310652
7742	7812	0.0310652
7812	7813	0.0306424
1411	7813	0.0306424
4847	7814	0.0313548
3271	7814	0.0313548
1509	7815	0.0316126
6211	7815	0.0316126
7799	7816	0.0305554
1491	7816	0.0305554
7759	7817	0.0305179
7816	7817	0.0305179
7610	7818	0.0304595
7817	7818	0.0304595
6061	7819	0.0304103
7818	7819	0.0304103
1131	7820	0.0303869
7819	7820	0.0303869
7820	7821	0.0303188
7802	7821	0.0303188
7821	7822	0.0302898
4507	7822	0.0302898
7822	7823	0.0302636
2894	7823	0.0302636
2361	7824	0.0302166
7823	7824	0.0302166
7763	7825	0.0301919
7824	7825	0.0301919
7813	7825	0.0301919
7762	7826	0.0301666
7825	7826	0.0301666
7826	7827	0.0301327
7815	7827	0.0301327
7755	7828	0.0301891
5590	7828	0.0301891
7827	7829	0.0300995
6055	7829	0.0300995
7829	7830	0.0300892
7828	7830	0.0300892
7830	7831	0.0300257
5713	7831	0.0300257
7831	7832	0.0299598
4960	7832	0.0299598
7832	7833	0.0299236
5872	7833	0.0299236
7661	7834	0.0299217
7833	7834	0.0299217
7834	7835	0.0298768
5870	7835	0.0298768
7835	7836	0.0298748
7807	7836	0.0298748
7809	7836	0.0298748
7836	7837	0.0298373
4305	7837	0.0298373
3931	7838	0.0298069
7837	7838	0.0298069
7838	7839	0.0297958
929	7839	0.0297958
7357	7840	0.0297762
7839	7840	0.0297762
1367	7841	0.0297679
7840	7841	0.0297679
7841	7842	0.0297142
7810	7842	0.0297142
788	7843	0.030497
7806	7843	0.030497
7842	7844	0.0296662
178	7844	0.0296662
7844	7845	0.0296573
1096	7845	0.0296573
7845	7846	0.0296504
2282	7846	0.0296504
7656	7847	0.0295885
5273	7847	0.0295885
7847	7848	0.0295701
7846	7848	0.0295701
7164	7849	0.0295479
7848	7849	0.0295479
7849	7850	0.0295434
2040	7850	0.0295434
7850	7851	0.0295409
2081	7851	0.0295409
2853	7852	0.0295228
1014	7852	0.0295228
7851	7852	0.0295228
113	7853	0.0294935
7852	7853	0.0294935
7853	7854	0.0294579
2680	7854	0.0294579
6766	7855	0.0295719
7804	7855	0.0295719
7814	7856	0.0296436
5822	7856	0.0296436
7854	7857	0.029422
4800	7857	0.029422
7857	7858	0.0294209
5868	7858	0.0294209
7858	7859	0.0293978
547	7859	0.0293978
7859	7860	0.0293426
6023	7860	0.0293426
7860	7861	0.0293339
7843	7861	0.0293339
7861	7862	0.0293254
3475	7862	0.0293254
7108	7863	0.0293534
7856	7863	0.0293534
7862	7864	0.0293177
4722	7864	0.0293177
7864	7865	0.0292908
3038	7865	0.0292908
7730	7866	0.0292767
7865	7866	0.0292767
7866	7867	0.029263
7855	7867	0.029263
3071	7867	0.029263
7863	7867	0.029263
7752	7867	0.029263
7867	7868	0.0292541
1121	7868	0.0292541
7868	7869	0.0292529
15	7869	0.0292529
3392	7870	0.0430849
23	7870	0.0430849
2289	7871	0.0406728
4462	7871	0.0406728
6865	7872	0.0418125
6867	7872	0.0418125
3065	7873	0.0437138
2468	7873	0.0437138
7872	7874	0.0387489
7873	7874	0.0387489
3368	7875	0.0446356
7210	7875	0.0446356
7874	7876	0.0357812
7875	7876	0.0357812
543	7877	0.0343051
7876	7877	0.0343051
5075	7878	0.0341938
7877	7878	0.0341938
6945	7879	0.0339285
7878	7879	0.0339285
5609	7880	0.0331291
1236	7880	0.0331291
7879	7881	0.0330464
7880	7881	0.0330464
3669	7882	0.0319212
7881	7882	0.0319212
328	7883	0.0318593
7882	7883	0.0318593
7883	7884	0.0307683
966	7884	0.0307683
7884	7885	0.0303621
387	7885	0.0303621
7885	7886	0.0299387
1227	7886	0.0299387
2197	7887	0.0298181
7886	7887	0.0298181
18	7888	0.0416258
7265	7888	0.0416258
5935	7889	0.041572
7888	7889	0.041572
6557	7890	0.0340274
1713	7890	0.0340274
1712	7891	0.0322245
7890	7891	0.0322245
6558	7892	0.0352838
28	7892	0.0352838
492	7893	0.0373456
3401	7893	0.0373456
538	7894	0.0370425
7893	7894	0.0370425
2566	7895	0.0370127
7894	7895	0.0370127
2472	7896	0.0369761
7895	7896	0.0369761
2231	7897	0.0369403
7896	7897	0.0369403
2821	7898	0.0364341
7897	7898	0.0364341
6646	7899	0.0402255
3545	7899	0.0402255
6655	7900	0.0439634
5003	7900	0.0439634
7900	7901	0.0381026
4801	7901	0.0381026
1169	7902	0.0294077
7901	7902	0.0294077
6659	7903	0.033871
6661	7903	0.033871
4067	7904	0.0387078
3644	7904	0.0387078
6672	7905	0.0378563
7904	7905	0.0378563
3883	7906	0.0295933
7905	7906	0.0295933
3580	7907	0.0437072
6903	7907	0.0437072
7907	7908	0.0413444
4725	7908	0.0413444
7908	7909	0.036997
4589	7909	0.036997
6981	7910	0.0424084
426	7910	0.0424084
6675	7911	0.0304521
7910	7911	0.0304521
1794	7912	0.0303753
7911	7912	0.0303753
7909	7913	0.0303724
7912	7913	0.0303724
3711	7914	0.0440271
1086	7914	0.0440271
6932	7915	0.0364596
2889	7915	0.0364596
7915	7916	0.0340679
5299	7916	0.0340679
7187	7917	0.0436497
879	7917	0.0436497
6936	7918	0.0333872
7917	7918	0.0333872
7916	7919	0.0331051
5956	7919	0.0331051
7918	7920	0.0330622
7919	7920	0.0330622
6980	7921	0.0388154
5338	7921	0.0388154
95	7922	0.037634
7921	7922	0.037634
1550	7923	0.0429802
1356	7923	0.0429802
105	7924	0.0408175
7923	7924	0.0408175
7030	7925	0.0402156
3963	7925	0.0402156
7925	7926	0.0338489
7924	7926	0.0338489
7926	7927	0.0322237
1871	7927	0.0322237
4915	7928	0.0381141
108	7928	0.0381141
6695	7929	0.037816
482	7929	0.037816
6788	7930	0.0413343
1876	7930	0.0413343
7930	7931	0.0323926
406	7931	0.0323926
2718	7932	0.0301865
7931	7932	0.0301865
6820	7933	0.0413437
3440	7933	0.0413437
7933	7934	0.032814
1323	7934	0.032814
4971	7935	0.0352141
1110	7935	0.0352141
875	7936	0.0348575
4773	7936	0.0348575
210	7937	0.0304297
7936	7937	0.0304297
7935	7938	0.0341986
1067	7938	0.0341986
7937	7939	0.0303718
7938	7939	0.0303718
6185	7940	0.0432605
6832	7940	0.0432605
1381	7941	0.0427342
7940	7941	0.0427342
7941	7942	0.0373669
3497	7942	0.0373669
7942	7943	0.0361172
4090	7943	0.0361172
6858	7944	0.0343027
3351	7944	0.0343027
6877	7945	0.0415109
1336	7945	0.0415109
7040	7946	0.0377407
7945	7946	0.0377407
2416	7947	0.0372717
7946	7947	0.0372717
7947	7948	0.0315455
265	7948	0.0315455
2334	7949	0.0428134
7349	7949	0.0428134
4028	7950	0.0421161
7949	7950	0.0421161
697	7951	0.0311358
3822	7951	0.0311358
297	7952	0.041091
3825	7952	0.041091
7952	7953	0.0320552
5828	7953	0.0320552
4559	7954	0.0370882
4440	7954	0.0370882
304	7955	0.0309765
2088	7955	0.0309765
7954	7956	0.0307099
7955	7956	0.0307099
6921	7957	0.0314956
1392	7957	0.0314956
2136	7958	0.037383
1317	7958	0.037383
6924	7959	0.0308628
358	7959	0.0308628
362	7960	0.035719
2117	7960	0.035719
4080	7961	0.0352743
7960	7961	0.0352743
651	7962	0.0350716
7961	7962	0.0350716
7129	7963	0.0429829
5392	7963	0.0429829
364	7964	0.031944
7963	7964	0.031944
6930	7965	0.039644
534	7965	0.039644
7212	7966	0.0386183
7330	7966	0.0386183
6081	7967	0.0372134
5814	7967	0.0372134
398	7968	0.0369539
7967	7968	0.0369539
3607	7969	0.0434381
2187	7969	0.0434381
5894	7970	0.0380317
7969	7970	0.0380317
7970	7971	0.0369854
399	7971	0.0369854
7971	7972	0.0359377
1175	7972	0.0359377
1579	7973	0.0316114
436	7973	0.0316114
3091	7974	0.0422946
439	7974	0.0422946
7974	7975	0.0339116
3361	7975	0.0339116
7975	7976	0.0312375
705	7976	0.0312375
1518	7977	0.0327935
2058	7977	0.0327935
2827	7978	0.0384272
3610	7978	0.0384272
2750	7979	0.0436327
7225	7979	0.0436327
4036	7980	0.0384872
7979	7980	0.0384872
512	7981	0.0322981
1100	7981	0.0322981
4355	7982	0.0321499
5032	7982	0.0321499
7982	7983	0.0301757
1124	7983	0.0301757
7983	7984	0.0297392
715	7984	0.0297392
7062	7985	0.0430193
2335	7985	0.0430193
7985	7986	0.0403302
5213	7986	0.0403302
7986	7987	0.038789
566	7987	0.038789
3264	7988	0.0356072
2761	7988	0.0356072
5230	7989	0.0359335
4122	7989	0.0359335
7988	7990	0.0311196
7989	7990	0.0311196
7987	7991	0.030099
7990	7991	0.030099
3854	7992	0.0295553
7991	7992	0.0295553
3459	7993	0.0404765
7327	7993	0.0404765
755	7994	0.038912
7993	7994	0.038912
7325	7995	0.0386022
7994	7995	0.0386022
7293	7996	0.0375683
7995	7996	0.0375683
2122	7997	0.0369799
7996	7997	0.0369799
4642	7998	0.0359506
7997	7998	0.0359506
7198	7999	0.034605
2200	7999	0.034605
7999	8000	0.0340423
2281	8000	0.0340423
8000	8001	0.0312855
1750	8001	0.0312855
7998	8002	0.0292823
8001	8002	0.0292823
4973	8003	0.0358652
4205	8003	0.0358652
3820	8004	0.0353565
4880	8004	0.0353565
7317	8005	0.036413
4106	8005	0.036413
7323	8006	0.03531
8005	8006	0.03531
8006	8007	0.0351078
5533	8007	0.0351078
8007	8008	0.0339858
6064	8008	0.0339858
3075	8009	0.0336437
6151	8009	0.0336437
7128	8010	0.0349094
3375	8010	0.0349094
792	8011	0.030046
3143	8011	0.030046
4529	8012	0.0429522
4352	8012	0.0429522
1650	8013	0.0422771
853	8013	0.0422771
8012	8013	0.0422771
8013	8014	0.0306443
4550	8014	0.0306443
7292	8015	0.0413929
2115	8015	0.0413929
7180	8016	0.0406903
8015	8016	0.0406903
7203	8017	0.0352822
3347	8017	0.0352822
8017	8018	0.0300644
957	8018	0.0300644
4072	8019	0.0307351
993	8019	0.0307351
1431	8020	0.0397036
2760	8020	0.0397036
8020	8021	0.0376944
3947	8021	0.0376944
8021	8022	0.0320257
4981	8022	0.0320257
7286	8023	0.0299128
8022	8023	0.0299128
1536	8024	0.030059
1062	8024	0.030059
6050	8025	0.0334949
1485	8025	0.0334949
2540	8026	0.0334419
8025	8026	0.0334419
5179	8027	0.0362549
6084	8027	0.0362549
5512	8028	0.0300608
8027	8028	0.0300608
1113	8029	0.0383024
3407	8029	0.0383024
4564	8030	0.0328827
1161	8030	0.0328827
6013	8031	0.04482
7259	8031	0.04482
8031	8032	0.0364913
1923	8032	0.0364913
3802	8033	0.0445878
7262	8033	0.0445878
1892	8034	0.0428878
8033	8034	0.0428878
7272	8035	0.0340199
2283	8035	0.0340199
1213	8036	0.0309783
5022	8036	0.0309783
6099	8036	0.0309783
5679	8037	0.0319567
3394	8037	0.0319567
8037	8038	0.0305502
3792	8038	0.0305502
7289	8039	0.0395984
1464	8039	0.0395984
3333	8040	0.031128
2255	8040	0.031128
6154	8041	0.0430728
7339	8041	0.0430728
8041	8042	0.0339554
1501	8042	0.0339554
7294	8043	0.0365904
5575	8043	0.0365904
7295	8044	0.0309032
2897	8044	0.0309032
6028	8045	0.0322162
4098	8045	0.0322162
8045	8046	0.0298367
1989	8046	0.0298367
6020	8047	0.0380933
2382	8047	0.0380933
3890	8048	0.0327241
1661	8048	0.0327241
1698	8049	0.0345238
1970	8049	0.0345238
5330	8049	0.0345238
2178	8050	0.032441
8049	8050	0.032441
7306	8051	0.0319877
2265	8051	0.0319877
7316	8052	0.0408507
3690	8052	0.0408507
8052	8053	0.0320083
1769	8053	0.0320083
2741	8054	0.0404318
2250	8054	0.0404318
8054	8055	0.0299186
1945	8055	0.0299186
4708	8056	0.0325258
1975	8056	0.0325258
2435	8057	0.0360523
3570	8057	0.0360523
8057	8058	0.0335695
4933	8058	0.0335695
8058	8059	0.0310556
4399	8059	0.0310556
2772	8060	0.0301193
6210	8060	0.0301193
3500	8061	0.029268
2966	8061	0.029268
6308	8062	0.0301258
3684	8062	0.0301258
5800	8063	0.0335597
3255	8063	0.0335597
7044	8064	0.0250045
7246	8064	0.0250045
1079	8065	0.0291556
7953	8065	0.0291556
136	8066	0.0257203
8065	8066	0.0257203
1831	8067	0.0264388
7433	8067	0.0264388
8067	8068	0.0264236
7437	8068	0.0264236
2140	8069	0.02913
2783	8069	0.02913
3416	8070	0.0286814
8069	8070	0.0286814
4818	8071	0.0281359
8070	8071	0.0281359
8071	8072	0.0278789
990	8072	0.0278789
3044	8073	0.0277664
8072	8073	0.0277664
6135	8074	0.0256092
3929	8074	0.0256092
8073	8075	0.0250833
8074	8075	0.0250833
5216	8076	0.0281805
7438	8076	0.0281805
8018	8077	0.0268767
4250	8077	0.0268767
8077	8078	0.0264511
6224	8078	0.0264511
2011	8079	0.0262016
8078	8079	0.0262016
2523	8080	0.0290766
7218	8080	0.0290766
2277	8081	0.0269397
461	8081	0.0269397
7980	8082	0.0249881
8081	8082	0.0249881
2965	8083	0.0258199
4947	8083	0.0258199
1066	8084	0.0252439
3465	8084	0.0252439
7374	8085	0.0286779
2997	8085	0.0286779
1781	8086	0.0273125
5208	8086	0.0273125
6305	8087	0.0292287
7913	8087	0.0292287
7957	8088	0.0284909
339	8088	0.0284909
7383	8089	0.0291789
7411	8089	0.0291789
8089	8090	0.0290231
865	8090	0.0290231
4431	8091	0.0292301
7869	8091	0.0292301
7414	8092	0.0292262
8091	8092	0.0292262
5160	8093	0.0291688
8092	8093	0.0291688
8093	8094	0.0291357
5952	8094	0.0291357
8094	8095	0.02912
4618	8095	0.02912
1475	8096	0.0291145
8095	8096	0.0291145
8096	8097	0.029088
8040	8097	0.029088
7365	8098	0.0290308
8097	8098	0.0290308
7282	8099	0.0290007
8098	8099	0.0290007
8099	8100	0.0289956
2476	8100	0.0289956
8100	8101	0.0289761
296	8101	0.0289761
3878	8102	0.0289725
8101	8102	0.0289725
7870	8103	0.0290447
7887	8103	0.0290447
8090	8104	0.0289427
8102	8104	0.0289427
7415	8105	0.0289034
8104	8105	0.0289034
8105	8106	0.0288976
5012	8106	0.0288976
7156	8107	0.0288656
8106	8107	0.0288656
8107	8108	0.0288169
4966	8108	0.0288169
496	8108	0.0288169
8108	8109	0.02876
2503	8109	0.02876
1140	8110	0.0287486
8109	8110	0.0287486
8110	8111	0.0286471
8035	8111	0.0286471
8111	8112	0.0286408
96	8112	0.0286408
8112	8113	0.0286306
8103	8113	0.0286306
8113	8114	0.0285929
5249	8114	0.0285929
8114	8115	0.0285307
684	8115	0.0285307
8004	8116	0.0287817
8023	8116	0.0287817
8116	8117	0.028577
1991	8117	0.028577
5733	8118	0.0289054
4879	8118	0.0289054
5669	8119	0.0285284
8115	8119	0.0285284
8119	8120	0.0284884
1535	8120	0.0284884
7309	8121	0.0284836
8120	8121	0.0284836
8121	8122	0.0284675
1803	8122	0.0284675
6860	8123	0.0284588
8122	8123	0.0284588
8123	8124	0.0283871
6313	8124	0.0283871
8124	8125	0.0283561
5506	8125	0.0283561
8125	8126	0.0283379
4262	8126	0.0283379
8126	8127	0.0283298
4086	8127	0.0283298
171	8128	0.0283205
8127	8128	0.0283205
154	8129	0.0283116
8128	8129	0.0283116
5523	8130	0.0283067
8129	8130	0.0283067
8130	8131	0.0283043
3000	8131	0.0283043
8008	8132	0.0285196
8117	8132	0.0285196
3683	8133	0.0284659
8132	8133	0.0284659
8131	8134	0.0283022
8133	8134	0.0283022
8134	8135	0.0282313
1582	8135	0.0282313
274	8136	0.0282115
8135	8136	0.0282115
3833	8137	0.0281947
8136	8137	0.0281947
8137	8138	0.0281572
389	8138	0.0281572
8138	8139	0.0280853
2493	8139	0.0280853
8139	8140	0.0280829
5250	8140	0.0280829
8140	8141	0.0280332
8118	8141	0.0280332
8141	8142	0.0280139
1701	8142	0.0280139
5979	8143	0.0279961
8142	8143	0.0279961
8143	8144	0.0279756
8061	8144	0.0279756
3102	8145	0.0279368
8144	8145	0.0279368
8145	8146	0.0279347
682	8146	0.0279347
1238	8147	0.0279166
8146	8147	0.0279166
8147	8148	0.0278862
5109	8148	0.0278862
1437	8149	0.0278862
5720	8149	0.0278862
7978	8150	0.0287112
5982	8150	0.0287112
4663	8151	0.0280198
699	8151	0.0280198
7167	8152	0.0278054
2886	8152	0.0278054
8148	8153	0.027884
927	8153	0.027884
8153	8154	0.0278601
4988	8154	0.0278601
8154	8155	0.0278143
674	8155	0.0278143
8155	8156	0.0277614
5211	8156	0.0277614
8156	8157	0.0277499
4510	8157	0.0277499
2749	8158	0.0277253
8157	8158	0.0277253
6917	8159	0.0277269
7944	8159	0.0277269
8158	8160	0.0276748
6242	8160	0.0276748
8160	8161	0.0276707
8159	8161	0.0276707
7366	8162	0.0276307
8161	8162	0.0276307
1891	8163	0.0276282
8162	8163	0.0276282
8163	8164	0.0276223
4500	8164	0.0276223
8164	8165	0.0275714
2524	8165	0.0275714
8016	8166	0.027554
2082	8166	0.027554
8165	8167	0.0275366
1862	8167	0.0275366
7431	8168	0.0275154
8167	8168	0.0275154
8168	8169	0.0275134
8011	8169	0.0275134
1092	8170	0.0274789
8169	8170	0.0274789
8170	8171	0.0273926
8150	8171	0.0273926
8152	8172	0.0273657
8171	8172	0.0273657
8172	8173	0.0273638
503	8173	0.0273638
3997	8174	0.0273522
8173	8174	0.0273522
8014	8175	0.0273484
8174	8175	0.0273484
8175	8176	0.0272797
8151	8176	0.0272797
8176	8177	0.0272077
8036	8177	0.0272077
8166	8178	0.027203
8177	8178	0.027203
10	8179	0.0278014
7973	8179	0.0278014
7442	8180	0.0271783
8178	8180	0.0271783
266	8181	0.0271635
8180	8181	0.0271635
8181	8182	0.0271588
8149	8182	0.0271588
8182	8183	0.0270464
8048	8183	0.0270464
3403	8184	0.0270408
8183	8184	0.0270408
8088	8185	0.0270006
8184	8185	0.0270006
2339	8185	0.0270006
8185	8186	0.0269747
926	8186	0.0269747
2027	8187	0.0271588
8179	8187	0.0271588
7964	8188	0.0271062
8187	8188	0.0271062
6729	8189	0.0269688
4631	8189	0.0269688
8186	8189	0.0269688
5154	8190	0.0269308
8189	8190	0.0269308
8190	8191	0.0269091
8055	8191	0.0269091
8191	8192	0.0268925
552	8192	0.0268925
4718	8193	0.0268725
8192	8193	0.0268725
7385	8194	0.0268506
8193	8194	0.0268506
8194	8195	0.0268367
8188	8195	0.0268367
8028	8196	0.0269747
1104	8196	0.0269747
8195	8197	0.0268267
3717	8197	0.0268267
2910	8198	0.0268252
8197	8198	0.0268252
8198	8199	0.0268134
5688	8199	0.0268134
6851	8200	0.0267994
8199	8200	0.0267994
7313	8201	0.0267973
8200	8201	0.0267973
8201	8202	0.0267923
2184	8202	0.0267923
8202	8203	0.0267878
8196	8203	0.0267878
7361	8204	0.0267729
8203	8204	0.0267729
998	8204	0.0267729
4459	8205	0.0267295
8204	8205	0.0267295
8205	8206	0.026678
4421	8206	0.026678
8030	8207	0.0266544
8206	8207	0.0266544
7416	8208	0.0266365
8207	8208	0.0266365
8208	8209	0.0266276
4303	8209	0.0266276
8209	8210	0.0265754
4664	8210	0.0265754
5073	8211	0.0268163
7906	8211	0.0268163
7889	8212	0.0267594
8211	8212	0.0267594
7914	8213	0.0267556
90	8213	0.0267556
7959	8214	0.0272196
8019	8214	0.0272196
8214	8215	0.0266266
3332	8215	0.0266266
542	8216	0.0280716
7992	8216	0.0280716
7984	8217	0.0288033
917	8217	0.0288033
8217	8218	0.0268932
5705	8218	0.0268932
8026	8219	0.0265893
8056	8219	0.0265893
1468	8220	0.0280982
1083	8220	0.0280982
4248	8221	0.0274656
8220	8221	0.0274656
8053	8222	0.0272876
5788	8222	0.0272876
8210	8223	0.0265104
1454	8223	0.0265104
6922	8224	0.0264918
8223	8224	0.0264918
1511	8225	0.0264692
8224	8225	0.0264692
4577	8225	0.0264692
4152	8226	0.0264474
8225	8226	0.0264474
7429	8227	0.0263992
8226	8227	0.0263992
5946	8228	0.0263834
8227	8228	0.0263834
3435	8229	0.026327
8228	8229	0.026327
2069	8230	0.0263216
8229	8230	0.0263216
8085	8231	0.0262839
8230	8231	0.0262839
8231	8232	0.0262513
2134	8232	0.0262513
8232	8233	0.0262421
3908	8233	0.0262421
31	8234	0.0262391
8233	8234	0.0262391
2033	8235	0.0262327
8234	8235	0.0262327
8235	8236	0.0262126
6301	8236	0.0262126
8236	8237	0.0261946
3125	8237	0.0261946
8237	8238	0.0261938
8216	8238	0.0261938
7152	8239	0.0261823
8238	8239	0.0261823
8086	8240	0.0261662
8239	8240	0.0261662
8240	8241	0.0261602
1030	8241	0.0261602
8241	8242	0.026144
2995	8242	0.026144
3386	8243	0.0261349
8242	8243	0.0261349
8243	8244	0.0261251
4946	8244	0.0261251
4511	8245	0.0261236
8244	8245	0.0261236
8245	8246	0.0261124
1961	8246	0.0261124
8246	8247	0.0260971
2211	8247	0.0260971
8247	8248	0.0260839
5483	8248	0.0260839
8248	8249	0.0260784
4645	8249	0.0260784
8249	8250	0.0260764
421	8250	0.0260764
8250	8251	0.0259323
1428	8251	0.0259323
8251	8252	0.0258519
8051	8252	0.0258519
8252	8253	0.0258506
2971	8253	0.0258506
636	8254	0.0258217
8253	8254	0.0258217
8254	8255	0.0257958
1444	8255	0.0257958
8255	8256	0.0257738
5207	8256	0.0257738
318	8256	0.0257738
7430	8257	0.0257728
8256	8257	0.0257728
8257	8258	0.0257718
8222	8258	0.0257718
8258	8259	0.0257423
8047	8259	0.0257423
5744	8260	0.025706
8259	8260	0.025706
8260	8261	0.0257006
4853	8261	0.0257006
8261	8262	0.025694
1881	8262	0.025694
8262	8263	0.0256777
1087	8263	0.0256777
8263	8264	0.0256705
5785	8264	0.0256705
1684	8265	0.0257006
8212	8265	0.0257006
1223	8266	0.0256234
8264	8266	0.0256234
45	8266	0.0256234
2693	8267	0.025597
8266	8267	0.025597
8267	8268	0.0255945
8265	8268	0.0255945
7958	8269	0.0255697
8215	8269	0.0255697
8268	8270	0.0255272
8269	8270	0.0255272
8270	8271	0.0254718
1539	8271	0.0254718
7920	8272	0.0263168
374	8272	0.0263168
1566	8273	0.0261075
8213	8273	0.0261075
7948	8274	0.0263385
8060	8274	0.0263385
8274	8275	0.0260095
536	8275	0.0260095
7163	8276	0.025718
833	8276	0.025718
850	8277	0.0255903
6010	8277	0.0255903
8029	8278	0.0258535
8219	8278	0.0258535
8278	8279	0.0256863
6156	8279	0.0256863
2240	8280	0.0254538
8271	8280	0.0254538
8280	8281	0.0253919
4424	8281	0.0253919
5841	8282	0.0253905
8281	8282	0.0253905
8282	8283	0.0253682
1334	8283	0.0253682
6229	8284	0.0253665
8283	8284	0.0253665
8284	8285	0.0253647
4698	8285	0.0253647
8272	8286	0.0254502
8273	8286	0.0254502
8285	8287	0.0253534
5861	8287	0.0253534
8287	8288	0.0253525
8286	8288	0.0253525
3229	8289	0.025327
8288	8289	0.025327
5802	8290	0.0253171
8289	8290	0.0253171
8290	8291	0.0252718
5190	8291	0.0252718
8291	8292	0.0252504
1330	8292	0.0252504
8292	8293	0.0252001
4972	8293	0.0252001
1644	8293	0.0252001
8277	8294	0.0252341
8279	8294	0.0252341
8293	8295	0.0251841
8063	8295	0.0251841
8294	8296	0.0251776
3591	8296	0.0251776
8087	8297	0.0251546
8295	8297	0.0251546
8296	8297	0.0251546
8297	8298	0.0251417
2518	8298	0.0251417
8298	8299	0.0251258
4549	8299	0.0251258
8299	8300	0.0251234
4624	8300	0.0251234
3985	8301	0.0251192
8300	8301	0.0251192
4772	8302	0.0251122
8301	8302	0.0251122
5891	8303	0.0251027
8302	8303	0.0251027
8303	8304	0.025097
3186	8304	0.025097
5072	8305	0.0250918
8304	8305	0.0250918
8305	8306	0.0250522
1532	8306	0.0250522
8306	8307	0.0250338
7956	8307	0.0250338
4765	8307	0.0250338
8275	8308	0.0251813
4173	8308	0.0251813
1737	8309	0.0252996
4814	8309	0.0252996
8309	8310	0.0252114
5314	8310	0.0252114
753	8311	0.0250096
8307	8311	0.0250096
7071	8312	0.025006
8311	8312	0.025006
2238	8313	0.0250045
8312	8313	0.0250045
2149	8314	0.0249881
8313	8314	0.0249881
8314	8315	0.0249598
5973	8315	0.0249598
8050	8316	0.0249537
8315	8316	0.0249537
4660	8317	0.0249323
8316	8317	0.0249323
8317	8318	0.0249081
5319	8318	0.0249081
8318	8319	0.0249019
5904	8319	0.0249019
8319	8320	0.0248906
3310	8320	0.0248906
1808	8321	0.0248868
8320	8321	0.0248868
2993	8322	0.0248726
8321	8322	0.0248726
5126	8323	0.0248554
8322	8323	0.0248554
8323	8324	0.0248486
2812	8324	0.0248486
8324	8325	0.0248373
3324	8325	0.0248373
764	8326	0.0248755
8221	8326	0.0248755
8039	8327	0.024811
8325	8327	0.024811
921	8328	0.0248042
8327	8328	0.0248042
1453	8329	0.0247781
8328	8329	0.0247781
8329	8330	0.0247719
1939	8330	0.0247719
8330	8331	0.0247185
8326	8331	0.0247185
8042	8332	0.0246867
8331	8332	0.0246867
8276	8332	0.0246867
4590	8332	0.0246867
8310	8332	0.0246867
8218	8333	0.0247356
663	8333	0.0247356
2019	8334	0.0247937
5304	8334	0.0247937
7240	8335	0.0246856
8332	8335	0.0246856
3014	8336	0.0246612
8335	8336	0.0246612
8336	8337	0.0246303
7351	8337	0.0246303
7898	8337	0.0246303
7042	8337	0.0246303
8333	8337	0.0246303
8308	8337	0.0246303
1415	8337	0.0246303
8337	8338	0.0245945
2935	8338	0.0245945
5852	8339	0.0245932
8338	8339	0.0245932
8339	8340	0.0245777
3032	8340	0.0245777
8340	8341	0.0245584
8334	8341	0.0245584
775	8342	0.0273322
38	8342	0.0273322
1094	8343	0.0257697
39	8343	0.0257697
7280	8344	0.0262654
8046	8344	0.0262654
8344	8345	0.0254972
3551	8345	0.0254972
8345	8346	0.0250155
5768	8346	0.0250155
8044	8347	0.0248174
8346	8347	0.0248174
1574	8347	0.0248174
7899	8348	0.0281303
4648	8348	0.0281303
1576	8349	0.0276077
8348	8349	0.0276077
8349	8350	0.0275725
3377	8350	0.0275725
8350	8351	0.0247457
579	8351	0.0247457
8002	8352	0.0287877
1878	8352	0.0287877
2521	8353	0.0286588
8352	8353	0.0286588
7903	8354	0.0256148
567	8354	0.0256148
8354	8355	0.0250082
70	8355	0.0250082
8355	8356	0.0249691
4419	8356	0.0249691
7965	8357	0.0290561
4613	8357	0.0290561
7927	8358	0.0284635
8357	8358	0.0284635
8358	8359	0.0283298
8059	8359	0.0283298
2951	8360	0.026844
8359	8360	0.026844
6807	8361	0.0283178
7934	8361	0.0283178
8361	8362	0.024965
3150	8362	0.024965
6781	8363	0.0246181
8362	8363	0.0246181
6008	8364	0.0287469
7932	8364	0.0287469
670	8365	0.0287096
8364	8365	0.0287096
8365	8366	0.028343
158	8366	0.028343
8366	8367	0.0281496
1641	8367	0.0281496
8367	8368	0.0272135
6244	8368	0.0272135
8368	8369	0.0258208
2217	8369	0.0258208
8369	8370	0.0247591
1795	8370	0.0247591
7943	8371	0.0284507
5130	8371	0.0284507
8371	8372	0.0265184
1741	8372	0.0265184
1695	8373	0.027111
2588	8373	0.027111
8373	8374	0.0263196
281	8374	0.0263196
5466	8375	0.0261999
8374	8375	0.0261999
2189	8376	0.0255598
7951	8376	0.0255598
8376	8377	0.0251063
8375	8377	0.0251063
7968	8378	0.0290128
8062	8378	0.0290128
7972	8379	0.0277029
5647	8379	0.0277029
1166	8380	0.0276918
8379	8380	0.0276918
7977	8381	0.0269876
4541	8381	0.0269876
8381	8382	0.0267733
3678	8382	0.0267733
4163	8383	0.0261974
3216	8383	0.0261974
914	8384	0.0260108
8382	8384	0.0260108
8384	8385	0.0259601
447	8385	0.0259601
8385	8386	0.0259154
8383	8386	0.0259154
7109	8387	0.0288665
5731	8387	0.0288665
8387	8388	0.0256538
925	8388	0.0256538
8009	8389	0.026908
4606	8389	0.026908
8010	8390	0.0291448
733	8390	0.0291448
8390	8391	0.0271457
5438	8391	0.0271457
861	8392	0.0278386
2649	8392	0.0278386
4177	8393	0.0276665
8392	8393	0.0276665
1549	8394	0.0249589
3325	8394	0.0249589
5865	8395	0.0253542
5063	8395	0.0253542
7418	8396	0.02299
3371	8396	0.02299
3808	8397	0.0224524
6634	8397	0.0224524
8341	8398	0.0245119
1542	8398	0.0245119
8398	8399	0.0244906
5000	8399	0.0244906
6582	8400	0.0244856
8399	8400	0.0244856
8342	8400	0.0244856
8084	8401	0.0244565
8400	8401	0.0244565
8401	8402	0.0244449
5124	8402	0.0244449
7892	8403	0.0244123
8402	8403	0.0244123
3029	8404	0.024398
8403	8404	0.024398
8347	8405	0.024508
4235	8405	0.024508
8404	8406	0.0243859
8386	8406	0.0243859
366	8407	0.0243807
8406	8407	0.0243807
8407	8408	0.0243321
3832	8408	0.0243321
8351	8409	0.0243504
6291	8409	0.0243504
7188	8410	0.0243113
8408	8410	0.0243113
8410	8411	0.0243039
5630	8411	0.0243039
8411	8412	0.0242958
8405	8412	0.0242958
8412	8413	0.0242851
8409	8413	0.0242851
8413	8414	0.0242836
8377	8414	0.0242836
8414	8415	0.0242643
8353	8415	0.0242643
344	8415	0.0242643
5892	8415	0.0242643
1704	8416	0.0242617
8415	8416	0.0242617
8066	8417	0.0242479
8416	8417	0.0242479
8417	8418	0.0242402
8394	8418	0.0242402
4993	8418	0.0242402
7034	8419	0.0242336
8418	8419	0.0242336
8419	8420	0.024211
8363	8420	0.024211
8420	8421	0.0241906
5108	8421	0.0241906
6992	8422	0.0241435
8421	8422	0.0241435
8422	8423	0.0241163
9	8423	0.0241163
8423	8424	0.0241118
5106	8424	0.0241118
8424	8425	0.0241003
1567	8425	0.0241003
228	8426	0.0240958
8425	8426	0.0240958
8426	8427	0.0240733
1786	8427	0.0240733
7199	8428	0.0240571
8427	8428	0.0240571
8428	8429	0.0240539
4451	8429	0.0240539
7358	8430	0.0245199
126	8430	0.0245199
6697	8431	0.0241849
8430	8431	0.0241849
8378	8432	0.0244296
2978	8432	0.0244296
8388	8433	0.0243851
5816	8433	0.0243851
8391	8434	0.0242223
3636	8434	0.0242223
3322	8435	0.0244206
8038	8435	0.0244206
3780	8436	0.0242467
1551	8436	0.0242467
922	8437	0.0240428
8429	8437	0.0240428
7950	8438	0.0240419
8437	8438	0.0240419
8438	8439	0.0240323
8024	8439	0.0240323
6923	8440	0.0240113
8439	8440	0.0240113
7443	8441	0.0240025
8440	8441	0.0240025
1755	8441	0.0240025
8356	8442	0.0239998
3732	8442	0.0239998
8441	8443	0.0239333
8442	8443	0.0239333
8443	8444	0.0239315
1237	8444	0.0239315
5846	8445	0.0239003
8444	8445	0.0239003
8445	8446	0.0238705
4877	8446	0.0238705
4802	8447	0.0238686
8446	8447	0.0238686
8447	8448	0.0238638
5594	8448	0.0238638
227	8449	0.0238552
8448	8449	0.0238552
4150	8450	0.0238413
8449	8450	0.0238413
8450	8451	0.0238269
583	8451	0.0238269
4332	8452	0.0237949
8451	8452	0.0237949
5821	8452	0.0237949
1859	8453	0.023773
8452	8453	0.023773
263	8454	0.0237563
8453	8454	0.0237563
7966	8455	0.023773
8432	8455	0.023773
3826	8456	0.0237296
8454	8456	0.0237296
8436	8456	0.0237296
8456	8457	0.0237256
1257	8457	0.0237256
1311	8457	0.0237256
3941	8457	0.0237256
5328	8458	0.023705
8457	8458	0.023705
8434	8458	0.023705
863	8459	0.023691
8458	8459	0.023691
8459	8460	0.0236786
1399	8460	0.0236786
8455	8460	0.0236786
2269	8460	0.0236786
8460	8461	0.0236702
8343	8461	0.0236702
8435	8461	0.0236702
8083	8462	0.0236293
8461	8462	0.0236293
8462	8463	0.0236082
4640	8463	0.0236082
8463	8464	0.0235894
4721	8464	0.0235894
8464	8465	0.0235834
5155	8465	0.0235834
121	8466	0.0235796
8465	8466	0.0235796
261	8467	0.0235596
4498	8467	0.0235596
8466	8467	0.0235596
8034	8468	0.0235231
3707	8468	0.0235231
8467	8468	0.0235231
7348	8469	0.023489
8468	8469	0.023489
8433	8469	0.023489
721	8469	0.023489
7426	8470	0.0234715
8469	8470	0.0234715
8431	8470	0.0234715
2047	8470	0.0234715
6939	8471	0.0234442
8470	8471	0.0234442
8471	8472	0.0234412
5488	8472	0.0234412
8472	8473	0.0234354
1260	8473	0.0234354
8473	8474	0.0234212
1306	8474	0.0234212
8474	8475	0.0233813
5728	8475	0.0233813
8475	8476	0.0233796
4647	8476	0.0233796
8476	8477	0.0233719
1826	8477	0.0233719
8477	8478	0.023364
4074	8478	0.023364
8064	8479	0.0233432
8478	8479	0.0233432
7962	8480	0.0233303
8479	8480	0.0233303
8480	8481	0.0233059
1981	8481	0.0233059
8481	8482	0.0233052
1702	8482	0.0233052
8482	8483	0.0232745
5344	8483	0.0232745
8483	8484	0.0232711
3775	8484	0.0232711
8484	8485	0.0232592
3724	8485	0.0232592
177	8486	0.0232446
8485	8486	0.0232446
2093	8487	0.0232413
8486	8487	0.0232413
93	8488	0.023239
8487	8488	0.023239
8488	8489	0.0232332
2074	8489	0.0232332
8489	8490	0.0232267
5812	8490	0.0232267
4702	8491	0.0232124
8490	8491	0.0232124
7939	8491	0.0232124
8491	8492	0.0232046
5061	8492	0.0232046
7235	8493	0.0231686
8492	8493	0.0231686
6070	8493	0.0231686
4789	8494	0.0231543
8493	8494	0.0231543
7891	8495	0.0231278
8494	8495	0.0231278
5433	8496	0.0231216
8495	8496	0.0231216
8496	8497	0.023093
2169	8497	0.023093
5189	8498	0.0230815
8497	8498	0.0230815
7981	8499	0.0230754
8498	8499	0.0230754
4120	8500	0.0230737
8499	8500	0.0230737
894	8501	0.0230724
8500	8501	0.0230724
2364	8501	0.0230724
8501	8502	0.0230476
5903	8502	0.0230476
8502	8503	0.0230367
5615	8503	0.0230367
6274	8504	0.0232792
5222	8504	0.0232792
8503	8505	0.0230363
3600	8505	0.0230363
8505	8506	0.023013
8504	8506	0.023013
8506	8507	0.0230122
2182	8507	0.0230122
4596	8508	0.0229965
8507	8508	0.0229965
7427	8509	0.0229646
8508	8509	0.0229646
1685	8510	0.0229224
8509	8510	0.0229224
8510	8511	0.0229186
986	8511	0.0229186
8511	8512	0.0228919
883	8512	0.0228919
1742	8512	0.0228919
5925	8513	0.0228595
8512	8513	0.0228595
7368	8514	0.0228532
8513	8514	0.0228532
1400	8515	0.0228415
8514	8515	0.0228415
5491	8515	0.0228415
3334	8516	0.0227946
8515	8516	0.0227946
2846	8517	0.0227852
8516	8517	0.0227852
7902	8518	0.0227666
8517	8518	0.0227666
611	8519	0.0227567
8518	8519	0.0227567
6040	8519	0.0227567
7078	8520	0.0227489
8519	8520	0.0227489
3789	8521	0.0228777
1084	8521	0.0228777
129	8522	0.0227207
8520	8522	0.0227207
6952	8523	0.022684
8522	8523	0.022684
8523	8524	0.0226832
3840	8524	0.0226832
7419	8525	0.0226619
8524	8525	0.0226619
8525	8526	0.0226509
3851	8526	0.0226509
8526	8527	0.0226343
4164	8527	0.0226343
7929	8528	0.0226289
8527	8528	0.0226289
1940	8529	0.0225948
8528	8529	0.0225948
8529	8530	0.0225747
1864	8530	0.0225747
8530	8531	0.0225506
550	8531	0.0225506
8531	8532	0.0225337
4735	8532	0.0225337
1647	8533	0.0225258
8532	8533	0.0225258
8533	8534	0.022506
8521	8534	0.022506
8534	8535	0.0224836
1645	8535	0.0224836
5132	8536	0.0224774
8535	8536	0.0224774
1907	8537	0.0224646
8536	8537	0.0224646
8360	8538	0.0229152
3338	8538	0.0229152
8370	8539	0.0229334
2720	8539	0.0229334
8372	8540	0.0245275
5504	8540	0.0245275
8380	8541	0.023055
5589	8541	0.023055
7976	8542	0.0226565
1615	8542	0.0226565
8003	8543	0.0241175
2570	8543	0.0241175
8543	8544	0.0235102
3155	8544	0.0235102
8544	8545	0.0234106
722	8545	0.0234106
8389	8546	0.0229756
3806	8546	0.0229756
902	8547	0.0228655
3442	8547	0.0228655
1524	8548	0.0227871
1153	8548	0.0227871
1176	8549	0.0234166
5410	8549	0.0234166
4455	8550	0.0232252
8395	8550	0.0232252
6110	8551	0.0241423
2010	8551	0.0241423
7928	8552	0.0218079
8538	8552	0.0218079
8079	8553	0.0223836
3454	8553	0.0223836
8553	8554	0.0220914
1325	8554	0.0220914
8554	8555	0.021989
2119	8555	0.021989
3994	8556	0.0224373
8537	8556	0.0224373
2787	8557	0.0224342
8556	8557	0.0224342
8550	8557	0.0224342
8557	8558	0.0224216
1364	8558	0.0224216
7318	8559	0.0224313
8542	8559	0.0224313
8558	8560	0.0224073
8559	8560	0.0224073
8560	8561	0.0223919
675	8561	0.0223919
8043	8562	0.0223893
8561	8562	0.0223893
8562	8563	0.0223881
52	8563	0.0223881
7424	8564	0.0223866
8563	8564	0.0223866
8564	8565	0.0223836
1652	8565	0.0223836
8565	8566	0.0223829
1286	8566	0.0223829
8566	8567	0.0223663
3200	8567	0.0223663
4734	8568	0.0222949
8567	8568	0.0222949
8568	8569	0.0222741
4438	8569	0.0222741
8569	8570	0.0222693
4823	8570	0.0222693
8570	8571	0.0222634
934	8571	0.0222634
451	8571	0.0222634
8571	8572	0.022263
3871	8572	0.022263
4961	8573	0.0222596
3122	8573	0.0222596
8572	8573	0.0222596
8573	8574	0.022258
127	8574	0.022258
8068	8575	0.0222435
5356	8575	0.0222435
8574	8575	0.0222435
8575	8576	0.0222376
7356	8576	0.0222376
8576	8577	0.0222052
8540	8577	0.0222052
2103	8578	0.0221786
8577	8578	0.0221786
5578	8578	0.0221786
8578	8579	0.0221777
499	8579	0.0221777
5649	8579	0.0221777
601	8579	0.0221777
8579	8580	0.0221768
3554	8580	0.0221768
8580	8581	0.0221711
2880	8581	0.0221711
3244	8581	0.0221711
2313	8582	0.0221654
8581	8582	0.0221654
8582	8583	0.0221336
8541	8583	0.0221336
8583	8584	0.0221205
5620	8584	0.0221205
7144	8585	0.0221154
8584	8585	0.0221154
4069	8586	0.0221149
8585	8586	0.0221149
7352	8587	0.0221117
8586	8587	0.0221117
8587	8588	0.0220821
1245	8588	0.0220821
778	8589	0.0220593
8588	8589	0.0220593
8075	8590	0.0220382
8589	8590	0.0220382
2107	8590	0.0220382
8590	8591	0.0220338
5267	8591	0.0220338
8080	8592	0.0220199
8591	8592	0.0220199
5806	8593	0.0220128
8592	8593	0.0220128
8593	8594	0.0220062
1056	8594	0.0220062
8594	8595	0.0219986
409	8595	0.0219986
8595	8596	0.0219863
570	8596	0.0219863
8596	8597	0.0219832
124	8597	0.0219832
1374	8597	0.0219832
800	8598	0.0219681
8597	8598	0.0219681
8598	8599	0.0219601
6270	8599	0.0219601
5898	8600	0.0219466
8599	8600	0.0219466
8600	8601	0.021923
4872	8601	0.021923
8396	8602	0.0218937
8601	8602	0.0218937
8602	8603	0.021889
1620	8603	0.021889
7278	8604	0.0218782
8603	8604	0.0218782
3013	8605	0.0218752
8604	8605	0.0218752
1715	8606	0.0218742
8605	8606	0.0218742
8606	8607	0.0218601
1410	8607	0.0218601
8607	8608	0.0218391
1664	8608	0.0218391
7441	8609	0.0218382
8608	8609	0.0218382
995	8610	0.0218279
8609	8610	0.0218279
8610	8611	0.0218246
1008	8611	0.0218246
5572	8612	0.0218188
8611	8612	0.0218188
8612	8613	0.0218023
988	8613	0.0218023
5971	8614	0.021799
8613	8614	0.021799
7871	8615	0.0217932
8614	8615	0.0217932
8615	8616	0.0217841
8551	8616	0.0217841
8616	8617	0.0217769
3803	8617	0.0217769
8617	8618	0.0217629
2243	8618	0.0217629
8539	8619	0.0223829
4781	8619	0.0223829
7343	8620	0.0223851
3453	8620	0.0223851
2534	8621	0.0221193
8620	8621	0.0221193
8618	8622	0.0217541
8621	8622	0.0217541
363	8623	0.0217474
8622	8623	0.0217474
8623	8624	0.021717
6953	8624	0.021717
8545	8624	0.021717
3965	8625	0.0217105
8624	8625	0.0217105
8625	8626	0.0216856
4423	8626	0.0216856
8626	8627	0.0216845
6097	8627	0.0216845
8627	8628	0.0216833
2990	8628	0.0216833
8546	8629	0.0217467
4299	8629	0.0217467
8628	8630	0.0216791
947	8630	0.0216791
5141	8631	0.0216772
8630	8631	0.0216772
7922	8632	0.0216714
8631	8632	0.0216714
839	8633	0.0216702
8632	8633	0.0216702
8633	8634	0.0216602
8629	8634	0.0216602
730	8634	0.0216602
8634	8635	0.0216522
2104	8635	0.0216522
4314	8636	0.0216439
8635	8636	0.0216439
6292	8637	0.0216389
8636	8637	0.0216389
8637	8638	0.0216178
3304	8638	0.0216178
8638	8639	0.0216101
4514	8639	0.0216101
5634	8640	0.0215847
8639	8640	0.0215847
8076	8641	0.0215784
8555	8641	0.0215784
7350	8641	0.0215784
8640	8641	0.0215784
4411	8642	0.0215552
8641	8642	0.0215552
8642	8643	0.0215416
893	8643	0.0215416
8643	8644	0.0215261
221	8644	0.0215261
8644	8645	0.021518
907	8645	0.021518
4749	8646	0.0215131
8645	8646	0.0215131
8646	8647	0.021505
97	8647	0.021505
8647	8648	0.0215043
2835	8648	0.0215043
8648	8649	0.0214751
8393	8649	0.0214751
8649	8650	0.0214312
4609	8650	0.0214312
8650	8651	0.021421
3573	8651	0.021421
8651	8652	0.0214199
8547	8652	0.0214199
8652	8653	0.0214111
3880	8653	0.0214111
7228	8654	0.021597
8548	8654	0.021597
8552	8655	0.0213565
5997	8655	0.0213565
2000	8656	0.0214093
8653	8656	0.0214093
8656	8657	0.0213978
2226	8657	0.0213978
8655	8658	0.0213461
8657	8658	0.0213461
3323	8658	0.0213461
5386	8659	0.02133
8658	8659	0.02133
8659	8660	0.0213173
1630	8660	0.0213173
2057	8660	0.0213173
170	8661	0.0212688
54	8661	0.0212688
8660	8661	0.0212688
3269	8662	0.021266
2106	8662	0.021266
8082	8662	0.021266
8661	8662	0.021266
1010	8662	0.021266
6285	8663	0.0212632
8662	8663	0.0212632
8663	8664	0.0212517
1866	8664	0.0212517
8397	8665	0.0212334
8664	8665	0.0212334
7363	8666	0.0212136
8665	8666	0.0212136
8666	8667	0.0212125
5122	8667	0.0212125
8667	8668	0.0212012
8654	8668	0.0212012
7304	8669	0.0211926
8668	8669	0.0211926
8669	8670	0.0211878
3321	8670	0.0211878
1554	8671	0.0211764
8670	8671	0.0211764
8671	8672	0.0211679
1385	8672	0.0211679
8672	8673	0.02116
4904	8673	0.02116
8673	8674	0.0211552
1962	8674	0.0211552
8674	8675	0.0211238
4216	8675	0.0211238
8675	8676	0.0211096
8619	8676	0.0211096
5376	8676	0.0211096
8676	8677	0.0210943
4825	8677	0.0210943
8677	8678	0.0210912
4131	8678	0.0210912
8678	8679	0.0210562
8032	8679	0.0210562
8679	8680	0.0210486
4360	8680	0.0210486
8680	8681	0.0210476
5829	8681	0.0210476
8681	8682	0.0210375
5838	8682	0.0210375
8682	8683	0.0210323
8549	8683	0.0210323
8683	8684	0.0210163
5218	8684	0.0210163
5426	8685	0.371334
1558	8685	0.371334
8685	8686	0.272543
12	8686	0.272543
8686	8687	0.239815
1559	8687	0.239815
8687	8688	0.0851808
3005	8688	0.0851808
8688	8689	0.0832858
159	8689	0.0832858
1946	8690	0.0404303
4924	8690	0.0404303
3298	8691	0.0449657
1788	8691	0.0449657
22	8692	0.044893
8691	8692	0.044893
2218	8693	0.211984
25	8693	0.211984
1337	8694	0.219488
2888	8694	0.219488
2977	8695	0.166065
8694	8695	0.166065
8695	8696	0.163254
5862	8696	0.163254
8693	8697	0.0574556
8696	8697	0.0574556
199	8698	0.0758311
29	8698	0.0758311
4166	8699	0.0297003
1112	8699	0.0297003
8699	8700	0.0220403
652	8700	0.0220403
8700	8701	0.0217646
2390	8701	0.0217646
44	8702	0.12451
3008	8702	0.12451
4881	8703	0.0239479
1616	8703	0.0239479
1225	8704	0.0252693
692	8704	0.0252693
5556	8705	0.0877431
4779	8705	0.0877431
8705	8706	0.0802279
61	8706	0.0802279
80	8707	0.0521553
1691	8707	0.0521553
2497	8708	0.049263
8707	8708	0.049263
8708	8709	0.0271759
645	8709	0.0271759
8709	8710	0.0216389
2080	8710	0.0216389
4308	8711	0.0827635
4816	8711	0.0827635
8711	8712	0.0321432
5983	8712	0.0321432
5098	8713	0.0314846
8712	8713	0.0314846
3733	8714	0.0224895
2315	8714	0.0224895
4902	8715	0.107398
4810	8715	0.107398
3541	8716	0.0560799
5276	8716	0.0560799
3235	8717	0.0324869
3139	8717	0.0324869
8717	8718	0.0287229
4949	8718	0.0287229
8718	8719	0.0283015
2048	8719	0.0283015
8716	8720	0.0246278
8719	8720	0.0246278
8720	8721	0.0240134
3761	8721	0.0240134
8721	8722	0.0233456
2631	8722	0.0233456
2447	8723	0.0220874
8722	8723	0.0220874
8723	8724	0.021619
4884	8724	0.021619
2713	8725	0.022951
1572	8725	0.022951
4029	8726	0.0629524
6074	8726	0.0629524
2183	8727	0.160367
711	8727	0.160367
4710	8728	0.0455914
4780	8728	0.0455914
3951	8729	0.0455794
8728	8729	0.0455794
1931	8730	0.0213159
119	8730	0.0213159
1408	8731	0.0248291
123	8731	0.0248291
3297	8732	0.125085
5370	8732	0.125085
8732	8733	0.0534795
572	8733	0.0534795
246	8734	0.0335806
4240	8734	0.0335806
8734	8735	0.022506
4621	8735	0.022506
5773	8736	0.0232733
6004	8736	0.0232733
6199	8737	0.0867398
4982	8737	0.0867398
4999	8738	0.0464565
2767	8738	0.0464565
8738	8739	0.0394218
1396	8739	0.0394218
2054	8740	0.0421755
1894	8740	0.0421755
1880	8741	0.0304671
8740	8741	0.0304671
5366	8742	0.0214718
145	8742	0.0214718
4478	8743	0.0282238
3739	8743	0.0282238
5977	8744	0.0246512
3801	8744	0.0246512
152	8745	1.07131
153	8745	1.07131
8745	8746	0.732608
2742	8746	0.732608
1026	8747	0.071475
1136	8747	0.071475
8747	8748	0.0428942
2003	8748	0.0428942
8748	8749	0.0394916
4804	8749	0.0394916
8749	8750	0.0364902
3916	8750	0.0364902
2957	8751	0.0334817
8750	8751	0.0334817
8751	8752	0.0301086
4457	8752	0.0301086
8752	8753	0.0260427
4263	8753	0.0260427
4572	8754	0.168472
3082	8754	0.168472
6294	8755	0.038216
5039	8755	0.038216
180	8756	0.037609
8755	8756	0.037609
4330	8757	0.11483
195	8757	0.11483
1632	8758	0.212207
202	8758	0.212207
5989	8759	0.207581
8758	8759	0.207581
8759	8760	0.170891
3080	8760	0.170891
2085	8761	0.0328562
5804	8761	0.0328562
8761	8762	0.029949
1845	8762	0.029949
4703	8763	0.0225337
8762	8763	0.0225337
1267	8764	0.116403
6032	8764	0.116403
4077	8765	0.0893418
3772	8765	0.0893418
8765	8766	0.0849238
4076	8766	0.0849238
8766	8767	0.0721035
1032	8767	0.0721035
6193	8768	0.0444794
8767	8768	0.0444794
8768	8769	0.0256148
6086	8769	0.0256148
5686	8770	0.536704
5586	8770	0.536704
8770	8771	0.479521
5441	8771	0.479521
8771	8772	0.229972
4696	8772	0.229972
8772	8773	0.220884
6146	8773	0.220884
8773	8774	0.0280103
1912	8774	0.0280103
5282	8775	0.0232768
8774	8775	0.0232768
3847	8776	0.037619
1274	8776	0.037619
237	8777	0.0496537
1300	8777	0.0496537
1345	8778	0.159832
3436	8778	0.159832
8778	8779	0.143642
4846	8779	0.143642
3529	8780	0.0693737
262	8780	0.0693737
2466	8781	0.0555092
8780	8781	0.0555092
975	8782	0.0341226
5408	8782	0.0341226
6273	8783	0.0245754
887	8783	0.0245754
5568	8784	0.118815
4652	8784	0.118815
4362	8785	0.0385113
8784	8785	0.0385113
5034	8786	0.0674048
277	8786	0.0674048
279	8787	0.168294
571	8787	0.168294
8787	8788	0.127382
4793	8788	0.127382
8788	8789	0.122081
2230	8789	0.122081
8789	8790	0.0920894
647	8790	0.0920894
5272	8791	0.0754933
8790	8791	0.0754933
3943	8792	0.0644118
2775	8792	0.0644118
2482	8793	0.0334095
2535	8793	0.0334095
8793	8794	0.0328627
2740	8794	0.0328627
8792	8795	0.0317159
8794	8795	0.0317159
4127	8796	0.03146
8795	8796	0.03146
3450	8797	0.21615
292	8797	0.21615
3408	8798	0.122909
1654	8798	0.122909
8798	8799	0.0709642
3509	8799	0.0709642
1905	8800	0.0637639
8799	8800	0.0637639
4835	8801	0.0634739
8800	8801	0.0634739
1992	8802	0.0348683
4344	8802	0.0348683
4228	8803	0.0313072
8802	8803	0.0313072
820	8804	0.0252565
4996	8804	0.0252565
817	8805	0.0218246
1209	8805	0.0218246
890	8806	0.0375823
1800	8806	0.0375823
8806	8807	0.0345116
5570	8807	0.0345116
2751	8808	0.056347
1791	8808	0.056347
5051	8809	0.0728391
1584	8809	0.0728391
8809	8810	0.0366355
377	8810	0.0366355
3900	8811	0.0750136
1403	8811	0.0750136
1757	8812	0.0675544
8811	8812	0.0675544
8812	8813	0.0312784
967	8813	0.0312784
8810	8814	0.0302681
8813	8814	0.0302681
8814	8815	0.0271275
3910	8815	0.0271275
8815	8816	0.0255022
5758	8816	0.0255022
8816	8817	0.0245418
2034	8817	0.0245418
8817	8818	0.0228012
6131	8818	0.0228012
8818	8819	0.0216097
3946	8819	0.0216097
8819	8820	0.021038
1764	8820	0.021038
2163	8821	0.0316114
3559	8821	0.0316114
5009	8822	0.163287
5746	8822	0.163287
8822	8823	0.0930594
1522	8823	0.0930594
8823	8824	0.057717
2013	8824	0.057717
1289	8825	0.16445
790	8825	0.16445
2575	8826	0.492975
5167	8826	0.492975
4813	8827	0.191736
8826	8827	0.191736
8825	8828	0.0824692
5450	8828	0.0824692
8827	8829	0.0680563
8828	8829	0.0680563
3021	8829	0.0680563
3289	8830	0.0677423
8829	8830	0.0677423
3866	8831	0.0622714
8830	8831	0.0622714
3405	8832	0.0270537
4898	8832	0.0270537
8832	8833	0.0256777
5452	8833	0.0256777
8831	8834	0.0218671
8833	8834	0.0218671
5355	8835	0.20281
5383	8835	0.20281
8835	8836	0.12101
5362	8836	0.12101
5382	8837	0.108844
8836	8837	0.108844
3798	8838	0.18797
5407	8838	0.18797
8838	8839	0.113183
2508	8839	0.113183
8837	8840	0.0820941
8839	8840	0.0820941
8840	8841	0.0212181
1466	8841	0.0212181
1978	8842	0.475759
4160	8842	0.475759
4225	8843	0.0830563
2261	8843	0.0830563
1872	8844	0.0829685
8843	8844	0.0829685
8844	8845	0.0810507
319	8845	0.0810507
8842	8846	0.0211356
8845	8846	0.0211356
5527	8847	0.0710256
320	8847	0.0710256
5797	8848	0.0309828
5323	8848	0.0309828
8848	8849	0.0267544
323	8849	0.0267544
1195	8850	0.0216868
1061	8850	0.0216868
3875	8851	0.095193
2543	8851	0.095193
3024	8852	0.034323
2830	8852	0.034323
3246	8853	0.02611
8852	8853	0.02611
3120	8854	0.0292217
2202	8854	0.0292217
8854	8855	0.0260313
896	8855	0.0260313
8853	8856	0.025299
4742	8856	0.025299
8856	8857	0.0210291
8855	8857	0.0210291
3109	8858	0.0220187
332	8858	0.0220187
333	8859	0.167291
6206	8859	0.167291
338	8860	0.109808
444	8860	0.109808
5485	8861	0.0220801
2745	8861	0.0220801
6132	8862	0.0501772
855	8862	0.0501772
8862	8863	0.0498958
2469	8863	0.0498958
8863	8864	0.046421
5921	8864	0.046421
8864	8865	0.0384403
2442	8865	0.0384403
8865	8866	0.0282347
352	8866	0.0282347
616	8867	0.0292476
3793	8867	0.0292476
4962	8868	0.0405089
4712	8868	0.0405089
8868	8869	0.0274507
2695	8869	0.0274507
8869	8870	0.0242185
2025	8870	0.0242185
502	8871	0.0226696
2154	8871	0.0226696
8870	8872	0.0226412
6209	8872	0.0226412
8871	8872	0.0226412
3025	8873	0.0215796
8872	8873	0.0215796
5548	8874	0.0261755
2891	8874	0.0261755
8874	8875	0.025606
2757	8875	0.025606
8875	8876	0.0239054
4329	8876	0.0239054
8876	8877	0.0225574
2045	8877	0.0225574
5961	8878	0.0333863
369	8878	0.0333863
3817	8879	0.0923605
4182	8879	0.0923605
8879	8880	0.0382933
1634	8880	0.0382933
379	8881	0.106393
2560	8881	0.106393
3426	8882	0.0355959
3303	8882	0.0355959
2759	8883	0.0351336
8882	8883	0.0351336
5309	8884	0.15722
3668	8884	0.15722
8884	8885	0.0458605
2148	8885	0.0458605
2656	8886	0.0220735
568	8886	0.0220735
383	8886	0.0220735
5967	8887	0.18466
6218	8887	0.18466
4633	8888	0.182572
8887	8888	0.182572
8888	8889	0.112778
1879	8889	0.112778
3262	8890	0.0812838
8889	8890	0.0812838
4274	8891	0.0366079
5660	8891	0.0366079
549	8892	0.0363885
8891	8892	0.0363885
3537	8893	0.0502371
619	8893	0.0502371
1820	8894	0.0486149
8893	8894	0.0486149
8894	8895	0.022263
1499	8895	0.022263
2350	8896	0.0381483
414	8896	0.0381483
4487	8897	0.0542746
3074	8897	0.0542746
3601	8898	0.0854265
432	8898	0.0854265
3124	8899	0.0842081
1290	8899	0.0842081
4373	8900	0.22059
5184	8900	0.22059
1775	8901	0.17128
8900	8901	0.17128
4632	8902	0.157161
8901	8902	0.157161
1612	8903	0.0288239
1148	8903	0.0288239
442	8904	0.0775303
2912	8904	0.0775303
1562	8905	0.0351725
2065	8905	0.0351725
4316	8906	0.135012
4306	8906	0.135012
1353	8907	0.1254
8906	8907	0.1254
2947	8908	0.141992
4475	8908	0.141992
8908	8909	0.134876
6288	8909	0.134876
8909	8910	0.0994176
3912	8910	0.0994176
1785	8911	0.0252135
477	8911	0.0252135
1993	8912	0.0324798
468	8912	0.0324798
478	8913	0.0702501
780	8913	0.0702501
484	8914	0.0268094
2877	8914	0.0268094
5667	8915	1.26293
3439	8915	1.26293
528	8916	0.04883
2607	8916	0.04883
8916	8917	0.0450327
2251	8917	0.0450327
757	8918	0.0424459
8917	8918	0.0424459
8918	8919	0.031396
5270	8919	0.031396
2256	8920	0.026556
8919	8920	0.026556
5087	8921	0.174966
529	8921	0.174966
971	8922	0.042615
531	8922	0.042615
1266	8923	0.053965
3432	8923	0.053965
1057	8924	0.055212
884	8924	0.055212
5286	8925	0.0476189
3501	8925	0.0476189
8925	8926	0.0395682
3594	8926	0.0395682
8926	8927	0.0357143
1758	8927	0.0357143
8924	8928	0.0349661
8927	8928	0.0349661
4142	8929	0.0284622
8928	8929	0.0284622
2101	8930	0.0651043
6314	8930	0.0651043
5432	8931	0.0233168
8930	8931	0.0233168
3598	8932	0.0698205
3700	8932	0.0698205
2418	8933	0.0759816
1051	8933	0.0759816
8933	8934	0.0737927
5096	8934	0.0737927
8934	8935	0.058399
587	8935	0.058399
8935	8936	0.0434902
3028	8936	0.0434902
2137	8937	0.0594997
3243	8937	0.0594997
599	8938	0.0442348
3348	8938	0.0442348
4586	8939	0.299419
3532	8939	0.299419
8939	8940	0.184512
605	8940	0.184512
915	8941	0.112283
3228	8941	0.112283
1587	8942	0.0276748
4897	8942	0.0276748
612	8943	0.0251122
924	8943	0.0251122
1676	8944	0.037888
615	8944	0.037888
5458	8945	0.100727
2898	8945	0.100727
8945	8946	0.0973438
6041	8946	0.0973438
8946	8947	0.0558789
5703	8947	0.0558789
8947	8948	0.0460527
617	8948	0.0460527
771	8949	0.0346339
8948	8949	0.0346339
649	8950	0.506727
3665	8950	0.506727
2617	8951	0.0295772
5241	8951	0.0295772
8951	8952	0.0288204
4181	8952	0.0288204
8952	8953	0.0253708
1134	8953	0.0253708
8953	8954	0.0240177
815	8954	0.0240177
8954	8955	0.0226792
4336	8955	0.0226792
8955	8956	0.0214826
1908	8956	0.0214826
6054	8957	0.0429176
2909	8957	0.0429176
8957	8958	0.0366949
6001	8958	0.0366949
8958	8959	0.0246278
2409	8959	0.0246278
5907	8960	0.108864
2139	8960	0.108864
8960	8961	0.064432
2138	8961	0.064432
8961	8962	0.0405152
5905	8962	0.0405152
8962	8963	0.0367523
6183	8963	0.0367523
8963	8964	0.0301398
1875	8964	0.0301398
1442	8965	0.0314158
4768	8965	0.0314158
8964	8966	0.0277235
6190	8966	0.0277235
8966	8967	0.0242097
8965	8967	0.0242097
8967	8968	0.0213399
5906	8968	0.0213399
2417	8969	0.0356267
1686	8969	0.0356267
5775	8970	0.0794553
1672	8970	0.0794553
8970	8971	0.0753561
5065	8971	0.0753561
2546	8972	0.0458452
2746	8972	0.0458452
2980	8973	0.293407
4434	8973	0.293407
8973	8974	0.213107
3897	8974	0.213107
4482	8975	0.15629
2545	8975	0.15629
8974	8976	0.152033
8975	8976	0.152033
654	8977	0.0508886
3207	8977	0.0508886
3410	8978	0.02293
1783	8978	0.02293
5107	8979	0.294811
4470	8979	0.294811
723	8980	0.079699
3366	8980	0.079699
1234	8981	0.0664993
5502	8981	0.0664993
1463	8982	0.0515164
3395	8982	0.0515164
745	8983	0.0214444
5183	8983	0.0214444
752	8984	0.135163
4650	8984	0.135163
5217	8985	0.0273283
1055	8985	0.0273283
5402	8986	0.0530483
4289	8986	0.0530483
8986	8987	0.0504072
6225	8987	0.0504072
8987	8988	0.0407628
5016	8988	0.0407628
8988	8989	0.0380403
5912	8989	0.0380403
3345	8990	0.0364123
758	8990	0.0364123
8989	8991	0.0355599
8990	8991	0.0355599
8991	8992	0.0318145
5986	8992	0.0318145
8992	8993	0.0294602
4661	8993	0.0294602
8993	8994	0.0271224
5188	8994	0.0271224
8994	8995	0.027032
3728	8995	0.027032
3417	8996	0.0350386
2467	8996	0.0350386
5120	8997	0.136743
2579	8997	0.136743
8997	8998	0.0803793
4720	8998	0.0803793
8998	8999	0.0762547
4417	8999	0.0762547
8999	9000	0.0711919
5227	9000	0.0711919
9000	9001	0.0640863
3391	9001	0.0640863
9001	9002	0.054602
772	9002	0.054602
9002	9003	0.0451193
4014	9003	0.0451193
1624	9004	0.0227704
9003	9004	0.0227704
2125	9005	0.0211497
777	9005	0.0211497
4824	9006	0.0680138
2646	9006	0.0680138
5644	9007	0.0459678
4611	9007	0.0459678
801	9008	0.199868
1183	9008	0.199868
5622	9009	0.03509
5790	9009	0.03509
4706	9010	0.0541909
4855	9010	0.0541909
9010	9011	0.0302173
5976	9011	0.0302173
4729	9011	0.0302173
1547	9012	0.0214281
828	9012	0.0214281
2620	9013	0.0469221
2509	9013	0.0469221
1001	9014	0.0212289
1537	9014	0.0212289
1627	9015	0.127083
3144	9015	0.127083
2091	9016	0.0534877
3152	9016	0.0534877
4543	9017	0.045293
5759	9017	0.045293
892	9018	0.0311346
1779	9018	0.0311346
9018	9019	0.0220949
945	9019	0.0220949
2002	9020	0.0509154
874	9020	0.0509154
5964	9021	0.150826
2132	9021	0.150826
899	9022	0.0693588
2913	9022	0.0693588
4539	9022	0.0693588
2096	9023	0.290959
6321	9023	0.290959
4441	9024	0.100515
4185	9024	0.100515
9024	9025	0.0892808
1299	9025	0.0892808
9025	9026	0.0784355
1744	9026	0.0784355
9026	9027	0.0751034
905	9027	0.0751034
9027	9028	0.0492831
3740	9028	0.0492831
9028	9029	0.0425072
2771	9029	0.0425072
9029	9030	0.0406927
3212	9030	0.0406927
9030	9031	0.0368842
4838	9031	0.0368842
5223	9032	0.0323341
9031	9032	0.0323341
4916	9033	0.0538081
5876	9033	0.0538081
3953	9034	0.049478
932	9034	0.049478
5010	9035	0.0288835
940	9035	0.0288835
2386	9036	0.0280291
1999	9036	0.0280291
4426	9037	0.0548154
2694	9037	0.0548154
5550	9038	0.0256603
959	9038	0.0256603
2176	9039	0.05329
984	9039	0.05329
997	9040	0.14532
2454	9040	0.14532
999	9041	0.344974
3456	9041	0.344974
9041	9042	0.0700233
6029	9042	0.0700233
1038	9043	0.0890758
1020	9043	0.0890758
6249	9044	0.538858
1077	9044	0.538858
1044	9045	0.0364648
6089	9045	0.0364648
1075	9046	0.135095
5180	9046	0.135095
3383	9047	0.021796
2954	9047	0.021796
5232	9048	0.0656657
5295	9048	0.0656657
1122	9049	0.0361959
1516	9049	0.0361959
4070	9050	0.292266
3210	9050	0.292266
5149	9051	0.025887
2020	9051	0.025887
2739	9052	0.245853
2358	9052	0.245853
4700	9053	0.08123
1186	9053	0.08123
1659	9054	0.0316375
2996	9054	0.0316375
1812	9055	0.0236855
5329	9055	0.0236855
3957	9056	0.0214956
1611	9056	0.0214956
3982	9057	0.0516594
5092	9057	0.0516594
2210	9058	0.0719832
1277	9058	0.0719832
5902	9059	0.0589491
5900	9059	0.0589491
1332	9060	0.0284768
1560	9060	0.0284768
1355	9061	0.120708
4138	9061	0.120708
3292	9062	0.120282
9061	9062	0.120282
1484	9063	0.228759
1368	9063	0.228759
5559	9064	0.0491604
3130	9064	0.0491604
2429	9065	0.0974639
1404	9065	0.0974639
2264	9066	0.0360003
4512	9066	0.0360003
1462	9067	0.0690717
4060	9067	0.0690717
2931	9067	0.0690717
1597	9068	0.137836
1461	9068	0.137836
3944	9069	0.0949355
1489	9069	0.0949355
4894	9070	0.0239269
2556	9070	0.0239269
9070	9071	0.0215153
4680	9071	0.0215153
3452	9072	0.0406757
5749	9072	0.0406757
1834	9073	0.0221624
1520	9073	0.0221624
1525	9074	0.0219556
3633	9074	0.0219556
4015	9075	0.0849356
5509	9075	0.0849356
3490	9076	0.54058
1956	9076	0.54058
9076	9077	0.221955
1608	9077	0.221955
2554	9078	0.0711036
2583	9078	0.0711036
2968	9079	0.0437977
3853	9079	0.0437977
3852	9080	0.0434097
9079	9080	0.0434097
9080	9081	0.0304035
4788	9081	0.0304035
9081	9082	0.0239753
6125	9082	0.0239753
1740	9083	0.0345061
2145	9083	0.0345061
4936	9084	0.0373782
1849	9084	0.0373782
4737	9085	0.109528
4739	9085	0.109528
2022	9086	0.0332474
1996	9086	0.0332474
6140	9087	0.0247819
6019	9087	0.0247819
2073	9088	0.0210835
2786	9088	0.0210835
2098	9089	0.154037
5340	9089	0.154037
5139	9090	0.0963716
9089	9090	0.0963716
4133	9091	0.103318
2152	9091	0.103318
4668	9092	0.0858737
9091	9092	0.0858737
6045	9093	0.105899
2156	9093	0.105899
6035	9094	0.105453
9093	9094	0.105453
5467	9095	0.022011
3813	9095	0.022011
5310	9096	0.114528
2788	9096	0.114528
5388	9097	0.111467
9096	9097	0.111467
2195	9098	0.0904011
9097	9098	0.0904011
4476	9099	0.0538829
2253	9099	0.0538829
4866	9100	0.0850274
3756	9100	0.0850274
4453	9101	0.0300204
4955	9101	0.0300204
2214	9102	0.0565893
3157	9102	0.0565893
2237	9103	0.0948037
4656	9103	0.0948037
3755	9104	0.0985396
2984	9104	0.0985396
4752	9105	0.0599032
5446	9105	0.0599032
6034	9106	0.376728
5954	9106	0.376728
9106	9107	0.35185
5633	9107	0.35185
2336	9108	0.079018
5707	9108	0.079018
2381	9109	0.101917
3011	9109	0.101917
4386	9110	0.0215292
9109	9110	0.0215292
6295	9111	0.0874538
4206	9111	0.0874538
9111	9112	0.0486489
5104	9112	0.0486489
5520	9113	0.0416489
9112	9113	0.0416489
9113	9114	0.0213985
2383	9114	0.0213985
3809	9115	0.0978359
5591	9115	0.0978359
3281	9116	0.128624
3502	9116	0.128624
2664	9117	0.0626266
2587	9117	0.0626266
2622	9118	0.234219
3496	9118	0.234219
2728	9119	0.145229
2940	9119	0.145229
9119	9120	0.0859632
3116	9120	0.0859632
9120	9121	0.0347245
4246	9121	0.0347245
6265	9122	0.039889
3712	9122	0.039889
2802	9123	0.168152
5113	9123	0.168152
4976	9124	0.0331075
2839	9124	0.0331075
2932	9125	0.342168
2848	9125	0.342168
5415	9126	0.199433
2866	9126	0.199433
4673	9127	0.0550891
5025	9127	0.0550891
5987	9128	0.0793036
2929	9128	0.0793036
3650	9129	0.0412065
4861	9129	0.0412065
3063	9130	0.168605
4634	9130	0.168605
4294	9131	0.153064
3382	9131	0.153064
3156	9132	0.0666246
5988	9132	0.0666246
9132	9133	0.0588904
3539	9133	0.0588904
5537	9134	0.0533384
3480	9134	0.0533384
4887	9135	0.0737478
3359	9135	0.0737478
3360	9136	0.279515
5348	9136	0.279515
6048	9137	0.0501249
3856	9137	0.0501249
3760	9138	0.193403
3956	9138	0.193403
3837	9139	0.0425021
4326	9139	0.0425021
5199	9140	0.0518128
4371	9140	0.0518128
4407	9141	0.146253
4437	9141	0.146253
5932	9141	0.146253
4409	9142	0.0308292
4469	9142	0.0308292
5056	9143	0.395104
5007	9143	0.395104
5528	9144	0.15897
5493	9144	0.15897
5803	9145	0.0269969
6066	9145	0.0269969
6158	9146	0.0233365
6112	9146	0.0233365
6170	9147	0.0293629
6164	9147	0.0293629
87	9148	0.0206078
6260	9148	0.0206078
487	9149	0.00930196
3367	9149	0.00930196
5625	9150	0.008771
6152	9150	0.008771
2582	9151	0.0191165
2692	9151	0.0191165
9151	9152	0.01406
3857	9152	0.01406
4713	9153	0.0140953
2441	9153	0.0140953
3316	9154	0.0135365
8898	9154	0.0135365
4202	9155	0.00992302
659	9155	0.00992302
5046	9156	0.00983508
6429	9156	0.00983508
3864	9157	0.0178416
71	9157	0.0178416
6499	9158	0.0162754
4347	9158	0.0162754
4234	9159	0.0128511
5427	9159	0.0128511
2813	9160	0.0161918
9123	9160	0.0161918
3103	9161	0.0208995
9049	9161	0.0208995
9161	9162	0.0128268
8996	9162	0.0128268
9092	9163	0.0108387
3007	9163	0.0108387
8931	9164	0.0149412
4819	9164	0.0149412
4901	9165	0.00942041
928	9165	0.00942041
9165	9166	0.00889297
4709	9166	0.00889297
4107	9167	0.0121107
9133	9167	0.0121107
3715	9168	0.0174875
9040	9168	0.0174875
9059	9169	0.0156566
1331	9169	0.0156566
6168	9170	0.018771
6161	9170	0.018771
9170	9171	0.0167229
6169	9171	0.0167229
9147	9172	0.0150423
9171	9172	0.0150423
5047	9173	0.0183602
243	9173	0.0183602
1362	9174	0.0130245
4766	9174	0.0130245
4267	9175	0.0192709
8797	9175	0.0192709
4327	9176	0.010254
2569	9176	0.010254
9116	9177	0.00909345
9176	9177	0.00909345
3849	9178	0.0166332
4134	9178	0.0166332
4525	9179	0.0151576
1301	9179	0.0151576
306	9180	0.0189238
5081	9180	0.0189238
8733	9181	0.0181659
506	9181	0.0181659
5380	9182	0.0176606
9181	9182	0.0176606
9060	9183	0.018286
5760	9183	0.018286
5248	9184	0.0173178
5516	9184	0.0173178
9136	9185	0.0155735
4952	9185	0.0155735
5879	9186	0.0193418
5916	9186	0.0193418
9186	9187	0.0181009
5836	9187	0.0181009
1814	9188	0.015315
6479	9188	0.015315
5129	9189	0.0153302
2610	9189	0.0153302
6504	9190	0.0135814
9189	9190	0.0135814
8781	9191	0.0164902
2703	9191	0.0164902
1697	9192	0.0159867
3447	9192	0.0159867
4552	9193	0.0148134
3393	9193	0.0148134
2053	9194	0.0166597
1807	9194	0.0166597
3888	9195	0.0149583
2305	9195	0.0149583
6056	9196	0.0182435
6423	9196	0.0182435
4473	9197	0.017438
4027	9197	0.017438
5456	9198	0.0177276
5629	9198	0.0177276
3990	9199	0.0201598
469	9199	0.0201598
8737	9200	0.0208943
6201	9200	0.0208943
99	9201	0.0179356
1018	9201	0.0179356
8897	9202	0.0209506
424	9202	0.0209506
8892	9203	0.0181256
407	9203	0.0181256
3505	9204	0.0203173
1293	9204	0.0203173
176	9205	0.020899
2385	9205	0.020899
717	9206	0.0188665
9205	9206	0.0188665
5416	9207	0.0183955
9206	9207	0.0183955
2737	9208	0.0197047
754	9208	0.0197047
660	9209	0.0196632
9208	9209	0.0196632
4174	9210	0.0183239
8785	9210	0.0183239
8796	9211	0.0194932
2538	9211	0.0194932
9211	9212	0.0193632
1811	9212	0.0193632
4465	9213	0.0184001
2262	9213	0.0184001
8885	9214	0.0183965
3081	9214	0.0183965
8753	9215	0.0202868
169	9215	0.0202868
6282	9216	0.0210046
8684	9216	0.0210046
3201	9217	0.0210003
9216	9217	0.0210003
9217	9218	0.0209961
2618	9218	0.0209961
2487	9218	0.0209961
2905	9219	0.0209919
9218	9219	0.0209919
9219	9220	0.0209884
8886	9220	0.0209884
9220	9221	0.0209749
1926	9221	0.0209749
1115	9222	0.020957
9221	9222	0.020957
6415	9223	0.0209533
9222	9223	0.0209533
6325	9224	0.020941
9223	9224	0.020941
6362	9225	0.020937
9224	9225	0.020937
5166	9226	0.0209347
9225	9226	0.0209347
6516	9227	0.020933
9226	9227	0.020933
9227	9228	0.0209275
190	9228	0.0209275
9228	9229	0.0209225
5316	9229	0.0209225
5859	9230	0.0209177
9229	9230	0.0209177
6280	9231	0.0209056
9230	9231	0.0209056
4191	9232	0.0208952
9231	9232	0.0208952
4963	9232	0.0208952
3066	9232	0.0208952
9232	9233	0.0208788
2882	9233	0.0208788
9233	9234	0.0208413
1308	9234	0.0208413
9234	9235	0.0208395
5444	9235	0.0208395
9235	9236	0.0208275
2955	9236	0.0208275
6393	9237	0.0208203
9236	9237	0.0208203
9237	9238	0.020815
4910	9238	0.020815
9238	9239	0.0208085
8858	9239	0.0208085
9239	9240	0.0208073
1240	9240	0.0208073
9088	9240	0.0208073
309	9241	0.0208064
9240	9241	0.0208064
9241	9242	0.0207936
783	9242	0.0207936
9074	9242	0.0207936
9242	9243	0.0207516
2286	9243	0.0207516
1828	9244	0.0207134
9243	9244	0.0207134
3622	9245	0.0207101
9244	9245	0.0207101
9245	9246	0.0206969
581	9246	0.0206969
9246	9247	0.0206596
4447	9247	0.0206596
9247	9248	0.020646
2430	9248	0.020646
3968	9249	0.0206447
9248	9249	0.0206447
9249	9250	0.0206442
1171	9250	0.0206442
9250	9251	0.0206413
1388	9251	0.0206413
9251	9252	0.0206334
3230	9252	0.0206334
3815	9253	0.020609
9252	9253	0.020609
9253	9254	0.0206078
1335	9254	0.0206078
9254	9255	0.0206024
4374	9255	0.0206024
9255	9256	0.0205917
5992	9256	0.0205917
9256	9257	0.0205838
5940	9257	0.0205838
9257	9258	0.0205574
5524	9258	0.0205574
9258	9259	0.0205555
1840	9259	0.0205555
3263	9259	0.0205555
3704	9259	0.0205555
3862	9259	0.0205555
8968	9259	0.0205555
9259	9260	0.0205513
8742	9260	0.0205513
9260	9261	0.0205479
9014	9261	0.0205479
9261	9262	0.0205421
3429	9262	0.0205421
9262	9263	0.0205371
1594	9263	0.0205371
9263	9264	0.0205335
4428	9264	0.0205335
9264	9265	0.0205315
1371	9265	0.0205315
4791	9265	0.0205315
6458	9266	0.0205287
9265	9266	0.0205287
9266	9267	0.0205039
1835	9267	0.0205039
4876	9268	0.0205012
6449	9268	0.0205012
9267	9268	0.0205012
9268	9269	0.020487
2397	9269	0.020487
9269	9270	0.0204762
415	9270	0.0204762
4215	9271	0.0204735
9270	9271	0.0204735
1436	9272	0.0204726
9271	9272	0.0204726
4339	9273	0.0204334
9272	9273	0.0204334
3906	9274	0.0204
9273	9274	0.0204
3886	9274	0.0204
9274	9275	0.0203973
4931	9275	0.0203973
9275	9276	0.02038
6077	9276	0.02038
9276	9277	0.0203791
2895	9277	0.0203791
201	9278	0.0203686
9277	9278	0.0203686
9278	9279	0.0203655
508	9279	0.0203655
6373	9280	0.0203559
9279	9280	0.0203559
1295	9281	0.0203369
9280	9281	0.0203369
1269	9282	0.0203309
9281	9282	0.0203309
6444	9283	0.0203265
9282	9283	0.0203265
1888	9284	0.0203018
9283	9284	0.0203018
6432	9285	0.0202992
9284	9285	0.0202992
289	9285	0.0202992
133	9286	0.0202983
9285	9286	0.0202983
9286	9287	0.0202952
257	9287	0.0202952
5449	9288	0.0202565
9287	9288	0.0202565
9288	9289	0.0202529
1848	9289	0.0202529
9289	9290	0.0202427
3253	9290	0.0202427
2308	9291	0.0202904
8736	9291	0.0202904
1625	9292	0.0202095
9290	9292	0.0202095
2242	9292	0.0202095
1023	9293	0.0201913
9292	9293	0.0201913
9293	9294	0.0201835
1276	9294	0.0201835
9294	9295	0.0201708
9291	9295	0.0201708
1390	9295	0.0201708
9295	9296	0.0201673
4922	9296	0.0201673
9296	9297	0.0201102
882	9297	0.0201102
9297	9298	0.020069
3516	9298	0.020069
9298	9299	0.0200683
2162	9299	0.0200683
6439	9300	0.0200336
9299	9300	0.0200336
9300	9301	0.0200237
5220	9301	0.0200237
9301	9302	0.0200064
2290	9302	0.0200064
128	9303	0.0199974
9302	9303	0.0199974
466	9304	0.0199833
9303	9304	0.0199833
9304	9305	0.0199822
8735	9305	0.0199822
9305	9306	0.0199633
5086	9306	0.0199633
9306	9307	0.0199586
3726	9307	0.0199586
3631	9308	0.0199489
9307	9308	0.0199489
6485	9309	0.0199422
9308	9309	0.0199422
6338	9310	0.0199385
9309	9310	0.0199385
2344	9311	0.0198999
9310	9311	0.0198999
9311	9312	0.0198923
2871	9312	0.0198923
9312	9313	0.0198788
3218	9313	0.0198788
9313	9314	0.0198572
2486	9314	0.0198572
4865	9315	0.019847
9314	9315	0.019847
5727	9316	0.0198402
9315	9316	0.0198402
9316	9317	0.0198394
584	9317	0.0198394
4384	9317	0.0198394
9317	9318	0.0198162
1220	9318	0.0198162
6509	9319	0.0198144
9318	9319	0.0198144
3460	9319	0.0198144
9319	9320	0.0198124
4201	9320	0.0198124
422	9321	0.0198119
9320	9321	0.0198119
4782	9322	0.0197926
9321	9322	0.0197926
9322	9323	0.0197698
4151	9323	0.0197698
6474	9324	0.0197655
9323	9324	0.0197655
9324	9325	0.0197621
2052	9325	0.0197621
3422	9325	0.0197621
8756	9326	0.0197534
9325	9326	0.0197534
3596	9327	0.0197469
9326	9327	0.0197469
9327	9328	0.0197418
3911	9328	0.0197418
9328	9329	0.0197094
2270	9329	0.0197094
3291	9330	0.0196828
9329	9330	0.0196828
5280	9330	0.0196828
9330	9331	0.019682
433	9331	0.019682
9331	9332	0.0196769
8866	9332	0.0196769
9332	9333	0.0196706
8959	9333	0.0196706
6256	9334	0.0196555
9333	9334	0.0196555
9334	9335	0.0196519
1116	9335	0.0196519
2494	9336	0.0206969
2495	9336	0.0206969
4116	9337	0.0196888
1424	9337	0.0196888
5417	9338	0.0201024
1628	9338	0.0201024
5292	9339	0.0196911
9338	9339	0.0196911
9335	9340	0.0196514
3108	9340	0.0196514
9340	9341	0.0196237
9339	9341	0.0196237
9341	9342	0.0196159
2131	9342	0.0196159
9342	9343	0.019595
8867	9343	0.019595
8873	9343	0.019595
9343	9344	0.0195876
1208	9344	0.0195876
9344	9345	0.0195819
5585	9345	0.0195819
4110	9346	0.0195733
9345	9346	0.0195733
14	9346	0.0195733
9215	9347	0.0195721
9346	9347	0.0195721
9347	9348	0.0195599
1298	9348	0.0195599
9348	9349	0.019557
3466	9349	0.019557
515	9350	0.0195511
9349	9350	0.0195511
1465	9351	0.019548
9350	9351	0.019548
9351	9352	0.0195175
836	9352	0.0195175
9352	9353	0.0195039
59	9353	0.0195039
9353	9354	0.0194645
6250	9354	0.0194645
6374	9355	0.0194461
9354	9355	0.0194461
9355	9356	0.0194403
3605	9356	0.0194403
9356	9357	0.0194377
787	9357	0.0194377
9357	9358	0.0194061
8850	9358	0.0194061
743	9359	0.019435
1458	9359	0.019435
9358	9360	0.0193863
9359	9360	0.0193863
9360	9361	0.0193357
9019	9361	0.0193357
4733	9362	0.0193067
9361	9362	0.0193067
9362	9363	0.0192088
3227	9363	0.0192088
9363	9364	0.0191995
2793	9364	0.0191995
9364	9365	0.0191934
4333	9365	0.0191934
2100	9365	0.0191934
5343	9366	0.0191899
9365	9366	0.0191899
6341	9367	0.0191803
9366	9367	0.0191803
3162	9368	0.0191783
9367	9368	0.0191783
3952	9368	0.0191783
5492	9369	0.0191764
9368	9369	0.0191764
737	9370	0.0191754
9369	9370	0.0191754
9370	9371	0.0191732
2067	9371	0.0191732
9371	9372	0.0191687
3604	9372	0.0191687
810	9373	0.0191631
9372	9373	0.0191631
9373	9374	0.0191545
5169	9374	0.0191545
9374	9375	0.0191452
2959	9375	0.0191452
9375	9376	0.0191423
4272	9376	0.0191423
9376	9377	0.0191336
9336	9377	0.0191336
9377	9378	0.0190876
977	9378	0.0190876
9378	9379	0.0190845
9337	9379	0.0190845
6409	9380	0.0190627
9379	9380	0.0190627
9380	9381	0.0190461
5538	9381	0.0190461
9381	9382	0.0190449
2672	9382	0.0190449
3217	9383	0.0190416
9382	9383	0.0190416
1389	9384	0.0190086
9383	9384	0.0190086
6348	9385	0.0190064
9384	9385	0.0190064
9385	9386	0.0189587
2801	9386	0.0189587
9386	9387	0.0189566
2478	9387	0.0189566
6334	9388	0.0189552
9387	9388	0.0189552
56	9388	0.0189552
9388	9389	0.018943
4674	9389	0.018943
9389	9390	0.0189325
4532	9390	0.0189325
2477	9391	0.0189295
9390	9391	0.0189295
4503	9392	0.0189247
9391	9392	0.0189247
8880	9393	0.0189295
8914	9393	0.0189295
8911	9394	0.0194921
465	9394	0.0194921
9392	9395	0.0189211
1503	9395	0.0189211
9395	9396	0.0189085
941	9396	0.0189085
9396	9397	0.018906
3491	9397	0.018906
9397	9398	0.0188741
4895	9398	0.0188741
9398	9399	0.0188723
4785	9399	0.0188723
9399	9400	0.0188653
3305	9400	0.0188653
8805	9401	0.0188627
9400	9401	0.0188627
9401	9402	0.0188571
490	9402	0.0188571
9402	9403	0.0188528
252	9403	0.0188528
9403	9404	0.0188465
9394	9404	0.0188465
6364	9405	0.0188389
9404	9405	0.0188389
9405	9406	0.0188371
3914	9406	0.0188371
9114	9406	0.0188371
4506	9406	0.0188371
9406	9407	0.018835
2989	9407	0.018835
9407	9408	0.0188322
6159	9408	0.0188322
9408	9409	0.0188302
1045	9409	0.0188302
3495	9410	0.0188082
9409	9410	0.0188082
8692	9411	0.0188063
9410	9411	0.0188063
9411	9412	0.0187961
646	9412	0.0187961
4873	9413	0.0187932
9412	9413	0.0187932
3939	9414	0.0187857
9413	9414	0.0187857
9414	9415	0.0187794
1438	9415	0.0187794
9415	9416	0.0187769
4592	9416	0.0187769
1677	9417	0.0187197
9416	9417	0.0187197
9417	9418	0.0187161
8841	9418	0.0187161
9418	9419	0.0187015
1418	9419	0.0187015
9419	9420	0.0186538
6120	9420	0.0186538
3245	9421	0.0186469
9420	9421	0.0186469
8895	9422	0.0186464
9421	9422	0.0186464
9393	9422	0.0186464
750	9422	0.0186464
1180	9422	0.0186464
4798	9422	0.0186464
2368	9423	0.0186064
9422	9423	0.0186064
5254	9424	0.0185918
9423	9424	0.0185918
9424	9425	0.0185792
3445	9425	0.0185792
9425	9426	0.0185738
3061	9426	0.0185738
3126	9427	0.0185661
9426	9427	0.0185661
359	9428	0.0185545
9427	9428	0.0185545
9428	9429	0.0185526
144	9429	0.0185526
3237	9430	0.0185457
9429	9430	0.0185457
6400	9431	0.0185385
9430	9431	0.0185385
803	9432	0.0185156
9431	9432	0.0185156
9432	9433	0.0185122
3194	9433	0.0185122
9433	9434	0.0184999
166	9434	0.0184999
9434	9435	0.0184882
1377	9435	0.0184882
9435	9436	0.0184582
8943	9436	0.0184582
6378	9437	0.0184143
9436	9437	0.0184143
6519	9438	0.018412
9437	9438	0.018412
4836	9438	0.018412
3624	9439	0.018404
9438	9439	0.018404
9439	9440	0.0184022
504	9440	0.0184022
9440	9441	0.0183734
2474	9441	0.0183734
9441	9442	0.0183692
2797	9442	0.0183692
9442	9443	0.0183573
9135	9443	0.0183573
192	9444	0.0183555
9443	9444	0.0183555
9444	9445	0.0183151
3583	9445	0.0183151
9445	9446	0.0183029
3031	9446	0.0183029
3884	9446	0.0183029
8714	9447	0.0201921
1780	9447	0.0201921
8724	9448	0.0209246
5765	9448	0.0209246
9448	9449	0.0197031
3544	9449	0.0197031
8763	9450	0.0207498
205	9450	0.0207498
6236	9450	0.0207498
9450	9451	0.02003
5998	9451	0.02003
9451	9452	0.0185156
2489	9452	0.0185156
9452	9453	0.0184691
1513	9453	0.0184691
302	9454	0.0200729
1528	9454	0.0200729
8821	9455	0.0204448
8834	9455	0.0204448
8824	9456	0.020322
9455	9456	0.020322
9454	9457	0.0193034
9456	9457	0.0193034
9457	9458	0.0185326
303	9458	0.0185326
8857	9459	0.020681
4082	9459	0.020681
4227	9460	0.0206132
8956	9460	0.0206132
9042	9461	0.0202868
6033	9461	0.0202868
9446	9462	0.0182934
5110	9462	0.0182934
9462	9463	0.0182775
2188	9463	0.0182775
9463	9464	0.0182599
2733	9464	0.0182599
9464	9465	0.0182453
5238	9465	0.0182453
2205	9466	0.018245
9465	9466	0.018245
9466	9467	0.0182305
3745	9467	0.0182305
9467	9468	0.0181806
4023	9468	0.0181806
9468	9469	0.0181793
1205	9469	0.0181793
9469	9470	0.0181694
9459	9470	0.0181694
9470	9471	0.0181624
3187	9471	0.0181624
8703	9472	0.0181441
9471	9472	0.0181441
49	9472	0.0181441
6385	9473	0.0181256
3774	9473	0.0181256
9472	9473	0.0181256
9473	9474	0.018125
2969	9474	0.018125
9474	9475	0.018113
1770	9475	0.018113
9475	9476	0.0181106
460	9476	0.0181106
9476	9477	0.0180958
1909	9477	0.0180958
4626	9477	0.0180958
9477	9478	0.0180943
64	9478	0.0180943
4892	9479	0.0180874
9478	9479	0.0180874
9479	9480	0.0180818
3635	9480	0.0180818
9480	9481	0.0180761
5709	9481	0.0180761
9481	9482	0.0180693
5581	9482	0.0180693
4078	9483	0.0180669
9482	9483	0.0180669
9483	9484	0.0180482
1951	9484	0.0180482
290	9484	0.0180482
9484	9485	0.018035
5521	9485	0.018035
9458	9486	0.0182363
6052	9486	0.0182363
6443	9487	0.0180263
9485	9487	0.0180263
5826	9487	0.0180263
3788	9488	0.0180081
9487	9488	0.0180081
9488	9489	0.0179901
9486	9489	0.0179901
9489	9490	0.0179827
3540	9490	0.0179827
9490	9491	0.0179769
4281	9491	0.0179769
4224	9492	0.017972
9491	9492	0.017972
9492	9493	0.0179405
3184	9493	0.0179405
3365	9494	0.017939
9493	9494	0.017939
8899	9495	0.0179301
9494	9495	0.0179301
1917	9496	0.0179285
9495	9496	0.0179285
9496	9497	0.0179065
9108	9497	0.0179065
9497	9498	0.0178996
5281	9498	0.0178996
1585	9499	0.0178754
5734	9499	0.0178754
9498	9499	0.0178754
9499	9500	0.0178743
2732	9500	0.0178743
9500	9501	0.0178718
2982	9501	0.0178718
5235	9501	0.0178718
1039	9502	0.0178706
9501	9502	0.0178706
6328	9503	0.017869
9502	9503	0.017869
9503	9504	0.0178364
4396	9504	0.0178364
9504	9505	0.0178357
3919	9505	0.0178357
9505	9506	0.0178261
1268	9506	0.0178261
3045	9507	0.017813
9506	9507	0.017813
9507	9508	0.0178089
4389	9508	0.0178089
3744	9509	0.0177947
9508	9509	0.0177947
8777	9510	0.0182178
985	9510	0.0182178
9035	9511	0.0178548
2963	9511	0.0178548
6347	9512	0.0177897
9509	9512	0.0177897
6329	9513	0.0177833
9512	9513	0.0177833
9513	9514	0.0177793
354	9514	0.0177793
9514	9515	0.0177765
5801	9515	0.0177765
9515	9516	0.017772
6116	9516	0.017772
6391	9517	0.0177653
9516	9517	0.0177653
9511	9517	0.0177653
9517	9518	0.0177565
1188	9518	0.0177565
3010	9519	0.0177478
9518	9519	0.0177478
1915	9520	0.0177467
9519	9520	0.0177467
908	9521	0.0177422
9520	9521	0.0177422
910	9522	0.0177149
9521	9522	0.0177149
1699	9522	0.0177149
2586	9523	0.017713
9522	9523	0.017713
4536	9524	0.0176859
9523	9524	0.0176859
8776	9525	0.0176696
9524	9525	0.0176696
6480	9526	0.0176449
9525	9526	0.0176449
6253	9527	0.0176373
9526	9527	0.0176373
9527	9528	0.0176132
94	9528	0.0176132
4553	9529	0.01761
9528	9529	0.01761
9529	9530	0.0176039
50	9530	0.0176039
6434	9531	0.0175943
9530	9531	0.0175943
596	9532	0.0175903
9531	9532	0.0175903
9532	9533	0.0175887
4091	9533	0.0175887
9533	9534	0.0175734
3268	9534	0.0175734
9534	9535	0.0175649
1036	9535	0.0175649
9214	9536	0.0175638
9535	9536	0.0175638
9536	9537	0.0175221
5210	9537	0.0175221
9537	9538	0.0175063
2828	9538	0.0175063
3093	9539	0.0174989
9538	9539	0.0174989
1530	9539	0.0174989
9539	9540	0.0174954
4914	9540	0.0174954
9146	9540	0.0174954
2634	9541	0.017478
9540	9541	0.017478
9541	9542	0.0174769
9142	9542	0.0174769
9542	9543	0.0174468
9082	9543	0.0174468
1005	9544	0.0174425
9543	9544	0.0174425
9544	9545	0.0174398
3747	9545	0.0174398
417	9545	0.0174398
9545	9546	0.0174218
5369	9546	0.0174218
9546	9547	0.0174207
2654	9547	0.0174207
9547	9548	0.0174189
4627	9548	0.0174189
9548	9549	0.0174179
214	9549	0.0174179
9549	9550	0.0174158
6171	9550	0.0174158
8744	9551	0.017412
9550	9551	0.017412
1244	9551	0.017412
9055	9552	0.0174008
9212	9552	0.0174008
9551	9553	0.0173898
9510	9553	0.0173898
9552	9554	0.0173816
9553	9554	0.0173816
9554	9555	0.0173785
3889	9555	0.0173785
9555	9556	0.0173732
1502	9556	0.0173732
9447	9557	0.0182
4209	9557	0.0182
9557	9558	0.0181733
9449	9558	0.0181733
9558	9559	0.0179325
678	9559	0.0179325
9559	9560	0.0175745
347	9560	0.0175745
9453	9561	0.0182599
2515	9561	0.0182599
9005	9562	0.0182316
9561	9562	0.0182316
9562	9563	0.0178156
2114	9563	0.0178156
818	9564	0.0177843
9563	9564	0.0177843
2630	9565	0.0182553
3876	9565	0.0182553
2345	9566	0.0174257
4203	9566	0.0174257
2714	9567	0.0180654
2790	9567	0.0180654
9556	9568	0.0173665
5353	9568	0.0173665
9568	9569	0.0173653
2887	9569	0.0173653
9569	9570	0.0173616
3274	9570	0.0173616
3449	9570	0.0173616
9570	9571	0.0173608
689	9571	0.0173608
6452	9572	0.0173491
9571	9572	0.0173491
6490	9573	0.0173471
9572	9573	0.0173471
9573	9574	0.0173282
667	9574	0.0173282
8706	9575	0.0173266
9574	9575	0.0173266
9575	9576	0.0173225
704	9576	0.0173225
9576	9577	0.0173178
3088	9577	0.0173178
9577	9578	0.017312
9460	9578	0.017312
9578	9579	0.0173033
8820	9579	0.0173033
8905	9580	0.0172999
9579	9580	0.0172999
9580	9581	0.0172977
1102	9581	0.0172977
9581	9582	0.0172639
474	9582	0.0172639
5628	9583	0.0172618
9582	9583	0.0172618
9583	9584	0.0172434
264	9584	0.0172434
9584	9585	0.0172396
880	9585	0.0172396
9585	9586	0.0172349
5687	9586	0.0172349
6438	9587	0.0172226
9586	9587	0.0172226
6073	9588	0.0172175
9587	9588	0.0172175
6118	9589	0.0171916
9588	9589	0.0171916
9011	9590	0.0171803
9589	9590	0.0171803
1034	9590	0.0171803
9564	9590	0.0171803
9461	9590	0.0171803
9590	9591	0.0171772
6312	9591	0.0171772
9560	9592	0.0171935
1361	9592	0.0171935
9591	9593	0.0171721
9592	9593	0.0171721
9593	9594	0.0171632
3247	9594	0.0171632
9594	9595	0.0171496
6213	9595	0.0171496
9595	9596	0.017146
92	9596	0.017146
9596	9597	0.0171347
147	9597	0.0171347
9597	9598	0.0170999
2233	9598	0.0170999
6461	9599	0.0170984
9598	9599	0.0170984
3895	9600	0.0170839
9599	9600	0.0170839
6414	9601	0.0170478
9600	9601	0.0170478
9601	9602	0.0170413
8769	9602	0.0170413
9602	9603	0.0170402
2668	9603	0.0170402
9603	9604	0.0170377
2522	9604	0.0170377
9604	9605	0.0170363
5948	9605	0.0170363
2373	9606	0.017033
9605	9606	0.017033
1378	9607	0.016998
9606	9607	0.016998
6518	9608	0.0169916
9607	9608	0.0169916
9608	9609	0.0169887
2440	9609	0.0169887
9085	9610	0.016998
1895	9610	0.016998
6468	9611	0.0169737
9609	9611	0.0169737
2076	9612	0.0169479
9611	9612	0.0169479
9612	9613	0.0169431
9610	9613	0.0169431
9613	9614	0.0169347
1965	9614	0.0169347
9566	9614	0.0169347
9614	9615	0.0169329
155	9615	0.0169329
9615	9616	0.0169165
3288	9616	0.0169165
4405	9616	0.0169165
9616	9617	0.0168829
3307	9617	0.0168829
403	9618	0.0168763
9617	9618	0.0168763
4097	9619	0.0168694
9618	9619	0.0168694
8903	9620	0.0168592
9565	9620	0.0168592
3599	9621	0.0171834
9567	9621	0.0171834
1251	9622	0.016858
9619	9622	0.016858
9622	9623	0.0168574
448	9623	0.0168574
9623	9624	0.016853
3621	9624	0.016853
1649	9625	0.0168505
9624	9625	0.0168505
9625	9626	0.0168486
489	9626	0.0168486
9626	9627	0.0168433
1394	9627	0.0168433
9627	9628	0.0168093
1216	9628	0.0168093
9628	9629	0.0167829
307	9629	0.0167829
9629	9630	0.0167799
4063	9630	0.0167799
9630	9631	0.0167733
5131	9631	0.0167733
9631	9632	0.0167516
405	9632	0.0167516
3983	9633	0.016734
9632	9633	0.016734
497	9633	0.016734
8731	9634	0.0167714
9620	9634	0.0167714
3680	9635	0.0167322
9633	9635	0.0167322
9635	9636	0.0167265
9634	9636	0.0167265
1687	9636	0.0167265
9210	9637	0.0167246
9636	9637	0.0167246
9637	9638	0.0166969
725	9638	0.0166969
5831	9638	0.0166969
3839	9639	0.0166817
9638	9639	0.0166817
2972	9640	0.0166741
9639	9640	0.0166741
9640	9641	0.0166711
1135	9641	0.0166711
9641	9642	0.0166704
1855	9642	0.0166704
9642	9643	0.0166628
2814	9643	0.0166628
5159	9644	0.0166467
9643	9644	0.0166467
5981	9644	0.0166467
9644	9645	0.0166386
5258	9645	0.0166386
9645	9646	0.0166361
5990	9646	0.0166361
9621	9647	0.0168229
3114	9647	0.0168229
1479	9648	0.0166226
9646	9648	0.0166226
2201	9649	0.0166161
9648	9649	0.0166161
9649	9650	0.0166099
4145	9650	0.0166099
9213	9651	0.0166075
8913	9651	0.0166075
9650	9651	0.0166075
9651	9652	0.0165985
4948	9652	0.0165985
9652	9653	0.016594
9647	9653	0.016594
4620	9654	0.0165929
9653	9654	0.0165929
3818	9654	0.0165929
8950	9655	0.0165556
9654	9655	0.0165556
9655	9656	0.016555
167	9656	0.016555
9656	9657	0.0165386
5531	9657	0.0165386
8981	9658	0.0165365
9657	9658	0.0165365
702	9659	0.0165256
9658	9659	0.0165256
9659	9660	0.0165165
4132	9660	0.0165165
6441	9661	0.01651
9660	9661	0.01651
6501	9662	0.016496
9661	9662	0.016496
286	9663	0.0164871
9662	9663	0.0164871
6503	9664	0.0164814
9663	9664	0.0164814
9664	9665	0.0164775
4474	9665	0.0164775
9665	9666	0.0164575
7	9666	0.0164575
9666	9667	0.0164499
298	9667	0.0164499
8726	9668	0.0164376
9667	9668	0.0164376
9668	9669	0.0164307
5929	9669	0.0164307
9669	9670	0.0164288
9065	9670	0.0164288
9670	9671	0.0164281
334	9671	0.0164281
9100	9672	0.0164165
9671	9672	0.0164165
1206	9673	0.0208413
3380	9673	0.0208413
418	9674	0.0177507
9673	9674	0.0177507
5274	9675	0.0170715
3608	9675	0.0170715
9674	9675	0.0170715
8877	9676	0.0204067
2975	9676	0.0204067
9676	9677	0.0181284
2662	9677	0.0181284
9677	9678	0.0170115
3938	9678	0.0170115
9678	9679	0.0167215
564	9679	0.0167215
3902	9680	0.0194167
2571	9680	0.0194167
9680	9681	0.018915
3335	9681	0.018915
8701	9682	0.0165742
1074	9682	0.0165742
9681	9682	0.0165742
8710	9683	0.0203916
2689	9683	0.0203916
103	9684	0.0164107
4987	9684	0.0164107
5439	9685	0.0202896
4764	9685	0.0202896
305	9686	0.0198144
5867	9686	0.0198144
6005	9687	0.019913
507	9687	0.019913
8995	9688	0.0202868
5985	9688	0.0202868
9688	9689	0.0194125
2682	9689	0.0194125
9689	9690	0.0182168
4741	9690	0.0182168
8985	9691	0.0177812
9690	9691	0.0177812
3064	9692	0.0209608
3012	9692	0.0209608
9692	9693	0.0186822
1376	9693	0.0186822
1204	9694	0.0178345
9693	9694	0.0178345
2143	9695	0.0169208
4794	9695	0.0169208
9056	9696	0.0199947
1249	9696	0.0199947
2663	9697	0.0171347
1657	9697	0.0171347
2626	9698	0.0180761
5761	9698	0.0180761
5845	9699	0.0175267
2665	9699	0.0175267
5029	9700	0.0155943
3628	9700	0.0155943
9672	9701	0.0163867
3147	9701	0.0163867
9701	9702	0.016385
1777	9702	0.016385
9702	9703	0.0163793
1333	9703	0.0163793
9703	9704	0.0163778
5268	9704	0.0163778
1451	9705	0.0163707
9704	9705	0.0163707
9705	9706	0.0163612
731	9706	0.0163612
9706	9707	0.0163439
679	9707	0.0163439
9707	9708	0.0163416
3564	9708	0.0163416
9708	9709	0.016329
5115	9709	0.016329
9709	9710	0.0163173
9675	9710	0.0163173
9679	9710	0.0163173
1679	9710	0.0163173
9682	9710	0.0163173
9033	9711	0.0163145
9204	9711	0.0163145
9710	9711	0.0163145
978	9711	0.0163145
6416	9712	0.0163128
9711	9712	0.0163128
9197	9713	0.0163049
9712	9713	0.0163049
9713	9714	0.0162836
3185	9714	0.0162836
2294	9715	0.0162817
9714	9715	0.0162817
6505	9716	0.0162754
9715	9716	0.0162754
785	9717	0.0162706
9716	9717	0.0162706
9717	9718	0.0162666
4408	9718	0.0162666
5646	9719	0.0162657
9718	9719	0.0162657
9719	9720	0.0162382
761	9720	0.0162382
9720	9721	0.0162344
9683	9721	0.0162344
8910	9722	0.0162256
9721	9722	0.0162256
6451	9723	0.0162227
9722	9723	0.0162227
1328	9724	0.0162212
1433	9724	0.0162212
9723	9725	0.0161837
9724	9725	0.0161837
3400	9726	0.0161793
9725	9726	0.0161793
9209	9727	0.0161666
9726	9727	0.0161666
5681	9727	0.0161666
9727	9728	0.0161617
3261	9728	0.0161617
9728	9729	0.0161601
1288	9729	0.0161601
6217	9730	0.0161581
9729	9730	0.0161581
9730	9731	0.0161528
3317	9731	0.0161528
9731	9732	0.0161496
2232	9732	0.0161496
9732	9733	0.0161466
74	9733	0.0161466
6137	9734	0.0161457
9733	9734	0.0161457
8929	9735	0.0161333
9734	9735	0.0161333
9735	9736	0.0161295
2061	9736	0.0161295
9736	9737	0.0161267
830	9737	0.0161267
3752	9738	0.0161172
9737	9738	0.0161172
9738	9739	0.0161093
327	9739	0.0161093
5229	9740	0.0161038
9739	9740	0.0161038
3750	9741	0.0161018
9740	9741	0.0161018
9741	9742	0.0161012
2635	9742	0.0161012
9742	9743	0.0160857
3499	9743	0.0160857
401	9744	0.0160844
9743	9744	0.0160844
9744	9745	0.0160789
9685	9745	0.0160789
2878	9745	0.0160789
9745	9746	0.0160761
3655	9746	0.0160761
6302	9747	0.0160743
9746	9747	0.0160743
9202	9748	0.0160704
9747	9748	0.0160704
9748	9749	0.0160671
3892	9749	0.0160671
5265	9750	0.0160532
9749	9750	0.0160532
9750	9751	0.0160453
2271	9751	0.0160453
3225	9751	0.0160453
8896	9752	0.016222
3482	9752	0.016222
9751	9753	0.0160348
3584	9753	0.0160348
8851	9754	0.0160266
9753	9754	0.0160266
9752	9754	0.0160266
9754	9755	0.0159911
843	9755	0.0159911
9755	9756	0.0159857
3597	9756	0.0159857
9756	9757	0.0159788
4615	9757	0.0159788
1988	9757	0.0159788
9757	9758	0.0159741
1557	9758	0.0159741
3060	9759	0.0159695
9758	9759	0.0159695
943	9759	0.0159695
9759	9760	0.0159663
9698	9760	0.0159663
3170	9761	0.0159634
9760	9761	0.0159634
9761	9762	0.0159482
300	9762	0.0159482
9762	9763	0.0159406
2050	9763	0.0159406
9763	9764	0.0159295
5676	9764	0.0159295
9764	9765	0.0159284
2690	9765	0.0159284
9765	9766	0.0159233
3164	9766	0.0159233
3299	9767	0.0159159
9766	9767	0.0159159
9767	9768	0.0159051
698	9768	0.0159051
1291	9769	0.0159012
9768	9769	0.0159012
9769	9770	0.0158894
2752	9770	0.0158894
284	9771	0.0158764
9770	9771	0.0158764
9771	9772	0.0158755
6	9772	0.0158755
9772	9773	0.0158693
1413	9773	0.0158693
9773	9774	0.0158655
1692	9774	0.0158655
9774	9775	0.0158211
481	9775	0.0158211
9775	9776	0.0158179
3250	9776	0.0158179
2221	9777	0.0158044
9776	9777	0.0158044
2851	9778	0.0157892
5631	9778	0.0157892
9777	9779	0.0157881
9778	9779	0.0157881
9779	9780	0.0157844
3278	9780	0.0157844
5614	9780	0.0157844
9780	9781	0.0157786
1309	9781	0.0157786
9781	9782	0.0157748
3590	9782	0.0157748
9782	9783	0.0157719
2268	9783	0.0157719
2525	9783	0.0157719
2192	9784	0.0157677
9783	9784	0.0157677
2406	9785	0.0157522
9784	9785	0.0157522
6346	9786	0.015747
9785	9786	0.015747
8912	9787	0.0157404
9786	9787	0.0157404
9787	9788	0.0157383
4906	9788	0.0157383
6494	9789	0.0157206
9788	9789	0.0157206
9789	9790	0.015705
2337	9790	0.015705
9790	9791	0.0156966
2400	9791	0.0156966
3159	9792	0.0156825
9791	9792	0.0156825
6437	9793	0.0156795
9792	9793	0.0156795
9793	9794	0.0156784
1821	9794	0.0156784
9794	9795	0.0156764
5062	9795	0.0156764
9795	9796	0.0156729
9699	9796	0.0156729
9796	9797	0.0156581
3920	9797	0.0156581
9797	9798	0.015624
5322	9798	0.015624
9046	9799	0.0156223
9798	9799	0.0156223
4031	9800	0.0156185
9799	9800	0.0156185
2499	9801	0.015603
9800	9801	0.015603
2552	9801	0.015603
9801	9802	0.0155934
4046	9802	0.0155934
1942	9803	0.0155847
9802	9803	0.0155847
2475	9804	0.0155735
9803	9804	0.0155735
6496	9805	0.01557
9804	9805	0.01557
9805	9806	0.0155531
4740	9806	0.0155531
1248	9806	0.0155531
9691	9807	0.0161895
2181	9807	0.0161895
9806	9808	0.015541
9695	9808	0.015541
9808	9809	0.0155324
1423	9809	0.0155324
9809	9810	0.0155287
2811	9810	0.0155287
2890	9811	0.0155182
5540	9811	0.0155182
9810	9811	0.0155182
1869	9812	0.0155089
9811	9812	0.0155089
3224	9813	0.0154991
9812	9813	0.0154991
1913	9814	0.015497
9813	9814	0.015497
1980	9815	0.0154858
8971	9815	0.0154858
9814	9815	0.0154858
9815	9816	0.0154814
4269	9816	0.0154814
4985	9817	0.0154761
9816	9817	0.0154761
6486	9818	0.0154721
9817	9818	0.0154721
9818	9819	0.0154592
5311	9819	0.0154592
6227	9820	0.0154553
9819	9820	0.0154553
5496	9820	0.0154553
9820	9821	0.0154523
524	9821	0.0154523
9687	9821	0.0154523
9821	9822	0.0154403
5645	9822	0.0154403
9822	9823	0.0154277
4188	9823	0.0154277
4450	9824	0.0154219
9823	9824	0.0154219
9824	9825	0.0154134
906	9825	0.0154134
8881	9826	0.0154076
9825	9826	0.0154076
9826	9827	0.0154039
3581	9827	0.0154039
4920	9827	0.0154039
9827	9828	0.0153989
1727	9828	0.0153989
9828	9829	0.0153921
3898	9829	0.0153921
1320	9830	0.0154512
4357	9830	0.0154512
9829	9831	0.0153866
6060	9831	0.0153866
9831	9832	0.0153854
1953	9832	0.0153854
4463	9833	0.0153791
9832	9833	0.0153791
9203	9834	0.0153761
9833	9834	0.0153761
935	9834	0.0153761
8883	9835	0.015363
9834	9835	0.015363
9835	9836	0.0153513
8697	9836	0.0153513
3531	9836	0.0153513
9836	9837	0.0153438
4361	9837	0.0153438
9837	9838	0.015339
9830	9838	0.015339
9838	9839	0.015337
1529	9839	0.015337
2421	9839	0.015337
9839	9840	0.0153311
2558	9840	0.0153311
9840	9841	0.0153302
1318	9841	0.0153302
9841	9842	0.0153283
9087	9842	0.0153283
9842	9843	0.0153232
3413	9843	0.0153232
9843	9844	0.0153207
4056	9844	0.0153207
9844	9845	0.015319
84	9845	0.015319
1065	9846	0.015317
9845	9846	0.015317
9846	9847	0.0153159
3084	9847	0.0153159
9847	9848	0.0152986
3098	9848	0.0152986
348	9849	0.0152939
4574	9849	0.0152939
9848	9849	0.0152939
5462	9850	0.0152808
9849	9850	0.0152808
9850	9851	0.0152667
3702	9851	0.0152667
6495	9852	0.0152605
9851	9852	0.0152605
9807	9853	0.0153646
1495	9853	0.0153646
2135	9854	0.0154934
1048	9854	0.0154934
6471	9855	0.0152446
9852	9855	0.0152446
9855	9856	0.0152417
3151	9856	0.0152417
1873	9857	0.0152187
9856	9857	0.0152187
163	9858	0.0152148
9857	9858	0.0152148
1804	9858	0.0152148
8941	9859	0.0152133
9858	9859	0.0152133
1144	9860	0.0152073
9859	9860	0.0152073
9199	9861	0.0151998
9860	9861	0.0151998
9861	9862	0.0151961
1772	9862	0.0151961
9862	9863	0.0151903
708	9863	0.0151903
9863	9864	0.0151718
4335	9864	0.0151718
3693	9865	0.0151624
9864	9865	0.0151624
9865	9866	0.0151585
5498	9866	0.0151585
9866	9867	0.0151238
9853	9867	0.0151238
9854	9867	0.0151238
5358	9868	0.0151159
9867	9868	0.0151159
9868	9869	0.0150947
408	9869	0.0150947
9869	9870	0.015092
1488	9870	0.015092
9870	9871	0.015089
746	9871	0.015089
2327	9872	0.0150871
9871	9872	0.0150871
9015	9873	0.0150832
9872	9873	0.0150832
847	9873	0.0150832
4095	9874	0.0150825
9873	9874	0.0150825
6384	9875	0.0150807
9874	9875	0.0150807
9875	9876	0.0150709
1667	9876	0.0150709
9876	9877	0.0150571
5795	9877	0.0150571
9877	9878	0.015053
186	9878	0.015053
9196	9879	0.0150052
9878	9879	0.0150052
9879	9880	0.0149936
923	9880	0.0149936
9880	9881	0.0149888
4827	9881	0.0149888
9881	9882	0.0149859
9053	9882	0.0149859
2698	9883	0.0149773
9882	9883	0.0149773
9883	9884	0.0149735
3341	9884	0.0149735
3676	9884	0.0149735
5819	9884	0.0149735
9884	9885	0.0149622
3830	9885	0.0149622
9885	9886	0.0149541
357	9886	0.0149541
9886	9887	0.0149469
3958	9887	0.0149469
3675	9888	0.0149314
3528	9888	0.0149314
9887	9888	0.0149314
2796	9889	0.0149212
9888	9889	0.0149212
9016	9890	0.0149166
9889	9890	0.0149166
9890	9891	0.0149114
4868	9891	0.0149114
6500	9892	0.0148949
9891	9892	0.0148949
445	9893	0.014891
9892	9893	0.014891
9893	9894	0.014882
5198	9894	0.014882
653	9895	0.0148808
9894	9895	0.0148808
9895	9896	0.0148584
437	9896	0.0148584
9896	9897	0.0148574
6104	9897	0.0148574
9897	9898	0.0148421
5782	9898	0.0148421
2018	9899	0.0159826
9694	9899	0.0159826
9899	9900	0.0158939
920	9900	0.0158939
9900	9901	0.0156719
1414	9901	0.0156719
9901	9902	0.0153275
5827	9902	0.0153275
9902	9903	0.0149166
4540	9903	0.0149166
4358	9904	0.016119
3160	9904	0.016119
9904	9905	0.0149955
5346	9905	0.0149955
3743	9906	0.0149805
5182	9906	0.0149805
4496	9907	0.0159756
5262	9907	0.0159756
9898	9908	0.014837
1655	9908	0.014837
9908	9909	0.0148364
3561	9909	0.0148364
9909	9910	0.0148164
3362	9910	0.0148164
9910	9911	0.0148134
179	9911	0.0148134
271	9912	0.0148092
9911	9912	0.0148092
9912	9913	0.0148001
856	9913	0.0148001
1846	9914	0.0147889
9913	9914	0.0147889
9914	9915	0.0147566
609	9915	0.0147566
9915	9916	0.0147459
665	9916	0.0147459
9916	9917	0.0147448
9697	9917	0.0147448
9917	9918	0.0147306
4704	9918	0.0147306
9140	9919	0.0147277
9918	9919	0.0147277
2633	9920	0.0147249
9919	9920	0.0147249
9920	9921	0.014721
2164	9921	0.014721
9921	9922	0.014719
5088	9922	0.014719
9922	9923	0.0147118
3553	9923	0.0147118
1264	9923	0.0147118
9923	9924	0.0147082
5164	9924	0.0147082
9924	9925	0.0147036
172	9925	0.0147036
9925	9926	0.0147029
4841	9926	0.0147029
4528	9927	0.0146857
9926	9927	0.0146857
9927	9928	0.014679
1279	9928	0.014679
9928	9929	0.0146712
3546	9929	0.0146712
9929	9930	0.0146655
9057	9930	0.0146655
1261	9930	0.0146655
9930	9931	0.0146616
1680	9931	0.0146616
9931	9932	0.0146542
89	9932	0.0146542
1202	9932	0.0146542
4583	9933	0.0146512
9932	9933	0.0146512
6371	9934	0.0146494
9933	9934	0.0146494
9934	9935	0.0146483
1736	9935	0.0146483
5711	9935	0.0146483
9935	9936	0.0146476
9137	9936	0.0146476
9936	9937	0.0146246
2051	9937	0.0146246
9937	9938	0.0146226
1143	9938	0.0146226
3427	9939	0.0146217
9938	9939	0.0146217
8783	9940	0.0146113
9939	9940	0.0146113
9083	9941	0.0145972
9940	9941	0.0145972
9941	9942	0.0145865
5076	9942	0.0145865
4715	9943	0.0145808
4055	9943	0.0145808
9942	9943	0.0145808
5469	9943	0.0145808
9201	9944	0.014575
9943	9944	0.014575
9944	9945	0.0145711
3106	9945	0.0145711
9945	9946	0.0145686
2738	9946	0.0145686
9946	9947	0.0145636
2356	9947	0.0145636
1138	9948	0.0145616
9947	9948	0.0145616
9948	9949	0.0145587
5770	9949	0.0145587
9207	9950	0.014553
9949	9950	0.014553
4925	9950	0.014553
3858	9951	0.0145492
9950	9951	0.0145492
9130	9952	0.0145464
9951	9952	0.0145464
2679	9953	0.0145414
9952	9953	0.0145414
4328	9953	0.0145414
4446	9954	0.0146742
2179	9954	0.0146742
9953	9955	0.0145406
5652	9955	0.0145406
2803	9956	0.014531
9955	9956	0.014531
9956	9957	0.0145189
2725	9957	0.0145189
9957	9958	0.0145157
707	9958	0.0145157
9958	9959	0.0144945
2483	9959	0.0144945
9959	9960	0.0144873
101	9960	0.0144873
9960	9961	0.0144843
1151	9961	0.0144843
9961	9962	0.014481
1805	9962	0.014481
9962	9963	0.0144748
3697	9963	0.0144748
9963	9964	0.0144567
2209	9964	0.0144567
9964	9965	0.0144549
3934	9965	0.0144549
9965	9966	0.0144481
916	9966	0.0144481
9966	9967	0.0144405
1957	9967	0.0144405
2419	9968	0.0144394
9967	9968	0.0144394
9968	9969	0.0144367
1145	9969	0.0144367
2594	9970	0.0144329
9969	9970	0.0144329
9970	9971	0.01443
9036	9971	0.01443
956	9971	0.01443
2222	9971	0.01443
325	9971	0.01443
9971	9972	0.0144281
5275	9972	0.0144281
9972	9973	0.0144242
756	9973	0.0144242
9973	9974	0.0144223
4039	9974	0.0144223
4639	9974	0.0144223
9684	9974	0.0144223
1683	9974	0.0144223
9974	9975	0.0144215
4479	9975	0.0144215
9975	9976	0.0144189
3222	9976	0.0144189
5181	9977	0.0143957
9976	9977	0.0143957
9977	9978	0.0143837
2637	9978	0.0143837
9978	9979	0.0143806
5023	9979	0.0143806
5201	9979	0.0143806
3936	9979	0.0143806
5242	9979	0.0143806
9906	9979	0.0143806
5522	9980	0.0143748
9979	9980	0.0143748
5888	9981	0.0143674
9980	9981	0.0143674
335	9982	0.0143489
9981	9982	0.0143489
9982	9983	0.014348
3330	9983	0.014348
9983	9984	0.0143462
6078	9984	0.0143462
1971	9985	0.0143425
9984	9985	0.0143425
9985	9986	0.0143321
650	9986	0.0143321
9986	9987	0.0143259
9954	9987	0.0143259
2606	9988	0.0143224
9987	9988	0.0143224
6379	9989	0.0143203
9988	9989	0.0143203
9989	9990	0.0142832
6094	9990	0.0142832
9990	9991	0.014281
4486	9991	0.014281
9991	9992	0.01428
1146	9992	0.01428
8969	9993	0.0142784
9992	9993	0.0142784
9993	9994	0.0142717
9686	9994	0.0142717
5176	9995	0.0142524
9994	9995	0.0142524
4775	9996	0.0142488
9995	9996	0.0142488
3154	9997	0.014246
9996	9997	0.014246
9997	9998	0.0142298
254	9998	0.0142298
4870	9998	0.0142298
9998	9999	0.014227
9905	9999	0.014227
3569	9999	0.014227
1322	10000	0.0145015
3617	10000	0.0145015
10000	10001	0.0142193
3001	10001	0.0142193
5706	10002	0.0145157
6075	10002	0.0145157
9999	10003	0.0142126
1158	10003	0.0142126
10003	10004	0.0142059
2007	10004	0.0142059
8942	10005	0.0141926
10004	10005	0.0141926
10005	10006	0.0141802
2592	10006	0.0141802
10006	10007	0.0141722
5097	10007	0.0141722
157	10008	0.0141671
10007	10008	0.0141671
10008	10009	0.0141612
2369	10009	0.0141612
10009	10010	0.0141582
273	10010	0.0141582
10010	10011	0.0141486
3378	10011	0.0141486
10011	10012	0.0141479
4983	10012	0.0141479
9012	10013	0.0141407
9700	10013	0.0141407
10012	10013	0.0141407
10002	10013	0.0141407
5799	10014	0.0141403
10013	10014	0.0141403
10014	10015	0.0141279
789	10015	0.0141279
4279	10015	0.0141279
580	10016	0.0141268
10015	10016	0.0141268
8704	10017	0.0141212
10016	10017	0.0141212
1920	10018	0.0141115
5118	10018	0.0141115
10017	10018	0.0141115
4566	10019	0.0141011
10018	10019	0.0141011
5011	10020	0.0140953
10019	10020	0.0140953
26	10021	0.0140944
10020	10021	0.0140944
10021	10022	0.0140899
1642	10022	0.0140899
10022	10023	0.01406
2147	10023	0.01406
9198	10024	0.014044
10023	10024	0.014044
4006	10025	0.014041
10024	10025	0.014041
10025	10026	0.0140402
1964	10026	0.0140402
2918	10027	0.0140381
3121	10027	0.0140381
10026	10027	0.0140381
10027	10028	0.0140187
2328	10028	0.0140187
10028	10029	0.0140161
3865	10029	0.0140161
2141	10030	0.0140142
10029	10030	0.0140142
10030	10031	0.0140136
5769	10031	0.0140136
10031	10032	0.0140116
3434	10032	0.0140116
6488	10033	0.0140037
10032	10033	0.0140037
5070	10034	0.0139953
10033	10034	0.0139953
10034	10035	0.0139923
3935	10035	0.0139923
10035	10036	0.0139771
2992	10036	0.0139771
3419	10036	0.0139771
10036	10037	0.0139757
449	10037	0.0139757
10037	10038	0.0139655
4778	10038	0.0139655
10038	10039	0.0139354
4747	10039	0.0139354
10039	10040	0.0139335
2641	10040	0.0139335
10040	10041	0.0139173
4413	10041	0.0139173
9903	10041	0.0139173
10041	10042	0.0139121
509	10042	0.0139121
10042	10043	0.0139083
870	10043	0.0139083
10043	10044	0.0138961
5534	10044	0.0138961
10044	10045	0.0138797
3132	10045	0.0138797
9084	10046	0.013876
10045	10046	0.013876
8846	10047	0.0138749
10046	10047	0.0138749
9200	10048	0.0138589
10047	10048	0.0138589
10048	10049	0.013856
1173	10049	0.013856
516	10050	0.0138485
10049	10050	0.0138485
10050	10051	0.0138213
1493	10051	0.0138213
10051	10052	0.0138185
1508	10052	0.0138185
3420	10053	0.0138043
10052	10053	0.0138043
8760	10054	0.0137918
10053	10054	0.0137918
5219	10055	0.0137913
10054	10055	0.0137913
10055	10056	0.013777
1856	10056	0.013777
2660	10056	0.013777
2584	10056	0.013777
5774	10057	0.0137719
10056	10057	0.0137719
1599	10058	0.0137683
10057	10058	0.0137683
10058	10059	0.0137538
5158	10059	0.0137538
10059	10060	0.01375
9907	10060	0.01375
8807	10061	0.0137472
10060	10061	0.0137472
10061	10062	0.013724
898	10062	0.013724
10062	10063	0.0137195
3616	10063	0.0137195
10063	10064	0.0137062
4157	10064	0.0137062
10064	10065	0.0137011
4899	10065	0.0137011
10065	10066	0.0137003
712	10066	0.0137003
6343	10067	0.0136764
10066	10067	0.0136764
8804	10068	0.0136728
10067	10068	0.0136728
4843	10068	0.0136728
1207	10068	0.0136728
3536	10068	0.0136728
10068	10069	0.0136698
1604	10069	0.0136698
10069	10070	0.0136538
9696	10070	0.0136538
10070	10071	0.01365
6215	10071	0.01365
10001	10071	0.01365
6489	10072	0.0136442
5145	10072	0.0136442
10071	10072	0.0136442
10072	10073	0.0136422
767	10073	0.0136422
4049	10074	0.0136384
10073	10074	0.0136384
1073	10075	0.0136185
10074	10075	0.0136185
10075	10076	0.013608
8786	10076	0.013608
2799	10076	0.013608
6431	10077	0.0136028
10076	10077	0.0136028
10077	10078	0.0135956
1481	10078	0.0135956
10078	10079	0.0135946
3128	10079	0.0135946
10079	10080	0.0135841
2146	10080	0.0135841
1162	10081	0.0135824
10080	10081	0.0135824
10081	10082	0.0135774
3	10082	0.0135774
10082	10083	0.0135623
1844	10083	0.0135623
10083	10084	0.0135604
3703	10084	0.0135604
10084	10085	0.0135595
1009	10085	0.0135595
10085	10086	0.0135574
5101	10086	0.0135574
3055	10087	0.0135542
10086	10087	0.0135542
10087	10088	0.0135509
5255	10088	0.0135509
10088	10089	0.0135423
1152	10089	0.0135423
4707	10089	0.0135423
8730	10090	0.0200945
3699	10090	0.0200945
10090	10091	0.0182095
1932	10091	0.0182095
10091	10092	0.0138961
1070	10092	0.0138961
3234	10093	0.0148677
342	10093	0.0148677
1448	10094	0.0141651
4054	10094	0.0141651
8741	10095	0.0183239
523	10095	0.0183239
2297	10096	0.0166665
2392	10096	0.0166665
1457	10097	0.0138014
10096	10097	0.0138014
1815	10098	0.0167311
8849	10098	0.0167311
5587	10099	0.0171328
438	10099	0.0171328
3179	10100	0.0190667
6235	10100	0.0190667
8978	10101	0.0180883
10100	10101	0.0180883
2915	10102	0.0140742
10101	10102	0.0140742
5923	10103	0.0199741
2331	10103	0.0199741
1797	10104	0.0150799
728	10104	0.0150799
9023	10105	0.0177653
9032	10105	0.0177653
9051	10106	0.0152508
5448	10106	0.0152508
1884	10107	0.0136747
1553	10107	0.0136747
1631	10108	0.0158211
3805	10108	0.0158211
3666	10109	0.0151728
5247	10109	0.0151728
4119	10110	0.0150271
4047	10110	0.0150271
10110	10111	0.014553
5640	10111	0.014553
4724	10112	0.0150957
5780	10112	0.0150957
5636	10113	0.0193955
6316	10113	0.0193955
10113	10114	0.0151091
6278	10114	0.0151091
3213	10115	0.011262
9188	10115	0.011262
3741	10116	0.0115461
5091	10116	0.0115461
3967	10117	0.0113392
2127	10117	0.0113392
6036	10118	0.0132294
476	10118	0.0132294
5345	10119	0.0127783
3787	10119	0.0127783
10089	10120	0.0135335
4714	10120	0.0135335
1708	10121	0.0135318
10120	10121	0.0135318
1455	10122	0.0135297
10121	10122	0.0135297
10122	10123	0.0134898
3518	10123	0.0134898
1723	10124	0.0134852
10123	10124	0.0134852
6418	10125	0.013484
10124	10125	0.013484
3779	10126	0.0134832
10125	10126	0.0134832
4395	10127	0.0134821
10126	10127	0.0134821
5006	10128	0.0134782
10127	10128	0.0134782
10128	10129	0.0134764
2721	10129	0.0134764
283	10130	0.0134735
10129	10130	0.0134735
10130	10131	0.0134718
4170	10131	0.0134718
4075	10131	0.0134718
4464	10131	0.0134718
10131	10132	0.0134677
1312	10132	0.0134677
10132	10133	0.0134668
1852	10133	0.0134668
10133	10134	0.0134593
1540	10134	0.0134593
10134	10135	0.0134447
4917	10135	0.0134447
10135	10136	0.0134433
3123	10136	0.0134433
10136	10137	0.0134411
4253	10137	0.0134411
10137	10138	0.0134343
576	10138	0.0134343
5121	10139	0.0134297
5320	10139	0.0134297
10138	10139	0.0134297
10139	10140	0.0134276
10106	10140	0.0134276
8782	10141	0.0134258
10140	10141	0.0134258
9017	10142	0.0134162
10141	10142	0.0134162
10142	10143	0.0134019
4021	10143	0.0134019
10143	10144	0.0133892
1305	10144	0.0133892
6427	10145	0.0133886
10144	10145	0.0133886
9192	10146	0.0133818
10145	10146	0.0133818
10146	10147	0.0133791
622	10147	0.0133791
5147	10147	0.0133791
10147	10148	0.0133772
539	10148	0.0133772
4454	10148	0.0133772
48	10148	0.0133772
825	10148	0.0133772
10148	10149	0.0133753
3999	10149	0.0133753
10149	10150	0.0133704
10102	10150	0.0133704
919	10151	0.0133687
10150	10151	0.0133687
4809	10152	0.0133669
10151	10152	0.0133669
10152	10153	0.013365
2986	10153	0.013365
10153	10154	0.0133591
5576	10154	0.0133591
4774	10155	0.0133619
5484	10155	0.0133619
10154	10156	0.0133527
10155	10156	0.0133527
6515	10157	0.0133518
10156	10157	0.0133518
10157	10158	0.0133508
4343	10158	0.0133508
10158	10159	0.013344
1283	10159	0.013344
4004	10160	0.0133421
10159	10160	0.0133421
1607	10161	0.0133248
10160	10161	0.0133248
9190	10162	0.0133161
10161	10162	0.0133161
1282	10162	0.0133161
10162	10163	0.0133086
577	10163	0.0133086
10163	10164	0.0133076
37	10164	0.0133076
10164	10165	0.0133049
2236	10165	0.0133049
10165	10166	0.0133011
1861	10166	0.0133011
10166	10167	0.0132797
125	10167	0.0132797
5832	10168	0.0132731
10167	10168	0.0132731
10168	10169	0.0132674
1749	10169	0.0132674
4099	10170	0.0132656
10169	10170	0.0132656
10170	10171	0.0132628
1315	10171	0.0132628
6428	10172	0.0132516
10171	10172	0.0132516
10172	10173	0.0132505
5638	10173	0.0132505
1155	10174	0.0132369
10173	10174	0.0132369
2681	10174	0.0132369
10174	10175	0.0132239
5584	10175	0.0132239
1682	10176	0.0132218
10175	10176	0.0132218
10176	10177	0.0132178
2351	10177	0.0132178
10177	10178	0.0132082
3166	10178	0.0132082
1858	10179	0.0133916
10109	10179	0.0133916
10178	10180	0.0132026
10111	10180	0.0132026
9067	10181	0.013199
10180	10181	0.013199
5266	10182	0.0131808
10181	10182	0.0131808
10182	10183	0.013176
641	10183	0.013176
4013	10184	0.0131607
10183	10184	0.0131607
10184	10185	0.0131472
4599	10185	0.0131472
6257	10186	0.013135
10185	10186	0.013135
10186	10187	0.0131311
1434	10187	0.0131311
1943	10188	0.0131199
10187	10188	0.0131199
10188	10189	0.0130845
2765	10189	0.0130845
10189	10190	0.0130681
9117	10190	0.0130681
10190	10191	0.0130642
2528	10191	0.0130642
10191	10192	0.0130634
2881	10192	0.0130634
10192	10193	0.0130386
4667	10193	0.0130386
3047	10194	0.0130358
10193	10194	0.0130358
10194	10195	0.0130301
2366	10195	0.0130301
1256	10196	0.0130282
10195	10196	0.0130282
10196	10197	0.0130151
2791	10197	0.0130151
8803	10198	0.0130135
10197	10198	0.0130135
10198	10199	0.0130007
2896	10199	0.0130007
102	10200	0.0129995
10199	10200	0.0129995
10200	10201	0.0129957
5082	10201	0.0129957
10201	10202	0.0129757
1590	10202	0.0129757
10202	10203	0.0129728
4570	10203	0.0129728
10203	10204	0.0129503
501	10204	0.0129503
10204	10205	0.0129395
10107	10205	0.0129395
10205	10206	0.0129375
589	10206	0.0129375
10206	10207	0.0129345
3161	10207	0.0129345
57	10208	0.01293
10207	10208	0.01293
598	10208	0.01293
1766	10208	0.01293
10208	10209	0.0129177
1190	10209	0.0129177
10209	10210	0.0129155
3572	10210	0.0129155
10210	10211	0.0129128
2697	10211	0.0129128
10211	10212	0.012911
1948	10212	0.012911
1601	10212	0.012911
6380	10213	0.0129051
10212	10213	0.0129051
5423	10214	0.0128993
10213	10214	0.0128993
10214	10215	0.0128859
3720	10215	0.0128859
10215	10216	0.0128765
1523	10216	0.0128765
10216	10217	0.0128744
10112	10217	0.0128744
10217	10218	0.0128679
353	10218	0.0128679
5860	10219	0.0128607
10218	10219	0.0128607
6350	10220	0.0128566
10219	10220	0.0128566
2916	10220	0.0128566
10220	10221	0.0128511
4832	10221	0.0128511
2032	10221	0.0128511
9180	10222	0.0128184
10221	10222	0.0128184
10222	10223	0.0128164
10092	10223	0.0128164
4168	10223	0.0128164
10114	10223	0.0128164
2574	10224	0.0128054
10223	10224	0.0128054
9182	10225	0.0127908
10224	10225	0.0127908
10225	10226	0.0127849
5221	10226	0.0127849
8937	10227	0.0127802
10226	10227	0.0127802
10227	10228	0.0127774
10179	10228	0.0127774
10228	10229	0.0127668
4937	10229	0.0127668
10229	10230	0.0127622
2731	10230	0.0127622
553	10231	0.0128673
5013	10231	0.0128673
2780	10232	0.0134735
5318	10232	0.0134735
5810	10233	0.0128548
2999	10233	0.0128548
4905	10234	0.0127594
10230	10234	0.0127594
4393	10235	0.0127525
10234	10235	0.0127525
8729	10236	0.0127345
9193	10236	0.0127345
1139	10236	0.0127345
10235	10236	0.0127345
10236	10237	0.0127231
249	10237	0.0127231
6324	10238	0.01272
4378	10238	0.01272
10237	10238	0.01272
2768	10239	0.0127172
10238	10239	0.0127172
10239	10240	0.0127155
1707	10240	0.0127155
3638	10241	0.0127134
8713	10241	0.0127134
10240	10241	0.0127134
5725	10242	0.0127088
10241	10242	0.0127088
3397	10243	0.0126925
10242	10243	0.0126925
3534	10244	0.0126896
10243	10244	0.0126896
10244	10245	0.0126888
2190	10245	0.0126888
6101	10245	0.0126888
2241	10246	0.0126835
10245	10246	0.0126835
5690	10247	0.0126829
10246	10247	0.0126829
10119	10248	0.0126819
10247	10248	0.0126819
6333	10249	0.0126809
10248	10249	0.0126809
6043	10249	0.0126809
5712	10249	0.0126809
3986	10250	0.0126723
10249	10250	0.0126723
10250	10251	0.012669
3595	10251	0.012669
3718	10252	0.0126677
10251	10252	0.0126677
10252	10253	0.0126573
223	10253	0.0126573
10253	10254	0.0126544
1137	10254	0.0126544
9179	10255	0.01264
10254	10255	0.01264
10255	10256	0.0126249
5545	10256	0.0126249
1409	10257	0.0126172
10256	10257	0.0126172
1352	10257	0.0126172
10257	10258	0.0126131
5306	10258	0.0126131
10258	10259	0.0126123
267	10259	0.0126123
10259	10260	0.0126088
5240	10260	0.0126088
2598	10261	0.0126067
10260	10261	0.0126067
10261	10262	0.0126057
5700	10262	0.0126057
10262	10263	0.0126047
2083	10263	0.0126047
1974	10264	0.012602
10263	10264	0.012602
3867	10265	0.0125983
10264	10265	0.0125983
10265	10266	0.0125971
3441	10266	0.0125971
5724	10267	0.0125915
10266	10267	0.0125915
10267	10268	0.0125894
459	10268	0.0125894
3479	10268	0.0125894
10268	10269	0.0125857
1591	10269	0.0125857
4977	10270	0.0125797
10269	10270	0.0125797
10270	10271	0.0125618
5237	10271	0.0125618
1681	10272	0.0125599
10271	10272	0.0125599
10272	10273	0.012559
2401	10273	0.012559
10273	10274	0.0125553
2413	10274	0.0125553
4746	10275	0.012554
10274	10275	0.012554
5653	10276	0.0125494
10275	10276	0.0125494
10276	10277	0.0125359
3195	10277	0.0125359
4665	10278	0.0125169
10277	10278	0.0125169
10278	10279	0.0125121
2422	10279	0.0125121
6421	10280	0.0125035
10279	10280	0.0125035
816	10281	0.0125015
10280	10281	0.0125015
6303	10282	0.012495
10281	10282	0.012495
10282	10283	0.0124824
5455	10283	0.0124824
10094	10284	0.0124865
5674	10284	0.0124865
10283	10285	0.0124761
2651	10285	0.0124761
3896	10286	0.0124693
10285	10286	0.0124693
10286	10287	0.0124666
8739	10287	0.0124666
2471	10287	0.0124666
5294	10287	0.0124666
10284	10287	0.0124666
3145	10288	0.012454
10287	10288	0.012454
10288	10289	0.012452
4180	10289	0.012452
10289	10290	0.0124494
10232	10290	0.0124494
10231	10291	0.0125314
5721	10291	0.0125314
1575	10292	0.0124464
10290	10292	0.0124464
6413	10293	0.0124445
10292	10293	0.0124445
6482	10294	0.0124436
10293	10294	0.0124436
6267	10295	0.012436
10294	10295	0.012436
10295	10296	0.0124319
1721	10296	0.0124319
10296	10297	0.0124312
5693	10297	0.0124312
10297	10298	0.0124302
3129	10298	0.0124302
10298	10299	0.0124283
1401	10299	0.0124283
10299	10300	0.0124225
5593	10300	0.0124225
8890	10301	0.0124217
9034	10301	0.0124217
10300	10301	0.0124217
2234	10301	0.0124217
10301	10302	0.0124195
1899	10302	0.0124195
10302	10303	0.0124158
6204	10303	0.0124158
10303	10304	0.0124084
2259	10304	0.0124084
251	10305	0.0124016
10304	10305	0.0124016
5798	10306	0.0124005
10305	10306	0.0124005
10306	10307	0.0123997
514	10307	0.0123997
1054	10307	0.0123997
10307	10308	0.0123975
10291	10308	0.0123975
3073	10309	0.0123777
10308	10309	0.0123777
5779	10310	0.0123767
234	10310	0.0123767
10309	10310	0.0123767
3829	10311	0.0123584
10310	10311	0.0123584
2744	10312	0.0123479
10311	10312	0.0123479
10312	10313	0.0123433
204	10313	0.0123433
4161	10314	0.0123414
10313	10314	0.0123414
4666	10315	0.0123403
10314	10315	0.0123403
10315	10316	0.0123379
2988	10316	0.0123379
1669	10316	0.0123379
301	10316	0.0123379
8689	10317	0.0123282
10316	10317	0.0123282
10317	10318	0.0123167
1716	10318	0.0123167
802	10319	0.012314
10318	10319	0.012314
8808	10320	0.0122997
10319	10320	0.0122997
3302	10320	0.0122997
10320	10321	0.012286
10233	10321	0.012286
10321	10322	0.0122792
851	10322	0.0122792
10322	10323	0.0122776
255	10323	0.0122776
10323	10324	0.0122663
574	10324	0.0122663
9194	10325	0.0122452
10324	10325	0.0122452
10325	10326	0.0122432
10108	10326	0.0122432
10326	10327	0.0122327
3859	10327	0.0122327
5168	10327	0.0122327
10327	10328	0.0122212
1754	10328	0.0122212
3566	10329	0.0122185
10328	10329	0.0122185
10329	10330	0.0122059
1565	10330	0.0122059
322	10331	0.0121964
10330	10331	0.0121964
3527	10332	0.0121899
10331	10332	0.0121899
10332	10333	0.0121777
3975	10333	0.0121777
944	10334	0.0121765
10333	10334	0.0121765
10334	10335	0.0121651
5261	10335	0.0121651
2223	10336	0.0121602
10335	10336	0.0121602
10336	10337	0.0121582
1660	10337	0.0121582
10337	10338	0.0121574
1658	10338	0.0121574
3197	10339	0.0121546
10338	10339	0.0121546
10339	10340	0.0121535
519	10340	0.0121535
10340	10341	0.0121452
773	10341	0.0121452
10341	10342	0.0121415
3314	10342	0.0121415
10342	10343	0.0121393
1519	10343	0.0121393
3015	10344	0.0121349
10343	10344	0.0121349
10344	10345	0.0121298
3042	10345	0.0121298
5431	10346	0.012127
10345	10346	0.012127
10346	10347	0.0121239
6279	10347	0.0121239
9013	10348	0.0121125
10347	10348	0.0121125
10348	10349	0.0121077
2310	10349	0.0121077
6426	10350	0.0120933
10349	10350	0.0120933
10350	10351	0.0120851
1613	10351	0.0120851
114	10352	0.0127469
862	10352	0.0127469
10093	10353	0.0129032
626	10353	0.0129032
10353	10354	0.0123939
6165	10354	0.0123939
10354	10355	0.0123385
2016	10355	0.0123385
1194	10356	0.0122614
4385	10356	0.0122614
6269	10357	0.0125579
1994	10357	0.0125579
10351	10358	0.0120629
3258	10358	0.0120629
349	10359	0.0120603
10358	10359	0.0120603
2456	10359	0.0120603
10359	10360	0.0120594
6317	10360	0.0120594
10360	10361	0.0120496
5279	10361	0.0120496
4103	10362	0.0120469
10361	10362	0.0120469
2944	10363	0.0120432
10362	10363	0.0120432
10363	10364	0.0120365
1863	10364	0.0120365
4403	10365	0.0120227
10364	10365	0.0120227
10365	10366	0.0120214
5394	10366	0.0120214
2781	10367	0.0120021
10366	10367	0.0120021
9006	10368	0.0119948
10367	10368	0.0119948
3783	10369	0.0119762
10368	10369	0.0119762
9095	10370	0.0119685
10369	10370	0.0119685
869	10370	0.0119685
9047	10371	0.0119659
10370	10371	0.0119659
10371	10372	0.0119629
2321	10372	0.0119629
10372	10373	0.0119524
770	10373	0.0119524
5031	10373	0.0119524
2372	10373	0.0119524
10373	10374	0.0119448
5234	10374	0.0119448
10374	10375	0.0119342
3585	10375	0.0119342
10375	10376	0.01192
1178	10376	0.01192
10376	10377	0.0119161
2370	10377	0.0119161
10377	10378	0.0119052
5834	10378	0.0119052
6511	10379	0.0119018
10378	10379	0.0119018
10379	10380	0.0118989
2748	10380	0.0118989
10380	10381	0.0118952
842	10381	0.0118952
8860	10382	0.0118847
10381	10382	0.0118847
4255	10383	0.0118799
10382	10383	0.0118799
10383	10384	0.0118789
10352	10384	0.0118789
10384	10385	0.0118779
5359	10385	0.0118779
10385	10386	0.0118571
852	10386	0.0118571
10386	10387	0.0118484
1809	10387	0.0118484
5445	10388	0.011835
10387	10388	0.011835
10388	10389	0.0118294
2347	10389	0.0118294
3698	10390	0.0118257
10389	10390	0.0118257
4669	10391	0.0118247
10390	10391	0.0118247
5133	10392	0.0118165
10391	10392	0.0118165
10392	10393	0.0117944
5842	10393	0.0117944
10393	10394	0.011792
3630	10394	0.011792
10394	10395	0.0117903
5815	10395	0.0117903
6266	10396	0.0117694
10395	10396	0.0117694
1693	10396	0.0117694
10396	10397	0.0117683
4126	10397	0.0117683
10397	10398	0.0117664
4404	10398	0.0117664
974	10399	0.0117638
10398	10399	0.0117638
10399	10400	0.0117397
982	10400	0.0117397
1838	10400	0.0117397
10097	10401	0.0117312
10400	10401	0.0117312
10401	10402	0.0117304
139	10402	0.0117304
2529	10403	0.0117292
10402	10403	0.0117292
9195	10404	0.0117178
10403	10404	0.0117178
10355	10405	0.0117626
4044	10405	0.0117626
5385	10406	0.0120584
1543	10406	0.0120584
4298	10407	0.0117054
10404	10407	0.0117054
5772	10407	0.0117054
10407	10408	0.0117027
5684	10408	0.0117027
10408	10409	0.0116997
1432	10409	0.0116997
10409	10410	0.0116929
378	10410	0.0116929
10410	10411	0.0116769
4033	10411	0.0116769
10411	10412	0.0116747
4111	10412	0.0116747
9134	10413	0.0116729
10412	10413	0.0116729
6179	10414	0.0116692
10413	10414	0.0116692
5930	10414	0.0116692
8980	10415	0.0116615
10414	10415	0.0116615
3379	10416	0.0116531
10415	10416	0.0116531
9020	10417	0.0116386
10416	10417	0.0116386
10417	10418	0.0116319
10406	10418	0.0116319
10418	10419	0.0116072
10405	10419	0.0116072
5174	10420	0.0116063
10419	10420	0.0116063
10420	10421	0.011591
685	10421	0.011591
1126	10421	0.011591
10421	10422	0.0115861
4803	10422	0.0115861
10422	10423	0.0115804
3737	10423	0.0115804
2730	10424	0.0115728
10423	10424	0.0115728
5513	10425	0.011567
10424	10425	0.011567
10425	10426	0.0115548
4754	10426	0.0115548
10426	10427	0.0115528
1360	10427	0.0115528
10427	10428	0.0115509
9105	10428	0.0115509
6106	10429	0.0115471
10428	10429	0.0115471
200	10430	0.0115461
10429	10430	0.0115461
10430	10431	0.0115392
1728	10431	0.0115392
10431	10432	0.011529
19	10432	0.011529
2743	10433	0.0115276
10432	10433	0.0115276
1296	10434	0.0115111
10433	10434	0.0115111
10434	10435	0.0115071
4805	10435	0.0115071
10435	10436	0.0115041
299	10436	0.0115041
5702	10437	0.0115022
10436	10437	0.0115022
10437	10438	0.0114793
3961	10438	0.0114793
4756	10439	0.0114784
10438	10439	0.0114784
2854	10440	0.0114775
10439	10440	0.0114775
10440	10441	0.0114498
2639	10441	0.0114498
1230	10442	0.0114482
10441	10442	0.0114482
10442	10443	0.0114442
1847	10443	0.0114442
2359	10443	0.0114442
2113	10444	0.0114383
10443	10444	0.0114383
8702	10445	0.0114374
10444	10445	0.0114374
10445	10446	0.0114231
4744	10446	0.0114231
6261	10446	0.0114231
10446	10447	0.0114204
2219	10447	0.0114204
6181	10448	0.0114195
10447	10448	0.0114195
2228	10449	0.0114144
10448	10449	0.0114144
294	10449	0.0114144
6180	10450	0.0114001
10449	10450	0.0114001
10450	10451	0.0113974
2391	10451	0.0113974
4509	10452	0.0113908
10451	10452	0.0113908
3373	10453	0.0113871
10452	10453	0.0113871
1043	10454	0.0113851
5461	10454	0.0113851
10453	10454	0.0113851
9071	10455	0.0113811
10454	10455	0.0113811
3457	10455	0.0113811
1182	10456	0.0113669
10455	10456	0.0113669
9078	10457	0.011363
10456	10457	0.011363
10457	10458	0.0113536
2116	10458	0.0113536
10458	10459	0.0113527
607	10459	0.0113527
10459	10460	0.0113508
533	10460	0.0113508
10460	10461	0.0113335
2823	10461	0.0113335
10461	10462	0.0113239
2044	10462	0.0113239
10462	10463	0.011323
3979	10463	0.011323
10463	10464	0.0113218
1278	10464	0.0113218
793	10465	0.0113058
10464	10465	0.0113058
138	10466	0.0113049
10465	10466	0.0113049
4736	10467	0.0112973
10466	10467	0.0112973
413	10468	0.0112914
10467	10468	0.0112914
4480	10469	0.0112886
10468	10469	0.0112886
5936	10470	0.0112837
10469	10470	0.0112837
4183	10471	0.0112724
10470	10471	0.0112724
5352	10472	0.0112705
10471	10472	0.0112705
10472	10473	0.0112639
6068	10473	0.0112639
10473	10474	0.0112592
1767	10474	0.0112592
3358	10475	0.0112578
10474	10475	0.0112578
1119	10476	0.0112554
10475	10476	0.0112554
10476	10477	0.0112132
2795	10477	0.0112132
10477	10478	0.0112115
2585	10478	0.0112115
3807	10479	0.0112104
10478	10479	0.0112104
10479	10480	0.0112018
592	10480	0.0112018
10480	10481	0.0111865
4219	10481	0.0111865
10481	10482	0.0111819
2805	10482	0.0111819
5135	10483	0.0111685
10482	10483	0.0111685
1706	10484	0.0111647
10483	10484	0.0111647
4092	10484	0.0111647
10484	10485	0.011155
4641	10485	0.011155
10485	10486	0.0111313
4221	10486	0.0111313
10486	10487	0.0111285
1718	10487	0.0111285
2330	10488	0.0111246
10487	10488	0.0111246
4921	10489	0.0111151
10488	10489	0.0111151
3706	10490	0.0111103
10489	10490	0.0111103
10490	10491	0.0111094
1743	10491	0.0111094
8743	10492	0.0111053
10491	10492	0.0111053
3848	10493	0.0110913
10492	10493	0.0110913
258	10493	0.0110913
2998	10494	0.0110892
10493	10494	0.0110892
10494	10495	0.0110827
877	10495	0.0110827
10495	10496	0.0110753
4497	10496	0.0110753
4807	10497	0.0110406
10496	10497	0.0110406
10497	10498	0.0110339
3993	10498	0.0110339
10498	10499	0.0110321
511	10499	0.0110321
350	10500	0.0110128
10499	10500	0.0110128
6088	10501	0.0110103
10500	10501	0.0110103
10501	10502	0.0110081
633	10502	0.0110081
10502	10503	0.0109996
867	10503	0.0109996
10503	10504	0.0109989
3390	10504	0.0109989
954	10505	0.0109959
10504	10505	0.0109959
10505	10506	0.0109856
5745	10506	0.0109856
10506	10507	0.0109806
34	10507	0.0109806
6175	10508	0.0109758
10507	10508	0.0109758
4045	10509	0.0109742
10508	10509	0.0109742
9178	10510	0.0109721
10509	10510	0.0109721
718	10511	0.0109701
10510	10511	0.0109701
513	10512	0.010951
10511	10512	0.010951
1633	10512	0.010951
10512	10513	0.0109462
1222	10513	0.0109462
2	10514	0.0109425
10513	10514	0.0109425
3018	10515	0.0109405
10514	10515	0.0109405
10515	10516	0.0109281
419	10516	0.0109281
10516	10517	0.0109223
4406	10517	0.0109223
1129	10518	0.0109186
10517	10518	0.0109186
10518	10519	0.0109138
2035	10519	0.0109138
10519	10520	0.01091
955	10520	0.01091
1919	10520	0.01091
2298	10520	0.01091
10520	10521	0.0108966
2667	10521	0.0108966
4114	10522	0.0108957
10521	10522	0.0108957
10522	10523	0.010885
5089	10523	0.010885
5970	10524	0.0108812
10523	10524	0.0108812
336	10525	0.0108749
10524	10525	0.0108749
5670	10526	0.0108655
10525	10526	0.0108655
10526	10527	0.0108625
62	10527	0.0108625
10527	10528	0.0108557
10356	10528	0.0108557
10528	10529	0.0108407
4402	10529	0.0108407
10529	10530	0.0108397
6122	10530	0.0108397
10530	10531	0.0108346
10357	10531	0.0108346
10531	10532	0.0108291
3112	10532	0.0108291
10532	10533	0.0108231
4137	10533	0.0108231
2817	10534	0.0108196
10533	10534	0.0108196
2496	10535	0.0113002
91	10535	0.0113002
10095	10536	0.0133362
3506	10536	0.0133362
142	10537	0.0125264
3786	10537	0.0125264
10536	10538	0.012297
10537	10538	0.012297
8861	10539	0.0131643
2608	10539	0.0131643
527	10540	0.011734
4979	10540	0.011734
8922	10541	0.0125121
2628	10541	0.0125121
6478	10542	0.0106307
10115	10542	0.0106307
33	10543	0.0102996
5094	10543	0.0102996
10534	10544	0.0107965
520	10544	0.0107965
5339	10544	0.0107965
10544	10545	0.0107899
2578	10545	0.0107899
9037	10546	0.010787
10545	10546	0.010787
1192	10547	0.0107834
10546	10547	0.0107834
10547	10548	0.0107803
10104	10548	0.0107803
10548	10549	0.0107671
4600	10549	0.0107671
10549	10550	0.0107662
2632	10550	0.0107662
10550	10551	0.0107628
3095	10551	0.0107628
10551	10552	0.0107622
10103	10552	0.0107622
2551	10552	0.0107622
5840	10553	0.0107613
3134	10553	0.0107613
4296	10553	0.0107613
10552	10553	0.0107613
5264	10554	0.0107565
10553	10554	0.0107565
10554	10555	0.0107528
5165	10555	0.0107528
8764	10556	0.0107471
10555	10556	0.0107471
1673	10557	0.0107423
10556	10557	0.0107423
2685	10558	0.0107355
10557	10558	0.0107355
4231	10558	0.0107355
10558	10559	0.0107327
380	10559	0.0107327
10559	10560	0.0107184
1533	10560	0.0107184
9072	10561	0.0107164
10560	10561	0.0107164
10561	10562	0.0107079
1231	10562	0.0107079
245	10563	0.0106897
10562	10563	0.0106897
2806	10564	0.010684
10563	10564	0.010684
655	10565	0.0106744
10564	10565	0.0106744
10565	10566	0.0106731
5472	10566	0.0106731
3048	10567	0.0106696
10566	10567	0.0106696
10567	10568	0.0106651
1860	10568	0.0106651
10568	10569	0.0106639
4657	10569	0.0106639
10569	10570	0.0106526
5571	10570	0.0106526
2194	10571	0.0106489
10570	10571	0.0106489
6335	10572	0.0106401
10571	10572	0.0106401
10118	10573	0.0106078
10572	10573	0.0106078
10573	10574	0.0106049
948	10574	0.0106049
10574	10575	0.0106039
1763	10575	0.0106039
3758	10576	0.0105906
10575	10576	0.0105906
10576	10577	0.0105876
10541	10577	0.0105876
10577	10578	0.0105866
5390	10578	0.0105866
4859	10578	0.0105866
10578	10579	0.0105848
4418	10579	0.0105848
2118	10580	0.010584
10579	10580	0.010584
10580	10581	0.0105724
215	10581	0.0105724
2670	10582	0.0105544
10581	10582	0.0105544
10582	10583	0.0105401
895	10583	0.0105401
6392	10584	0.0105342
10583	10584	0.0105342
10539	10585	0.0106154
2072	10585	0.0106154
10584	10586	0.0104952
10585	10586	0.0104952
10586	10587	0.010483
1850	10587	0.010483
2904	10588	0.0104752
10587	10588	0.0104752
3256	10588	0.0104752
4270	10589	0.0104734
10588	10589	0.0104734
10589	10590	0.010472
3467	10590	0.010472
10590	10591	0.0104657
351	10591	0.0104657
10591	10592	0.0104627
5307	10592	0.0104627
10592	10593	0.0104614
2306	10593	0.0104614
11	10594	0.0104476
10593	10594	0.0104476
3275	10595	0.0104437
10594	10595	0.0104437
3438	10596	0.0104425
10595	10596	0.0104425
10596	10597	0.010439
585	10597	0.010439
10597	10598	0.0104363
42	10598	0.0104363
10598	10599	0.0104331
1610	10599	0.0104331
10599	10600	0.0104316
637	10600	0.0104316
10600	10601	0.0104264
3685	10601	0.0104264
10601	10602	0.0104236
2900	10602	0.0104236
10602	10603	0.0104228
749	10603	0.0104228
9121	10603	0.0104228
10603	10604	0.01042
3913	10604	0.01042
10604	10605	0.0104189
2844	10605	0.0104189
10605	10606	0.0104161
4662	10606	0.0104161
5357	10607	0.0104109
10606	10607	0.0104109
10607	10608	0.0104066
4964	10608	0.0104066
1435	10608	0.0104066
10608	10609	0.0104042
2225	10609	0.0104042
10609	10610	0.0103884
1674	10610	0.0103884
10610	10611	0.0103807
4026	10611	0.0103807
5440	10611	0.0103807
10611	10612	0.0103564
845	10612	0.0103564
10612	10613	0.010353
3588	10613	0.010353
10613	10614	0.0103484
6203	10614	0.0103484
9183	10615	0.0103389
10614	10615	0.0103389
10615	10616	0.0103284
3119	10616	0.0103284
4052	10616	0.0103284
10616	10617	0.0103176
614	10617	0.0103176
3017	10618	0.0102882
10617	10618	0.0102882
9191	10619	0.0102812
10618	10619	0.0102812
10619	10620	0.010275
2855	10620	0.010275
10620	10621	0.0102664
4155	10621	0.0102664
2333	10622	0.0102625
10621	10622	0.0102625
10622	10623	0.010252
2325	10623	0.010252
10623	10624	0.0102509
5847	10624	0.0102509
2490	10625	0.0102482
10624	10625	0.0102482
786	10625	0.0102482
854	10625	0.0102482
1041	10626	0.0102473
10625	10626	0.0102473
10626	10627	0.0102224
5052	10627	0.0102224
10627	10628	0.0101908
6062	10628	0.0101908
10628	10629	0.0101871
2547	10629	0.0101871
10629	10630	0.0101793
5490	10630	0.0101793
10630	10631	0.0101585
1784	10631	0.0101585
2266	10631	0.0101585
10631	10632	0.0101557
3009	10632	0.0101557
10632	10633	0.010149
4759	10633	0.010149
10633	10634	0.0101434
1901	10634	0.0101434
5957	10635	0.0101413
10634	10635	0.0101413
2920	10636	0.0101319
10635	10636	0.0101319
10636	10637	0.0101211
1471	10637	0.0101211
3868	10638	0.0101111
10637	10638	0.0101111
10638	10639	0.0101076
1626	10639	0.0101076
10639	10640	0.010107
3663	10640	0.010107
3652	10640	0.010107
10640	10641	0.0101012
713	10641	0.0101012
10641	10642	0.0100985
4644	10642	0.0100985
10642	10643	0.0100965
3385	10643	0.0100965
9185	10644	0.0100926
10643	10644	0.0100926
10644	10645	0.0100917
3522	10645	0.0100917
16	10646	0.010064
10645	10646	0.010064
10646	10647	0.0100593
1927	10647	0.0100593
10099	10647	0.0100593
10647	10648	0.0100584
3725	10648	0.0100584
10648	10649	0.0100576
2174	10649	0.0100576
10649	10650	0.0100518
4094	10650	0.0100518
10650	10651	0.0100478
1893	10651	0.0100478
5756	10652	0.0100403
10651	10652	0.0100403
4821	10653	0.0100365
10652	10653	0.0100365
43	10653	0.0100365
1439	10653	0.0100365
10653	10654	0.010029
5078	10654	0.010029
10654	10655	0.0100248
3526	10655	0.0100248
10655	10656	0.0100204
2090	10656	0.0100204
10656	10657	0.0100115
35	10657	0.0100115
10657	10658	0.0100077
2077	10658	0.0100077
3319	10659	0.0100012
10658	10659	0.0100012
10117	10660	0.00999832
10659	10660	0.00999832
2332	10661	0.00999659
10660	10661	0.00999659
1292	10662	0.00999368
10661	10662	0.00999368
10540	10662	0.00999368
8920	10663	0.00998123
10662	10663	0.00998123
1088	10664	0.00997925
671	10664	0.00997925
3022	10664	0.00997925
2565	10664	0.00997925
2856	10664	0.00997925
3555	10664	0.00997925
4325	10664	0.00997925
5212	10664	0.00997925
10663	10664	0.00997925
3846	10664	0.00997925
10664	10665	0.00997738
834	10665	0.00997738
3881	10666	0.00997168
10665	10666	0.00997168
10666	10667	0.00996582
4341	10667	0.00996582
10667	10668	0.0099609
2274	10668	0.0099609
2638	10669	0.00995727
10668	10669	0.00995727
8944	10669	0.00995727
5882	10669	0.00995727
10669	10670	0.00995064
3721	10670	0.00995064
1776	10671	0.00994394
10670	10671	0.00994394
10671	10672	0.00993816
4601	10672	0.00993816
9127	10673	0.00993076
10672	10673	0.00993076
130	10673	0.00993076
10673	10674	0.00991251
1688	10674	0.00991251
2946	10674	0.00991251
10674	10675	0.00990967
3723	10675	0.00990967
1012	10676	0.00990595
10675	10676	0.00990595
8754	10677	0.00989441
10676	10677	0.00989441
9129	10678	0.00988474
10677	10678	0.00988474
10678	10679	0.0098801
212	10679	0.0098801
10679	10680	0.00987433
6290	10680	0.00987433
4792	10681	0.00987055
10680	10681	0.00987055
10681	10682	0.00986385
3530	10682	0.00986385
5738	10683	0.0098448
10682	10683	0.0098448
4050	10684	0.00983772
10683	10684	0.00983772
206	10685	0.00983342
10684	10685	0.00983342
10685	10686	0.00983238
1132	10686	0.00983238
2832	10686	0.00983238
4190	10687	0.0098246
10686	10687	0.0098246
486	10687	0.0098246
4828	10688	0.00982284
10687	10688	0.00982284
10688	10689	0.00981518
1541	10689	0.00981518
3343	10689	0.00981518
2314	10690	0.00980001
10689	10690	0.00980001
1997	10690	0.00980001
3517	10691	0.00979045
10690	10691	0.00979045
2548	10692	0.0097818
1017	10692	0.0097818
10691	10692	0.0097818
10692	10693	0.00977706
734	10693	0.00977706
10693	10694	0.00977132
4397	10694	0.00977132
4547	10695	0.00976846
10694	10695	0.00976846
10695	10696	0.00976294
5908	10696	0.00976294
1042	10697	0.00975327
10696	10697	0.00975327
10697	10698	0.00974743
3100	10698	0.00974743
10698	10699	0.00974284
10535	10699	0.00974284
10699	10700	0.00974188
5127	10700	0.00974188
10700	10701	0.00972673
4109	10701	0.00972673
3627	10702	0.0106419
960	10702	0.0106419
6293	10702	0.0106419
5043	10702	0.0106419
4199	10703	0.00994106
2461	10703	0.00994106
4198	10704	0.00973028
4940	10704	0.00973028
10701	10705	0.0097189
1885	10705	0.0097189
10705	10706	0.00970929
51	10706	0.00970929
10706	10707	0.00970365
10704	10707	0.00970365
10707	10708	0.0097008
3030	10708	0.0097008
10708	10709	0.0096922
741	10709	0.0096922
9066	10710	0.00968337
10709	10710	0.00968337
10710	10711	0.00967891
5753	10711	0.00967891
4309	10712	0.00967314
10711	10712	0.00967314
10116	10713	0.00966839
8982	10713	0.00966839
4783	10713	0.00966839
10712	10713	0.00966839
10713	10714	0.00966355
5599	10714	0.00966355
10714	10715	0.00966172
2865	10715	0.00966172
10715	10716	0.00965713
3142	10716	0.00965713
10716	10717	0.00965403
291	10717	0.00965403
10717	10718	0.00964544
3484	10718	0.00964544
1099	10719	0.00964249
10718	10719	0.00964249
1796	10720	0.00964157
10719	10720	0.00964157
4042	10721	0.00963599
10720	10721	0.00963599
2038	10722	0.00963498
10721	10722	0.00963498
2559	10723	0.00960739
10722	10723	0.00960739
2446	10724	0.00960546
4073	10724	0.00960546
10723	10724	0.00960546
5880	10725	0.00960159
10724	10725	0.00960159
10725	10726	0.00959986
876	10726	0.00959986
10726	10727	0.00958733
1790	10727	0.00958733
3989	10728	0.00957656
10727	10728	0.00957656
3924	10729	0.00957215
10728	10729	0.00957215
9048	10730	0.00955031
10729	10730	0.00955031
9187	10731	0.00953962
10730	10731	0.00953962
10731	10732	0.00951898
3267	10732	0.00951898
10732	10733	0.00951206
691	10733	0.00951206
3437	10734	0.00951081
10733	10734	0.00951081
1596	10734	0.00951081
10734	10735	0.0095072
6092	10735	0.0095072
4317	10736	0.00949662
10735	10736	0.00949662
888	10737	0.00949288
10736	10737	0.00949288
10542	10738	0.0094882
8801	10738	0.0094882
10737	10738	0.0094882
10738	10739	0.0094861
1950	10739	0.0094861
10739	10740	0.00947585
6176	10740	0.00947585
9115	10741	0.00947469
10740	10741	0.00947469
4604	10742	0.00944636
10741	10742	0.00944636
1896	10743	0.00944521
10742	10743	0.00944521
2684	10744	0.00944231
10743	10744	0.00944231
2819	10744	0.00944231
5878	10745	0.00943743
10744	10745	0.00943743
1936	10745	0.00943743
10745	10746	0.00943472
30	10746	0.00943472
4694	10747	0.0094299
10746	10747	0.0094299
8715	10748	0.00941951
10747	10748	0.00941951
10748	10749	0.00941177
2874	10749	0.00941177
10702	10749	0.00941177
9184	10750	0.00938989
5004	10750	0.00938989
10749	10750	0.00938989
10750	10751	0.00938614
4359	10751	0.00938614
6363	10752	0.00938515
10751	10752	0.00938515
3770	10753	0.00937179
10752	10753	0.00937179
5691	10754	0.00937101
10753	10754	0.00937101
4593	10755	0.00936695
10754	10755	0.00936695
2532	10756	0.00935744
10755	10756	0.00935744
3233	10756	0.00935744
5909	10757	0.00934993
10756	10757	0.00934993
10757	10758	0.009345
546	10758	0.009345
10543	10759	0.00934314
10758	10759	0.00934314
143	10760	0.00932781
10759	10760	0.00932781
9075	10761	0.00931831
10760	10761	0.00931831
891	10762	0.00931472
10761	10762	0.00931472
10762	10763	0.00931193
8949	10763	0.00931193
6189	10764	0.00930321
10763	10764	0.00930321
10764	10765	0.00930101
4430	10765	0.00930101
6315	10766	0.00929722
10765	10766	0.00929722
5918	10767	0.0092963
10766	10767	0.0092963
3085	10768	0.00929548
10767	10768	0.00929548
10768	10769	0.00929463
3241	10769	0.00929463
1678	10769	0.00929463
149	10770	0.00929267
10769	10770	0.00929267
2711	10771	0.00928873
10770	10771	0.00928873
4524	10772	0.00928817
10771	10772	0.00928817
6386	10773	0.00928122
10772	10773	0.00928122
2064	10773	0.00928122
10773	10774	0.00927046
5922	10774	0.00927046
10774	10775	0.00926664
4365	10775	0.00926664
1050	10776	0.00926314
10775	10776	0.00926314
6082	10777	0.00925554
10776	10777	0.00925554
2537	10778	0.00925354
10777	10778	0.00925354
10778	10779	0.00925183
1747	10779	0.00925183
2981	10779	0.00925183
5704	10780	0.00924391
10779	10780	0.00924391
6018	10780	0.00924391
2770	10781	0.00924308
10780	10781	0.00924308
10781	10782	0.00921834
2380	10782	0.00921834
8915	10783	0.00921339
10782	10783	0.00921339
5794	10784	0.00921076
10783	10784	0.00921076
5896	10785	0.00920776
10784	10785	0.00920776
10785	10786	0.00920387
5618	10786	0.00920387
3987	10787	0.00919637
10786	10787	0.00919637
10787	10788	0.00919061
10538	10788	0.00919061
10788	10789	0.00918573
1598	10789	0.00918573
3083	10790	0.00918031
10789	10790	0.00918031
10790	10791	0.00917746
2303	10791	0.00917746
1515	10792	0.00916939
10791	10792	0.00916939
10792	10793	0.0091687
6251	10793	0.0091687
10793	10794	0.00915151
1829	10794	0.00915151
4375	10795	0.00914953
10794	10795	0.00914953
1801	10796	0.00914771
10795	10796	0.00914771
10796	10797	0.00914675
4002	10797	0.00914675
1270	10798	0.00914471
10797	10798	0.00914471
8791	10799	0.00914375
10798	10799	0.00914375
21	10800	0.00913922
10799	10800	0.00913922
10800	10801	0.00913529
2938	10801	0.00913529
8690	10802	0.00912653
10801	10802	0.00912653
10802	10803	0.00911906
1836	10803	0.00911906
8878	10804	0.00911214
10803	10804	0.00911214
148	10805	0.00911029
10804	10805	0.00911029
4942	10806	0.00910873
10805	10806	0.00910873
4918	10807	0.00910299
10806	10807	0.00910299
10807	10808	0.00909637
2089	10808	0.00909637
10808	10809	0.00908373
2555	10809	0.00908373
5662	10810	0.00906565
10809	10810	0.00906565
2481	10811	0.00905231
10810	10811	0.00905231
10811	10812	0.00904848
10105	10812	0.00904848
9064	10812	0.00904848
2126	10812	0.00904848
10812	10813	0.00903817
903	10813	0.00903817
3252	10814	0.00903132
10813	10814	0.00903132
10814	10815	0.0090189
4678	10815	0.0090189
5379	10816	0.00900831
10815	10816	0.00900831
3673	10817	0.00900565
10816	10817	0.00900565
4169	10818	0.00900176
10817	10818	0.00900176
5514	10819	0.00898563
10818	10819	0.00898563
703	10820	0.00898071
10819	10820	0.00898071
2365	10821	0.00897881
10820	10821	0.00897881
10821	10822	0.00897679
2099	10822	0.00897679
10822	10823	0.00897212
10703	10823	0.00897212
10823	10824	0.00896361
3672	10824	0.00896361
10824	10825	0.00895697
36	10825	0.00895697
5730	10826	0.00892912
10825	10826	0.00892912
1580	10827	0.00892451
10826	10827	0.00892451
10827	10828	0.00891111
2675	10828	0.00891111
9054	10829	0.00890647
10828	10829	0.00890647
2581	10829	0.00890647
6072	10829	0.00890647
10829	10830	0.00890147
5911	10830	0.00890147
10830	10831	0.00889874
2432	10831	0.00889874
10831	10832	0.00889681
1538	10832	0.00889681
4588	10833	0.00889576
10832	10833	0.00889576
10833	10834	0.00888247
3349	10834	0.00888247
8902	10835	0.00886525
10834	10835	0.00886525
10835	10836	0.00885132
2431	10836	0.00885132
10836	10837	0.0088348
2434	10837	0.0088348
5095	10838	0.00881944
10837	10838	0.00881944
10838	10839	0.00881456
3198	10839	0.00881456
4243	10840	0.00881212
10839	10840	0.00881212
10840	10841	0.00880622
5736	10841	0.00880622
10841	10842	0.00879388
6223	10842	0.00879388
10842	10843	0.00879298
1714	10843	0.00879298
10843	10844	0.00879207
4175	10844	0.00879207
2348	10845	0.00878424
10844	10845	0.00878424
10845	10846	0.00878239
10098	10846	0.00878239
2707	10847	0.00877477
10846	10847	0.00877477
2942	10847	0.00877477
3043	10848	0.00877187
10847	10848	0.00877187
4557	10849	0.00876715
10848	10849	0.00876715
3105	10850	0.0158557
3171	10850	0.0158557
8757	10851	0.0126984
431	10851	0.0126984
643	10852	0.00924391
5378	10852	0.00924391
1460	10853	0.00916292
1105	10853	0.00916292
4750	10854	0.0124005
2110	10854	0.0124005
6042	10855	0.00877268
2845	10855	0.00877268
9101	10856	0.0164517
2207	10856	0.0164517
10856	10857	0.0141514
4956	10857	0.0141514
4489	10858	0.0128965
2804	10858	0.0128965
5920	10859	0.00893799
4153	10859	0.00893799
4829	10860	0.0104982
4442	10860	0.0104982
5193	10861	0.00378418
700	10861	0.00378418
3918	10862	0.00496002
3548	10862	0.00496002
10862	10863	0.00396156
27	10863	0.00396156
6300	10864	0.0040493
3051	10864	0.0040493
9175	10865	0.00767246
4066	10865	0.00767246
3823	10866	0.00698755
429	10866	0.00698755
10866	10867	0.00588231
6069	10867	0.00588231
10867	10868	0.00372021
1228	10868	0.00372021
65	10869	0.00750436
5148	10869	0.00750436
5405	10870	0.0051136
2239	10870	0.0051136
4995	10871	0.00588793
488	10871	0.00588793
9166	10872	0.0070076
840	10872	0.0070076
1954	10873	0.00565528
404	10873	0.00565528
5995	10874	0.00416471
6318	10874	0.00416471
2964	10875	0.00535496
9145	10875	0.00535496
3620	10876	0.00457382
2519	10876	0.00457382
2028	10877	0.00644587
831	10877	0.00644587
9038	10878	0.00713534
494	10878	0.00713534
9154	10879	0.00570691
3731	10879	0.00570691
3424	10880	0.00590989
9094	10880	0.00590989
5453	10881	0.00803761
1429	10881	0.00803761
3266	10882	0.00792037
5173	10882	0.00792037
4064	10883	0.00662805
9174	10883	0.00662805
3178	10884	0.00689523
3215	10884	0.00689523
3327	10885	0.0079174
5532	10885	0.0079174
6022	10886	0.00716306
4394	10886	0.00716306
9152	10887	0.00848302
6262	10887	0.00848302
525	10887	0.00848302
5200	10888	0.00813798
10887	10888	0.00813798
8976	10889	0.00792037
5214	10889	0.00792037
10849	10890	0.00874138
4679	10890	0.00874138
10890	10891	0.00873765
3486	10891	0.00873765
10891	10892	0.008728
2193	10892	0.008728
10892	10893	0.00872139
1089	10893	0.00872139
10893	10894	0.00871029
5941	10894	0.00871029
10894	10895	0.00870224
5209	10895	0.00870224
10895	10896	0.00870129
174	10896	0.00870129
9021	10897	0.00870036
10896	10897	0.00870036
4796	10897	0.00870036
10897	10898	0.00868988
4493	10898	0.00868988
4210	10899	0.00868893
10898	10899	0.00868893
3765	10900	0.008688
10899	10900	0.008688
10900	10901	0.00868028
532	10901	0.00868028
5197	10902	0.00867367
10901	10902	0.00867367
10902	10903	0.00866428
3370	10903	0.00866428
10903	10904	0.00866118
5975	10904	0.00866118
10904	10905	0.0086585
10860	10905	0.0086585
10905	10906	0.00865657
368	10906	0.00865657
10906	10907	0.00865371
2643	10907	0.00865371
6046	10908	0.00864875
10907	10908	0.00864875
10908	10909	0.00864317
2130	10909	0.00864317
10909	10910	0.00863837
658	10910	0.00863837
10910	10911	0.008627
4324	10911	0.008627
392	10912	0.00862226
10911	10912	0.00862226
10912	10913	0.00861742
2123	10913	0.00861742
2735	10914	0.0085964
10913	10914	0.0085964
10914	10915	0.00859365
4997	10915	0.00859365
9172	10916	0.00858393
10915	10916	0.00858393
3295	10917	0.00858112
10916	10917	0.00858112
2652	10917	0.00858112
859	10918	0.00857068
10917	10918	0.00857068
3094	10919	0.00856662
10918	10919	0.00856662
4193	10919	0.00856662
5387	10920	0.00856501
10919	10920	0.00856501
1383	10920	0.00856501
4545	10920	0.00856501
10920	10921	0.00856401
1987	10921	0.00856401
6310	10922	0.00855719
10921	10922	0.00855719
2449	10923	0.00855542
10922	10923	0.00855542
3232	10924	0.00854766
10923	10924	0.00854766
3004	10925	0.00853929
10924	10925	0.00853929
10925	10926	0.00853441
10854	10926	0.00853441
10926	10927	0.00852113
6139	10927	0.00852113
10927	10928	0.00851624
5582	10928	0.00851624
2498	10929	0.0085116
10928	10929	0.0085116
10929	10930	0.00850777
2158	10930	0.00850777
953	10931	0.00848573
10930	10931	0.00848573
9162	10932	0.00848215
10931	10932	0.00848215
10859	10932	0.00848215
6166	10933	0.00848117
1799	10933	0.00848117
10932	10933	0.00848117
10933	10934	0.00848037
1578	10934	0.00848037
10934	10935	0.00847816
848	10935	0.00847816
530	10936	0.00847341
10935	10936	0.00847341
185	10937	0.00846292
10936	10937	0.00846292
9160	10938	0.00845511
1250	10938	0.00845511
10937	10938	0.00845511
10938	10939	0.00844584
456	10939	0.00844584
2541	10939	0.00844584
5125	10940	0.00844197
10939	10940	0.00844197
10940	10941	0.00843343
1467	10941	0.00843343
10941	10942	0.00843142
8972	10942	0.00843142
2914	10942	0.00843142
6113	10942	0.00843142
10852	10942	0.00843142
3110	10942	0.00843142
10942	10943	0.00841326
9086	10943	0.00841326
10943	10944	0.00841121
3645	10944	0.00841121
2962	10945	0.00840763
10944	10945	0.00840763
10945	10946	0.00840473
1177	10946	0.00840473
10946	10947	0.00840394
4625	10947	0.00840394
395	10948	0.00839916
10947	10948	0.00839916
6470	10949	0.00838379
10948	10949	0.00838379
5389	10950	0.00837789
1827	10950	0.00837789
10949	10950	0.00837789
10950	10951	0.00837706
2376	10951	0.00837706
5632	10952	0.00835608
4957	10952	0.00835608
10951	10952	0.00835608
2517	10953	0.00843142
1546	10953	0.00843142
10952	10954	0.00835211
6163	10954	0.00835211
10954	10955	0.00834949
2763	10955	0.00834949
9009	10956	0.00834278
10955	10956	0.00834278
10956	10957	0.00832938
5830	10957	0.00832938
10957	10958	0.00832178
435	10958	0.00832178
107	10959	0.00831988
10958	10959	0.00831988
10959	10960	0.00831891
2661	10960	0.00831891
3498	10961	0.00830843
10960	10961	0.00830843
4850	10961	0.00830843
10961	10962	0.00830735
4351	10962	0.00830735
668	10963	0.00830372
10962	10963	0.00830372
1983	10964	0.00830274
10963	10964	0.00830274
10964	10965	0.00830173
10953	10965	0.00830173
2055	10966	0.00829505
6178	10966	0.00829505
10965	10966	0.00829505
5808	10967	0.00829394
10966	10967	0.00829394
10967	10968	0.00829025
5767	10968	0.00829025
5833	10969	0.00828542
10968	10969	0.00828542
10969	10970	0.00828066
6038	10970	0.00828066
10970	10971	0.00828011
1544	10971	0.00828011
10971	10972	0.0082541
829	10972	0.0082541
5824	10973	0.00823775
10972	10973	0.00823775
8907	10974	0.00823392
10973	10974	0.00823392
3355	10975	0.00822929
10974	10975	0.00822929
10975	10976	0.0082177
5541	10976	0.0082177
10976	10977	0.00818257
3414	10977	0.00818257
10977	10978	0.00817384
187	10978	0.00817384
10978	10979	0.00816635
2258	10979	0.00816635
4659	10980	0.00815391
10979	10980	0.00815391
162	10980	0.00815391
10980	10981	0.00815294
3654	10981	0.00815294
10981	10982	0.00815198
209	10982	0.00815198
4178	10983	0.00815031
10982	10983	0.00815031
1191	10984	0.00809764
10983	10984	0.00809764
1854	10985	0.00809497
10984	10985	0.00809497
1949	10986	0.00808905
4548	10986	0.00808905
10985	10986	0.00808905
2249	10986	0.00808905
3921	10987	0.00808627
10986	10987	0.00808627
10987	10988	0.00808519
3423	10988	0.00808519
10988	10989	0.00806613
3257	10989	0.00806613
4701	10990	0.00805949
10989	10990	0.00805949
5293	10991	0.00805654
10990	10991	0.00805654
10991	10992	0.00805371
4858	10992	0.00805371
10992	10993	0.00804686
1494	10993	0.00804686
10993	10994	0.00803859
3428	10994	0.00803859
10994	10995	0.00803666
3773	10995	0.00803666
10995	10996	0.00803362
2716	10996	0.00803362
10996	10997	0.00802045
2323	10997	0.00802045
10997	10998	0.00801081
1263	10998	0.00801081
73	10999	0.00800886
10998	10999	0.00800886
10999	11000	0.00800524
2062	11000	0.00800524
11000	11001	0.00800049
1002	11001	0.00800049
11001	11002	0.00798804
606	11002	0.00798804
8938	11003	0.00798029
11002	11003	0.00798029
2059	11003	0.00798029
4387	11004	0.00797852
11003	11004	0.00797852
1897	11005	0.00797266
11004	11005	0.00797266
2220	11006	0.00795163
11005	11006	0.00795163
4000	11006	0.00795163
11006	11007	0.00795083
2755	11007	0.00795083
4575	11008	0.00794588
11007	11008	0.00794588
1734	11009	0.00794128
11008	11009	0.00794128
950	11010	0.00793943
11009	11010	0.00793943
10855	11010	0.00793943
193	11011	0.00793359
11010	11011	0.00793359
4068	11012	0.00792322
11011	11012	0.00792322
11012	11013	0.00792129
3926	11013	0.00792129
9167	11014	0.00792037
11013	11014	0.00792037
9169	11015	0.00791838
11014	11015	0.00791838
1577	11016	0.00790989
11015	11016	0.00790989
11016	11017	0.00789356
4302	11017	0.00789356
11017	11018	0.0078916
726	11018	0.0078916
6049	11019	0.00789066
11018	11019	0.00789066
2717	11020	0.00787162
11019	11020	0.00787162
9164	11021	0.00785348
11020	11021	0.00785348
11021	11022	0.00785157
3969	11022	0.00785157
11022	11023	0.00784782
2506	11023	0.00784782
11023	11024	0.00784119
122	11024	0.00784119
1450	11025	0.00783425
11024	11025	0.00783425
9007	11026	0.00783155
11025	11026	0.00783155
11026	11027	0.00780017
2296	11027	0.00780017
3111	11028	0.00779536
11027	11028	0.00779536
3137	11029	0.00779249
11028	11029	0.00779249
11029	11030	0.00778494
738	11030	0.00778494
2619	11031	0.00778405
9163	11031	0.00778405
11030	11031	0.00778405
2263	11032	0.00777354
11031	11032	0.00777354
2004	11033	0.00777055
3971	11033	0.00777055
5762	11033	0.00777055
6067	11033	0.00777055
11032	11033	0.00777055
11033	11034	0.0077698
620	11034	0.0077698
4935	11035	0.00775438
11034	11035	0.00775438
1830	11036	0.00774943
11035	11036	0.00774943
4501	11037	0.0077437
11036	11037	0.0077437
11037	11038	0.00773905
1606	11038	0.00773905
11038	11039	0.00773141
1487	11039	0.00773141
3313	11040	0.00772859
11039	11040	0.00772859
11040	11041	0.00772178
3023	11041	0.00772178
11041	11042	0.0077183
4	11042	0.0077183
2616	11042	0.0077183
11042	11043	0.00771423
2715	11043	0.00771423
9177	11044	0.00770469
11043	11044	0.00770469
2792	11044	0.00770469
11044	11045	0.00768195
1995	11045	0.00768195
5583	11045	0.00768195
11045	11046	0.00767897
321	11046	0.00767897
11046	11047	0.00764923
2199	11047	0.00764923
4530	11048	0.00763321
11047	11048	0.00763321
11048	11049	0.00762657
5143	11049	0.00762657
11049	11050	0.00762181
5300	11050	0.00762181
11050	11051	0.00761797
473	11051	0.00761797
11051	11052	0.00760834
1219	11052	0.00760834
11052	11053	0.00760456
2687	11053	0.00760456
11053	11054	0.00760076
275	11054	0.00760076
11054	11055	0.00759891
5363	11055	0.00759891
11055	11056	0.00757802
6222	11056	0.00757802
11056	11057	0.00757598
2627	11057	0.00757598
343	11058	0.00756439
11057	11058	0.00756439
11058	11059	0.00756349
1762	11059	0.00756349
6002	11059	0.00756349
5588	11060	0.00756068
11059	11060	0.00756068
11060	11061	0.00755973
624	11061	0.00755973
10888	11062	0.00755685
11061	11062	0.00755685
11062	11063	0.00755607
6212	11063	0.00755607
11063	11064	0.00755402
897	11064	0.00755402
20	11065	0.00754358
11064	11065	0.00754358
11065	11066	0.00754264
2810	11066	0.00754264
804	11067	0.00753786
11066	11067	0.00753786
2736	11068	0.00752834
11067	11068	0.00752834
4367	11069	0.00752725
11068	11069	0.00752725
11069	11070	0.00751396
4646	11070	0.00751396
6332	11071	0.0075064
11070	11071	0.0075064
1386	11072	0.00750553
11071	11072	0.00750553
2465	11073	0.00750167
11072	11073	0.00750167
1480	11073	0.00750167
6202	11074	0.00748842
11073	11074	0.00748842
9155	11075	0.00748635
5471	11075	0.00748635
11074	11075	0.00748635
11075	11076	0.00748158
5777	11076	0.00748158
244	11077	0.00747858
11076	11077	0.00747858
4007	11078	0.00747689
11077	11078	0.00747689
11078	11079	0.0074682
475	11079	0.0074682
11079	11080	0.00745967
1215	11080	0.00745967
3035	11081	0.00743581
11080	11081	0.00743581
11081	11082	0.00743389
5766	11082	0.00743389
11082	11083	0.0073959
4232	11083	0.0073959
11083	11084	0.0073854
3204	11084	0.0073854
5886	11085	0.00737212
11084	11085	0.00737212
3226	11086	0.00736509
11085	11086	0.00736509
11086	11087	0.00735841
3819	11087	0.00735841
11087	11088	0.00734708
1512	11088	0.00734708
11088	11089	0.00734242
5350	11089	0.00734242
11089	11090	0.00733279
5569	11090	0.00733279
11090	11091	0.00733194
3782	11091	0.00733194
11091	11092	0.00732987
1033	11092	0.00732987
3995	11093	0.00732615
11092	11093	0.00732615
11093	11094	0.00731367
3211	11094	0.00731367
4970	11095	0.00729555
11094	11095	0.00729555
11095	11096	0.00729275
736	11096	0.00729275
909	11097	0.00728707
11096	11097	0.00728707
11097	11098	0.00728419
3203	11098	0.00728419
11098	11099	0.00728038
345	11099	0.00728038
11099	11100	0.0072794
4035	11100	0.0072794
11100	11101	0.00726792
1802	11101	0.00726792
11101	11102	0.00726509
4148	11102	0.00726509
4896	11103	0.00726219
11102	11103	0.00726219
11103	11104	0.00726145
5271	11104	0.00726145
11104	11105	0.00724789
5308	11105	0.00724789
11105	11106	0.00724507
716	11106	0.00724507
8775	11107	0.00723556
11106	11107	0.00723556
6387	11108	0.00722875
11107	11108	0.00722875
5837	11109	0.00722037
11108	11109	0.00722037
11109	11110	0.00721374
2724	11110	0.00721374
361	11111	0.00721261
11110	11111	0.00721261
2173	11112	0.00720504
11111	11112	0.00720504
4003	11113	0.00719069
11112	11113	0.00719069
134	11114	0.00718782
11113	11114	0.00718782
11114	11115	0.00714587
115	11115	0.00714587
4582	11116	0.00714114
11115	11116	0.00714114
3959	11117	0.00712583
11116	11117	0.00712583
11117	11118	0.00712496
1239	11118	0.00712496
11118	11119	0.00711062
4229	11119	0.00711062
5783	11120	0.00710761
11119	11120	0.00710761
5035	11120	0.00710761
11120	11121	0.00710583
1393	11121	0.00710583
11121	11122	0.00710108
5732	11122	0.00710108
11122	11123	0.0070954
1294	11123	0.0070954
11123	11124	0.00709249
5934	11124	0.00709249
11124	11125	0.00708293
317	11125	0.00708293
5103	11125	0.00708293
11125	11126	0.00707048
595	11126	0.00707048
11126	11127	0.00705812
5947	11127	0.00705812
5042	11128	0.0070543
11127	11128	0.0070543
4806	11129	0.00704483
11128	11129	0.00704483
5191	11130	0.00702572
11129	11130	0.00702572
1732	11131	0.00702285
11130	11131	0.00702285
4969	11132	0.0070173
11131	11132	0.0070173
3827	11133	0.00701138
11132	11133	0.00701138
1281	11134	0.00700857
11133	11134	0.00700857
10858	11134	0.00700857
412	11135	0.00700282
11134	11135	0.00700282
3101	11136	0.00698935
11135	11136	0.00698935
1024	11137	0.00698682
11136	11137	0.00698682
11137	11138	0.00696858
2994	11138	0.00696858
11138	11139	0.00695897
8936	11139	0.00695897
4546	11140	0.00695608
11139	11140	0.00695608
2520	11141	0.00695121
11140	11141	0.00695121
3481	11142	0.00693901
10889	11142	0.00693901
11141	11142	0.00693901
1977	11143	0.00693608
11142	11143	0.00693608
11143	11144	0.00692752
1496	11144	0.00692752
11144	11145	0.00692357
4893	11145	0.00692357
11145	11146	0.00692174
1346	11146	0.00692174
434	11147	0.00691986
11146	11147	0.00691986
11147	11148	0.00691795
3736	11148	0.00691795
2577	11149	0.00691605
11148	11149	0.00691605
4495	11150	0.00857068
4929	11150	0.00857068
11149	11151	0.00690754
3188	11151	0.00690754
11151	11152	0.00690558
10853	11152	0.00690558
3242	11153	0.00690077
11152	11153	0.00690077
11153	11154	0.00689885
3040	11154	0.00689885
4763	11155	0.00688845
11154	11155	0.00688845
4171	11155	0.00688845
11155	11156	0.00686643
2924	11156	0.00686643
6232	11156	0.00686643
11156	11157	0.00685412
4520	11157	0.00685412
4927	11158	0.00685039
11157	11158	0.00685039
11158	11159	0.0068301
989	11159	0.0068301
2655	11160	0.00682069
11159	11160	0.00682069
2427	11161	0.00681981
11160	11161	0.00681981
11161	11162	0.00681305
1563	11162	0.00681305
11162	11163	0.00680928
1028	11163	0.00680928
11163	11164	0.00679594
2934	11164	0.00679594
9156	11165	0.00679021
11164	11165	0.00679021
6157	11166	0.0067854
11165	11166	0.0067854
11166	11167	0.00678249
5624	11167	0.00678249
11167	11168	0.00678158
1605	11168	0.00678158
537	11169	0.00677493
11168	11169	0.00677493
3925	11170	0.00676621
457	11170	0.00676621
11169	11170	0.00676621
11170	11171	0.00676539
5722	11171	0.00676539
9173	11172	0.00676345
11171	11172	0.00676345
11172	11173	0.00675486
4705	11173	0.00675486
11173	11174	0.0067529
1648	11174	0.0067529
2785	11174	0.0067529
11174	11175	0.00674535
2167	11175	0.00674535
5429	11176	0.00673946
11175	11176	0.00673946
77	11176	0.00673946
330	11177	0.0067387
11176	11177	0.0067387
11177	11178	0.00673393
458	11178	0.00673393
109	11179	0.00672914
11178	11179	0.00672914
3746	11180	0.00672526
11179	11180	0.00672526
794	11181	0.00672055
11180	11181	0.00672055
1142	11182	0.00671573
11181	11182	0.00671573
233	11182	0.00671573
3722	11183	0.00671098
11182	11183	0.00671098
4913	11184	0.00670895
11183	11184	0.00670895
3059	11185	0.00670427
11184	11185	0.00670427
11185	11186	0.00668447
1217	11186	0.00668447
2573	11187	0.00668053
5668	11187	0.00668053
11186	11187	0.00668053
11187	11188	0.00667947
6275	11188	0.00667947
11188	11189	0.00667478
5699	11189	0.00667478
4340	11190	0.00667188
11189	11190	0.00667188
6205	11191	0.00666813
11190	11191	0.00666813
696	11192	0.0066662
11191	11192	0.0066662
11192	11193	0.00665662
3907	11193	0.00665662
9158	11194	0.00664994
5074	11194	0.00664994
11193	11194	0.00664994
3978	11194	0.00664994
2375	11195	0.00663375
11194	11195	0.00663375
11195	11196	0.00662805
4677	11196	0.00662805
2049	11197	0.00662617
11196	11197	0.00662617
11197	11198	0.00662231
1314	11198	0.00662231
9068	11198	0.00662231
203	11199	0.00662042
11198	11199	0.00662042
11199	11200	0.00658991
2299	11200	0.00658991
1303	11201	0.0066662
1719	11201	0.0066662
11200	11202	0.00658512
6044	11202	0.00658512
2901	11203	0.00657648
11202	11203	0.00657648
2841	11204	0.00657176
11203	11204	0.00657176
11204	11205	0.00654895
11201	11205	0.00654895
120	11206	0.00654497
11205	11206	0.00654497
2172	11207	0.00653462
11206	11207	0.00653462
6138	11208	0.00653076
11207	11208	0.00653076
11208	11209	0.00652598
2542	11209	0.00652598
2766	11210	0.00652408
11209	11210	0.00652408
4233	11211	0.00652227
11210	11211	0.00652227
4629	11212	0.00652133
11211	11212	0.00652133
5421	11213	0.00649557
4941	11213	0.00649557
11212	11213	0.00649557
3791	11214	0.00649449
11213	11214	0.00649449
11214	11215	0.00649266
2387	11215	0.00649266
2198	11216	0.00649069
11215	11216	0.00649069
11216	11217	0.00648971
5554	11217	0.00648971
9045	11218	0.00648885
11217	11218	0.00648885
11218	11219	0.00646961
272	11219	0.00646961
11219	11220	0.00646787
688	11220	0.00646787
3174	11221	0.00646601
11220	11221	0.00646601
2831	11222	0.00646311
11221	11222	0.00646311
8923	11223	0.0064535
11222	11223	0.0064535
11223	11224	0.00645052
9063	11224	0.00645052
5451	11225	0.00643541
11224	11225	0.00643541
11225	11226	0.00642306
386	11226	0.00642306
10857	11226	0.00642306
5434	11227	0.0064163
11226	11227	0.0064163
11227	11228	0.00640574
2046	11228	0.00640574
11228	11229	0.00640203
2159	11229	0.00640203
4398	11230	0.00639727
11229	11230	0.00639727
10886	11231	0.00638579
11230	11231	0.00638579
11231	11232	0.00638402
3577	11232	0.00638402
5489	11233	0.00638288
11232	11233	0.00638288
4319	11234	0.00636762
11233	11234	0.00636762
10885	11235	0.00636003
11234	11235	0.00636003
11235	11236	0.00634857
1127	11236	0.00634857
3515	11236	0.00634857
11236	11237	0.00634771
1167	11237	0.00634771
11237	11238	0.00634662
150	11238	0.00634662
11238	11239	0.00634392
2129	11239	0.00634392
4939	11239	0.00634392
9125	11240	0.00633814
11239	11240	0.00633814
1164	11241	0.00633616
2774	11241	0.00633616
11240	11241	0.00633616
11241	11242	0.00632759
3033	11242	0.00632759
11242	11243	0.00631522
5066	11243	0.00631522
4716	11244	0.00629521
11243	11244	0.00629521
11244	11245	0.00629235
4491	11245	0.00629235
9069	11246	0.00628663
11245	11246	0.00628663
6240	11247	0.00628272
11246	11247	0.00628272
11247	11248	0.00627633
3784	11248	0.00627633
2906	11249	0.00627322
11248	11249	0.00627322
11249	11250	0.0062665
3589	11250	0.0062665
5111	11251	0.00626277
11250	11251	0.00626277
11251	11252	0.00625322
2925	11252	0.00625322
6309	11253	0.00625118
11252	11253	0.00625118
3136	11254	0.00687216
2021	11254	0.00687216
1027	11255	0.00616351
68	11255	0.00616351
9022	11256	0.00624752
11253	11256	0.00624752
3869	11257	0.00624181
11256	11257	0.00624181
11257	11258	0.00624082
231	11258	0.00624082
557	11259	0.00623034
11258	11259	0.00623034
5539	11260	0.00622466
11259	11260	0.00622466
11260	11261	0.00622365
5938	11261	0.00622365
1015	11262	0.00622278
11261	11262	0.00622278
11262	11263	0.006216
1534	11263	0.006216
11263	11264	0.00621437
4519	11264	0.00621437
2005	11265	0.00621317
11264	11265	0.00621317
4392	11265	0.00621317
6142	11265	0.00621317
11150	11265	0.00621317
11265	11266	0.0062046
2973	11266	0.0062046
4608	11267	0.00619314
11266	11267	0.00619314
11267	11268	0.0061903
6284	11268	0.0061903
11268	11269	0.00617981
673	11269	0.00617981
11269	11270	0.00617512
4449	11270	0.00617512
11270	11271	0.00613884
5177	11271	0.00613884
2919	11272	0.00613506
11271	11272	0.00613506
11272	11273	0.0061283
918	11273	0.0061283
8859	11274	0.00611875
3816	11274	0.00611875
11273	11274	0.00611875
1469	11275	0.00611591
11274	11275	0.00611591
11275	11276	0.00610346
5692	11276	0.00610346
1011	11277	0.00609491
11276	11277	0.00609491
1735	11278	0.00608828
11277	11278	0.00608828
594	11279	0.00608155
11278	11279	0.00608155
3796	11280	0.00607592
11279	11280	0.00607592
137	11281	0.00606534
11280	11281	0.00606534
5960	11282	0.00605299
11281	11282	0.00605299
11282	11283	0.00605107
3396	11283	0.00605107
2133	11284	0.00604153
11283	11284	0.00604153
11284	11285	0.00601866
1440	11285	0.00601866
11285	11286	0.00601374
2706	11286	0.00601374
819	11286	0.00601374
872	11286	0.00601374
3046	11286	0.00601374
3757	11286	0.00601374
11254	11286	0.00601374
9148	11287	0.00601292
11286	11287	0.00601292
6026	11288	0.00600906
11287	11288	0.00600906
11288	11289	0.00600063
4300	11289	0.00600063
994	11290	0.00599764
11289	11290	0.00599764
11290	11291	0.00599288
9004	11291	0.00599288
11291	11292	0.00599111
5596	11292	0.00599111
373	11293	0.00597755
11292	11293	0.00597755
4930	11294	0.00597278
11293	11294	0.00597278
2636	11295	0.00596337
11294	11295	0.00596337
5391	11296	0.00595091
11295	11296	0.00595091
5602	11297	0.00594045
11296	11297	0.00594045
11297	11298	0.00593756
1452	11298	0.00593756
3404	11299	0.00593566
11298	11299	0.00593566
11299	11300	0.00592889
3885	11300	0.00592889
3940	11301	0.00592722
11300	11301	0.00592722
9150	11302	0.0059251
11301	11302	0.0059251
1668	11303	0.00591554
11302	11303	0.00591554
602	11304	0.00590623
11303	11304	0.00590623
11304	11305	0.00590035
3948	11305	0.00590035
11305	11306	0.00589845
2293	11306	0.00589845
5823	11307	0.00589565
11306	11307	0.00589565
11307	11308	0.00588604
1720	11308	0.00588604
11308	11309	0.00588039
4852	11309	0.00588039
1363	11309	0.00588039
11309	11310	0.00587189
1111	11310	0.00587189
11310	11311	0.00586885
236	11311	0.00586885
11311	11312	0.00586793
2420	11312	0.00586793
4436	11313	0.00586035
11312	11313	0.00586035
3556	11314	0.00584698
11313	11314	0.00584698
8698	11315	0.00584212
11314	11315	0.00584212
3172	11316	0.00584021
11315	11316	0.00584021
1128	11317	0.00582884
11316	11317	0.00582884
11255	11318	0.00582312
11317	11318	0.00582312
2342	11319	0.00580791
1123	11319	0.00580791
11318	11319	0.00580791
11319	11320	0.00580023
5604	11320	0.00580023
11320	11321	0.00577068
4992	11321	0.00577068
6167	11322	0.00576686
11321	11322	0.00576686
9062	11323	0.00576589
11322	11323	0.00576589
11323	11324	0.00575354
9073	11324	0.00575354
9168	11325	0.00575253
11324	11325	0.00575253
11325	11326	0.00575164
396	11326	0.00575164
11326	11327	0.0057334
3576	11327	0.0057334
1903	11328	0.00572776
11327	11328	0.00572776
5675	11329	0.00571532
11328	11329	0.00571532
4748	11330	0.00570585
11329	11330	0.00570585
11330	11331	0.00569252
2273	11331	0.00569252
5505	11332	0.0056905
3586	11332	0.0056905
11331	11332	0.0056905
4732	11332	0.0056905
463	11332	0.0056905
5470	11333	0.0056887
11332	11333	0.0056887
4787	11334	0.0056858
11333	11334	0.0056858
11334	11335	0.00568489
270	11335	0.00568489
11335	11336	0.0056772
5663	11336	0.0056772
11336	11337	0.00566763
3549	11337	0.00566763
10850	11338	0.00565819
11337	11338	0.00565819
4041	11339	0.00636003
4208	11339	0.00636003
2480	11340	0.00604334
11339	11340	0.00604334
3079	11341	0.00520612
4965	11341	0.00520612
2412	11342	0.00564386
11338	11342	0.00564386
1937	11343	0.00564194
11342	11343	0.00564194
5463	11344	0.00563721
11343	11344	0.00563721
3163	11345	0.00562941
11344	11345	0.00562941
11345	11346	0.00562204
11340	11346	0.00562204
6063	11347	0.00560953
6352	11347	0.00560953
11346	11347	0.00560953
3923	11348	0.00560571
11347	11348	0.00560571
11348	11349	0.00560477
1358	11349	0.00560477
6246	11350	0.00559914
11349	11350	0.00559914
11350	11351	0.00556656
2023	11351	0.00556656
3838	11352	0.00555792
3415	11352	0.00555792
11351	11352	0.00555792
11352	11353	0.00555227
4342	11353	0.00555227
11353	11354	0.00554754
1252	11354	0.00554754
11354	11355	0.00553992
5055	11355	0.00553992
11355	11356	0.00553517
1302	11356	0.00553517
4526	11357	0.00553703
1031	11357	0.00553703
11356	11358	0.00552756
11357	11358	0.00552756
4128	11359	0.00551229
11358	11359	0.00551229
2605	11360	0.00551032
11359	11360	0.00551032
2782	11361	0.00550743
11360	11361	0.00550743
2078	11362	0.00550467
11361	11362	0.00550467
4439	11363	0.0054989
2708	11363	0.0054989
2561	11363	0.0054989
11362	11363	0.0054989
6446	11364	0.00547891
11363	11364	0.00547891
5373	11365	0.00547596
11364	11365	0.00547596
11365	11366	0.0054568
3165	11366	0.0054568
3190	11367	0.00543215
11366	11367	0.00543215
11367	11368	0.00542927
6297	11368	0.00542927
5529	11369	0.0054216
11368	11369	0.0054216
4005	11370	0.00540637
11369	11370	0.00540637
11370	11371	0.00540259
2709	11371	0.00540259
11371	11372	0.0053921
3446	11372	0.0053921
4247	11373	0.00538831
11372	11373	0.00538831
1120	11374	0.00538537
11373	11374	0.00538537
11374	11375	0.00537293
5187	11375	0.00537293
8779	11376	0.00536341
11375	11376	0.00536341
11376	11377	0.00534629
1174	11377	0.00534629
11377	11378	0.00533963
3092	11378	0.00533963
11378	11379	0.00532913
6047	11379	0.00532913
9008	11380	0.00528429
11379	11380	0.00528429
1514	11380	0.00528429
11380	11381	0.00526614
970	11381	0.00526614
11381	11382	0.00525378
2911	11382	0.00525378
11382	11383	0.00525097
3053	11383	0.00525097
3468	11384	0.00524808
11383	11384	0.00524808
11384	11385	0.0052433
104	11385	0.0052433
5195	11386	0.00523948
11385	11386	0.00523948
11386	11387	0.0052347
5377	11387	0.0052347
11387	11388	0.00522993
1232	11388	0.00522993
1416	11389	0.00521467
1979	11389	0.00521467
11388	11389	0.00521467
111	11390	0.00520424
10882	11390	0.00520424
11389	11390	0.00520424
5146	11391	0.00519277
11390	11391	0.00519277
4786	11392	0.00518994
4990	11392	0.00518994
11391	11392	0.00518994
11392	11393	0.00517751
1619	11393	0.00517751
4676	11394	0.00517654
164	11394	0.00517654
11393	11394	0.00517654
11394	11395	0.0051689
2092	11395	0.0051689
11395	11396	0.00515273
1782	11396	0.00515273
3860	11397	0.00514896
11396	11397	0.00514896
11397	11398	0.00514314
4291	11398	0.00514314
2704	11399	0.00511646
11398	11399	0.00511646
1147	11400	0.0051098
11399	11400	0.0051098
3196	11401	0.00510503
11400	11401	0.00510503
11401	11402	0.00509831
6283	11402	0.00509831
9110	11403	0.00509453
11402	11403	0.00509453
1760	11404	0.00508403
11403	11404	0.00508403
11404	11405	0.00507548
2349	11405	0.00507548
11405	11406	0.00506509
2363	11406	0.00506509
5937	11407	0.00505915
11406	11407	0.00505915
11407	11408	0.00505549
3133	11408	0.00505549
11408	11409	0.00504864
1398	11409	0.00504864
4390	11409	0.00504864
9159	11410	0.00504404
11409	11410	0.00504404
11410	11411	0.00504016
911	11411	0.00504016
11411	11412	0.00503928
2492	11412	0.00503928
11412	11413	0.00503447
3049	11413	0.00503447
11413	11414	0.00501924
2227	11414	0.00501924
11414	11415	0.00501443
4697	11415	0.00501443
2216	11416	0.00499723
11415	11416	0.00499723
2602	11417	0.00499154
11416	11417	0.00499154
11417	11418	0.0049839
1255	11418	0.0049839
11418	11419	0.00497264
5288	11419	0.00497264
11419	11420	0.00497149
5475	11420	0.00497149
593	11421	0.00496291
11420	11421	0.00496291
1506	11422	0.00495431
11421	11422	0.00495431
440	11423	0.00494673
11422	11423	0.00494673
11423	11424	0.00494484
6258	11424	0.00494484
11424	11425	0.0049429
2362	11425	0.0049429
2144	11426	0.00493234
11425	11426	0.00493234
6268	11426	0.00493234
1241	11427	0.00492843
11426	11427	0.00492843
936	11428	0.00492758
11427	11428	0.00492758
6037	11429	0.00492668
11428	11429	0.00492668
11429	11430	0.00491809
4220	11430	0.00491809
11430	11431	0.00491232
5044	11431	0.00491232
4790	11432	0.00490954
2892	11432	0.00490954
11431	11432	0.00490954
2491	11433	0.00489135
11432	11433	0.00489135
11433	11434	0.00488664
597	11434	0.00488664
11434	11435	0.00486572
1150	11435	0.00486572
11435	11436	0.00485709
5671	11436	0.00485709
11436	11437	0.00484852
1375	11437	0.00484852
3785	11438	0.00486846
1902	11438	0.00486846
4144	11439	0.00484562
11437	11439	0.00484562
11439	11440	0.00484465
116	11440	0.00484465
4456	11441	0.00483797
11440	11441	0.00483797
4950	11442	0.00482468
11441	11442	0.00482468
11442	11443	0.00481397
11438	11443	0.00481397
4591	11444	0.00481313
11443	11444	0.00481313
701	11445	0.00481029
11444	11445	0.00481029
3471	11446	0.00480942
11445	11446	0.00480942
6287	11447	0.00479318
11446	11447	0.00479318
5776	11448	0.00479129
11447	11448	0.00479129
11448	11449	0.00478368
4585	11449	0.00478368
2945	11450	0.00478267
11449	11450	0.00478267
3767	11451	0.00476357
6445	11451	0.00476357
11450	11451	0.00476357
5917	11452	0.00475119
11451	11452	0.00475119
11452	11453	0.00474928
2764	11453	0.00474928
4112	11454	0.00474839
11453	11454	0.00474839
78	11455	0.0047407
11454	11455	0.0047407
11455	11456	0.00473018
5919	11456	0.00473018
11456	11457	0.00472835
3286	11457	0.00472835
8977	11458	0.00472161
11457	11458	0.00472161
9099	11459	0.00471115
11458	11459	0.00471115
11459	11460	0.00470641
2235	11460	0.00470641
11460	11461	0.00468731
5071	11461	0.00468731
1265	11462	0.00468444
11461	11462	0.00468444
11462	11463	0.00468063
315	11463	0.00468063
8932	11464	0.00466826
11463	11464	0.00466826
11464	11465	0.0046502
3754	11465	0.0046502
11465	11466	0.00464061
1280	11466	0.00464061
3248	11467	0.00463878
11466	11467	0.00463878
11467	11468	0.00463101
6276	11468	0.00463101
3510	11469	0.00462628
11468	11469	0.00462628
11469	11470	0.00461873
1407	11470	0.00461873
4310	11471	0.00461488
11470	11471	0.00461488
10881	11472	0.00460728
11471	11472	0.00460728
9149	11473	0.00459958
11472	11473	0.00459958
11473	11474	0.00458991
3240	11474	0.00458991
972	11475	0.0045566
11474	11475	0.0045566
11475	11476	0.00455272
1179	11476	0.00455272
5059	11477	0.00454525
11476	11477	0.00454525
6460	11478	0.0045443
11477	11478	0.0045443
11478	11479	0.00450904
2024	11479	0.00450904
11479	11480	0.0044956
1497	11480	0.0044956
8979	11481	0.00448892
11480	11481	0.00448892
1395	11482	0.00447076
11481	11482	0.00447076
11482	11483	0.00444986
2928	11483	0.00444986
2307	11484	0.00443177
5239	11484	0.00443177
11483	11484	0.00443177
11484	11485	0.004427
3249	11485	0.004427
11485	11486	0.00442504
6271	11486	0.00442504
5215	11487	0.00547984
498	11487	0.00547984
2936	11488	0.00442232
11486	11488	0.00442232
1474	11489	0.00441556
11488	11489	0.00441556
878	11490	0.004406
11489	11490	0.004406
11490	11491	0.00440218
1773	11491	0.00440218
2036	11491	0.00440218
621	11492	0.00439638
11491	11492	0.00439638
5807	11493	0.00439264
11492	11493	0.00439264
4292	11494	0.00439078
11493	11494	0.00439078
11494	11495	0.00438879
5430	11495	0.00438879
11495	11496	0.00437744
2395	11496	0.00437744
11496	11497	0.00437553
824	11497	0.00437553
11497	11498	0.00437252
446	11498	0.00437252
11498	11499	0.00434592
229	11499	0.00434592
11499	11500	0.00434495
1675	11500	0.00434495
11500	11501	0.00432488
6237	11501	0.00432488
3893	11502	0.00432207
11501	11502	0.00432207
1914	11503	0.00431822
11502	11503	0.00431822
11503	11504	0.0043125
3716	11504	0.0043125
2405	11505	0.00429633
11504	11505	0.00429633
2576	11506	0.00428867
11505	11506	0.00428867
5480	11507	0.00426569
11506	11507	0.00426569
53	11508	0.00426484
11507	11508	0.00426484
11341	11509	0.00424956
11508	11509	0.00424956
11509	11510	0.00424481
2394	11510	0.00424481
4104	11511	0.00423622
11510	11511	0.00423622
9157	11512	0.00421517
11511	11512	0.00421517
11512	11513	0.00420573
5708	11513	0.00420573
11513	11514	0.00420094
1792	11514	0.00420094
5809	11515	0.00418087
11514	11515	0.00418087
2701	11516	0.00417911
11515	11516	0.00417911
4860	11517	0.00417705
11516	11517	0.00417705
11517	11518	0.00417614
161	11518	0.00417614
6331	11519	0.00417427
11518	11519	0.00417427
2567	11520	0.00417232
11519	11520	0.00417232
4811	11521	0.00416948
3290	11521	0.00416948
11520	11521	0.00416948
183	11522	0.00415898
11521	11522	0.00415898
3558	11523	0.00415418
11522	11523	0.00415418
11523	11524	0.00415134
1498	11524	0.00415134
11524	11525	0.00414944
5486	11525	0.00414944
2108	11526	0.0041418
11525	11526	0.0041418
1422	11527	0.00413418
11526	11527	0.00413418
10884	11528	0.00411795
11527	11528	0.00411795
6337	11529	0.00411701
11528	11529	0.00411701
11529	11530	0.00410835
6230	11530	0.00410835
2858	11531	0.00408743
11530	11531	0.00408743
11531	11532	0.00408176
1441	11532	0.00408176
11532	11533	0.00406174
9104	11533	0.00406174
866	11534	0.0040532
11533	11534	0.0040532
4154	11535	0.00405022
11534	11535	0.00405022
1671	11536	0.00404454
11535	11536	0.00404454
4020	11537	0.00403978
11536	11537	0.00403978
5138	11537	0.00403978
6155	11538	0.00403024
11537	11538	0.00403024
2424	11539	0.00401785
11538	11539	0.00401785
3087	11540	0.00400828
11539	11540	0.00400828
5112	11541	0.00398925
11540	11541	0.00398925
312	11542	0.00398829
11541	11542	0.00398829
4369	11543	0.00397868
11542	11543	0.00397868
11543	11544	0.003973
208	11544	0.003973
1229	11545	0.0039711
11544	11545	0.0039711
10880	11546	0.00396824
11545	11546	0.00396824
5958	11547	0.00395388
11546	11547	0.00395388
9102	11548	0.00394453
11547	11548	0.00394453
3593	11549	0.00392915
11548	11549	0.00392915
5883	11550	0.00389669
11549	11550	0.00389669
11550	11551	0.00389019
3287	11551	0.00389019
4101	11552	0.00388909
11551	11552	0.00388909
10883	11553	0.00388527
11552	11553	0.00388527
600	11554	0.00386906
11553	11554	0.00386906
10879	11555	0.00386617
3158	11555	0.00386617
11554	11555	0.00386617
1623	11555	0.00386617
9138	11556	0.00386147
11555	11556	0.00386147
4433	11557	0.00386043
6219	11557	0.00386043
11556	11557	0.00386043
4839	11558	0.00385954
11557	11558	0.00385954
5397	11559	0.00385189
11558	11559	0.00385189
1793	11560	0.00384238
11559	11560	0.00384238
9139	11561	0.00383572
11560	11561	0.00383572
987	11562	0.00380894
11561	11562	0.00380894
11562	11563	0.0038061
1211	11563	0.0038061
4458	11564	0.00379466
11563	11564	0.00379466
1756	11565	0.00379367
11564	11565	0.00379367
4260	11566	0.00377083
11565	11566	0.00377083
5595	11567	0.00375173
11566	11567	0.00375173
11567	11568	0.00374701
9058	11568	0.00374701
9098	11569	0.0037365
11568	11569	0.0037365
11569	11570	0.00373363
1622	11570	0.00373363
5915	11570	0.00373363
6388	11571	0.00373271
11570	11571	0.00373271
5289	11572	0.00372886
8904	11572	0.00372886
11571	11572	0.00372886
808	11573	0.00372791
11572	11573	0.00372791
4444	11574	0.00372317
11573	11574	0.00372317
5067	11575	0.00371359
11574	11575	0.00371359
5204	11576	0.0037031
11575	11576	0.0037031
635	11577	0.00369737
11576	11577	0.00369737
2870	11577	0.00369737
11577	11578	0.00368879
9039	11578	0.00368879
11578	11579	0.00367641
2445	11579	0.00367641
11579	11580	0.00366687
11487	11580	0.00366687
11580	11581	0.00365541
2700	11581	0.00365541
661	11582	0.00364303
11581	11582	0.00364303
1097	11583	0.00363835
11582	11583	0.00363835
3519	11584	0.00363542
11583	11584	0.00363542
11584	11585	0.00363063
556	11585	0.00363063
402	11586	0.00362396
11585	11586	0.00362396
11586	11587	0.00361627
6254	11587	0.00361627
5333	11588	0.00361538
11587	11588	0.00361538
759	11589	0.00622843
575	11589	0.00622843
809	11590	0.00520228
3231	11590	0.00520228
11590	11591	0.00418378
3077	11591	0.00418378
5090	11592	0.00228976
6214	11592	0.00228976
5881	11593	0.00169561
63	11593	0.00169561
326	11594	0.00139616
10873	11594	0.00139616
2778	11595	0.00137234
5748	11595	0.00137234
11595	11596	0.00128556
4978	11596	0.00128556
1165	11597	0.00221442
5875	11597	0.00221442
3090	11598	0.00231265
5672	11598	0.00231265
397	11599	0.00267696
1141	11599	0.00267696
4951	11600	0.00262453
5117	11600	0.00262453
11600	11601	0.00244331
5843	11601	0.00244331
3966	11602	0.00323295
5036	11602	0.00323295
3167	11603	0.00314808
604	11603	0.00314808
4165	11604	0.00293162
4984	11604	0.00293162
2883	11605	0.0036125
11588	11605	0.0036125
6233	11606	0.00361061
11605	11606	0.00361061
2657	11607	0.00360965
11606	11607	0.00360965
10865	11608	0.00360013
11607	11608	0.00360013
11608	11609	0.0035991
2923	11609	0.0035991
6330	11610	0.00359436
11609	11610	0.00359436
11610	11611	0.00358779
1365	11611	0.00358779
3169	11612	0.00355909
2970	11612	0.00355909
11611	11612	0.00355909
826	11613	0.00353717
11612	11613	0.00353717
1058	11614	0.00353054
11613	11614	0.00353054
3623	11615	0.00352574
3575	11615	0.00352574
11614	11615	0.00352574
3494	11616	0.00351906
11615	11616	0.00351906
3448	11617	0.00351525
11616	11617	0.00351525
2614	11618	0.00349999
11617	11618	0.00349999
2341	11619	0.00349046
11618	11619	0.00349046
1705	11620	0.00348759
11619	11620	0.00348759
9153	11621	0.00348661
11620	11621	0.00348661
5447	11622	0.00348095
11621	11622	0.00348095
6191	11623	0.00346943
11622	11623	0.00346943
11623	11624	0.0034657
6298	11624	0.0034657
11624	11625	0.0034647
5606	11625	0.0034647
4354	11626	0.00346087
11625	11626	0.00346087
838	11627	0.00343991
11626	11627	0.00343991
10872	11628	0.00343705
2352	11628	0.00343705
11627	11628	0.00343705
1670	11629	0.00342087
11628	11629	0.00342087
11629	11630	0.00341034
2822	11630	0.00341034
1373	11631	0.00340366
11630	11631	0.00340366
11631	11632	0.00339603
3629	11632	0.00339603
5764	11633	0.00339414
11632	11633	0.00339414
280	11634	0.00339124
11633	11634	0.00339124
11634	11635	0.0033884
5256	11635	0.0033884
11635	11636	0.00338268
8983	11636	0.00338268
4156	11636	0.00338268
832	11637	0.00337697
11636	11637	0.00337697
4555	11638	0.00337024
11637	11638	0.00337024
2246	11639	0.00336838
11638	11639	0.00336838
11639	11640	0.00336361
2669	11640	0.00336361
6096	11641	0.00336168
11640	11641	0.00336168
5786	11642	0.0033598
11641	11642	0.0033598
11642	11643	0.00335599
4569	11643	0.00335599
11643	11644	0.00334354
4672	11644	0.00334354
10863	11645	0.00333119
11644	11645	0.00333119
11645	11646	0.00332641
1653	11646	0.00332641
11646	11647	0.0033245
11591	11647	0.0033245
47	11648	0.00332359
11647	11648	0.00332359
5757	11649	0.00331974
11648	11649	0.00331974
10877	11650	0.00331778
11649	11650	0.00331778
5305	11651	0.00331401
11650	11651	0.00331401
2462	11651	0.00331401
2884	11652	0.00331306
11651	11652	0.00331306
5959	11653	0.00331211
2623	11653	0.00331211
11652	11653	0.00331211
5661	11654	0.00330734
11653	11654	0.00330734
1347	11655	0.00328542
11654	11655	0.00328542
2857	11656	0.00328067
11655	11656	0.00328067
4761	11657	0.00327301
11656	11657	0.00327301
470	11658	0.00325678
11657	11658	0.00325678
11658	11659	0.00324346
2151	11659	0.00324346
11659	11660	0.00323775
425	11660	0.00323775
1003	11661	0.00321581
2808	11661	0.00321581
11660	11661	0.00321581
4237	11662	0.00321197
11661	11662	0.00321197
381	11663	0.00320625
11662	11663	0.00320625
4141	11664	0.00320528
11663	11664	0.00320528
2244	11665	0.00320052
781	11665	0.00320052
11664	11665	0.00320052
4320	11666	0.00319383
11665	11666	0.00319383
3260	11667	0.00318909
11666	11667	0.00318909
4410	11668	0.00318242
11667	11668	0.00318242
6344	11669	0.00317863
11668	11669	0.00317863
9050	11670	0.00317476
11669	11670	0.00317476
10868	11671	0.00316525
11670	11671	0.00316525
1307	11672	0.00315953
11671	11672	0.00315953
11672	11673	0.00315478
1711	11673	0.00315478
1329	11674	0.00315285
11673	11674	0.00315285
11674	11675	0.00314906
4079	11675	0.00314906
11675	11676	0.00314525
2550	11676	0.00314525
4505	11677	0.00312136
11676	11677	0.00312136
2171	11678	0.00311084
11677	11678	0.00311084
11678	11679	0.00309182
720	11679	0.00309182
4071	11680	0.00307465
11679	11680	0.00307465
11680	11681	0.00306796
3904	11681	0.00306796
2603	11682	0.00306322
11681	11682	0.00306322
160	11683	0.00306131
9052	11683	0.00306131
11682	11683	0.00306131
3489	11684	0.00305759
11683	11684	0.00305759
3309	11685	0.00305462
5203	11685	0.00305462
11684	11685	0.00305462
3960	11686	0.00304124
11685	11686	0.00304124
10876	11687	0.00302888
11686	11687	0.00302888
5874	11688	0.00302596
11687	11688	0.00302596
2014	11689	0.00302508
11688	11689	0.00302508
4516	11690	0.00302314
11689	11690	0.00302314
6111	11691	0.00301075
11690	11691	0.00301075
394	11692	0.00298307
11691	11692	0.00298307
3932	11693	0.00298121
11692	11693	0.00298121
6083	11694	0.00297172
11693	11694	0.00297172
2789	11695	0.00295348
11694	11695	0.00295348
10878	11696	0.00294209
11695	11696	0.00294209
2833	11697	0.00294113
11696	11697	0.00294113
2872	11698	0.00294026
11697	11698	0.00294026
4383	11699	0.00293733
11698	11699	0.00293733
1656	11700	0.00291634
11699	11700	0.00291634
4953	11701	0.00291252
1900	11701	0.00291252
11700	11701	0.00291252
2950	11701	0.00291252
6006	11702	0.00290393
11701	11702	0.00290393
4637	11703	0.00288678
11702	11703	0.00288678
3238	11704	0.00287532
11703	11704	0.00287532
9090	11705	0.00287154
11704	11705	0.00287154
11705	11706	0.00286481
979	11706	0.00286481
1254	11707	0.00285338
11706	11707	0.00285338
11707	11708	0.0028268
3954	11708	0.0028268
3168	11709	0.0028162
11708	11709	0.0028162
9128	11710	0.00281144
11709	11710	0.00281144
5372	11711	0.00280951
11710	11711	0.00280951
2279	11712	0.00279714
11711	11712	0.00279714
4923	11713	0.00278951
11712	11713	0.00278951
11713	11714	0.00278284
2292	11714	0.00278284
4523	11715	0.00323676
11589	11715	0.00323676
11715	11716	0.00301839
1369	11716	0.00301839
4065	11717	0.00277806
11714	11717	0.00277806
11604	11718	0.00277707
11717	11718	0.00277707
9144	11719	0.00277232
11718	11719	0.00277232
2949	11720	0.00275995
11719	11720	0.00275995
2459	11721	0.00275899
11720	11721	0.00275899
9131	11722	0.00275232
11721	11722	0.00275232
2377	11723	0.00271798
11722	11723	0.00271798
1918	11724	0.00271702
11723	11724	0.00271702
370	11725	0.00270177
11724	11725	0.00270177
4460	11726	0.00269795
11725	11726	0.00269795
5301	11727	0.00269701
11726	11727	0.00269701
2939	11727	0.00269701
3350	11728	0.00267981
11727	11728	0.00267981
3411	11729	0.00267887
11728	11729	0.00267887
4258	11730	0.00267696
11729	11730	0.00267696
3651	11731	0.002676
11730	11731	0.002676
5236	11732	0.00266647
3970	11732	0.00266647
11731	11732	0.00266647
3688	11733	0.00265786
11732	11733	0.00265786
8847	11734	0.00265694
6243	11734	0.00265694
11733	11734	0.00265694
3006	11735	0.00265311
11734	11735	0.00265311
3402	11736	0.00264452
11735	11736	0.00264452
2378	11737	0.00262736
11736	11737	0.00262736
4567	11738	0.00262355
11737	11738	0.00262355
868	11739	0.00262072
11738	11739	0.00262072
10864	11740	0.00261689
2248	11740	0.00261689
11739	11740	0.00261689
6057	11741	0.00259495
11740	11741	0.00259495
5858	11742	0.00258919
11741	11742	0.00258919
4874	11743	0.0025768
11742	11743	0.0025768
1555	11744	0.00256917
11743	11744	0.00256917
11744	11745	0.00256443
117	11745	0.00256443
3730	11746	0.00255871
11745	11746	0.00255871
630	11747	0.00255393
11746	11747	0.00255393
11747	11748	0.002553
216	11748	0.002553
5327	11749	0.00254726
11748	11749	0.00254726
5796	11750	0.00253392
11749	11750	0.00253392
11750	11751	0.00253295
5298	11751	0.00253295
942	11752	0.00252726
11751	11752	0.00252726
11752	11753	0.00252151
3705	11753	0.00252151
6134	11754	0.00251961
5260	11754	0.00251961
11753	11754	0.00251961
1242	11755	0.00251389
11754	11755	0.00251389
1982	11756	0.00249294
11755	11756	0.00249294
9107	11757	0.002491
4857	11757	0.002491
5778	11757	0.002491
11756	11757	0.002491
2530	11758	0.00248527
11757	11758	0.00248527
9044	11759	0.00247957
11758	11759	0.00247957
1643	11760	0.00246239
11759	11760	0.00246239
3078	11761	0.00244237
11760	11761	0.00244237
11761	11762	0.0024414
3336	11762	0.0024414
5726	11763	0.00243951
11762	11763	0.00243951
1402	11764	0.0024319
1098	11764	0.0024319
11763	11764	0.0024319
60	11765	0.00242901
11764	11765	0.00242901
933	11766	0.00241947
1078	11766	0.00241947
11765	11766	0.00241947
5474	11767	0.00240994
11766	11767	0.00240994
5864	11768	0.00239945
5278	11768	0.00239945
5966	11768	0.00239945
4864	11768	0.00239945
11767	11768	0.00239945
2549	11769	0.00239182
11768	11769	0.00239182
2439	11770	0.00238896
11769	11770	0.00238896
5980	11771	0.00238225
11770	11771	0.00238225
11771	11772	0.0023632
8921	11772	0.0023632
3887	11773	0.00235558
11772	11773	0.00235558
1490	11774	0.00235366
11773	11774	0.00235366
385	11775	0.00234508
11774	11775	0.00234508
5603	11776	0.00233177
11775	11776	0.00233177
791	11777	0.00232411
11776	11777	0.00232411
4213	11777	0.00232411
1665	11778	0.00232029
11777	11778	0.00232029
2572	11779	0.00230978
11778	11779	0.00230978
11779	11780	0.00230786
11716	11780	0.00230786
11603	11781	0.00230314
11780	11781	0.00230314
2601	11782	0.00230215
11781	11782	0.00230215
3384	11783	0.00229931
11782	11783	0.00229931
1492	11784	0.002285
11783	11784	0.002285
5763	11785	0.00228312
11784	11785	0.00228312
1013	11786	0.00228119
11785	11786	0.00228119
5787	11787	0.00227165
11786	11787	0.00227165
3759	11788	0.00226498
11787	11788	0.00226498
6108	11789	0.00225258
11788	11789	0.00225258
10851	11790	0.00225164
4911	11790	0.00225164
11789	11790	0.00225164
11790	11791	0.00224304
3877	11791	0.00224304
5677	11792	0.00223733
11791	11792	0.00223733
1319	11793	0.00221634
11792	11793	0.00221634
9143	11794	0.00220204
11793	11794	0.00220204
6186	11795	0.00219441
11794	11795	0.00219441
4743	11796	0.00218105
11795	11796	0.00218105
5368	11797	0.00216197
11796	11797	0.00216197
11797	11798	0.0021515
2676	11798	0.0021515
505	11799	0.00214959
11798	11799	0.00214959
6517	11800	0.00180626
11598	11800	0.00180626
5435	11801	0.00184821
455	11801	0.00184821
11601	11802	0.00201226
2276	11802	0.00201226
11802	11803	0.00199698
4980	11803	0.00199698
11597	11804	0.00205805
5349	11804	0.00205805
656	11805	0.00214292
11799	11805	0.00214292
2961	11806	0.00213434
11805	11806	0.00213434
4113	11807	0.00213337
11806	11807	0.00213337
5381	11808	0.00212764
11807	11808	0.00212764
2317	11809	0.00212573
11808	11809	0.00212573
1843	11810	0.00212288
11809	11810	0.00212288
83	11811	0.00212194
5037	11811	0.00212194
11810	11811	0.00212194
5192	11812	0.00209332
11811	11812	0.00209332
3193	11813	0.00209046
11812	11813	0.00209046
9124	11813	0.00209046
11813	11814	0.00207997
4938	11814	0.00207997
5178	11815	0.00206183
11814	11815	0.00206183
1568	11816	0.00205517
11815	11816	0.00205517
293	11817	0.00205421
11816	11817	0.00205421
6319	11818	0.0020504
11817	11818	0.0020504
11818	11819	0.00204468
132	11819	0.00204468
250	11820	0.00204278
11819	11820	0.00204278
9118	11821	0.00203801
11820	11821	0.00203801
3381	11822	0.00202083
11821	11822	0.00202083
1998	11823	0.00201034
5567	11823	0.00201034
5613	11823	0.00201034
11822	11823	0.00201034
4377	11824	0.00200844
11823	11824	0.00200844
2322	11825	0.00200272
11824	11825	0.00200272
2779	11826	0.00199698
11825	11826	0.00199698
739	11827	0.00198651
11826	11827	0.00198651
2254	11828	0.00197411
5546	11828	0.00197411
11827	11828	0.00197411
5698	11829	0.00196746
11828	11829	0.00196746
6093	11830	0.00196362
11829	11830	0.00196362
5253	11831	0.00195885
11830	11831	0.00195885
3329	11832	0.00195218
11831	11832	0.00195218
5927	11833	0.00193405
11832	11833	0.00193405
3984	11834	0.0019331
11833	11834	0.0019331
11804	11835	0.00193024
1618	11835	0.00193024
1427	11835	0.00193024
11834	11835	0.00193024
6487	11836	0.00192834
11835	11836	0.00192834
3915	11837	0.00192165
11836	11837	0.00192165
11803	11838	0.00182723
5680	11838	0.00182723
6375	11839	0.00190927
11837	11839	0.00190927
6228	11840	0.0019083
11839	11840	0.0019083
4612	11841	0.00190449
11840	11841	0.00190449
4928	11842	0.00189304
11841	11842	0.00189304
9103	11843	0.00187588
11842	11843	0.00187588
5251	11844	0.0018692
11843	11844	0.0018692
2185	11845	0.0018654
11844	11845	0.0018654
2653	11845	0.0018654
729	11846	0.00186251
11845	11846	0.00186251
2355	11847	0.00186062
11846	11847	0.00186062
4628	11848	0.00185967
11847	11848	0.00185967
1327	11849	0.00185681
5001	11849	0.00185681
11848	11849	0.00185681
5246	11850	0.00185203
11849	11850	0.00185203
799	11851	0.00183105
11850	11851	0.00183105
11851	11852	0.00182629
5515	11852	0.00182629
5134	11853	0.00182343
1091	11853	0.00182343
2953	11853	0.00182343
11852	11853	0.00182343
760	11854	0.00182248
11853	11854	0.00182248
5689	11855	0.00182056
11854	11855	0.00182056
3487	11856	0.0018196
11855	11856	0.0018196
5364	11857	0.00181674
10874	11857	0.00181674
11856	11857	0.00181674
11838	11858	0.00181485
5617	11858	0.00181485
1853	11858	0.00181485
2287	11858	0.00181485
2301	11858	0.00181485
2360	11858	0.00181485
3104	11858	0.00181485
3153	11858	0.00181485
3202	11858	0.00181485
3729	11858	0.00181485
3766	11858	0.00181485
4254	11858	0.00181485
4619	11858	0.00181485
4684	11858	0.00181485
4840	11858	0.00181485
4869	11858	0.00181485
4954	11858	0.00181485
4968	11858	0.00181485
5017	11858	0.00181485
5206	11858	0.00181485
5290	11858	0.00181485
5326	11858	0.00181485
5351	11858	0.00181485
5365	11858	0.00181485
5393	11858	0.00181485
5468	11858	0.00181485
5478	11858	0.00181485
5535	11858	0.00181485
5549	11858	0.00181485
5561	11858	0.00181485
5566	11858	0.00181485
5598	11858	0.00181485
5610	11858	0.00181485
5611	11858	0.00181485
5616	11858	0.00181485
5635	11858	0.00181485
5701	11858	0.00181485
5710	11858	0.00181485
5714	11858	0.00181485
5717	11858	0.00181485
5839	11858	0.00181485
5972	11858	0.00181485
5974	11858	0.00181485
6059	11858	0.00181485
6150	11858	0.00181485
6187	11858	0.00181485
6192	11858	0.00181485
6197	11858	0.00181485
11857	11858	0.00181485
8940	11859	0.00181006
11858	11859	0.00181006
1430	11860	0.00180816
11859	11860	0.00180816
5697	11861	0.00180721
11860	11861	0.00180721
6231	11862	0.00178719
11861	11862	0.00178719
2829	11863	0.00177479
5144	11863	0.00177479
11862	11863	0.00177479
11863	11864	0.00176429
3301	11864	0.00176429
2921	11864	0.00176429
6095	11865	0.00176049
11864	11865	0.00176049
5654	11866	0.00175763
11865	11866	0.00175763
8984	11867	0.00174332
11866	11867	0.00174332
9043	11868	0.00173855
11867	11868	0.00173855
709	11869	0.00173377
11868	11869	0.00173377
4207	11870	0.00171949
11869	11870	0.00171949
2291	11871	0.00171757
11870	11871	0.00171757
2408	11872	0.00171566
11871	11872	0.00171566
10870	11873	0.00171279
11872	11873	0.00171279
2876	11874	0.00170994
11873	11874	0.00170994
5026	11875	0.00170707
11874	11875	0.00170707
5414	11876	0.00169849
11875	11876	0.00169849
4058	11877	0.00169561
11876	11877	0.00169561
3841	11878	0.00169277
11877	11878	0.00169277
2621	11879	0.00167751
4538	11879	0.00167751
11878	11879	0.00167751
6030	11880	0.00167562
11879	11880	0.00167562
3455	11881	0.00166702
11880	11881	0.00166702
4758	11882	0.00166607
11881	11882	0.00166607
11882	11883	0.00165844
4318	11883	0.00165844
1911	11884	0.00163555
11883	11884	0.00163555
4986	11885	0.00163269
11884	11885	0.00163269
10861	11886	0.00162983
11885	11886	0.00162983
3182	11887	0.00162697
11886	11887	0.00162697
1189	11888	0.00162411
11887	11888	0.00162411
2068	11889	0.00161457
11888	11889	0.00161457
2042	11890	0.00161075
3980	11890	0.00161075
11889	11890	0.00161075
4290	11891	0.00160598
1833	11891	0.00160598
11890	11891	0.00160598
11599	11892	0.00160027
11891	11892	0.00160027
11801	11893	0.00159168
2526	11893	0.00159168
11602	11893	0.00159168
3306	11893	0.00159168
3694	11893	0.00159168
11892	11893	0.00159168
2357	11894	0.00157452
11893	11894	0.00157452
13	11895	0.00156784
1443	11895	0.00156784
11894	11895	0.00156784
2609	11896	0.00155735
11895	11896	0.00155735
5501	11897	0.00155258
11896	11897	0.00155258
5563	11898	0.00154877
11897	11898	0.00154877
11800	11899	0.00154209
2729	11899	0.00154209
11898	11899	0.00154209
5895	11900	0.00153256
11899	11900	0.00153256
3026	11901	0.00152016
11900	11901	0.00152016
4683	11902	0.0015192
11901	11902	0.0015192
5978	11903	0.00150776
11902	11903	0.00150776
4481	11904	0.0015049
11903	11904	0.0015049
871	11905	0.00148392
11904	11905	0.00148392
2666	11906	0.001482
11905	11906	0.001482
4102	11907	0.00147533
11906	11907	0.00147533
2658	11908	0.00146771
3905	11908	0.00146771
11907	11908	0.00146771
2160	11909	0.00145626
11908	11909	0.00145626
5285	11910	0.00144959
11909	11910	0.00144959
3208	11911	0.00144862
11910	11911	0.00144862
4504	11912	0.00143051
11911	11912	0.00143051
1470	11913	0.00142002
11912	11913	0.00142002
3421	11914	0.00140858
11913	11914	0.00140858
3574	11915	0.00139616
11914	11915	0.00139616
591	11916	0.00138094
11915	11916	0.00138094
5835	11917	0.00136185
11916	11917	0.00136185
1354	11918	0.00135708
11917	11918	0.00135708
211	11919	0.00135422
11918	11919	0.00135422
4135	11920	0.0013485
11919	11920	0.0013485
3695	11921	0.00133801
11920	11921	0.00133801
4184	11922	0.00132655
6009	11922	0.00132655
11921	11922	0.00132655
1569	11923	0.00131225
11922	11923	0.00131225
9122	11924	0.00129986
11923	11924	0.00129986
5283	11925	0.00129795
11924	11925	0.00129795
1159	11926	0.00129223
11925	11926	0.00129223
4699	11927	0.00128746
11926	11927	0.00128746
5302	11928	0.00127506
11927	11928	0.00127506
3192	11929	0.00117588
4304	11929	0.00117588
2719	11930	0.000975609
226	11930	0.000975609
11930	11931	0.0008831
2625	11931	0.0008831
1082	11932	0.00126934
3797	11932	0.00126934
2433	11933	0.00126552
11928	11933	0.00126552
11932	11934	0.00125885
11933	11934	0.00125885
2516	11935	0.0012579
11934	11935	0.0012579
308	11936	0.00124931
11935	11936	0.00124931
1916	11937	0.00124359
11936	11937	0.00124359
4158	11938	0.00123882
11937	11938	0.00123882
4286	11939	0.00123501
11938	11939	0.00123501
5464	11940	0.0012331
11939	11940	0.0012331
8727	11941	0.0012207
11940	11941	0.0012207
2514	11942	0.00121784
11941	11942	0.00121784
5866	11943	0.00120735
11942	11943	0.00120735
10875	11944	0.001194
11943	11944	0.001194
85	11945	0.00117683
11944	11945	0.00117683
3399	11946	0.00117493
11945	11946	0.00117493
3353	11947	0.00117397
11946	11947	0.00117397
5996	11948	0.00117302
11947	11948	0.00117302
3369	11949	0.00116729
11948	11949	0.00116729
3254	11950	0.00115777
11949	11950	0.00115777
2105	11951	0.00115585
11950	11951	0.00115585
3691	11952	0.00115108
11951	11952	0.00115108
4974	11953	0.00113964
11952	11953	0.00113964
2075	11954	0.00112152
11953	11954	0.00112152
6162	11955	0.00111198
11954	11955	0.00111198
100	11956	0.00110912
11955	11956	0.00110912
11592	11957	0.00110817
11956	11957	0.00110817
4833	11958	0.0011034
11957	11958	0.0011034
6255	11959	0.00108623
11958	11959	0.00108623
4093	11960	0.00108051
11959	11960	0.00108051
8725	11961	0.00107479
11960	11961	0.00107479
2930	11962	0.00106525
11961	11962	0.00106525
4364	11963	0.00105667
11962	11963	0.00105667
4368	11964	0.00105572
11963	11964	0.00105572
11596	11965	0.00104904
11964	11965	0.00104904
5580	11966	0.00103569
5536	11966	0.00103569
11965	11966	0.00103569
3354	11967	0.00102138
11966	11967	0.00102138
4908	11968	0.00101662
11967	11968	0.00101662
3642	11969	0.00101566
11968	11969	0.00101566
5303	11970	0.00101185
11969	11970	0.00101185
5607	11971	0.00100231
11970	11971	0.00100231
4222	11972	0.0009985
11971	11972	0.0009985
5650	11973	0.000997544
11972	11973	0.000997544
3689	11974	0.000996593
11973	11974	0.000996593
1168	11975	0.000991822
11974	11975	0.000991822
5623	11976	0.000988004
11975	11976	0.000988004
337	11977	0.000987053
11976	11977	0.000987053
2612	11978	0.000985146
2437	11978	0.000985146
11977	11978	0.000985146
8746	11979	0.000974655
11978	11979	0.000974655
5735	11980	0.000967976
11979	11980	0.000967976
5033	11981	0.000958439
11980	11981	0.000958439
5771	11982	0.00095749
3696	11982	0.00095749
11981	11982	0.00095749
5436	11983	0.000955582
11982	11983	0.000955582
2161	11984	0.000952717
11983	11984	0.000952717
4682	11985	0.000951763
11984	11985	0.000951763
4259	11986	0.000948905
11985	11986	0.000948905
2353	11987	0.000936507
11986	11987	0.000936507
2379	11988	0.000926016
11987	11988	0.000926016
5885	11989	0.000922205
11988	11989	0.000922205
1149	11990	0.000913621
11989	11990	0.000913621
681	11991	0.00088501
11990	11991	0.00088501
3632	11992	0.000879288
11991	11992	0.000879288
11992	11993	0.000865936
3214	11993	0.000865936
4711	11994	0.000860216
11993	11994	0.000860216
3113	11995	0.000835419
11594	11995	0.000835419
11994	11995	0.000835419
390	11996	0.00081539
11995	11996	0.00081539
5371	11997	0.000808718
11996	11997	0.000808718
1181	11998	0.00079727
11997	11998	0.00079727
1273	11999	0.000796317
11998	11999	0.000796317
3177	12000	0.000795365
11999	12000	0.000795365
3464	12001	0.000782966
12000	12001	0.000782966
4658	12002	0.000773428
12001	12002	0.000773428
11931	12003	0.000772476
12002	12003	0.000772476
5740	12004	0.000759126
12003	12004	0.000759126
5863	12005	0.000755311
12004	12005	0.000755311
11929	12006	0.000751496
3342	12006	0.000751496
1640	12006	0.000751496
3981	12006	0.000751496
5263	12006	0.000751496
12005	12006	0.000751496
1689	12007	0.000750544
12006	12007	0.000750544
2702	12008	0.000749587
12007	12008	0.000749587
2444	12009	0.000738143
12008	12009	0.000738143
4187	12010	0.000736237
12009	12010	0.000736237
969	12011	0.00071812
12010	12011	0.00071812
517	12012	0.000712394
12011	12012	0.000712394
5853	12013	0.000709532
12012	12013	0.000709532
10871	12014	0.000700951
9126	12014	0.000700951
12013	12014	0.000700951
4115	12015	0.000697138
12014	12015	0.000697138
4204	12016	0.000696182
9077	12016	0.000696182
12015	12016	0.000696182
5080	12017	0.000690461
12016	12017	0.000690461
5939	12018	0.000684739
12017	12018	0.000684739
4945	12019	0.000680923
12018	12019	0.000680923
992	12020	0.000679016
12019	12020	0.000679016
4118	12021	0.000666618
12020	12021	0.000666618
3713	12022	0.000659943
12021	12022	0.000659943
962	12023	0.000648499
12022	12023	0.000648499
2624	12024	0.000647543
12023	12024	0.000647543
2807	12025	0.000644684
12024	12025	0.000644684
356	12026	0.000636101
12025	12026	0.000636101
3660	12027	0.000635147
12026	12027	0.000635147
2539	12028	0.000631333
5993	12028	0.000631333
2267	12028	0.000631333
3485	12028	0.000631333
5869	12028	0.000631333
6174	12028	0.000631333
12027	12028	0.000631333
3762	12029	0.00062847
12028	12029	0.00062847
5048	12030	0.000627518
12029	12030	0.000627518
1235	12031	0.000623701
12030	12031	0.000623701
5542	12032	0.000620844
12031	12032	0.000620844
5871	12033	0.000617982
12032	12033	0.000617982
5511	12034	0.000613213
12033	12034	0.000613213
4252	12035	0.000611304
12034	12035	0.000611304
4862	12036	0.000605584
12035	12036	0.000605584
5041	12037	0.000567436
12036	12037	0.000567436
3659	12038	0.000541687
12037	12038	0.000541687
242	12039	0.000539779
12038	12039	0.000539779
4502	12040	0.000538826
12039	12040	0.000538826
5342	12041	0.000525475
12040	12041	0.000525475
4944	12042	0.000519753
12041	12042	0.000519753
4584	12043	0.000507353
12042	12043	0.000507353
5384	12044	0.00049591
12043	12044	0.00049591
4688	12045	0.000494957
12044	12045	0.000494957
259	12046	0.000487328
12045	12046	0.000487328
4556	12047	0.000483513
1344	12047	0.000483513
12046	12047	0.000483513
5901	12048	0.000475883
12047	12048	0.000475883
1789	12049	0.000466346
12048	12049	0.000466346
4578	12050	0.000463486
12049	12050	0.000463486
6147	12051	0.000440598
12050	12051	0.000440598
618	12052	0.000439644
12051	12052	0.000439644
3206	12053	0.000436783
12052	12053	0.000436783
3513	12054	0.000430107
12053	12054	0.000430107
5459	12055	0.0004282
12054	12055	0.0004282
796	12056	0.000408171
12055	12056	0.000408171
10869	12057	0.000400543
12056	12057	0.000400543
282	12058	0.000393867
12057	12058	0.000393867
241	12059	0.000391006
12058	12059	0.000391006
5018	12060	0.000365258
12059	12060	0.000365258
4363	12061	0.000360489
12060	12061	0.000360489
3523	12062	0.00035572
12061	12062	0.00035572
4244	12063	0.000347137
12062	12063	0.000347137
6322	12064	0.000340461
224	12064	0.000340461
12063	12064	0.000340461
12064	12065	0.000317574
5942	12065	0.000317574
3039	12066	0.000309944
12065	12066	0.000309944
3189	12067	0.000300407
12066	12067	0.000300407
4544	12068	0.000284195
12067	12068	0.000284195
2457	12069	0.000281334
12068	12069	0.000281334
5083	12070	0.00026226
12069	12070	0.00026226
1351	12071	0.000261306
12070	12071	0.000261306
1958	12072	0.000256538
12071	12072	0.000256538
5224	12073	0.000249863
12072	12073	0.000249863
1857	12074	0.000246048
12073	12074	0.000246048
3992	12075	0.000228882
12074	12075	0.000228882
3512	12076	0.000206947
12075	12076	0.000206947
5332	12077	0.000198364
12076	12077	0.000198364
11593	12078	0.000185967
12077	12078	0.000185967
5152	12079	0.000185013
12078	12079	0.000185013
9141	12080	0.000183105
12079	12080	0.000183105
3587	12081	0.000182152
12080	12081	0.000182152
5716	12082	0.000180244
12081	12082	0.000180244
2580	12083	0.000133514
12082	12083	0.000133514