"","display.name","degree","betweenness","closeness","eigen_centrality","source"
"32","ESR1",88,4432.15627754392,0.00452488687782805,0.364215130938514,"STRING"
"105","PARP1",62,3778.77284827326,0.00115606936416185,0.331797620493479,"STRING"
"112","CDK4",61,714.608689921565,0.000542299349240781,0.300592718321279,"STRING"
"217","CDK6",42,1017.75329915559,0.000509164969450102,0.166991961858123,"STRING"
