1	5058	0.107589
3100	5058	0.107589
3059	5059	0.31443
92	5059	0.31443
5059	5060	0.085733
2424	5060	0.085733
3017	5061	0.0744519
5060	5061	0.0744519
538	5062	0.797761
2895	5062	0.797761
5062	5063	0.232402
3131	5063	0.232402
3985	5064	0.0501382
4052	5064	0.0501382
2349	5065	0.0485241
5064	5065	0.0485241
3782	5066	0.0716108
578	5066	0.0716108
5065	5067	0.0331117
5066	5067	0.0331117
1959	5067	0.0331117
5067	5068	0.0287095
4475	5068	0.0287095
5068	5069	0.0267059
1623	5069	0.0267059
3609	5070	0.0239384
5069	5070	0.0239384
3052	5071	0.0173697
5070	5071	0.0173697
3341	5072	0.0314077
3997	5072	0.0314077
648	5073	0.287592
893	5073	0.287592
5073	5074	0.143562
1073	5074	0.143562
4394	5075	0.0726363
4055	5075	0.0726363
5075	5076	0.0516093
1857	5076	0.0516093
5076	5077	0.0362775
3364	5077	0.0362775
3061	5078	0.0703041
3807	5078	0.0703041
3431	5079	0.15669
2672	5079	0.15669
3164	5080	0.0326846
55	5080	0.0326846
3889	5081	0.295778
3344	5081	0.295778
3411	5082	0.0210641
5081	5082	0.0210641
4304	5083	0.0217511
1288	5083	0.0217511
1854	5084	0.0255825
926	5084	0.0255825
783	5085	0.0383977
2274	5085	0.0383977
2648	5086	0.149379
4240	5086	0.149379
2730	5087	0.177558
347	5087	0.177558
2321	5088	0.0423507
5087	5088	0.0423507
2638	5089	0.0862899
4872	5089	0.0862899
4267	5090	0.055976
378	5090	0.055976
5089	5091	0.0302662
4086	5091	0.0302662
5090	5092	0.0302175
5091	5092	0.0302175
212	5093	0.0251325
3755	5093	0.0251325
810	5094	0.082854
662	5094	0.082854
5094	5095	0.0228398
817	5095	0.0228398
3416	5096	0.0220362
5095	5096	0.0220362
3523	5097	0.0215433
5096	5097	0.0215433
4960	5098	0.132181
4955	5098	0.132181
4843	5099	0.128013
5098	5099	0.128013
3182	5100	0.0265321
4664	5100	0.0265321
5100	5101	0.024683
1660	5101	0.024683
5101	5102	0.0178432
5099	5102	0.0178432
2189	5103	0.239687
4061	5103	0.239687
349	5104	0.254719
3977	5104	0.254719
373	5104	0.254719
1607	5105	0.0224791
1874	5105	0.0224791
2843	5106	0.0176194
5105	5106	0.0176194
4724	5107	0.187572
4975	5107	0.187572
5107	5108	0.1172
4474	5108	0.1172
5108	5109	0.058633
493	5109	0.058633
5109	5110	0.0557031
3774	5110	0.0557031
1551	5111	0.059983
2524	5111	0.059983
3588	5112	0.056858
5111	5112	0.056858
4296	5113	0.0213676
3378	5113	0.0213676
402	5114	0.124073
562	5114	0.124073
4459	5114	0.124073
1387	5115	0.130624
368	5115	0.130624
1072	5116	0.357336
806	5116	0.357336
5116	5117	0.172252
1955	5117	0.172252
983	5118	0.164667
5045	5118	0.164667
3417	5119	0.164898
614	5119	0.164898
4031	5120	0.103194
4505	5120	0.103194
5120	5121	0.0703075
2598	5121	0.0703075
2307	5122	0.0553605
5121	5122	0.0553605
5119	5123	0.0185866
5122	5123	0.0185866
2002	5124	0.0322095
3021	5124	0.0322095
3746	5125	0.021622
593	5125	0.021622
3000	5126	0.0384452
363	5126	0.0384452
2146	5127	0.0226964
3579	5127	0.0226964
3186	5128	0.0180444
4409	5128	0.0180444
1329	5129	0.0177844
5128	5129	0.0177844
210	5130	0.0181503
335	5130	0.0181503
5129	5131	0.0174091
5130	5131	0.0174091
647	5132	0.0172468
5131	5132	0.0172468
3152	5133	0.0813401
714	5133	0.0813401
2565	5134	0.0171444
5133	5134	0.0171444
2212	5135	0.0707399
224	5135	0.0707399
2443	5136	0.0270204
116	5136	0.0270204
3795	5137	0.0631537
2102	5137	0.0631537
3529	5138	0.0522591
5137	5138	0.0522591
4016	5139	0.14429
3534	5139	0.14429
5139	5140	0.0546949
2007	5140	0.0546949
4841	5141	0.0675339
1694	5141	0.0675339
4681	5142	0.0351944
3425	5142	0.0351944
4878	5143	0.032716
2851	5143	0.032716
1170	5144	0.145193
4987	5144	0.145193
4295	5145	0.0301489
198	5145	0.0301489
2587	5146	0.0613507
2898	5146	0.0613507
3459	5147	0.0257178
4634	5147	0.0257178
2370	5148	0.022951
5147	5148	0.022951
366	5149	0.0228529
5148	5149	0.0228529
2482	5150	0.0217832
2686	5150	0.0217832
5149	5151	0.0212128
5150	5151	0.0212128
2011	5152	0.0210238
5151	5152	0.0210238
1934	5153	0.021003
5152	5153	0.021003
1751	5154	0.0209827
5153	5154	0.0209827
3760	5155	0.0705453
5006	5155	0.0705453
1174	5156	0.0313881
109	5156	0.0313881
968	5157	0.0239802
2438	5157	0.0239802
5157	5158	0.020059
843	5158	0.020059
5156	5159	0.0190274
5158	5159	0.0190274
4683	5160	0.0184021
4711	5160	0.0184021
2562	5161	0.263626
4405	5161	0.263626
3480	5162	0.0244315
211	5162	0.0244315
5162	5163	0.0182073
4431	5163	0.0182073
4299	5164	0.0211142
3103	5164	0.0211142
2224	5165	0.266112
2937	5165	0.266112
5014	5166	0.050253
5165	5166	0.050253
4099	5167	0.0731204
2457	5167	0.0731204
4944	5168	0.0659312
5167	5168	0.0659312
3180	5169	0.0192947
698	5169	0.0192947
918	5170	0.0173076
5169	5170	0.0173076
180	5171	0.036549
432	5171	0.036549
787	5172	0.0359792
5171	5172	0.0359792
3018	5173	0.0741345
4447	5173	0.0741345
1199	5174	0.192568
1200	5174	0.192568
10	5175	0.101805
5174	5175	0.101805
5175	5176	0.0930704
122	5176	0.0930704
3399	5177	0.0226316
769	5177	0.0226316
3162	5178	0.0213118
5177	5178	0.0213118
1894	5179	0.0199379
5178	5179	0.0199379
571	5180	0.0174318
350	5180	0.0174318
1565	5181	0.0173559
5180	5181	0.0173559
1137	5182	0.0240224
1088	5182	0.0240224
4458	5183	0.0182687
5182	5183	0.0182687
5183	5184	0.0170019
98	5184	0.0170019
5046	5185	0.0965303
1770	5185	0.0965303
2642	5186	0.178741
1496	5186	0.178741
3402	5187	0.425311
1233	5187	0.425311
5187	5188	0.0780102
655	5188	0.0780102
1576	5189	0.156502
1699	5189	0.156502
2201	5190	0.154034
5189	5190	0.154034
933	5191	0.0290374
2713	5191	0.0290374
4297	5192	0.0267527
5191	5192	0.0267527
3196	5193	0.0255575
5192	5193	0.0255575
3484	5194	0.162815
3232	5194	0.162815
4946	5195	0.198624
3403	5195	0.198624
5194	5196	0.145649
2634	5196	0.145649
5196	5197	0.0196363
5195	5197	0.0196363
4048	5198	0.0510346
1509	5198	0.0510346
2976	5199	0.017058
3842	5199	0.017058
1820	5200	0.0777743
2662	5200	0.0777743
3004	5201	0.0514863
465	5201	0.0514863
4393	5202	0.0967926
1684	5202	0.0967926
1418	5203	0.0166536
5202	5203	0.0166536
4992	5204	0.0232899
3450	5204	0.0232899
2116	5205	0.0303112
1213	5205	0.0303112
4790	5206	0.0265181
2217	5206	0.0265181
4623	5207	0.0192141
4773	5207	0.0192141
3357	5208	0.0170534
5207	5208	0.0170534
4895	5209	0.338463
932	5209	0.338463
3031	5210	0.0733668
3153	5210	0.0733668
2553	5211	0.0421096
3771	5211	0.0421096
3259	5212	0.0167711
5211	5212	0.0167711
4251	5213	0.232101
2901	5213	0.232101
4	5214	0.183448
5213	5214	0.183448
5	5215	0.0693399
1393	5215	0.0693399
4752	5216	0.0806406
3914	5216	0.0806406
4250	5217	0.0784884
5216	5217	0.0784884
5217	5218	0.0744501
3619	5218	0.0744501
1855	5219	0.072341
5218	5219	0.072341
1545	5220	0.0697669
5219	5220	0.0697669
3568	5221	0.0696401
5220	5221	0.0696401
5221	5222	0.060317
419	5222	0.060317
5222	5223	0.0580092
644	5223	0.0580092
2529	5224	0.0520786
5223	5224	0.0520786
5224	5225	0.0484737
82	5225	0.0484737
5225	5226	0.0481447
3583	5226	0.0481447
5226	5227	0.0469387
3358	5227	0.0469387
1723	5228	0.172472
2154	5228	0.172472
1830	5229	0.160886
4398	5229	0.160886
5229	5230	0.148046
1099	5230	0.148046
5228	5231	0.145465
5230	5231	0.145465
5231	5232	0.138303
4143	5232	0.138303
4861	5233	0.135999
5232	5233	0.135999
2989	5234	0.0577889
5038	5234	0.0577889
5233	5235	0.0712094
7	5235	0.0712094
5235	5236	0.0546371
1828	5236	0.0546371
5236	5237	0.050553
3243	5237	0.050553
4563	5238	0.0686031
4997	5238	0.0686031
5237	5239	0.0503672
2092	5239	0.0503672
5234	5240	0.0449716
5239	5240	0.0449716
5238	5241	0.0461416
851	5241	0.0461416
5240	5242	0.0422339
5241	5242	0.0422339
3413	5243	0.0369102
3717	5243	0.0369102
5242	5244	0.0356554
5243	5244	0.0356554
1606	5244	0.0356554
4659	5245	0.400783
1642	5245	0.400783
1333	5246	0.0418228
521	5246	0.0418228
1626	5247	0.133428
942	5247	0.133428
1630	5248	0.132776
5247	5248	0.132776
4580	5249	0.0821371
26	5249	0.0821371
5249	5250	0.0694927
2218	5250	0.0694927
5248	5251	0.0688087
5250	5251	0.0688087
2770	5252	0.120293
632	5252	0.120293
3338	5253	0.0747943
1252	5253	0.0747943
5253	5254	0.0729029
399	5254	0.0729029
5252	5255	0.064054
5254	5255	0.064054
240	5256	0.0691623
2204	5256	0.0691623
1018	5257	0.123367
1670	5257	0.123367
799	5258	0.188847
427	5258	0.188847
927	5259	0.0866522
2448	5259	0.0866522
5259	5260	0.0726429
1424	5260	0.0726429
2469	5261	0.0669413
5260	5261	0.0669413
5261	5262	0.0632247
1255	5262	0.0632247
4780	5263	0.154049
3644	5263	0.154049
956	5264	0.0672767
4379	5264	0.0672767
3903	5265	0.253035
1465	5265	0.253035
5265	5266	0.0741907
2149	5266	0.0741907
5257	5267	0.0618638
5262	5267	0.0618638
1478	5268	0.0542523
5267	5268	0.0542523
694	5269	0.0559687
266	5269	0.0559687
2627	5270	0.0532218
5269	5270	0.0532218
5268	5271	0.0528559
5270	5271	0.0528559
5271	5272	0.0497846
540	5272	0.0497846
5272	5273	0.0464511
3253	5273	0.0464511
5263	5274	0.0577317
929	5274	0.0577317
707	5275	0.0559986
5274	5275	0.0559986
5275	5276	0.0468602
3311	5276	0.0468602
5251	5277	0.0624768
5266	5277	0.0624768
4144	5278	0.0614692
5277	5278	0.0614692
5278	5279	0.0469012
727	5279	0.0469012
1221	5280	0.048873
2497	5280	0.048873
5279	5281	0.0462753
5280	5281	0.0462753
5258	5282	0.0455944
5281	5282	0.0455944
5255	5283	0.0603019
1312	5283	0.0603019
5283	5284	0.0581942
203	5284	0.0581942
5284	5285	0.0581628
2175	5285	0.0581628
2769	5286	0.0577642
5285	5286	0.0577642
5286	5287	0.0556392
5256	5287	0.0556392
5287	5288	0.0550293
3043	5288	0.0550293
2351	5289	0.0548408
5288	5289	0.0548408
5289	5290	0.045713
1895	5290	0.045713
405	5291	0.0577438
2046	5291	0.0577438
711	5292	0.0498143
4968	5292	0.0498143
5292	5293	0.0440766
5291	5293	0.0440766
1275	5294	0.0427789
5293	5294	0.0427789
5273	5295	0.043046
5276	5295	0.043046
506	5296	0.0431975
5282	5296	0.0431975
5295	5297	0.0424539
5296	5297	0.0424539
4098	5298	0.0424208
5297	5298	0.0424208
5294	5299	0.0415285
5298	5299	0.0415285
5299	5300	0.0411722
2745	5300	0.0411722
5300	5301	0.0401308
1428	5301	0.0401308
2203	5302	0.0431738
5290	5302	0.0431738
5302	5303	0.0410319
1791	5303	0.0410319
5303	5304	0.0403737
4626	5304	0.0403737
1896	5305	0.0401867
3027	5305	0.0401867
1153	5306	0.0399898
5305	5306	0.0399898
3246	5307	0.038809
5301	5307	0.038809
5307	5308	0.0379895
1458	5308	0.0379895
2807	5309	0.0394079
5306	5309	0.0394079
5309	5310	0.0371165
1649	5310	0.0371165
5304	5311	0.0372618
4450	5311	0.0372618
5264	5312	0.0366131
5311	5312	0.0366131
577	5313	0.0368983
3470	5313	0.0368983
5310	5314	0.0362467
5312	5314	0.0362467
5314	5315	0.0360461
5313	5315	0.0360461
5315	5316	0.0349075
2838	5316	0.0349075
5308	5317	0.0347484
5316	5317	0.0347484
5317	5318	0.0344585
2752	5318	0.0344585
4001	5319	0.121595
2085	5319	0.121595
5319	5320	0.112082
191	5320	0.112082
5320	5321	0.0777087
3268	5321	0.0777087
3323	5322	0.0731908
5321	5322	0.0731908
3729	5323	0.125875
1423	5323	0.125875
5323	5324	0.0995957
3573	5324	0.0995957
5322	5325	0.0716195
959	5325	0.0716195
3291	5326	0.0669817
5325	5326	0.0669817
5326	5327	0.05391
4465	5327	0.05391
5327	5328	0.0499676
899	5328	0.0499676
3865	5329	0.0719573
5324	5329	0.0719573
5329	5330	0.0603949
921	5330	0.0603949
5330	5331	0.0591523
1503	5331	0.0591523
5328	5332	0.0474502
2208	5332	0.0474502
5332	5333	0.0463201
4923	5333	0.0463201
5333	5334	0.0439529
2406	5334	0.0439529
5334	5335	0.038682
4215	5335	0.038682
5331	5336	0.0373488
5335	5336	0.0373488
5336	5337	0.0365371
920	5337	0.0365371
249	5338	0.0361384
5337	5338	0.0361384
5338	5339	0.035714
376	5339	0.035714
1592	5340	0.0352373
8	5340	0.0352373
5339	5341	0.0347605
5340	5341	0.0347605
3151	5342	0.0728449
1969	5342	0.0728449
4395	5343	0.0644693
3255	5343	0.0644693
5342	5344	0.0636141
5343	5344	0.0636141
5344	5345	0.0602083
2841	5345	0.0602083
5345	5346	0.0584556
938	5346	0.0584556
5346	5347	0.0462207
865	5347	0.0462207
1392	5348	0.04162
5347	5348	0.04162
9	5349	0.036549
5348	5349	0.036549
4904	5350	0.03469
5349	5350	0.03469
2571	5351	0.0344792
5350	5351	0.0344792
2599	5352	0.0482265
1398	5352	0.0482265
20	5353	0.0481486
5352	5353	0.0481486
1194	5354	0.0450911
3247	5354	0.0450911
5353	5355	0.0429543
5354	5355	0.0429543
4853	5356	0.0573522
287	5356	0.0573522
5356	5357	0.0394169
3569	5357	0.0394169
23	5358	0.0686984
4313	5358	0.0686984
3522	5359	0.0388382
3908	5359	0.0388382
2163	5360	0.0525104
185	5360	0.0525104
5360	5361	0.0486605
895	5361	0.0486605
3355	5362	0.0469593
5361	5362	0.0469593
5362	5363	0.0354346
1071	5363	0.0354346
3766	5364	0.0398489
520	5364	0.0398489
3266	5365	0.102208
1654	5365	0.102208
5365	5366	0.0565546
4890	5366	0.0565546
4506	5367	0.0519989
5366	5367	0.0519989
3326	5368	0.0500604
5367	5368	0.0500604
5368	5369	0.0380754
4607	5369	0.0380754
4312	5370	0.0530858
3155	5370	0.0530858
1325	5371	0.286443
3621	5371	0.286443
5371	5372	0.286013
1674	5372	0.286013
5372	5373	0.191273
307	5373	0.191273
2220	5374	0.110944
4988	5374	0.110944
4500	5375	0.0917995
4739	5375	0.0917995
5374	5376	0.0839777
5375	5376	0.0839777
5376	5377	0.0715062
2835	5377	0.0715062
5373	5378	0.0864998
620	5378	0.0864998
5378	5379	0.0784646
4356	5379	0.0784646
5379	5380	0.0720765
2716	5380	0.0720765
5380	5381	0.0699575
2086	5381	0.0699575
5377	5382	0.0576568
5381	5382	0.0576568
5382	5383	0.057252
1162	5383	0.057252
4340	5384	0.0494688
5383	5384	0.0494688
5384	5385	0.0447135
4972	5385	0.0447135
2125	5386	0.0417344
1236	5386	0.0417344
356	5387	0.118586
4424	5387	0.118586
5387	5388	0.067347
1785	5388	0.067347
2121	5389	0.120687
1268	5389	0.120687
5389	5390	0.0814479
1738	5390	0.0814479
5390	5391	0.0601762
1867	5391	0.0601762
2119	5392	0.0526652
5391	5392	0.0526652
4782	5393	0.0501537
5392	5393	0.0501537
5393	5394	0.0486605
4548	5394	0.0486605
5394	5395	0.0462002
510	5395	0.0462002
2341	5395	0.0462002
1636	5396	0.0916564
4504	5396	0.0916564
3340	5397	0.0540671
1908	5397	0.0540671
1525	5398	0.0519512
5397	5398	0.0519512
5396	5399	0.0672983
4638	5399	0.0672983
5399	5400	0.0505136
1950	5400	0.0505136
5398	5401	0.0410253
5400	5401	0.0410253
3765	5402	0.0355216
5401	5402	0.0355216
2810	5403	0.082412
750	5403	0.082412
3732	5404	0.0802199
2903	5404	0.0802199
1126	5405	0.0798106
5404	5405	0.0798106
3228	5406	0.0764992
4106	5406	0.0764992
5403	5407	0.0763864
5405	5407	0.0763864
5407	5408	0.0755259
5406	5408	0.0755259
5408	5409	0.0546846
4367	5409	0.0546846
5409	5410	0.0517464
205	5410	0.0517464
2889	5411	0.0831898
2891	5411	0.0831898
5411	5412	0.0535072
2892	5412	0.0535072
3528	5413	0.0468358
5412	5413	0.0468358
4115	5414	0.0439837
904	5414	0.0439837
4733	5415	0.0409304
943	5415	0.0409304
5414	5416	0.0381409
5415	5416	0.0381409
4734	5417	0.0358248
5416	5417	0.0358248
2632	5418	0.0602942
1264	5418	0.0602942
5418	5419	0.0505815
4140	5419	0.0505815
5419	5420	0.0438256
1263	5420	0.0438256
5420	5421	0.0423554
1265	5421	0.0423554
592	5422	0.0401186
5421	5422	0.0401186
774	5423	0.0505926
4403	5423	0.0505926
3128	5424	0.044799
2348	5424	0.044799
3139	5425	0.0432444
3982	5425	0.0432444
5423	5426	0.0403453
5424	5426	0.0403453
2812	5427	0.0419076
5425	5427	0.0419076
5426	5428	0.0390848
5427	5428	0.0390848
5428	5429	0.03903
3516	5429	0.03903
5429	5430	0.0373379
1149	5430	0.0373379
5430	5431	0.0362063
4737	5431	0.0362063
1146	5432	0.151987
3603	5432	0.151987
4278	5433	0.14793
5432	5433	0.14793
1633	5434	0.0702712
4776	5434	0.0702712
5434	5435	0.0554971
993	5435	0.0554971
3947	5436	0.0522076
5435	5436	0.0522076
5433	5437	0.0391097
1655	5437	0.0391097
5436	5438	0.0384452
5437	5438	0.0384452
3988	5439	0.0570685
4542	5439	0.0570685
5439	5440	0.0360757
1036	5440	0.0360757
4064	5441	0.0394635
57	5441	0.0394635
3728	5442	0.0367823
5441	5442	0.0367823
4358	5443	0.035474
1469	5443	0.035474
5442	5443	0.035474
2793	5444	0.0585366
392	5444	0.0585366
3054	5445	0.0571065
5444	5445	0.0571065
69	5446	0.0564744
5445	5446	0.0564744
5446	5447	0.0514978
3244	5447	0.0514978
1227	5448	0.0697247
4743	5448	0.0697247
1935	5449	0.0429761
3389	5449	0.0429761
5448	5450	0.0403551
3091	5450	0.0403551
5450	5451	0.0366039
5449	5451	0.0366039
1348	5452	0.0491351
606	5452	0.0491351
1741	5453	0.0402575
4366	5453	0.0402575
5452	5454	0.0359399
5453	5454	0.0359399
3419	5455	0.0355137
5454	5455	0.0355137
2678	5456	0.0949502
3197	5456	0.0949502
1421	5457	0.166357
1228	5457	0.166357
1050	5458	0.125634
5457	5458	0.125634
4661	5459	0.113894
5458	5459	0.113894
5459	5460	0.104877
1775	5460	0.104877
5460	5461	0.0700152
676	5461	0.0700152
3651	5462	0.0611958
4153	5462	0.0611958
5461	5463	0.0590638
5462	5463	0.0590638
3847	5464	0.0532553
5456	5464	0.0532553
5464	5465	0.05012
2023	5465	0.05012
5465	5466	0.0483339
1572	5466	0.0483339
5466	5467	0.0477781
1597	5467	0.0477781
3965	5468	0.0457813
2798	5468	0.0457813
2399	5469	0.0470407
1331	5469	0.0470407
5463	5470	0.0449624
5469	5470	0.0449624
5467	5471	0.0446952
3756	5471	0.0446952
5471	5472	0.0446533
596	5472	0.0446533
5470	5473	0.0436775
1730	5473	0.0436775
5472	5474	0.039914
5473	5474	0.039914
5468	5475	0.0394584
5474	5475	0.0394584
1294	5476	0.036637
5475	5476	0.036637
3302	5477	0.0365249
5476	5477	0.0365249
5477	5478	0.0350814
4228	5478	0.0350814
3181	5479	0.0616972
1340	5479	0.0616972
5479	5480	0.0463313
1665	5480	0.0463313
5480	5481	0.0427
4150	5481	0.0427
1270	5482	0.0391178
1515	5482	0.0391178
5481	5483	0.0388077
5482	5483	0.0388077
5483	5484	0.0385191
3187	5484	0.0385191
5484	5485	0.0344
2585	5485	0.0344
4597	5486	0.0705921
3883	5486	0.0705921
5486	5487	0.0360392
1056	5487	0.0360392
87	5488	0.0543156
2421	5488	0.0543156
3359	5489	0.054406
2837	5489	0.054406
622	5490	0.0491188
5489	5490	0.0491188
1980	5491	0.0675509
4305	5491	0.0675509
2725	5492	0.0665241
5491	5492	0.0665241
1890	5493	0.0390708
1150	5493	0.0390708
1613	5494	0.0366636
5493	5494	0.0366636
5492	5495	0.0362654
5494	5495	0.0362654
4565	5496	0.0503763
1722	5496	0.0503763
5496	5497	0.0382055
4630	5497	0.0382055
4152	5498	0.0362418
5497	5498	0.0362418
1490	5499	0.0431041
3106	5499	0.0431041
4429	5500	0.04793
445	5500	0.04793
5500	5501	0.0401274
2758	5501	0.0401274
852	5502	0.0907247
3659	5502	0.0907247
5502	5503	0.086198
130	5503	0.086198
1882	5504	0.0782141
5503	5504	0.0782141
178	5505	0.0544018
4531	5505	0.0544018
1746	5506	0.0542317
5505	5506	0.0542317
2033	5507	0.106876
3815	5507	0.106876
131	5508	0.104369
5507	5508	0.104369
357	5509	0.178483
3395	5509	0.178483
5509	5510	0.141824
3220	5510	0.141824
5510	5511	0.125616
1366	5511	0.125616
3987	5512	0.116363
574	5512	0.116363
870	5513	0.113742
2935	5513	0.113742
1048	5514	0.176552
3633	5514	0.176552
5508	5515	0.0875883
3011	5515	0.0875883
5515	5516	0.0776262
4335	5516	0.0776262
261	5517	0.0771381
5516	5517	0.0771381
5517	5518	0.0676031
268	5518	0.0676031
5514	5519	0.0716341
2940	5519	0.0716341
5519	5520	0.0620775
1796	5520	0.0620775
5512	5521	0.0578415
5520	5521	0.0578415
5511	5522	0.0832215
813	5522	0.0832215
5513	5523	0.0790426
4422	5523	0.0790426
5521	5524	0.0556953
5522	5524	0.0556953
5518	5525	0.0510216
5524	5525	0.0510216
202	5526	0.0498673
5525	5526	0.0498673
5526	5527	0.0445899
4197	5527	0.0445899
5527	5528	0.0429775
2037	5528	0.0429775
5528	5529	0.0428822
971	5529	0.0428822
1337	5530	0.0427747
5529	5530	0.0427747
5523	5531	0.0416241
2934	5531	0.0416241
5530	5532	0.0382456
5531	5532	0.0382456
5532	5533	0.0348938
532	5533	0.0348938
5533	5534	0.034643
4873	5534	0.034643
5534	5535	0.0344792
3726	5535	0.0344792
4079	5536	0.0521739
132	5536	0.0521739
1142	5537	0.0901203
2014	5537	0.0901203
5537	5538	0.0346455
4852	5538	0.0346455
1224	5539	0.0667173
1789	5539	0.0667173
5539	5540	0.0490225
1790	5540	0.0490225
3720	5541	0.0428749
4604	5541	0.0428749
5541	5542	0.0406455
2755	5542	0.0406455
5540	5543	0.0365204
856	5543	0.0365204
5542	5544	0.036464
706	5544	0.036464
5543	5545	0.0359886
5544	5545	0.0359886
1999	5546	0.0747034
637	5546	0.0747034
3641	5547	0.175251
2420	5547	0.175251
138	5548	0.044868
1815	5548	0.044868
5546	5549	0.0442663
5548	5549	0.0442663
5547	5550	0.0416328
5549	5550	0.0416328
4058	5551	0.0377884
5550	5551	0.0377884
5551	5552	0.0348761
4910	5552	0.0348761
3541	5553	0.150379
2784	5553	0.150379
5553	5554	0.127262
4632	5554	0.127262
5554	5555	0.123106
2397	5555	0.123106
5555	5556	0.0926946
140	5556	0.0926946
4302	5557	0.0923365
1543	5557	0.0923365
3320	5558	0.0684723
1614	5558	0.0684723
847	5559	0.069072
5556	5559	0.069072
5559	5560	0.0671083
3878	5560	0.0671083
5560	5561	0.0666102
3697	5561	0.0666102
420	5562	0.0647689
5561	5562	0.0647689
5558	5563	0.0619941
5562	5563	0.0619941
5563	5564	0.0614743
2870	5564	0.0614743
5557	5565	0.0584592
5564	5565	0.0584592
5565	5566	0.0552746
3735	5566	0.0552746
3750	5567	0.0417283
1009	5567	0.0417283
182	5568	0.0410932
5567	5568	0.0410932
1286	5569	0.0646812
3468	5569	0.0646812
5569	5570	0.0369341
1868	5570	0.0369341
2122	5571	0.0464884
1516	5571	0.0464884
2325	5572	0.142968
169	5572	0.142968
5572	5573	0.109029
1685	5573	0.109029
5573	5574	0.042703
3545	5574	0.042703
5574	5575	0.0401355
894	5575	0.0401355
612	5576	0.0423598
2329	5576	0.0423598
2435	5577	0.0428513
3293	5577	0.0428513
4280	5578	0.0371277
181	5578	0.0371277
3214	5579	0.0353763
5578	5579	0.0353763
2463	5580	0.105368
190	5580	0.105368
5580	5581	0.0651905
2992	5581	0.0651905
3314	5582	0.0603994
5581	5582	0.0603994
1344	5583	0.0669015
4289	5583	0.0669015
1437	5584	0.0647031
5583	5584	0.0647031
5584	5585	0.0549977
961	5585	0.0549977
1417	5586	0.301944
4256	5586	0.301944
5586	5587	0.271335
2171	5587	0.271335
1083	5588	0.191066
2617	5588	0.191066
5588	5589	0.113803
1240	5589	0.113803
1749	5590	0.108535
5589	5590	0.108535
4951	5591	0.109563
3440	5591	0.109563
216	5592	0.0917386
2781	5592	0.0917386
1066	5593	0.104566
5590	5593	0.104566
5592	5594	0.0714869
1540	5594	0.0714869
5591	5595	0.070469
5594	5595	0.070469
5593	5596	0.0689619
5595	5596	0.0689619
2948	5597	0.0394254
5596	5597	0.0394254
1574	5598	0.0522179
788	5598	0.0522179
5598	5599	0.039154
879	5599	0.039154
3039	5600	0.0888106
298	5600	0.0888106
4453	5601	0.0876422
2952	5601	0.0876422
4343	5602	0.0813297
5601	5602	0.0813297
3149	5603	0.0792818
5602	5603	0.0792818
5600	5604	0.07255
5603	5604	0.07255
1118	5605	0.0666674
1383	5605	0.0666674
5604	5606	0.0619928
5605	5606	0.0619928
1212	5607	0.0567595
5606	5607	0.0567595
5607	5608	0.0516251
2123	5608	0.0516251
5608	5609	0.039292
227	5609	0.039292
4886	5610	0.0357753
1742	5610	0.0357753
5609	5611	0.0347682
5610	5611	0.0347682
230	5612	0.169525
2395	5612	0.169525
242	5613	0.0379855
3877	5613	0.0379855
3709	5614	0.0377321
248	5614	0.0377321
1799	5615	0.0354639
5614	5615	0.0354639
3808	5616	0.0354327
5615	5616	0.0354327
2912	5617	0.0346232
5616	5617	0.0346232
1141	5618	0.0343955
5617	5618	0.0343955
666	5619	0.0354052
3667	5619	0.0354052
255	5620	0.053198
333	5620	0.053198
256	5621	0.0545232
2244	5621	0.0545232
264	5622	0.112248
2645	5622	0.112248
372	5623	0.0720717
3721	5623	0.0720717
5623	5624	0.054459
269	5624	0.054459
2824	5625	0.0548865
1870	5625	0.0548865
2550	5626	0.0452866
2676	5626	0.0452866
2382	5627	0.0381895
5626	5627	0.0381895
2799	5628	0.0365139
5627	5628	0.0365139
5625	5629	0.0364243
5628	5629	0.0364243
1548	5630	0.0364193
5629	5630	0.0364193
5624	5631	0.0355527
5630	5631	0.0355527
417	5632	0.0348422
5631	5632	0.0348422
3447	5633	0.0640945
2739	5633	0.0640945
5633	5634	0.0492907
4147	5634	0.0492907
3398	5635	0.0402509
281	5635	0.0402509
1783	5636	0.0889458
3876	5636	0.0889458
882	5637	0.0698123
5636	5637	0.0698123
5637	5638	0.0671076
4266	5638	0.0671076
5638	5639	0.0631231
5029	5639	0.0631231
5639	5640	0.0501618
2700	5640	0.0501618
846	5641	0.0454743
890	5641	0.0454743
5640	5642	0.0453364
3509	5642	0.0453364
5641	5642	0.0453364
5642	5643	0.0399717
2839	5643	0.0399717
5643	5644	0.0396835
2077	5644	0.0396835
5644	5645	0.0377007
2200	5645	0.0377007
4420	5646	0.0649002
1519	5646	0.0649002
5646	5647	0.0645792
1249	5647	0.0645792
5647	5648	0.0481229
338	5648	0.0481229
2582	5649	0.0439085
2402	5649	0.0439085
5649	5650	0.0418415
3614	5650	0.0418415
5650	5651	0.0356082
2232	5651	0.0356082
5648	5652	0.0349753
5651	5652	0.0349753
3392	5653	0.0346204
5652	5653	0.0346204
2365	5654	0.0390308
305	5654	0.0390308
1361	5655	0.0966583
2317	5655	0.0966583
1508	5656	0.0917706
5655	5656	0.0917706
3645	5657	0.136678
4298	5657	0.136678
5656	5658	0.0618695
4513	5658	0.0618695
486	5659	0.0640604
4693	5659	0.0640604
2297	5660	0.0599673
5659	5660	0.0599673
5657	5661	0.0591364
1202	5661	0.0591364
5660	5662	0.0544281
5661	5662	0.0544281
5658	5663	0.0488993
2836	5663	0.0488993
3859	5664	0.0527122
5662	5664	0.0527122
5664	5665	0.0462028
306	5665	0.0462028
5665	5666	0.0445015
1299	5666	0.0445015
5663	5667	0.0425507
5666	5667	0.0425507
764	5668	0.0394593
5667	5668	0.0394593
3660	5669	0.188957
3629	5669	0.188957
5669	5670	0.142295
3661	5670	0.142295
313	5671	0.0436892
5670	5671	0.0436892
5671	5672	0.0384846
2209	5672	0.0384846
1853	5673	0.0371876
5672	5673	0.0371876
316	5674	0.0777499
3075	5674	0.0777499
5674	5675	0.0446441
1504	5675	0.0446441
4014	5676	0.044169
2289	5676	0.044169
326	5677	0.0349586
5676	5677	0.0349586
1450	5678	0.0372242
3872	5678	0.0372242
747	5679	0.148412
4324	5679	0.148412
5679	5680	0.047905
3319	5680	0.047905
5680	5681	0.0467873
2663	5681	0.0467873
5681	5682	0.0422268
3781	5682	0.0422268
5682	5683	0.0398042
563	5683	0.0398042
3571	5684	0.199676
2309	5684	0.199676
5032	5685	0.19879
5684	5685	0.19879
5685	5686	0.0968471
3111	5686	0.0968471
2863	5687	0.120333
3672	5687	0.120333
5687	5688	0.0856262
2913	5688	0.0856262
4078	5689	0.0495708
2430	5689	0.0495708
5688	5690	0.0386897
381	5690	0.0386897
5689	5691	0.0431684
930	5691	0.0431684
1197	5692	0.0393126
1840	5692	0.0393126
5691	5693	0.0354602
5692	5693	0.0354602
5690	5694	0.0349188
5693	5694	0.0349188
1941	5695	0.0765209
940	5695	0.0765209
3301	5696	0.0491344
4384	5696	0.0491344
4522	5697	0.0438719
5696	5697	0.0438719
2927	5698	0.0853739
3087	5698	0.0853739
1181	5699	0.0812848
5698	5699	0.0812848
5699	5700	0.0789817
3524	5700	0.0789817
5700	5701	0.0546985
3831	5701	0.0546985
2783	5702	0.0467284
1004	5702	0.0467284
5702	5703	0.040597
3881	5703	0.040597
5703	5704	0.0359607
365	5704	0.0359607
3209	5705	0.0520483
1027	5705	0.0520483
3639	5706	0.0546017
3852	5706	0.0546017
3830	5707	0.0442116
2809	5707	0.0442116
5706	5708	0.0441099
5707	5708	0.0441099
5708	5709	0.0423432
1544	5709	0.0423432
3442	5710	0.0379904
5709	5710	0.0379904
5705	5711	0.0370193
5710	5711	0.0370193
1724	5712	0.11495
3870	5712	0.11495
4817	5713	0.0421096
487	5713	0.0421096
5713	5714	0.0409722
896	5714	0.0409722
422	5715	0.115843
2237	5715	0.115843
4094	5716	0.10623
5715	5716	0.10623
1229	5717	0.0921219
5716	5717	0.0921219
3055	5718	0.0823622
5717	5718	0.0823622
4108	5719	0.0467632
3083	5719	0.0467632
5718	5720	0.044454
5719	5720	0.044454
5720	5721	0.0363551
1475	5721	0.0363551
394	5722	0.191328
2043	5722	0.191328
587	5723	0.166313
5722	5723	0.166313
5723	5724	0.046793
1769	5724	0.046793
4772	5725	0.0403407
3674	5725	0.0403407
5725	5726	0.0361138
2205	5726	0.0361138
1913	5727	0.126353
3420	5727	0.126353
5727	5728	0.0577623
2390	5728	0.0577623
4647	5729	0.045135
456	5729	0.045135
1502	5730	0.115262
2633	5730	0.115262
5730	5731	0.0781784
3296	5731	0.0781784
460	5732	0.0640793
5731	5732	0.0640793
5732	5733	0.0510854
4487	5733	0.0510854
5733	5734	0.0352673
4262	5734	0.0352673
4526	5735	0.0556727
4797	5735	0.0556727
4775	5736	0.0522766
2281	5736	0.0522766
5736	5737	0.0503819
485	5737	0.0503819
3023	5738	0.059514
498	5738	0.059514
503	5739	0.0473661
1102	5739	0.0473661
5739	5740	0.0445947
1103	5740	0.0445947
2041	5741	0.0417642
5740	5741	0.0417642
5741	5742	0.0401167
1183	5742	0.0401167
726	5743	0.0802648
1464	5743	0.0802648
507	5744	0.0466287
1427	5744	0.0466287
5743	5745	0.0450005
5744	5745	0.0450005
1272	5746	0.0449573
5745	5746	0.0449573
2531	5747	0.0663772
4435	5747	0.0663772
4863	5748	0.0583037
5747	5748	0.0583037
2821	5749	0.0647531
4854	5749	0.0647531
3962	5750	0.055207
5749	5750	0.055207
5750	5751	0.0513422
4892	5751	0.0513422
5748	5752	0.0380288
5751	5752	0.0380288
5752	5753	0.0355254
517	5753	0.0355254
4633	5754	0.102896
3640	5754	0.102896
5754	5755	0.0990389
2298	5755	0.0990389
5755	5756	0.0383572
4641	5756	0.0383572
2072	5757	0.0368499
5756	5757	0.0368499
3590	5758	0.0349764
5757	5758	0.0349764
2374	5759	0.194109
524	5759	0.194109
3820	5760	0.11943
5759	5760	0.11943
5760	5761	0.0563179
836	5761	0.0563179
5761	5762	0.0417207
4235	5762	0.0417207
5762	5763	0.0404828
3701	5763	0.0404828
530	5764	0.0450101
3032	5764	0.0450101
2578	5765	0.0370111
5764	5765	0.0370111
1715	5766	0.0369493
5765	5766	0.0369493
1825	5767	0.034755
5766	5767	0.034755
2738	5768	0.0658693
821	5768	0.0658693
5768	5769	0.0557847
543	5769	0.0557847
5769	5770	0.0475313
2608	5770	0.0475313
3222	5771	0.14503
2143	5771	0.14503
1805	5772	0.066127
545	5772	0.066127
5772	5773	0.062754
779	5773	0.062754
5771	5774	0.0552594
5773	5774	0.0552594
5774	5775	0.0478201
2636	5775	0.0478201
3430	5776	0.0483992
1554	5776	0.0483992
1414	5777	0.547927
3175	5777	0.547927
5777	5778	0.238181
4788	5778	0.238181
2423	5779	0.203909
5778	5779	0.203909
5779	5780	0.0653394
859	5780	0.0653394
2606	5781	0.0550017
2251	5781	0.0550017
5780	5782	0.05163
5781	5782	0.05163
2654	5783	0.265806
553	5783	0.265806
1792	5784	0.0726944
1463	5784	0.0726944
4677	5785	0.0501216
4218	5785	0.0501216
5785	5786	0.0407476
3593	5786	0.0407476
3652	5787	0.0362529
564	5787	0.0362529
5787	5788	0.0357329
4284	5788	0.0357329
2515	5789	0.0447289
2850	5789	0.0447289
2227	5790	0.044574
5789	5790	0.044574
5790	5791	0.0407936
3258	5791	0.0407936
2986	5792	0.0389469
604	5792	0.0389469
3240	5793	0.0479353
3432	5793	0.0479353
608	5794	0.0403737
3351	5794	0.0403737
621	5795	0.0364485
1956	5795	0.0364485
4789	5796	0.0359754
635	5796	0.0359754
656	5797	0.0523066
4918	5797	0.0523066
658	5798	0.0803538
3473	5798	0.0803538
5798	5799	0.0346938
3902	5799	0.0346938
4007	5800	0.076122
3367	5800	0.076122
4116	5801	0.135736
1313	5801	0.135736
5801	5802	0.0545754
3778	5802	0.0545754
2698	5803	0.0532556
5802	5803	0.0532556
5803	5804	0.0364485
687	5804	0.0364485
712	5805	0.123458
3586	5805	0.123458
723	5806	0.0735003
2651	5806	0.0735003
1307	5807	0.0490095
738	5807	0.0490095
772	5808	0.0992467
4720	5808	0.0992467
3692	5809	0.0888969
782	5809	0.0888969
3284	5810	0.0757296
825	5810	0.0757296
2776	5811	0.11983
790	5811	0.11983
5811	5812	0.0524002
3487	5812	0.0524002
3935	5813	0.0836329
2446	5813	0.0836329
3886	5814	0.0603843
5813	5814	0.0603843
5814	5815	0.0547515
1892	5815	0.0547515
5815	5816	0.0448283
1536	5816	0.0448283
5816	5817	0.0418892
2269	5817	0.0418892
829	5818	0.0614191
4091	5818	0.0614191
4020	5819	0.0909247
2277	5819	0.0909247
4787	5820	0.0795123
4822	5820	0.0795123
845	5821	0.0789547
5820	5821	0.0789547
5821	5822	0.0431853
1835	5822	0.0431853
3506	5823	0.0419226
849	5823	0.0419226
4938	5824	0.0697948
1440	5824	0.0697948
3827	5825	0.117379
3041	5825	0.117379
5825	5826	0.0970535
901	5826	0.0970535
2554	5827	0.0825011
4352	5827	0.0825011
5826	5828	0.0799098
5827	5828	0.0799098
5828	5829	0.0511703
3916	5829	0.0511703
1124	5830	0.0499747
5829	5830	0.0499747
5830	5831	0.0389935
909	5831	0.0389935
2066	5832	0.0432145
1419	5832	0.0432145
2655	5833	0.175264
3007	5833	0.175264
5833	5834	0.0516078
960	5834	0.0516078
980	5835	0.218218
2292	5835	0.218218
5030	5836	0.0708154
4803	5836	0.0708154
5836	5837	0.0537933
989	5837	0.0537933
3510	5838	0.0374051
1833	5838	0.0374051
5838	5839	0.0367536
992	5839	0.0367536
1012	5840	0.0507681
4658	5840	0.0507681
2826	5841	0.0372319
3060	5841	0.0372319
4437	5842	0.0731702
1489	5842	0.0731702
3485	5843	0.0886135
2874	5843	0.0886135
4606	5844	0.0966928
4956	5844	0.0966928
1460	5845	0.0484425
1256	5845	0.0484425
3304	5846	0.0421292
5845	5846	0.0421292
1860	5847	0.0408352
2899	5847	0.0408352
5846	5848	0.0375558
5847	5848	0.0375558
3288	5849	0.0958462
3875	5849	0.0958462
4310	5850	0.0858421
5849	5850	0.0858421
5850	5851	0.0841623
2259	5851	0.0841623
5851	5852	0.0562837
2714	5852	0.0562837
3332	5853	0.0490624
5852	5853	0.0490624
1226	5854	0.0607593
3346	5854	0.0607593
4719	5855	0.0477112
5854	5855	0.0477112
3026	5856	0.0427891
5855	5856	0.0427891
1449	5857	0.0534669
4839	5857	0.0534669
4247	5858	0.051266
5857	5858	0.051266
3734	5859	0.0506135
5858	5859	0.0506135
5859	5860	0.0370708
3066	5860	0.0370708
4545	5861	0.0619469
2412	5861	0.0619469
2667	5862	0.0667212
1315	5862	0.0667212
1336	5863	0.0478191
4237	5863	0.0478191
3171	5864	0.0412488
5863	5864	0.0412488
1668	5865	0.0368465
5864	5865	0.0368465
2675	5866	0.0401059
2987	5866	0.0401059
5866	5867	0.0364465
2354	5867	0.0364465
1356	5868	0.0362541
4073	5868	0.0362541
4175	5869	0.0457861
4572	5869	0.0457861
1881	5870	0.0815677
2467	5870	0.0815677
1365	5871	0.0673831
5870	5871	0.0673831
1380	5872	0.0449209
4576	5872	0.0449209
1985	5873	0.170951
1388	5873	0.170951
4036	5874	0.234736
1420	5874	0.234736
5874	5875	0.0650889
1591	5875	0.0650889
3371	5876	0.0533222
5875	5876	0.0533222
2658	5877	0.0351515
2728	5877	0.0351515
1448	5878	0.0372794
3918	5878	0.0372794
1467	5879	0.0511507
1671	5879	0.0511507
5879	5880	0.0388213
4701	5880	0.0388213
4182	5881	0.0551873
4546	5881	0.0551873
1535	5882	0.053675
5881	5882	0.053675
1582	5883	0.135629
3970	5883	0.135629
5883	5884	0.0364656
3161	5884	0.0364656
1906	5885	0.0362985
3787	5885	0.0362985
5039	5886	0.0469387
1596	5886	0.0469387
4033	5887	0.114042
4887	5887	0.114042
3138	5888	0.064122
3076	5888	0.064122
1732	5889	0.0685139
3294	5889	0.0685139
3757	5890	0.0685096
5889	5890	0.0685096
4096	5891	0.0569445
2768	5891	0.0569445
3634	5892	0.0412289
2130	5892	0.0412289
4557	5893	0.13595
1858	5893	0.13595
2164	5894	0.0559693
3140	5894	0.0559693
4181	5895	0.0985463
4672	5895	0.0985463
5895	5896	0.0474514
1991	5896	0.0474514
2001	5897	0.0455525
3712	5897	0.0455525
5897	5898	0.0356815
3725	5898	0.0356815
3980	5899	0.0595269
2145	5899	0.0595269
3495	5900	0.0349971
4190	5900	0.0349971
2734	5901	0.0609723
4801	5901	0.0609723
2808	5902	0.0517595
5901	5902	0.0517595
4408	5903	0.0897312
2756	5903	0.0897312
5037	5904	0.105183
3995	5904	0.105183
2794	5905	0.0540903
4911	5905	0.0540903
3265	5906	0.0780541
3531	5906	0.0780541
4100	5907	0.0736636
5906	5907	0.0736636
4314	5908	0.0707998
5907	5908	0.0707998
2816	5909	0.0371379
3192	5909	0.0371379
5909	5910	0.0345649
5908	5910	0.0345649
4898	5911	0.147237
4650	5911	0.147237
4749	5912	0.0251483
5893	5912	0.0251483
854	5913	0.034085
1343	5913	0.034085
5490	5914	0.0296517
5495	5914	0.0296517
925	5915	0.0272601
1584	5915	0.0272601
5914	5916	0.0261395
5915	5916	0.0261395
5808	5917	0.0314608
2148	5917	0.0314608
5355	5918	0.0306058
5917	5918	0.0306058
5918	5919	0.0275998
797	5919	0.0275998
5913	5920	0.0261112
5916	5920	0.0261112
499	5921	0.0254691
5919	5921	0.0254691
5920	5922	0.0253583
823	5922	0.0253583
5922	5923	0.0245145
5921	5923	0.0245145
5923	5924	0.0234565
95	5924	0.0234565
5841	5925	0.0295794
4199	5925	0.0295794
5925	5926	0.0278255
4348	5926	0.0278255
3994	5927	0.0269205
2440	5927	0.0269205
5865	5928	0.0263097
5927	5928	0.0263097
2380	5929	0.0238182
5926	5929	0.0238182
5929	5930	0.0236921
5928	5930	0.0236921
5930	5931	0.0233892
4744	5931	0.0233892
5385	5932	0.0300042
766	5932	0.0300042
3381	5933	0.026501
5932	5933	0.026501
2038	5934	0.0288094
4569	5934	0.0288094
4421	5935	0.0252689
5934	5935	0.0252689
5422	5936	0.0323546
4170	5936	0.0323546
5936	5937	0.0278446
2089	5937	0.0278446
5937	5938	0.0258372
628	5938	0.0258372
5938	5939	0.0256363
4154	5939	0.0256363
5939	5940	0.0240734
1940	5940	0.0240734
3092	5941	0.0280595
2414	5941	0.0280595
1408	5942	0.0254701
5941	5942	0.0254701
1821	5943	0.0334704
4785	5943	0.0334704
4694	5944	0.0270905
841	5944	0.0270905
5943	5945	0.0247008
5944	5945	0.0247008
2908	5946	0.0261432
5678	5946	0.0261432
2800	5947	0.0256789
5946	5947	0.0256789
5947	5948	0.0255934
4281	5948	0.0255934
5724	5949	0.0250746
1774	5949	0.0250746
2136	5950	0.032796
1768	5950	0.032796
2316	5951	0.0287916
1745	5951	0.0287916
5005	5952	0.0287437
5951	5952	0.0287437
5632	5953	0.0276028
3677	5953	0.0276028
5953	5954	0.0269676
3339	5954	0.0269676
5840	5955	0.0260581
5954	5955	0.0260581
5955	5956	0.0256495
3388	5956	0.0256495
5905	5957	0.0240098
5956	5957	0.0240098
5957	5958	0.0232528
2641	5958	0.0232528
5215	5959	0.0281215
792	5959	0.0281215
2459	5960	0.034342
5351	5960	0.034342
5960	5961	0.0338687
4740	5961	0.0338687
5961	5962	0.0329875
4138	5962	0.0329875
425	5963	0.0329666
972	5963	0.0329666
5653	5964	0.0328229
5963	5964	0.0328229
2264	5965	0.0321624
5962	5965	0.0321624
5964	5966	0.0314497
4448	5966	0.0314497
5965	5967	0.0313127
5966	5967	0.0313127
5227	5968	0.0310918
5967	5968	0.0310918
5402	5969	0.0329851
43	5969	0.0329851
5969	5970	0.0283857
438	5970	0.0283857
2513	5971	0.0311823
5645	5971	0.0311823
5576	5972	0.0280903
170	5972	0.0280903
805	5973	0.0339873
5538	5973	0.0339873
129	5974	0.0327058
1810	5974	0.0327058
5974	5975	0.0323165
527	5975	0.0323165
5318	5976	0.0342892
3530	5976	0.0342892
1191	5977	0.0342503
5976	5977	0.0342503
5977	5978	0.0340502
2615	5978	0.0340502
5794	5979	0.0336244
5978	5979	0.0336244
5979	5980	0.0328408
5455	5980	0.0328408
5980	5981	0.0326675
2152	5981	0.0326675
2131	5982	0.0325995
5981	5982	0.0325995
2035	5983	0.0337845
288	5983	0.0337845
5488	5984	0.0332424
5983	5984	0.0332424
1915	5985	0.0329851
5984	5985	0.0329851
5985	5986	0.0326327
5552	5986	0.0326327
5369	5987	0.0325461
1547	5987	0.0325461
5982	5988	0.0325897
5485	5988	0.0325897
5987	5989	0.032342
5988	5989	0.032342
5989	5990	0.0318735
3681	5990	0.0318735
5545	5991	0.0321532
1022	5991	0.0321532
2195	5992	0.0316882
5990	5992	0.0316882
5991	5993	0.0315425
5986	5993	0.0315425
5992	5994	0.0314666
5993	5994	0.0314666
1990	5995	0.031217
5994	5995	0.031217
551	5996	0.033662
2790	5996	0.033662
2566	5997	0.0328246
5996	5997	0.0328246
5903	5998	0.0325076
5997	5998	0.0325076
2494	5999	0.0317482
695	5999	0.0317482
5839	5999	0.0317482
2202	5999	0.0317482
5853	6000	0.0322744
1176	6000	0.0322744
5535	6001	0.0312024
1035	6001	0.0312024
5995	6002	0.0312127
5999	6002	0.0312127
6002	6003	0.0310494
2425	6003	0.0310494
147	6004	0.0308504
6003	6004	0.0308504
5975	6005	0.0307652
6004	6005	0.0307652
5695	6006	0.0306896
6000	6006	0.0306896
6001	6007	0.0306248
2936	6007	0.0306248
149	6008	0.0306514
6005	6008	0.0306514
6007	6009	0.0302611
6008	6009	0.0302611
5835	6009	0.0302611
6006	6009	0.0302611
5410	6010	0.0301307
6009	6010	0.0301307
6010	6011	0.0300678
4010	6011	0.0300678
5654	6012	0.0303952
469	6012	0.0303952
5697	6013	0.0310372
361	6013	0.0310372
6011	6014	0.0298854
5498	6014	0.0298854
6014	6015	0.029653
4345	6015	0.029653
6015	6016	0.0295083
6013	6016	0.0295083
5246	6017	0.0294715
6016	6017	0.0294715
4551	6018	0.0294583
6017	6018	0.0294583
5357	6019	0.0293436
6018	6019	0.0293436
6019	6020	0.0292756
1363	6020	0.0292756
1441	6021	0.029186
6020	6021	0.029186
6021	6022	0.0289928
1795	6022	0.0289928
6022	6023	0.0288215
1957	6023	0.0288215
5998	6023	0.0288215
5973	6024	0.0287923
6023	6024	0.0287923
6024	6025	0.0285941
6012	6025	0.0285941
3679	6026	0.0284917
6025	6026	0.0284917
5359	6027	0.033817
5363	6027	0.033817
3049	6028	0.0330296
6027	6028	0.0330296
5805	6029	0.0326418
3078	6029	0.0326418
31	6030	0.0341919
4497	6030	0.0341919
5364	6031	0.0289791
6030	6031	0.0289791
5386	6032	0.0320084
34	6032	0.0320084
5817	6033	0.0343721
1880	6033	0.0343721
5871	6034	0.0325383
6033	6034	0.0325383
5831	6035	0.0341026
2352	6035	0.0341026
4041	6035	0.0341026
1773	6035	0.0341026
6034	6036	0.0291274
809	6036	0.0291274
2719	6037	0.0314009
6035	6037	0.0314009
4644	6038	0.0306319
6037	6038	0.0306319
6036	6039	0.0287784
6038	6039	0.0287784
5501	6040	0.0286188
6039	6040	0.0286188
5891	6041	0.0281262
6040	6041	0.0281262
2951	6042	0.0303615
4652	6042	0.0303615
2724	6043	0.0292529
6042	6043	0.0292529
5413	6044	0.0286677
6043	6044	0.0286677
5796	6045	0.0341915
4902	6045	0.0341915
4253	6046	0.0292138
6045	6046	0.0292138
1217	6047	0.0330265
5431	6047	0.0330265
5026	6048	0.0307364
6047	6048	0.0307364
1851	6049	0.0330296
5734	6049	0.0330296
3894	6050	0.0318788
1098	6050	0.0318788
3835	6051	0.0306619
6050	6051	0.0306619
2886	6052	0.033507
3565	6052	0.033507
3895	6053	0.0331471
6052	6053	0.0331471
5860	6054	0.0307678
6053	6054	0.0307678
5888	6055	0.0325313
1669	6055	0.0325313
3438	6056	0.0295191
6055	6056	0.0295191
5443	6057	0.02915
6056	6057	0.02915
6054	6058	0.0295998
3519	6058	0.0295998
3615	6059	0.0293425
6058	6059	0.0293425
6049	6060	0.0290904
6051	6060	0.0290904
6060	6061	0.0286078
6059	6061	0.0286078
6061	6062	0.0284414
6057	6062	0.0284414
3635	6063	0.0282514
6062	6063	0.0282514
2486	6064	0.030956
77	6064	0.030956
5504	6065	0.0318001
5599	6065	0.0318001
6065	6066	0.0317242
5611	6066	0.0317242
6066	6067	0.0301134
3553	6067	0.0301134
3115	6067	0.0301134
1310	6068	0.0295705
6067	6068	0.0295705
6068	6069	0.0284864
2947	6069	0.0284864
5848	6070	0.0310259
5050	6070	0.0310259
6070	6071	0.0303097
3763	6071	0.0303097
6071	6072	0.0298911
4134	6072	0.0298911
4527	6072	0.0298911
6072	6073	0.0293076
4441	6073	0.0293076
5800	6074	0.0321142
5804	6074	0.0321142
2404	6075	0.0315112
6074	6075	0.0315112
5675	6076	0.0310309
6075	6076	0.0310309
3295	6077	0.0326773
740	6077	0.0326773
6076	6078	0.0305821
963	6078	0.0305821
1989	6079	0.029442
2182	6079	0.029442
6078	6079	0.029442
6079	6080	0.0292774
6077	6080	0.0292774
155	6081	0.0307896
985	6081	0.0307896
5634	6082	0.0298502
6081	6082	0.0298502
6082	6083	0.0290403
4301	6083	0.0290403
2219	6084	0.0299336
5618	6084	0.0299336
1406	6085	0.029375
4432	6085	0.029375
6084	6086	0.028117
6085	6086	0.028117
2016	6087	0.0325532
5619	6087	0.0325532
3204	6088	0.0338944
1862	6088	0.0338944
5721	6089	0.0305863
6088	6089	0.0305863
704	6090	0.0309963
3464	6090	0.0309963
5892	6091	0.0306621
6090	6091	0.0306621
6091	6092	0.0290289
1942	6092	0.0290289
5704	6093	0.0317133
4068	6093	0.0317133
5701	6094	0.0292878
6093	6094	0.0292878
6094	6095	0.028123
2589	6095	0.028123
311	6096	0.032597
321	6096	0.032597
6096	6097	0.0280144
4107	6097	0.0280144
928	6097	0.0280144
5775	6098	0.0341583
784	6098	0.0341583
5832	6099	0.0288912
4455	6099	0.0288912
5783	6100	0.028578
6099	6100	0.028578
2090	6101	0.0307245
582	6101	0.0307245
2464	6102	0.0303097
6101	6102	0.0303097
5809	6103	0.0342729
4891	6103	0.0342729
1039	6104	0.0329711
2613	6104	0.0329711
5869	6105	0.0293881
4206	6105	0.0293881
6105	6106	0.0289999
4019	6106	0.0289999
3393	6107	0.0333097
3158	6107	0.0333097
1512	6108	0.029088
4877	6108	0.029088
3170	6109	0.0294923
1961	6109	0.0294923
4179	6110	0.0279306
2740	6110	0.0279306
4615	6111	0.0278971
5968	6111	0.0278971
6111	6112	0.0265191
4883	6112	0.0265191
6112	6113	0.0257962
2813	6113	0.0257962
6113	6114	0.0257252
2604	6114	0.0257252
6114	6115	0.0256005
873	6115	0.0256005
2104	6116	0.0255291
6115	6116	0.0255291
5971	6117	0.0277599
5044	6117	0.0277599
6117	6118	0.0270324
6109	6118	0.0270324
3882	6119	0.0264347
6118	6119	0.0264347
6119	6120	0.0263674
5972	6120	0.0263674
2109	6121	0.0263503
6120	6121	0.0263503
3826	6122	0.0262249
6121	6122	0.0262249
3562	6123	0.0259477
6122	6123	0.0259477
1267	6124	0.025732
6123	6124	0.025732
1284	6125	0.0276401
6026	6125	0.0276401
6125	6126	0.0275402
2918	6126	0.0275402
1422	6127	0.0273468
6126	6127	0.0273468
5478	6128	0.0273112
6127	6128	0.0273112
6089	6128	0.0273112
6095	6128	0.0273112
6128	6129	0.0272205
2577	6129	0.0272205
6129	6130	0.0271598
3628	6130	0.0271598
5767	6131	0.0270204
6130	6131	0.0270204
6073	6132	0.027045
133	6132	0.027045
6083	6133	0.0276869
748	6133	0.0276869
6131	6134	0.0269782
2650	6134	0.0269782
6134	6135	0.02684
6063	6135	0.02684
6135	6136	0.0268257
3804	6136	0.0268257
3361	6137	0.0267452
6136	6137	0.0267452
6133	6138	0.0266918
3960	6138	0.0266918
1557	6139	0.0266122
6137	6139	0.0266122
6139	6140	0.0266075
6132	6140	0.0266075
6140	6141	0.0266049
6138	6141	0.0266049
4167	6142	0.0265978
6141	6142	0.0265978
1639	6143	0.026561
6142	6143	0.026561
6143	6144	0.0265286
818	6144	0.0265286
6144	6145	0.026487
6103	6145	0.026487
6086	6146	0.0264615
6145	6146	0.0264615
5575	6147	0.0264054
6146	6147	0.0264054
6147	6148	0.0263848
79	6148	0.0263848
6148	6149	0.0263163
1360	6149	0.0263163
3126	6150	0.0262784
6149	6150	0.0262784
6150	6151	0.0260256
5799	6151	0.0260256
6151	6152	0.0258161
1492	6152	0.0258161
6152	6153	0.0256949
2548	6153	0.0256949
5822	6154	0.0258338
6104	6154	0.0258338
484	6155	0.0256035
6153	6155	0.0256035
6155	6156	0.0255487
6154	6156	0.0255487
6156	6157	0.025545
2207	6157	0.025545
5506	6158	0.0255348
6157	6158	0.0255348
5856	6159	0.0274284
1262	6159	0.0274284
6041	6160	0.027485
3913	6160	0.027485
1064	6161	0.0273427
6160	6161	0.0273427
6161	6162	0.0273313
4646	6162	0.0273313
6159	6163	0.0268008
6162	6163	0.0268008
5499	6164	0.0270891
6044	6164	0.0270891
6164	6165	0.0259189
2706	6165	0.0259189
1300	6166	0.0278596
4017	6166	0.0278596
6166	6167	0.027685
2915	6167	0.027685
5823	6168	0.0275601
6167	6168	0.0275601
5417	6169	0.0274547
6168	6169	0.0274547
6087	6170	0.0268189
2415	6170	0.0268189
5024	6171	0.0265562
1042	6171	0.0265562
6170	6172	0.0257157
6171	6172	0.0257157
2384	6173	0.027011
6032	6173	0.027011
6173	6174	0.026429
2831	6174	0.026429
6048	6175	0.0273253
433	6175	0.0273253
6175	6176	0.0270169
773	6176	0.0270169
6174	6177	0.0260566
4375	6177	0.0260566
5244	6178	0.026174
6176	6178	0.026174
6177	6179	0.0254891
6178	6179	0.0254891
5370	6180	0.0267762
6031	6180	0.0267762
6102	6181	0.027787
6108	6181	0.027787
6069	6182	0.0267815
6181	6182	0.0267815
39	6183	0.026566
6182	6183	0.026566
785	6184	0.0261227
6183	6184	0.0261227
2483	6185	0.0260061
6184	6185	0.0260061
6185	6186	0.0257548
2115	6186	0.0257548
4961	6187	0.0259645
6064	6187	0.0259645
6080	6188	0.0276474
5566	6188	0.0276474
5568	6189	0.0275896
755	6189	0.0275896
5582	6190	0.0266586
4847	6190	0.0266586
5597	6191	0.0260796
876	6191	0.0260796
6097	6192	0.0275038
2387	6192	0.0275038
680	6193	0.0261269
4125	6193	0.0261269
3637	6194	0.0273485
6106	6194	0.0273485
2451	6195	0.0263069
6194	6195	0.0263069
4161	6196	0.027857
6110	6196	0.027857
3663	6197	0.0261238
4530	6197	0.0261238
4828	6198	0.0254334
6169	6198	0.0254334
950	6199	0.0249033
90	6199	0.0249033
6189	6200	0.0246793
5884	6200	0.0246793
6092	6201	0.0250085
4870	6201	0.0250085
5959	6202	0.025488
6158	6202	0.025488
5245	6203	0.0254507
6202	6203	0.0254507
6203	6204	0.0254463
4778	6204	0.0254463
6204	6205	0.0254334
4173	6205	0.0254334
6124	6206	0.0254209
6205	6206	0.0254209
2334	6206	0.0254209
6206	6207	0.0253565
684	6207	0.0253565
1010	6208	0.0253476
6179	6208	0.0253476
6116	6209	0.0252009
6207	6209	0.0252009
6163	6209	0.0252009
6165	6209	0.0252009
6208	6209	0.0252009
4670	6210	0.0253274
6195	6210	0.0253274
6209	6211	0.0251915
6196	6211	0.0251915
6211	6212	0.0251599
6210	6212	0.0251599
6212	6213	0.0251376
1763	6213	0.0251376
6213	6214	0.02513
6190	6214	0.02513
6214	6215	0.0250711
6180	6215	0.0250711
2535	6216	0.0249911
6215	6216	0.0249911
5738	6217	0.0249613
6216	6217	0.0249613
6217	6218	0.0249193
6100	6218	0.0249193
6188	6219	0.0254602
1023	6219	0.0254602
6219	6220	0.0250315
2575	6220	0.0250315
6218	6221	0.0249093
6192	6221	0.0249093
1933	6221	0.0249093
6221	6222	0.0248677
6186	6222	0.0248677
5612	6223	0.0248601
6222	6223	0.0248601
6223	6224	0.0247919
1154	6224	0.0247919
6107	6225	0.0248762
6220	6225	0.0248762
6224	6226	0.0247291
6225	6226	0.0247291
3200	6227	0.0246764
6226	6227	0.0246764
6227	6228	0.0246193
153	6228	0.0246193
5904	6229	0.0246038
6228	6229	0.0246038
6229	6230	0.0245896
6193	6230	0.0245896
4224	6231	0.0245228
6230	6231	0.0245228
6201	6232	0.0244365
6231	6232	0.0244365
6098	6233	0.0244242
6232	6233	0.0244242
4261	6234	0.0244098
6233	6234	0.0244098
6172	6235	0.0243408
6234	6235	0.0243408
6235	6236	0.0243317
611	6236	0.0243317
6236	6237	0.0243205
390	6237	0.0243205
260	6238	0.0242891
3642	6238	0.0242891
6237	6238	0.0242891
5587	6239	0.0252216
6191	6239	0.0252216
5872	6240	0.0251483
1409	6240	0.0251483
4628	6241	0.0242768
6238	6241	0.0242768
2426	6242	0.0242616
6241	6242	0.0242616
6200	6243	0.0242575
6242	6243	0.0242575
6243	6244	0.0242271
3805	6244	0.0242271
6244	6245	0.0241722
424	6245	0.0241722
710	6246	0.0241489
6245	6246	0.0241489
6246	6247	0.0240465
6239	6247	0.0240465
6247	6248	0.0239838
2453	6248	0.0239838
2690	6249	0.0239814
6248	6249	0.0239814
6249	6250	0.0239802
21	6250	0.0239802
6250	6251	0.0239466
3625	6251	0.0239466
1712	6252	0.0239218
6251	6252	0.0239218
6252	6253	0.0238638
2099	6253	0.0238638
6253	6254	0.0237961
1632	6254	0.0237961
6254	6255	0.0237139
6240	6255	0.0237139
6255	6256	0.0237016
916	6256	0.0237016
4377	6256	0.0237016
6256	6257	0.0236934
558	6257	0.0236934
5970	6258	0.0236292
6257	6258	0.0236292
5673	6259	0.0235233
6258	6259	0.0235233
6199	6260	0.0235102
6259	6260	0.0235102
1875	6261	0.0234891
6260	6261	0.0234891
5911	6262	0.0234595
6261	6262	0.0234595
6028	6263	0.023406
6046	6263	0.023406
6262	6263	0.023406
6263	6264	0.0233697
6187	6264	0.0233697
6264	6265	0.0233538
1158	6265	0.0233538
6265	6266	0.0233461
4018	6266	0.0233461
1581	6267	0.0233281
6266	6267	0.0233281
6267	6268	0.0232891
6197	6268	0.0232891
6029	6269	0.0232277
6268	6269	0.0232277
2563	6270	0.0232098
6269	6270	0.0232098
3551	6271	0.0232007
6270	6271	0.0232007
6198	6272	0.0231949
6271	6272	0.0231949
6272	6273	0.0231857
1062	6273	0.0231857
6273	6274	0.023176
4808	6274	0.023176
777	6275	0.0231316
6274	6275	0.0231316
6275	6276	0.0231254
2603	6276	0.0231254
3705	6277	0.0231126
6276	6277	0.0231126
6277	6278	0.0230942
4353	6278	0.0230942
5388	6279	0.03328
5395	6279	0.03328
6279	6280	0.0309529
4996	6280	0.0309529
6280	6281	0.0305305
303	6281	0.0305305
5214	6282	0.0269659
6281	6282	0.0269659
6282	6283	0.0238534
1468	6283	0.0238534
6283	6284	0.0236998
120	6284	0.0236998
1719	6285	0.0338227
5341	6285	0.0338227
5746	6286	0.0266104
3079	6286	0.0266104
6285	6287	0.0264212
6286	6287	0.0264212
1929	6287	0.0264212
3012	6288	0.0267319
2657	6288	0.0267319
5438	6289	0.0274877
3698	6289	0.0274877
6289	6290	0.0269211
815	6290	0.0269211
6287	6291	0.0262528
6290	6291	0.0262528
6291	6292	0.0260519
404	6292	0.0260519
2031	6293	0.0235242
6292	6293	0.0235242
217	6294	0.0234489
6293	6294	0.0234489
6288	6295	0.0232226
6294	6295	0.0232226
3543	6295	0.0232226
5440	6296	0.030423
53	6296	0.030423
6296	6297	0.0268731
2957	6297	0.0268731
6297	6298	0.0262377
3096	6298	0.0262377
6298	6299	0.0247499
3069	6299	0.0247499
4700	6300	0.0327183
58	6300	0.0327183
6300	6301	0.032078
3063	6301	0.032078
5447	6302	0.0321229
137	6302	0.0321229
6302	6303	0.0300406
2345	6303	0.0300406
2442	6304	0.0298462
6303	6304	0.0298462
6304	6305	0.0297138
1859	6305	0.0297138
2359	6306	0.0277097
6305	6306	0.0277097
5451	6307	0.0257292
70	6307	0.0257292
1235	6308	0.0255784
6307	6308	0.0255784
2355	6309	0.0235422
6308	6309	0.0235422
124	6310	0.0309945
2985	6310	0.0309945
1364	6311	0.0246965
630	6311	0.0246965
2111	6312	0.023493
6311	6312	0.023493
5758	6313	0.0293948
1476	6313	0.0293948
3620	6314	0.0258062
696	6314	0.0258062
6313	6315	0.0245189
6314	6315	0.0245189
4800	6316	0.0330992
1801	6316	0.0330992
6316	6317	0.0317141
3385	6317	0.0317141
2082	6318	0.0319129
328	6318	0.0319129
6318	6319	0.0303176
135	6319	0.0303176
6319	6320	0.0270909
910	6320	0.0270909
6320	6321	0.0250691
3636	6321	0.0250691
4735	6322	0.0302801
4132	6322	0.0302801
3046	6323	0.0274528
6322	6323	0.0274528
141	6324	0.0271808
6323	6324	0.0271808
270	6325	0.0249594
6324	6325	0.0249594
615	6326	0.0239821
1318	6326	0.0239821
6325	6327	0.0231041
6326	6327	0.0231041
5585	6328	0.0338992
3117	6328	0.0338992
6328	6329	0.0305357
5896	6329	0.0305357
6329	6330	0.0266972
196	6330	0.0266972
6330	6331	0.0257643
226	6331	0.0257643
4122	6332	0.0241517
6331	6332	0.0241517
4321	6333	0.0301776
5570	6333	0.0301776
6333	6334	0.0294964
2864	6334	0.0294964
6334	6335	0.0284254
163	6335	0.0284254
1871	6336	0.0281766
6335	6336	0.0281766
168	6337	0.0269211
2979	6337	0.0269211
6337	6338	0.0251331
2887	6338	0.0251331
5577	6339	0.0243123
177	6339	0.0243123
1143	6340	0.0340348
554	6340	0.0340348
4763	6341	0.032645
6340	6341	0.032645
6341	6342	0.0300042
1594	6342	0.0300042
6342	6343	0.0245056
194	6343	0.0245056
5613	6344	0.0303078
4025	6344	0.0303078
1811	6344	0.0303078
6344	6345	0.0268499
634	6345	0.0268499
6345	6346	0.0250653
379	6346	0.0250653
5711	6347	0.0316009
3941	6347	0.0316009
5882	6348	0.0309089
6347	6348	0.0309089
5621	6349	0.0294003
6348	6349	0.0294003
5886	6350	0.0291128
6349	6350	0.0291128
6350	6351	0.0274805
3754	6351	0.0274805
6351	6352	0.025911
1052	6352	0.025911
5635	6353	0.0288958
1026	6353	0.0288958
4507	6354	0.0277074
304	6354	0.0277074
1521	6355	0.0249174
6354	6355	0.0249174
2452	6356	0.028223
325	6356	0.028223
5677	6357	0.0342707
3556	6357	0.0342707
1566	6358	0.034014
330	6358	0.034014
6358	6359	0.0307135
2743	6359	0.0307135
6359	6360	0.0299543
2271	6360	0.0299543
1241	6360	0.0299543
6360	6361	0.0249225
720	6361	0.0249225
3379	6362	0.0330732
3467	6362	0.0330732
5683	6363	0.0298034
2191	6363	0.0298034
5868	6364	0.0286852
4382	6364	0.0286852
2774	6365	0.0242947
3267	6365	0.0242947
6364	6366	0.0242217
6365	6366	0.0242217
2652	6367	0.0324731
5694	6367	0.0324731
4570	6368	0.029195
2256	6368	0.029195
6367	6369	0.0268791
358	6369	0.0268791
6369	6370	0.0256447
6368	6370	0.0256447
6370	6371	0.0238844
4590	6371	0.0238844
6371	6372	0.0237922
3775	6372	0.0237922
1590	6373	0.0283394
375	6373	0.0283394
5714	6374	0.0280129
1947	6374	0.0280129
6374	6375	0.0244949
4980	6375	0.0244949
6375	6376	0.0231908
2522	6376	0.0231908
5791	6377	0.0319438
1681	6377	0.0319438
5797	6378	0.026347
1549	6378	0.026347
6377	6379	0.025257
6378	6379	0.025257
398	6380	0.0315664
3210	6380	0.0315664
5726	6381	0.0257275
6380	6381	0.0257275
5728	6382	0.0259374
439	6382	0.0259374
677	6383	0.0258971
2533	6383	0.0258971
440	6384	0.0250482
6383	6384	0.0250482
5843	6385	0.0335434
1140	6385	0.0335434
5844	6386	0.0248865
6385	6386	0.0248865
6384	6387	0.0245977
6386	6387	0.0245977
6387	6388	0.0244556
1110	6388	0.0244556
514	6389	0.0237257
6388	6389	0.0237257
5812	6390	0.0231934
6389	6390	0.0231934
4273	6391	0.0312591
4717	6391	0.0312591
3118	6392	0.0295107
6391	6392	0.0295107
6392	6393	0.0248897
1198	6393	0.0248897
6393	6394	0.0239384
2326	6394	0.0239384
5729	6395	0.0237556
6394	6395	0.0237556
5735	6396	0.0263926
467	6396	0.0263926
2004	6397	0.0335588
5737	6397	0.0335588
6397	6398	0.0272984
3926	6398	0.0272984
6398	6399	0.0268712
2873	6399	0.0268712
5742	6400	0.0252414
2030	6400	0.0252414
5902	6401	0.0306807
4804	6401	0.0306807
5753	6402	0.0241928
1542	6402	0.0241928
5776	6403	0.0300109
4613	6403	0.0300109
5786	6404	0.0338887
3423	6404	0.0338887
6404	6405	0.0317393
4244	6405	0.0317393
5788	6406	0.0324751
3648	6406	0.0324751
6406	6407	0.0309341
1709	6407	0.0309341
6407	6408	0.0286335
3649	6408	0.0286335
6405	6409	0.0275794
4678	6409	0.0275794
6408	6410	0.0278494
1015	6410	0.0278494
6409	6411	0.0245896
6410	6411	0.0245896
6411	6412	0.0243223
3731	6412	0.0243223
589	6413	0.0249594
1087	6413	0.0249594
591	6414	0.0249927
4738	6414	0.0249927
5792	6415	0.0266649
1303	6415	0.0266649
1175	6416	0.0257225
2884	6416	0.0257225
6415	6417	0.0256511
6416	6417	0.0256511
4373	6418	0.0247854
6417	6418	0.0247854
867	6419	0.0323719
639	6419	0.0323719
6419	6420	0.0298235
2296	6420	0.0298235
1559	6421	0.0255144
2184	6421	0.0255144
6421	6422	0.024355
718	6422	0.024355
5807	6423	0.0239373
2096	6423	0.0239373
2905	6424	0.025666
1436	6424	0.025666
812	6425	0.025457
6424	6425	0.025457
3751	6426	0.0261097
1695	6426	0.0261097
3184	6427	0.0341083
4695	6427	0.0341083
6427	6428	0.0290185
1357	6428	0.0290185
6428	6429	0.0232337
833	6429	0.0232337
1778	6430	0.0294059
4836	6430	0.0294059
1707	6431	0.0288897
969	6431	0.0288897
4894	6432	0.0285453
6431	6432	0.0285453
6430	6433	0.028016
6432	6433	0.028016
3973	6434	0.0259138
6433	6434	0.0259138
2558	6435	0.0278113
974	6435	0.0278113
1078	6436	0.0250315
1954	6436	0.0250315
1563	6437	0.0260967
1316	6437	0.0260967
3924	6438	0.0315463
5867	6438	0.0315463
6438	6439	0.0267551
1354	6439	0.0267551
5877	6440	0.033972
2856	6440	0.033972
6440	6441	0.0263938
1439	6441	0.0263938
5880	6442	0.0315932
4952	6442	0.0315932
6442	6443	0.0246987
4945	6443	0.0246987
3477	6444	0.0266331
2664	6444	0.0266331
6444	6445	0.0264592
1619	6445	0.0264592
6445	6446	0.0247445
2480	6446	0.0247445
6446	6447	0.0243159
3280	6447	0.0243159
3177	6448	0.0246965
1678	6448	0.0246965
4223	6449	0.0290463
4618	6449	0.0290463
1943	6450	0.0245197
1981	6450	0.0245197
2900	6451	0.0279112
4203	6451	0.0279112
2828	6452	0.024006
3972	6452	0.024006
3408	6453	0.0231928
4015	6453	0.0231928
4792	6454	0.0312146
4901	6454	0.0312146
4217	6455	0.0194631
2552	6455	0.0194631
6306	6456	0.0229519
3150	6456	0.0229519
5894	6457	0.0205507
1984	6457	0.0205507
4338	6458	0.0203821
6457	6458	0.0203821
3218	6459	0.0205724
5622	6459	0.0205724
2068	6460	0.0210344
1259	6460	0.0210344
5942	6461	0.021073
1322	6461	0.021073
6400	6462	0.021675
1165	6462	0.021675
6462	6463	0.0212048
3424	6463	0.0212048
3191	6464	0.0211031
6396	6464	0.0211031
2537	6465	0.0210349
6464	6465	0.0210349
161	6466	0.0230626
6278	6466	0.0230626
6466	6467	0.0230359
6437	6467	0.0230359
6467	6468	0.0230243
3107	6468	0.0230243
5935	6469	0.022966
6468	6469	0.022966
5940	6470	0.0229658
6469	6470	0.0229658
6470	6471	0.0229495
1884	6471	0.0229495
6453	6471	0.0229495
2153	6472	0.0228671
6471	6472	0.0228671
6472	6473	0.0228529
3824	6473	0.0228529
2074	6474	0.022896
6295	6474	0.022896
6473	6475	0.0227864
1075	6475	0.0227864
2431	6476	0.022787
6474	6476	0.022787
6475	6477	0.0227158
6476	6477	0.0227158
1936	6477	0.0227158
5945	6478	0.0226981
6477	6478	0.0226981
6478	6479	0.0226567
6379	6479	0.0226567
3742	6479	0.0226567
6479	6480	0.0226556
3415	6480	0.0226556
3626	6481	0.0226521
6480	6481	0.0226521
6481	6482	0.0226021
719	6482	0.0226021
6482	6483	0.0225071
1359	6483	0.0225071
6483	6484	0.0224791
1657	6484	0.0224791
5933	6485	0.0224104
6484	6485	0.0224104
6485	6486	0.0224063
5027	6486	0.0224063
3225	6487	0.0223782
6486	6487	0.0223782
1132	6488	0.0227263
6327	6488	0.0227263
6487	6489	0.0223627
1869	6489	0.0223627
6489	6490	0.0223225
3418	6490	0.0223225
5912	6491	0.0223131
6490	6491	0.0223131
2132	6492	0.0222844
6491	6492	0.0222844
6492	6493	0.0222669
3201	6493	0.0222669
6493	6494	0.0222468
1727	6494	0.0222468
1644	6494	0.0222468
6494	6495	0.0222222
271	6495	0.0222222
6495	6496	0.0221928
3044	6496	0.0221928
872	6497	0.0221483
6496	6497	0.0221483
6497	6498	0.0221197
4258	6498	0.0221197
6498	6499	0.0220746
6336	6499	0.0220746
6499	6500	0.0220461
1104	6500	0.0220461
6500	6501	0.022045
1261	6501	0.022045
6501	6502	0.0220376
1232	6502	0.0220376
3183	6503	0.0220204
6502	6503	0.0220204
6503	6504	0.0220193
6488	6504	0.0220193
6504	6505	0.0219913
2628	6505	0.0219913
125	6506	0.0219858
6505	6506	0.0219858
6506	6507	0.0219632
734	6507	0.0219632
6507	6508	0.0219491
998	6508	0.0219491
5958	6509	0.0219358
6508	6509	0.0219358
6509	6510	0.0219328
3630	6510	0.0219328
6510	6511	0.02192
4539	6511	0.02192
5536	6512	0.0229289
875	6512	0.0229289
6512	6513	0.0225258
4208	6513	0.0225258
6343	6514	0.0225898
1539	6514	0.0225898
6511	6515	0.0218889
1196	6515	0.0218889
6515	6516	0.0217971
1456	6516	0.0217971
4072	6517	0.0218896
6299	6517	0.0218896
6516	6518	0.0217934
1718	6518	0.0217934
6518	6519	0.0217902
63	6519	0.0217902
6519	6520	0.0217235
6517	6520	0.0217235
5620	6521	0.0216965
6520	6521	0.0216965
6521	6522	0.0216871
5035	6522	0.0216871
6522	6523	0.0216702
4706	6523	0.0216702
1172	6524	0.02164
6523	6524	0.02164
6524	6525	0.021618
3792	6525	0.021618
1997	6526	0.0216772
2541	6526	0.0216772
6525	6527	0.0215891
2910	6527	0.0215891
367	6528	0.0215423
6527	6528	0.0215423
6528	6529	0.021532
6526	6529	0.021532
6529	6530	0.0215149
3496	6530	0.0215149
6514	6531	0.0215297
3527	6531	0.0215297
6530	6532	0.0215047
435	6532	0.0215047
4349	6532	0.0215047
6531	6532	0.0215047
5819	6533	0.0214644
6532	6533	0.0214644
6533	6534	0.0214573
544	6534	0.0214573
5862	6535	0.0214129
6534	6535	0.0214129
6535	6536	0.021412
1245	6536	0.021412
5818	6537	0.0213982
6536	6537	0.0213982
6537	6538	0.0213916
2693	6538	0.0213916
885	6539	0.0213859
6538	6539	0.0213859
6539	6540	0.0213444
6339	6540	0.0213444
4300	6541	0.0213346
6540	6541	0.0213346
6541	6542	0.0213073
3119	6542	0.0213073
958	6542	0.0213073
6542	6543	0.0213046
3790	6543	0.0213046
278	6544	0.0213023
6543	6544	0.0213023
6544	6545	0.0212858
2625	6545	0.0212858
5952	6546	0.0212623
6545	6546	0.0212623
6546	6547	0.0212568
3893	6547	0.0212568
6301	6548	0.0213901
4793	6548	0.0213901
6413	6549	0.0212318
2157	6549	0.0212318
6547	6550	0.0212227
6513	6550	0.0212227
6550	6551	0.0212223
6548	6551	0.0212223
5861	6552	0.0212203
6551	6552	0.0212203
6448	6553	0.021198
6552	6553	0.021198
6553	6554	0.0211973
6549	6554	0.0211973
3611	6555	0.0211827
6554	6555	0.0211827
6555	6556	0.021139
2235	6556	0.021139
3292	6557	0.021135
6556	6557	0.021135
4708	6558	0.0211031
6557	6558	0.0211031
515	6559	0.0210807
6558	6559	0.0210807
6559	6560	0.02106
4156	6560	0.02106
3013	6561	0.0210382
6560	6561	0.0210382
6284	6562	0.0224247
40	6562	0.0224247
6352	6563	0.0215901
3238	6563	0.0215901
6563	6564	0.0211086
369	6564	0.0211086
5487	6565	0.0228646
1466	6565	0.0228646
1537	6566	0.0227004
1794	6566	0.0227004
6436	6567	0.0219673
6566	6567	0.0219673
6565	6568	0.0216321
6567	6568	0.0216321
2501	6569	0.0215114
6381	6569	0.0215114
4460	6570	0.0214692
6568	6570	0.0214692
6570	6571	0.0210888
6569	6571	0.0210888
4255	6572	0.0213422
112	6572	0.0213422
4796	6573	0.0222475
145	6573	0.0222475
2346	6574	0.0218118
5579	6574	0.0218118
5712	6575	0.0224552
6346	6575	0.0224552
6575	6576	0.0211933
3216	6576	0.0211933
6356	6577	0.0219997
1353	6577	0.0219997
6357	6578	0.0217207
4174	6578	0.0217207
3486	6579	0.0210925
6578	6579	0.0210925
5686	6580	0.0229682
6390	6580	0.0229682
1076	6581	0.0222311
6366	6581	0.0222311
5806	6582	0.0214162
6581	6582	0.0214162
464	6583	0.0211566
6372	6583	0.0211566
4794	6584	0.0217841
4219	6584	0.0217841
3738	6585	0.0210412
6376	6585	0.0210412
471	6586	0.0221238
537	6586	0.0221238
565	6587	0.0219006
6586	6587	0.0219006
2499	6588	0.0215339
2860	6588	0.0215339
1852	6589	0.0210198
1829	6589	0.0210198
5900	6590	0.0210121
2151	6590	0.0210121
3354	6591	0.022787
2407	6591	0.022787
2679	6592	0.0209174
1351	6592	0.0209174
4396	6593	0.0207488
6592	6593	0.0207488
4690	6594	0.0207375
6593	6594	0.0207375
3759	6595	0.0209738
6463	6595	0.0209738
6561	6596	0.0209687
1704	6596	0.0209687
6596	6597	0.0209618
6564	6597	0.0209618
6571	6597	0.0209618
6579	6597	0.0209618
6597	6598	0.0208979
6395	6598	0.0208979
6598	6599	0.0208844
6449	6599	0.0208844
6599	6600	0.0208197
2243	6600	0.0208197
6600	6601	0.0207938
4062	6601	0.0207938
6601	6602	0.0207854
6454	6602	0.0207854
6602	6603	0.0207779
1096	6603	0.0207779
6603	6604	0.0206748
4024	6604	0.0206748
6604	6605	0.0206671
4561	6605	0.0206671
4495	6606	0.0206521
6605	6606	0.0206521
6606	6607	0.0206469
2371	6607	0.0206469
663	6608	0.0206395
6607	6608	0.0206395
2685	6609	0.0206309
6608	6609	0.0206309
6609	6610	0.0206196
2624	6610	0.0206196
6610	6611	0.0206068
6577	6611	0.0206068
6611	6612	0.0206017
6591	6612	0.0206017
581	6613	0.0205823
6612	6613	0.0205823
6613	6614	0.0205786
3577	6614	0.0205786
3306	6615	0.0205527
6614	6615	0.0205527
2179	6616	0.020544
6615	6616	0.020544
3549	6617	0.020522
6616	6617	0.020522
6373	6618	0.0205335
3414	6618	0.0205335
6585	6619	0.0209227
674	6619	0.0209227
6412	6620	0.020824
4660	6620	0.020824
5810	6621	0.0204936
6617	6621	0.0204936
488	6622	0.0204784
6621	6622	0.0204784
1394	6623	0.0204473
6622	6623	0.0204473
6623	6624	0.0204449
6572	6624	0.0204449
494	6625	0.0204375
6624	6625	0.0204375
6625	6626	0.0204324
4842	6626	0.0204324
6626	6627	0.0204094
4089	6627	0.0204094
4177	6628	0.0204526
6584	6628	0.0204526
4897	6629	0.0203829
6627	6629	0.0203829
4130	6630	0.0203668
6629	6630	0.0203668
6630	6631	0.020353
6628	6631	0.020353
6631	6632	0.0203517
4283	6632	0.0203517
6632	6633	0.0203113
1759	6633	0.0203113
3068	6634	0.0203036
6633	6634	0.0203036
6634	6635	0.0202951
3345	6635	0.0202951
6635	6636	0.0202748
6576	6636	0.0202748
6587	6636	0.0202748
5668	6637	0.0202668
6636	6637	0.0202668
2723	6637	0.0202668
6583	6637	0.0202668
6637	6638	0.0202512
6580	6638	0.0202512
6638	6639	0.0202482
172	6639	0.0202482
5834	6640	0.0202418
6639	6640	0.0202418
6640	6641	0.0202247
6618	6641	0.0202247
6619	6641	0.0202247
2701	6641	0.0202247
6641	6642	0.0202151
1461	6642	0.0202151
6595	6643	0.0202018
6642	6643	0.0202018
1507	6643	0.0202018
6460	6644	0.0201801
6643	6644	0.0201801
4813	6645	0.0201724
6644	6645	0.0201724
6645	6646	0.0201675
869	6646	0.0201675
6590	6646	0.0201675
2691	6647	0.0201422
6646	6647	0.0201422
6647	6648	0.020133
6620	6648	0.020133
6648	6649	0.020128
2564	6649	0.020128
6332	6650	0.0205285
6573	6650	0.0205285
745	6650	0.0205285
4439	6651	0.0202551
2029	6651	0.0202551
6441	6652	0.0208883
1546	6652	0.0208883
549	6653	0.0201155
6649	6653	0.0201155
6653	6654	0.0200877
4071	6654	0.0200877
5931	6655	0.0200694
6654	6655	0.0200694
6461	6656	0.0200206
6655	6656	0.0200206
3435	6656	0.0200206
2518	6657	0.0200085
6656	6657	0.0200085
6657	6658	0.0199878
6562	6658	0.0199878
6650	6658	0.0199878
2869	6658	0.0199878
6658	6659	0.0199817
6652	6659	0.0199817
1444	6659	0.0199817
839	6660	0.0199657
6659	6660	0.0199657
6660	6661	0.0199609
6439	6661	0.0199609
2093	6662	0.0199577
6661	6662	0.0199577
3202	6663	0.0199463
6662	6663	0.0199463
6663	6664	0.0199218
3594	6664	0.0199218
4583	6665	0.0199166
6664	6665	0.0199166
6665	6666	0.0199141
605	6666	0.0199141
25	6667	0.0201134
6589	6667	0.0201134
5013	6668	0.0199058
6666	6668	0.0199058
6668	6669	0.0198972
2968	6669	0.0198972
3085	6670	0.0198828
6669	6670	0.0198828
6670	6671	0.0198668
3798	6671	0.0198668
5949	6672	0.0198653
6671	6672	0.0198653
874	6673	0.0198382
6672	6673	0.0198382
6673	6674	0.0198337
6588	6674	0.0198337
3741	6675	0.019826
6674	6675	0.019826
5885	6676	0.0198128
6675	6676	0.0198128
6574	6677	0.0197685
6676	6677	0.0197685
6677	6678	0.0197209
1944	6678	0.0197209
6678	6679	0.0197172
6667	6679	0.0197172
6679	6680	0.0197134
2610	6680	0.0197134
6680	6681	0.0197034
3237	6681	0.0197034
3490	6681	0.0197034
6681	6682	0.0196944
6651	6682	0.0196944
5924	6683	0.0196876
6682	6683	0.0196876
2815	6683	0.0196876
6683	6684	0.0196809
5001	6684	0.0196809
6684	6685	0.0196792
4155	6685	0.0196792
6594	6686	0.0196149
6685	6686	0.0196149
6686	6687	0.0195932
407	6687	0.0195932
6434	6688	0.0195855
6687	6688	0.0195855
159	6688	0.0195855
4760	6688	0.0195855
6688	6689	0.0195748
86	6689	0.0195748
2605	6690	0.0195448
6689	6690	0.0195448
6690	6691	0.0195297
4442	6691	0.0195297
861	6692	0.0195234
6691	6692	0.0195234
6692	6693	0.0195166
2391	6693	0.0195166
6693	6694	0.019506
3945	6694	0.019506
4054	6695	0.0195008
6694	6695	0.0195008
6695	6696	0.019498
531	6696	0.019498
6696	6697	0.0194893
1425	6697	0.0194893
2192	6698	0.0194877
6697	6698	0.0194877
6698	6699	0.0194719
1067	6699	0.0194719
3179	6700	0.0194664
6699	6700	0.0194664
6465	6701	0.0194617
6700	6701	0.0194617
6701	6702	0.0194519
3260	6702	0.0194519
6582	6703	0.0194519
2181	6703	0.0194519
6702	6704	0.0194474
2607	6704	0.0194474
6704	6705	0.0194324
6703	6705	0.0194324
1517	6705	0.0194324
5837	6706	0.0194304
6705	6706	0.0194304
4042	6707	0.0193802
6706	6707	0.0193802
4192	6708	0.0193729
6707	6708	0.0193729
2530	6709	0.0193775
113	6709	0.0193775
6708	6710	0.0193709
6709	6710	0.0193709
6312	6711	0.0223061
6315	6711	0.0223061
6711	6712	0.0215997
6317	6712	0.0215997
6355	6713	0.0225556
6363	6713	0.0225556
6713	6714	0.0211086
3581	6714	0.0211086
6712	6715	0.0209702
5763	6715	0.0209702
4139	6716	0.020588
6714	6716	0.020588
6715	6717	0.019538
6716	6717	0.019538
6321	6718	0.0220938
2539	6718	0.0220938
6718	6719	0.0215722
1335	6719	0.0215722
701	6720	0.0213396
6719	6720	0.0213396
1129	6721	0.0199211
6720	6721	0.0199211
6721	6722	0.0196903
1079	6722	0.0196903
1887	6723	0.0195451
6722	6723	0.0195451
6353	6724	0.0200116
1182	6724	0.0200116
6361	6725	0.02136
2270	6725	0.02136
6725	6726	0.0212029
410	6726	0.0212029
3335	6727	0.0212164
371	6727	0.0212164
758	6728	0.020394
2246	6728	0.020394
3375	6729	0.0199297
6728	6729	0.0199297
6403	6730	0.0198154
1385	6730	0.0198154
2765	6731	0.0219583
6418	6731	0.0219583
6731	6732	0.0194234
1691	6732	0.0194234
690	6733	0.0199633
641	6733	0.0199633
4489	6734	0.0208732
4906	6734	0.0208732
6426	6735	0.0222236
6429	6735	0.0222236
6734	6736	0.0193964
6735	6736	0.0193964
5824	6737	0.0215196
897	6737	0.0215196
5873	6738	0.0194198
1753	6738	0.0194198
2785	6739	0.0204076
1863	6739	0.0204076
5898	6740	0.0201825
5003	6740	0.0201825
4212	6741	0.0202086
2792	6741	0.0202086
2973	6742	0.0218807
4229	6742	0.0218807
2188	6743	0.0187149
569	6743	0.0187149
4423	6744	0.0188001
6425	6744	0.0188001
3452	6745	0.0187804
6744	6745	0.0187804
5948	6746	0.0188104
2649	6746	0.0188104
2557	6747	0.0192947
5782	6747	0.0192947
6710	6748	0.0193653
3608	6748	0.0193653
6748	6749	0.0193542
285	6749	0.0193542
6749	6750	0.019313
1541	6750	0.019313
6750	6751	0.019288
3001	6751	0.019288
6751	6752	0.0192701
2280	6752	0.0192701
6752	6753	0.0192686
6738	6753	0.0192686
6753	6754	0.019268
1185	6754	0.019268
6727	6755	0.0193081
3270	6755	0.0193081
2711	6756	0.0192603
6754	6756	0.0192603
6756	6757	0.0192586
6755	6757	0.0192586
3533	6758	0.0192292
6757	6758	0.0192292
4889	6759	0.0192259
6758	6759	0.0192259
6759	6760	0.0191882
6	6760	0.0191882
1037	6761	0.0191661
6760	6761	0.0191661
1641	6762	0.0191338
6761	6762	0.0191338
2818	6763	0.0191325
6762	6763	0.0191325
4981	6764	0.0191305
6763	6764	0.0191305
4490	6764	0.0191305
6764	6765	0.0191242
4798	6765	0.0191242
2377	6766	0.0191062
6765	6766	0.0191062
6399	6767	0.0190946
6766	6767	0.0190946
1879	6767	0.0190946
6767	6768	0.0190488
6729	6768	0.0190488
511	6769	0.0190442
2009	6769	0.0190442
4133	6769	0.0190442
6768	6769	0.0190442
4976	6770	0.0190299
6769	6770	0.0190299
1938	6771	0.0190055
6770	6771	0.0190055
6771	6772	0.0189877
310	6772	0.0189877
2020	6773	0.0189697
6772	6773	0.0189697
6773	6774	0.0189637
2185	6774	0.0189637
16	6775	0.0189567
6774	6775	0.0189567
6450	6776	0.0189552
6775	6776	0.0189552
6717	6777	0.0190025
6443	6777	0.0190025
2070	6778	0.0190897
6741	6778	0.0190897
1624	6779	0.0189465
6776	6779	0.0189465
6779	6780	0.0189447
1482	6780	0.0189447
144	6781	0.018938
6780	6781	0.018938
6781	6782	0.0189234
3463	6782	0.0189234
263	6783	0.0189209
6782	6783	0.0189209
3563	6784	0.0189183
6783	6784	0.0189183
6784	6785	0.0189161
5034	6785	0.0189161
6785	6786	0.0188866
4263	6786	0.0188866
6786	6787	0.0188814
1208	6787	0.0188814
6459	6788	0.0188713
6787	6788	0.0188713
6788	6789	0.0188643
4675	6789	0.0188643
6789	6790	0.0188538
1889	6790	0.0188538
6402	6791	0.0188713
6777	6791	0.0188713
6455	6792	0.0188485
6790	6792	0.0188485
6791	6792	0.0188485
6447	6792	0.0188485
6452	6793	0.0188474
6792	6793	0.0188474
1301	6794	0.0188239
6793	6794	0.0188239
4146	6795	0.0188153
6794	6795	0.0188153
6795	6796	0.0188104
4166	6796	0.0188104
6796	6797	0.0188075
1024	6797	0.0188075
6747	6798	0.0188057
6797	6798	0.0188057
6778	6798	0.0188057
6798	6799	0.0187951
48	6799	0.0187951
1369	6800	0.0187844
6799	6800	0.0187844
4838	6801	0.0187757
6800	6801	0.0187757
6801	6802	0.0187625
6382	6802	0.0187625
6802	6803	0.0187352
382	6803	0.0187352
6803	6804	0.0187279
2126	6804	0.0187279
6804	6805	0.0187257
4101	6805	0.0187257
6805	6806	0.0187129
1819	6806	0.0187129
6451	6807	0.0187044
6806	6807	0.0187044
4781	6808	0.0187015
6807	6808	0.0187015
3135	6809	0.0186721
6808	6809	0.0186721
393	6810	0.0192167
6732	6810	0.0192167
490	6811	0.0188514
2956	6811	0.0188514
3767	6812	0.0186702
6809	6812	0.0186702
2466	6813	0.018666
6812	6813	0.018666
2177	6813	0.018666
548	6814	0.0186375
6813	6814	0.0186375
6814	6815	0.0186167
4413	6815	0.0186167
4260	6816	0.0186129
6815	6816	0.0186129
6420	6817	0.0185926
6816	6817	0.0185926
2375	6818	0.0185871
3412	6818	0.0185871
6817	6818	0.0185871
6818	6819	0.0185619
4651	6819	0.0185619
6819	6820	0.018543
2320	6820	0.018543
6820	6821	0.0185195
355	6821	0.0185195
4337	6822	0.0185147
6821	6822	0.0185147
6822	6823	0.0184924
6726	6823	0.0184924
6823	6824	0.0184776
4501	6824	0.0184776
6458	6825	0.0184712
6824	6825	0.0184712
2183	6826	0.0184671
6825	6826	0.0184671
6826	6827	0.0184645
383	6827	0.0184645
3991	6827	0.0184645
6827	6828	0.0184458
3309	6828	0.0184458
6828	6829	0.0184253
1843	6829	0.0184253
6829	6830	0.0184126
6723	6830	0.0184126
6830	6831	0.0184067
1827	6831	0.0184067
385	6832	0.0183566
6831	6832	0.0183566
6746	6833	0.0183381
6832	6833	0.0183381
6833	6834	0.0183343
3109	6834	0.0183343
6834	6835	0.0183174
6810	6835	0.0183174
1031	6835	0.0183174
6835	6836	0.018295
229	6836	0.018295
5793	6837	0.0182942
6836	6837	0.0182942
2925	6838	0.0185063
4391	6838	0.0185063
6837	6839	0.0182813
1003	6839	0.0182813
154	6840	0.0182615
6839	6840	0.0182615
3868	6841	0.0182482
6840	6841	0.0182482
5887	6842	0.0182475
6841	6842	0.0182475
6842	6843	0.0182445
2946	6843	0.0182445
6843	6844	0.0182141
4406	6844	0.0182141
6844	6845	0.0182129
1001	6845	0.0182129
6845	6846	0.0182043
6740	6846	0.0182043
6435	6847	0.0181873
6846	6847	0.0181873
6847	6848	0.0181646
1513	6848	0.0181646
3574	6849	0.0181561
6309	6849	0.0181561
6848	6849	0.0181561
1386	6849	0.0181561
6849	6850	0.018139
6838	6850	0.018139
6850	6851	0.0181208
280	6851	0.0181208
107	6852	0.0181178
6851	6852	0.0181178
6852	6853	0.0181124
1754	6853	0.0181124
6811	6854	0.018109
6853	6854	0.018109
3448	6855	0.0181084
6854	6855	0.0181084
4751	6856	0.0180947
6855	6856	0.0180947
6856	6857	0.0180921
1710	6857	0.0180921
2906	6858	0.0180903
6857	6858	0.0180903
4786	6859	0.0180693
6858	6859	0.0180693
6859	6860	0.0180555
6742	6860	0.0180555
6860	6861	0.0180239
6422	6861	0.0180239
6861	6862	0.0179992
2386	6862	0.0179992
2540	6863	0.0179845
6862	6863	0.0179845
798	6864	0.0179804
6863	6864	0.0179804
3230	6865	0.0179756
6864	6865	0.0179756
6865	6866	0.0179738
536	6866	0.0179738
6730	6867	0.018012
547	6867	0.018012
4594	6868	0.0181503
1518	6868	0.0181503
1628	6869	0.0188555
2621	6869	0.0188555
2172	6870	0.018075
2240	6870	0.018075
6743	6871	0.0179588
6866	6871	0.0179588
4027	6872	0.0179538
6871	6872	0.0179538
1680	6873	0.0179405
6872	6873	0.0179405
1618	6874	0.0179351
6873	6874	0.0179351
5876	6875	0.0179262
6874	6875	0.0179262
2323	6875	0.0179262
6401	6876	0.0179195
6875	6876	0.0179195
6876	6877	0.0179118
108	6877	0.0179118
583	6878	0.0178975
6877	6878	0.0178975
6878	6879	0.01788
1413	6879	0.01788
115	6880	0.0178749
6879	6880	0.0178749
2330	6881	0.0178703
6880	6881	0.0178703
2056	6882	0.0178581
3261	6882	0.0178581
6881	6882	0.0178581
6882	6883	0.0178547
4525	6883	0.0178547
6883	6884	0.0178535
2855	6884	0.0178535
6884	6885	0.0178368
3996	6885	0.0178368
3373	6886	0.0178251
3688	6886	0.0178251
3854	6886	0.0178251
6885	6886	0.0178251
6886	6887	0.0178232
473	6887	0.0178232
6887	6888	0.0177998
3312	6888	0.0177998
6888	6889	0.0177978
2570	6889	0.0177978
6889	6890	0.0177812
576	6890	0.0177812
156	6891	0.017771
6890	6891	0.017771
6891	6892	0.0177643
6724	6892	0.0177643
6892	6893	0.0177632
4885	6893	0.0177632
6893	6894	0.0177488
6736	6894	0.0177488
6737	6895	0.0177376
6894	6895	0.0177376
6895	6896	0.0177064
1977	6896	0.0177064
6896	6897	0.0177033
3699	6897	0.0177033
6897	6898	0.0176887
2187	6898	0.0176887
5770	6899	0.0176836
6898	6899	0.0176836
4245	6900	0.017674
6899	6900	0.017674
6900	6901	0.017666
509	6901	0.017666
6901	6902	0.0176521
6868	6902	0.0176521
3188	6903	0.0176004
6902	6903	0.0176004
5795	6904	0.0175983
6903	6904	0.0175983
6414	6905	0.0175957
6904	6905	0.0175957
6905	6906	0.0175874
1059	6906	0.0175874
6423	6907	0.0175802
6906	6907	0.0175802
6907	6908	0.0175771
1282	6908	0.0175771
2907	6909	0.0175585
6908	6909	0.0175585
1822	6910	0.0175521
6909	6910	0.0175521
5890	6911	0.0175389
6910	6911	0.0175389
6911	6912	0.0175175
947	6912	0.0175175
6912	6913	0.0174847
2858	6913	0.0174847
50	6914	0.0174836
6913	6914	0.0174836
75	6915	0.0176515
1381	6915	0.0176515
6914	6916	0.0174805
111	6916	0.0174805
6916	6917	0.0174643
1793	6917	0.0174643
6917	6918	0.0174355
33	6918	0.0174355
6918	6919	0.0174038
1352	6919	0.0174038
6919	6920	0.0174009
6915	6920	0.0174009
6920	6921	0.0173961
1462	6921	0.0173961
6921	6922	0.0173906
1122	6922	0.0173906
3617	6923	0.0173787
6922	6923	0.0173787
501	6924	0.0173745
6923	6924	0.0173745
6924	6925	0.0173635
1622	6925	0.0173635
1726	6926	0.0173509
5899	6926	0.0173509
6925	6926	0.0173509
6926	6927	0.0173465
4159	6927	0.0173465
881	6928	0.0173309
6927	6928	0.0173309
6733	6928	0.0173309
6928	6929	0.017317
352	6929	0.017317
6338	6930	0.0174706
1164	6930	0.0174706
6929	6931	0.0172975
3693	6931	0.0172975
6931	6932	0.0172959
51	6932	0.0172959
6932	6933	0.0172867
2468	6933	0.0172867
451	6934	0.0172842
6933	6934	0.0172842
6934	6935	0.0172603
44	6935	0.0172603
2867	6936	0.0172587
6935	6936	0.0172587
6936	6937	0.0172494
2437	6937	0.0172494
6937	6938	0.0172318
6739	6938	0.0172318
6362	6939	0.0172137
6938	6939	0.0172137
6939	6940	0.0171989
329	6940	0.0171989
6940	6941	0.0171508
2100	6941	0.0171508
3159	6942	0.0171482
6941	6942	0.0171482
3376	6943	0.0171444
6942	6943	0.0171444
5784	6944	0.017125
6943	6944	0.017125
6745	6945	0.0171179
6944	6945	0.0171179
6945	6946	0.0171125
597	6946	0.0171125
6946	6947	0.0171017
4718	6947	0.0171017
5358	6948	0.017048
6310	6948	0.017048
6947	6948	0.017048
6948	6949	0.0170457
2198	6949	0.0170457
6949	6950	0.0170101
1248	6950	0.0170101
6950	6951	0.017009
6869	6951	0.017009
1975	6951	0.017009
6870	6951	0.017009
6951	6952	0.0170069
3278	6952	0.0170069
780	6953	0.0170027
6952	6953	0.0170027
6953	6954	0.016998
3669	6954	0.016998
6954	6955	0.0169936
1702	6955	0.0169936
5950	6956	0.016986
6955	6956	0.016986
3333	6957	0.01705
2528	6957	0.01705
1898	6958	0.0169689
6956	6958	0.0169689
1215	6958	0.0169689
6958	6959	0.0169518
1116	6959	0.0169518
5878	6960	0.0169509
6959	6960	0.0169509
4428	6961	0.0169467
6960	6961	0.0169467
1216	6962	0.0169393
6961	6962	0.0169393
3227	6963	0.0169343
6962	6963	0.0169343
6963	6964	0.0169334
6867	6964	0.0169334
588	6964	0.0169334
6964	6965	0.0168956
2825	6965	0.0168956
5842	6966	0.0168823
6965	6966	0.0168823
4502	6966	0.0168823
2880	6967	0.0168678
6966	6967	0.0168678
2677	6967	0.0168678
6967	6968	0.0168655
6957	6968	0.0168655
1560	6969	0.016841
6968	6969	0.016841
892	6969	0.016841
6969	6970	0.0168278
3090	6970	0.0168278
6970	6971	0.0167979
6930	6971	0.0167979
1845	6972	0.0167969
6971	6972	0.0167969
6972	6973	0.0167933
762	6973	0.0167933
5571	6974	0.0167903
6973	6974	0.0167903
6974	6975	0.0167385
2158	6975	0.0167385
3123	6976	0.0167371
6975	6976	0.0167371
6976	6977	0.0167307
4627	6977	0.0167307
4621	6978	0.0167295
6977	6978	0.0167295
955	6979	0.0167207
6978	6979	0.0167207
5910	6980	0.0166807
6979	6980	0.0166807
6980	6981	0.0166703
542	6981	0.0166703
6456	6982	0.0166637
6981	6982	0.0166637
6982	6983	0.0166559
756	6983	0.0166559
4362	6983	0.0166559
1258	6984	0.0166515
6983	6984	0.0166515
6984	6985	0.0166495
253	6985	0.0166495
1524	6986	0.0618941
3907	6986	0.0618941
414	6987	0.0520001
6986	6987	0.0520001
1739	6988	0.340178
22	6988	0.340178
29	6989	0.0688087
4742	6989	0.0688087
1214	6990	0.108856
259	6990	0.108856
1781	6991	0.0979718
2462	6991	0.0979718
6991	6992	0.0797733
250	6992	0.0797733
6990	6993	0.079538
6992	6993	0.079538
38	6994	0.0318822
2362	6994	0.0318822
902	6995	0.0339524
996	6995	0.0339524
189	6996	0.0513104
3390	6996	0.0513104
1144	6997	0.0494914
6996	6997	0.0494914
6997	6998	0.036048
886	6998	0.036048
2138	6999	0.0338718
6998	6999	0.0338718
2866	7000	0.0264387
2236	7000	0.0264387
3874	7001	0.0243768
7000	7001	0.0243768
1740	7002	0.0203571
2285	7002	0.0203571
7001	7003	0.0176999
976	7003	0.0176999
7002	7003	0.0176999
7003	7004	0.0167751
1410	7004	0.0167751
3525	7005	0.0199009
3028	7005	0.0199009
7005	7006	0.0182824
3888	7006	0.0182824
7006	7007	0.0167943
3461	7007	0.0167943
166	7008	0.0897805
1222	7008	0.0897805
7008	7009	0.077159
3036	7009	0.077159
7009	7010	0.0624443
56	7010	0.0624443
1510	7011	0.0602942
2696	7011	0.0602942
7010	7012	0.0602163
7011	7012	0.0602163
7012	7013	0.0574196
3968	7013	0.0574196
7013	7014	0.0561353
1389	7014	0.0561353
907	7015	0.0549157
7014	7015	0.0549157
7015	7016	0.0492786
2806	7016	0.0492786
7016	7017	0.0476802
477	7017	0.0476802
7017	7018	0.0433783
2893	7018	0.0433783
4231	7019	0.0428877
7018	7019	0.0428877
7019	7020	0.0409057
4328	7020	0.0409057
7020	7021	0.0375047
1367	7021	0.0375047
4940	7022	0.032735
2238	7022	0.032735
7022	7023	0.0177098
64	7023	0.0177098
3122	7024	0.0484221
67	7024	0.0484221
977	7025	0.0462419
3451	7025	0.0462419
1931	7026	0.0814904
4715	7026	0.0814904
7026	7027	0.0810599
262	7027	0.0810599
7027	7028	0.0729256
1930	7028	0.0729256
4609	7029	0.0512437
7028	7029	0.0512437
7029	7030	0.0474519
660	7030	0.0474519
1952	7031	0.0557885
68	7031	0.0557885
3976	7032	0.0509255
7031	7032	0.0509255
7032	7033	0.0221321
1631	7033	0.0221321
7033	7034	0.0176785
2097	7034	0.0176785
74	7035	0.0280237
3042	7035	0.0280237
81	7036	0.0266115
1958	7036	0.0266115
7036	7037	0.0252826
386	7037	0.0252826
167	7038	0.0215368
7037	7038	0.0215368
2750	7039	0.0215093
7038	7039	0.0215093
88	7040	0.0167473
1135	7040	0.0167473
1218	7041	0.017785
327	7041	0.017785
4922	7042	0.0827988
4912	7042	0.0827988
7042	7043	0.0646675
4916	7043	0.0646675
7043	7044	0.0608091
4663	7044	0.0608091
442	7045	0.0517439
7044	7045	0.0517439
4832	7046	0.0384711
7045	7046	0.0384711
4909	7047	0.03593
7046	7047	0.03593
388	7048	0.0622075
3409	7048	0.0622075
7048	7049	0.0589229
359	7049	0.0589229
7049	7050	0.0525104
1156	7050	0.0525104
3934	7051	0.080794
2753	7051	0.080794
7051	7052	0.0600104
4288	7052	0.0600104
128	7053	0.0317664
636	7053	0.0317664
7053	7054	0.0244752
3879	7054	0.0244752
7054	7055	0.0196677
2174	7055	0.0196677
3856	7056	0.0225573
3952	7056	0.0225573
7056	7057	0.0203743
1184	7057	0.0203743
4440	7058	0.0186636
7057	7058	0.0186636
2254	7059	0.0217192
2427	7059	0.0217192
4325	7060	0.0200222
4888	7060	0.0200222
7060	7061	0.0200113
7059	7061	0.0200113
7061	7062	0.0178377
3834	7062	0.0178377
7062	7063	0.0168631
387	7063	0.0168631
3915	7064	0.0207608
3507	7064	0.0207608
4534	7065	0.0502009
4163	7065	0.0502009
1635	7066	0.462078
408	7066	0.462078
2408	7067	0.0204173
7066	7067	0.0204173
4553	7068	0.295781
1411	7068	0.295781
1151	7069	0.131506
1651	7069	0.131506
3308	7070	0.0628161
984	7070	0.0628161
2253	7071	0.0447843
3521	7071	0.0447843
2653	7072	0.0741295
4303	7072	0.0741295
4414	7072	0.0741295
136	7073	0.0732293
7072	7073	0.0732293
838	7074	0.0692967
7073	7074	0.0692967
1806	7075	0.065799
7074	7075	0.065799
7075	7076	0.0608995
481	7076	0.0608995
3618	7077	0.0532296
7076	7077	0.0532296
7077	7078	0.0359103
2250	7078	0.0359103
931	7079	0.0345935
2959	7079	0.0345935
7078	7080	0.0342488
7079	7080	0.0342488
2186	7081	0.212416
832	7081	0.212416
7081	7082	0.0403094
3037	7082	0.0403094
4640	7082	0.0403094
119	7083	0.0280322
7082	7083	0.0280322
7083	7084	0.0195932
228	7084	0.0195932
117	7085	0.267057
2137	7085	0.267057
4336	7086	0.256979
3905	7086	0.256979
3426	7087	0.0329463
598	7087	0.0329463
3768	7088	0.0264555
3160	7088	0.0264555
625	7089	0.178696
3602	7089	0.178696
7089	7090	0.128291
1377	7090	0.128291
3800	7091	0.12619
7090	7091	0.12619
1160	7092	0.0700366
1925	7092	0.0700366
2817	7093	0.0342486
4128	7093	0.0342486
7093	7094	0.0202321
2071	7094	0.0202321
7092	7095	0.0196903
7094	7095	0.0196903
3695	7096	0.0188425
7095	7096	0.0188425
866	7097	0.035191
1171	7097	0.035191
2699	7098	0.0497646
1928	7098	0.0497646
2434	7099	0.0241593
7097	7099	0.0241593
7098	7100	0.017993
7099	7100	0.017993
585	7101	0.0454743
1470	7101	0.0454743
1972	7102	0.0452702
7101	7102	0.0452702
3368	7103	0.0543411
4374	7103	0.0543411
3457	7104	0.150369
152	7104	0.150369
162	7105	0.0391084
237	7105	0.0391084
279	7106	0.0754201
2401	7106	0.0754201
4614	7107	0.0843331
1877	7107	0.0843331
7107	7108	0.072741
2532	7108	0.072741
7106	7109	0.0600737
2715	7109	0.0600737
7108	7110	0.0686387
3015	7110	0.0686387
7110	7111	0.0633421
1945	7111	0.0633421
7111	7112	0.0584932
2305	7112	0.0584932
3074	7113	0.0567171
7112	7113	0.0567171
7109	7114	0.0437416
1080	7114	0.0437416
7114	7115	0.0278341
7113	7115	0.0278341
184	7116	0.19321
3783	7116	0.19321
1963	7117	0.0263179
193	7117	0.0263179
4189	7118	0.0776217
2854	7118	0.0776217
7118	7119	0.0531626
679	7119	0.0531626
7119	7120	0.0331403
1374	7120	0.0331403
3316	7121	0.0264111
7120	7121	0.0264111
401	7122	0.0402105
1736	7122	0.0402105
3814	7123	0.0401239
7122	7123	0.0401239
4226	7124	0.0486773
1416	7124	0.0486773
7124	7125	0.0170359
1415	7125	0.0170359
4402	7126	0.0172236
2744	7126	0.0172236
2820	7127	0.0384176
1690	7127	0.0384176
7127	7128	0.0288267
3604	7128	0.0288267
4524	7129	0.019514
3003	7129	0.019514
7128	7130	0.0190256
7129	7130	0.0190256
472	7131	0.0339505
4480	7131	0.0339505
1750	7132	0.0739998
492	7132	0.0739998
4178	7133	0.0636675
7132	7133	0.0636675
2694	7134	0.107215
1277	7134	0.107215
7134	7135	0.044708
2786	7135	0.044708
1178	7136	0.0171125
231	7136	0.0171125
4973	7137	0.0268827
3014	7137	0.0268827
4905	7138	0.02062
793	7138	0.02062
7137	7139	0.0196899
7138	7139	0.0196899
3723	7140	0.0235999
3696	7140	0.0235999
2572	7141	0.0230405
7140	7141	0.0230405
7141	7142	0.0206984
353	7142	0.0206984
1866	7142	0.0206984
7142	7143	0.0173542
2060	7143	0.0173542
7143	7144	0.0167334
1823	7144	0.0167334
2614	7145	0.126642
4473	7145	0.126642
7145	7146	0.0609062
244	7146	0.0609062
4400	7147	0.0792372
245	7147	0.0792372
362	7148	0.0242444
2656	7148	0.0242444
3056	7149	0.029993
274	7149	0.029993
7149	7150	0.0280576
1609	7150	0.0280576
7150	7151	0.0275972
1362	7151	0.0275972
7151	7152	0.024683
505	7152	0.024683
7152	7153	0.0244597
1474	7153	0.0244597
7153	7154	0.0242624
2266	7154	0.0242624
7154	7155	0.0234856
1328	7155	0.0234856
7155	7156	0.022883
2147	7156	0.022883
7156	7157	0.0185795
1777	7157	0.0185795
7157	7158	0.0176869
4826	7158	0.0176869
4748	7159	0.0798416
275	7159	0.0798416
283	7160	0.0407018
2005	7160	0.0407018
320	7161	0.0383816
735	7161	0.0383816
1561	7162	0.0188325
775	7162	0.0188325
7162	7163	0.0168706
344	7163	0.0168706
289	7164	0.0219236
603	7164	0.0219236
3526	7165	0.0194353
7164	7165	0.0194353
292	7166	0.0541302
1550	7166	0.0541302
296	7167	0.210456
3722	7167	0.210456
1401	7168	0.223497
1049	7168	0.223497
7168	7169	0.179341
4958	7169	0.179341
3504	7170	0.058178
4523	7170	0.058178
4444	7171	0.0654579
4496	7171	0.0654579
7171	7172	0.0535651
1713	7172	0.0535651
590	7173	0.0565839
4430	7173	0.0565839
2897	7174	0.0984961
3599	7174	0.0984961
1205	7175	0.0865709
7174	7175	0.0865709
2284	7176	0.0667385
2961	7176	0.0667385
3248	7177	0.0515839
3901	7177	0.0515839
7173	7178	0.0448471
7177	7178	0.0448471
1317	7179	0.0437954
7178	7179	0.0437954
7176	7180	0.0286482
948	7180	0.0286482
7172	7181	0.0428038
911	7181	0.0428038
7181	7182	0.0294766
4315	7182	0.0294766
7170	7183	0.0292636
7182	7183	0.0292636
7175	7184	0.0265811
7180	7184	0.0265811
7183	7185	0.0272471
297	7185	0.0272471
3024	7186	0.024558
7185	7186	0.024558
7184	7187	0.0224414
7186	7187	0.0224414
7179	7188	0.0178295
7187	7188	0.0178295
3006	7189	0.0891531
318	7189	0.0891531
2861	7190	0.100208
324	7190	0.100208
7190	7191	0.0534828
2472	7191	0.0534828
2950	7192	0.0430244
7191	7192	0.0430244
2611	7193	0.0427225
7192	7193	0.0427225
2210	7194	0.033706
4764	7194	0.033706
2868	7195	0.0242046
7194	7195	0.0242046
3745	7196	0.0719591
1341	7196	0.0719591
345	7197	0.0929912
3436	7197	0.0929912
2059	7198	0.0615116
7197	7198	0.0615116
3005	7199	0.058225
7198	7199	0.058225
7199	7200	0.0337092
2239	7200	0.0337092
1278	7201	0.0208009
4824	7201	0.0208009
1729	7202	0.0280332
389	7202	0.0280332
743	7203	0.0353118
397	7203	0.0353118
412	7204	0.0803965
1074	7204	0.0803965
1091	7205	0.0761488
3207	7205	0.0761488
415	7206	0.0749194
7205	7206	0.0749194
2474	7207	0.0568645
4537	7207	0.0568645
7207	7208	0.0529037
4829	7208	0.0529037
1902	7209	0.0359125
7208	7209	0.0359125
7209	7210	0.0347862
5021	7210	0.0347862
1917	7211	0.0245863
2945	7211	0.0245863
2876	7212	0.0230979
7211	7212	0.0230979
495	7213	0.0239845
2631	7213	0.0239845
7213	7214	0.0206691
3269	7214	0.0206691
7214	7215	0.0198442
884	7215	0.0198442
7215	7216	0.0171042
827	7216	0.0171042
2409	7217	0.0429859
2534	7217	0.0429859
1703	7218	0.109405
753	7218	0.109405
1886	7219	0.0884758
4050	7219	0.0884758
7219	7220	0.0665059
443	7220	0.0665059
7220	7221	0.0537505
808	7221	0.0537505
7221	7222	0.0482159
1368	7222	0.0482159
1296	7223	0.0384512
463	7223	0.0384512
2273	7224	0.0396419
466	7224	0.0396419
2683	7225	0.0296937
7224	7225	0.0296937
7225	7226	0.0290983
3749	7226	0.0290983
4268	7226	0.0290983
3715	7226	0.0290983
2600	7227	0.0836427
4361	7227	0.0836427
7227	7228	0.0709304
1920	7228	0.0709304
7228	7229	0.0406018
474	7229	0.0406018
489	7230	0.0618118
645	7230	0.0618118
1057	7231	0.0579483
2113	7231	0.0579483
7230	7232	0.0577246
7231	7232	0.0577246
3555	7233	0.0256911
4989	7233	0.0256911
496	7234	0.0826078
2032	7234	0.0826078
7234	7235	0.0608842
2520	7235	0.0608842
533	7236	0.0184126
4196	7236	0.0184126
1375	7237	0.0656877
1283	7237	0.0656877
3733	7238	0.0576555
7237	7238	0.0576555
2949	7239	0.0496742
4117	7239	0.0496742
7239	7240	0.0468736
3349	7240	0.0468736
7240	7241	0.0400895
2637	7241	0.0400895
7241	7242	0.036235
3978	7242	0.036235
7242	7243	0.035053
1708	7243	0.035053
7243	7244	0.0336314
4979	7244	0.0336314
7244	7245	0.022382
3707	7245	0.022382
7245	7246	0.0223531
556	7246	0.0223531
7246	7247	0.0209867
4705	7247	0.0209867
7247	7248	0.0192167
4292	7248	0.0192167
7248	7249	0.0185367
2761	7249	0.0185367
7249	7250	0.0178402
4766	7250	0.0178402
7250	7251	0.0170755
3770	7251	0.0170755
1101	7252	0.0606519
3287	7252	0.0606519
3274	7253	0.0494699
7252	7253	0.0494699
7253	7254	0.0337183
1290	7254	0.0337183
965	7255	0.164338
966	7255	0.164338
573	7256	0.017196
1125	7256	0.017196
2301	7257	0.160849
2433	7257	0.160849
2018	7258	0.164186
4103	7258	0.164186
7258	7259	0.0804537
2376	7259	0.0804537
3821	7260	0.0730935
7259	7260	0.0730935
1002	7261	0.0771255
609	7261	0.0771255
7260	7262	0.0647387
7261	7262	0.0647387
2592	7263	0.063431
7262	7263	0.063431
7263	7264	0.0474519
1982	7264	0.0474519
919	7265	0.232868
618	7265	0.232868
4165	7266	0.0245933
627	7266	0.0245933
1000	7267	0.0238797
7266	7267	0.0238797
3964	7268	0.0389884
2516	7268	0.0389884
7268	7269	0.0238516
631	7269	0.0238516
2749	7270	0.142432
650	7270	0.142432
4230	7271	0.166678
999	7271	0.166678
7271	7272	0.149144
1873	7272	0.149144
7270	7273	0.0488988
7272	7273	0.0488988
4668	7274	0.0621218
653	7274	0.0621218
4699	7275	0.0550846
4857	7275	0.0550846
7275	7276	0.0472702
3125	7276	0.0472702
7276	7277	0.0349932
671	7277	0.0349932
681	7278	0.0166793
2194	7278	0.0166793
4481	7279	0.0198367
853	7279	0.0198367
906	7280	0.0446738
713	7280	0.0446738
2630	7281	0.0433185
7280	7281	0.0433185
722	7282	0.0214451
2822	7282	0.0214451
2169	7283	0.0211376
7282	7283	0.0211376
1922	7284	0.0507445
2845	7284	0.0507445
7284	7285	0.025714
3492	7285	0.025714
2519	7286	0.035535
728	7286	0.035535
4528	7287	0.0329055
7286	7287	0.0329055
2027	7288	0.0283399
7287	7288	0.0283399
2682	7289	0.0891903
730	7289	0.0891903
4587	7290	0.0255538
1511	7290	0.0255538
7290	7291	0.0184491
1872	7291	0.0184491
4866	7292	0.057506
736	7292	0.057506
1086	7293	0.0476636
741	7293	0.0476636
4008	7294	0.0473072
7293	7294	0.0473072
7294	7295	0.0446539
3108	7295	0.0446539
7295	7296	0.0282028
3098	7296	0.0282028
1379	7297	0.0235999
3145	7297	0.0235999
7296	7298	0.0222859
7297	7298	0.0222859
1371	7299	0.0196035
7298	7299	0.0196035
7299	7300	0.0191527
1973	7300	0.0191527
2712	7301	0.0182828
7300	7301	0.0182828
3578	7302	0.121702
4464	7302	0.121702
7302	7303	0.0649561
742	7303	0.0649561
7303	7304	0.0524596
3702	7304	0.0524596
5000	7305	0.394006
830	7305	0.394006
1600	7306	0.0515448
5012	7306	0.0515448
7306	7307	0.0252549
4426	7307	0.0252549
828	7308	0.0827123
4113	7308	0.0827123
2673	7309	0.0212457
2314	7309	0.0212457
2127	7310	0.0844994
3471	7310	0.0844994
7310	7311	0.0318439
2732	7311	0.0318439
3310	7312	0.0890915
2595	7312	0.0890915
3740	7313	0.0810152
922	7313	0.0810152
3488	7314	0.0198813
2087	7314	0.0198813
3194	7315	0.132284
1579	7315	0.132284
4093	7316	0.0584632
946	7316	0.0584632
4512	7317	0.0270134
7316	7317	0.0270134
973	7318	0.022357
1242	7318	0.022357
2493	7319	0.0754368
1139	7319	0.0754368
1731	7320	0.126237
995	7320	0.126237
4446	7321	0.0976206
7320	7321	0.0976206
2525	7322	0.078381
2162	7322	0.078381
7322	7323	0.0777871
3986	7323	0.0777871
7323	7324	0.0738397
2954	7324	0.0738397
7324	7325	0.0608593
3350	7325	0.0608593
7325	7326	0.0380552
1008	7326	0.0380552
7326	7327	0.0294307
3841	7327	0.0294307
1014	7328	0.0803762
4710	7328	0.0803762
2139	7329	0.0479079
7328	7329	0.0479079
7329	7330	0.0264445
3208	7330	0.0264445
1029	7331	0.0320919
1108	7331	0.0320919
4698	7332	0.0716851
4696	7332	0.0716851
2526	7333	0.0845858
1041	7333	0.0845858
2720	7334	0.236258
1045	7334	0.236258
7334	7335	0.117055
3850	7335	0.117055
3444	7336	0.0288897
1053	7336	0.0288897
3439	7336	0.0288897
3607	7337	0.0184126
7336	7337	0.0184126
3071	7338	0.0181736
3377	7338	0.0181736
3654	7339	0.288362
2804	7339	0.288362
1095	7340	0.112518
4095	7340	0.112518
1813	7341	0.0230887
1121	7341	0.0230887
7341	7342	0.0222042
4564	7342	0.0222042
7342	7343	0.0166826
3455	7343	0.0166826
4269	7344	0.0759138
4252	7344	0.0759138
7344	7345	0.0609115
4270	7345	0.0609115
3010	7346	0.0539748
1962	7346	0.0539748
7345	7347	0.0455863
7346	7347	0.0455863
2008	7348	0.0212432
1157	7348	0.0212432
4436	7349	0.0232504
1163	7349	0.0232504
1166	7350	0.0693124
1910	7350	0.0693124
1677	7351	0.0421395
1355	7351	0.0421395
2601	7352	0.0949564
1220	7352	0.0949564
4600	7353	0.0732206
1293	7353	0.0732206
7353	7354	0.0268338
4021	7354	0.0268338
2338	7355	0.303702
3536	7355	0.303702
2669	7356	0.0210244
3070	7356	0.0210244
1532	7357	0.360635
2767	7357	0.360635
7357	7358	0.150058
1239	7358	0.150058
3871	7359	0.152462
1246	7359	0.152462
4768	7360	0.109894
1260	7360	0.109894
1280	7361	0.0235632
2353	7361	0.0235632
4765	7362	0.0508037
4051	7362	0.0508037
7362	7363	0.0194054
3823	7363	0.0194054
4574	7364	0.0905661
1347	7364	0.0905661
1339	7365	0.0769146
3273	7365	0.0769146
1345	7365	0.0769146
1395	7366	0.0388202
2695	7366	0.0388202
1616	7367	0.0651865
3958	7367	0.0651865
7367	7368	0.0433562
2342	7368	0.0433562
7366	7369	0.0366782
1634	7369	0.0366782
7369	7370	0.0339585
4707	7370	0.0339585
1983	7371	0.0269258
7370	7371	0.0269258
7368	7372	0.0223258
7371	7372	0.0223258
7372	7373	0.0182129
3479	7373	0.0182129
1400	7374	0.114028
2144	7374	0.114028
1429	7375	0.0956303
2616	7375	0.0956303
4188	7376	0.04887
3168	7376	0.04887
7376	7377	0.0445139
1816	7377	0.0445139
4529	7378	0.402172
4443	7378	0.402172
7378	7379	0.338264
4327	7379	0.338264
7379	7380	0.306278
4907	7380	0.306278
7380	7381	0.182195
3736	7381	0.182195
7381	7382	0.0282288
1494	7382	0.0282288
4185	7383	0.0234584
7382	7383	0.0234584
1587	7384	0.0248635
1568	7384	0.0248635
3317	7385	0.0356834
1571	7385	0.0356834
4332	7386	0.0280998
1585	7386	0.0280998
4088	7387	0.0245014
7386	7387	0.0245014
2754	7388	0.0503923
3598	7388	0.0503923
2193	7389	0.289002
1664	7389	0.289002
1682	7390	0.0685209
2780	7390	0.0685209
3572	7391	0.042569
1771	7391	0.042569
3279	7392	0.0427643
1766	7392	0.0427643
1782	7393	0.0172162
4862	7393	0.0172162
1797	7394	0.0940802
3690	7394	0.0940802
4081	7395	0.100257
4234	7395	0.100257
1899	7396	0.0790201
4210	7396	0.0790201
4274	7397	0.0750922
7396	7397	0.0750922
4643	7398	0.0971171
1918	7398	0.0971171
4381	7399	0.0997385
1946	7399	0.0997385
3983	7400	0.073225
7399	7400	0.073225
7400	7401	0.0169966
3053	7401	0.0169966
2141	7402	0.0328701
1992	7402	0.0328701
7402	7403	0.0241057
3262	7403	0.0241057
2773	7404	0.178541
2053	7404	0.178541
2229	7405	0.0176088
4483	7405	0.0176088
3033	7406	0.243282
2176	7406	0.243282
3948	7407	0.0420943
2221	7407	0.0420943
2248	7408	0.0611148
2975	7408	0.0611148
2963	7409	0.0526394
3664	7409	0.0526394
4493	7410	0.0346334
3673	7410	0.0346334
3858	7411	0.0306306
3762	7411	0.0306306
7411	7412	0.0232515
3743	7412	0.0232515
7412	7413	0.0202981
3779	7413	0.0202981
7413	7414	0.018197
4759	7414	0.018197
4222	7415	0.0728386
3967	7415	0.0728386
3971	7416	0.0673374
7415	7416	0.0673374
3241	7417	0.0721956
2294	7417	0.0721956
2447	7418	0.0823943
2304	7418	0.0823943
3234	7419	0.104497
3616	7419	0.104497
2965	7420	0.105553
2343	7420	0.105553
2357	7421	0.230523
3148	7421	0.230523
7421	7422	0.0227903
4176	7422	0.0227903
4399	7423	0.0425669
4142	7423	0.0425669
7423	7424	0.0166516
2369	7424	0.0166516
2490	7425	0.0269968
2436	7425	0.0269968
4006	7426	0.39176
2697	7426	0.39176
7426	7427	0.0473797
4317	7427	0.0473797
4514	7428	0.116565
2722	7428	0.116565
3353	7429	0.0636963
2759	7429	0.0636963
3264	7430	0.0723043
2939	7430	0.0723043
4865	7431	0.113164
3019	7431	0.113164
3185	7432	0.145256
3848	7432	0.145256
3689	7433	0.178052
4114	7433	0.178052
7433	7434	0.154806
3489	7434	0.154806
4026	7435	0.0265233
3233	7435	0.0265233
3257	7436	0.0793829
3256	7436	0.0793829
4954	7437	0.0418069
7436	7437	0.0418069
7437	7438	0.0223903
4848	7438	0.0223903
3299	7439	0.166418
4704	7439	0.166418
3410	7440	0.101566
4392	7440	0.101566
3518	7441	0.146257
3538	7441	0.146257
4723	7441	0.146257
4057	7442	0.433872
3566	7442	0.433872
3670	7443	0.0842587
3851	7443	0.0842587
4875	7444	0.0179235
4920	7444	0.0179235
4830	7445	0.0256093
4622	7445	0.0256093
4805	7446	0.0343534
4812	7446	0.0343534
4934	7447	0.025095
4928	7447	0.025095
7086	7448	0.00763322
1105	7448	0.00763322
1038	7449	0.0149356
426	7449	0.0149356
5103	7450	0.00691724
975	7450	0.00691724
2025	7451	0.0133293
2098	7451	0.0133293
7451	7452	0.0109891
3065	7452	0.0109891
7452	7453	0.00746748
5011	7453	0.00746748
3497	7454	0.014412
2366	7454	0.014412
322	7455	0.00787539
2094	7455	0.00787539
1190	7456	0.00723187
7409	7456	0.00723187
2573	7457	0.0070449
572	7457	0.0070449
7439	7458	0.0100012
1932	7458	0.0100012
528	7459	0.00822283
7273	7459	0.00822283
3384	7460	0.0131002
4316	7460	0.0131002
2640	7461	0.0107353
7308	7461	0.0107353
3892	7462	0.00985912
7461	7462	0.00985912
3898	7463	0.0152293
7064	7463	0.0152293
939	7464	0.011796
2823	7464	0.011796
1060	7465	0.0124898
3791	7465	0.0124898
3748	7466	0.00892266
3236	7466	0.00892266
3944	7467	0.0113636
4330	7467	0.0113636
768	7468	0.0149372
2941	7468	0.0149372
2998	7469	0.0117314
4238	7469	0.0117314
3285	7470	0.0154781
4410	7470	0.0154781
1390	7471	0.0147147
2310	7471	0.0147147
800	7472	0.0140287
3132	7472	0.0140287
2646	7473	0.00796605
3623	7473	0.00796605
2394	7474	0.00779898
1767	7474	0.00779898
416	7475	0.0124911
2358	7475	0.0124911
4655	7476	0.0131014
2241	7476	0.0131014
2418	7477	0.0107576
5134	7477	0.0107576
7332	7478	0.0127142
1032	7478	0.0127142
7418	7479	0.012181
7204	7479	0.012181
7269	7480	0.0156983
2110	7480	0.0156983
7103	7481	0.0138665
7438	7481	0.0138665
5138	7482	0.0154582
2411	7482	0.0154582
3058	7483	0.0110702
1147	7483	0.0110702
1219	7484	0.0110502
7483	7484	0.0110502
277	7485	0.0148488
4279	7485	0.0148488
3330	7486	0.0161056
7146	7486	0.0161056
2036	7487	0.0158206
3199	7487	0.0158206
72	7488	0.0141516
3547	7488	0.0141516
3803	7489	0.0132837
4046	7489	0.0132837
1905	7490	0.0164528
3548	7490	0.0164528
3904	7491	0.016408
7490	7491	0.016408
27	7492	0.0150708
4049	7492	0.0150708
3217	7493	0.0154199
4599	7493	0.0154199
2337	7494	0.0129397
5208	7494	0.0129397
7264	7495	0.0137112
3505	7495	0.0137112
4059	7496	0.0131664
1046	7496	0.0131664
2594	7497	0.0148865
429	7497	0.0148865
7212	7498	0.0155563
1646	7498	0.0155563
7348	7499	0.0162391
3195	7499	0.0162391
3769	7500	0.0164644
5102	7500	0.0164644
5154	7501	0.0149775
5155	7501	0.0149775
1856	7502	0.0146846
3030	7502	0.0146846
4277	7503	0.0146205
7502	7503	0.0146205
2618	7504	0.0157626
7130	7504	0.0157626
5077	7505	0.016617
6985	7505	0.016617
595	7506	0.0165643
7505	7506	0.0165643
5097	7507	0.0165566
7506	7507	0.0165566
7507	7508	0.0165301
428	7508	0.0165301
7508	7509	0.0165202
3362	7509	0.0165202
7509	7510	0.0165106
3	7510	0.0165106
3073	7511	0.0164958
7510	7511	0.0164958
7511	7512	0.016485
4282	7512	0.016485
7512	7513	0.0164798
7158	7513	0.0164798
7513	7514	0.0164738
1109	7514	0.0164738
7343	7515	0.0164812
4815	7515	0.0164812
7514	7516	0.016463
4285	7516	0.016463
7516	7517	0.0164485
1891	7517	0.0164485
7515	7517	0.0164485
7517	7518	0.0164383
4148	7518	0.0164383
2865	7519	0.0164373
7518	7519	0.0164373
4111	7520	0.0164328
7519	7520	0.0164328
7520	7521	0.0163879
7188	7521	0.0163879
7521	7522	0.016375
2955	7522	0.016375
7522	7523	0.0163573
2242	7523	0.0163573
7523	7524	0.0163489
3086	7524	0.0163489
5179	7525	0.0163169
7524	7525	0.0163169
7525	7526	0.0163013
1442	7526	0.0163013
6999	7527	0.0164243
7405	7527	0.0164243
461	7528	0.01629
7526	7528	0.01629
7528	7529	0.0162747
1610	7529	0.0162747
7529	7530	0.0162593
1643	7530	0.0162593
7530	7531	0.0162419
7527	7531	0.0162419
5193	7532	0.0161835
7531	7532	0.0161835
7532	7533	0.016175
7403	7533	0.016175
7533	7534	0.0161672
436	7534	0.0161672
7534	7535	0.0161658
4884	7535	0.0161658
7444	7535	0.0161658
7535	7536	0.0161646
4445	7536	0.0161646
7536	7537	0.0161631
7063	7537	0.0161631
5132	7538	0.0161526
7537	7538	0.0161526
7538	7539	0.0161436
4999	7539	0.0161436
7539	7540	0.0161211
1817	7540	0.0161211
3215	7541	0.0161034
7540	7541	0.0161034
7541	7542	0.0160917
1640	7542	0.0160917
692	7543	0.0160855
7542	7543	0.0160855
7543	7544	0.0160841
447	7544	0.0160841
7544	7545	0.0160786
315	7545	0.0160786
1136	7546	0.0160581
7545	7546	0.0160581
7546	7547	0.016055
3680	7547	0.016055
7547	7548	0.0160254
4038	7548	0.0160254
7548	7549	0.0160213
7058	7549	0.0160213
7131	7550	0.0163242
7251	7550	0.0163242
7550	7551	0.0161853
4767	7551	0.0161853
4468	7552	0.0159512
7549	7552	0.0159512
7552	7553	0.0159217
143	7553	0.0159217
7553	7554	0.0159207
2263	7554	0.0159207
7554	7555	0.0159184
7274	7555	0.0159184
2199	7555	0.0159184
7555	7556	0.0159073
14	7556	0.0159073
5004	7557	0.0158988
7556	7557	0.0158988
7557	7558	0.0158968
7551	7558	0.0158968
7558	7559	0.0158806
626	7559	0.0158806
7559	7560	0.0158605
4577	7560	0.0158605
819	7561	0.0158187
7560	7561	0.0158187
7007	7562	0.015854
3786	7562	0.015854
7561	7563	0.015809
1601	7563	0.015809
5142	7564	0.0157983
7563	7564	0.0157983
2361	7565	0.0157865
7080	7565	0.0157865
7564	7565	0.0157865
7301	7566	0.0157585
7565	7566	0.0157585
1598	7566	0.0157585
7566	7567	0.0157335
4449	7567	0.0157335
7567	7568	0.0157271
46	7568	0.0157271
7568	7569	0.015717
4867	7569	0.015717
7569	7570	0.0157125
7040	7570	0.0157125
5170	7571	0.0157078
7570	7571	0.0157078
7571	7572	0.015702
7562	7572	0.015702
45	7572	0.015702
1998	7572	0.015702
7572	7573	0.0156994
2735	7573	0.0156994
3121	7574	0.015741
4478	7574	0.015741
1787	7575	0.0157805
7163	7575	0.0157805
7055	7576	0.0156938
7573	7576	0.0156938
7576	7577	0.0156852
7574	7577	0.0156852
4180	7577	0.0156852
7577	7578	0.0156766
104	7578	0.0156766
7578	7579	0.0156688
4248	7579	0.0156688
7579	7580	0.0156469
2150	7580	0.0156469
7580	7581	0.0156414
7041	7581	0.0156414
7581	7582	0.0156307
3927	7582	0.0156307
5201	7583	0.0156224
7582	7583	0.0156224
7583	7584	0.0156207
7575	7584	0.0156207
7584	7585	0.0155765
512	7585	0.0155765
7585	7586	0.0155715
4629	7586	0.0155715
7291	7587	0.0155685
7586	7587	0.0155685
3802	7588	0.0155677
7587	7588	0.0155677
7588	7589	0.015555
1809	7589	0.015555
5071	7590	0.01555
7589	7590	0.01555
1916	7591	0.0155666
7256	7591	0.0155666
5125	7592	0.0155354
7590	7592	0.0155354
5104	7593	0.0155199
7592	7593	0.0155199
7591	7593	0.0155199
7593	7594	0.0155121
3130	7594	0.0155121
7594	7595	0.0155084
877	7595	0.0155084
7595	7596	0.0155068
4350	7596	0.0155068
1210	7597	0.0164041
2315	7597	0.0164041
7087	7598	0.0159396
3382	7598	0.0159396
2026	7599	0.0156355
1569	7599	0.0156355
3045	7600	0.0161211
3747	7600	0.0161211
1832	7601	0.0155012
7596	7601	0.0155012
5063	7602	0.0154675
7601	7602	0.0154675
7602	7603	0.0154418
3466	7603	0.0154418
7603	7604	0.0154343
2257	7604	0.0154343
1994	7605	0.015417
7604	7605	0.015417
7605	7606	0.0154108
4491	7606	0.0154108
7606	7607	0.0153999
5047	7607	0.0153999
5092	7608	0.0153799
7607	7608	0.0153799
7608	7609	0.0153789
3219	7609	0.0153789
2319	7610	0.015375
7609	7610	0.015375
7610	7611	0.0153735
1034	7611	0.0153735
7611	7612	0.0153653
3365	7612	0.0153653
3422	7613	0.015362
7612	7613	0.015362
7613	7614	0.015358
4835	7614	0.015358
678	7614	0.015358
7614	7615	0.0153517
7278	7615	0.0153517
868	7616	0.0153496
7615	7616	0.0153496
525	7616	0.0153496
7616	7617	0.0153243
4418	7617	0.0153243
7617	7618	0.0153187
7597	7618	0.0153187
7618	7619	0.015314
3758	7619	0.015314
7619	7620	0.0153027
2579	7620	0.0153027
7620	7621	0.0152769
2062	7621	0.0152769
5086	7622	0.0152617
7504	7622	0.0152617
7621	7622	0.0152617
3211	7623	0.0152418
7622	7623	0.0152418
257	7624	0.0152276
7623	7624	0.0152276
1553	7625	0.0152167
7624	7625	0.0152167
3683	7625	0.0152167
4882	7626	0.0152099
7625	7626	0.0152099
7626	7627	0.0152035
801	7627	0.0152035
7627	7628	0.0151983
1013	7628	0.0151983
1849	7629	0.0151844
7628	7629	0.0151844
7195	7630	0.0151768
7629	7630	0.0151768
7283	7631	0.015153
7630	7631	0.015153
7631	7632	0.0151435
2050	7632	0.0151435
7632	7633	0.0151157
1100	7633	0.0151157
3909	7634	0.0151091
7633	7634	0.0151091
567	7635	0.0151034
7634	7635	0.0151034
7635	7636	0.0150924
1453	7636	0.0150924
7599	7636	0.0150924
617	7637	0.0150902
7636	7637	0.0150902
7637	7638	0.0150842
2717	7638	0.0150842
7638	7639	0.0150599
689	7639	0.0150599
2775	7640	0.0150544
7639	7640	0.0150544
7165	7641	0.0153914
2620	7641	0.0153914
7640	7642	0.0150531
513	7642	0.0150531
2647	7643	0.0150473
7642	7643	0.0150473
294	7643	0.0150473
3710	7644	0.0150358
7643	7644	0.0150358
7644	7645	0.0150298
1578	7645	0.0150298
377	7646	0.0150271
7645	7646	0.0150271
272	7646	0.0150271
5184	7647	0.0150194
7646	7647	0.0150194
7647	7648	0.0149984
1438	7648	0.0149984
7648	7649	0.0149454
7373	7649	0.0149454
7649	7650	0.0149185
7600	7650	0.0149185
3498	7650	0.0149185
3592	7651	0.0149177
7650	7651	0.0149177
7651	7652	0.0149163
796	7652	0.0149163
7652	7653	0.014903
374	7653	0.014903
5008	7654	0.0148609
7653	7654	0.0148609
1434	7655	0.0148488
7654	7655	0.0148488
7655	7656	0.0148469
4131	7656	0.0148469
4053	7657	0.0148444
7656	7657	0.0148444
7657	7658	0.0148361
716	7658	0.0148361
336	7658	0.0148361
7658	7659	0.0148186
4616	7659	0.0148186
7659	7660	0.0148005
1155	7660	0.0148005
7660	7661	0.014799
3724	7661	0.014799
7661	7662	0.0147973
7641	7662	0.0147973
2588	7663	0.0147962
7662	7663	0.0147962
7663	7664	0.0147839
3737	7664	0.0147839
5123	7665	0.0147525
7664	7665	0.0147525
7665	7666	0.0147483
3386	7666	0.0147483
4983	7667	0.0147233
7666	7667	0.0147233
7667	7668	0.0147221
1533	7668	0.0147221
441	7668	0.0147221
7668	7669	0.0147086
2871	7669	0.0147086
3514	7669	0.0147086
2674	7670	0.0147039
7669	7670	0.0147039
7670	7671	0.0146901
693	7671	0.0146901
1206	7671	0.0146901
7166	7672	0.0146831
7671	7672	0.0146831
7672	7673	0.014671
7598	7673	0.014671
7673	7674	0.0146705
3112	7674	0.0146705
1391	7675	0.0146674
7674	7675	0.0146674
2048	7676	0.0146559
7675	7676	0.0146559
7676	7677	0.014652
6987	7677	0.014652
17	7677	0.014652
7677	7678	0.0146418
2318	7678	0.0146418
78	7679	0.0146348
7678	7679	0.0146348
7679	7680	0.0146331
1373	7680	0.0146331
7680	7681	0.0146311
2013	7681	0.0146311
7681	7682	0.0146192
5022	7682	0.0146192
380	7683	0.0149014
7004	7683	0.0149014
7683	7684	0.0146875
962	7684	0.0146875
1937	7685	0.0146245
85	7685	0.0146245
7084	7686	0.0155277
106	7686	0.0155277
7096	7687	0.0157094
2567	7687	0.0157094
7144	7688	0.0159207
4012	7688	0.0159207
4948	7689	0.015972
7216	7689	0.015972
444	7690	0.0152444
4686	7690	0.0152444
7340	7691	0.0158014
4372	7691	0.0158014
1445	7692	0.0165185
3584	7692	0.0165185
7692	7693	0.0164161
2129	7693	0.0164161
4184	7694	0.0147324
2076	7694	0.0147324
7682	7695	0.0146122
4105	7695	0.0146122
7695	7696	0.014608
4213	7696	0.014608
7696	7697	0.0146031
2507	7697	0.0146031
7697	7698	0.0145874
3853	7698	0.0145874
7698	7699	0.0145847
4935	7699	0.0145847
7699	7700	0.0145739
746	7700	0.0145739
7700	7701	0.0145693
4242	7701	0.0145693
2990	7702	0.0145636
7701	7702	0.0145636
7702	7703	0.014553
986	7703	0.014553
5161	7704	0.0145315
7703	7704	0.0145315
5140	7705	0.0145216
7704	7705	0.0145216
7705	7706	0.0145118
3788	7706	0.0145118
7706	7707	0.0145051
2760	7707	0.0145051
7707	7708	0.0144883
3476	7708	0.0144883
7708	7709	0.0144724
803	7709	0.0144724
7709	7710	0.0144548
59	7710	0.0144548
7710	7711	0.0144394
1446	7711	0.0144394
2223	7712	0.0144313
7711	7712	0.0144313
7712	7713	0.0144301
4074	7713	0.0144301
5124	7714	0.0144043
5199	7714	0.0144043
7713	7714	0.0144043
7419	7715	0.0143864
7714	7715	0.0143864
1960	7715	0.0143864
7715	7716	0.0143843
4978	7716	0.0143843
7716	7717	0.0143767
459	7717	0.0143767
7354	7717	0.0143767
2047	7718	0.0143709
7717	7718	0.0143709
2902	7718	0.0143709
7718	7719	0.0143701
4586	7719	0.0143701
2644	7720	0.0143396
7719	7720	0.0143396
5118	7721	0.0143263
7720	7721	0.0143263
7721	7722	0.0143249
4833	7722	0.0143249
2626	7723	0.0142843
7722	7723	0.0142843
7021	7723	0.0142843
2917	7723	0.0142843
7689	7723	0.0142843
4209	7724	0.0142662
7723	7724	0.0142662
7724	7725	0.0142637
579	7725	0.0142637
7161	7726	0.0142506
7725	7726	0.0142506
7726	7727	0.0142492
4631	7727	0.0142492
7727	7728	0.0142262
30	7728	0.0142262
7728	7729	0.0142216
708	7729	0.0142216
7729	7730	0.0142165
7691	7730	0.0142165
1007	7731	0.0142123
7730	7731	0.0142123
1696	7732	0.0142032
7731	7732	0.0142032
2538	7733	0.014186
5181	7733	0.014186
7732	7733	0.014186
752	7734	0.0141803
7733	7734	0.0141803
7734	7735	0.0141762
3678	7735	0.0141762
1033	7736	0.0141706
7735	7736	0.0141706
7736	7737	0.0141548
219	7737	0.0141548
7737	7738	0.0141487
2718	7738	0.0141487
1483	7739	0.0141458
7738	7739	0.0141458
7739	7740	0.0141401
3676	7740	0.0141401
7740	7741	0.0141327
7686	7741	0.0141327
1177	7741	0.0141327
2478	7742	0.0142011
1407	7742	0.0142011
1893	7743	0.0141308
7741	7743	0.0141308
2350	7744	0.0141267
2449	7744	0.0141267
7743	7744	0.0141267
7744	7745	0.0141232
3560	7745	0.0141232
4485	7746	0.0141201
7745	7746	0.0141201
3212	7747	0.0140916
7746	7747	0.0140916
7747	7748	0.0140758
7687	7748	0.0140758
2344	7749	0.0140671
7748	7749	0.0140671
7749	7750	0.0140658
652	7750	0.0140658
7742	7750	0.0140658
7750	7751	0.0140647
7690	7751	0.0140647
2091	7751	0.0140647
4158	7752	0.0140616
7751	7752	0.0140616
3020	7753	0.0140497
7752	7753	0.0140497
7753	7754	0.0140487
3327	7754	0.0140487
7754	7755	0.0140457
76	7755	0.0140457
7755	7756	0.0140193
13	7756	0.0140193
7756	7757	0.0140104
2852	7757	0.0140104
7757	7758	0.0140096
1968	7758	0.0140096
3900	7759	0.0140073
7758	7759	0.0140073
2312	7760	0.0140058
7759	7760	0.0140058
7070	7761	0.0139941
7760	7761	0.0139941
7761	7762	0.0139778
2155	7762	0.0139778
7684	7762	0.0139778
994	7763	0.013952
7762	7763	0.013952
7763	7764	0.0139504
2984	7764	0.0139504
2124	7764	0.0139504
1133	7765	0.0139447
7764	7765	0.0139447
7765	7766	0.013929
4593	7766	0.013929
5127	7767	0.013928
7766	7767	0.013928
5163	7768	0.0139248
7767	7768	0.0139248
7768	7769	0.0139227
586	7769	0.0139227
7769	7770	0.0139132
1837	7770	0.0139132
65	7771	0.0139059
7770	7771	0.0139059
7501	7772	0.0138992
7771	7772	0.0138992
7772	7773	0.0138855
1330	7773	0.0138855
7773	7774	0.0138798
913	7774	0.0138798
7774	7775	0.013879
3694	7775	0.013879
5126	7776	0.0138418
7775	7776	0.0138418
7776	7777	0.0138237
2196	7777	0.0138237
7777	7778	0.0138224
423	7778	0.0138224
7778	7779	0.0138083
7694	7779	0.0138083
2708	7780	0.0138607
1234	7780	0.0138607
7779	7781	0.0138043
7685	7781	0.0138043
555	7781	0.0138043
7781	7782	0.0137958
66	7782	0.0137958
7782	7783	0.0137857
862	7783	0.0137857
6993	7784	0.0137802
7783	7784	0.0137802
7784	7785	0.0137765
7780	7785	0.0137765
3282	7786	0.0140216
7688	7786	0.0140216
1951	7787	0.0137977
649	7787	0.0137977
3169	7787	0.0137977
2882	7788	0.0145099
3861	7788	0.0145099
7785	7789	0.0137719
3812	7789	0.0137719
7789	7790	0.0137709
997	7790	0.0137709
1195	7790	0.0137709
7790	7791	0.0137696
7693	7791	0.0137696
2211	7791	0.0137696
3189	7792	0.0137624
7791	7792	0.0137624
7792	7793	0.0137584
437	7793	0.0137584
7793	7794	0.0137551
4554	7794	0.0137551
7794	7795	0.0137473
2049	7795	0.0137473
7795	7796	0.0137364
2668	7796	0.0137364
5203	7797	0.0137272
7796	7797	0.0137272
7333	7797	0.0137272
7797	7798	0.0137075
3465	7798	0.0137075
2140	7799	0.0136932
7798	7799	0.0136932
1648	7800	0.0136751
7799	7800	0.0136751
7800	7801	0.0136727
7788	7801	0.0136727
4560	7802	0.0136681
7801	7802	0.0136681
3885	7803	0.0136615
7802	7803	0.0136615
1159	7803	0.0136615
1527	7804	0.0136567
7803	7804	0.0136567
7804	7805	0.0136432
197	7805	0.0136432
7805	7806	0.0136086
3539	7806	0.0136086
5114	7807	0.0135975
7806	7807	0.0135975
7223	7807	0.0135975
1378	7807	0.0135975
3097	7808	0.013588
7807	7808	0.013588
7808	7809	0.0135841
4692	7809	0.0135841
2328	7809	0.0135841
7236	7810	0.0136531
7787	7810	0.0136531
2736	7811	0.0135756
7809	7811	0.0135756
7311	7812	0.0135664
7811	7812	0.0135664
1302	7813	0.0135584
7812	7813	0.0135584
7813	7814	0.0135394
1295	7814	0.0135394
5204	7815	0.0135125
7814	7815	0.0135125
7815	7816	0.0135099
3836	7816	0.0135099
7816	7817	0.0135047
4731	7817	0.0135047
7817	7818	0.0135037
7267	7818	0.0135037
7818	7819	0.0134983
3580	7819	0.0134983
1257	7820	0.0134841
7819	7820	0.0134841
7820	7821	0.0134779
1850	7821	0.0134779
7821	7822	0.0134764
1370	7822	0.0134764
7822	7823	0.013474
781	7823	0.013474
3206	7824	0.0134724
7823	7824	0.0134724
5115	7825	0.0134719
7824	7825	0.0134719
7810	7825	0.0134719
2619	7825	0.0134719
5145	7826	0.0134485
7825	7826	0.0134485
218	7827	0.0134313
7826	7827	0.0134313
7503	7828	0.0134308
7827	7828	0.0134308
7828	7829	0.0134171
3761	7829	0.0134171
4919	7830	0.0135165
7786	7830	0.0135165
2064	7831	0.0133886
7829	7831	0.0133886
7831	7832	0.0133755
3512	7832	0.0133755
480	7832	0.0133755
5160	7833	0.0133668
7832	7833	0.0133668
7833	7834	0.0133629
7392	7834	0.0133629
7834	7835	0.013362
2778	7835	0.013362
1967	7836	0.0133523
7835	7836	0.0133523
3271	7837	0.0133508
7836	7837	0.0133508
7837	7838	0.0133431
7330	7838	0.0133431
3975	7838	0.0133431
7838	7839	0.0133086
1538	7839	0.0133086
3129	7839	0.0133086
7201	7840	0.0132941
7839	7840	0.0132941
5016	7840	0.0132941
5173	7841	0.0132925
7840	7841	0.0132925
891	7842	0.0132607
7841	7842	0.0132607
7842	7843	0.0132236
2942	7843	0.0132236
4380	7844	0.013218
7843	7844	0.013218
7844	7845	0.0132112
1167	7845	0.0132112
7845	7846	0.0132065
2190	7846	0.0132065
3370	7846	0.0132065
7830	7847	0.0132541
4970	7847	0.0132541
4069	7848	0.0132023
7846	7848	0.0132023
4397	7849	0.0131999
7848	7849	0.0131999
7849	7850	0.0131941
7847	7850	0.0131941
7850	7851	0.0131875
751	7851	0.0131875
334	7852	0.0131623
7851	7852	0.0131623
7852	7853	0.0131611
3324	7853	0.0131611
7853	7854	0.0131571
1564	7854	0.0131571
7854	7855	0.0131357
4043	7855	0.0131357
7855	7856	0.0131216
4022	7856	0.0131216
3281	7857	0.0131178
7856	7857	0.0131178
7139	7858	0.0131079
7857	7858	0.0131079
208	7859	0.0130824
7858	7859	0.0130824
7859	7860	0.0130767
4774	7860	0.0130767
7860	7861	0.0130712
4141	7861	0.0130712
7500	7862	0.0130693
7861	7862	0.0130693
7102	7863	0.0130509
7862	7863	0.0130509
7863	7864	0.0130366
4030	7864	0.0130366
7864	7865	0.0130349
4233	7865	0.0130349
7865	7866	0.0130312
1244	7866	0.0130312
7866	7867	0.0130066
3840	7867	0.0130066
7867	7868	0.0130025
121	7868	0.0130025
7868	7869	0.0129967
4056	7869	0.0129967
7869	7870	0.0129872
2559	7870	0.0129872
4722	7871	0.0129462
7870	7871	0.0129462
7871	7872	0.012945
4591	7872	0.012945
7023	7873	0.0130926
3249	7873	0.0130926
7025	7874	0.0137364
3290	7874	0.0137364
1721	7875	0.0147849
2429	7875	0.0147849
2416	7876	0.0142649
7875	7876	0.0142649
4673	7877	0.0131445
233	7877	0.0131445
1404	7878	0.0134649
559	7878	0.0134649
654	7879	0.0129462
3846	7879	0.0129462
4667	7880	0.0144137
5048	7880	0.0144137
2974	7881	0.0137304
878	7881	0.0137304
7350	7882	0.0153372
1752	7882	0.0153372
7385	7883	0.0163196
2003	7883	0.0163196
3932	7884	0.0139458
1725	7884	0.0139458
3658	7885	0.0146343
7393	7885	0.0146343
3441	7886	0.0143967
4893	7886	0.0143967
3665	7887	0.0139771
3666	7887	0.0139771
3624	7888	0.012925
7872	7888	0.012925
5141	7889	0.0129223
7888	7889	0.0129223
4726	7890	0.0129215
7408	7890	0.0129215
7889	7890	0.0129215
7890	7891	0.0129184
2929	7891	0.0129184
2460	7892	0.0129053
7891	7892	0.0129053
5117	7893	0.0129041
7892	7893	0.0129041
7893	7894	0.012901
3198	7894	0.012901
7894	7895	0.0128966
232	7895	0.0128966
7895	7896	0.0128844
195	7896	0.0128844
4608	7897	0.0128784
7896	7897	0.0128784
7897	7898	0.0128759
1308	7898	0.0128759
3899	7898	0.0128759
7277	7899	0.0128736
3797	7899	0.0128736
7899	7900	0.0128572
7898	7900	0.0128572
7886	7900	0.0128572
19	7901	0.012849
2999	7901	0.012849
7900	7901	0.012849
4363	7902	0.0128441
7901	7902	0.0128441
7902	7903	0.0128391
2847	7903	0.0128391
7903	7904	0.0128315
2692	7904	0.0128315
7904	7905	0.0128247
7885	7905	0.0128247
7905	7906	0.0128088
2930	7906	0.0128088
7906	7907	0.0128029
3224	7907	0.0128029
7907	7908	0.0127965
7882	7908	0.0127965
3685	7909	0.0128276
7874	7909	0.0128276
5110	7910	0.0127877
7908	7910	0.0127877
7910	7911	0.0127853
2602	7911	0.0127853
7911	7912	0.0127823
148	7912	0.0127823
7879	7912	0.0127823
5164	7913	0.0127809
7912	7913	0.0127809
7913	7914	0.0127779
2859	7914	0.0127779
7914	7915	0.0127728
7881	7915	0.0127728
2960	7916	0.0127707
7915	7916	0.0127707
7916	7917	0.012763
1567	7917	0.012763
7917	7918	0.0127525
516	7918	0.0127525
1488	7919	0.0127497
7918	7919	0.0127497
2926	7920	0.0127457
7919	7920	0.0127457
4276	7921	0.0127401
7920	7921	0.0127401
1672	7922	0.01272
7921	7922	0.01272
497	7922	0.01272
3981	7923	0.0127182
7922	7923	0.0127182
7923	7924	0.0127058
724	7924	0.0127058
4818	7925	0.0126968
7924	7925	0.0126968
4592	7926	0.0126886
7925	7926	0.0126886
7926	7927	0.0126837
2261	7927	0.0126837
7927	7928	0.0126781
7909	7928	0.0126781
7928	7929	0.012662
2383	7929	0.012662
7491	7930	0.0126561
7929	7930	0.0126561
7930	7931	0.0126182
4725	7931	0.0126182
7931	7932	0.0126092
4598	7932	0.0126092
1911	7933	0.0126065
7932	7933	0.0126065
7933	7934	0.0125988
1334	7934	0.0125988
7934	7935	0.0125855
2904	7935	0.0125855
7935	7936	0.0125847
1776	7936	0.0125847
5080	7937	0.0125649
7193	7937	0.0125649
7936	7937	0.0125649
7937	7938	0.0125627
2173	7938	0.0125627
850	7939	0.0125496
7938	7939	0.0125496
3077	7940	0.0125696
7876	7940	0.0125696
7159	7941	0.0125227
7939	7941	0.0125227
300	7942	0.0125083
7941	7942	0.0125083
7942	7943	0.0125052
7940	7943	0.0125052
7943	7944	0.0125044
2737	7944	0.0125044
7944	7945	0.0124767
2045	7945	0.0124767
254	7946	0.0124618
7945	7946	0.0124618
1207	7947	0.0124604
7946	7947	0.0124604
7947	7948	0.0124559
1888	7948	0.0124559
7948	7949	0.0124533
2022	7949	0.0124533
924	7950	0.0124423
7949	7950	0.0124423
857	7950	0.0124423
7950	7951	0.0124412
200	7951	0.0124412
7489	7952	0.0124301
7951	7952	0.0124301
7952	7953	0.0124272
1077	7953	0.0124272
7499	7954	0.0124236
7953	7954	0.0124236
7954	7955	0.0124139
3891	7955	0.0124139
7331	7956	0.0124026
7955	7956	0.0124026
7956	7957	0.0123864
2517	7957	0.0123864
7957	7958	0.0123796
4810	7958	0.0123796
7958	7959	0.0123778
7878	7959	0.0123778
3084	7960	0.012371
7959	7960	0.012371
987	7961	0.0123531
7960	7961	0.0123531
2586	7962	0.0123442
7961	7962	0.0123442
37	7962	0.0123442
2688	7963	0.0123354
7962	7963	0.0123354
7963	7964	0.0123308
657	7964	0.0123308
7964	7965	0.0123178
273	7965	0.0123178
7965	7966	0.0123148
4881	7966	0.0123148
7966	7967	0.0123074
7873	7967	0.0123074
7967	7968	0.0123044
1457	7968	0.0123044
3298	7969	0.0124864
7125	7969	0.0124864
7496	7970	0.0122222
7121	7970	0.0122222
1006	7971	0.0122919
7968	7971	0.0122919
1320	7972	0.0122661
7971	7972	0.0122661
7304	7973	0.0122654
7972	7973	0.0122654
7136	7974	0.0122499
7973	7974	0.0122499
640	7975	0.0122413
7974	7975	0.0122413
7975	7976	0.0122377
4635	7976	0.0122377
1251	7976	0.0122377
5172	7977	0.0122332
7976	7977	0.0122332
7498	7978	0.0122261
7977	7978	0.0122261
7978	7979	0.0121965
7883	7979	0.0121965
7979	7980	0.0121871
3544	7980	0.0121871
7980	7981	0.0121728
114	7981	0.0121728
4075	7982	0.012158
7981	7982	0.012158
3494	7983	0.0121564
7982	7983	0.0121564
4936	7984	0.0121383
7983	7984	0.0121383
7488	7985	0.0121343
7984	7985	0.0121343
7985	7986	0.0121192
3632	7986	0.0121192
7986	7987	0.0121184
99	7987	0.0121184
552	7987	0.0121184
7987	7988	0.0121165
1281	7988	0.0121165
5186	7989	0.0121087
7988	7989	0.0121087
1979	7990	0.0122233
1523	7990	0.0122233
2019	7991	0.012106
7989	7991	0.012106
7991	7992	0.0121016
164	7992	0.0121016
5072	7993	0.0120953
5190	7993	0.0120953
1897	7993	0.0120953
7992	7993	0.0120953
7993	7994	0.0120858
4758	7994	0.0120858
4930	7995	0.012085
7994	7995	0.012085
526	7995	0.012085
2504	7996	0.0120831
7995	7996	0.0120831
348	7997	0.0120805
7996	7997	0.0120805
7997	7998	0.0120784
290	7998	0.0120784
2811	7999	0.0120621
7998	7999	0.0120621
7999	8000	0.0120572
2197	8000	0.0120572
7970	8001	0.0120488
8000	8001	0.0120488
35	8001	0.0120488
7990	8001	0.0120488
8001	8002	0.0120448
1473	8002	0.0120448
8002	8003	0.0120391
2075	8003	0.0120391
8003	8004	0.0120355
3682	8004	0.0120355
4799	8005	0.0120199
8004	8005	0.0120199
8005	8006	0.012008
2842	8006	0.012008
8006	8007	0.012004
2888	8007	0.012004
8007	8008	0.012
1701	8008	0.012
8008	8009	0.0119974
2405	8009	0.0119974
8009	8010	0.0119944
2983	8010	0.0119944
8010	8011	0.0119877
61	8011	0.0119877
8011	8012	0.0119868
4825	8012	0.0119868
8012	8013	0.0119712
2039	8013	0.0119712
7493	8014	0.0119589
8013	8014	0.0119589
2368	8015	0.0119524
8014	8015	0.0119524
4494	8016	0.0119493
8015	8016	0.0119493
1748	8017	0.0119351
8016	8017	0.0119351
8017	8018	0.0119314
312	8018	0.0119314
8018	8019	0.0119305
3146	8019	0.0119305
8019	8020	0.0119266
1491	8020	0.0119266
5210	8021	0.0119219
754	8021	0.0119219
8020	8021	0.0119219
8021	8022	0.0119208
4309	8022	0.0119208
4239	8022	0.0119208
8022	8023	0.0119112
4755	8023	0.0119112
4145	8024	0.0119046
8023	8024	0.0119046
4520	8025	0.0119041
8024	8025	0.0119041
7494	8026	0.0118989
8025	8026	0.0118989
1756	8027	0.011896
8026	8027	0.011896
8027	8028	0.0118834
7285	8028	0.0118834
1247	8028	0.0118834
1605	8028	0.0118834
4903	8028	0.0118834
8028	8029	0.0118808
1090	8029	0.0118808
8029	8030	0.0118712
4914	8030	0.0118712
8030	8031	0.0118695
1617	8031	0.0118695
8031	8032	0.0118638
2231	8032	0.0118638
8032	8033	0.0118561
2546	8033	0.0118561
8033	8034	0.0118456
4326	8034	0.0118456
4779	8035	0.0118295
8034	8035	0.0118295
8035	8036	0.0118226
3231	8036	0.0118226
8036	8037	0.0118085
820	8037	0.0118085
8037	8038	0.0118077
4243	8038	0.0118077
8038	8039	0.011796
7969	8039	0.011796
5078	8040	0.0117827
8039	8040	0.0117827
8040	8041	0.0117718
1372	8041	0.0117718
8041	8042	0.0117188
7887	8042	0.0117188
8042	8043	0.0117099
2827	8043	0.0117099
8043	8044	0.0117045
421	8044	0.0117045
8044	8045	0.0117035
105	8045	0.0117035
2772	8046	0.0116959
8045	8046	0.0116959
8046	8047	0.0116882
340	8047	0.0116882
8047	8048	0.0116873
2779	8048	0.0116873
8048	8049	0.0116795
4977	8049	0.0116795
2107	8050	0.0116728
8049	8050	0.0116728
8050	8051	0.0116645
1479	8051	0.0116645
7880	8052	0.0127753
1728	8052	0.0127753
8052	8053	0.0116902
2336	8053	0.0116902
2228	8054	0.0117045
4860	8054	0.0117045
2444	8055	0.0128736
2117	8055	0.0128736
4691	8056	0.0118008
4369	8056	0.0118008
8051	8057	0.0116596
3832	8057	0.0116596
7123	8058	0.0116558
8057	8058	0.0116558
8058	8059	0.0116482
1311	8059	0.0116482
8059	8060	0.0116407
3601	8060	0.0116407
8060	8061	0.0116353
2378	8061	0.0116353
8061	8062	0.0116332
3460	8062	0.0116332
765	8063	0.0116281
7497	8063	0.0116281
8062	8063	0.0116281
8063	8064	0.0116242
659	8064	0.0116242
8064	8065	0.0116145
1705	8065	0.0116145
2450	8066	0.0116052
8065	8066	0.0116052
8066	8067	0.0115993
700	8067	0.0115993
8067	8068	0.0115834
905	8068	0.0115834
3067	8068	0.0115834
8068	8069	0.0115749
1755	8069	0.0115749
8056	8069	0.0115749
8069	8070	0.0115671
2569	8070	0.0115671
8070	8071	0.0115614
2921	8071	0.0115614
8071	8072	0.0115606
1382	8072	0.0115606
8072	8073	0.0115576
1526	8073	0.0115576
8073	8074	0.0115564
3844	8074	0.0115564
8074	8075	0.011545
1993	8075	0.011545
8075	8076	0.0115431
1097	8076	0.0115431
8076	8077	0.0115404
8055	8077	0.0115404
8077	8078	0.0115396
7877	8078	0.0115396
7050	8079	0.0115248
8078	8079	0.0115248
8079	8080	0.0115223
1130	8080	0.0115223
8080	8081	0.0115169
7430	8081	0.0115169
1522	8082	0.0115041
8081	8082	0.0115041
8082	8083	0.0114907
770	8083	0.0114907
3133	8084	0.0114888
8083	8084	0.0114888
8084	8085	0.0114872
840	8085	0.0114872
2751	8086	0.0114812
8085	8086	0.0114812
8086	8087	0.0114805
3794	8087	0.0114805
8087	8088	0.0114671
3801	8088	0.0114671
8088	8089	0.0114452
5042	8089	0.0114452
8089	8090	0.0114436
1084	8090	0.0114436
2282	8091	0.0114373
8090	8091	0.0114373
8091	8092	0.0114146
1611	8092	0.0114146
150	8093	0.0114068
8092	8093	0.0114068
370	8093	0.0114068
8093	8094	0.011403
2065	8094	0.011403
7337	8095	0.0113943
8094	8095	0.0113943
8095	8096	0.0113907
1480	8096	0.0113907
8096	8097	0.0113897
8053	8097	0.0113897
1531	8097	0.0113897
3764	8097	0.0113897
8097	8098	0.0113813
8054	8098	0.0113813
8098	8099	0.0113678
100	8099	0.0113678
8099	8100	0.0113658
4039	8100	0.0113658
8100	8101	0.0113636
400	8101	0.0113636
8101	8102	0.0113589
1279	8102	0.0113589
508	8103	0.0113497
8102	8103	0.0113497
7288	8104	0.0113486
8103	8104	0.0113486
8104	8105	0.0113439
1948	8105	0.0113439
8105	8106	0.0113315
2670	8106	0.0113315
5197	8107	0.0113195
7347	8107	0.0113195
8106	8107	0.0113195
2803	8107	0.0113195
8107	8108	0.0113117
1883	8108	0.0113117
4198	8109	0.0113089
8108	8109	0.0113089
8109	8110	0.0113048
2481	8110	0.0113048
7363	8111	0.0112964
8110	8111	0.0112964
8111	8112	0.0112943
2496	8112	0.0112943
4947	8113	0.0112926
8112	8113	0.0112926
339	8114	0.0112763
8113	8114	0.0112763
8114	8115	0.011262
2058	8115	0.011262
8115	8116	0.01126
1188	8116	0.01126
8116	8117	0.0112438
4067	8117	0.0112438
3203	8117	0.0112438
8117	8118	0.0112427
705	8118	0.0112427
4137	8119	0.0112323
8118	8119	0.0112323
8119	8120	0.0112237
1397	8120	0.0112237
175	8121	0.0111953
3347	8121	0.0111953
8120	8121	0.0111953
8121	8122	0.011181
3456	8122	0.011181
8122	8123	0.0111794
4216	8123	0.0111794
2763	8124	0.0115776
3546	8124	0.0115776
8124	8125	0.0112149
1305	8125	0.0112149
8123	8126	0.011177
1914	8126	0.011177
5084	8127	0.0111723
8126	8127	0.0111723
8127	8128	0.0111628
2303	8128	0.0111628
8128	8129	0.0111568
1231	8129	0.0111568
8129	8130	0.0111533
2262	8130	0.0111533
8130	8131	0.0111521
3845	8131	0.0111521
3297	8132	0.0111502
8131	8132	0.0111502
4060	8133	0.0111253
8132	8133	0.0111253
1758	8134	0.011121
8133	8134	0.011121
1800	8135	0.0111201
8134	8135	0.0111201
127	8136	0.0111095
8135	8136	0.0111095
2381	8137	0.011103
8136	8137	0.011103
7349	8138	0.0110952
8137	8138	0.0110952
8138	8139	0.0110741
3305	8139	0.0110741
8139	8140	0.011058
7100	8140	0.011058
3173	8140	0.011058
8140	8141	0.0110433
2000	8141	0.0110433
5168	8142	0.0110351
8141	8142	0.0110351
1926	8142	0.0110351
8142	8143	0.0110225
1485	8143	0.0110225
7492	8144	0.0110151
8143	8144	0.0110151
7495	8145	0.011013
8144	8145	0.011013
607	8145	0.011013
1324	8146	0.0109891
8145	8146	0.0109891
5106	8147	0.0109711
8146	8147	0.0109711
8147	8148	0.0109693
4515	8148	0.0109693
8148	8149	0.0109492
8125	8149	0.0109492
8149	8150	0.0109364
2665	8150	0.0109364
8150	8151	0.0109264
4880	8151	0.0109264
8151	8152	0.0109205
3937	8152	0.0109205
2966	8153	0.0109193
8152	8153	0.0109193
96	8154	0.0109082
8153	8154	0.0109082
8154	8155	0.0109045
1179	8155	0.0109045
8155	8156	0.0108924
871	8156	0.0108924
8156	8157	0.01089
5033	8157	0.01089
8157	8158	0.0108878
4582	8158	0.0108878
8158	8159	0.0108808
7117	8159	0.0108808
2178	8159	0.0108808
3867	8160	0.0108682
8159	8160	0.0108682
4716	8160	0.0108682
452	8161	0.0108642
8160	8161	0.0108642
8161	8162	0.0108519
4102	8162	0.0108519
4562	8163	0.0108508
8162	8163	0.0108508
7052	8164	0.0108502
8163	8164	0.0108502
1230	8165	0.0108472
8164	8165	0.0108472
8165	8166	0.0108442
814	8166	0.0108442
8166	8167	0.0108374
535	8167	0.0108374
7487	8168	0.0108358
2923	8168	0.0108358
8167	8168	0.0108358
1912	8169	0.0108292
8168	8169	0.0108292
8169	8170	0.0108261
4784	8170	0.0108261
3671	8171	0.0108232
8170	8171	0.0108232
8171	8172	0.0108138
1662	8172	0.0108138
8172	8173	0.0108102
1506	8173	0.0108102
8173	8174	0.0108004
1459	8174	0.0108004
4110	8175	0.0107909
8174	8175	0.0107909
8175	8176	0.0107898
7884	8176	0.0107898
1733	8177	0.0107843
8176	8177	0.0107843
4849	8178	0.0107699
8177	8178	0.0107699
8178	8179	0.0107648
1841	8179	0.0107648
8179	8180	0.0107622
7105	8180	0.0107622
8180	8181	0.0107451
351	8181	0.0107451
8181	8182	0.0107353
431	8182	0.0107353
858	8183	0.0107331
8182	8183	0.0107331
8183	8184	0.0107013
3613	8184	0.0107013
7147	8185	0.0106783
8184	8185	0.0106783
317	8186	0.0125399
28	8186	0.0125399
146	8187	0.013322
2456	8187	0.013322
2840	8188	0.0107204
258	8188	0.0107204
1127	8189	0.0113668
855	8189	0.0113668
4433	8190	0.0111971
8189	8190	0.0111971
835	8191	0.0117645
343	8191	0.0117645
7196	8192	0.0120794
7414	8192	0.0120794
686	8193	0.0115445
725	8193	0.0115445
3154	8194	0.0132645
7318	8194	0.0132645
3793	8195	0.0156645
4876	8195	0.0156645
1700	8196	0.0108502
8195	8196	0.0108502
2286	8196	0.0108502
2432	8197	0.00914571
5058	8197	0.00914571
3493	8198	0.00955574
1349	8198	0.00955574
3753	8199	0.00840671
7319	8199	0.00840671
643	8200	0.00894887
7229	8200	0.00894887
3561	8201	0.00998889
601	8201	0.00998889
981	8202	0.0102359
4492	8202	0.0102359
5088	8203	0.0104168
3469	8203	0.0104168
2372	8204	0.0106075
7481	8204	0.0106075
1338	8205	0.0106554
8185	8205	0.0106554
8205	8206	0.0106448
3272	8206	0.0106448
449	8207	0.0106279
8206	8207	0.0106279
1530	8207	0.0106279
8207	8208	0.0106257
4639	8208	0.0106257
434	8209	0.010622
8208	8209	0.010622
8209	8210	0.010618
8188	8210	0.010618
3940	8210	0.010618
5185	8211	0.0106145
8210	8211	0.0106145
8211	8212	0.0106133
2216	8212	0.0106133
8212	8213	0.0106106
2846	8213	0.0106106
669	8214	0.0106639
8193	8214	0.0106639
3491	8215	0.0106075
8213	8215	0.0106075
7388	8216	0.0106012
8215	8216	0.0106012
4109	8217	0.0105887
8216	8217	0.0105887
557	8217	0.0105887
7238	8218	0.0105765
8217	8218	0.0105765
8218	8219	0.0105725
4937	8219	0.0105725
880	8220	0.0105675
8219	8220	0.0105675
8220	8221	0.0105648
8214	8221	0.0105648
8221	8222	0.0105565
2288	8222	0.0105565
8222	8223	0.0105531
2225	8223	0.0105531
8223	8224	0.0105495
12	8224	0.0105495
3094	8225	0.0105469
8224	8225	0.0105469
8225	8226	0.0105448
2953	8226	0.0105448
8226	8227	0.0105322
8186	8227	0.0105322
8227	8228	0.0105316
811	8228	0.0105316
7218	8229	0.0105231
8228	8229	0.0105231
8229	8230	0.0105201
118	8230	0.0105201
8230	8231	0.010519
1974	8231	0.010519
8231	8232	0.0105094
4544	8232	0.0105094
8232	8233	0.0105082
1081	8233	0.0105082
8233	8234	0.0104892
4736	8234	0.0104892
8234	8235	0.0104866
1904	8235	0.0104866
8235	8236	0.0104799
3356	8236	0.0104799
1608	8236	0.0104799
8236	8237	0.0104628
675	8237	0.0104628
5085	8238	0.0104618
8237	8238	0.0104618
2555	8238	0.0104618
8238	8239	0.0104524
1621	8239	0.0104524
8239	8240	0.0104501
3462	8240	0.0104501
3550	8241	0.0104491
8240	8241	0.0104491
8241	8242	0.0104453
284	8242	0.0104453
8242	8243	0.010437
1627	8243	0.010437
7071	8244	0.0104354
8204	8244	0.0104354
8243	8244	0.0104354
2061	8245	0.0104246
8244	8245	0.0104246
8245	8246	0.0104198
1186	8246	0.0104198
8246	8247	0.0104062
2333	8247	0.0104062
2789	8248	0.0103949
8247	8248	0.0103949
8248	8249	0.0103846
2413	8249	0.0103846
8249	8250	0.0103771
2081	8250	0.0103771
8250	8251	0.0103712
2258	8251	0.0103712
8251	8252	0.0103702
60	8252	0.0103702
683	8253	0.0103595
8252	8253	0.0103595
3890	8254	0.010358
8253	8254	0.010358
8254	8255	0.0103529
2502	8255	0.0103529
8255	8256	0.0103453
4921	8256	0.0103453
3954	8257	0.0103386
8256	8257	0.0103386
7482	8258	0.0103361
8257	8258	0.0103361
8258	8259	0.0103235
2993	8259	0.0103235
8259	8260	0.0103111
2340	8260	0.0103111
8260	8261	0.0103094
8192	8261	0.0103094
2455	8261	0.0103094
8261	8262	0.0103083
3931	8262	0.0103083
3939	8263	0.0102769
8262	8263	0.0102769
2829	8264	0.0102755
8263	8264	0.0102755
8264	8265	0.0102702
672	8265	0.0102702
8265	8266	0.0102644
3600	8266	0.0102644
4533	8267	0.0102531
8266	8267	0.0102531
5212	8268	0.0102504
8267	8268	0.0102504
2379	8268	0.0102504
8268	8269	0.0102234
1396	8269	0.0102234
7401	8270	0.0102176
8269	8270	0.0102176
7476	8271	0.0102167
8270	8271	0.0102167
8271	8272	0.0102147
7361	8272	0.0102147
8272	8273	0.01019
4124	8273	0.01019
991	8274	0.0101854
8273	8274	0.0101854
2112	8275	0.0101704
8274	8275	0.0101704
2454	8276	0.0101661
7235	8276	0.0101661
8275	8276	0.0101661
8276	8277	0.0101618
982	8277	0.0101618
7307	8278	0.0101519
8277	8278	0.0101519
2962	8279	0.0101815
8190	8279	0.0101815
3744	8280	0.0104676
8196	8280	0.0104676
619	8281	0.0101385
8278	8281	0.0101385
8281	8282	0.0101242
2422	8282	0.0101242
7217	8283	0.0101026
8282	8283	0.0101026
8283	8284	0.0101006
3950	8284	0.0101006
2931	8285	0.0100983
8284	8285	0.0100983
8285	8286	0.0100925
4855	8286	0.0100925
7115	8287	0.0100756
8286	8287	0.0100756
4290	8287	0.0100756
2265	8288	0.0100735
8287	8288	0.0100735
7257	8289	0.0100643
8288	8289	0.0100643
8289	8290	0.0100536
2971	8290	0.0100536
5159	8291	0.0100508
8290	8291	0.0100508
8291	8292	0.0100482
2764	8292	0.0100482
4510	8292	0.0100482
8292	8293	0.0100348
314	8293	0.0100348
8293	8294	0.0100255
4791	8294	0.0100255
2476	8295	0.0100154
900	8295	0.0100154
8294	8295	0.0100154
4555	8295	0.0100154
7035	8296	0.0100089
204	8296	0.0100089
8295	8296	0.0100089
3542	8297	0.0100081
8296	8297	0.0100081
8297	8298	0.0100012
4183	8298	0.0100012
4795	8299	0.00998569
8298	8299	0.00998569
4571	8300	0.00998303
8299	8300	0.00998303
1134	8300	0.00998303
7478	8301	0.00997543
8300	8301	0.00997543
3873	8302	0.00996497
8301	8302	0.00996497
1243	8302	0.00996497
354	8303	0.00996794
664	8303	0.00996794
4939	8304	0.00995829
8302	8304	0.00995829
8304	8305	0.00995
8303	8305	0.00995
8305	8306	0.00994196
2689	8306	0.00994196
4859	8307	0.00993803
8306	8307	0.00993803
8307	8308	0.00989346
4311	8308	0.00989346
2877	8309	0.00988309
8308	8309	0.00988309
3884	8310	0.00987438
8309	8310	0.00987438
8310	8311	0.00987056
4456	8311	0.00987056
8311	8312	0.00986855
2083	8312	0.00986855
8312	8313	0.00985713
3016	8313	0.00985713
1529	8314	0.00985625
8313	8314	0.00985625
7429	8315	0.00985533
8314	8315	0.00985533
8315	8316	0.0098536
1089	8316	0.0098536
2890	8317	0.0101135
546	8317	0.0101135
1500	8318	0.0101228
566	8318	0.0101228
3172	8319	0.0099984
3822	8319	0.0099984
8316	8320	0.00983366
4777	8320	0.00983366
7313	8321	0.00982955
2742	8321	0.00982955
8320	8321	0.00982955
4864	8321	0.00982955
2857	8322	0.0098192
8321	8322	0.0098192
8322	8323	0.0098184
93	8323	0.0098184
3022	8324	0.0098143
8323	8324	0.0098143
3773	8324	0.0098143
3176	8325	0.00980389
4637	8325	0.00980389
8324	8325	0.00980389
8203	8326	0.00976183
8325	8326	0.00976183
2879	8327	0.0097589
8326	8327	0.0097589
8327	8328	0.0097397
1017	8328	0.0097397
1679	8328	0.0097397
4602	8328	0.0097397
84	8329	0.00973882
8328	8329	0.00973882
8329	8330	0.00972747
8319	8330	0.00972747
8330	8331	0.0097208
1656	8331	0.0097208
8331	8332	0.00971976
2911	8332	0.00971976
7254	8332	0.00971976
8318	8332	0.00971976
8332	8333	0.00971017
246	8333	0.00971017
8333	8334	0.00970613
8187	8334	0.00970613
5031	8335	0.00970169
8334	8335	0.00970169
8335	8336	0.00968172
206	8336	0.00968172
8336	8337	0.00967707
8279	8337	0.00967707
3397	8337	0.00967707
8191	8337	0.00967707
7091	8338	0.00967493
8337	8338	0.00967493
4415	8338	0.00967493
8338	8339	0.00967228
450	8339	0.00967228
4275	8340	0.00967021
954	8340	0.00967021
1189	8340	0.00967021
8339	8340	0.00967021
1314	8341	0.00966751
8340	8341	0.00966751
4729	8341	0.00966751
8341	8342	0.00966628
4187	8342	0.00966628
5206	8343	0.00966064
8342	8343	0.00966064
5198	8344	0.00965971
8343	8344	0.00965971
8344	8345	0.00965019
97	8345	0.00965019
8317	8345	0.00965019
1743	8345	0.00965019
3719	8345	0.00965019
8280	8345	0.00965019
8345	8346	0.0096463
3453	8346	0.0096463
157	8347	0.00964542
8346	8347	0.00964542
174	8348	0.00963492
8347	8348	0.00963492
8348	8349	0.00962742
7292	8349	0.00962742
8194	8349	0.00962742
7116	8350	0.00960828
8349	8350	0.00960828
561	8350	0.00960828
8350	8351	0.00959689
1615	8351	0.00959689
8351	8352	0.00958252
1834	8352	0.00958252
2542	8353	0.00957109
8352	8353	0.00957109
299	8354	0.00956243
8353	8354	0.00956243
3643	8355	0.00954327
8354	8355	0.00954327
8355	8356	0.00953594
2103	8356	0.00953594
2095	8357	0.00967786
702	8357	0.00967786
1025	8358	0.00958039
842	8358	0.00958039
2073	8359	0.0101225
1192	8359	0.0101225
7351	8360	0.00952069
8356	8360	0.00952069
2547	8361	0.00951946
8360	8361	0.00951946
1455	8362	0.00951687
8361	8362	0.00951687
3585	8363	0.00951572
8362	8363	0.00951572
8363	8364	0.00951332
5010	8364	0.00951332
8364	8365	0.00950047
3134	8365	0.00950047
8365	8366	0.00949917
936	8366	0.00949917
8366	8367	0.00948071
4567	8367	0.00948071
8367	8368	0.00946037
691	8368	0.00946037
699	8369	0.00945188
8368	8369	0.00945188
8369	8370	0.00944442
3050	8370	0.00944442
8370	8371	0.0094413
4682	8371	0.0094413
4984	8371	0.0094413
1274	8372	0.00943468
8371	8372	0.00943468
888	8373	0.00943172
8372	8373	0.00943172
519	8374	0.0094223
8373	8374	0.0094223
4286	8375	0.00941761
8374	8375	0.00941761
8375	8376	0.00940229
4070	8376	0.00940229
7475	8377	0.00939276
8376	8377	0.00939276
3955	8378	0.00937929
8377	8378	0.00937929
2465	8379	0.00937853
8378	8379	0.00937853
8379	8380	0.00937524
822	8380	0.00937524
1638	8380	0.00937524
5144	8381	0.00937363
8380	8381	0.00937363
2080	8381	0.00937363
8381	8382	0.00936721
2561	8382	0.00936721
8382	8383	0.00936024
3104	8383	0.00936024
8383	8384	0.00932404
3610	8384	0.00932404
887	8385	0.00930085
8384	8385	0.00930085
8385	8386	0.00929442
8359	8386	0.00929442
8386	8387	0.00928955
220	8387	0.00928955
1203	8388	0.00928403
8387	8388	0.00928403
7484	8389	0.00926575
8388	8389	0.00926575
7314	8390	0.00925838
8389	8390	0.00925838
8390	8391	0.00925704
4136	8391	0.00925704
8391	8392	0.00925432
2978	8392	0.00925432
4747	8393	0.00923919
8392	8393	0.00923919
4712	8394	0.0092364
8393	8394	0.0092364
8394	8395	0.00922675
1580	8395	0.00922675
8395	8396	0.00922203
4657	8396	0.00922203
3627	8397	0.00922037
8396	8397	0.00922037
4390	8398	0.00918564
8397	8398	0.00918564
8398	8399	0.00916186
4656	8399	0.00916186
6995	8400	0.00914969
8399	8400	0.00914969
7210	8401	0.00914766
8400	8401	0.00914766
7024	8402	0.00914356
8401	8402	0.00914356
8201	8403	0.00914103
1779	8403	0.00914103
8402	8403	0.00914103
8403	8404	0.00913525
1092	8404	0.00913525
8404	8405	0.00911796
665	8405	0.00911796
8405	8406	0.00910759
3869	8406	0.00910759
8406	8407	0.00910467
2024	8407	0.00910467
2275	8408	0.00914103
1846	8408	0.00914103
8407	8409	0.009099
3380	8409	0.009099
8409	8410	0.00909519
709	8410	0.00909519
3576	8411	0.00908917
8410	8411	0.00908917
4770	8412	0.00907513
5053	8412	0.00907513
8411	8412	0.00907513
3567	8413	0.00906012
8412	8413	0.00906012
1909	8414	0.0090572
8413	8414	0.0090572
3819	8415	0.00905434
8414	8415	0.00905434
8415	8416	0.00904558
1964	8416	0.00904558
8416	8417	0.00903896
8408	8417	0.00903896
703	8418	0.00901615
8417	8418	0.00901615
8418	8419	0.00900111
1595	8419	0.00900111
2988	8420	0.00899621
8419	8420	0.00899621
479	8421	0.00897996
8420	8421	0.00897996
4578	8422	0.00895965
8421	8422	0.00895965
3369	8423	0.00893201
8422	8423	0.00893201
3303	8423	0.00893201
8423	8424	0.00893047
3974	8424	0.00893047
7309	8425	0.00916791
8358	8425	0.00916791
2661	8426	0.00869863
7486	8426	0.00869863
602	8427	0.00892755
8424	8427	0.00892755
8427	8428	0.0089138
2639	8428	0.0089138
8428	8429	0.00891213
4986	8429	0.00891213
8429	8430	0.0089023
2324	8430	0.0089023
4645	8431	0.00889872
8430	8431	0.00889872
3120	8432	0.00886046
8431	8432	0.00886046
8432	8433	0.00884806
2796	8433	0.00884806
1927	8434	0.00882471
8433	8434	0.00882471
8434	8435	0.00881996
3502	8435	0.00881996
4272	8436	0.00881185
7317	8436	0.00881185
8435	8436	0.00881185
2721	8437	0.00880246
8436	8437	0.00880246
332	8438	0.00880044
8437	8438	0.00880044
8438	8439	0.00879388
3263	8439	0.00879388
824	8440	0.00877107
8439	8440	0.00877107
523	8441	0.00890887
223	8441	0.00890887
8425	8442	0.00877107
1720	8442	0.00877107
8202	8443	0.00875284
8440	8443	0.00875284
8443	8444	0.00873749
1019	8444	0.00873749
8444	8445	0.00873378
1319	8445	0.00873378
89	8446	0.00872328
8445	8446	0.00872328
3587	8446	0.00872328
594	8446	0.00872328
8446	8447	0.0087212
8441	8447	0.0087212
8447	8448	0.00871563
584	8448	0.00871563
1326	8448	0.00871563
7355	8449	0.0087041
8448	8449	0.0087041
8449	8450	0.00870218
3082	8450	0.00870218
8450	8451	0.00869774
3780	8451	0.00869774
8451	8452	0.00866808
4294	8452	0.00866808
2067	8453	0.00864779
8452	8453	0.00864779
8453	8454	0.00863195
518	8454	0.00863195
8454	8455	0.0086296
102	8455	0.0086296
2980	8456	0.00862884
8455	8456	0.00862884
8456	8457	0.00862283
8442	8457	0.00862283
8457	8458	0.00862128
2514	8458	0.00862128
8458	8459	0.0086099
1838	8459	0.0086099
3157	8460	0.00860601
8459	8460	0.00860601
8460	8461	0.00860497
2560	8461	0.00860497
1405	8462	0.00859415
8461	8462	0.00859415
8462	8463	0.00857798
2967	8463	0.00857798
8463	8464	0.00857067
2635	8464	0.00857067
2782	8465	0.00856675
8464	8465	0.00856675
8465	8466	0.00855257
1430	8466	0.00855257
8466	8467	0.00855121
2356	8467	0.00855121
8467	8468	0.00854847
1107	8468	0.00854847
8426	8469	0.00854596
8468	8469	0.00854596
8469	8470	0.00854004
2591	8470	0.00854004
4011	8471	0.00852942
8470	8471	0.00852942
685	8472	0.00851821
8471	8472	0.00851821
7391	8473	0.0085096
8472	8473	0.0085096
8473	8474	0.00849822
8357	8474	0.00849822
5015	8475	0.00845839
8474	8475	0.00845839
8475	8476	0.00844748
4969	8476	0.00844748
8476	8477	0.0084465
4929	8477	0.0084465
3229	8477	0.0084465
8477	8478	0.00844198
4149	8478	0.00844198
8478	8479	0.00842954
4837	8479	0.00842954
826	8480	0.00841415
8479	8480	0.00841415
3776	8481	0.00840863
8480	8481	0.00840863
8481	8482	0.00840757
2709	8482	0.00840757
8482	8483	0.00840194
1040	8483	0.00840194
4879	8484	0.00839508
8483	8484	0.00839508
8484	8485	0.00839041
3472	8485	0.00839041
7364	8486	0.00838663
8485	8486	0.00838663
4457	8487	0.00838379
8486	8487	0.00838379
7030	8488	0.0105669
7034	8488	0.0105669
915	8489	0.0090982
123	8489	0.0090982
319	8490	0.00872585
4642	8490	0.00872585
729	8491	0.00989286
2226	8491	0.00989286
8491	8492	0.00956347
4809	8492	0.00956347
1471	8493	0.00863835
3785	8493	0.00863835
1120	8494	0.00837534
8493	8494	0.00837534
1169	8495	0.00909423
1602	8495	0.00909423
3813	8496	0.00932404
1204	8496	0.00932404
3816	8497	0.00952435
2396	8497	0.00952435
2410	8498	0.00783914
8200	8498	0.00783914
8487	8499	0.00835969
2660	8499	0.00835969
8499	8500	0.00835705
1486	8500	0.00835705
4097	8501	0.00835526
8500	8501	0.00835526
2704	8502	0.00835124
8501	8502	0.00835124
8502	8503	0.00834629
2142	8503	0.00834629
8503	8504	0.00833791
2795	8504	0.00833791
7206	8505	0.00833411
8504	8505	0.00833411
8505	8506	0.00831799
760	8506	0.00831799
8506	8507	0.00831605
988	8507	0.00831605
8507	8508	0.00831515
1021	8508	0.00831515
7167	8509	0.0083122
8508	8509	0.0083122
4171	8510	0.00830538
8509	8510	0.00830538
8510	8511	0.00829978
1447	8511	0.00829978
4488	8511	0.00829978
5074	8512	0.00829298
4869	8512	0.00829298
8511	8512	0.00829298
2491	8513	0.00827986
8512	8513	0.00827986
4998	8514	0.00826572
8513	8514	0.00826572
2165	8515	0.00826261
8514	8515	0.00826261
2629	8516	0.00825904
8515	8516	0.00825904
8516	8517	0.00825022
282	8517	0.00825022
8517	8518	0.00824631
4227	8518	0.00824631
8518	8519	0.00824339
7200	8519	0.00824339
1971	8520	0.00823215
8519	8520	0.00823215
8520	8521	0.00822773
4900	8521	0.00822773
8521	8522	0.00822066
4702	8522	0.00822066
1384	8523	0.00820368
8522	8523	0.00820368
1321	8524	0.00820273
8523	8524	0.00820273
1304	8525	0.00819777
8524	8525	0.00819777
1327	8526	0.00819487
8525	8526	0.00819487
979	8527	0.00822934
2909	8527	0.00822934
8526	8528	0.00819291
8495	8528	0.00819291
8528	8529	0.00818247
243	8529	0.00818247
2747	8529	0.00818247
1484	8530	0.00817965
8529	8530	0.00817965
8530	8531	0.00815383
3142	8531	0.00815383
5135	8532	0.00815195
8531	8532	0.00815195
8532	8533	0.00814704
4963	8533	0.00814704
923	8534	0.00814439
8533	8534	0.00814439
668	8535	0.00813683
8534	8535	0.00813683
4065	8536	0.00812461
8535	8536	0.00812461
2283	8537	0.00810715
8536	8537	0.00810715
7189	8538	0.00810546
8537	8538	0.00810546
7479	8539	0.00810137
2576	8539	0.00810137
8538	8539	0.00810137
4727	8540	0.00809668
8539	8540	0.00809668
4508	8541	0.00809587
8540	8541	0.00809587
8541	8542	0.00809381
4990	8542	0.00809381
3925	8543	0.00807868
8542	8543	0.00807868
7375	8544	0.0080757
3655	8544	0.0080757
8543	8544	0.0080757
7480	8545	0.00806137
8544	8545	0.00806137
8545	8546	0.00804896
4687	8546	0.00804896
8546	8547	0.00803308
816	8547	0.00803308
1808	8548	0.00799861
4151	8548	0.00799861
8547	8548	0.00799861
8548	8549	0.00799656
8488	8549	0.00799656
8527	8549	0.00799656
8494	8549	0.00799656
8549	8550	0.00799462
8496	8550	0.00799462
8550	8551	0.00799262
4482	8551	0.00799262
7477	8552	0.00798329
8551	8552	0.00798329
8552	8553	0.0079811
3817	8553	0.0079811
8197	8554	0.00797062
8553	8554	0.00797062
252	8555	0.00836662
1939	8555	0.00836662
763	8556	0.00794983
8554	8556	0.00794983
8556	8557	0.00794779
3656	8557	0.00794779
2278	8558	0.00793723
8557	8558	0.00793723
5112	8559	0.00792234
8558	8559	0.00792234
6994	8560	0.00791745
8559	8560	0.00791745
8560	8561	0.00791645
101	8561	0.00791645
3503	8562	0.0079068
8561	8562	0.0079068
8562	8563	0.00788497
8555	8563	0.00788497
8563	8564	0.00788221
4207	8564	0.00788221
8564	8565	0.00787641
8497	8565	0.00787641
337	8566	0.00785922
8565	8566	0.00785922
3147	8566	0.00785922
8566	8567	0.00785744
2010	8567	0.00785744
8567	8568	0.00783571
759	8568	0.00783571
8568	8569	0.00783175
1094	8569	0.00783175
8569	8570	0.00782747
6989	8570	0.00782747
3064	8570	0.00782747
3193	8571	0.00781421
8570	8571	0.00781421
807	8572	0.00781341
8571	8572	0.00781341
8572	8573	0.00780865
1826	8573	0.00780865
802	8574	0.00778964
8573	8574	0.00778964
3136	8575	0.00776106
8574	8575	0.00776106
5002	8575	0.00776106
967	8576	0.00774002
8575	8576	0.00774002
8576	8577	0.00772948
1714	8577	0.00772948
2133	8578	0.0077237
8577	8578	0.0077237
8578	8579	0.00772192
1342	8579	0.00772192
3880	8580	0.00771899
4994	8580	0.00771899
8579	8580	0.00771899
2853	8581	0.00771729
8580	8581	0.00771729
8581	8582	0.00770858
3221	8582	0.00770858
4620	8583	0.00769316
8582	8583	0.00769316
8583	8584	0.00768646
2512	8584	0.00768646
8584	8585	0.00767813
2293	8585	0.00767813
215	8586	0.00765812
8585	8586	0.00765812
8586	8587	0.00765618
2331	8587	0.00765618
8587	8588	0.00765216
4371	8588	0.00765216
3110	8589	0.00762282
8588	8589	0.00762282
2332	8590	0.00761419
8589	8590	0.00761419
8590	8591	0.00758077
1864	8591	0.00758077
8591	8592	0.007577
3837	8592	0.007577
8592	8593	0.00757515
945	8593	0.00757515
4964	8594	0.00757404
8593	8594	0.00757404
4535	8595	0.00757325
8594	8595	0.00757325
8595	8596	0.00756834
8489	8596	0.00756834
5176	8597	0.00756667
4585	8597	0.00756667
8596	8597	0.00756667
1716	8598	0.00755322
3989	8598	0.00755322
8597	8598	0.00755322
8598	8599	0.00755202
1082	8599	0.00755202
1238	8599	0.00755202
8599	8600	0.0075513
1663	8600	0.0075513
7485	8601	0.00753985
8600	8601	0.00753985
8601	8602	0.00753396
4556	8602	0.00753396
8602	8603	0.00751589
2680	8603	0.00751589
3143	8604	0.00750162
8603	8604	0.00750162
8604	8605	0.00749784
1686	8605	0.00749784
8605	8606	0.00748821
1298	8606	0.00748821
8606	8607	0.00748224
1168	8607	0.00748224
599	8608	0.00748146
8607	8608	0.00748146
8608	8609	0.00746629
1562	8609	0.00746629
8609	8610	0.00746517
3478	8610	0.00746517
5082	8611	0.0074567
8610	8611	0.0074567
4009	8612	0.00744614
8611	8612	0.00744614
2214	8613	0.00783752
2156	8613	0.00783752
8612	8614	0.00744038
4169	8614	0.00744038
475	8615	0.00743766
8614	8615	0.00743766
3093	8616	0.00743667
8615	8616	0.00743667
8616	8617	0.00743579
1358	8617	0.00743579
2916	8618	0.0074314
8617	8618	0.0074314
1291	8619	0.00739289
8618	8619	0.00739289
2385	8620	0.00738904
8619	8620	0.00738904
1697	8621	0.00738821
8620	8621	0.00738821
8621	8622	0.00737964
2477	8622	0.00737964
8622	8623	0.00737191
1237	8623	0.00737191
3704	8624	0.00736058
8623	8624	0.00736058
8624	8625	0.00734039
3662	8625	0.00734039
4214	8625	0.00734039
2488	8626	0.00733198
8625	8626	0.00733198
8626	8627	0.00732984
2508	8627	0.00732984
8627	8628	0.007329
3860	8628	0.007329
4385	8629	0.00732532
8628	8629	0.00732532
8629	8630	0.00732416
4741	8630	0.00732416
2994	8631	0.00727744
8630	8631	0.00727744
8631	8632	0.00727575
2612	8632	0.00727575
8632	8633	0.00726318
1692	8633	0.00726318
4220	8634	0.00725848
8633	8634	0.00725848
2105	8635	0.00725192
8634	8635	0.00725192
8635	8636	0.00722604
8613	8636	0.00722604
3933	8637	0.00718018
7312	8637	0.00718018
8636	8638	0.0072162
2896	8638	0.0072162
8638	8639	0.00721455
4518	8639	0.00721455
2593	8640	0.0072106
8639	8640	0.0072106
8640	8641	0.00720686
1520	8641	0.00720686
2549	8641	0.00720686
1528	8642	0.00717068
8641	8642	0.00717068
8198	8643	0.0071688
2498	8643	0.0071688
3711	8643	0.0071688
8642	8643	0.0071688
8637	8644	0.00716096
8643	8644	0.00716096
2991	8644	0.00716096
4709	8645	0.00715225
8644	8645	0.00715225
8645	8646	0.00714758
1454	8646	0.00714758
8646	8647	0.00713734
3969	8647	0.00713734
8647	8648	0.00713354
4355	8648	0.00713354
8648	8649	0.00712573
1276	8649	0.00712573
8649	8650	0.00711638
295	8650	0.00711638
8650	8651	0.00710291
1297	8651	0.00710291
2084	8652	0.00709617
8651	8652	0.00709617
8652	8653	0.0070873
4850	8653	0.0070873
3445	8654	0.00707546
8653	8654	0.00707546
8654	8655	0.00705804
2347	8655	0.00705804
8199	8656	0.00705237
8655	8656	0.00705237
5200	8657	0.00704581
8656	8657	0.00704581
4331	8658	0.00704205
8657	8658	0.00704205
8658	8659	0.00703324
2726	8659	0.00703324
384	8660	0.00701527
8659	8660	0.00701527
8660	8661	0.00700947
1836	8661	0.00700947
1988	8661	0.00700947
8661	8662	0.00700706
8490	8662	0.00700706
8662	8663	0.00700377
2536	8663	0.00700377
7160	8664	0.00699711
8663	8664	0.00699711
8664	8665	0.00699614
2511	8665	0.00699614
3342	8666	0.00698954
8665	8666	0.00698954
4601	8667	0.0069847
8666	8667	0.0069847
8667	8668	0.00697603
5023	8668	0.00697603
8668	8669	0.00697424
2057	8669	0.00697424
4341	8670	0.00697342
8498	8670	0.00697342
8669	8670	0.00697342
8670	8671	0.00696629
3483	8671	0.00696629
7169	8672	0.00693317
8671	8672	0.00693317
3806	8673	0.0069296
8672	8673	0.0069296
7432	8674	0.00691037
8673	8674	0.00691037
3501	8675	0.00688959
7135	8675	0.00688959
8674	8675	0.00688959
91	8676	0.00688361
8675	8676	0.00688361
409	8677	0.0068734
8676	8677	0.0068734
1061	8677	0.0068734
2403	8678	0.00685383
8677	8678	0.00685383
2473	8679	0.0068436
8678	8679	0.0068436
8679	8680	0.00683977
2389	8680	0.00683977
4566	8680	0.00683977
8680	8681	0.00683817
1114	8681	0.00683817
201	8682	0.00681328
8681	8682	0.00681328
8682	8683	0.00679873
2914	8683	0.00679873
8683	8684	0.00679411
2872	8684	0.00679411
3713	8685	0.00677202
8684	8685	0.00677202
4807	8686	0.00676822
8685	8686	0.00676822
8686	8687	0.00675978
3114	8687	0.00675978
8687	8688	0.0067367
491	8688	0.0067367
8688	8689	0.00673188
4605	8689	0.00673188
2509	8690	0.00671874
8689	8690	0.00671874
3855	8691	0.00671767
8690	8691	0.00671767
2801	8692	0.00671095
2287	8692	0.00671095
8691	8692	0.00671095
3843	8692	0.00671095
1505	8693	0.006709
8692	8693	0.006709
8693	8694	0.00670722
3105	8694	0.00670722
5061	8695	0.00669957
8694	8695	0.00669957
8695	8696	0.00669759
8492	8696	0.00669759
4287	8696	0.00669759
4370	8697	0.00669512
8696	8697	0.00669512
1761	8698	0.00669113
8697	8698	0.00669113
1772	8699	0.00667763
8698	8699	0.00667763
3137	8700	0.00667182
8699	8700	0.00667182
134	8701	0.00665087
8700	8701	0.00665087
4932	8702	0.0140647
4924	8702	0.0140647
7447	8703	0.0115597
8702	8703	0.0115597
8703	8704	0.0109732
4933	8704	0.0109732
8704	8705	0.00844101
7047	8705	0.00844101
8705	8706	0.0076133
4476	8706	0.0076133
4814	8707	0.00958832
4000	8707	0.00958832
8707	8708	0.00744357
2881	8708	0.00744357
8708	8709	0.00723638
4462	8709	0.00723638
7104	8710	0.00901025
323	8710	0.00901025
235	8711	0.0106116
1848	8711	0.0106116
7202	8712	0.0129947
1481	8712	0.0129947
8712	8713	0.0128164
1612	8713	0.0128164
1472	8714	0.0093565
8713	8714	0.0093565
8714	8715	0.00892266
2997	8715	0.00892266
430	8716	0.00816531
3605	8716	0.00816531
1065	8717	0.00731094
8716	8717	0.00731094
1558	8718	0.0074425
1273	8718	0.0074425
5040	8719	0.00689136
5007	8719	0.00689136
1689	8720	0.00934334
4265	8720	0.00934334
4549	8721	0.0134591
7398	8721	0.0134591
4246	8722	0.0162328
3443	8722	0.0162328
3322	8723	0.0107041
3099	8723	0.0107041
4236	8724	0.00463486
455	8724	0.00463486
2814	8725	0.00549301
3116	8725	0.00549301
8725	8726	0.00350475
24	8726	0.00350475
3963	8727	0.0033922
364	8727	0.0033922
2487	8728	0.00426961
418	8728	0.00426961
8728	8729	0.00264929
457	8729	0.00264929
1661	8730	0.00567062
3348	8730	0.00567062
610	8731	0.00505633
4160	8731	0.00505633
470	8732	0.00464356
3818	8732	0.00464356
4536	8733	0.00474545
3708	8733	0.00474545
2875	8734	0.00457665
1970	8734	0.00457665
4971	8735	0.00516993
4045	8735	0.00516993
1131	8736	0.00270083
4271	8736	0.00270083
4120	8737	0.00455947
534	8737	0.00455947
580	8738	0.0043936
18	8738	0.0043936
2622	8739	0.006482
341	8739	0.006482
1223	8740	0.00620576
4568	8740	0.00620576
2710	8741	0.00592987
7446	8741	0.00592987
4816	8742	0.00444411
3691	8742	0.00444411
1266	8743	0.00609489
2021	8743	0.00609489
5113	8744	0.00473017
1757	8744	0.00473017
7068	8745	0.00619301
1593	8745	0.00619301
7454	8746	0.00433826
1093	8746	0.00433826
1501	8747	0.00457954
1323	8747	0.00457954
7335	8748	0.0065565
2802	8748	0.0065565
5056	8749	0.00558567
7327	8749	0.00558567
7305	8750	0.00454147
4498	8750	0.00454147
3245	8751	0.00635524
7465	8751	0.00635524
7133	8752	0.0060683
213	8752	0.0060683
7450	8753	0.00564186
7222	8753	0.00564186
1676	8754	0.00533066
151	8754	0.00533066
4688	8755	0.00652415
7458	8755	0.00652415
5019	8756	0.00644015
1112	8756	0.00644015
2335	8757	0.00626845
6988	8757	0.00626845
7455	8758	0.00661073
952	8758	0.00661073
8701	8759	0.00662998
568	8759	0.00662998
4076	8760	0.00662708
8759	8760	0.00662708
8760	8761	0.00659942
8715	8761	0.00659942
8761	8762	0.00659269
3532	8762	0.00659269
8762	8763	0.00659175
1309	8763	0.00659175
413	8764	0.0065897
8763	8764	0.0065897
8764	8765	0.00658319
944	8765	0.00658319
908	8766	0.00657278
8765	8766	0.00657278
2777	8766	0.00657278
3029	8767	0.00656795
8766	8767	0.00656795
8767	8768	0.00654926
1986	8768	0.00654926
8768	8769	0.00654402
342	8769	0.00654402
4339	8770	0.00654017
8769	8770	0.00654017
8770	8771	0.006523
8711	8771	0.006523
7315	8772	0.00652127
8771	8772	0.00652127
80	8773	0.00651648
8772	8773	0.00651648
7434	8774	0.00649833
8773	8774	0.00649833
8774	8775	0.00649641
3141	8775	0.00649641
4753	8776	0.00648875
8775	8776	0.00648875
2581	8777	0.00648595
8776	8777	0.00648595
8777	8778	0.0064697
4610	8778	0.0064697
8778	8779	0.00646675
1193	8779	0.00646675
2392	8780	0.00646592
8779	8780	0.00646592
8780	8781	0.0064628
1659	8781	0.0064628
1403	8782	0.00645908
8781	8782	0.00645908
8782	8783	0.00644967
3166	8783	0.00644967
3917	8784	0.00644877
8783	8784	0.00644877
4389	8785	0.00644214
8784	8785	0.00644214
2	8786	0.00644015
8785	8786	0.00644015
3275	8787	0.00642436
8786	8787	0.00642436
1653	8788	0.00642299
3254	8788	0.00642299
8787	8788	0.00642299
2419	8789	0.00642182
8788	8789	0.00642182
3887	8790	0.00641629
8789	8790	0.00641629
4942	8791	0.00640252
8790	8791	0.00640252
8791	8792	0.00639047
3321	8792	0.00639047
8792	8793	0.00638098
2849	8793	0.00638098
183	8794	0.0063666
8793	8794	0.0063666
1412	8795	0.00636389
8794	8795	0.00636389
391	8796	0.0063515
8795	8796	0.0063515
7456	8797	0.00634584
8796	8797	0.00634584
8797	8798	0.00633138
504	8798	0.00633138
7442	8799	0.0063181
8798	8799	0.0063181
2180	8800	0.00631443
8799	8800	0.00631443
3048	8801	0.00629878
8800	8801	0.00629878
7233	8802	0.0062953
8801	8802	0.0062953
8802	8803	0.00628643
1289	8803	0.00628643
4333	8804	0.00627885
8803	8804	0.00627885
209	8805	0.0062704
8804	8805	0.0062704
8805	8806	0.00626181
2069	8806	0.00626181
7470	8807	0.0062466
8806	8807	0.0062466
2400	8808	0.0062325
8807	8808	0.0062325
1744	8808	0.0062325
1604	8809	0.00620847
8808	8809	0.00620847
1603	8810	0.0062008
8809	8810	0.0062008
8757	8811	0.00619684
8810	8811	0.00619684
8811	8812	0.00619217
7427	8812	0.00619217
3570	8812	0.00619217
8812	8813	0.00617295
4471	8813	0.00617295
4552	8813	0.00617295
935	8813	0.00617295
8813	8814	0.00616928
2398	8814	0.00616928
3921	8815	0.00614834
1180	8815	0.00614834
8814	8815	0.00614834
458	8815	0.00614834
804	8816	0.00613402
8815	8816	0.00613402
8816	8817	0.0061331
1807	8817	0.0061331
8817	8818	0.0061302
4470	8818	0.0061302
1346	8819	0.00612552
8818	8819	0.00612552
8819	8820	0.00612169
1784	8820	0.00612169
1119	8821	0.00611598
3810	8821	0.00611598
8820	8821	0.00611598
1111	8821	0.00611598
8758	8822	0.00611407
8821	8822	0.00611407
8822	8823	0.00611213
860	8823	0.00611213
3366	8824	0.00610534
8823	8824	0.00610534
1812	8825	0.00608072
8824	8825	0.00608072
4538	8826	0.0060768
8825	8826	0.0060768
8826	8827	0.00607296
2788	8827	0.00607296
8827	8828	0.00607206
8718	8828	0.00607206
8828	8829	0.00604819
1152	8829	0.00604819
8829	8830	0.00604627
4032	8830	0.00604627
7088	8831	0.00604438
8830	8831	0.00604438
8831	8832	0.00603876
3675	8832	0.00603876
8832	8833	0.00603481
2306	8833	0.00603481
3383	8834	0.00603307
8833	8834	0.00603307
3433	8835	0.00602724
8834	8835	0.00602724
7279	8836	0.00602622
8835	8836	0.00602622
8836	8837	0.00602433
1005	8837	0.00602433
8837	8838	0.00602056
2944	8838	0.00602056
8838	8839	0.00601486
3959	8839	0.00601486
4943	8840	0.00600245
8839	8840	0.00600245
2470	8841	0.00599397
8840	8841	0.00599397
8841	8842	0.00599005
1070	8842	0.00599005
2367	8842	0.00599005
4044	8842	0.00599005
3564	8843	0.00596609
8842	8843	0.00596609
7387	8844	0.00596523
8843	8844	0.00596523
651	8845	0.00596047
8844	8845	0.00596047
8845	8846	0.00595102
8706	8846	0.00595102
8846	8847	0.00594415
1788	8847	0.00594415
1113	8847	0.00594415
8847	8848	0.00593657
188	8848	0.00593657
7203	8849	0.00593294
7464	8849	0.00593294
8848	8849	0.00593294
7453	8850	0.00592814
8849	8850	0.00592814
8850	8851	0.00592604
2707	8851	0.00592604
864	8852	0.0059252
8851	8852	0.0059252
8852	8853	0.00592327
3517	8853	0.00592327
2063	8854	0.00591398
8853	8854	0.00591398
1658	8855	0.00590039
8854	8855	0.00590039
8855	8856	0.00589559
2441	8856	0.00589559
8856	8857	0.00588691
42	8857	0.00588691
5146	8858	0.00588512
8857	8858	0.00588512
8709	8859	0.00660517
8719	8859	0.00660517
8859	8860	0.00613496
5041	8860	0.00613496
4516	8860	0.00613496
941	8861	0.00589559
8860	8861	0.00589559
7457	8862	0.00560477
4868	8862	0.00560477
396	8863	0.00586422
4387	8863	0.00586422
4434	8864	0.0058737
8858	8864	0.0058737
8864	8865	0.00587075
4714	8865	0.00587075
15	8866	0.00586422
8865	8866	0.00586422
8866	8867	0.00585366
3953	8867	0.00585366
8867	8868	0.00584499
3936	8868	0.00584499
500	8869	0.00584125
8868	8869	0.00584125
1885	8869	0.00584125
7469	8870	0.005825
8869	8870	0.005825
462	8871	0.00581454
8870	8871	0.00581454
7352	8872	0.00580963
8871	8872	0.00580963
179	8873	0.00578589
8872	8873	0.00578589
4806	8874	0.00578501
7424	8874	0.00578501
8873	8874	0.00578501
8861	8875	0.00580683
2883	8875	0.00580683
4211	8876	0.00576496
8874	8876	0.00576496
8876	8877	0.00575443
241	8877	0.00575443
2830	8877	0.00575443
5018	8877	0.00575443
5025	8877	0.00575443
4452	8877	0.00575443
1683	8877	0.00575443
8875	8877	0.00575443
8863	8878	0.00574878
8877	8878	0.00574878
4974	8879	0.00574118
8878	8879	0.00574118
1285	8880	0.00573921
8879	8880	0.00573921
3391	8881	0.00573346
8880	8881	0.00573346
3513	8882	0.00572971
8881	8882	0.00572971
4993	8883	0.00572785
8882	8883	0.00572785
2114	8884	0.00572108
8883	8884	0.00572108
32	8885	0.0057088
8884	8885	0.0057088
4383	8886	0.00569913
8885	8886	0.00569913
629	8887	0.00569059
1921	8887	0.00569059
8886	8887	0.00569059
3458	8888	0.00565892
4004	8888	0.00565892
4827	8888	0.00565892
8887	8888	0.00565892
8888	8889	0.00565432
158	8889	0.00565432
3089	8890	0.00563999
8889	8890	0.00563999
4844	8891	0.00563618
8890	8891	0.00563618
476	8892	0.00562576
8891	8892	0.00562576
2510	8893	0.00561983
8892	8893	0.00561983
8893	8894	0.00561336
4851	8894	0.00561336
3825	8895	0.0056105
8894	8895	0.0056105
3165	8896	0.00556848
8895	8896	0.00556848
8896	8897	0.00554773
1588	8897	0.00554773
247	8898	0.00553017
8897	8898	0.00553017
8898	8899	0.0055266
7039	8899	0.0055266
4596	8899	0.0055266
8723	8899	0.0055266
8717	8899	0.0055266
126	8900	0.00552183
8899	8900	0.00552183
7374	8901	0.00550368
8900	8901	0.00550368
8901	8902	0.0054951
1117	8902	0.0054951
3235	8902	0.0054951
3360	8903	0.00582313
1923	8903	0.00582313
3401	8904	0.00549301
8902	8904	0.00549301
8904	8905	0.00547692
4927	8905	0.00547692
3716	8906	0.00546732
8905	8906	0.00546732
1495	8907	0.00546637
8906	8907	0.00546637
8907	8908	0.00545979
3337	8908	0.00545979
2170	8909	0.00544737
8908	8909	0.00544737
8862	8910	0.00544359
2268	8910	0.00544359
8909	8910	0.00544359
4899	8911	0.00543687
8910	8911	0.00543687
8911	8912	0.00543586
2458	8912	0.00543586
4746	8913	0.00543127
8912	8913	0.00543127
732	8914	0.00543009
8913	8914	0.00543009
8914	8915	0.00541593
2252	8915	0.00541593
1376	8916	0.00541291
8915	8916	0.00541291
3434	8917	0.00541208
8916	8917	0.00541208
3251	8918	0.00540828
8917	8918	0.00540828
8918	8919	0.0053826
4834	8919	0.0053826
8919	8920	0.00537296
642	8920	0.00537296
4411	8921	0.00537013
8920	8921	0.00537013
8921	8922	0.00533484
3040	8922	0.00533484
4648	8922	0.00533484
1798	8923	0.00539582
2543	8923	0.00539582
8922	8924	0.00532926
2051	8924	0.00532926
8923	8924	0.00532926
3156	8925	0.00531958
8924	8925	0.00531958
2291	8925	0.00531958
8756	8926	0.00531673
8925	8926	0.00531673
4112	8927	0.00531209
8926	8927	0.00531209
2230	8928	0.00530728
8927	8928	0.00530728
1803	8929	0.00528809
8928	8929	0.00528809
964	8930	0.00528695
8929	8930	0.00528695
3730	8931	0.00527865
8930	8931	0.00527865
4965	8932	0.00527673
8931	8932	0.00527673
2267	8933	0.00527351
8932	8933	0.00527351
4232	8934	0.00527022
8933	8934	0.00527022
2666	8935	0.00526796
8934	8935	0.00526796
8935	8936	0.00525471
406	8936	0.00525471
1876	8937	0.00525001
8936	8937	0.00525001
4346	8938	0.00524897
8937	8938	0.00524897
8938	8939	0.00524046
733	8939	0.00524046
8939	8940	0.00523662
8722	8940	0.00523662
8903	8940	0.00523662
8940	8941	0.00521846
1865	8941	0.00521846
8941	8942	0.00521657
4066	8942	0.00521657
646	8943	0.0052099
8942	8943	0.0052099
8720	8943	0.0052099
8943	8944	0.00519742
1514	8944	0.00519742
4264	8945	0.00647551
2461	8945	0.00647551
7471	8946	0.00519658
8944	8946	0.00519658
4360	8947	0.00518798
8946	8947	0.00518798
795	8948	0.00517954
8947	8948	0.00517954
8948	8949	0.00516696
3318	8949	0.00516696
8949	8950	0.00513549
36	8950	0.00513549
3657	8951	0.00513454
8950	8951	0.00513454
682	8952	0.00512028
8951	8952	0.00512028
8952	8953	0.0051172
2834	8953	0.0051172
7449	8954	0.00511549
8953	8954	0.00511549
8954	8955	0.00510412
3226	8955	0.00510412
8955	8956	0.00508778
949	8956	0.00508778
7356	8957	0.0050821
8956	8957	0.0050821
8957	8958	0.00507832
346	8958	0.00507832
309	8959	0.00505551
8958	8959	0.00505551
4077	8960	0.00504876
8959	8960	0.00504876
2590	8960	0.00504876
8960	8961	0.00504495
5020	8961	0.00504495
238	8962	0.00503441
8961	8962	0.00503441
8962	8963	0.00502947
1332	8963	0.00502947
8963	8964	0.00502484
791	8964	0.00502484
5049	8964	0.00502484
3863	8964	0.00502484
4104	8964	0.00502484
1673	8965	0.00502117
8964	8965	0.00502117
623	8966	0.00500301
8965	8966	0.00500301
8966	8967	0.00499726
2363	8967	0.00499726
1953	8968	0.00499533
8967	8968	0.00499533
4732	8969	0.0049592
8968	8969	0.0049592
7474	8970	0.00495624
8969	8970	0.00495624
8970	8971	0.00493619
1693	8971	0.00493619
8971	8972	0.0049343
2160	8972	0.0049343
8972	8973	0.00493236
2545	8973	0.00493236
1706	8973	0.00493236
2479	8974	0.00492282
8973	8974	0.00492282
8974	8975	0.00491353
1044	8975	0.00491353
8975	8976	0.00490373
4721	8976	0.00490373
2364	8977	0.00490293
8976	8977	0.00490293
7065	8978	0.00488956
8977	8978	0.00488956
1433	8979	0.00488381
8978	8979	0.00488381
2597	8980	0.00488188
8979	8980	0.00488188
7232	8981	0.00487519
8980	8981	0.00487519
214	8982	0.00487327
8981	8982	0.00487327
8982	8983	0.00486464
4157	8983	0.00486464
8983	8984	0.00483802
2249	8984	0.00483802
7416	8985	0.00483325
8984	8985	0.00483325
5143	8986	0.00482936
8985	8986	0.00482936
8755	8987	0.00481891
4581	8987	0.00481891
8986	8987	0.00481891
4856	8988	0.00481605
8987	8988	0.00481605
2161	8989	0.00479125
8988	8989	0.00479125
2580	8990	0.00478357
8989	8990	0.00478357
8990	8991	0.00477887
5052	8991	0.00477887
8991	8992	0.00477503
4517	8992	0.00477503
3446	8993	0.00477029
8992	8993	0.00477029
8993	8994	0.0047607
1675	8994	0.0047607
737	8994	0.0047607
8994	8995	0.00475123
2272	8995	0.00475123
2428	8996	0.00471018
8995	8996	0.00471018
1435	8997	0.00470729
8996	8997	0.00470729
8997	8998	0.00469683
2485	8998	0.00469683
8998	8999	0.00467873
4318	8999	0.00467873
7462	9000	0.00467677
8999	9000	0.00467677
7377	9001	0.00467094
9000	9001	0.00467094
9001	9002	0.00465491
5017	9002	0.00465491
9002	9003	0.0046491
4728	9003	0.0046491
3650	9004	0.00464726
9003	9004	0.00464726
2703	9005	0.00464262
9004	9005	0.00464262
717	9006	0.00462912
9005	9006	0.00462912
9006	9007	0.00461856
4811	9007	0.00461856
1839	9008	0.00461303
9007	9008	0.00461303
9008	9009	0.00460147
199	9009	0.00460147
9009	9010	0.0045327
1069	9010	0.0045327
7338	9011	0.00452424
3331	9011	0.00452424
9010	9011	0.00452424
1058	9012	0.00482446
1847	9012	0.00482446
8945	9013	0.00466916
1949	9013	0.00466916
9011	9014	0.00451463
2523	9014	0.00451463
789	9015	0.00451375
9014	9015	0.00451375
1123	9016	0.00451285
9015	9016	0.00451285
49	9017	0.00450994
9016	9017	0.00450994
4221	9018	0.00449566
9017	9018	0.00449566
5051	9019	0.0044937
9018	9019	0.0044937
3606	9020	0.00448902
9019	9020	0.00448902
7281	9021	0.00448528
9020	9021	0.00448528
9021	9022	0.00448047
2556	9022	0.00448047
3035	9022	0.00448047
2995	9022	0.00448047
2393	9022	0.00448047
9013	9022	0.00448047
9022	9023	0.00447093
2247	9023	0.00447093
187	9024	0.0044508
9023	9024	0.0044508
4519	9025	0.00443173
9024	9025	0.00443173
7148	9026	0.00443076
9025	9026	0.00443076
9026	9027	0.00440882
9012	9027	0.00440882
1209	9028	0.0043936
9027	9028	0.0043936
667	9029	0.00438976
9028	9029	0.00438976
7466	9030	0.00438112
9029	9030	0.00438112
8753	9031	0.00437355
9030	9031	0.00437355
483	9032	0.00436017
9031	9032	0.00436017
9032	9033	0.00435735
7226	9033	0.00435735
2878	9034	0.00435073
9033	9034	0.00435073
2771	9035	0.00434212
9034	9035	0.00434212
4684	9036	0.00432495
9035	9036	0.00432495
3957	9037	0.00431251
1762	9037	0.00431251
9036	9037	0.00431251
9037	9038	0.00431158
1652	9038	0.00431158
7359	9039	0.00430669
9038	9039	0.00430669
2040	9040	0.00430582
9039	9040	0.00430582
1589	9041	0.00432691
1802	9041	0.00432691
4417	9042	0.00430489
9040	9042	0.00430489
2168	9043	0.00428493
9042	9043	0.00428493
5093	9044	0.00427244
9043	9044	0.00427244
7460	9045	0.00426484
9044	9045	0.00426484
2805	9046	0.00426193
9045	9046	0.00426193
4769	9047	0.0042553
9046	9047	0.0042553
1161	9048	0.00424672
9047	9048	0.00424672
9048	9049	0.00424202
883	9049	0.00424202
9049	9050	0.00423052
522	9050	0.00423052
9050	9051	0.00421616
1599	9051	0.00421616
3511	9052	0.00420283
9051	9052	0.00420283
8754	9053	0.00418851
9052	9053	0.00418851
3454	9054	0.00418283
9053	9054	0.00418283
2078	9055	0.00417989
9054	9055	0.00417989
4425	9056	0.00417334
9055	9056	0.00417334
5083	9057	0.00416477
9056	9057	0.00416477
3668	9058	0.00416088
9057	9058	0.00416088
2279	9059	0.00413509
9058	9059	0.00413509
2260	9060	0.00412937
9059	9060	0.00412937
4703	9061	0.00411891
9060	9061	0.00411891
771	9062	0.00411792
9061	9062	0.00411792
9062	9063	0.00410458
3700	9063	0.00410458
9063	9064	0.00409791
2964	9064	0.00409791
9064	9065	0.00409114
1625	9065	0.00409114
2234	9066	0.00408651
9065	9066	0.00408651
9066	9067	0.00408171
3582	9067	0.00408171
7431	9068	0.00407895
9067	9068	0.00407895
234	9069	0.00407214
9068	9069	0.00407214
9069	9070	0.00406936
9041	9070	0.00406936
624	9070	0.00406936
1717	9071	0.00406168
9070	9071	0.00406168
1016	9072	0.00413142
1201	9072	0.00413142
2500	9073	0.00445938
3920	9073	0.00445938
2299	9074	0.00411318
9073	9074	0.00411318
2681	9075	0.0039434
3213	9075	0.0039434
4193	9076	0.00341608
4308	9076	0.00341608
8747	9077	0.00389958
4063	9077	0.00389958
7468	9078	0.00403772
9071	9078	0.00403772
2308	9079	0.00401687
9078	9079	0.00401687
3144	9080	0.00401022
9079	9080	0.00401022
9080	9081	0.00399008
3500	9081	0.00399008
8750	9082	0.00398536
9081	9082	0.00398536
9082	9083	0.00397492
9072	9083	0.00397492
2766	9084	0.00396823
9083	9084	0.00396823
2339	9085	0.00396438
9084	9085	0.00396438
9085	9086	0.00393964
225	9086	0.00393964
62	9087	0.00392349
9086	9087	0.00392349
5188	9088	0.00391769
9087	9088	0.00391769
9088	9089	0.00391581
3718	9089	0.00391581
110	9090	0.00391389
9089	9090	0.00391389
4123	9091	0.00391292
9090	9091	0.00391292
7467	9092	0.00391105
9091	9092	0.00391105
4603	9093	0.00391001
9092	9093	0.00391001
4205	9094	0.00390339
9093	9094	0.00390339
4619	9095	0.00389387
9094	9095	0.00389387
1650	9096	0.00388814
9095	9096	0.00388814
673	9097	0.00388052
9096	9097	0.00388052
9097	9098	0.00386332
207	9098	0.00386332
2933	9099	0.00386044
9098	9099	0.00386044
7407	9100	0.00385945
9099	9100	0.00385945
8742	9101	0.00385859
9100	9101	0.00385859
9101	9102	0.00383566
912	9102	0.00383566
863	9103	0.00383476
9102	9103	0.00383476
7463	9104	0.00383186
9103	9104	0.00383186
3095	9105	0.00382899
9104	9105	0.00382899
7069	9106	0.00382326
9105	9106	0.00382326
9106	9107	0.00382238
1586	9107	0.00382238
4084	9108	0.0040063
94	9108	0.0040063
9107	9109	0.0038156
1924	9109	0.0038156
9109	9110	0.00380707
4511	9110	0.00380707
4135	9111	0.00380512
9110	9111	0.00380512
11	9112	0.00379467
9111	9112	0.00379467
403	9113	0.00375936
9112	9113	0.00375936
4941	9114	0.00374319
9113	9114	0.00374319
9114	9115	0.00374126
9108	9115	0.00374126
3223	9116	0.00373851
9115	9116	0.00373851
2233	9117	0.00372888
9116	9117	0.00372888
7425	9118	0.00371067
9117	9118	0.00371067
9118	9119	0.00370979
165	9119	0.00370979
613	9120	0.00370788
9119	9120	0.00370788
2012	9121	0.00370311
9120	9121	0.00370311
1861	9122	0.00370222
9121	9122	0.00370222
1011	9123	0.0036955
9122	9123	0.0036955
308	9124	0.00369262
9123	9124	0.00369262
3684	9125	0.0036574
9124	9125	0.0036574
529	9126	0.00364969
9125	9126	0.00364969
837	9127	0.00363254
9126	9127	0.00363254
1919	9128	0.00362586
9127	9128	0.00362586
360	9129	0.00362397
9128	9129	0.00362397
1477	9130	0.0036163
9129	9130	0.0036163
139	9130	0.0036163
889	9130	0.0036163
2445	9130	0.0036163
9074	9130	0.0036163
3429	9131	0.00361542
9130	9131	0.00361542
9131	9132	0.00361255
4080	9132	0.00361255
1764	9133	0.00360584
9132	9133	0.00360584
3938	9134	0.00360394
9133	9134	0.00360394
3080	9135	0.00359725
9134	9135	0.00359725
9135	9136	0.00358962
2996	9136	0.00358962
776	9137	0.00357914
9136	9137	0.00357914
3374	9138	0.00356006
9137	9138	0.00356006
1499	9139	0.00355719
9138	9139	0.00355719
3540	9140	0.00354197
9139	9140	0.00354197
3343	9141	0.00354097
9140	9141	0.00354097
3784	9142	0.00353734
9141	9142	0.00353734
4679	9143	0.00353527
9142	9143	0.00353527
9143	9144	0.00352957
5036	9144	0.00352957
3789	9145	0.00352492
9144	9145	0.00352492
2006	9146	0.00352386
2551	9146	0.00352386
9145	9146	0.00352386
4168	9147	0.00352288
9146	9147	0.00352288
4368	9148	0.00351905
9147	9148	0.00351905
786	9149	0.00351522
9148	9149	0.00351522
2943	9150	0.00350286
9149	9150	0.00350286
4611	9151	0.00350186
9150	9151	0.00350186
265	9152	0.00349324
9151	9152	0.00349324
5055	9153	0.00348565
9152	9153	0.00348565
4003	9154	0.00348473
9153	9154	0.00348473
3554	9155	0.00348188
9154	9155	0.00348188
411	9155	0.00348188
4028	9155	0.00348188
9155	9156	0.00347519
4364	9156	0.00347519
4334	9157	0.00346851
9156	9157	0.00346851
3062	9158	0.00346753
9157	9158	0.00346753
9158	9159	0.00346191
176	9159	0.00346191
9159	9160	0.00346089
3328	9160	0.00346089
1583	9161	0.00345516
9160	9161	0.00345516
293	9162	0.00345425
3984	9162	0.00345425
9161	9162	0.00345425
9162	9163	0.00344747
1737	9163	0.00344747
8743	9164	0.00342367
9163	9164	0.00342367
9164	9165	0.00341987
5028	9165	0.00341987
9165	9166	0.00341131
2982	9166	0.00341131
7383	9167	0.00341037
9166	9167	0.00341037
778	9168	0.00340743
9167	9168	0.00340743
1903	9169	0.0033903
9168	9169	0.0033903
4625	9170	0.0033865
9169	9170	0.0033865
8749	9171	0.00338272
9170	9171	0.00338272
3535	9172	0.0033817
9171	9172	0.0033817
9172	9173	0.0033789
550	9173	0.0033789
1573	9174	0.00337796
9173	9174	0.00337796
4915	9175	0.00337701
3283	9175	0.00337701
2492	9175	0.00337701
9174	9175	0.00337701
3406	9176	0.00337024
9175	9176	0.00337024
9176	9177	0.00336839
1063	9177	0.00336839
4378	9178	0.00336644
9177	9178	0.00336644
3336	9179	0.00336561
9178	9179	0.00336561
8744	9180	0.00335697
9179	9180	0.00335697
9180	9181	0.00335027
3911	9181	0.00335027
1577	9182	0.00334739
9181	9182	0.00334739
7394	9183	0.00333789
9182	9183	0.00333789
4319	9184	0.00332931
9183	9184	0.00332931
9077	9185	0.00331588
9184	9185	0.00331588
3949	9186	0.003315
4291	9186	0.003315
7384	9186	0.003315
9185	9186	0.003315
3896	9187	0.00331307
9186	9187	0.00331307
3307	9188	0.00330154
9187	9188	0.00330154
848	9189	0.00330066
3862	9189	0.00330066
9188	9189	0.00330066
3956	9190	0.00329974
9189	9190	0.00329974
3167	9191	0.00329876
9190	9191	0.00329876
4087	9192	0.00328166
9191	9192	0.00328166
2360	9193	0.00327015
9192	9193	0.00327015
3595	9194	0.0032625
9193	9194	0.0032625
5079	9195	0.00325867
9194	9195	0.00325867
1452	9196	0.00325585
9195	9196	0.00325585
9196	9197	0.00325493
3127	9197	0.00325493
9197	9198	0.0032301
1666	9198	0.0032301
142	9199	0.00322725
9198	9199	0.00322725
9199	9200	0.00321858
4164	9200	0.00321858
9200	9201	0.00320816
2245	9201	0.00320816
3396	9202	0.00320435
9201	9202	0.00320435
4967	9203	0.00319287
1552	9203	0.00319287
9202	9203	0.00319287
9203	9204	0.00318242
749	9204	0.00318242
9076	9205	0.00318147
9204	9205	0.00318147
8752	9206	0.00317948
9205	9206	0.00317948
9206	9207	0.00317197
4479	9207	0.00317197
2833	9208	0.00315477
9207	9208	0.00315477
9208	9209	0.00314998
448	9209	0.00314998
8748	9210	0.00314335
9209	9210	0.00314335
9210	9211	0.00314237
2206	9211	0.00314237
9211	9212	0.00312709
937	9212	0.00312709
502	9213	0.00312326
9212	9213	0.00312326
1432	9214	0.00311377
9213	9214	0.00311377
9214	9215	0.00309943
1487	9215	0.00309943
5009	9216	0.00309169
9215	9216	0.00309169
9216	9217	0.00308899
2055	9217	0.00308899
7321	9218	0.003088
9217	9218	0.003088
4995	9219	0.00308703
9218	9219	0.00308703
1831	9220	0.00307558
9219	9220	0.00307558
9220	9221	0.00307467
3999	9221	0.00307467
5043	9222	0.00305746
9221	9222	0.00305746
1824	9222	0.00305746
8746	9223	0.0030517
9222	9223	0.0030517
9223	9224	0.00303267
1747	9224	0.00303267
3828	9225	0.00302791
9224	9225	0.00302791
2819	9226	0.00302322
9225	9226	0.00302322
2527	9227	0.00301644
9226	9227	0.00301644
3057	9228	0.00300789
9227	9228	0.00300789
3190	9229	0.00300399
9228	9229	0.00300399
9229	9230	0.00299548
3966	9230	0.00299548
7473	9231	0.00299454
9230	9231	0.00299454
4588	9232	0.00298588
9231	9232	0.00298588
3829	9233	0.00298214
9232	9233	0.00298214
1271	9234	0.0029688
9233	9234	0.0029688
4745	9235	0.00296595
9234	9235	0.00296595
2213	9236	0.00295927
9235	9236	0.00295927
9236	9237	0.00292969
7085	9237	0.00292969
3520	9238	0.00292689
9237	9238	0.00292689
2574	9239	0.00292098
9238	9239	0.00292098
715	9240	0.00291156
9239	9240	0.00291156
3752	9241	0.00290966
9240	9241	0.00290966
9241	9242	0.00290871
7443	9242	0.00290871
9075	9243	0.00290771
3002	9243	0.00290771
9242	9243	0.00290771
7365	9244	0.00289534
9243	9244	0.00289534
4200	9245	0.00288197
9244	9245	0.00288197
3833	9246	0.00287244
9245	9246	0.00287244
4962	9247	0.00287154
8745	9247	0.00287154
9246	9247	0.00287154
454	9248	0.00286961
9247	9248	0.00286961
4354	9249	0.00286489
9248	9249	0.00286489
7448	9250	0.00286292
9249	9250	0.00286292
9250	9251	0.00285237
1254	9251	0.00285237
71	9252	0.00283808
9251	9252	0.00283808
2727	9253	0.00282956
9252	9253	0.00282956
3557	9254	0.00282861
9253	9254	0.00282861
4347	9255	0.00282765
9254	9255	0.00282765
4121	9256	0.0028267
9255	9256	0.0028267
9256	9257	0.00282095
3313	9257	0.00282095
7459	9258	0.00281145
9257	9258	0.00281145
1068	9259	0.00280002
9258	9259	0.00280002
2687	9260	0.00279238
9259	9260	0.00279238
9260	9261	0.00278948
1128	9261	0.00278948
1996	9262	0.00278567
9261	9262	0.00278567
1637	9263	0.00278091
9262	9263	0.00278091
3407	9264	0.0027695
9263	9264	0.0027695
9264	9265	0.00275518
103	9265	0.00275518
4119	9266	0.00275325
9265	9266	0.00275325
286	9267	0.00274847
9266	9267	0.00274847
8710	9268	0.00273896
9267	9268	0.00273896
9268	9269	0.00273132
4831	9269	0.00273132
2215	9270	0.00272942
9269	9270	0.00272942
4342	9271	0.00272746
9270	9271	0.00272746
7255	9272	0.00272276
9271	9272	0.00272276
7067	9273	0.00270557
9272	9273	0.00270557
8741	9274	0.00269796
9273	9274	0.00269796
9274	9275	0.00268936
395	9275	0.00268936
331	9276	0.00267981
9275	9276	0.00267981
9276	9277	0.00267889
1900	9277	0.00267889
539	9277	0.00267889
9277	9278	0.00267603
1620	9278	0.00267603
9278	9279	0.00267313
1575	9279	0.00267313
1760	9280	0.0026579
9279	9280	0.0026579
4002	9281	0.00264837
9280	9281	0.00264837
2128	9282	0.00264739
9281	9282	0.00264739
2938	9283	0.00264457
9282	9283	0.00264457
3993	9284	0.00264073
9283	9284	0.00264073
9284	9285	0.00262361
267	9285	0.00262361
1426	9286	0.00262071
9285	9286	0.00262071
3946	9287	0.00261691
9286	9287	0.00261691
7339	9288	0.00261307
9287	9288	0.00261307
482	9289	0.00260254
9288	9289	0.00260254
2919	9290	0.00259204
9289	9290	0.00259204
2958	9291	0.00257875
9290	9291	0.00257875
1645	9292	0.00256347
9291	9292	0.00256347
1292	9293	0.00254916
9292	9293	0.00254916
3250	9294	0.00254053
8751	9294	0.00254053
9293	9294	0.00254053
9294	9295	0.00253965
1250	9295	0.00253965
2167	9296	0.00253295
9295	9296	0.00253295
9296	9297	0.00253199
914	9297	0.00253199
3714	9298	0.00252344
9297	9298	0.00252344
3897	9298	0.00252344
4082	9299	0.00251962
9298	9299	0.00251962
4913	9300	0.00114823
1844	9300	0.00114823
9300	9301	0.00107384
3951	9301	0.00107384
9301	9302	0.000988962
4957	9302	0.000988962
9302	9303	0.000978472
4486	9303	0.000978472
9303	9304	0.000931742
4823	9304	0.000931742
9304	9305	0.000875474
4419	9305	0.000875474
9305	9306	0.000830653
4757	9306	0.000830653
9306	9307	0.00080967
4467	9307	0.00080967
9307	9308	0.000777246
3687	9308	0.000777246
4685	9309	0.00175478
52	9309	0.00175478
9309	9310	0.00154305
2848	9310	0.00154305
3421	9311	0.000874508
3961	9311	0.000874508
2920	9312	0.00164414
192	9312	0.00164414
1443	9313	0.00250149
1055	9313	0.00250149
3163	9314	0.00251579
3992	9314	0.00251579
8726	9315	0.00201416
7472	9315	0.00201416
3559	9316	0.00251675
9299	9316	0.00251675
4612	9317	0.00251103
9316	9317	0.00251103
8738	9318	0.00250344
9317	9318	0.00250344
3647	9319	0.00249197
2757	9319	0.00249197
9318	9319	0.00249197
5136	9320	0.00248337
9319	9320	0.00248337
2159	9321	0.00245665
9320	9321	0.00245665
3575	9322	0.00245474
9321	9322	0.00245474
3998	9323	0.00245192
9322	9323	0.00245192
1287	9324	0.00244999
9323	9324	0.00244999
3474	9325	0.00244142
9324	9325	0.00244142
2295	9326	0.00243763
9325	9326	0.00243763
1978	9327	0.00242716
9326	9327	0.00242716
2311	9328	0.00242424
1711	9328	0.00242424
9327	9328	0.00242424
41	9329	0.00242138
9328	9329	0.00242138
575	9330	0.00241946
9329	9330	0.00241946
3686	9331	0.00241854
1028	9331	0.00241854
9330	9331	0.00241854
4034	9332	0.00241564
9331	9332	0.00241564
4820	9333	0.00241471
9332	9333	0.00241471
9333	9334	0.00241376
2135	9334	0.00241376
9334	9335	0.00241183
1780	9335	0.00241183
794	9335	0.00241183
731	9336	0.00240514
1556	9336	0.00240514
9335	9336	0.00240514
2108	9337	0.00239086
9336	9337	0.00239086
7404	9338	0.00238701
9337	9338	0.00238701
3334	9339	0.00238514
9338	9339	0.00238514
1030	9340	0.00238228
9339	9340	0.00238228
8739	9341	0.00237844
9340	9341	0.00237844
3612	9342	0.00237658
9341	9342	0.00237658
744	9343	0.00236894
1687	9343	0.00236894
9342	9343	0.00236894
7395	9344	0.00234413
9343	9344	0.00234413
3124	9345	0.00234223
9344	9345	0.00234223
953	9346	0.00233364
9345	9346	0.00233364
3047	9347	0.00233171
9346	9347	0.00233171
4858	9348	0.00232983
3088	9348	0.00232983
9347	9348	0.00232983
3034	9349	0.00232028
4874	9349	0.00232028
9348	9349	0.00232028
9349	9350	0.00231838
2302	9350	0.00231838
1253	9350	0.00231838
1402	9351	0.00231453
9350	9351	0.00231453
831	9352	0.00230882
9351	9352	0.00230882
1047	9353	0.00230027
9352	9353	0.00230027
3638	9354	0.00229168
9353	9354	0.00229168
9354	9355	0.00228597
4840	9355	0.00228597
903	9356	0.0022602
4241	9356	0.0022602
9355	9357	0.00227451
7435	9357	0.00227451
2300	9358	0.00226215
9357	9358	0.00226215
4846	9359	0.00225734
9358	9359	0.00225734
9356	9360	0.00224878
9359	9360	0.00224878
3113	9361	0.00224114
9360	9361	0.00224114
4624	9362	0.00223921
9361	9362	0.00223921
7390	9363	0.00221919
9362	9363	0.00221919
9363	9364	0.00221348
4023	9364	0.00221348
4575	9365	0.00220777
9364	9365	0.00220777
1148	9366	0.00220681
9365	9366	0.00220681
4896	9367	0.002203
9366	9367	0.002203
2015	9368	0.00220204
9367	9368	0.00220204
3912	9369	0.00220012
9368	9369	0.00220012
3102	9370	0.00218487
9369	9370	0.00218487
4680	9371	0.00218008
9370	9371	0.00218008
2166	9372	0.00217822
9371	9372	0.00217822
251	9373	0.00214958
9372	9373	0.00214958
2222	9374	0.00214674
9373	9374	0.00214674
4085	9375	0.00214573
4035	9375	0.00214573
2832	9375	0.00214573
2924	9375	0.00214573
9374	9375	0.00214573
844	9376	0.00213527
2313	9376	0.00213527
9375	9376	0.00213527
3777	9377	0.00212382
9376	9377	0.00212382
2748	9378	0.00211811
9377	9378	0.00211811
4259	9379	0.00211717
9378	9379	0.00211717
3387	9380	0.00211336
9379	9380	0.00211336
9380	9381	0.0021019
2684	9381	0.0021019
616	9382	0.00209523
9381	9382	0.00209523
2623	9383	0.00209237
9382	9383	0.00209237
3857	9384	0.00208853
9383	9384	0.00208853
3990	9385	0.002079
9384	9385	0.002079
3809	9386	0.00207234
9385	9386	0.00207234
3404	9387	0.00206662
9386	9387	0.00206662
4666	9388	0.00205041
9387	9388	0.00205041
4254	9389	0.00204373
9388	9389	0.00204373
4991	9390	0.00203802
9389	9390	0.00203802
2417	9391	0.00203228
9390	9391	0.00203228
3325	9392	0.00202464
9391	9392	0.00202464
4521	9393	0.00201224
9392	9393	0.00201224
160	9394	0.00200841
9393	9394	0.00200841
8724	9395	0.00200749
9394	9395	0.00200749
917	9396	0.00200176
2659	9396	0.00200176
9395	9396	0.00200176
9396	9397	0.0020008
2088	9397	0.0020008
2290	9397	0.0020008
3475	9398	0.00199605
9397	9398	0.00199605
633	9399	0.00199509
9398	9399	0.00199509
2596	9400	0.00198079
9399	9400	0.00198079
3796	9401	0.00197409
478	9401	0.00197409
9400	9401	0.00197409
2101	9402	0.00196074
9401	9402	0.00196074
4404	9403	0.00195407
9402	9403	0.00195407
9403	9404	0.00195218
4126	9404	0.00195218
3449	9405	0.00195027
9404	9405	0.00195027
3178	9406	0.00192834
9405	9406	0.00192834
541	9407	0.00190732
9406	9407	0.00190732
3008	9408	0.00189877
9407	9408	0.00189877
8721	9409	0.00189588
9408	9409	0.00189588
3239	9410	0.00189116
9409	9410	0.00189116
2044	9411	0.00188637
9410	9411	0.00188637
2969	9412	0.0018692
9411	9412	0.0018692
3081	9413	0.00186157
9412	9413	0.00186157
7417	9414	0.00185967
9413	9414	0.00185967
2120	9415	0.0018568
9414	9415	0.0018568
4676	9416	0.001853
9415	9416	0.001853
2609	9417	0.00184632
9416	9417	0.00184632
1020	9418	0.00184535
9417	9418	0.00184535
1115	9419	0.00182151
9418	9419	0.00182151
47	9420	0.00181961
9419	9420	0.00181961
239	9421	0.00181485
9420	9421	0.00181485
4559	9422	0.00181197
9421	9422	0.00181197
3799	9423	0.00180914
9422	9423	0.00180914
9423	9424	0.00180818
173	9424	0.00180818
9424	9425	0.00180434
2034	9425	0.00180434
453	9426	0.00179767
9425	9426	0.00179767
4871	9427	0.00178907
9426	9427	0.00178907
3772	9428	0.00178337
9427	9428	0.00178337
1570	9429	0.0017767
9428	9429	0.0017767
767	9430	0.00176907
9429	9430	0.00176907
4127	9431	0.00174808
9430	9431	0.00174808
3866	9432	0.0017338
9431	9432	0.0017338
4762	9433	0.00172998
9432	9433	0.00172998
2521	9434	0.00172711
9433	9434	0.00172711
1211	9435	0.00172043
9434	9435	0.00172043
2791	9436	0.00170899
9435	9436	0.00170899
1498	9437	0.00168514
9436	9437	0.00168514
1734	9438	0.00166989
9437	9438	0.00166989
9315	9439	0.00164986
9438	9439	0.00164986
4584	9440	0.00164414
9439	9440	0.00164414
7422	9441	0.00164127
9440	9441	0.00164127
2054	9442	0.00163746
9441	9442	0.00163746
4451	9443	0.00163649
9442	9443	0.00163649
4689	9444	0.0016222
9443	9444	0.0016222
9444	9445	0.00161551
7360	9445	0.00161551
4357	9446	0.00161459
9445	9446	0.00161459
4427	9447	0.00160217
9446	9447	0.00160217
1647	9448	0.00160026
9447	9448	0.00160026
4461	9449	0.00159264
9448	9449	0.00159264
2643	9450	0.00158501
9449	9450	0.00158501
4761	9451	0.00158122
9450	9451	0.00158122
4386	9452	0.00157929
9451	9452	0.00157929
4195	9453	0.00157357
9452	9453	0.00157357
4416	9454	0.00157166
9453	9454	0.00157166
9454	9455	0.0015688
4118	9455	0.0015688
221	9456	0.00155735
9455	9456	0.00155735
4669	9457	0.00155639
4750	9457	0.00155639
9456	9457	0.00155639
721	9458	0.00152015
9457	9458	0.00152015
990	9459	0.00151825
9458	9459	0.00151825
4917	9460	0.00151634
9459	9460	0.00151634
8729	9461	0.00150967
9460	9461	0.00150967
4407	9462	0.00150585
9461	9462	0.00150585
1145	9463	0.00149726
9462	9463	0.00149726
8734	9464	0.00148964
9463	9464	0.00148964
3910	9465	0.00148773
9464	9465	0.00148773
2506	9466	0.00148678
9465	9466	0.00148678
7428	9467	0.00148394
9466	9467	0.00148394
446	9468	0.0014782
9467	9468	0.0014782
4376	9469	0.00147724
9468	9469	0.00147724
5166	9470	0.0014677
9469	9470	0.0014677
1842	9471	0.00146389
9470	9471	0.00146389
2583	9472	0.00146009
9471	9472	0.00146009
3072	9473	0.00144958
9472	9473	0.00144958
1995	9474	0.00144482
9473	9474	0.00144482
834	9475	0.00128078
3009	9475	0.00128078
1907	9476	0.00141811
2489	9476	0.00141811
1085	9477	0.00141811
9474	9477	0.00141811
4323	9478	0.00140954
9477	9478	0.00140954
2731	9479	0.00140857
9478	9479	0.00140857
3276	9480	0.00140572
9479	9480	0.00140572
3405	9481	0.00140477
9480	9481	0.00140477
697	9482	0.00139999
9481	9482	0.00139999
4985	9483	0.00139905
9482	9483	0.00139905
9313	9484	0.00139333
9483	9484	0.00139333
4090	9485	0.00139236
9484	9485	0.00139236
4194	9486	0.00138283
9485	9486	0.00138283
2894	9487	0.00137902
9486	9487	0.00137902
661	9488	0.00137711
9487	9488	0.00137711
8740	9489	0.00137138
9488	9489	0.00137138
3537	9490	0.00136566
9489	9490	0.00136566
7397	9491	0.00136376
9490	9491	0.00136376
670	9492	0.00136279
9491	9492	0.00136279
2932	9493	0.00136185
7406	9493	0.00136185
9492	9493	0.00136185
1765	9494	0.00135899
9493	9494	0.00135899
1138	9495	0.00134944
9494	9495	0.00134944
1965	9496	0.00134278
9495	9496	0.00134278
8735	9497	0.00134182
9496	9497	0.00134182
4503	9498	0.00133896
9497	9498	0.00133896
1269	9499	0.00133515
9498	9499	0.00133515
688	9500	0.00133419
9499	9500	0.00133419
1667	9501	0.00133226
9500	9501	0.00133226
3101	9502	0.00132655
9501	9502	0.00132655
302	9503	0.00130462
9502	9503	0.00130462
4186	9504	0.00130177
9503	9504	0.00130177
2922	9505	0.00129985
9504	9505	0.00129985
291	9506	0.00129891
9505	9506	0.00129891
638	9507	0.00128555
9506	9507	0.00128555
1497	9508	0.00128078
9507	9508	0.00128078
3923	9509	0.00127411
9508	9509	0.00127411
3038	9510	0.0012703
2746	9510	0.0012703
9509	9510	0.0012703
276	9511	0.00126266
9510	9511	0.00126266
9475	9512	0.00125217
9511	9512	0.00125217
2862	9513	0.00124646
9512	9513	0.00124646
3372	9514	0.00123501
9513	9514	0.00123501
7389	9515	0.0012331
9514	9515	0.0012331
2702	9515	0.0012331
1698	9516	0.0012312
9515	9516	0.0012312
951	9517	0.00122929
9516	9517	0.00122929
2484	9518	0.00122834
301	9518	0.00122834
9517	9518	0.00122834
4926	9519	0.00122261
9518	9519	0.00122261
3811	9520	0.00121784
9519	9520	0.00121784
4257	9521	0.00121593
9520	9521	0.00121593
8730	9522	0.00120449
9521	9522	0.00120449
4320	9523	0.00120067
9522	9523	0.00120067
3906	9524	0.00119495
9523	9524	0.00119495
5209	9525	0.00119305
9524	9525	0.00119305
3552	9526	0.00118542
9525	9526	0.00118542
1106	9527	0.00117875
9526	9527	0.00117875
4249	9528	0.00117684
1987	9528	0.00117684
9527	9528	0.00117684
3558	9529	0.00117493
9528	9529	0.00117493
4649	9530	0.00116826
9529	9530	0.00116826
1431	9531	0.00116253
9530	9531	0.00116253
7440	9532	0.00115777
9531	9532	0.00115777
2797	9533	0.00115395
9532	9533	0.00115395
4783	9534	0.00115204
9533	9534	0.00115204
83	9535	0.00115109
9534	9535	0.00115109
1818	9536	0.00114918
3482	9536	0.00114918
9535	9536	0.00114918
4005	9537	0.00114823
9536	9537	0.00114823
9476	9538	0.00110531
1225	9538	0.00110531
3508	9538	0.00110531
9537	9538	0.00110531
9314	9539	0.00109386
9538	9539	0.00109386
600	9540	0.00108528
9539	9540	0.00108528
2981	9541	0.00106621
9312	9541	0.00106621
4558	9542	0.00108051
4365	9542	0.00108051
9540	9542	0.00108051
4499	9543	0.00107384
9542	9543	0.00107384
3300	9544	0.00106812
9543	9544	0.00106812
8736	9545	0.00106716
9544	9545	0.00106716
2079	9546	0.00106621
9545	9546	0.00106621
4477	9547	0.00105857
9546	9547	0.00105857
4589	9548	0.00105763
9547	9548	0.00105763
1878	9549	0.00105476
9548	9549	0.00105476
3315	9550	0.00105286
9549	9550	0.00105286
3252	9551	0.00105
9550	9551	0.00105
2439	9552	0.0010376
9551	9552	0.0010376
4821	9553	0.00103474
9552	9553	0.00103474
3499	9554	0.00103092
9553	9554	0.00103092
7420	9555	0.00102998
9554	9555	0.00102998
3596	9556	0.0010271
9555	9556	0.0010271
2568	9557	0.0010252
9556	9557	0.0010252
3286	9558	0.00101948
9557	9558	0.00101948
5054	9559	0.00101662
1054	9559	0.00101662
9558	9559	0.00101662
73	9560	0.00101566
9559	9560	0.00101566
4771	9561	0.00101185
9560	9561	0.00101185
570	9562	0.00100709
9561	9562	0.00100709
4671	9563	0.00100232
9562	9563	0.00100232
3025	9564	0.000979425
3363	9564	0.000979425
9563	9564	0.000979425
3427	9565	0.000971794
9564	9565	0.000971794
3864	9566	0.000970839
9565	9566	0.000970839
4401	9567	0.000967978
9566	9567	0.000967978
2671	9568	0.000965109
9567	9568	0.000965109
3515	9569	0.000957489
1399	9569	0.000957489
9568	9569	0.000957489
4756	9570	0.000952726
9569	9570	0.000952726
4201	9571	0.000950813
9570	9571	0.000950813
7410	9572	0.000948906
9571	9572	0.000948906
3329	9573	0.000946046
9572	9573	0.000946046
7289	9574	0.000940323
9573	9574	0.000940323
9574	9575	0.000937464
4484	9575	0.000937464
7358	9576	0.000912666
9575	9576	0.000912666
4438	9577	0.000910754
9576	9577	0.000910754
2544	9578	0.000909806
9577	9578	0.000909806
4959	9579	0.000900269
4541	9579	0.000900269
9578	9579	0.000900269
8733	9580	0.000893593
3849	9580	0.000893593
9579	9580	0.000893593
4845	9581	0.000890732
9580	9581	0.000890732
757	9582	0.000883102
9581	9582	0.000883102
1187	9583	0.000872607
9582	9583	0.000872607
2042	9584	0.00086403
9583	9584	0.00086403
1173	9585	0.000847817
9584	9585	0.000847817
3589	9586	0.000838284
9585	9586	0.000838284
1350	9587	0.000836374
9586	9587	0.000836374
4665	9588	0.000830653
9587	9588	0.000830653
171	9589	0.000826835
9588	9589	0.000826835
3739	9590	0.000822069
1493	9590	0.000822069
9589	9590	0.000822069
4306	9591	0.000811583
9590	9591	0.000811583
3591	9592	0.000807762
9591	9592	0.000807762
1735	9593	0.000804901
9592	9593	0.000804901
2106	9594	0.000803948
9593	9594	0.000803948
3597	9595	0.000802042
9594	9595	0.000802042
2028	9596	0.000798226
9595	9596	0.000798226
9541	9597	0.000795366
4982	9597	0.000795366
9596	9597	0.000795366
4469	9598	0.000792501
9597	9598	0.000792501
2118	9599	0.000789645
9598	9599	0.000789645
2017	9600	0.000788688
9599	9600	0.000788688
4162	9601	0.000784881
9600	9601	0.000784881
4172	9602	0.000782968
9601	9602	0.000782968
2327	9603	0.000782013
9602	9603	0.000782013
8732	9604	0.000776292
9603	9604	0.000776292
8727	9605	0.00077343
9604	9605	0.00077343
3703	9606	0.00076294
9605	9606	0.00076294
3051	9607	0.000761035
9606	9607	0.000761035
1051	9608	0.000757216
3839	9608	0.000757216
9607	9608	0.000757216
1555	9609	0.00075436
9608	9609	0.00075436
898	9610	0.000748634
9609	9610	0.000748634
4037	9611	0.000743866
9610	9611	0.000743866
4949	9612	0.00074196
3242	9612	0.00074196
9611	9612	0.00074196
1629	9613	0.000736236
9612	9613	0.000736236
3706	9614	0.000735277
9613	9614	0.000735277
9308	9615	0.000733375
2505	9615	0.000733375
2475	9615	0.000733375
2928	9615	0.000733375
3400	9615	0.000733375
3930	9615	0.000733375
4129	9615	0.000733375
4547	9615	0.000733375
4550	9615	0.000733375
4653	9615	0.000733375
4754	9615	0.000733375
4950	9615	0.000733375
1451	9615	0.000733375
1786	9615	0.000733375
1804	9615	0.000733375
2977	9615	0.000733375
3919	9615	0.000733375
3929	9615	0.000733375
3942	9615	0.000733375
3943	9615	0.000733375
4029	9615	0.000733375
4191	9615	0.000733375
4225	9615	0.000733375
4344	9615	0.000733375
4351	9615	0.000733375
4359	9615	0.000733375
4454	9615	0.000733375
4466	9615	0.000733375
4472	9615	0.000733375
4540	9615	0.000733375
4543	9615	0.000733375
4662	9615	0.000733375
4953	9615	0.000733375
4532	9615	0.000733375
9614	9615	0.000733375
4819	9616	0.000727656
9615	9616	0.000727656
4925	9617	0.000706673
9616	9617	0.000706673
7265	9618	0.000698095
9617	9618	0.000698095
4013	9619	0.000695228
9618	9619	0.000695228
4966	9620	0.000692366
7126	9620	0.000692366
9619	9620	0.000692366
1814	9621	0.000688554
9620	9621	0.000688554
1043	9622	0.000686646
9621	9622	0.000686646
4322	9623	0.00068188
9622	9623	0.00068188
4931	9624	0.000669477
9623	9624	0.000669477
2495	9625	0.000658989
9624	9625	0.000658989
970	9626	0.000653266
9625	9626	0.000653266
4509	9627	0.000649452
9626	9627	0.000649452
4412	9628	0.000647544
9627	9628	0.000647544
3653	9629	0.000644683
1976	9629	0.000644683
9628	9629	0.000644683
4388	9630	0.000637055
9629	9630	0.000637055
9310	9631	0.000632286
8737	9631	0.000632286
9630	9631	0.000632286
4204	9632	0.000631335
9631	9632	0.000631335
236	9633	0.000621797
9632	9633	0.000621797
5205	9634	0.000620841
9633	9634	0.000620841
2322	9635	0.000606538
9634	9635	0.000606538
3437	9636	0.000602722
3174	9636	0.000602722
9635	9636	0.000602722
4617	9637	0.00059128
9636	9637	0.00059128
3481	9638	0.000588416
9637	9638	0.000588416
4713	9639	0.000576022
9638	9639	0.000576022
4674	9640	0.000561714
2762	9640	0.000561714
4654	9640	0.000561714
9639	9640	0.000561714
3394	9641	0.000557899
9640	9641	0.000557899
2471	9642	0.00055313
9641	9642	0.00055313
4579	9643	0.000548362
9642	9643	0.000548362
1688	9644	0.000547409
9643	9644	0.000547409
4730	9645	0.000540734
9644	9645	0.000540734
4573	9646	0.000535012
9645	9646	0.000535012
4293	9647	0.000527383
9646	9647	0.000527383
1901	9648	0.000522614
9647	9648	0.000522614
2134	9649	0.000518799
9648	9649	0.000518799
1966	9650	0.000511169
9649	9650	0.000511169
3727	9651	0.000503541
9650	9651	0.000503541
934	9652	0.000502585
9651	9652	0.000502585
3289	9653	0.000487328
9652	9653	0.000487328
2729	9654	0.000486374
468	9654	0.000486374
9653	9654	0.000486374
186	9655	0.000479698
9654	9655	0.000479698
2970	9656	0.000473976
9655	9656	0.000473976
4083	9657	0.000470162
9656	9657	0.000470162
2972	9658	0.000468255
9657	9658	0.000468255
4202	9659	0.0004673
9658	9659	0.0004673
957	9660	0.000461578
9659	9660	0.000461578
2373	9661	0.000453948
9311	9661	0.000453948
9660	9661	0.000453948
1306	9662	0.000440599
9661	9662	0.000440599
3428	9663	0.000434875
9662	9663	0.000434875
2844	9664	0.000422478
560	9664	0.000422478
9663	9664	0.000422478
4329	9665	0.000418663
9664	9665	0.000418663
739	9666	0.000416756
9665	9666	0.000416756
2705	9667	0.000414849
9666	9667	0.000414849
978	9668	0.000407218
9667	9668	0.000407218
4463	9669	0.000404358
54	9669	0.000404358
9668	9669	0.000404358
2885	9670	0.000403403
9669	9670	0.000403403
4697	9671	0.000401498
9670	9671	0.000401498
2255	9672	0.000392913
9671	9672	0.000392913
4307	9673	0.00039196
9672	9673	0.00039196
222	9674	0.000391007
9673	9674	0.000391007
2741	9675	0.000385284
9674	9675	0.000385284
8731	9676	0.000376701
9675	9676	0.000376701
2787	9677	0.00037098
9676	9677	0.00037098
9677	9678	0.000367165
3838	9678	0.000367165
2584	9679	0.000356675
9678	9679	0.000356675
4636	9680	0.000349998
9679	9680	0.000349998
3205	9681	0.000333786
9680	9681	0.000333786
4802	9682	0.000330925
9681	9682	0.000330925
2052	9683	0.000324249
9682	9683	0.000324249
761	9684	0.000309945
9683	9684	0.000309945
3352	9685	0.000307082
9684	9685	0.000307082
3631	9686	0.000305176
9685	9686	0.000305176
2388	9687	0.000304222
9686	9687	0.000304222
3922	9688	0.000302315
9687	9688	0.000302315
1534	9689	0.000293732
9688	9689	0.000293732
3277	9690	0.000282288
9689	9690	0.000282288
4595	9691	0.000267029
9690	9691	0.000267029
3622	9692	0.000257492
9691	9692	0.000257492
4040	9693	0.000252724
9692	9693	0.000252724
3979	9694	0.000237465
9693	9694	0.000237465
2503	9695	0.000226975
9694	9695	0.000226975
2276	9696	0.000214577
3928	9696	0.000214577
9695	9696	0.000214577
4092	9697	0.000207901
9696	9697	0.000207901
3646	9698	0.000191689
9697	9698	0.000191689
4908	9699	0.000157356
9698	9699	0.000157356
7445	9700	0.000146866
9699	9700	0.000146866
5057	9701	0.000134468
9700	9701	0.000134468
2733	9702	0.000123978
9701	9702	0.000123978
7441	9703	8.58307e-05
9702	9703	8.58307e-05
4047	9704	4.1008e-05
9703	9704	4.1008e-05