1	5058	0.107589
3100	5058	0.107589
648	5059	0.287592
893	5059	0.287592
5059	5060	0.143562
1073	5060	0.143562
538	5061	0.797761
2895	5061	0.797761
5061	5062	0.232402
3131	5062	0.232402
244	5063	0.0731542
4473	5063	0.0731542
2614	5064	0.0672671
5063	5064	0.0672671
3330	5065	0.0485634
5064	5065	0.0485634
2189	5066	0.239687
4061	5066	0.239687
5046	5067	0.167674
1770	5067	0.167674
1166	5068	0.0299848
1910	5068	0.0299848
3341	5069	0.0314077
3997	5069	0.0314077
3164	5070	0.0326845
55	5070	0.0326845
3889	5071	0.295778
3344	5071	0.295778
3411	5072	0.0210641
5071	5072	0.0210641
3661	5073	0.104361
3660	5073	0.104361
5073	5074	0.0938175
3629	5074	0.0938175
1853	5075	0.0656507
2209	5075	0.0656507
5075	5076	0.0571978
5074	5076	0.0571978
313	5077	0.0191881
5076	5077	0.0191881
612	5078	0.0594899
2329	5078	0.0594899
2109	5079	0.021184
2513	5079	0.021184
5078	5080	0.0207855
170	5080	0.0207855
5079	5081	0.0195106
5080	5081	0.0195106
3562	5082	0.0192004
5081	5082	0.0192004
1267	5083	0.0190404
5082	5083	0.0190404
1337	5084	0.0470217
2033	5084	0.0470217
3059	5085	0.31443
92	5085	0.31443
5085	5086	0.085733
2424	5086	0.085733
3017	5087	0.0744519
5086	5087	0.0744519
1516	5088	0.0497549
2122	5088	0.0497549
2253	5089	0.0577934
3521	5089	0.0577934
4946	5090	0.198624
3403	5090	0.198624
2730	5091	0.177558
347	5091	0.177558
2321	5092	0.0423507
5091	5092	0.0423507
5092	5093	0.0243912
3469	5093	0.0243912
4557	5094	0.105345
1858	5094	0.105345
4749	5095	0.0194875
5094	5095	0.0194875
2658	5096	0.034702
2728	5096	0.034702
5096	5097	0.033426
1439	5097	0.033426
5097	5098	0.026468
2855	5098	0.026468
5098	5099	0.0260039
2856	5099	0.0260039
5099	5100	0.0247412
3067	5100	0.0247412
3271	5101	0.0200448
5100	5101	0.0200448
3007	5102	0.043908
2655	5102	0.043908
5102	5103	0.017066
960	5103	0.017066
4683	5104	0.0184022
4711	5104	0.0184022
4895	5105	0.338463
932	5105	0.338463
989	5106	0.0630002
4803	5106	0.0630002
5030	5107	0.0619218
5106	5107	0.0619218
2493	5108	0.0999585
1139	5108	0.0999585
3000	5109	0.0384452
363	5109	0.0384452
662	5110	0.0458305
810	5110	0.0458305
2781	5111	0.0739422
216	5111	0.0739422
1083	5112	0.162927
2617	5112	0.162927
5112	5113	0.108207
1240	5113	0.108207
1066	5114	0.0994238
5113	5114	0.0994238
1417	5115	0.301944
4256	5115	0.301944
5115	5116	0.271335
2171	5116	0.271335
3440	5117	0.053926
4951	5117	0.053926
5111	5118	0.0470604
1540	5118	0.0470604
5117	5119	0.0463903
5118	5119	0.0463903
5114	5120	0.0453981
5119	5120	0.0453981
777	5121	0.0377196
876	5121	0.0377196
2948	5122	0.0297694
5120	5122	0.0297694
5121	5123	0.0311878
1749	5123	0.0311878
5122	5124	0.0280095
5123	5124	0.0280095
5116	5125	0.0190444
5124	5125	0.0190444
4128	5126	0.0827466
2817	5126	0.0827466
212	5127	0.0251325
3755	5127	0.0251325
2116	5128	0.0303112
1213	5128	0.0303112
3152	5129	0.0473364
714	5129	0.0473364
2002	5130	0.0322095
3021	5130	0.0322095
2976	5131	0.0170585
3842	5131	0.0170585
3921	5132	0.042271
1037	5132	0.042271
3795	5133	0.0920692
2102	5133	0.0920692
3529	5134	0.0761865
5133	5134	0.0761865
2411	5135	0.0299088
5134	5135	0.0299088
3425	5136	0.0767334
4681	5136	0.0767334
977	5137	0.134768
3451	5137	0.134768
908	5138	0.0191546
5137	5138	0.0191546
4379	5139	0.0562435
956	5139	0.0562435
4878	5140	0.032716
2851	5140	0.032716
4841	5141	0.0675339
1694	5141	0.0675339
2899	5142	0.0549333
1860	5142	0.0549333
184	5143	0.19321
3783	5143	0.19321
1955	5144	0.0705229
1072	5144	0.0705229
806	5145	0.0701574
5144	5145	0.0701574
2630	5146	0.13707
713	5146	0.13707
5146	5147	0.0651367
906	5147	0.0651367
4222	5148	0.0728386
3967	5148	0.0728386
3971	5149	0.0673374
5148	5149	0.0673374
965	5150	0.164338
966	5150	0.164338
4295	5151	0.0222336
198	5151	0.0222336
4960	5152	0.132181
4955	5152	0.132181
4843	5153	0.128013
5152	5153	0.128013
2874	5154	0.163919
1140	5154	0.163919
5154	5155	0.140983
3485	5155	0.140983
514	5156	0.115942
5155	5156	0.115942
5156	5157	0.0770957
4956	5157	0.0770957
5157	5158	0.0762559
4606	5158	0.0762559
3240	5159	0.0779563
3432	5159	0.0779563
621	5160	0.0630672
1956	5160	0.0630672
2146	5161	0.0226964
3579	5161	0.0226964
3743	5162	0.0608832
4759	5162	0.0608832
5162	5163	0.0447741
3762	5163	0.0447741
5163	5164	0.0298357
3858	5164	0.0298357
2828	5165	0.0311366
3972	5165	0.0311366
4336	5166	0.256979
3905	5166	0.256979
3006	5167	0.0312927
318	5167	0.0312927
2409	5168	0.0421019
2534	5168	0.0421019
1732	5169	0.177396
3294	5169	0.177396
5169	5170	0.0349962
3757	5170	0.0349962
3409	5171	0.0374756
388	5171	0.0374756
1156	5172	0.0362615
5171	5172	0.0362615
5172	5173	0.0305446
359	5173	0.0305446
5012	5174	0.0816125
1600	5174	0.0816125
5174	5175	0.0321492
4426	5175	0.0321492
2662	5176	0.100764
1820	5176	0.100764
2634	5177	0.243496
3232	5177	0.243496
5177	5178	0.0971374
3484	5178	0.0971374
3015	5179	0.162261
2305	5179	0.162261
5179	5180	0.11656
4614	5180	0.11656
5180	5181	0.111963
2532	5181	0.111963
3074	5182	0.109735
5181	5182	0.109735
5182	5183	0.0989283
1945	5183	0.0989283
279	5184	0.0772122
5183	5184	0.0772122
5184	5185	0.0692504
1877	5185	0.0692504
1080	5186	0.0463885
2401	5186	0.0463885
5186	5187	0.0413015
2715	5187	0.0413015
5185	5188	0.0404093
5187	5188	0.0404093
5188	5189	0.0266506
4290	5189	0.0266506
2538	5190	0.0212617
2361	5190	0.0212617
5190	5191	0.0201453
5189	5191	0.0201453
3143	5192	0.0198417
5191	5192	0.0198417
3450	5193	0.01744
4992	5193	0.01744
1550	5194	0.0720794
292	5194	0.0720794
3504	5195	0.0314577
4523	5195	0.0314577
1489	5196	0.0776154
4437	5196	0.0776154
1181	5197	0.170838
3087	5197	0.170838
5197	5198	0.123064
3524	5198	0.123064
5198	5199	0.100505
2927	5199	0.100505
5199	5200	0.0926421
3831	5200	0.0926421
263	5201	0.0397657
5200	5201	0.0397657
4485	5202	0.0177667
5201	5202	0.0177667
4304	5203	0.0217517
1288	5203	0.0217517
2212	5204	0.0707399
224	5204	0.0707399
3807	5205	0.166242
3061	5205	0.166242
472	5206	0.0809704
4480	5206	0.0809704
4007	5207	0.120681
3367	5207	0.120681
1274	5208	0.0516434
4880	5208	0.0516434
4890	5209	0.0798088
4506	5209	0.0798088
1950	5210	0.0802952
3765	5210	0.0802952
5210	5211	0.0623082
4504	5211	0.0623082
237	5212	0.0782707
162	5212	0.0782707
2199	5213	0.0588817
4626	5213	0.0588817
5213	5214	0.0569571
3203	5214	0.0569571
4312	5215	0.0691194
3155	5215	0.0691194
4638	5216	0.0466314
3577	5216	0.0466314
5211	5217	0.0504358
1636	5217	0.0504358
5217	5218	0.0494792
43	5218	0.0494792
5215	5219	0.0508569
675	5219	0.0508569
5216	5220	0.0456311
5218	5220	0.0456311
147	5221	0.0463595
5219	5221	0.0463595
5220	5222	0.0446853
5221	5222	0.0446853
5222	5223	0.0431939
4442	5223	0.0431939
5209	5224	0.0484626
4607	5224	0.0484626
5224	5225	0.0468873
1547	5225	0.0468873
5225	5226	0.045411
3	5226	0.045411
5226	5227	0.0453143
1360	5227	0.0453143
4849	5228	0.0502923
5214	5228	0.0502923
5228	5229	0.0491946
653	5229	0.0491946
4668	5230	0.0474438
5229	5230	0.0474438
5230	5231	0.0429575
428	5231	0.0429575
4983	5232	0.0426064
14	5232	0.0426064
3043	5233	0.0421711
5231	5233	0.0421711
5223	5234	0.0420426
5233	5234	0.0420426
4621	5235	0.0407151
5234	5235	0.0407151
5212	5236	0.039459
5235	5236	0.039459
5232	5237	0.0386437
5236	5237	0.0386437
5208	5238	0.0413852
5227	5238	0.0413852
5238	5239	0.0393362
4156	5239	0.0393362
5239	5240	0.0378879
3326	5240	0.0378879
549	5241	0.0375719
5240	5241	0.0375719
4245	5242	0.037096
5241	5242	0.037096
5237	5243	0.0369034
5242	5243	0.0369034
5243	5244	0.0368093
4651	5244	0.0368093
3476	5244	0.0368093
5244	5245	0.0353102
2368	5245	0.0353102
5245	5246	0.0350557
4450	5246	0.0350557
4251	5247	0.11825
2901	5247	0.11825
4	5248	0.0934626
5247	5248	0.0934626
4997	5249	0.162723
4563	5249	0.162723
5249	5250	0.153747
851	5250	0.153747
1828	5251	0.101964
1830	5251	0.101964
5251	5252	0.0871478
4398	5252	0.0871478
5250	5253	0.0765408
5252	5253	0.0765408
5253	5254	0.0745623
7	5254	0.0745623
5254	5255	0.041104
3413	5255	0.041104
1606	5255	0.041104
5255	5256	0.0355215
3717	5256	0.0355215
2289	5257	0.0397528
4014	5257	0.0397528
326	5258	0.035205
5257	5258	0.035205
3543	5259	0.0524946
1993	5259	0.0524946
191	5260	0.0396475
5259	5260	0.0396475
1898	5261	0.0370799
5260	5261	0.0370799
1592	5262	0.0505925
4219	5262	0.0505925
425	5263	0.0494638
972	5263	0.0494638
5262	5264	0.0484863
5263	5264	0.0484863
5264	5265	0.0471049
4177	5265	0.0471049
108	5266	0.0931727
4395	5266	0.0931727
5266	5267	0.0851786
938	5267	0.0851786
5267	5268	0.0651624
2813	5268	0.0651624
2571	5269	0.0622373
5268	5269	0.0622373
5269	5270	0.054737
1392	5270	0.054737
5270	5271	0.0431301
4740	5271	0.0431301
4615	5272	0.0407674
5271	5272	0.0407674
2459	5273	0.0399791
5272	5273	0.0399791
5273	5274	0.0381631
2604	5274	0.0381631
1490	5275	0.0388278
112	5275	0.0388278
16	5276	0.0374746
5275	5276	0.0374746
3563	5277	0.0372106
5276	5277	0.0372106
3135	5278	0.0369107
5277	5278	0.0369107
2599	5279	0.128421
1398	5279	0.128421
20	5280	0.128213
5279	5280	0.128213
5280	5281	0.0902407
3247	5281	0.0902407
5281	5282	0.0758255
1194	5282	0.0758255
4313	5283	0.130679
23	5283	0.130679
1420	5284	0.0959623
4036	5284	0.0959623
5284	5285	0.075945
1591	5285	0.075945
3371	5286	0.0622157
5285	5286	0.0622157
3958	5287	0.037648
2342	5287	0.037648
1221	5288	0.0932794
1852	5288	0.0932794
5288	5289	0.0909046
2497	5289	0.0909046
506	5290	0.080348
5289	5290	0.080348
4098	5291	0.0789034
5290	5291	0.0789034
257	5292	0.0770537
5291	5292	0.0770537
149	5293	0.212989
3530	5293	0.212989
3903	5294	0.473818
1465	5294	0.473818
5292	5295	0.0444219
25	5295	0.0444219
2218	5296	0.0598841
4580	5296	0.0598841
5296	5297	0.0572773
26	5297	0.0572773
5294	5298	0.0504897
2149	5298	0.0504897
4144	5299	0.0428648
5297	5299	0.0428648
5299	5300	0.0425178
5298	5300	0.0425178
5300	5301	0.0418617
727	5301	0.0418617
427	5302	0.0406953
5301	5302	0.0406953
5293	5303	0.039949
1297	5303	0.039949
5302	5304	0.0388719
942	5304	0.0388719
799	5305	0.0388567
5304	5305	0.0388567
5295	5306	0.0371868
5305	5306	0.0371868
5303	5307	0.0355558
5306	5307	0.0355558
1626	5308	0.0350988
1630	5308	0.0350988
5307	5308	0.0350988
3049	5309	0.0981062
1071	5309	0.0981062
2163	5310	0.0864614
185	5310	0.0864614
5309	5311	0.0729328
5310	5311	0.0729328
3419	5312	0.0540859
4366	5312	0.0540859
606	5313	0.0535975
5312	5313	0.0535975
5311	5314	0.047319
4413	5314	0.047319
5313	5315	0.0460262
1741	5315	0.0460262
5315	5316	0.0453405
5314	5316	0.0453405
2956	5317	0.0499708
490	5317	0.0499708
5316	5318	0.0449959
895	5318	0.0449959
3355	5319	0.0434228
5318	5319	0.0434228
5319	5320	0.041423
2320	5320	0.041423
5317	5321	0.0404535
5320	5321	0.0404535
115	5322	0.0399311
5321	5322	0.0399311
712	5323	0.0899844
3586	5323	0.0899844
5323	5324	0.0463937
3078	5324	0.0463937
2835	5325	0.0388773
1162	5325	0.0388773
3023	5326	0.0946164
498	5326	0.0946164
5326	5327	0.0396551
4491	5327	0.0396551
120	5328	0.0726422
1268	5328	0.0726422
5328	5329	0.0668238
4996	5329	0.0668238
5329	5330	0.061672
2121	5330	0.061672
5330	5331	0.061025
1738	5331	0.061025
2119	5332	0.059486
5331	5332	0.059486
510	5333	0.0565755
5332	5333	0.0565755
5333	5334	0.0521409
1867	5334	0.0521409
5334	5335	0.050155
303	5335	0.050155
5335	5336	0.0473252
40	5336	0.0473252
5336	5337	0.0447272
4782	5337	0.0447272
2810	5338	0.129388
750	5338	0.129388
3228	5339	0.0947271
4106	5339	0.0947271
5338	5340	0.0935219
5339	5340	0.0935219
3732	5341	0.0664542
2903	5341	0.0664542
1126	5342	0.0661151
5341	5342	0.0661151
5340	5343	0.0632785
5342	5343	0.0632785
987	5344	0.0638262
5034	5344	0.0638262
3516	5345	0.0549524
3460	5345	0.0549524
1601	5346	0.048344
5345	5346	0.048344
774	5347	0.0463241
5346	5347	0.0463241
5347	5348	0.0450882
5027	5348	0.0450882
2891	5349	0.0432827
5348	5349	0.0432827
5349	5350	0.0427465
1644	5350	0.0427465
5344	5351	0.0418131
5350	5351	0.0418131
1727	5352	0.0405971
5351	5352	0.0405971
5035	5353	0.0397078
5352	5353	0.0397078
5353	5354	0.0356492
2889	5354	0.0356492
615	5355	0.0637838
1318	5355	0.0637838
961	5356	0.0791986
1462	5356	0.0791986
5356	5357	0.076213
2198	5357	0.076213
1226	5358	0.0798311
3346	5358	0.0798311
4719	5359	0.064698
5358	5359	0.064698
3292	5360	0.0562107
5355	5360	0.0562107
3026	5361	0.0562201
5359	5361	0.0562201
3693	5362	0.0552138
5357	5362	0.0552138
2719	5363	0.0506808
1773	5363	0.0506808
5362	5364	0.0466445
5363	5364	0.0466445
4608	5365	0.0547209
4731	5365	0.0547209
5365	5366	0.0526782
1132	5366	0.0526782
1437	5367	0.0525494
4289	5367	0.0525494
5360	5368	0.0412241
3046	5368	0.0412241
5364	5369	0.0450228
1344	5369	0.0450228
1064	5370	0.0448967
5369	5370	0.0448967
5366	5371	0.0445472
4646	5371	0.0445472
5361	5372	0.0440063
5370	5372	0.0440063
5372	5373	0.0435929
5371	5373	0.0435929
5373	5374	0.0381031
1262	5374	0.0381031
5368	5375	0.036722
5374	5375	0.036722
5375	5376	0.0364828
1473	5376	0.0364828
3230	5377	0.0364017
5376	5377	0.0364017
5367	5378	0.0354311
5377	5378	0.0354311
1387	5379	0.0619719
2619	5379	0.0619719
2633	5380	0.0665353
3296	5380	0.0665353
460	5381	0.0611906
5380	5381	0.0611906
4720	5382	0.0620579
772	5382	0.0620579
3804	5383	0.0572056
1098	5383	0.0572056
5379	5384	0.0542179
368	5384	0.0542179
5381	5385	0.0571949
1502	5385	0.0571949
3438	5386	0.0562852
5385	5386	0.0562852
5384	5387	0.0442257
4262	5387	0.0442257
5386	5388	0.0434589
5387	5388	0.0434589
5388	5389	0.0413005
3547	5389	0.0413005
5389	5390	0.0397351
2815	5390	0.0397351
5382	5391	0.0392756
5390	5391	0.0392756
5383	5392	0.0368129
4487	5392	0.0368129
5391	5393	0.0366954
5392	5393	0.0366954
281	5394	0.0382396
1026	5394	0.0382396
64	5395	0.0406868
4940	5395	0.0406868
5395	5396	0.0362338
3249	5396	0.0362338
2793	5397	0.0642525
392	5397	0.0642525
3054	5398	0.0626827
5397	5398	0.0626827
69	5399	0.0619889
5398	5399	0.0619889
1980	5400	0.0425969
4305	5400	0.0425969
2725	5401	0.0419494
5400	5401	0.0419494
1513	5402	0.0408117
1890	5402	0.0408117
128	5403	0.0483647
2174	5403	0.0483647
3879	5404	0.0481308
5403	5404	0.0481308
636	5405	0.0439027
5404	5405	0.0439027
129	5406	0.0433802
527	5406	0.0433802
5406	5407	0.0414789
1957	5407	0.0414789
852	5408	0.137737
3659	5408	0.137737
1882	5409	0.118743
5408	5409	0.118743
536	5410	0.0455251
130	5410	0.0455251
5409	5411	0.0441159
5410	5411	0.0441159
3553	5412	0.0427245
5411	5412	0.0427245
5412	5413	0.0386289
3114	5413	0.0386289
4079	5414	0.061688
132	5414	0.061688
481	5415	0.125768
4414	5415	0.125768
5415	5416	0.0905157
2653	5416	0.0905157
5416	5417	0.0887846
4303	5417	0.0887846
5417	5418	0.0861614
1806	5418	0.0861614
5418	5419	0.0821833
136	5419	0.0821833
838	5420	0.0637596
5419	5420	0.0637596
2959	5421	0.0612604
2250	5421	0.0612604
5420	5422	0.0544233
5421	5422	0.0544233
5422	5423	0.0514508
931	5423	0.0514508
3618	5424	0.0475214
5423	5424	0.0475214
5424	5425	0.0357189
2647	5425	0.0357189
3697	5426	0.170903
2397	5426	0.170903
5426	5427	0.109152
140	5427	0.109152
5427	5428	0.0982723
3541	5428	0.0982723
5428	5429	0.0920846
2784	5429	0.0920846
1543	5430	0.163585
4302	5430	0.163585
1614	5431	0.0755736
3320	5431	0.0755736
5429	5432	0.0837053
4632	5432	0.0837053
5432	5433	0.0753179
3735	5433	0.0753179
5431	5434	0.0737559
5433	5434	0.0737559
5434	5435	0.067043
1023	5435	0.067043
2870	5436	0.0735341
420	5436	0.0735341
5435	5437	0.0511444
3878	5437	0.0511444
5430	5438	0.0458254
5436	5438	0.0458254
5437	5438	0.0458254
847	5439	0.0454313
5438	5439	0.0454313
5439	5440	0.0401307
2541	5440	0.0401307
3510	5441	0.0917916
2202	5441	0.0917916
695	5442	0.0897871
5441	5442	0.0897871
5442	5443	0.0739539
2494	5443	0.0739539
1685	5444	0.0608041
169	5444	0.0608041
5443	5445	0.0600263
5444	5445	0.0600263
5445	5446	0.0558358
3545	5446	0.0558358
2325	5447	0.0480698
5446	5447	0.0480698
5447	5448	0.0425178
894	5448	0.0425178
1401	5449	0.18832
1049	5449	0.18832
5449	5450	0.106689
4958	5450	0.106689
3840	5451	0.0355571
1947	5451	0.0355571
1868	5452	0.134489
1286	5452	0.134489
4321	5453	0.13412
5452	5453	0.13412
5453	5454	0.102128
1871	5454	0.102128
5454	5455	0.0623353
3468	5455	0.0623353
5455	5456	0.0513701
172	5456	0.0513701
3293	5457	0.038617
177	5457	0.038617
5457	5458	0.0357189
2435	5458	0.0357189
2754	5459	0.0470646
3598	5459	0.0470646
3175	5460	0.290742
1414	5460	0.290742
5460	5461	0.0903088
4788	5461	0.0903088
859	5462	0.0802197
5461	5462	0.0802197
2606	5463	0.0777635
2251	5463	0.0777635
2423	5464	0.0773141
5462	5464	0.0773141
5464	5465	0.0729964
5463	5465	0.0729964
4212	5466	0.0497398
2792	5466	0.0497398
5465	5467	0.0462853
5466	5467	0.0462853
1845	5468	0.0413419
5467	5468	0.0413419
2865	5469	0.0404574
5468	5469	0.0404574
5469	5470	0.0391353
178	5470	0.0391353
5470	5471	0.0368271
2070	5471	0.0368271
5471	5472	0.0359277
3370	5472	0.0359277
787	5473	0.0601037
432	5473	0.0601037
3314	5474	0.0953154
2992	5474	0.0953154
357	5475	0.190908
1366	5475	0.190908
5475	5476	0.184081
3395	5476	0.184081
5476	5477	0.113381
3220	5477	0.113381
5477	5478	0.0981895
971	5478	0.0981895
5478	5479	0.0810106
813	5479	0.0810106
268	5480	0.0496662
5479	5480	0.0496662
202	5481	0.0485432
5480	5481	0.0485432
992	5482	0.0443137
1833	5482	0.0443137
5481	5483	0.0394535
532	5483	0.0394535
5483	5484	0.0356068
5482	5484	0.0356068
3197	5485	0.11362
2678	5485	0.11362
5485	5486	0.0793904
596	5486	0.0793904
5486	5487	0.0636412
1572	5487	0.0636412
5487	5488	0.0587534
1597	5488	0.0587534
5488	5489	0.0525607
3847	5489	0.0525607
5489	5490	0.0411707
3756	5490	0.0411707
5490	5491	0.0404327
2023	5491	0.0404327
5037	5492	0.0535449
3995	5492	0.0535449
3039	5493	0.075669
298	5493	0.075669
230	5494	0.0762089
2395	5494	0.0762089
1724	5495	0.0582633
379	5495	0.0582633
5495	5496	0.0545297
242	5496	0.0545297
5496	5497	0.0539972
3216	5497	0.0539972
4025	5498	0.0434089
5497	5498	0.0434089
5498	5499	0.0372279
3877	5499	0.0372279
3133	5500	0.036843
5499	5500	0.036843
5500	5501	0.0365401
634	5501	0.0365401
4400	5502	0.111823
245	5502	0.111823
3709	5503	0.0499912
248	5503	0.0499912
1799	5504	0.0398993
5503	5504	0.0398993
3808	5505	0.0398642
5504	5505	0.0398642
1578	5506	0.0398264
5505	5506	0.0398264
2219	5507	0.0396594
5506	5507	0.0396594
2912	5508	0.0389535
5507	5508	0.0389535
1141	5509	0.0386972
5508	5509	0.0386972
5509	5510	0.0376594
2316	5510	0.0376594
4734	5511	0.0767679
4733	5511	0.0767679
5511	5512	0.0482092
943	5512	0.0482092
4115	5513	0.0449237
5512	5513	0.0449237
5513	5514	0.0433399
904	5514	0.0433399
666	5515	0.0899577
4159	5515	0.0899577
2016	5516	0.0870254
5515	5516	0.0870254
5516	5517	0.079224
3667	5517	0.079224
5517	5518	0.0612938
2415	5518	0.0612938
1042	5519	0.0591227
5518	5519	0.0591227
4530	5520	0.0494911
253	5520	0.0494911
5519	5521	0.0489363
5520	5521	0.0489363
5521	5522	0.0402714
3630	5522	0.0402714
255	5523	0.341502
333	5523	0.341502
5523	5524	0.0356872
4375	5524	0.0356872
4109	5525	0.0592714
2211	5525	0.0592714
5525	5526	0.0467723
963	5526	0.0467723
260	5527	0.0354185
3642	5527	0.0354185
5526	5527	0.0354185
264	5528	0.149977
2645	5528	0.149977
266	5529	0.0713267
694	5529	0.0713267
5529	5530	0.0389757
1428	5530	0.0389757
5530	5531	0.0387929
2627	5531	0.0387929
3721	5532	0.0478517
372	5532	0.0478517
3258	5533	0.0471856
1657	5533	0.0471856
2691	5534	0.0462359
5533	5534	0.0462359
4297	5535	0.0537299
933	5535	0.0537299
5535	5536	0.0420283
2713	5536	0.0420283
3196	5537	0.0369916
5536	5537	0.0369916
1787	5538	0.0398219
344	5538	0.0398219
2153	5539	0.193795
2603	5539	0.193795
336	5540	0.0718873
1850	5540	0.0718873
5540	5541	0.0622231
2035	5541	0.0622231
2421	5542	0.0583859
5541	5542	0.0583859
1990	5543	0.0548281
5542	5543	0.0548281
5543	5544	0.0446694
716	5544	0.0446694
5544	5545	0.0366138
288	5545	0.0366138
377	5546	0.0389843
2717	5546	0.0389843
5546	5547	0.0361127
1394	5547	0.0361127
5545	5548	0.0360248
5547	5548	0.0360248
3399	5549	0.0693587
769	5549	0.0693587
3162	5550	0.0653138
5549	5550	0.0653138
1894	5551	0.0611032
5550	5551	0.0611032
1317	5552	0.0370177
3248	5552	0.0370177
1205	5553	0.127607
2897	5553	0.127607
5553	5554	0.0605604
3599	5554	0.0605604
2961	5555	0.116295
2284	5555	0.116295
5555	5556	0.0379557
948	5556	0.0379557
5554	5557	0.035217
5556	5557	0.035217
911	5558	0.0384154
297	5558	0.0384154
3621	5559	0.163243
2086	5559	0.163243
5559	5560	0.135308
1325	5560	0.135308
4340	5561	0.124399
5560	5561	0.124399
5561	5562	0.0947418
1674	5562	0.0947418
5562	5563	0.085924
2716	5563	0.085924
5563	5564	0.0757785
620	5564	0.0757785
5564	5565	0.0701854
307	5565	0.0701854
5565	5566	0.0699651
4356	5566	0.0699651
5566	5567	0.0377674
4972	5567	0.0377674
2740	5568	0.0906913
4161	5568	0.0906913
1448	5569	0.0882652
3790	5569	0.0882652
5568	5570	0.0785679
5569	5570	0.0785679
3778	5571	0.0733363
2698	5571	0.0733363
5571	5572	0.0661364
1313	5572	0.0661364
4116	5573	0.0647698
5572	5573	0.0647698
3710	5574	0.0782926
5570	5574	0.0782926
5574	5575	0.0695088
3918	5575	0.0695088
5575	5576	0.0663173
4301	5576	0.0663173
5573	5577	0.0598193
2158	5577	0.0598193
5576	5578	0.0557041
5577	5578	0.0557041
5578	5579	0.0525976
4147	5579	0.0525976
5579	5580	0.0433522
1136	5580	0.0433522
5580	5581	0.0393286
316	5581	0.0393286
5581	5582	0.0384694
2535	5582	0.0384694
2145	5583	0.0810721
3980	5583	0.0810721
1519	5584	0.0815152
1249	5584	0.0815152
5584	5585	0.0794657
4420	5585	0.0794657
5585	5586	0.0642374
873	5586	0.0642374
5586	5587	0.0575742
338	5587	0.0575742
2711	5588	0.0483279
5587	5588	0.0483279
583	5589	0.0449089
5588	5589	0.0449089
349	5590	0.254719
3977	5590	0.254719
373	5590	0.254719
1916	5591	0.0497632
1125	5591	0.0497632
5591	5592	0.0457466
573	5592	0.0457466
5592	5593	0.0422299
4882	5593	0.0422299
5593	5594	0.0387831
5590	5594	0.0387831
5594	5595	0.0365384
2178	5595	0.0365384
4424	5596	0.0741501
1785	5596	0.0741501
5596	5597	0.0630205
356	5597	0.0630205
3288	5598	0.160501
3875	5598	0.160501
4310	5599	0.143749
5598	5599	0.143749
5599	5600	0.0781765
1176	5600	0.0781765
1941	5601	0.0758602
940	5601	0.0758602
5601	5602	0.0744191
5600	5602	0.0744191
1284	5603	0.0670258
5602	5603	0.0670258
4167	5604	0.0644968
5603	5604	0.0644968
2259	5605	0.0516299
2548	5605	0.0516299
5604	5606	0.0488473
5605	5606	0.0488473
4522	5607	0.0766564
4384	5607	0.0766564
5607	5608	0.0462078
3301	5608	0.0462078
5608	5609	0.044959
361	5609	0.044959
3459	5610	0.0414366
4634	5610	0.0414366
2370	5611	0.0369787
5610	5611	0.0369787
366	5612	0.0368204
5611	5612	0.0368204
3639	5613	0.0426077
3852	5613	0.0426077
5613	5614	0.0399697
369	5614	0.0399697
2863	5615	0.0498667
3672	5615	0.0498667
5615	5616	0.0386905
2913	5616	0.0386905
381	5617	0.0382463
5616	5617	0.0382463
2638	5618	0.0379586
4872	5618	0.0379586
402	5619	0.0749243
562	5619	0.0749243
4459	5619	0.0749243
921	5620	0.113351
1503	5620	0.113351
5620	5621	0.0936973
3573	5621	0.0936973
5621	5622	0.0746883
920	5622	0.0746883
5622	5623	0.0429064
3729	5623	0.0429064
4786	5624	0.0382366
5623	5624	0.0382366
711	5625	0.0451939
4968	5625	0.0451939
2598	5626	0.131173
2307	5626	0.131173
5626	5627	0.128932
4031	5627	0.128932
5627	5628	0.087321
4505	5628	0.087321
720	5629	0.0481722
2743	5629	0.0481722
5629	5630	0.0376153
2271	5630	0.0376153
5630	5631	0.0375213
1710	5631	0.0375213
5631	5632	0.0371824
986	5632	0.0371824
1905	5633	0.0355879
3548	5633	0.0355879
4250	5634	0.0657226
4752	5634	0.0657226
422	5635	0.0569025
2237	5635	0.0569025
1475	5636	0.0542676
1229	5636	0.0542676
4094	5637	0.0521808
5635	5637	0.0521808
5636	5638	0.0465912
5637	5638	0.0465912
3055	5639	0.041646
5638	5639	0.041646
1825	5640	0.0963146
3032	5640	0.0963146
5640	5641	0.0950906
2578	5641	0.0950906
5641	5642	0.0942349
1715	5642	0.0942349
5642	5643	0.091583
530	5643	0.091583
2200	5644	0.0451421
846	5644	0.0451421
5644	5645	0.0403295
2334	5645	0.0403295
5643	5646	0.0352797
5645	5646	0.0352797
2987	5647	0.0516459
2675	5647	0.0516459
3924	5648	0.0426683
5647	5648	0.0426683
5648	5649	0.0389078
2354	5649	0.0389078
2774	5650	0.0407222
4073	5650	0.0407222
1936	5651	0.0602915
507	5651	0.0602915
4199	5652	0.0390205
4348	5652	0.0390205
2380	5653	0.037648
5652	5653	0.037648
3291	5654	0.106544
959	5654	0.106544
5654	5655	0.056908
4465	5655	0.056908
5655	5656	0.0433057
3079	5656	0.0433057
1272	5657	0.0431037
5656	5657	0.0431037
2031	5658	0.042502
5657	5658	0.042502
2431	5659	0.04117
5658	5659	0.04117
3225	5660	0.0404305
5659	5660	0.0404305
5660	5661	0.0399218
2280	5661	0.0399218
3373	5662	0.038475
3854	5662	0.038475
5661	5662	0.038475
2735	5663	0.0413307
3725	5663	0.0413307
5663	5664	0.0413022
2001	5664	0.0413022
2936	5665	0.0376883
5664	5665	0.0376883
465	5666	0.0497418
3004	5666	0.0497418
4526	5667	0.0666411
4797	5667	0.0666411
5667	5668	0.0363229
467	5668	0.0363229
2873	5669	0.0574712
1879	5669	0.0574712
5669	5670	0.0555787
2281	5670	0.0555787
5670	5671	0.0360863
4775	5671	0.0360863
2297	5672	0.12192
4693	5672	0.12192
3645	5673	0.107829
4298	5673	0.107829
5672	5674	0.0768308
1202	5674	0.0768308
3859	5675	0.0744086
5674	5675	0.0744086
5675	5676	0.0740133
5673	5676	0.0740133
5676	5677	0.0475304
1299	5677	0.0475304
5677	5678	0.046896
486	5678	0.046896
764	5679	0.042145
5678	5679	0.042145
496	5680	0.0899668
2520	5680	0.0899668
5680	5681	0.0409151
2032	5681	0.0409151
1102	5682	0.068847
503	5682	0.068847
5682	5683	0.0681377
1103	5683	0.0681377
2041	5684	0.0638128
5683	5684	0.0638128
2531	5685	0.0871196
4435	5685	0.0871196
5685	5686	0.0754671
4863	5686	0.0754671
5686	5687	0.0383521
517	5687	0.0383521
4633	5688	0.0628664
3640	5688	0.0628664
2072	5689	0.0527444
4641	5689	0.0527444
5688	5690	0.0542451
2298	5690	0.0542451
5689	5691	0.0526324
5690	5691	0.0526324
696	5692	0.0507396
5691	5692	0.0507396
3590	5693	0.0500628
5692	5693	0.0500628
5693	5694	0.0449767
1476	5694	0.0449767
3962	5695	0.123647
2821	5695	0.123647
5695	5696	0.0545793
4892	5696	0.0545793
836	5697	0.147878
524	5697	0.147878
3701	5698	0.0541273
2374	5698	0.0541273
5697	5699	0.0526106
5698	5699	0.0526106
543	5700	0.123588
2608	5700	0.123588
5700	5701	0.0611841
2738	5701	0.0611841
1146	5702	0.127824
1655	5702	0.127824
4776	5703	0.125654
5702	5703	0.125654
5703	5704	0.0594253
993	5704	0.0594253
3947	5705	0.055903
5704	5705	0.055903
5705	5706	0.0410867
3603	5706	0.0410867
4278	5707	0.0399891
5706	5707	0.0399891
2642	5708	0.162284
1496	5708	0.162284
1036	5709	0.0390233
544	5709	0.0390233
5709	5710	0.0368644
1034	5710	0.0368644
825	5711	0.37042
3284	5711	0.37042
1805	5712	0.0673179
545	5712	0.0673179
5712	5713	0.0612593
779	5713	0.0612593
5713	5714	0.0478695
2143	5714	0.0478695
5714	5715	0.047033
2636	5715	0.047033
3222	5716	0.0373055
5715	5716	0.0373055
5716	5717	0.0355947
784	5717	0.0355947
553	5718	0.0418164
2654	5718	0.0418164
2476	5719	0.0397716
689	5719	0.0397716
5719	5720	0.0358821
2460	5720	0.0358821
4705	5721	0.0519913
4117	5721	0.0519913
5721	5722	0.0472388
2949	5722	0.0472388
4284	5723	0.0543969
1003	5723	0.0543969
5723	5724	0.0541312
4285	5724	0.0541312
5724	5725	0.0518012
564	5725	0.0518012
5725	5726	0.0510311
3652	5726	0.0510311
3987	5727	0.0982226
574	5727	0.0982226
2301	5728	0.0655014
2433	5728	0.0655014
3616	5729	0.078926
3234	5729	0.078926
3096	5730	0.0361654
579	5730	0.0361654
625	5731	0.101268
3602	5731	0.101268
1377	5732	0.0904913
5731	5732	0.0904913
3800	5733	0.0715128
5732	5733	0.0715128
5733	5734	0.04222
4415	5734	0.04222
1227	5735	0.0384934
5734	5735	0.0384934
5735	5736	0.0351018
4743	5736	0.0351018
4343	5737	0.0882023
4453	5737	0.0882023
2123	5738	0.0836254
3149	5738	0.0836254
5737	5739	0.0399829
5738	5739	0.0399829
2952	5739	0.0399829
2464	5740	0.0408428
611	5740	0.0408428
2090	5741	0.0387603
582	5741	0.0387603
5740	5742	0.0382366
5741	5742	0.0382366
585	5743	0.0513612
1470	5743	0.0513612
1972	5744	0.0511313
5743	5744	0.0511313
4430	5745	0.0619012
590	5745	0.0619012
2018	5746	0.158012
4103	5746	0.158012
5746	5747	0.0994227
2376	5747	0.0994227
2592	5748	0.0783865
5747	5748	0.0783865
5748	5749	0.0724363
1002	5749	0.0724363
3821	5750	0.0614565
5749	5750	0.0614565
5750	5751	0.0504621
609	5751	0.0504621
3417	5752	0.164898
614	5752	0.164898
3856	5753	0.0427101
1097	5753	0.0427101
617	5754	0.0411091
5753	5754	0.0411091
4560	5755	0.0372341
5754	5755	0.0372341
4789	5756	0.0495273
635	5756	0.0495273
5756	5757	0.0441014
4902	5757	0.0441014
4253	5758	0.0402185
5757	5758	0.0402185
1999	5759	0.0650437
637	5759	0.0650437
5008	5760	0.0446673
641	5760	0.0446673
644	5761	0.0364396
3619	5761	0.0364396
658	5762	0.123074
3473	5762	0.123074
3302	5763	0.0839838
1730	5763	0.0839838
1421	5764	0.0667295
1228	5764	0.0667295
5763	5765	0.0642966
5764	5765	0.0642966
5765	5766	0.0506012
3651	5766	0.0506012
1050	5767	0.0503943
5766	5767	0.0503943
1331	5768	0.0487998
5767	5768	0.0487998
5768	5769	0.0486183
1294	5769	0.0486183
3965	5770	0.0580969
2798	5770	0.0580969
4661	5771	0.0456855
5769	5771	0.0456855
5771	5772	0.0445525
2399	5772	0.0445525
5772	5773	0.0395577
4228	5773	0.0395577
5770	5774	0.0355044
5773	5774	0.0355044
4659	5775	0.400783
1642	5775	0.400783
4780	5776	0.0895044
3644	5776	0.0895044
707	5777	0.0511061
4010	5777	0.0511061
5776	5778	0.0464421
929	5778	0.0464421
5777	5779	0.0450479
5778	5779	0.0450479
856	5780	0.0661339
1790	5780	0.0661339
5780	5781	0.0532528
719	5781	0.0532528
5781	5782	0.0362736
1363	5782	0.0362736
723	5783	0.067768
2651	5783	0.067768
726	5784	0.191141
1464	5784	0.191141
1307	5785	0.039217
738	5785	0.039217
2096	5786	0.0374416
5785	5786	0.0374416
4008	5787	0.066409
3145	5787	0.066409
4726	5788	0.0427075
5787	5788	0.0427075
3934	5789	0.0588772
2753	5789	0.0588772
5789	5790	0.0498841
4288	5790	0.0498841
1961	5791	0.0979992
3170	5791	0.0979992
5791	5792	0.0736642
5029	5792	0.0736642
5792	5793	0.0445659
3876	5793	0.0445659
2776	5794	0.11391
790	5794	0.11391
5794	5795	0.0479733
3487	5795	0.0479733
2446	5796	0.0500927
2269	5796	0.0500927
5796	5797	0.0469109
1536	5797	0.0469109
2467	5798	0.138201
1365	5798	0.138201
5798	5799	0.089077
1881	5799	0.089077
5797	5800	0.0443627
809	5800	0.0443627
5800	5801	0.0425992
3935	5801	0.0425992
5801	5802	0.0410168
1880	5802	0.0410168
5802	5803	0.0398847
1892	5803	0.0398847
5799	5804	0.0388284
5803	5804	0.0388284
5804	5805	0.037669
3886	5805	0.037669
4393	5806	0.0967926
1684	5806	0.0967926
1380	5807	0.0430419
4576	5807	0.0430419
821	5808	0.0355462
4263	5808	0.0355462
5807	5809	0.0351873
5808	5809	0.0351873
829	5810	0.0938679
4091	5810	0.0938679
4173	5811	0.0581143
5810	5811	0.0581143
3184	5812	0.0791435
4695	5812	0.0791435
4906	5813	0.0578609
4489	5813	0.0578609
5812	5814	0.0410836
833	5814	0.0410836
5813	5815	0.0352362
5814	5815	0.0352362
1821	5816	0.0796742
4785	5816	0.0796742
845	5817	0.115488
4822	5817	0.115488
1039	5818	0.0892588
2613	5818	0.0892588
5817	5819	0.0817529
4787	5819	0.0817529
5819	5820	0.0388763
1835	5820	0.0388763
5818	5821	0.038303
5820	5821	0.038303
849	5822	0.0898369
3506	5822	0.0898369
2648	5823	0.118567
4240	5823	0.118567
983	5824	0.165339
5045	5824	0.165339
891	5825	0.0365104
1381	5825	0.0365104
4923	5826	0.0372483
899	5826	0.0372483
3827	5827	0.123418
3041	5827	0.123418
5827	5828	0.103884
901	5828	0.103884
4352	5829	0.0995931
5828	5829	0.0995931
5829	5830	0.0389047
4089	5830	0.0389047
2448	5831	0.0606196
927	5831	0.0606196
5831	5832	0.0374127
1424	5832	0.0374127
4078	5833	0.0615533
930	5833	0.0615533
5833	5834	0.0410209
2430	5834	0.0410209
1419	5835	0.0736966
2066	5835	0.0736966
974	5836	0.0411597
2558	5836	0.0411597
980	5837	0.218218
2292	5837	0.218218
1012	5838	0.0413613
4658	5838	0.0413613
3209	5839	0.0464019
1027	5839	0.0464019
2526	5840	0.10757
1041	5840	0.10757
1048	5841	0.0698596
3633	5841	0.0698596
1076	5842	0.134358
4382	5842	0.134358
4460	5843	0.0424411
1954	5843	0.0424411
5843	5844	0.0374143
1078	5844	0.0374143
1095	5845	0.397502
4095	5845	0.397502
1723	5846	0.113372
2154	5846	0.113372
4143	5847	0.112247
5846	5847	0.112247
5847	5848	0.101947
3243	5848	0.101947
2989	5849	0.0906913
5848	5849	0.0906913
4861	5850	0.0821903
5849	5850	0.0821903
5850	5851	0.0366396
5038	5851	0.0366396
2008	5852	0.0453924
1157	5852	0.0453924
2317	5853	0.120571
1508	5853	0.120571
2836	5854	0.0546866
1361	5854	0.0546866
4513	5855	0.0520883
5854	5855	0.0520883
5853	5856	0.0510576
5855	5856	0.0510576
1191	5857	0.0497823
1649	5857	0.0497823
4545	5858	0.241245
2412	5858	0.241245
1265	5859	0.0379969
1264	5859	0.0379969
5859	5860	0.0357929
2632	5860	0.0357929
5860	5861	0.0352783
2089	5861	0.0352783
3733	5862	0.222904
1283	5862	0.222904
5862	5863	0.0744145
1375	5863	0.0744145
4572	5864	0.0806602
4175	5864	0.0806602
1395	5865	0.0488506
2695	5865	0.0488506
5865	5866	0.0452027
2496	5866	0.0452027
5866	5867	0.0380324
3479	5867	0.0380324
3568	5868	0.0530502
1855	5868	0.0530502
4478	5869	0.0371953
1438	5869	0.0371953
3066	5870	0.0438978
1449	5870	0.0438978
1535	5871	0.0523887
4546	5871	0.0523887
1551	5872	0.059983
2524	5872	0.059983
3588	5873	0.056858
5872	5873	0.056858
1582	5874	0.11015
3970	5874	0.11015
4033	5875	0.0802002
4887	5875	0.0802002
2562	5876	0.114078
4405	5876	0.114078
4800	5877	0.0507281
1801	5877	0.0507281
3364	5878	0.0352584
4055	5878	0.0352584
1913	5879	0.274317
3420	5879	0.274317
2390	5880	0.0396754
4148	5880	0.0396754
5879	5881	0.0376492
5880	5881	0.0376492
2208	5882	0.0748204
4001	5882	0.0748204
4672	5883	0.0406681
4181	5883	0.0406681
2966	5884	0.0359875
2117	5884	0.0359875
2131	5885	0.0355763
2152	5885	0.0355763
2164	5886	0.0407782
3140	5886	0.0407782
2220	5887	0.0756143
4988	5887	0.0756143
5887	5888	0.0671028
4739	5888	0.0671028
2228	5889	0.0355748
4860	5889	0.0355748
2229	5890	0.0354421
4483	5890	0.0354421
2582	5891	0.0838751
3614	5891	0.0838751
2248	5892	0.117187
2975	5892	0.117187
5032	5893	0.10163
2309	5893	0.10163
5893	5894	0.0939055
3571	5894	0.0939055
5894	5895	0.0823634
3111	5895	0.0823634
4630	5896	0.0351988
2560	5896	0.0351988
3265	5897	0.0720964
3531	5897	0.0720964
4100	5898	0.0569344
5897	5898	0.0569344
4314	5899	0.0547209
5898	5899	0.0547209
5899	5900	0.0392266
2692	5900	0.0392266
2734	5901	0.0468873
4801	5901	0.0468873
2808	5902	0.0398027
5901	5902	0.0398027
4678	5903	0.0388481
3731	5903	0.0388481
5903	5904	0.038718
3593	5904	0.038718
3565	5905	0.0453533
3519	5905	0.0453533
5684	5906	0.029093
2030	5906	0.029093
5906	5907	0.0233219
488	5907	0.0233219
5287	5908	0.0348947
1616	5908	0.0348947
1613	5909	0.0274707
5402	5909	0.0274707
925	5910	0.0284037
1584	5910	0.0284037
5909	5911	0.027236
5910	5911	0.027236
5401	5912	0.0271723
5911	5912	0.0271723
5815	5913	0.0322779
1357	5913	0.0322779
5805	5914	0.0322439
5913	5914	0.0322439
5914	5915	0.0288952
4020	5915	0.0288952
5915	5916	0.0233899
3414	5916	0.0233899
2277	5917	0.0231085
5916	5917	0.0231085
5852	5918	0.0245186
3195	5918	0.0245186
3741	5919	0.0314809
3738	5919	0.0314809
3359	5920	0.0272279
2837	5920	0.0272279
622	5921	0.024582
5920	5921	0.024582
5839	5922	0.0338211
3238	5922	0.0338211
5720	5923	0.0337408
4283	5923	0.0337408
5923	5924	0.0320288
5722	5924	0.0320288
5278	5925	0.0319307
5924	5925	0.0319307
5925	5926	0.0290158
4766	5926	0.0290158
5926	5927	0.0288297
4767	5927	0.0288297
5927	5928	0.0278453
3978	5928	0.0278453
5928	5929	0.0263147
3770	5929	0.0263147
5929	5930	0.0262395
556	5930	0.0262395
5930	5931	0.0248667
4979	5931	0.0248667
1333	5932	0.0331389
521	5932	0.0331389
5531	5933	0.0349272
3253	5933	0.0349272
5932	5934	0.0289728
5933	5934	0.0289728
3679	5935	0.0280095
5934	5935	0.0280095
2641	5936	0.0269535
417	5936	0.0269535
5824	5937	0.0334863
5825	5937	0.0334863
3624	5938	0.0310062
5937	5938	0.0310062
452	5939	0.0299122
5938	5939	0.0299122
4562	5940	0.0298759
5939	5940	0.0298759
5940	5941	0.0270109
3744	5941	0.0270109
399	5942	0.0336898
3338	5942	0.0336898
1252	5943	0.033162
5942	5943	0.033162
5943	5944	0.0317732
3107	5944	0.0317732
2769	5945	0.0304302
5944	5945	0.0304302
5597	5946	0.0338669
5884	5946	0.0338669
2925	5947	0.0348947
4391	5947	0.0348947
5947	5948	0.0345016
5451	5948	0.0345016
5948	5949	0.0342998
4718	5949	0.0342998
5450	5950	0.0309999
5949	5950	0.0309999
5950	5951	0.0309428
2546	5951	0.0309428
5582	5952	0.0341813
2739	5952	0.0341813
3447	5953	0.0329914
5952	5953	0.0329914
3075	5954	0.0339288
1504	5954	0.0339288
5953	5955	0.0327757
5954	5955	0.0327757
5955	5956	0.0324258
4179	5956	0.0324258
5956	5957	0.0318568
4146	5957	0.0318568
4062	5958	0.0323384
3470	5958	0.0323384
161	5959	0.0311453
5958	5959	0.0311453
5246	5960	0.0342757
1654	5960	0.0342757
5960	5961	0.0338983
4150	5961	0.0338983
5606	5962	0.0327023
2714	5962	0.0327023
5961	5963	0.0322684
5337	5963	0.0322684
5962	5964	0.0326039
35	5964	0.0326039
5963	5965	0.0322394
5964	5965	0.0322394
5965	5966	0.0320126
4548	5966	0.0320126
5966	5967	0.0315436
2935	5967	0.0315436
5634	5968	0.031295
419	5968	0.031295
5967	5969	0.0312605
5968	5969	0.0312605
1746	5970	0.0311338
5969	5970	0.0311338
2751	5971	0.0310676
5970	5971	0.0310676
5378	5972	0.0346555
4706	5972	0.0346555
5972	5973	0.031638
3117	5973	0.031638
5256	5974	0.0337924
1099	5974	0.0337924
5739	5975	0.0337857
5742	5975	0.0337857
5493	5976	0.0330981
5975	5976	0.0330981
5354	5977	0.0328942
5851	5977	0.0328942
5736	5978	0.0315382
5976	5978	0.0315382
5977	5979	0.0314068
5978	5979	0.0314068
2183	5980	0.0309979
5979	5980	0.0309979
5980	5981	0.030848
5974	5981	0.030848
5308	5982	0.0338929
3747	5982	0.0338929
5982	5983	0.0312212
2577	5983	0.0312212
5322	5984	0.0333208
5869	5984	0.0333208
5984	5985	0.0310669
2752	5985	0.0310669
5985	5986	0.0310245
4664	5986	0.0310245
5983	5987	0.0309933
5986	5987	0.0309933
5987	5988	0.0308705
1348	5988	0.0308705
5472	5989	0.0329391
4808	5989	0.0329391
5459	5990	0.0309674
5989	5990	0.0309674
5522	5991	0.0316732
3663	5991	0.0316732
1263	5992	0.0335768
5861	5992	0.0335768
5992	5993	0.0327594
592	5993	0.0327594
3805	5994	0.0310564
3076	5994	0.0310564
5957	5995	0.0306721
3824	5995	0.0306721
5759	5996	0.0302959
5995	5996	0.0302959
577	5997	0.0303944
5959	5997	0.0303944
5997	5998	0.0299136
2918	5998	0.0299136
3358	5999	0.0302382
5971	5999	0.0302382
3583	6000	0.0301621
5999	6000	0.0301621
82	6001	0.0301295
6000	6001	0.0301295
3182	6002	0.0305892
5988	6002	0.0305892
5779	6003	0.0301976
3311	6003	0.0301976
5996	6004	0.029607
1815	6004	0.029607
2934	6005	0.0297672
6001	6005	0.0297672
5951	6006	0.0294774
6005	6006	0.0294774
6002	6006	0.0294774
5998	6007	0.0294028
6006	6007	0.0294028
2585	6007	0.0294028
5990	6008	0.0293657
4531	6008	0.0293657
6007	6009	0.0292738
6008	6009	0.0292738
6009	6010	0.0292043
6003	6010	0.0292043
6004	6011	0.0291299
6010	6011	0.0291299
2384	6012	0.0297956
5001	6012	0.0297956
4224	6013	0.0297087
6012	6013	0.0297087
5973	6014	0.0297758
4041	6014	0.0297758
5981	6015	0.030294
5026	6015	0.030294
2092	6016	0.0299941
6015	6016	0.0299941
6014	6017	0.0295912
2768	6017	0.0295912
6013	6018	0.0293842
6016	6018	0.0293842
6017	6019	0.0293324
6018	6019	0.0293324
6019	6020	0.0290976
3129	6020	0.0290976
5991	6021	0.0291019
1704	6021	0.0291019
6011	6022	0.0290514
6020	6022	0.0290514
6022	6023	0.0289853
5993	6023	0.0289853
6023	6024	0.0289532
4403	6024	0.0289532
4637	6025	0.0287454
6024	6025	0.0287454
994	6026	0.028729
6025	6026	0.028729
5994	6027	0.0288837
6021	6027	0.0288837
6026	6028	0.028642
6027	6028	0.028642
519	6029	0.0285776
6028	6029	0.0285776
5870	6030	0.0285463
6029	6030	0.0285463
6030	6031	0.0285313
3514	6031	0.0285313
3332	6032	0.0285066
6031	6032	0.0285066
4096	6033	0.0284302
6032	6033	0.0284302
4422	6034	0.0284147
6033	6034	0.0284147
6034	6035	0.0283609
3982	6035	0.0283609
3266	6036	0.0283603
6035	6036	0.0283603
885	6037	0.0283548
6036	6037	0.0283548
870	6038	0.0283383
6037	6038	0.0283383
6038	6039	0.0282758
1468	6039	0.0282758
2190	6040	0.0282237
6039	6040	0.0282237
6040	6041	0.0281387
1819	6041	0.0281387
6041	6042	0.0278654
2177	6042	0.0278654
5868	6043	0.0278535
6042	6043	0.0278535
5258	6044	0.0334112
5261	6044	0.0334112
3048	6045	0.0286431
6044	6045	0.0286431
5888	6046	0.0331043
4500	6046	0.0331043
5325	6047	0.0320411
6046	6047	0.0320411
5567	6048	0.029757
6047	6048	0.029757
5474	6049	0.0345275
190	6049	0.0345275
2463	6050	0.0329783
6049	6050	0.0329783
6050	6051	0.0283178
1396	6051	0.0283178
3509	6052	0.0298678
5793	6052	0.0298678
2700	6053	0.0297628
6052	6053	0.0297628
4266	6054	0.0295691
6053	6054	0.0295691
4798	6055	0.0283827
46	6055	0.0283827
6055	6056	0.0282288
4835	6056	0.0282288
756	6056	0.0282288
90	6057	0.0340994
950	6057	0.0340994
2704	6058	0.0300709
1092	6058	0.0300709
4065	6059	0.0292548
6058	6059	0.0292548
1915	6060	0.0346254
5548	6060	0.0346254
6060	6061	0.0329031
4598	6061	0.0329031
6061	6062	0.0313028
4777	6062	0.0313028
6062	6063	0.0278792
3237	6063	0.0278792
5393	6064	0.0313927
5836	6064	0.0313927
6064	6065	0.0288197
4203	6065	0.0288197
4793	6066	0.0299893
58	6066	0.0299893
6066	6067	0.0284779
3063	6067	0.0284779
1235	6068	0.0303701
70	6068	0.0303701
6068	6069	0.0290094
3091	6069	0.0290094
2355	6070	0.0279524
6069	6070	0.0279524
4539	6071	0.0321168
546	6071	0.0321168
5612	6072	0.0302566
6071	6072	0.0302566
97	6073	0.028755
6072	6073	0.028755
1549	6074	0.0331557
2458	6074	0.0331557
2693	6075	0.0305691
6074	6075	0.0305691
1681	6076	0.0293982
6075	6076	0.0293982
5407	6077	0.028663
6076	6077	0.028663
5491	6078	0.0341952
5774	6078	0.0341952
6078	6079	0.0317589
1775	6079	0.0317589
6079	6080	0.031598
4153	6080	0.031598
6080	6081	0.0311829
3044	6081	0.0311829
6081	6082	0.0288649
2624	6082	0.0288649
6082	6083	0.0286118
1763	6083	0.0286118
5886	6084	0.0285396
1984	6084	0.0285396
4338	6085	0.0283052
6084	6085	0.0283052
5896	6086	0.0331002
4565	6086	0.0331002
4152	6087	0.0328886
6086	6087	0.0328886
5811	6088	0.0311416
6087	6088	0.0311416
111	6089	0.0310285
6088	6089	0.0310285
998	6090	0.0340441
916	6090	0.0340441
125	6091	0.0285989
6090	6091	0.0285989
5413	6092	0.0307417
788	6092	0.0307417
5440	6093	0.0327091
1062	6093	0.0327091
143	6094	0.0286334
2907	6094	0.0286334
3126	6095	0.0336996
5484	6095	0.0336996
5448	6096	0.0336117
6095	6096	0.0336117
4197	6097	0.0331212
2037	6097	0.0331212
6096	6098	0.0303649
6097	6098	0.0303649
203	6099	0.0300194
1795	6099	0.0300194
5646	6100	0.0279772
6099	6100	0.0279772
2667	6101	0.0335468
1315	6101	0.0335468
1118	6102	0.0280352
227	6102	0.0280352
5624	6103	0.0346948
1423	6103	0.0346948
3323	6104	0.0289594
3268	6104	0.0289594
5826	6105	0.0287692
6104	6105	0.0287692
4215	6106	0.0342955
2406	6106	0.0342955
6106	6107	0.0286036
1929	6107	0.0286036
2085	6108	0.0280831
6107	6108	0.0280831
405	6109	0.0326998
2046	6109	0.0326998
5625	6110	0.0280978
6109	6110	0.0280978
3191	6111	0.0290433
5668	6111	0.0290433
2537	6112	0.0289495
6111	6112	0.0289495
2184	6113	0.0341707
718	6113	0.0341707
6113	6114	0.0303953
1559	6114	0.0303953
5649	6115	0.0299747
3539	6115	0.0299747
5701	6116	0.0346902
5809	6116	0.0346902
5821	6117	0.0279982
3312	6117	0.0279982
5727	6118	0.034643
4873	6118	0.034643
5841	6119	0.0331834
2940	6119	0.0331834
6119	6120	0.0309607
1796	6120	0.0309607
6118	6121	0.028848
6120	6121	0.028848
5015	6122	0.0294125
5867	6122	0.0294125
5729	6123	0.0335768
2318	6123	0.0335768
1680	6124	0.0328722
6123	6124	0.0328722
6124	6125	0.0285313
5730	6125	0.0285313
5830	6126	0.0298176
2554	6126	0.0298176
6126	6127	0.029605
909	6127	0.029605
2469	6128	0.0344763
5832	6128	0.0344763
6128	6129	0.0282124
1255	6129	0.0282124
1478	6130	0.0279408
6129	6130	0.0279408
1537	6131	0.0307245
1794	6131	0.0307245
5844	6132	0.0297316
6131	6132	0.0297316
1336	6133	0.0308705
3994	6133	0.0308705
5891	6134	0.0317368
2402	6134	0.0317368
6134	6135	0.0300045
4883	6135	0.0300045
5900	6136	0.0278704
3192	6136	0.0278704
5902	6137	0.0306807
4804	6137	0.0306807
2886	6138	0.0291121
5905	6138	0.0291121
4963	6139	0.0292962
2993	6139	0.0292962
4735	6140	0.0290754
4132	6140	0.0290754
5946	6141	0.0257205
6116	6141	0.0257205
2800	6142	0.0256634
6141	6142	0.0256634
3068	6143	0.0274803
6132	6143	0.0274803
766	6144	0.0275177
6048	6144	0.0275177
6144	6145	0.0267715
3792	6145	0.0267715
6143	6146	0.0263363
6145	6146	0.0263363
3200	6147	0.02577
6146	6147	0.02577
2179	6148	0.025442
6147	6148	0.025442
1275	6149	0.0272705
6110	6149	0.0272705
5473	6150	0.0265238
180	6150	0.0265238
6059	6151	0.0272506
5889	6151	0.0272506
6063	6152	0.0274191
4030	6152	0.0274191
6057	6153	0.0273997
6152	6153	0.0273997
565	6154	0.0274933
6077	6154	0.0274933
861	6155	0.0273275
6154	6155	0.0273275
6130	6156	0.0277396
6043	6156	0.0277396
6156	6157	0.0276186
240	6157	0.0276186
6157	6158	0.0275919
4058	6158	0.0275919
6158	6159	0.0275758
6125	6159	0.0275758
6117	6160	0.0275432
6121	6160	0.0275432
3138	6161	0.0275083
6159	6161	0.0275083
6161	6162	0.0273449
4644	6162	0.0273449
6089	6163	0.0272979
1722	6163	0.0272979
2557	6164	0.0272798
6162	6164	0.0272798
6164	6165	0.0271217
6160	6165	0.0271217
5343	6166	0.0271203
6165	6166	0.0271203
6083	6166	0.0271203
6163	6166	0.0271203
5283	6167	0.0270346
6153	6167	0.0270346
6167	6168	0.0269668
1753	6168	0.0269668
6155	6168	0.0269668
6065	6168	0.0269668
6166	6168	0.0269668
434	6169	0.0269439
6168	6169	0.0269439
6169	6170	0.0267596
219	6170	0.0267596
6098	6171	0.0266872
6170	6171	0.0266872
1809	6172	0.0266742
6171	6172	0.0266742
2900	6173	0.0266112
6172	6173	0.0266112
6151	6174	0.0265179
6173	6174	0.0265179
1258	6175	0.0265063
6174	6175	0.0265063
6175	6176	0.0264893
5758	6176	0.0264893
6176	6177	0.0264561
4335	6177	0.0264561
6177	6178	0.0264351
4699	6178	0.0264351
6085	6179	0.0264063
6178	6179	0.0264063
5327	6180	0.0275804
1084	6180	0.0275804
6112	6181	0.0271349
3201	6181	0.0271349
5822	6182	0.0264272
2915	6182	0.0264272
5514	6183	0.0263262
6182	6183	0.0263262
6179	6184	0.0263612
6140	6184	0.0263612
5728	6185	0.0263438
6184	6185	0.0263438
6185	6186	0.0262103
6070	6186	0.0262103
6186	6187	0.0261204
3123	6187	0.0261204
141	6188	0.0261003
6187	6188	0.0261003
2737	6189	0.026086
6188	6189	0.026086
6189	6190	0.0260766
3908	6190	0.0260766
6190	6191	0.0260605
2892	6191	0.0260605
5031	6192	0.0260431
6191	6192	0.0260431
6192	6193	0.0260421
2348	6193	0.0260421
6193	6194	0.0260048
6181	6194	0.0260048
6150	6195	0.025937
6194	6195	0.025937
6122	6196	0.0258658
6195	6196	0.0258658
3900	6197	0.0258453
6196	6197	0.0258453
5492	6198	0.0258391
6197	6198	0.0258391
874	6199	0.0263529
6127	6199	0.0263529
6198	6200	0.0258158
6199	6200	0.0258158
6200	6201	0.0257005
4707	6201	0.0257005
6201	6202	0.0256911
6137	6202	0.0256911
6202	6203	0.0256585
797	6203	0.0256585
6203	6204	0.0256492
947	6204	0.0256492
6204	6205	0.0256306
6094	6205	0.0256306
78	6206	0.0256203
6205	6206	0.0256203
6183	6207	0.0256175
6206	6207	0.0256175
6207	6208	0.0255893
6180	6208	0.0255893
1405	6209	0.0255485
6208	6209	0.0255485
5282	6210	0.025515
6209	6210	0.025515
3759	6211	0.0254363
6210	6211	0.0254363
6211	6212	0.0254193
4196	6212	0.0254193
2980	6213	0.0252886
6212	6213	0.0252886
6213	6214	0.0252044
44	6214	0.0252044
3522	6215	0.0251797
6214	6215	0.0251797
5265	6216	0.0254801
6133	6216	0.0254801
2816	6217	0.0277333
6136	6217	0.0277333
5274	6218	0.027519
6217	6218	0.027519
4510	6218	0.027519
6218	6219	0.027513
3260	6219	0.027513
6219	6220	0.0270833
3255	6220	0.0270833
6220	6221	0.0262883
4138	6221	0.0262883
2465	6222	0.0266932
6051	6222	0.0266932
1170	6223	0.0266809
6222	6223	0.0266809
4390	6224	0.026146
6223	6224	0.026146
882	6225	0.0278252
6054	6225	0.0278252
6225	6226	0.0273284
1783	6226	0.0273284
6226	6227	0.025941
6056	6227	0.025941
2570	6228	0.0266977
6092	6228	0.0266977
6073	6229	0.0263529
4136	6229	0.0263529
6229	6230	0.0253779
3380	6230	0.0253779
2775	6231	0.0268069
6091	6231	0.0268069
3991	6232	0.0266152
3027	6232	0.0266152
6231	6233	0.0265225
6232	6233	0.0265225
3295	6234	0.0277544
740	6234	0.0277544
6093	6235	0.0258418
6234	6235	0.0258418
1310	6236	0.0267551
6102	6236	0.0267551
6105	6237	0.0276318
6108	6237	0.0276318
6237	6238	0.0268094
404	6238	0.0268094
5882	6239	0.0266337
6238	6239	0.0266337
5662	6240	0.0259165
1427	6240	0.0259165
6240	6241	0.0251592
6239	6241	0.0251592
2888	6242	0.026756
691	6242	0.026756
5783	6243	0.0252113
3845	6243	0.0252113
1512	6244	0.025585
4877	6244	0.025585
6148	6245	0.0245728
33	6245	0.0245728
3381	6246	0.0238595
6245	6246	0.0238595
2115	6247	0.0245915
39	6247	0.0245915
6215	6248	0.0251378
6236	6248	0.0251378
6248	6249	0.0250913
3130	6249	0.0250913
1909	6250	0.0250521
6249	6250	0.0250521
6250	6251	0.0249318
6244	6251	0.0249318
1851	6252	0.0249311
6251	6252	0.0249311
6252	6253	0.0248961
6114	6253	0.0248961
6253	6254	0.024893
5396	6254	0.024893
6254	6255	0.024887
5609	6255	0.024887
6255	6256	0.0248667
6235	6256	0.0248667
6101	6257	0.0248335
6256	6257	0.0248335
6100	6258	0.0247233
6257	6258	0.0247233
6135	6259	0.0247774
4448	6259	0.0247774
6221	6260	0.0246695
6259	6260	0.0246695
6142	6261	0.0246575
6258	6261	0.0246575
6260	6261	0.0246575
2444	6261	0.0246575
6261	6262	0.0246265
438	6262	0.0246265
6262	6263	0.0245961
34	6263	0.0245961
6228	6264	0.0246823
6230	6264	0.0246823
3873	6265	0.024582
6263	6265	0.024582
6265	6266	0.0245609
6242	6266	0.0245609
6266	6267	0.0244863
1829	6267	0.0244863
6267	6268	0.0243901
4737	6268	0.0243901
3375	6269	0.0244854
6264	6269	0.0244854
6268	6270	0.0242898
1712	6270	0.0242898
2246	6271	0.0242738
6270	6271	0.0242738
6269	6271	0.0242738
6271	6272	0.0242577
632	6272	0.0242577
2857	6273	0.0242228
6272	6273	0.0242228
6273	6274	0.0242103
6115	6274	0.0242103
87	6275	0.0242071
6274	6275	0.0242071
6149	6276	0.0241481
6275	6276	0.0241481
3159	6277	0.0240947
6276	6277	0.0240947
2203	6278	0.0240744
6277	6278	0.0240744
2879	6279	0.0240736
6278	6279	0.0240736
6279	6280	0.0240126
9	6280	0.0240126
270	6281	0.0239669
6280	6281	0.0239669
6216	6282	0.0238715
6281	6282	0.0238715
6045	6283	0.0244516
6241	6283	0.0244516
6103	6284	0.0239824
6283	6284	0.0239824
6224	6285	0.0246804
4987	6285	0.0246804
6285	6286	0.0240973
1009	6286	0.0240973
4847	6287	0.0251144
6227	6287	0.0251144
2990	6288	0.0242995
576	6288	0.0242995
818	6289	0.0251064
6233	6289	0.0251064
4345	6290	0.0241906
6289	6290	0.0241906
5414	6291	0.0246508
875	6291	0.0246508
1324	6292	0.0248432
6243	6292	0.0248432
1353	6293	0.0239871
3891	6293	0.0239871
1544	6294	0.0251021
3830	6294	0.0251021
6294	6295	0.0242034
2809	6295	0.0242034
3895	6296	0.024633
6138	6296	0.024633
6247	6297	0.0238362
6282	6297	0.0238362
6297	6298	0.0237929
2841	6298	0.0237929
2880	6299	0.0237011
6298	6299	0.0237011
6299	6300	0.0236747
2610	6300	0.0236747
6300	6301	0.0236684
1386	6301	0.0236684
872	6302	0.0236644
6301	6302	0.0236644
5589	6303	0.0235921
6302	6303	0.0235921
4211	6304	0.0235827
6303	6304	0.0235827
6284	6305	0.0236669
3556	6305	0.0236669
1153	6306	0.0237153
6290	6306	0.0237153
6304	6307	0.0235392
4691	6307	0.0235392
2483	6308	0.02353
6307	6308	0.02353
3183	6309	0.0235283
6308	6309	0.0235283
6309	6310	0.0234876
879	6310	0.0234876
6310	6311	0.0234851
424	6311	0.0234851
3011	6312	0.0234824
6311	6312	0.0234824
6312	6313	0.0234709
6306	6313	0.0234709
5666	6314	0.0234699
6313	6314	0.0234699
6314	6315	0.0234624
4367	6315	0.0234624
5651	6316	0.0234568
6315	6316	0.0234568
6305	6316	0.0234568
3750	6317	0.0237915
6286	6317	0.0237915
5614	6318	0.0237622
2100	6318	0.0237622
6318	6319	0.0235651
3754	6319	0.0235651
6319	6320	0.023492
6295	6320	0.023492
3925	6321	0.0233883
6316	6321	0.0233883
3392	6322	0.0233527
6321	6322	0.0233527
261	6323	0.0233343
6322	6323	0.0233343
6323	6324	0.0233196
3894	6324	0.0233196
6296	6324	0.0233196
6324	6325	0.0233185
6139	6325	0.0233185
6325	6326	0.0232906
2778	6326	0.0232906
6326	6327	0.0232892
2207	6327	0.0232892
6246	6328	0.0232851
6327	6328	0.0232851
6292	6328	0.0232851
2341	6328	0.0232851
1413	6329	0.02328
6328	6329	0.02328
182	6330	0.0234296
6317	6330	0.0234296
6330	6331	0.0233245
6287	6331	0.0233245
6329	6332	0.0232485
51	6332	0.0232485
6332	6333	0.0232315
5618	6333	0.0232315
383	6333	0.0232315
2829	6334	0.0232295
6333	6334	0.0232295
4980	6334	0.0232295
6334	6335	0.0232064
4817	6335	0.0232064
6335	6336	0.023182
1665	6336	0.023182
6336	6337	0.0231515
4237	6337	0.0231515
6337	6338	0.0231256
6291	6338	0.0231256
6320	6338	0.0231256
6293	6338	0.0231256
6338	6339	0.0231226
2352	6339	0.0231226
6339	6340	0.0230724
1383	6340	0.0230724
6340	6341	0.0229919
1933	6341	0.0229919
6288	6342	0.0229873
6341	6342	0.0229873
6331	6342	0.0229873
6067	6342	0.0229873
2679	6343	0.0347527
21	6343	0.0347527
803	6344	0.034647
5458	6344	0.034647
4853	6345	0.0339028
6344	6345	0.0339028
4708	6346	0.0335188
6345	6346	0.0335188
3569	6347	0.0248647
287	6347	0.0248647
6343	6348	0.0242874
1351	6348	0.0242874
4396	6349	0.0240916
6348	6349	0.0240916
4690	6350	0.0240785
6349	6350	0.0240785
6350	6351	0.0237856
6347	6351	0.0237856
6346	6352	0.0231798
6351	6352	0.0231798
256	6353	0.0241566
2244	6353	0.0241566
3766	6354	0.0271125
520	6354	0.0271125
5394	6355	0.0295888
2904	6355	0.0295888
1207	6356	0.0280316
76	6356	0.0280316
754	6357	0.0268203
6356	6357	0.0268203
6357	6358	0.0231331
2188	6358	0.0231331
4961	6359	0.0295263
114	6359	0.0295263
1218	6360	0.0258223
327	6360	0.0258223
93	6361	0.0241244
4825	6361	0.0241244
6361	6362	0.0237053
4582	6362	0.0237053
2706	6363	0.0234035
6362	6363	0.0234035
2450	6364	0.0327145
1817	6364	0.0327145
150	6365	0.0321567
6364	6365	0.0321567
440	6366	0.0314637
6365	6366	0.0314637
6366	6367	0.0242137
4554	6367	0.0242137
5456	6368	0.030684
2864	6368	0.030684
3390	6369	0.0279269
3680	6369	0.0279269
189	6370	0.027254
6369	6370	0.027254
5890	6371	0.0264421
6370	6371	0.0264421
5534	6372	0.0295022
269	6372	0.0295022
5532	6373	0.0285842
6372	6373	0.0285842
1144	6374	0.0262883
6371	6374	0.0262883
2986	6375	0.0241284
6374	6375	0.0241284
6373	6376	0.023135
494	6376	0.023135
6375	6377	0.0230733
6376	6377	0.0230733
1906	6378	0.0325348
3787	6378	0.0325348
3527	6379	0.0330221
554	6379	0.0330221
6379	6380	0.0313032
1122	6380	0.0313032
6380	6381	0.0296628
4763	6381	0.0296628
6381	6382	0.0281268
1594	6382	0.0281268
6382	6383	0.0252822
194	6383	0.0252822
231	6384	0.0308847
1178	6384	0.0308847
5501	6385	0.031935
3870	6385	0.031935
5502	6386	0.0340366
3632	6386	0.0340366
6386	6387	0.0278398
3321	6387	0.0278398
5744	6388	0.0254052
6387	6388	0.0254052
735	6389	0.0312149
320	6389	0.0312149
1091	6390	0.0281495
3207	6390	0.0281495
415	6391	0.0276947
6390	6391	0.0276947
5510	6392	0.0336548
2620	6392	0.0336548
5856	6393	0.0327568
6392	6393	0.0327568
3281	6394	0.0307479
6393	6394	0.0307479
6394	6395	0.0282982
1186	6395	0.0282982
2721	6396	0.0267181
6395	6396	0.0267181
6389	6397	0.0264063
6396	6397	0.0264063
6391	6398	0.0252968
6397	6398	0.0252968
4337	6399	0.0252161
6398	6399	0.0252161
2621	6400	0.0271915
1628	6400	0.0271915
4027	6401	0.0249853
6399	6401	0.0249853
5857	6402	0.024314
6400	6402	0.024314
6402	6403	0.0242148
3960	6403	0.0242148
1639	6404	0.0241748
6403	6404	0.0241748
6401	6405	0.0240843
6404	6405	0.0240843
5816	6406	0.0343861
3775	6406	0.0343861
3533	6407	0.0343474
6406	6407	0.0343474
3218	6408	0.0341506
5528	6408	0.0341506
6408	6409	0.0337093
6407	6409	0.0337093
1197	6410	0.0280284
1840	6410	0.0280284
6409	6411	0.0252192
6410	6411	0.0252192
5632	6412	0.0332057
4105	6412	0.0332057
6412	6413	0.029156
2270	6413	0.029156
5881	6414	0.0285529
3422	6414	0.0285529
6413	6415	0.0272094
6414	6415	0.0272094
6415	6416	0.0264252
436	6416	0.0264252
5628	6417	0.0260098
6416	6417	0.0260098
3176	6418	0.0258667
6417	6418	0.0258667
6418	6419	0.0243641
410	6419	0.0243641
601	6420	0.0241173
6419	6420	0.0241173
5552	6421	0.0295972
3901	6421	0.0295972
5745	6422	0.0257318
6421	6422	0.0257318
5557	6423	0.0311076
5558	6423	0.0311076
6423	6424	0.0273259
3024	6424	0.0273259
1713	6425	0.0252712
4496	6425	0.0252712
5551	6426	0.0238742
6424	6426	0.0238742
6422	6427	0.0236221
6426	6427	0.0236221
6425	6428	0.0231603
4315	6428	0.0231603
6427	6429	0.0230839
6428	6429	0.0230839
910	6430	0.0297258
328	6430	0.0297258
6430	6431	0.026003
2082	6431	0.026003
6431	6432	0.0242404
1215	6432	0.0242404
657	6432	0.0242404
3188	6433	0.0275156
382	6433	0.0275156
4235	6434	0.0323685
5699	6434	0.0323685
5694	6435	0.0317279
6434	6435	0.0317279
5696	6436	0.0269849
6435	6436	0.0269849
6436	6437	0.0261196
1542	6437	0.0261196
3820	6438	0.0252183
6437	6438	0.0252183
4108	6439	0.0330165
3083	6439	0.0330165
5639	6440	0.0313862
6439	6440	0.0313862
6440	6441	0.0246131
4999	6441	0.0246131
5842	6442	0.0253348
1356	6442	0.0253348
5650	6443	0.0245325
6442	6443	0.0245325
5653	6444	0.024811
2826	6444	0.024811
783	6445	0.0266952
2274	6445	0.0266952
5710	6446	0.0332718
1611	6446	0.0332718
5707	6447	0.0254852
6446	6447	0.0254852
6447	6448	0.0230191
815	6448	0.0230191
5782	6449	0.0301058
1224	6449	0.0301058
6449	6450	0.0266467
1759	6450	0.0266467
5835	6451	0.0296678
958	6451	0.0296678
5718	6452	0.0293791
6451	6452	0.0293791
6450	6453	0.0255644
6452	6453	0.0255644
3119	6454	0.02523
6453	6454	0.02523
6454	6455	0.0233654
4409	6455	0.0233654
5786	6456	0.0230624
6455	6456	0.0230624
559	6457	0.0253775
1404	6457	0.0253775
5726	6458	0.0329445
1709	6458	0.0329445
5904	6459	0.0317746
6458	6459	0.0317746
6459	6460	0.0316459
4660	6460	0.0316459
6460	6461	0.0263723
1015	6461	0.0263723
6461	6462	0.0261061
3423	6462	0.0261061
6462	6463	0.0246789
3649	6463	0.0246789
6463	6464	0.023421
4677	6464	0.023421
6464	6465	0.0230416
4218	6465	0.0230416
4751	6466	0.0313655
1754	6466	0.0313655
589	6467	0.0254555
1087	6467	0.0254555
591	6468	0.0236072
4738	6468	0.0236072
3426	6469	0.0328173
598	6469	0.0328173
5760	6470	0.0325256
690	6470	0.0325256
881	6471	0.0268716
6470	6471	0.0268716
1216	6472	0.0262646
6471	6472	0.0262646
4468	6473	0.0247324
6472	6473	0.0247324
5761	6474	0.0334248
3914	6474	0.0334248
2529	6475	0.0269314
6474	6475	0.0269314
3628	6476	0.0328028
1557	6476	0.0328028
5788	6477	0.0332877
1379	6477	0.0332877
6477	6478	0.0313356
3098	6478	0.0313356
6478	6479	0.0273588
741	6479	0.0273588
6479	6480	0.0268672
1086	6480	0.0268672
2712	6481	0.0237838
6480	6481	0.0237838
751	6482	0.0247728
1526	6482	0.0247728
1142	6483	0.0324638
4852	6483	0.0324638
805	6484	0.0318469
6483	6484	0.0318469
2974	6485	0.0245863
5016	6485	0.0245863
1029	6486	0.0323695
1108	6486	0.0323695
1035	6487	0.0317655
3815	6487	0.0317655
4458	6488	0.0335714
1137	6488	0.0335714
1230	6489	0.0269569
2736	6489	0.0269569
2068	6490	0.0259949
1259	6490	0.0259949
3637	6491	0.0236972
1359	6491	0.0236972
3767	6492	0.0254201
1482	6492	0.0254201
5871	6493	0.031785
4182	6493	0.031785
5874	6494	0.0315844
3161	6494	0.0315844
1596	6495	0.0337548
5039	6495	0.0337548
3698	6496	0.0321117
1633	6496	0.0321117
4394	6497	0.0305184
5878	6497	0.0305184
2785	6498	0.0248677
1863	6498	0.0248677
4524	6499	0.0232381
2618	6499	0.0232381
4099	6500	0.0306926
2457	6500	0.0306926
4944	6501	0.0276748
6500	6501	0.0276748
1935	6502	0.0256421
3389	6502	0.0256421
5883	6503	0.0308224
1991	6503	0.0308224
2195	6504	0.0345817
5885	6504	0.0345817
3882	6505	0.0262544
5044	6505	0.0262544
3826	6506	0.0260457
6505	6506	0.0260457
4213	6507	0.0307245
3785	6507	0.0307245
1607	6508	0.0224791
1874	6508	0.0224791
1521	6509	0.0208223
304	6509	0.0208223
6385	6510	0.0211298
1811	6510	0.0211298
6510	6511	0.0203924
1179	6511	0.0203924
2820	6512	0.0203716
1690	6512	0.0203716
5931	6513	0.0223064
4292	6513	0.0223064
5711	6514	0.0213547
5538	6514	0.0213547
5717	6514	0.0213547
6388	6515	0.0218059
1975	6515	0.0218059
5945	6516	0.0229634
6368	6516	0.0229634
3186	6517	0.0229789
6456	6517	0.0229789
1329	6518	0.0226478
6517	6518	0.0226478
6342	6519	0.0229596
4910	6519	0.0229596
6519	6520	0.0229263
2232	6520	0.0229263
6520	6521	0.0229246
1622	6521	0.0229246
6521	6522	0.0229171
6360	6522	0.0229171
6363	6522	0.0229171
5665	6523	0.0229133
6522	6523	0.0229133
6523	6524	0.0229115
6420	6524	0.0229115
4017	6524	0.0229115
6524	6525	0.022901
6377	6525	0.022901
581	6526	0.0228826
6525	6526	0.0228826
6526	6527	0.0228776
4631	6527	0.0228776
703	6528	0.0228632
6527	6528	0.0228632
3549	6529	0.0228185
6528	6529	0.0228185
6529	6530	0.0228175
2701	6530	0.0228175
3528	6531	0.0228107
6530	6531	0.0228107
6531	6532	0.0227877
2579	6532	0.0227877
5907	6533	0.0226983
6532	6533	0.0226983
3424	6533	0.0226983
5912	6534	0.0226627
6533	6534	0.0226627
5837	6535	0.0226573
6534	6535	0.0226573
6535	6536	0.022647
2328	6536	0.022647
5784	6537	0.0226378
6536	6537	0.0226378
6537	6538	0.0226336
2607	6538	0.0226336
4053	6539	0.022901
6405	6539	0.022901
2588	6540	0.0228267
6539	6540	0.0228267
6448	6541	0.0229845
1904	6541	0.0229845
6541	6542	0.0229122
6496	6542	0.0229122
2858	6543	0.0226983
6542	6543	0.0226983
126	6544	0.0225885
6538	6544	0.0225885
6544	6545	0.0225772
6540	6545	0.0225772
5864	6546	0.0225619
6545	6546	0.0225619
6546	6547	0.022518
325	6547	0.022518
3151	6547	0.022518
6547	6548	0.0225139
1210	6548	0.0225139
6548	6549	0.022501
1791	6549	0.022501
1021	6549	0.022501
376	6550	0.0224476
6549	6550	0.0224476
6543	6550	0.0224476
6550	6551	0.0223954
63	6551	0.0223954
6518	6552	0.0223795
6551	6552	0.0223795
6552	6553	0.0223646
6504	6553	0.0223646
2204	6553	0.0223646
6553	6554	0.0223629
1891	6554	0.0223629
6554	6555	0.022333
551	6555	0.022333
6555	6556	0.0223054
2567	6556	0.0223054
6556	6557	0.022302
4904	6557	0.022302
5524	6558	0.022289
6557	6558	0.022289
65	6559	0.0222389
6558	6559	0.0222389
6559	6560	0.0222323
4125	6560	0.0222323
6560	6561	0.0221979
4326	6561	0.0221979
5918	6562	0.0221214
6561	6562	0.0221214
6562	6563	0.0220918
2315	6563	0.0220918
3361	6564	0.0220497
6563	6564	0.0220497
5004	6565	0.0220276
6564	6565	0.0220276
1011	6566	0.0223339
6443	6566	0.0223339
6444	6567	0.0222836
1425	6567	0.0222836
6567	6568	0.0220681
3060	6568	0.0220681
5762	6569	0.0224212
3625	6569	0.0224212
5708	6570	0.0220213
6565	6570	0.0220213
2838	6571	0.0220091
6570	6571	0.0220091
6571	6572	0.0219884
6475	6572	0.0219884
5583	6573	0.021922
6572	6573	0.021922
6573	6574	0.0218987
4628	6574	0.0218987
5935	6575	0.0218722
6574	6575	0.0218722
6575	6576	0.0218399
6502	6576	0.0218399
1779	6577	0.0218314
6576	6577	0.0218314
6577	6578	0.021821
6495	6578	0.021821
3941	6578	0.021821
5494	6579	0.0218031
6578	6579	0.0218031
1648	6580	0.0217409
6579	6580	0.0217409
6580	6581	0.0216926
3916	6581	0.0216926
6581	6582	0.0216858
1388	6582	0.0216858
6582	6583	0.0216341
1974	6583	0.0216341
6583	6584	0.0216179
6467	6584	0.0216179
6584	6585	0.0216134
2238	6585	0.0216134
6585	6586	0.0215383
4086	6586	0.0215383
6516	6587	0.0215353
6586	6587	0.0215353
6489	6588	0.021513
6587	6588	0.021513
6588	6589	0.0215072
5024	6589	0.0215072
4267	6590	0.0215037
6589	6590	0.0215037
3452	6591	0.0214698
6590	6591	0.0214698
6591	6592	0.0214662
2157	6592	0.0214662
785	6593	0.0214596
6592	6593	0.0214596
6593	6594	0.0214471
6411	6594	0.0214471
6594	6595	0.0213982
3699	6595	0.0213982
5405	6596	0.0220136
5425	6596	0.0220136
5755	6597	0.0212467
4440	6597	0.0212467
2674	6598	0.0213487
6595	6598	0.0213487
6598	6599	0.0213451
1010	6599	0.0213451
1185	6600	0.0213952
1948	6600	0.0213952
6354	6601	0.0212886
6599	6601	0.0212886
2685	6602	0.0212529
6601	6602	0.0212529
6602	6603	0.0212518
6600	6603	0.0212518
6603	6604	0.0212376
6383	6604	0.0212376
1261	6604	0.0212376
4627	6604	0.0212376
6604	6605	0.0212154
2724	6605	0.0212154
6605	6606	0.0211894
1067	6606	0.0211894
6606	6607	0.0211562
6566	6607	0.0211562
6607	6608	0.0211236
604	6608	0.0211236
6597	6609	0.021119
3676	6609	0.021119
6355	6610	0.0211085
6608	6610	0.0211085
1908	6610	0.0211085
6610	6611	0.021107
6568	6611	0.021107
6569	6611	0.021107
1566	6611	0.021107
3601	6611	0.021107
278	6612	0.0210868
6611	6612	0.0210868
6596	6613	0.021075
6609	6613	0.021075
6612	6613	0.021075
5752	6614	0.0210649
6613	6614	0.0210649
6493	6615	0.0210611
6614	6615	0.0210611
6615	6616	0.0210293
1196	6616	0.0210293
6616	6617	0.0210276
4555	6617	0.0210276
3657	6618	0.0210046
6617	6618	0.0210046
6618	6619	0.0209494
31	6619	0.0209494
217	6620	0.0209475
6619	6620	0.0209475
6438	6621	0.0228872
4854	6621	0.0228872
6469	6622	0.0225495
3382	6622	0.0225495
6622	6623	0.021227
2502	6623	0.021227
687	6624	0.0222634
2173	6624	0.0222634
5845	6625	0.0221275
4372	6625	0.0221275
6497	6626	0.0225856
1857	6626	0.0225856
4670	6627	0.0213164
4019	6627	0.0213164
6490	6628	0.0208218
6492	6628	0.0208218
3212	6629	0.0205944
6628	6629	0.0205944
6513	6630	0.020777
4255	6630	0.020777
6630	6631	0.0205212
3707	6631	0.0205212
6620	6632	0.0209375
4616	6632	0.0209375
6632	6633	0.0209083
3187	6633	0.0209083
6633	6634	0.020891
1969	6634	0.020891
5595	6635	0.0208846
6634	6635	0.0208846
1997	6635	0.0208846
1942	6636	0.0208674
6635	6636	0.0208674
6636	6637	0.0208498
2235	6637	0.0208498
5919	6638	0.0208472
6637	6638	0.0208472
6638	6639	0.0208028
3904	6639	0.0208028
5840	6640	0.0207998
5806	6640	0.0207998
6639	6640	0.0207998
515	6641	0.0207923
6640	6641	0.0207923
6641	6642	0.0207859
2957	6642	0.0207859
6642	6643	0.0207674
865	6643	0.0207674
5633	6644	0.0207652
6643	6644	0.0207652
3415	6644	0.0207652
6644	6645	0.020754
6623	6645	0.020754
6645	6646	0.020749
1300	6646	0.020749
6646	6647	0.0207397
2559	6647	0.0207397
6647	6648	0.0206914
1354	6648	0.0206914
6515	6649	0.0206813
6648	6649	0.0206813
6649	6650	0.020674
871	6650	0.020674
6650	6651	0.0206668
431	6651	0.0206668
249	6652	0.0206115
6651	6652	0.0206115
6652	6653	0.0205843
305	6653	0.0205843
6653	6654	0.0205546
6465	6654	0.0205546
4583	6655	0.0205171
6654	6655	0.0205171
6655	6656	0.0204905
3106	6656	0.0204905
2951	6656	0.0204905
6367	6657	0.0206276
2533	6657	0.0206276
5775	6658	0.0204737
6656	6658	0.0204737
6358	6659	0.0204347
6658	6659	0.0204347
6659	6660	0.0204275
1444	6660	0.0204275
1303	6661	0.0204153
6660	6661	0.0204153
5834	6662	0.0203992
6661	6662	0.0203992
6662	6663	0.0203704
537	6663	0.0203704
2099	6664	0.0203698
6663	6664	0.0203698
5941	6665	0.0203063
6664	6665	0.0203063
6665	6666	0.020297
6657	6666	0.020297
6666	6667	0.0202916
2014	6667	0.0202916
6667	6668	0.0202835
1883	6668	0.0202835
6668	6669	0.0202551
205	6669	0.0202551
6669	6670	0.0202322
6491	6670	0.0202322
3442	6671	0.0202122
6670	6671	0.0202122
6631	6672	0.0201901
6671	6672	0.0201901
5687	6672	0.0201901
6621	6672	0.0201901
6672	6673	0.0201739
1096	6673	0.0201739
6673	6674	0.0201523
3267	6674	0.0201523
1116	6675	0.0201314
6674	6675	0.0201314
2770	6676	0.0201188
6675	6676	0.0201188
6676	6677	0.0201103
3678	6677	0.0201103
6677	6678	0.0201054
2761	6678	0.0201054
5617	6679	0.020088
6678	6679	0.020088
2242	6679	0.020088
6679	6680	0.0200711
2869	6680	0.0200711
6353	6681	0.0200326
6680	6681	0.0200326
6681	6682	0.0200166
2000	6682	0.0200166
280	6683	0.0206602
6624	6683	0.0206602
5537	6684	0.0202658
6683	6684	0.0202658
1406	6685	0.0205517
4432	6685	0.0205517
133	6686	0.019993
6682	6686	0.019993
6686	6687	0.0199774
3109	6687	0.0199774
1985	6688	0.0199304
6687	6688	0.0199304
6688	6689	0.0199163
2944	6689	0.0199163
4520	6690	0.0199105
6689	6690	0.0199105
6690	6691	0.0199075
6625	6691	0.0199075
6691	6692	0.019901
2628	6692	0.019901
311	6693	0.0198894
6692	6693	0.0198894
6693	6694	0.019856
95	6694	0.019856
6694	6695	0.0198347
6503	6695	0.0198347
5922	6696	0.0198314
6695	6696	0.0198314
6696	6697	0.0198247
8	6697	0.0198247
6697	6698	0.0198051
680	6698	0.0198051
6698	6699	0.0197843
762	6699	0.0197843
6699	6700	0.0197763
2942	6700	0.0197763
6700	6701	0.0197698
540	6701	0.0197698
5917	6702	0.0197629
6701	6702	0.0197629
6702	6703	0.0197501
869	6703	0.0197501
6703	6704	0.0197317
437	6704	0.0197317
6704	6705	0.0197245
773	6705	0.0197245
6705	6706	0.0197124
1409	6706	0.0197124
5892	6707	0.0197001
6706	6707	0.0197001
6441	6707	0.0197001
6707	6708	0.0196948
3125	6708	0.0196948
693	6709	0.0196886
5527	6709	0.0196886
6708	6709	0.0196886
6684	6709	0.0196886
3085	6710	0.0196874
6709	6710	0.0196874
3171	6711	0.019682
6710	6711	0.019682
2451	6712	0.0199886
6627	6712	0.0199886
6711	6713	0.0196796
676	6713	0.0196796
6713	6714	0.0196781
1479	6714	0.0196781
6714	6715	0.019673
796	6715	0.019673
6715	6716	0.0196713
6685	6716	0.0196713
6716	6717	0.0196476
1789	6717	0.0196476
6717	6718	0.0196305
164	6718	0.0196305
6514	6719	0.0196284
6718	6719	0.0196284
284	6719	0.0196284
6719	6720	0.0196095
3512	6720	0.0196095
1743	6721	0.0195845
6720	6721	0.0195845
1301	6722	0.0195818
6721	6722	0.0195818
1455	6723	0.0195713
6722	6723	0.0195713
6712	6723	0.0195713
6723	6724	0.0195588
877	6724	0.0195588
6724	6725	0.0195583
566	6725	0.0195583
6725	6726	0.0195344
3726	6726	0.0195344
3551	6727	0.0195265
6726	6727	0.0195265
6727	6728	0.0195227
3594	6728	0.0195227
6728	6729	0.0195068
1110	6729	0.0195068
5286	6730	0.0194765
6729	6730	0.0194765
2323	6730	0.0194765
6730	6731	0.0194714
985	6731	0.0194714
6731	6732	0.019447
3988	6732	0.019447
6629	6733	0.0194404
6732	6733	0.0194404
6733	6734	0.0194396
3001	6734	0.0194396
6734	6735	0.0194328
1624	6735	0.0194328
2466	6736	0.0194179
6735	6736	0.0194179
6736	6737	0.0194165
1889	6737	0.0194165
6473	6738	0.0194099
6737	6738	0.0194099
6626	6738	0.0194099
6429	6739	0.0218578
4444	6739	0.0218578
6	6740	0.0217121
6739	6740	0.0217121
461	6741	0.0215824
6740	6741	0.0215824
6359	6742	0.0225165
77	6742	0.0225165
6384	6743	0.0216484
232	6743	0.0216484
5877	6744	0.0223152
3385	6744	0.0223152
6432	6745	0.0222129
4056	6745	0.0222129
4593	6746	0.0220203
1998	6746	0.0220203
6745	6747	0.021597
6746	6747	0.021597
4774	6747	0.021597
6744	6748	0.0209726
6747	6748	0.0209726
6748	6749	0.0197946
1279	6749	0.0197946
5619	6750	0.0193992
1701	6750	0.0193992
5751	6751	0.0225409
1982	6751	0.0225409
6751	6752	0.0211678
6485	6752	0.0211678
1951	6753	0.0207526
649	6753	0.0207526
1371	6754	0.0209494
6481	6754	0.0209494
6482	6755	0.0217235
1538	6755	0.0217235
6755	6756	0.0197706
770	6756	0.0197706
1127	6757	0.0219871
855	6757	0.0219871
1165	6758	0.0210791
1183	6758	0.0210791
3677	6759	0.0212493
2676	6759	0.0212493
5671	6760	0.0187662
485	6760	0.0187662
6738	6761	0.0193951
4130	6761	0.0193951
3340	6762	0.0193259
6761	6762	0.0193259
5679	6763	0.0193156
6762	6763	0.0193156
1719	6764	0.019291
6763	6764	0.019291
5823	6765	0.0192474
6764	6765	0.0192474
4397	6766	0.019235
6765	6766	0.019235
6766	6767	0.0192316
3620	6767	0.0192316
1574	6768	0.0192221
3097	6768	0.0192221
6767	6768	0.0192221
6768	6769	0.019195
2812	6769	0.019195
6769	6770	0.0191919
445	6770	0.0191919
6476	6771	0.0191784
6770	6771	0.0191784
6771	6772	0.0191597
3418	6772	0.0191597
1581	6773	0.0191171
6772	6773	0.0191171
6773	6774	0.019082
1670	6774	0.019082
5876	6775	0.0190632
6774	6775	0.0190632
1545	6776	0.0190232
6775	6776	0.0190232
6776	6777	0.0190191
350	6777	0.0190191
6484	6778	0.0189985
6777	6778	0.0189985
684	6778	0.0189985
50	6779	0.0189954
6778	6779	0.0189954
6779	6780	0.0189901
1457	6780	0.0189901
6508	6781	0.0189409
6780	6781	0.0189409
6781	6782	0.0189292
700	6782	0.0189292
4490	6782	0.0189292
3746	6783	0.0192702
593	6783	0.0192702
5324	6784	0.0189258
6782	6784	0.0189258
6784	6785	0.0189162
4857	6785	0.0189162
6785	6786	0.0189085
2058	6786	0.0189085
6786	6787	0.0188756
6754	6787	0.0188756
6378	6788	0.0188732
6787	6788	0.0188732
6788	6789	0.018838
6743	6789	0.018838
6509	6790	0.0188313
6789	6790	0.0188313
3865	6791	0.0188192
6790	6791	0.0188192
6791	6792	0.0188034
28	6792	0.0188034
1124	6793	0.0187814
6792	6793	0.0187814
6793	6794	0.0187388
5013	6794	0.0187388
6794	6795	0.0187308
1182	6795	0.0187308
724	6796	0.0187388
1184	6796	0.0187388
5936	6797	0.0187178
6511	6797	0.0187178
6795	6797	0.0187178
814	6797	0.0187178
6797	6798	0.0187112
2425	6798	0.0187112
2807	6799	0.0186997
6798	6799	0.0186997
6799	6800	0.0186952
6783	6800	0.0186952
4311	6800	0.0186952
6800	6801	0.0186921
6741	6801	0.0186921
6801	6802	0.018686
4884	6802	0.018686
6802	6803	0.0186855
6796	6803	0.0186855
1018	6804	0.0186833
6803	6804	0.0186833
2652	6805	0.0186818
6804	6805	0.0186818
479	6806	0.0186788
6805	6806	0.0186788
6806	6807	0.0186372
1718	6807	0.0186372
1887	6808	0.0192947
6749	6808	0.0192947
835	6809	0.0190573
343	6809	0.0190573
561	6810	0.0189663
6809	6810	0.0189663
6752	6811	0.0190232
878	6811	0.0190232
6811	6812	0.0189006
1430	6812	0.0189006
6498	6813	0.019263
4639	6813	0.019263
1446	6814	0.019245
6813	6814	0.019245
6814	6815	0.0188103
1810	6815	0.0188103
6501	6816	0.0188558
1926	6816	0.0188558
2365	6817	0.0186252
6807	6817	0.0186252
6817	6818	0.0186005
1149	6818	0.0186005
6818	6819	0.0185728
1158	6819	0.0185728
1525	6820	0.0185702
6819	6820	0.0185702
6820	6821	0.0185462
3012	6821	0.0185462
6821	6822	0.0185404
2243	6822	0.0185404
6499	6823	0.0185256
6822	6823	0.0185256
6823	6824	0.0185194
6815	6824	0.0185194
6824	6825	0.0185146
2394	6825	0.0185146
6825	6826	0.018512
6753	6826	0.018512
1668	6826	0.018512
1237	6826	0.018512
4054	6827	0.0184837
6826	6827	0.0184837
6827	6828	0.0184748
3648	6828	0.0184748
6828	6829	0.0184725
6812	6829	0.0184725
6829	6830	0.0184594
1232	6830	0.0184594
6830	6831	0.0184439
2803	6831	0.0184439
6831	6832	0.0184317
6487	6832	0.0184317
571	6833	0.0184195
6832	6833	0.0184195
6833	6834	0.0184068
1827	6834	0.0184068
2758	6835	0.018406
6834	6835	0.018406
6835	6836	0.0184012
4497	6836	0.0184012
3615	6837	0.0183927
6836	6837	0.0183927
6837	6838	0.0183905
1458	6838	0.0183905
6838	6839	0.0183689
4429	6839	0.0183689
6839	6840	0.0183623
1561	6840	0.0183623
6840	6841	0.0183609
6810	6841	0.0183609
1565	6842	0.0183392
6841	6842	0.0183392
6842	6843	0.0183227
100	6843	0.0183227
5921	6844	0.018301
6843	6844	0.018301
1938	6845	0.0182855
6844	6845	0.0182855
6845	6846	0.0182703
4244	6846	0.0182703
6846	6847	0.0182667
674	6847	0.0182667
5399	6848	0.0182631
6847	6848	0.0182631
1564	6848	0.0182631
5895	6849	0.0182191
6848	6849	0.0182191
6849	6850	0.0182046
1895	6850	0.0182046
2227	6851	0.0181841
6850	6851	0.0181841
798	6852	0.0181786
6851	6852	0.0181786
6852	6853	0.0181666
6457	6853	0.0181666
4976	6854	0.0181587
6853	6854	0.0181587
6854	6855	0.0181442
2216	6855	0.0181442
2518	6856	0.018139
6855	6856	0.018139
6856	6857	0.0181265
6808	6857	0.0181265
6857	6858	0.0181217
196	6858	0.0181217
6858	6859	0.0181123
6816	6859	0.0181123
6859	6860	0.0181064
4439	6860	0.0181064
6860	6861	0.0180815
229	6861	0.0180815
6861	6862	0.0180723
3263	6862	0.0180723
685	6863	0.0180708
6862	6863	0.0180708
6863	6864	0.0180689
6759	6864	0.0180689
1298	6864	0.0180689
6864	6865	0.0180566
487	6865	0.0180566
1580	6866	0.0180556
6865	6866	0.0180556
1364	6867	0.0180551
6866	6867	0.0180551
354	6868	0.018607
664	6868	0.018607
462	6869	0.0185098
6507	6869	0.0185098
6869	6870	0.018212
2293	6870	0.018212
2132	6871	0.0193014
6494	6871	0.0193014
6871	6872	0.018176
755	6872	0.018176
4694	6873	0.019125
841	6873	0.019125
3832	6874	0.0188431
2530	6874	0.0188431
6867	6875	0.0180481
1308	6875	0.0180481
6488	6876	0.0179967
6875	6876	0.0179967
6445	6877	0.017959
6876	6877	0.017959
1445	6878	0.0179538
6877	6878	0.0179538
5863	6879	0.0179302
6878	6879	0.0179302
6874	6879	0.0179302
6879	6880	0.0179163
4796	6880	0.0179163
6880	6881	0.0178968
3797	6881	0.0178968
6466	6882	0.017891
6881	6882	0.017891
6882	6883	0.0178695
2225	6883	0.0178695
6883	6884	0.0178594
4889	6884	0.0178594
6884	6885	0.0178567
4897	6885	0.0178567
4389	6886	0.0178327
6885	6886	0.0178327
6352	6887	0.0178321
6886	6887	0.0178321
3705	6888	0.0178292
6887	6888	0.0178292
6888	6889	0.0178187
6870	6889	0.0178187
6889	6890	0.0178142
6872	6890	0.0178142
6760	6891	0.0178019
6890	6891	0.0178019
6468	6892	0.0177899
6891	6892	0.0177899
6892	6893	0.0177824
1304	6893	0.0177824
6512	6894	0.0177687
6893	6894	0.0177687
4722	6895	0.0177409
6894	6895	0.0177409
1441	6896	0.0177363
6895	6896	0.0177363
4070	6897	0.0177317
6896	6897	0.0177317
5875	6898	0.017712
6897	6898	0.017712
6898	6899	0.01771
153	6899	0.01771
5248	6900	0.017704
6899	6900	0.017704
6433	6901	0.0176993
6900	6901	0.0176993
6901	6902	0.017684
745	6902	0.017684
3020	6903	0.0176726
6902	6903	0.0176726
6903	6904	0.0176622
1615	6904	0.0176622
6904	6905	0.017654
271	6905	0.017654
6905	6906	0.0176459
6742	6906	0.0176459
3306	6907	0.0176386
6906	6907	0.0176386
6907	6908	0.0176343
2187	6908	0.0176343
2843	6909	0.0176189
6908	6909	0.0176189
6909	6910	0.0176152
3339	6910	0.0176152
2911	6911	0.0176057
6910	6911	0.0176057
6911	6912	0.0175885
2074	6912	0.0175885
3635	6913	0.0175821
6912	6913	0.0175821
6913	6914	0.0175794
1245	6914	0.0175794
4261	6915	0.017559
6914	6915	0.017559
6750	6915	0.017559
1346	6916	0.017534
6915	6916	0.017534
1912	6917	0.0175065
6916	6917	0.0175065
6917	6918	0.017489
3893	6918	0.017489
174	6919	0.0174748
6918	6919	0.0174748
6919	6920	0.0174713
2468	6920	0.0174713
6920	6921	0.0174666
423	6921	0.0174666
710	6922	0.0174577
6921	6922	0.0174577
6922	6923	0.0174382
6873	6923	0.0174382
5858	6924	0.017422
6923	6924	0.017422
6924	6925	0.0174034
1075	6925	0.0174034
6868	6926	0.0174655
1518	6926	0.0174655
6506	6927	0.0173925
6925	6927	0.0173925
6927	6928	0.0173834
2929	6928	0.0173834
6928	6929	0.0173795
6756	6929	0.0173795
6929	6930	0.0173752
3913	6930	0.0173752
692	6931	0.0173654
6930	6931	0.0173654
6931	6932	0.0173642
3086	6932	0.0173642
663	6933	0.0173608
4533	6933	0.0173608
6932	6933	0.0173608
6933	6934	0.0173526
678	6934	0.0173526
5795	6935	0.0173503
6934	6935	0.0173503
6935	6936	0.0173425
6926	6936	0.0173425
3261	6937	0.0173349
6936	6937	0.0173349
6937	6938	0.017332
1708	6938	0.017332
3835	6939	0.0173178
6938	6939	0.0173178
6939	6940	0.0173011
748	6940	0.0173011
6940	6941	0.0172874
459	6941	0.0172874
3585	6942	0.0172777
6941	6942	0.0172777
2690	6943	0.0172509
6942	6943	0.0172509
6943	6944	0.0172501
1031	6944	0.0172501
6944	6945	0.0172241
400	6945	0.0172241
6486	6946	0.0172158
6945	6946	0.0172158
5681	6947	0.0172138
6946	6947	0.0172138
6947	6948	0.0172008
2890	6948	0.0172008
6948	6949	0.0171921
2575	6949	0.0171921
3150	6950	0.0171783
6949	6950	0.0171783
3244	6950	0.0171783
6950	6951	0.0171739
6757	6951	0.0171739
6951	6952	0.0171401
5873	6952	0.0171401
1522	6953	0.0171287
6952	6953	0.0171287
5790	6954	0.0171213
6953	6954	0.0171213
1726	6955	0.0171136
6954	6955	0.0171136
6955	6956	0.0171005
1517	6956	0.0171005
6956	6957	0.0170642
2846	6957	0.0170642
955	6958	0.0170479
6957	6958	0.0170479
6958	6959	0.0170404
3773	6959	0.0170404
6959	6960	0.0170362
4744	6960	0.0170362
6960	6961	0.017019
4629	6961	0.017019
5539	6962	0.0169965
6961	6962	0.0169965
6962	6963	0.0169772
61	6963	0.0169772
6963	6964	0.0169611
2075	6964	0.0169611
5838	6965	0.0169603
6964	6965	0.0169603
6965	6966	0.016954
1662	6966	0.016954
699	6967	0.0169489
6966	6967	0.0169489
187	6968	0.0169266
6967	6968	0.0169266
155	6969	0.0169232
6968	6969	0.0169232
6969	6970	0.0169217
2745	6970	0.0169217
4571	6971	0.0169035
6970	6971	0.0169035
6971	6972	0.0168851
2847	6972	0.0168851
6972	6973	0.0168672
2796	6973	0.0168672
3574	6974	0.0168639
6973	6974	0.0168639
6974	6975	0.0168591
6758	6975	0.0168591
2452	6976	0.0168543
6975	6976	0.0168543
5908	6977	0.0168416
6976	6977	0.0168416
1393	6978	0.0564807
5	6978	0.0564807
6978	6979	0.0319536
792	6979	0.0319536
1199	6980	0.173872
1200	6980	0.173872
10	6981	0.0930704
122	6981	0.0930704
6981	6982	0.0457087
6980	6982	0.0457087
6982	6983	0.0297087
2359	6983	0.0297087
722	6984	0.029713
2822	6984	0.029713
2169	6985	0.029287
6984	6985	0.029287
4280	6986	0.0437657
181	6986	0.0437657
3214	6987	0.0417013
6986	6987	0.0417013
3354	6988	0.0406177
2407	6988	0.0406177
6987	6989	0.0352379
6988	6989	0.0352379
1943	6990	0.0337877
6989	6990	0.0337877
4838	6991	0.0334682
6990	6991	0.0334682
6991	6992	0.0269526
1981	6992	0.0269526
2346	6993	0.0259759
6992	6993	0.0259759
1416	6994	0.0341398
1415	6994	0.0341398
3298	6995	0.0302018
6994	6995	0.0302018
6995	6996	0.0299149
4226	6996	0.0299149
1242	6997	0.0211173
973	6997	0.0211173
6996	6998	0.018217
6997	6998	0.018217
1524	6999	0.0542334
3907	6999	0.0542334
6999	7000	0.0233019
414	7000	0.0233019
1739	7001	0.340178
22	7001	0.340178
4742	7002	0.134675
29	7002	0.134675
2462	7003	0.13803
1781	7003	0.13803
7003	7004	0.112102
250	7004	0.112102
7004	7005	0.0682822
30	7005	0.0682822
7005	7006	0.0540079
259	7006	0.0540079
1214	7007	0.0470911
7006	7007	0.0470911
4647	7008	0.0887064
456	7008	0.0887064
7008	7009	0.0513965
1198	7009	0.0513965
7009	7010	0.0449304
4618	7010	0.0449304
7010	7011	0.0361563
1843	7011	0.0361563
7011	7012	0.0313987
4223	7012	0.0313987
7012	7013	0.0174532
37	7013	0.0174532
38	7014	0.0366643
2362	7014	0.0366643
902	7015	0.0424754
996	7015	0.0424754
1952	7016	0.0707234
68	7016	0.0707234
7016	7017	0.0632229
2097	7017	0.0632229
660	7018	0.0569736
1931	7018	0.0569736
7018	7019	0.0560758
1930	7019	0.0560758
7017	7020	0.0554424
3976	7020	0.0554424
7019	7021	0.0436465
262	7021	0.0436465
7021	7022	0.0433771
4715	7022	0.0433771
7020	7023	0.0418745
1631	7023	0.0418745
4609	7024	0.0270789
7022	7024	0.0270789
7023	7025	0.0204092
7024	7025	0.0204092
4189	7026	0.0407401
2854	7026	0.0407401
679	7027	0.0360017
7026	7027	0.0360017
7027	7028	0.0253011
1374	7028	0.0253011
3316	7029	0.0201637
7028	7029	0.0201637
3028	7030	0.0395839
3461	7030	0.0395839
7030	7031	0.0292587
3324	7031	0.0292587
7031	7032	0.0250802
2062	7032	0.0250802
7032	7033	0.0229845
59	7033	0.0229845
7033	7034	0.022601
3112	7034	0.022601
7034	7035	0.021018
2718	7035	0.021018
7035	7036	0.0184068
3466	7036	0.0184068
3968	7037	0.0669201
2806	7037	0.0669201
7037	7038	0.0659238
2893	7038	0.0659238
7038	7039	0.0541573
4328	7039	0.0541573
3036	7040	0.0515883
2696	7040	0.0515883
7039	7041	0.0498086
166	7041	0.0498086
7040	7042	0.0494012
477	7042	0.0494012
7041	7043	0.0491991
7042	7043	0.0491991
56	7044	0.0450005
7043	7044	0.0450005
7044	7045	0.0443331
1510	7045	0.0443331
7045	7046	0.0359272
1389	7046	0.0359272
7046	7047	0.035761
1222	7047	0.035761
4231	7048	0.033405
7047	7048	0.033405
7048	7049	0.0329533
1367	7049	0.0329533
907	7050	0.028072
7049	7050	0.028072
1897	7051	0.0323629
513	7051	0.0323629
3408	7052	0.0241405
4064	7052	0.0241405
57	7053	0.0213876
7052	7053	0.0213876
7053	7054	0.0211946
4015	7054	0.0211946
67	7055	0.0730797
3122	7055	0.0730797
74	7056	0.0337008
3042	7056	0.0337008
84	7057	0.0400258
2045	7057	0.0400258
1466	7058	0.0205296
1056	7058	0.0205296
7058	7059	0.0194606
86	7059	0.0194606
4597	7060	0.0171707
7059	7060	0.0171707
4068	7061	0.0168658
365	7061	0.0168658
4916	7062	0.08949
4912	7062	0.08949
442	7063	0.074346
7062	7063	0.074346
4922	7064	0.0734057
7063	7064	0.0734057
4832	7065	0.0552756
7064	7065	0.0552756
7065	7066	0.0539045
4663	7066	0.0539045
4909	7067	0.0516244
7066	7067	0.0516244
98	7068	0.0175046
3764	7068	0.0175046
3153	7069	0.105215
3031	7069	0.105215
3492	7070	0.0737792
2845	7070	0.0737792
7070	7071	0.072559
1922	7071	0.072559
4585	7072	0.0264483
725	7072	0.0264483
2581	7073	0.0226717
7072	7073	0.0226717
7073	7074	0.022243
686	7074	0.022243
7071	7075	0.0218732
7074	7075	0.0218732
1180	7076	0.0214922
7075	7076	0.0214922
1609	7077	0.0358572
1474	7077	0.0358572
7077	7078	0.0297647
497	7078	0.0297647
7078	7079	0.0262695
1167	7079	0.0262695
7079	7080	0.0259611
4515	7080	0.0259611
7080	7081	0.0234531
274	7081	0.0234531
7081	7082	0.0231812
3456	7082	0.0231812
7082	7083	0.0220748
4826	7083	0.0220748
7083	7084	0.0208721
2333	7084	0.0208721
7084	7085	0.0202419
4248	7085	0.0202419
7085	7086	0.0202409
505	7086	0.0202409
7086	7087	0.0186303
3356	7087	0.0186303
7087	7088	0.0175312
4418	7088	0.0175312
401	7089	0.0988695
1736	7089	0.0988695
7089	7090	0.0746086
3814	7090	0.0746086
3751	7091	0.019201
1695	7091	0.019201
1013	7092	0.0168887
7091	7092	0.0168887
4325	7093	0.0182436
2680	7093	0.0182436
3507	7094	0.0240763
3915	7094	0.0240763
3898	7095	0.0214711
7094	7095	0.0214711
1014	7096	0.156083
4710	7096	0.156083
3208	7097	0.0213127
2139	7097	0.0213127
7096	7098	0.0206123
7097	7098	0.0206123
3194	7099	0.34712
1579	7099	0.34712
3763	7100	0.0543877
4134	7100	0.0543877
7100	7101	0.0305632
1154	7101	0.0305632
7101	7102	0.0248258
3362	7102	0.0248258
7102	7103	0.0236495
1256	7103	0.0236495
7103	7104	0.0225735
1460	7104	0.0225735
7104	7105	0.0176632
1492	7105	0.0176632
4534	7106	0.057482
4163	7106	0.057482
4938	7107	0.0283393
897	7107	0.0283393
1440	7108	0.026476
7107	7108	0.026476
3760	7109	0.0705453
5006	7109	0.0705453
3674	7110	0.0192573
4772	7110	0.0192573
7110	7111	0.0191796
4406	7111	0.0191796
7111	7112	0.017269
2205	7112	0.017269
1635	7113	0.462078
408	7113	0.462078
2408	7114	0.0204172
7113	7114	0.0204172
4553	7115	0.295781
1411	7115	0.295781
1174	7116	0.0745472
109	7116	0.0745472
7116	7117	0.0431199
843	7117	0.0431199
7117	7118	0.0260132
2438	7118	0.0260132
968	7119	0.0254412
7118	7119	0.0254412
2443	7120	0.0270208
116	7120	0.0270208
117	7121	0.267057
2137	7121	0.267057
2186	7122	0.143883
832	7122	0.143883
119	7123	0.0189882
7122	7123	0.0189882
3768	7124	0.0267622
3160	7124	0.0267622
2985	7125	0.0293093
124	7125	0.0293093
3641	7126	0.388503
2420	7126	0.388503
1463	7127	0.0896263
1792	7127	0.0896263
3369	7128	0.0175695
7127	7128	0.0175695
1529	7129	0.0244126
148	7129	0.0244126
3702	7130	0.127837
4464	7130	0.127837
742	7131	0.0859293
7130	7131	0.0859293
7131	7132	0.0746383
3578	7132	0.0746383
7132	7133	0.0375422
1834	7133	0.0375422
7133	7134	0.0277822
3013	7134	0.0277822
7134	7135	0.0188573
4760	7135	0.0188573
2699	7136	0.0865837
1928	7136	0.0865837
866	7137	0.035191
1171	7137	0.035191
2434	7138	0.0241593
7137	7138	0.0241593
7138	7139	0.0172971
7136	7139	0.0172971
3256	7140	0.0696052
4848	7140	0.0696052
7140	7141	0.0612055
3257	7141	0.0612055
4954	7142	0.045296
7141	7142	0.045296
3368	7143	0.0420172
7142	7143	0.0420172
7143	7144	0.0358821
4374	7144	0.0358821
2372	7145	0.0329755
7144	7145	0.0329755
4408	7146	0.0466109
2756	7146	0.0466109
3457	7147	0.150369
152	7147	0.150369
4217	7148	0.0241002
2552	7148	0.0241002
1164	7149	0.0217271
168	7149	0.0217271
7149	7150	0.0185805
2887	7150	0.0185805
7150	7151	0.0177764
3794	7151	0.0177764
7151	7152	0.0174599
1442	7152	0.0174599
1862	7153	0.0219071
3463	7153	0.0219071
7153	7154	0.0181606
3204	7154	0.0181606
7154	7155	0.0169008
4935	7155	0.0169008
2973	7156	0.0174207
4229	7156	0.0174207
4402	7157	0.0172237
2744	7157	0.0172237
3037	7158	0.0577825
228	7158	0.0577825
7158	7159	0.0178197
4640	7159	0.0178197
3480	7160	0.0182073
4431	7160	0.0182073
1750	7161	0.0739998
492	7161	0.0739998
4178	7162	0.0636675
7161	7162	0.0636675
2694	7163	0.0843171
1277	7163	0.0843171
7163	7164	0.0592571
2786	7164	0.0592571
1104	7165	0.0289801
4870	7165	0.0289801
4107	7166	0.0300402
4885	7166	0.0300402
7166	7167	0.0278704
2387	7167	0.0278704
7167	7168	0.0177233
2453	7168	0.0177233
7168	7169	0.0168934
2507	7169	0.0168934
747	7170	0.0278127
2663	7170	0.0278127
7170	7171	0.0273638
3781	7171	0.0273638
7171	7172	0.0243349
3319	7172	0.0243349
7172	7173	0.0208102
563	7173	0.0208102
7173	7174	0.019501
4324	7174	0.019501
4748	7175	0.0305303
275	7175	0.0305303
3692	7176	0.0735893
782	7176	0.0735893
7176	7177	0.0179199
4891	7177	0.0179199
283	7178	0.0634651
2005	7178	0.0634651
296	7179	0.209822
3722	7179	0.209822
2861	7180	0.124688
324	7180	0.124688
7180	7181	0.080625
2472	7181	0.080625
2611	7182	0.0644039
7181	7182	0.0644039
7182	7183	0.0342965
2950	7183	0.0342965
329	7184	0.0209043
2649	7184	0.0209043
7184	7185	0.0204964
1159	7185	0.0204964
7185	7186	0.0199288
3872	7186	0.0199288
7186	7187	0.0195643
4281	7187	0.0195643
7187	7188	0.0180799
1130	7188	0.0180799
2210	7189	0.0343805
4764	7189	0.0343805
801	7190	0.0187446
542	7190	0.0187446
3436	7191	0.0694934
345	7191	0.0694934
2059	7192	0.042945
7191	7192	0.042945
2239	7193	0.0412831
7192	7193	0.0412831
3005	7194	0.0406499
7193	7194	0.0406499
4296	7195	0.0213676
3378	7195	0.0213676
2217	7196	0.0284615
4790	7196	0.0284615
1121	7197	0.0244634
3224	7197	0.0244634
4216	7198	0.0230245
7197	7198	0.0230245
3455	7199	0.0203462
7198	7199	0.0203462
7199	7200	0.0182763
3365	7200	0.0182763
3010	7201	0.0548737
1962	7201	0.0548737
4269	7202	0.0756153
4252	7202	0.0756153
4270	7203	0.0463454
7201	7203	0.0463454
7203	7204	0.0270174
7202	7204	0.0270174
3353	7205	0.0692019
2759	7205	0.0692019
3817	7206	0.0274933
4590	7206	0.0274933
1573	7207	0.026019
7206	7207	0.026019
7207	7208	0.0225573
2256	7208	0.0225573
2811	7208	0.0225573
5002	7208	0.0225573
4242	7208	0.0225573
7208	7209	0.0179818
2971	7209	0.0179818
7209	7210	0.0176077
2852	7210	0.0176077
1911	7211	0.0168496
7210	7211	0.0168496
3335	7212	0.0620264
371	7212	0.0620264
1612	7213	0.0229904
389	7213	0.0229904
1769	7214	0.0497804
2043	7214	0.0497804
394	7215	0.0478894
7214	7215	0.0478894
587	7216	0.0414088
7215	7216	0.0414088
7216	7217	0.0250746
1774	7217	0.0250746
743	7218	0.0294281
397	7218	0.0294281
3402	7219	0.425311
1233	7219	0.425311
7219	7220	0.0780102
655	7220	0.0780102
412	7221	0.087591
1074	7221	0.087591
1703	7222	0.268732
753	7222	0.268732
1902	7223	0.0543438
5021	7223	0.0543438
7223	7224	0.0251721
4829	7224	0.0251721
7224	7225	0.0236885
4537	7225	0.0236885
1646	7226	0.0449452
2945	7226	0.0449452
7226	7227	0.0386821
2876	7227	0.0386821
7227	7228	0.0293127
1917	7228	0.0293127
3782	7229	0.0395286
578	7229	0.0395286
3985	7230	0.0535384
4052	7230	0.0535384
2349	7231	0.0518148
7230	7231	0.0518148
7229	7232	0.027795
4475	7232	0.027795
7231	7233	0.0269962
7232	7233	0.0269962
1959	7233	0.0269962
3609	7234	0.0195171
7233	7234	0.0195171
1623	7235	0.018747
7234	7235	0.018747
850	7236	0.0477102
3580	7236	0.0477102
1731	7237	0.0504319
995	7237	0.0504319
4446	7238	0.0389994
7237	7238	0.0389994
2783	7239	0.0506857
1004	7239	0.0506857
3689	7240	0.118493
4114	7240	0.118493
7240	7241	0.0830729
3489	7241	0.0830729
3498	7242	0.0208578
435	7242	0.0208578
3308	7243	0.0788729
984	7243	0.0788729
1886	7244	0.0884758
4050	7244	0.0884758
7244	7245	0.0665052
443	7245	0.0665052
7245	7246	0.0537505
808	7246	0.0537505
7246	7247	0.0482159
1368	7247	0.0482159
1296	7248	0.0474533
463	7248	0.0474533
2273	7249	0.0396419
466	7249	0.0396419
2683	7250	0.0296937
7249	7250	0.0296937
7250	7251	0.0290983
3749	7251	0.0290983
4268	7251	0.0290983
3715	7251	0.0290983
2600	7252	0.0836427
4361	7252	0.0836427
7252	7253	0.0709304
1920	7253	0.0709304
7253	7254	0.0406018
474	7254	0.0406018
2049	7255	0.0221971
1940	7255	0.0221971
4170	7255	0.0221971
1109	7256	0.0198078
4039	7256	0.0198078
7255	7257	0.0183371
628	7257	0.0183371
7256	7257	0.0183371
7257	7258	0.0168701
3345	7258	0.0168701
1576	7259	0.0921652
1699	7259	0.0921652
7259	7260	0.0890587
2201	7260	0.0890587
489	7261	0.111213
645	7261	0.111213
1057	7262	0.0538478
2113	7262	0.0538478
7261	7263	0.05364
7262	7263	0.05364
4724	7264	0.187572
4975	7264	0.187572
7264	7265	0.1172
4474	7265	0.1172
7265	7266	0.058633
493	7266	0.058633
7266	7267	0.0557031
3774	7267	0.0557031
2917	7268	0.0455377
884	7268	0.0455377
2755	7269	0.0229852
706	7269	0.0229852
7269	7270	0.0205011
3608	7270	0.0205011
7270	7271	0.0201283
3490	7271	0.0201283
7271	7272	0.0179569
1022	7272	0.0179569
7272	7273	0.0176327
3720	7273	0.0176327
4905	7274	0.0313199
793	7274	0.0313199
7274	7275	0.0231256
3014	7275	0.0231256
4973	7276	0.0191215
7275	7276	0.0191215
3430	7277	0.0233821
4613	7277	0.0233821
7277	7278	0.018838
547	7278	0.018838
7278	7279	0.0178309
1554	7279	0.0178309
2038	7280	0.0256471
4569	7280	0.0256471
4421	7281	0.0224952
7280	7281	0.0224952
3669	7282	0.019125
1447	7282	0.019125
7282	7283	0.0175238
3272	7283	0.0175238
608	7284	0.0559017
3351	7284	0.0559017
919	7285	0.232868
618	7285	0.232868
2553	7286	0.0467725
3771	7286	0.0467725
3259	7287	0.0290158
2379	7287	0.0290158
7286	7288	0.0221871
7287	7288	0.0221871
1000	7289	0.0288365
4165	7289	0.0288365
7289	7290	0.0231203
627	7290	0.0231203
2516	7291	0.0410248
2110	7291	0.0410248
7291	7292	0.0354754
631	7292	0.0354754
7292	7293	0.0308954
3964	7293	0.0308954
867	7294	0.037675
2296	7294	0.037675
7294	7295	0.033777
639	7295	0.033777
1873	7296	0.177799
999	7296	0.177799
4230	7297	0.165983
7296	7297	0.165983
2749	7298	0.142432
650	7298	0.142432
7298	7299	0.107385
7297	7299	0.107385
945	7300	0.022384
5048	7300	0.022384
4667	7301	0.0195455
7300	7301	0.0195455
7301	7302	0.0172014
672	7302	0.0172014
4481	7303	0.0352997
853	7303	0.0352997
3654	7304	0.288362
2804	7304	0.288362
4528	7305	0.0443331
728	7305	0.0443331
7305	7306	0.0348826
2027	7306	0.0348826
7306	7307	0.0290879
2519	7307	0.0290879
2682	7308	0.0891903
730	7308	0.0891903
4866	7309	0.0187591
736	7309	0.0187591
1101	7310	0.0218314
3287	7310	0.0218314
3274	7311	0.0178061
7310	7311	0.0178061
5000	7312	0.394006
830	7312	0.394006
4698	7313	0.0752093
4696	7313	0.0752093
7313	7314	0.0303721
1032	7314	0.0303721
3634	7315	0.0177782
2130	7315	0.0177782
828	7316	0.201726
4113	7316	0.201726
2673	7317	0.0172308
2314	7317	0.0172308
854	7318	0.0496861
1343	7318	0.0496861
2127	7319	0.0527603
3471	7319	0.0527603
7319	7320	0.0268688
2732	7320	0.0268688
2824	7321	0.042819
1870	7321	0.042819
4911	7322	0.0359055
2794	7322	0.0359055
7321	7323	0.0287641
3388	7323	0.0287641
7322	7324	0.0269252
7323	7324	0.0269252
1560	7325	0.0198549
892	7325	0.0198549
3310	7326	0.149218
2595	7326	0.149218
3740	7327	0.0810152
922	7327	0.0810152
939	7328	0.018054
2823	7328	0.018054
4093	7329	0.0584632
946	7329	0.0584632
4512	7330	0.0270134
7329	7330	0.0270134
1707	7331	0.0541312
4894	7331	0.0541312
7331	7332	0.0290116
4836	7332	0.0290116
1778	7333	0.0274077
7332	7333	0.0274077
2525	7334	0.078381
2162	7334	0.078381
7334	7335	0.0777871
3986	7335	0.0777871
7335	7336	0.0738397
2954	7336	0.0738397
7336	7337	0.0608594
3350	7337	0.0608594
7337	7338	0.0380552
1008	7338	0.0380552
7338	7339	0.0294306
3841	7339	0.0294306
2720	7340	0.236258
1045	7340	0.236258
7340	7341	0.117055
3850	7341	0.117055
3444	7342	0.0319159
1053	7342	0.0319159
3439	7342	0.0319159
3071	7343	0.0181735
3377	7343	0.0181735
1671	7344	0.0831126
4945	7344	0.0831126
7344	7345	0.0251797
4952	7345	0.0251797
7345	7346	0.0220369
1467	7346	0.0220369
7346	7347	0.0185761
4701	7347	0.0185761
3177	7348	0.0346116
1678	7348	0.0346116
2625	7349	0.01997
5022	7349	0.01997
4650	7350	0.0311914
4898	7350	0.0311914
4048	7351	0.0361765
1509	7351	0.0361765
1151	7352	0.0622578
1651	7352	0.0622578
2151	7353	0.0186884
1155	7353	0.0186884
1160	7354	0.0717971
1925	7354	0.0717971
4436	7355	0.0238237
1163	7355	0.0238237
2884	7356	0.0269699
2765	7356	0.0269699
1355	7357	0.0512783
1677	7357	0.0512783
1220	7358	0.0543105
2601	7358	0.0543105
4021	7359	0.0362583
1293	7359	0.0362583
4600	7360	0.0338065
7359	7360	0.0338065
2338	7361	0.303702
3536	7361	0.303702
7361	7362	0.0369012
3576	7362	0.0369012
1532	7363	0.360635
2767	7363	0.360635
7363	7364	0.150058
1239	7364	0.150058
3871	7365	0.152462
1246	7365	0.152462
4768	7366	0.109894
1260	7366	0.109894
1280	7367	0.0235632
2353	7367	0.0235632
4765	7368	0.0277564
4051	7368	0.0277564
7368	7369	0.0224151
3823	7369	0.0224151
4574	7370	0.103431
1347	7370	0.103431
1339	7371	0.0769146
3273	7371	0.0769146
1345	7371	0.0769146
3745	7372	0.0710191
1341	7372	0.0710191
2144	7373	0.0439154
1400	7373	0.0439154
1429	7374	0.0242397
2616	7374	0.0242397
4188	7375	0.0541214
3168	7375	0.0541214
7375	7376	0.047561
1816	7376	0.047561
4529	7377	0.402172
4443	7377	0.402172
7377	7378	0.338264
4327	7378	0.338264
7378	7379	0.306278
4907	7379	0.306278
7379	7380	0.182195
3736	7380	0.182195
7380	7381	0.0282288
1494	7381	0.0282288
4185	7382	0.0234585
7381	7382	0.0234585
3431	7383	0.15669
2672	7383	0.15669
2437	7384	0.0175041
1539	7384	0.0175041
1553	7385	0.0186749
3683	7385	0.0186749
1587	7386	0.0248635
1568	7386	0.0248635
3317	7387	0.0290287
1571	7387	0.0290287
7387	7388	0.0179456
2003	7388	0.0179456
1585	7389	0.0312707
4332	7389	0.0312707
4088	7390	0.0310453
7389	7390	0.0310453
2193	7391	0.289002
1664	7391	0.289002
1682	7392	0.0685209
2780	7392	0.0685209
2141	7393	0.0621796
1992	7393	0.0621796
7393	7394	0.0199215
3262	7394	0.0199215
3534	7395	0.0623627
2007	7395	0.0623627
7395	7396	0.0561472
4016	7396	0.0561472
3211	7397	0.0192854
2860	7397	0.0192854
7397	7398	0.0182295
2386	7398	0.0182295
4238	7399	0.0168616
2998	7399	0.0168616
3572	7400	0.0398197
1771	7400	0.0398197
3932	7401	0.0315416
3931	7401	0.0315416
3279	7402	0.0427644
1766	7402	0.0427644
2136	7403	0.0299456
1768	7403	0.0299456
1797	7404	0.0940802
3690	7404	0.0940802
4081	7405	0.100257
4234	7405	0.100257
2087	7406	0.023855
3488	7406	0.023855
1899	7407	0.0790201
4210	7407	0.0790201
4274	7408	0.0750922
7407	7408	0.0750922
4643	7409	0.0971171
1918	7409	0.0971171
4246	7410	0.0211761
3443	7410	0.0211761
4381	7411	0.0997385
1946	7411	0.0997385
3983	7412	0.073225
7411	7412	0.073225
7412	7413	0.0169965
3053	7413	0.0169965
3018	7414	0.0599607
4447	7414	0.0599607
2773	7415	0.208577
2053	7415	0.208577
4184	7416	0.0176122
2076	7416	0.0176122
3033	7417	0.243282
2176	7417	0.243282
2224	7418	0.266112
2937	7418	0.266112
5014	7419	0.050253
7418	7419	0.050253
3379	7420	0.0190774
3467	7420	0.0190774
3948	7421	0.0719776
2221	7421	0.0719776
2587	7422	0.0613507
2898	7422	0.0613507
2963	7423	0.0679623
3664	7423	0.0679623
4493	7424	0.0380063
3673	7424	0.0380063
3241	7425	0.0721956
2294	7425	0.0721956
2447	7426	0.0823943
2304	7426	0.0823943
2965	7427	0.105553
2343	7427	0.105553
2357	7428	0.230523
3148	7428	0.230523
7428	7429	0.0227901
4176	7429	0.0227901
4142	7430	0.028664
4399	7430	0.028664
7430	7431	0.0210504
2369	7431	0.0210504
2383	7432	0.0194099
4544	7432	0.0194099
2436	7433	0.0540286
2490	7433	0.0540286
4006	7434	0.199449
2697	7434	0.199449
7434	7435	0.100647
4317	7435	0.100647
4514	7436	0.116565
2722	7436	0.116565
3264	7437	0.0723043
2939	7437	0.0723043
4865	7438	0.113164
3019	7438	0.113164
3185	7439	0.103221
3848	7439	0.103221
4026	7440	0.0265238
3233	7440	0.0265238
3299	7441	0.166418
4704	7441	0.166418
4623	7442	0.018834
3357	7442	0.018834
4773	7442	0.018834
3410	7443	0.101566
4392	7443	0.101566
3518	7444	0.146257
3538	7444	0.146257
4723	7444	0.146257
4057	7445	0.433872
3566	7445	0.433872
3670	7446	0.0842587
3851	7446	0.0842587
4830	7447	0.0256087
4622	7447	0.0256087
4792	7448	0.0239207
4901	7448	0.0239207
4805	7449	0.0343534
4812	7449	0.0343534
4934	7450	0.025095
4928	7450	0.025095
2432	7451	0.00914571
5058	7451	0.00914571
3753	7452	0.0111397
5108	7452	0.0111397
5069	7453	0.00918091
7260	7453	0.00918091
3384	7454	0.0131002
4316	7454	0.0131002
2025	7455	0.0133295
2098	7455	0.0133295
7455	7456	0.0109895
3065	7456	0.0109895
7456	7457	0.00746731
5011	7457	0.00746731
3884	7458	0.00692277
709	7458	0.00692277
2669	7459	0.0166779
3070	7459	0.0166779
7441	7460	0.0100012
1932	7460	0.0100012
4795	7461	0.00835526
3502	7461	0.00835526
3748	7462	0.0089227
3236	7462	0.0089227
3497	7463	0.0144121
2366	7463	0.0144121
2565	7464	0.00997732
5129	7464	0.00997732
5166	7465	0.00763322
1105	7465	0.00763322
768	7466	0.0158829
2941	7466	0.0158829
528	7467	0.00872611
7299	7467	0.00872611
3944	7468	0.0113641
4330	7468	0.0113641
800	7469	0.0140286
3132	7469	0.0140286
4967	7470	0.00674248
476	7470	0.00674248
3285	7471	0.0154781
4410	7471	0.0154781
2036	7472	0.0142158
3199	7472	0.0142158
2646	7473	0.00756807
3623	7473	0.00756807
4059	7474	0.0131662
1046	7474	0.0131662
1618	7475	0.0119153
7212	7475	0.0119153
5130	7476	0.0115217
5131	7476	0.0115217
7268	7477	0.0153562
3269	7477	0.0153562
7477	7478	0.0139473
2631	7478	0.0139473
7478	7479	0.0138208
827	7479	0.0138208
4948	7480	0.0121212
7479	7480	0.0121212
2626	7481	0.0108404
7480	7481	0.0108404
2093	7482	0.0163693
1605	7482	0.0163693
4260	7483	0.0113919
7482	7483	0.0113919
7316	7484	0.0117912
2640	7484	0.0117912
3052	7485	0.0168161
7235	7485	0.0168161
2358	7486	0.0127069
7485	7486	0.0127069
2105	7487	0.0107348
7276	7487	0.0107348
1390	7488	0.0147152
2310	7488	0.0147152
1038	7489	0.0149356
426	7489	0.0149356
4275	7490	0.0124814
1189	7490	0.0124814
7382	7491	0.0115241
508	7491	0.0115241
1172	7492	0.0137102
2473	7492	0.0137102
5165	7493	0.0164743
4842	7493	0.0164743
7333	7494	0.0152543
7493	7494	0.0152543
5164	7495	0.0133315
3779	7495	0.0133315
367	7496	0.014205
3587	7496	0.014205
7496	7497	0.0142013
548	7497	0.0142013
7204	7498	0.0140389
1134	7498	0.0140389
5192	7499	0.0151863
2345	7499	0.0151863
5132	7500	0.0161897
1190	7500	0.0161897
3769	7501	0.0164644
5153	7501	0.0164644
6977	7502	0.0168366
758	7502	0.0168366
7502	7503	0.0168169
7092	7503	0.0168169
7503	7504	0.0167897
1241	7504	0.0167897
2351	7505	0.0167348
7504	7505	0.0167348
7505	7506	0.0167073
3016	7506	0.0167073
7506	7507	0.0166559
605	7507	0.0166559
7385	7507	0.0166559
1418	7508	0.0166536
7507	7508	0.0166536
7508	7509	0.0166465
7448	7509	0.0166465
7509	7510	0.0166407
1610	7510	0.0166407
7510	7511	0.0166301
3836	7511	0.0166301
2818	7512	0.0166226
7511	7512	0.0166226
1484	7513	0.0166178
7512	7513	0.0166178
2968	7514	0.0166149
7513	7514	0.0166149
4445	7515	0.0166101
7514	7515	0.0166101
5110	7516	0.0166033
5125	7516	0.0166033
7515	7516	0.0166033
817	7516	0.0166033
2377	7517	0.0166005
7516	7517	0.0166005
7517	7518	0.0165986
1515	7518	0.0165986
7518	7519	0.016569
4362	7519	0.016569
7155	7520	0.0166144
199	7520	0.0166144
4358	7521	0.0165148
1469	7521	0.0165148
1696	7522	0.0165459
7519	7522	0.0165459
511	7523	0.0165456
2009	7523	0.0165456
4133	7523	0.0165456
7522	7523	0.0165456
5168	7524	0.0165148
7523	7524	0.0165148
7524	7525	0.0164932
3349	7525	0.0164932
2133	7526	0.0164758
7525	7526	0.0164758
7526	7527	0.0164699
4174	7527	0.0164699
7521	7528	0.0164626
1875	7528	0.0164626
7527	7528	0.0164626
3179	7528	0.0164626
1884	7528	0.0164626
3728	7528	0.0164626
7054	7528	0.0164626
7528	7529	0.0164381
3761	7529	0.0164381
7529	7530	0.0164298
4542	7530	0.0164298
7530	7531	0.0164232
3945	7531	0.0164232
7531	7532	0.0164195
113	7532	0.0164195
277	7533	0.01639
4279	7533	0.01639
7532	7533	0.01639
4981	7534	0.0163801
7533	7534	0.0163801
7534	7535	0.016347
7520	7535	0.016347
7535	7536	0.0163294
306	7536	0.0163294
7007	7537	0.0167884
7190	7537	0.0167884
7036	7538	0.0164263
4131	7538	0.0164263
1590	7539	0.0165013
3869	7539	0.0165013
7539	7540	0.0163457
3937	7540	0.0163457
7536	7541	0.0163127
812	7541	0.0163127
5193	7542	0.0163106
7541	7542	0.0163106
7542	7543	0.0163049
1530	7543	0.0163049
7540	7543	0.0163049
7543	7544	0.016283
3505	7544	0.016283
7544	7545	0.0162621
7013	7545	0.0162621
7537	7545	0.0162621
7545	7546	0.0162271
6998	7546	0.0162271
7129	7546	0.0162271
7432	7546	0.0162271
2312	7547	0.0162158
7546	7547	0.0162158
7547	7548	0.0162066
1634	7548	0.0162066
5178	7549	0.0162031
7548	7549	0.0162031
5207	7550	0.0162011
7549	7550	0.0162011
7550	7551	0.0161742
7242	7551	0.0161742
7384	7551	0.0161742
5103	7552	0.0161599
7551	7552	0.0161599
1541	7552	0.0161599
7552	7553	0.0161572
163	7553	0.0161572
7553	7554	0.0161373
53	7554	0.0161373
3523	7555	0.0161145
3416	7555	0.0161145
3094	7556	0.0160799
7554	7556	0.0160799
7556	7557	0.0160771
7325	7557	0.0160771
7557	7558	0.0160691
677	7558	0.0160691
7555	7559	0.0160191
7558	7559	0.0160191
3567	7560	0.0160152
7559	7560	0.0160152
4273	7561	0.0160132
7560	7561	0.0160132
7561	7562	0.0160116
2549	7562	0.0160116
7562	7563	0.0160082
3115	7563	0.0160082
7563	7564	0.0160058
3304	7564	0.0160058
7538	7565	0.0160082
3786	7565	0.0160082
7564	7566	0.0159777
7565	7566	0.0159777
2385	7567	0.0159756
7566	7567	0.0159756
6993	7568	0.015974
7567	7568	0.015974
2586	7569	0.0159714
7568	7569	0.0159714
3486	7570	0.0159703
7569	7570	0.0159703
7570	7571	0.0159674
4900	7571	0.0159674
1812	7572	0.0159522
7571	7572	0.0159522
7572	7573	0.0159474
2405	7573	0.0159474
646	7574	0.0159262
7573	7574	0.0159262
701	7575	0.0159148
7574	7575	0.0159148
2404	7576	0.0158969
1257	7576	0.0158969
7575	7576	0.0158969
1212	7577	0.0158872
7576	7577	0.0158872
7060	7578	0.0166445
2073	7578	0.0166445
88	7579	0.0168374
1135	7579	0.0168374
681	7580	0.0163808
1486	7580	0.0163808
7165	7581	0.0161199
3464	7581	0.0161199
3280	7582	0.0166834
3477	7582	0.0166834
7582	7583	0.0162086
1619	7583	0.0162086
7577	7584	0.0158769
2916	7584	0.0158769
7584	7585	0.0158272
5047	7585	0.0158272
1756	7586	0.0158205
7585	7586	0.0158205
3611	7587	0.0158139
7586	7587	0.0158139
7587	7588	0.0158111
734	7588	0.0158111
7588	7589	0.0158062
3090	7589	0.0158062
4455	7589	0.0158062
7589	7590	0.0157977
7579	7590	0.0157977
7590	7591	0.0157786
4828	7591	0.0157786
1352	7592	0.015743
7591	7592	0.015743
7592	7593	0.0157357
7583	7593	0.0157357
7593	7594	0.0157192
1598	7594	0.0157192
7594	7595	0.0156992
145	7595	0.0156992
4457	7596	0.0156784
7595	7596	0.0156784
4341	7597	0.015665
7596	7597	0.015665
4619	7598	0.0156299
7597	7598	0.0156299
4097	7599	0.0156115
7598	7599	0.0156115
7599	7600	0.0155985
439	7600	0.0155985
7600	7601	0.0155934
1312	7601	0.0155934
1977	7601	0.0155934
7601	7602	0.0155888
7580	7602	0.0155888
218	7603	0.0155507
7602	7603	0.0155507
7603	7604	0.0155182
2689	7604	0.0155182
704	7605	0.0155182
7581	7605	0.0155182
7604	7606	0.0155104
7605	7606	0.0155104
2962	7607	0.0155097
7606	7607	0.0155097
7607	7608	0.0155046
2637	7608	0.0155046
7608	7609	0.0154904
2440	7609	0.0154904
106	7610	0.015483
7609	7610	0.015483
7610	7611	0.015477
4349	7611	0.015477
7611	7612	0.0154763
2257	7612	0.0154763
7612	7613	0.0154676
7578	7613	0.0154676
7613	7614	0.0154474
886	7614	0.0154474
2048	7615	0.0154303
7614	7615	0.0154303
7615	7616	0.0154125
4166	7616	0.0154125
7616	7617	0.0153993
1143	7617	0.0153993
7617	7618	0.0153896
79	7618	0.0153896
7618	7619	0.0153748
4155	7619	0.0153748
5003	7620	0.0153695
7619	7620	0.0153695
2126	7620	0.0153695
2478	7621	0.0157375
1407	7621	0.0157375
2114	7622	0.0153655
7620	7622	0.0153655
7622	7623	0.0153649
3959	7623	0.0153649
5139	7624	0.0153599
7623	7624	0.0153599
5167	7625	0.0153568
7624	7625	0.0153568
7625	7626	0.0153519
2071	7626	0.0153519
7315	7627	0.0153505
7626	7627	0.0153505
7627	7628	0.0153448
7273	7628	0.0153448
2319	7629	0.0153281
7628	7629	0.0153281
2264	7630	0.0153234
7629	7630	0.0153234
7630	7631	0.0152996
3154	7631	0.0152996
254	7632	0.0152928
7631	7632	0.0152928
7500	7633	0.0152911
7632	7633	0.0152911
7633	7634	0.0152865
3077	7634	0.0152865
7634	7635	0.0152773
7105	7635	0.0152773
7635	7636	0.015268
7174	7636	0.015268
2840	7636	0.015268
3940	7636	0.015268
7636	7637	0.0152587
3888	7637	0.0152587
7501	7638	0.0152561
7637	7638	0.0152561
317	7638	0.0152561
3189	7639	0.0152425
7638	7639	0.0152425
4993	7640	0.0153313
3478	7640	0.0153313
7639	7641	0.0152283
7200	7641	0.0152283
3868	7642	0.0152081
7641	7642	0.0152081
3491	7643	0.0151845
7642	7643	0.0151845
7189	7644	0.0151768
7643	7644	0.0151768
7644	7645	0.0151744
75	7645	0.0151744
7645	7646	0.0151696
3169	7646	0.0151696
2337	7647	0.0151404
7646	7647	0.0151404
4171	7648	0.0151339
7647	7648	0.0151339
5084	7649	0.0151301
7648	7649	0.0151301
5158	7650	0.0151006
7649	7650	0.0151006
7650	7651	0.0150949
4102	7651	0.0150949
7651	7652	0.0150615
7640	7652	0.0150615
7135	7653	0.0150492
7652	7653	0.0150492
7653	7654	0.0150472
294	7654	0.0150472
4807	7655	0.0150379
7654	7655	0.0150379
7655	7656	0.0150157
7621	7656	0.0150157
7656	7657	0.0150041
352	7657	0.0150041
131	7658	0.0150024
7657	7658	0.0150024
3202	7659	0.0149888
7658	7659	0.0149888
7088	7660	0.0166728
1328	7660	0.0166728
7660	7661	0.0164919
3198	7661	0.0164919
7661	7662	0.0160827
2147	7662	0.0160827
7662	7663	0.0154896
421	7663	0.0154896
7663	7664	0.0154125
2266	7664	0.0154125
7123	7665	0.0162078
7159	7665	0.0162078
3981	7666	0.0159714
1782	7666	0.0159714
7169	7667	0.015467
321	7667	0.015467
7177	7668	0.0168161
282	7668	0.0168161
3526	7669	0.0167949
603	7669	0.0167949
7211	7670	0.0159041
358	7670	0.0159041
7258	7671	0.0165751
4154	7671	0.0165751
7671	7672	0.0157614
1491	7672	0.0157614
1453	7673	0.0154578
4716	7673	0.0154578
1569	7674	0.0152963
1378	7674	0.0152963
7673	7675	0.015241
7674	7675	0.015241
2081	7676	0.0152365
7675	7676	0.0152365
1864	7677	0.0153533
552	7677	0.0153533
4190	7678	0.0166758
7353	7678	0.0166758
7678	7679	0.0156888
3495	7679	0.0156888
4502	7680	0.0160525
1776	7680	0.0160525
2528	7681	0.0166714
2921	7681	0.0166714
3544	7682	0.0159566
3560	7682	0.0159566
2983	7683	0.0153519
3003	7683	0.0153519
7683	7684	0.0151211
7682	7684	0.0151211
2482	7685	0.0149777
7109	7685	0.0149777
7659	7686	0.0149865
3073	7686	0.0149865
7670	7686	0.0149865
5077	7687	0.0149496
7686	7687	0.0149496
2112	7688	0.0149299
7687	7688	0.0149299
1979	7689	0.0149248
7688	7689	0.0149248
1523	7689	0.0149248
7689	7690	0.0149132
3128	7690	0.0149132
3246	7691	0.0148859
7690	7691	0.0148859
5170	7692	0.0148571
1129	7692	0.0148571
7691	7692	0.0148571
1989	7693	0.0148531
2182	7693	0.0148531
7692	7693	0.0148531
5196	7694	0.0148465
7693	7694	0.0148465
5145	7695	0.014828
7694	7695	0.014828
1520	7696	0.0148258
7695	7696	0.0148258
7696	7697	0.014791
1640	7697	0.014791
7697	7698	0.0147877
1001	7698	0.0147877
7698	7699	0.0147745
1896	7699	0.0147745
7699	7700	0.0147708
3525	7700	0.0147708
7700	7701	0.0147679
775	7701	0.0147679
5083	7702	0.0147625
7701	7702	0.0147625
7702	7703	0.014759
7679	7703	0.014759
7703	7704	0.0147488
7666	7704	0.0147488
7356	7705	0.0149733
1175	7705	0.0149733
7704	7706	0.014746
378	7706	0.014746
1660	7707	0.0147391
7706	7707	0.0147391
7029	7708	0.0147114
7707	7708	0.0147114
7708	7709	0.0147054
7705	7709	0.0147054
4655	7710	0.0147029
2241	7710	0.0147029
7709	7710	0.0147029
3844	7710	0.0147029
7710	7711	0.0146953
7684	7711	0.0146953
4599	7712	0.014676
7711	7712	0.014676
2350	7713	0.0146692
2449	7713	0.0146692
7712	7713	0.0146692
7713	7714	0.0146592
3926	7714	0.0146592
7714	7715	0.0146553
351	7715	0.0146553
7499	7716	0.0146396
7715	7716	0.0146396
2795	7716	0.0146396
7716	7717	0.0146035
2664	7717	0.0146035
5135	7718	0.0145999
7717	7718	0.0145999
5159	7719	0.0145959
7718	7719	0.0145959
300	7720	0.0145709
7719	7720	0.0145709
7720	7721	0.0145502
1744	7721	0.0145502
7721	7722	0.0145397
4353	7722	0.0145397
5202	7723	0.014533
7722	7723	0.014533
7723	7724	0.0145303
7076	7724	0.0145303
4470	7724	0.0145303
7724	7725	0.0145243
4656	7725	0.0145243
7725	7726	0.0145228
4350	7726	0.0145228
7148	7727	0.0145166
7726	7727	0.0145166
2138	7728	0.0145151
7727	7728	0.0145151
7685	7729	0.0144596
7112	7729	0.0144596
7728	7729	0.0144596
2686	7729	0.0144596
1090	7729	0.0144596
7729	7730	0.0144471
2842	7730	0.0144471
7730	7731	0.0144429
1632	7731	0.0144429
7731	7732	0.0144309
2988	7732	0.0144309
7732	7733	0.0144092
4577	7733	0.0144092
7733	7734	0.0143988
4700	7734	0.0143988
7196	7735	0.0143958
7734	7735	0.0143958
2930	7736	0.0143862
7735	7736	0.0143862
5204	7737	0.0143822
7736	7737	0.0143822
7737	7738	0.0143757
7156	7738	0.0143757
2192	7739	0.0143675
7738	7739	0.0143675
5142	7740	0.0143661
7739	7740	0.0143661
2282	7741	0.0143625
7740	7741	0.0143625
7741	7742	0.0143515
2827	7742	0.0143515
7742	7743	0.0143363
1813	7743	0.0143363
7743	7744	0.0143271
2561	7744	0.0143271
7744	7745	0.0143232
7665	7745	0.0143232
7745	7746	0.0143104
7093	7746	0.0143104
7746	7747	0.0143091
2039	7747	0.0143091
204	7748	0.0142897
7747	7748	0.0142897
7748	7749	0.0142785
4501	7749	0.0142785
7749	7750	0.014266
4675	7750	0.014266
7750	7751	0.0142625
104	7751	0.0142625
7751	7752	0.0142461
1849	7752	0.0142461
1456	7752	0.0142461
7752	7753	0.0142385
2288	7753	0.0142385
839	7754	0.0142341
7753	7754	0.0142341
5175	7755	0.0142165
7754	7755	0.0142165
4373	7756	0.0142089
7755	7756	0.0142089
4794	7756	0.0142089
7756	7757	0.0142023
1656	7757	0.0142023
7757	7758	0.0142013
4918	7758	0.0142013
2597	7759	0.0141966
7758	7759	0.0141966
464	7760	0.0141906
7759	7760	0.0141906
5065	7761	0.014182
7760	7761	0.014182
7761	7762	0.0141708
1888	7762	0.0141708
3217	7763	0.0141355
7762	7763	0.0141355
7763	7764	0.0141136
3108	7764	0.0141136
526	7765	0.0148914
7664	7765	0.0148914
7061	7766	0.0149585
3881	7766	0.0149585
315	7767	0.0143416
2902	7767	0.0143416
7188	7768	0.0145912
1450	7768	0.0145912
2908	7769	0.0142832
7768	7769	0.0142832
7243	7770	0.0149062
441	7770	0.0149062
7672	7771	0.0147464
3462	7771	0.0147464
7676	7772	0.0148603
7677	7772	0.0148603
2197	7773	0.014528
7772	7773	0.014528
7773	7774	0.0145236
659	7774	0.0145236
7396	7775	0.0142061
2261	7775	0.0142061
7764	7776	0.0140934
2326	7776	0.0140934
7776	7777	0.0140905
1944	7777	0.0140905
7777	7778	0.0140752
4824	7778	0.0140752
7778	7779	0.0140265
1100	7779	0.0140265
7779	7780	0.0140173
7770	7780	0.0140173
7780	7781	0.0140078
3398	7781	0.0140078
1800	7782	0.0139648
7781	7782	0.0139648
7782	7783	0.0139597
1869	7783	0.0139597
385	7784	0.0139562
7783	7784	0.0139562
2011	7785	0.0139552
7784	7785	0.0139552
7785	7786	0.0139503
7769	7786	0.0139503
7342	7787	0.0139454
3607	7787	0.0139454
7786	7787	0.0139454
72	7788	0.0139435
7787	7788	0.0139435
1934	7789	0.0139419
7788	7789	0.0139419
7789	7790	0.0139314
5052	7790	0.0139314
1234	7790	0.0139314
1751	7791	0.0139283
7790	7791	0.0139283
7183	7792	0.0139237
7791	7792	0.0139237
1089	7793	0.0139179
7792	7793	0.0139179
1939	7794	0.0139654
252	7794	0.0139654
374	7795	0.0139398
698	7795	0.0139398
7793	7796	0.0139113
7681	7796	0.0139113
2175	7797	0.0138904
7796	7797	0.0138904
7797	7798	0.0138827
7775	7798	0.0138827
7798	7799	0.0138719
387	7799	0.0138719
7350	7800	0.0138492
7799	7800	0.0138492
7668	7800	0.0138492
2056	7801	0.013847
7800	7801	0.013847
5195	7802	0.0138379
7801	7802	0.0138379
2688	7803	0.0138156
7802	7803	0.0138156
7803	7804	0.0138057
7795	7804	0.0138057
7804	7805	0.0137785
1968	7805	0.0137785
2564	7805	0.0137785
7805	7806	0.0137736
2194	7806	0.0137736
7806	7807	0.0137377
7680	7807	0.0137377
7025	7808	0.013733
7807	7808	0.013733
7808	7809	0.0137271
2896	7809	0.0137271
7809	7810	0.0137186
7667	7810	0.0137186
7794	7810	0.0137186
3084	7811	0.0137091
7810	7811	0.0137091
7811	7812	0.0136984
2303	7812	0.0136984
7812	7813	0.0136806
4377	7813	0.0136806
7108	7814	0.0136737
7813	7814	0.0136737
531	7815	0.0140208
2029	7815	0.0140208
2077	7816	0.0138571
7774	7816	0.0138571
840	7817	0.013687
2670	7817	0.013687
7814	7818	0.0136474
2839	7818	0.0136474
2764	7819	0.0136366
7818	7819	0.0136366
7819	7820	0.0136157
4561	7820	0.0136157
6983	7821	0.0135992
7820	7821	0.0135992
7239	7822	0.0135987
7821	7822	0.0135987
7822	7823	0.0135924
310	7823	0.0135924
7823	7824	0.0135908
2660	7824	0.0135908
7824	7825	0.0135806
4206	7825	0.0135806
4692	7826	0.0135613
7825	7826	0.0135613
7826	7827	0.0135249
4888	7827	0.0135249
7827	7828	0.013509
7360	7828	0.013509
1663	7828	0.013509
7828	7829	0.0135069
1334	7829	0.0135069
7829	7830	0.0134925
154	7830	0.0134925
7830	7831	0.0134888
7765	7831	0.0134888
7831	7832	0.0134781
7766	7832	0.0134781
7832	7833	0.0134462
3610	7833	0.0134462
7833	7834	0.0134411
2859	7834	0.0134411
7834	7835	0.0134133
7815	7835	0.0134133
7835	7836	0.0134115
7388	7836	0.0134115
7836	7837	0.0134094
407	7837	0.0134094
7837	7838	0.013405
7669	7838	0.013405
289	7838	0.013405
2782	7839	0.0133743
7838	7839	0.0133743
7839	7840	0.0133677
7394	7840	0.0133677
7840	7841	0.0133628
7402	7841	0.0133628
765	7842	0.0133616
7841	7842	0.0133616
7842	7843	0.0133555
99	7843	0.0133555
7248	7843	0.0133555
4137	7843	0.0133555
7816	7843	0.0133555
7843	7844	0.0133505
3883	7844	0.0133505
7051	7845	0.0133419
7844	7845	0.0133419
7845	7846	0.0133342
2371	7846	0.0133342
1209	7847	0.0133334
7846	7847	0.0133334
6979	7848	0.0133266
7847	7848	0.0133266
7848	7849	0.0133197
4282	7849	0.0133197
1480	7849	0.0133197
1006	7850	0.0133076
7849	7850	0.0133076
5161	7851	0.0132932
7850	7851	0.0132932
7295	7852	0.0132843
7851	7852	0.0132843
7852	7853	0.0132801
4921	7853	0.0132801
7853	7854	0.0132749
7817	7854	0.0132749
3802	7855	0.0132693
7854	7855	0.0132693
7855	7856	0.0132503
7771	7856	0.0132503
7856	7857	0.0132464
7767	7857	0.0132464
7303	7858	0.0146255
1070	7858	0.0146255
7858	7859	0.0138057
702	7859	0.0138057
1937	7860	0.0151628
85	7860	0.0151628
7068	7861	0.0133409
1088	7861	0.0133409
7152	7862	0.0139932
2979	7862	0.0139932
4673	7863	0.0153706
233	7863	0.0153706
2263	7864	0.0148071
1459	7864	0.0148071
7236	7865	0.0133437
1059	7865	0.0133437
7279	7866	0.0156679
1385	7866	0.0156679
594	7867	0.016271
4778	7867	0.016271
7283	7868	0.0163736
3435	7868	0.0163736
7868	7869	0.0138578
2481	7869	0.0138578
1988	7870	0.0136834
842	7870	0.0136834
7870	7871	0.0136216
2511	7871	0.0136216
2391	7872	0.0162488
2910	7872	0.0162488
1563	7873	0.0137208
1316	7873	0.0137208
4875	7874	0.013552
4920	7874	0.013552
7426	7875	0.0131291
7221	7875	0.0131291
5067	7876	0.0125401
5136	7876	0.0125401
4679	7877	0.0132173
7857	7877	0.0132173
7877	7878	0.0132141
2324	7878	0.0132141
7878	7879	0.0132103
7320	7879	0.0132103
862	7879	0.0132103
7125	7880	0.0132084
7879	7880	0.0132084
7880	7881	0.0132068
900	7881	0.0132068
7881	7882	0.0131979
2148	7882	0.0131979
7090	7883	0.0131881
7882	7883	0.0131881
7883	7884	0.0131836
4815	7884	0.0131836
7884	7885	0.013177
7865	7885	0.013177
7885	7886	0.0131348
2480	7886	0.0131348
5126	7887	0.0131248
7354	7887	0.0131248
3695	7887	0.0131248
7886	7887	0.0131248
7887	7888	0.0131187
2103	7888	0.0131187
7888	7889	0.0131159
1340	7889	0.0131159
7889	7890	0.0131111
2615	7890	0.0131111
7890	7891	0.0131073
2539	7891	0.0131073
665	7892	0.0131093
1305	7892	0.0131093
7891	7893	0.0131025
7871	7893	0.0131025
7892	7893	0.0131025
7893	7894	0.0130958
1848	7894	0.0130958
7894	7895	0.0130832
2947	7895	0.0130832
3333	7896	0.0130822
4049	7896	0.0130822
7895	7896	0.0130822
7896	7897	0.0130597
3139	7897	0.0130597
7317	7898	0.013052
7897	7898	0.013052
7898	7899	0.0130463
4736	7899	0.0130463
7293	7900	0.0130426
7899	7900	0.0130426
7900	7901	0.0130384
4886	7901	0.0130384
752	7902	0.0130369
7494	7902	0.0130369
7901	7902	0.0130369
1370	7902	0.0130369
7902	7903	0.0130195
3045	7903	0.0130195
7903	7904	0.0130159
4525	7904	0.0130159
4964	7905	0.0130151
7904	7905	0.0130151
2657	7906	0.0130118
7905	7906	0.0130118
175	7907	0.0130059
7906	7907	0.0130059
3501	7908	0.0129947
7907	7908	0.0129947
7908	7909	0.0129747
48	7909	0.0129747
7495	7910	0.0129669
7909	7910	0.0129669
3180	7911	0.0129661
7910	7911	0.0129661
7911	7912	0.0129632
3604	7912	0.0129632
450	7912	0.0129632
7912	7913	0.0129605
66	7913	0.0129605
7492	7914	0.0129412
7913	7914	0.0129412
7914	7915	0.0129375
2486	7915	0.0129375
7915	7916	0.0129214
671	7916	0.0129214
7916	7917	0.0128888
7872	7917	0.0128888
7917	7918	0.0128821
4149	7918	0.0128821
7918	7919	0.0128762
480	7919	0.0128762
7919	7920	0.012861
4864	7920	0.012861
7920	7921	0.0128326
193	7921	0.0128326
7921	7922	0.0128192
4024	7922	0.0128192
4124	7922	0.0128192
5010	7922	0.0128192
2644	7923	0.0127983
7922	7923	0.0127983
3955	7924	0.0127943
7923	7924	0.0127943
4380	7925	0.0127867
7924	7925	0.0127867
7925	7926	0.0127819
433	7926	0.0127819
7926	7927	0.0127714
7002	7927	0.0127714
7290	7928	0.0127658
7927	7928	0.0127658
7928	7929	0.0127525
516	7929	0.0127525
7929	7930	0.0127496
7862	7930	0.0127496
7355	7931	0.0127467
7930	7931	0.0127467
7931	7932	0.0127364
1767	7932	0.0127364
7932	7933	0.0127038
330	7933	0.0127038
2906	7934	0.0126981
7933	7934	0.0126981
7001	7935	0.0126926
7934	7935	0.0126926
7935	7936	0.0126838
7442	7936	0.0126838
5090	7937	0.0126655
7498	7937	0.0126655
7936	7937	0.0126655
2396	7938	0.0128803
3816	7938	0.0128803
7069	7939	0.0126636
7937	7939	0.0126636
3561	7940	0.0126295
7939	7940	0.0126295
7940	7941	0.0126266
4586	7941	0.0126266
7941	7942	0.0126171
2723	7942	0.0126171
27	7943	0.012602
7942	7943	0.012602
7943	7944	0.0125833
206	7944	0.0125833
7944	7945	0.0125408
7938	7945	0.0125408
7945	7946	0.0125401
7863	7946	0.0125401
2772	7947	0.0125238
7946	7947	0.0125238
2757	7948	0.012514
7947	7948	0.012514
7948	7949	0.0125036
3173	7949	0.0125036
7949	7950	0.0124921
857	7950	0.0124921
7950	7951	0.0124837
2831	7951	0.0124837
1217	7952	0.0124814
7951	7952	0.0124814
7952	7953	0.0124623
4018	7953	0.0124623
1033	7954	0.0124511
7953	7954	0.0124511
5051	7955	0.0124398
7954	7955	0.0124398
7955	7956	0.0124377
7861	7956	0.0124377
5160	7957	0.0124359
7956	7957	0.0124359
3606	7958	0.0124271
7957	7958	0.0124271
7958	7959	0.0124253
7873	7959	0.0124253
2236	7960	0.0128116
1410	7960	0.0128116
7960	7961	0.0125723
2866	7961	0.0125723
4687	7962	0.0126365
314	7962	0.0126365
7398	7963	0.0131358
2499	7963	0.0131358
2129	7964	0.0126732
3584	7964	0.0126732
337	7965	0.0124187
7959	7965	0.0124187
7965	7966	0.0123977
2091	7966	0.0123977
7966	7967	0.0123968
2196	7967	0.0123968
2020	7968	0.0123959
7967	7968	0.0123959
7351	7969	0.012383
7968	7969	0.012383
7969	7970	0.0123816
4741	7970	0.0123816
5089	7971	0.0123769
5143	7971	0.0123769
7970	7971	0.0123769
7119	7972	0.0123721
7971	7972	0.0123721
5173	7973	0.0123715
7972	7973	0.0123715
2867	7974	0.0123549
7973	7974	0.0123549
7974	7975	0.0123406
1679	7975	0.0123406
4753	7976	0.0123396
7975	7976	0.0123396
7976	7977	0.0123386
509	7977	0.0123386
1963	7978	0.0123292
7977	7978	0.0123292
7978	7979	0.0123201
3712	7979	0.0123201
7979	7980	0.0123186
5050	7980	0.0123186
7980	7981	0.0123153
533	7981	0.0123153
3029	7982	0.0123044
7981	7982	0.0123044
2999	7983	0.0122945
7982	7983	0.0122945
2004	7984	0.0122766
7983	7984	0.0122766
7984	7985	0.0122693
3386	7985	0.0122693
7985	7986	0.0122679
1192	7986	0.0122679
7986	7987	0.0122545
1621	7987	0.0122545
7987	7988	0.0122509
7964	7988	0.0122509
7988	7989	0.0122493
746	7989	0.0122493
7328	7990	0.0122441
7989	7990	0.0122441
7990	7991	0.0122339
2522	7991	0.0122339
7866	7992	0.0122452
2665	7992	0.0122452
1505	7993	0.0122168
7991	7993	0.0122168
7993	7994	0.0122082
235	7994	0.0122082
1761	7995	0.0121967
7994	7995	0.0121967
7876	7996	0.0121831
7995	7996	0.0121831
7996	7997	0.012181
7992	7997	0.012181
588	7997	0.012181
2267	7998	0.0121671
7997	7998	0.0121671
7998	7999	0.0121489
4594	7999	0.0121489
7999	8000	0.0121401
3050	8000	0.0121401
8000	8001	0.0121348
7000	8001	0.0121348
3974	8001	0.0121348
208	8002	0.0121322
8001	8002	0.0121322
3215	8003	0.0121321
8002	8003	0.0121321
7497	8004	0.0121289
8003	8004	0.0121289
123	8004	0.0121289
2022	8004	0.0121289
1971	8005	0.0120878
8004	8005	0.0120878
8005	8006	0.0120755
2181	8006	0.0120755
8006	8007	0.0120516
7874	8007	0.0120516
4072	8008	0.0120448
8007	8008	0.0120448
8008	8009	0.0120419
3397	8009	0.0120419
7961	8010	0.0121212
1705	8010	0.0121212
2779	8011	0.0120878
4071	8011	0.0120878
8009	8012	0.0120377
1270	8012	0.0120377
8012	8013	0.0120298
12	8013	0.0120298
1281	8013	0.0120298
8013	8014	0.0120259
2550	8014	0.0120259
8014	8015	0.0119846
2455	8015	0.0119846
890	8015	0.0119846
1079	8015	0.0119846
8010	8016	0.0120191
7962	8016	0.0120191
8015	8017	0.0119754
8016	8017	0.0119754
8011	8017	0.0119754
3880	8018	0.0119672
8017	8018	0.0119672
8018	8019	0.0119657
4978	8019	0.0119657
8019	8020	0.0119132
1859	8020	0.0119132
8020	8021	0.011901
390	8021	0.011901
2375	8021	0.011901
7281	8021	0.011901
3412	8021	0.011901
7867	8021	0.011901
4198	8022	0.0118971
8021	8022	0.0118971
5088	8023	0.0118791
8022	8023	0.0118791
8023	8024	0.0118773
7963	8024	0.0118773
8024	8025	0.0118745
654	8025	0.0118745
7309	8025	0.0118745
7124	8026	0.0118656
8025	8026	0.0118656
3494	8027	0.0118504
8026	8027	0.0118504
8027	8028	0.0118186
1777	8028	0.0118186
7864	8029	0.0118548
2953	8029	0.0118548
8028	8030	0.0118074
4969	8030	0.0118074
8030	8031	0.0117837
896	8031	0.0117837
8031	8032	0.0117816
1986	8032	0.0117816
8032	8033	0.0117797
1714	8033	0.0117797
8033	8034	0.0117709
2760	8034	0.0117709
8034	8035	0.0117588
4482	8035	0.0117588
8035	8036	0.0117501
8029	8036	0.0117501
2382	8037	0.0117444
8036	8037	0.0117444
4101	8037	0.0117444
7859	8038	0.013155
2095	8038	0.013155
223	8039	0.0130311
523	8039	0.0130311
7869	8040	0.0128365
1322	8040	0.0128365
2960	8041	0.0127839
8040	8041	0.0127839
8041	8042	0.0118607
4914	8042	0.0118607
7349	8043	0.0119015
4140	8043	0.0119015
1335	8044	0.0119716
4233	8044	0.0119716
3441	8045	0.0120878
4893	8045	0.0120878
2479	8046	0.011327
771	8046	0.011327
8037	8047	0.0117414
3219	8047	0.0117414
913	8048	0.0117273
8047	8048	0.0117273
8048	8049	0.0117226
2389	8049	0.0117226
8049	8050	0.0117188
8043	8050	0.0117188
4781	8051	0.0117063
8050	8051	0.0117063
2419	8052	0.011693
8051	8052	0.011693
2104	8053	0.011691
8052	8053	0.011691
8053	8054	0.0116704
969	8054	0.0116704
8054	8055	0.0116618
8042	8055	0.0116618
380	8056	0.0116566
8055	8056	0.0116566
8056	8057	0.011651
1702	8057	0.011651
8057	8058	0.01165
7327	8058	0.01165
4075	8059	0.0116494
8058	8059	0.0116494
8059	8060	0.0116481
816	8060	0.0116481
3136	8061	0.0116349
4011	8061	0.0116349
8060	8061	0.0116349
918	8062	0.011631
8061	8062	0.011631
7357	8063	0.0116255
8062	8063	0.0116255
5066	8064	0.0116216
8063	8064	0.0116216
8038	8065	0.0117407
15	8065	0.0117407
7218	8066	0.0116188
8064	8066	0.0116188
3142	8066	0.0116188
91	8067	0.011613
8066	8067	0.011613
8067	8068	0.0115995
3665	8068	0.0115995
1983	8069	0.0115985
8068	8069	0.0115985
8069	8070	0.011592
2456	8070	0.011592
8070	8071	0.0115603
1177	8071	0.0115603
8071	8072	0.0115564
3305	8072	0.0115564
8072	8073	0.0115557
4755	8073	0.0115557
8073	8074	0.0115546
1436	8074	0.0115546
5194	8075	0.0115368
8074	8075	0.0115368
1531	8075	0.0115368
5072	8076	0.0115347
1302	8076	0.0115347
8075	8076	0.0115347
8076	8077	0.0115202
3141	8077	0.0115202
8077	8078	0.0115175
8065	8078	0.0115175
888	8079	0.0115166
8078	8079	0.0115166
501	8080	0.0115108
8079	8080	0.0115108
18	8081	0.0115052
8080	8081	0.0115052
2629	8082	0.0114823
8081	8082	0.0114823
8082	8083	0.0114764
1627	8083	0.0114764
4060	8084	0.0115355
7860	8084	0.0115355
8083	8085	0.0114695
4507	8085	0.0114695
5151	8086	0.0114631
8085	8086	0.0114631
3056	8086	0.0114631
8086	8087	0.0114607
3656	8087	0.0114607
4508	8088	0.011446
8087	8088	0.011446
8088	8089	0.0114294
3927	8089	0.0114294
8089	8090	0.0114286
1107	8090	0.0114286
1527	8091	0.0114269
8090	8091	0.0114269
8091	8092	0.0114136
8084	8092	0.0114136
567	8093	0.0114012
8092	8093	0.0114012
8093	8094	0.0113919
4043	8094	0.0113919
4139	8095	0.0113641
8094	8095	0.0113641
7126	8096	0.0113571
8095	8096	0.0113571
8096	8097	0.0113505
4258	8097	0.0113505
8097	8098	0.0113406
1471	8098	0.0113406
7414	8099	0.0113083
8098	8099	0.0113083
8099	8100	0.0112981
3758	8100	0.0112981
2650	8101	0.0112933
8100	8101	0.0112933
8101	8102	0.0112909
1025	8102	0.0112909
8102	8103	0.0112724
626	8103	0.0112724
2703	8104	0.0112695
8103	8104	0.0112695
8104	8105	0.0112496
3658	8105	0.0112496
4869	8106	0.0112467
8105	8106	0.0112467
8106	8107	0.0112315
2955	8107	0.0112315
2063	8108	0.0112238
8107	8108	0.0112238
7222	8109	0.0112095
8108	8109	0.0112095
8109	8110	0.0112057
3975	8110	0.0112057
3448	8111	0.0111828
8110	8111	0.0111828
3022	8112	0.0111658
8111	8112	0.0111658
3254	8113	0.011161
8112	8113	0.011161
4936	8114	0.0111597
8113	8114	0.0111597
3336	8115	0.0111533
8114	8115	0.0111533
8115	8116	0.0111239
1195	8116	0.0111239
3885	8117	0.0111197
8116	8117	0.0111197
8117	8118	0.0111182
2905	8118	0.0111182
8118	8119	0.0111149
3798	8119	0.0111149
7324	8120	0.0111113
8119	8120	0.0111113
8120	8121	0.0111037
1120	8121	0.0111037
8121	8122	0.0110998
1793	8122	0.0110998
2330	8123	0.0110816
8122	8123	0.0110816
8123	8124	0.0110796
1278	8124	0.0110796
8124	8125	0.0110788
2422	8125	0.0110788
8125	8126	0.01107
928	8126	0.01107
8126	8127	0.0110626
1330	8127	0.0110626
8127	8128	0.011036
1236	8128	0.011036
8128	8129	0.0110244
8039	8129	0.0110244
8129	8130	0.0110102
355	8130	0.0110102
8130	8131	0.0110037
473	8131	0.0110037
8131	8132	0.0109977
2150	8132	0.0109977
8132	8133	0.0109626
118	8133	0.0109626
8046	8134	0.0109579
8133	8134	0.0109579
8134	8135	0.0109558
3636	8135	0.0109558
8044	8135	0.0109558
3376	8136	0.0109548
8135	8136	0.0109548
8136	8137	0.0109538
1745	8137	0.0109538
8137	8138	0.0109492
4183	8138	0.0109492
2742	8139	0.0109443
8138	8139	0.0109443
4535	8140	0.0109196
8139	8140	0.0109196
2026	8140	0.0109196
4645	8141	0.0109159
8140	8141	0.0109159
1203	8142	0.0108847
8141	8142	0.0108847
3297	8143	0.0108788
8142	8143	0.0108788
8143	8144	0.0108699
1248	8144	0.0108699
8144	8145	0.010867
1169	8145	0.010867
4930	8146	0.0108636
8145	8146	0.0108636
8146	8147	0.0108613
4862	8147	0.0108613
8147	8148	0.0108519
926	8148	0.0108519
8148	8149	0.0108404
1638	8149	0.0108404
8149	8150	0.0108385
1973	8150	0.0108385
7057	8151	0.0108202
8150	8151	0.0108202
3158	8151	0.0108202
8151	8152	0.0108073
3681	8152	0.0108073
8152	8153	0.0107947
8045	8153	0.0107947
6985	8154	0.0107935
8153	8154	0.0107935
7416	8155	0.0107909
8154	8155	0.0107909
3503	8156	0.0107863
8155	8156	0.0107863
5101	8157	0.0107823
2656	8157	0.0107823
3157	8157	0.0107823
8156	8157	0.0107823
1133	8157	0.0107823
595	8158	0.0107899
652	8158	0.0107899
8157	8159	0.0107814
3954	8159	0.0107814
1960	8159	0.0107814
656	8160	0.010756
8159	8160	0.010756
8160	8161	0.0107498
8158	8161	0.0107498
7284	8162	0.010747
8161	8162	0.010747
8162	8163	0.0107308
4433	8163	0.0107308
8163	8164	0.0107258
2414	8164	0.0107258
8164	8165	0.0107231
7145	8165	0.0107231
8165	8166	0.0107162
708	8166	0.0107162
8166	8167	0.0107147
1841	8167	0.0107147
8167	8168	0.0106905
3837	8168	0.0106905
499	8169	0.0106843
8168	8169	0.0106843
8169	8170	0.0106661
3874	8170	0.0106661
3542	8171	0.0106614
8170	8171	0.0106614
4818	8172	0.0106602
8171	8172	0.0106602
8172	8173	0.0106277
2763	8173	0.0106277
8173	8174	0.0106175
1914	8174	0.0106175
7875	8175	0.0106127
8174	8175	0.0106127
8175	8176	0.0106058
137	8176	0.0106058
5005	8177	0.0106051
8176	8177	0.0106051
3374	8178	0.0106041
8177	8178	0.0106041
3867	8179	0.0106028
8178	8179	0.0106028
4495	8180	0.0105973
8179	8180	0.0105973
8180	8181	0.0105887
1372	8181	0.0105887
5107	8182	0.0105838
3704	8182	0.0105838
8181	8182	0.0105838
8182	8183	0.0105814
3532	8183	0.0105814
1314	8184	0.0105685
8183	8184	0.0105685
8184	8185	0.010564
4570	8185	0.010564
7160	8186	0.0116725
211	8186	0.0116725
1506	8187	0.0144384
1111	8187	0.0144384
8187	8188	0.0135264
4635	8188	0.0135264
8188	8189	0.0107969
1168	8189	0.0107969
1729	8190	0.0153722
7213	8190	0.0153722
8190	8191	0.01534
2997	8191	0.01534
8191	8192	0.0119705
1481	8192	0.0119705
398	8193	0.0112998
3210	8193	0.0112998
2594	8194	0.0138122
429	8194	0.0138122
2474	8195	0.0149937
7225	8195	0.0149937
3147	8196	0.0126743
1289	8196	0.0126743
8196	8197	0.0113564
2707	8197	0.0113564
2996	8197	0.0113564
2347	8198	0.0107935
8197	8198	0.0107935
8198	8199	0.0106595
2393	8199	0.0106595
781	8200	0.0115708
3303	8200	0.0115708
7302	8201	0.0141136
1728	8201	0.0141136
1721	8202	0.0110682
2413	8202	0.0110682
3996	8203	0.0108367
1058	8203	0.0108367
4265	8204	0.0143625
1689	8204	0.0143625
8204	8205	0.0131093
1114	8205	0.0131093
3793	8206	0.0125903
4876	8206	0.0125903
8205	8206	0.0125903
1700	8207	0.0111024
8206	8207	0.0111024
1147	8208	0.0133191
3064	8208	0.0133191
3933	8209	0.0116159
2991	8209	0.0116159
1872	8210	0.0142593
4587	8210	0.0142593
7401	8211	0.0127736
1725	8211	0.0127736
3103	8212	0.0157842
4299	8212	0.0157842
3290	8213	0.0149483
3231	8213	0.0149483
3278	8214	0.0147735
3734	8214	0.0147735
4602	8215	0.0109742
4564	8215	0.0109742
2094	8216	0.00942321
322	8216	0.00942321
3892	8217	0.00985888
7484	8217	0.00985888
981	8218	0.0102358
4492	8218	0.0102358
7318	8219	0.0105078
3788	8219	0.0105078
8200	8220	0.00877757
1358	8220	0.00877757
4947	8221	0.010501
8185	8221	0.010501
7164	8222	0.0104865
8221	8222	0.0104865
2428	8223	0.0104838
8222	8223	0.0104838
8223	8224	0.01048
1691	8224	0.01048
7175	8225	0.0104759
8224	8225	0.0104759
8225	8226	0.010474
607	8226	0.010474
8226	8227	0.0104551
597	8227	0.0104551
2047	8228	0.0104474
8227	8228	0.0104474
8228	8229	0.0104424
4591	8229	0.0104424
8229	8230	0.0104378
342	8230	0.0104378
8230	8231	0.0104322
1019	8231	0.0104322
8231	8232	0.0104314
4309	8232	0.0104314
3662	8233	0.0104153
8232	8233	0.0104153
146	8233	0.0104153
8233	8234	0.0103873
8203	8234	0.0103873
8234	8235	0.0103835
3724	8235	0.0103835
7056	8236	0.010377
8235	8236	0.010377
8236	8237	0.0103645
406	8237	0.0103645
7307	8237	0.0103645
7347	8237	0.0103645
1546	8237	0.0103645
1231	8237	0.0103645
3347	8237	0.0103645
4727	8237	0.0103645
2591	8237	0.0103645
4141	8237	0.0103645
8207	8237	0.0103645
8237	8238	0.0103598
4074	8238	0.0103598
8238	8239	0.0103483
226	8239	0.0103483
8239	8240	0.0103423
7194	8240	0.0103423
8208	8240	0.0103423
5205	8241	0.01033
8240	8241	0.01033
3776	8242	0.010315
8241	8242	0.010315
4207	8243	0.0103111
8242	8243	0.0103111
1349	8244	0.0103084
8243	8244	0.0103084
717	8245	0.0103027
8244	8245	0.0103027
3819	8246	0.0103006
8245	8246	0.0103006
864	8247	0.0102968
8246	8247	0.0102968
384	8248	0.0102942
8247	8248	0.0102942
8248	8249	0.0102807
2125	8249	0.0102807
2287	8250	0.0102549
8249	8250	0.0102549
3120	8251	0.0102528
8250	8251	0.0102528
5095	8252	0.0102481
8251	8252	0.0102481
8252	8253	0.0102345
4729	8253	0.0102345
1967	8254	0.0102319
8253	8254	0.0102319
8254	8255	0.0102301
1208	8255	0.0102301
7228	8256	0.0102283
8255	8256	0.0102283
8256	8257	0.0102272
3134	8257	0.0102272
4169	8257	0.0102272
8257	8258	0.0102261
2790	8258	0.0102261
8258	8259	0.0102232
3613	8259	0.0102232
8259	8260	0.0102147
7367	8260	0.0102147
8260	8261	0.0102128
760	8261	0.0102128
8261	8262	0.0102118
3483	8262	0.0102118
802	8263	0.0102043
8262	8263	0.0102043
8263	8264	0.0102023
1017	8264	0.0102023
8264	8265	0.0101942
3069	8265	0.0101942
8265	8266	0.0101757
3472	8266	0.0101757
2777	8266	0.0101757
8266	8267	0.0101681
2850	8267	0.0101681
3627	8268	0.0101656
8267	8268	0.0101656
3694	8268	0.0101656
1762	8269	0.0101547
8268	8269	0.0101547
7481	8270	0.0101338
8269	8270	0.0101338
8270	8271	0.0101233
982	8271	0.0101233
8271	8272	0.0101083
2340	8272	0.0101083
8272	8273	0.010099
2262	8273	0.010099
7015	8274	0.0100928
8273	8274	0.0100928
8274	8275	0.0100765
2024	8275	0.0100765
2931	8276	0.0100736
8275	8276	0.0100736
8276	8277	0.0100642
3952	8277	0.0100642
7178	8278	0.0100622
8277	8278	0.0100622
8278	8279	0.0100602
7423	8279	0.0100602
1996	8280	0.0100585
4286	8280	0.0100585
8279	8280	0.0100585
32	8281	0.0100574
8280	8281	0.0100574
8281	8282	0.0100517
4369	8282	0.0100517
683	8283	0.0100505
8282	8283	0.0100505
1672	8284	0.0100459
8283	8284	0.0100459
1150	8284	0.0100459
5138	8285	0.0100441
8284	8285	0.0100441
8213	8285	0.0100441
8285	8286	0.0100411
1803	8286	0.0100411
7098	8287	0.0100164
8286	8287	0.0100164
458	8288	0.0100126
8287	8288	0.0100126
3458	8289	0.00998113
8288	8289	0.00998113
2566	8290	0.00997185
8289	8290	0.00997185
7050	8291	0.00996318
8290	8291	0.00996318
8291	8292	0.00996111
2708	8292	0.00996111
1007	8293	0.0099267
8292	8293	0.0099267
3949	8294	0.00992199
8293	8294	0.00992199
2454	8295	0.00991821
8294	8295	0.00991821
299	8296	0.00991442
8295	8296	0.00991442
444	8296	0.00991442
3172	8297	0.00994779
3822	8297	0.00994779
8296	8298	0.00989902
820	8298	0.00989902
8298	8299	0.00989685
8297	8299	0.00989685
8299	8300	0.00989254
3899	8300	0.00989254
619	8301	0.00989132
215	8301	0.00989132
8300	8301	0.00989132
2392	8302	0.00988962
8301	8302	0.00988962
105	8303	0.00996876
3121	8303	0.00996876
8189	8304	0.0103711
4984	8304	0.0103711
8194	8305	0.0100553
1243	8305	0.0100553
1608	8306	0.00997822
525	8306	0.00997822
8201	8307	0.0102043
3030	8307	0.0102043
8302	8308	0.0098867
3801	8308	0.0098867
4042	8309	0.00988295
8308	8309	0.00988295
4192	8310	0.00987906
8309	8310	0.00987906
2170	8311	0.00987712
8310	8311	0.00987712
7146	8312	0.00987505
484	8312	0.00987505
8311	8312	0.00987505
8312	8313	0.0098685
2083	8313	0.0098685
8313	8314	0.00986568
469	8314	0.00986568
8314	8315	0.00985888
135	8315	0.00985888
8195	8315	0.00985888
1311	8315	0.00985888
8315	8316	0.00983528
8306	8316	0.00983528
8316	8317	0.00983043
8214	8317	0.00983043
4839	8317	0.00983043
1433	8318	0.00982934
8317	8318	0.00982934
8318	8319	0.00980734
4610	8319	0.00980734
1477	8320	0.00979795
8319	8320	0.00979795
2868	8321	0.00978965
8320	8321	0.00978965
8321	8322	0.00978472
272	8322	0.00978472
8322	8323	0.009779
2871	8323	0.009779
8323	8324	0.00975701
3496	8324	0.00975701
8324	8325	0.00975607
8304	8325	0.00975607
8325	8326	0.00975511
4937	8326	0.00975511
2061	8327	0.00975032
8326	8327	0.00975032
8327	8328	0.00974352
1669	8328	0.00974352
2064	8329	0.00973986
8328	8329	0.00973986
4111	8330	0.0097189
8329	8330	0.0097189
8330	8331	0.00971766
8193	8331	0.00971766
8331	8332	0.00971414
569	8332	0.00971414
8332	8333	0.00970718
4721	8333	0.00970718
2542	8334	0.00970212
8333	8334	0.00970212
8334	8335	0.00969781
8303	8335	0.00969781
1994	8336	0.00968679
8335	8336	0.00968679
3917	8337	0.00968273
7435	8337	0.00968273
8336	8337	0.00968273
8337	8338	0.00968079
4294	8338	0.00968079
8338	8339	0.00966922
4903	8339	0.00966922
8339	8340	0.00966352
2080	8340	0.00966352
265	8341	0.00966143
8340	8341	0.00966143
8341	8342	0.0096437
535	8342	0.0096437
3713	8343	0.00964135
8342	8343	0.00964135
8343	8344	0.00963614
1024	8344	0.00963614
8344	8345	0.00961968
4717	8345	0.00961968
8345	8346	0.00959571
375	8346	0.00959571
572	8347	0.00958741
2268	8347	0.00958741
2573	8347	0.00958741
4868	8347	0.00958741
8346	8347	0.00958741
819	8348	0.00957954
4747	8348	0.00957954
8347	8348	0.00957954
4709	8349	0.00957872
8348	8349	0.00957872
7205	8350	0.00956187
8349	8350	0.00956187
8350	8351	0.00955215
1742	8351	0.00955215
8351	8352	0.00951758
550	8352	0.00951758
8352	8353	0.009512
4784	8353	0.009512
887	8354	0.00950224
8353	8354	0.00950224
8354	8355	0.00949893
2555	8355	0.00949893
7474	8356	0.00949682
8355	8356	0.00949682
8356	8357	0.00947963
8305	8357	0.00947963
8357	8358	0.00944798
2572	8358	0.00944798
3973	8359	0.00944682
8358	8359	0.00944682
8359	8360	0.00943442
17	8360	0.00943442
3465	8360	0.00943442
3605	8360	0.00943442
7490	8361	0.00941849
8360	8361	0.00941849
4551	8362	0.00941559
8361	8362	0.00941559
8362	8363	0.00941379
2964	8363	0.00941379
8307	8364	0.00955419
2336	8364	0.00955419
8363	8365	0.0094128
8364	8365	0.0094128
8365	8366	0.00941086
4449	8366	0.00941086
4962	8367	0.0093984
8366	8367	0.0093984
7263	8368	0.00939269
8367	8368	0.00939269
8368	8369	0.00938122
4833	8369	0.00938122
127	8370	0.00937354
8369	8370	0.00937354
8370	8371	0.00937252
1362	8371	0.00937252
4247	8372	0.00937178
8371	8372	0.00937178
1953	8373	0.00936989
8372	8373	0.00936989
8373	8374	0.00934804
3742	8374	0.00934804
8374	8375	0.00933719
45	8375	0.00933719
8375	8376	0.00933474
1686	8376	0.00933474
4939	8377	0.00932474
8376	8377	0.00932474
8377	8378	0.00931854
1683	8378	0.00931854
1119	8379	0.00930786
3810	8379	0.00930786
8378	8379	0.00930786
8379	8380	0.00929243
273	8380	0.00929243
8380	8381	0.00927468
4837	8381	0.00927468
8381	8382	0.00926596
1373	8382	0.00926596
1740	8383	0.0100191
2668	8383	0.0100191
682	8384	0.0100775
8199	8384	0.0100775
4682	8385	0.00935283
8384	8385	0.00935283
1562	8386	0.00978837
4518	8386	0.00978837
2677	8387	0.0104885
2569	8387	0.0104885
5023	8388	0.00940039
5018	8388	0.00940039
360	8389	0.00925729
8382	8389	0.00925729
602	8390	0.00925634
8389	8390	0.00925634
2107	8391	0.0092546
8390	8391	0.0092546
8391	8392	0.00923628
348	8392	0.00923628
1507	8392	0.00923628
8387	8392	0.00923628
2612	8392	0.00923628
8392	8393	0.00923534
2602	8393	0.00923534
8393	8394	0.00923446
4012	8394	0.00923446
8394	8395	0.0092211
13	8395	0.0092211
8395	8396	0.00921641
4180	8396	0.00921641
1641	8397	0.00919908
8396	8397	0.00919908
4813	8398	0.00919166
8397	8398	0.00919166
8398	8399	0.00915829
8385	8399	0.00915829
8399	8400	0.00915239
2013	8400	0.00915239
3909	8401	0.00915052
8400	8401	0.00915052
8401	8402	0.00913322
1282	8402	0.00913322
8383	8403	0.00912779
2285	8403	0.00912779
5055	8404	0.00909712
8402	8404	0.00909712
8404	8405	0.00909582
3092	8405	0.00909582
8405	8406	0.0090818
1077	8406	0.0090818
1434	8407	0.00908009
2491	8407	0.00908009
8406	8407	0.00908009
8407	8408	0.00907039
3550	8408	0.00907039
2165	8409	0.00906062
8408	8409	0.00906062
8409	8410	0.00905785
285	8410	0.00905785
8410	8411	0.00903813
319	8411	0.00903813
4003	8412	0.00903225
8411	8412	0.00903225
3270	8412	0.00903225
197	8412	0.00903225
8403	8412	0.00903225
8412	8413	0.0090306
2010	8413	0.0090306
1755	8413	0.0090306
4009	8414	0.00902859
8413	8414	0.00902859
7475	8415	0.00902613
8414	8415	0.00902613
8415	8416	0.00900532
7254	8416	0.00900532
8210	8417	0.00900072
8416	8417	0.00900072
2258	8417	0.00900072
8417	8418	0.00899228
557	8418	0.00899228
8418	8419	0.00898754
4986	8419	0.00898754
8419	8420	0.00898524
1397	8420	0.00898524
8420	8421	0.00898333
2155	8421	0.00898333
8421	8422	0.00897969
3723	8422	0.00897969
4046	8423	0.00897711
3803	8423	0.00897711
8422	8423	0.00897711
8423	8424	0.00897222
4977	8424	0.00897222
4076	8425	0.00896952
8424	8425	0.00896952
7486	8426	0.00896055
8425	8426	0.00896055
1643	8427	0.00896635
8215	8427	0.00896635
643	8428	0.00894939
8426	8428	0.00894939
4611	8429	0.00894555
8428	8429	0.00894555
8427	8429	0.00894555
8429	8430	0.00892848
8388	8430	0.00892848
1327	8431	0.00890267
8430	8431	0.00890267
8431	8432	0.00889292
988	8432	0.00889292
8432	8433	0.00889126
4038	8433	0.00889126
4725	8434	0.00891597
8386	8434	0.00891597
1822	8435	0.00888917
8433	8435	0.00888917
4702	8435	0.00888917
8435	8436	0.00888455
4791	8436	0.00888455
8436	8437	0.00887991
243	8437	0.00887991
8437	8438	0.00887586
1511	8438	0.00887586
2180	8439	0.00886928
8438	8439	0.00886928
8439	8440	0.00886648
3453	8440	0.00886648
4519	8441	0.00886058
8440	8441	0.00886058
7139	8442	0.00885609
8441	8442	0.00885609
1861	8443	0.00885283
8442	8443	0.00885283
8443	8444	0.00882559
811	8444	0.00882559
8444	8445	0.00882434
1595	8445	0.00882434
2639	8445	0.00882434
8445	8446	0.00881478
2825	8446	0.00881478
8446	8447	0.00880634
584	8447	0.00880634
2299	8447	0.00880634
8434	8447	0.00880634
8447	8448	0.00880427
1052	8448	0.00880427
7348	8449	0.00879732
8448	8449	0.00879732
4220	8450	0.0087908
8449	8450	0.0087908
2470	8451	0.0087872
8450	8451	0.0087872
8451	8452	0.00878447
936	8452	0.00878447
8452	8453	0.00878336
823	8453	0.00878336
1856	8454	0.0087738
8453	8454	0.0087738
8454	8455	0.00877202
4810	8455	0.00877202
2681	8456	0.00876814
8455	8456	0.00876814
1319	8456	0.00876814
8456	8457	0.00876692
2514	8457	0.00876692
1338	8458	0.00876545
8457	8458	0.00876545
1854	8459	0.00876058
8458	8459	0.00876058
4578	8460	0.00875354
8459	8460	0.00875354
157	8461	0.00874615
8460	8461	0.00874615
8461	8462	0.00873964
860	8462	0.00873964
8462	8463	0.00873293
159	8463	0.00873293
1488	8464	0.0087272
8463	8464	0.0087272
7241	8465	0.00871373
8464	8465	0.00871373
8465	8466	0.0087109
1706	8466	0.0087109
89	8467	0.00870513
8466	8467	0.00870513
8467	8468	0.00868883
210	8468	0.00868883
5025	8468	0.00868883
7267	8469	0.00868801
7437	8469	0.00868801
8468	8469	0.00868801
8469	8470	0.00867862
2508	8470	0.00867862
334	8471	0.0086711
8470	8471	0.0086711
8471	8472	0.00866811
4360	8472	0.00866811
8472	8473	0.00866129
512	8473	0.00866129
2159	8474	0.00865549
8473	8474	0.00865549
2381	8475	0.00865059
8474	8475	0.00865059
8475	8476	0.00864868
3309	8476	0.00864868
3643	8477	0.00864009
8476	8477	0.00864009
2344	8478	0.00860209
8477	8478	0.00860209
8478	8479	0.00858118
1558	8479	0.00858118
8479	8480	0.00858004
200	8480	0.00858004
4277	8481	0.00857268
8480	8481	0.00857268
8481	8482	0.00857149
3902	8482	0.00857149
2509	8483	0.00856991
8482	8483	0.00856991
924	8484	0.00856586
8483	8484	0.00856586
8484	8485	0.00854676
183	8485	0.00854676
2517	8485	0.00854676
8485	8486	0.00852785
3846	8486	0.00852785
1266	8487	0.00852578
8486	8487	0.00852578
495	8487	0.00852578
7487	8488	0.00851725
8487	8488	0.00851725
2065	8488	0.00851725
8488	8489	0.00851534
4686	8489	0.00851534
3137	8490	0.00851048
8489	8490	0.00851048
8490	8491	0.00850394
3082	8491	0.00850394
8491	8492	0.00847443
3104	8492	0.00847443
8492	8493	0.00847307
138	8493	0.00847307
8493	8494	0.00845145
558	8494	0.00845145
2882	8495	0.00844208
8494	8495	0.00844208
651	8496	0.00843059
8495	8496	0.00843059
8496	8497	0.0084266
568	8497	0.0084266
8497	8498	0.00839735
220	8498	0.00839735
5176	8499	0.0083848
8498	8499	0.0083848
7376	8500	0.00837056
8499	8500	0.00837056
2400	8501	0.00835435
8500	8501	0.00835435
7128	8502	0.00835023
8501	8502	0.00835023
3401	8502	0.00835023
4605	8502	0.00835023
2799	8503	0.00833989
8502	8503	0.00833989
393	8504	0.00946997
3950	8504	0.00946997
8202	8505	0.00871544
2429	8505	0.00871544
8505	8506	0.00839515
1964	8506	0.00839515
7326	8507	0.0085077
8209	8507	0.0085077
3146	8508	0.00925154
1865	8508	0.00925154
4648	8509	0.00879277
4028	8509	0.00879277
8503	8510	0.00833131
1823	8510	0.00833131
1548	8511	0.00831791
8510	8511	0.00831791
8511	8512	0.00831607
8509	8512	0.00831607
3393	8513	0.0083057
8512	8513	0.0083057
8513	8514	0.00829992
4488	8514	0.00829992
7413	8515	0.00829795
8514	8515	0.00829795
8515	8516	0.00826938
3813	8516	0.00826938
4145	8517	0.00825508
8516	8517	0.00825508
4896	8518	0.00824252
1716	8518	0.00824252
3989	8518	0.00824252
8517	8518	0.00824252
7483	8519	0.00823496
144	8519	0.00823496
1369	8519	0.00823496
8518	8519	0.00823496
2926	8520	0.00822818
8519	8520	0.00822818
8520	8521	0.00821875
2140	8521	0.00821875
8186	8522	0.00821604
8521	8522	0.00821604
8522	8523	0.0082035
4758	8523	0.0082035
8523	8524	0.00819972
2635	8524	0.00819972
8524	8525	0.00819017
312	8525	0.00819017
8525	8526	0.00818623
370	8526	0.00818623
8526	8527	0.0081788
3166	8527	0.0081788
396	8528	0.00815465
8527	8528	0.00815465
7489	8529	0.00813306
8528	8529	0.00813306
1384	8530	0.00813229
8219	8530	0.00813229
8529	8530	0.00813229
2501	8531	0.0081274
8530	8531	0.0081274
8531	8532	0.00812339
3812	8532	0.00812339
3227	8533	0.00811213
8532	8533	0.00811213
4620	8534	0.00810486
8533	8534	0.00810486
8534	8535	0.00810421
8212	8535	0.00810421
2185	8535	0.00810421
5206	8536	0.00807185
8535	8536	0.00807185
8536	8537	0.00806999
1295	8537	0.00806999
8537	8538	0.00806896
4066	8538	0.00806896
2666	8539	0.0080519
8538	8539	0.0080519
8539	8540	0.00804653
2021	8540	0.00804653
1412	8541	0.00804412
8540	8541	0.00804412
4806	8542	0.00804319
8541	8542	0.00804319
201	8543	0.00803948
8542	8543	0.00803948
2311	8544	0.00803758
8543	8544	0.00803758
7055	8545	0.00803398
8544	8545	0.00803398
923	8546	0.00801205
8545	8546	0.00801205
8546	8547	0.00800708
3843	8547	0.00800708
1693	8547	0.00800708
2789	8548	0.00798711
8547	8548	0.00798711
8548	8549	0.00798134
4022	8549	0.00798134
4208	8549	0.00798134
2661	8550	0.00797345
8549	8550	0.00797345
4994	8550	0.00797345
8550	8551	0.00797251
2286	8551	0.00797251
3058	8552	0.00796888
8551	8552	0.00796888
1219	8553	0.00795436
8552	8553	0.00795436
2994	8554	0.00795184
8553	8554	0.00795184
8192	8555	0.00795092
8554	8555	0.00795092
7372	8556	0.00793348
8555	8556	0.00793348
826	8557	0.0079202
8556	8557	0.0079202
4423	8558	0.00789732
8557	8558	0.00789732
195	8559	0.00790702
2849	8559	0.00790702
8558	8560	0.00789164
4239	8560	0.00789164
2515	8561	0.00788303
8560	8561	0.00788303
8561	8562	0.0078656
2142	8562	0.0078656
4538	8563	0.00786104
8562	8563	0.00786104
4339	8564	0.00785005
8563	8564	0.00785005
2111	8565	0.00784585
8564	8565	0.00784585
2410	8566	0.00783918
8565	8566	0.00783918
3343	8567	0.00783726
8566	8567	0.00783726
2050	8567	0.00783726
4227	8567	0.00783726
3181	8568	0.0078332
8567	8568	0.0078332
8568	8569	0.00782963
1244	8569	0.00782963
8569	8570	0.00782887
8559	8570	0.00782887
8570	8571	0.00782202
3193	8571	0.00782202
8571	8572	0.0078181
2441	8572	0.0078181
8572	8573	0.00781632
5049	8573	0.00781632
8573	8574	0.00781542
2214	8574	0.00781542
8574	8575	0.00780861
962	8575	0.00780861
4411	8576	0.0078076
8575	8576	0.0078076
8507	8577	0.00814443
1193	8577	0.00814443
1752	8578	0.00795184
1326	8578	0.00795184
8576	8579	0.00780303
2788	8579	0.00780303
7420	8580	0.0077963
8579	8580	0.0077963
8580	8581	0.007777
3433	8581	0.007777
3318	8582	0.00777531
8581	8582	0.00777531
8582	8583	0.00777465
3666	8583	0.00777465
8583	8584	0.00777323
290	8584	0.00777323
1483	8585	0.00776388
8584	8585	0.00776388
8585	8586	0.00775512
4850	8586	0.00775512
8586	8587	0.00775445
8577	8587	0.00775445
3887	8588	0.00775339
8587	8588	0.00775339
1472	8589	0.00775146
8588	8589	0.00775146
2547	8590	0.00774573
8589	8590	0.00774573
2	8591	0.00774396
8590	8591	0.00774396
8591	8592	0.0077381
2709	8592	0.0077381
8592	8593	0.00772945
2291	8593	0.00772945
409	8594	0.00771617
8593	8594	0.00771617
8594	8595	0.00770985
3853	8595	0.00770985
1653	8596	0.00770866
8595	8596	0.00770866
4779	8597	0.00770558
8596	8597	0.00770558
8597	8598	0.00770192
475	8598	0.00770192
2278	8599	0.0077009
3617	8599	0.0077009
8598	8599	0.0077009
1658	8600	0.00768846
8599	8600	0.00768846
451	8601	0.00765986
8600	8601	0.00765986
8601	8602	0.00765894
8578	8602	0.00765894
8602	8603	0.00765704
246	8603	0.00765704
1758	8604	0.00765331
8603	8604	0.00765331
2943	8605	0.00765149
8604	8605	0.00765149
8605	8606	0.00763803
2254	8606	0.00763803
8606	8607	0.00763038
2247	8607	0.00763038
4494	8608	0.00761604
8607	8608	0.00761604
8608	8609	0.00761505
1533	8609	0.00761505
8609	8610	0.00761422
1094	8610	0.00761422
705	8611	0.00763515
1826	8611	0.00763515
8610	8612	0.00759879
5020	8612	0.00759879
8612	8613	0.00759031
2306	8613	0.00759031
2403	8614	0.00758455
8613	8614	0.00758455
8614	8615	0.00758092
4657	8615	0.00758092
4732	8616	0.00757975
8615	8616	0.00757975
8616	8617	0.00757309
8508	8617	0.00757309
8617	8618	0.00756741
4867	8618	0.00756741
2802	8619	0.00756359
8618	8619	0.00756359
4942	8620	0.00756173
8619	8620	0.00756173
1748	8621	0.00755677
8620	8621	0.00755677
8621	8622	0.00755397
8611	8622	0.00755397
2984	8622	0.00755397
8622	8623	0.00755027
2240	8623	0.00755027
8623	8624	0.00754265
4032	8624	0.00754265
8217	8625	0.00754162
8624	8625	0.00754162
937	8625	0.00754162
7106	8626	0.00753211
8625	8626	0.00753211
8626	8627	0.00751627
1923	8627	0.00751627
4712	8628	0.00751494
8627	8628	0.00751494
8628	8629	0.00751411
759	8629	0.00751411
8629	8630	0.00750823
2356	8630	0.00750823
8630	8631	0.00747591
4387	8631	0.00747591
8631	8632	0.00747101
3327	8632	0.00747101
5060	8633	0.00746145
8632	8633	0.00746145
8633	8634	0.00743974
1040	8634	0.00743974
8634	8635	0.00740426
2057	8635	0.00740426
8635	8636	0.00740313
2872	8636	0.00740313
8636	8637	0.00739781
2427	8637	0.00739781
8637	8638	0.00738251
1485	8638	0.00738251
8638	8639	0.00737954
2477	8639	0.00737954
1604	8640	0.00737182
8639	8640	0.00737182
8640	8641	0.00737102
340	8641	0.00737102
5068	8642	0.0073689
8641	8642	0.0073689
4067	8643	0.00824679
102	8643	0.00824679
2416	8644	0.00746528
4728	8644	0.00746528
4104	8645	0.00793061
3737	8645	0.00793061
5141	8646	0.00726318
1692	8646	0.00726318
4187	8647	0.00735966
8642	8647	0.00735966
7491	8648	0.00735673
8647	8648	0.00735673
3780	8648	0.00735673
8648	8649	0.0073555
3229	8649	0.0073555
7014	8650	0.0073501
8649	8650	0.0073501
2426	8651	0.00734798
8650	8651	0.00734798
5043	8652	0.0073301
8651	8652	0.0073301
991	8653	0.00732696
8652	8653	0.00732696
8653	8654	0.00732544
295	8654	0.00732544
8654	8655	0.00731941
4566	8655	0.00731941
5147	8656	0.00729558
8655	8656	0.00729558
121	8657	0.00728146
8656	8657	0.00728146
8657	8658	0.00728024
669	8658	0.00728024
8658	8659	0.00727961
353	8659	0.00727961
1123	8660	0.00727732
8659	8660	0.00727732
3671	8661	0.00727072
8660	8661	0.00727072
4844	8662	0.00726988
8661	8662	0.00726988
8662	8663	0.00726404
1567	8663	0.00726404
8663	8664	0.00724427
2060	8664	0.00724427
8664	8665	0.00724017
4604	8665	0.00724017
3283	8666	0.00723367
8665	8666	0.00723367
7369	8667	0.00722585
8666	8667	0.00722585
8667	8668	0.00720969
4929	8668	0.00720969
7476	8669	0.00720863
8668	8669	0.00720863
3592	8670	0.00719936
8669	8670	0.00719936
3513	8671	0.00719558
8670	8671	0.00719558
2510	8672	0.00718979
8671	8672	0.00718979
2801	8673	0.00730513
8506	8673	0.00730513
8672	8674	0.0071878
1188	8674	0.0071878
8674	8675	0.00717735
1273	8675	0.00717735
8675	8676	0.00716676
8643	8676	0.00716676
8676	8677	0.0071525
8211	8677	0.0071525
8677	8678	0.00714976
3861	8678	0.00714976
795	8679	0.00714589
8678	8679	0.00714589
449	8680	0.00713921
8679	8680	0.00713921
8680	8681	0.00713749
8504	8681	0.00713749
8681	8682	0.0071346
2124	8682	0.0071346
8682	8683	0.00713139
4990	8683	0.00713139
8683	8684	0.00713058
975	8684	0.00713058
7390	8684	0.00713058
8684	8685	0.00710966
1161	8685	0.00710966
2069	8685	0.00710966
8685	8686	0.00710103
2378	8686	0.00710103
8686	8687	0.00708708
4527	8687	0.00708708
8687	8688	0.00708387
8673	8688	0.00708387
2982	8688	0.00708387
794	8688	0.00708387
8688	8689	0.00707793
4811	8689	0.00707793
1831	8690	0.00706584
8689	8690	0.00706584
1204	8690	0.00706584
3434	8691	0.00706016
8690	8691	0.00706016
1603	8692	0.00705509
8691	8692	0.00705509
4601	8693	0.00704373
8692	8693	0.00704373
3206	8694	0.00702941
8693	8694	0.00702941
8694	8695	0.00702478
1342	8695	0.00702478
4209	8696	0.00702075
8695	8696	0.00702075
8696	8697	0.00701625
2442	8697	0.00701625
8644	8698	0.00716676
2726	8698	0.00716676
8218	8699	0.00701048
8697	8699	0.00701048
8699	8700	0.00700919
733	8700	0.00700919
8700	8701	0.00699131
4567	8701	0.00699131
3716	8702	0.00698954
8701	8702	0.00698954
8220	8703	0.00694646
8702	8703	0.00694646
8703	8704	0.00691804
8645	8704	0.00691804
4122	8705	0.00691613
8704	8705	0.00691613
8705	8706	0.00691037
915	8706	0.00691037
8706	8707	0.00690478
241	8707	0.00690478
4221	8708	0.00687128
8707	8708	0.00687128
308	8709	0.00686822
8708	8709	0.00686822
7370	8710	0.00685803
8709	8710	0.00685803
4158	8711	0.00684669
8710	8711	0.00684669
4371	8712	0.00684551
8711	8712	0.00684551
8712	8713	0.00683499
2275	8713	0.00683499
8713	8714	0.0068343
522	8714	0.0068343
8714	8715	0.00683102
258	8715	0.00683102
8715	8716	0.00681586
447	8716	0.00681586
8216	8717	0.00681303
7431	8717	0.00681303
8716	8717	0.00681303
4127	8718	0.00680722
8717	8718	0.00680722
3446	8719	0.0068045
8718	8719	0.0068045
3040	8720	0.00678826
8719	8720	0.00678826
858	8720	0.00678826
8698	8720	0.00678826
3688	8721	0.00678437
8720	8721	0.00678437
2230	8722	0.0067835
8721	8722	0.0067835
1454	8722	0.0067835
8646	8723	0.00677972
8722	8723	0.00677972
8723	8724	0.00677788
4714	8724	0.00677788
3337	8724	0.00677788
7488	8725	0.00676631
8724	8725	0.00676631
3062	8726	0.00676055
8725	8726	0.00676055
7358	8727	0.00674911
8726	8727	0.00674911
8727	8728	0.00674798
518	8728	0.00674798
3730	8729	0.00674638
8728	8729	0.00674638
8729	8730	0.00671662
4355	8730	0.00671662
4272	8731	0.0067053
7330	8731	0.0067053
3342	8731	0.0067053
5109	8731	0.0067053
8730	8731	0.0067053
332	8732	0.0066908
8731	8732	0.0066908
4995	8733	0.00668337
7343	8733	0.00668337
8732	8733	0.00668337
1772	8734	0.00667763
8733	8734	0.00667763
2019	8735	0.00666229
8734	8735	0.00666229
8735	8736	0.00665847
4214	8736	0.00665847
2504	8737	0.00664988
8736	8737	0.00664988
2563	8738	0.00664904
8737	8738	0.00664904
2488	8739	0.00663831
8738	8739	0.00663831
8739	8740	0.00663255
3221	8740	0.00663255
8740	8741	0.00662332
42	8741	0.00662332
8741	8742	0.00661093
1659	8742	0.00661093
8742	8743	0.00660804
2398	8743	0.00660804
2946	8743	0.00660804
7362	8744	0.00660419
8743	8744	0.00660419
3668	8745	0.00659857
8744	8745	0.00659857
8745	8746	0.0065966
1206	8746	0.0065966
8746	8747	0.00659465
586	8747	0.00659465
386	8748	0.0128718
1958	8748	0.0128718
81	8749	0.0126005
8748	8749	0.0126005
167	8750	0.0101976
8749	8750	0.0101976
2750	8751	0.0101844
8750	8751	0.0101844
4932	8752	0.0140649
4924	8752	0.0140649
7450	8753	0.0115597
8752	8753	0.0115597
8753	8754	0.0109732
4933	8754	0.0109732
7067	8755	0.00761333
4476	8755	0.00761333
8754	8756	0.0074425
8755	8756	0.0074425
3685	8757	0.00662781
1309	8757	0.00662781
4000	8758	0.00836363
5041	8758	0.00836363
3999	8758	0.00836363
912	8759	0.00780202
8758	8759	0.00780202
8759	8760	0.00728024
4462	8760	0.00728024
7147	8761	0.00900999
323	8761	0.00900999
3555	8762	0.0153823
4989	8762	0.0153823
729	8763	0.00966352
2226	8763	0.00966352
8763	8764	0.00933359
4809	8764	0.00933359
7311	8765	0.0162726
1290	8765	0.0162726
1060	8766	0.0124889
3791	8766	0.0124889
4549	8767	0.0134591
7409	8767	0.0134591
2191	8768	0.0100505
3581	8768	0.0100505
610	8769	0.00505644
4160	8769	0.00505644
3383	8770	0.00603296
5087	8770	0.00603296
4236	8771	0.00463476
455	8771	0.00463476
4971	8772	0.00516989
4045	8772	0.00516989
1661	8773	0.00567042
3348	8773	0.00567042
5203	8774	0.00371646
2078	8774	0.00371646
4120	8775	0.00455949
534	8775	0.00455949
3963	8776	0.00339219
364	8776	0.00339219
1131	8777	0.0027008
4271	8777	0.0027008
529	8778	0.00280475
411	8778	0.00280475
2487	8779	0.00426952
418	8779	0.00426952
8779	8780	0.0026493
457	8780	0.0026493
1223	8781	0.00620559
4568	8781	0.00620559
3163	8782	0.00251585
3992	8782	0.00251585
470	8783	0.00464344
3818	8783	0.00464344
2875	8784	0.00457665
1970	8784	0.00457665
4816	8785	0.00444405
3691	8785	0.00444405
1501	8786	0.0045795
1323	8786	0.0045795
7195	8787	0.00473017
1757	8787	0.00473017
2814	8788	0.00549309
3116	8788	0.00549309
2622	8789	0.006482
341	8789	0.006482
3245	8790	0.00635525
8766	8790	0.00635525
7312	8791	0.00454147
4498	8791	0.00454147
5053	8792	0.00434779
4770	8792	0.00434779
4536	8793	0.00474548
3708	8793	0.00474548
1676	8794	0.00533109
151	8794	0.00533109
5056	8795	0.00558571
7339	8795	0.00558571
2710	8796	0.00592994
7449	8796	0.00592994
7162	8797	0.00606833
213	8797	0.00606833
7115	8798	0.00619316
1593	8798	0.00619316
4688	8799	0.00652415
7460	8799	0.00652415
4703	8800	0.00653075
8747	8800	0.00653075
5062	8801	0.00652031
8800	8801	0.00652031
8801	8802	0.00650871
1866	8802	0.00650871
8802	8803	0.00649554
1602	8803	0.00649554
967	8804	0.00648865
8803	8804	0.00648865
134	8805	0.00646688
4943	8805	0.00646688
8804	8805	0.00646688
8805	8806	0.00645946
1112	8806	0.00645946
8806	8807	0.00645641
8757	8807	0.00645641
471	8807	0.00645641
7374	8808	0.00644607
8807	8808	0.00644607
1432	8809	0.00643715
8808	8809	0.00643715
8809	8810	0.00643457
2272	8810	0.00643457
8810	8811	0.00642491
2590	8811	0.00642491
8811	8812	0.00640675
3105	8812	0.00640675
4592	8812	0.00640675
4456	8812	0.00640675
5042	8812	0.00640675
8760	8812	0.00640675
3110	8813	0.00639047
8812	8813	0.00639047
8813	8814	0.0063896
1276	8814	0.0063896
8814	8815	0.00637062
8768	8815	0.00637062
4069	8816	0.00636678
8815	8816	0.00636678
2605	8817	0.00635525
8816	8817	0.00635525
2833	8818	0.00634015
8817	8818	0.00634015
8818	8819	0.00632951
101	8819	0.00632951
1422	8820	0.00632583
8819	8820	0.00632583
416	8821	0.00630662
8820	8821	0.00630662
8821	8822	0.00627492
1675	8822	0.00627492
4333	8823	0.00627329
8822	8823	0.00627329
8823	8824	0.00627126
1005	8824	0.00627126
2335	8825	0.00626853
8824	8825	0.00626853
8825	8826	0.00626667
642	8826	0.00626667
209	8827	0.00626466
8826	8827	0.00626466
8827	8828	0.00625607
1836	8828	0.00625607
3582	8828	0.00625607
8828	8829	0.00624848
1061	8829	0.00624848
2540	8830	0.0062458
8829	8830	0.0062458
880	8831	0.00623303
8830	8831	0.00623303
3626	8832	0.00622266
8831	8832	0.00622266
1832	8833	0.00622193
8832	8833	0.00622193
8833	8834	0.00621217
2747	8834	0.00621217
8834	8835	0.00619601
1461	8835	0.00619601
3938	8835	0.00619601
8835	8836	0.00618746
2536	8836	0.00618746
8836	8837	0.00617885
905	8837	0.00617885
4157	8837	0.00617885
19	8838	0.00617131
8837	8838	0.00617131
96	8839	0.00616922
8838	8839	0.00616922
580	8840	0.00616557
8839	8840	0.00616557
868	8841	0.00616363
8840	8841	0.00616363
7453	8842	0.00614351
8841	8842	0.00614351
179	8843	0.00613887
8842	8843	0.00613887
3282	8844	0.00612145
8843	8844	0.00612145
4276	8845	0.00611876
8844	8845	0.00611876
8845	8846	0.00611019
1382	8846	0.00611019
1332	8847	0.006466
2834	8847	0.006466
5019	8848	0.00609138
8846	8848	0.00609138
7464	8849	0.00608154
7439	8849	0.00608154
8848	8849	0.00608154
822	8850	0.00605959
8849	8850	0.00605959
732	8851	0.00604159
8850	8851	0.00604159
4428	8852	0.00602634
8851	8852	0.00602634
8852	8853	0.00602422
1251	8853	0.00602422
8847	8853	0.00602422
8798	8854	0.00601574
8853	8854	0.00601574
4195	8854	0.00601574
8854	8855	0.00600822
7386	8855	0.00600822
2545	8856	0.00600528
8855	8856	0.00600528
8856	8857	0.00600239
188	8857	0.00600239
3655	8858	0.00599865
8857	8858	0.00599865
3331	8859	0.00599174
8858	8859	0.00599174
8799	8860	0.00598332
8859	8860	0.00598332
3855	8861	0.00598225
8860	8861	0.00598225
7462	8862	0.0059691
8861	8862	0.0059691
1391	8863	0.00595843
8862	8863	0.00595843
613	8864	0.00595571
8863	8864	0.00595571
4135	8865	0.00595093
8864	8865	0.00595093
3969	8866	0.00593081
8865	8866	0.00593081
8866	8867	0.00592617
335	8867	0.00592617
176	8867	0.00592617
8867	8868	0.00592145
2156	8868	0.00592145
3570	8868	0.00592145
103	8868	0.00592145
8868	8869	0.00591856
4318	8869	0.00591856
8869	8870	0.00591765
36	8870	0.00591765
8870	8871	0.00591465
997	8871	0.00591465
8871	8872	0.00589458
1552	8872	0.00589458
780	8873	0.00588888
8872	8873	0.00588888
4915	8874	0.00588797
8873	8874	0.00588797
7406	8875	0.00587752
8874	8875	0.00587752
4434	8876	0.00587374
214	8876	0.00587374
8875	8876	0.00587374
8876	8877	0.00586789
4642	8877	0.00586789
8877	8878	0.0058452
3936	8878	0.0058452
500	8879	0.00584147
8878	8879	0.00584147
3095	8880	0.00583454
8879	8880	0.00583454
2727	8881	0.00580973
8880	8881	0.00580973
3711	8882	0.00580891
8881	8882	0.00580891
8882	8883	0.00580323
4556	8883	0.00580323
8883	8884	0.0057983
2881	8884	0.0057983
8884	8885	0.00579548
8765	8885	0.00579548
4363	8886	0.00578797
8885	8886	0.00578797
2067	8887	0.00578304
2527	8887	0.00578304
8886	8887	0.00578304
8887	8888	0.00577636
1846	8888	0.00577636
8888	8889	0.00577077
2331	8889	0.00577077
2283	8890	0.00575331
8889	8890	0.00575331
8890	8891	0.00574492
7247	8891	0.00574492
1720	8891	0.00574492
1798	8892	0.00582798
2995	8892	0.00582798
4080	8893	0.00627909
4264	8893	0.00627909
8893	8894	0.00621612
2461	8894	0.00621612
1949	8895	0.00589458
8894	8895	0.00589458
8891	8896	0.00573455
3328	8896	0.00573455
3719	8897	0.00572682
8896	8897	0.00572682
5093	8898	0.00572499
8897	8898	0.00572499
1927	8899	0.00571632
8898	8899	0.00571632
8899	8900	0.00571343
2231	8900	0.00571343
629	8901	0.00569081
8900	8901	0.00569081
8901	8902	0.00567042
944	8902	0.00567042
8902	8903	0.00564564
3682	8903	0.00564564
504	8903	0.00564564
954	8904	0.00564401
8903	8904	0.00564401
7422	8905	0.00563328
8904	8905	0.00563328
8905	8906	0.00562576
952	8906	0.00562576
94	8906	0.00562576
4596	8906	0.00562576
2445	8906	0.00562576
2500	8906	0.00562576
647	8907	0.00562191
8906	8907	0.00562191
7099	8908	0.00561717
8907	8908	0.00561717
8908	8909	0.00559617
2967	8909	0.00559617
142	8910	0.0055952
8909	8910	0.0055952
7288	8911	0.00557897
8910	8911	0.00557897
8911	8912	0.00556947
346	8912	0.00556947
8912	8913	0.00554192
4970	8913	0.00554192
4881	8914	0.00566101
8892	8914	0.00566101
3366	8915	0.00552464
8913	8915	0.00552464
1403	8916	0.00551323
4684	8916	0.00551323
8915	8916	0.00551323
7400	8917	0.00551227
8916	8917	0.00551227
5104	8918	0.00550166
8917	8918	0.00550166
7461	8919	0.00549885
8918	8919	0.00549885
8919	8920	0.00549796
1500	8920	0.00549796
8920	8921	0.00549584
1082	8921	0.00549584
1238	8921	0.00549584
8921	8922	0.00546451
8764	8922	0.00546451
8914	8922	0.00546451
2543	8922	0.00546451
1807	8922	0.00546451
8895	8922	0.00546451
8922	8923	0.0054587
5028	8923	0.0054587
1292	8924	0.00544057
8923	8924	0.00544057
4879	8925	0.00543885
8924	8925	0.00543885
4441	8925	0.00543885
1876	8926	0.00543116
8925	8926	0.00543116
5070	8927	0.00541593
8926	8927	0.00541593
2252	8927	0.00541593
824	8928	0.00541502
8927	8928	0.00541502
3251	8929	0.00540828
2084	8929	0.00540828
8928	8929	0.00540828
3093	8930	0.00540359
8929	8930	0.00540359
8762	8930	0.00540359
491	8930	0.00540359
1733	8931	0.00539682
8930	8931	0.00539682
8931	8932	0.005393
2051	8932	0.005393
8932	8933	0.00539206
1586	8933	0.00539206
935	8934	0.0056278
1784	8934	0.0056278
8933	8935	0.00538927
3517	8935	0.00538927
3223	8936	0.00538541
8935	8936	0.00538541
8936	8937	0.00538255
4834	8937	0.00538255
2360	8938	0.00537779
8937	8938	0.00537779
239	8939	0.00536616
8938	8939	0.00536616
8939	8940	0.00536438
4552	8940	0.00536438
8934	8940	0.00536438
2367	8940	0.00536438
4044	8940	0.00536438
3939	8941	0.00534925
8940	8941	0.00534925
8941	8942	0.00534624
976	8942	0.00534624
8942	8943	0.00533774
979	8943	0.00533774
4417	8944	0.005334
8943	8944	0.005334
8944	8945	0.00533295
2492	8945	0.00533295
8945	8946	0.00533003
1081	8946	0.00533003
1321	8947	0.0053139
8946	8947	0.0053139
8947	8948	0.00529866
5033	8948	0.00529866
1271	8949	0.00529102
8948	8949	0.00529102
7220	8950	0.00526039
8949	8950	0.00526039
3806	8951	0.00525394
8950	8951	0.00525394
2576	8952	0.00524811
8951	8952	0.00524811
8952	8953	0.00524424
2088	8953	0.00524424
8953	8954	0.0052404
1599	8954	0.0052404
8954	8955	0.00521075
2172	8955	0.00521075
483	8956	0.00520711
8955	8956	0.00520711
8956	8957	0.00520019
4300	8957	0.00520019
4652	8957	0.00520019
8957	8958	0.00519935
3860	8958	0.00519935
234	8959	0.00518987
8958	8959	0.00518987
1808	8960	0.00518134
4151	8960	0.00518134
8959	8960	0.00518134
8960	8961	0.00516692
4452	8961	0.00516692
1408	8962	0.00516507
8961	8962	0.00516507
3564	8963	0.00515558
8962	8963	0.00515558
3445	8964	0.00514131
8963	8964	0.00514131
7471	8965	0.00514022
8964	8965	0.00514022
8965	8966	0.0051393
3600	8966	0.0051393
4243	8967	0.00513667
8966	8967	0.00513667
8967	8968	0.00512873
165	8968	0.00512873
7238	8969	0.00512688
8968	8969	0.00512688
8969	8970	0.00511832
2512	8970	0.00511832
8970	8971	0.0051079
207	8971	0.0051079
1802	8971	0.0051079
8971	8972	0.00510702
158	8972	0.00510702
8972	8973	0.0050879
949	8973	0.0050879
4769	8974	0.00508115
8973	8974	0.00508115
8974	8975	0.00508024
1016	8975	0.00508024
2766	8976	0.00507831
8975	8976	0.00507831
8976	8977	0.00506991
3546	8977	0.00506991
8977	8978	0.00505078
1617	8978	0.00505078
8978	8979	0.00504293
914	8979	0.00504293
2308	8980	0.00503538
8979	8980	0.00503538
1514	8980	0.00503538
2168	8981	0.00503065
2878	8981	0.00503065
8980	8981	0.00503065
848	8982	0.00500869
8981	8982	0.00500869
5149	8983	0.00500394
8982	8983	0.00500394
623	8984	0.00500301
8983	8984	0.00500301
8984	8985	0.00499726
2363	8985	0.00499726
8756	8986	0.0049878
8985	8986	0.0049878
8986	8987	0.00498382
1117	8987	0.00498382
3235	8987	0.00498382
8987	8988	0.00495994
2933	8988	0.00495994
4082	8989	0.00494104
8988	8989	0.00494104
8989	8990	0.00493997
3700	8990	0.00493997
8990	8991	0.00492953
1247	8991	0.00492953
7472	8992	0.00491909
8991	8992	0.00491909
3535	8993	0.00490767
8992	8993	0.00490767
1528	8994	0.00490112
8993	8994	0.00490112
1376	8995	0.0048961
107	8995	0.0048961
8994	8995	0.0048961
3325	8996	0.00488948
8995	8996	0.00488948
8996	8997	0.00488191
2589	8997	0.00488191
4471	8998	0.00488089
8767	8998	0.00488089
8997	8998	0.00488089
8998	8999	0.00486727
3834	8999	0.00486727
863	9000	0.00486645
8999	9000	0.00486645
7314	9001	0.00485798
9000	9001	0.00485798
8796	9002	0.00485707
9001	9002	0.00485707
2161	9003	0.00484097
9002	9003	0.00484097
8797	9004	0.00483697
9003	9004	0.00483697
7468	9005	0.00483327
9004	9005	0.00483327
9005	9006	0.00481986
2914	9006	0.00481986
238	9007	0.00481135
9006	9007	0.00481135
7470	9008	0.00479317
9007	9008	0.00479317
9008	9009	0.00479219
1044	9009	0.00479219
9009	9010	0.00477504
4517	9010	0.00477504
964	9011	0.00476911
9010	9011	0.00476911
9011	9012	0.00475989
4084	9012	0.00475989
9012	9013	0.00475036
889	9013	0.00475036
9013	9014	0.00470345
630	9014	0.00470345
7429	9015	0.00469969
3165	9015	0.00469969
9014	9015	0.00469969
2223	9016	0.00468059
9015	9016	0.00468059
1780	9017	0.00467407
9016	9017	0.00467407
1575	9018	0.0046712
4588	9018	0.0046712
4831	9018	0.0046712
9017	9018	0.0046712
7217	9019	0.0046579
9018	9019	0.0046579
4799	9020	0.00463968
9019	9020	0.00463968
9020	9021	0.00462254
791	9021	0.00462254
4383	9022	0.00460531
9021	9022	0.00460531
4087	9023	0.00459492
9022	9023	0.00459492
7466	9024	0.00458047
9023	9024	0.00458047
4559	9025	0.00457665
9024	9025	0.00457665
9025	9026	0.0045748
1253	9026	0.0045748
9026	9027	0.00455746
1837	9027	0.00455746
2040	9028	0.00454522
9027	9028	0.00454522
9028	9029	0.00454045
2523	9029	0.00454045
7341	9030	0.00453376
9029	9030	0.00453376
3557	9031	0.004528
9030	9031	0.004528
5140	9032	0.00451478
9031	9032	0.00451478
49	9033	0.00450993
9032	9033	0.00450993
3275	9034	0.00450139
9033	9034	0.00450139
3089	9035	0.00450042
9034	9035	0.00450042
4511	9036	0.00476664
5017	9036	0.00476664
7463	9037	0.00433824
1093	9037	0.00433824
7457	9038	0.00449091
391	9038	0.00449091
7452	9039	0.004486
2279	9039	0.004486
9035	9039	0.004486
9039	9040	0.00447758
1152	9040	0.00447758
413	9041	0.00447651
9040	9041	0.00447651
2596	9042	0.00447076
9041	9042	0.00447076
9042	9043	0.00446313
3953	9043	0.00446313
3890	9044	0.00443654
9043	9044	0.00443654
2593	9045	0.00442119
9044	9045	0.00442119
3647	9046	0.00441841
9045	9046	0.00441841
4581	9047	0.00441742
9046	9047	0.00441742
4346	9048	0.00440397
9047	9048	0.00440397
2830	9048	0.00440397
3500	9048	0.00440397
4991	9049	0.00440214
9048	9049	0.00440214
3857	9050	0.00439065
9049	9050	0.00439065
3799	9051	0.00438317
9050	9051	0.00438317
9051	9052	0.00435735
7251	9052	0.00435735
339	9053	0.0043525
9052	9053	0.0043525
3156	9054	0.00434302
9053	9054	0.00434302
3809	9055	0.00434193
9054	9055	0.00434193
9055	9056	0.00433345
4855	9056	0.00433345
2418	9057	0.00433158
9056	9057	0.00433158
7404	9058	0.0043297
9057	9058	0.0043297
5009	9059	0.00430676
9058	9059	0.00430676
7410	9060	0.0042973
9059	9060	0.0042973
3034	9061	0.00429534
9060	9061	0.00429534
7179	9062	0.00429152
9061	9062	0.00429152
9062	9063	0.00425621
1847	9063	0.00425621
599	9064	0.00424957
9063	9064	0.00424957
9064	9065	0.00424196
883	9065	0.00424196
9036	9066	0.004468
2883	9066	0.004468
3080	9067	0.00423431
9065	9067	0.00423431
1893	9068	0.00422854
9067	9068	0.00422854
9066	9068	0.00422854
2978	9069	0.00422378
9068	9069	0.00422378
9069	9070	0.00421333
1620	9070	0.00421333
763	9071	0.00419817
4123	9071	0.00419817
9070	9071	0.00419817
4603	9072	0.00419519
9071	9072	0.00419519
110	9073	0.00419423
9072	9073	0.00419423
362	9074	0.00418837
9073	9074	0.00418837
3118	9075	0.00418763
9074	9075	0.00418763
3454	9076	0.00418283
9075	9076	0.00418283
2923	9077	0.00418193
9076	9077	0.00418193
4205	9078	0.00418093
9077	9078	0.00418093
3520	9079	0.00417891
9078	9079	0.00417891
9079	9080	0.00417812
139	9080	0.00417812
4112	9081	0.00415124
9080	9081	0.00415124
9081	9082	0.00414475
1069	9082	0.00414475
9082	9083	0.00413612
1577	9083	0.00413612
1652	9083	0.00413612
2260	9084	0.00412937
9083	9084	0.00412937
9037	9085	0.00412084
7095	9085	0.00412084
9084	9085	0.00412084
482	9086	0.0041142
9085	9086	0.0041142
7365	9087	0.00411032
9086	9087	0.00411032
789	9088	0.00409985
9087	9088	0.00409985
2234	9089	0.00408655
9088	9089	0.00408655
478	9090	0.00408464
9089	9090	0.00408464
3910	9091	0.00405978
9090	9091	0.00405978
807	9092	0.00405313
9091	9092	0.00405313
1499	9093	0.0040455
9092	9093	0.0040455
7454	9094	0.00403598
9093	9094	0.00403598
9038	9095	0.00403308
9094	9095	0.00403308
1589	9095	0.00403308
3322	9096	0.00636099
3099	9096	0.00636099
8788	9097	0.00350475
24	9097	0.00350475
8786	9098	0.00389951
4063	9098	0.00389951
2332	9099	0.00400835
9095	9099	0.00400835
3718	9099	0.00400835
156	9100	0.0039969
9099	9100	0.0039969
2853	9101	0.0039472
9100	9101	0.0039472
9101	9102	0.00394344
3213	9102	0.00394344
5007	9102	0.00394344
9102	9103	0.00393964
225	9103	0.00393964
4386	9103	0.00393964
9103	9104	0.00393491
4814	9104	0.00393491
3144	9105	0.00392732
9104	9105	0.00392732
9105	9106	0.00389668
3696	9106	0.00389668
454	9107	0.00389385
247	9107	0.00389385
9106	9107	0.00389385
2265	9108	0.00388806
9107	9108	0.00388806
9108	9109	0.00386726
1747	9109	0.00386726
4874	9110	0.00385569
9109	9110	0.00385569
9110	9111	0.00385385
555	9111	0.00385385
4625	9112	0.00385097
9111	9112	0.00385097
8794	9113	0.00384989
9112	9113	0.00384989
3912	9114	0.0038452
9113	9114	0.0038452
7465	9115	0.0038394
9114	9115	0.0038394
3784	9116	0.00383561
9115	9116	0.00383561
1842	9117	0.00383476
9116	9117	0.00383476
7399	9118	0.00381574
9117	9118	0.00381574
9118	9119	0.00381463
2249	9119	0.00381463
1047	9120	0.00381275
9119	9120	0.00381275
9120	9121	0.00380803
1065	9121	0.00380803
9121	9122	0.00380516
5040	9122	0.00380516
640	9123	0.00379178
1320	9123	0.00379178
9122	9123	0.00379178
4035	9124	0.00376984
9123	9124	0.00376984
5127	9125	0.00376331
9124	9125	0.00376331
60	9126	0.00376233
9125	9126	0.00376233
2832	9127	0.00376034
9126	9127	0.00376034
575	9128	0.00375842
9127	9128	0.00375842
3998	9129	0.00375656
9128	9129	0.00375656
4085	9130	0.00375366
9129	9130	0.00375366
1291	9131	0.00374985
9130	9131	0.00374985
2544	9132	0.00373749
9131	9132	0.00373749
1426	9133	0.00373653
9132	9133	0.00373653
9133	9134	0.0037135
1924	9134	0.0037135
3675	9134	0.0037135
7433	9135	0.003705
9134	9135	0.003705
1788	9136	0.00369939
9135	9136	0.00369939
7459	9137	0.00369826
9136	9137	0.00369826
9137	9138	0.00368874
4291	9138	0.00368874
4927	9138	0.00368874
2924	9139	0.00366775
9138	9139	0.00366775
2771	9140	0.00366304
9139	9140	0.00366304
9098	9141	0.00366221
9140	9141	0.00366221
9141	9142	0.00366018
2160	9142	0.00366018
9142	9143	0.00363828
624	9143	0.00363828
4846	9144	0.00363355
9143	9144	0.00363355
1717	9145	0.00362869
9144	9145	0.00362869
1919	9146	0.00362585
9145	9146	0.00362585
9146	9147	0.00362495
3360	9147	0.00362495
1921	9148	0.00359635
9147	9148	0.00359635
5105	9149	0.00358659
9148	9149	0.00358659
804	9150	0.00355052
9149	9150	0.00355052
4331	9151	0.00352285
9150	9151	0.00352285
8751	9151	0.00352285
9096	9151	0.00352285
8795	9152	0.00351901
9151	9152	0.00351901
4998	9153	0.00351051
9152	9153	0.00351051
1697	9154	0.00350958
9153	9154	0.00350958
3862	9155	0.00350091
9154	9155	0.00350091
62	9156	0.00347328
9155	9156	0.00347328
2128	9157	0.00347048
9156	9157	0.00347048
4941	9158	0.00346183
9157	9158	0.00346183
9158	9159	0.0034476
1737	9159	0.0034476
9159	9160	0.00343419
2055	9160	0.00343419
9160	9161	0.00339795
4851	9161	0.00339795
3167	9162	0.00339615
9161	9162	0.00339615
1068	9163	0.00339031
9162	9163	0.00339031
3391	9164	0.00338935
9163	9164	0.00338935
9164	9165	0.00338744
941	9165	0.00338744
7383	9166	0.0033865
9165	9166	0.0033865
1673	9167	0.00336928
9166	9167	0.00336928
9167	9168	0.00336835
1063	9168	0.00336835
2339	9169	0.00336366
9168	9169	0.00336366
3081	9170	0.00336073
9169	9170	0.00336073
2364	9171	0.00335591
9170	9171	0.00335591
403	9172	0.00335221
9171	9172	0.00335221
4004	9173	0.00334448
4827	9173	0.00334448
9172	9173	0.00334448
9173	9174	0.00332551
3404	9174	0.00332551
778	9175	0.00332445
9174	9175	0.00332445
9175	9176	0.00331494
5036	9176	0.00331494
667	9177	0.0033083
9176	9177	0.0033083
9177	9178	0.0033007
4364	9178	0.0033007
1556	9179	0.00328831
9178	9179	0.00328831
9179	9180	0.00328633
4164	9180	0.00328633
1625	9181	0.0032854
7403	9181	0.0032854
9180	9181	0.0032854
3595	9182	0.00328349
9181	9182	0.00328349
3429	9183	0.00327583
9182	9183	0.00327583
8793	9184	0.00327493
9183	9184	0.00327493
2044	9185	0.00327012
9184	9185	0.00327012
1211	9186	0.00324726
9185	9186	0.00324726
2015	9187	0.00324344
9186	9187	0.00324344
1838	9188	0.00322818
9187	9188	0.00322818
3250	9189	0.0032263
9188	9189	0.0032263
71	9190	0.00322242
9189	9190	0.00322242
1667	9191	0.00321291
9190	9191	0.00321291
9191	9192	0.00320816
2245	9192	0.00320816
2731	9193	0.0032053
2805	9193	0.0032053
9192	9193	0.0032053
9193	9194	0.00320431
1285	9194	0.00320431
4287	9194	0.00320431
9194	9195	0.00320052
1201	9195	0.00320052
7371	9196	0.00319382
9195	9196	0.00319382
4110	9197	0.00319097
9196	9197	0.00319097
9197	9198	0.00318628
7392	9198	0.00318628
9198	9199	0.00318241
749	9199	0.00318241
9199	9200	0.00317191
4479	9200	0.00317191
4919	9201	0.00316624
9200	9201	0.00316624
8791	9202	0.00316333
757	9202	0.00316333
9201	9202	0.00316333
9202	9203	0.00314994
448	9203	0.00314994
1885	9204	0.00314521
9203	9204	0.00314521
2580	9205	0.00314426
9204	9205	0.00314426
4516	9205	0.00314426
4746	9206	0.00290012
2233	9206	0.00290012
9205	9207	0.00314232
2206	9207	0.00314232
9207	9208	0.00313379
3920	9208	0.00313379
3190	9209	0.00312805
9208	9209	0.00312805
4200	9210	0.0031271
9209	9210	0.0031271
9210	9211	0.00312045
1113	9211	0.00312045
3127	9212	0.0031128
9211	9212	0.0031128
8785	9213	0.00310034
9212	9213	0.00310034
4965	9214	0.00309945
9213	9214	0.00309945
837	9215	0.0030899
9214	9215	0.0030899
7405	9216	0.00308608
9215	9216	0.00308608
2609	9217	0.00305938
9216	9217	0.00305938
9217	9218	0.0030575
1824	9218	0.0030575
7451	9219	0.0030432
9218	9219	0.0030432
4077	9220	0.00302979
9219	9220	0.00302979
7373	9221	0.00302887
9220	9221	0.00302887
1666	9222	0.00301837
9221	9222	0.00301837
786	9223	0.00300598
9222	9223	0.00300598
3777	9224	0.0030031
9223	9224	0.0030031
9224	9225	0.00299739
4856	9225	0.00299739
430	9225	0.00299739
7458	9226	0.00298785
9225	9226	0.00298785
9226	9227	0.00298597
1487	9227	0.00298597
3554	9228	0.00297737
9227	9228	0.00297737
2909	9228	0.00297737
4859	9229	0.0029649
9228	9229	0.0029649
3825	9230	0.00296018
9229	9230	0.00296018
5150	9231	0.00295067
9230	9231	0.00295067
4368	9232	0.00294688
9231	9232	0.00294688
2556	9233	0.00294493
9232	9233	0.00294493
9233	9234	0.00294021
1254	9234	0.00294021
3493	9235	0.00292776
9234	9235	0.00292776
3540	9236	0.00292206
9235	9236	0.00292206
2574	9237	0.00292105
9236	9237	0.00292105
3966	9238	0.00291632
9237	9238	0.00291632
3752	9239	0.00290965
9238	9239	0.00290965
9239	9240	0.00290299
3113	9240	0.00290299
4365	9241	0.00289919
9240	9241	0.00289919
4385	9242	0.00289726
9241	9242	0.00289726
9242	9243	0.00288291
3474	9243	0.00288291
3226	9243	0.00288291
4477	9244	0.00288109
9243	9244	0.00288109
4347	9245	0.00287722
9244	9245	0.00287722
9245	9246	0.00287624
1588	9246	0.00287624
4090	9247	0.0028696
9246	9247	0.0028696
3684	9248	0.00284577
9247	9248	0.00284577
4899	9249	0.00283623
9248	9249	0.00283623
8787	9250	0.00282286
9249	9250	0.00282286
9250	9251	0.00278948
1128	9251	0.00278948
293	9252	0.00278851
3984	9252	0.00278851
9251	9252	0.00278851
1637	9253	0.00278091
9252	9253	0.00278091
541	9254	0.00277519
9253	9254	0.00277519
3407	9255	0.00276947
9254	9255	0.00276947
3124	9256	0.00276852
9255	9256	0.00276852
9097	9257	0.00273515
9256	9257	0.00273515
4974	9258	0.0027332
9257	9258	0.0027332
1645	9259	0.0027237
9258	9259	0.0027237
3596	9260	0.0027199
9259	9260	0.0027199
8792	9261	0.00270174
9260	9261	0.00270174
3102	9262	0.0027008
1583	9262	0.0027008
9261	9262	0.0027008
9262	9263	0.00269793
3897	9263	0.00269793
9263	9264	0.00268936
395	9264	0.00268936
73	9265	0.00268744
9264	9265	0.00268744
1650	9266	0.0026827
9265	9266	0.0026827
2417	9267	0.00267985
9266	9267	0.00267985
4771	9268	0.00267888
9267	9268	0.00267888
2295	9269	0.00267314
4319	9269	0.00267314
9268	9269	0.00267314
2327	9270	0.00266743
9269	9270	0.00266743
1435	9271	0.00266459
9270	9271	0.00266459
1269	9272	0.00265886
9271	9272	0.00265886
1760	9273	0.00265787
9272	9273	0.00265787
1995	9274	0.00265307
9273	9274	0.00265307
3811	9275	0.00263212
9274	9275	0.00263212
8761	9276	0.00262451
9275	9276	0.00262451
9276	9277	0.00262356
267	9277	0.00262356
3946	9278	0.00261685
9277	9278	0.00261685
715	9279	0.00261309
9278	9279	0.00261309
633	9280	0.00260925
9279	9280	0.00260925
3035	9281	0.00259586
9280	9281	0.00259586
2919	9282	0.00259211
9281	9282	0.00259211
7114	9283	0.00259016
9282	9283	0.00259016
3829	9284	0.00258064
9283	9284	0.00258064
4121	9285	0.00257873
9284	9285	0.00257873
3002	9286	0.00256444
9285	9286	0.00256444
8789	9287	0.00255583
9286	9287	0.00255583
4308	9288	0.00254441
4193	9288	0.00254441
9287	9288	0.00254441
8790	9289	0.00254059
9288	9289	0.00254059
9289	9290	0.00253966
1250	9290	0.00253966
2300	9291	0.00253582
9290	9291	0.00253582
1055	9292	0.00252736
9291	9292	0.00252736
3178	9293	0.00252533
9292	9293	0.00252533
3307	9294	0.00251486
9293	9294	0.00251486
1443	9295	0.0025015
9294	9295	0.0025015
7473	9296	0.0025005
9295	9296	0.0025005
9206	9297	0.00249861
9296	9297	0.00249861
3956	9298	0.00249575
9297	9298	0.00249575
1106	9299	0.00249482
9298	9299	0.00249482
2012	9300	0.00248052
9299	9300	0.00248052
1452	9301	0.00247384
9300	9301	0.00247384
4913	9302	0.00114822
1844	9302	0.00114822
9302	9303	0.00107383
3951	9303	0.00107383
9303	9304	0.000988957
4957	9304	0.000988957
9304	9305	0.000978466
4486	9305	0.000978466
9305	9306	0.000931739
4823	9306	0.000931739
9306	9307	0.000875476
4419	9307	0.000875476
9307	9308	0.000830655
4757	9308	0.000830655
9308	9309	0.000809671
4467	9309	0.000809671
9309	9310	0.00077724
3687	9310	0.00077724
4685	9311	0.00175476
52	9311	0.00175476
9311	9312	0.00154305
2848	9312	0.00154305
1965	9313	0.000949857
2702	9313	0.000949857
3421	9314	0.000874522
3961	9314	0.000874522
903	9315	0.00226022
4241	9315	0.00226022
3088	9316	0.00245569
9301	9316	0.00245569
2791	9317	0.00245095
9316	9317	0.00245095
7469	9318	0.00244522
9317	9318	0.00244522
7415	9319	0.00244331
9318	9319	0.00244331
4425	9320	0.00244044
9319	9320	0.00244044
9320	9321	0.00243186
737	9321	0.00243186
3650	9322	0.00242995
9321	9322	0.00242995
9322	9323	0.00241374
2135	9323	0.00241374
3072	9324	0.00241091
9323	9324	0.00241091
4334	9325	0.00239945
9324	9325	0.00239945
1495	9326	0.00239753
7446	9326	0.00239753
9325	9326	0.00239753
7443	9327	0.0023937
9326	9327	0.0023937
4669	9328	0.00238513
4750	9328	0.00238513
9327	9328	0.00238513
1764	9329	0.00238035
9328	9329	0.00238035
673	9330	0.00237848
9329	9330	0.00237848
2498	9331	0.00237179
9330	9331	0.00237179
7421	9332	0.002367
9331	9332	0.002367
831	9333	0.00236414
9332	9333	0.00236414
1497	9334	0.00236128
9333	9334	0.00236128
4821	9335	0.00235271
9334	9335	0.00235271
3552	9336	0.00234504
8784	9336	0.00234504
9335	9336	0.00234504
4342	9337	0.00234411
9336	9337	0.00234411
2958	9338	0.00233835
8770	9338	0.00233835
9337	9338	0.00233835
3511	9339	0.00233269
9338	9339	0.00233269
731	9340	0.00232985
9339	9340	0.00232985
453	9341	0.00232799
9340	9341	0.00232799
1402	9342	0.00232697
9341	9342	0.00232697
1978	9343	0.0023241
9342	9343	0.0023241
1711	9344	0.00232216
9343	9344	0.00232216
41	9345	0.00232123
9344	9345	0.00232123
3686	9346	0.00231647
1028	9346	0.00231647
9345	9346	0.00231647
4783	9347	0.00231453
9346	9347	0.00231453
80	9348	0.00228693
9347	9348	0.00228693
9348	9349	0.00228595
4840	9349	0.00228595
2748	9350	0.00228406
9349	9350	0.00228406
668	9351	0.00227835
9350	9351	0.00227835
4871	9352	0.00227547
9351	9352	0.00227547
9352	9353	0.00227449
7440	9353	0.00227449
160	9354	0.00225644
9353	9354	0.00225644
2877	9355	0.00224495
9354	9355	0.00224495
3863	9356	0.00224209
9355	9356	0.00224209
4575	9357	0.00224015
9356	9357	0.00224015
47	9358	0.00223733
9357	9358	0.00223733
697	9359	0.00222778
9358	9359	0.00222778
1735	9360	0.00222111
9359	9360	0.00222111
4917	9361	0.00221635
9360	9361	0.00221635
9315	9362	0.00221059
9361	9362	0.00221059
1148	9363	0.00220681
9362	9363	0.00220681
1687	9364	0.00219919
9363	9364	0.00219919
4982	9365	0.00219255
9364	9365	0.00219255
2313	9366	0.00218579
844	9366	0.00218579
9365	9366	0.00218579
4378	9367	0.00218295
9366	9367	0.00218295
2485	9368	0.00218009
7120	9368	0.00218009
4023	9368	0.00218009
4680	9368	0.00218009
9367	9368	0.00218009
2006	9369	0.00216582
9368	9369	0.00216582
4499	9370	0.00216385
9369	9370	0.00216385
4624	9371	0.00215722
9370	9371	0.00215722
9371	9372	0.00215532
7391	9372	0.00215532
2623	9373	0.00214961
9372	9373	0.00214961
8778	9374	0.00214577
9373	9374	0.00214577
3057	9375	0.00213337
9374	9375	0.00213337
192	9376	0.00212955
9375	9376	0.00212955
9376	9377	0.00212575
3911	9377	0.00212575
539	9377	0.00212575
7304	9378	0.00211716
3101	9378	0.00211716
9377	9378	0.00211716
9378	9379	0.00210858
3313	9379	0.00210858
1054	9380	0.0021019
9379	9380	0.0021019
1115	9381	0.00209616
9380	9381	0.00209616
3828	9382	0.00209142
1138	9382	0.00209142
9381	9382	0.00209142
4558	9383	0.00208473
9382	9383	0.00208473
4407	9384	0.00208092
9383	9384	0.00208092
2108	9385	0.00207995
9384	9385	0.00207995
7352	9386	0.00207902
9385	9386	0.00207902
4671	9387	0.00207233
9386	9387	0.00207233
1085	9388	0.00206566
9387	9388	0.00206566
3772	9389	0.00206376
9388	9389	0.00206376
4666	9390	0.00205039
9389	9390	0.00205039
4521	9391	0.0020294
9390	9391	0.0020294
1698	9392	0.00201416
9391	9392	0.00201416
4259	9393	0.00200746
9392	9393	0.00200746
2302	9394	0.00197981
9393	9394	0.00197981
3796	9395	0.00197408
9394	9395	0.00197408
1734	9396	0.00196266
9395	9396	0.00196266
3276	9397	0.00195693
9396	9397	0.00195693
9397	9398	0.00195216
4126	9398	0.00195216
4037	9399	0.00194456
9398	9399	0.00194456
1987	9400	0.00193787
9399	9400	0.00193787
776	9401	0.00192072
9400	9401	0.00192072
3612	9402	0.00191116
9401	9402	0.00191116
990	9403	0.00190831
9402	9403	0.00190831
8777	9404	0.0019064
9403	9404	0.0019064
3008	9405	0.00189876
9404	9405	0.00189876
3714	9406	0.00189591
9405	9406	0.00189591
1903	9407	0.00189018
9406	9407	0.00189018
7467	9408	0.00188256
9407	9408	0.00188256
2938	9409	0.0018797
9408	9409	0.0018797
2969	9410	0.0018692
9409	9410	0.0018692
9410	9411	0.00186539
4416	9411	0.00186539
7425	9412	0.00185967
9411	9412	0.00185967
7408	9413	0.00185681
9412	9413	0.00185681
4002	9414	0.00185108
9413	9414	0.00185108
11	9415	0.0018425
9414	9415	0.0018425
3957	9416	0.00181008
9415	9416	0.00181008
616	9417	0.0018053
9416	9417	0.0018053
9417	9418	0.00180434
2034	9418	0.00180434
917	9419	0.0017977
9418	9419	0.0017977
4254	9420	0.0017805
9419	9420	0.0017805
4354	9421	0.00177572
9420	9421	0.00177572
2819	9422	0.00177189
9421	9422	0.00177189
2489	9423	0.00176429
9422	9423	0.00176429
2222	9424	0.00176241
4745	9424	0.00176241
9423	9424	0.00176241
953	9425	0.00175094
2551	9425	0.00175094
9424	9425	0.00175094
4186	9426	0.00174522
9425	9426	0.00174522
4370	9427	0.00174234
9426	9427	0.00174234
4858	9428	0.00174045
9427	9428	0.00174045
3896	9429	0.0017128
9428	9429	0.0017128
3833	9430	0.00170708
9429	9430	0.00170708
1225	9431	0.00170134
9430	9431	0.00170134
3706	9432	0.00169659
9431	9432	0.00169659
4320	9433	0.00168991
9432	9433	0.00168991
9433	9434	0.00168037
767	9434	0.00168037
2746	9435	0.00166607
9434	9435	0.00166607
4388	9436	0.00166033
9435	9436	0.00166033
3906	9437	0.00164795
9436	9437	0.00164795
2920	9438	0.00164412
9437	9438	0.00164412
2290	9438	0.00164412
4357	9439	0.00164322
9438	9439	0.00164322
3038	9440	0.00164031
9439	9440	0.00164031
4451	9441	0.00163651
4584	9441	0.00163651
9440	9441	0.00163651
2054	9442	0.00163174
9441	9442	0.00163174
502	9443	0.00163077
9442	9443	0.00163077
3638	9444	0.00162886
9443	9444	0.00162886
8771	9445	0.00162412
9444	9445	0.00162412
251	9446	0.00162316
9445	9446	0.00162316
309	9447	0.00161552
9446	9447	0.00161552
4427	9448	0.00160217
2028	9448	0.00160217
9447	9448	0.00160217
1647	9449	0.00160027
9448	9449	0.00160027
2643	9450	0.00158501
9449	9450	0.00158501
171	9451	0.00158215
9450	9451	0.00158215
4761	9452	0.00158121
9451	9452	0.00158121
2687	9453	0.00157737
9452	9453	0.00157737
1818	9454	0.00157261
9453	9454	0.00157261
4005	9455	0.00157069
9454	9455	0.00157069
9455	9456	0.0015688
4118	9456	0.0015688
3558	9457	0.00155354
9456	9457	0.00155354
8776	9458	0.00155162
9457	9458	0.00155162
3406	9459	0.00155068
9458	9459	0.00155068
1399	9460	0.00154877
9459	9460	0.00154877
1431	9461	0.00154592
9460	9461	0.00154592
4966	9462	0.00153829
9461	9462	0.00153829
4762	9463	0.00153351
9462	9463	0.00153351
7417	9464	0.00153256
9463	9464	0.00153256
721	9465	0.00152016
9464	9465	0.00152016
4119	9466	0.00151349
9465	9466	0.00151349
2101	9467	0.00151253
9466	9467	0.00151253
3990	9468	0.00151157
9467	9468	0.00151157
2213	9469	0.0015068
9468	9469	0.0015068
570	9470	0.00150299
9469	9470	0.00150299
5128	9471	0.00147249
9470	9471	0.00147249
951	9472	0.00144958
9471	9472	0.00144958
4541	9473	0.00144578
9472	9473	0.00144578
3387	9474	0.00144386
9473	9474	0.00144386
3515	9475	0.00143623
9474	9475	0.00143623
834	9476	0.00128078
3009	9476	0.00128078
661	9477	0.00137711
3396	9477	0.00137711
2017	9478	0.0014286
9475	9478	0.0014286
1350	9479	0.00142573
9478	9479	0.00142573
1907	9480	0.00141812
9479	9480	0.00141812
3789	9481	0.00140857
9480	9481	0.00140857
2439	9482	0.00140762
9481	9482	0.00140762
8774	9483	0.00140571
9482	9483	0.00140571
3051	9484	0.00140095
9483	9484	0.00140095
2568	9485	0.00139618
9484	9485	0.00139618
3537	9486	0.00139046
7438	9486	0.00139046
2506	9486	0.00139046
9485	9486	0.00139046
4438	9487	0.00138474
9486	9487	0.00138474
1287	9488	0.00138378
9487	9488	0.00138378
4168	9489	0.00137615
9488	9489	0.00137615
7308	9490	0.00137424
9489	9490	0.00137424
4665	9491	0.00137233
9490	9491	0.00137233
688	9492	0.00136662
9491	9492	0.00136662
2932	9493	0.00136184
9492	9493	0.00136184
1765	9494	0.00135899
9493	9494	0.00135899
2844	9495	0.00134945
9494	9495	0.00134945
1900	9496	0.00134753
9495	9496	0.00134753
4820	9497	0.00133038
9496	9497	0.00133038
3025	9498	0.00132942
9497	9498	0.00132942
3591	9499	0.00131798
9498	9499	0.00131798
4589	9500	0.00131511
9499	9500	0.00131511
3559	9501	0.00131321
9500	9501	0.00131321
4819	9502	0.00131131
9501	9502	0.00131131
8772	9503	0.00130366
9502	9503	0.00130366
7366	9504	0.00130082
9503	9504	0.00130082
2215	9505	0.00129986
3475	9505	0.00129986
9504	9505	0.00129986
1145	9506	0.00129413
9505	9506	0.00129413
276	9507	0.00129223
9506	9507	0.00129223
4756	9508	0.00128841
9507	9508	0.00128841
7157	9509	0.00128746
9508	9509	0.00128746
3866	9510	0.00128459
9509	9510	0.00128459
8773	9511	0.00128175
9510	9511	0.00128175
2495	9512	0.00127888
9511	9512	0.00127888
3923	9513	0.0012741
9512	9513	0.0012741
4676	9514	0.00124931
9513	9514	0.00124931
1030	9515	0.00121021
9514	9515	0.00121021
3739	9516	0.00119877
9515	9516	0.00119877
4959	9517	0.0011816
9516	9517	0.0011816
4376	9518	0.00117968
9517	9518	0.00117968
4232	9519	0.00117493
9518	9519	0.00117493
302	9520	0.00117207
9519	9520	0.00117207
744	9521	0.00116634
9520	9521	0.00116634
2167	9522	0.00116539
4503	9522	0.00116539
3427	9522	0.00116539
9521	9522	0.00116539
4329	9523	0.00115871
9522	9523	0.00115871
4985	9524	0.00114536
9523	9524	0.00114536
4172	9525	0.00113868
9524	9525	0.00113868
3597	9526	0.00113201
9525	9526	0.00113201
638	9527	0.0011301
9526	9527	0.0011301
4257	9528	0.00111103
9527	9528	0.00111103
7424	9529	0.00109004
9528	9529	0.00109004
3449	9530	0.00108432
9529	9530	0.00108432
9476	9531	0.00108337
9530	9531	0.00108337
2322	9532	0.00107956
3508	9532	0.00107956
9531	9532	0.00107956
1306	9533	0.00107479
9532	9533	0.00107479
4689	9534	0.00107002
9533	9534	0.00107002
8783	9535	0.00106906
9534	9535	0.00106906
2981	9536	0.00106621
9535	9536	0.00106621
301	9537	0.00106239
9536	9537	0.00106239
3589	9538	0.00105763
9537	9538	0.00105763
4201	9539	0.00105286
9538	9539	0.00105286
8781	9540	0.00105191
9539	9540	0.00105191
3334	9541	0.00105
9540	9541	0.00105
2134	9542	0.00103378
9541	9542	0.00103378
291	9543	0.00103092
9542	9543	0.00103092
7427	9544	0.00102997
9543	9544	0.00102997
9477	9545	0.00101947
9544	9545	0.00101947
221	9546	0.00100899
9545	9546	0.00100899
7436	9547	0.00100135
9546	9547	0.00100135
2862	9548	0.000995633
9547	9548	0.000995633
5054	9549	0.000993728
9548	9549	0.000993728
2894	9550	0.000988005
3405	9550	0.000988005
9549	9550	0.000988005
1498	9551	0.000979422
9550	9551	0.000979422
2166	9552	0.000974654
9551	9552	0.000974654
446	9553	0.000969887
9552	9553	0.000969887
1976	9554	0.000968935
9553	9554	0.000968935
1020	9555	0.000962259
7445	9555	0.000962259
9554	9555	0.000962259
173	9556	0.000959396
9555	9556	0.000959396
2120	9557	0.000958448
9556	9557	0.000958448
1173	9558	0.000955582
9557	9558	0.000955582
3239	9559	0.000948907
7364	9559	0.000948907
9558	9559	0.000948907
9559	9560	0.000937464
4484	9560	0.000937464
4579	9561	0.000934601
9560	9561	0.000934601
2922	9562	0.00092888
9561	9562	0.00092888
2671	9563	0.00091838
9562	9563	0.00091838
4931	9564	0.000908855
9563	9564	0.000908855
560	9565	0.000901219
9564	9565	0.000901219
1570	9566	0.000898361
9565	9566	0.000898361
3993	9567	0.00086594
9566	9567	0.00086594
898	9568	0.00085354
9567	9568	0.00085354
4322	9569	0.000847818
9568	9569	0.000847818
3352	9570	0.000846869
9569	9570	0.000846869
1493	9571	0.000843047
1839	9571	0.000843047
9570	9571	0.000843047
4845	9572	0.000838278
9571	9572	0.000838278
3329	9573	0.000821114
9572	9573	0.000821114
670	9574	0.00081253
9573	9574	0.00081253
4306	9575	0.000811576
957	9575	0.000811576
3575	9575	0.000811576
9574	9575	0.000811576
4595	9576	0.000805855
9575	9576	0.000805855
3242	9577	0.000802987
9576	9577	0.000802987
2484	9578	0.000795363
9577	9578	0.000795363
3363	9579	0.000793456
9578	9579	0.000793456
4469	9580	0.000792504
9579	9580	0.000792504
286	9581	0.000786779
9580	9581	0.000786779
4713	9582	0.000784879
3653	9582	0.000784879
4162	9582	0.000784879
9581	9582	0.000784879
3286	9583	0.000782966
9582	9583	0.000782966
4323	9584	0.000772477
4034	9584	0.000772477
9583	9584	0.000772477
2684	9585	0.000771527
9584	9585	0.000771527
4697	9586	0.000768664
9585	9586	0.000768664
7419	9587	0.000767705
9586	9587	0.000767705
8780	9588	0.0007658
9587	9588	0.0007658
4249	9589	0.00074768
9588	9589	0.00074768
9313	9590	0.000744819
9589	9590	0.000744819
4949	9591	0.000741958
9590	9591	0.000741958
3437	9592	0.000741004
3174	9592	0.000741004
9591	9592	0.000741004
4649	9593	0.000736237
9592	9593	0.000736237
9310	9594	0.00073338
2475	9594	0.00073338
2928	9594	0.00073338
3400	9594	0.00073338
3930	9594	0.00073338
4129	9594	0.00073338
4547	9594	0.00073338
4550	9594	0.00073338
4653	9594	0.00073338
4754	9594	0.00073338
4950	9594	0.00073338
2583	9594	0.00073338
2505	9594	0.00073338
1451	9594	0.00073338
1786	9594	0.00073338
1804	9594	0.00073338
2977	9594	0.00073338
3919	9594	0.00073338
3929	9594	0.00073338
3942	9594	0.00073338
3943	9594	0.00073338
4029	9594	0.00073338
4191	9594	0.00073338
4225	9594	0.00073338
4344	9594	0.00073338
4351	9594	0.00073338
4359	9594	0.00073338
4454	9594	0.00073338
4466	9594	0.00073338
4472	9594	0.00073338
4540	9594	0.00073338
4543	9594	0.00073338
4662	9594	0.00073338
4953	9594	0.00073338
4532	9594	0.00073338
9593	9594	0.00073338
2797	9595	0.000717162
9594	9595	0.000717162
934	9596	0.000712392
9595	9596	0.000712392
4204	9597	0.000706677
9596	9597	0.000706677
2079	9598	0.000705717
9597	9598	0.000705717
1555	9599	0.000704766
9598	9599	0.000704766
4013	9600	0.00069523
9599	9600	0.00069523
9314	9601	0.000692367
9600	9601	0.000692367
2729	9602	0.000690461
9601	9602	0.000690461
600	9603	0.000686646
9602	9603	0.000686646
3864	9604	0.000681876
9603	9604	0.000681876
3047	9605	0.000667572
9604	9605	0.000667572
3315	9606	0.000665666
9605	9606	0.000665666
331	9607	0.000658029
9606	9607	0.000658029
2118	9608	0.00065136
9607	9608	0.00065136
4194	9609	0.000650407
9608	9609	0.000650407
4617	9610	0.000647545
9609	9610	0.000647545
4612	9611	0.000642774
9610	9611	0.000642774
83	9612	0.000638006
9611	9612	0.000638006
9312	9613	0.000632286
9612	9613	0.000632286
3499	9614	0.000629426
9613	9614	0.000629426
2106	9615	0.000628472
9614	9615	0.000628472
4401	9616	0.000627519
9615	9616	0.000627519
7285	9617	0.000594141
9616	9617	0.000594141
4083	9618	0.000590324
9617	9618	0.000590324
4926	9619	0.000576021
9618	9619	0.000576021
8775	9620	0.00057125
9619	9620	0.00057125
970	9621	0.000566482
9620	9621	0.000566482
8782	9622	0.000562668
9621	9622	0.000562668
222	9623	0.00055409
9622	9623	0.00055409
4404	9624	0.000550268
9623	9624	0.000550268
2042	9625	0.000540735
4730	9625	0.000540735
9624	9625	0.000540735
3300	9626	0.000535967
9625	9626	0.000535967
1878	9627	0.000527381
9626	9627	0.000527381
3482	9628	0.000520706
9627	9628	0.000520706
4412	9629	0.000514028
9628	9629	0.000514028
2373	9630	0.000512123
9629	9630	0.000512123
1043	9631	0.000511169
9630	9631	0.000511169
4674	9632	0.000472069
4654	9632	0.000472069
4573	9633	0.000510215
9631	9633	0.000510215
3394	9634	0.000499725
9633	9634	0.000499725
3205	9635	0.000496865
9634	9635	0.000496865
2885	9636	0.000494957
9635	9636	0.000494957
1901	9637	0.000494004
9636	9637	0.000494004
468	9638	0.000486375
9637	9638	0.000486375
4461	9639	0.000480652
9638	9639	0.000480652
1814	9640	0.000475885
9639	9640	0.000475885
2521	9641	0.000470161
9640	9641	0.000470161
2972	9642	0.000468254
9641	9642	0.000468254
9632	9643	0.000461578
2762	9643	0.000461578
9642	9643	0.000461578
2705	9644	0.000454903
9643	9644	0.000454903
2659	9645	0.000452995
9644	9645	0.000452995
3839	9646	0.000452042
9645	9646	0.000452042
3849	9647	0.000448227
9646	9647	0.000448227
3372	9648	0.000442503
9647	9648	0.000442503
7121	9649	0.000439644
9648	9649	0.000439644
1629	9650	0.000438691
9649	9650	0.000438691
3428	9651	0.000434875
9650	9651	0.000434875
1966	9652	0.000421525
9651	9652	0.000421525
739	9653	0.000416756
9652	9653	0.000416756
236	9654	0.000412941
9653	9654	0.000412941
1688	9655	0.000407218
4925	9655	0.000407218
9654	9655	0.000407218
1534	9656	0.000406265
9655	9656	0.000406265
54	9657	0.000404358
4463	9657	0.000404358
9656	9657	0.000404358
8769	9658	0.00039959
9657	9658	0.00039959
4802	9659	0.000396727
9658	9659	0.000396727
1051	9660	0.000391007
9659	9660	0.000391007
3277	9661	0.000372887
9660	9661	0.000372887
9661	9662	0.000367166
3838	9662	0.000367166
3481	9663	0.000364304
9662	9663	0.000364304
3622	9664	0.000361441
9663	9664	0.000361441
2741	9665	0.000357629
9664	9665	0.000357629
978	9666	0.000353813
9665	9666	0.000353813
4293	9667	0.000343322
9666	9667	0.000343322
2787	9668	0.000338554
9667	9668	0.000338554
4509	9669	0.000333786
9668	9669	0.000333786
2584	9670	0.000329971
9669	9670	0.000329971
2052	9671	0.000324249
9670	9671	0.000324249
186	9672	0.000310898
9671	9672	0.000310898
5057	9673	0.000296593
3252	9673	0.000296593
9672	9673	0.000296593
2276	9674	0.000293731
3928	9674	0.000293731
9673	9674	0.000293731
3289	9675	0.000288963
9674	9675	0.000288963
4040	9676	0.000285149
9675	9676	0.000285149
2970	9677	0.000283241
9676	9677	0.000283241
3631	9678	0.000275612
9677	9678	0.000275612
3727	9679	0.000272751
9678	9679	0.000272751
2388	9680	0.000265122
9679	9680	0.000265122
3703	9681	0.000263214
9680	9681	0.000263214
2255	9682	0.000254631
9681	9682	0.000254631
1187	9683	0.000252724
9682	9683	0.000252724
3922	9684	0.000248909
9683	9684	0.000248909
3646	9685	0.000247001
9684	9685	0.000247001
4202	9686	0.000238419
9685	9686	0.000238419
2503	9687	0.00021553
9686	9687	0.00021553
4092	9688	0.000207901
9687	9688	0.000207901
2471	9689	0.000198365
9688	9689	0.000198365
4636	9690	0.000181198
9689	9690	0.000181198
7444	9691	0.000172615
9690	9691	0.000172615
4908	9692	0.000171662
9691	9692	0.000171662
3979	9693	0.000165939
9692	9693	0.000165939
4307	9694	0.000153541
9693	9694	0.000153541
761	9695	0.000135422
9694	9695	0.000135422
2733	9696	0.000118255
9695	9696	0.000118255
7447	9697	0.000103951
9696	9697	0.000103951
4047	9698	3.5286e-05
9697	9698	3.5286e-05