1	5058	0.107589
3100	5058	0.107589
3164	5059	0.0326846
55	5059	0.0326846
3889	5060	0.295778
3344	5060	0.295778
3411	5061	0.0210637
5060	5061	0.0210637
1853	5062	0.0595183
2209	5062	0.0595183
3660	5063	0.18373
3661	5063	0.18373
5063	5064	0.094035
3629	5064	0.094035
5062	5065	0.0573304
5064	5065	0.0573304
313	5066	0.039514
5065	5066	0.039514
2189	5067	0.239687
4061	5067	0.239687
4402	5068	0.0172238
2744	5068	0.0172238
220	5069	0.0227206
3658	5069	0.0227206
4226	5070	0.0333894
1416	5070	0.0333894
5070	5071	0.0298196
1415	5071	0.0298196
3298	5072	0.0218561
5071	5072	0.0218561
4960	5073	0.132181
4955	5073	0.132181
4843	5074	0.128013
5073	5074	0.128013
4557	5075	0.0630387
1858	5075	0.0630387
4749	5076	0.0172701
5075	5076	0.0172701
3059	5077	0.31443
92	5077	0.31443
5077	5078	0.085733
2424	5078	0.085733
3017	5079	0.0744519
5078	5079	0.0744519
2642	5080	0.171485
1496	5080	0.171485
3087	5081	0.191998
1181	5081	0.191998
5081	5082	0.167905
2927	5082	0.167905
5082	5083	0.0901234
3524	5083	0.0901234
5083	5084	0.0530561
3831	5084	0.0530561
5084	5085	0.0438347
263	5085	0.0438347
4485	5086	0.018356
5085	5086	0.018356
4304	5087	0.0217517
1288	5087	0.0217517
349	5088	0.254719
3977	5088	0.254719
373	5088	0.254719
5088	5089	0.0175014
1916	5089	0.0175014
3526	5090	0.0455095
603	5090	0.0455095
5090	5091	0.020379
289	5091	0.020379
1401	5092	0.165706
1049	5092	0.165706
5092	5093	0.116609
4958	5093	0.116609
4430	5094	0.0557517
590	5094	0.0557517
5094	5095	0.0474369
3901	5095	0.0474369
1205	5096	0.141369
2897	5096	0.141369
5096	5097	0.108667
3599	5097	0.108667
2284	5098	0.0701884
2961	5098	0.0701884
5095	5099	0.0319596
3248	5099	0.0319596
5098	5100	0.0292152
948	5100	0.0292152
5097	5101	0.0271071
5100	5101	0.0271071
1317	5102	0.0209221
5099	5102	0.0209221
5102	5103	0.0181823
5101	5103	0.0181823
3422	5104	0.0181226
5103	5104	0.0181226
6	5105	0.0167122
5104	5105	0.0167122
538	5106	0.797761
2895	5106	0.797761
5106	5107	0.232402
3131	5107	0.232402
854	5108	0.041973
1343	5108	0.041973
4683	5109	0.0184021
4711	5109	0.0184021
2116	5110	0.0303112
1213	5110	0.0303112
2667	5111	0.0223377
1315	5111	0.0223377
2730	5112	0.177558
347	5112	0.177558
2321	5113	0.0423507
5112	5113	0.0423507
5113	5114	0.0190872
3469	5114	0.0190872
1576	5115	0.190163
1699	5115	0.190163
5115	5116	0.166524
2201	5116	0.166524
3341	5117	0.0314077
3997	5117	0.0314077
5117	5118	0.0208769
4726	5118	0.0208769
5118	5119	0.0177598
5116	5119	0.0177598
2435	5120	0.0523319
3293	5120	0.0523319
5120	5121	0.0232813
177	5121	0.0232813
4708	5122	0.0202078
5121	5122	0.0202078
3259	5123	0.0547502
2379	5123	0.0547502
5123	5124	0.0349839
3771	5124	0.0349839
2553	5125	0.0273445
5124	5125	0.0273445
2443	5126	0.0270208
116	5126	0.0270208
1559	5127	0.040387
2184	5127	0.040387
5127	5128	0.0334299
718	5128	0.0334299
5046	5129	0.184486
1770	5129	0.184486
4878	5130	0.032716
2851	5130	0.032716
714	5131	0.271633
3152	5131	0.271633
2002	5132	0.0322095
3021	5132	0.0322095
2976	5133	0.017058
3842	5133	0.017058
4895	5134	0.338463
932	5134	0.338463
5030	5135	0.0528206
4803	5135	0.0528206
5135	5136	0.04279
989	5136	0.04279
3194	5137	0.705825
1579	5137	0.705825
5037	5138	0.0917467
3995	5138	0.0917467
906	5139	0.0461853
713	5139	0.0461853
2630	5140	0.0447841
5139	5140	0.0447841
3000	5141	0.0384455
363	5141	0.0384455
753	5142	0.160363
1703	5142	0.160363
2783	5143	0.0203961
1004	5143	0.0203961
648	5144	0.287592
893	5144	0.287592
5144	5145	0.143562
1073	5145	0.143562
4099	5146	0.0206045
2457	5146	0.0206045
4944	5147	0.0187691
5146	5147	0.0187691
2828	5148	0.0424162
3972	5148	0.0424162
5148	5149	0.0380542
4842	5149	0.0380542
1778	5150	0.0352362
5149	5150	0.0352362
4894	5151	0.0251511
1707	5151	0.0251511
5151	5152	0.0225553
4836	5152	0.0225553
5150	5153	0.0213078
5152	5153	0.0213078
212	5154	0.0251321
3755	5154	0.0251321
1937	5155	0.0177468
1726	5155	0.0177468
2145	5156	0.0646171
3980	5156	0.0646171
1218	5157	0.0622629
327	5157	0.0622629
5156	5158	0.0528585
5157	5158	0.0528585
3452	5159	0.0517698
5158	5159	0.0517698
2674	5160	0.0514763
5159	5160	0.0514763
5160	5161	0.047903
1592	5161	0.047903
5161	5162	0.026155
9	5162	0.026155
2212	5163	0.0707399
224	5163	0.0707399
1607	5164	0.0224791
1874	5164	0.0224791
2843	5165	0.0176193
5164	5165	0.0176193
1792	5166	0.062666
1463	5166	0.062666
3369	5167	0.0367573
5166	5167	0.0367573
1000	5168	0.0368517
4165	5168	0.0368517
5168	5169	0.0358005
627	5169	0.0358005
2606	5170	0.100972
2251	5170	0.100972
5170	5171	0.0804911
859	5171	0.0804911
1414	5172	0.242326
3175	5172	0.242326
5172	5173	0.0562519
4788	5173	0.0562519
5171	5174	0.0499675
5173	5174	0.0499675
2423	5175	0.0481577
5174	5175	0.0481577
2557	5176	0.0354216
5175	5176	0.0354216
3353	5177	0.0937753
2759	5177	0.0937753
4841	5178	0.0675338
1694	5178	0.0675338
4295	5179	0.0531793
198	5179	0.0531793
3555	5180	0.0412104
4989	5180	0.0412104
1551	5181	0.059983
2524	5181	0.059983
3588	5182	0.056858
5181	5182	0.056858
1860	5183	0.0327207
2899	5183	0.0327207
790	5184	0.108172
2776	5184	0.108172
5184	5185	0.0450458
3487	5185	0.0450458
2186	5186	0.223515
832	5186	0.223515
119	5187	0.0294973
5186	5187	0.0294973
3037	5188	0.0294272
228	5188	0.0294272
5188	5189	0.0275769
4640	5189	0.0275769
5187	5190	0.0250824
5189	5190	0.0250824
4336	5191	0.256979
3905	5191	0.256979
2447	5192	0.0823943
2304	5192	0.0823943
4668	5193	0.0635789
653	5193	0.0635789
2903	5194	0.20613
1126	5194	0.20613
5194	5195	0.115206
3732	5195	0.115206
5195	5196	0.0987945
750	5196	0.0987945
2810	5197	0.0929706
5196	5197	0.0929706
1539	5198	0.0831674
3498	5198	0.0831674
5197	5199	0.0705937
5198	5199	0.0705937
924	5200	0.0600183
5199	5200	0.0600183
5200	5201	0.054116
1594	5201	0.054116
4106	5202	0.045231
4367	5202	0.045231
3228	5203	0.0405016
5202	5203	0.0405016
5201	5204	0.0399863
5203	5204	0.0399863
5204	5205	0.0358221
205	5205	0.0358221
4150	5206	0.0453168
1360	5206	0.0453168
4251	5207	0.0647876
2901	5207	0.0647876
4	5208	0.0512069
5207	5208	0.0512069
2633	5209	0.119603
3296	5209	0.119603
460	5210	0.109995
5209	5210	0.109995
5210	5211	0.0784616
3438	5211	0.0784616
5211	5212	0.0618354
1502	5212	0.0618354
5212	5213	0.0449138
4487	5213	0.0449138
5213	5214	0.0381922
4262	5214	0.0381922
861	5215	0.0696793
2693	5215	0.0696793
1763	5216	0.0414848
129	5216	0.0414848
527	5217	0.0413937
5216	5217	0.0413937
5215	5218	0.0411386
1549	5218	0.0411386
3894	5219	0.040657
1098	5219	0.040657
5217	5220	0.0393941
1957	5220	0.0393941
1681	5221	0.0395633
5218	5221	0.0395633
5220	5222	0.0385734
5221	5222	0.0385734
5222	5223	0.0368413
5219	5223	0.0368413
3835	5224	0.0363847
5223	5224	0.0363847
4983	5225	0.0652909
14	5225	0.0652909
3266	5226	0.0601982
1654	5226	0.0601982
1560	5227	0.0468962
892	5227	0.0468962
1730	5228	0.0534107
1294	5228	0.0534107
3302	5229	0.0533419
5228	5229	0.0533419
1380	5230	0.0463912
4576	5230	0.0463912
4228	5231	0.0485111
1775	5231	0.0485111
5229	5232	0.0448141
5231	5232	0.0448141
2399	5233	0.0434159
1331	5233	0.0434159
5232	5234	0.0432277
5233	5234	0.0432277
5225	5235	0.0412784
5234	5235	0.0412784
680	5236	0.0408213
5001	5236	0.0408213
1409	5237	0.0422987
2607	5237	0.0422987
5237	5238	0.0414947
5230	5238	0.0414947
5238	5239	0.0401488
2641	5239	0.0401488
5239	5240	0.0399607
2798	5240	0.0399607
5235	5241	0.0399344
3651	5241	0.0399344
5241	5242	0.0398957
5240	5242	0.0398957
3766	5243	0.0394384
5242	5243	0.0394384
3965	5244	0.038612
5243	5244	0.038612
5244	5245	0.0385099
4153	5245	0.0385099
2384	5246	0.0381568
5236	5246	0.0381568
4224	5247	0.0380448
5246	5247	0.0380448
5245	5248	0.037848
5247	5248	0.037848
5226	5249	0.0376379
5227	5249	0.0376379
5248	5250	0.0376166
5249	5250	0.0376166
1257	5251	0.0375498
5250	5251	0.0375498
5251	5252	0.0373776
3418	5252	0.0373776
1845	5253	0.0372221
5252	5253	0.0372221
4861	5254	0.13439
1099	5254	0.13439
5254	5255	0.101766
1830	5255	0.101766
5255	5256	0.0924967
4398	5256	0.0924967
7	5257	0.0917779
5256	5257	0.0917779
2154	5258	0.103694
1723	5258	0.103694
4143	5259	0.095898
5258	5259	0.095898
4563	5260	0.0865709
851	5260	0.0865709
5257	5261	0.0792393
5260	5261	0.0792393
5261	5262	0.0788684
5259	5262	0.0788684
5262	5263	0.0745215
3243	5263	0.0745215
2989	5264	0.0662938
5263	5264	0.0662938
5264	5265	0.055017
1828	5265	0.055017
5265	5266	0.048486
4997	5266	0.048486
5266	5267	0.0432718
2092	5267	0.0432718
3717	5268	0.0411222
3413	5268	0.0411222
5267	5269	0.0415083
1606	5269	0.0415083
5268	5270	0.038978
5269	5270	0.038978
3135	5271	0.132955
112	5271	0.132955
5271	5272	0.0734228
16	5272	0.0734228
5272	5273	0.0593384
1490	5273	0.0593384
5273	5274	0.0560571
3106	5274	0.0560571
3247	5275	0.0665393
1194	5275	0.0665393
5275	5276	0.0606392
1398	5276	0.0606392
2599	5277	0.0454
5276	5277	0.0454
20	5278	0.0453266
5277	5278	0.0453266
3569	5279	0.0548327
287	5279	0.0548327
4722	5280	0.0391529
5279	5280	0.0391529
4144	5281	0.394494
26	5281	0.394494
5281	5282	0.139638
2218	5282	0.139638
5282	5283	0.110993
727	5283	0.110993
5283	5284	0.0745128
1718	5284	0.0745128
3306	5285	0.0705203
5284	5285	0.0705203
5285	5286	0.060397
4580	5286	0.060397
4010	5287	0.0656971
3311	5287	0.0656971
506	5288	0.0560009
2497	5288	0.0560009
5287	5289	0.0550368
5288	5289	0.0550368
4098	5290	0.054994
5289	5290	0.054994
5286	5291	0.0530754
942	5291	0.0530754
5290	5292	0.0507749
5291	5292	0.0507749
1626	5293	0.0479239
5292	5293	0.0479239
1630	5294	0.0476897
5293	5294	0.0476897
5294	5295	0.0449278
1458	5295	0.0449278
5295	5296	0.0397775
427	5296	0.0397775
799	5297	0.0373656
5296	5297	0.0373656
3153	5298	0.0781738
3031	5298	0.0781738
3586	5299	0.0443859
712	5299	0.0443859
3078	5300	0.0386054
5299	5300	0.0386054
3107	5301	0.097058
1252	5301	0.097058
2838	5302	0.0553373
3086	5302	0.0553373
5302	5303	0.0445449
632	5303	0.0445449
5301	5304	0.0435871
5303	5304	0.0435871
2770	5305	0.0407202
5304	5305	0.0407202
3007	5306	0.113084
2655	5306	0.113084
5306	5307	0.0366097
1541	5307	0.0366097
3170	5308	0.0583052
1961	5308	0.0583052
5029	5309	0.0534421
5308	5309	0.0534421
5309	5310	0.0474314
3876	5310	0.0474314
1783	5311	0.0377308
5310	5311	0.0377308
1535	5312	0.0912499
3941	5312	0.0912499
256	5313	0.0802915
2244	5313	0.0802915
5312	5314	0.0710055
5313	5314	0.0710055
5314	5315	0.0667012
1116	5315	0.0667012
1078	5316	0.059289
1954	5316	0.059289
5315	5317	0.0542172
4182	5317	0.0542172
4460	5318	0.0508514
5316	5318	0.0508514
5317	5319	0.0486055
5318	5319	0.0486055
5319	5320	0.0460665
4546	5320	0.0460665
2086	5321	0.181682
1325	5321	0.181682
5321	5322	0.145884
4340	5322	0.145884
5322	5323	0.138321
307	5323	0.138321
4739	5324	0.139165
4500	5324	0.139165
5324	5325	0.136331
4988	5325	0.136331
5323	5326	0.132746
2716	5326	0.132746
5326	5327	0.125093
5325	5327	0.125093
5327	5328	0.106538
2220	5328	0.106538
5328	5329	0.10305
1674	5329	0.10305
5329	5330	0.0884828
4356	5330	0.0884828
5330	5331	0.0812101
1162	5331	0.0812101
5331	5332	0.0698118
3621	5332	0.0698118
5332	5333	0.0559635
620	5333	0.0559635
5333	5334	0.0423677
2835	5334	0.0423677
4497	5335	0.0378274
31	5335	0.0378274
530	5336	0.0427852
531	5336	0.0427852
2175	5337	0.0378678
5336	5337	0.0378678
5337	5338	0.0369101
1158	5338	0.0369101
752	5339	0.0352689
5338	5339	0.0352689
3023	5340	0.0732721
498	5340	0.0732721
5340	5341	0.0530103
4491	5341	0.0530103
1746	5342	0.0799978
4531	5342	0.0799978
5342	5343	0.0652294
178	5343	0.0652294
4877	5344	0.0556078
1512	5344	0.0556078
2464	5345	0.0547003
5344	5345	0.0547003
2460	5346	0.0483514
689	5346	0.0483514
5345	5347	0.0469737
611	5347	0.0469737
5347	5348	0.0454922
1185	5348	0.0454922
4283	5349	0.0395198
5348	5349	0.0395198
2476	5350	0.0375272
5346	5350	0.0375272
5349	5351	0.036649
5350	5351	0.036649
4424	5352	0.0801058
356	5352	0.0801058
5352	5353	0.0680805
1785	5353	0.0680805
303	5354	0.0522422
40	5354	0.0522422
5354	5355	0.0384455
4548	5355	0.0384455
1867	5356	0.0385255
1738	5356	0.0385255
5356	5357	0.0353471
1468	5357	0.0353471
5355	5358	0.0353335
5357	5358	0.0353335
4776	5359	0.0561046
993	5359	0.0561046
815	5360	0.0548057
1655	5360	0.0548057
1146	5361	0.053586
5360	5361	0.053586
3698	5362	0.0533616
3012	5362	0.0533616
3947	5363	0.0527792
5359	5363	0.0527792
5363	5364	0.0526765
5361	5364	0.0526765
281	5365	0.0492747
45	5365	0.0492747
5365	5366	0.0450543
1026	5366	0.0450543
5362	5367	0.04976
1633	5367	0.04976
5364	5368	0.0441727
5366	5368	0.0441727
5368	5369	0.0417499
3603	5369	0.0417499
4278	5370	0.0396422
5369	5370	0.0396422
3888	5371	0.0393806
5370	5371	0.0393806
5371	5372	0.0361857
3836	5372	0.0361857
5372	5373	0.0355045
5367	5373	0.0355045
4835	5374	0.0421101
46	5374	0.0421101
3886	5375	0.0353954
5374	5375	0.0353954
2122	5376	0.0654776
1516	5376	0.0654776
1677	5377	0.0440202
1355	5377	0.0440202
270	5378	0.0429162
1309	5378	0.0429162
5377	5379	0.0428246
5378	5379	0.0428246
3433	5380	0.0425729
5379	5380	0.0425729
4384	5381	0.125285
361	5381	0.125285
4522	5382	0.105227
5381	5382	0.105227
1941	5383	0.0916278
940	5383	0.0916278
2037	5384	0.074004
4197	5384	0.074004
5382	5385	0.0848297
3301	5385	0.0848297
5384	5386	0.0668558
5385	5386	0.0668558
5386	5387	0.0586344
4335	5387	0.0586344
2934	5388	0.0523257
5387	5388	0.0523257
3011	5389	0.0520427
5388	5389	0.0520427
261	5390	0.0517154
5389	5390	0.0517154
5390	5391	0.0517142
2935	5391	0.0517142
4422	5392	0.0493645
5391	5392	0.0493645
870	5393	0.0492324
5392	5393	0.0492324
5383	5394	0.044239
5393	5394	0.044239
3908	5395	0.0455026
3522	5395	0.0455026
1485	5396	0.0362247
3460	5396	0.0362247
2812	5397	0.0358459
5396	5397	0.0358459
433	5398	0.0352861
5397	5398	0.0352861
3408	5399	0.0538231
57	5399	0.0538231
5399	5400	0.0451163
4064	5400	0.0451163
4015	5400	0.0451163
1884	5401	0.0411739
5400	5401	0.0411739
5401	5402	0.0383302
1469	5402	0.0383302
5402	5403	0.0372657
4358	5403	0.0372657
3827	5404	0.122015
3041	5404	0.122015
5404	5405	0.0649749
4089	5405	0.0649749
4352	5406	0.0627023
2554	5406	0.0627023
5405	5407	0.0607139
901	5407	0.0607139
5406	5408	0.058206
5407	5408	0.058206
5408	5409	0.0577011
909	5409	0.0577011
5409	5410	0.0463714
3913	5410	0.0463714
874	5411	0.0440115
5410	5411	0.0440115
5411	5412	0.0438217
423	5412	0.0438217
1064	5413	0.043115
5412	5413	0.043115
2451	5414	0.0667541
4019	5414	0.0667541
3551	5415	0.065212
5414	5415	0.065212
766	5416	0.0629908
5415	5416	0.0629908
5416	5417	0.0612342
4670	5417	0.0612342
3122	5418	0.0366984
67	5418	0.0366984
2793	5419	0.0477142
392	5419	0.0477142
3054	5420	0.0465485
5419	5420	0.0465485
69	5421	0.0460333
5420	5421	0.0460333
70	5422	0.0517001
1235	5422	0.0517001
5422	5423	0.0400723
3091	5423	0.0400723
5045	5424	0.103872
983	5424	0.103872
161	5425	0.0553807
2918	5425	0.0553807
1999	5426	0.0788857
637	5426	0.0788857
3340	5427	0.0640496
1908	5427	0.0640496
1525	5428	0.0615431
5427	5428	0.0615431
1087	5429	0.0437923
87	5429	0.0437923
1815	5430	0.045689
3824	5430	0.045689
5426	5431	0.0398351
5430	5431	0.0398351
5429	5432	0.0384955
5431	5432	0.0384955
5432	5433	0.0378379
4910	5433	0.0378379
5428	5434	0.0373537
5433	5434	0.0373537
3409	5435	0.037538
388	5435	0.037538
1156	5436	0.0363219
5435	5436	0.0363219
359	5437	0.0361647
5436	5437	0.0361647
1955	5438	0.0749785
806	5438	0.0749785
1072	5438	0.0749785
1890	5439	0.071082
823	5439	0.071082
1980	5440	0.0586397
4305	5440	0.0586397
2725	5441	0.0577484
5440	5441	0.0577484
1613	5442	0.049728
5439	5442	0.049728
3359	5443	0.0495405
5442	5443	0.0495405
5441	5444	0.0491879
5443	5444	0.0491879
1821	5445	0.103332
4785	5445	0.103332
3625	5446	0.0574409
3473	5446	0.0574409
658	5447	0.0555456
5446	5447	0.0555456
4694	5448	0.0494698
841	5448	0.0494698
5445	5449	0.0451072
5448	5449	0.0451072
5447	5450	0.0435285
5449	5450	0.0435285
5450	5451	0.0381174
1394	5451	0.0381174
4130	5452	0.0376954
5451	5452	0.0376954
3506	5453	0.0594777
849	5453	0.0594777
5453	5454	0.0560513
2915	5454	0.0560513
4115	5455	0.0510701
943	5455	0.0510701
5455	5456	0.0479197
4733	5456	0.0479197
5456	5457	0.0433401
904	5457	0.0433401
5454	5458	0.0403497
5457	5458	0.0403497
5458	5459	0.0402605
4017	5459	0.0402605
4734	5460	0.0394886
5459	5460	0.0394886
4872	5461	0.0639275
2638	5461	0.0639275
1174	5462	0.0453515
109	5462	0.0453515
3868	5463	0.0581887
113	5463	0.0581887
124	5464	0.0458353
2985	5464	0.0458353
4379	5465	0.0620296
956	5465	0.0620296
5465	5466	0.038502
1895	5466	0.038502
2351	5467	0.0383854
5466	5467	0.0383854
1153	5468	0.0381167
5467	5468	0.0381167
1262	5469	0.0732579
3346	5469	0.0732579
5469	5470	0.0717681
1226	5470	0.0717681
3026	5471	0.0599663
5470	5471	0.0599663
998	5472	0.0586528
4377	5472	0.0586528
5471	5473	0.0527934
5472	5473	0.0527934
3549	5474	0.0526016
5473	5474	0.0526016
4719	5475	0.0521352
5474	5475	0.0521352
2775	5476	0.0492827
5475	5476	0.0492827
5476	5477	0.043279
2842	5477	0.043279
5477	5478	0.0400765
916	5478	0.0400765
5478	5479	0.0365374
4345	5479	0.0365374
852	5480	0.0968748
1882	5480	0.0968748
3659	5480	0.0968748
5480	5481	0.0553322
130	5481	0.0553322
5004	5482	0.0466591
2100	5482	0.0466591
5482	5483	0.0445807
132	5483	0.0445807
4079	5484	0.0444382
5483	5484	0.0444382
1215	5485	0.0441439
135	5485	0.0441439
3735	5486	0.2593
3541	5486	0.2593
2784	5487	0.248437
5486	5487	0.248437
1543	5488	0.165031
5487	5488	0.165031
5488	5489	0.152087
1614	5489	0.152087
5489	5490	0.132298
140	5490	0.132298
5490	5491	0.127996
3878	5491	0.127996
5491	5492	0.120637
4632	5492	0.120637
5492	5493	0.11594
4302	5493	0.11594
5493	5494	0.11126
3697	5494	0.11126
5494	5495	0.0795981
3320	5495	0.0795981
5495	5496	0.0756833
2870	5496	0.0756833
847	5497	0.0629076
5496	5497	0.0629076
5497	5498	0.0621076
2397	5498	0.0621076
5498	5499	0.052201
1062	5499	0.052201
5499	5500	0.0409067
420	5500	0.0409067
3750	5501	0.0618644
1009	5501	0.0618644
182	5502	0.0609228
5501	5502	0.0609228
540	5503	0.044822
2745	5503	0.044822
694	5504	0.0434589
5503	5504	0.0434589
3246	5505	0.0384199
5504	5505	0.0384199
3253	5506	0.113297
2627	5506	0.113297
4217	5507	0.0361873
2552	5507	0.0361873
1636	5508	0.0916029
4504	5508	0.0916029
4638	5509	0.0706282
5508	5509	0.0706282
5509	5510	0.0355958
1950	5510	0.0355958
1915	5511	0.0426578
288	5511	0.0426578
5511	5512	0.0395633
2035	5512	0.0395633
5512	5513	0.0367326
2421	5513	0.0367326
1990	5514	0.0358077
5513	5514	0.0358077
3468	5515	0.05765
1286	5515	0.05765
5515	5516	0.0471997
1868	5516	0.0471997
5516	5517	0.0419496
172	5517	0.0419496
5517	5518	0.0417208
163	5518	0.0417208
4321	5519	0.0373924
5518	5519	0.0373924
1871	5520	0.0360083
5519	5520	0.0360083
1685	5521	0.0488935
894	5521	0.0488935
1880	5522	0.164685
1881	5522	0.164685
5522	5523	0.1185
2467	5523	0.1185
1365	5524	0.0972717
5523	5524	0.0972717
2269	5525	0.0425879
3935	5525	0.0425879
5524	5526	0.0384577
5525	5526	0.0384577
5526	5527	0.0382175
1536	5527	0.0382175
2163	5528	0.0411892
895	5528	0.0411892
5528	5529	0.0410054
185	5529	0.0410054
3390	5530	0.0414983
3680	5530	0.0414983
189	5531	0.0378035
5530	5531	0.0378035
1144	5532	0.0361824
5531	5532	0.0361824
5532	5533	0.0352936
494	5533	0.0352936
190	5534	0.038335
2992	5534	0.038335
2463	5535	0.0366995
5534	5535	0.0366995
3314	5536	0.0355177
5535	5536	0.0355177
1366	5537	0.1753
3395	5537	0.1753
5537	5538	0.122066
357	5538	0.122066
5538	5539	0.0918165
971	5539	0.0918165
202	5540	0.112466
813	5540	0.112466
5540	5541	0.0886666
3220	5541	0.0886666
5541	5542	0.0782612
532	5542	0.0782612
5539	5543	0.058794
5542	5543	0.058794
5543	5544	0.0537418
268	5544	0.0537418
2440	5545	0.0673242
4237	5545	0.0673242
5545	5546	0.0637358
1336	5546	0.0637358
3171	5547	0.0555924
5546	5547	0.0555924
5547	5548	0.0520723
280	5548	0.0520723
4054	5549	0.0507222
5548	5549	0.0507222
4297	5550	0.0449773
5549	5550	0.0449773
2312	5551	0.0444988
5550	5551	0.0444988
1031	5552	0.0461616
2826	5552	0.0461616
5551	5553	0.0432373
3020	5553	0.0432373
218	5554	0.0426737
5553	5554	0.0426737
5554	5555	0.0407944
4199	5555	0.0407944
5552	5556	0.0405257
5555	5556	0.0405257
4744	5557	0.0369323
5556	5557	0.0369323
2694	5558	0.248841
1277	5558	0.248841
5558	5559	0.0472105
2786	5559	0.0472105
298	5560	0.041864
3039	5560	0.041864
2018	5561	0.261896
4103	5561	0.261896
3821	5562	0.101861
5561	5562	0.101861
5562	5563	0.086695
2376	5563	0.086695
5563	5564	0.0691138
1002	5564	0.0691138
2592	5565	0.0683518
5564	5565	0.0683518
5565	5566	0.068285
609	5566	0.068285
5566	5567	0.045099
1982	5567	0.045099
857	5568	0.047458
878	5568	0.047458
5567	5569	0.0407044
5568	5569	0.0407044
5569	5570	0.040258
3505	5570	0.040258
304	5571	0.0490238
1521	5571	0.0490238
1848	5572	0.0366312
235	5572	0.0366312
240	5573	0.0369255
3043	5573	0.0369255
5573	5574	0.0364192
4626	5574	0.0364192
3877	5575	0.0790762
242	5575	0.0790762
5575	5576	0.0595455
634	5576	0.0595455
5576	5577	0.0379797
4025	5577	0.0379797
4400	5578	0.0766468
245	5578	0.0766468
4923	5579	0.0754745
899	5579	0.0754745
4001	5580	0.0615488
2208	5580	0.0615488
5580	5581	0.0576306
2406	5581	0.0576306
5579	5582	0.0513739
5581	5582	0.0513739
249	5583	0.0475686
5582	5583	0.0475686
1719	5584	0.0445204
5583	5584	0.0445204
2415	5585	0.055214
253	5585	0.055214
5585	5586	0.0362311
666	5586	0.0362311
1405	5587	0.0360422
5586	5587	0.0360422
5587	5588	0.0357584
4018	5588	0.0357584
4530	5588	0.0357584
2645	5589	0.101402
264	5589	0.101402
5589	5590	0.0600133
3218	5590	0.0600133
1018	5591	0.0410431
1670	5591	0.0410431
3721	5592	0.0604412
372	5592	0.0604412
3198	5593	0.0372506
497	5593	0.0372506
5593	5594	0.0369056
4826	5594	0.0369056
2603	5595	0.0668396
2153	5595	0.0668396
284	5596	0.0400775
344	5596	0.0400775
1196	5597	0.0365559
5596	5597	0.0365559
1787	5598	0.0365401
5597	5598	0.0365401
5595	5599	0.0354335
5598	5599	0.0354335
2317	5600	0.0577383
2187	5600	0.0577383
2319	5601	0.0545726
5600	5601	0.0545726
5601	5602	0.0521072
1508	5602	0.0521072
5602	5603	0.0507939
1136	5603	0.0507939
4513	5604	0.0485743
1361	5604	0.0485743
5603	5605	0.0476131
5604	5605	0.0476131
3645	5606	0.153793
4298	5606	0.153793
5606	5607	0.0807512
1202	5607	0.0807512
2297	5608	0.0755077
4693	5608	0.0755077
5608	5609	0.0743219
5607	5609	0.0743219
3859	5610	0.0719789
5609	5610	0.0719789
735	5611	0.0362311
320	5611	0.0362311
1130	5612	0.049502
4281	5612	0.049502
1249	5613	0.106565
1519	5613	0.106565
5613	5614	0.0948602
4420	5614	0.0948602
5614	5615	0.043239
338	5615	0.043239
873	5615	0.043239
4606	5616	0.0556784
4956	5616	0.0556784
2874	5617	0.0563238
1140	5617	0.0563238
3485	5618	0.05418
5617	5618	0.05418
3571	5619	0.0957634
3111	5619	0.0957634
5619	5620	0.0752417
2309	5620	0.0752417
5032	5621	0.0749079
5620	5621	0.0749079
677	5622	0.0437484
2533	5622	0.0437484
5616	5623	0.0417877
5618	5623	0.0417877
5622	5624	0.0413028
5623	5624	0.0413028
440	5625	0.0408498
5624	5625	0.0408498
514	5626	0.0398386
5625	5626	0.0398386
5626	5627	0.0392275
4554	5627	0.0392275
5621	5628	0.038801
5627	5628	0.038801
4539	5629	0.0754271
445	5629	0.0754271
1272	5630	0.0635897
3079	5630	0.0635897
2890	5631	0.0463208
546	5631	0.0463208
2431	5632	0.0607369
5630	5632	0.0607369
3225	5633	0.0596459
5632	5633	0.0596459
5633	5634	0.0558994
2031	5634	0.0558994
4465	5635	0.0550533
959	5635	0.0550533
3291	5636	0.0513605
5635	5636	0.0513605
5634	5637	0.0475779
5636	5637	0.0475779
5629	5638	0.0457933
2280	5638	0.0457933
5637	5639	0.0439524
5638	5639	0.0439524
3373	5640	0.0423594
3854	5640	0.0423594
5639	5640	0.0423594
3459	5641	0.0455095
4634	5641	0.0455095
2370	5642	0.0406135
5641	5642	0.0406135
5640	5643	0.0379808
5631	5643	0.0379808
5642	5644	0.035781
5643	5644	0.035781
1387	5645	0.0542179
368	5645	0.0542179
2863	5646	0.0844344
3672	5646	0.0844344
5646	5647	0.0611887
2913	5647	0.0611887
5647	5648	0.0395451
381	5648	0.0395451
401	5649	0.0425843
1736	5649	0.0425843
3814	5650	0.0424926
5649	5650	0.0424926
562	5651	0.0737235
402	5651	0.0737235
4459	5651	0.0737235
711	5652	0.0420501
4968	5652	0.0420501
2046	5653	0.0380111
405	5653	0.0380111
4526	5654	0.126769
4797	5654	0.126769
5654	5655	0.067692
467	5655	0.067692
3191	5656	0.0541255
5655	5656	0.0541255
5656	5657	0.0425087
2537	5657	0.0425087
410	5658	0.0414219
436	5658	0.0414219
1091	5659	0.0512903
3207	5659	0.0512903
415	5660	0.0504623
5659	5660	0.0504623
891	5661	0.044076
3744	5661	0.044076
5661	5662	0.0387499
1743	5662	0.0387499
4250	5663	0.0666181
4752	5663	0.0666181
4659	5664	0.400783
1642	5664	0.400783
3644	5665	0.1006
4780	5665	0.1006
929	5666	0.100567
5665	5666	0.100567
5664	5667	0.0494148
5666	5667	0.0494148
422	5668	0.0546513
2237	5668	0.0546513
4094	5669	0.0501164
5668	5669	0.0501164
1229	5670	0.0434606
5669	5670	0.0434606
3055	5671	0.0388562
5670	5671	0.0388562
2648	5672	0.169407
4240	5672	0.169407
2200	5673	0.0482307
2334	5673	0.0482307
5673	5674	0.0431848
846	5674	0.0431848
1825	5675	0.0421916
5674	5675	0.0421916
5675	5676	0.0379655
877	5676	0.0379655
5672	5677	0.0373618
5676	5677	0.0373618
2274	5678	0.0487893
783	5678	0.0487893
3004	5679	0.0363652
465	5679	0.0363652
2281	5680	0.0716381
4775	5680	0.0716381
5680	5681	0.0548655
3926	5681	0.0548655
5681	5682	0.041803
2873	5682	0.041803
1658	5683	0.0428771
3837	5683	0.0428771
4724	5684	0.187572
4975	5684	0.187572
5684	5685	0.1172
4474	5685	0.1172
5685	5686	0.058633
493	5686	0.058633
5686	5687	0.0557031
3774	5687	0.0557031
496	5688	0.0925363
2520	5688	0.0925363
5688	5689	0.0413158
2032	5689	0.0413158
1103	5690	0.0800553
503	5690	0.0800553
5690	5691	0.0686901
2041	5691	0.0686901
5691	5692	0.0500946
1102	5692	0.0500946
5692	5693	0.0408959
1183	5693	0.0408959
4863	5694	0.0797169
2531	5694	0.0797169
5694	5695	0.0760897
4435	5695	0.0760897
5695	5696	0.067663
517	5696	0.067663
3962	5697	0.086224
2821	5697	0.086224
5697	5698	0.0600455
1542	5698	0.0600455
5698	5699	0.0538515
4892	5699	0.0538515
524	5700	0.106513
836	5700	0.106513
5700	5701	0.0642471
2374	5701	0.0642471
5701	5702	0.0614546
3701	5702	0.0614546
4235	5703	0.0389326
5702	5703	0.0389326
543	5704	0.0867391
2738	5704	0.0867391
5704	5705	0.0596793
2608	5705	0.0596793
5705	5706	0.0423376
821	5706	0.0423376
779	5707	0.123712
1805	5707	0.123712
3222	5708	0.0703652
2143	5708	0.0703652
5707	5709	0.0690189
545	5709	0.0690189
5708	5710	0.057676
5709	5710	0.057676
5710	5711	0.0372653
784	5711	0.0372653
553	5712	0.0366574
2654	5712	0.0366574
4147	5713	0.0758891
2739	5713	0.0758891
5713	5714	0.0552011
3447	5714	0.0552011
4161	5715	0.0498039
4179	5715	0.0498039
5714	5716	0.0450851
5715	5716	0.0450851
5716	5717	0.037686
4301	5717	0.037686
1048	5718	0.0791123
3633	5718	0.0791123
5718	5719	0.0587267
1796	5719	0.0587267
574	5720	0.0556431
3987	5720	0.0556431
5720	5721	0.0547194
5719	5721	0.0547194
2123	5722	0.043246
3149	5722	0.043246
591	5723	0.0411284
4738	5723	0.0411284
1265	5724	0.0803831
2632	5724	0.0803831
5724	5725	0.0503908
1264	5725	0.0503908
5725	5726	0.0425022
1263	5726	0.0425022
5726	5727	0.0401173
4140	5727	0.0401173
5727	5728	0.0377953
2625	5728	0.0377953
3756	5729	0.0700721
596	5729	0.0700721
5729	5730	0.0653305
3197	5730	0.0653305
5730	5731	0.0438937
2678	5731	0.0438937
5731	5732	0.0416618
1597	5732	0.0416618
5732	5733	0.0409647
2023	5733	0.0409647
5733	5734	0.0405436
1572	5734	0.0405436
3240	5735	0.150168
3432	5735	0.150168
3417	5736	0.164898
614	5736	0.164898
621	5737	0.0711267
1956	5737	0.0711267
625	5738	0.0934156
3602	5738	0.0934156
5738	5739	0.0881328
1377	5739	0.0881328
3800	5740	0.0659673
5739	5740	0.0659673
5740	5741	0.0361065
4415	5741	0.0361065
5008	5742	0.0627864
641	5742	0.0627864
644	5743	0.0498828
3619	5743	0.0498828
5743	5744	0.0418609
3914	5744	0.0418609
2529	5745	0.0368673
5744	5745	0.0368673
2628	5746	0.0538548
2719	5746	0.0538548
5746	5747	0.0411715
3046	5747	0.0411715
5747	5748	0.0382686
4041	5748	0.0382686
5748	5749	0.0377033
1132	5749	0.0377033
4189	5750	0.0733525
2854	5750	0.0733525
5750	5751	0.0485438
679	5751	0.0485438
1313	5752	0.0756603
4116	5752	0.0756603
5752	5753	0.0557558
3778	5753	0.0557558
2698	5754	0.0544075
5753	5754	0.0544075
4007	5755	0.0769006
3367	5755	0.0769006
2072	5756	0.0957443
4641	5756	0.0957443
3590	5757	0.0908766
5756	5757	0.0908766
5757	5758	0.0386187
696	5758	0.0386187
5758	5759	0.0373187
1476	5759	0.0373187
856	5760	0.0705323
1224	5760	0.0705323
5760	5761	0.0596949
1790	5761	0.0596949
2651	5762	0.0837453
723	5762	0.0837453
726	5763	0.0716308
1464	5763	0.0716308
1307	5764	0.0946978
738	5764	0.0946978
741	5765	0.0387348
1086	5765	0.0387348
5765	5766	0.0383878
4008	5766	0.0383878
5766	5767	0.0370821
1379	5767	0.0370821
1424	5768	0.0944241
2469	5768	0.0944241
5768	5769	0.0886973
927	5769	0.0886973
1478	5770	0.0800665
5769	5770	0.0800665
5770	5771	0.0621658
2448	5771	0.0621658
5771	5772	0.043285
1370	5772	0.043285
4380	5773	0.0424556
5772	5773	0.0424556
3970	5774	0.083755
1582	5774	0.083755
5774	5775	0.0643099
3161	5775	0.0643099
2132	5776	0.0392999
5775	5776	0.0392999
2953	5777	0.0509111
3574	5777	0.0509111
1574	5778	0.0659205
788	5778	0.0659205
4338	5779	0.0780686
1984	5779	0.0780686
2164	5780	0.0561021
3140	5780	0.0561021
5779	5781	0.0417349
5780	5781	0.0417349
5778	5782	0.0372486
1067	5782	0.0372486
5781	5783	0.0353345
5782	5783	0.0353345
1142	5784	0.0402905
4852	5784	0.0402905
805	5785	0.039525
5784	5785	0.039525
829	5786	0.0435619
4091	5786	0.0435619
1357	5787	0.208286
4695	5787	0.208286
5787	5788	0.0431086
3184	5788	0.0431086
2277	5789	0.138821
4020	5789	0.138821
2438	5790	0.0367174
968	5790	0.0367174
4822	5791	0.10119
1835	5791	0.10119
5791	5792	0.0929303
4787	5792	0.0929303
5792	5793	0.0425308
845	5793	0.0425308
4569	5794	0.04977
2038	5794	0.04977
4421	5795	0.0442973
5794	5795	0.0442973
3729	5796	0.119084
3573	5796	0.119084
5796	5797	0.0595887
921	5797	0.0595887
5797	5798	0.0559801
920	5798	0.0559801
5798	5799	0.0448703
1423	5799	0.0448703
5799	5800	0.0413397
1503	5800	0.0413397
2066	5801	0.0368995
1419	5801	0.0368995
961	5802	0.0498828
1344	5802	0.0498828
5802	5803	0.0378423
2198	5803	0.0378423
2558	5804	0.0723786
974	5804	0.0723786
980	5805	0.218218
2292	5805	0.218218
3209	5806	0.0372933
1027	5806	0.0372933
2526	5807	0.0732044
1041	5807	0.0732044
1042	5808	0.0407028
5024	5808	0.0407028
1095	5809	0.116059
4095	5809	0.116059
1104	5810	0.045565
4870	5810	0.045565
4353	5811	0.0614204
1154	5811	0.0614204
5811	5812	0.0460085
1492	5812	0.0460085
5812	5813	0.0364445
3763	5813	0.0364445
1160	5814	0.113838
1925	5814	0.113838
2765	5815	0.0365442
2884	5815	0.0365442
2259	5816	0.0704282
3875	5816	0.0704282
3288	5817	0.0648164
5816	5817	0.0648164
4310	5818	0.0559648
5817	5818	0.0559648
1197	5819	0.0352422
1840	5819	0.0352422
2412	5820	0.0489462
4545	5820	0.0489462
3738	5821	0.0744494
3741	5821	0.0744494
1375	5822	0.0753172
1283	5822	0.0753172
3733	5823	0.0661076
5822	5823	0.0661076
4751	5824	0.0498657
1754	5824	0.0498657
2987	5825	0.0381135
2675	5825	0.0381135
2354	5826	0.0355832
5825	5826	0.0355832
4175	5827	0.059516
4572	5827	0.059516
3479	5828	0.0690437
1395	5828	0.0690437
5828	5829	0.0505764
2695	5829	0.0505764
1420	5830	0.113965
4036	5830	0.113965
5830	5831	0.0728223
1591	5831	0.0728223
3371	5832	0.0596575
5831	5832	0.0596575
1448	5833	0.0465375
3918	5833	0.0465375
3066	5834	0.0477574
1449	5834	0.0477574
3903	5835	0.258816
1465	5835	0.258816
1489	5836	0.1231
4437	5836	0.1231
1504	5837	0.0369591
3075	5837	0.0369591
2900	5838	0.0435986
4203	5838	0.0435986
2342	5839	0.0974852
3958	5839	0.0974852
5839	5840	0.0823755
1616	5840	0.0823755
4887	5841	0.0438292
4033	5841	0.0438292
4393	5842	0.0967926
1684	5842	0.0967926
3076	5843	0.109984
3138	5843	0.109984
1732	5844	0.1206
3294	5844	0.1206
5844	5845	0.0439717
3757	5845	0.0439717
2562	5846	0.22142
4405	5846	0.22142
3168	5847	0.0969655
4188	5847	0.0969655
5847	5848	0.0510074
1816	5848	0.0510074
4394	5849	0.0829469
4055	5849	0.0829469
5849	5850	0.0387325
3364	5850	0.0387325
1913	5851	0.110117
3420	5851	0.110117
4672	5852	0.0439007
4181	5852	0.0439007
2141	5853	0.0497417
3262	5853	0.0497417
3534	5854	0.129936
4016	5854	0.129936
5854	5855	0.0684577
2007	5855	0.0684577
2817	5856	0.0692206
4128	5856	0.0692206
3495	5857	0.0377588
2151	5857	0.0377588
4190	5858	0.036818
5857	5858	0.036818
2582	5859	0.0643305
3614	5859	0.0643305
2238	5860	0.0607183
4940	5860	0.0607183
5860	5861	0.0377053
3249	5861	0.0377053
2248	5862	0.187994
2975	5862	0.187994
5862	5863	0.0545532
4999	5863	0.0545532
5863	5864	0.0479171
4108	5864	0.0479171
4633	5865	0.051325
3640	5865	0.051325
5865	5866	0.0359822
2298	5866	0.0359822
2634	5867	0.132994
3232	5867	0.132994
5867	5868	0.0802245
3484	5868	0.0802245
2734	5869	0.0619438
4801	5869	0.0619438
2808	5870	0.0525842
5869	5870	0.0525842
4408	5871	0.0658349
2756	5871	0.0658349
2774	5872	0.0372586
3267	5872	0.0372586
4073	5873	0.0367202
5872	5873	0.0367202
2816	5874	0.0419262
3192	5874	0.0419262
2889	5875	0.0381568
2892	5875	0.0381568
4453	5876	0.139479
4343	5876	0.139479
4946	5877	0.198624
3403	5877	0.198624
2711	5878	0.0325302
5615	5878	0.0325302
583	5879	0.0302288
5878	5879	0.0302288
5806	5880	0.023427
3238	5880	0.023427
5485	5881	0.0325435
4774	5881	0.0325435
701	5882	0.032442
5881	5882	0.032442
5882	5883	0.0259297
910	5883	0.0259297
1335	5883	0.0259297
5612	5884	0.0297109
329	5884	0.0297109
133	5885	0.0312116
2014	5885	0.0312116
5785	5886	0.0296592
5885	5886	0.0296592
5884	5887	0.0293853
5886	5887	0.0293853
5887	5888	0.0277316
551	5888	0.0277316
1227	5889	0.0329195
5741	5889	0.0329195
5423	5890	0.0295153
4743	5890	0.0295153
5889	5891	0.0295028
5890	5891	0.0295028
5891	5892	0.0246321
2355	5892	0.0246321
425	5893	0.0290715
972	5893	0.0290715
3441	5894	0.0242682
4893	5894	0.0242682
692	5895	0.0306379
5696	5895	0.0306379
5280	5896	0.0239782
21	5896	0.0239782
5536	5897	0.0329035
4847	5897	0.0329035
5421	5898	0.0235348
1564	5898	0.0235348
5838	5899	0.0234652
5898	5899	0.0234652
5605	5900	0.0350803
2836	5900	0.0350803
5452	5901	0.0321482
5003	5901	0.0321482
5901	5902	0.0306473
2717	5902	0.0306473
377	5903	0.0305306
5902	5903	0.0305306
5298	5904	0.0292284
101	5904	0.0292284
5438	5905	0.0288296
5904	5905	0.0288296
5505	5906	0.0299649
266	5906	0.0299649
5652	5907	0.0300531
5805	5907	0.0300531
5907	5908	0.0287982
5653	5908	0.0287982
5906	5909	0.0285431
5908	5909	0.0285431
3568	5910	0.034947
1855	5910	0.034947
1529	5911	0.0316137
148	5911	0.0316137
5375	5912	0.0344256
4798	5912	0.0344256
5912	5913	0.0329577
145	5913	0.0329577
5913	5914	0.0290587
1622	5914	0.0290587
1892	5915	0.030929
5527	5915	0.030929
5915	5916	0.0281613
2446	5916	0.0281613
5788	5917	0.0334647
833	5917	0.0334647
2518	5918	0.0287315
5628	5918	0.0287315
5529	5919	0.0331192
3355	5919	0.0331192
5734	5920	0.035124
3847	5920	0.035124
5205	5921	0.034861
5206	5921	0.034861
3787	5922	0.0346862
5921	5922	0.0346862
5463	5923	0.0332529
4630	5923	0.0332529
5922	5924	0.0332182
5923	5924	0.0332182
5924	5925	0.0331014
1722	5925	0.0331014
1906	5926	0.0325346
5925	5926	0.0325346
5926	5927	0.0317526
2262	5927	0.0317526
5927	5928	0.0313566
2328	5928	0.0313566
5928	5929	0.0311934
683	5929	0.0311934
5224	5930	0.0345605
5434	5930	0.0345605
5214	5931	0.0345199
5930	5931	0.0345199
5253	5932	0.0340154
1421	5932	0.0340154
5932	5933	0.0312533
4125	5933	0.0312533
5351	5934	0.0347122
3563	5934	0.0347122
5274	5935	0.0343826
5934	5935	0.0343826
5935	5936	0.0316302
2115	5936	0.0316302
5936	5937	0.0312138
4255	5937	0.0312138
4313	5938	0.034197
5358	5938	0.034197
5938	5939	0.0331202
2121	5939	0.0331202
5939	5940	0.0319865
120	5940	0.0319865
23	5941	0.0314346
5940	5941	0.0314346
5941	5942	0.0313298
2341	5942	0.0313298
2644	5943	0.0339335
5297	5943	0.0339335
5305	5944	0.0344544
3338	5944	0.0344544
5944	5945	0.0314522
399	5945	0.0314522
5320	5946	0.035153
3792	5946	0.035153
5311	5947	0.0343225
5946	5947	0.0343225
2179	5948	0.0339591
5947	5948	0.0339591
5948	5949	0.0327989
5334	5949	0.0327989
3509	5950	0.0317883
5949	5950	0.0317883
2700	5951	0.0316765
5950	5951	0.0316765
4266	5952	0.0314704
5951	5952	0.0314704
520	5953	0.0344016
5335	5953	0.0344016
5818	5954	0.0327319
1176	5954	0.0327319
5394	5955	0.031125
5954	5955	0.031125
72	5956	0.0336821
4149	5956	0.0336821
4644	5957	0.0334317
5956	5957	0.0334317
5957	5958	0.0327035
4646	5958	0.0327035
5958	5959	0.0309725
3547	5959	0.0309725
5425	5960	0.031535
4062	5960	0.031535
5960	5961	0.0312205
3470	5961	0.0312205
97	5962	0.0340053
5644	5962	0.0340053
5461	5963	0.0343251
102	5963	0.0343251
5460	5964	0.0343225
5963	5964	0.0343225
824	5965	0.0330547
5964	5965	0.0330547
4339	5966	0.0326478
5965	5966	0.0326478
5966	5967	0.031091
5520	5967	0.031091
3189	5968	0.0350404
5699	5968	0.0350404
5968	5969	0.0346162
5837	5969	0.0346162
5969	5970	0.034336
2211	5970	0.034336
5559	5971	0.03278
223	5971	0.03278
515	5972	0.0325718
1404	5972	0.0325718
5759	5973	0.0349125
5866	5973	0.0349125
3820	5974	0.032243
5703	5974	0.032243
5973	5975	0.0318337
5974	5975	0.0318337
925	5976	0.0332706
3045	5976	0.0332706
5835	5977	0.0339771
2149	5977	0.0339771
5663	5978	0.0308424
419	5978	0.0308424
3358	5979	0.0298008
5978	5979	0.0298008
3583	5980	0.0297258
5979	5980	0.0297258
82	5981	0.0296937
5980	5981	0.0296937
5942	5982	0.0302048
4996	5982	0.0302048
5982	5983	0.0294188
1268	5983	0.0294188
5962	5984	0.0294875
4136	5984	0.0294875
215	5985	0.0309215
5971	5985	0.0309215
5955	5986	0.0303969
5985	5986	0.0303969
5986	5987	0.0298596
523	5987	0.0298596
5395	5988	0.0298132
5987	5988	0.0298132
5952	5989	0.0298527
4972	5989	0.0298527
882	5990	0.0296143
5989	5990	0.0296143
1059	5991	0.0309348
5953	5991	0.0309348
5933	5992	0.0307353
5991	5992	0.0307353
5931	5993	0.0307131
5992	5993	0.0307131
5937	5994	0.0309693
2090	5994	0.0309693
316	5995	0.0309096
5970	5995	0.0309096
5967	5996	0.0306971
5972	5996	0.0306971
5993	5997	0.0296732
5270	5997	0.0296732
5995	5998	0.0294767
5996	5998	0.0294767
5945	5998	0.0294767
5997	5998	0.0294767
5994	5998	0.0294767
4854	5998	0.0294767
5929	5999	0.0305715
1340	5999	0.0305715
5999	6000	0.0304818
4565	6000	0.0304818
43	6001	0.0293641
5510	6001	0.0293641
1537	6002	0.0295305
1794	6002	0.0295305
5943	6003	0.0288941
707	6003	0.0288941
5981	6004	0.0293372
5745	6004	0.0293372
5988	6004	0.0293372
5990	6004	0.0293372
5998	6004	0.0293372
5983	6005	0.0291292
5984	6005	0.0291292
6004	6005	0.0291292
6001	6005	0.0291292
1119	6006	0.0290966
6005	6006	0.0290966
5976	6007	0.0291446
1024	6007	0.0291446
3810	6008	0.0290664
6006	6008	0.0290664
5307	6009	0.0289791
6008	6009	0.0289791
6009	6010	0.0289089
6007	6010	0.0289089
6000	6011	0.0292375
1143	6011	0.0292375
5039	6012	0.0289114
6011	6012	0.0289114
577	6013	0.0293437
5961	6013	0.0293437
5693	6014	0.0288054
3812	6014	0.0288054
1010	6015	0.0283841
1084	6015	0.0283841
6010	6016	0.0287663
6014	6016	0.0287663
710	6017	0.0287089
6016	6017	0.0287089
5468	6018	0.0286657
6017	6018	0.0286657
6012	6018	0.0286657
6013	6018	0.0286657
6018	6019	0.0286477
5975	6019	0.0286477
6003	6020	0.0286125
5959	6020	0.0286125
5514	6020	0.0286125
6019	6020	0.0286125
5977	6020	0.0286125
6020	6021	0.0285769
6002	6021	0.0285769
2752	6022	0.0283621
6021	6022	0.0283621
6015	6023	0.0283476
6022	6023	0.0283476
6023	6024	0.028346
33	6024	0.028346
6024	6025	0.0282487
1013	6025	0.0282487
826	6026	0.0282246
6025	6026	0.0282246
5650	6027	0.0281613
6026	6027	0.0281613
5278	6028	0.0298196
797	6028	0.0298196
5571	6029	0.0327634
4507	6029	0.0327634
5570	6030	0.0339053
232	6030	0.0339053
1690	6031	0.0338421
6030	6031	0.0338421
5677	6032	0.0329456
6031	6032	0.0329456
2820	6033	0.0327545
6032	6033	0.0327545
3261	6034	0.0326861
6033	6034	0.0326861
4097	6035	0.0301237
6034	6035	0.0301237
5339	6036	0.0338514
3032	6036	0.0338514
6036	6037	0.0334176
2000	6037	0.0334176
6037	6038	0.0315937
4439	6038	0.0315937
6038	6039	0.029746
2831	6039	0.029746
6039	6040	0.0293077
203	6040	0.0293077
5373	6041	0.0351022
3466	6041	0.0351022
6041	6042	0.0318356
4978	6042	0.0318356
6042	6043	0.0283257
2657	6043	0.0283257
3728	6044	0.0296363
5403	6044	0.0296363
2794	6045	0.0312889
3388	6045	0.0312889
75	6046	0.0317874
5858	6046	0.0317874
6046	6047	0.0303474
1381	6047	0.0303474
5424	6048	0.0296812
6047	6048	0.0296812
490	6049	0.0291892
2320	6049	0.0291892
115	6050	0.0288123
6049	6050	0.0288123
818	6051	0.0295551
5479	6051	0.0295551
5776	6052	0.0300449
755	6052	0.0300449
5502	6053	0.0294463
6052	6053	0.0294463
5773	6054	0.0281077
6053	6054	0.0281077
5521	6055	0.0346023
3545	6055	0.0346023
6055	6056	0.0310479
169	6056	0.0310479
5533	6057	0.0346426
3001	6057	0.0346426
5722	6058	0.0339905
6057	6058	0.0339905
6058	6059	0.0338828
1133	6059	0.0338828
4524	6060	0.0285156
4921	6060	0.0285156
2380	6061	0.0329287
5557	6061	0.0329287
604	6062	0.034222
1303	6062	0.034222
6061	6063	0.032269
6062	6063	0.032269
6063	6064	0.0311453
985	6064	0.0311453
6064	6065	0.0304869
1425	6065	0.0304869
6065	6066	0.0303744
437	6066	0.0303744
278	6067	0.0288756
6066	6067	0.0288756
6067	6068	0.0288001
1632	6068	0.0288001
5588	6069	0.0327354
3663	6069	0.0327354
6069	6070	0.0323855
3667	6070	0.0323855
6070	6071	0.0289807
1704	6071	0.0289807
5592	6072	0.0284486
2676	6072	0.0284486
2482	6073	0.0339701
2686	6073	0.0339701
2011	6074	0.0327858
6073	6074	0.0327858
1934	6075	0.0327536
6074	6075	0.0327536
1751	6076	0.0327217
6075	6076	0.0327217
5645	6077	0.031043
2619	6077	0.031043
5658	6078	0.0345917
1710	6078	0.0345917
6078	6079	0.0312514
720	6079	0.0312514
2535	6080	0.029146
1386	6080	0.029146
5679	6081	0.0289014
6080	6081	0.0289014
3676	6082	0.0283291
724	6082	0.0283291
5721	6083	0.0330845
2940	6083	0.0330845
5728	6084	0.0339327
592	6084	0.0339327
5850	6085	0.0345179
1857	6085	0.0345179
5742	6086	0.0296632
6085	6086	0.0296632
5749	6087	0.0285865
1318	6087	0.0285865
6087	6088	0.0285046
2352	6088	0.0285046
1557	6089	0.03462
3628	6089	0.03462
2494	6090	0.0335063
2202	6090	0.0335063
3510	6091	0.0323083
6090	6091	0.0323083
1833	6092	0.0326245
992	6092	0.0326245
695	6093	0.0316028
6091	6093	0.0316028
6093	6094	0.0299299
6092	6094	0.0299299
5764	6095	0.0347289
2096	6095	0.0347289
5761	6096	0.0301647
1759	6096	0.0301647
5762	6097	0.0328441
5873	6097	0.0328441
6097	6098	0.0285379
3845	6098	0.0285379
1324	6099	0.0281209
6098	6099	0.0281209
1354	6100	0.0347122
2610	6100	0.0347122
6100	6101	0.0319523
2126	6101	0.0319523
6101	6102	0.0313114
770	6102	0.0313114
5826	6103	0.0312006
6102	6103	0.0312006
3924	6104	0.0302217
6103	6104	0.0302217
930	6105	0.0340912
4078	6105	0.0340912
5803	6106	0.0305268
1462	6106	0.0305268
1039	6107	0.0319933
2613	6107	0.0319933
1628	6108	0.0281217
1191	6108	0.0281217
5853	6109	0.0283498
1992	6109	0.0283498
3775	6110	0.031483
5819	6110	0.031483
2809	6111	0.0296679
1544	6111	0.0296679
3326	6112	0.0311869
1547	6112	0.0311869
2210	6113	0.0289754
4764	6113	0.0289754
5859	6114	0.0343468
2232	6114	0.0343468
6114	6115	0.0298278
2402	6115	0.0298278
3519	6116	0.0320561
3565	6116	0.0320561
5834	6117	0.0263465
2886	6117	0.0263465
1275	6118	0.02795
5909	6118	0.02795
5506	6119	0.0256469
6118	6119	0.0256469
159	6119	0.0256469
4906	6120	0.0279385
5917	6120	0.0279385
6120	6121	0.0259984
4489	6121	0.0259984
5916	6122	0.0255655
6121	6122	0.0255655
5919	6123	0.0274708
4413	6123	0.0274708
6050	6124	0.0269902
6123	6124	0.0269902
3419	6125	0.0263217
6124	6125	0.0263217
6056	6126	0.0256705
153	6126	0.0256705
4261	6127	0.0254527
6126	6127	0.0254527
5544	6128	0.0266077
6083	6128	0.0266077
6104	6129	0.027959
1436	6129	0.027959
6081	6130	0.0264238
6086	6130	0.0264238
6095	6131	0.0261078
6096	6131	0.0261078
5444	6132	0.02798
1513	6132	0.02798
5903	6133	0.0274055
5905	6133	0.0274055
6132	6134	0.027042
6133	6134	0.027042
5437	6135	0.0269747
6134	6135	0.0269747
6035	6136	0.0271822
231	6136	0.0271822
90	6137	0.0279275
950	6137	0.0279275
1284	6138	0.0280332
6027	6138	0.0280332
5920	6139	0.0280298
6138	6139	0.0280298
6139	6140	0.0279175
6051	6140	0.0279175
6140	6141	0.0278949
1232	6141	0.0278949
3448	6142	0.0278348
6141	6142	0.0278348
6142	6143	0.0277829
1427	6143	0.0277829
5353	6144	0.0277478
6143	6144	0.0277478
5667	6145	0.027668
6144	6145	0.027668
6145	6146	0.0276672
1936	6146	0.0276672
6137	6147	0.0276469
6146	6147	0.0276469
6147	6148	0.0275864
960	6148	0.0275864
5341	6149	0.0275682
6148	6149	0.0275682
5300	6150	0.0275456
6149	6150	0.0275456
6150	6151	0.0275417
237	6151	0.0275417
6151	6152	0.0275057
6040	6152	0.0275057
1938	6153	0.0274708
6152	6153	0.0274708
6153	6154	0.0274533
3895	6154	0.0274533
6154	6155	0.027427
1312	6155	0.027427
1413	6156	0.0274049
6155	6156	0.0274049
6156	6157	0.0273597
3577	6157	0.0273597
4897	6158	0.0272176
6157	6158	0.0272176
6158	6159	0.0271212
6044	6159	0.0271212
5717	6160	0.0271163
6159	6160	0.0271163
4109	6161	0.0271128
6160	6161	0.0271128
6161	6162	0.0270728
6059	6162	0.0270728
582	6162	0.0270728
5376	6163	0.027048
6162	6163	0.027048
4167	6164	0.0269747
6163	6164	0.0269747
6068	6165	0.0279196
933	6165	0.0279196
6165	6166	0.0272139
3994	6166	0.0272139
155	6167	0.0270694
6166	6167	0.0270694
6108	6168	0.0269902
6167	6168	0.0269902
606	6169	0.0280929
1348	6169	0.0280929
1273	6170	0.0273251
1558	6170	0.0273251
5823	6171	0.027054
3832	6171	0.027054
1518	6172	0.0269337
6135	6172	0.0269337
3688	6173	0.0268449
6172	6173	0.0268449
955	6174	0.0269356
6164	6174	0.0269356
6136	6175	0.0269229
6174	6175	0.0269229
424	6175	0.0269229
6175	6176	0.0268195
814	6176	0.0268195
2112	6177	0.026763
6176	6177	0.026763
6177	6178	0.0267389
5038	6178	0.0267389
6178	6179	0.0266971
6168	6179	0.0266971
3682	6179	0.0266971
6179	6180	0.0266176
2740	6180	0.0266176
3123	6181	0.0266077
6180	6181	0.0266077
6173	6182	0.0264941
6181	6182	0.0264941
6077	6182	0.0264941
6079	6182	0.0264941
6182	6183	0.0264862
6028	6183	0.0264862
6183	6184	0.0264777
3530	6184	0.0264777
6184	6185	0.0264647
6110	6185	0.0264647
3533	6186	0.0264349
6185	6186	0.0264349
3068	6187	0.0264125
6186	6187	0.0264125
6187	6188	0.0263564
6099	6188	0.0263564
6188	6189	0.0263538
6171	6189	0.0263538
3790	6190	0.0265215
2871	6190	0.0265215
5833	6191	0.0264349
6190	6191	0.0264349
1461	6192	0.0263538
1997	6192	0.0263538
6189	6193	0.0263075
6169	6193	0.0263075
6094	6193	0.0263075
6170	6193	0.0263075
599	6194	0.0262954
6193	6194	0.0262954
2829	6195	0.0262946
6194	6195	0.0262946
6195	6196	0.0261909
6192	6196	0.0261909
6196	6197	0.0261647
39	6197	0.0261647
4781	6198	0.026107
6197	6198	0.026107
6198	6199	0.0260547
2714	6199	0.0260547
4434	6200	0.0260086
6199	6200	0.0260086
5590	6201	0.0259438
6200	6201	0.0259438
1527	6202	0.0258873
6201	6202	0.0258873
6202	6203	0.0258854
6191	6203	0.0258854
6203	6204	0.0258842
1596	6204	0.0258842
6204	6205	0.0255835
5016	6205	0.0255835
6205	6206	0.0255801
2585	6206	0.0255801
987	6207	0.0255779
6206	6207	0.0255779
6105	6208	0.0254662
6207	6208	0.0254662
6208	6209	0.0254283
4784	6209	0.0254283
5662	6210	0.0279827
6048	6210	0.0279827
3624	6211	0.02678
6210	6211	0.02678
5843	6212	0.0275745
6071	6212	0.0275745
6212	6213	0.0257881
3805	6213	0.0257881
180	6214	0.0256916
432	6214	0.0256916
6060	6215	0.027593
3544	6215	0.027593
6215	6216	0.0254831
2618	6216	0.0254831
6072	6217	0.0260057
3677	6217	0.0260057
2796	6217	0.0260057
5836	6218	0.0279693
1776	6218	0.0279693
6106	6219	0.0268756
4289	6219	0.0268756
1437	6220	0.0259923
6219	6220	0.0259923
6088	6221	0.0269869
1773	6221	0.0269869
615	6222	0.0267175
6221	6222	0.0267175
4273	6223	0.0264261
801	6223	0.0264261
6111	6224	0.0276335
3830	6224	0.0276335
4506	6225	0.0277679
6112	6225	0.0277679
6115	6226	0.0257733
4883	6226	0.0257733
4735	6227	0.0257611
4132	6227	0.0257611
6043	6228	0.0247767
61	6228	0.0247767
5484	6229	0.0247155
875	6229	0.0247155
2824	6230	0.0245622
6045	6230	0.0245622
1870	6230	0.0245622
3885	6231	0.0245502
6211	6231	0.0245502
6230	6232	0.0245329
6231	6232	0.0245329
5793	6233	0.0250676
6107	6233	0.0250676
6054	6234	0.0252947
6127	6234	0.0252947
6129	6235	0.0254223
6209	6235	0.0254223
6235	6236	0.0253987
1221	6236	0.0253987
2586	6237	0.0253445
6236	6237	0.0253445
5413	6238	0.0253391
6237	6238	0.0253391
2980	6239	0.0252776
6238	6239	0.0252776
2578	6240	0.0252717
6239	6240	0.0252717
6117	6241	0.0252418
6240	6241	0.0252418
1715	6242	0.0252295
6241	6242	0.0252295
6213	6243	0.0253655
4159	6243	0.0253655
787	6244	0.0252911
6214	6244	0.0252911
4793	6245	0.0253172
4884	6245	0.0253172
6029	6246	0.0252167
6242	6246	0.0252167
2430	6247	0.0252021
6119	6247	0.0252021
6246	6247	0.0252021
6243	6247	0.0252021
5914	6248	0.0251682
6122	6248	0.0251682
6247	6248	0.0251682
6245	6248	0.0251682
6218	6248	0.0251682
6084	6248	0.0251682
6220	6248	0.0251682
6248	6249	0.0251417
6244	6249	0.0251417
3615	6250	0.0251263
6249	6250	0.0251263
6250	6251	0.0251035
162	6251	0.0251035
6131	6252	0.0251023
6251	6252	0.0251023
2075	6252	0.0251023
5648	6253	0.0250774
6252	6253	0.0250774
6234	6254	0.0250745
6253	6254	0.0250745
1255	6254	0.0250745
3765	6255	0.0250318
6254	6255	0.0250318
6222	6256	0.025367
3916	6256	0.025367
4873	6257	0.024913
6128	6257	0.024913
6257	6258	0.0247909
6233	6258	0.0247909
6255	6259	0.0250295
4058	6259	0.0250295
2690	6260	0.0250059
6259	6260	0.0250059
6113	6261	0.0250008
6223	6261	0.0250008
6260	6262	0.0249802
6261	6262	0.0249802
5591	6263	0.0248537
6262	6263	0.0248537
6263	6264	0.0248482
1668	6264	0.0248482
5657	6265	0.0247515
6264	6265	0.0247515
6265	6266	0.024709
1795	6266	0.024709
6256	6267	0.0248815
5736	6267	0.0248815
5910	6268	0.024704
6266	6268	0.024704
6268	6269	0.0246526
676	6269	0.0246526
6258	6270	0.0246461
6269	6270	0.0246461
6270	6271	0.0246193
175	6271	0.0246193
656	6272	0.0245766
6271	6272	0.0245766
6272	6273	0.0245306
6267	6273	0.0245306
6273	6274	0.0245224
1077	6274	0.0245224
6109	6275	0.0245057
6274	6275	0.0245057
6275	6276	0.0244622
809	6276	0.0244622
6276	6277	0.0244183
1514	6277	0.0244183
6076	6278	0.0252481
366	6278	0.0252481
1863	6279	0.0248341
1810	6279	0.0248341
6277	6280	0.0243514
4067	6280	0.0243514
6280	6281	0.0243359
605	6281	0.0243359
6130	6282	0.0242962
6281	6282	0.0242962
5763	6283	0.0242682
6282	6283	0.0242682
6283	6284	0.0242662
719	6284	0.0242662
6284	6285	0.0242491
5022	6285	0.0242491
6285	6286	0.0242452
1001	6286	0.0242452
5918	6287	0.0242359
6286	6287	0.0242359
4661	6288	0.0242159
6287	6288	0.0242159
6288	6289	0.0242118
4490	6289	0.0242118
3635	6290	0.0241917
6289	6290	0.0241917
6290	6291	0.0241776
2974	6291	0.0241776
6291	6292	0.024166
6279	6292	0.024166
5418	6293	0.0241581
6292	6293	0.0241581
6293	6294	0.0241124
2815	6294	0.0241124
513	6295	0.0240486
6294	6295	0.0240486
6295	6296	0.0239956
1891	6296	0.0239956
6296	6297	0.0239821
6278	6297	0.0239821
6297	6298	0.0239557
4763	6298	0.0239557
4621	6299	0.0238885
6298	6299	0.0238885
765	6300	0.0238739
6299	6300	0.0238739
6300	6301	0.0238343
3375	6301	0.0238343
3442	6302	0.0238329
6224	6302	0.0238329
6225	6303	0.023954
4156	6303	0.023954
6303	6304	0.023924
4607	6304	0.023924
2758	6305	0.0239578
4429	6305	0.0239578
6228	6306	0.0237228
376	6306	0.0237228
6125	6307	0.0238194
2956	6307	0.0238194
1545	6308	0.0238247
6301	6308	0.0238247
703	6309	0.0238216
6308	6309	0.0238216
6229	6310	0.0237453
5572	6310	0.0237453
6232	6310	0.0237453
6309	6310	0.0237453
6302	6310	0.0237453
6310	6311	0.0236843
2665	6311	0.0236843
149	6312	0.0236687
6311	6312	0.0236687
5911	6313	0.0236639
6312	6313	0.0236639
6313	6314	0.023617
6305	6314	0.023617
6314	6315	0.0236135
6304	6315	0.0236135
6089	6316	0.0235998
6315	6316	0.0235998
6316	6317	0.0235582
6116	6317	0.0235582
6226	6318	0.023793
4448	6318	0.023793
3292	6319	0.0235454
6317	6319	0.0235454
6319	6320	0.0235227
6318	6320	0.0235227
6306	6321	0.0234862
6320	6321	0.0234862
6321	6322	0.0234724
2530	6322	0.0234724
3710	6323	0.0234482
6322	6323	0.0234482
1364	6323	0.0234482
6323	6324	0.0234469
6217	6324	0.0234469
6324	6325	0.0234356
125	6325	0.0234356
6325	6326	0.023431
3461	6326	0.023431
6326	6327	0.0234233
565	6327	0.0234233
6082	6327	0.0234233
557	6327	0.0234233
5507	6328	0.0234178
6327	6328	0.0234178
6216	6328	0.0234178
3280	6328	0.0234178
6307	6329	0.0234135
6328	6329	0.0234135
1071	6329	0.0234135
6329	6330	0.0233621
3477	6330	0.0233621
6330	6331	0.0233557
6227	6331	0.0233557
5398	6332	0.034831
48	6332	0.034831
6332	6333	0.0325731
4155	6333	0.0325731
774	6334	0.0325381
6333	6334	0.0325381
5035	6335	0.0276157
6334	6335	0.0276157
5026	6336	0.0259907
6335	6336	0.0259907
6336	6337	0.0251905
44	6337	0.0251905
6337	6338	0.0237552
4403	6338	0.0237552
6338	6339	0.0237031
3773	6339	0.0237031
1904	6340	0.0343584
1889	6340	0.0343584
6340	6341	0.0334924
869	6341	0.0334924
6341	6342	0.0320857
4542	6342	0.0320857
1096	6343	0.0252203
6342	6343	0.0252203
3426	6344	0.0282577
598	6344	0.0282577
3382	6345	0.0264888
118	6345	0.0264888
1164	6346	0.0307585
2979	6346	0.0307585
6346	6347	0.0282363
2887	6347	0.0282363
6347	6348	0.0237114
168	6348	0.0237114
1118	6349	0.030683
227	6349	0.030683
1310	6350	0.0292817
6349	6350	0.0292817
6350	6351	0.0275182
1383	6351	0.0275182
5560	6352	0.0275117
6351	6352	0.0275117
2483	6353	0.0257521
6352	6353	0.0257521
5574	6354	0.0275117
4450	6354	0.0275117
6354	6355	0.0273877
1791	6355	0.0273877
6355	6356	0.0263842
4627	6356	0.0263842
5577	6357	0.0338975
3216	6357	0.0338975
6357	6358	0.0271541
1811	6358	0.0271541
5584	6359	0.028585
404	6359	0.028585
3323	6360	0.0282776
3268	6360	0.0282776
6359	6361	0.0280917
6360	6361	0.0280917
4786	6362	0.028918
5800	6362	0.028918
6361	6363	0.0272817
1929	6363	0.0272817
3865	6364	0.0243386
6362	6364	0.0243386
6363	6365	0.023854
6364	6365	0.023854
2385	6366	0.0333051
5599	6366	0.0333051
6366	6367	0.0240862
1561	6367	0.0240862
5610	6368	0.0323855
486	6368	0.0323855
5810	6369	0.026641
3464	6369	0.026641
704	6370	0.025646
6369	6370	0.025646
1942	6371	0.0256346
6370	6371	0.0256346
1353	6372	0.0294265
325	6372	0.0294265
6372	6373	0.0281665
3891	6373	0.0281665
2452	6374	0.0268072
6373	6374	0.0268072
343	6375	0.0260697
561	6375	0.0260697
5864	6376	0.0349589
3083	6376	0.0349589
5671	6377	0.0314356
6376	6377	0.0314356
6377	6378	0.0294883
1475	6378	0.0294883
6378	6379	0.024763
3094	6379	0.024763
2381	6380	0.0329258
4613	6380	0.0329258
439	6381	0.0249238
2390	6381	0.0249238
3823	6382	0.0249953
4765	6382	0.0249953
4051	6383	0.0244831
6382	6383	0.0244831
1352	6384	0.0254909
3172	6384	0.0254909
3284	6385	0.0272506
825	6385	0.0272506
5711	6386	0.0313278
2636	6386	0.0313278
1917	6387	0.0328177
2945	6387	0.0328177
2876	6388	0.0308314
6387	6388	0.0308314
5795	6389	0.0287661
3724	6389	0.0287661
4068	6390	0.0249465
6389	6390	0.0249465
6390	6391	0.0246946
915	6391	0.0246946
1951	6392	0.0239805
3169	6392	0.0239805
1979	6393	0.0246999
1523	6393	0.0246999
5751	6394	0.0243474
6393	6394	0.0243474
2194	6395	0.0251206
681	6395	0.0251206
1627	6396	0.0234698
687	6396	0.0234698
2712	6397	0.0304213
5767	6397	0.0304213
6397	6398	0.0268823
3098	6398	0.0268823
5777	6399	0.0347319
5783	6399	0.0347319
6399	6400	0.0262297
796	6400	0.0262297
3553	6401	0.0235304
6400	6401	0.0235304
4455	6402	0.0257172
2242	6402	0.0257172
6402	6403	0.0253712
958	6403	0.0253712
5809	6404	0.0246999
4372	6404	0.0246999
5813	6405	0.0334011
1256	6405	0.0334011
6405	6406	0.0295059
3362	6406	0.0295059
6406	6407	0.0253906
4134	6407	0.0253906
6407	6408	0.0236843
5050	6408	0.0236843
1172	6409	0.028827
4258	6409	0.028827
4495	6410	0.0275098
6409	6410	0.0275098
3637	6411	0.0263816
1359	6411	0.0263816
5829	6412	0.0330993
4707	6412	0.0330993
6412	6413	0.0285567
2496	6413	0.0285567
6413	6414	0.0235816
1634	6414	0.0235816
1935	6415	0.0263425
3389	6415	0.0263425
5852	6416	0.0269658
1991	6416	0.0269658
3882	6417	0.0251303
5044	6417	0.0251303
3826	6418	0.0249309
6417	6418	0.0249309
5870	6419	0.0254831
4804	6419	0.0254831
3528	6420	0.0334306
5875	6420	0.0334306
6420	6421	0.0315057
2891	6421	0.0315057
4760	6422	0.0250274
3013	6422	0.0250274
4582	6423	0.0244762
3386	6423	0.0244762
4901	6424	0.0274935
4792	6424	0.0274935
2868	6425	0.0228737
716	6425	0.0228737
5895	6426	0.0215806
6419	6426	0.0215806
2679	6427	0.0196131
5896	6427	0.0196131
5897	6428	0.0210838
2243	6428	0.0210838
3183	6429	0.0197278
351	6429	0.0197278
2470	6430	0.0214099
3483	6430	0.0214099
6392	6431	0.0213955
6430	6431	0.0213955
6431	6432	0.0205973
2099	6432	0.0205973
3361	6433	0.0195302
2577	6433	0.0195302
5840	6434	0.0221746
6414	6434	0.0221746
5500	6435	0.0220369
1023	6435	0.0220369
3295	6436	0.0233063
740	6436	0.0233063
6435	6437	0.0217002
6436	6437	0.0217002
5754	6438	0.0208814
6437	6438	0.0208814
5855	6439	0.0216349
2261	6439	0.0216349
2688	6440	0.02104
6439	6440	0.02104
6410	6441	0.0217702
6422	6441	0.0217702
3634	6442	0.0225594
2130	6442	0.0225594
6371	6443	0.021859
6442	6443	0.021859
6443	6444	0.0205813
6374	6444	0.0205813
4818	6445	0.0214027
5894	6445	0.0214027
5883	6446	0.0232888
3636	6446	0.0232888
6388	6447	0.0231977
1646	6447	0.0231977
3126	6448	0.023326
5808	6448	0.023326
6331	6448	0.023326
2652	6449	0.023321
6448	6449	0.023321
6449	6450	0.0232967
1261	6450	0.0232967
5821	6451	0.0232952
6450	6451	0.0232952
1037	6452	0.0232714
6451	6452	0.0232714
5789	6453	0.0232315
6452	6453	0.0232315
417	6453	0.0232315
5880	6454	0.0232236
6453	6454	0.0232236
6454	6455	0.0231996
1259	6455	0.0231996
6455	6456	0.0231734
4348	6456	0.0231734
6456	6457	0.0231456
3804	6457	0.0231456
141	6458	0.0231243
6457	6458	0.0231243
5678	6459	0.0230957
6458	6459	0.0230957
6459	6460	0.0230471
3620	6460	0.0230471
2119	6461	0.0230428
6460	6461	0.0230428
5824	6462	0.0230191
6461	6462	0.0230191
6462	6463	0.0230004
1228	6463	0.0230004
6463	6464	0.0229952
6391	6464	0.0229952
6464	6465	0.0229785
3681	6465	0.0229785
6465	6466	0.022968
3044	6466	0.022968
6466	6467	0.022958
521	6467	0.022958
6467	6468	0.0229408
589	6468	0.0229408
6339	6469	0.023283
5034	6469	0.023283
6469	6470	0.0230936
1601	6470	0.0230936
6396	6471	0.0231866
2173	6471	0.0231866
6468	6472	0.0229293
3060	6472	0.0229293
3856	6472	0.0229293
2016	6473	0.0229089
6472	6473	0.0229089
5899	6474	0.0229079
6473	6474	0.0229079
549	6475	0.0228796
6474	6475	0.0228796
5786	6476	0.0228764
6475	6476	0.0228764
6476	6477	0.0228528
34	6477	0.0228528
2936	6478	0.0228449
6477	6478	0.0228449
6478	6479	0.0228437
6470	6479	0.0228437
6479	6480	0.0228274
5877	6480	0.0228274
1445	6480	0.0228274
2713	6480	0.0228274
6471	6480	0.0228274
6480	6481	0.022789
6375	6481	0.022789
1875	6482	0.0227586
6481	6482	0.0227586
5879	6483	0.0227426
6482	6483	0.0227426
3332	6484	0.0227118
6483	6484	0.0227118
6484	6485	0.0226581
1619	6485	0.0226581
6485	6486	0.0226098
2062	6486	0.0226098
6486	6487	0.022603
2858	6487	0.022603
1994	6488	0.0225682
6487	6488	0.0225682
385	6489	0.0225136
6488	6489	0.0225136
5208	6490	0.0224837
6489	6490	0.0224837
6384	6490	0.0224837
6490	6491	0.0224532
2624	6491	0.0224532
6491	6492	0.0224464
1444	6492	0.0224464
5892	6493	0.0224375
6492	6493	0.0224375
6415	6493	0.0224375
6493	6494	0.0223717
4839	6494	0.0223717
5820	6495	0.0227615
1245	6495	0.0227615
6446	6496	0.0222525
657	6496	0.0222525
6496	6497	0.0220421
1079	6497	0.0220421
6494	6498	0.0223615
6495	6498	0.0223615
6498	6499	0.0223234
2216	6499	0.0223234
5841	6500	0.0223169
6499	6500	0.0223169
6500	6501	0.0223133
581	6501	0.0223133
5804	6502	0.0222746
6501	6502	0.0222746
6502	6503	0.0222421
59	6503	0.0222421
6503	6504	0.0222418
2621	6504	0.0222418
6504	6505	0.0222217
6404	6505	0.0222217
5735	6506	0.0222133
6505	6506	0.0222133
6383	6507	0.02219
6506	6507	0.02219
6398	6508	0.0221115
3145	6508	0.0221115
6507	6509	0.0221873
2425	6509	0.0221873
6509	6510	0.0221761
963	6510	0.0221761
6367	6511	0.0221266
6510	6511	0.0221266
2769	6512	0.0221164
6511	6512	0.0221164
880	6513	0.0221028
6512	6513	0.0221028
6513	6514	0.0220999
1869	6514	0.0220999
6508	6515	0.0220827
6514	6515	0.0220827
6515	6516	0.021966
2480	6516	0.021966
1124	6517	0.0219635
6516	6517	0.0219635
6385	6518	0.0223574
6386	6518	0.0223574
772	6519	0.0222555
4720	6519	0.0222555
6497	6520	0.0218496
2082	6520	0.0218496
6520	6521	0.0218487
4056	6521	0.0218487
4782	6522	0.0219439
6517	6522	0.0219439
510	6523	0.0219154
6522	6523	0.0219154
6523	6524	0.0218814
3751	6524	0.0218814
3049	6525	0.0218241
6524	6525	0.0218241
5893	6526	0.0218115
6525	6526	0.0218115
5417	6527	0.0217517
6526	6527	0.0217517
6527	6528	0.0217422
4673	6528	0.0217422
6521	6529	0.0217325
6528	6529	0.0217325
6529	6530	0.0217257
2986	6530	0.0217257
6530	6531	0.0216519
6519	6531	0.0216519
3671	6532	0.0216361
6531	6532	0.0216361
1217	6533	0.0216177
6532	6533	0.0216177
6447	6534	0.0216056
6533	6534	0.0216056
6534	6535	0.0215996
4920	6535	0.0215996
5846	6536	0.0215797
6535	6536	0.0215797
5888	6537	0.0215767
6536	6537	0.0215767
6408	6537	0.0215767
764	6538	0.021561
6537	6538	0.021561
208	6539	0.0214134
6538	6539	0.0214134
4706	6540	0.0214063
6539	6540	0.0214063
3392	6541	0.0213376
6540	6541	0.0213376
4247	6542	0.0213281
6541	6542	0.0213281
6542	6543	0.021327
6518	6543	0.021327
6343	6544	0.0219528
544	6544	0.0219528
6544	6545	0.0219106
947	6545	0.0219106
6545	6546	0.0216065
1457	6546	0.0216065
5876	6547	0.0217162
2952	6547	0.0217162
449	6548	0.0212456
6543	6548	0.0212456
5651	6549	0.0212377
6548	6549	0.0212377
5380	6550	0.0212344
6549	6550	0.0212344
6550	6551	0.0212332
6546	6551	0.0212332
6551	6552	0.0212017
2148	6552	0.0212017
6552	6553	0.021188
4890	6553	0.021188
6553	6554	0.0211431
1817	6554	0.0211431
2330	6555	0.0210947
6554	6555	0.0210947
6555	6556	0.0210592
756	6556	0.0210592
3734	6557	0.0210567
6556	6557	0.0210567
6557	6558	0.0210451
6547	6558	0.0210451
6558	6559	0.0210355
1727	6559	0.0210355
3159	6560	0.0209094
6559	6560	0.0209094
6560	6561	0.0209065
4349	6561	0.0209065
6561	6562	0.0208987
2177	6562	0.0208987
6562	6563	0.0208797
3200	6563	0.0208797
6563	6564	0.0208578
3	6564	0.0208578
6564	6565	0.0208369
6424	6565	0.0208369
4468	6566	0.020828
6565	6566	0.020828
5706	6567	0.0208206
4263	6567	0.0208206
6566	6568	0.0207951
317	6568	0.0207951
6568	6569	0.0207841
4173	6569	0.0207841
6569	6570	0.0207796
1624	6570	0.0207796
5861	6571	0.020777
6570	6571	0.020777
5848	6572	0.0207736
6571	6572	0.0207736
6572	6573	0.0207511
2768	6573	0.0207511
6573	6574	0.0207481
1094	6574	0.0207481
2743	6574	0.0207481
3258	6575	0.0207111
6574	6575	0.0207111
1657	6575	0.0207111
6575	6576	0.0206424
111	6576	0.0206424
1712	6577	0.0206407
6576	6577	0.0206407
6577	6578	0.0206357
4442	6578	0.0206357
785	6579	0.0206173
6578	6579	0.0206173
6579	6580	0.0206105
5807	6580	0.0206105
5842	6580	0.0206105
6567	6580	0.0206105
6580	6581	0.0205274
2225	6581	0.0205274
6581	6582	0.0205194
2030	6582	0.0205194
2325	6583	0.0205087
6582	6583	0.0205087
6583	6584	0.0204489
1186	6584	0.0204489
6584	6585	0.0204116
438	6585	0.0204116
4145	6586	0.0204078
6585	6586	0.0204078
6586	6587	0.0203763
3630	6587	0.0203763
1505	6588	0.0203698
6587	6588	0.0203698
6418	6589	0.0203407
6588	6589	0.0203407
4533	6590	0.0203037
6589	6590	0.0203037
1832	6591	0.0202986
6590	6591	0.0202986
2691	6592	0.0202942
6591	6592	0.0202942
2068	6593	0.0202833
6592	6593	0.0202833
6593	6594	0.0202714
3852	6594	0.0202714
6594	6595	0.0202539
1428	6595	0.0202539
6595	6596	0.0202385
2157	6596	0.0202385
6596	6597	0.020212
2957	6597	0.020212
6597	6598	0.0202
6394	6598	0.0202
6598	6599	0.0201797
2303	6599	0.0201797
4220	6600	0.0201435
6599	6600	0.0201435
5689	6601	0.0201317
6600	6601	0.0201317
6601	6602	0.0201263
6379	6602	0.0201263
2839	6602	0.0201263
6602	6603	0.0201081
63	6603	0.0201081
6603	6604	0.0201009
1665	6604	0.0201009
868	6605	0.0200992
6604	6605	0.0200992
6605	6606	0.0200985
269	6606	0.0200985
488	6607	0.0200974
6606	6607	0.0200974
6607	6608	0.020094
2257	6608	0.020094
6608	6609	0.0200459
1789	6609	0.0200459
6609	6610	0.0200301
2235	6610	0.0200301
6610	6611	0.0200185
3604	6611	0.0200185
6611	6612	0.0199994
1998	6612	0.0199994
6612	6613	0.01997
5027	6613	0.01997
6613	6614	0.0199595
336	6614	0.0199595
4096	6615	0.019937
6614	6615	0.019937
6615	6616	0.0199207
3699	6616	0.0199207
5611	6617	0.0198773
6616	6617	0.0198773
1897	6618	0.019868
6617	6618	0.019868
6618	6619	0.0198077
1363	6619	0.0198077
4571	6620	0.0197688
6619	6620	0.0197688
6620	6621	0.0197573
3693	6621	0.0197573
6445	6622	0.0197232
6621	6622	0.0197232
6622	6623	0.0195561
2405	6623	0.0195561
5832	6624	0.0210442
2323	6624	0.0210442
50	6625	0.0205244
6624	6625	0.0205244
6344	6626	0.0207357
6345	6626	0.0207357
6348	6627	0.0203754
1442	6627	0.0203754
6356	6628	0.0210052
1021	6628	0.0210052
6365	6629	0.0221746
2085	6629	0.0221746
5594	6630	0.023231
3456	6630	0.023231
6630	6631	0.0219144
274	6631	0.0219144
6631	6632	0.0211105
2147	6632	0.0211105
6368	6633	0.0198815
1299	6633	0.0198815
311	6634	0.0196638
3415	6634	0.0196638
6380	6635	0.0232086
547	6635	0.0232086
6635	6636	0.0225836
3430	6636	0.0225836
6636	6637	0.0224346
1554	6637	0.0224346
6381	6638	0.0199671
4148	6638	0.0199671
5682	6639	0.0209636
1879	6639	0.0209636
5683	6640	0.0209773
1753	6640	0.0209773
5801	6641	0.0207221
6403	6641	0.0207221
5712	6642	0.0204974
6641	6642	0.0204974
6642	6643	0.0199575
3090	6643	0.0199575
6643	6644	0.0197078
2677	6644	0.0197078
5815	6645	0.0197944
1175	6645	0.0197944
5827	6646	0.0225241
6411	6646	0.0225241
2481	6647	0.0205985
3669	6647	0.0205985
6647	6648	0.0198736
3435	6648	0.0198736
6648	6649	0.0195675
4833	6649	0.0195675
1829	6650	0.0200876
1852	6650	0.0200876
2706	6651	0.0229568
4825	6651	0.0229568
6651	6652	0.0204242
4810	6652	0.0204242
6421	6653	0.0204849
6423	6653	0.0204849
6652	6654	0.0197049
6653	6654	0.0197049
6654	6655	0.0196556
2724	6655	0.0196556
4520	6656	0.0195302
6655	6656	0.0195302
1801	6657	0.0190382
4800	6657	0.0190382
5015	6658	0.0183808
6434	6658	0.0183808
1212	6659	0.0189486
6353	6659	0.0189486
2419	6660	0.0194951
6623	6660	0.0194951
6660	6661	0.0194781
1150	6661	0.0194781
6661	6662	0.0194765
104	6662	0.0194765
6662	6663	0.0194714
1300	6663	0.0194714
6663	6664	0.01944
6645	6664	0.01944
5464	6665	0.0193292
6664	6665	0.0193292
6665	6666	0.0193138
154	6666	0.0193138
382	6666	0.0193138
4692	6667	0.0193036
6666	6667	0.0193036
6667	6668	0.0192552
3904	6668	0.0192552
6668	6669	0.0192438
6640	6669	0.0192438
6669	6670	0.0192341
1538	6670	0.0192341
5790	6671	0.0192173
6670	6671	0.0192173
6671	6672	0.0191916
6627	6672	0.0191916
6672	6673	0.0191784
4501	6673	0.0191784
6673	6674	0.0191665
2575	6674	0.0191665
3366	6675	0.0191386
6674	6675	0.0191386
6675	6676	0.0190849
6626	6676	0.0190849
888	6677	0.0190596
6676	6677	0.0190596
174	6678	0.0190237
6677	6678	0.0190237
6432	6679	0.0190192
6678	6679	0.0190192
649	6679	0.0190192
6679	6680	0.0190024
1986	6680	0.0190024
6358	6681	0.0193634
1017	6681	0.0193634
6681	6682	0.0191625
379	6682	0.0191625
6629	6683	0.0190452
4215	6683	0.0190452
6638	6684	0.0190497
4755	6684	0.0190497
5856	6685	0.019291
2071	6685	0.019291
6680	6686	0.0189536
6646	6686	0.0189536
6686	6687	0.0189276
994	6687	0.0189276
6433	6688	0.0189097
6687	6688	0.0189097
6444	6689	0.0188713
6688	6689	0.0188713
6689	6690	0.0188666
6637	6690	0.0188666
6684	6690	0.0188666
147	6691	0.0188522
6690	6691	0.0188522
5755	6692	0.0188101
6691	6692	0.0188101
3181	6693	0.0187893
6692	6693	0.0187893
693	6693	0.0187893
3585	6694	0.0187881
6693	6694	0.0187881
4373	6695	0.018784
6694	6695	0.018784
6695	6696	0.0187734
6683	6696	0.0187734
2837	6696	0.0187734
4525	6696	0.0187734
6696	6697	0.0187521
51	6697	0.0187521
5814	6698	0.0187744
6685	6698	0.0187744
6697	6699	0.0187158
6698	6699	0.0187158
6699	6700	0.0187098
6682	6700	0.0187098
6700	6701	0.0186905
1388	6701	0.0186905
452	6702	0.0186783
6701	6702	0.0186783
6702	6703	0.0186605
2735	6703	0.0186605
4562	6704	0.0186556
6703	6704	0.0186556
6704	6705	0.018648
4631	6705	0.018648
4911	6706	0.0186162
6705	6706	0.0186162
6706	6707	0.0186147
4074	6707	0.0186147
3900	6708	0.0186055
6707	6708	0.0186055
6708	6709	0.0185997
690	6709	0.0185997
5660	6710	0.0185844
6709	6710	0.0185844
1641	6711	0.0185717
6710	6711	0.0185717
5343	6712	0.018892
35	6712	0.018892
1581	6713	0.0188999
6634	6713	0.0188999
6711	6714	0.0185633
2864	6714	0.0185633
6714	6715	0.0185587
6713	6715	0.0185587
6715	6716	0.0185537
6712	6716	0.0185537
2548	6716	0.0185537
6440	6717	0.0185415
6716	6717	0.0185415
3921	6718	0.0185041
6717	6718	0.0185041
1441	6719	0.0185005
6718	6719	0.0185005
1029	6720	0.0184927
1108	6720	0.0184927
6719	6721	0.0184841
843	6721	0.0184841
3726	6721	0.0184841
6721	6722	0.0184831
6633	6722	0.0184831
306	6722	0.0184831
2012	6723	0.0184814
6722	6723	0.0184814
2203	6724	0.0184549
6723	6724	0.0184549
6724	6725	0.0184503
6720	6725	0.0184503
6725	6726	0.0184195
1793	6726	0.0184195
6726	6727	0.0184147
700	6727	0.0184147
6727	6728	0.0184091
3725	6728	0.0184091
6728	6729	0.0183843
79	6729	0.0183843
3133	6730	0.0183755
6729	6730	0.0183755
6730	6731	0.0183506
53	6731	0.0183506
1333	6732	0.0183194
6731	6732	0.0183194
6732	6733	0.0182991
2825	6733	0.0182991
6428	6734	0.0182974
6733	6734	0.0182974
6734	6735	0.0182809
2751	6735	0.0182809
6735	6736	0.0182447
2468	6736	0.0182447
6736	6737	0.0182438
3112	6737	0.0182438
6737	6738	0.0182194
1678	6738	0.0182194
5851	6739	0.0181884
6738	6739	0.0181884
5900	6740	0.0181686
6739	6740	0.0181686
6740	6741	0.0181619
558	6741	0.0181619
6741	6742	0.0181018
6656	6742	0.0181018
3188	6743	0.0180718
6742	6743	0.0180718
6743	6744	0.0180702
1460	6744	0.0180702
6744	6745	0.0180602
2790	6745	0.0180602
4105	6745	0.0180602
5737	6746	0.0180496
6745	6746	0.0180496
6746	6747	0.0180461
559	6747	0.0180461
6747	6748	0.0180219
1110	6748	0.0180219
6748	6749	0.0180111
3187	6749	0.0180111
6749	6750	0.0179807
3128	6750	0.0179807
6625	6751	0.0181101
3424	6751	0.0181101
6659	6752	0.0179768
6750	6752	0.0179768
1371	6753	0.0179726
6752	6753	0.0179726
3695	6754	0.017966
6753	6754	0.017966
6754	6755	0.0179451
2029	6755	0.0179451
6755	6756	0.0179081
3580	6756	0.0179081
6756	6757	0.0179057
3873	6757	0.0179057
219	6757	0.0179057
6757	6758	0.0179024
652	6758	0.0179024
839	6759	0.0178987
6758	6759	0.0178987
6759	6760	0.0178853
6751	6760	0.0178853
6760	6761	0.0178834
1450	6761	0.0178834
6761	6762	0.0178732
6644	6762	0.0178732
6762	6763	0.0178586
3096	6763	0.0178586
25	6764	0.0181061
6650	6764	0.0181061
5481	6765	0.0189086
6395	6765	0.0189086
6765	6766	0.0186512
1486	6766	0.0186512
1741	6767	0.0187189
4366	6767	0.0187189
3221	6768	0.0181969
3881	6768	0.0181969
6763	6769	0.0178042
206	6769	0.0178042
6427	6770	0.0178035
6769	6770	0.0178035
1346	6771	0.0177965
6770	6771	0.0177965
6771	6772	0.0177947
1330	6772	0.0177947
763	6773	0.0177928
6772	6773	0.0177928
6773	6774	0.01779
3893	6774	0.01779
6774	6775	0.0177745
4456	6775	0.0177745
6775	6776	0.0177659
1298	6776	0.0177659
6776	6777	0.0177121
1566	6777	0.0177121
6628	6778	0.0177733
4651	6778	0.0177733
6777	6779	0.0177052
6778	6779	0.0177052
5874	6780	0.017696
6779	6780	0.017696
3759	6781	0.0176897
6780	6781	0.0176897
3097	6782	0.0176764
6781	6782	0.0176764
6657	6783	0.0176632
6782	6783	0.0176632
191	6784	0.0176512
6783	6784	0.0176512
6784	6785	0.0176392
507	6785	0.0176392
6785	6786	0.0176348
2541	6786	0.0176348
134	6787	0.017622
6786	6787	0.017622
2566	6788	0.0176111
6787	6788	0.0176111
6788	6789	0.0175972
428	6789	0.0175972
6789	6790	0.0175862
3950	6790	0.0175862
6790	6791	0.0175545
2183	6791	0.0175545
6791	6792	0.0175466
6767	6792	0.0175466
6792	6793	0.0175419
1883	6793	0.0175419
6793	6794	0.017537
3548	6794	0.017537
5462	6795	0.017533
6794	6795	0.017533
6429	6796	0.017532
913	6796	0.017532
6795	6796	0.017532
3219	6796	0.017532
887	6797	0.0175235
6796	6797	0.0175235
6425	6798	0.0175211
6797	6798	0.0175211
6438	6799	0.0175166
6798	6799	0.0175166
4053	6800	0.0175111
6799	6800	0.0175111
2509	6801	0.0175064
6800	6801	0.0175064
2880	6802	0.0174577
6801	6802	0.0174577
2588	6803	0.0174543
6802	6803	0.0174543
5871	6804	0.017441
6803	6804	0.017441
6804	6805	0.0174306
4124	6805	0.0174306
6805	6806	0.0174276
2850	6806	0.0174276
6806	6807	0.0174236
2947	6807	0.0174236
6807	6808	0.0174191
6766	6808	0.0174191
3304	6808	0.0174191
6808	6809	0.0174027
2973	6809	0.0174027
4409	6809	0.0174027
4229	6809	0.0174027
2909	6809	0.0174027
2426	6810	0.0174018
6809	6810	0.0174018
6426	6811	0.0173931
6810	6811	0.0173931
3137	6812	0.0173858
6811	6812	0.0173858
1050	6813	0.01737
6812	6813	0.01737
5578	6814	0.0173739
3632	6814	0.0173739
6813	6815	0.0173684
6814	6815	0.0173684
6815	6816	0.017364
3786	6816	0.017364
6816	6817	0.0173534
6416	6817	0.0173534
6817	6818	0.017334
1584	6818	0.017334
6639	6819	0.0177582
485	6819	0.0177582
758	6820	0.0174379
2246	6820	0.0174379
6649	6821	0.0176581
1447	6821	0.0176581
32	6822	0.0173296
6818	6822	0.0173296
6822	6823	0.0173032
2270	6823	0.0173032
6823	6824	0.0173017
2785	6824	0.0173017
6824	6825	0.0172823
1695	6825	0.0172823
2721	6826	0.0172741
6825	6826	0.0172741
78	6827	0.0172638
6826	6827	0.0172638
6827	6828	0.0172584
4853	6828	0.0172584
6828	6829	0.0172221
4918	6829	0.0172221
6768	6829	0.0172221
2048	6830	0.0171788
6829	6830	0.0171788
1985	6831	0.017178
6830	6831	0.017178
1724	6832	0.0171659
6831	6832	0.0171659
499	6833	0.0171638
6832	6833	0.0171638
4245	6834	0.0171548
6833	6834	0.0171548
576	6835	0.0171402
6834	6835	0.0171402
798	6836	0.0171385
6835	6836	0.0171385
6836	6837	0.0170961
3527	6837	0.0170961
6837	6838	0.0170954
1517	6838	0.0170954
5013	6839	0.0170767
6838	6839	0.0170767
1851	6840	0.017049
6839	6840	0.017049
6840	6841	0.0170472
3201	6841	0.0170472
6841	6842	0.0170413
6820	6842	0.0170413
6842	6843	0.0170375
3639	6843	0.0170375
5845	6844	0.0170242
6843	6844	0.0170242
1953	6845	0.0170214
6844	6845	0.0170214
773	6845	0.0170214
6845	6846	0.0170187
1178	6846	0.0170187
6846	6847	0.0170064
3278	6847	0.0170064
1983	6848	0.0168769
6658	6848	0.0168769
6847	6849	0.0170029
1526	6849	0.0170029
6849	6850	0.0169981
435	6850	0.0169981
5868	6850	0.0169981
2803	6850	0.0169981
1430	6850	0.0169981
6850	6851	0.0169936
6821	6851	0.0169936
6441	6852	0.016983
6851	6852	0.016983
6852	6853	0.0169459
1165	6853	0.0169459
6853	6854	0.0169378
1515	6854	0.0169378
2056	6855	0.0169193
6854	6855	0.0169193
3917	6856	0.0169132
6855	6856	0.0169132
6856	6857	0.0169089
6764	6857	0.0169089
6857	6858	0.0168914
1248	6858	0.0168914
6858	6859	0.0168852
3312	6859	0.0168852
6859	6860	0.0168632
4555	6860	0.0168632
6860	6861	0.01686
491	6861	0.01686
1648	6862	0.0168363
6861	6862	0.0168363
4183	6862	0.0168363
6862	6863	0.0168304
2089	6863	0.0168304
6863	6864	0.0168285
2664	6864	0.0168285
6864	6865	0.0167783
3117	6865	0.0167783
5723	6866	0.0167725
6865	6866	0.0167725
6848	6867	0.0167706
6866	6867	0.0167706
6819	6867	0.0167706
3414	6867	0.0167706
2896	6867	0.0167706
6867	6868	0.0167423
1742	6868	0.0167423
2020	6869	0.0167138
6868	6869	0.0167138
6869	6870	0.0167066
5687	6870	0.0167066
6401	6871	0.0167027
6870	6871	0.0167027
879	6871	0.0167027
3115	6871	0.0167027
1653	6872	0.0166878
6871	6872	0.0166878
6872	6873	0.0166843
6632	6873	0.0166843
4592	6873	0.0166843
1393	6874	0.0372992
5	6874	0.0372992
792	6875	0.0247878
6874	6875	0.0247878
1199	6876	0.101579
1200	6876	0.101579
10	6877	0.0930704
122	6877	0.0930704
6877	6878	0.0536759
6876	6878	0.0536759
1524	6879	0.0459
3907	6879	0.0459
6879	6880	0.0287721
414	6880	0.0287721
1739	6881	0.340178
22	6881	0.340178
27	6882	0.0224709
4049	6882	0.0224709
29	6883	0.0568202
4742	6883	0.0568202
250	6884	0.0678331
2462	6884	0.0678331
1781	6885	0.064892
6884	6885	0.064892
6885	6886	0.0442992
259	6886	0.0442992
1214	6887	0.0419813
6886	6887	0.0419813
4647	6888	0.0627691
456	6888	0.0627691
6888	6889	0.0266146
1198	6889	0.0266146
1843	6890	0.0242452
4223	6890	0.0242452
6890	6891	0.0181129
4618	6891	0.0181129
38	6892	0.0227016
2362	6892	0.0227016
2236	6893	0.0207712
197	6893	0.0207712
4885	6894	0.0713055
928	6894	0.0713055
6894	6895	0.0510673
2387	6895	0.0510673
6895	6896	0.0443974
4071	6896	0.0443974
4428	6897	0.0433895
6896	6897	0.0433895
6897	6898	0.0325466
4107	6898	0.0325466
6898	6899	0.0227059
1281	6899	0.0227059
6899	6900	0.019204
2453	6900	0.019204
6900	6901	0.0188781
321	6901	0.0188781
6901	6902	0.0187387
525	6902	0.0187387
6902	6903	0.018505
2779	6903	0.018505
6903	6904	0.0175687
2507	6904	0.0175687
6904	6905	0.017163
2324	6905	0.017163
902	6906	0.0336474
996	6906	0.0336474
4296	6907	0.0213676
3378	6907	0.0213676
3504	6908	0.0644545
4523	6908	0.0644545
4315	6909	0.0805423
297	6909	0.0805423
292	6910	0.0644224
1550	6910	0.0644224
6909	6911	0.061792
6910	6911	0.061792
6911	6912	0.0539677
1713	6912	0.0539677
6912	6913	0.0415287
4444	6913	0.0415287
6908	6914	0.0314584
6913	6914	0.0314584
3399	6915	0.0271048
769	6915	0.0271048
6914	6916	0.0270728
6915	6916	0.0270728
6916	6917	0.0259158
4139	6917	0.0259158
3162	6918	0.0255241
6917	6918	0.0255241
6918	6919	0.0245781
911	6919	0.0245781
1894	6920	0.0238786
6919	6920	0.0238786
6920	6921	0.0198474
4496	6921	0.0198474
2806	6922	0.16844
166	6922	0.16844
6922	6923	0.122371
2893	6923	0.122371
6923	6924	0.109166
477	6924	0.109166
6924	6925	0.0828673
1510	6925	0.0828673
6925	6926	0.0682386
1367	6926	0.0682386
6926	6927	0.0660211
3036	6927	0.0660211
6927	6928	0.0618057
907	6928	0.0618057
4231	6929	0.058166
6928	6929	0.058166
6929	6930	0.0522215
1222	6930	0.0522215
6930	6931	0.0496804
56	6931	0.0496804
6931	6932	0.0426873
2696	6932	0.0426873
6932	6933	0.0397201
3968	6933	0.0397201
6933	6934	0.0336911
1389	6934	0.0336911
6934	6935	0.0336844
4328	6935	0.0336844
4715	6936	0.0586949
262	6936	0.0586949
6936	6937	0.0539883
1931	6937	0.0539883
6937	6938	0.0453084
660	6938	0.0453084
6938	6939	0.0385863
1930	6939	0.0385863
4609	6940	0.0252971
6939	6940	0.0252971
1952	6941	0.0979019
68	6941	0.0979019
6941	6942	0.0617745
3976	6942	0.0617745
6942	6943	0.0235118
2097	6943	0.0235118
6943	6944	0.0199967
1631	6944	0.0199967
74	6945	0.0520091
3042	6945	0.0520091
4961	6946	0.0237552
114	6946	0.0237552
167	6947	0.0392691
1958	6947	0.0392691
2750	6948	0.0392183
6947	6948	0.0392183
6948	6949	0.0248815
81	6949	0.0248815
4623	6950	0.0344702
4773	6950	0.0344702
3357	6951	0.0305939
6950	6951	0.0305939
2337	6952	0.0232139
6951	6952	0.0232139
4597	6953	0.0590384
1056	6953	0.0590384
6953	6954	0.0223528
1466	6954	0.0223528
6954	6955	0.0213818
86	6955	0.0213818
2093	6956	0.019804
1605	6956	0.019804
365	6957	0.0173424
4778	6957	0.0173424
593	6958	0.049008
3746	6958	0.049008
230	6959	0.0586635
2395	6959	0.0586635
6959	6960	0.0375663
2207	6960	0.0375663
4583	6961	0.0353504
6960	6961	0.0353504
6961	6962	0.018511
4586	6962	0.018511
1033	6963	0.0182537
6962	6963	0.0182537
2861	6964	0.0838371
324	6964	0.0838371
6964	6965	0.0676687
2472	6965	0.0676687
6965	6966	0.0541976
2950	6966	0.0541976
2611	6967	0.0540543
6966	6967	0.0540543
2478	6968	0.0172273
1407	6968	0.0172273
2219	6969	0.0474776
248	6969	0.0474776
4337	6970	0.0374577
6969	6970	0.0374577
2403	6971	0.0359104
2024	6971	0.0359104
3335	6972	0.0266731
371	6972	0.0266731
1799	6973	0.0292296
4432	6973	0.0292296
6973	6974	0.0234634
1406	6974	0.0234634
6970	6975	0.0245483
3709	6975	0.0245483
6971	6976	0.0239289
2316	6976	0.0239289
6976	6977	0.0217743
6972	6977	0.0217743
6977	6978	0.0203056
5005	6978	0.0203056
6975	6979	0.0196054
1276	6979	0.0196054
6978	6980	0.019337
6979	6980	0.019337
6974	6981	0.0186885
6980	6981	0.0186885
3808	6982	0.018672
6981	6982	0.018672
2912	6983	0.0182455
6982	6983	0.0182455
1141	6984	0.0181255
6983	6984	0.0181255
1220	6985	0.0483932
2601	6985	0.0483932
3006	6986	0.0313932
318	6986	0.0313932
4905	6987	0.0289412
793	6987	0.0289412
2065	6987	0.0289412
3014	6988	0.0269045
6987	6988	0.0269045
4973	6989	0.023695
6988	6989	0.023695
6986	6990	0.0205728
6989	6990	0.0205728
3444	6991	0.0273016
3439	6991	0.0273016
1053	6992	0.0253579
6991	6992	0.0253579
2827	6993	0.0216189
6992	6993	0.0216189
1562	6994	0.0230649
4518	6994	0.0230649
442	6995	0.0606024
4916	6995	0.0606024
4922	6996	0.0598359
6995	6996	0.0598359
6996	6997	0.0595217
4912	6997	0.0595217
6997	6998	0.0509431
4663	6998	0.0509431
4832	6999	0.0450573
6998	6999	0.0450573
4909	7000	0.0420811
6999	7000	0.0420811
1841	7001	0.0630303
4102	7001	0.0630303
7001	7002	0.0279477
1809	7002	0.0279477
7002	7003	0.021224
387	7003	0.021224
7003	7004	0.0173454
4030	7004	0.0173454
7004	7005	0.0166854
4777	7005	0.0166854
4772	7006	0.0326486
3674	7006	0.0326486
7006	7007	0.0236265
2205	7007	0.0236265
3915	7008	0.0186374
3507	7008	0.0186374
4163	7009	0.057324
4534	7009	0.057324
1635	7010	0.462078
408	7010	0.462078
2408	7011	0.0204175
7010	7011	0.0204175
4553	7012	0.295781
1411	7012	0.295781
1151	7013	0.132154
1651	7013	0.132154
3795	7014	0.047687
3529	7014	0.047687
2102	7014	0.047687
7014	7015	0.0288429
2411	7015	0.0288429
4681	7016	0.0368735
3425	7016	0.0368735
2813	7017	0.0545699
2841	7017	0.0545699
7017	7018	0.0530691
271	7018	0.0530691
7018	7019	0.0495859
3151	7019	0.0495859
7019	7020	0.0277778
4740	7020	0.0277778
4043	7021	0.0267614
4395	7021	0.0267614
7020	7022	0.0260239
7021	7022	0.0260239
7022	7023	0.0258046
3260	7023	0.0258046
7023	7024	0.0221569
865	7024	0.0221569
7024	7025	0.0206935
1392	7025	0.0206935
7025	7026	0.0201884
4138	7026	0.0201884
7026	7027	0.0200479
108	7027	0.0200479
7027	7028	0.0199911
1969	7028	0.0199911
7028	7029	0.0195635
3255	7029	0.0195635
7029	7030	0.0190488
938	7030	0.0190488
7030	7031	0.0177389
2604	7031	0.0177389
117	7032	0.267057
2137	7032	0.267057
3160	7033	0.0802223
3768	7033	0.0802223
2146	7034	0.0226964
3579	7034	0.0226964
2653	7035	0.108388
4303	7035	0.108388
838	7036	0.101435
7035	7036	0.101435
931	7037	0.0663564
2959	7037	0.0663564
481	7038	0.0430902
136	7038	0.0430902
1806	7039	0.0406053
7038	7039	0.0406053
7037	7040	0.0420961
2250	7040	0.0420961
7040	7041	0.0352353
7039	7041	0.0352353
128	7042	0.0277707
2174	7042	0.0277707
3879	7043	0.0276365
7042	7043	0.0276365
7036	7044	0.0307778
4414	7044	0.0307778
7041	7045	0.030404
7044	7045	0.030404
636	7046	0.0252086
7043	7046	0.0252086
3618	7047	0.0249164
7045	7047	0.0249164
7046	7048	0.0229721
7047	7048	0.0229721
2359	7049	0.0391925
2345	7049	0.0391925
7049	7050	0.0169955
1089	7050	0.0169955
3641	7051	0.225958
2420	7051	0.225958
1440	7052	0.061948
4938	7052	0.061948
7052	7053	0.0299289
897	7053	0.0299289
3182	7054	0.0456761
4664	7054	0.0456761
1003	7055	0.0649784
4285	7055	0.0649784
4218	7056	0.0623223
4678	7056	0.0623223
7056	7057	0.0488269
3594	7057	0.0488269
7055	7058	0.0449218
1015	7058	0.0449218
7057	7059	0.0466903
3731	7059	0.0466903
7058	7060	0.036244
7059	7060	0.036244
7060	7061	0.0324274
4677	7061	0.0324274
7061	7062	0.0305928
3649	7062	0.0305928
7062	7063	0.0299398
3423	7063	0.0299398
7063	7064	0.0295676
3593	7064	0.0295676
7064	7065	0.0295332
4244	7065	0.0295332
7065	7066	0.0286872
3648	7066	0.0286872
7066	7067	0.0266607
1709	7067	0.0266607
7054	7068	0.024704
7067	7068	0.024704
7068	7069	0.0222609
3652	7069	0.0222609
7069	7070	0.0212362
564	7070	0.0212362
7070	7071	0.0201297
4660	7071	0.0201297
7071	7072	0.0177182
4284	7072	0.0177182
1820	7073	0.11459
2662	7073	0.11459
143	7074	0.0231434
2907	7074	0.0231434
7074	7075	0.0193748
4157	7075	0.0193748
662	7076	0.0655413
810	7076	0.0655413
7076	7077	0.0166769
817	7077	0.0166769
866	7078	0.035191
1171	7078	0.035191
2699	7079	0.0632384
1928	7079	0.0632384
2434	7080	0.0241593
7078	7080	0.0241593
7079	7081	0.0171942
7080	7081	0.0171942
2598	7082	0.0770106
4505	7082	0.0770106
4031	7083	0.0694558
7082	7083	0.0694558
2307	7084	0.0613363
7083	7084	0.0613363
3257	7085	0.145201
3256	7085	0.145201
4954	7086	0.0764697
7085	7086	0.0764697
4374	7087	0.0502173
3368	7087	0.0502173
7086	7088	0.0302002
4848	7088	0.0302002
7087	7089	0.0187035
7088	7089	0.0187035
3457	7090	0.150369
152	7090	0.150369
1168	7091	0.024531
1152	7091	0.024531
7091	7092	0.0228351
2536	7092	0.0228351
7092	7093	0.0212533
1823	7093	0.0212533
674	7094	0.032945
896	7094	0.032945
7094	7095	0.0290524
487	7095	0.0290524
7095	7096	0.0279874
3840	7096	0.0279874
3762	7097	0.0291049
3858	7097	0.0291049
7096	7098	0.0266607
1947	7098	0.0266607
7097	7099	0.0225298
3743	7099	0.0225298
7098	7100	0.0225615
4169	7100	0.0225615
7099	7101	0.0224664
4759	7101	0.0224664
7100	7101	0.0224664
7101	7102	0.0216343
2546	7102	0.0216343
4391	7103	0.0177613
7102	7103	0.0177613
4614	7104	0.139202
2305	7104	0.139202
7104	7105	0.0951445
3074	7105	0.0951445
7105	7106	0.0883176
2532	7106	0.0883176
279	7107	0.0853975
7106	7107	0.0853975
7107	7108	0.0713942
3015	7108	0.0713942
7108	7109	0.0666118
1877	7109	0.0666118
7109	7110	0.0646804
1945	7110	0.0646804
1080	7111	0.0480702
2401	7111	0.0480702
7111	7112	0.0434676
2715	7112	0.0434676
7110	7113	0.0418738
7112	7113	0.0418738
2329	7114	0.0987557
612	7114	0.0987557
7114	7115	0.0169311
170	7115	0.0169311
3214	7116	0.0824505
181	7116	0.0824505
7116	7117	0.0452736
4280	7117	0.0452736
2346	7118	0.0234585
7117	7118	0.0234585
184	7119	0.19321
3783	7119	0.19321
1862	7120	0.0289554
4935	7120	0.0289554
472	7121	0.0538445
4480	7121	0.0538445
3480	7122	0.0182073
4431	7122	0.0182073
7122	7123	0.0170203
211	7123	0.0170203
1750	7124	0.0739998
492	7124	0.0739998
4178	7125	0.0636675
7124	7125	0.0636675
1417	7126	0.301944
4256	7126	0.301944
7126	7127	0.271335
2171	7127	0.271335
216	7128	0.0949359
2781	7128	0.0949359
4951	7129	0.0498109
3440	7129	0.0498109
7128	7130	0.0474426
1540	7130	0.0474426
7129	7131	0.046767
7130	7131	0.046767
2617	7132	0.147393
1083	7132	0.147393
7132	7133	0.0469122
1240	7133	0.0469122
7131	7134	0.0439448
7133	7134	0.0439448
1066	7135	0.0431044
7134	7135	0.0431044
7135	7136	0.0425112
1749	7136	0.0425112
7136	7137	0.026915
876	7137	0.026915
777	7138	0.0238726
7137	7138	0.0238726
2948	7139	0.017924
7138	7139	0.017924
4252	7140	0.289134
4269	7140	0.289134
3010	7141	0.0780768
1962	7141	0.0780768
7140	7142	0.0764445
4270	7142	0.0764445
7142	7143	0.0659424
7141	7143	0.0659424
2614	7144	0.11351
4473	7144	0.11351
7144	7145	0.0969803
244	7145	0.0969803
3330	7146	0.0256447
7145	7146	0.0256447
255	7147	0.0628092
333	7147	0.0628092
4324	7148	0.0382133
3319	7148	0.0382133
7148	7149	0.0351821
2663	7149	0.0351821
7149	7150	0.0293225
3781	7150	0.0293225
7150	7151	0.0206061
563	7151	0.0206061
7151	7152	0.019868
747	7152	0.019868
4748	7153	0.0579608
275	7153	0.0579608
3692	7154	0.0488059
782	7154	0.0488059
7154	7155	0.01754
4891	7155	0.01754
283	7156	0.0829173
2005	7156	0.0829173
2013	7157	0.0198578
3494	7157	0.0198578
7157	7158	0.0192727
2197	7158	0.0192727
3722	7159	0.112667
296	7159	0.112667
3436	7160	0.0377408
345	7160	0.0377408
2059	7161	0.0233231
3005	7161	0.0233231
2239	7161	0.0233231
7160	7161	0.0233231
571	7162	0.022464
350	7162	0.022464
1565	7163	0.0223664
7162	7163	0.0223664
4790	7164	0.027977
2217	7164	0.027977
7164	7165	0.0239997
2811	7165	0.0239997
1813	7166	0.0205895
3455	7166	0.0205895
1911	7167	0.0299654
3927	7167	0.0299654
7167	7168	0.0225031
4591	7168	0.0225031
7168	7169	0.0208314
4577	7169	0.0208314
7169	7170	0.0205182
4566	7170	0.0205182
7170	7171	0.0202097
3817	7171	0.0202097
3309	7171	0.0202097
7171	7172	0.0183711
2852	7172	0.0183711
7172	7173	0.0177768
3224	7173	0.0177768
4815	7174	0.0176819
7173	7174	0.0176819
7166	7175	0.0171154
7174	7175	0.0171154
374	7176	0.0190017
698	7176	0.0190017
3180	7177	0.0176754
7176	7177	0.0176754
4267	7178	0.0280897
378	7178	0.0280897
1481	7179	0.0252898
1612	7179	0.0252898
1472	7180	0.0240528
7179	7180	0.0240528
7180	7181	0.0212107
389	7181	0.0212107
7181	7182	0.0189935
2997	7182	0.0189935
1769	7183	0.0468089
2043	7183	0.0468089
394	7184	0.0447938
7183	7184	0.0447938
587	7185	0.0389371
7184	7185	0.0389371
7185	7186	0.0250746
1774	7186	0.0250746
743	7187	0.0777202
397	7187	0.0777202
3402	7188	0.425311
1233	7188	0.425311
7188	7189	0.0780102
655	7189	0.0780102
412	7190	0.100794
1074	7190	0.100794
578	7191	0.0609636
3782	7191	0.0609636
3985	7192	0.0696327
4052	7192	0.0696327
2349	7193	0.067391
7192	7193	0.067391
7193	7194	0.0426286
1959	7194	0.0426286
7191	7195	0.0425087
7194	7195	0.0425087
3609	7196	0.0308183
7195	7196	0.0308183
7196	7197	0.0261478
4475	7197	0.0261478
4829	7198	0.0307784
4537	7198	0.0307784
7198	7199	0.0301878
5021	7199	0.0301878
1902	7200	0.0265249
7199	7200	0.0265249
2474	7201	0.0194812
7200	7201	0.0194812
2409	7202	0.0188604
2534	7202	0.0188604
3308	7203	0.0423214
984	7203	0.0423214
4184	7204	0.0696745
2076	7204	0.0696745
1886	7205	0.0884758
4050	7205	0.0884758
7205	7206	0.0665059
443	7206	0.0665059
7206	7207	0.0537505
808	7207	0.0537505
7207	7208	0.0482159
1368	7208	0.0482159
4789	7209	0.0397006
635	7209	0.0397006
4253	7210	0.0322384
7209	7210	0.0322384
7210	7211	0.025911
4902	7211	0.025911
463	7212	0.0698568
1296	7212	0.0698568
4481	7213	0.0286657
853	7213	0.0286657
2273	7214	0.0396422
466	7214	0.0396422
2683	7215	0.0296937
7214	7215	0.0296937
7215	7216	0.0290983
3749	7216	0.0290983
4268	7216	0.0290983
3715	7216	0.0290983
977	7217	0.0734937
3451	7217	0.0734937
7217	7218	0.0192147
3290	7218	0.0192147
2600	7219	0.0836427
4361	7219	0.0836427
7219	7220	0.0709304
1920	7220	0.0709304
7220	7221	0.0406018
474	7221	0.0406018
3345	7222	0.0377525
628	7222	0.0377525
1338	7223	0.0359867
7222	7223	0.0359867
7223	7224	0.0340764
2049	7224	0.0340764
7224	7225	0.0297248
4170	7225	0.0297248
7225	7226	0.026253
480	7226	0.026253
2906	7227	0.0261672
7226	7227	0.0261672
7227	7228	0.0182588
1940	7228	0.0182588
1109	7229	0.0175056
1491	7229	0.0175056
7228	7230	0.0169459
7229	7230	0.0169459
489	7231	0.0629844
645	7231	0.0629844
1057	7232	0.0542503
2113	7232	0.0542503
7231	7233	0.054041
7232	7233	0.054041
3720	7234	0.0536671
3608	7234	0.0536671
7234	7235	0.0255461
1022	7235	0.0255461
7235	7236	0.0243075
2755	7236	0.0243075
4717	7237	0.0173264
542	7237	0.0173264
4600	7238	0.036133
1293	7238	0.036133
7238	7239	0.0205592
4021	7239	0.0205592
3978	7240	0.0396836
3770	7240	0.0396836
7240	7241	0.0351232
2949	7241	0.0351232
7241	7242	0.0332959
2761	7242	0.0332959
7242	7243	0.0314714
556	7243	0.0314714
7243	7244	0.0313366
4767	7244	0.0313366
7244	7245	0.0312132
1708	7245	0.0312132
7245	7246	0.0281288
2637	7246	0.0281288
7246	7247	0.0274935
4117	7247	0.0274935
7247	7248	0.0248666
4766	7248	0.0248666
7248	7249	0.0208254
4292	7249	0.0208254
7249	7250	0.0204315
4355	7250	0.0204315
7250	7251	0.0201502
4979	7251	0.0201502
7251	7252	0.0185944
4705	7252	0.0185944
965	7253	0.164338
966	7253	0.164338
573	7254	0.0180453
1125	7254	0.0180453
2301	7255	0.113398
2433	7255	0.113398
1470	7256	0.0508242
585	7256	0.0508242
7256	7257	0.0310962
1972	7257	0.0310962
608	7258	0.0346608
3351	7258	0.0346608
919	7259	0.232868
618	7259	0.232868
2110	7260	0.0606
4716	7260	0.0606
7260	7261	0.0451517
1163	7261	0.0451517
7261	7262	0.0446188
2516	7262	0.0446188
7262	7263	0.0282328
4436	7263	0.0282328
7263	7264	0.0250893
3964	7264	0.0250893
7264	7265	0.0187232
631	7265	0.0187232
2296	7266	0.0536935
867	7266	0.0536935
7266	7267	0.0295925
639	7267	0.0295925
2749	7268	0.142432
650	7268	0.142432
1873	7269	0.135729
999	7269	0.135729
4230	7270	0.126709
7269	7270	0.126709
7268	7271	0.0748674
7270	7271	0.0748674
2378	7272	0.0227223
1511	7272	0.0227223
665	7273	0.0185488
1305	7273	0.0185488
1922	7274	0.0416354
2845	7274	0.0416354
7274	7275	0.0258429
3492	7275	0.0258429
725	7276	0.0189668
686	7276	0.0189668
4857	7277	0.0221092
3797	7277	0.0221092
1728	7278	0.0226526
2336	7278	0.0226526
7278	7279	0.0182419
945	7279	0.0182419
3654	7280	0.288362
2804	7280	0.288362
2519	7281	0.0294983
728	7281	0.0294983
4528	7282	0.0273157
7281	7282	0.0273157
2027	7283	0.0235255
7282	7283	0.0235255
2682	7284	0.0891903
730	7284	0.0891903
4866	7285	0.0434568
736	7285	0.0434568
1290	7286	0.0299661
3287	7286	0.0299661
3274	7287	0.0250097
7286	7287	0.0250097
7287	7288	0.0206694
1101	7288	0.0206694
3578	7289	0.0795795
4464	7289	0.0795795
742	7290	0.0606762
7289	7290	0.0606762
7290	7291	0.0311056
3702	7291	0.0311056
3934	7292	0.0465889
2753	7292	0.0465889
7292	7293	0.0459096
4288	7293	0.0459096
5000	7294	0.394006
830	7294	0.394006
1721	7295	0.0204341
1964	7295	0.0204341
5012	7296	0.0442052
1600	7296	0.0442052
4113	7297	0.0738203
828	7297	0.0738203
2673	7298	0.02096
2314	7298	0.02096
2127	7299	0.0705921
3471	7299	0.0705921
7299	7300	0.0261893
2732	7300	0.0261893
4100	7301	0.0554784
3265	7301	0.0554784
4314	7302	0.0533217
7301	7302	0.0533217
7302	7303	0.0279484
3531	7303	0.0279484
7303	7304	0.0228665
2692	7304	0.0228665
3740	7305	0.0810152
922	7305	0.0810152
4093	7306	0.0584632
946	7306	0.0584632
4512	7307	0.0270134
7306	7307	0.0270134
1943	7308	0.038943
1981	7308	0.038943
1242	7309	0.0210029
973	7309	0.0210029
3154	7310	0.0194752
7309	7310	0.0194752
4458	7311	0.0217677
1137	7311	0.0217677
2493	7312	0.0562801
1139	7312	0.0562801
1731	7313	0.0988733
995	7313	0.0988733
4446	7314	0.0764596
7313	7314	0.0764596
2525	7315	0.078381
2162	7315	0.078381
7315	7316	0.0777871
3986	7316	0.0777871
7316	7317	0.0738397
2954	7317	0.0738397
7317	7318	0.0608593
3350	7318	0.0608593
7318	7319	0.0380552
1008	7319	0.0380552
7319	7320	0.0294307
3841	7320	0.0294307
1012	7321	0.044233
4658	7321	0.044233
4710	7322	0.0712979
1014	7322	0.0712979
3208	7323	0.0280667
2139	7323	0.0280667
7322	7324	0.0271434
7323	7324	0.0271434
4698	7325	0.0545542
4696	7325	0.0545542
1337	7326	0.0458293
2033	7326	0.0458293
2720	7327	0.236258
1045	7327	0.236258
7327	7328	0.117055
3850	7328	0.117055
3071	7329	0.0181732
3377	7329	0.0181732
1076	7330	0.0460201
4382	7330	0.0460201
7330	7331	0.0184072
1827	7331	0.0184072
1671	7332	0.0538523
1467	7332	0.0538523
7332	7333	0.0362732
4701	7333	0.0362732
7333	7334	0.0218341
4945	7334	0.0218341
7334	7335	0.0192537
4952	7335	0.0192537
4898	7336	0.0425299
4650	7336	0.0425299
2008	7337	0.0440996
1157	7337	0.0440996
1170	7338	0.0485679
4987	7338	0.0485679
1509	7339	0.0542906
4048	7339	0.0542906
1166	7340	0.0292264
1910	7340	0.0292264
2338	7341	0.303702
3536	7341	0.303702
3070	7342	0.0238393
2669	7342	0.0238393
3103	7343	0.0249653
4299	7343	0.0249653
1532	7344	0.360635
2767	7344	0.360635
7344	7345	0.150058
1239	7345	0.150058
4014	7346	0.0198099
2289	7346	0.0198099
3871	7347	0.152462
1246	7347	0.152462
3807	7348	0.0644022
3061	7348	0.0644022
4768	7349	0.109894
1260	7349	0.109894
1280	7350	0.0235632
2353	7350	0.0235632
4574	7351	0.0997907
1347	7351	0.0997907
1339	7352	0.0769146
3273	7352	0.0769146
1345	7352	0.0769146
3745	7353	0.0350888
1341	7353	0.0350888
2144	7354	0.0453661
1400	7354	0.0453661
1429	7355	0.0331422
2616	7355	0.0331422
4529	7356	0.402172
4443	7356	0.402172
7356	7357	0.338264
4327	7357	0.338264
7357	7358	0.306278
4907	7358	0.306278
7358	7359	0.182195
3736	7359	0.182195
7359	7360	0.0282288
1494	7360	0.0282288
4185	7361	0.0234585
7360	7361	0.0234585
3217	7362	0.0297972
4599	7362	0.0297972
1553	7363	0.0180702
3683	7363	0.0180702
1587	7364	0.0248635
1568	7364	0.0248635
1571	7365	0.0592786
3317	7365	0.0592786
4088	7366	0.0449942
1585	7366	0.0449942
7366	7367	0.0174665
4332	7367	0.0174665
2253	7368	0.0331924
3521	7368	0.0331924
2754	7369	0.0359082
3598	7369	0.0359082
4808	7370	0.0241792
4628	7370	0.0241792
2193	7371	0.289002
1664	7371	0.289002
1682	7372	0.0685204
2780	7372	0.0685204
2386	7373	0.0167929
2860	7373	0.0167929
4238	7374	0.0206003
2998	7374	0.0206003
3572	7375	0.0639881
1771	7375	0.0639881
2131	7376	0.0511471
2152	7376	0.0511471
2195	7377	0.0497173
7376	7377	0.0497173
3932	7378	0.0235538
3931	7378	0.0235538
7378	7379	0.0178826
1725	7379	0.0178826
3279	7380	0.0427643
1766	7380	0.0427643
2136	7381	0.0419015
1768	7381	0.0419015
1797	7382	0.0940802
3690	7382	0.0940802
4081	7383	0.100257
4234	7383	0.100257
2087	7384	0.0182519
3488	7384	0.0182519
1899	7385	0.0790201
4210	7385	0.0790201
4274	7386	0.0750922
7385	7386	0.0750922
4643	7387	0.0971171
1918	7387	0.0971171
4246	7388	0.0238993
3443	7388	0.0238993
4381	7389	0.0997385
1946	7389	0.0997385
3983	7390	0.073225
7389	7390	0.073225
7390	7391	0.0169966
3053	7391	0.0169966
4447	7392	0.0674946
3018	7392	0.0674946
2053	7393	0.110042
2773	7393	0.110042
3033	7394	0.243282
2176	7394	0.243282
2224	7395	0.266112
2937	7395	0.266112
5014	7396	0.050253
7395	7396	0.050253
3379	7397	0.028861
3467	7397	0.028861
3948	7398	0.0538817
2221	7398	0.0538817
2587	7399	0.0613507
2898	7399	0.0613507
2963	7400	0.0451577
3664	7400	0.0451577
4493	7401	0.0757232
3673	7401	0.0757232
4222	7402	0.0728386
3967	7402	0.0728386
3971	7403	0.0673374
7402	7403	0.0673374
3241	7404	0.0721956
2294	7404	0.0721956
3616	7405	0.0514239
3234	7405	0.0514239
2965	7406	0.105553
2343	7406	0.105553
2357	7407	0.230523
3148	7407	0.230523
7407	7408	0.0227897
4176	7408	0.0227897
2369	7409	0.0337962
4399	7409	0.0337962
7409	7410	0.0300166
4142	7410	0.0300166
2436	7411	0.019266
2490	7411	0.019266
3431	7412	0.15669
2672	7412	0.15669
3310	7413	0.102579
2595	7413	0.102579
4006	7414	0.240671
2697	7414	0.240671
7414	7415	0.0598106
4317	7415	0.0598106
4514	7416	0.116565
2722	7416	0.116565
3264	7417	0.0723043
2939	7417	0.0723043
4865	7418	0.113164
3019	7418	0.113164
3185	7419	0.107564
3848	7419	0.107564
4026	7420	0.026524
3233	7420	0.026524
3299	7421	0.166418
4704	7421	0.166418
3410	7422	0.101566
4392	7422	0.101566
4114	7423	0.0843548
3489	7423	0.0843548
3689	7424	0.0628593
7423	7424	0.0628593
3518	7425	0.146257
3538	7425	0.146257
4723	7425	0.146257
4057	7426	0.433872
3566	7426	0.433872
3670	7427	0.0842587
3851	7427	0.0842587
3760	7428	0.0705453
5006	7428	0.0705453
4830	7429	0.0256094
4622	7429	0.0256094
4805	7430	0.0343534
4812	7430	0.0343534
4934	7431	0.025095
4928	7431	0.025095
2432	7432	0.00914571
5058	7432	0.00914571
7368	7433	0.00694654
7119	7433	0.00694654
2025	7434	0.0133295
2098	7434	0.0133295
7434	7435	0.0109888
3065	7435	0.0109888
7435	7436	0.00746703
5011	7436	0.00746703
3704	7437	0.0101737
1349	7437	0.0101737
3384	7438	0.0131002
4316	7438	0.0131002
1038	7439	0.0149356
426	7439	0.0149356
3898	7440	0.013672
7008	7440	0.013672
981	7441	0.0102356
4492	7441	0.0102356
7296	7442	0.0158416
4426	7442	0.0158416
5132	7443	0.0115214
5133	7443	0.0115214
3892	7444	0.00985911
2640	7444	0.00985911
7444	7445	0.0077152
7297	7445	0.0077152
3497	7446	0.0144118
2366	7446	0.0144118
5053	7447	0.00688551
4770	7447	0.00688551
5191	7448	0.00763322
1105	7448	0.00763322
4059	7449	0.0131666
1046	7449	0.0131666
7449	7450	0.00673765
4488	7450	0.00673765
6882	7451	0.0103047
3333	7451	0.0103047
1390	7452	0.0147155
2310	7452	0.0147155
3884	7453	0.00692277
709	7453	0.00692277
528	7454	0.00865359
7271	7454	0.00865359
2394	7455	0.00860596
1767	7455	0.00860596
682	7456	0.00982933
2347	7456	0.00982933
7325	7457	0.0131617
1032	7457	0.0131617
800	7458	0.0140287
3132	7458	0.0140287
7190	7459	0.0152245
5192	7459	0.0152245
768	7460	0.0121154
2941	7460	0.0121154
2646	7461	0.00942511
3623	7461	0.00942511
277	7462	0.0148488
4279	7462	0.0148488
2661	7463	0.0111595
7016	7463	0.0111595
2704	7464	0.0127286
1092	7464	0.0127286
4065	7465	0.0123835
7464	7465	0.0123835
4655	7466	0.0131014
2241	7466	0.0131014
722	7467	0.0138492
2822	7467	0.0138492
2169	7468	0.0136506
7467	7468	0.0136506
7468	7469	0.0119781
3613	7469	0.0119781
7351	7470	0.0128352
1319	7470	0.0128352
5067	7471	0.015684
4070	7471	0.015684
7291	7472	0.0161725
1761	7472	0.0161725
416	7473	0.015067
5119	7473	0.015067
3285	7474	0.0154781
4410	7474	0.0154781
2647	7475	0.0150473
294	7475	0.0150473
1230	7476	0.0143585
2736	7476	0.0143585
6955	7477	0.0162268
1192	7477	0.0162268
2036	7478	0.0165569
3199	7478	0.0165569
586	7479	0.016552
7478	7479	0.016552
7053	7480	0.0153042
7365	7480	0.0153042
2728	7481	0.0161465
2856	7481	0.0161465
7481	7482	0.0146554
1439	7482	0.0146554
7482	7483	0.0143269
3067	7483	0.0143269
7483	7484	0.0139568
2855	7484	0.0139568
5122	7485	0.0159236
803	7485	0.0159236
5131	7486	0.0151281
2565	7486	0.0151281
5190	7487	0.016243
106	7487	0.016243
918	7488	0.0158551
7177	7488	0.0158551
7005	7489	0.0165266
4598	7489	0.0165266
461	7490	0.0166123
5105	7490	0.0166123
6873	7491	0.0166613
2001	7491	0.0166613
7491	7492	0.0166596
2869	7492	0.0166596
7492	7493	0.0166573
3327	7493	0.0166573
1418	7494	0.0166536
7493	7494	0.0166536
7494	7495	0.0166517
1819	7495	0.0166517
850	7496	0.0166484
7495	7496	0.0166484
5074	7497	0.0166256
7496	7497	0.0166256
7072	7497	0.0166256
7497	7498	0.0166206
4350	7498	0.0166206
501	7499	0.0166025
7498	7499	0.0166025
5153	7500	0.0165833
7499	7500	0.0165833
7500	7501	0.0165731
2444	7501	0.0165731
7501	7502	0.0165705
407	7502	0.0165705
7502	7503	0.0165398
7252	7503	0.0165398
2450	7504	0.0165386
7503	7504	0.0165386
7504	7505	0.0165276
196	7505	0.0165276
7505	7506	0.0165176
812	7506	0.0165176
3556	7507	0.0165323
4174	7507	0.0165323
7506	7508	0.0164785
7507	7508	0.0164785
7346	7508	0.0164785
1993	7508	0.0164785
7508	7509	0.0164728
64	7509	0.0164728
3769	7510	0.0164644
7509	7510	0.0164644
7510	7511	0.0164614
4146	7511	0.0164614
622	7512	0.0164527
7511	7512	0.0164527
7084	7512	0.0164527
986	7512	0.0164527
5155	7513	0.0164412
7512	7513	0.0164412
7513	7514	0.016411
95	7514	0.016411
7514	7515	0.0163979
7211	7515	0.0163979
7515	7516	0.0163635
7031	7516	0.0163635
7516	7517	0.0163576
3742	7517	0.0163576
6957	7517	0.0163576
7517	7518	0.0163492
1385	7518	0.0163492
7518	7519	0.0163449
4977	7519	0.0163449
5089	7520	0.0163361
7519	7520	0.0163361
7254	7520	0.0163361
7520	7521	0.0163097
505	7521	0.0163097
7521	7522	0.0163086
105	7522	0.0163086
7522	7523	0.0163032
3960	7523	0.0163032
7523	7524	0.0162945
2306	7524	0.0162945
4849	7525	0.0162877
7524	7525	0.0162877
1639	7526	0.0162757
7525	7526	0.0162757
5162	7527	0.0162619
7526	7527	0.0162619
8	7527	0.0162619
2368	7528	0.016258
7527	7528	0.016258
7528	7529	0.0162403
1473	7529	0.0162403
7529	7530	0.0162391
3028	7530	0.0162391
1905	7531	0.0162373
7530	7531	0.0162373
2966	7532	0.0162256
7531	7532	0.0162256
1621	7533	0.0164374
6968	7533	0.0164374
6963	7534	0.0164367
7533	7534	0.0164367
7048	7535	0.0162335
944	7535	0.0162335
7103	7536	0.0164196
4980	7536	0.0164196
2077	7537	0.0165169
3496	7537	0.0165169
7158	7538	0.0163456
7537	7538	0.0163456
7230	7539	0.0163165
4478	7539	0.0163165
7532	7540	0.0162164
2570	7540	0.0162164
6984	7541	0.0162143
7540	7541	0.0162143
7541	7542	0.0162125
4721	7542	0.0162125
7542	7543	0.0162037
340	7543	0.0162037
7543	7544	0.0162009
1914	7544	0.0162009
7544	7545	0.0161836
7534	7545	0.0161836
7539	7545	0.0161836
260	7546	0.0161752
3642	7546	0.0161752
7545	7546	0.0161752
7546	7547	0.0161567
7538	7547	0.0161567
7547	7548	0.0161562
4675	7548	0.0161562
4027	7549	0.0161537
7548	7549	0.0161537
7549	7550	0.0161172
7363	7550	0.0161172
3416	7551	0.0160904
5180	7551	0.0160904
7550	7551	0.0160904
3523	7551	0.0160904
4445	7551	0.0160904
7077	7551	0.0160904
7551	7552	0.0160847
290	7552	0.0160847
4794	7552	0.0160847
6994	7552	0.0160847
5137	7553	0.0160797
7552	7553	0.0160797
7535	7553	0.0160797
7553	7554	0.0160598
2348	7554	0.0160598
3486	7555	0.0160541
7554	7555	0.0160541
3085	7556	0.0160476
7555	7556	0.0160476
7556	7557	0.0160428
6905	7557	0.0160428
759	7557	0.0160428
7557	7558	0.0160338
3305	7558	0.0160338
3212	7559	0.016017
7558	7559	0.016017
3027	7559	0.016017
6956	7560	0.0160047
7559	7560	0.0160047
7560	7561	0.0159906
1322	7561	0.0159906
1258	7562	0.0159854
7561	7562	0.0159854
7536	7563	0.0160563
4718	7563	0.0160563
6945	7564	0.0159829
7562	7564	0.0159829
7564	7565	0.0159638
2240	7565	0.0159638
4882	7566	0.0159622
7565	7566	0.0159622
5093	7567	0.0159587
7490	7567	0.0159587
7566	7567	0.0159587
7563	7567	0.0159587
7567	7568	0.0159549
4796	7568	0.0159549
7568	7569	0.0159384
2125	7569	0.0159384
7569	7570	0.0159351
4889	7570	0.0159351
7570	7571	0.0159266
1640	7571	0.0159266
4976	7572	0.0159175
7571	7572	0.0159175
6881	7572	0.0159175
6921	7572	0.0159175
7572	7573	0.0159171
4616	7573	0.0159171
7573	7574	0.0159017
678	7574	0.0159017
7574	7575	0.0158812
1034	7575	0.0158812
7575	7576	0.0158258
3747	7576	0.0158258
7576	7577	0.0158252
1374	7577	0.0158252
1656	7577	0.0158252
7577	7578	0.0158003
1701	7578	0.0158003
7578	7579	0.0157919
2437	7579	0.0157919
7579	7580	0.0157787
1304	7580	0.0157787
617	7581	0.0157623
5177	7581	0.0157623
7580	7581	0.0157623
2192	7582	0.0157272
7581	7582	0.0157272
2579	7582	0.0157272
6893	7583	0.015953
1705	7583	0.015953
146	7584	0.0163149
2639	7584	0.0163149
2513	7585	0.0158926
7115	7585	0.0158926
2109	7586	0.0158825
7585	7586	0.0158825
7236	7587	0.0166098
3490	7587	0.0166098
4585	7588	0.0163052
7276	7588	0.0163052
1563	7589	0.0165186
1316	7589	0.0165186
1482	7590	0.0165169
1456	7590	0.0165169
7582	7591	0.0156965
7586	7591	0.0156965
5128	7592	0.015689
7591	7592	0.015689
7489	7593	0.0156858
7592	7593	0.0156858
1850	7593	0.0156858
7593	7594	0.0156852
2840	7594	0.0156852
326	7595	0.0156795
7594	7595	0.0156795
4397	7596	0.0156788
7595	7596	0.0156788
7596	7597	0.0156779
1479	7597	0.0156779
1480	7597	0.0156779
7597	7598	0.015672
3129	7598	0.015672
7598	7599	0.0156686
3385	7599	0.0156686
4233	7599	0.0156686
7599	7600	0.0156525
3707	7600	0.0156525
7600	7601	0.0156518
7139	7601	0.0156518
2501	7602	0.0156457
7601	7602	0.0156457
4936	7603	0.0156433
7602	7603	0.0156433
2994	7604	0.0156422
7603	7604	0.0156422
3562	7605	0.0156396
7604	7605	0.0156396
7605	7606	0.0156369
273	7606	0.0156369
5183	7607	0.0156345
7606	7607	0.0156345
3491	7608	0.015628
7607	7608	0.015628
7608	7609	0.0156194
780	7609	0.0156194
7609	7610	0.0156139
76	7610	0.0156139
7584	7610	0.0156139
7610	7611	0.0156127
1598	7611	0.0156127
7611	7612	0.0155982
2103	7612	0.0155982
2925	7613	0.0155763
7612	7613	0.0155763
1203	7614	0.015545
7613	7614	0.015545
1410	7615	0.0156518
2668	7615	0.0156518
7279	7616	0.0156022
1238	7616	0.0156022
7614	7617	0.0155438
3349	7617	0.0155438
7617	7618	0.0155422
7304	7618	0.0155422
2764	7618	0.0155422
4510	7618	0.0155422
1267	7619	0.0155096
7618	7619	0.0155096
348	7620	0.0155037
7619	7620	0.0155037
7583	7621	0.015539
2866	7621	0.015539
7615	7621	0.015539
2067	7622	0.0155324
7621	7622	0.0155324
7620	7623	0.0154799
3945	7623	0.0154799
7335	7624	0.0154781
7623	7624	0.0154781
1135	7624	0.0154781
3177	7624	0.0154781
1114	7624	0.0154781
7624	7625	0.0154655
886	7625	0.0154655
7622	7625	0.0154655
2540	7626	0.015459
7625	7626	0.015459
7626	7627	0.0154532
7588	7627	0.0154532
7627	7628	0.0154401
2859	7628	0.0154401
872	7629	0.0154158
7628	7629	0.0154158
7629	7630	0.0154096
3512	7630	0.0154096
2094	7631	0.0153952
7630	7631	0.0153952
3196	7632	0.015377
7631	7632	0.015377
881	7633	0.0153665
7632	7633	0.0153665
3754	7634	0.0153572
7633	7634	0.0153572
7634	7635	0.0153276
1351	7635	0.0153276
1887	7636	0.0153207
7635	7636	0.0153207
7616	7636	0.0153207
923	7637	0.0153069
7636	7637	0.0153069
7637	7638	0.0153042
7075	7638	0.0153042
7590	7638	0.0153042
7587	7639	0.0153102
509	7639	0.0153102
7638	7640	0.0152798
1334	7640	0.0152798
7640	7641	0.0152721
3016	7641	0.0152721
7641	7642	0.0152643
1122	7642	0.0152643
6967	7643	0.0152414
7642	7643	0.0152414
7643	7644	0.015235
4154	7644	0.015235
7644	7645	0.0152341
4544	7645	0.0152341
7645	7646	0.0152301
1533	7646	0.0152301
7646	7647	0.0152294
1691	7647	0.0152294
4396	7648	0.0152044
7647	7648	0.0152044
4690	7649	0.0151958
7648	7649	0.0151958
7649	7650	0.0151951
734	7650	0.0151951
144	7651	0.0151869
7650	7651	0.0151869
2515	7652	0.0151749
7651	7652	0.0151749
1967	7653	0.0151673
7652	7653	0.0151673
7147	7654	0.0151618
7653	7654	0.0151618
7654	7655	0.0151555
1372	7655	0.0151555
7655	7656	0.015147
3202	7656	0.015147
7639	7656	0.015147
7656	7657	0.0151317
1686	7657	0.0151317
7657	7658	0.0151168
748	7658	0.0151168
7658	7659	0.0151131
5047	7659	0.0151131
5066	7660	0.0151116
7659	7660	0.0151116
7660	7661	0.0151038
706	7661	0.0151038
7120	7662	0.0151426
3463	7662	0.0151426
7661	7663	0.0150986
2921	7663	0.0150986
7663	7664	0.015087
3870	7664	0.015087
1369	7665	0.0150635
7664	7665	0.0150635
88	7666	0.0150616
7665	7666	0.0150616
3874	7666	0.0150616
7666	7667	0.0150596
7662	7667	0.0150596
5111	7668	0.015054
7667	7668	0.015054
7668	7669	0.0150489
342	7669	0.0150489
3761	7669	0.0150489
7669	7670	0.0150398
762	7670	0.0150398
2800	7671	0.015032
7670	7671	0.015032
699	7672	0.0150306
7671	7672	0.0150306
1216	7673	0.0150188
7672	7673	0.0150188
3084	7674	0.0150063
7673	7674	0.0150063
5185	7675	0.0150053
7674	7675	0.0150053
3206	7676	0.0149986
7675	7676	0.0149986
7676	7677	0.0149773
3543	7677	0.0149773
7428	7677	0.0149773
7677	7678	0.0149591
7589	7678	0.0149591
7678	7679	0.0149565
516	7679	0.0149565
7679	7680	0.0149528
4837	7680	0.0149528
4260	7681	0.014926
7680	7681	0.014926
7681	7682	0.014908
2615	7682	0.014908
7682	7683	0.0149073
2685	7683	0.0149073
7683	7684	0.0148887
7143	7684	0.0148887
3398	7684	0.0148887
7684	7685	0.0148793
2567	7685	0.0148793
2333	7686	0.0152978
295	7686	0.0152978
7175	7687	0.0164768
4702	7687	0.0164768
7687	7688	0.0153643
358	7688	0.0153643
7688	7689	0.0152372
1244	7689	0.0152372
7689	7690	0.0151845
1121	7690	0.0151845
7690	7691	0.0149193
4216	7691	0.0149193
7273	7692	0.0157726
1988	7692	0.0157726
7692	7693	0.0149006
3546	7693	0.0149006
4212	7694	0.0153831
2792	7694	0.0153831
3582	7695	0.0161249
2458	7695	0.0161249
2229	7696	0.0158463
4483	7696	0.0158463
2372	7697	0.0143071
7089	7697	0.0143071
5069	7698	0.0147439
1888	7698	0.0147439
7685	7699	0.0148772
2929	7699	0.0148772
7699	7700	0.0148747
1097	7700	0.0148747
7700	7701	0.0148728
233	7701	0.0148728
7701	7702	0.0148658
229	7702	0.0148658
1207	7703	0.0148626
7702	7703	0.0148626
7703	7704	0.0148477
2502	7704	0.0148477
7704	7705	0.0148437
3204	7705	0.0148437
3381	7706	0.0148285
7705	7706	0.0148285
5136	7707	0.0148184
7706	7707	0.0148184
254	7708	0.0147991
7707	7708	0.0147991
7708	7709	0.0147902
2150	7709	0.0147902
3134	7709	0.0147902
7686	7709	0.0147902
7485	7710	0.0147787
7709	7710	0.0147787
7696	7710	0.0147787
7710	7711	0.0147663
2456	7711	0.0147663
4207	7712	0.0147618
7711	7712	0.0147618
7121	7713	0.0147589
7712	7713	0.0147589
1660	7714	0.0147391
7713	7714	0.0147391
7258	7715	0.0147217
7714	7715	0.0147217
5167	7716	0.0147204
7715	7716	0.0147204
7716	7717	0.014713
3324	7717	0.014713
367	7718	0.0146821
7717	7718	0.0146821
7718	7719	0.0146496
1826	7719	0.0146496
7719	7720	0.0146287
2701	7720	0.0146287
7720	7721	0.0146016
305	7721	0.0146016
3991	7721	0.0146016
7721	7722	0.014595
2271	7722	0.014595
5176	7723	0.01458
7722	7723	0.01458
1100	7723	0.01458
2365	7724	0.0145281
7723	7724	0.0145281
7724	7725	0.0144978
3712	7725	0.0144978
7725	7726	0.0144946
2522	7726	0.0144946
7726	7727	0.0144834
3794	7727	0.0144834
7727	7728	0.0144501
4824	7728	0.0144501
7728	7729	0.0144492
7695	7729	0.0144492
7729	7730	0.0144414
1610	7730	0.0144414
7730	7731	0.0144327
3815	7731	0.0144327
7731	7732	0.0144235
536	7732	0.0144235
2070	7733	0.0145312
7694	7733	0.0145312
7732	7734	0.014416
1036	7734	0.014416
7734	7735	0.0144112
3514	7735	0.0144112
2988	7736	0.0143985
7735	7736	0.0143985
4024	7736	0.0143985
7736	7737	0.0143895
1342	7737	0.0143895
7737	7738	0.014386
2332	7738	0.014386
7738	7739	0.014385
4593	7739	0.014385
3679	7740	0.0143794
7739	7740	0.0143794
7740	7741	0.0143614
1279	7741	0.0143614
1909	7742	0.0143537
7741	7742	0.0143537
7742	7743	0.0143413
3069	7743	0.0143413
7743	7744	0.0143176
2951	7744	0.0143176
7744	7745	0.0143146
7733	7745	0.0143146
7745	7746	0.0143117
3779	7746	0.0143117
409	7747	0.0143099
7746	7747	0.0143099
1061	7747	0.0143099
3186	7748	0.0142927
7747	7748	0.0142927
7698	7749	0.0142815
7748	7749	0.0142815
7050	7750	0.0142765
4560	7750	0.0142765
7749	7750	0.0142765
1812	7751	0.0142593
7750	7751	0.0142593
1912	7752	0.0142584
7751	7752	0.0142584
7752	7753	0.0142566
1149	7753	0.0142566
150	7754	0.0142527
7753	7754	0.0142527
1696	7755	0.014246
7754	7755	0.014246
7755	7756	0.0142342
2022	7756	0.0142342
754	7757	0.0142204
7756	7757	0.0142204
7757	7758	0.0142167
969	7758	0.0142167
7362	7759	0.0142014
7758	7759	0.0142014
7759	7760	0.0141821
1182	7760	0.0141821
7760	7761	0.0141517
1837	7761	0.0141517
7761	7762	0.0141439
1231	7762	0.0141439
3237	7762	0.0141439
7762	7763	0.0141401
66	7763	0.0141401
7763	7764	0.0141287
2670	7764	0.0141287
7326	7765	0.0141181
7764	7765	0.0141181
3024	7766	0.0141049
7765	7766	0.0141049
7766	7767	0.0141019
2181	7767	0.0141019
1329	7768	0.0140871
7767	7768	0.0140871
65	7769	0.0140818
7768	7769	0.0140818
5147	7770	0.014079
7769	7770	0.014079
444	7770	0.014079
4886	7770	0.014079
1926	7770	0.014079
7770	7771	0.0140736
4449	7771	0.0140736
7771	7772	0.0140389
7339	7772	0.0140389
1134	7772	0.0140389
7772	7773	0.0140343
2091	7773	0.0140343
7165	7774	0.0143768
7691	7774	0.0143768
7774	7775	0.0142641
2256	7775	0.0142641
533	7776	0.014036
4196	7776	0.014036
7693	7777	0.0143288
2763	7777	0.0143288
1159	7778	0.0144205
3872	7778	0.0144205
3564	7779	0.0139694
5091	7779	0.0139694
7773	7780	0.0140105
3339	7780	0.0140105
7780	7781	0.014009
3130	7781	0.014009
2955	7781	0.014009
7781	7782	0.0139992
238	7782	0.0139992
7782	7783	0.0139914
820	7783	0.0139914
7783	7784	0.013988
2908	7784	0.013988
7778	7784	0.013988
3855	7785	0.0139858
7784	7785	0.0139858
7785	7786	0.0139849
745	7786	0.0139849
7786	7787	0.01398
100	7787	0.01398
2581	7788	0.013977
7787	7788	0.013977
4312	7789	0.0139694
7788	7789	0.0139694
7789	7790	0.0139666
2689	7790	0.0139666
2104	7791	0.0139386
7790	7791	0.0139386
7791	7792	0.0139344
4462	7792	0.0139344
7792	7793	0.0139227
4152	7793	0.0139227
1680	7794	0.0139183
7793	7794	0.0139183
6878	7795	0.0139083
7794	7795	0.0139083
7795	7796	0.0139025
1974	7796	0.0139025
7796	7797	0.0138979
1649	7797	0.0138979
7797	7798	0.0138939
194	7798	0.0138939
7798	7799	0.0138884
1454	7799	0.0138884
7799	7800	0.0138778
4515	7800	0.0138778
7800	7801	0.013874
554	7801	0.013874
7801	7802	0.0138703
7776	7802	0.0138703
7802	7803	0.0138688
2942	7803	0.0138688
5169	7804	0.0138579
7803	7804	0.0138579
7804	7805	0.0138349
2315	7805	0.0138349
7805	7806	0.0138304
1836	7806	0.0138304
7779	7807	0.0138157
7806	7807	0.0138157
1834	7807	0.0138157
7807	7808	0.0138138
312	7808	0.0138138
131	7809	0.0137872
7808	7809	0.0137872
7809	7810	0.013783
3056	7810	0.013783
1007	7811	0.0137783
7810	7811	0.0137783
7811	7812	0.0137543
3347	7812	0.0137543
484	7813	0.0137365
7812	7813	0.0137365
2782	7814	0.0137281
4904	7814	0.0137281
7813	7814	0.0137281
7814	7815	0.0137249
7777	7815	0.0137249
257	7816	0.0136951
7815	7816	0.0136951
7816	7817	0.0136697
1311	7817	0.0136697
3802	7818	0.0136593
7817	7818	0.0136593
7818	7819	0.0136587
1975	7819	0.0136587
7819	7820	0.0136568
2737	7820	0.0136568
5076	7821	0.0136478
7820	7821	0.0136478
7697	7822	0.0136271
7821	7822	0.0136271
7486	7823	0.0135936
7488	7823	0.0135936
7300	7823	0.0135936
7822	7823	0.0135936
2459	7824	0.01359
7823	7824	0.01359
7824	7825	0.0135687
2247	7825	0.0135687
7825	7826	0.0135556
7155	7826	0.0135556
5193	7827	0.0135544
7826	7827	0.0135544
7015	7828	0.0135172
7827	7828	0.0135172
2404	7829	0.013509
7828	7829	0.013509
7829	7830	0.0135021
1923	7830	0.0135021
2267	7831	0.0134976
7830	7831	0.0134976
7275	7832	0.0134851
7831	7832	0.0134851
7487	7833	0.0134813
7832	7833	0.0134813
7833	7834	0.0134641
1075	7834	0.0134641
1308	7834	0.0134641
93	7834	0.0134641
4362	7834	0.0134641
7834	7835	0.0134557
393	7835	0.0134557
2818	7836	0.0134515
7835	7836	0.0134515
2377	7837	0.0134319
7836	7837	0.0134319
2930	7838	0.013424
7837	7838	0.013424
7838	7839	0.013423
2539	7839	0.013423
7839	7840	0.0134214
4737	7840	0.0134214
7840	7841	0.0134192
5033	7841	0.0134192
7841	7842	0.0134184
3063	7842	0.0134184
7842	7843	0.0134142
2199	7843	0.0134142
1971	7844	0.0134098
7843	7844	0.0134098
2009	7845	0.0133887
511	7845	0.0133887
4133	7845	0.0133887
7844	7845	0.0133887
7845	7846	0.0133819
775	7846	0.0133819
2058	7846	0.0133819
7846	7847	0.0133628
7380	7847	0.0133628
4042	7848	0.0133505
7847	7848	0.0133505
328	7848	0.0133505
4192	7849	0.0133455
2807	7849	0.0133455
7848	7849	0.0133455
7849	7850	0.0133419
7775	7850	0.0133419
6940	7851	0.0140532
6944	7851	0.0140532
6946	7852	0.0159473
2486	7852	0.0159473
84	7853	0.0152673
2045	7853	0.0152673
7853	7854	0.0139322
3158	7854	0.0139322
2263	7855	0.0163086
355	7855	0.0163086
3052	7856	0.0158198
7197	7856	0.0158198
2631	7857	0.0138839
3465	7857	0.0138839
7203	7858	0.0147991
2709	7858	0.0147991
7265	7859	0.013672
1453	7859	0.013672
7859	7860	0.0136318
2777	7860	0.0136318
7272	7861	0.0136286
2258	7861	0.0136286
7861	7862	0.0136278
2057	7862	0.0136278
2391	7863	0.0139933
2910	7863	0.0139933
1782	7864	0.0139904
4862	7864	0.0139904
2228	7865	0.0135398
4860	7865	0.0135398
2382	7866	0.0139194
4101	7866	0.0139194
3354	7867	0.0140907
2407	7867	0.0140907
5143	7868	0.0123969
2441	7868	0.0123969
2658	7869	0.013051
7484	7869	0.013051
7161	7870	0.013337
7850	7870	0.013337
7870	7871	0.0133286
997	7871	0.0133286
7871	7872	0.0133234
7311	7872	0.0133234
7863	7872	0.0133234
2138	7873	0.0133159
7872	7873	0.0133159
7873	7874	0.0133086
862	7874	0.0133086
7874	7875	0.0133052
871	7875	0.0133052
7007	7876	0.0132978
7875	7876	0.0132978
4406	7876	0.0132978
7876	7877	0.0132894
7858	7877	0.0132894
7877	7878	0.0132866
1270	7878	0.0132866
2984	7878	0.0132866
2124	7878	0.0132866
4700	7878	0.0132866
462	7879	0.0132729
7878	7879	0.0132729
6985	7880	0.0132726
7879	7880	0.0132726
7880	7881	0.0132541
2846	7881	0.0132541
7881	7882	0.0132524
2227	7882	0.0132524
5138	7883	0.0132504
7882	7883	0.0132504
1180	7884	0.0132493
7883	7884	0.0132493
7884	7885	0.0132326
7377	7885	0.0132326
2204	7885	0.0132326
7885	7886	0.013195
1960	7886	0.013195
7475	7887	0.013194
7886	7887	0.013194
732	7888	0.0131803
7887	7888	0.0131803
2990	7889	0.0131713
7888	7889	0.0131713
7889	7890	0.0131597
669	7890	0.0131597
4753	7891	0.0131538
7890	7891	0.0131538
7891	7892	0.013147
1578	7892	0.013147
926	7893	0.0131462
7892	7893	0.0131462
508	7894	0.0131331
7893	7894	0.0131331
450	7894	0.0131331
469	7894	0.0131331
7894	7895	0.0131321
3883	7895	0.0131321
7895	7896	0.0131255
4219	7896	0.0131255
3767	7897	0.013109
7896	7897	0.013109
2418	7898	0.0131064
7897	7898	0.0131064
7898	7899	0.0131024
1082	7899	0.0131024
3828	7900	0.0130792
7899	7900	0.0130792
7900	7901	0.0130682
2718	7901	0.0130682
7901	7902	0.0130635
7860	7902	0.0130635
1155	7902	0.0130635
7902	7903	0.0130577
2962	7903	0.0130577
7903	7904	0.013054
2117	7904	0.013054
6875	7905	0.0130444
7904	7905	0.0130444
7905	7906	0.0130195
1195	7906	0.0130195
7906	7907	0.0130043
1546	7907	0.0130043
7907	7908	0.0129966
2778	7908	0.0129966
6889	7909	0.0130235
6891	7909	0.0130235
1679	7910	0.0132017
4602	7910	0.0132017
7908	7911	0.0129946
310	7911	0.0129946
7911	7912	0.0129929
3952	7912	0.0129929
5165	7913	0.0129795
7912	7913	0.0129795
7913	7914	0.012969
7866	7914	0.012969
7914	7915	0.0129428
1210	7915	0.0129428
3179	7916	0.012911
7915	7916	0.012911
4551	7917	0.0128975
7916	7917	0.0128975
7471	7918	0.0128917
7917	7918	0.0128917
7472	7919	0.0128764
7918	7919	0.0128764
7919	7920	0.0128707
4227	7920	0.0128707
7920	7921	0.0128634
3365	7921	0.0128634
7910	7921	0.0128634
7921	7922	0.0128622
7909	7922	0.0128622
3996	7922	0.0128622
7922	7923	0.0128603
2414	7923	0.0128603
7923	7924	0.0128459
2944	7924	0.0128459
7924	7925	0.0128213
121	7925	0.0128213
1189	7926	0.0127933
7925	7926	0.0127933
7926	7927	0.0127897
4282	7927	0.0127897
7927	7928	0.0127674
1090	7928	0.0127674
7928	7929	0.0127563
3560	7929	0.0127563
7929	7930	0.0127536
2560	7930	0.0127536
7930	7931	0.0127401
3816	7931	0.0127401
7931	7932	0.0127343
4502	7932	0.0127343
7480	7933	0.0127316
7932	7933	0.0127316
4828	7933	0.0127316
2003	7933	0.0127316
7933	7934	0.0127184
7864	7934	0.0127184
548	7935	0.0127022
7934	7935	0.0127022
1006	7936	0.0126923
7935	7936	0.0126923
7936	7937	0.0126893
2983	7937	0.0126893
7937	7938	0.0126791
7865	7938	0.0126791
7938	7939	0.0126781
4166	7939	0.0126781
5086	7940	0.0126734
7939	7940	0.0126734
2375	7941	0.0126678
7940	7941	0.0126678
7941	7942	0.0126658
2318	7942	0.0126658
7239	7943	0.0126619
7942	7943	0.0126619
7943	7944	0.0126562
7331	7944	0.0126562
1356	7944	0.0126562
7944	7945	0.0126545
3236	7945	0.0126545
7945	7946	0.0126514
7862	7946	0.0126514
7855	7946	0.0126514
3869	7946	0.0126514
2802	7947	0.0126323
7946	7947	0.0126323
7947	7948	0.0126275
4441	7948	0.0126275
204	7949	0.0126246
7948	7949	0.0126246
1989	7950	0.0126219
2182	7950	0.0126219
7949	7950	0.0126219
664	7951	0.0127545
354	7951	0.0127545
337	7952	0.0126162
7950	7952	0.0126162
7952	7953	0.0126074
7951	7953	0.0126074
7953	7954	0.0125961
1019	7954	0.0125961
3785	7954	0.0125961
7204	7955	0.0125935
7954	7955	0.0125935
7955	7956	0.0125875
164	7956	0.0125875
7956	7957	0.0125854
3155	7957	0.0125854
1673	7958	0.0125646
7957	7958	0.0125646
4075	7959	0.0125559
7958	7959	0.0125559
5080	7960	0.0125495
7959	7960	0.0125495
300	7961	0.0125459
7960	7961	0.0125459
7961	7962	0.012536
98	7962	0.012536
1859	7963	0.0125332
7962	7963	0.0125332
3244	7963	0.0125332
2287	7964	0.0125284
7963	7964	0.0125284
7473	7965	0.0125255
2358	7965	0.0125255
1623	7965	0.0125255
7964	7965	0.0125255
7965	7966	0.0125197
691	7966	0.0125197
1590	7967	0.0125189
7966	7967	0.0125189
3316	7968	0.0125151
7967	7968	0.0125151
2865	7969	0.0125124
7968	7969	0.0125124
7969	7970	0.0125082
4440	7970	0.0125082
3119	7971	0.012474
7970	7971	0.012474
7971	7972	0.0124653
3988	7972	0.0124653
7405	7973	0.0124444
7972	7973	0.0124444
2857	7974	0.0124214
7973	7974	0.0124214
2916	7975	0.0124196
7974	7975	0.0124196
7975	7976	0.0124148
369	7976	0.0124148
1856	7977	0.0124139
7976	7977	0.0124139
2999	7978	0.0124045
7977	7978	0.0124045
7978	7979	0.0123795
4213	7979	0.0123795
7979	7980	0.0123766
2288	7980	0.0123766
7980	7981	0.0123749
1237	7981	0.0123749
7981	7982	0.0123715
380	7982	0.0123715
4389	7983	0.0123701
7982	7983	0.0123701
7983	7984	0.0123695
595	7984	0.0123695
5108	7985	0.0123657
7984	7985	0.0123657
7985	7986	0.012353
330	7986	0.012353
2879	7987	0.0123453
7986	7987	0.0123453
2772	7988	0.0123261
7987	7988	0.0123261
4604	7989	0.0125618
3758	7989	0.0125618
7988	7990	0.0122955
1948	7990	0.0122955
7990	7991	0.0122586
193	7991	0.0122586
7477	7992	0.0122549
7991	7992	0.0122549
7992	7993	0.0122519
1117	7993	0.0122519
4875	7993	0.0122519
7993	7994	0.0122339
2550	7994	0.0122339
7994	7995	0.0122309
2142	7995	0.0122309
1683	7996	0.0122145
7995	7996	0.0122145
7996	7997	0.012214
1396	7997	0.012214
7997	7998	0.0122003
1438	7998	0.0122003
7998	7999	0.0121975
2723	7999	0.0121975
7999	8000	0.0121915
1295	8000	0.0121915
8000	8001	0.0121718
588	8001	0.0121718
7869	8002	0.0121685
8001	8002	0.0121685
8002	8003	0.0121471
3678	8003	0.0121471
3156	8004	0.0121423
8003	8004	0.0121423
3412	8005	0.0121269
8004	8005	0.0121269
2960	8006	0.0121145
8005	8006	0.0121145
8006	8007	0.0120953
3030	8007	0.0120953
5048	8007	0.0120953
8007	8008	0.0120897
2158	8008	0.0120897
8008	8009	0.0120776
1872	8009	0.0120776
1327	8010	0.0120641
8009	8010	0.0120641
8010	8011	0.0120544
7989	8011	0.0120544
8011	8012	0.0120429
3798	8012	0.0120429
8012	8013	0.0120298
504	8013	0.0120298
519	8014	0.012021
8013	8014	0.012021
3073	8015	0.0120162
8014	8015	0.0120162
1854	8016	0.0120051
8015	8016	0.0120051
3880	8017	0.0119672
8016	8017	0.0119672
3297	8018	0.0119515
8017	8018	0.0119515
8018	8019	0.0119239
4418	8019	0.0119239
8019	8020	0.0118863
398	8020	0.0118863
8020	8021	0.0118857
226	8021	0.0118857
8021	8022	0.011882
5010	8022	0.011882
3077	8023	0.0118741
8022	8023	0.0118741
3617	8024	0.0118719
8023	8024	0.0118719
7118	8025	0.0122243
7867	8025	0.0122243
2680	8026	0.013235
4325	8026	0.013235
4888	8027	0.0126437
8026	8027	0.0126437
7113	8028	0.013194
4290	8028	0.013194
2926	8029	0.0132141
7857	8029	0.0132141
8029	8030	0.0121742
884	8030	0.0121742
7370	8031	0.0122814
3370	8031	0.0122814
1963	8032	0.0118714
8024	8032	0.0118714
7476	8033	0.011864
8032	8033	0.011864
8033	8034	0.011862
1208	8034	0.011862
4535	8035	0.0118524
8034	8035	0.0118524
4248	8035	0.0118524
3150	8036	0.0118495
8035	8036	0.0118495
8036	8037	0.0118447
1278	8037	0.0118447
4072	8038	0.0118384
8037	8038	0.0118384
8038	8039	0.0118199
37	8039	0.0118199
2867	8040	0.011811
8039	8040	0.011811
451	8041	0.0118076
8040	8041	0.0118076
5179	8042	0.0117999
8041	8042	0.0117999
1898	8043	0.0117951
8042	8043	0.0117951
7321	8044	0.0117809
8043	8044	0.0117809
8044	8045	0.0117759
4239	8045	0.0117759
8045	8046	0.0117734
2904	8046	0.0117734
8046	8047	0.0117722
3975	8047	0.0117722
8047	8048	0.0117626
8031	8048	0.0117626
8048	8049	0.0117514
1052	8049	0.0117514
4981	8050	0.0117436
8049	8050	0.0117436
8050	8051	0.0117427
1822	8051	0.0117427
3270	8051	0.0117427
8051	8052	0.0117401
1669	8052	0.0117401
2465	8053	0.0117291
8052	8053	0.0117291
8053	8054	0.0117239
1608	8054	0.0117239
8054	8055	0.0117121
4691	8055	0.0117121
8055	8056	0.0117083
2795	8056	0.0117083
8028	8056	0.0117083
8056	8057	0.0116989
4086	8057	0.0116989
7178	8058	0.0116809
8057	8058	0.0116809
8058	8059	0.0116775
1241	8059	0.0116775
8059	8060	0.0116729
1397	8060	0.0116729
2549	8060	0.0116729
8060	8061	0.0116691
1611	8061	0.0116691
8061	8062	0.0116616
2340	8062	0.0116616
8062	8063	0.0116596
1530	8063	0.0116596
3867	8064	0.0116481
8063	8064	0.0116481
4645	8065	0.0116469
8064	8065	0.0116469
479	8066	0.0116423
8065	8066	0.0116423
8066	8067	0.0116262
4039	8067	0.0116262
7308	8068	0.0117213
8025	8068	0.0117213
8067	8069	0.0116247
3210	8069	0.0116247
3955	8070	0.0116234
8069	8070	0.0116234
2159	8071	0.0116204
8070	8071	0.0116204
2004	8072	0.0116181
8071	8072	0.0116181
5072	8073	0.0115917
8072	8073	0.0115917
8073	8074	0.011584
3476	8074	0.011584
8074	8075	0.0115712
7854	8075	0.0115712
8075	8076	0.0115654
4369	8076	0.0115654
8076	8077	0.0115555
3600	8077	0.0115555
8077	8078	0.0115403
2649	8078	0.0115403
8078	8079	0.0115369
2905	8079	0.0115369
3576	8080	0.0115221
8079	8080	0.0115221
8080	8081	0.0115169
7417	8081	0.0115169
3973	8082	0.011509
8081	8082	0.011509
3982	8082	0.011509
3022	8083	0.0115059
8082	8083	0.0115059
8083	8084	0.0114994
607	8084	0.0114994
8084	8085	0.0114835
447	8085	0.0114835
8085	8086	0.0114718
2155	8086	0.0114718
4838	8087	0.011611
8068	8087	0.011611
7127	8088	0.0114668
4637	8088	0.0114668
8086	8088	0.0114668
7479	8089	0.01146
8088	8089	0.01146
8089	8090	0.0114594
1777	8090	0.0114594
2571	8091	0.0114557
8090	8091	0.0114557
8091	8092	0.0114338
3656	8092	0.0114338
7474	8093	0.0114268
8092	8093	0.0114268
8093	8094	0.0114232
4594	8094	0.0114232
8094	8095	0.0114134
383	8095	0.0114134
4667	8095	0.0114134
8095	8096	0.0114098
282	8096	0.0114098
8096	8097	0.0114059
8087	8097	0.0114059
7257	8098	0.0114054
8097	8098	0.0114054
2107	8099	0.0113832
2361	8099	0.0113832
8098	8099	0.0113832
8099	8100	0.0113813
569	8100	0.0113813
7285	8100	0.0113813
7310	8100	0.0113813
6952	8101	0.0113706
8100	8101	0.0113706
4986	8101	0.0113706
8101	8102	0.0113695
2561	8102	0.0113695
3446	8103	0.0113457
8102	8103	0.0113457
5154	8104	0.011338
8103	8104	0.011338
8104	8105	0.0113315
2917	8105	0.0113315
8030	8105	0.0113315
8105	8106	0.0113248
4561	8106	0.0113248
3450	8107	0.0113135
8106	8107	0.0113135
885	8108	0.0113115
8107	8108	0.0113115
2805	8109	0.0113106
8108	8109	0.0113106
2442	8110	0.0112422
1589	8110	0.0112422
8109	8111	0.0112258
1644	8111	0.0112258
8111	8112	0.0112151
1609	8112	0.0112151
8112	8113	0.0111935
8110	8113	0.0111935
8113	8114	0.0111712
2902	8114	0.0111712
8114	8115	0.0111625
3662	8115	0.0111625
4214	8115	0.0111625
8115	8116	0.0111579
1745	8116	0.0111579
526	8117	0.0111543
8116	8117	0.0111543
8117	8118	0.0111456
1179	8118	0.0111456
6880	8119	0.0111293
4198	8119	0.0111293
8118	8119	0.0111293
8119	8120	0.011124
138	8120	0.011124
8120	8121	0.0111151
4876	8121	0.0111151
819	8122	0.0111068
8121	8122	0.0111068
567	8123	0.0110864
8122	8123	0.0110864
3176	8124	0.011085
8123	8124	0.011085
8124	8125	0.0110828
4806	8125	0.0110828
4275	8126	0.011077
8125	8126	0.011077
8126	8127	0.011074
1933	8127	0.011074
8127	8128	0.0110642
2081	8128	0.0110642
8128	8129	0.0110616
28	8129	0.0110616
8129	8130	0.0110528
8027	8130	0.0110528
4177	8131	0.0110411
8130	8131	0.0110411
3925	8132	0.011034
8131	8132	0.011034
8132	8133	0.0110252
3003	8133	0.0110252
7338	8134	0.0110243
8133	8134	0.0110243
3109	8135	0.0110156
8134	8135	0.0110156
2971	8135	0.0110156
7851	8136	0.0109846
8135	8136	0.0109846
4939	8137	0.0109674
8136	8137	0.0109674
3343	8138	0.010964
8137	8138	0.010964
4817	8138	0.010964
8138	8139	0.0109577
2291	8139	0.0109577
8139	8140	0.0109393
2612	8140	0.0109393
7073	8141	0.0109336
8140	8141	0.0109336
1167	8141	0.0109336
8141	8142	0.0109329
684	8142	0.0109329
1301	8143	0.0109081
8142	8143	0.0109081
2454	8144	0.0108963
8143	8144	0.0108963
8144	8145	0.0108823
3748	8145	0.0108823
7163	8146	0.0108807
7868	8146	0.0108807
8145	8146	0.0108807
619	8147	0.0108665
8146	8147	0.0108665
8147	8148	0.0108538
3525	8148	0.0108538
8148	8149	0.0108506
1977	8149	0.0108506
8149	8150	0.0108286
1567	8150	0.0108286
4137	8151	0.0108213
8150	8151	0.0108213
2466	8152	0.0108166
8151	8152	0.0108166
6990	8153	0.0108138
8152	8153	0.0108138
4390	8154	0.0108033
8153	8154	0.0108033
2040	8155	0.0107945
8154	8155	0.0107945
1522	8156	0.0107909
8155	8156	0.0107909
8156	8157	0.010787
7856	8157	0.010787
473	8157	0.010787
7337	8158	0.010785
8157	8158	0.010785
3195	8158	0.010785
8158	8159	0.0107844
2564	8159	0.0107844
8159	8160	0.0107699
7400	8160	0.0107699
3517	8160	0.0107699
1618	8161	0.0107632
8160	8161	0.0107632
217	8162	0.0107544
8161	8162	0.0107544
3981	8163	0.0107383
8162	8163	0.0107383
8163	8164	0.0107163
1373	8164	0.0107163
2569	8164	0.0107163
8164	8165	0.0107032
7852	8165	0.0107032
4648	8165	0.0107032
3393	8166	0.0106957
8165	8166	0.0106957
1455	8167	0.0106925
8166	8167	0.0106925
2326	8167	0.0106925
2882	8168	0.0106878
8167	8168	0.0106878
7305	8169	0.0114515
6887	8169	0.0114515
2629	8170	0.0143979
7277	8170	0.0143979
8170	8171	0.0133887
671	8171	0.0133887
8171	8172	0.0133419
4699	8172	0.0133419
8172	8173	0.0119335
3125	8173	0.0119335
30	8174	0.0132742
2331	8174	0.0132742
6949	8175	0.013715
386	8175	0.013715
4682	8176	0.0144994
3147	8176	0.0144994
3282	8177	0.016081
7093	8177	0.016081
8177	8178	0.0157757
3696	8178	0.0157757
8178	8179	0.0136913
1251	8179	0.0136913
8179	8180	0.0124279
2060	8180	0.0124279
8180	8181	0.012244
4635	8181	0.012244
2260	8182	0.0111866
8181	8182	0.0111866
8182	8183	0.0111048
353	8183	0.0111048
1939	8184	0.0108345
252	8184	0.0108345
3581	8185	0.0118207
2191	8185	0.0118207
7152	8186	0.0111866
8185	8186	0.0111866
8186	8187	0.0108251
4656	8187	0.0108251
3303	8188	0.0148054
781	8188	0.0148054
1070	8189	0.0123876
702	8189	0.0123876
939	8190	0.0108194
2823	8190	0.0108194
3933	8191	0.0114327
2991	8191	0.0114327
3944	8192	0.0113636
4330	8192	0.0113636
1689	8193	0.0151791
4265	8193	0.0151791
3211	8194	0.0123092
7373	8194	0.0123092
1702	8195	0.0110428
2499	8195	0.0110428
8194	8196	0.0108286
8195	8196	0.0108286
3666	8197	0.0126686
3665	8197	0.0126686
4511	8198	0.0107222
5042	8198	0.0107222
2268	8199	0.0092106
572	8199	0.0092106
8199	8200	0.00885287
2573	8200	0.00885287
4795	8201	0.00835493
3502	8201	0.00835493
4046	8202	0.00948602
3803	8202	0.00948602
7421	8203	0.0100012
1932	8203	0.0100012
7466	8204	0.00961015
3843	8204	0.00961015
429	8205	0.0106172
1243	8205	0.0106172
2594	8206	0.00902357
8205	8206	0.00902357
908	8207	0.0104457
7218	8207	0.0104457
7324	8208	0.0106726
8168	8208	0.0106726
8208	8209	0.010669
3203	8209	0.010669
1849	8210	0.0106612
8209	8210	0.0106612
8210	8211	0.0106601
431	8211	0.0106601
1756	8212	0.0106539
8211	8212	0.0106539
3048	8213	0.0106493
8212	8213	0.0106493
8213	8214	0.0106227
421	8214	0.0106227
3819	8215	0.0106142
8214	8215	0.0106142
3909	8216	0.0106086
8215	8216	0.0106086
464	8217	0.0106021
8216	8217	0.0106021
8198	8217	0.0106021
3376	8218	0.0105983
8217	8218	0.0105983
8218	8219	0.0105913
2196	8219	0.0105913
1190	8220	0.0105898
8219	8220	0.0105898
8220	8221	0.010581
1569	8221	0.010581
2308	8222	0.0105771
8221	8222	0.0105771
8222	8223	0.0105712
3356	8223	0.0105712
3271	8224	0.0105696
8223	8224	0.0105696
1779	8225	0.0105293
8224	8225	0.0105293
7342	8226	0.0105068
8225	8226	0.0105068
8226	8227	0.0105049
537	8227	0.0105049
8227	8228	0.010502
5023	8228	0.010502
8228	8229	0.0104959
3834	8229	0.0104959
8229	8230	0.0104877
4309	8230	0.0104877
476	8231	0.0104831
8230	8231	0.0104831
8231	8232	0.0104738
4587	8232	0.0104738
7202	8233	0.0104725
8232	8233	0.0104725
1391	8234	0.0104714
8233	8234	0.0104714
2626	8235	0.0104694
8234	8235	0.0104694
8235	8236	0.0104617
3601	8236	0.0104617
3215	8237	0.0104599
8236	8237	0.0104599
58	8237	0.0104599
8237	8238	0.0104523
3269	8238	0.0104523
1035	8238	0.0104523
8197	8239	0.0104762
2275	8239	0.0104762
8238	8240	0.0104
4375	8240	0.0104
8240	8241	0.0103885
8239	8241	0.0103885
7465	8242	0.0103713
8241	8242	0.0103713
8242	8243	0.0103446
137	8243	0.0103446
5140	8244	0.0103434
8243	8244	0.0103434
8244	8245	0.0103369
988	8245	0.0103369
601	8246	0.0103348
8245	8246	0.0103348
8246	8247	0.0103305
5002	8247	0.0103305
4277	8248	0.0103293
8247	8248	0.0103293
8248	8249	0.010318
3050	8249	0.010318
5163	8250	0.0103111
8249	8250	0.0103111
8250	8251	0.0102884
4937	8251	0.0102884
8251	8252	0.0102865
2074	8252	0.0102865
6993	8253	0.010277
8252	8253	0.010277
8253	8254	0.0102714
2188	8254	0.0102714
1129	8255	0.01027
8254	8255	0.01027
7341	8256	0.0102616
8255	8256	0.0102616
8256	8257	0.010254
2111	8257	0.010254
8196	8257	0.010254
8257	8258	0.0102455
3974	8258	0.0102455
5059	8259	0.0102443
8258	8259	0.0102443
3227	8260	0.0102425
8259	8260	0.0102425
8260	8261	0.0102404
8190	8261	0.0102404
483	8262	0.0102396
8261	8262	0.0102396
2019	8263	0.0102366
8262	8263	0.0102366
8263	8264	0.0102272
3321	8264	0.0102272
2504	8265	0.0102178
8264	8265	0.0102178
8265	8266	0.010216
3539	8266	0.010216
8266	8267	0.0102148
7350	8267	0.0102148
8267	8268	0.0102101
241	8268	0.0102101
8268	8269	0.0101935
3937	8269	0.0101935
8207	8270	0.0101881
8269	8270	0.0101881
8270	8271	0.0101643
17	8271	0.0101643
7369	8272	0.0101386
8271	8272	0.0101386
7336	8273	0.0101222
8272	8273	0.0101222
4564	8273	0.0101222
8273	8274	0.0101207
199	8274	0.0101207
3250	8275	0.0101175
8274	8275	0.0101175
8275	8276	0.0101028
1924	8276	0.0101028
8276	8277	0.0100934
2266	8277	0.0100934
8169	8278	0.0101843
8174	8278	0.0101843
8277	8279	0.0100888
1474	8279	0.0100888
8279	8280	0.0100826
8173	8280	0.0100826
8278	8280	0.0100826
7237	8280	0.0100826
8280	8281	0.0100749
890	8281	0.0100749
8281	8282	0.0100716
4992	8282	0.0100716
1716	8283	0.0100498
3989	8283	0.0100498
8282	8283	0.0100498
2931	8284	0.0100051
8283	8284	0.0100051
4769	8285	0.00999251
8284	8285	0.00999251
8285	8286	0.00998871
4686	8286	0.00998871
4864	8286	0.00998871
8286	8287	0.00998494
1700	8287	0.00998494
8191	8288	0.0100442
1193	8288	0.0100442
8287	8289	0.00998121
4470	8289	0.00998121
8289	8290	0.00997735
8184	8290	0.00997735
8290	8291	0.00997161
3263	8291	0.00997161
3806	8292	0.00994761
8291	8292	0.00994761
8292	8293	0.00992861
4180	8293	0.00992861
8293	8294	0.00992193
1236	8294	0.00992193
8294	8295	0.00990572
675	8295	0.00990572
8295	8296	0.00989256
3139	8296	0.00989256
251	8297	0.00988867
8296	8297	0.00988867
579	8297	0.00988867
8297	8298	0.00988774
1531	8298	0.00988774
8298	8299	0.00988588
3272	8299	0.00988588
8299	8300	0.00986878
2083	8300	0.00986878
2479	8301	0.0098553
8300	8301	0.0098553
8301	8302	0.00985228
3166	8302	0.00985228
1332	8302	0.00985228
2264	8303	0.00982371
8302	8303	0.00982371
3143	8304	0.00982293
1384	8304	0.00982293
8303	8304	0.00982293
7470	8305	0.00981998
8304	8305	0.00981998
8305	8306	0.00981519
6935	8306	0.00981519
8288	8306	0.00981519
8306	8307	0.00980486
597	8307	0.00980486
3557	8308	0.00980187
8307	8308	0.00980187
8308	8309	0.00979615
4758	8309	0.00979615
142	8310	0.00979543
8309	8310	0.00979543
5182	8311	0.00979399
8310	8311	0.00979399
7081	8312	0.00978945
8311	8312	0.00978945
8312	8313	0.00978005
1088	8313	0.00978005
8313	8314	0.00975786
4914	8314	0.00975786
2047	8315	0.0097533
8314	8315	0.0097533
8315	8316	0.0097332
77	8316	0.0097332
188	8316	0.0097332
434	8317	0.0097274
3342	8317	0.0097274
8316	8317	0.0097274
8317	8318	0.00972324
200	8318	0.00972324
8318	8319	0.00967976
1328	8319	0.00967976
8319	8320	0.00965783
3462	8320	0.00965783
2282	8321	0.00965638
8320	8321	0.00965638
8321	8322	0.00961216
2371	8322	0.00961216
7463	8323	0.00960923
7146	8323	0.00960923
8322	8323	0.00960923
8323	8324	0.00959372
99	8324	0.00959372
552	8324	0.00959372
60	8325	0.00959007
8324	8325	0.00959007
8325	8326	0.00957923
827	8326	0.00957923
8326	8327	0.00957776
2946	8327	0.00957776
8327	8328	0.00957582
760	8328	0.00957582
8328	8329	0.00956243
3231	8329	0.00956243
4807	8330	0.00955298
8329	8330	0.00955298
8330	8331	0.00954241
4590	8331	0.00954241
2563	8332	0.00953681
8331	8332	0.00953681
8332	8333	0.00951672
4311	8333	0.00951672
8333	8334	0.00947949
705	8334	0.00947949
8334	8335	0.009464
285	8335	0.009464
2853	8336	0.00945264
8335	8336	0.00945264
406	8337	0.00943188
8336	8337	0.00943188
2428	8338	0.00942901
8337	8338	0.00942901
1520	8339	0.0094179
8338	8339	0.0094179
2350	8340	0.0094047
2449	8340	0.0094047
8339	8340	0.0094047
5031	8341	0.00940229
8340	8341	0.00940229
8341	8342	0.00939662
4791	8342	0.00939662
1800	8343	0.00938896
8342	8343	0.00938896
8343	8344	0.00938794
1446	8344	0.00938794
8344	8345	0.00938716
8187	8345	0.00938716
7388	8346	0.00933934
8345	8346	0.00933934
8346	8347	0.00933744
400	8347	0.00933744
5141	8348	0.00933265
8347	8348	0.00933265
1675	8348	0.00933265
157	8349	0.0093288
3954	8349	0.0093288
8348	8349	0.0093288
842	8350	0.0106554
1720	8350	0.0106554
8189	8351	0.0100805
8350	8351	0.0100805
935	8352	0.00965982
8351	8352	0.00965982
8352	8353	0.0093565
2367	8353	0.0093565
2422	8354	0.0100356
3142	8354	0.0100356
3853	8355	0.0100154
2427	8355	0.0100154
7034	8356	0.00913434
210	8356	0.00913434
7355	8357	0.00932574
8349	8357	0.00932574
1944	8357	0.00932574
8357	8358	0.00932432
3844	8358	0.00932432
8358	8359	0.00930989
3453	8359	0.00930989
646	8360	0.00928409
8359	8360	0.00928409
8360	8361	0.00927641
4022	8361	0.00927641
717	8362	0.00926594
8361	8362	0.00926594
8362	8363	0.00926087
4326	8363	0.00926087
2190	8364	0.0092403
8363	8364	0.0092403
8364	8365	0.00923547
4731	8365	0.00923547
8365	8366	0.00923157
2888	8366	0.00923157
8366	8367	0.00923001
584	8367	0.00923001
8367	8368	0.00922383
1896	8368	0.00922383
7348	8369	0.00921711
8368	8369	0.00921711
4300	8370	0.00920488
8369	8370	0.00920488
3136	8371	0.00919633
8370	8371	0.00919633
6958	8372	0.0091954
3655	8372	0.0091954
8371	8372	0.0091954
8372	8373	0.00918499
4131	8373	0.00918499
4964	8374	0.00918206
8373	8374	0.00918206
454	8375	0.00917534
8374	8375	0.00917534
8375	8376	0.0091734
535	8376	0.0091734
967	8377	0.00917069
8376	8377	0.00917069
2	8378	0.0091657
8377	8378	0.0091657
7212	8379	0.0091572
8378	8379	0.0091572
7343	8380	0.00915553
8379	8380	0.00915553
3611	8381	0.00915046
8380	8381	0.00915046
8381	8382	0.00914977
4741	8382	0.00914977
8382	8383	0.00914571
8355	8383	0.00914571
8383	8384	0.00914011
390	8384	0.00914011
8384	8385	0.00913333
3822	8385	0.00913333
4082	8386	0.00913163
8385	8386	0.00913163
8386	8387	0.00912072
3694	8387	0.00912072
8387	8388	0.00911729
1595	8388	0.00911729
8388	8389	0.00910666
2660	8389	0.00910666
8389	8390	0.00908749
4141	8390	0.00908749
3890	8391	0.0090856
8390	8391	0.0090856
8391	8392	0.00908378
4969	8392	0.00908378
8392	8393	0.00908179
3472	8393	0.00908179
8393	8394	0.00907513
4208	8394	0.00907513
4869	8395	0.00906276
8394	8395	0.00906276
8395	8396	0.00905907
2742	8396	0.00905907
8396	8397	0.00905099
2847	8397	0.00905099
4679	8398	0.00904683
8397	8398	0.00904683
3110	8399	0.00903202
8398	8399	0.00903202
3643	8400	0.00902463
8399	8400	0.00902463
746	8400	0.00902463
8400	8401	0.00900944
335	8401	0.00900944
8401	8402	0.00900851
3788	8402	0.00900851
8402	8403	0.00900343
3959	8403	0.00900343
8356	8404	0.00899889
8403	8404	0.00899889
8404	8405	0.00899502
3846	8405	0.00899502
3120	8406	0.0089799
8405	8406	0.0089799
3445	8407	0.00897067
8406	8407	0.00897067
1573	8408	0.00896444
8407	8408	0.00896444
4615	8409	0.00895756
8408	8409	0.00895756
8409	8410	0.00895505
2393	8410	0.00895505
4570	8410	0.00895505
8410	8411	0.00893693
751	8411	0.00893693
8411	8412	0.00893488
2073	8412	0.00893488
4243	8413	0.00892349
8412	8413	0.00892349
1604	8414	0.00891875
8413	8414	0.00891875
2528	8414	0.00891875
4601	8415	0.0089111
8414	8415	0.0089111
8415	8416	0.008907
2080	8416	0.008907
8416	8417	0.008892
811	8417	0.008892
1927	8418	0.00887948
8417	8418	0.00887948
8418	8419	0.00887384
2508	8419	0.00887384
42	8420	0.00928486
2285	8420	0.00928486
7187	8421	0.00919349
8354	8421	0.00919349
7213	8422	0.0092414
8353	8422	0.0092414
8422	8423	0.00908094
2095	8423	0.00908094
8419	8424	0.00886822
2129	8424	0.00886822
5129	8425	0.00886554
8424	8425	0.00886554
4930	8426	0.00885946
8425	8426	0.00885946
804	8427	0.0088577
7186	8427	0.0088577
8426	8427	0.0088577
4669	8428	0.00885196
4750	8428	0.00885196
8427	8428	0.00885196
8428	8429	0.00884817
3516	8429	0.00884817
1758	8430	0.00883977
8429	8430	0.00883977
8430	8431	0.00882815
375	8431	0.00882815
8431	8432	0.0088253
3801	8432	0.0088253
4608	8433	0.00880654
8432	8433	0.00880654
8433	8434	0.00880521
3584	8434	0.00880521
5145	8435	0.00880066
8434	8435	0.00880066
7267	8436	0.00879282
8435	8436	0.00879282
8436	8437	0.00878888
1282	8437	0.00878888
8437	8438	0.00878455
3899	8438	0.00878455
3592	8439	0.00876632
8438	8439	0.00876632
1602	8440	0.00885196
1169	8440	0.00885196
5025	8441	0.00887021
5052	8441	0.00887021
8439	8442	0.0087566
3173	8442	0.0087566
8442	8443	0.00874818
2834	8443	0.00874818
3040	8444	0.00873772
8443	8444	0.00873772
8444	8445	0.00873468
3610	8445	0.00873468
8445	8446	0.0087218
2620	8446	0.0087218
8446	8447	0.00865642
4242	8447	0.00865642
8447	8448	0.00864988
8441	8448	0.00864988
8448	8449	0.00864501
835	8449	0.00864501
4076	8450	0.00862044
8449	8450	0.00862044
8450	8451	0.00861942
4038	8451	0.00861942
8451	8452	0.00860881
672	8452	0.00860881
8452	8453	0.00860786
1459	8453	0.00860786
8453	8454	0.00860596
314	8454	0.00860596
8440	8454	0.00860596
976	8454	0.00860596
8420	8454	0.00860596
8454	8455	0.00858469
3092	8455	0.00858469
8455	8456	0.00857453
3861	8456	0.00857453
8456	8457	0.00857278
936	8457	0.00857278
4457	8458	0.00856892
8457	8458	0.00856892
96	8459	0.00855821
8458	8459	0.00855821
647	8460	0.00855065
8459	8460	0.00855065
4211	8461	0.00854399
8460	8461	0.00854399
7413	8462	0.00850775
8461	8462	0.00850775
8462	8463	0.00850687
8421	8463	0.00850687
4066	8463	0.00850687
8463	8464	0.00850121
13	8464	0.00850121
8464	8465	0.00849432
4880	8465	0.00849432
3668	8466	0.00849242
8465	8466	0.00849242
8466	8467	0.00848863
315	8467	0.00848863
2799	8468	0.00848377
8467	8468	0.00848377
7153	8469	0.00847176
8468	8469	0.00847176
8469	8470	0.00846969
2760	8470	0.00846969
8470	8471	0.00846478
7283	8471	0.00846478
1662	8471	0.00846478
2591	8471	0.00846478
2286	8471	0.00846478
3793	8471	0.00846478
8193	8471	0.00846478
1548	8472	0.00846206
8471	8472	0.00846206
4171	8473	0.00844493
8472	8473	0.00844493
15	8474	0.00852293
8423	8474	0.00852293
8473	8475	0.008441
4610	8475	0.008441
4867	8475	0.008441
4341	8476	0.00843555
8475	8476	0.00843555
1422	8477	0.00842102
8476	8477	0.00842102
2114	8478	0.00841519
8477	8478	0.00841519
4111	8479	0.00840779
8478	8479	0.00840779
7201	8479	0.00840779
4209	8480	0.00840594
4703	8480	0.00840594
8479	8480	0.00840594
8480	8481	0.0084029
1025	8481	0.0084029
4552	8481	0.0084029
8474	8481	0.0084029
3780	8481	0.0084029
8481	8482	0.00840183
1040	8482	0.00840183
8482	8483	0.00839526
2140	8483	0.00839526
187	8484	0.00838652
8483	8484	0.00838652
2703	8485	0.00837703
8484	8485	0.00837703
5178	8486	0.0083667
8485	8486	0.0083667
4423	8487	0.00836368
8486	8487	0.00836368
1314	8488	0.00836254
8487	8488	0.00836254
8488	8489	0.00833616
4433	8489	0.00833616
8183	8490	0.0102265
518	8490	0.0102265
8490	8491	0.0101712
246	8491	0.0101712
8491	8492	0.00949574
2872	8492	0.00949574
8492	8493	0.00924306
2572	8493	0.00924306
4642	8494	0.00939267
319	8494	0.00939267
643	8495	0.00894934
7221	8495	0.00894934
4567	8496	0.00962356
3337	8496	0.00962356
7295	8497	0.00920415
2429	8497	0.00920415
8497	8498	0.00913333
8496	8498	0.00913333
8498	8499	0.00874991
2413	8499	0.00874991
8499	8500	0.00838505
4714	8500	0.00838505
1147	8501	0.00982371
3064	8501	0.00982371
3058	8502	0.00935093
8501	8502	0.00935093
1219	8503	0.00933447
8502	8503	0.00933447
3322	8504	0.0101063
3099	8504	0.0101063
8489	8505	0.00833235
1107	8505	0.00833235
8505	8506	0.00832055
4527	8506	0.00832055
8506	8507	0.00831896
4346	8507	0.00831896
8507	8508	0.00831718
123	8508	0.00831718
7462	8509	0.00830535
8508	8509	0.00830535
332	8510	0.00830067
8509	8510	0.00830067
8510	8511	0.00829795
840	8511	0.00829795
1672	8512	0.00829639
8511	8512	0.00829639
3705	8513	0.00827569
8512	8513	0.00827569
8513	8514	0.00827199
3108	8514	0.00827199
1973	8514	0.00827199
8514	8515	0.00826936
2708	8515	0.00826936
8515	8516	0.00826847
8494	8516	0.00826847
8516	8517	0.00825803
659	8517	0.00825803
384	8518	0.00825508
8517	8518	0.00825508
8518	8519	0.0082493
3082	8519	0.0082493
8519	8520	0.00823704
1740	8520	0.00823704
8520	8521	0.0082283
2396	8521	0.0082283
2788	8521	0.0082283
4727	8522	0.00822653
8521	8522	0.00822653
8522	8523	0.00822048
626	8523	0.00822048
126	8524	0.00818438
8523	8524	0.00818438
8524	8525	0.00818248
8500	8525	0.00818248
8525	8526	0.00817299
12	8526	0.00817299
7353	8527	0.00815972
8526	8527	0.00815972
7469	8528	0.00815002
8527	8528	0.00815002
8528	8529	0.00814704
3397	8529	0.00814704
8529	8530	0.008135
1643	8530	0.008135
822	8531	0.00811866
8530	8531	0.00811866
8531	8532	0.00810251
2383	8532	0.00810251
8532	8533	0.00807972
2511	8533	0.00807972
8533	8534	0.00807131
272	8534	0.00807131
8534	8535	0.00804801
860	8535	0.00804801
3627	8536	0.00804313
8535	8536	0.00804313
8536	8537	0.00804033
3902	8537	0.00804033
1302	8538	0.00802629
8537	8538	0.00802629
8538	8539	0.00802062
555	8539	0.00802062
8539	8540	0.0080147
1177	8540	0.0080147
4948	8541	0.00800693
8540	8541	0.00800693
3458	8542	0.00800418
8541	8542	0.00800418
7051	8543	0.00799945
8542	8543	0.00799945
8201	8544	0.00798317
8543	8544	0.00798317
8544	8545	0.0079734
4994	8545	0.0079734
1748	8546	0.00796605
8545	8546	0.00796605
1297	8546	0.00796605
8546	8547	0.00794766
7410	8547	0.00794766
2514	8547	0.00794766
4122	8548	0.00794392
8547	8548	0.00794392
7009	8549	0.00794136
8548	8549	0.00794136
8188	8550	0.00793267
8549	8550	0.00793267
8550	8551	0.00791257
471	8551	0.00791257
8551	8552	0.00790688
982	8552	0.00790688
8552	8553	0.00788965
4813	8553	0.00788965
1382	8553	0.00788965
1507	8553	0.00788965
139	8553	0.00788965
8553	8554	0.00788857
352	8554	0.00788857
7367	8555	0.007885
8554	8555	0.007885
975	8555	0.007885
2400	8556	0.00788288
8555	8556	0.00788288
8493	8557	0.00805651
4032	8557	0.00805651
8176	8558	0.00791257
8557	8558	0.00791257
8556	8559	0.00787966
1744	8559	0.00787966
771	8560	0.00786984
8559	8560	0.00786984
7392	8561	0.00786881
8560	8561	0.00786881
8561	8562	0.00786508
2555	8562	0.00786508
8204	8563	0.0078603
8562	8563	0.0078603
7298	8564	0.00784384
8563	8564	0.00784384
1697	8565	0.00782575
8564	8565	0.00782575
3550	8566	0.00782302
8565	8566	0.00782302
8566	8567	0.00782199
3193	8567	0.00782199
1434	8568	0.00782015
8567	8568	0.00782015
3275	8569	0.00780491
8568	8569	0.00780491
8569	8570	0.00779332
4639	8570	0.00779332
4779	8571	0.00778872
8570	8571	0.00778872
2170	8572	0.00777717
8571	8572	0.00777717
8572	8573	0.0077753
495	8573	0.0077753
2597	8574	0.00777448
8573	8574	0.00777448
8574	8575	0.00775925
2589	8575	0.00775925
8575	8576	0.00775339
258	8576	0.00775339
4508	8577	0.00775161
8576	8577	0.00775161
8577	8578	0.00774786
7415	8578	0.00774786
8578	8579	0.00774198
2523	8579	0.00774198
8579	8580	0.00773825
8175	8580	0.00773825
8503	8580	0.00773825
8504	8580	0.00773825
8206	8581	0.00773537
8580	8581	0.00773537
8581	8582	0.00770192
8558	8582	0.00770192
8582	8583	0.00769333
3570	8583	0.00769333
8583	8584	0.00767226
7320	8584	0.00767226
8584	8585	0.00766478
1876	8585	0.00766478
568	8585	0.00766478
1011	8586	0.00764947
8585	8586	0.00764947
4123	8587	0.00764551
8586	8587	0.00764551
4603	8588	0.00764082
8587	8588	0.00764082
214	8589	0.00762468
8588	8589	0.00762468
8589	8590	0.00762369
962	8590	0.00762369
3657	8591	0.00761019
667	8591	0.00761019
8590	8591	0.00761019
7123	8592	0.00760281
8591	8592	0.00760281
2542	8593	0.00760083
8592	8593	0.00760083
2538	8594	0.00758439
8593	8594	0.00758439
3118	8595	0.00757517
8594	8595	0.00757517
7381	8596	0.00757296
8595	8596	0.00757296
8596	8597	0.00757117
441	8597	0.00757117
4272	8598	0.00757031
7307	8598	0.00757031
8597	8598	0.00757031
8598	8599	0.00756735
3380	8599	0.00756735
8599	8600	0.00754262
370	8600	0.00754262
2771	8601	0.00752833
8600	8601	0.00752833
8601	8602	0.0075188
594	8602	0.0075188
3626	8603	0.00749693
8602	8603	0.00749693
8603	8604	0.00749491
1506	8604	0.00749491
8604	8605	0.00749221
3229	8605	0.00749221
3501	8606	0.00746824
8605	8606	0.00746824
8606	8607	0.00746154
2559	8607	0.00746154
2410	8608	0.00783914
8495	8608	0.00783914
1289	8609	0.00766967
1487	8609	0.00766967
2707	8610	0.00755037
8609	8610	0.00755037
4164	8611	0.00746253
4000	8611	0.00746253
1432	8612	0.0071372
127	8612	0.0071372
8607	8613	0.00744726
2602	8613	0.00744726
8613	8614	0.0074425
2299	8614	0.0074425
3281	8615	0.00743389
8614	8615	0.00743389
346	8615	0.00743389
2605	8616	0.00743298
8615	8616	0.00743298
8202	8617	0.00742999
8616	8617	0.00742999
4850	8617	0.00742999
8617	8618	0.00742045
1615	8618	0.00742045
2063	8619	0.00741283
8618	8619	0.00741283
2344	8620	0.00740817
8619	8620	0.00740817
630	8620	0.00740817
2010	8620	0.00740817
1755	8620	0.00740817
8610	8620	0.00740817
8620	8621	0.00740715
3999	8621	0.00740715
8621	8622	0.00738621
458	8622	0.00738621
3607	8623	0.00738437
8622	8623	0.00738437
8623	8624	0.00737964
2477	8624	0.00737964
8624	8625	0.00735281
4605	8625	0.00735281
7312	8626	0.00734229
8625	8626	0.00734229
8626	8627	0.00733857
2185	8627	0.00733857
8627	8628	0.00733661
1358	8628	0.00733661
1274	8629	0.00733477
8628	8629	0.00733477
8629	8630	0.0073338
4970	8630	0.0073338
991	8631	0.00732126
8630	8631	0.00732126
8631	8632	0.00731077
5020	8632	0.00731077
2789	8633	0.00730983
8632	8633	0.00730983
8633	8634	0.00729741
1638	8634	0.00729741
403	8635	0.00728885
8634	8635	0.00728885
4929	8636	0.00728608
8635	8636	0.00728608
2389	8636	0.00728608
663	8637	0.00727742
4009	8637	0.00727742
8636	8637	0.00727742
18	8638	0.00726986
8637	8638	0.00726986
8638	8639	0.00726318
1692	8639	0.00726318
8639	8640	0.00725558
3685	8640	0.00725558
4494	8641	0.0072461
8640	8641	0.0072461
8641	8642	0.00724123
4206	8642	0.00724123
1412	8643	0.00721741
8642	8643	0.00721741
334	8644	0.0072126
8643	8644	0.0072126
2656	8645	0.00720782
8644	8645	0.00720782
8645	8646	0.00718205
4903	8646	0.00718205
8646	8647	0.00717327
3764	8647	0.00717327
4919	8648	0.00716357
8647	8648	0.00716357
8648	8649	0.00714555
91	8649	0.00714555
459	8649	0.00714555
3561	8650	0.00711729
8649	8650	0.00711729
4044	8650	0.00711729
3167	8651	0.00709131
8650	8651	0.00709131
7374	8652	0.00707622
8651	8652	0.00707622
8652	8653	0.00706207
8608	8653	0.00706207
8653	8654	0.00706008
1362	8654	0.00706008
1005	8655	0.00724911
566	8655	0.00724911
2392	8656	0.00704204
8654	8656	0.00704204
8656	8657	0.00704096
4736	8657	0.00704096
6883	8658	0.00703435
8657	8658	0.00703435
791	8659	0.00702858
8658	8659	0.00702858
4221	8660	0.00701527
8659	8660	0.00701527
19	8661	0.00701229
8660	8661	0.00701229
900	8662	0.00700005
8661	8662	0.00700005
2084	8663	0.00699427
8662	8663	0.00699427
8663	8664	0.00699242
613	8664	0.00699242
8664	8665	0.00698002
3165	8665	0.00698002
1599	8665	0.00698002
4294	8665	0.00698002
8665	8666	0.00697723
3141	8666	0.00697723
8666	8667	0.00696936
2069	8667	0.00696936
4276	8668	0.00695221
8667	8668	0.00695221
2026	8668	0.00695221
8668	8669	0.00694074
1120	8669	0.00694074
795	8670	0.00693989
8669	8670	0.00693989
8670	8671	0.00692277
2178	8671	0.00692277
2064	8672	0.00691892
8671	8672	0.00691892
8672	8673	0.00691613
1706	8673	0.00691613
8192	8674	0.00687498
8673	8674	0.00687498
8674	8675	0.00686365
4110	8675	0.00686365
4732	8676	0.00685428
8675	8676	0.00685428
500	8677	0.00685115
8676	8677	0.00685115
8611	8678	0.00689123
2881	8678	0.00689123
2650	8679	0.00684389
8677	8679	0.00684389
3254	8680	0.00684268
8679	8680	0.00684268
1477	8681	0.00683501
8680	8681	0.00683501
8200	8682	0.00683214
4868	8682	0.00683214
8681	8682	0.00683214
3956	8683	0.00681496
8682	8683	0.00681496
4069	8684	0.00680706
8683	8684	0.00680706
107	8685	0.00679696
8684	8685	0.00679696
789	8686	0.00678438
8685	8686	0.00678438
8686	8687	0.00678159
176	8687	0.00678159
8687	8688	0.00677967
1866	8688	0.00677967
3230	8689	0.00673866
8688	8689	0.00673866
3105	8689	0.00673866
8678	8689	0.00673866
8689	8690	0.00673296
1044	8690	0.00673296
8690	8691	0.00672323
8655	8691	0.00672323
8691	8692	0.00672241
195	8692	0.00672241
8692	8693	0.00671869
3723	8693	0.00671869
1433	8694	0.00667763
1772	8694	0.00667763
8693	8694	0.00667763
8694	8695	0.00666903
4482	8695	0.00666903
8203	8696	0.0066624
8695	8696	0.0066624
8612	8697	0.00665938
8696	8697	0.00665938
2830	8698	0.00665266
8697	8698	0.00665266
4932	8699	0.0140651
4924	8699	0.0140651
7431	8700	0.0115595
8699	8700	0.0115595
8700	8701	0.0109732
4933	8701	0.0109732
7000	8702	0.00761349
4476	8702	0.00761349
816	8703	0.00757401
1184	8703	0.00757401
7090	8704	0.00901028
323	8704	0.00901028
1729	8705	0.0137996
7182	8705	0.0137996
1201	8706	0.00842772
1016	8706	0.00842772
624	8707	0.00754454
2416	8707	0.00754454
4809	8708	0.0138979
2226	8708	0.0138979
729	8709	0.0125777
8708	8709	0.0125777
855	8710	0.00934961
1127	8710	0.00934961
1060	8711	0.0124893
3791	8711	0.0124893
1798	8712	0.0075436
2543	8712	0.0075436
8712	8713	0.00723643
2995	8713	0.00723643
2039	8714	0.00678275
1714	8714	0.00678275
4549	8715	0.0134591
7387	8715	0.0134591
4104	8716	0.00898847
3860	8716	0.00898847
2814	8717	0.00549301
3116	8717	0.00549301
8717	8718	0.00350475
24	8718	0.00350475
610	8719	0.00505633
4160	8719	0.00505633
5087	8720	0.00371651
2078	8720	0.00371651
4536	8721	0.0047455
3708	8721	0.0047455
1661	8722	0.0056704
3348	8722	0.0056704
4971	8723	0.00516986
4045	8723	0.00516986
4120	8724	0.00455952
534	8724	0.00455952
470	8725	0.00464346
3818	8725	0.00464346
1131	8726	0.0027008
4271	8726	0.0027008
6907	8727	0.00473017
1757	8727	0.00473017
4236	8728	0.00463488
455	8728	0.00463488
3163	8729	0.00251571
3992	8729	0.00251571
3963	8730	0.00339221
364	8730	0.00339221
4746	8731	0.00290011
2233	8731	0.00290011
2875	8732	0.00457668
1970	8732	0.00457668
1223	8733	0.00620555
4568	8733	0.00620555
3383	8734	0.00603295
5079	8734	0.00603295
2710	8735	0.00593012
7430	8735	0.00593012
7436	8736	0.00449079
391	8736	0.00449079
1266	8737	0.00609497
2021	8737	0.00609497
7012	8738	0.00619312
1593	8738	0.00619312
2487	8739	0.00426965
418	8739	0.00426965
7294	8740	0.00454137
4498	8740	0.00454137
1501	8741	0.0045795
1323	8741	0.0045795
7125	8742	0.00606833
213	8742	0.00606833
2622	8743	0.00648216
341	8743	0.00648216
3245	8744	0.00635524
8711	8744	0.00635524
322	8745	0.00525015
4834	8745	0.00525015
396	8746	0.00586422
4387	8746	0.00586422
3587	8747	0.00649772
89	8747	0.00649772
7255	8748	0.00663106
8698	8748	0.00663106
8748	8749	0.00661658
4725	8749	0.00661658
5009	8750	0.00660034
8749	8750	0.00660034
7442	8751	0.00658415
8750	8751	0.00658415
7397	8752	0.00657266
8751	8752	0.00657266
8706	8752	0.00657266
475	8753	0.00654603
8752	8753	0.00654603
4360	8754	0.00653837
8753	8754	0.00653837
1403	8755	0.00652988
8754	8755	0.00652988
4688	8756	0.00652415
2105	8756	0.00652415
8755	8756	0.00652415
8756	8757	0.00651738
3940	8757	0.00651738
8757	8758	0.00651359
1206	8758	0.00651359
8758	8759	0.0065086
2527	8759	0.0065086
8759	8760	0.006505
2254	8760	0.006505
4684	8761	0.00650207
8760	8761	0.00650207
8761	8762	0.00649548
36	8762	0.00649548
4974	8763	0.00647546
8762	8763	0.00647546
8763	8764	0.00646887
3360	8764	0.00646887
3513	8765	0.00646215
8764	8765	0.00646215
8765	8766	0.00645444
550	8766	0.00645444
4729	8767	0.0064326
8766	8767	0.0064326
8767	8768	0.00637246
3939	8768	0.00637246
7379	8768	0.00637246
8768	8769	0.00637148
8710	8769	0.00637148
1807	8770	0.00636772
8769	8770	0.00636772
6892	8771	0.00635713
8770	8771	0.00635713
8771	8772	0.00633335
3328	8772	0.00633335
7445	8773	0.00632104
8772	8773	0.00632104
3478	8773	0.00632104
864	8774	0.00631237
8773	8774	0.00631237
1580	8775	0.00631037
8774	8775	0.00631037
1838	8776	0.00630964
8775	8776	0.00630964
7329	8777	0.00630675
8776	8777	0.00630675
2510	8778	0.00630196
8777	8778	0.00630196
7439	8779	0.006298
8778	8779	0.006298
3753	8780	0.0062723
8779	8780	0.0062723
2335	8781	0.00626845
8780	8781	0.00626845
2061	8782	0.00625619
8781	8782	0.00625619
7293	8783	0.00624958
8782	8783	0.00624958
8783	8784	0.00624656
4596	8784	0.00624656
7288	8784	0.00624656
1188	8784	0.00624656
1968	8784	0.00624656
2747	8784	0.00624656
2512	8784	0.00624656
2500	8784	0.00624656
1893	8785	0.00624116
1320	8785	0.00624116
8784	8785	0.00624116
7456	8786	0.00623791
8785	8786	0.00623791
8786	8787	0.00623313
8703	8787	0.00623313
8747	8788	0.00621985
8787	8788	0.00621985
1483	8789	0.00620658
8788	8789	0.00620658
1762	8790	0.00618534
1996	8790	0.00618534
8789	8790	0.00618534
837	8791	0.00615607
8790	8791	0.00615607
8791	8792	0.00615518
1620	8792	0.00615518
5107	8793	0.0061483
8792	8793	0.0061483
179	8794	0.0061388
8793	8794	0.0061388
7451	8795	0.00612836
8794	8795	0.00612836
8795	8796	0.00610442
4900	8796	0.00610442
5061	8797	0.00607987
8796	8797	0.00607987
3567	8798	0.00606919
8797	8798	0.00606919
4619	8799	0.00606833
8798	8799	0.00606833
4881	8800	0.00642268
8713	8800	0.00642268
8799	8801	0.00605669
512	8801	0.00605669
5130	8802	0.00604154
8801	8802	0.00604154
8802	8803	0.00602336
1693	8803	0.00602336
8803	8804	0.00602154
1617	8804	0.00602154
858	8804	0.00602154
8707	8804	0.00602154
2635	8804	0.00602154
8804	8805	0.0060167
3700	8805	0.0060167
3121	8805	0.0060167
8805	8806	0.00600794
7364	8806	0.00600794
4411	8807	0.00600735
8806	8807	0.00600735
8807	8808	0.00600431
4687	8808	0.00600431
3401	8809	0.00599959
8808	8809	0.00599959
8809	8810	0.00599664
2849	8810	0.00599664
8810	8811	0.00598622
4452	8811	0.00598622
8811	8812	0.00597764
8709	8812	0.00597764
8800	8812	0.00597764
4264	8812	0.00597764
4471	8813	0.00597367
8812	8813	0.00597367
3716	8814	0.0059718
8813	8814	0.0059718
2445	8815	0.00596897
8814	8815	0.00596897
8815	8816	0.00596716
2293	8816	0.00596716
7347	8817	0.00595561
8816	8817	0.00595561
8817	8818	0.00595194
5017	8818	0.00595194
8818	8819	0.00595097
8701	8819	0.00595097
8702	8819	0.00595097
2593	8820	0.00593183
8819	8820	0.00593183
8820	8821	0.00593095
4984	8821	0.00593095
8821	8822	0.00593012
4371	8822	0.00593012
8822	8823	0.00592434
4657	8823	0.00592434
7233	8824	0.00591463
8823	8824	0.00591463
4363	8825	0.00591185
3434	8825	0.00591185
8824	8825	0.00591185
4965	8826	0.0059042
8825	8826	0.0059042
7382	8827	0.0058975
8826	8827	0.0058975
4844	8828	0.00588796
8827	8828	0.00588796
151	8829	0.00587467
8828	8829	0.00587467
7189	8830	0.00586988
8829	8830	0.00586988
3912	8831	0.00586318
8830	8831	0.00586318
8831	8832	0.00585372
2356	8832	0.00585372
8832	8833	0.00585281
1864	8833	0.00585281
4814	8833	0.00585281
8833	8834	0.00584504
3936	8834	0.00584504
7453	8835	0.0058402
8834	8835	0.0058402
7437	8836	0.00583166
2364	8836	0.00583166
8835	8836	0.00583166
2574	8837	0.00582784
8836	8837	0.00582784
8837	8838	0.00580979
7352	8838	0.00580979
7441	8839	0.00580219
7033	8839	0.00580219
8838	8839	0.00580219
2230	8840	0.00579642
8839	8840	0.00579642
3713	8841	0.00579447
8840	8841	0.00579447
5051	8842	0.00577558
8841	8842	0.00577558
3606	8843	0.00576965
8842	8843	0.00576965
3730	8844	0.00576595
8843	8844	0.00576595
8844	8845	0.00576021
85	8845	0.00576021
4942	8846	0.00575724
8845	8846	0.00575724
2547	8847	0.00575359
8846	8847	0.00575359
8847	8848	0.00574485
7208	8848	0.00574485
1861	8849	0.00574184
8848	8849	0.00574184
110	8850	0.00573537
8849	8850	0.00573537
4011	8851	0.00572489
8850	8851	0.00572489
8851	8852	0.00572396
642	8852	0.00572396
3813	8853	0.00611019
1204	8853	0.00611019
4709	8854	0.00572104
8852	8854	0.00572104
2180	8855	0.00571455
8854	8855	0.00571455
4943	8856	0.00570388
8855	8856	0.00570388
8856	8857	0.00570299
1663	8857	0.00570299
1068	8858	0.00569825
8857	8858	0.00569825
5142	8859	0.00569352
8858	8859	0.00569352
629	8860	0.00569044
4158	8860	0.00569044
2545	8860	0.00569044
8859	8860	0.00569044
3719	8861	0.00568936
8860	8861	0.00568936
8861	8862	0.00568303
4084	8862	0.00568303
7419	8863	0.00566841
8862	8863	0.00566841
8863	8864	0.00565724
8714	8864	0.00565724
8864	8865	0.00565521
654	8865	0.00565521
8865	8866	0.00565362
158	8866	0.00565362
7433	8867	0.00564091
8866	8867	0.00564091
7013	8868	0.0056392
8867	8868	0.0056392
8868	8869	0.00563624
708	8869	0.00563624
2283	8870	0.00562573
8869	8870	0.00562573
640	8871	0.00561905
8870	8871	0.00561905
8871	8872	0.00560753
5018	8872	0.00560753
1047	8873	0.00560099
8872	8873	0.00560099
3374	8874	0.0055991
8873	8874	0.0055991
1234	8874	0.0055991
1652	8875	0.00560951
1254	8875	0.00560951
4652	8876	0.00563544
3235	8876	0.00563544
8874	8877	0.00559131
3500	8877	0.00559131
7459	8878	0.00558662
8877	8878	0.00558662
5056	8879	0.00558551
8878	8879	0.00558551
1376	8880	0.0055837
8879	8880	0.0055837
4712	8881	0.00558281
8880	8881	0.00558281
8881	8882	0.0055724
1586	8882	0.0055724
8882	8883	0.00556865
8876	8883	0.00556865
8883	8884	0.00556573
1784	8884	0.00556573
8884	8885	0.00556466
2982	8885	0.00556466
794	8885	0.00556466
8885	8886	0.00556287
1112	8886	0.00556287
201	8887	0.0055466
8886	8887	0.0055466
8887	8888	0.00554368
1500	8888	0.00554368
8888	8889	0.00553613
1378	8889	0.00553613
265	8890	0.00553512
2801	8890	0.00553512
8889	8890	0.00553512
1111	8890	0.00553512
8890	8891	0.00552954
5041	8891	0.00552954
8891	8892	0.00550846
4990	8892	0.00550846
3969	8893	0.00550737
8892	8893	0.00550737
2666	8894	0.00550453
8893	8894	0.00550453
8894	8895	0.00550172
8875	8895	0.00550172
3799	8896	0.0054958
8895	8896	0.0054958
3811	8897	0.00548773
8896	8897	0.00548773
362	8898	0.00548557
8897	8898	0.00548557
5114	8899	0.00547415
8898	8899	0.00547415
8853	8899	0.00547415
5109	8900	0.0054656
8899	8900	0.0054656
8900	8901	0.00546166
3072	8901	0.00546166
8901	8902	0.00545978
3532	8902	0.00545978
8902	8903	0.00545524
4012	8903	0.00545524
8903	8904	0.00542562
5036	8904	0.00542562
360	8905	0.00542453
8904	8905	0.00542453
8905	8906	0.00542353
2590	8906	0.00542353
8906	8907	0.00541972
243	8907	0.00541972
8907	8908	0.00541593
2252	8908	0.00541593
3542	8909	0.005415
8908	8909	0.005415
8909	8910	0.00541303
979	8910	0.00541303
3331	8911	0.00540927
8910	8911	0.00540927
905	8911	0.00540927
3251	8912	0.00540828
8911	8912	0.00540828
4620	8913	0.00540443
8912	8913	0.00540443
8913	8914	0.00539294
2051	8914	0.00539294
8705	8915	0.0053921
8914	8915	0.0053921
3089	8916	0.00538917
8915	8916	0.00538917
8916	8917	0.00538631
2156	8917	0.00538631
8917	8918	0.00536046
3114	8918	0.00536046
8918	8919	0.00534536
4629	8919	0.00534536
1676	8920	0.00533111
8919	8920	0.00533111
8920	8921	0.00532246
3675	8921	0.00532246
8921	8922	0.0053101
2050	8922	0.0053101
3503	8923	0.00530725
8922	8923	0.00530725
954	8924	0.00528994
8923	8924	0.00528994
2726	8924	0.00528994
3190	8925	0.00527576
8924	8925	0.00527576
3887	8926	0.00526611
8925	8926	0.00526611
8746	8927	0.00525468
8926	8927	0.00525468
1426	8928	0.00524616
8927	8928	0.00524616
4611	8929	0.00524243
8928	8929	0.00524243
7450	8930	0.00522148
8929	8930	0.00522148
4077	8931	0.00520606
8930	8931	0.00520606
2911	8932	0.00520238
8931	8932	0.00520238
8932	8933	0.00519371
2967	8933	0.00519371
8933	8934	0.00519072
3953	8934	0.00519072
8934	8935	0.00518325
1659	8935	0.00518325
7440	8936	0.00517461
8935	8936	0.00517461
3684	8937	0.00516327
8936	8937	0.00516327
4333	8938	0.00516128
8937	8938	0.00516128
209	8939	0.00515372
8938	8939	0.00515372
1528	8940	0.00514988
6906	8940	0.00514988
7391	8940	0.00514988
8939	8940	0.00514988
2279	8941	0.00514044
8940	8941	0.00514044
4087	8942	0.00512983
8941	8942	0.00512983
3535	8943	0.00512886
8942	8943	0.00512886
4963	8944	0.00579447
2993	8944	0.00579447
3029	8945	0.00511551
8943	8945	0.00511551
8945	8946	0.00508789
949	8946	0.00508789
4859	8947	0.00508203
8946	8947	0.00508203
3283	8948	0.00506783
8947	8948	0.00506783
5134	8949	0.00504216
8948	8949	0.00504216
8949	8950	0.00503635
1247	8950	0.00503635
8950	8951	0.00502881
3318	8951	0.00502881
8951	8952	0.00500771
94	8952	0.00500771
623	8953	0.00500299
8952	8953	0.00500299
8953	8954	0.00497152
2517	8954	0.00497152
7399	8955	0.00495619
8954	8955	0.00495619
5019	8956	0.00494671
8955	8956	0.00494671
8956	8957	0.00493796
3605	8957	0.00493796
2968	8958	0.00493238
8957	8958	0.00493238
4319	8959	0.00492761
8958	8959	0.00492761
4187	8960	0.00491809
8959	8960	0.00491809
7375	8961	0.00491152
8960	8961	0.00491152
8961	8962	0.00490081
2231	8962	0.00490081
7443	8963	0.00487905
8962	8963	0.00487905
3336	8964	0.00487708
8963	8964	0.00487708
1408	8965	0.00487428
8964	8965	0.00487428
912	8965	0.00487428
5049	8966	0.00487327
8965	8966	0.00487327
4879	8967	0.00484566
8966	8967	0.00484566
3520	8968	0.00484475
8967	8968	0.00484475
8968	8969	0.00484166
8944	8969	0.00484166
8716	8969	0.00484166
1717	8970	0.00481797
8969	8970	0.00481797
1499	8971	0.00481701
8970	8971	0.00481701
3080	8972	0.00481415
8971	8972	0.00481415
8972	8973	0.00481224
1949	8973	0.00481224
778	8974	0.00480077
8973	8974	0.00480077
2161	8975	0.00479125
8974	8975	0.00479125
308	8976	0.00478748
8975	8976	0.00478748
7328	8977	0.00478451
8976	8977	0.00478451
8977	8978	0.00477795
1846	8978	0.00477795
8978	8979	0.004775
4517	8979	0.004775
685	8980	0.00476837
8979	8980	0.00476837
8980	8981	0.00476357
1471	8981	0.00476357
156	8982	0.00476171
8981	8982	0.00476171
8982	8983	0.00475211
2172	8983	0.00475211
8983	8984	0.00474351
1081	8984	0.00474351
8984	8985	0.00473511
4368	8985	0.00473511
1321	8986	0.00473401
2363	8986	0.00473401
8985	8986	0.00473401
7457	8987	0.00472261
8986	8987	0.00472261
7011	8988	0.00471594
8987	8988	0.00471594
8988	8989	0.00471213
1069	8989	0.00471213
8989	8990	0.00470163
4728	8990	0.00470163
2278	8991	0.00469588
8990	8991	0.00469588
2576	8992	0.00467597
8991	8992	0.00467597
4995	8993	0.00466057
8992	8993	0.00466057
8993	8994	0.00465869
1802	8994	0.00465869
8994	8995	0.00465678
2883	8995	0.00465678
4538	8996	0.00464054
8995	8996	0.00464054
2556	8997	0.00463382
8996	8997	0.00463382
2681	8998	0.00463003
8997	8998	0.00463003
8998	8999	0.00462538
2214	8999	0.00462538
1808	9000	0.00461598
4151	9000	0.00461598
8999	9000	0.00461598
4625	9001	0.00458432
9000	9001	0.00458432
9001	9002	0.00458242
3104	9002	0.00458242
848	9003	0.00458053
9002	9003	0.00458053
952	9004	0.00457186
9003	9004	0.00457186
1209	9005	0.00456723
9004	9005	0.00456723
8745	9006	0.00455661
9005	9006	0.00455661
7340	9007	0.00455477
9006	9007	0.00455477
2596	9008	0.00454999
9007	9008	0.00454999
4816	9009	0.00444415
3691	9009	0.00444415
3829	9010	0.00454234
9008	9010	0.00454234
4993	9011	0.00453649
9010	9011	0.00453649
9011	9012	0.00453471
1588	9012	0.00453471
49	9013	0.00450996
9012	9013	0.00450996
5055	9014	0.00448707
9013	9014	0.00448707
9014	9015	0.00448116
1058	9015	0.00448116
1093	9016	0.00445559
9015	9016	0.00445559
7455	9017	0.00444794
9016	9017	0.00444794
9017	9018	0.0044374
207	9018	0.0044374
5040	9018	0.0044374
9018	9019	0.0044336
737	9019	0.0044336
7156	9020	0.00443164
9019	9020	0.00443164
9020	9021	0.00440235
4855	9021	0.00440235
9021	9022	0.00438806
2160	9022	0.00438806
1113	9022	0.00438806
4060	9023	0.00438213
9022	9023	0.00438213
1780	9024	0.00438112
9023	9024	0.00438112
4831	9025	0.00437834
1575	9025	0.00437834
4588	9025	0.00437834
3938	9025	0.00437834
9024	9025	0.00437834
1484	9026	0.00437736
9025	9026	0.00437736
3035	9027	0.00437641
9026	9027	0.00437641
4581	9028	0.00436688
9027	9028	0.00436688
9028	9029	0.00435723
7216	9029	0.00435723
4308	9030	0.00435255
9029	9030	0.00435255
9030	9031	0.00434878
2996	9031	0.00434878
2133	9032	0.00434021
9031	9032	0.00434021
7446	9033	0.00433827
9032	9033	0.00433827
1577	9034	0.00432206
9033	9034	0.00432206
2943	9035	0.00428961
9034	9035	0.00428961
4947	9036	0.00428673
2766	9036	0.00428673
9035	9036	0.00428673
9036	9037	0.00427731
2272	9037	0.00427731
9037	9038	0.00426006
914	9038	0.00426006
9038	9039	0.00424674
539	9039	0.00424674
2213	9040	0.00424287
9039	9040	0.00424287
1978	9041	0.0042324
9040	9041	0.0042324
1711	9042	0.00422869
1291	9042	0.00422869
9041	9042	0.00422869
3686	9043	0.00421807
9042	9043	0.00421807
2489	9044	0.00421524
5043	9044	0.00421524
9043	9044	0.00421524
4383	9045	0.00421246
9044	9045	0.00421246
4286	9046	0.00420748
9045	9046	0.00420748
3776	9047	0.00420575
9046	9047	0.00420575
1803	9048	0.00419331
9047	9048	0.00419331
9048	9049	0.00419137
4318	9049	0.00419137
1292	9050	0.00418842
9049	9050	0.00418842
3454	9051	0.0041828
9050	9051	0.0041828
4799	9052	0.00415992
9051	9052	0.00415992
5125	9053	0.00414475
9052	9053	0.00414475
9053	9054	0.00414274
1028	9054	0.00414274
9009	9055	0.00413516
9054	9055	0.00413516
239	9056	0.0041304
9055	9056	0.0041304
9056	9057	0.00412942
4851	9057	0.00412942
3226	9057	0.00412942
9057	9058	0.00412473
4556	9058	0.00412473
580	9059	0.00411223
9058	9059	0.00411223
3391	9060	0.00410557
9059	9060	0.00410557
1285	9061	0.00410368
9060	9061	0.00410368
2234	9062	0.00408644
9061	9062	0.00408644
1225	9063	0.00406456
9062	9063	0.00406456
3146	9064	0.00494391
1865	9064	0.00494391
9064	9065	0.00429246
937	9065	0.00429246
1752	9066	0.00507846
1326	9066	0.00507846
8741	9067	0.0038996
4063	9067	0.0038996
9063	9068	0.00406169
4856	9068	0.00406169
4004	9069	0.00405217
4827	9069	0.00405217
9068	9069	0.00405217
9069	9070	0.00405125
41	9070	0.00405125
4417	9071	0.00404544
9070	9071	0.00404544
7384	9071	0.00404544
9065	9071	0.00404544
2417	9072	0.00403879
4858	9072	0.00403879
9071	9072	0.00403879
2491	9073	0.00403111
9072	9073	0.00403111
1085	9074	0.00401411
9073	9074	0.00401411
1161	9075	0.00400735
9074	9075	0.00400735
9075	9076	0.00400542
4516	9076	0.00400542
8736	9077	0.00399401
9076	9077	0.00399401
3949	9078	0.0039606
9077	9078	0.0039606
9078	9079	0.00394339
3213	9079	0.00394339
9079	9080	0.00393964
225	9080	0.00393964
4080	9080	0.00393964
9080	9081	0.00392423
3718	9081	0.00392423
9081	9082	0.00391844
1847	9082	0.00391844
4254	9083	0.00391387
9082	9083	0.00391387
9083	9084	0.00390048
2914	9084	0.00390048
8739	9085	0.00388422
457	9085	0.00388422
9084	9085	0.00388422
4998	9086	0.00387574
9085	9086	0.00387574
863	9086	0.00387574
4811	9086	0.00387574
9086	9087	0.00387484
1764	9087	0.00387484
9087	9088	0.00387013
7411	9088	0.00387013
4291	9088	0.00387013
4927	9088	0.00387013
1488	9089	0.00385673
9088	9089	0.00385673
9089	9090	0.00385569
733	9090	0.00385569
3088	9091	0.00385384
9090	9091	0.00385384
9091	9092	0.00383183
2455	9092	0.00383183
430	9092	0.00383183
1148	9093	0.00382909
9092	9093	0.00382909
2168	9094	0.0037871
9093	9094	0.0037871
4578	9095	0.00378229
9094	9095	0.00378229
9095	9096	0.00377843
2964	9096	0.00377843
299	9097	0.00376609
9096	9097	0.00376609
4820	9098	0.00376128
9097	9098	0.00376128
1123	9099	0.00373749
9098	9099	0.00373749
5007	9099	0.00373749
673	9100	0.00371457
9099	9100	0.00371457
2609	9101	0.00371362
2833	9101	0.00371362
9100	9101	0.00371362
9101	9102	0.00370217
8704	9102	0.00370217
3711	9103	0.00369357
9102	9103	0.00369357
1650	9104	0.00367835
9103	9104	0.00367835
9104	9105	0.00367251
4364	9105	0.00367251
9105	9106	0.00365348
165	9106	0.00365348
3493	9107	0.00365068
9106	9107	0.00365068
1495	9108	0.00364779
9107	9108	0.00364779
4747	9109	0.0036392
9108	9109	0.0036392
1919	9110	0.00362594
9109	9110	0.00362594
4962	9111	0.00361539
9110	9111	0.00361539
1733	9112	0.00361251
9111	9112	0.00361251
482	9113	0.00359817
9112	9113	0.00359817
2488	9114	0.00358962
9113	9114	0.00358962
3124	9115	0.00358481
9114	9115	0.00358481
3223	9116	0.00358104
9115	9116	0.00358104
4200	9117	0.00357627
9116	9117	0.00357627
9117	9118	0.00355721
4479	9118	0.00355721
1603	9119	0.00354293
9118	9119	0.00354293
413	9120	0.00353898
9119	9120	0.00353898
9120	9121	0.00353524
5028	9121	0.00353524
953	9122	0.00352665
9121	9122	0.00352665
4259	9123	0.00352385
9122	9123	0.00352385
602	9124	0.00351614
9123	9124	0.00351614
3062	9125	0.0035057
9124	9125	0.0035057
3862	9126	0.00350092
9125	9126	0.00350092
2223	9127	0.00349706
9126	9127	0.00349706
2731	9128	0.00349139
9127	9128	0.00349139
3595	9129	0.00346848
7314	9129	0.00346848
9128	9129	0.00346848
3178	9130	0.00346753
9129	9130	0.00346753
247	9131	0.0034656
9130	9131	0.0034656
1885	9132	0.00346372
9131	9132	0.00346372
4193	9133	0.00344939
9132	9133	0.00344939
9133	9134	0.00344752
1737	9134	0.00344752
1831	9135	0.00343227
9134	9135	0.00343227
8744	9136	0.00341982
9135	9136	0.00341982
786	9137	0.00341796
9136	9137	0.00341796
7361	9138	0.00341037
9137	9138	0.00341037
1402	9139	0.00340654
9138	9139	0.00340654
638	9140	0.00339703
9139	9140	0.00339703
7438	9141	0.00339602
9140	9141	0.00339602
2878	9142	0.0033865
9141	9142	0.0033865
3554	9143	0.0033855
9142	9143	0.0033855
4941	9144	0.00337796
9143	9144	0.00337796
7253	9145	0.00337412
9144	9145	0.00337412
2623	9146	0.0033722
9145	9146	0.0033722
2933	9147	0.00337122
9146	9147	0.00337122
9147	9148	0.00337029
1747	9148	0.00337029
9148	9149	0.0033683
1063	9149	0.0033683
9149	9150	0.00336746
2461	9150	0.00336746
11	9151	0.00336645
9150	9151	0.00336645
9151	9152	0.00336264
889	9152	0.00336264
3095	9153	0.00335979
9152	9153	0.00335979
1645	9154	0.00335214
9153	9154	0.00335214
2978	9155	0.0033512
9154	9155	0.0033512
4451	9156	0.00333219
9155	9156	0.00333219
8743	9157	0.00333023
9156	9157	0.00333023
4386	9158	0.00331879
9157	9158	0.00331879
9067	9159	0.00331593
9158	9159	0.00331593
4519	9160	0.00330636
9159	9160	0.00330636
8742	9161	0.00330542
9160	9161	0.00330542
1435	9162	0.00329491
9161	9162	0.00329491
183	9163	0.00327783
9162	9163	0.00327783
9163	9164	0.00327491
1065	9164	0.00327491
9164	9165	0.00325482
3127	9165	0.00325482
4342	9166	0.003252
9165	9166	0.003252
4121	9167	0.00324348
9166	9167	0.00324348
9167	9168	0.0032301
1666	9168	0.0032301
7432	9169	0.00322338
9168	9169	0.00322338
964	9170	0.00321006
9169	9170	0.00321006
9170	9171	0.00320816
2245	9171	0.00320816
2492	9172	0.00319947
9171	9172	0.00319947
8734	9173	0.00318909
9172	9173	0.00318909
9173	9174	0.00318612
7372	9174	0.00318612
9174	9175	0.00318052
9066	9175	0.00318052
4967	9176	0.00317291
9175	9176	0.00317291
2819	9177	0.00316145
9176	9177	0.00316145
7458	9178	0.00315
9177	9178	0.00315
2101	9179	0.0031452
9178	9179	0.0031452
3093	9180	0.0031433
9179	9180	0.0031433
9180	9181	0.00314233
2206	9181	0.00314233
448	9182	0.00314047
9181	9182	0.00314047
8740	9183	0.00313282
9182	9183	0.00313282
9183	9184	0.00312419
2249	9184	0.00312419
4112	9185	0.00310611
9184	9185	0.00310611
4378	9186	0.00310229
9185	9186	0.00310229
4915	9187	0.00309561
9186	9187	0.00309561
2580	9188	0.00308893
9187	9188	0.00308893
4846	9189	0.00308134
9188	9189	0.00308134
1583	9190	0.00307562
9189	9190	0.00307562
9190	9191	0.00306996
522	9191	0.00306996
807	9192	0.00306796
9191	9192	0.00306796
8735	9193	0.00306038
9192	9193	0.00306038
9193	9194	0.00305752
1824	9194	0.00305752
9194	9195	0.00305271
3051	9195	0.00305271
633	9196	0.00305174
9195	9196	0.00305174
4425	9197	0.00303265
9196	9197	0.00303265
4331	9198	0.00302983
9197	9198	0.00302983
2360	9199	0.00302128
9198	9199	0.00302128
9199	9200	0.00301934
4287	9200	0.00301934
9200	9201	0.00301837
2398	9201	0.00301837
9201	9202	0.00299548
3966	9202	0.00299548
7412	9203	0.00298309
7408	9203	0.00298309
9202	9203	0.00298309
1921	9204	0.0029745
9203	9204	0.0029745
411	9205	0.00296969
9204	9205	0.00296969
3157	9206	0.00296783
9205	9206	0.00296783
2498	9207	0.00295828
9206	9207	0.00295828
1552	9208	0.0029564
9207	9208	0.0029564
715	9209	0.00295439
9208	9209	0.00295439
3825	9210	0.00293634
9209	9210	0.00293634
4991	9211	0.00292778
302	9211	0.00292778
9210	9211	0.00292778
9211	9212	0.00292302
2055	9212	0.00292302
3752	9213	0.00290965
9212	9213	0.00290965
9213	9214	0.00290868
7427	9214	0.00290868
4385	9215	0.00290591
9214	9215	0.00290591
7424	9216	0.00290011
9215	9216	0.00290011
4334	9217	0.00289927
9216	9217	0.00289927
3474	9217	0.00289927
4370	9218	0.0028839
9217	9218	0.0028839
7398	9219	0.00287723
9218	9219	0.00287723
1452	9220	0.00286768
9219	9220	0.00286768
339	9221	0.00286389
9220	9221	0.00286389
3857	9222	0.00285627
9221	9222	0.00285627
7354	9223	0.00284862
9222	9223	0.00284862
2165	9224	0.00283625
7422	9224	0.00283625
9223	9224	0.00283625
9224	9225	0.00281709
3911	9225	0.00281709
7447	9226	0.00281432
9225	9226	0.00281432
4365	9227	0.00281238
9226	9227	0.00281238
3650	9228	0.00280858
9227	9228	0.00280858
529	9229	0.00280476
9228	9229	0.00280476
4745	9230	0.00280002
9229	9230	0.00280002
4871	9231	0.00279907
9230	9231	0.00279907
9231	9232	0.00278949
1128	9232	0.00278949
8737	9233	0.00278764
9232	9233	0.00278764
1637	9234	0.00278091
9233	9234	0.00278091
3407	9235	0.00276948
9234	9235	0.00276948
9235	9236	0.00275899
3737	9236	0.00275899
2727	9237	0.00275804
9236	9237	0.00275804
2923	9238	0.00275134
9237	9238	0.00275134
1399	9239	0.00273415
9238	9239	0.00273415
4624	9240	0.00272175
9239	9240	0.00272175
1350	9241	0.00271984
9240	9241	0.00271984
3833	9242	0.00271224
9241	9242	0.00271224
3612	9243	0.00270939
7393	9243	0.00270939
9242	9243	0.00270939
3511	9244	0.0027036
9243	9244	0.0027036
7460	9245	0.00269889
9244	9245	0.00269889
71	9246	0.00269128
9245	9246	0.00269128
9246	9247	0.00268936
395	9247	0.00268936
8738	9248	0.00266457
9247	9248	0.00266457
1760	9249	0.00265788
9248	9249	0.00265788
3540	9250	0.00265408
9249	9250	0.00265408
4028	9250	0.00265408
2958	9251	0.00264361
9250	9251	0.00264361
802	9252	0.0026417
9251	9252	0.0026417
2006	9253	0.00263983
9252	9253	0.00263983
4783	9254	0.00263884
9253	9254	0.00263884
9254	9255	0.00262354
267	9255	0.00262354
831	9256	0.00262165
9255	9256	0.00262165
3946	9257	0.00261688
9256	9257	0.00261688
7403	9258	0.00259873
9257	9258	0.00259873
3796	9259	0.00259586
9258	9259	0.00259586
2919	9260	0.00259204
9259	9260	0.00259204
9260	9261	0.00259022
3897	9261	0.00259022
3313	9261	0.00259022
2290	9261	0.00259022
9261	9262	0.00257683
941	9262	0.00257683
1625	9263	0.00257591
9262	9263	0.00257591
4035	9264	0.00256729
9263	9264	0.00256729
9264	9265	0.00256347
2088	9265	0.00256347
7461	9266	0.00254251
9265	9266	0.00254251
9266	9267	0.00253963
1250	9267	0.00253963
3784	9268	0.00253868
9267	9268	0.00253868
478	9269	0.00253774
9268	9269	0.00253774
2485	9270	0.00253199
9269	9270	0.00253199
4685	9271	0.00175477
52	9271	0.00175477
9271	9272	0.00154305
2848	9272	0.00154305
2120	9273	0.000791549
173	9273	0.000791549
3421	9274	0.000874521
3961	9274	0.000874521
2920	9275	0.00164412
192	9275	0.00164412
2128	9276	0.00158597
1211	9276	0.00158597
9276	9277	0.00144958
8715	9277	0.00144958
661	9278	0.00137709
3396	9278	0.00137709
293	9279	0.00245954
3984	9279	0.00245954
1443	9280	0.00250147
1055	9280	0.00250147
903	9281	0.00226021
4241	9281	0.00226021
731	9282	0.00232987
1556	9282	0.00232987
2044	9283	0.00188639
9282	9283	0.00188639
8731	9284	0.00251389
9270	9284	0.00251389
9284	9285	0.00251194
3920	9285	0.00251194
2551	9286	0.00251003
7404	9286	0.00251003
4354	9286	0.00251003
9285	9286	0.00251003
3427	9287	0.00250627
9286	9287	0.00250627
7454	9288	0.00249767
9287	9288	0.00249767
2757	9289	0.00249193
9288	9289	0.00249193
744	9290	0.00248814
9289	9290	0.00248814
5126	9291	0.00248335
9290	9291	0.00248335
4003	9292	0.00246235
9291	9292	0.00246235
9292	9293	0.00245763
616	9293	0.00245763
2295	9294	0.00243757
9293	9294	0.00243757
3325	9295	0.00242803
9294	9295	0.00242803
844	9296	0.00242329
2313	9296	0.00242329
9295	9296	0.00242329
4119	9297	0.00242046
9296	9297	0.00242046
9297	9298	0.00241376
2135	9298	0.00241376
2832	9299	0.00241186
9298	9299	0.00241186
1788	9300	0.00241
9299	9300	0.00241
4085	9301	0.00240807
9300	9301	0.00240807
9301	9302	0.00239945
1570	9302	0.00239945
541	9303	0.00238418
9302	9303	0.00238418
1987	9304	0.00236322
446	9304	0.00236322
9303	9304	0.00236322
3647	9305	0.0023613
9304	9305	0.0023613
3404	9306	0.00235746
9305	9306	0.00235746
7406	9307	0.00235656
9306	9307	0.00235656
2924	9308	0.00235271
9307	9308	0.00235271
2015	9309	0.0023222
9308	9309	0.0023222
3429	9310	0.00232122
9309	9310	0.00232122
3034	9311	0.00232032
9310	9311	0.00232032
3863	9312	0.00229739
9311	9312	0.00229739
80	9313	0.00229455
9312	9313	0.00229455
9313	9314	0.00229349
1253	9314	0.00229349
1271	9315	0.00228882
9314	9315	0.00228882
9315	9316	0.00228597
4840	9316	0.00228597
4135	9317	0.00228311
9316	9317	0.00228311
9317	9318	0.00227451
7420	9318	0.00227451
2687	9319	0.00225924
9318	9319	0.00225924
3772	9320	0.00225161
9319	9320	0.00225161
276	9321	0.00224876
9320	9321	0.00224876
1269	9322	0.00224592
9321	9322	0.00224592
2877	9323	0.00224495
9322	9323	0.00224495
453	9324	0.00222871
9323	9324	0.00222871
309	9325	0.00221348
9324	9325	0.00221348
4023	9325	0.00221348
575	9326	0.00219535
9325	9326	0.00219535
234	9327	0.0021801
9326	9327	0.0021801
7159	9328	0.00216961
9327	9328	0.00216961
9328	9329	0.00216675
2922	9329	0.00216675
670	9330	0.00214958
8723	9330	0.00214958
9329	9330	0.00214958
9330	9331	0.00214384
103	9331	0.00214384
4959	9332	0.00211816
9331	9332	0.00211816
883	9333	0.00211428
9332	9333	0.00211428
776	9334	0.00210668
9333	9334	0.00210668
4874	9335	0.00209901
9334	9335	0.00209901
3002	9336	0.00208855
9335	9336	0.00208855
1306	9337	0.00208665
9336	9337	0.00208665
62	9338	0.00208569
4521	9338	0.00208569
9337	9338	0.00208569
291	9339	0.00208093
9338	9339	0.00208093
2108	9340	0.00207996
9339	9340	0.00207996
3998	9341	0.00205707
9340	9341	0.00205707
651	9342	0.00205612
749	9342	0.00205612
9341	9342	0.00205612
4666	9343	0.0020504
9342	9343	0.0020504
1030	9344	0.00204754
9343	9344	0.00204754
3307	9345	0.00204564
9344	9345	0.00204564
3910	9346	0.00203991
9345	9346	0.00203991
4257	9347	0.00202941
9346	9347	0.00202941
2339	9348	0.00201608
9347	9348	0.00201608
8718	9349	0.00201414
9348	9349	0.00201414
1287	9350	0.00198271
502	9350	0.00198271
9349	9350	0.00198271
3596	9351	0.00196933
9350	9351	0.00196933
2302	9352	0.00196742
9351	9352	0.00196742
767	9353	0.00196075
9352	9353	0.00196075
3896	9354	0.00195693
9353	9354	0.00195693
2265	9355	0.00195597
9354	9355	0.00195597
9355	9356	0.00195214
4126	9356	0.00195214
2327	9357	0.00194645
9356	9357	0.00194645
4589	9358	0.00193788
9357	9358	0.00193788
8720	9359	0.00193692
9358	9359	0.00193692
1839	9360	0.00191879
9359	9360	0.00191879
2300	9361	0.00190829
9360	9361	0.00190829
4090	9362	0.00190636
9361	9362	0.00190636
1687	9363	0.00190259
9362	9363	0.00190259
3008	9364	0.00189876
9363	9364	0.00189876
4558	9365	0.00189113
9364	9365	0.00189113
1903	9366	0.00189021
9365	9366	0.00189021
7284	9367	0.00188255
9366	9367	0.00188255
2969	9368	0.0018692
9367	9368	0.0018692
688	9369	0.00185681
9368	9369	0.00185681
4612	9370	0.00183676
9369	9370	0.00183676
4195	9371	0.00183393
9370	9371	0.00183393
1667	9372	0.00182821
9371	9372	0.00182821
4205	9373	0.00182628
9372	9373	0.00182628
2222	9374	0.00182057
9373	9374	0.00182057
3038	9375	0.00181961
9374	9375	0.00181961
8721	9376	0.00181863
9375	9376	0.00181863
668	9377	0.00180911
9376	9377	0.00180911
4162	9378	0.00179672
9377	9378	0.00179672
3482	9379	0.00179576
9378	9379	0.00179576
4896	9380	0.00179005
9379	9380	0.00179005
3144	9381	0.00175954
9380	9381	0.00175954
3113	9382	0.00174906
9381	9382	0.00174906
1818	9383	0.00174618
9382	9383	0.00174618
3025	9384	0.00174426
8732	9384	0.00174426
4005	9384	0.00174426
9383	9384	0.00174426
7448	9385	0.00173569
9384	9385	0.00173569
1498	9386	0.00173188
9385	9386	0.00173188
2746	9387	0.00172329
9386	9387	0.00172329
2311	9388	0.00171471
9387	9388	0.00171471
9283	9389	0.00170612
9388	9389	0.00170612
2932	9390	0.00170134
9389	9390	0.00170134
8727	9391	0.0017004
9390	9391	0.0017004
4949	9392	0.00169753
9391	9392	0.00169753
1765	9393	0.00169659
9392	9393	0.00169659
8728	9394	0.00168896
9393	9394	0.00168896
3687	9395	0.0016775
9394	9395	0.0016775
2473	9396	0.00167561
2583	9396	0.00167561
9395	9396	0.00167561
2505	9397	0.001668
4532	9397	0.001668
9396	9397	0.001668
4575	9398	0.00166414
9397	9398	0.00166414
4913	9399	0.00166225
1844	9399	0.00166225
3951	9399	0.00166225
4419	9399	0.00166225
4467	9399	0.00166225
4486	9399	0.00166225
4757	9399	0.00166225
4823	9399	0.00166225
4957	9399	0.00166225
9398	9399	0.00166225
2484	9400	0.0016594
9399	9400	0.0016594
9400	9401	0.00164699
3943	9401	0.00164699
8726	9402	0.00164604
9401	9402	0.00164604
4584	9403	0.0016365
9402	9403	0.0016365
2054	9404	0.00163175
9403	9404	0.00163175
4665	9405	0.00162887
9404	9405	0.00162887
9405	9406	0.0016222
4129	9406	0.0016222
9406	9407	0.00161553
7349	9407	0.00161553
1842	9408	0.00160598
9407	9408	0.00160598
4427	9409	0.00160218
9408	9409	0.00160218
1647	9410	0.00160027
9409	9410	0.00160027
3515	9411	0.00159644
3809	9411	0.00159644
9410	9411	0.00159644
2643	9412	0.00158501
9411	9412	0.00158501
4917	9413	0.0015831
9412	9413	0.0015831
4761	9414	0.00158119
9413	9414	0.00158119
7383	9415	0.00157833
9414	9415	0.00157833
3552	9416	0.00157451
9415	9416	0.00157451
9416	9417	0.00156879
4118	9417	0.00156879
4347	9418	0.00156212
9417	9418	0.00156212
2506	9419	0.00156117
9418	9419	0.00156117
7418	9420	0.00155258
9419	9420	0.00155258
3789	9421	0.0015421
9420	9421	0.0015421
1115	9422	0.00154018
3906	9422	0.00154018
9421	9422	0.00154018
7386	9423	0.00153828
9422	9423	0.00153828
4966	9424	0.0015335
9423	9424	0.0015335
4689	9425	0.00152683
9424	9425	0.00152683
721	9426	0.00152013
9425	9426	0.00152013
1900	9427	0.0015173
9426	9427	0.0015173
3387	9428	0.00151158
9427	9428	0.00151158
8733	9429	0.00150966
9428	9429	0.00150966
1995	9430	0.00149535
9429	9430	0.00149535
9430	9431	0.00148582
3930	9431	0.00148582
4407	9432	0.00148297
9431	9432	0.00148297
9432	9433	0.0014801
4950	9433	0.0014801
3957	9434	0.00147248
9433	9434	0.00147248
1734	9435	0.00147151
9434	9435	0.00147151
3334	9436	0.00146961
9435	9436	0.00146961
9436	9437	0.00146675
4754	9437	0.00146675
2215	9438	0.00146579
9437	9438	0.00146579
4762	9439	0.00146198
9438	9439	0.00146198
1431	9440	0.00146103
9439	9440	0.00146103
9281	9441	0.00146008
4680	9441	0.00146008
9440	9441	0.00146008
9441	9442	0.00145912
2475	9442	0.00145912
3475	9443	0.0014534
9442	9443	0.0014534
1106	9444	0.00144958
9443	9444	0.00144958
4002	9445	0.00144101
9444	9445	0.00144101
3449	9446	0.00143625
9445	9446	0.00143625
7426	9447	0.00143529
9446	9447	0.00143529
2544	9448	0.00142574
1698	9448	0.00142574
9447	9448	0.00142574
1497	9449	0.0014248
9448	9449	0.0014248
9449	9450	0.00142002
4550	9450	0.00142002
2167	9451	0.00141812
1907	9451	0.00141812
9450	9451	0.00141812
9451	9452	0.0014143
4547	9452	0.0014143
9452	9453	0.00141336
4469	9453	0.00141336
9453	9454	0.00140955
4653	9454	0.00140955
3508	9455	0.00140476
9454	9455	0.00140476
697	9456	0.00139998
9455	9456	0.00139998
7280	9457	0.00139618
9456	9457	0.00139618
1735	9458	0.00139427
9457	9458	0.00139427
4985	9459	0.00138664
2748	9459	0.00138664
9458	9459	0.00138664
3276	9460	0.00138568
9459	9460	0.00138568
4559	9461	0.00138187
9460	9461	0.00138187
7452	9462	0.0013733
9461	9462	0.0013733
3537	9463	0.00136471
9462	9463	0.00136471
3739	9464	0.00136279
9463	9464	0.00136279
7394	9465	0.00136185
9464	9465	0.00136185
3499	9466	0.00134088
9465	9466	0.00134088
4172	9467	0.00133991
9466	9467	0.00133991
4037	9468	0.00133609
9467	9468	0.00133609
3101	9469	0.00132655
9468	9469	0.00132655
3638	9470	0.00132275
934	9470	0.00132275
9469	9470	0.00132275
957	9471	0.0013218
9470	9471	0.0013218
47	9472	0.00132084
9471	9472	0.00132084
4477	9473	0.00131607
9472	9473	0.00131607
2981	9474	0.00106621
9275	9474	0.00106621
834	9475	0.00128078
3009	9475	0.00128078
9277	9476	0.00130557
9473	9476	0.00130557
4899	9477	0.00130367
9476	9477	0.00130367
4503	9478	0.00130083
9477	9478	0.00130083
9478	9479	0.00129796
3400	9479	0.00129796
1688	9480	0.00129319
9479	9480	0.00129319
2729	9481	0.00128174
9480	9481	0.00128174
4617	9482	0.00128078
9481	9482	0.00128078
3406	9483	0.00127888
9482	9483	0.00127888
3057	9484	0.00127506
9483	9484	0.00127506
3923	9485	0.00127411
9484	9485	0.00127411
570	9486	0.00127029
9485	9486	0.00127029
9486	9487	0.00126744
2928	9487	0.00126744
3102	9488	0.00125981
9487	9488	0.00125981
3714	9489	0.0012474
9488	9489	0.0012474
3993	9490	0.00123978
9489	9490	0.00123978
2017	9491	0.00123214
9490	9491	0.00123214
4127	9492	0.00123119
9491	9492	0.00123119
4201	9493	0.00122356
9492	9493	0.00122356
9279	9494	0.00120925
3329	9494	0.00120925
9493	9494	0.00120925
9494	9495	0.00120449
4472	9495	0.00120449
3081	9496	0.00118256
9495	9496	0.00118256
4376	9497	0.00117969
9496	9497	0.00117969
4357	9498	0.00117683
9497	9498	0.00117683
171	9499	0.00117588
9498	9499	0.00117588
8722	9500	0.00114822
9499	9500	0.00114822
3929	9500	0.00114822
2028	9501	0.00114345
9500	9501	0.00114345
8730	9502	0.00113392
9501	9502	0.00113392
9502	9503	0.00112724
4351	9503	0.00112724
4186	9504	0.00112248
160	9504	0.00112248
9503	9504	0.00112248
990	9505	0.0011158
9504	9505	0.0011158
5068	9506	0.00111389
9505	9506	0.00111389
9506	9507	0.00110245
2977	9507	0.00110245
2938	9508	0.00110053
9507	9508	0.00110053
4454	9508	0.00110053
951	9509	0.00108528
9508	9509	0.00108528
9475	9510	0.00108337
9509	9510	0.00108337
3866	9511	0.0010767
9510	9511	0.0010767
5110	9512	0.00107193
9511	9512	0.00107193
4925	9513	0.00106049
9512	9513	0.00106049
9278	9514	0.00105477
9513	9514	0.00105477
1145	9515	0.00105381
9514	9515	0.00105381
73	9516	0.00105095
9515	9516	0.00105095
4771	9517	0.00104809
9516	9517	0.00104809
9517	9518	0.00104713
1786	9518	0.00104713
4541	9519	0.00104427
9518	9519	0.00104427
9519	9520	0.00104141
4540	9520	0.00104141
9520	9521	0.00103569
4225	9521	0.00103569
9521	9522	0.00102996
4953	9522	0.00102996
9522	9523	0.00101471
4662	9523	0.00101471
4232	9524	0.00101281
9523	9524	0.00101281
4168	9525	0.00100517
9524	9525	0.00100517
9525	9526	0.00100327
1804	9526	0.00100327
3286	9527	0.000999451
9526	9527	0.000999451
4466	9527	0.000999451
9527	9528	0.00099849
3919	9528	0.00099849
9528	9529	0.000996591
1451	9529	0.000996591
2862	9530	0.000995631
2684	9530	0.000995631
9529	9530	0.000995631
9530	9531	0.000989913
4191	9531	0.000989913
2439	9532	0.00098706
9531	9532	0.00098706
1965	9533	0.000949859
2702	9533	0.000949859
4819	9534	0.000980375
9532	9534	0.000980375
9534	9535	0.000979428
4344	9535	0.000979428
9535	9536	0.000973702
4359	9536	0.000973702
3575	9537	0.000971793
9536	9537	0.000971793
9537	9538	0.000967979
4543	9538	0.000967979
898	9539	0.000967028
9538	9539	0.000967028
2495	9540	0.000965116
9539	9540	0.000965116
3990	9541	0.000962255
4499	9541	0.000962255
9540	9541	0.000962255
4034	9542	0.000955581
9541	9542	0.000955581
7401	9543	0.000948895
9542	9543	0.000948895
9543	9544	0.000944138
4029	9544	0.000944138
9544	9545	0.000937464
4484	9545	0.000937464
9474	9546	0.000936508
9545	9546	0.000936508
1493	9547	0.000927928
3703	9547	0.000927928
9546	9547	0.000927928
2521	9548	0.000926963
9547	9548	0.000926963
3591	9549	0.000925066
9548	9549	0.000925066
9280	9550	0.000923158
9549	9550	0.000923158
83	9551	0.000916479
222	9551	0.000916479
9550	9551	0.000916479
7371	9552	0.000913622
2034	9552	0.000913622
9551	9552	0.000913622
9552	9553	0.00090885
3942	9553	0.00090885
7416	9554	0.000905034
9553	9554	0.000905034
286	9555	0.000904087
9554	9555	0.000904087
221	9556	0.00089931
9555	9556	0.00089931
4931	9557	0.000891685
9556	9557	0.000891685
917	9558	0.00088978
4194	9558	0.00088978
9557	9558	0.00088978
2166	9559	0.000886921
9558	9559	0.000886921
4404	9560	0.000879287
9559	9560	0.000879287
2568	9561	0.00087738
9560	9561	0.00087738
2134	9562	0.000873567
4756	9562	0.000873567
9561	9562	0.000873567
4388	9563	0.000870703
9562	9563	0.000870703
2791	9564	0.000861167
9563	9564	0.000861167
2106	9565	0.000857352
9564	9565	0.000857352
301	9566	0.000837327
9565	9566	0.000837327
1138	9567	0.000834466
9566	9567	0.000834466
4323	9568	0.000828755
9567	9568	0.000828755
4249	9569	0.000823022
9568	9569	0.000823022
757	9570	0.000817299
9569	9570	0.000817299
4416	9571	0.000814436
9570	9571	0.000814436
4306	9572	0.000811575
9571	9572	0.000811575
5054	9573	0.000808714
9572	9573	0.000808714
4821	9574	0.000805853
9573	9574	0.000805853
3777	9575	0.000798228
9574	9575	0.000798228
4982	9576	0.000795369
9575	9576	0.000795369
4463	9577	0.000791549
9576	9577	0.000791549
1054	9578	0.000790597
9577	9578	0.000790597
1020	9579	0.000785822
9578	9579	0.000785822
4320	9580	0.000772477
9579	9580	0.000772477
3047	9581	0.000766749
9580	9581	0.000766749
8729	9582	0.000751495
9581	9582	0.000751495
4671	9583	0.000750539
9582	9583	0.000750539
2079	9584	0.000746726
9583	9584	0.000746726
9533	9585	0.00074482
9584	9585	0.00074482
2762	9586	0.000727652
4654	9586	0.000727652
4674	9586	0.000727652
9585	9586	0.000727652
1173	9587	0.00071621
9586	9587	0.00071621
7396	9588	0.000708581
9587	9588	0.000708581
1555	9589	0.000704763
9588	9589	0.000704763
2671	9590	0.000700953
9589	9590	0.000700953
761	9591	0.000696179
9590	9591	0.000696179
4461	9592	0.000695228
4013	9592	0.000695228
9591	9592	0.000695228
4649	9593	0.000688555
9592	9593	0.000688555
3706	9594	0.000687599
9593	9594	0.000687599
1814	9595	0.000679972
9594	9595	0.000679972
4845	9596	0.000677107
9595	9596	0.000677107
4713	9597	0.000674248
4204	9597	0.000674248
9596	9597	0.000674248
4202	9598	0.000670433
9597	9598	0.000670433
8724	9599	0.000667573
9598	9599	0.000667573
4412	9600	0.000650408
9599	9600	0.000650408
4438	9601	0.000648497
9600	9601	0.000648497
3653	9602	0.000644684
9601	9602	0.000644684
2388	9603	0.000641823
9602	9603	0.000641823
3372	9604	0.000639916
9603	9604	0.000639916
4573	9605	0.000634192
9604	9605	0.000634192
9272	9606	0.000632287
9273	9606	0.000632287
9605	9606	0.000632287
3289	9607	0.000625609
3405	9607	0.000625609
9606	9607	0.000625609
3597	9608	0.000616073
9607	9608	0.000616073
7345	9609	0.000614165
9608	9609	0.000614165
2322	9610	0.000609397
9609	9610	0.000609397
4802	9611	0.000606534
9610	9611	0.000606534
1534	9612	0.000599858
9611	9612	0.000599858
3437	9613	0.000598908
3174	9613	0.000598908
3589	9613	0.000598908
9612	9613	0.000598908
4293	9614	0.000595089
9613	9614	0.000595089
4676	9615	0.000585556
9614	9615	0.000585556
2118	9616	0.000583646
9615	9616	0.000583646
3239	9617	0.000582695
3558	9617	0.000582695
9616	9617	0.000582695
3839	9618	0.000580786
9617	9618	0.000580786
2894	9619	0.000577925
9618	9619	0.000577925
4579	9620	0.000574109
9619	9620	0.000574109
4697	9621	0.000571252
9620	9621	0.000571252
2705	9622	0.00056362
9621	9622	0.00056362
978	9623	0.000554085
9622	9623	0.000554085
8725	9624	0.000550269
9623	9624	0.000550269
3864	9625	0.000546455
9624	9625	0.000546455
9274	9626	0.000543593
9625	9626	0.000543593
2659	9627	0.000542638
9626	9627	0.000542638
4730	9628	0.000540733
9627	9628	0.000540733
3363	9629	0.000534058
9628	9629	0.000534058
4401	9630	0.000521659
9629	9630	0.000521659
7259	9631	0.000510217
9630	9631	0.000510217
2042	9632	0.000509262
9631	9632	0.000509262
236	9633	0.000502588
9632	9633	0.000502588
4322	9634	0.000494954
9633	9634	0.000494954
1901	9635	0.000494004
9634	9635	0.000494004
468	9636	0.000486375
9635	9636	0.000486375
3559	9637	0.000473023
9636	9637	0.000473023
2972	9638	0.000468254
9637	9638	0.000468254
331	9639	0.000466346
1187	9639	0.000466346
3394	9639	0.000466346
9638	9639	0.000466346
3242	9640	0.000464438
9639	9640	0.000464438
600	9641	0.000458716
9640	9641	0.000458716
3727	9642	0.000453949
9641	9642	0.000453949
1976	9643	0.000452042
9642	9643	0.000452042
3315	9644	0.000450136
9643	9644	0.000450136
4083	9645	0.000442505
7032	9645	0.000442505
9644	9645	0.000442505
3428	9646	0.000434875
9645	9646	0.000434875
4509	9647	0.000427246
9646	9647	0.000427246
560	9648	0.000422478
9647	9648	0.000422478
3631	9649	0.000421525
9648	9649	0.000421525
1878	9650	0.000418663
9649	9650	0.000418663
3277	9651	0.000417709
9650	9651	0.000417709
739	9652	0.000416756
9651	9652	0.000416756
54	9653	0.000404357
9652	9653	0.000404357
2797	9654	0.000399588
9653	9654	0.000399588
1051	9655	0.000391007
9654	9655	0.000391007
970	9656	0.000384331
2276	9656	0.000384331
3928	9656	0.000384331
9655	9656	0.000384331
1966	9657	0.000378609
9656	9657	0.000378609
8719	9658	0.000376702
9657	9658	0.000376702
2471	9659	0.00037384
9658	9659	0.00037384
9659	9660	0.000367166
3838	9660	0.000367166
2787	9661	0.000364304
9660	9661	0.000364304
2373	9662	0.00035286
9661	9662	0.00035286
1043	9663	0.000348092
9662	9663	0.000348092
1629	9664	0.000345231
9663	9664	0.000345231
2844	9665	0.000333786
3646	9665	0.000333786
9664	9665	0.000333786
3300	9666	0.000329972
2584	9666	0.000329972
9665	9666	0.000329972
2052	9667	0.000324249
9666	9667	0.000324249
3352	9668	0.000307084
9667	9668	0.000307084
3205	9669	0.000303268
9668	9669	0.000303268
4926	9670	0.000291823
9669	9670	0.000291823
2970	9671	0.000290871
9670	9671	0.000290871
2503	9672	0.000288963
9671	9672	0.000288963
2885	9673	0.000282288
9672	9673	0.000282288
3252	9674	0.00027752
9673	9674	0.00027752
186	9675	0.000276566
9674	9675	0.000276566
4329	9676	0.000275611
3849	9676	0.000275611
9675	9676	0.000275611
3481	9677	0.000265122
9676	9677	0.000265122
2741	9678	0.000260353
9677	9678	0.000260353
2255	9679	0.000259399
9678	9679	0.000259399
3922	9680	0.000248909
9679	9680	0.000248909
2733	9681	0.000232697
9680	9681	0.000232697
3622	9682	0.000231743
9681	9682	0.000231743
4636	9683	0.000222206
9682	9683	0.000222206
4595	9684	0.000212669
9683	9684	0.000212669
4908	9685	0.000209808
9684	9685	0.000209808
4092	9686	0.000207901
9685	9686	0.000207901
4040	9687	0.00017643
9686	9687	0.00017643
5057	9688	0.000162124
9687	9688	0.000162124
3979	9689	0.000105858
9688	9689	0.000105858
4307	9690	0.000102043
9689	9690	0.000102043
7429	9691	0.000100136
9690	9691	0.000100136
7425	9692	7.53402e-05
9691	9692	7.53402e-05
4047	9693	3.91007e-05
9692	9693	3.91007e-05