1	5058	0.107589
3100	5058	0.107589
648	5059	0.287592
893	5059	0.287592
5059	5060	0.143562
1073	5060	0.143562
3341	5061	0.0314077
3997	5061	0.0314077
4402	5062	0.0172238
2744	5062	0.0172238
1463	5063	0.125943
1792	5063	0.125943
1600	5064	0.100414
5012	5064	0.100414
5064	5065	0.0295107
4426	5065	0.0295107
4683	5066	0.0184022
4711	5066	0.0184022
4895	5067	0.338463
932	5067	0.338463
4724	5068	0.187572
4975	5068	0.187572
5068	5069	0.1172
4474	5069	0.1172
5069	5070	0.058633
493	5070	0.058633
5070	5071	0.0557031
3774	5071	0.0557031
212	5072	0.0251325
3755	5072	0.0251325
2730	5073	0.177558
347	5073	0.177558
2321	5074	0.0423507
5073	5074	0.0423507
3238	5075	0.0550707
1027	5075	0.0550707
3209	5076	0.0533844
5075	5076	0.0533844
2076	5077	0.0961257
4184	5077	0.0961257
5077	5078	0.0174083
2159	5078	0.0174083
4841	5079	0.0675339
1694	5079	0.0675339
3654	5080	0.288362
2804	5080	0.288362
1551	5081	0.059983
2524	5081	0.059983
3588	5082	0.056858
5081	5082	0.056858
4343	5083	0.15018
4453	5083	0.15018
2002	5084	0.0322095
3021	5084	0.0322095
3569	5085	0.101772
287	5085	0.101772
3293	5086	0.0673871
177	5086	0.0673871
4708	5087	0.0584909
5086	5087	0.0584909
2679	5088	0.0520909
1351	5088	0.0520909
4396	5089	0.051671
5088	5089	0.051671
4690	5090	0.0516429
5089	5090	0.0516429
5085	5091	0.0492596
21	5091	0.0492596
5090	5092	0.0402921
5091	5092	0.0402921
5087	5093	0.0374321
2435	5093	0.0374321
4722	5094	0.0252874
5092	5094	0.0252874
5093	5095	0.0331726
803	5095	0.0331726
5094	5096	0.0224645
4853	5096	0.0224645
5095	5097	0.0192365
5096	5097	0.0192365
2212	5098	0.0707399
224	5098	0.0707399
2759	5099	0.136592
3353	5099	0.136592
3889	5100	0.295778
3344	5100	0.295778
3411	5101	0.021064
5100	5101	0.021064
349	5102	0.254719
3977	5102	0.254719
373	5102	0.254719
1916	5103	0.0387831
5102	5103	0.0387831
573	5104	0.0241632
1125	5104	0.0241632
5103	5105	0.0218743
5104	5105	0.0218743
4882	5106	0.0213739
5105	5106	0.0213739
2433	5107	0.151784
2301	5107	0.151784
2695	5108	0.0490142
3479	5108	0.0490142
5108	5109	0.0389121
1634	5109	0.0389121
3958	5110	0.0382179
1616	5110	0.0382179
5109	5111	0.032392
2496	5111	0.032392
5111	5112	0.0301447
1395	5112	0.0301447
5110	5113	0.0282578
2342	5113	0.0282578
5112	5114	0.0265167
4707	5114	0.0265167
5015	5115	0.0206145
5114	5115	0.0206145
5115	5116	0.0194412
1983	5116	0.0194412
5113	5117	0.0173767
5116	5117	0.0173767
1591	5118	0.249286
3371	5118	0.249286
1420	5119	0.0904192
4036	5119	0.0904192
5118	5120	0.0883597
5119	5120	0.0883597
3759	5121	0.036277
3424	5121	0.036277
5120	5122	0.0178719
2323	5122	0.0178719
5121	5123	0.01752
5122	5123	0.01752
50	5124	0.0174304
5123	5124	0.0174304
3152	5125	0.047421
714	5125	0.047421
2976	5126	0.0170584
3842	5126	0.0170584
4600	5127	0.209464
1293	5127	0.209464
5127	5128	0.0792724
4021	5128	0.0792724
4710	5129	0.0590275
1014	5129	0.0590275
3208	5130	0.0288292
2139	5130	0.0288292
5129	5131	0.0278818
5130	5131	0.0278818
38	5132	0.0276307
2362	5132	0.0276307
593	5133	0.0270015
3746	5133	0.0270015
3164	5134	0.0326846
55	5134	0.0326846
4304	5135	0.0217517
1288	5135	0.0217517
3660	5136	0.152846
3661	5136	0.152846
5136	5137	0.0693135
3629	5137	0.0693135
2209	5138	0.0610994
5137	5138	0.0610994
5138	5139	0.0592425
313	5139	0.0592425
5139	5140	0.0522516
1853	5140	0.0522516
590	5141	0.122636
3901	5141	0.122636
5141	5142	0.0850861
3248	5142	0.0850861
5142	5143	0.083796
4430	5143	0.083796
1317	5144	0.055701
5143	5144	0.055701
1205	5145	0.0989356
2897	5145	0.0989356
5145	5146	0.0787959
3599	5146	0.0787959
4958	5147	0.143375
1049	5147	0.143375
1401	5148	0.133814
5147	5148	0.133814
2284	5149	0.0414968
2961	5149	0.0414968
5149	5150	0.0385237
948	5150	0.0385237
5146	5151	0.035744
5150	5151	0.035744
5144	5152	0.0239756
5151	5152	0.0239756
6	5153	0.0220371
5152	5153	0.0220371
461	5154	0.0219054
5153	5154	0.0219054
5154	5155	0.0214004
5148	5155	0.0214004
5155	5156	0.0208255
4009	5156	0.0208255
4336	5157	0.256979
3905	5157	0.256979
598	5158	0.0474393
3426	5158	0.0474393
4878	5159	0.032716
2851	5159	0.032716
2925	5160	0.0184598
4391	5160	0.0184598
1906	5161	0.0276238
3787	5161	0.0276238
3431	5162	0.15669
2672	5162	0.15669
1091	5163	0.056143
3207	5163	0.056143
415	5164	0.0552366
5163	5164	0.0552366
4281	5165	0.0337824
329	5165	0.0337824
5165	5166	0.0229244
1130	5166	0.0229244
2195	5167	0.0829839
2152	5167	0.0829839
5167	5168	0.0500067
2131	5168	0.0500067
4269	5169	0.0771439
4252	5169	0.0771439
4946	5170	0.198624
3403	5170	0.198624
1509	5171	0.0313502
4048	5171	0.0313502
3010	5172	0.0454687
1962	5172	0.0454687
4270	5173	0.0384022
5172	5173	0.0384022
5173	5174	0.0275639
5169	5174	0.0275639
5174	5175	0.0214709
1134	5175	0.0214709
5171	5176	0.0189383
5175	5176	0.0189383
3880	5177	0.0183024
5176	5177	0.0183024
5170	5178	0.0176703
5177	5178	0.0176703
401	5179	0.148182
1736	5179	0.148182
3814	5180	0.147863
5179	5180	0.147863
1750	5181	0.0739998
492	5181	0.0739998
4178	5182	0.0636675
5181	5182	0.0636675
2754	5183	0.0566073
3598	5183	0.0566073
472	5184	0.0742447
4480	5184	0.0742447
4296	5185	0.0213678
3378	5185	0.0213678
2116	5186	0.0303112
1213	5186	0.0303112
1199	5187	0.0974535
1200	5187	0.0974535
10	5188	0.0930704
122	5188	0.0930704
5188	5189	0.0545559
5187	5189	0.0545559
128	5190	0.174569
2174	5190	0.174569
3879	5191	0.173725
5190	5191	0.173725
5191	5192	0.0859925
636	5192	0.0859925
2642	5193	0.310384
1496	5193	0.310384
3402	5194	0.425311
1233	5194	0.425311
5194	5195	0.0780102
655	5195	0.0780102
2447	5196	0.0823943
2304	5196	0.0823943
681	5197	0.0265085
2194	5197	0.0265085
5197	5198	0.0223474
1486	5198	0.0223474
2586	5199	0.0208712
5198	5199	0.0208712
1417	5200	0.301944
4256	5200	0.301944
5200	5201	0.271335
2171	5201	0.271335
2781	5202	0.046594
216	5202	0.046594
662	5203	0.0466344
810	5203	0.0466344
2617	5204	0.0714782
1083	5204	0.0714782
5204	5205	0.0479106
1240	5205	0.0479106
4951	5206	0.0632506
3440	5206	0.0632506
1066	5207	0.0440218
5205	5207	0.0440218
5206	5208	0.0430489
1540	5208	0.0430489
5207	5209	0.0421282
5208	5209	0.0421282
5209	5210	0.037503
5202	5210	0.037503
777	5211	0.04125
876	5211	0.04125
5211	5212	0.0372936
1749	5212	0.0372936
5210	5213	0.0334932
5212	5213	0.0334932
5203	5214	0.0236075
817	5214	0.0236075
3416	5215	0.0227765
5214	5215	0.0227765
2948	5216	0.0227603
5213	5216	0.0227603
4445	5217	0.0226033
5215	5217	0.0226033
3523	5218	0.0222674
5217	5218	0.0222674
5218	5219	0.0183658
5216	5219	0.0183658
3000	5220	0.0384452
363	5220	0.0384452
1699	5221	0.185092
1576	5221	0.185092
5221	5222	0.0958576
2201	5222	0.0958576
2189	5223	0.239687
4061	5223	0.239687
5032	5224	0.0747922
2309	5224	0.0747922
5224	5225	0.0359791
3571	5225	0.0359791
3111	5226	0.0341338
5225	5226	0.0341338
2153	5227	0.0604807
2603	5227	0.0604807
1635	5228	0.462078
408	5228	0.462078
2408	5229	0.0204175
5228	5229	0.0204175
1151	5230	0.0798179
1651	5230	0.0798179
4553	5231	0.295781
1411	5231	0.295781
866	5232	0.035191
1171	5232	0.035191
2434	5233	0.0241593
5232	5233	0.0241593
2699	5234	0.0351998
1928	5234	0.0351998
231	5235	0.0205376
1178	5235	0.0205376
4069	5236	0.0184489
1278	5236	0.0184489
1732	5237	0.153312
3294	5237	0.153312
5237	5238	0.0521993
3757	5238	0.0521993
74	5239	0.0659622
3042	5239	0.0659622
2186	5240	0.229614
832	5240	0.229614
119	5241	0.0303021
5240	5241	0.0303021
5241	5242	0.0239835
3037	5242	0.0239835
4640	5242	0.0239835
5242	5243	0.0209188
228	5243	0.0209188
5243	5244	0.0199098
106	5244	0.0199098
3934	5245	0.0495324
4288	5245	0.0495324
5245	5246	0.0368855
2753	5246	0.0368855
1559	5247	0.0489402
2184	5247	0.0489402
5247	5248	0.0449109
718	5248	0.0449109
4534	5249	0.0318939
4163	5249	0.0318939
4393	5250	0.0967926
1684	5250	0.0967926
1418	5251	0.0166536
5250	5251	0.0166536
4251	5252	0.0750333
2901	5252	0.0750333
4	5253	0.0593049
5252	5253	0.0593049
3023	5254	0.0788353
498	5254	0.0788353
5254	5255	0.0486081
4491	5255	0.0486081
5255	5256	0.0377812
1084	5256	0.0377812
987	5257	0.0350537
5256	5257	0.0350537
2980	5258	0.034642
5257	5258	0.034642
1042	5259	0.0405466
5024	5259	0.0405466
4563	5260	0.138425
851	5260	0.138425
5260	5261	0.068641
4997	5261	0.068641
2989	5262	0.0577185
5038	5262	0.0577185
2154	5263	0.215018
4143	5263	0.215018
5263	5264	0.201989
1723	5264	0.201989
5264	5265	0.196347
4861	5265	0.196347
1830	5266	0.105678
1828	5266	0.105678
5266	5267	0.105131
1099	5267	0.105131
5265	5268	0.0959704
5267	5268	0.0959704
5268	5269	0.0868889
2092	5269	0.0868889
5269	5270	0.0614864
4398	5270	0.0614864
7	5271	0.0566837
5270	5271	0.0566837
5271	5272	0.0565884
3243	5272	0.0565884
5261	5273	0.0540028
5272	5273	0.0540028
5262	5274	0.0503406
5273	5274	0.0503406
773	5275	0.0481815
1727	5275	0.0481815
3514	5276	0.0526489
3139	5276	0.0526489
2348	5277	0.0479215
4403	5277	0.0479215
5277	5278	0.0473423
5276	5278	0.0473423
5275	5279	0.0462382
5278	5279	0.0462382
5274	5280	0.0452781
5279	5280	0.0452781
5280	5281	0.044445
4024	5281	0.044445
5281	5282	0.0406965
5027	5282	0.0406965
5282	5283	0.0398061
1606	5283	0.0398061
3717	5284	0.0386918
3413	5284	0.0386918
5284	5285	0.0373795
5283	5285	0.0373795
5285	5286	0.0360163
2812	5286	0.0360163
5286	5287	0.0354958
2091	5287	0.0354958
2599	5288	0.0941296
1398	5288	0.0941296
20	5289	0.0939774
5288	5289	0.0939774
5289	5290	0.0394442
3247	5290	0.0394442
23	5291	0.0380352
4313	5291	0.0380352
799	5292	0.0797785
427	5292	0.0797785
4580	5293	0.072523
26	5293	0.072523
2218	5294	0.0709978
5293	5294	0.0709978
4144	5295	0.0542742
5294	5295	0.0542742
5295	5296	0.0490273
942	5296	0.0490273
1626	5297	0.0442687
5296	5297	0.0442687
1630	5298	0.0440524
5297	5298	0.0440524
5298	5299	0.0346073
727	5299	0.0346073
1781	5300	0.0866996
2462	5300	0.0866996
5300	5301	0.0853357
250	5301	0.0853357
5301	5302	0.0514998
259	5302	0.0514998
1214	5303	0.0488052
5302	5303	0.0488052
39	5304	0.0533347
1512	5304	0.0533347
785	5305	0.0506509
5304	5305	0.0506509
5305	5306	0.0485352
2090	5306	0.0485352
2341	5307	0.0526687
120	5307	0.0526687
4996	5308	0.048122
1268	5308	0.048122
5307	5308	0.048122
5308	5309	0.0456553
1468	5309	0.0456553
5309	5310	0.0384552
1738	5310	0.0384552
281	5311	0.0362604
3398	5311	0.0362604
4887	5312	0.0543159
4033	5312	0.0543159
5312	5313	0.050965
1622	5313	0.050965
3947	5314	0.068812
993	5314	0.068812
4278	5315	0.133192
3603	5315	0.133192
5315	5316	0.121639
1146	5316	0.121639
5314	5317	0.0489862
4776	5317	0.0489862
5316	5318	0.0381507
1655	5318	0.0381507
5317	5319	0.037503
5318	5319	0.037503
1611	5320	0.0785133
2957	5320	0.0785133
567	5321	0.0458811
5320	5321	0.0458811
5321	5322	0.0450433
53	5322	0.0450433
5322	5323	0.0353484
1889	5323	0.0353484
5323	5324	0.0344931
1036	5324	0.0344931
4015	5325	0.0664116
3408	5325	0.0664116
3728	5326	0.0451185
5325	5326	0.0451185
4358	5327	0.0440651
5326	5327	0.0440651
1469	5328	0.043662
5327	5328	0.043662
1884	5329	0.0404764
5328	5329	0.0404764
1875	5330	0.0358704
5329	5330	0.0358704
5330	5331	0.0351343
57	5331	0.0351343
3054	5332	0.108969
392	5332	0.108969
5332	5333	0.108942
2793	5333	0.108942
69	5334	0.107763
5333	5334	0.107763
3049	5335	0.0636996
1071	5335	0.0636996
3522	5336	0.0356004
3908	5336	0.0356004
5335	5337	0.0355889
5336	5337	0.0355889
1490	5338	0.0416528
4255	5338	0.0416528
1938	5339	0.0394382
5338	5339	0.0394382
2892	5340	0.0402423
3386	5340	0.0402423
2891	5341	0.0399362
5340	5341	0.0399362
3106	5342	0.0381229
5341	5342	0.0381229
5339	5343	0.0380864
5342	5343	0.0380864
2099	5344	0.037487
5343	5344	0.037487
5344	5345	0.0369437
535	5345	0.0369437
5345	5346	0.0369409
4074	5346	0.0369409
3528	5347	0.0349569
5346	5347	0.0349569
1249	5348	0.110909
1519	5348	0.110909
5348	5349	0.102438
4420	5349	0.102438
3614	5350	0.0949947
2402	5350	0.0949947
5349	5351	0.0745426
338	5351	0.0745426
5350	5352	0.0891937
2582	5352	0.0891937
5351	5353	0.070616
5352	5353	0.070616
5353	5354	0.0671013
4883	5354	0.0671013
5354	5355	0.0459099
2232	5355	0.0459099
425	5356	0.0449522
972	5356	0.0449522
5355	5357	0.0447562
5356	5357	0.0447562
3980	5358	0.0775441
2145	5358	0.0775441
1218	5359	0.0374459
327	5359	0.0374459
1980	5360	0.0810668
4305	5360	0.0810668
2725	5361	0.0798346
5360	5361	0.0798346
1890	5362	0.0634485
1613	5362	0.0634485
5361	5363	0.0629554
5362	5363	0.0629554
3266	5364	0.0515888
1654	5364	0.0515888
4298	5365	0.167983
1202	5365	0.167983
3859	5366	0.149735
5365	5366	0.149735
5366	5367	0.139422
3645	5367	0.139422
5367	5368	0.123566
4693	5368	0.123566
2297	5369	0.111863
5368	5369	0.111863
2836	5370	0.0972644
1361	5370	0.0972644
4513	5371	0.0926432
5370	5371	0.0926432
2317	5372	0.09081
5371	5372	0.09081
5372	5373	0.076871
1508	5373	0.076871
5369	5374	0.0676706
306	5374	0.0676706
5373	5375	0.0623217
5374	5375	0.0623217
608	5376	0.114245
3351	5376	0.114245
1095	5377	0.161198
4095	5377	0.161198
5377	5378	0.0663947
4372	5378	0.0663947
764	5379	0.0579575
5378	5379	0.0579575
5375	5380	0.0578551
1299	5380	0.0578551
956	5381	0.0566924
4379	5381	0.0566924
5380	5382	0.0544701
2187	5382	0.0544701
1136	5383	0.0537709
5382	5383	0.0537709
5383	5384	0.051993
1404	5384	0.051993
2319	5385	0.0514836
5384	5385	0.0514836
5379	5386	0.0512999
5385	5386	0.0512999
5381	5387	0.0506743
5386	5387	0.0506743
1252	5388	0.0558636
3338	5388	0.0558636
3447	5389	0.0499124
5387	5389	0.0499124
4301	5390	0.0506215
2739	5390	0.0506215
4147	5391	0.0504431
5390	5391	0.0504431
2112	5392	0.0492621
5389	5392	0.0492621
5392	5393	0.0488593
5391	5393	0.0488593
5393	5394	0.0468876
515	5394	0.0468876
5388	5395	0.0405072
2235	5395	0.0405072
5394	5396	0.0403954
5395	5396	0.0403954
2615	5397	0.0436228
632	5397	0.0436228
5376	5398	0.0435678
5397	5398	0.0435678
2838	5399	0.0411933
5398	5399	0.0411933
5396	5400	0.0403076
5399	5400	0.0403076
4551	5401	0.0381699
5400	5401	0.0381699
2770	5402	0.0376564
5401	5402	0.0376564
5402	5403	0.0348164
559	5403	0.0348164
2638	5404	0.0451812
4872	5404	0.0451812
3586	5405	0.0751647
712	5405	0.0751647
4356	5406	0.1582
1325	5406	0.1582
2716	5407	0.107772
5406	5407	0.107772
5407	5408	0.0977398
3621	5408	0.0977398
5408	5409	0.09287
4972	5409	0.09287
5409	5410	0.0786372
620	5410	0.0786372
2776	5411	0.0957517
790	5411	0.0957517
4988	5412	0.149223
2220	5412	0.149223
5410	5413	0.0710829
1674	5413	0.0710829
5413	5414	0.0516777
307	5414	0.0516777
5411	5415	0.0496313
3487	5415	0.0496313
5415	5416	0.0484202
1110	5416	0.0484202
5412	5417	0.0628745
4739	5417	0.0628745
5417	5418	0.0496975
4500	5418	0.0496975
1162	5419	0.0481014
5418	5419	0.0481014
5419	5420	0.0413343
2835	5420	0.0413343
3381	5421	0.0387199
5420	5421	0.0387199
5414	5422	0.046702
2086	5422	0.046702
5422	5423	0.0422784
5416	5423	0.0422784
4670	5424	0.0404672
4019	5424	0.0404672
5421	5425	0.03849
5423	5425	0.03849
2451	5426	0.0379462
5424	5426	0.0379462
3551	5427	0.0370696
5426	5427	0.0370696
5427	5428	0.0351771
766	5428	0.0351771
5425	5429	0.0347242
5428	5429	0.0347242
4572	5430	0.0618746
4175	5430	0.0618746
3637	5431	0.0436458
1359	5431	0.0436458
5430	5432	0.037264
5431	5432	0.037264
940	5433	0.161334
1941	5433	0.161334
4522	5434	0.107309
3301	5434	0.107309
5433	5435	0.0721763
5434	5435	0.0721763
3288	5436	0.0883474
3875	5436	0.0883474
4310	5437	0.0791259
5436	5437	0.0791259
5437	5438	0.0739255
2259	5438	0.0739255
5435	5439	0.0526992
4384	5439	0.0526992
5438	5440	0.0397409
1176	5440	0.0397409
5439	5441	0.0377896
5440	5441	0.0377896
5441	5442	0.0365782
361	5442	0.0365782
3043	5443	0.0350394
4651	5443	0.0350394
1624	5444	0.0349053
5443	5444	0.0349053
4145	5445	0.0495198
1077	5445	0.0495198
125	5446	0.053974
998	5446	0.053974
2775	5447	0.0505921
5446	5447	0.0505921
2633	5448	0.103569
1502	5448	0.103569
5448	5449	0.0866702
3296	5449	0.0866702
460	5450	0.0710397
5449	5450	0.0710397
5029	5451	0.0989134
3876	5451	0.0989134
3509	5452	0.0662912
5451	5452	0.0662912
4884	5453	0.0914554
3063	5453	0.0914554
2700	5454	0.0660582
5452	5454	0.0660582
4266	5455	0.0656283
5454	5455	0.0656283
1413	5456	0.0652321
5453	5456	0.0652321
4262	5457	0.0615075
5456	5457	0.0615075
5450	5458	0.0607881
5457	5458	0.0607881
5455	5459	0.0598078
5458	5459	0.0598078
5459	5460	0.0534631
1668	5460	0.0534631
5460	5461	0.0530349
882	5461	0.0530349
5461	5462	0.0474119
4793	5462	0.0474119
5462	5463	0.0471148
2828	5463	0.0471148
5463	5464	0.0445969
1232	5464	0.0445969
5464	5465	0.0431376
465	5465	0.0431376
5465	5466	0.0411034
4487	5466	0.0411034
5466	5467	0.0386217
3438	5467	0.0386217
5467	5468	0.0350686
3004	5468	0.0350686
1386	5469	0.0346923
5468	5469	0.0346923
129	5470	0.0513605
527	5470	0.0513605
5470	5471	0.0503537
1957	5471	0.0503537
3895	5472	0.0510683
3615	5472	0.0510683
5472	5473	0.0472095
1763	5473	0.0472095
3219	5474	0.0400787
5473	5474	0.0400787
5471	5475	0.0398793
5474	5475	0.0398793
5475	5476	0.0365093
1098	5476	0.0365093
536	5477	0.0384587
3115	5477	0.0384587
788	5478	0.0384067
5477	5478	0.0384067
852	5479	0.0797721
3659	5479	0.0797721
1882	5480	0.0687719
5479	5480	0.0687719
4079	5481	0.0981506
132	5481	0.0981506
5481	5482	0.0638659
2100	5482	0.0638659
5004	5483	0.0616096
5482	5483	0.0616096
2401	5484	0.0797179
1080	5484	0.0797179
279	5485	0.0732761
5484	5485	0.0732761
1877	5486	0.110951
3015	5486	0.110951
3074	5487	0.0916803
5486	5487	0.0916803
5487	5488	0.0785401
2532	5488	0.0785401
5488	5489	0.0778542
4614	5489	0.0778542
5489	5490	0.0740135
1945	5490	0.0740135
5490	5491	0.0684119
2305	5491	0.0684119
5491	5492	0.0481326
4290	5492	0.0481326
3143	5493	0.0358358
5492	5493	0.0358358
740	5494	0.0991902
3295	5494	0.0991902
5494	5495	0.0594041
1313	5495	0.0594041
4116	5496	0.0578152
5495	5496	0.0578152
5496	5497	0.0558904
3778	5497	0.0558904
2698	5498	0.0545388
5497	5498	0.0545388
1614	5499	0.122325
3320	5499	0.122325
2397	5500	0.137833
3541	5500	0.137833
5500	5501	0.135418
3697	5501	0.135418
5501	5502	0.10823
140	5502	0.10823
3878	5503	0.106113
5502	5503	0.106113
5503	5504	0.101703
2870	5504	0.101703
5499	5505	0.0909593
1023	5505	0.0909593
5504	5506	0.0990432
4632	5506	0.0990432
5506	5507	0.0770732
1543	5507	0.0770732
5507	5508	0.0746133
2784	5508	0.0746133
5505	5509	0.0723844
5508	5509	0.0723844
5509	5510	0.0604938
1062	5510	0.0604938
4302	5511	0.0578331
5510	5511	0.0578331
5511	5512	0.0545648
420	5512	0.0545648
5512	5513	0.0514298
3735	5513	0.0514298
5513	5514	0.0480994
847	5514	0.0480994
4735	5515	0.0599361
4132	5515	0.0599361
3046	5516	0.0543397
5515	5516	0.0543397
141	5517	0.0538014
5516	5517	0.0538014
615	5518	0.0496189
1318	5518	0.0496189
270	5519	0.0494041
5517	5519	0.0494041
5519	5520	0.0478018
5518	5520	0.0478018
1132	5521	0.0470202
5520	5521	0.0470202
3292	5522	0.0437277
5521	5522	0.0437277
1685	5523	0.0842491
3545	5523	0.0842491
5523	5524	0.0465185
169	5524	0.0465185
3066	5525	0.052011
1449	5525	0.052011
161	5526	0.050921
4062	5526	0.050921
5525	5527	0.0466717
5526	5527	0.0466717
5527	5528	0.0442283
994	5528	0.0442283
5528	5529	0.0360921
2918	5529	0.0360921
162	5530	0.0733822
237	5530	0.0733822
2122	5531	0.0556272
1516	5531	0.0556272
2035	5532	0.0455056
288	5532	0.0455056
1915	5533	0.0444278
5532	5533	0.0444278
5533	5534	0.0418165
2421	5534	0.0418165
5534	5535	0.0383721
1990	5535	0.0383721
1286	5536	0.0587625
3468	5536	0.0587625
5536	5537	0.0495055
1868	5537	0.0495055
163	5538	0.0401936
2864	5538	0.0401936
4321	5539	0.0392192
5537	5539	0.0392192
5539	5540	0.0390163
5538	5540	0.0390163
1871	5541	0.0377673
5540	5541	0.0377673
5046	5542	0.06032
1770	5542	0.06032
896	5543	0.0535258
164	5543	0.0535258
5543	5544	0.0468703
487	5544	0.0468703
5544	5545	0.0467376
3844	5545	0.0467376
5545	5546	0.0447886
2579	5546	0.0447886
1265	5547	0.0466853
1264	5547	0.0466853
5547	5548	0.0429989
2089	5548	0.0429989
3794	5549	0.0448947
1164	5549	0.0448947
1881	5550	0.241678
1880	5550	0.241678
5550	5551	0.116923
2467	5551	0.116923
1365	5552	0.0959773
5551	5552	0.0959773
3886	5553	0.062292
2446	5553	0.062292
5553	5554	0.0586112
1892	5554	0.0586112
2269	5555	0.0506926
3935	5555	0.0506926
5554	5556	0.049209
5555	5556	0.049209
5552	5557	0.0457765
1536	5557	0.0457765
5556	5557	0.0457765
5557	5558	0.0367964
809	5558	0.0367964
3937	5559	0.0452497
3414	5559	0.0452497
5558	5560	0.0358309
5559	5560	0.0358309
787	5561	0.146169
432	5561	0.146169
5561	5562	0.0791135
180	5562	0.0791135
2163	5563	0.0367085
895	5563	0.0367085
189	5564	0.0381009
3680	5564	0.0381009
5564	5565	0.036943
3390	5565	0.036943
2992	5566	0.0679204
190	5566	0.0679204
2463	5567	0.064873
5566	5567	0.064873
3314	5568	0.0636311
5567	5568	0.0636311
5568	5569	0.0588198
1396	5569	0.0588198
1170	5570	0.0554192
5569	5570	0.0554192
5570	5571	0.0546787
2465	5571	0.0546787
5571	5572	0.0544351
2243	5572	0.0544351
4390	5573	0.0543086
5572	5573	0.0543086
5573	5574	0.0437277
4987	5574	0.0437277
3543	5575	0.0480504
1898	5575	0.0480504
4295	5576	0.0615803
198	5576	0.0615803
1048	5577	0.201802
1796	5577	0.201802
5577	5578	0.107718
3633	5578	0.107718
5578	5579	0.0791581
574	5579	0.0791581
5579	5580	0.0582221
3987	5580	0.0582221
5580	5581	0.039357
2723	5581	0.039357
2634	5582	0.102186
3232	5582	0.102186
5582	5583	0.0906153
3484	5583	0.0906153
3848	5584	0.0695909
3185	5584	0.0695909
5583	5585	0.0621134
2803	5585	0.0621134
3769	5586	0.0584809
5585	5586	0.0584809
3491	5587	0.0582065
5586	5587	0.0582065
3758	5588	0.0429139
3720	5588	0.0429139
752	5589	0.0401333
5588	5589	0.0401333
5589	5590	0.0375926
2755	5590	0.0375926
5584	5591	0.0348698
5590	5591	0.0348698
5587	5592	0.034489
5591	5592	0.034489
4226	5593	0.0487939
1416	5593	0.0487939
5037	5594	0.101309
3995	5594	0.101309
2694	5595	0.0675651
1277	5595	0.0675651
230	5596	0.0415854
2395	5596	0.0415854
4668	5597	0.0353214
653	5597	0.0353214
4627	5598	0.0387308
2199	5598	0.0387308
379	5599	0.0348581
1724	5599	0.0348581
3877	5600	0.0427599
1811	5600	0.0427599
5600	5601	0.0412151
242	5601	0.0412151
726	5602	0.0847098
1464	5602	0.0847098
5602	5603	0.0365365
1427	5603	0.0365365
1272	5604	0.0365014
5603	5604	0.0365014
3323	5605	0.0700788
3268	5605	0.0700788
899	5606	0.069618
5605	5606	0.069618
4465	5607	0.0633793
959	5607	0.0633793
3291	5608	0.0591271
5607	5608	0.0591271
5606	5609	0.0535731
4923	5609	0.0535731
4001	5610	0.0443424
2208	5610	0.0443424
2406	5611	0.0484576
1929	5611	0.0484576
5611	5612	0.042748
2085	5612	0.042748
5610	5613	0.0426244
5612	5613	0.0426244
5609	5614	0.0379969
5613	5614	0.0379969
249	5615	0.0351824
5614	5615	0.0351824
5608	5616	0.0350114
5615	5616	0.0350114
2645	5617	0.0807127
264	5617	0.0807127
2046	5618	0.0574243
405	5618	0.0574243
540	5619	0.0496813
266	5619	0.0496813
694	5620	0.0451148
5619	5620	0.0451148
5618	5621	0.0426786
5620	5621	0.0426786
1275	5622	0.0422247
5621	5622	0.0422247
3246	5623	0.0398838
5622	5623	0.0398838
372	5624	0.0605584
3721	5624	0.0605584
1657	5625	0.0785528
2691	5625	0.0785528
5625	5626	0.0592225
3258	5626	0.0592225
275	5627	0.0370709
4748	5627	0.0370709
278	5628	0.0366527
1425	5628	0.0366527
3234	5629	0.0505369
3616	5629	0.0505369
5629	5630	0.0401123
2318	5630	0.0401123
1680	5631	0.0392704
5630	5631	0.0392704
2365	5632	0.0488736
305	5632	0.0488736
311	5633	0.0533067
3415	5633	0.0533067
1581	5634	0.0512367
5633	5634	0.0512367
538	5635	0.797761
2895	5635	0.797761
5635	5636	0.232402
3131	5636	0.232402
3075	5637	0.115718
316	5637	0.115718
5637	5638	0.0826937
1504	5638	0.0826937
320	5639	0.0587127
735	5639	0.0587127
4107	5640	0.0715819
4885	5640	0.0715819
5640	5641	0.0509126
1281	5641	0.0509126
5641	5642	0.0488799
2507	5642	0.0488799
923	5643	0.0351882
5642	5643	0.0351882
5643	5644	0.034915
2387	5644	0.034915
326	5645	0.110129
2289	5645	0.110129
5645	5646	0.0678672
4014	5646	0.0678672
5646	5647	0.0575926
3556	5647	0.0575926
3625	5648	0.0690935
3473	5648	0.0690935
658	5649	0.0668137
5648	5649	0.0668137
5649	5650	0.0487451
1394	5650	0.0487451
4594	5651	0.0483049
5650	5651	0.0483049
5651	5652	0.0479946
1518	5652	0.0479946
5652	5653	0.036111
4130	5653	0.036111
2636	5654	0.0999083
784	5654	0.0999083
5654	5655	0.0853558
1805	5655	0.0853558
5655	5656	0.0779891
2143	5656	0.0779891
344	5657	0.0601418
5656	5657	0.0601418
3222	5658	0.0595084
5657	5658	0.0595084
5658	5659	0.0575035
545	5659	0.0575035
5659	5660	0.0522993
779	5660	0.0522993
5660	5661	0.0392376
775	5661	0.0392376
5661	5662	0.0390556
1561	5662	0.0390556
5662	5663	0.0360171
825	5663	0.0360171
4894	5664	0.0390327
969	5664	0.0390327
3973	5665	0.0354344
5664	5665	0.0354344
3319	5666	0.0452402
2663	5666	0.0452402
2760	5667	0.0402262
1352	5667	0.0402262
2987	5668	0.0643368
3924	5668	0.0643368
5668	5669	0.0513374
1354	5669	0.0513374
4661	5670	0.0513695
676	5670	0.0513695
3628	5671	0.0500612
5670	5671	0.0500612
5669	5672	0.0499546
1517	5672	0.0499546
2675	5672	0.0499546
431	5672	0.0499546
5671	5673	0.0428383
1557	5673	0.0428383
2774	5674	0.0426816
5672	5674	0.0426816
3802	5675	0.039306
5674	5675	0.039306
5673	5676	0.0388401
5675	5676	0.0388401
1785	5677	0.13247
4424	5677	0.13247
5677	5678	0.111075
356	5678	0.111075
357	5679	0.146072
1366	5679	0.146072
3395	5680	0.133272
971	5680	0.133272
5679	5681	0.127546
5680	5681	0.127546
3220	5682	0.101298
5681	5682	0.101298
5682	5683	0.0438963
813	5683	0.0438963
2913	5684	0.046256
381	5684	0.046256
2863	5685	0.041389
3672	5685	0.041389
5684	5686	0.0413352
5685	5686	0.0413352
2927	5687	0.136284
3524	5687	0.136284
5687	5688	0.075866
3087	5688	0.075866
5688	5689	0.0509742
1181	5689	0.0509742
5689	5690	0.0455385
3831	5690	0.0455385
368	5691	0.112442
1387	5691	0.112442
1841	5692	0.042402
1850	5692	0.042402
5692	5693	0.0370923
3834	5693	0.0370923
5693	5694	0.0360348
387	5694	0.0360348
402	5695	0.15287
562	5695	0.15287
4459	5695	0.15287
4250	5696	0.115064
4752	5696	0.115064
3619	5697	0.0620571
3914	5697	0.0620571
3568	5698	0.0484232
1855	5698	0.0484232
2529	5699	0.0604028
5697	5699	0.0604028
5699	5700	0.0554653
644	5700	0.0554653
5696	5701	0.040824
5700	5701	0.040824
3358	5702	0.039443
5701	5702	0.039443
5698	5703	0.0366224
5702	5703	0.0366224
1545	5704	0.0353192
5703	5704	0.0353192
2607	5705	0.086403
3201	5705	0.086403
4526	5706	0.07064
4797	5706	0.07064
1331	5707	0.0770822
2399	5707	0.0770822
5705	5708	0.0642617
3766	5708	0.0642617
5708	5709	0.0441386
2798	5709	0.0441386
5707	5710	0.0440668
5709	5710	0.0440668
5706	5711	0.0487095
467	5711	0.0487095
3965	5712	0.0426489
5710	5712	0.0426489
5712	5713	0.0414052
5711	5713	0.0414052
3191	5714	0.0389468
5713	5714	0.0389468
2537	5715	0.0388216
5714	5715	0.0388216
5715	5716	0.0355804
3583	5716	0.0355804
4094	5717	0.196994
2237	5717	0.196994
5717	5718	0.159955
422	5718	0.159955
5718	5719	0.113011
1229	5719	0.113011
2975	5720	0.10773
2248	5720	0.10773
5719	5721	0.0997754
3055	5721	0.0997754
5721	5722	0.0478892
1475	5722	0.0478892
4999	5723	0.0503509
4108	5723	0.0503509
5720	5724	0.0459182
5723	5724	0.0459182
5724	5725	0.0403971
3083	5725	0.0403971
3094	5726	0.0374795
5725	5726	0.0374795
5722	5727	0.0363257
5726	5727	0.0363257
1126	5728	0.118901
2903	5728	0.118901
5728	5729	0.0988906
3732	5729	0.0988906
5729	5730	0.0988319
750	5730	0.0988319
2810	5731	0.0930058
5730	5731	0.0930058
3228	5732	0.068652
4106	5732	0.068652
5731	5733	0.0677786
5732	5733	0.0677786
1703	5734	0.0907193
753	5734	0.0907193
984	5735	0.0735268
3308	5735	0.0735268
2820	5736	0.0611715
1690	5736	0.0611715
2520	5737	0.106788
496	5737	0.106788
5737	5738	0.0932177
2032	5738	0.0932177
1103	5739	0.0863711
2041	5739	0.0863711
5739	5740	0.0587006
503	5740	0.0587006
5740	5741	0.0494358
1102	5741	0.0494358
2874	5742	0.0772107
1140	5742	0.0772107
4956	5743	0.0651851
4606	5743	0.0651851
3485	5744	0.0742719
5742	5744	0.0742719
5743	5745	0.057284
5744	5745	0.057284
514	5746	0.0546121
5745	5746	0.0546121
4863	5747	0.076041
2531	5747	0.076041
5747	5748	0.0684591
4435	5748	0.0684591
5748	5749	0.0641823
517	5749	0.0641823
3701	5750	0.0683212
836	5750	0.0683212
5750	5751	0.0643269
524	5751	0.0643269
4633	5752	0.076624
3640	5752	0.076624
5752	5753	0.0580786
2298	5753	0.0580786
5751	5754	0.0519693
4235	5754	0.0519693
5753	5755	0.0487347
5754	5755	0.0487347
3962	5756	0.0438572
5755	5756	0.0438572
5756	5757	0.0427079
2374	5757	0.0427079
5757	5758	0.0352284
4641	5758	0.0352284
530	5759	0.0370177
3032	5759	0.0370177
2738	5760	0.129678
821	5760	0.129678
5760	5761	0.0464447
543	5761	0.0464447
5761	5762	0.0417358
2608	5762	0.0417358
3175	5763	0.369875
1414	5763	0.369875
5763	5764	0.0806573
4788	5764	0.0806573
859	5765	0.0716465
5764	5765	0.0716465
2423	5766	0.0690514
5765	5766	0.0690514
2606	5767	0.0498265
5766	5767	0.0498265
2251	5767	0.0498265
4613	5768	0.075964
547	5768	0.075964
2381	5769	0.042554
5768	5769	0.042554
1913	5770	0.0505612
3420	5770	0.0505612
5770	5771	0.0358992
2390	5771	0.0358992
5769	5772	0.0353141
5771	5772	0.0353141
4705	5773	0.0635675
3707	5773	0.0635675
5773	5774	0.051109
2949	5774	0.051109
5774	5775	0.050853
4979	5775	0.050853
3731	5776	0.055272
4678	5776	0.055272
5776	5777	0.0439588
3593	5777	0.0439588
4285	5778	0.0369638
564	5778	0.0369638
2123	5779	0.0412279
3149	5779	0.0412279
2038	5780	0.035335
4569	5780	0.035335
2023	5781	0.0903796
1597	5781	0.0903796
5781	5782	0.0874134
596	5782	0.0874134
5782	5783	0.0615507
2678	5783	0.0615507
5783	5784	0.0595402
3197	5784	0.0595402
5784	5785	0.0580847
1572	5785	0.0580847
5785	5786	0.0459376
3756	5786	0.0459376
3240	5787	0.117642
3432	5787	0.117642
4366	5788	0.0681486
1741	5788	0.0681486
5788	5789	0.0619944
3419	5789	0.0619944
4505	5790	0.142991
4031	5790	0.142991
5790	5791	0.0784275
2598	5791	0.0784275
2307	5792	0.0636448
5791	5792	0.0636448
3417	5793	0.164898
614	5793	0.164898
1956	5794	0.0508982
621	5794	0.0508982
3347	5795	0.0371325
5794	5795	0.0371325
625	5796	0.093019
1377	5796	0.093019
5796	5797	0.0686363
3602	5797	0.0686363
3800	5798	0.0484689
5797	5798	0.0484689
627	5799	0.0618346
4165	5799	0.0618346
1109	5800	0.0403557
4039	5800	0.0403557
5800	5801	0.0367325
4154	5801	0.0367325
4789	5802	0.0384822
4902	5802	0.0384822
1999	5803	0.110268
637	5803	0.110268
666	5804	0.0485226
3630	5804	0.0485226
2016	5805	0.0450318
5804	5805	0.0450318
4312	5806	0.0349739
5805	5806	0.0349739
679	5807	0.0932412
2854	5807	0.0932412
5807	5808	0.0673318
4189	5808	0.0673318
5808	5809	0.0581477
1374	5809	0.0581477
3316	5810	0.0463407
5809	5810	0.0463407
4007	5811	0.0671377
3367	5811	0.0671377
1833	5812	0.140984
3510	5812	0.140984
695	5813	0.0443038
5812	5813	0.0443038
5813	5814	0.0391047
2494	5814	0.0391047
5814	5815	0.0372647
992	5815	0.0372647
5815	5816	0.0364432
2202	5816	0.0364432
4659	5817	0.400783
1642	5817	0.400783
4780	5818	0.101708
3644	5818	0.101708
5818	5819	0.0847399
929	5819	0.0847399
5817	5820	0.0373571
5819	5820	0.0373571
3311	5821	0.0346149
707	5821	0.0346149
5821	5822	0.0344631
4010	5822	0.0344631
906	5823	0.0850527
713	5823	0.0850527
2630	5824	0.0824723
5823	5824	0.0824723
2562	5825	0.199464
4405	5825	0.199464
1790	5826	0.0509786
719	5826	0.0509786
1307	5827	0.041766
738	5827	0.041766
5826	5828	0.0461786
1759	5828	0.0461786
5827	5829	0.0403771
5828	5829	0.0403771
5829	5830	0.0384951
1224	5830	0.0384951
723	5831	0.113898
2651	5831	0.113898
1537	5832	0.0537592
1794	5832	0.0537592
3068	5833	0.048083
5832	5833	0.048083
5833	5834	0.0435809
1954	5834	0.0435809
4460	5835	0.0418065
5834	5835	0.0418065
5831	5836	0.0384167
3845	5836	0.0384167
1324	5837	0.0378552
5836	5837	0.0378552
5835	5838	0.0354813
5837	5838	0.0354813
2829	5839	0.0353968
5838	5839	0.0353968
3578	5840	0.138941
4464	5840	0.138941
742	5841	0.105937
5840	5841	0.105937
5841	5842	0.0347979
3702	5842	0.0347979
3970	5843	0.112918
1582	5843	0.112918
5843	5844	0.0553777
3161	5844	0.0553777
3170	5845	0.0350184
1961	5845	0.0350184
758	5846	0.0345146
2246	5846	0.0345146
2900	5847	0.0413031
4203	5847	0.0413031
2210	5848	0.0733635
4764	5848	0.0733635
4345	5849	0.035407
3027	5849	0.035407
829	5850	0.0588553
4091	5850	0.0588553
4020	5851	0.0529522
2277	5851	0.0529522
3184	5852	0.066726
4695	5852	0.066726
5852	5853	0.0426738
833	5853	0.0426738
1821	5854	0.0708095
4785	5854	0.0708095
4787	5855	0.1093
4822	5855	0.1093
5855	5856	0.108753
1835	5856	0.108753
5856	5857	0.0375731
845	5857	0.0375731
4481	5858	0.0359611
853	5858	0.0359611
854	5859	0.0382344
1343	5859	0.0382344
2648	5860	0.10746
4240	5860	0.10746
897	5861	0.0345522
4938	5861	0.0345522
3827	5862	0.16309
3041	5862	0.16309
1636	5863	0.112227
1950	5863	0.112227
5863	5864	0.083394
4504	5864	0.083394
5862	5865	0.0600701
901	5865	0.0600701
3765	5866	0.0789205
5864	5866	0.0789205
4638	5867	0.0610732
5866	5867	0.0610732
4352	5868	0.0575887
5865	5868	0.0575887
5868	5869	0.0569163
2554	5869	0.0569163
5869	5870	0.0523694
3913	5870	0.0523694
5870	5871	0.051671
909	5871	0.051671
5867	5872	0.0450226
5871	5872	0.0450226
943	5873	0.0368592
4733	5873	0.0368592
4115	5874	0.035726
5873	5874	0.035726
5874	5875	0.0350415
904	5875	0.0350415
3573	5876	0.113589
920	5876	0.113589
5876	5877	0.0660268
1423	5877	0.0660268
5877	5878	0.0654352
921	5878	0.0654352
4786	5879	0.0586775
5878	5879	0.0586775
5879	5880	0.0402646
3729	5880	0.0402646
5880	5881	0.0396751
1503	5881	0.0396751
3865	5882	0.0358144
5881	5882	0.0358144
2448	5883	0.200215
927	5883	0.200215
2655	5884	0.0547326
3007	5884	0.0547326
1437	5885	0.0558568
4289	5885	0.0558568
2198	5886	0.0392241
1344	5886	0.0392241
961	5887	0.0352315
5886	5887	0.0352315
980	5888	0.218218
2292	5888	0.218218
5045	5889	0.145835
983	5889	0.145835
5030	5890	0.136328
4803	5890	0.136328
5890	5891	0.0378621
989	5891	0.0378621
2826	5892	0.0407854
1031	5892	0.0407854
1039	5893	0.038148
2613	5893	0.038148
2526	5894	0.0508445
1041	5894	0.0508445
1076	5895	0.0389336
4382	5895	0.0389336
3359	5896	0.0352607
2837	5896	0.0352607
4134	5897	0.0460111
1154	5897	0.0460111
5897	5898	0.0428103
5050	5898	0.0428103
1840	5899	0.0430525
1197	5899	0.0430525
3026	5900	0.0587094
3346	5900	0.0587094
5900	5901	0.0479164
1226	5901	0.0479164
4719	5902	0.0348084
5901	5902	0.0348084
4228	5903	0.0374209
1421	5903	0.0374209
5903	5904	0.0368078
1228	5904	0.0368078
1775	5905	0.0345553
5904	5905	0.0345553
2412	5906	0.124076
4545	5906	0.124076
1259	5907	0.0427491
2068	5907	0.0427491
1270	5908	0.0394606
1819	5908	0.0394606
5908	5909	0.0368737
1640	5909	0.0368737
5909	5910	0.0350813
1340	5910	0.0350813
1375	5911	0.0607555
1283	5911	0.0607555
3733	5912	0.0533264
5911	5912	0.0533264
1380	5913	0.0374935
4576	5913	0.0374935
1448	5914	0.0445251
3918	5914	0.0445251
3903	5915	0.157336
1465	5915	0.157336
1489	5916	0.0829829
4437	5916	0.0829829
5039	5917	0.0356449
1596	5917	0.0356449
3211	5918	0.109446
2860	5918	0.109446
5918	5919	0.0431652
2386	5919	0.0431652
1778	5920	0.0900191
4842	5920	0.0900191
3364	5921	0.0368158
4055	5921	0.0368158
2899	5922	0.0364488
1860	5922	0.0364488
4099	5923	0.0615259
2457	5923	0.0615259
4944	5924	0.0554763
5923	5924	0.0554763
1935	5925	0.040103
3389	5925	0.040103
2164	5926	0.0655493
3140	5926	0.0655493
4181	5927	0.0446988
4672	5927	0.0446988
2141	5928	0.0414477
1992	5928	0.0414477
5928	5929	0.0402076
3262	5929	0.0402076
3534	5930	0.0880459
4016	5930	0.0880459
5930	5931	0.038819
2007	5931	0.038819
3826	5932	0.0743728
5044	5932	0.0743728
2942	5933	0.0392813
2380	5933	0.0392813
5933	5934	0.0392687
2846	5934	0.0392687
2734	5935	0.153336
4801	5935	0.153336
2808	5936	0.130168
5935	5936	0.130168
4408	5937	0.0464096
2756	5937	0.0464096
4960	5938	0.132181
4955	5938	0.132181
4843	5939	0.128013
5938	5939	0.128013
5535	5940	0.0312573
3237	5940	0.0312573
5291	5941	0.0303103
5940	5941	0.0303103
5941	5942	0.0295098
5749	5942	0.0295098
692	5943	0.0290618
5942	5943	0.0290618
5310	5944	0.0335737
2121	5944	0.0335737
5944	5945	0.0310771
4548	5945	0.0310771
2119	5946	0.0306237
5945	5946	0.0306237
5946	5947	0.0305247
40	5947	0.0305247
4782	5948	0.0291638
5947	5948	0.0291638
510	5949	0.0291254
5948	5949	0.0291254
3881	5950	0.0316315
365	5950	0.0316315
5258	5951	0.02651
5541	5951	0.02651
5943	5952	0.0255079
5951	5952	0.0255079
5531	5953	0.0252947
5952	5953	0.0252947
955	5954	0.0251897
5953	5954	0.0251897
5949	5955	0.0256118
303	5955	0.0256118
5690	5956	0.025762
5950	5956	0.025762
5956	5957	0.0238599
5954	5957	0.0238599
1301	5958	0.0236185
5957	5958	0.0236185
5955	5959	0.0240116
1867	5959	0.0240116
2466	5960	0.0234203
5958	5960	0.0234203
263	5961	0.0234145
5960	5961	0.0234145
5961	5962	0.0233233
5959	5962	0.0233233
5598	5963	0.0284384
4450	5963	0.0284384
4849	5964	0.0263233
5963	5964	0.0263233
5597	5965	0.0260597
5964	5965	0.0260597
3188	5966	0.0328289
382	5966	0.0328289
5885	5967	0.0308678
5887	5967	0.0308678
5967	5968	0.0271434
3117	5968	0.0271434
5902	5969	0.0317303
1262	5969	0.0317303
5623	5970	0.0316658
2745	5970	0.0316658
711	5971	0.0292225
4968	5971	0.0292225
5970	5972	0.0289592
5971	5972	0.0289592
5888	5973	0.0270559
5972	5973	0.0270559
2627	5974	0.0262819
3253	5974	0.0262819
5973	5975	0.026222
5974	5975	0.026222
5906	5976	0.0245748
1245	5976	0.0245748
5975	5977	0.0241429
5976	5977	0.0241429
490	5978	0.0291813
2956	5978	0.0291813
5792	5979	0.0328366
5793	5979	0.0328366
5786	5980	0.0290508
3847	5980	0.0290508
2482	5981	0.0316604
2686	5981	0.0316604
366	5982	0.0308314
5981	5982	0.0308314
2011	5983	0.0305566
5982	5983	0.0305566
3459	5984	0.0338982
4634	5984	0.0338982
1934	5985	0.0305263
5983	5985	0.0305263
1751	5986	0.0304969
5985	5986	0.0304969
2370	5987	0.0302517
5984	5987	0.0302517
5986	5988	0.0301226
5987	5988	0.0301226
5884	5989	0.0237082
960	5989	0.0237082
4650	5990	0.0256778
4898	5990	0.0256778
4694	5991	0.0312031
841	5991	0.0312031
5854	5992	0.0284514
5991	5992	0.0284514
5653	5993	0.0274556
5992	5993	0.0274556
5003	5994	0.0250762
5993	5994	0.0250762
622	5995	0.031834
5896	5995	0.031834
5363	5996	0.0299503
1150	5996	0.0299503
5638	5997	0.0322379
5846	5997	0.0322379
5259	5998	0.0332151
5806	5998	0.0332151
2915	5999	0.0326237
5875	5999	0.0326237
5999	6000	0.0319452
4017	6000	0.0319452
5998	6001	0.03194
6000	6001	0.03194
5716	6002	0.032957
2384	6002	0.032957
5704	6003	0.034109
419	6003	0.034109
6002	6004	0.0328741
6003	6004	0.0328741
82	6005	0.0328386
6004	6005	0.0328386
6005	6006	0.031592
4183	6006	0.031592
5287	6007	0.0327539
2177	6007	0.0327539
6007	6008	0.0316979
4155	6008	0.0316979
3097	6009	0.0315708
6008	6009	0.0315708
9	6010	0.0329325
5359	6010	0.0329325
1592	6011	0.0321712
6010	6011	0.0321712
1726	6012	0.0332485
5403	6012	0.0332485
5358	6013	0.0320969
6012	6013	0.0320969
6013	6014	0.0317897
6011	6014	0.0317897
5576	6015	0.0339558
5676	6015	0.0339558
5667	6016	0.0328458
6015	6016	0.0328458
5331	6017	0.0324086
6016	6017	0.0324086
2831	6018	0.0326602
2330	6018	0.0326602
6017	6019	0.0322419
6018	6019	0.0322419
5847	6020	0.034273
2815	6020	0.034273
5469	6021	0.0333286
6020	6021	0.0333286
2558	6022	0.0333255
6021	6022	0.0333255
6022	6023	0.0320976
5845	6023	0.0320976
5529	6024	0.0334105
3418	6024	0.0334105
5476	6025	0.032351
3519	6025	0.032351
6025	6026	0.0317547
3894	6026	0.0317547
5596	6027	0.0321875
759	6027	0.0321875
5931	6028	0.0335491
2261	6028	0.0335491
5631	6029	0.0327857
6028	6029	0.0327857
2688	6030	0.0326272
6029	6030	0.0326272
5789	6031	0.0342605
2752	6031	0.0342605
5910	6032	0.0326814
1360	6032	0.0326814
6031	6033	0.0324537
1348	6033	0.0324537
6032	6033	0.0324537
4734	6034	0.0303745
6001	6034	0.0303745
5522	6035	0.0314618
6027	6035	0.0314618
2685	6036	0.0312875
6035	6036	0.0312875
6006	6037	0.0305218
6036	6037	0.0305218
3452	6038	0.031135
6014	6038	0.031135
6023	6039	0.0315112
5925	6039	0.0315112
6039	6040	0.0314423
734	6040	0.0314423
6040	6041	0.0311612
4743	6041	0.0311612
2674	6042	0.0309585
6038	6042	0.0309585
6042	6043	0.0308281
6041	6043	0.0308281
6043	6044	0.0306165
963	6044	0.0306165
6033	6045	0.0306075
606	6045	0.0306075
6019	6046	0.0303408
6045	6046	0.0303408
1730	6047	0.0306279
6026	6047	0.0306279
1681	6048	0.0309605
1549	6048	0.0309605
6047	6049	0.0301863
6048	6049	0.0301863
4457	6050	0.0312024
1179	6050	0.0312024
6046	6051	0.0298948
6050	6051	0.0298948
6037	6052	0.0298214
6044	6052	0.0298214
6051	6052	0.0298214
5905	6052	0.0298214
6052	6053	0.0294786
797	6053	0.0294786
6053	6054	0.0293208
5601	6054	0.0293208
6054	6055	0.0292847
4073	6055	0.0292847
1851	6056	0.0290328
6055	6056	0.0290328
6034	6057	0.0294835
6009	6057	0.0294835
6057	6058	0.0293446
2415	6058	0.0293446
6058	6059	0.0291869
3667	6059	0.0291869
6049	6060	0.0293151
4918	6060	0.0293151
6030	6061	0.0288015
6056	6061	0.0288015
6059	6062	0.0286482
5034	6062	0.0286482
6061	6063	0.0284563
6062	6063	0.0284563
6060	6064	0.0286731
2886	6064	0.0286731
5498	6065	0.0285071
687	6065	0.0285071
6063	6066	0.0283896
6064	6066	0.0283896
6024	6067	0.0281643
6066	6067	0.0281643
6067	6068	0.0280624
6065	6068	0.0280624
6068	6069	0.0279976
2535	6069	0.0279976
5292	6070	0.033643
5299	6070	0.033643
87	6071	0.0319172
1815	6071	0.0319172
6071	6072	0.0303133
4058	6072	0.0303133
6072	6073	0.0296764
3824	6073	0.0296764
589	6074	0.0335411
2157	6074	0.0335411
6074	6075	0.0314094
1087	6075	0.0314094
798	6076	0.0284042
6075	6076	0.0284042
5306	6077	0.0333595
4877	6077	0.0333595
1948	6077	0.0333595
6077	6078	0.0300658
4283	6078	0.0300658
3563	6079	0.029651
6078	6079	0.029651
2464	6080	0.0291014
6079	6080	0.0291014
5313	6081	0.0341761
4798	6081	0.0341761
1633	6082	0.0315455
3698	6082	0.0315455
5319	6083	0.0308801
6082	6083	0.0308801
5324	6084	0.032567
1096	6084	0.032567
6084	6085	0.0310824
1034	6085	0.0310824
4340	6086	0.0330239
5429	6086	0.0330239
6086	6087	0.0309561
3792	6087	0.0309561
6087	6088	0.0307243
677	6088	0.0307243
5839	6089	0.0304529
6088	6089	0.0304529
5405	6090	0.031357
5432	6090	0.031357
1284	6091	0.0340355
5442	6091	0.0340355
6091	6092	0.0336208
2714	6092	0.0336208
6092	6093	0.0335617
2935	6093	0.0335617
4167	6094	0.032751
6093	6094	0.032751
2934	6095	0.0316715
6094	6095	0.0316715
4197	6096	0.0323856
4335	6096	0.0323856
256	6097	0.031735
2244	6097	0.031735
6089	6098	0.0299757
3941	6098	0.0299757
2179	6099	0.0294185
6098	6099	0.0294185
4422	6100	0.0302325
6095	6100	0.0302325
870	6101	0.0301516
6100	6101	0.0301516
6090	6102	0.0303213
6096	6102	0.0303213
3332	6103	0.0293072
6101	6103	0.0293072
6099	6104	0.0290079
6102	6104	0.0290079
6103	6105	0.0289011
6104	6105	0.0289011
5917	6106	0.0288965
6105	6106	0.0288965
6106	6107	0.0287629
3852	6107	0.0287629
3011	6108	0.0287448
6107	6108	0.0287448
6108	6109	0.0286398
1535	6109	0.0286398
3078	6109	0.0286398
261	6110	0.0285643
6109	6110	0.0285643
532	6111	0.0284432
3815	6111	0.0284432
2048	6112	0.0284207
6110	6112	0.0284207
2033	6113	0.0283579
6111	6113	0.0283579
268	6114	0.0282628
6113	6114	0.0282628
6112	6115	0.0282258
6114	6115	0.0282258
6115	6116	0.0280647
6097	6116	0.0280647
2325	6117	0.031015
5524	6117	0.031015
6117	6118	0.0299456
894	6118	0.0299456
5632	6119	0.0336891
3045	6119	0.0336891
6119	6120	0.0325501
5849	6120	0.0325501
5562	6121	0.0323411
6120	6121	0.0323411
925	6122	0.0315793
6121	6122	0.0315793
818	6123	0.0307208
6122	6123	0.0307208
5898	6124	0.0322017
4527	6124	0.0322017
1153	6125	0.0296131
6123	6125	0.0296131
2807	6126	0.0291823
6125	6126	0.0291823
6124	6127	0.0291268
1256	6127	0.0291268
6126	6128	0.0286318
5816	6128	0.0286318
6128	6129	0.028398
6127	6129	0.028398
5683	6130	0.0281516
6129	6130	0.0281516
5581	6131	0.0309504
2940	6131	0.0309504
1897	6132	0.030229
513	6132	0.030229
6131	6133	0.0301692
6132	6133	0.0301692
5857	6134	0.02989
5893	6134	0.02989
6133	6135	0.02956
6134	6135	0.02956
4873	6136	0.0289583
6135	6136	0.0289583
78	6137	0.0342158
5592	6137	0.0342158
6137	6138	0.0337671
4439	6138	0.0337671
6138	6139	0.0303781
1312	6139	0.0303781
6139	6140	0.0296298
203	6140	0.0296298
6140	6141	0.0283765
1158	6141	0.0283765
1466	6142	0.0285896
1056	6142	0.0285896
88	6143	0.030465
1135	6143	0.030465
5347	6144	0.0332505
2889	6144	0.0332505
5337	6145	0.0325638
6144	6145	0.0325638
6145	6146	0.0305253
933	6146	0.0305253
434	6147	0.0301283
6146	6147	0.0301283
5357	6148	0.0308615
3392	6148	0.0308615
6148	6149	0.0303306
873	6149	0.0303306
1722	6150	0.0337565
4630	6150	0.0337565
4152	6151	0.0329523
6150	6151	0.0329523
111	6152	0.0327243
6151	6152	0.0327243
5560	6153	0.033492
5853	6153	0.033492
6153	6154	0.031133
1590	6154	0.031133
3869	6154	0.031133
2719	6155	0.0313152
2352	6155	0.0313152
5851	6156	0.0304347
6154	6156	0.0304347
6156	6157	0.0286999
6155	6157	0.0286999
5563	6158	0.0337045
3355	6158	0.0337045
1719	6159	0.032928
5616	6159	0.032928
6159	6160	0.0307565
191	6160	0.0307565
376	6161	0.0291505
6160	6161	0.0291505
5575	6162	0.0289972
6161	6162	0.0289972
5595	6163	0.0323163
2786	6163	0.0323163
3013	6164	0.0320881
1834	6164	0.0320881
5665	6165	0.0323993
1707	6165	0.0323993
6165	6166	0.0310111
4760	6166	0.0310111
6164	6167	0.0297489
6166	6167	0.0297489
5695	6168	0.0282221
1701	6168	0.0282221
1539	6169	0.0333929
4349	6169	0.0333929
6169	6170	0.0314094
3527	6170	0.0314094
5802	6171	0.0326806
635	6171	0.0326806
5820	6172	0.033146
5822	6172	0.033146
5883	6173	0.0296591
1255	6173	0.0296591
6172	6174	0.0292055
6173	6174	0.0292055
930	6175	0.0342705
4078	6175	0.0342705
2621	6176	0.0300945
1628	6176	0.0300945
1191	6177	0.0286237
6176	6177	0.0286237
1342	6178	0.0302424
1482	6178	0.0302424
1478	6179	0.0284268
1370	6179	0.0284268
5915	6180	0.0291653
2149	6180	0.0291653
2855	6181	0.029829
1686	6181	0.029829
3067	6182	0.0294205
6181	6182	0.0294205
5919	6183	0.0280768
2499	6183	0.0280768
3981	6184	0.028106
4862	6184	0.028106
4546	6185	0.0307489
4182	6185	0.0307489
3091	6186	0.0276869
70	6186	0.0276869
1235	6187	0.0275246
6186	6187	0.0275246
3767	6188	0.0268086
6178	6188	0.0268086
5574	6189	0.0267847
6188	6189	0.0267847
6142	6190	0.0276782
2508	6190	0.0276782
6190	6191	0.0274126
1192	6191	0.0274126
6189	6192	0.0263483
6191	6192	0.0263483
6081	6193	0.0260241
6192	6193	0.0260241
6193	6194	0.0258969
1009	6194	0.0258969
3750	6195	0.025568
6194	6195	0.025568
182	6196	0.0251789
6195	6196	0.0251789
6069	6197	0.0279031
3804	6197	0.0279031
6197	6198	0.0278867
849	6198	0.0278867
1050	6199	0.0277974
6198	6199	0.0277974
5599	6200	0.0277684
6199	6200	0.0277684
6200	6201	0.027292
3565	6201	0.027292
257	6202	0.0277005
6143	6202	0.0277005
6201	6203	0.0271006
147	6203	0.0271006
6203	6204	0.0270092
6202	6204	0.0270092
2020	6205	0.0267635
6204	6205	0.0267635
3642	6206	0.0267322
6205	6206	0.0267322
6206	6207	0.0266008
3107	6207	0.0266008
6207	6208	0.0264868
1157	6208	0.0264868
6208	6209	0.0264233
1595	6209	0.0264233
1891	6210	0.0263228
6209	6210	0.0263228
6210	6211	0.0261089
974	6211	0.0261089
3506	6212	0.0260781
6211	6212	0.0260781
6080	6213	0.0275696
2115	6213	0.0275696
6076	6214	0.0270159
6213	6214	0.0270159
6073	6215	0.0265622
6214	6215	0.0265622
6085	6216	0.0261243
3988	6216	0.0261243
4297	6217	0.0276008
6147	6217	0.0276008
6217	6218	0.0267475
2713	6218	0.0267475
6162	6219	0.0270742
404	6219	0.0270742
5920	6220	0.0275531
3972	6220	0.0275531
6167	6221	0.0276631
4836	6221	0.0276631
6220	6222	0.0265361
4610	6222	0.0265361
6222	6223	0.0261335
6221	6223	0.0261335
4380	6224	0.0278823
6179	6224	0.0278823
5798	6225	0.0265019
4415	6225	0.0265019
6175	6226	0.0276919
5899	6226	0.0276919
6182	6227	0.02786
2728	6227	0.02786
2625	6228	0.0261328
4140	6228	0.0261328
6227	6228	0.0261328
5996	6229	0.0260368
6212	6229	0.0260368
6229	6230	0.0260253
8	6230	0.0260253
6230	6231	0.0260029
6226	6231	0.0260029
6231	6232	0.0259531
6223	6232	0.0259531
6232	6233	0.0259323
4910	6233	0.0259323
2008	6234	0.025895
6233	6234	0.025895
6234	6235	0.0258917
2585	6235	0.0258917
1753	6236	0.0258877
6235	6236	0.0258877
6236	6237	0.0257243
5514	6237	0.0257243
6237	6238	0.0256473
6228	6238	0.0256473
6238	6239	0.0256216
4025	6239	0.0256216
839	6240	0.0256164
6239	6240	0.0256164
5803	6241	0.0258742
6215	6241	0.0258742
6216	6242	0.025913
6184	6242	0.025913
1208	6243	0.0255811
6240	6243	0.0255811
6243	6244	0.0255449
6168	6244	0.0255449
6158	6245	0.0254926
6244	6245	0.0254926
6241	6245	0.0254926
6218	6245	0.0254926
185	6245	0.0254926
6245	6246	0.0254899
6219	6246	0.0254899
6224	6247	0.0254855
6246	6247	0.0254855
1912	6248	0.0254686
6247	6248	0.0254686
6248	6249	0.0254611
486	6249	0.0254611
6083	6250	0.0254028
815	6250	0.0254028
5799	6251	0.0253858
6249	6251	0.0253858
6251	6252	0.0253699
260	6252	0.0253699
2282	6253	0.0253384
6242	6253	0.0253384
2430	6254	0.0253348
6252	6254	0.0253348
6254	6255	0.0251352
6250	6255	0.0251352
6253	6255	0.0251352
6225	6255	0.0251352
5811	6256	0.0251168
6255	6256	0.0251168
4253	6257	0.0259954
6171	6257	0.0259954
1221	6258	0.0279194
2497	6258	0.0279194
6070	6259	0.0264354
6258	6259	0.0264354
6259	6260	0.0258868
1718	6260	0.0258868
25	6261	0.0273427
1829	6261	0.0273427
2577	6262	0.0255352
6261	6262	0.0255352
6116	6263	0.0278663
317	6263	0.0278663
131	6264	0.0276928
6263	6264	0.0276928
6264	6265	0.0272432
6185	6265	0.0272432
6265	6266	0.0271589
6130	6266	0.0271589
3120	6267	0.0270838
6266	6267	0.0270838
6141	6268	0.0276114
3297	6268	0.0276114
5891	6269	0.0270015
6267	6269	0.0270015
4053	6270	0.0270329
6177	6270	0.0270329
2588	6271	0.0269452
6118	6271	0.0269452
6269	6271	0.0269452
6136	6271	0.0269452
6268	6271	0.0269452
6270	6271	0.0269452
3126	6272	0.0266437
6271	6272	0.0266437
6157	6273	0.0268556
1773	6273	0.0268556
6273	6274	0.0268453
4489	6274	0.0268453
5746	6275	0.0263935
6272	6275	0.0263935
202	6276	0.0263036
6275	6276	0.0263036
6276	6277	0.0257831
1584	6277	0.0257831
6277	6278	0.0257778
1022	6278	0.0257778
6278	6279	0.025574
1078	6279	0.025574
174	6280	0.0254926
6279	6280	0.0254926
6280	6281	0.0252684
6180	6281	0.0252684
3585	6282	0.0251768
6281	6282	0.0251768
4041	6283	0.0254642
6274	6283	0.0254642
6282	6284	0.0251373
6283	6284	0.0251373
6284	6285	0.025129
1357	6285	0.025129
5733	6286	0.0271718
6152	6286	0.0271718
6286	6287	0.0262092
6170	6287	0.0262092
6287	6288	0.0260111
4173	6288	0.0260111
1397	6289	0.0258814
2263	6289	0.0258814
400	6290	0.0256987
2000	6290	0.0256987
1029	6291	0.0275962
1108	6291	0.0275962
4161	6292	0.0267826
4179	6292	0.0267826
5636	6293	0.0249207
5997	6293	0.0249207
6256	6294	0.0251091
1000	6294	0.0251091
5634	6295	0.0251077
6294	6295	0.0251077
6295	6296	0.0250898
3693	6296	0.0250898
6296	6297	0.025079
3086	6297	0.025079
5334	6298	0.0250884
1564	6298	0.0250884
440	6299	0.0250195
6285	6299	0.0250195
6297	6300	0.0250145
6298	6300	0.0250145
6300	6301	0.0249909
6288	6301	0.0249909
4150	6301	0.0249909
6301	6302	0.0249728
6257	6302	0.0249728
5727	6302	0.0249728
6174	6302	0.0249728
6260	6302	0.0249728
6299	6302	0.0249728
6290	6302	0.0249728
6302	6303	0.0249162
4738	6303	0.0249162
6303	6304	0.0249047
6183	6304	0.0249047
6304	6305	0.0248728
4737	6305	0.0248728
2175	6306	0.0248414
6305	6306	0.0248414
6306	6307	0.0247812
1479	6307	0.0247812
5644	6308	0.0247245
6196	6308	0.0247245
6307	6308	0.0247245
1608	6308	0.0247245
656	6309	0.024689
6308	6309	0.024689
506	6310	0.0246772
6309	6310	0.0246772
2404	6311	0.0246455
6310	6311	0.0246455
6187	6312	0.0246444
6311	6312	0.0246444
1227	6313	0.0246344
6312	6313	0.0246344
1716	6314	0.0246321
6313	6314	0.0246321
6314	6315	0.0246285
6289	6315	0.0246285
6315	6316	0.0246193
175	6316	0.0246193
6316	6317	0.0246099
3960	6317	0.0246099
6317	6318	0.0245968
2541	6318	0.0245968
1639	6319	0.0245692
6318	6319	0.0245692
6319	6320	0.0245473
219	6320	0.0245473
6320	6321	0.0245303
5035	6321	0.0245303
3306	6322	0.0244998
6321	6322	0.0244998
3808	6323	0.0244772
6322	6323	0.0244772
6323	6324	0.0244761
1544	6324	0.0244761
6324	6325	0.024456
6292	6325	0.024456
1315	6326	0.024432
6325	6326	0.024432
6326	6327	0.0243231
2612	6327	0.0243231
6327	6328	0.0243009
871	6328	0.0243009
6293	6329	0.0242699
6328	6329	0.0242699
4098	6330	0.0242335
6329	6330	0.0242335
6330	6331	0.0242312
3577	6331	0.0242312
6331	6332	0.0241511
2037	6332	0.0241511
6332	6333	0.024132
1330	6333	0.024132
6333	6334	0.0241226
4906	6334	0.0241226
6334	6335	0.0240564
4542	6335	0.0240564
6335	6336	0.0240483
2354	6336	0.0240483
6262	6337	0.0245539
1852	6337	0.0245539
398	6338	0.0245793
3674	6338	0.0245793
2315	6339	0.0250491
2247	6339	0.0250491
6336	6340	0.024041
86	6340	0.024041
6340	6341	0.0240376
153	6341	0.0240376
6341	6342	0.0240289
1933	6342	0.0240289
3904	6343	0.0240099
6342	6343	0.0240099
6343	6344	0.0239661
407	6344	0.0239661
5995	6345	0.0239591
6344	6345	0.0239591
6345	6346	0.0239532
16	6346	0.0239532
5444	6346	0.0239532
3135	6346	0.0239532
112	6346	0.0239532
476	6347	0.0239398
6346	6347	0.0239398
6347	6348	0.0239356
4064	6348	0.0239356
4597	6349	0.0239129
6348	6349	0.0239129
5824	6350	0.023896
6349	6350	0.023896
6339	6350	0.023896
4261	6351	0.0238336
6350	6351	0.0238336
1294	6352	0.0238132
6351	6352	0.0238132
6352	6353	0.0238068
3375	6353	0.0238068
6353	6354	0.0237932
1460	6354	0.0237932
6354	6355	0.0237888
4652	6355	0.0237888
1337	6356	0.0237485
6355	6356	0.0237485
3302	6357	0.0237408
6356	6357	0.0237408
6357	6358	0.0236598
285	6358	0.0236598
6358	6359	0.0236528
1644	6359	0.0236528
6291	6360	0.0236501
6359	6360	0.0236501
6360	6361	0.0236063
5882	6361	0.0236063
2211	6361	0.0236063
3584	6361	0.0236063
1627	6361	0.0236063
5686	6362	0.0235742
6361	6362	0.0235742
3196	6363	0.023542
6362	6363	0.023542
6163	6364	0.023717
223	6364	0.023717
1445	6365	0.0235156
6363	6365	0.0235156
6365	6366	0.0234585
6338	6366	0.0234585
5445	6367	0.0234506
6366	6367	0.0234506
6367	6368	0.0234338
6337	6368	0.0234338
6368	6369	0.0234249
4616	6369	0.0234249
2690	6370	0.0234153
6369	6370	0.0234153
6370	6371	0.0233346
2437	6371	0.0233346
6371	6372	0.0233192
2453	6372	0.0233192
6372	6373	0.0232877
3773	6373	0.0232877
6373	6374	0.0232685
774	6374	0.0232685
6364	6375	0.0232153
523	6375	0.0232153
6374	6376	0.0232078
1632	6376	0.0232078
5894	6377	0.0231872
6376	6377	0.0231872
3835	6378	0.0231844
6377	6378	0.0231844
6378	6379	0.0231797
1075	6379	0.0231797
5872	6380	0.023161
6379	6380	0.023161
1908	6380	0.023161
6149	6381	0.0231529
6380	6381	0.0231529
6381	6382	0.0231291
2740	6382	0.0231291
6382	6383	0.0231123
1783	6383	0.0231123
3635	6384	0.0230903
6383	6384	0.0230903
6384	6385	0.0230743
6375	6385	0.0230743
5485	6386	0.0339689
2715	6386	0.0339689
6386	6387	0.032554
5493	6387	0.032554
6387	6388	0.0281407
2361	6388	0.0281407
6388	6389	0.027571
137	6389	0.027571
1859	6390	0.0264511
6389	6390	0.0264511
6390	6391	0.0264044
2345	6391	0.0264044
2359	6392	0.0236445
6391	6392	0.0236445
3182	6393	0.0295917
4664	6393	0.0295917
5777	6394	0.0288069
4244	6394	0.0288069
6394	6395	0.0276671
6393	6395	0.0276671
5778	6396	0.0341828
3649	6396	0.0341828
6396	6397	0.0271876
1709	6397	0.0271876
6395	6398	0.0257207
6397	6398	0.0257207
6398	6399	0.0241927
3648	6399	0.0241927
6399	6400	0.0233485
3594	6400	0.0233485
5290	6401	0.0281437
1194	6401	0.0281437
5303	6402	0.0261912
30	6402	0.0261912
178	6403	0.0323787
4531	6403	0.0323787
1746	6404	0.0322774
6403	6404	0.0322774
5311	6405	0.0285307
61	6405	0.0285307
3112	6406	0.0315471
3888	6406	0.0315471
6406	6407	0.030893
3466	6407	0.030893
6407	6408	0.0244434
3028	6408	0.0244434
6408	6409	0.0237149
3324	6409	0.0237149
5404	6410	0.0250357
383	6410	0.0250357
6410	6411	0.0244825
3738	6411	0.0244825
4497	6412	0.0274915
520	6412	0.0274915
710	6413	0.0232147
6412	6413	0.0232147
1574	6414	0.0287009
5478	6414	0.0287009
6414	6415	0.0271644
879	6415	0.0271644
6415	6416	0.0264063
1067	6416	0.0264063
4338	6417	0.0250491
6416	6417	0.0250491
3574	6418	0.0246222
6417	6418	0.0246222
4681	6419	0.0326034
3425	6419	0.0326034
6419	6420	0.0285753
5546	6420	0.0285753
5542	6421	0.0260878
6420	6421	0.0260878
3607	6422	0.0250491
6421	6422	0.0250491
4646	6423	0.0296438
5549	6423	0.0296438
5548	6424	0.0288738
6423	6424	0.0288738
6424	6425	0.0262568
1263	6425	0.0262568
592	6426	0.0233291
6425	6426	0.0233291
1144	6427	0.0321696
5565	6427	0.0321696
2229	6428	0.0297197
4483	6428	0.0297197
6427	6429	0.0277192
6428	6429	0.0277192
2280	6430	0.031483
2031	6430	0.031483
3373	6431	0.0305551
3854	6431	0.0305551
6430	6431	0.0305551
4273	6432	0.0291462
801	6432	0.0291462
5848	6433	0.0275742
6432	6433	0.0275742
6431	6434	0.0275515
6433	6434	0.0275515
6429	6435	0.0262316
686	6435	0.0262316
6435	6436	0.0258417
3001	6436	0.0258417
6434	6437	0.0256262
6436	6437	0.0256262
2868	6438	0.0256085
6437	6438	0.0256085
5779	6439	0.0253553
6438	6439	0.0253553
5626	6440	0.0236878
494	6440	0.0236878
6439	6441	0.0236241
6440	6441	0.0236241
4490	6442	0.0242218
205	6442	0.0242218
5593	6443	0.0230845
1415	6443	0.0230845
206	6444	0.030654
3003	6444	0.030654
6444	6445	0.0241958
3604	6445	0.0241958
3925	6446	0.0233725
691	6446	0.0233725
5666	6447	0.0313304
747	6447	0.0313304
6447	6448	0.0238687
2888	6448	0.0238687
6448	6449	0.0237021
352	6449	0.0237021
3218	6450	0.0247602
5617	6450	0.0247602
5892	6451	0.0322523
4199	6451	0.0322523
3994	6452	0.029975
2440	6452	0.029975
1336	6453	0.0298178
6452	6453	0.0298178
4744	6454	0.029392
6451	6454	0.029392
5628	6455	0.0271797
6454	6455	0.0271797
6455	6456	0.0262277
6453	6456	0.0262277
5934	6457	0.0262063
6456	6457	0.0262063
6457	6458	0.0250227
4149	6458	0.0250227
760	6459	0.0252393
315	6459	0.0252393
6459	6460	0.0242312
290	6460	0.0242312
4429	6461	0.0247137
2758	6461	0.0247137
3284	6462	0.03384
5663	6462	0.03384
6462	6463	0.0328614
1787	6463	0.0328614
5639	6464	0.0291254
6463	6464	0.0291254
5694	6465	0.0322207
1809	6465	0.0322207
6465	6466	0.026701
626	6466	0.026701
533	6467	0.0308297
4196	6467	0.0308297
5691	6468	0.0234249
2619	6468	0.0234249
4267	6469	0.0245037
378	6469	0.0245037
3280	6470	0.0248844
2664	6470	0.0248844
2552	6471	0.024107
6470	6471	0.024107
385	6472	0.0231757
6471	6472	0.0231757
5735	6473	0.0230747
441	6473	0.0230747
5926	6474	0.0262031
2859	6474	0.0262031
5741	6475	0.0246893
6474	6475	0.0246893
2072	6476	0.033844
5758	6476	0.033844
1476	6477	0.0327109
6476	6477	0.0327109
696	6478	0.0325576
6477	6478	0.0325576
3590	6479	0.0321233
6478	6479	0.0321233
6479	6480	0.0287645
3620	6480	0.0287645
4892	6481	0.031785
2821	6481	0.031785
6480	6482	0.0234856
6481	6482	0.0234856
2578	6483	0.0304391
5759	6483	0.0304391
1715	6484	0.0303883
6483	6484	0.0303883
1825	6485	0.0285836
6484	6485	0.0285836
5772	6486	0.0339715
1554	6486	0.0339715
6486	6487	0.032943
4148	6487	0.032943
6487	6488	0.0321019
1385	6488	0.0321019
5767	6489	0.0271628
6488	6489	0.0271628
2557	6490	0.0260951
6489	6490	0.0260951
6490	6491	0.0248738
3430	6491	0.0248738
6491	6492	0.0241757
588	6492	0.0241757
5825	6493	0.0333745
5830	6493	0.0333745
6493	6494	0.0283795
2096	6494	0.0283795
551	6495	0.02673
2790	6495	0.02673
2566	6496	0.0260653
6495	6496	0.0260653
5937	6497	0.0258145
6496	6497	0.0258145
6494	6498	0.0256671
1363	6498	0.0256671
6498	6499	0.0256512
1789	6499	0.0256512
2871	6500	0.0245348
6497	6500	0.0245348
6499	6501	0.0230988
6500	6501	0.0230988
5775	6502	0.0304163
4766	6502	0.0304163
6502	6503	0.0261119
1708	6503	0.0261119
4421	6504	0.0309924
5780	6504	0.0309924
4778	6505	0.0244661
594	6505	0.0244661
604	6506	0.0234426
1303	6506	0.0234426
5801	6507	0.0273297
2049	6507	0.0273297
6507	6508	0.02512
3462	6508	0.02512
881	6509	0.0234381
690	6509	0.0234381
5001	6510	0.0234078
4125	6510	0.0234078
1094	6511	0.0230584
6510	6511	0.0230584
2132	6512	0.0338422
5844	6512	0.0338422
5858	6513	0.0234898
1070	6513	0.0234898
1440	6514	0.0277984
5861	6514	0.0277984
1799	6515	0.0320247
4432	6515	0.0320247
1646	6516	0.0314609
1917	6516	0.0314609
6516	6517	0.0242137
2945	6517	0.0242137
4901	6518	0.030733
4792	6518	0.030733
3326	6519	0.0272394
1547	6519	0.0272394
6519	6520	0.025587
6518	6520	0.025587
6520	6521	0.0247381
4607	6521	0.0247381
4506	6522	0.0242529
6521	6522	0.0242529
6522	6523	0.0235967
4156	6523	0.0235967
1571	6524	0.0279869
3317	6524	0.0279869
6524	6525	0.0241013
2003	6525	0.0241013
3138	6526	0.034357
3076	6526	0.034357
6526	6527	0.0241732
1669	6527	0.0241732
4394	6528	0.0318665
5921	6528	0.0318665
5927	6529	0.0274479
1991	6529	0.0274479
3494	6530	0.028798
2013	6530	0.028798
6530	6531	0.0246185
2197	6531	0.0246185
5932	6532	0.0337855
3882	6532	0.0337855
2238	6533	0.0325839
3249	6533	0.0325839
4940	6534	0.0320994
6533	6534	0.0320994
3677	6535	0.0244195
2676	6535	0.0244195
3663	6536	0.0236536
4530	6536	0.0236536
6392	6537	0.0202889
1089	6537	0.0202889
6537	6538	0.0202133
1675	6538	0.0202133
1660	6539	0.0229149
6400	6539	0.0229149
6539	6540	0.0223496
3652	6540	0.0223496
4976	6541	0.0206175
6540	6541	0.0206175
6541	6542	0.0204445
4218	6542	0.0204445
6542	6543	0.0202015
1003	6543	0.0202015
6411	6544	0.0229788
4086	6544	0.0229788
6469	6545	0.0229414
6544	6545	0.0229414
3741	6546	0.0222395
6545	6546	0.0222395
5860	6547	0.0223971
877	6547	0.0223971
5736	6548	0.0206755
6547	6548	0.0206755
6485	6549	0.0199119
6548	6549	0.0199119
6546	6550	0.0198517
6549	6550	0.0198517
3261	6551	0.0195938
6550	6551	0.0195938
5994	6552	0.0229759
2468	6552	0.0229759
354	6553	0.0230036
664	6553	0.0230036
6552	6554	0.0219252
6553	6554	0.0219252
6466	6555	0.0216475
2778	6555	0.0216475
6555	6556	0.0201432
4030	6556	0.0201432
6556	6557	0.0195402
4102	6557	0.0195402
501	6558	0.0200986
4525	6558	0.0200986
6409	6559	0.0220977
2718	6559	0.0220977
5810	6560	0.0200459
6559	6560	0.0200459
6418	6561	0.022933
3553	6561	0.022933
6561	6562	0.0226263
796	6562	0.0226263
6562	6563	0.0225172
130	6563	0.0225172
6563	6564	0.0220106
3114	6564	0.0220106
5480	6565	0.0218202
6564	6565	0.0218202
6565	6566	0.0201301
2953	6566	0.0201301
6441	6567	0.0222017
269	6567	0.0222017
6567	6568	0.021754
1133	6568	0.021754
5624	6569	0.0215108
6568	6569	0.0215108
2876	6570	0.0221975
6517	6570	0.0221975
1989	6571	0.0230271
2182	6571	0.0230271
6385	6571	0.0230271
5604	6572	0.0229825
6571	6572	0.0229825
6572	6573	0.022969
2469	6573	0.022969
591	6574	0.0229584
6573	6574	0.0229584
6574	6575	0.0229394
611	6575	0.0229394
6458	6576	0.0229813
4237	6576	0.0229813
1381	6577	0.0229485
6527	6577	0.0229485
6575	6578	0.0228368
6501	6578	0.0228368
3539	6578	0.0228368
6578	6579	0.0228207
6577	6579	0.0228207
2711	6580	0.0228187
6579	6580	0.0228187
6580	6581	0.02279
399	6581	0.02279
6581	6582	0.0227813
6576	6582	0.0227813
6506	6582	0.0227813
5977	6583	0.022772
6582	6583	0.022772
5962	6584	0.0227479
4068	6584	0.0227479
6583	6585	0.0227623
582	6585	0.0227623
6585	6586	0.0227093
6468	6586	0.0227093
5968	6587	0.0226662
6586	6587	0.0226662
142	6588	0.0226305
6587	6588	0.0226305
856	6588	0.0226305
6588	6589	0.0226274
3187	6589	0.0226274
6584	6590	0.0226194
6589	6590	0.0226194
6590	6591	0.022618
6413	6591	0.022618
1006	6592	0.0225439
6591	6592	0.0225439
6472	6592	0.0225439
6592	6593	0.0225354
351	6593	0.0225354
6593	6594	0.022523
3916	6594	0.022523
6594	6595	0.0223835
4367	6595	0.0223835
215	6596	0.0223722
6595	6596	0.0223722
6596	6597	0.022366
4544	6597	0.022366
6597	6598	0.022357
6461	6598	0.022357
5914	6599	0.0223485
6598	6599	0.0223485
6599	6600	0.0223148
310	6600	0.0223148
924	6601	0.0222828
6600	6601	0.0222828
5988	6602	0.0222812
6601	6602	0.0222812
6602	6603	0.0222438
4413	6603	0.0222438
6603	6604	0.0222423
1010	6604	0.0222423
2869	6604	0.0222423
5627	6605	0.0223578
1453	6605	0.0223578
6604	6606	0.0222291
507	6606	0.0222291
6442	6607	0.0222235
6606	6607	0.0222235
6607	6608	0.0222048
748	6608	0.0222048
5850	6609	0.0222038
6608	6609	0.0222038
6609	6610	0.0221889
2693	6610	0.0221889
6610	6611	0.0221755
4796	6611	0.0221755
6611	6612	0.0221521
3763	6612	0.0221521
5929	6613	0.0221307
6612	6613	0.0221307
172	6613	0.0221307
6613	6614	0.0220608
33	6614	0.0220608
6614	6615	0.0220521
6605	6615	0.0220521
6523	6616	0.0227056
4890	6616	0.0227056
5364	6617	0.0220853
6616	6617	0.0220853
6426	6618	0.0223352
2632	6618	0.0223352
6443	6619	0.0226972
6445	6619	0.0226972
6615	6620	0.0219756
2328	6620	0.0219756
5907	6621	0.0219591
6620	6621	0.0219591
6621	6622	0.0219536
6619	6622	0.0219536
72	6623	0.021951
6622	6623	0.021951
6623	6624	0.0219211
1444	6624	0.0219211
6624	6625	0.0218935
3775	6625	0.0218935
6625	6626	0.0218843
5026	6626	0.0218843
3361	6627	0.021873
6626	6627	0.021873
2818	6628	0.0218313
6627	6628	0.0218313
6570	6629	0.0218283
6628	6629	0.0218283
1064	6630	0.0218169
6629	6630	0.0218169
2056	6631	0.0219584
6617	6631	0.0219584
2377	6632	0.0217994
6630	6632	0.0217994
406	6633	0.0217907
6632	6633	0.0217907
6633	6634	0.0217898
2652	6634	0.0217898
6634	6635	0.0217341
390	6635	0.0217341
511	6636	0.0217297
2009	6636	0.0217297
4133	6636	0.0217297
6635	6636	0.0217297
3212	6637	0.0217194
6636	6637	0.0217194
6637	6638	0.021699
6404	6638	0.021699
6473	6638	0.021699
6638	6639	0.0216672
4897	6639	0.0216672
6631	6639	0.0216672
6639	6640	0.0216208
4673	6640	0.0216208
5979	6641	0.021615
6640	6641	0.021615
5989	6642	0.0215979
6641	6642	0.0215979
6642	6643	0.0215299
6401	6643	0.0215299
1696	6644	0.0215137
6643	6644	0.0215137
6512	6645	0.0217994
755	6645	0.0217994
6644	6646	0.0215097
2809	6646	0.0215097
2530	6647	0.0214373
6646	6647	0.0214373
3832	6647	0.0214373
3726	6648	0.0213958
6647	6648	0.0213958
5969	6649	0.0213842
6648	6649	0.0213842
2936	6650	0.0213713
6649	6650	0.0213713
6650	6651	0.0213649
6645	6651	0.0213649
6651	6652	0.0213635
1817	6652	0.0213635
6652	6653	0.0213474
4565	6653	0.0213474
6653	6654	0.021332
289	6654	0.021332
6654	6655	0.0213223
6618	6655	0.0213223
4089	6655	0.0213223
6655	6656	0.0213211
6460	6656	0.0213211
6656	6657	0.021298
1424	6657	0.021298
6657	6658	0.0212822
3044	6658	0.0212822
6658	6659	0.0212508
962	6659	0.0212508
6659	6660	0.0212202
336	6660	0.0212202
3340	6661	0.021205
6660	6661	0.021205
583	6662	0.0212043
6661	6662	0.0212043
6662	6663	0.0211929
3945	6663	0.0211929
6663	6664	0.0211862
1704	6664	0.0211862
5787	6665	0.0211987
6511	6665	0.0211987
6664	6666	0.0211821
1185	6666	0.0211821
6666	6667	0.021146
6665	6667	0.021146
2839	6668	0.021114
6667	6668	0.021114
3181	6669	0.0210871
6668	6669	0.0210871
4224	6670	0.0210839
6669	6670	0.0210839
2605	6671	0.021067
6670	6671	0.021067
417	6672	0.0214673
2641	6672	0.0214673
4854	6673	0.0227171
1542	6673	0.0227171
6482	6674	0.0223981
6673	6674	0.0223981
1021	6675	0.0213665
3476	6675	0.0213665
1563	6676	0.0221904
1316	6676	0.0221904
1525	6677	0.0207015
4198	6677	0.0207015
6671	6678	0.0210582
5842	6678	0.0210582
479	6679	0.0210523
1119	6679	0.0210523
874	6679	0.0210523
6678	6679	0.0210523
6679	6680	0.0210517
2724	6680	0.0210517
6680	6681	0.021035
2074	6681	0.021035
3810	6682	0.0210305
6681	6682	0.0210305
6682	6683	0.0210047
35	6683	0.0210047
6683	6684	0.020995
1869	6684	0.020995
6684	6685	0.0209941
355	6685	0.0209941
891	6686	0.0209688
6685	6686	0.0209688
6686	6687	0.0209601
2628	6687	0.0209601
3442	6688	0.0209254
6687	6688	0.0209254
3611	6689	0.0209171
6688	6689	0.0209171
6689	6690	0.0208985
1462	6690	0.0208985
6690	6691	0.0208588
2610	6691	0.0208588
134	6692	0.020834
6691	6692	0.020834
5678	6693	0.0208031
6692	6693	0.0208031
6693	6694	0.0207778
424	6694	0.0207778
549	6695	0.0207741
6694	6695	0.0207741
6569	6696	0.020772
716	6696	0.020772
6695	6696	0.020772
6696	6697	0.020687
869	6697	0.020687
3123	6698	0.0206824
6697	6698	0.0206824
6698	6699	0.0206634
3747	6699	0.0206634
4520	6700	0.0206413
6699	6700	0.0206413
6700	6701	0.0206279
544	6701	0.0206279
6701	6702	0.0206244
3470	6702	0.0206244
488	6703	0.0206131
6702	6703	0.0206131
6703	6704	0.0206054
6536	6704	0.0206054
3501	6705	0.0205468
6704	6705	0.0205468
6705	6706	0.0205443
521	6706	0.0205443
6706	6707	0.0205228
3651	6707	0.0205228
6707	6708	0.0205208
3060	6708	0.0205208
6708	6709	0.02052
3608	6709	0.02052
6709	6710	0.0204483
4772	6710	0.0204483
5965	6711	0.0204381
6710	6711	0.0204381
6675	6711	0.0204381
5447	6712	0.0204029
6711	6712	0.0204029
3183	6713	0.0204009
6712	6713	0.0204009
6713	6714	0.0203768
2986	6714	0.0203768
6677	6715	0.0203755
6714	6715	0.0203755
6715	6716	0.0203407
579	6716	0.0203407
6716	6717	0.0203373
4219	6717	0.0203373
484	6718	0.0203308
6717	6718	0.0203308
6718	6719	0.020309
105	6719	0.020309
2867	6720	0.0202823
6719	6720	0.0202823
6720	6721	0.0202676
1601	6721	0.0202676
6721	6722	0.0202635
509	6722	0.0202635
6722	6723	0.0202559
1700	6723	0.0202559
3216	6724	0.0202895
634	6724	0.0202895
772	6725	0.0208158
4720	6725	0.0208158
6515	6726	0.0202658
1406	6726	0.0202658
6723	6727	0.0202513
6725	6727	0.0202513
6727	6728	0.0202429
3830	6728	0.0202429
6728	6729	0.0202391
358	6729	0.0202391
6729	6730	0.0202094
6674	6730	0.0202094
3271	6731	0.0202053
6730	6731	0.0202053
6731	6732	0.0201942
5530	6732	0.0201942
6732	6733	0.0201756
4889	6733	0.0201756
6733	6734	0.0201651
916	6734	0.0201651
1936	6735	0.0201524
6734	6735	0.0201524
6735	6736	0.0201467
6672	6736	0.0201467
6535	6736	0.0201467
6736	6737	0.0201205
3203	6737	0.0201205
6737	6738	0.0201199
4159	6738	0.0201199
6738	6739	0.0201001
886	6739	0.0201001
6739	6740	0.0200953
6676	6740	0.0200953
4217	6741	0.0200733
6740	6741	0.0200733
5859	6742	0.0200157
6741	6742	0.0200157
6742	6743	0.0200148
2665	6743	0.0200148
6743	6744	0.0200136
240	6744	0.0200136
4628	6745	0.0199947
6744	6745	0.0199947
6745	6746	0.0199898
913	6746	0.0199898
6746	6747	0.0199843
950	6747	0.0199843
2548	6747	0.0199843
5912	6748	0.0199776
5978	6748	0.0199776
6747	6748	0.0199776
4936	6749	0.0199571
6748	6749	0.0199571
6749	6750	0.0199418
6405	6750	0.0199418
5795	6751	0.019931
6750	6751	0.019931
2783	6752	0.0200519
1004	6752	0.0200519
3954	6753	0.0199281
1960	6753	0.0199281
6751	6754	0.0199156
6753	6754	0.0199156
6754	6755	0.0199148
4448	6755	0.0199148
6755	6756	0.0199046
6752	6756	0.0199046
3820	6757	0.019898
6756	6757	0.019898
6757	6758	0.01986
4706	6758	0.01986
5010	6758	0.01986
90	6759	0.0198401
6758	6759	0.0198401
693	6760	0.01982
6759	6760	0.01982
6760	6761	0.0198032
4442	6761	0.0198032
2183	6762	0.0198011
6761	6762	0.0198011
6762	6763	0.0197991
4847	6763	0.0197991
756	6763	0.0197991
3079	6763	0.0197991
6763	6764	0.0197764
4018	6764	0.0197764
6764	6765	0.0197724
102	6765	0.0197724
6765	6766	0.0197706
2303	6766	0.0197706
4621	6767	0.0196984
6766	6767	0.0196984
6767	6768	0.0196955
1594	6768	0.0196955
1967	6769	0.0196847
6768	6769	0.0196847
6769	6770	0.0195955
1026	6770	0.0195955
6726	6771	0.0195779
6770	6771	0.0195779
2227	6772	0.0196611
2225	6772	0.0196611
6771	6773	0.0195684
6772	6773	0.0195684
6773	6774	0.0195649
3805	6774	0.0195649
6774	6775	0.0195377
4124	6775	0.0195377
5594	6776	0.0195366
6775	6776	0.0195366
6776	6777	0.0195292
6724	6777	0.0195292
6449	6778	0.021966
4324	6778	0.021966
6446	6779	0.0217447
6778	6779	0.0217447
1607	6780	0.0224791
6492	6780	0.0224791
1874	6780	0.0224791
6780	6781	0.0219984
4105	6781	0.0219984
6503	6782	0.0230167
2637	6782	0.0230167
6782	6783	0.0223091
3978	6783	0.0223091
4117	6783	0.0223091
6783	6784	0.0213204
556	6784	0.0213204
6784	6785	0.0197342
2761	6785	0.0197342
6508	6786	0.0226165
628	6786	0.0226165
3376	6787	0.0223188
6786	6787	0.0223188
6787	6788	0.0210476
4170	6788	0.0210476
6788	6789	0.0209734
1491	6789	0.0209734
1216	6790	0.0229083
6509	6790	0.0229083
4468	6791	0.0215719
6790	6791	0.0215719
6791	6792	0.0204029
641	6792	0.0204029
724	6793	0.0227939
4482	6793	0.0227939
6793	6794	0.0217676
3801	6794	0.0217676
3676	6795	0.0205451
6794	6795	0.0205451
1560	6796	0.0216715
892	6796	0.0216715
5916	6797	0.020948
4502	6797	0.020948
6528	6798	0.0225267
1857	6798	0.0225267
2001	6799	0.0222863
2735	6799	0.0222863
6799	6800	0.021224
3725	6800	0.021224
6531	6801	0.0206097
2081	6801	0.0206097
5936	6802	0.0199426
4804	6802	0.0199426
6560	6803	0.0186636
1100	6803	0.0186636
5483	6804	0.0181018
4409	6804	0.0181018
3186	6805	0.0180969
6804	6805	0.0180969
6785	6806	0.01902
4137	6806	0.01902
6806	6807	0.0184062
3349	6807	0.0184062
6807	6808	0.0179291
4767	6808	0.0179291
6422	6809	0.0191899
3840	6809	0.0191899
6543	6810	0.0190239
4284	6810	0.0190239
5013	6811	0.0193594
6558	6811	0.0193594
6551	6812	0.0194798
2334	6812	0.0194798
1124	6813	0.0195008
6777	6813	0.0195008
4209	6814	0.0194871
6813	6814	0.0194871
5966	6815	0.0194733
6814	6815	0.0194733
6815	6816	0.0194683
4828	6816	0.0194683
6816	6817	0.0194512
605	6817	0.0194512
6817	6818	0.0194317
6802	6818	0.0194317
2955	6818	0.0194317
6818	6819	0.0193977
1439	6819	0.0193977
1712	6819	0.0193977
577	6820	0.0193841
6819	6820	0.0193841
2667	6821	0.0193824
6820	6821	0.0193824
6821	6822	0.0193625
4835	6822	0.0193625
4027	6823	0.0193526
6822	6823	0.0193526
6823	6824	0.0193502
46	6824	0.0193502
5990	6825	0.0193213
6824	6825	0.0193213
2518	6826	0.019311
6825	6826	0.019311
861	6827	0.0193016
6826	6827	0.0193016
2203	6828	0.0192914
6827	6828	0.0192914
6828	6829	0.019289
4071	6829	0.019289
6829	6830	0.0192782
3128	6830	0.0192782
5889	6831	0.0192319
6830	6831	0.0192319
3688	6832	0.0192137
6831	6832	0.0192137
6812	6833	0.0192099
6832	6833	0.0192099
1217	6834	0.0191811
6833	6834	0.0191811
6834	6835	0.0191708
3959	6835	0.0191708
6835	6836	0.0191636
445	6836	0.0191636
156	6837	0.0191556
6836	6837	0.0191556
1018	6838	0.0191811
1670	6838	0.0191811
6532	6839	0.0191357
6837	6839	0.0191357
6839	6840	0.0191174
3790	6840	0.0191174
6840	6841	0.0191078
680	6841	0.0191078
6841	6842	0.019106
6779	6842	0.019106
4533	6843	0.0191009
6842	6843	0.0191009
6843	6844	0.0190932
4626	6844	0.0190932
6844	6845	0.0190878
4153	6845	0.0190878
6845	6846	0.0190841
45	6846	0.0190841
2064	6847	0.0190593
6846	6847	0.0190593
6847	6848	0.01904
3109	6848	0.01904
6848	6849	0.0189926
6838	6849	0.0189926
6849	6850	0.0189918
2751	6850	0.0189918
6850	6851	0.0189829
814	6851	0.0189829
3171	6852	0.0189766
6851	6852	0.0189766
6852	6853	0.0189619
2930	6853	0.0189619
6853	6854	0.0189496
1649	6854	0.0189496
300	6855	0.0189466
6854	6855	0.0189466
6855	6856	0.0189412
1702	6856	0.0189412
5738	6857	0.0189391
6856	6857	0.0189391
6857	6858	0.0189266
1795	6858	0.0189266
6858	6859	0.0189258
6781	6859	0.0189258
2138	6860	0.0188866
6859	6860	0.0188866
6860	6861	0.0188846
689	6861	0.0188846
6861	6862	0.0188681
3694	6862	0.0188681
5980	6863	0.0188122
6557	6863	0.0188122
6862	6863	0.0188122
6810	6864	0.0186911
1015	6864	0.0186911
5895	6865	0.0184069
1827	6865	0.0184069
6863	6866	0.0187264
1261	6866	0.0187264
6866	6867	0.0187034
1356	6867	0.0187034
6867	6868	0.0186574
563	6868	0.0186574
4571	6869	0.0185977
6868	6869	0.0185977
6869	6870	0.0185971
2158	6870	0.0185971
6870	6871	0.0185957
603	6871	0.0185957
2993	6872	0.0185929
6566	6872	0.0185929
6871	6872	0.0185929
663	6873	0.0185832
6872	6873	0.0185832
6811	6874	0.0185739
6873	6874	0.0185739
6874	6875	0.0185731
1116	6875	0.0185731
6875	6876	0.0185703
258	6876	0.0185703
6876	6877	0.0185665
4921	6877	0.0185665
6877	6878	0.0185374
1895	6878	0.0185374
6878	6879	0.0185178
2029	6879	0.0185178
6879	6880	0.0185112
6800	6880	0.0185112
6880	6881	0.0185073
2979	6881	0.0185073
6881	6882	0.0184994
6513	6882	0.0184994
18	6883	0.0184788
6882	6883	0.0184788
6883	6884	0.0184745
6796	6884	0.0184745
1143	6884	0.0184745
6884	6885	0.0184688
558	6885	0.0184688
6505	6885	0.0184688
1334	6885	0.0184688
6554	6886	0.0183678
6885	6886	0.0183678
6886	6887	0.018338
233	6887	0.018338
6887	6888	0.0182972
95	6888	0.0182972
6809	6889	0.0182661
6888	6889	0.0182661
6889	6890	0.0182613
2148	6890	0.0182613
6864	6891	0.0182601
6890	6891	0.0182601
3423	6891	0.0182601
6891	6892	0.0182195
2320	6892	0.0182195
2104	6893	0.0182085
6892	6893	0.0182085
6893	6894	0.0182034
4141	6894	0.0182034
2658	6895	0.0181824
6894	6895	0.0181824
6895	6896	0.0181736
4353	6896	0.0181736
6896	6897	0.0181677
706	6897	0.0181677
2204	6897	0.0181677
6897	6898	0.0181456
2706	6898	0.0181456
1648	6899	0.0181147
6898	6899	0.0181147
3751	6900	0.0180832
6899	6900	0.0180832
1695	6900	0.0180832
6534	6901	0.0180461
6900	6901	0.0180461
6901	6902	0.0179948
3530	6902	0.0179948
155	6903	0.0179768
985	6903	0.0179768
4109	6904	0.0179539
6902	6904	0.0179539
6904	6905	0.0179416
3096	6905	0.0179416
6865	6906	0.0179259
6905	6906	0.0179259
6906	6907	0.0179243
6903	6907	0.0179243
6907	6908	0.0179236
6801	6908	0.0179236
6908	6909	0.0179077
3712	6909	0.0179077
1196	6910	0.0194473
3304	6910	0.0194473
6464	6911	0.0187358
1186	6911	0.0187358
118	6912	0.019272
3382	6912	0.019272
6789	6913	0.019226
1940	6913	0.019226
3952	6914	0.0194254
3856	6914	0.0194254
6795	6915	0.0182716
6914	6915	0.0182716
6915	6916	0.0180206
1097	6916	0.0180206
6514	6917	0.019392
6525	6917	0.019392
5924	6918	0.0182783
1926	6918	0.0182783
1329	6919	0.0178361
6805	6919	0.0178361
6803	6920	0.017767
59	6920	0.017767
6920	6921	0.0177526
423	6921	0.0177526
3547	6922	0.0178759
6909	6922	0.0178759
6922	6923	0.0178658
846	6923	0.0178658
4177	6924	0.0178575
6923	6924	0.0178575
6924	6925	0.0178432
5939	6925	0.0178432
6925	6926	0.0178396
700	6926	0.0178396
3624	6927	0.0178078
6926	6927	0.0178078
1037	6928	0.0177908
6927	6928	0.0177908
6928	6929	0.0177736
99	6929	0.0177736
6929	6930	0.0177722
1384	6930	0.0177722
1376	6931	0.0177506
6930	6931	0.0177506
6931	6932	0.0177232
4700	6932	0.0177232
6932	6933	0.0177213
4660	6933	0.0177213
3803	6934	0.0176948
3533	6934	0.0176948
6933	6934	0.0176948
6934	6935	0.01767
321	6935	0.01767
6935	6936	0.0176631
6529	6936	0.0176631
6936	6937	0.0176533
168	6937	0.0176533
6937	6938	0.0176455
2073	6938	0.0176455
6938	6939	0.0176287
2575	6939	0.0176287
6939	6940	0.0176219
6912	6940	0.0176219
2843	6941	0.0176194
6940	6941	0.0176194
6941	6942	0.0176177
2717	6942	0.0176177
885	6943	0.0176133
6942	6943	0.0176133
6943	6944	0.0176105
93	6944	0.0176105
6944	6945	0.0175755
1188	6945	0.0175755
3380	6946	0.0177439
926	6946	0.0177439
4300	6947	0.0175714
6945	6947	0.0175714
115	6948	0.0175632
6947	6948	0.0175632
6948	6949	0.0175459
6917	6949	0.0175459
6475	6950	0.0175448
6949	6950	0.0175448
1984	6950	0.0175448
6950	6951	0.0175142
113	6951	0.0175142
6797	6951	0.0175142
4294	6951	0.0175142
4755	6951	0.0175142
6951	6952	0.0174903
14	6952	0.0174903
6952	6953	0.0174724
2768	6953	0.0174724
4692	6954	0.017438
6953	6954	0.017438
6954	6955	0.0174355
947	6955	0.0174355
6955	6956	0.0174304
3548	6956	0.0174304
6956	6957	0.0174142
1372	6957	0.0174142
6918	6957	0.0174142
6946	6957	0.0174142
6957	6958	0.0173931
3267	6958	0.0173931
6450	6959	0.0173653
6958	6959	0.0173653
1007	6960	0.0173643
6959	6960	0.0173643
5647	6961	0.0173546
6960	6961	0.0173546
5734	6962	0.0173522
1257	6962	0.0173522
6961	6962	0.0173522
6962	6963	0.0173121
3362	6963	0.0173121
6963	6964	0.0172824
3989	6964	0.0172824
3873	6965	0.0172815
6964	6965	0.0172815
6921	6966	0.0172808
6965	6966	0.0172808
6966	6967	0.0172459
1364	6967	0.0172459
5922	6968	0.0178396
6910	6968	0.0178396
6968	6969	0.0176563
6911	6969	0.0176563
6402	6970	0.0175028
3975	6970	0.0175028
6967	6971	0.0172443
6798	6971	0.0172443
6971	6972	0.0172204
435	6972	0.0172204
1803	6973	0.0172186
6972	6973	0.0172186
1845	6974	0.0172016
6973	6974	0.0172016
6974	6975	0.0171841
2834	6975	0.0171841
452	6976	0.0171795
6975	6976	0.0171795
6976	6977	0.0171765
2501	6977	0.0171765
6977	6978	0.0171684
3305	6978	0.0171684
4562	6979	0.0171585
6978	6979	0.0171585
1641	6980	0.017132
6979	6980	0.017132
6980	6981	0.0170808
6916	6981	0.0170808
6981	6982	0.0170365
6969	6982	0.0170365
450	6982	0.0170365
2857	6983	0.0170288
6982	6983	0.0170288
6983	6984	0.0170048
1513	6984	0.0170048
6538	6985	0.0170011
6984	6985	0.0170011
6985	6986	0.0170002
4644	6986	0.0170002
6986	6987	0.0169895
2887	6987	0.0169895
6919	6988	0.0169886
6808	6988	0.0169886
6987	6988	0.0169886
6988	6989	0.0169833
6792	6989	0.0169833
377	6990	0.0169617
6989	6990	0.0169617
2431	6991	0.0169543
6990	6991	0.0169543
1905	6992	0.0169409
6991	6992	0.0169409
2879	6993	0.0169239
6992	6993	0.0169239
6993	6994	0.0169211
4808	6994	0.0169211
3298	6995	0.0169194
6994	6995	0.0169194
6995	6996	0.0169172
3770	6996	0.0169172
1672	6997	0.0169152
6996	6997	0.0169152
6997	6998	0.0169107
4501	6998	0.0169107
6998	6999	0.016903
3902	6999	0.016903
6504	7000	0.0168972
6999	7000	0.0168972
6467	7001	0.0168925
7000	7001	0.0168925
7001	7002	0.0168867
2708	7002	0.0168867
7002	7003	0.0168761
3665	7003	0.0168761
1333	7004	0.0168644
7003	7004	0.0168644
5253	7005	0.0168561
7004	7005	0.0168561
7005	7006	0.0168537
6913	7006	0.0168537
3626	7007	0.0168322
7006	7007	0.0168322
5762	7008	0.01683
7007	7008	0.01683
5913	7008	0.01683
4263	7008	0.01683
4096	7009	0.0167868
7008	7009	0.0167868
1734	7010	0.0167752
7009	7010	0.0167752
7010	7011	0.0167566
3525	7011	0.0167566
7011	7012	0.0167445
6970	7012	0.0167445
2564	7013	0.0167334
7012	7013	0.0167334
7013	7014	0.01673
2125	7014	0.01673
7014	7015	0.0167228
1492	7015	0.0167228
7015	7016	0.0167208
3453	7016	0.0167208
7016	7017	0.0167179
531	7017	0.0167179
204	7018	0.0166883
7017	7018	0.0166883
2351	7019	0.0166838
7018	7019	0.0166838
3225	7020	0.0166506
7019	7020	0.0166506
7020	7021	0.0166325
3200	7021	0.0166325
1393	7022	0.0305732
5	7022	0.0305732
792	7023	0.020318
7022	7023	0.020318
1524	7024	0.0347304
3907	7024	0.0347304
414	7025	0.0291786
7024	7025	0.0291786
1739	7026	0.340178
22	7026	0.340178
29	7027	0.0336086
4742	7027	0.0336086
3059	7028	0.31443
92	7028	0.31443
7028	7029	0.085733
2424	7029	0.085733
3017	7030	0.0744519
7029	7030	0.0744519
4647	7031	0.101069
456	7031	0.101069
7031	7032	0.0407664
4618	7032	0.0407664
7032	7033	0.0323526
1843	7033	0.0323526
7033	7034	0.0235521
1198	7034	0.0235521
2866	7035	0.0367579
2236	7035	0.0367579
7035	7036	0.0192508
3874	7036	0.0192508
7036	7037	0.0175791
1705	7037	0.0175791
2452	7038	0.0553699
325	7038	0.0553699
1952	7039	0.120542
2097	7039	0.120542
7039	7040	0.0616647
68	7040	0.0616647
7040	7041	0.0529396
3976	7041	0.0529396
7041	7042	0.041799
1631	7042	0.041799
2018	7043	0.131014
4103	7043	0.131014
7043	7044	0.0875881
2376	7044	0.0875881
1002	7045	0.0713007
7044	7045	0.0713007
2592	7046	0.0690559
7045	7046	0.0690559
3821	7047	0.050956
7046	7047	0.050956
609	7048	0.0445126
1982	7048	0.0445126
7047	7049	0.0443243
7048	7049	0.0443243
7049	7050	0.0246802
3505	7050	0.0246802
3399	7051	0.0217301
769	7051	0.0217301
3162	7052	0.0204631
7051	7052	0.0204631
1894	7053	0.0191442
7052	7053	0.0191442
292	7054	0.0878735
1550	7054	0.0878735
4444	7055	0.0488021
4496	7055	0.0488021
7055	7056	0.0361073
1713	7056	0.0361073
7056	7057	0.0302667
911	7057	0.0302667
3504	7058	0.0273816
4523	7058	0.0273816
7057	7059	0.0244057
4315	7059	0.0244057
7059	7060	0.021489
297	7060	0.021489
7058	7061	0.0197258
7060	7061	0.0197258
3024	7062	0.0173653
7061	7062	0.0173653
2806	7063	0.095671
2893	7063	0.095671
7063	7064	0.0693456
1222	7064	0.0693456
477	7065	0.0633285
2696	7065	0.0633285
7064	7066	0.0579371
1389	7066	0.0579371
7065	7066	0.0579371
7066	7067	0.055272
3036	7067	0.055272
7067	7068	0.0551489
1510	7068	0.0551489
7068	7069	0.0497812
4328	7069	0.0497812
7069	7070	0.0375099
166	7070	0.0375099
56	7071	0.037491
7070	7071	0.037491
7071	7072	0.0360184
3968	7072	0.0360184
4231	7073	0.0341872
7072	7073	0.0341872
7073	7074	0.032229
1367	7074	0.032229
907	7075	0.032104
7074	7075	0.032104
3153	7076	0.0536398
3031	7076	0.0536398
67	7077	0.0488306
3122	7077	0.0488306
3214	7078	0.107622
181	7078	0.107622
7078	7079	0.0674997
4280	7079	0.0674997
3354	7080	0.0640723
2407	7080	0.0640723
7079	7081	0.0555859
7080	7081	0.0555859
298	7082	0.126055
3039	7082	0.126055
1118	7083	0.0718699
1383	7083	0.0718699
7082	7084	0.0668305
7083	7084	0.0668305
1212	7085	0.0611889
7084	7085	0.0611889
2346	7086	0.0349749
7081	7086	0.0349749
4961	7087	0.0330752
2486	7087	0.0330752
7086	7088	0.0322894
7087	7088	0.0322894
1981	7089	0.0329307
1943	7089	0.0329307
7088	7090	0.0319915
7089	7090	0.0319915
7090	7091	0.0283232
77	7091	0.0283232
7091	7092	0.0261691
4838	7092	0.0261691
7085	7093	0.0251999
227	7093	0.0251999
2873	7094	0.0228788
4775	7094	0.0228788
1310	7095	0.0191991
2973	7095	0.0191991
7094	7096	0.0222109
2281	7096	0.0222109
7096	7097	0.0216481
1879	7097	0.0216481
7092	7098	0.0176982
114	7098	0.0176982
7095	7099	0.0189648
7093	7099	0.0189648
7098	7100	0.017534
7099	7100	0.017534
7100	7101	0.0173121
7097	7101	0.0173121
2483	7102	0.0166787
7101	7102	0.0166787
442	7103	0.23199
4916	7103	0.23199
7103	7104	0.175516
4663	7104	0.175516
4832	7105	0.172482
7104	7105	0.172482
4909	7106	0.161089
7105	7106	0.161089
7106	7107	0.131345
4912	7107	0.131345
7107	7108	0.118011
4922	7108	0.118011
4458	7109	0.0619001
1137	7109	0.0619001
98	7110	0.0172575
1088	7110	0.0172575
7109	7111	0.0172109
7110	7111	0.0172109
3409	7112	0.0565668
388	7112	0.0565668
1156	7113	0.0547342
7112	7113	0.0547342
359	7114	0.0544972
7113	7114	0.0544972
1955	7115	0.13326
1072	7115	0.13326
806	7116	0.132569
7115	7116	0.132569
843	7117	0.0449435
109	7117	0.0449435
1174	7118	0.0444019
7117	7118	0.0444019
7118	7119	0.0343681
2438	7119	0.0343681
7119	7120	0.0196721
968	7120	0.0196721
3985	7121	0.116534
4052	7121	0.116534
7121	7122	0.0993069
2349	7122	0.0993069
578	7123	0.0637052
3782	7123	0.0637052
3052	7124	0.0425808
7122	7124	0.0425808
7123	7125	0.0296466
4475	7125	0.0296466
7124	7126	0.0247931
3609	7126	0.0247931
7125	7126	0.0247931
7126	7127	0.0225134
1959	7127	0.0225134
2150	7128	0.0313739
3198	7128	0.0313739
7128	7129	0.0279531
4248	7129	0.0279531
7129	7130	0.0264323
3056	7130	0.0264323
7130	7131	0.0242133
2147	7131	0.0242133
7131	7132	0.0240618
2124	7132	0.0240618
7132	7133	0.0231637
497	7133	0.0231637
7133	7134	0.02268
3456	7134	0.02268
7134	7135	0.0224491
1328	7135	0.0224491
7135	7136	0.0208593
2984	7136	0.0208593
7136	7137	0.0204631
705	7137	0.0204631
7137	7138	0.0198821
340	7138	0.0198821
7138	7139	0.0169496
505	7139	0.0169496
855	7140	0.0293027
4433	7140	0.0293027
7140	7141	0.025095
1127	7141	0.025095
7141	7142	0.0243784
2962	7142	0.0243784
3006	7143	0.0459864
318	7143	0.0459864
3915	7144	0.0226718
3507	7144	0.0226718
3898	7145	0.0166311
7144	7145	0.0166311
3531	7146	0.0663864
3265	7146	0.0663864
4100	7147	0.062307
7146	7147	0.062307
4314	7148	0.0610874
7147	7148	0.0610874
7148	7149	0.020482
3192	7149	0.020482
2816	7150	0.0203811
7149	7150	0.0203811
3795	7151	0.062315
2102	7151	0.062315
3529	7152	0.0515652
7151	7152	0.0515652
7152	7153	0.0361137
2411	7153	0.0361137
2813	7154	0.0515228
938	7154	0.0515228
7154	7155	0.0471249
3255	7155	0.0471249
7155	7156	0.0352506
4740	7156	0.0352506
7156	7157	0.0334547
3260	7157	0.0334547
7157	7158	0.0333353
3151	7158	0.0333353
7158	7159	0.0285473
271	7159	0.0285473
7159	7160	0.0284599
1969	7160	0.0284599
7160	7161	0.0257685
865	7161	0.0257685
2571	7162	0.0253538
7161	7162	0.0253538
4615	7163	0.0249804
7162	7163	0.0249804
7163	7164	0.0236674
4510	7164	0.0236674
2264	7165	0.0236501
7164	7165	0.0236501
7165	7166	0.0212804
2841	7166	0.0212804
7166	7167	0.0202545
4138	7167	0.0202545
7167	7168	0.0182195
108	7168	0.0182195
7153	7169	0.0179007
7168	7169	0.0179007
7169	7170	0.0178683
2604	7170	0.0178683
7170	7171	0.01725
2701	7171	0.01725
7171	7172	0.0168075
4395	7172	0.0168075
2443	7173	0.0270208
116	7173	0.0270208
117	7174	0.267057
2137	7174	0.267057
3768	7175	0.0270774
3160	7175	0.0270774
124	7176	0.0228044
2985	7176	0.0228044
1728	7177	0.0258987
2336	7177	0.0258987
1887	7178	0.0240486
7177	7178	0.0240486
7178	7179	0.0237474
4667	7179	0.0237474
1079	7180	0.0269377
328	7180	0.0269377
7180	7181	0.0260108
135	7181	0.0260108
7181	7182	0.0256246
4056	7182	0.0256246
7182	7183	0.0236501
2082	7183	0.0236501
7183	7184	0.0233754
657	7184	0.0233754
7184	7185	0.0213518
3636	7185	0.0213518
7185	7186	0.0196889
910	7186	0.0196889
7186	7187	0.0188468
4774	7187	0.0188468
1335	7187	0.0188468
7179	7188	0.0171203
7187	7188	0.0171203
2146	7189	0.0226964
3579	7189	0.0226964
136	7190	0.0633831
481	7190	0.0633831
2653	7191	0.065021
4303	7191	0.065021
1806	7192	0.0518119
7190	7192	0.0518119
3618	7193	0.0419144
7192	7193	0.0419144
838	7194	0.0608502
7191	7194	0.0608502
931	7195	0.0467217
2959	7195	0.0467217
7195	7196	0.0395763
2250	7196	0.0395763
7193	7197	0.0351595
7196	7197	0.0351595
7194	7198	0.0294989
4414	7198	0.0294989
7197	7199	0.0291406
7198	7199	0.0291406
3641	7200	0.199747
2420	7200	0.199747
3669	7201	0.0351358
4914	7201	0.0351358
1529	7202	0.0255938
148	7202	0.0255938
2960	7203	0.0240755
7201	7203	0.0240755
7202	7204	0.0218445
7203	7204	0.0218445
4333	7205	0.0211406
7204	7205	0.0211406
209	7206	0.0211102
7205	7206	0.0211102
7206	7207	0.0169057
374	7207	0.0169057
1160	7208	0.202962
1925	7208	0.202962
2817	7209	0.0395422
4128	7209	0.0395422
4848	7210	0.122946
3256	7210	0.122946
3368	7211	0.0876501
7210	7211	0.0876501
7211	7212	0.0823051
3257	7212	0.0823051
2372	7213	0.0687883
7212	7213	0.0687883
4954	7214	0.0607706
7213	7214	0.0607706
7214	7215	0.0490215
4374	7215	0.0490215
585	7216	0.0389579
1470	7216	0.0389579
1972	7217	0.0387836
7216	7217	0.0387836
3457	7218	0.150369
152	7218	0.150369
720	7219	0.028425
330	7219	0.028425
7219	7220	0.0261536
1566	7220	0.0261536
7220	7221	0.0240598
436	7221	0.0240598
7221	7222	0.0200737
1710	7222	0.0200737
2329	7223	0.0478659
612	7223	0.0478659
184	7224	0.19321
3783	7224	0.19321
3480	7225	0.0182073
4431	7225	0.0182073
1521	7226	0.0212842
304	7226	0.0212842
7226	7227	0.0175763
4507	7227	0.0175763
244	7228	0.0636697
4473	7228	0.0636697
2614	7229	0.0585459
7228	7229	0.0585459
3330	7230	0.0189593
7229	7230	0.0189593
4400	7231	0.071645
245	7231	0.071645
1578	7232	0.0244141
2316	7232	0.0244141
7232	7233	0.0182361
1276	7233	0.0182361
2219	7234	0.0300945
248	7234	0.0300945
3709	7235	0.0191881
1914	7235	0.0191881
7234	7236	0.0187547
7235	7236	0.0187547
4870	7237	0.0254403
1104	7237	0.0254403
362	7238	0.0171373
2656	7238	0.0171373
255	7239	0.112705
333	7239	0.112705
660	7240	0.0785415
4715	7240	0.0785415
7240	7241	0.0528304
1931	7241	0.0528304
7241	7242	0.0510961
1930	7242	0.0510961
7242	7243	0.0292924
262	7243	0.0292924
4609	7244	0.0251091
7243	7244	0.0251091
3692	7245	0.0310891
782	7245	0.0310891
7245	7246	0.019097
4891	7246	0.019097
283	7247	0.0659896
2005	7247	0.0659896
296	7248	0.10981
3722	7248	0.10981
2861	7249	0.090653
2472	7249	0.090653
7249	7250	0.0823638
324	7250	0.0823638
2611	7251	0.0758683
7250	7251	0.0758683
7251	7252	0.0634628
2950	7252	0.0634628
3436	7253	0.0320196
345	7253	0.0320196
2059	7254	0.019787
7253	7254	0.019787
2239	7255	0.0190208
7254	7255	0.0190208
3005	7256	0.0187298
7255	7256	0.0187298
3335	7257	0.0346524
371	7257	0.0346524
2043	7258	0.0885531
1769	7258	0.0885531
394	7259	0.0884744
7258	7259	0.0884744
587	7260	0.0769061
7259	7260	0.0769061
7260	7261	0.0250746
1774	7261	0.0250746
397	7262	0.0749438
743	7262	0.0749438
412	7263	0.0965388
1074	7263	0.0965388
4537	7264	0.0375689
5021	7264	0.0375689
7264	7265	0.030349
4829	7265	0.030349
2474	7266	0.029829
7265	7266	0.029829
1902	7267	0.0255031
7266	7267	0.0255031
1033	7268	0.0212993
4586	7268	0.0212993
4818	7269	0.0455474
4893	7269	0.0455474
7269	7270	0.0374859
3441	7270	0.0374859
2631	7271	0.0213678
3269	7271	0.0213678
4948	7272	0.0168966
7271	7272	0.0168966
2274	7273	0.0276323
783	7273	0.0276323
1886	7274	0.0884758
4050	7274	0.0884758
7274	7275	0.0665059
443	7275	0.0665059
7275	7276	0.0537505
808	7276	0.0537505
7276	7277	0.0482159
1368	7277	0.0482159
1296	7278	0.051344
463	7278	0.051344
2273	7279	0.0396428
466	7279	0.0396428
2683	7280	0.0296937
7279	7280	0.0296937
7280	7281	0.0290983
3749	7281	0.0290983
4268	7281	0.0290983
3715	7281	0.0290983
977	7282	0.0673375
3451	7282	0.0673375
7282	7283	0.0207483
3290	7283	0.0207483
2600	7284	0.0836427
4361	7284	0.0836427
7284	7285	0.0709304
1920	7285	0.0709304
7285	7286	0.0406018
474	7286	0.0406018
2113	7287	0.139038
1057	7287	0.139038
7287	7288	0.0678927
489	7288	0.0678927
645	7289	0.0646516
7288	7289	0.0646516
3555	7290	0.0182343
4989	7290	0.0182343
4973	7291	0.0316917
3014	7291	0.0316917
4905	7292	0.0218257
793	7292	0.0218257
7291	7293	0.0208412
7292	7293	0.0208412
553	7294	0.0444974
2654	7294	0.0444974
1419	7295	0.077417
2066	7295	0.077417
4190	7296	0.0446228
3495	7296	0.0446228
919	7297	0.232868
618	7297	0.232868
3337	7298	0.0221039
1721	7298	0.0221039
3964	7299	0.0369786
2516	7299	0.0369786
7299	7300	0.0259037
631	7300	0.0259037
7300	7301	0.0173643
2110	7301	0.0173643
867	7302	0.0289523
2296	7302	0.0289523
7302	7303	0.0285219
639	7303	0.0285219
2749	7304	0.142432
650	7304	0.142432
1873	7305	0.0962737
999	7305	0.0962737
4230	7306	0.0898756
7305	7306	0.0898756
7304	7307	0.0785229
7306	7307	0.0785229
2763	7308	0.0220835
665	7308	0.0220835
2629	7309	0.0605066
3797	7309	0.0605066
7309	7310	0.0329605
4857	7310	0.0329605
7310	7311	0.0292948
671	7311	0.0292948
7311	7312	0.0176145
4699	7312	0.0176145
722	7313	0.036316
2822	7313	0.036316
2169	7314	0.0357953
7313	7314	0.0357953
1922	7315	0.054303
2845	7315	0.054303
7315	7316	0.0332236
3492	7316	0.0332236
728	7317	0.0565316
2027	7317	0.0565316
7317	7318	0.0344787
2519	7318	0.0344787
7318	7319	0.0228319
4528	7319	0.0228319
2682	7320	0.0891903
730	7320	0.0891903
4866	7321	0.0374604
736	7321	0.0374604
1290	7322	0.0257639
3287	7322	0.0257639
3274	7323	0.0215025
7322	7323	0.0215025
1086	7324	0.0509967
3098	7324	0.0509967
1371	7325	0.0366788
7324	7325	0.0366788
741	7326	0.0309458
3145	7326	0.0309458
7325	7327	0.0301385
7326	7327	0.0301385
7327	7328	0.0262392
3108	7328	0.0262392
7328	7329	0.0208158
4008	7329	0.0208158
4726	7330	0.0196602
7329	7330	0.0196602
7330	7331	0.0193311
1973	7331	0.0193311
5000	7332	0.394006
830	7332	0.394006
4698	7333	0.127612
4696	7333	0.127612
7333	7334	0.0273854
1032	7334	0.0273854
805	7335	0.101133
4852	7335	0.101133
7335	7336	0.045475
1142	7336	0.045475
828	7337	0.102374
4113	7337	0.102374
2673	7338	0.0179199
2314	7338	0.0179199
2127	7339	0.10227
3471	7339	0.10227
7339	7340	0.0203658
2732	7340	0.0203658
2794	7341	0.0540903
4911	7341	0.0540903
2824	7342	0.0382946
1870	7342	0.0382946
7342	7343	0.0235634
3388	7343	0.0235634
7341	7344	0.022057
7343	7344	0.022057
3310	7345	0.0835051
2595	7345	0.0835051
3740	7346	0.0810152
922	7346	0.0810152
3194	7347	0.168243
1579	7347	0.168243
4093	7348	0.0584632
946	7348	0.0584632
4512	7349	0.0270134
7348	7349	0.0270134
958	7350	0.0229023
2242	7350	0.0229023
7350	7351	0.01986
4455	7351	0.01986
965	7352	0.164338
966	7352	0.164338
2493	7353	0.0706342
1139	7353	0.0706342
1731	7354	0.0668779
995	7354	0.0668779
4446	7355	0.0517172
7354	7355	0.0517172
2525	7356	0.078381
2162	7356	0.078381
7356	7357	0.0777871
3986	7357	0.0777871
7357	7358	0.0738397
2954	7358	0.0738397
7358	7359	0.0608593
3350	7359	0.0608593
7359	7360	0.0380552
1008	7360	0.0380552
7360	7361	0.0294307
3841	7361	0.0294307
4658	7362	0.0465391
1012	7362	0.0465391
2720	7363	0.236258
1045	7363	0.236258
7363	7364	0.117055
3850	7364	0.117055
3444	7365	0.0406655
3439	7365	0.0406655
1053	7366	0.0377705
7365	7366	0.0377705
1863	7367	0.0216097
2785	7367	0.0216097
3071	7368	0.0181736
3377	7368	0.0181736
2409	7369	0.0232706
2534	7369	0.0232706
4945	7370	0.0404196
1467	7370	0.0404196
7370	7371	0.0257408
4701	7371	0.0257408
7371	7372	0.0249029
4952	7372	0.0249029
7372	7373	0.0232394
1671	7373	0.0232394
2217	7374	0.0284615
4790	7374	0.0284615
1813	7375	0.0238543
3224	7375	0.0238543
7375	7376	0.0223722
2971	7376	0.0223722
3365	7377	0.0215616
7376	7377	0.0215616
3455	7378	0.019763
7377	7378	0.019763
7378	7379	0.0171707
4216	7379	0.0171707
4566	7379	0.0171707
7379	7380	0.0168435
4591	7380	0.0168435
7380	7381	0.016717
1244	7381	0.016717
1820	7382	0.0827399
2662	7382	0.0827399
4436	7383	0.0391238
1163	7383	0.0391238
1166	7384	0.0380395
1910	7384	0.0380395
2884	7385	0.0395882
2765	7385	0.0395882
1195	7386	0.0172016
1473	7386	0.0172016
1677	7387	0.0310276
1355	7387	0.0310276
2601	7388	0.0397739
1220	7388	0.0397739
2338	7389	0.303702
3536	7389	0.303702
3070	7390	0.0366308
2669	7390	0.0366308
4299	7391	0.0333048
3103	7391	0.0333048
1532	7392	0.360635
2767	7392	0.360635
7392	7393	0.150058
1239	7393	0.150058
3871	7394	0.152462
1246	7394	0.152462
3061	7395	0.0230429
3807	7395	0.0230429
4768	7396	0.109894
1260	7396	0.109894
1558	7397	0.0218764
1273	7397	0.0218764
1280	7398	0.0235634
2353	7398	0.0235634
3823	7399	0.0210734
4765	7399	0.0210734
4051	7400	0.0206413
7399	7400	0.0206413
4574	7401	0.0962836
1347	7401	0.0962836
1339	7402	0.0769146
3273	7402	0.0769146
1345	7402	0.0769146
3745	7403	0.0398858
1341	7403	0.0398858
1400	7404	0.0917667
2144	7404	0.0917667
1429	7405	0.0223294
2616	7405	0.0223294
3168	7406	0.0591464
4188	7406	0.0591464
7406	7407	0.0503021
1816	7407	0.0503021
4529	7408	0.402172
4443	7408	0.402172
7408	7409	0.338264
4327	7409	0.338264
7409	7410	0.306278
4907	7410	0.306278
7410	7411	0.182195
3736	7411	0.182195
7411	7412	0.0282288
1494	7412	0.0282288
4185	7413	0.0234585
7412	7413	0.0234585
1587	7414	0.0248635
1568	7414	0.0248635
4088	7415	0.0526612
1585	7415	0.0526612
7415	7416	0.0200101
4332	7416	0.0200101
2253	7417	0.0584606
3521	7417	0.0584606
2193	7418	0.289002
1664	7418	0.289002
1682	7419	0.0685205
2780	7419	0.0685205
3572	7420	0.125982
1771	7420	0.125982
3279	7421	0.0427643
1766	7421	0.0427643
2136	7422	0.0496108
1768	7422	0.0496108
2553	7423	0.0285406
3771	7423	0.0285406
3259	7424	0.0221297
2379	7424	0.0221297
7423	7425	0.0169222
7424	7425	0.0169222
1797	7426	0.0940802
3690	7426	0.0940802
4081	7427	0.100257
4234	7427	0.100257
4557	7428	0.0668522
1858	7428	0.0668522
2087	7429	0.0179351
3488	7429	0.0179351
1899	7430	0.0790201
4210	7430	0.0790201
4274	7431	0.0750922
7430	7431	0.0750922
4643	7432	0.0971171
1918	7432	0.0971171
4246	7433	0.0233356
3443	7433	0.0233356
2458	7434	0.0190593
3582	7434	0.0190593
4381	7435	0.0997385
1946	7435	0.0997385
3983	7436	0.073225
7435	7436	0.073225
7436	7437	0.0169966
3053	7437	0.0169966
4447	7438	0.0636851
3018	7438	0.0636851
2053	7439	0.204212
2773	7439	0.204212
3033	7440	0.243282
2176	7440	0.243282
2224	7441	0.266112
2937	7441	0.266112
5014	7442	0.050253
7441	7442	0.050253
3217	7443	0.0170906
4599	7443	0.0170906
3379	7444	0.0335598
3467	7444	0.0335598
3948	7445	0.0538481
2221	7445	0.0538481
2587	7446	0.0613507
2898	7446	0.0613507
3664	7447	0.0569111
2963	7447	0.0569111
4493	7448	0.028969
3673	7448	0.028969
4222	7449	0.0728386
3967	7449	0.0728386
3971	7450	0.0673374
7449	7450	0.0673374
3241	7451	0.0721956
2294	7451	0.0721956
2965	7452	0.105553
2343	7452	0.105553
2357	7453	0.230523
3148	7453	0.230523
7453	7454	0.02279
4176	7454	0.02279
2369	7455	0.0354404
4399	7455	0.0354404
7455	7456	0.0305711
4142	7456	0.0305711
3082	7457	0.0168543
2422	7457	0.0168543
2436	7458	0.02262
2490	7458	0.02262
4006	7459	0.286763
2697	7459	0.286763
7459	7460	0.051394
4317	7460	0.051394
4514	7461	0.116565
2722	7461	0.116565
3264	7462	0.0723043
2939	7462	0.0723043
4865	7463	0.113164
3019	7463	0.113164
4026	7464	0.0265238
3233	7464	0.0265238
3299	7465	0.166418
4704	7465	0.166418
4623	7466	0.0226298
4773	7466	0.0226298
3357	7467	0.0200846
7466	7467	0.0200846
3410	7468	0.101566
4392	7468	0.101566
3489	7469	0.173717
4114	7469	0.173717
3689	7470	0.123766
7469	7470	0.123766
3518	7471	0.146257
3538	7471	0.146257
4723	7471	0.146257
4057	7472	0.433872
3566	7472	0.433872
3670	7473	0.0842587
3851	7473	0.0842587
4759	7474	0.0209996
3779	7474	0.0209996
7474	7475	0.0209742
3743	7475	0.0209742
7475	7476	0.0209351
3762	7476	0.0209351
7476	7477	0.0171203
3858	7477	0.0171203
3760	7478	0.0705453
5006	7478	0.0705453
4564	7479	0.0201849
4602	7479	0.0201849
4830	7480	0.0256094
4622	7480	0.0256094
4805	7481	0.0343534
4812	7481	0.0343534
4934	7482	0.025095
4928	7482	0.025095
2432	7483	0.00914576
5058	7483	0.00914576
5061	7484	0.0116606
5222	7484	0.0116606
5223	7485	0.00691697
975	7485	0.00691697
4806	7486	0.00881196
3433	7486	0.00881196
2025	7487	0.0133293
2098	7487	0.0133293
7487	7488	0.0109888
3065	7488	0.0109888
7488	7489	0.00746722
5011	7489	0.00746722
902	7490	0.015593
996	7490	0.015593
3384	7491	0.0131002
4316	7491	0.0131002
7323	7492	0.0137665
1101	7492	0.0137665
5157	7493	0.00763322
1105	7493	0.00763322
3884	7494	0.00692277
709	7494	0.00692277
7337	7495	0.0117912
2640	7495	0.0117912
3892	7496	0.00985932
7495	7496	0.00985932
5079	7497	0.00726318
1692	7497	0.00726318
7465	7498	0.0100012
1932	7498	0.0100012
3497	7499	0.0144117
2366	7499	0.0144117
7345	7500	0.00850775
3933	7500	0.00850775
4795	7501	0.00835515
3502	7501	0.00835515
1612	7502	0.0144529
2997	7502	0.0144529
7502	7503	0.0129625
389	7503	0.0129625
7503	7504	0.0120717
1481	7504	0.0120717
1729	7505	0.00838655
7504	7505	0.00838655
1472	7506	0.00781714
7505	7506	0.00781714
981	7507	0.0102361
4492	7507	0.0102361
277	7508	0.0148488
4279	7508	0.0148488
2941	7509	0.0164754
768	7509	0.0164754
1390	7510	0.0147155
2310	7510	0.0147155
4059	7511	0.0131662
1046	7511	0.0131662
7511	7512	0.00673765
4488	7512	0.00673765
800	7513	0.0140286
3132	7513	0.0140286
5196	7514	0.013815
7263	7514	0.013815
5084	7515	0.0115217
5126	7515	0.0115217
7314	7516	0.0144174
3613	7516	0.0144174
1856	7517	0.0112429
3030	7517	0.0112429
4277	7518	0.0111934
7517	7518	0.0111934
2704	7519	0.0119151
1092	7519	0.0119151
4065	7520	0.0115919
7519	7520	0.0115919
2337	7521	0.0152398
7467	7521	0.0152398
4625	7522	0.0153343
7298	7522	0.0153343
7077	7523	0.0153113
7522	7523	0.0153113
837	7524	0.015189
7523	7524	0.015189
7524	7525	0.0143628
3077	7525	0.0143628
7525	7526	0.0116588
2413	7526	0.0116588
4655	7527	0.0131014
2241	7527	0.0131014
7527	7528	0.0107727
3843	7528	0.0107727
1038	7529	0.0149356
426	7529	0.0149356
939	7530	0.0107
2823	7530	0.0107
3285	7531	0.0154781
4410	7531	0.0154781
1848	7532	0.0124788
235	7532	0.0124788
4238	7533	0.0135462
2998	7533	0.0135462
2093	7534	0.0130344
1605	7534	0.0130344
2036	7535	0.013253
3199	7535	0.013253
586	7536	0.0132501
7535	7536	0.0132501
3634	7537	0.0152017
2130	7537	0.0152017
7389	7538	0.0147706
3576	7538	0.0147706
5099	7539	0.0160065
1327	7539	0.0160065
7111	7540	0.0158858
4686	7540	0.0158858
5076	7541	0.0166147
7021	7541	0.0166147
7541	7542	0.0165967
2014	7542	0.0165967
5166	7543	0.0165949
7542	7543	0.0165949
2994	7544	0.0165882
7543	7544	0.0165882
5199	7545	0.016532
7544	7545	0.016532
1454	7545	0.016532
7545	7546	0.0165275
3195	7546	0.0165275
7546	7547	0.0165091
2075	7547	0.0165091
3542	7548	0.0165029
7547	7548	0.0165029
3526	7549	0.0164851
7548	7549	0.0164851
5248	7550	0.0164789
7549	7550	0.0164789
2796	7550	0.0164789
7550	7551	0.0164776
34	7551	0.0164776
7551	7552	0.0164739
7366	7552	0.0164739
2512	7552	0.0164739
5117	7553	0.0164619
7552	7553	0.0164619
3159	7554	0.0164446
7553	7554	0.0164446
7554	7555	0.0164371
3490	7555	0.0164371
7555	7556	0.0164298
280	7556	0.0164298
7556	7557	0.0164204
725	7557	0.0164204
7557	7558	0.0164113
928	7558	0.0164113
3617	7559	0.0164056
7558	7559	0.0164056
7559	7560	0.0163666
1297	7560	0.0163666
7560	7561	0.0163167
2207	7561	0.0163167
7561	7562	0.0162973
428	7562	0.0162973
7562	7563	0.0162524
253	7563	0.0162524
7563	7564	0.0162478
4377	7564	0.0162478
4983	7565	0.0162295
7564	7565	0.0162295
7565	7566	0.0162277
4292	7566	0.0162277
7566	7567	0.0162162
1436	7567	0.0162162
7567	7568	0.0162004
3982	7568	0.0162004
7568	7569	0.0161962
4677	7569	0.0161962
3549	7570	0.016182
2460	7570	0.016182
7569	7570	0.016182
2880	7571	0.0161761
7570	7571	0.0161761
7571	7572	0.0161723
1761	7572	0.0161723
7572	7573	0.0161627
2910	7573	0.0161627
367	7574	0.016161
7573	7574	0.016161
2394	7575	0.0161375
7574	7575	0.0161375
4054	7576	0.0161331
7575	7576	0.0161331
7576	7577	0.016105
5033	7577	0.016105
5219	7578	0.0161006
7577	7578	0.0161006
149	7579	0.0160856
7578	7579	0.0160856
7579	7580	0.0160838
4800	7580	0.0160838
7188	7580	0.0160838
7222	7581	0.0161137
3780	7581	0.0161137
7580	7582	0.0160811
2389	7582	0.0160811
3312	7582	0.0160811
7582	7583	0.0160622
3754	7583	0.0160622
3639	7583	0.0160622
7583	7584	0.0160539
1231	7584	0.0160539
2450	7585	0.0160458
7584	7585	0.0160458
7585	7586	0.0160428
7581	7586	0.0160428
7223	7587	0.0166091
170	7587	0.0166091
1979	7588	0.0161296
1523	7588	0.0161296
2769	7589	0.0160256
7586	7589	0.0160256
7589	7590	0.0160246
1618	7590	0.0160246
7257	7590	0.0160246
890	7590	0.0160246
4729	7591	0.0160135
7590	7591	0.0160135
7591	7592	0.0159597
1665	7592	0.0159597
4072	7593	0.0159444
7592	7593	0.0159444
581	7594	0.015923
7593	7594	0.015923
7594	7595	0.0159101
1081	7595	0.0159101
7595	7596	0.0159056
1457	7596	0.0159056
1904	7596	0.0159056
617	7597	0.0159042
7596	7597	0.0159042
7597	7598	0.0158992
7588	7598	0.0158992
3705	7599	0.0158778
7598	7599	0.0158778
7599	7600	0.0158769
2916	7600	0.0158769
7600	7601	0.0158744
1480	7601	0.0158744
5156	7602	0.0158684
7601	7602	0.0158684
7053	7602	0.0158684
7062	7602	0.0158684
7602	7603	0.0158628
3678	7603	0.0158628
7603	7604	0.0158509
2737	7604	0.0158509
5227	7605	0.0158442
7604	7605	0.0158442
2721	7606	0.0158268
7605	7606	0.0158268
4245	7607	0.0158249
7606	7607	0.0158249
5078	7608	0.0157957
7607	7608	0.0157957
5244	7609	0.0157911
7608	7609	0.0157911
150	7610	0.0157723
7609	7610	0.0157723
1522	7611	0.0157137
7610	7611	0.0157137
5238	7612	0.0157044
7611	7612	0.0157044
7612	7613	0.0156959
350	7613	0.0156959
4076	7614	0.0156932
7613	7614	0.0156932
7614	7615	0.015665
7308	7615	0.015665
4220	7616	0.0156615
7615	7616	0.0156615
7616	7617	0.0156572
4362	7617	0.0156572
5131	7618	0.0156451
7617	7618	0.0156451
7618	7619	0.0156384
2856	7619	0.0156384
7619	7620	0.0156316
1298	7620	0.0156316
7620	7621	0.0156213
1107	7621	0.0156213
7621	7622	0.0156156
675	7622	0.0156156
519	7623	0.0156067
7622	7623	0.0156067
2513	7624	0.0155895
7623	7624	0.0155895
7587	7624	0.0155895
7624	7625	0.015584
4524	7625	0.015584
2107	7626	0.0155822
7625	7626	0.0155822
2109	7627	0.0155801
7626	7627	0.0155801
824	7628	0.0155779
7627	7628	0.0155779
7628	7629	0.015566
1530	7629	0.015566
7629	7630	0.015541
986	7630	0.015541
2063	7631	0.0155389
7630	7631	0.0155389
7631	7632	0.0155372
4440	7632	0.0155372
208	7633	0.0155298
7632	7633	0.0155298
7633	7634	0.01552
2561	7634	0.01552
7102	7635	0.0163213
3926	7635	0.0163213
7139	7636	0.0155967
4515	7636	0.0155967
7636	7637	0.0155753
3356	7637	0.0155753
7207	7638	0.0166055
2414	7638	0.0166055
7638	7639	0.0157922
607	7639	0.0157922
2071	7640	0.0156316
2567	7640	0.0156316
7209	7641	0.0156122
7640	7641	0.0156122
7233	7642	0.0156785
7236	7642	0.0156785
7634	7643	0.0154773
3658	7643	0.0154773
7643	7644	0.0154722
229	7644	0.0154722
7644	7645	0.0154591
1546	7645	0.0154591
2906	7646	0.0154291
7645	7646	0.0154291
7646	7647	0.0154229
3	7647	0.0154229
7647	7648	0.0154155
7641	7648	0.0154155
4339	7649	0.0153865
7648	7649	0.0153865
7649	7650	0.0153851
1428	7650	0.0153851
5158	7651	0.0153628
7650	7651	0.0153628
4397	7652	0.0153592
7651	7652	0.0153592
7652	7653	0.0153461
2425	7653	0.0153461
3562	7654	0.0153419
7653	7654	0.0153419
7654	7655	0.015336
7642	7655	0.015336
2620	7655	0.015336
7655	7656	0.0153198
433	7656	0.0153198
3254	7657	0.0153105
7656	7657	0.0153105
7657	7658	0.0152944
2570	7658	0.0152944
409	7659	0.0153137
1061	7659	0.0153137
7658	7660	0.0152885
4174	7660	0.0152885
7660	7661	0.0152817
7120	7661	0.0152817
7127	7661	0.0152817
7637	7661	0.0152817
7434	7661	0.0152817
1332	7661	0.0152817
7661	7662	0.015281
1442	7662	0.015281
7662	7663	0.0152779
7659	7663	0.0152779
7663	7664	0.0152752
1745	7664	0.0152752
7664	7665	0.0152741
1456	7665	0.0152741
7665	7666	0.0152616
1025	7666	0.0152616
7666	7667	0.0152374
1241	7667	0.0152374
683	7668	0.0152333
7667	7668	0.0152333
104	7668	0.0152333
1267	7669	0.0152145
7668	7669	0.0152145
3868	7670	0.0152054
7669	7670	0.0152054
1403	7671	0.0152044
7670	7671	0.0152044
4272	7672	0.015201
571	7672	0.015201
7671	7672	0.015201
7294	7673	0.0151978
7672	7673	0.0151978
7295	7673	0.0151978
3119	7673	0.0151978
7351	7673	0.0151978
7208	7674	0.0151938
7673	7674	0.0151938
1758	7675	0.0151909
7674	7675	0.0151909
4593	7675	0.0151909
7675	7676	0.015189
3870	7676	0.015189
5008	7677	0.0151886
7676	7677	0.0151886
5140	7678	0.0151634
7677	7678	0.0151634
7678	7679	0.0151518
2355	7679	0.0151518
4684	7680	0.0151403
7679	7680	0.0151403
7680	7681	0.0151394
4980	7681	0.0151394
1565	7682	0.0151348
7681	7682	0.0151348
3893	7683	0.0151099
7682	7683	0.0151099
7683	7684	0.0150471
1459	7684	0.0150471
7684	7685	0.0150399
7478	7685	0.0150399
7685	7686	0.0150203
4369	7686	0.0150203
7686	7687	0.0150185
28	7687	0.0150185
7639	7688	0.0151225
698	7688	0.0151225
7540	7689	0.0150176
7687	7689	0.0150176
3764	7689	0.0150176
7689	7690	0.0150111
2858	7690	0.0150111
5164	7691	0.0149852
7690	7691	0.0149852
3855	7692	0.0149668
7691	7692	0.0149668
7692	7693	0.0149402
1458	7693	0.0149402
2865	7694	0.0149384
7693	7694	0.0149384
7694	7695	0.0149348
4675	7695	0.0149348
7695	7696	0.0148878
823	7696	0.0148878
5097	7697	0.0148809
7696	7697	0.0148809
7635	7698	0.0148496
7697	7698	0.0148496
7698	7699	0.0148488
3472	7699	0.0148488
3486	7700	0.0148465
7699	7700	0.0148465
7700	7701	0.0147867
31	7701	0.0147867
499	7702	0.0147828
7701	7702	0.0147828
7702	7703	0.0147587
7246	7703	0.0147587
991	7704	0.0147487
7703	7704	0.0147487
7704	7705	0.0147257
1013	7705	0.0147257
3215	7706	0.014712
7705	7706	0.014712
7706	7707	0.0147106
3370	7707	0.0147106
7707	7708	0.0147093
4880	7708	0.0147093
7708	7709	0.0146372
44	7709	0.0146372
7709	7710	0.0146333
1035	7710	0.0146333
7710	7711	0.0146199
2502	7711	0.0146199
7711	7712	0.0146101
4592	7712	0.0146101
5005	7713	0.0145836
7712	7713	0.0145836
7713	7714	0.0145723
3385	7714	0.0145723
7714	7715	0.0145667
4763	7715	0.0145667
5201	7716	0.0145604
7715	7716	0.0145604
1441	7717	0.0145568
7716	7717	0.0145568
7717	7718	0.014543
3141	7718	0.014543
3695	7719	0.0145398
7718	7719	0.0145398
5168	7720	0.0145382
7719	7720	0.0145382
7720	7721	0.0145305
1609	7721	0.0145305
1743	7722	0.0145264
7721	7722	0.0145264
7539	7723	0.0144918
7722	7723	0.0144918
7723	7724	0.0144901
7688	7724	0.0144901
4214	7724	0.0144901
7724	7725	0.0144884
7273	7725	0.0144884
444	7725	0.0144884
7725	7726	0.0144828
63	7726	0.0144828
7726	7727	0.0144729
4555	7727	0.0144729
4337	7728	0.0144529
7727	7728	0.0144529
5236	7729	0.014452
7728	7729	0.014452
3662	7730	0.0144365
7729	7730	0.0144365
1001	7730	0.0144365
7730	7731	0.0144353
3477	7731	0.0144353
7731	7732	0.0144309
2988	7732	0.0144309
2540	7733	0.01441
7732	7733	0.01441
4146	7733	0.01441
7733	7734	0.014392
684	7734	0.014392
3498	7734	0.014392
7734	7735	0.0143691
2624	7735	0.0143691
7142	7736	0.0147075
2911	7736	0.0147075
7172	7737	0.016161
4043	7737	0.016161
2647	7738	0.0150471
294	7738	0.0150471
7738	7739	0.0144854
7199	7739	0.0144854
2639	7740	0.0145102
146	7740	0.0145102
1358	7741	0.0145601
4728	7741	0.0145601
1314	7742	0.0157317
7457	7742	0.0157317
3627	7743	0.015134
7742	7743	0.015134
1553	7744	0.0157081
3683	7744	0.0157081
1846	7745	0.0145947
2275	7745	0.0145947
2382	7746	0.0147337
4101	7746	0.0147337
2947	7747	0.0145909
2952	7747	0.0145909
3369	7748	0.014053
5063	7748	0.014053
7735	7749	0.0143445
1810	7749	0.0143445
1854	7750	0.0143247
7749	7750	0.0143247
7336	7751	0.0143197
7750	7751	0.0143197
7751	7752	0.01431
3836	7752	0.01431
7752	7753	0.0143011
7741	7753	0.0143011
5246	7754	0.0142674
7753	7754	0.0142674
7754	7755	0.0142601
7743	7755	0.0142601
7755	7756	0.0142483
7386	7756	0.0142483
196	7756	0.0142483
7756	7757	0.014245
5022	7757	0.014245
7757	7758	0.0142081
1258	7758	0.0142081
7758	7759	0.014205
4981	7759	0.014205
7747	7759	0.014205
3781	7759	0.014205
7023	7760	0.014202
7759	7760	0.014202
7760	7761	0.0141811
1382	7761	0.0141811
5128	7762	0.0141633
7761	7762	0.0141633
7744	7762	0.0141633
5106	7763	0.0141592
7762	7763	0.0141592
2178	7763	0.0141592
7763	7764	0.0141563
1279	7764	0.0141563
7764	7765	0.014146
857	7765	0.014146
864	7766	0.0141243
7765	7766	0.0141243
7766	7767	0.0141152
2030	7767	0.0141152
5098	7768	0.0141049
7767	7768	0.0141049
7768	7769	0.0140902
1526	7769	0.0140902
7769	7770	0.0140896
4794	7770	0.0140896
1801	7771	0.0140817
7770	7771	0.0140817
7771	7772	0.0140733
154	7772	0.0140733
4171	7773	0.0140666
7772	7773	0.0140666
5107	7774	0.014058
7773	7774	0.014058
7774	7775	0.0140244
4631	7775	0.0140244
5183	7776	0.0140103
7775	7776	0.0140103
7776	7777	0.0139905
2850	7777	0.0139905
4753	7778	0.0139807
7777	7778	0.0139807
7778	7779	0.0139788
3221	7779	0.0139788
7779	7780	0.0139666
1541	7780	0.0139666
7780	7781	0.013957
3788	7781	0.013957
7428	7782	0.0139531
7781	7782	0.0139531
7782	7783	0.0139527
2743	7783	0.0139527
7783	7784	0.0139495
988	7784	0.0139495
7784	7785	0.0139428
2929	7785	0.0139428
2912	7786	0.01394
7785	7786	0.01394
2058	7786	0.01394
3872	7787	0.0141169
1159	7787	0.0141169
7786	7788	0.013895
3460	7788	0.013895
7788	7789	0.0138931
2173	7789	0.0138931
7367	7790	0.0138785
7789	7790	0.0138785
7790	7791	0.0138757
2257	7791	0.0138757
7791	7792	0.0138741
7746	7792	0.0138741
7792	7793	0.013873
4326	7793	0.013873
7793	7794	0.0138714
1610	7794	0.0138714
7794	7795	0.0138635
3742	7795	0.0138635
1141	7796	0.0138475
7795	7796	0.0138475
7796	7797	0.0138463
4539	7797	0.0138463
7797	7798	0.0138272
3496	7798	0.0138272
7798	7799	0.0137976
2904	7799	0.0137976
5124	7800	0.0137955
7799	7800	0.0137955
4087	7801	0.0137882
7800	7801	0.0137882
7801	7802	0.0137862
439	7802	0.0137862
7802	7803	0.0137843
3177	7803	0.0137843
7803	7804	0.0137818
3012	7804	0.0137818
5192	7805	0.0137809
7804	7805	0.0137809
7739	7805	0.0137809
3955	7806	0.0137656
7805	7806	0.0137656
7806	7807	0.0137531
1864	7807	0.0137531
7807	7808	0.0137312
4348	7808	0.0137312
7748	7809	0.0137211
7808	7809	0.0137211
7809	7810	0.0137206
238	7810	0.0137206
2825	7810	0.0137206
7810	7811	0.0137197
2062	7811	0.0137197
7811	7812	0.013698
1149	7812	0.013698
7812	7813	0.0136725
438	7813	0.0136725
7813	7814	0.0136519
7787	7814	0.0136519
7814	7815	0.013647
4518	7815	0.013647
7815	7816	0.0136042
2827	7816	0.0136042
7816	7817	0.0136002
2326	7817	0.0136002
7817	7818	0.0135964
2983	7818	0.0135964
1165	7819	0.0135738
7818	7819	0.0135738
1183	7819	0.0135738
7819	7820	0.0135718
4777	7820	0.0135718
3189	7821	0.0135683
7820	7821	0.0135683
7821	7822	0.0135622
7736	7822	0.0135622
566	7822	0.0135622
3643	7823	0.0135442
7822	7823	0.0135442
548	7824	0.0135278
7823	7824	0.0135278
7737	7825	0.0139087
2371	7825	0.0139087
1951	7826	0.0138635
3169	7826	0.0138635
2991	7827	0.0139713
1193	7827	0.0139713
7824	7828	0.0135087
193	7828	0.0135087
2736	7829	0.0135079
7828	7829	0.0135079
3710	7830	0.0134924
7829	7830	0.0134924
2375	7831	0.0134906
7830	7831	0.0134906
7831	7832	0.0134797
3682	7832	0.0134797
7832	7833	0.0134726
1234	7833	0.0134726
451	7834	0.0134563
7833	7834	0.0134563
595	7835	0.0134515
7834	7835	0.0134515
7835	7836	0.0134488
2200	7836	0.0134488
7836	7837	0.0134394
4876	7837	0.0134394
7826	7838	0.0134497
649	7838	0.0134497
5083	7839	0.0134294
7837	7839	0.0134294
7839	7840	0.013419
469	7840	0.013419
7840	7841	0.0134164
1090	7841	0.0134164
7176	7842	0.0134133
7841	7842	0.0134133
7842	7843	0.0133838
2539	7843	0.0133838
7843	7844	0.0133821
2847	7844	0.0133821
5235	7845	0.0133764
7844	7845	0.0133764
7845	7846	0.0133714
3129	7846	0.0133714
7846	7847	0.0133628
7421	7847	0.0133628
7847	7848	0.0133438
7838	7848	0.0133438
5132	7849	0.0133401
7848	7849	0.0133401
7849	7850	0.0133355
4731	7850	0.0133355
7850	7851	0.0133278
1082	7851	0.0133278
7390	7851	0.0133278
1238	7851	0.0133278
7851	7852	0.0133168
48	7852	0.0133168
27	7853	0.0133143
7852	7853	0.0133143
360	7854	0.0133054
7853	7854	0.0133054
7854	7855	0.0133029
7075	7855	0.0133029
7827	7855	0.0133029
7855	7856	0.013275
3155	7856	0.013275
7150	7857	0.0132683
7856	7857	0.0132683
7857	7858	0.0132653
3069	7858	0.0132653
3179	7859	0.0132637
3180	7859	0.0132637
7858	7859	0.0132637
4904	7860	0.0132438
7859	7860	0.0132438
2271	7860	0.0132438
7860	7861	0.0132361
75	7861	0.0132361
7861	7862	0.0132261
4598	7862	0.0132261
7862	7863	0.0132106
79	7863	0.0132106
7863	7864	0.0131804
4282	7864	0.0131804
7864	7865	0.0131675
36	7865	0.0131675
7865	7866	0.0131456
516	7866	0.0131456
7866	7867	0.0131271
2270	7867	0.0131271
7867	7868	0.0131235
3940	7868	0.0131235
7868	7869	0.0130946
1678	7869	0.0130946
2782	7870	0.0130938
7869	7870	0.0130938
7870	7871	0.0130866
1122	7871	0.0130866
7871	7872	0.0130807
4166	7872	0.0130807
7538	7873	0.0130778
7872	7873	0.0130778
7873	7874	0.0130739
1826	7874	0.0130739
7874	7875	0.0130732
4824	7875	0.0130732
3281	7876	0.0130711
7875	7876	0.0130711
7114	7877	0.0130701
7876	7877	0.0130701
701	7878	0.0130547
7877	7878	0.0130547
7878	7879	0.0130446
746	7879	0.0130446
7879	7880	0.0130231
2188	7880	0.0130231
7745	7880	0.0130231
2396	7880	0.0130231
7880	7881	0.013012
15	7881	0.013012
1434	7882	0.0130101
7881	7882	0.0130101
7882	7883	0.0130004
2022	7883	0.0130004
1977	7883	0.0130004
7217	7884	0.0129862
7883	7884	0.0129862
1963	7885	0.0129792
7884	7885	0.0129792
7885	7886	0.0129781
1619	7886	0.0129781
3450	7887	0.0129717
4992	7887	0.0129717
7886	7888	0.0129717
2792	7888	0.0129717
7888	7889	0.0129508
76	7889	0.0129508
7889	7890	0.0129491
7740	7890	0.0129491
7054	7891	0.0129461
7890	7891	0.0129461
2061	7892	0.0129204
7891	7892	0.0129204
3412	7893	0.0129147
7892	7893	0.0129147
5060	7894	0.0129099
7893	7894	0.0129099
1505	7895	0.012907
7894	7895	0.012907
7895	7896	0.012904
1322	7896	0.012904
7896	7897	0.0129014
674	7897	0.0129014
7897	7898	0.0128918
7825	7898	0.0128918
7898	7899	0.01289
4258	7899	0.01289
7899	7900	0.0128784
1059	7900	0.0128784
7887	7901	0.0128776
7900	7901	0.0128776
254	7902	0.0128641
7901	7902	0.0128641
4611	7903	0.0128576
7902	7903	0.0128576
7903	7904	0.0128518
3345	7904	0.0128518
7034	7905	0.0132008
4223	7905	0.0132008
7037	7906	0.0156689
197	7906	0.0156689
1248	7907	0.0150854
43	7907	0.0150854
2626	7908	0.0151109
7272	7908	0.0151109
4888	7909	0.0152592
4325	7909	0.0152592
2907	7910	0.0153275
143	7910	0.0153275
7910	7911	0.0128736
4157	7911	0.0128736
2288	7912	0.0134783
1019	7912	0.0134783
7331	7913	0.0149086
1379	7913	0.0149086
878	7914	0.0145846
2974	7914	0.0145846
1643	7915	0.0161352
7479	7915	0.0161352
7381	7916	0.0154429
7915	7916	0.0154429
7916	7917	0.0145255
4590	7917	0.0145255
7917	7918	0.0142374
4570	7918	0.0142374
7918	7919	0.01361
4702	7919	0.01361
7919	7920	0.0134164
1121	7920	0.0134164
1155	7921	0.0144187
2151	7921	0.0144187
4935	7922	0.0151584
1862	7922	0.0151584
7922	7923	0.01398
3204	7923	0.01398
2117	7924	0.0138436
2444	7924	0.0138436
2367	7925	0.0147297
4044	7925	0.0147297
4920	7926	0.0138332
4867	7926	0.0138332
7401	7927	0.0123914
1319	7927	0.0123914
7904	7928	0.0128443
3699	7928	0.0128443
7928	7929	0.0128404
2129	7929	0.0128404
7929	7930	0.0128334
2383	7930	0.0128334
7930	7931	0.0128127
4937	7931	0.0128127
7076	7932	0.0127933
7931	7932	0.0127933
7932	7933	0.012777
1754	7933	0.012777
2111	7934	0.0127551
7933	7934	0.0127551
7934	7935	0.0127515
2840	7935	0.0127515
2968	7936	0.0127429
7935	7936	0.0127429
1942	7937	0.0127303
7936	7937	0.0127303
2442	7938	0.0128421
2795	7938	0.0128421
7937	7939	0.0127279
2050	7939	0.0127279
3550	7940	0.0127267
7939	7940	0.0127267
7940	7941	0.0127223
669	7941	0.0127223
4608	7942	0.0127163
7941	7942	0.0127163
7942	7943	0.0127144
7938	7943	0.0127144
7943	7944	0.0127088
781	7944	0.0127088
1274	7945	0.0127016
7944	7945	0.0127016
7945	7946	0.0126973
342	7946	0.0126973
3422	7947	0.0126831
3900	7947	0.0126831
7946	7947	0.0126831
7947	7948	0.0126812
1784	7948	0.0126812
2511	7948	0.0126812
842	7948	0.0126812
2095	7948	0.0126812
7925	7948	0.0126812
7948	7949	0.0126774
7906	7949	0.0126774
7949	7950	0.0126533
1533	7950	0.0126533
4212	7951	0.0126437
7950	7951	0.0126437
7951	7952	0.0126333
3822	7952	0.0126333
5161	7953	0.0126238
7952	7953	0.0126238
7953	7954	0.0126163
273	7954	0.0126163
7954	7955	0.0126113
812	7955	0.0126113
7955	7956	0.0126036
3173	7956	0.0126036
2047	7957	0.0125914
7956	7957	0.0125914
7957	7958	0.0125736
1937	7958	0.0125736
555	7958	0.0125736
7387	7959	0.012563
7958	7959	0.012563
2476	7960	0.0125598
900	7960	0.0125598
7959	7960	0.0125598
7960	7961	0.0125543
2024	7961	0.0125543
7961	7962	0.0125418
597	7962	0.0125418
7962	7963	0.0125401
1621	7963	0.0125401
685	7964	0.0125305
7963	7964	0.0125305
4779	7965	0.0125269
7964	7965	0.0125269
7965	7966	0.012519
2689	7966	0.012519
7914	7966	0.012519
7966	7967	0.0125123
66	7967	0.0125123
7967	7968	0.0125025
133	7968	0.0125025
7968	7969	0.0124952
1975	7969	0.0124952
7969	7970	0.012494
1767	7970	0.012494
732	7971	0.0124749
7970	7971	0.0124749
337	7972	0.0124691
7971	7972	0.0124691
888	7973	0.0124464
7972	7973	0.0124464
1266	7974	0.012434
7973	7974	0.012434
3085	7975	0.0124335
7974	7975	0.0124335
7975	7976	0.0124294
4825	7976	0.0124294
5226	7977	0.0124128
7976	7977	0.0124128
7977	7978	0.0124091
2905	7978	0.0124091
7978	7979	0.0124065
7397	7979	0.0124065
7979	7980	0.0124034
4561	7980	0.0124034
7268	7981	0.0123922
7980	7981	0.0123922
7981	7982	0.0123889
1311	7982	0.0123889
7982	7983	0.0123872
4718	7983	0.0123872
3478	7983	0.0123872
7983	7984	0.0123842
4639	7984	0.0123842
7984	7985	0.0123778
3744	7985	0.0123778
5184	7986	0.0123695
7985	7986	0.0123695
7986	7987	0.0123671
375	7987	0.0123671
4749	7988	0.0123664
7987	7988	0.0123664
7988	7989	0.0123597
1300	7989	0.0123597
2419	7990	0.0123529
7989	7990	0.0123529
7443	7991	0.0123445
7990	7991	0.0123445
7991	7992	0.0123431
369	7992	0.0123431
7992	7993	0.0123414
4229	7993	0.0123414
7993	7994	0.0123366
4886	7994	0.0123366
7994	7995	0.012329
7462	7995	0.012329
2481	7996	0.0123299
3272	7996	0.0123299
2344	7997	0.0123243
7995	7997	0.0123243
7997	7998	0.0123089
429	7998	0.0123089
7998	7999	0.0123005
3883	7999	0.0123005
7999	8000	0.0122776
3623	8000	0.0122776
8000	8001	0.0122757
7996	8001	0.0122757
8001	8002	0.0122727
1430	8002	0.0122727
3275	8003	0.012272
8002	8003	0.012272
4751	8004	0.0122661
8003	8004	0.0122661
4947	8005	0.0122612
5160	8005	0.0122612
8004	8005	0.0122612
4286	8006	0.0122432
8005	8006	0.0122432
8006	8007	0.0122366
58	8007	0.0122366
2094	8008	0.0122311
8007	8008	0.0122311
8008	8009	0.0122257
2103	8009	0.0122257
8009	8010	0.0122244
3435	8010	0.0122244
8010	8011	0.0122166
2692	8011	0.0122166
1691	8012	0.0124402
1175	8012	0.0124402
2228	8013	0.0125409
4860	8013	0.0125409
3512	8014	0.012069
1438	8014	0.012069
7534	8015	0.0122118
8011	8015	0.0122118
3587	8016	0.0122062
8015	8016	0.0122062
4215	8016	0.0122062
8016	8017	0.012195
8013	8017	0.012195
1129	8018	0.0121869
8017	8018	0.0121869
8018	8019	0.0121853
1410	8019	0.0121853
2764	8020	0.012168
8019	8020	0.012168
2800	8021	0.0121508
2908	8021	0.0121508
8020	8021	0.0121508
8021	8022	0.0121192
4826	8022	0.0121192
8022	8023	0.0121126
194	8023	0.0121126
8023	8024	0.0121077
1656	8024	0.0121077
8024	8025	0.012081
2266	8025	0.012081
8025	8026	0.0120638
4418	8026	0.0120638
8026	8027	0.0120485
232	8027	0.0120485
8027	8028	0.0120458
4554	8028	0.0120458
8028	8029	0.0120434
2155	8029	0.0120434
8029	8030	0.0120361
3461	8030	0.0120361
4583	8031	0.0120348
8030	8031	0.0120348
7385	8032	0.0121405
8012	8032	0.0121405
8031	8033	0.0120332
576	8033	0.0120332
1172	8034	0.0120132
8033	8034	0.0120132
3133	8035	0.0119934
8034	8035	0.0119934
8035	8036	0.0119842
7924	8036	0.0119842
4139	8037	0.0119753
8036	8037	0.0119753
157	8038	0.0119553
8037	8038	0.0119553
7227	8039	0.0119533
8038	8039	0.0119533
8039	8040	0.0119499
2788	8040	0.0119499
2070	8041	0.0119434
8040	8041	0.0119434
8041	8042	0.0119283
4978	8042	0.0119283
2192	8043	0.0119247
8042	8043	0.0119247
8043	8044	0.0119228
8032	8044	0.0119228
1203	8045	0.0119183
8044	8045	0.0119183
8045	8046	0.0119028
3786	8046	0.0119028
918	8047	0.0118978
8046	8047	0.0118978
5133	8048	0.011896
8047	8048	0.011896
8048	8049	0.0118932
762	8049	0.0118932
8049	8050	0.0118761
935	8050	0.0118761
704	8051	0.0118533
8050	8051	0.0118533
1291	8052	0.0118522
8051	8052	0.0118522
8014	8053	0.0118484
8052	8053	0.0118484
4581	8054	0.0118383
8053	8054	0.0118383
8054	8055	0.0118361
123	8055	0.0118361
8055	8056	0.0118312
1409	8056	0.0118312
1450	8056	0.0118312
7050	8057	0.0118169
8056	8057	0.0118169
8057	8058	0.0118027
2340	8058	0.0118027
8058	8059	0.0118007
2441	8059	0.0118007
8059	8060	0.011796
64	8060	0.011796
8060	8061	0.0117854
1182	8061	0.0117854
3244	8061	0.0117854
7537	8062	0.0117778
8061	8062	0.0117778
8062	8063	0.0117673
458	8063	0.0117673
8063	8064	0.0117608
7907	8064	0.0117608
8064	8065	0.01176
1791	8065	0.01176
3020	8066	0.0117345
8065	8066	0.0117345
8066	8067	0.0117312
3812	8067	0.0117312
2067	8068	0.0117168
8067	8068	0.0117168
8068	8069	0.0116985
274	8069	0.0116985
2312	8070	0.0116977
218	8070	0.0116977
8069	8070	0.0116977
8070	8071	0.0116947
2126	8071	0.0116947
8071	8072	0.0116833
3158	8072	0.0116833
8072	8073	0.0116807
554	8073	0.0116807
8073	8074	0.0116768
945	8074	0.0116768
7395	8075	0.0116698
8074	8075	0.0116698
7536	8076	0.0116435
8075	8076	0.0116435
17	8076	0.0116435
8076	8077	0.0116425
3339	8077	0.0116425
5193	8078	0.0116405
8077	8078	0.0116405
8078	8079	0.0116356
4375	8079	0.0116356
8079	8080	0.0116331
7926	8080	0.0116331
8080	8081	0.011631
7312	8081	0.011631
8081	8082	0.0116232
7905	8082	0.0116232
3996	8082	0.0116232
1515	8083	0.012186
100	8083	0.012186
4817	8084	0.0121052
459	8084	0.0121052
7296	8085	0.0117844
7921	8085	0.0117844
7913	8086	0.0116262
1598	8086	0.0116262
2852	8087	0.0127794
7920	8087	0.0127794
8087	8088	0.0127507
4815	8088	0.0127507
2811	8089	0.0124121
8088	8089	0.0124121
8089	8090	0.0121814
2196	8090	0.0121814
7403	8091	0.0127287
7477	8091	0.0127287
3463	8092	0.0127703
7923	8092	0.0127703
2205	8093	0.0116534
4406	8093	0.0116534
3544	8094	0.0125323
3560	8094	0.0125323
8082	8095	0.0116157
437	8095	0.0116157
8095	8096	0.0116119
7278	8096	0.0116119
3270	8096	0.0116119
2661	8097	0.0115995
8096	8097	0.0115995
4964	8098	0.0115959
8097	8098	0.0115959
144	8099	0.0115882
8098	8099	0.0115882
8099	8100	0.0115811
145	8100	0.0115811
1953	8101	0.0115805
8100	8101	0.0115805
5189	8102	0.0115727
8101	8102	0.0115727
4552	8103	0.0115594
8102	8103	0.0115594
8103	8104	0.0115358
485	8104	0.0115358
1484	8105	0.0115233
8104	8105	0.0115233
1569	8105	0.0115233
4373	8106	0.0115203
8105	8106	0.0115203
8106	8107	0.0115172
820	8107	0.0115172
8083	8107	0.0115172
8107	8108	0.0115109
3092	8108	0.0115109
8108	8109	0.0114974
8094	8109	0.0114974
2368	8110	0.0114965
8109	8110	0.0114965
1369	8111	0.0114946
8110	8111	0.0114946
1207	8112	0.0114891
8111	8112	0.0114891
89	8113	0.0114862
8112	8113	0.0114862
8113	8114	0.0114841
3846	8114	0.0114841
4495	8115	0.011464
8114	8115	0.011464
7405	8116	0.0114566
8115	8116	0.0114566
8116	8117	0.0114555
7912	8117	0.0114555
2291	8117	0.0114555
7388	8118	0.0114546
8117	8118	0.0114546
2966	8119	0.0114499
8118	8119	0.0114499
4097	8120	0.0114299
8119	8120	0.0114299
2133	8121	0.0114248
8120	8121	0.0114248
7270	8122	0.0114068
8121	8122	0.0114068
4260	8123	0.0113891
8122	8123	0.0113891
8123	8124	0.0113794
3798	8124	0.0113794
8124	8125	0.0113768
2779	8125	0.0113768
8125	8126	0.0113656
2405	8126	0.0113656
8126	8127	0.0113615
7911	8127	0.0113615
8127	8128	0.0113522
1446	8128	0.0113522
8128	8129	0.011343
1308	8129	0.011343
8129	8130	0.0113333
584	8130	0.0113333
8130	8131	0.0113316
2522	8131	0.0113316
8131	8132	0.0113267
1005	8132	0.0113267
8132	8133	0.0113183
733	8133	0.0113183
8133	8134	0.0113022
4656	8134	0.0113022
8134	8135	0.0113
3899	8135	0.0113
8135	8136	0.0112947
1998	8136	0.0112947
5180	8137	0.0112935
8136	8137	0.0112935
2077	8137	0.0112935
3655	8138	0.0112914
8137	8138	0.0112914
8138	8139	0.0112896
525	8139	0.0112896
8139	8140	0.0112886
1777	8140	0.0112886
3446	8141	0.0112879
8140	8141	0.0112879
8141	8142	0.0112371
8086	8142	0.0112371
8090	8142	0.0112371
8142	8143	0.0112335
1924	8143	0.0112335
7908	8144	0.0112322
8143	8144	0.0112322
827	8144	0.0112322
7340	8144	0.0112322
862	8144	0.0112322
8144	8145	0.01122
1388	8145	0.01122
8145	8146	0.0111951
1662	8146	0.0111951
8146	8147	0.0111934
3817	8147	0.0111934
4864	8147	0.0111934
8147	8148	0.0111923
7230	8148	0.0111923
282	8148	0.0111923
2546	8148	0.0111923
8148	8149	0.0111581
8085	8149	0.0111581
3150	8150	0.0111417
8149	8150	0.0111417
7374	8151	0.0111324
8150	8151	0.0111324
872	8152	0.0111153
8151	8152	0.0111153
8152	8153	0.0111129
380	8153	0.0111129
2668	8153	0.0111129
8153	8154	0.0110998
3125	8154	0.0110998
8154	8155	0.0110968
4781	8155	0.0110968
1615	8155	0.0110968
2350	8156	0.0110893
2449	8156	0.0110893
8155	8156	0.0110893
4716	8156	0.0110893
8156	8157	0.0110845
1069	8157	0.0110845
8157	8158	0.0110604
1184	8158	0.0110604
5234	8159	0.0110387
8158	8159	0.0110387
8159	8160	0.0110327
51	8160	0.0110327
537	8161	0.0110928
471	8161	0.0110928
2569	8162	0.0110871
2677	8162	0.0110871
2742	8163	0.0109447
7346	8163	0.0109447
8160	8164	0.0110265
3142	8164	0.0110265
8164	8165	0.0110235
3166	8165	0.0110235
8165	8166	0.0110192
4725	8166	0.0110192
1562	8166	0.0110192
8166	8167	0.011015
200	8167	0.011015
5249	8168	0.0110015
8167	8168	0.0110015
754	8169	0.0109929
8168	8169	0.0109929
1236	8169	0.0109929
8169	8170	0.0109863
2480	8170	0.0109863
8170	8171	0.0109844
2045	8171	0.0109844
8171	8172	0.0109825
1776	8172	0.0109825
8172	8173	0.0109803
2456	8173	0.0109803
8173	8174	0.0109732
1210	8174	0.0109732
8174	8175	0.0109537
8161	8175	0.0109537
8175	8176	0.0109513
4311	8176	0.0109513
8176	8177	0.0109473
4691	8177	0.0109473
8177	8178	0.0109435
1282	8178	0.0109435
8162	8178	0.0109435
7301	8179	0.0109359
8178	8179	0.0109359
3679	8180	0.0109237
8179	8180	0.0109237
8180	8181	0.0109206
1947	8181	0.0109206
4169	8181	0.0109206
8084	8181	0.0109206
8181	8182	0.0109084
4903	8182	0.0109084
2478	8183	0.0109005
1407	8183	0.0109005
8182	8184	0.0108976
1974	8184	0.0108976
4637	8185	0.0108922
8184	8185	0.0108922
8185	8186	0.0108777
8183	8186	0.0108777
2709	8186	0.0108777
4874	8187	0.0108662
8186	8187	0.0108662
1911	8188	0.010853
8187	8188	0.010853
2772	8189	0.0108456
8188	8189	0.0108456
8189	8190	0.0108205
4136	8190	0.0108205
2890	8191	0.0108079
8190	8191	0.0108079
8191	8192	0.0107946
2550	8192	0.0107946
8192	8193	0.010786
1052	8193	0.010786
7909	8194	0.0110015
1177	8194	0.0110015
2594	8195	0.0107843
8193	8195	0.0107843
8195	8196	0.0107832
495	8196	0.0107832
8196	8197	0.0107623
659	8197	0.0107623
4585	8198	0.0107613
8197	8198	0.0107613
7927	8199	0.0107564
8198	8199	0.0107564
2618	8200	0.0107545
8199	8200	0.0107545
8200	8201	0.0107327
2293	8201	0.0107327
8201	8202	0.0107317
8092	8202	0.0107317
1742	8202	0.0107317
3202	8203	0.0107307
8202	8203	0.0107307
2190	8204	0.0107268
8203	8204	0.0107268
4389	8205	0.0107174
8204	8205	0.0107174
4111	8206	0.0106943
8205	8206	0.0106943
8206	8207	0.0106858
4741	8207	0.0106858
8207	8208	0.0106821
314	8208	0.0106821
8208	8209	0.0106697
816	8209	0.0106697
8209	8210	0.0106648
2514	8210	0.0106648
8210	8211	0.0106619
3666	8211	0.0106619
2712	8212	0.0106517
8211	8212	0.0106517
8212	8213	0.010644
2191	8213	0.010644
8213	8214	0.0106402
3950	8214	0.0106402
8214	8215	0.0106372
811	8215	0.0106372
7369	8216	0.0106174
8215	8216	0.0106174
8216	8217	0.0106
8194	8217	0.0106
2254	8217	0.0106
2644	8218	0.01058
8217	8218	0.01058
8091	8219	0.0105734
8218	8219	0.0105734
1822	8220	0.0105549
8219	8220	0.0105549
8220	8221	0.0105371
8093	8221	0.0105371
5071	8222	0.010518
8221	8222	0.010518
8222	8223	0.0105172
875	8223	0.0105172
8163	8224	0.0105144
8223	8224	0.0105144
3176	8225	0.0105113
8224	8225	0.0105113
8225	8226	0.0104996
3016	8226	0.0104996
8226	8227	0.0104877
4441	8227	0.0104877
7038	8228	0.0134964
3891	8228	0.0134964
8228	8229	0.0109253
1353	8229	0.0109253
7283	8230	0.0147391
3231	8230	0.0147391
7042	8231	0.013698
7244	8231	0.013698
386	8232	0.0133424
1958	8232	0.0133424
81	8233	0.0130608
8232	8233	0.0130608
167	8234	0.0105707
8233	8234	0.0105707
2750	8235	0.0105566
8234	8235	0.0105566
5041	8236	0.0141106
4462	8236	0.0141106
8236	8237	0.0115119
5028	8237	0.0115119
7225	8238	0.0156839
211	8238	0.0156839
1152	8239	0.0142981
4984	8239	0.0142981
8239	8240	0.0133915
2572	8240	0.0133915
8240	8241	0.0119753
243	8241	0.0119753
2060	8241	0.0119753
8241	8242	0.011526
4657	8242	0.011526
8242	8243	0.0110338
1111	8243	0.0110338
8243	8244	0.0109836
1506	8244	0.0109836
1511	8245	0.0134868
2057	8245	0.0134868
8245	8246	0.0121396
3229	8246	0.0121396
4371	8247	0.01089
8246	8247	0.01089
8247	8248	0.0105256
4587	8248	0.0105256
542	8249	0.0135594
4717	8249	0.0135594
3154	8250	0.0144349
1242	8250	0.0144349
8250	8251	0.0114068
973	8251	0.0114068
3058	8252	0.0164652
1147	8252	0.0164652
1219	8253	0.016436
8252	8253	0.016436
4330	8254	0.0109529
3944	8254	0.0109529
1689	8255	0.0152547
4265	8255	0.0152547
2039	8256	0.0107204
1714	8256	0.0107204
3278	8257	0.0153431
3734	8257	0.0153431
4932	8258	0.0140651
4924	8258	0.0140651
7482	8259	0.0115594
8258	8259	0.0115594
8259	8260	0.0109732
4933	8260	0.0109732
1604	8261	0.0103836
7215	8261	0.0103836
7189	8262	0.0102415
210	8262	0.0102415
4221	8263	0.0098894
3206	8263	0.0098894
7108	8264	0.00996049
8260	8264	0.00996049
3429	8265	0.00888642
8264	8265	0.00888642
2565	8266	0.00999438
5125	8266	0.00999438
7319	8267	0.0104734
7532	8267	0.0104734
8227	8267	0.0104734
1531	8268	0.0104704
8267	8268	0.0104704
2999	8269	0.0104696
8268	8269	0.0104696
3650	8270	0.0104676
8269	8270	0.0104676
8270	8271	0.0104615
393	8271	0.0104615
8271	8272	0.0104504
4758	8272	0.0104504
8272	8273	0.0104475
3464	8273	0.0104475
1793	8273	0.0104475
7237	8274	0.0104435
8273	8274	0.0104435
5233	8275	0.0104379
8274	8275	0.0104379
4042	8276	0.0104372
8275	8276	0.0104372
1623	8277	0.0104358
8276	8277	0.0104358
4192	8278	0.0104332
8277	8278	0.0104332
8278	8279	0.0104286
2649	8279	0.0104286
8279	8280	0.0104026
3761	8280	0.0104026
5065	8281	0.0103969
7444	8281	0.0103969
8280	8281	0.0103969
1548	8282	0.010394
8281	8282	0.010394
4470	8283	0.010388
3546	8283	0.010388
8282	8284	0.0103827
8283	8284	0.0103827
8284	8285	0.0103495
2533	8285	0.0103495
8285	8286	0.0103434
1373	8286	0.0103434
8286	8287	0.0103235
1638	8287	0.0103235
8287	8288	0.0103197
3681	8288	0.0103197
819	8289	0.010271
7362	8289	0.010271
8288	8289	0.010271
8289	8290	0.0102586
1968	8290	0.0102586
1302	8291	0.0102542
8290	8291	0.0102542
8291	8292	0.010252
884	8292	0.010252
8292	8293	0.0102474
4233	8293	0.0102474
8293	8294	0.0102425
1782	8294	0.0102425
8294	8295	0.0102415
1997	8295	0.0102415
4275	8296	0.0102396
8295	8296	0.0102396
2581	8297	0.0102366
8296	8297	0.0102366
8297	8298	0.0102361
1215	8298	0.0102361
8298	8299	0.0102246
8229	8299	0.0102246
8299	8300	0.0102147
7398	8300	0.0102147
4049	8300	0.0102147
3704	8301	0.0101939
8300	8301	0.0101939
3445	8302	0.0101809
8301	8302	0.0101809
8302	8303	0.0101786
4977	8303	0.0101786
8303	8304	0.0101728
3397	8304	0.0101728
1435	8305	0.0101703
8304	8305	0.0101703
7526	8306	0.0101613
8305	8306	0.0101613
4456	8306	0.0101613
8306	8307	0.0101589
4582	8307	0.0101589
4075	8308	0.0101482
8307	8308	0.0101482
4939	8309	0.0101378
8308	8309	0.0101378
8309	8310	0.0101117
37	8310	0.0101117
8237	8311	0.0101321
2881	8311	0.0101321
8310	8312	0.010088
8230	8312	0.010088
8231	8312	0.010088
241	8312	0.010088
652	8312	0.010088
1744	8312	0.010088
3105	8312	0.010088
8311	8312	0.010088
2657	8313	0.0100756
8312	8313	0.0100756
8313	8314	0.0100718
840	8314	0.0100718
7025	8315	0.0100673
8314	8315	0.0100673
8315	8316	0.0100621
3517	8316	0.0100621
2799	8317	0.0100546
8316	8317	0.0100546
8317	8318	0.00999643
159	8318	0.00999643
8318	8319	0.00998664
4206	8319	0.00998664
780	8320	0.0099824
8319	8320	0.0099824
7344	8321	0.00998021
8320	8321	0.00998021
3130	8321	0.00998021
8321	8322	0.00997149
1485	8322	0.00997149
1812	8323	0.00995631
8322	8323	0.00995631
8323	8324	0.0099466
101	8324	0.0099466
8324	8325	0.00993805
2142	8325	0.00993805
8325	8326	0.00993064
2646	8326	0.00993064
8326	8327	0.00992971
1888	8327	0.00992971
1349	8328	0.00992873
8327	8328	0.00992873
1921	8329	0.0099192
8328	8329	0.0099192
8329	8330	0.00989713
1679	8330	0.00989713
4709	8331	0.00988201
8330	8331	0.00988201
1527	8332	0.00987563
8331	8332	0.00987563
7143	8333	0.00987272
8332	8333	0.00987272
8333	8334	0.00986844
2083	8334	0.00986844
8334	8335	0.00986307
8238	8335	0.00986307
1849	8336	0.00985932
1455	8336	0.00985932
8335	8336	0.00985932
8336	8337	0.00985726
2256	8337	0.00985726
3343	8338	0.0098487
8337	8338	0.0098487
8338	8339	0.00984639
1883	8339	0.00984639
8339	8340	0.00984307
4714	8340	0.00984307
8340	8341	0.00982204
2635	8341	0.00982204
3909	8342	0.0098103
8341	8342	0.0098103
8342	8343	0.00980734
4810	8343	0.00980734
703	8344	0.00980305
8343	8344	0.00980305
601	8345	0.00980082
8344	8345	0.00980082
8345	8346	0.00979807
654	8346	0.00979807
8346	8347	0.00979056
3513	8347	0.00979056
3581	8347	0.00979056
7200	8348	0.00976091
8347	8348	0.00976091
7438	8349	0.00975964
4070	8349	0.00975964
8348	8349	0.00975964
2917	8350	0.00975635
8349	8350	0.00975635
8350	8351	0.00975234
2670	8351	0.00975234
3104	8351	0.00975234
4355	8351	0.00975234
8351	8352	0.00973226
188	8352	0.00973226
8352	8353	0.0097181
5047	8353	0.0097181
8353	8354	0.00971305
1944	8354	0.00971305
8354	8355	0.00970258
8249	8355	0.00970258
8355	8356	0.00968894
672	8356	0.00968894
8356	8357	0.00967989
1305	8357	0.00967989
8357	8358	0.00967308
284	8358	0.00967308
8358	8359	0.00966174
1017	8359	0.00966174
8359	8360	0.00965013
4067	8360	0.00965013
4560	8361	0.00964622
8360	8361	0.00964622
7252	8362	0.00964444
8361	8362	0.00964444
8362	8363	0.00963588
4227	8363	0.00963588
8363	8364	0.00961513
3050	8364	0.00961513
8364	8365	0.00961094
2069	8365	0.00961094
8365	8366	0.0096073
3263	8366	0.0096073
7520	8367	0.00960664
8366	8367	0.00960664
7518	8368	0.00960262
8367	8368	0.00960262
8248	8369	0.00965284
1872	8369	0.00965284
8368	8370	0.00960068
745	8370	0.00960068
8370	8371	0.00959957
3516	8371	0.00959957
2882	8372	0.00959563
8371	8372	0.00959563
4930	8373	0.00958348
8372	8373	0.00958348
908	8374	0.00957117
8373	8374	0.00957117
8374	8375	0.00957027
410	8375	0.00957027
863	8376	0.00956829
8375	8376	0.00956829
8376	8377	0.00956334
2010	8377	0.00956334
7521	8378	0.0095159
8377	8378	0.0095159
8378	8379	0.00950608
2181	8379	0.00950608
3084	8380	0.00949585
8379	8380	0.00949585
8380	8381	0.00949201
3465	8381	0.00949201
8381	8382	0.00948865
2559	8382	0.00948865
8382	8383	0.00948498
2951	8383	0.00948498
8383	8384	0.00948425
8254	8384	0.00948425
8384	8385	0.00947583
3816	8385	0.00947583
2230	8386	0.00946622
8385	8386	0.00946622
8386	8387	0.00945954
3303	8387	0.00945954
2403	8388	0.00945004
8387	8388	0.00945004
8388	8389	0.00941921
8369	8389	0.00941921
3730	8390	0.00941563
8389	8390	0.00941563
3561	8391	0.0094128
1779	8391	0.0094128
8390	8391	0.0094128
8391	8392	0.00940805
2842	8392	0.00940805
8392	8393	0.00938024
13	8393	0.00938024
8266	8394	0.00934402
8393	8394	0.00934402
8394	8395	0.00933759
4875	8395	0.00933759
7515	8396	0.00933557
8395	8396	0.00933557
3090	8396	0.00933557
8396	8397	0.0093193
982	8397	0.0093193
8397	8398	0.00930128
4022	8398	0.00930128
8398	8399	0.0092973
2262	8399	0.0092973
3393	8400	0.00929366
8399	8400	0.00929366
8400	8401	0.00929102
4900	8401	0.00929102
1589	8402	0.0097534
176	8402	0.0097534
7293	8403	0.0093918
2065	8403	0.0093918
8244	8404	0.0102768
4970	8404	0.0102768
8404	8405	0.00978948
3696	8405	0.00978948
2260	8406	0.0094668
8405	8406	0.0094668
8406	8407	0.00935297
1866	8407	0.00935297
561	8408	0.0101843
343	8408	0.0101843
2921	8409	0.0103991
2528	8409	0.0103991
3748	8410	0.0089227
3236	8410	0.0089227
8401	8411	0.00926787
4556	8411	0.00926787
8411	8412	0.00925916
2240	8412	0.00925916
8412	8413	0.00924784
1243	8413	0.00924784
1985	8414	0.00924217
8413	8414	0.00924217
8414	8415	0.00923895
2591	8415	0.00923895
5178	8416	0.00923561
217	8416	0.00923561
8415	8416	0.00923561
2426	8417	0.00923258
8416	8417	0.00923258
8417	8418	0.00923145
491	8418	0.00923145
8418	8419	0.00919504
4567	8419	0.00919504
8419	8420	0.00919249
4969	8420	0.00919249
8420	8421	0.00916871
8402	8421	0.00916871
8421	8422	0.00915907
4784	8422	0.00915907
7303	8423	0.00915721
8422	8423	0.00915721
1683	8424	0.00915534
8423	8424	0.00915534
464	8425	0.0091533
8424	8425	0.0091533
7239	8426	0.00913818
8425	8426	0.00913818
1230	8427	0.00913248
8426	8427	0.00913248
3592	8428	0.00912314
8427	8428	0.00912314
7516	8429	0.00911718
8428	8429	0.00911718
8429	8430	0.00910858
1392	8430	0.00910858
84	8431	0.00910481
8430	8431	0.00910481
2777	8431	0.00910481
2990	8432	0.00909047
8431	8432	0.00909047
295	8432	0.00909047
8432	8433	0.00908765
5048	8433	0.00908765
8433	8434	0.00907622
1896	8434	0.00907622
8434	8435	0.00907149
5052	8435	0.00907149
5040	8435	0.00907149
2335	8436	0.00906163
8435	8436	0.00906163
8436	8437	0.00904765
2216	8437	0.00904765
8437	8438	0.00904643
1706	8438	0.00904643
8438	8439	0.00904159
4239	8439	0.00904159
8439	8440	0.00903897
858	8440	0.00903897
5066	8441	0.00902963
8440	8441	0.00902963
557	8442	0.00920967
8408	8442	0.00920967
8441	8443	0.00901889
421	8443	0.00901889
880	8444	0.00900168
8443	8444	0.00900168
1802	8444	0.00900168
8444	8445	0.00898363
1044	8445	0.00898363
763	8446	0.00898067
8445	8446	0.00898067
8446	8447	0.00897883
1507	8447	0.00897883
8447	8448	0.00897598
4131	8448	0.00897598
4915	8449	0.00894826
8448	8449	0.00894826
4428	8450	0.00893636
8449	8450	0.00893636
1422	8451	0.00893398
8450	8451	0.00893398
1831	8451	0.00893398
2964	8451	0.00893398
8442	8451	0.00893398
1836	8451	0.00893398
8451	8452	0.0089235
12	8452	0.0089235
1893	8453	0.00891957
8452	8453	0.00891957
7116	8454	0.00891778
8453	8454	0.00891778
7433	8455	0.00890553
8454	8455	0.00890553
7316	8456	0.00889952
8455	8456	0.00889952
8456	8457	0.00889876
1538	8457	0.00889876
2515	8458	0.00889777
8457	8458	0.00889777
4993	8459	0.00889031
8458	8459	0.00889031
1189	8460	0.00888152
8459	8460	0.00888152
8460	8461	0.00887403
3718	8461	0.00887403
8461	8462	0.00887205
3321	8462	0.00887205
3724	8462	0.00887205
8462	8463	0.00887015
3969	8463	0.00887015
4727	8463	0.00887015
3793	8463	0.00887015
8255	8463	0.00887015
8463	8464	0.0088694
3134	8464	0.0088694
640	8465	0.00884549
8464	8465	0.00884549
7349	8466	0.00882612
8465	8466	0.00882612
7437	8467	0.00882067
8466	8467	0.00882067
4620	8468	0.00881639
8467	8468	0.00881639
2084	8468	0.00881639
4423	8469	0.00881478
8468	8469	0.00881478
8469	8470	0.0087903
4604	8470	0.0087903
8470	8471	0.00877962
138	8471	0.00877962
7175	8472	0.00877377
8471	8472	0.00877377
8472	8473	0.00876702
1720	8473	0.00876702
1180	8474	0.0087452
8473	8474	0.0087452
2	8475	0.00874053
8474	8475	0.00874053
4341	8476	0.00873939
8475	8476	0.00873939
8407	8477	0.00886544
3723	8477	0.00886544
8477	8478	0.00875087
353	8478	0.00875087
2547	8479	0.00873837
8476	8479	0.00873837
8479	8480	0.00873768
8409	8480	0.00873768
1909	8481	0.00871967
8480	8481	0.00871967
2926	8482	0.00871882
8481	8482	0.00871882
7262	8483	0.00871091
7530	8483	0.00871091
8482	8483	0.00871091
8483	8484	0.00870907
905	8484	0.00870907
8484	8485	0.00870514
3785	8485	0.00870514
127	8486	0.00868989
332	8486	0.00868989
8485	8486	0.00868989
8486	8487	0.00868051
2883	8487	0.00868051
65	8488	0.00867836
8487	8488	0.00867836
8488	8489	0.00866898
5020	8489	0.00866898
8489	8490	0.00865347
2324	8490	0.00865347
3917	8491	0.0086517
7373	8491	0.0086517
8490	8491	0.0086517
8491	8492	0.00865062
526	8492	0.00865062
1362	8492	0.00865062
7247	8493	0.00864817
8492	8493	0.00864817
8493	8494	0.00862962
4791	8494	0.00862962
8494	8495	0.00862126
4994	8495	0.00862126
8235	8495	0.00862126
8253	8495	0.00862126
3322	8495	0.00862126
3136	8496	0.00860311
8495	8496	0.00860311
8496	8497	0.0086012
2517	8497	0.0086012
8497	8498	0.0085946
3974	8498	0.0085946
8498	8499	0.00857739
4837	8499	0.00857739
8499	8500	0.0085734
1447	8500	0.0085734
8410	8501	0.00855537
8500	8501	0.00855537
4813	8502	0.00854908
8501	8502	0.00854908
8502	8503	0.00853514
3172	8503	0.00853514
8503	8504	0.00852285
4577	8504	0.00852285
8504	8505	0.00851919
2589	8505	0.00851919
8505	8506	0.00851617
2967	8506	0.00851617
8506	8507	0.00850983
4682	8507	0.00850983
8403	8507	0.00850983
8478	8507	0.00850983
8507	8508	0.00848889
702	8508	0.00848889
599	8509	0.00848785
8508	8509	0.00848785
8509	8510	0.00848693
3853	8510	0.00848693
8510	8511	0.00848204
2299	8511	0.00848204
4712	8512	0.00847823
8511	8512	0.00847823
8512	8513	0.00847173
1993	8513	0.00847173
8513	8514	0.00846776
4839	8514	0.00846776
3230	8515	0.00845915
8514	8515	0.00845915
8515	8516	0.00844975
195	8516	0.00844975
1939	8516	0.00844975
1520	8517	0.00844653
8516	8517	0.00844653
8517	8518	0.00844385
3632	8518	0.00844385
4669	8519	0.008441
4750	8519	0.008441
8518	8519	0.008441
1304	8520	0.00843711
8519	8520	0.00843711
1748	8521	0.00843621
8520	8521	0.00843621
4732	8522	0.00843333
8521	8522	0.00843333
2416	8522	0.00843333
8522	8523	0.00842382
3716	8523	0.00842382
8523	8524	0.00842018
1167	8524	0.00842018
1405	8525	0.00838945
8524	8525	0.00838945
8525	8526	0.00835692
4180	8526	0.00835692
8526	8527	0.00835515
220	8527	0.00835515
8527	8528	0.00835023
4309	8528	0.00835023
214	8529	0.00834947
8528	8529	0.00834947
462	8530	0.00834756
8529	8530	0.00834756
1271	8531	0.00834672
8530	8531	0.00834672
8531	8532	0.00833994
1474	8532	0.00833994
8532	8533	0.00832847
3953	8533	0.00832847
8533	8534	0.00831721
370	8534	0.00831721
319	8535	0.00849255
4642	8535	0.00849255
643	8536	0.00894926
7286	8536	0.00894926
3753	8537	0.00787173
7353	8537	0.00787173
4578	8538	0.00830791
8534	8538	0.00830791
8538	8539	0.00829502
565	8539	0.00829502
8539	8540	0.00829333
1058	8540	0.00829333
967	8541	0.0082741
8540	8541	0.0082741
8541	8542	0.00825386
2680	8542	0.00825386
8542	8543	0.00824359
2560	8543	0.00824359
454	8544	0.00824162
8543	8544	0.00824162
2789	8545	0.00822804
8544	8545	0.00822804
699	8546	0.00822717
8545	8546	0.00822717
8546	8547	0.0082262
5042	8547	0.0082262
8547	8548	0.00820239
2306	8548	0.00820239
8548	8549	0.00818086
3483	8549	0.00818086
226	8549	0.00818086
678	8549	0.00818086
7391	8550	0.0081797
8549	8550	0.0081797
7238	8551	0.00817296
1756	8551	0.00817296
8550	8551	0.00817296
8551	8552	0.0081712
4084	8552	0.0081712
8552	8553	0.00816804
4242	8553	0.00816804
8553	8554	0.00816535
3580	8554	0.00816535
3110	8555	0.00814835
8554	8555	0.00814835
8555	8556	0.00812648
252	8556	0.00812648
7531	8557	0.00812265
8556	8557	0.00812265
7383	8558	0.00809867
3227	8558	0.00809867
8557	8558	0.00809867
8558	8559	0.00808453
835	8559	0.00808453
8559	8560	0.0080775
2378	8560	0.0080775
4247	8561	0.00807268
8560	8561	0.00807268
8561	8562	0.00806519
1964	8562	0.00806519
8562	8563	0.00806137
3610	8563	0.00806137
5251	8564	0.00805758
1040	8564	0.00805758
8563	8564	0.00805758
8564	8565	0.00804608
2021	8565	0.00804608
4434	8566	0.0080451
8565	8566	0.0080451
786	8567	0.00804051
8566	8567	0.00804051
8567	8568	0.00803278
4038	8568	0.00803278
8568	8569	0.0080203
3911	8569	0.0080203
8569	8570	0.00798883
8535	8570	0.00798883
8570	8571	0.00798711
1740	8571	0.00798711
3282	8572	0.00798402
8571	8572	0.00798402
2180	8573	0.0079829
8572	8573	0.0079829
8257	8574	0.00796986
8573	8574	0.00796986
1068	8575	0.00796878
8574	8575	0.00796878
7533	8576	0.00796509
8575	8576	0.00796509
3554	8577	0.00796316
8576	8577	0.00796316
8577	8578	0.00795078
4721	8578	0.00795078
8578	8579	0.00793934
8256	8579	0.00793934
8579	8580	0.00790793
2510	8580	0.00790793
334	8581	0.00789932
8580	8581	0.00789932
1653	8582	0.00789841
8581	8582	0.00789841
7334	8583	0.00789644
8582	8583	0.00789644
4929	8583	0.00789644
384	8584	0.00786863
8583	8584	0.00786863
4494	8585	0.00785345
8584	8585	0.00785345
8585	8586	0.00785261
312	8586	0.00785261
8586	8587	0.00785162
2333	8587	0.00785162
8587	8588	0.0078477
1659	8588	0.0078477
8588	8589	0.00784298
3685	8589	0.00784298
8589	8590	0.0078402
1206	8590	0.0078402
8590	8591	0.00783241
1988	8591	0.00783241
8591	8592	0.00782585
5016	8592	0.00782585
8592	8593	0.00778866
2140	8593	0.00778866
7231	8594	0.00777723
8593	8594	0.00777723
8594	8595	0.00777623
199	8595	0.00777623
3991	8596	0.00791735
1204	8596	0.00791735
7417	8597	0.0077753
8595	8597	0.0077753
8597	8598	0.00776825
3719	8598	0.00776825
887	8599	0.0077599
8598	8599	0.0077599
7321	8599	0.0077599
8251	8599	0.0077599
1320	8600	0.00774293
8599	8600	0.00774293
4360	8601	0.00773621
8600	8601	0.00773621
3327	8601	0.00773621
1994	8602	0.00772564
8601	8602	0.00772564
8602	8603	0.00772476
7256	8603	0.00772476
3064	8603	0.00772476
1093	8604	0.00770288
8603	8604	0.00770288
1412	8605	0.00770097
8604	8605	0.00770097
2185	8605	0.00770097
8537	8606	0.00769241
8605	8606	0.00769241
8606	8607	0.00769045
1168	8607	0.00769045
8607	8608	0.00767229
1847	8608	0.00767229
4046	8609	0.00767125
8608	8609	0.00767125
8609	8610	0.00767047
4350	8610	0.00767047
8610	8611	0.00766383
4927	8611	0.00766383
8611	8612	0.007655
2849	8612	0.007655
4123	8613	0.00765135
8612	8613	0.00765135
8613	8614	0.00764656
552	8614	0.00764656
4603	8615	0.00764563
8614	8615	0.00764563
2488	8616	0.00763989
8615	8616	0.00763989
8616	8617	0.00763916
3601	8617	0.00763916
8617	8618	0.00763143
97	8618	0.00763143
546	8618	0.00763143
3458	8619	0.00762942
8618	8619	0.00762942
3022	8620	0.00762273
8619	8620	0.00762273
8620	8621	0.00762087
8596	8621	0.00762087
8265	8622	0.0076135
8621	8622	0.0076135
4476	8622	0.0076135
8622	8623	0.00760264
3837	8623	0.00760264
8623	8624	0.0075919
7267	8624	0.0075919
850	8625	0.0075913
8624	8625	0.0075913
2279	8626	0.00758167
8625	8626	0.00758167
7456	8627	0.00757515
8626	8627	0.00757515
8627	8628	0.00756455
518	8628	0.00756455
2004	8629	0.00754667
8628	8629	0.00754667
7338	8630	0.00753865
8629	8630	0.00753865
8630	8631	0.00751696
2660	8631	0.00751696
7026	8632	0.00751113
8631	8632	0.00751113
8632	8633	0.00749853
1114	8633	0.00749853
8633	8634	0.00748998
2946	8634	0.00748998
3885	8635	0.00748131
8634	8635	0.00748131
8635	8636	0.00747759
2602	8636	0.00747759
8636	8637	0.00746989
569	8637	0.00746989
8263	8638	0.00745864
8637	8638	0.00745864
8638	8639	0.00745775
5002	8639	0.00745775
2931	8640	0.00745108
8639	8640	0.00745108
8640	8641	0.00744149
4833	8641	0.00744149
8641	8642	0.00743193
1580	8642	0.00743193
3813	8642	0.00743193
8642	8643	0.00741585
979	8643	0.00741585
8643	8644	0.00740902
3099	8644	0.00740902
3073	8645	0.00740553
8644	8645	0.00740553
5051	8646	0.00738062
8645	8646	0.00738062
8646	8647	0.00737956
2477	8647	0.00737956
2801	8648	0.00737457
8647	8648	0.00737457
3606	8649	0.00737386
8648	8649	0.00737386
8649	8650	0.00737214
4012	8650	0.00737214
5239	8651	0.00735286
8650	8651	0.00735286
8651	8652	0.00735181
751	8652	0.00735181
2410	8653	0.00783923
8536	8653	0.00783923
8652	8654	0.0073481
2356	8654	0.0073481
8654	8655	0.00734339
475	8655	0.00734339
8655	8656	0.00731771
3656	8656	0.00731771
8261	8657	0.007303
8656	8657	0.007303
8657	8658	0.00730143
4963	8658	0.00730143
3333	8659	0.00729684
8658	8659	0.00729684
8659	8660	0.00729178
4213	8660	0.00729178
8660	8661	0.00728675
1237	8661	0.00728675
7382	8662	0.00726517
8661	8662	0.00726517
8662	8663	0.00726023
770	8663	0.00726023
8663	8664	0.00725281
480	8664	0.00725281
8664	8665	0.00724706
4850	8665	0.00724706
7447	8666	0.00717442
8665	8666	0.00717442
8666	8667	0.00715726
4986	8667	0.00715726
8667	8668	0.00713917
2944	8668	0.00713917
2542	8669	0.00712484
8668	8669	0.00712484
8669	8670	0.00712402
246	8670	0.00712402
1832	8671	0.00712241
8670	8671	0.00712241
8671	8672	0.0071115
2214	8672	0.0071115
8672	8673	0.00710576
4287	8673	0.00710576
1838	8674	0.00708957
8673	8674	0.00708957
7290	8675	0.00708101
8674	8675	0.00708101
2479	8676	0.00706478
8675	8676	0.00706478
8676	8677	0.00706207
8653	8677	0.00706207
8677	8678	0.00706104
2026	8678	0.00706104
42	8679	0.00705718
2285	8679	0.00705718
8678	8680	0.00705425
4687	8680	0.00705425
8679	8680	0.00705425
868	8681	0.00705237
8680	8681	0.00705237
2470	8682	0.00703907
8681	8682	0.00703907
8682	8683	0.00703617
207	8683	0.00703617
3819	8684	0.00703163
8683	8684	0.00703163
826	8685	0.00701427
8684	8685	0.00701427
8685	8686	0.00699224
613	8686	0.00699224
8686	8687	0.00699147
3927	8687	0.00699147
3342	8688	0.00698963
5220	8688	0.00698963
8687	8688	0.00698963
1733	8689	0.00698857
8688	8689	0.00698857
348	8690	0.00698673
8689	8690	0.00698673
7261	8691	0.00697331
8690	8691	0.00697331
8691	8692	0.00696847
2590	8692	0.00696847
8692	8693	0.00694658
473	8693	0.00694658
8693	8694	0.00693616
3600	8694	0.00693616
8694	8695	0.0069324
2549	8695	0.0069324
1697	8696	0.00693026
8695	8696	0.00693026
1500	8696	0.00693026
179	8697	0.00691802
7368	8697	0.00691802
8696	8697	0.00691802
8697	8698	0.0069131
2902	8698	0.0069131
96	8699	0.00690442
8698	8699	0.00690442
8699	8700	0.00690168
1876	8700	0.00690168
8700	8701	0.00688357
4449	8701	0.00688357
3469	8702	0.00688266
8701	8702	0.00688266
4535	8703	0.00685873
8702	8703	0.00685873
2258	8703	0.00685873
2385	8704	0.00684343
8703	8704	0.00684343
8704	8705	0.00680653
936	8705	0.00680653
1971	8706	0.00678826
8705	8706	0.00678826
8706	8707	0.00678157
4648	8707	0.00678157
7529	8708	0.00677703
8707	8708	0.00677703
8708	8709	0.00677494
1923	8709	0.00677494
8262	8710	0.00677106
8709	8710	0.00677106
822	8711	0.00677001
8710	8711	0.00677001
2978	8712	0.00676825
8711	8712	0.00676825
8712	8713	0.00676341
4942	8713	0.00676341
3401	8713	0.00676341
3434	8713	0.00676341
4605	8713	0.00676341
2428	8714	0.00675944
8713	8714	0.00675944
8714	8715	0.00674724
3700	8715	0.00674724
8715	8716	0.00673101
3210	8716	0.00673101
3250	8717	0.0067224
8716	8717	0.0067224
8717	8718	0.00671961
1024	8718	0.00671961
3309	8718	0.00671961
8718	8719	0.0067081
447	8719	0.0067081
629	8720	0.00669581
8719	8720	0.00669581
1772	8721	0.00667763
5082	8721	0.00667763
8720	8722	0.00668914
2161	8722	0.00668914
4011	8722	0.00668914
2249	8722	0.00668914
568	8722	0.00668914
103	8722	0.00668914
1338	8723	0.00667763
8722	8723	0.00667763
8721	8724	0.00667485
8723	8724	0.00667485
8724	8725	0.00666415
2286	8725	0.00666415
8725	8726	0.00666134
1461	8726	0.00666134
2393	8726	0.00666134
8726	8727	0.00665766
7460	8727	0.00665766
32	8728	0.00665663
8727	8728	0.00665663
2287	8729	0.00664726
8728	8729	0.00664726
717	8730	0.00664233
8729	8730	0.00664233
4844	8731	0.00663563
8730	8731	0.00663563
4679	8732	0.00663361
8731	8732	0.00663361
7528	8733	0.00662905
8732	8733	0.00662905
4485	8734	0.00662221
8733	8734	0.00662221
8734	8735	0.00661468
1602	8735	0.00661468
8735	8736	0.00660984
4811	8736	0.00660984
7218	8737	0.00901069
323	8737	0.00901069
682	8738	0.0113305
2347	8738	0.0113305
2996	8739	0.00760456
1289	8739	0.00760456
430	8740	0.00764464
3605	8740	0.00764464
1060	8741	0.0124893
3791	8741	0.0124893
1798	8742	0.00690269
2543	8742	0.00690269
3931	8743	0.0131463
3932	8743	0.0131463
8743	8744	0.0119228
1725	8744	0.0119228
4549	8745	0.0134591
7432	8745	0.0134591
4080	8746	0.00723832
4264	8746	0.00723832
3860	8747	0.0105096
4104	8747	0.0105096
4236	8748	0.00463485
455	8748	0.00463485
1661	8749	0.0056706
3348	8749	0.0056706
1443	8750	0.00250149
1055	8750	0.00250149
2875	8751	0.00457667
1970	8751	0.00457667
2814	8752	0.0054931
3116	8752	0.0054931
8752	8753	0.00350475
24	8753	0.00350475
2487	8754	0.00426962
418	8754	0.00426962
8754	8755	0.00264931
457	8755	0.00264931
610	8756	0.00505645
4160	8756	0.00505645
5135	8757	0.00371645
2078	8757	0.00371645
3383	8758	0.00603303
7030	8758	0.00603303
470	8759	0.00464348
3818	8759	0.00464348
4536	8760	0.00474548
3708	8760	0.00474548
3963	8761	0.00339221
364	8761	0.00339221
1131	8762	0.00270085
4271	8762	0.00270085
4746	8763	0.00290009
2233	8763	0.00290009
4120	8764	0.00455947
534	8764	0.00455947
4971	8765	0.00516987
4045	8765	0.00516987
3163	8766	0.00251574
3992	8766	0.00251574
7489	8767	0.00449079
391	8767	0.00449079
2710	8768	0.00592998
7481	8768	0.00592998
2418	8769	0.00443937
3939	8769	0.00443937
2681	8770	0.00394327
3213	8770	0.00394327
1223	8771	0.00620559
4568	8771	0.00620559
1676	8772	0.00533066
151	8772	0.00533066
5231	8773	0.00619324
1593	8773	0.00619324
7289	8774	0.00532425
3540	8774	0.00532425
1501	8775	0.00457957
1323	8775	0.00457957
5185	8776	0.00473017
1757	8776	0.00473017
5182	8777	0.00606822
213	8777	0.00606822
3245	8778	0.00635524
8741	8778	0.00635524
5053	8779	0.00516214
4770	8779	0.00516214
396	8780	0.00586414
4387	8780	0.00586414
322	8781	0.00524992
4834	8781	0.00524992
5056	8782	0.00558558
7361	8782	0.00558558
4688	8783	0.00652404
7498	8783	0.00652404
2622	8784	0.00648202
341	8784	0.00648202
5019	8785	0.00643265
1112	8785	0.00643265
3921	8786	0.00659859
8736	8786	0.00659859
7224	8787	0.00658497
8786	8787	0.00658497
5101	8788	0.00657944
8787	8788	0.00657944
7491	8789	0.00657269
8788	8789	0.00657269
7494	8790	0.00656233
8789	8790	0.00656233
8790	8791	0.00656063
1295	8791	0.00656063
2308	8792	0.00655557
8791	8792	0.00655557
309	8793	0.00655085
8792	8793	0.00655085
8793	8794	0.00654983
335	8794	0.00654983
8794	8795	0.00653931
1169	8795	0.00653931
1408	8796	0.00653655
8795	8796	0.00653655
7027	8797	0.00653358
8796	8797	0.00653358
8797	8798	0.00650892
2527	8798	0.00650892
8739	8799	0.00655185
4855	8799	0.00655185
2538	8800	0.00649633
8798	8800	0.00649633
8800	8801	0.00648024
512	8801	0.00648024
1011	8802	0.00647163
8801	8802	0.00647163
107	8803	0.00647066
8802	8803	0.00647066
2392	8804	0.0064614
8803	8804	0.0064614
3890	8805	0.00645081
8804	8805	0.00645081
3535	8806	0.00644858
8805	8806	0.00644858
2943	8807	0.00641822
8806	8807	0.00641822
4508	8808	0.00641157
8807	8808	0.00641157
4187	8809	0.00640962
8808	8809	0.00640962
8809	8810	0.00640283
1986	8810	0.00640283
3448	8811	0.00638764
8810	8811	0.00638764
8811	8812	0.00638688
1309	8812	0.00638688
3118	8813	0.00638191
8812	8813	0.00638191
791	8813	0.00638191
8738	8813	0.00638191
3147	8813	0.00638191
8742	8813	0.00638191
8799	8813	0.00638191
1433	8814	0.00636954
8813	8814	0.00636954
2573	8815	0.00634479
572	8815	0.00634479
2268	8815	0.00634479
4868	8815	0.00634479
8814	8815	0.00634479
4122	8816	0.00630774
8815	8816	0.00630774
804	8817	0.00628842
8816	8817	0.00628842
2231	8817	0.00628842
3806	8818	0.00627491
8817	8818	0.00627491
1432	8819	0.00627229
8818	8819	0.00627229
8819	8820	0.00627123
1823	8820	0.00627123
1346	8821	0.00626177
8820	8821	0.00626177
3040	8822	0.00625142
8821	8822	0.00625142
2429	8822	0.00625142
8822	8823	0.0062505
2391	8823	0.0062505
8823	8824	0.00624578
1117	8824	0.00624578
8824	8825	0.00623891
4635	8825	0.00623891
2114	8826	0.00623797
8825	8826	0.00623797
8826	8827	0.00623509
3861	8827	0.00623509
8827	8828	0.00622733
4208	8828	0.00622733
3331	8829	0.0062216
8828	8829	0.0062216
3671	8830	0.00621212
8829	8830	0.00621212
8830	8831	0.00620933
976	8831	0.00620933
8831	8832	0.00620845
915	8832	0.00620845
8832	8833	0.00620639
5023	8833	0.00620639
2802	8834	0.00619507
8833	8834	0.00619507
8834	8835	0.00617414
5018	8835	0.00617414
8835	8836	0.00616735
1567	8836	0.00616735
2278	8837	0.00612436
8836	8837	0.00612436
8837	8838	0.00611209
4032	8838	0.00611209
453	8839	0.00610904
8838	8839	0.00610904
449	8840	0.00610049
8839	8840	0.00610049
1483	8841	0.00609793
8840	8841	0.00609793
8841	8842	0.00609006
2707	8842	0.00609006
3165	8843	0.00608255
8842	8843	0.00608255
5074	8844	0.00606547
8843	8844	0.00606547
8844	8845	0.00606133
2492	8845	0.00606133
8845	8846	0.00605975
912	8846	0.00605975
7501	8847	0.0060589
8846	8847	0.0060589
3867	8848	0.00605578
8847	8848	0.00605578
4869	8849	0.00605104
8848	8849	0.00605104
4538	8850	0.00604729
8849	8850	0.00604729
4331	8851	0.006032
8850	8851	0.006032
500	8852	0.00602145
8851	8852	0.00602145
2358	8853	0.00601961
8852	8853	0.00601961
8853	8854	0.00600056
2982	8854	0.00600056
794	8854	0.00600056
2830	8855	0.00599961
8854	8855	0.00599961
2459	8856	0.0059823
8855	8856	0.0059823
7422	8857	0.00596221
8856	8857	0.00596221
1391	8858	0.00595475
8857	8858	0.00595475
8858	8859	0.00595097
860	8859	0.00595097
7400	8860	0.00591959
8859	8860	0.00591959
4645	8861	0.00590144
8860	8861	0.00590144
2267	8862	0.00589288
8861	8862	0.00589288
413	8863	0.00588516
8862	8863	0.00588516
1285	8864	0.00587763
8863	8864	0.00587763
7364	8865	0.00587472
8864	8865	0.00587472
7500	8866	0.00586892
8865	8866	0.00586892
3887	8867	0.00586804
8866	8867	0.00586804
8867	8868	0.00586703
2156	8868	0.00586703
2509	8869	0.00586304
8868	8869	0.00586304
8869	8870	0.0058545
4478	8870	0.0058545
7492	8871	0.00585251
8870	8871	0.00585251
1800	8872	0.00584794
8871	8872	0.00584794
8872	8873	0.00584525
3936	8873	0.00584525
4411	8874	0.00584308
8873	8874	0.00584308
8874	8875	0.00584125
1885	8875	0.00584125
8875	8876	0.00583821
2536	8876	0.00583821
8876	8877	0.00583654
85	8877	0.00583654
2019	8878	0.00582978
8877	8878	0.00582978
3318	8878	0.00582978
8878	8879	0.00582325
2896	8879	0.00582325
3137	8880	0.00582225
8879	8880	0.00582225
4346	8881	0.00582141
8880	8881	0.00582141
3366	8882	0.00581936
2504	8882	0.00581936
8881	8882	0.00581936
4158	8883	0.00581652
2545	8883	0.00581652
8882	8883	0.00581652
8883	8884	0.00581169
4364	8884	0.00581169
8884	8885	0.00580963
7402	8885	0.00580963
4077	8886	0.00580023
8885	8886	0.00580023
91	8887	0.00579647
8886	8887	0.00579647
7425	8888	0.00578134
8887	8888	0.00578134
7307	8889	0.00577639
8888	8889	0.00577639
2597	8890	0.00576324
8889	8890	0.00576324
944	8890	0.00576324
1673	8891	0.00575639
8890	8891	0.00575639
1065	8892	0.00622925
8740	8892	0.00622925
4809	8893	0.00580219
2226	8893	0.00580219
1949	8894	0.0065776
8746	8894	0.0065776
7485	8895	0.00564191
7277	8895	0.00564191
3684	8896	0.00575266
8891	8896	0.00575266
7507	8897	0.00574791
8896	8897	0.00574791
8897	8898	0.00574584
4943	8898	0.00574584
2080	8898	0.00574584
4308	8899	0.00573431
8898	8899	0.00573431
8899	8900	0.00572317
2555	8900	0.00572317
8900	8901	0.00572015
158	8901	0.00572015
7347	8902	0.0057087
8901	8902	0.0057087
5049	8902	0.0057087
8747	8902	0.0057087
4919	8903	0.00569638
8902	8903	0.00569638
8903	8904	0.00569343
4736	8904	0.00569343
647	8905	0.00567826
8904	8905	0.00567826
4807	8906	0.00567332
8905	8906	0.00567332
8906	8907	0.00567154
272	8907	0.00567154
8907	8908	0.00566482
4318	8908	0.00566482
8908	8909	0.00566013
4200	8909	0.00566013
4596	8909	0.00566013
3857	8909	0.00566013
8744	8909	0.00566013
8892	8909	0.00566013
1499	8910	0.00565432
8909	8910	0.00565432
630	8910	0.00565432
8785	8911	0.00564974
8910	8911	0.00564974
4471	8912	0.00563929
8911	8912	0.00563929
8912	8913	0.00563147
2427	8913	0.00563147
4207	8914	0.0056278
8913	8914	0.0056278
8914	8915	0.00561802
4028	8915	0.00561802
4601	8916	0.00560957
8915	8916	0.00560957
8916	8917	0.00559234
3532	8917	0.00559234
3283	8918	0.00557995
8917	8918	0.00557995
3776	8919	0.00557709
8918	8919	0.00557709
5043	8920	0.00554658
8919	8920	0.00554658
8893	8920	0.00554658
1755	8920	0.00554658
8894	8920	0.00554658
1161	8921	0.0055263
8920	8921	0.0055263
4211	8922	0.00552273
8921	8922	0.00552273
4363	8923	0.00551803
8922	8923	0.00551803
8923	8924	0.00551408
4629	8924	0.00551408
8924	8925	0.00551221
4881	8925	0.00551221
2995	8925	0.00551221
2766	8926	0.00550835
8925	8926	0.00550835
528	8927	0.0055056
8926	8927	0.0055056
7499	8928	0.00550162
8927	8928	0.00550162
8928	8929	0.00547305
1599	8929	0.00547305
1658	8930	0.00546837
8929	8930	0.00546837
4243	8931	0.00546553
8930	8931	0.00546553
2650	8932	0.00546071
8931	8932	0.00546071
8932	8933	0.00544357
1617	8933	0.00544357
1471	8933	0.00544357
3093	8934	0.00543781
8933	8934	0.00543781
8934	8935	0.00543693
3313	8935	0.00543693
8935	8936	0.00541588
2252	8936	0.00541588
8936	8937	0.005414
2331	8937	0.005414
7439	8938	0.00540926
8937	8938	0.00540926
3251	8939	0.00540828
8938	8939	0.00540828
8939	8940	0.00539297
2051	8940	0.00539297
7508	8941	0.00539018
8940	8941	0.00539018
3668	8942	0.00537959
8941	8942	0.00537959
508	8943	0.00537777
8942	8943	0.00537777
7332	8944	0.00536811
8943	8944	0.00536811
8895	8945	0.0053625
7416	8945	0.0053625
8944	8945	0.0053625
3938	8946	0.00535584
8945	8946	0.00535584
715	8947	0.00535306
8946	8947	0.00535306
8784	8948	0.0053444
8947	8948	0.0053444
8948	8949	0.00534239
1620	8949	0.00534239
7446	8950	0.00534047
8949	8950	0.00534047
4703	8951	0.00532566
8950	8951	0.00532566
8783	8952	0.00532055
8951	8952	0.00532055
3095	8953	0.00531016
8952	8953	0.00531016
7514	8954	0.00530246
8953	8954	0.00530246
126	8955	0.00529015
8954	8955	0.00529015
7458	8956	0.00527308
8955	8956	0.00527308
8956	8957	0.00527081
1120	8957	0.00527081
3711	8958	0.0052548
8957	8958	0.0052548
729	8959	0.00525087
8958	8959	0.00525087
8959	8960	0.00524992
997	8960	0.00524992
8960	8961	0.00524798
4990	8961	0.00524798
7407	8962	0.00523855
8961	8962	0.00523855
8962	8963	0.00523469
3570	8963	0.00523469
831	8964	0.00523376
8963	8964	0.00523376
1426	8965	0.005231
8964	8965	0.005231
8965	8966	0.00522891
642	8966	0.00522891
8966	8967	0.00522618
708	8967	0.00522618
2853	8968	0.00521758
8967	8968	0.00521758
1190	8969	0.00521661
8968	8969	0.00521661
8969	8970	0.00521377
2726	8970	0.00521377
8970	8971	0.00520609
2272	8971	0.00520609
8971	8972	0.00519772
522	8972	0.00519772
3029	8973	0.00518616
8972	8973	0.00518616
293	8974	0.00517195
8973	8974	0.00517195
4417	8975	0.00516406
8974	8975	0.00516406
3336	8976	0.00515464
8975	8976	0.00515464
7486	8977	0.00515364
8976	8977	0.00515364
3713	8978	0.0051499
8977	8978	0.0051499
8978	8979	0.00514312
2172	8979	0.00514312
8979	8980	0.00512801
3675	8980	0.00512801
8980	8981	0.00512409
1514	8981	0.00512409
19	8982	0.0050993
8981	8982	0.0050993
2703	8983	0.00509842
8982	8983	0.00509842
3828	8984	0.00508877
8983	8984	0.00508877
8984	8985	0.00508787
949	8985	0.00508787
7484	8986	0.00508102
8985	8986	0.00508102
247	8987	0.00506685
8986	8987	0.00506685
1573	8988	0.00506307
8987	8988	0.00506307
7506	8989	0.00506116
8988	8989	0.00506116
1326	8990	0.00604817
1752	8990	0.00604817
11	8991	0.00475598
3503	8991	0.00475598
3564	8992	0.00506019
8989	8992	0.00506019
4276	8993	0.00505645
8992	8993	0.00505645
2666	8994	0.00504876
8993	8994	0.00504876
7497	8995	0.00504111
8994	8995	0.00504111
4769	8996	0.00504018
8995	8996	0.00504018
4762	8997	0.0050383
8996	8997	0.0050383
2454	8998	0.00502883
8997	8998	0.00502883
807	8999	0.00502681
8998	8999	0.00502681
8999	9000	0.00502494
3863	9000	0.00502494
1861	9001	0.00502327
9000	9001	0.00502327
619	9002	0.00501443
9001	9002	0.00501443
9002	9003	0.0050114
3235	9003	0.0050114
623	9004	0.00500294
9003	9004	0.00500294
9004	9005	0.00498202
1837	9005	0.00498202
4995	9006	0.00497339
9005	9006	0.00497339
4090	9007	0.00496564
9006	9007	0.00496564
9007	9008	0.00496389
8990	9008	0.00496389
9008	9009	0.004962
3121	9009	0.004962
646	9010	0.00496019
9009	9010	0.00496019
2933	9010	0.00496019
4498	9011	0.00494966
9010	9011	0.00494966
9011	9012	0.00494105
2055	9012	0.00494105
3223	9013	0.00493808
9012	9013	0.00493808
9013	9014	0.00493243
346	9014	0.00493243
4060	9015	0.00492752
9014	9015	0.00492752
3657	9016	0.00491903
9015	9016	0.00491903
2040	9017	0.00491239
9016	9017	0.00491239
7490	9018	0.00490282
2363	9018	0.00490282
9017	9018	0.00490282
1528	9019	0.00490091
9018	9019	0.00490091
9019	9020	0.00488011
2909	9020	0.00488011
1148	9021	0.00485904
9020	9021	0.00485904
9021	9022	0.00485582
1378	9022	0.00485582
3038	9023	0.00484078
9022	9023	0.00484078
844	9024	0.00483891
2313	9024	0.00483891
9023	9024	0.00483891
4856	9025	0.0048161
9024	9025	0.0048161
4799	9026	0.00480731
9025	9026	0.00480731
9026	9027	0.00479614
2747	9027	0.00479614
9027	9028	0.00479323
4851	9028	0.00479323
3226	9028	0.00479323
2878	9029	0.00479018
9028	9029	0.00479018
9029	9030	0.00477508
4517	9030	0.00477508
1292	9031	0.00477412
9030	9031	0.00477412
1762	9032	0.00475328
9031	9032	0.00475328
9032	9033	0.00474821
3146	9033	0.00474821
937	9033	0.00474821
483	9034	0.00473207
9033	9034	0.00473207
1996	9035	0.00470844
239	9035	0.00470844
9034	9035	0.00470844
9035	9036	0.00469683
2485	9036	0.00469683
251	9037	0.00469208
9036	9037	0.00469208
7173	9038	0.00467205
9037	9038	0.00467205
3449	9039	0.0046692
9038	9039	0.0046692
110	9040	0.00466055
9039	9040	0.00466055
9040	9041	0.0046568
3999	9041	0.0046568
7384	9042	0.00464153
9041	9042	0.00464153
3829	9043	0.00463767
9042	9043	0.00463767
7145	9044	0.00463485
9043	9044	0.00463485
3002	9045	0.00462342
9044	9045	0.00462342
3048	9046	0.00462246
9045	9046	0.00462246
9046	9047	0.00462062
1247	9047	0.00462062
3956	9048	0.00461943
9047	9048	0.00461943
7429	9049	0.00460535
9048	9049	0.00460535
1452	9050	0.00459955
9049	9050	0.00459955
1807	9051	0.00457571
9050	9051	0.00457571
1321	9052	0.00457382
9051	9052	0.00457382
8781	9053	0.00457094
9052	9053	0.00457094
9053	9054	0.00456428
2523	9054	0.00456428
9054	9055	0.00456123
1747	9055	0.00456123
4816	9056	0.0044441
3691	9056	0.0044441
9055	9057	0.00454423
2455	9057	0.00454423
9057	9058	0.00451855
2461	9058	0.00451855
339	9059	0.00450989
49	9059	0.00450989
9058	9059	0.00450989
765	9060	0.004508
9059	9060	0.004508
9060	9061	0.00445748
1693	9061	0.00445748
265	9062	0.00443363
9061	9062	0.00443363
2872	9062	0.00443363
5162	9063	0.00440881
9062	9063	0.00440881
8782	9064	0.00440518
9063	9064	0.00440518
9064	9065	0.00439352
1251	9065	0.00439352
1927	9066	0.00439069
9065	9066	0.00439069
187	9067	0.00438777
9066	9067	0.00438777
3567	9068	0.0043821
9067	9068	0.0043821
4112	9069	0.00437546
9068	9069	0.00437546
771	9070	0.0043744
60	9070	0.0043744
9069	9070	0.0043744
7512	9071	0.00435831
9070	9071	0.00435831
9071	9072	0.00435723
7281	9072	0.00435723
1477	9073	0.00434019
9072	9073	0.00434019
2923	9074	0.00433362
9073	9074	0.00433362
1765	9075	0.00430589
9074	9075	0.00430589
4519	9076	0.00430392
9075	9076	0.00430392
2727	9077	0.0042982
9076	9077	0.0042982
8991	9078	0.00429249
9077	9078	0.00429249
2223	9079	0.00428493
9078	9079	0.00428493
2576	9080	0.00427819
9079	9080	0.00427819
2593	9081	0.00425914
9080	9081	0.00425914
299	9082	0.00425434
9081	9082	0.00425434
9082	9083	0.00425338
5025	9083	0.00425338
3167	9084	0.00423431
9083	9084	0.00423431
3156	9085	0.00422291
9084	9085	0.00422291
9085	9086	0.00422002
4452	9086	0.00422002
9086	9087	0.00421237
1663	9087	0.00421237
8780	9088	0.00420858
9087	9088	0.00420858
5195	9089	0.00420284
9088	9089	0.00420284
4110	9090	0.00418658
9089	9090	0.00418658
3454	9091	0.00418283
9090	9091	0.00418283
7496	9092	0.00417425
9091	9092	0.00417425
4747	9093	0.00415329
9092	9093	0.00415329
7483	9094	0.00414848
9093	9094	0.00414848
71	9095	0.00414374
9094	9095	0.00414374
3374	9096	0.00413994
9095	9096	0.00413994
4385	9097	0.00413888
9096	9097	0.00413888
9097	9098	0.00412657
4624	9098	0.00412657
9098	9099	0.00410555
2398	9099	0.00410555
2234	9100	0.00408654
9099	9100	0.00408654
1552	9101	0.00407223
9100	9101	0.00407223
9056	9102	0.00406837
3511	9102	0.00406837
9101	9102	0.00406837
3520	9103	0.00406362
9102	9103	0.00406362
2015	9104	0.00405601
9103	9104	0.00405601
9104	9105	0.0040474
165	9105	0.0040474
4991	9106	0.00403598
9105	9106	0.00403598
2265	9107	0.0040283
9106	9107	0.0040283
2170	9108	0.00401591
9107	9108	0.00401591
5009	9109	0.00400644
9108	9109	0.00400644
9109	9110	0.00400242
416	9110	0.00400242
1865	9110	0.00400242
1687	9111	0.00399209
9110	9111	0.00399209
3360	9111	0.00399209
7420	9112	0.00397681
9111	9112	0.00397681
7509	9113	0.00397397
9112	9113	0.00397397
8779	9114	0.00397203
9113	9114	0.00397203
3595	9115	0.00396255
744	9115	0.00396255
9114	9115	0.00396255
5159	9116	0.00395871
9115	9116	0.00395871
1145	9117	0.00395773
9116	9117	0.00395773
9117	9118	0.00395482
4511	9118	0.00395482
602	9119	0.00395389
9118	9119	0.00395389
9119	9120	0.00393964
225	9120	0.00393964
4383	9121	0.0039377
9120	9121	0.0039377
1201	9122	0.00460233
1016	9122	0.00460233
848	9123	0.00322726
3862	9123	0.00322726
8775	9124	0.00389962
4063	9124	0.00389962
9121	9125	0.00393009
4066	9125	0.00393009
4879	9126	0.00392343
9125	9126	0.00392343
903	9127	0.00391857
9126	9127	0.00391857
9127	9128	0.00390054
4521	9128	0.00390054
3089	9129	0.00389962
9128	9129	0.00389962
4127	9130	0.00388335
9129	9130	0.00388335
2283	9131	0.00388144
9130	9131	0.00388144
5134	9132	0.00388046
9131	9132	0.00388046
8767	9133	0.00387958
9132	9133	0.00387958
9133	9134	0.00387482
1764	9134	0.00387482
4035	9135	0.00386331
1209	9135	0.00386331
9134	9135	0.00386331
7394	9136	0.00384237
9135	9136	0.00384237
3193	9137	0.00383293
9136	9137	0.00383293
1123	9138	0.00382804
9137	9138	0.00382804
9138	9139	0.00382327
624	9139	0.00382327
9139	9140	0.00381179
1586	9140	0.00381179
3789	9141	0.00379945
9140	9141	0.00379945
4998	9142	0.00378323
9141	9142	0.00378323
9142	9143	0.0037737
2914	9143	0.0037737
4516	9144	0.00377654
4164	9144	0.00377654
2473	9145	0.003767
9143	9145	0.003767
9145	9146	0.00375656
737	9146	0.00375656
1808	9147	0.00373745
4151	9147	0.00373745
9146	9147	0.00373745
9147	9148	0.00372789
5007	9148	0.00372789
9148	9149	0.00371833
4814	9149	0.00371833
9149	9150	0.00368125
9144	9150	0.00368125
2290	9151	0.0037022
539	9151	0.0037022
1575	9152	0.00360965
1780	9152	0.00360965
2339	9153	0.00367926
9150	9153	0.00367926
9153	9154	0.00366974
575	9154	0.00366974
3328	9154	0.00366974
9154	9155	0.00366787
504	9155	0.00366787
795	9156	0.00366684
9155	9156	0.00366684
9156	9157	0.00366027
2160	9157	0.00366027
4619	9158	0.00364585
9157	9158	0.00364585
3984	9159	0.0036402
9158	9159	0.0036402
3957	9160	0.00362871
9159	9160	0.00362871
1919	9161	0.00362586
9160	9161	0.00362586
7426	9162	0.00360882
9161	9162	0.00360882
2596	9163	0.00359725
9162	9163	0.00359725
9163	9164	0.00358482
4241	9164	0.00358482
1717	9165	0.00356397
9164	9165	0.00356397
9152	9166	0.00354094
4588	9166	0.00354094
4831	9166	0.00354094
9165	9166	0.00354094
2563	9167	0.00353046
9166	9167	0.00353046
183	9168	0.00351808
9167	9168	0.00351808
9168	9169	0.00351242
3737	9169	0.00351242
3998	9170	0.00350768
9169	9170	0.00350768
9170	9171	0.00350286
9122	9171	0.00350286
9171	9172	0.00350087
7448	9172	0.00350087
4172	9172	0.00350087
3897	9172	0.00350087
4479	9172	0.00350087
9151	9172	0.00350087
9172	9173	0.00349618
5017	9173	0.00349618
4003	9174	0.00348662
9173	9174	0.00348662
9174	9175	0.00348183
411	9175	0.00348183
789	9176	0.00345711
9175	9176	0.00345711
1652	9177	0.00349995
1254	9177	0.00349995
2500	9178	0.00389468
3920	9178	0.00389468
9176	9179	0.00345611
952	9179	0.00345611
94	9179	0.00345611
139	9179	0.00345611
889	9179	0.00345611
1577	9179	0.00345611
9177	9179	0.00345611
2445	9179	0.00345611
9178	9179	0.00345611
2105	9180	0.00345229
9179	9180	0.00345229
9180	9181	0.0034477
1737	9181	0.0034477
4859	9182	0.00344386
9181	9182	0.00344386
954	9183	0.00344277
9182	9183	0.00344277
8770	9184	0.00342277
9183	9184	0.00342277
4820	9185	0.00341888
9184	9185	0.00341888
7413	9186	0.00341024
9185	9186	0.00341024
1698	9187	0.00339328
9186	9187	0.00339328
9187	9188	0.0033722
2932	9188	0.0033722
5031	9189	0.00336933
9188	9189	0.00336933
3080	9190	0.00336744
9189	9190	0.00336744
3307	9191	0.00336446
9190	9191	0.00336446
4082	9192	0.00336366
9191	9192	0.00336366
80	9193	0.00336174
9192	9193	0.00336174
2012	9194	0.00335029
9193	9194	0.00335029
2360	9195	0.00334739
9194	9195	0.00334739
3949	9196	0.00333413
7414	9196	0.00333413
4291	9196	0.00333413
9195	9196	0.00333413
8769	9197	0.00332263
9196	9197	0.00332263
9124	9198	0.00331594
9197	9198	0.00331594
7472	9199	0.00328354
9198	9199	0.00328354
8771	9200	0.00327315
9199	9200	0.00327315
3325	9201	0.00326534
9200	9201	0.00326534
4168	9202	0.00325967
1625	9202	0.00325967
9201	9202	0.00325967
9202	9203	0.00325491
3127	9203	0.00325491
529	9204	0.00324823
9203	9204	0.00324823
4368	9205	0.0032444
9204	9205	0.0032444
964	9206	0.00323866
9205	9206	0.00323866
3387	9207	0.00323684
9206	9207	0.00323684
4386	9208	0.00323583
9207	9208	0.00323583
9208	9209	0.00323395
5036	9209	0.00323395
2574	9210	0.00322818
9209	9210	0.00322818
2556	9211	0.0032101
9210	9211	0.0032101
9211	9212	0.00320816
2245	9212	0.00320816
4871	9213	0.00319775
9212	9213	0.00319775
4378	9214	0.00319675
9213	9214	0.00319675
9214	9215	0.00319379
550	9215	0.00319379
3557	9216	0.00318813
9215	9216	0.00318813
201	9217	0.00318049
9216	9217	0.00318049
9217	9218	0.00317955
1487	9218	0.00317955
9218	9219	0.00314999
448	9219	0.00314999
3178	9220	0.00314331
9219	9220	0.00314331
9220	9221	0.00314242
2206	9221	0.00314242
62	9222	0.00312902
9221	9222	0.00312902
9222	9223	0.00312612
4000	9223	0.00312612
802	9224	0.0031185
8777	9224	0.0031185
9223	9224	0.0031185
4967	9225	0.00311469
9224	9225	0.00311469
580	9226	0.00310803
9225	9226	0.00310803
667	9227	0.00310418
9226	9227	0.00310418
121	9228	0.00309928
9227	9228	0.00309928
9228	9229	0.0030899
1113	9229	0.0030899
2417	9230	0.00308225
9229	9230	0.00308225
2731	9231	0.00307658
9230	9231	0.00307658
2771	9232	0.00306986
9231	9232	0.00306986
9232	9233	0.00306703
3500	9233	0.00306703
9233	9234	0.00306133
1588	9234	0.00306133
2364	9235	0.00305848
9234	9235	0.00305848
4962	9236	0.00304414
8773	9236	0.00304414
9235	9236	0.00304414
2332	9237	0.0030079
9236	9237	0.0030079
2833	9238	0.00300215
9237	9238	0.00300215
1824	9239	0.00299742
9238	9239	0.00299742
4541	9240	0.00299263
9239	9240	0.00299263
1842	9241	0.0029831
9240	9241	0.0029831
2101	9242	0.00297456
9241	9242	0.00297456
8768	9243	0.00297068
9242	9243	0.00297068
4334	9244	0.00294781
9243	9244	0.00294781
5055	9245	0.00294209
9244	9245	0.00294209
2491	9246	0.00293157
9245	9246	0.00293157
2165	9247	0.00292587
9246	9247	0.00292587
4559	9248	0.00292396
9247	9248	0.00292396
4425	9249	0.00292205
4858	9249	0.00292205
9248	9249	0.00292205
1788	9250	0.00291915
9249	9250	0.00291915
3752	9251	0.00290968
9250	9251	0.00290968
1645	9252	0.00290868
9251	9252	0.00290868
3124	9253	0.00290299
9252	9253	0.00290299
3113	9253	0.00290299
9253	9254	0.00289921
3474	9254	0.00289921
4121	9255	0.00289439
9254	9255	0.00289439
3407	9256	0.00289345
9255	9256	0.00289345
4917	9257	0.00289062
9256	9257	0.00289062
3088	9258	0.00287817
9257	9258	0.00287817
633	9259	0.00287056
9258	9259	0.00287056
1085	9260	0.00286674
9259	9260	0.00286674
482	9261	0.00286389
8772	9261	0.00286389
9260	9261	0.00286389
3035	9262	0.00286198
9261	9262	0.00286198
5072	9263	0.00285433
2748	9263	0.00285433
9262	9263	0.00285433
2168	9264	0.0028353
9263	9264	0.0028353
3391	9265	0.00283337
4827	9265	0.00283337
4004	9265	0.00283337
9264	9265	0.00283337
5229	9266	0.00283056
9265	9266	0.00283056
731	9267	0.00281622
9266	9267	0.00281622
9267	9268	0.00278951
1128	9268	0.00278951
1637	9269	0.00278097
9268	9269	0.00278097
9269	9270	0.0027733
914	9270	0.0027733
4193	9271	0.00275422
308	9271	0.00275422
9270	9271	0.00275422
9123	9272	0.00274182
9271	9272	0.00274182
3825	9273	0.002739
9272	9273	0.002739
8774	9274	0.00271987
9273	9274	0.00271987
7445	9275	0.00270176
9274	9275	0.00270176
1995	9276	0.00270085
9275	9276	0.00270085
1603	9277	0.00269699
9276	9277	0.00269699
9277	9278	0.00268936
395	9278	0.00268936
1063	9279	0.0026884
9278	9279	0.0026884
4941	9280	0.00268268
9279	9280	0.00268268
7493	9281	0.0026817
9280	9281	0.0026817
4959	9282	0.00266551
9281	9282	0.00266551
9282	9283	0.00266457
941	9283	0.00266457
4319	9284	0.00266364
9283	9284	0.00266364
4974	9285	0.00266271
9284	9285	0.00266271
8778	9286	0.00266171
9285	9286	0.00266171
1760	9287	0.00265789
9286	9287	0.00265789
2400	9288	0.00263788
9287	9288	0.00263788
7450	9289	0.00263596
9288	9289	0.00263596
9289	9290	0.00262834
1253	9290	0.00262834
4342	9291	0.0026236
9290	9291	0.0026236
267	9291	0.0026236
2687	9292	0.00262261
2327	9292	0.00262261
9291	9292	0.00262261
3946	9293	0.00261686
9292	9293	0.00261686
4135	9294	0.00261497
9293	9294	0.00261497
4558	9295	0.00259491
9294	9295	0.00259491
2167	9296	0.002594
9295	9296	0.002594
2919	9297	0.00259209
9296	9297	0.00259209
1666	9298	0.00254918
9297	9298	0.00254918
3062	9299	0.00254726
9298	9299	0.00254726
3796	9300	0.00254146
9299	9300	0.00254146
9300	9301	0.00253962
1250	9301	0.00253962
9301	9302	0.00253104
2088	9302	0.00253104
2623	9303	0.00251867
9302	9303	0.00251867
3612	9304	0.00249673
9303	9304	0.00249673
2757	9305	0.00249193
9304	9305	0.00249193
234	9306	0.00249098
9305	9306	0.00249098
7404	9307	0.00247191
9306	9307	0.00247191
2006	9308	0.00246619
9307	9308	0.00246619
3647	9309	0.00246051
9308	9309	0.00246051
8776	9310	0.00244045
9309	9310	0.00244045
4503	9311	0.00243853
9310	9311	0.00243853
2295	9312	0.00243761
9311	9312	0.00243761
4412	9313	0.00242424
2832	9313	0.00242424
9312	9313	0.00242424
4085	9314	0.00242043
9313	9314	0.00242043
2079	9315	0.000705714
4249	9315	0.000705714
2120	9316	0.000791549
173	9316	0.000791549
4685	9317	0.00175476
52	9317	0.00175476
9317	9318	0.00154305
2848	9318	0.00154305
73	9319	0.00169467
4771	9319	0.00169467
661	9320	0.00137711
3396	9320	0.00137711
3686	9321	0.00210954
1028	9321	0.00210954
8753	9322	0.00201416
7513	9322	0.00201416
2551	9323	0.00241853
9314	9323	0.00241853
4002	9324	0.00241568
9323	9324	0.00241568
3552	9325	0.0024147
9324	9325	0.0024147
9325	9326	0.00241377
2135	9326	0.00241377
2805	9327	0.00241187
9326	9327	0.00241187
1556	9328	0.00240989
9327	9328	0.00240989
9328	9329	0.00239945
1570	9329	0.00239945
3912	9330	0.00238322
9329	9330	0.00238322
2924	9331	0.0023651
9330	9331	0.0023651
3190	9332	0.00235841
9331	9332	0.00235841
2958	9333	0.00235175
9332	9333	0.00235175
1583	9334	0.00234604
9333	9334	0.00234604
3034	9335	0.00232029
9334	9335	0.00232029
2222	9336	0.00231648
9335	9336	0.00231648
221	9337	0.00231267
9336	9337	0.00231267
4195	9338	0.0023079
9337	9338	0.0023079
1287	9339	0.00230121
9338	9339	0.00230121
1431	9340	0.00229455
9339	9340	0.00229455
5230	9341	0.00228882
9340	9341	0.00228882
9341	9342	0.00228596
4840	9342	0.00228596
7470	9343	0.002285
9342	9343	0.002285
7355	9344	0.00228313
9343	9344	0.00228313
9344	9345	0.00227449
7464	9345	0.00227449
8761	9346	0.00226691
9345	9346	0.00226691
8755	9347	0.00225734
9346	9347	0.00225734
1488	9348	0.00224875
9347	9348	0.00224875
2877	9349	0.00224495
9348	9349	0.00224495
778	9350	0.00224398
9349	9350	0.00224398
4357	9351	0.00222491
9350	9351	0.00222491
7419	9352	0.00221921
9351	9352	0.00221921
9352	9353	0.00221346
4023	9353	0.00221346
4205	9354	0.00221252
9353	9354	0.00221252
3239	9355	0.00221062
9354	9355	0.00221062
2746	9356	0.00220489
9355	9356	0.00220489
951	9357	0.002182
9356	9357	0.002182
4680	9358	0.00218007
9357	9358	0.00218007
403	9359	0.0021782
9358	9359	0.0021782
7463	9360	0.0021715
9359	9360	0.0021715
3144	9361	0.0021706
9360	9361	0.0021706
3799	9362	0.00216198
9361	9362	0.00216198
2108	9363	0.00215531
9362	9363	0.00215531
673	9364	0.00215243
9363	9364	0.00215243
1495	9365	0.00211812
7473	9365	0.00211812
9364	9365	0.00211812
4370	9366	0.0020876
9365	9366	0.0020876
8748	9367	0.00206849
3102	9367	0.00206849
9366	9367	0.00206849
749	9368	0.00205612
3081	9368	0.00205612
9367	9368	0.00205612
4745	9369	0.00205324
9368	9369	0.00205324
2311	9370	0.00205136
9369	9370	0.00205136
4666	9371	0.0020504
9370	9371	0.0020504
1350	9372	0.00204849
1225	9372	0.00204849
9371	9372	0.00204849
2300	9373	0.00203991
9372	9373	0.00203991
7248	9374	0.00203037
9373	9374	0.00203037
1987	9375	0.00201891
9374	9375	0.00201891
4407	9376	0.00201131
9375	9376	0.00201131
688	9377	0.00201037
9376	9377	0.00201037
8751	9378	0.00199698
9377	9378	0.00199698
3575	9379	0.00199508
9378	9379	0.00199508
3833	9380	0.00198841
9379	9380	0.00198841
1399	9381	0.00198268
9380	9381	0.00198268
1650	9382	0.00197408
9381	9382	0.00197408
2580	9383	0.00197318
9382	9383	0.00197318
4575	9384	0.00197028
9383	9384	0.00197028
2489	9385	0.00196554
9384	9385	0.00196554
4034	9386	0.00196266
8737	9386	0.00196266
9385	9386	0.00196266
2609	9387	0.00195789
9386	9387	0.00195789
9387	9388	0.00195219
4126	9388	0.00195219
2819	9389	0.00195121
9388	9389	0.00195121
883	9390	0.00194074
9389	9390	0.00194074
1047	9391	0.00193692
9390	9391	0.00193692
1900	9392	0.00192831
9391	9392	0.00192831
3157	9393	0.00191689
9392	9393	0.00191689
4201	9394	0.00191212
9393	9394	0.00191212
1030	9395	0.00190927
9394	9395	0.00190927
7352	9396	0.00190261
9395	9396	0.00190261
3008	9397	0.00189876
9396	9397	0.00189876
1667	9398	0.00189495
9397	9398	0.00189495
1903	9399	0.00189017
9398	9399	0.00189017
4354	9400	0.00188924
9399	9400	0.00188924
2044	9401	0.00188642
9400	9401	0.00188642
2969	9402	0.0018692
9401	9402	0.0018692
478	9403	0.00186825
9402	9403	0.00186825
7451	9404	0.00185966
9403	9404	0.00185966
3784	9405	0.00182438
9404	9405	0.00182438
2128	9406	0.00182246
670	9406	0.00182246
9405	9406	0.00182246
3638	9407	0.00181196
9406	9407	0.00181196
668	9408	0.00179672
9407	9408	0.00179672
3025	9409	0.0017767
9408	9409	0.0017767
41	9410	0.00177001
9409	9410	0.00177001
767	9411	0.00176907
9410	9411	0.00176907
1647	9412	0.00175666
9411	9412	0.00175666
1978	9413	0.0017414
9412	9413	0.0017414
7454	9414	0.0017395
9413	9414	0.0017395
2920	9415	0.00164413
192	9415	0.00164413
4451	9416	0.00163651
953	9416	0.00163651
2054	9417	0.00163174
9322	9417	0.00163174
4965	9418	0.0017376
9414	9418	0.0017376
1711	9419	0.00173664
9418	9419	0.00173664
9321	9420	0.00173283
3499	9420	0.00173283
9419	9420	0.00173283
697	9421	0.00172995
9420	9421	0.00172995
4589	9422	0.00172138
9421	9422	0.00172138
1211	9423	0.00172043
9422	9423	0.00172043
4257	9424	0.00171186
9423	9424	0.00171186
8763	9425	0.00170994
9424	9425	0.00170994
3990	9426	0.00169278
9425	9426	0.00169278
8749	9427	0.00168514
9426	9427	0.00168514
4649	9428	0.00164699
9427	9428	0.00164699
3101	9429	0.00164413
9428	9429	0.00164413
3404	9430	0.00163936
8745	9430	0.00163936
9429	9430	0.00163936
3966	9431	0.00163651
9430	9431	0.00163651
301	9432	0.00163078
9431	9432	0.00163078
3596	9433	0.0016184
9432	9433	0.0016184
4119	9434	0.00160694
9433	9434	0.00160694
4427	9435	0.00160215
9434	9435	0.00160215
2017	9436	0.00159741
9435	9436	0.00159741
3057	9437	0.00159644
9436	9437	0.00159644
2643	9438	0.00158501
9437	9438	0.00158501
4761	9439	0.00158119
9438	9439	0.00158119
2213	9440	0.00158025
9439	9440	0.00158025
9440	9441	0.00156879
4118	9441	0.00156879
7396	9442	0.00156688
9441	9442	0.00156688
3923	9443	0.00156213
9442	9443	0.00156213
3276	9444	0.00156116
9443	9444	0.00156116
3910	9445	0.0015602
9444	9445	0.0015602
2028	9446	0.00155927
9445	9446	0.00155927
721	9447	0.00152016
9446	9447	0.00152016
5080	9448	0.00150013
9447	9448	0.00150013
3072	9449	0.00148773
9448	9449	0.00148773
4347	9450	0.00147152
9449	9450	0.00147152
1497	9451	0.00146771
9450	9451	0.00146771
1269	9452	0.00146198
9451	9452	0.00146198
9417	9453	0.00145626
4584	9453	0.00145626
9452	9453	0.00145626
1115	9454	0.00145435
9453	9454	0.00145435
3631	9455	0.00145149
9454	9455	0.00145149
2506	9456	0.00145053
9455	9456	0.00145053
616	9457	0.00144768
9456	9457	0.00144768
8765	9458	0.00144577
9457	9458	0.00144577
5054	9459	0.00144481
2302	9459	0.00144481
9458	9459	0.00144481
1402	9460	0.00144387
9459	9460	0.00144387
2791	9461	0.00144005
9460	9461	0.00144005
7431	9462	0.00143719
9461	9462	0.00143719
4821	9463	0.00143241
9462	9463	0.00143241
4579	9464	0.00142764
9463	9464	0.00142764
4846	9465	0.00142577
9464	9465	0.00142577
1907	9466	0.00141811
9465	9466	0.00141811
2521	9467	0.00139807
9466	9467	0.00139807
4254	9468	0.00138187
9467	9468	0.00138187
3993	9469	0.00137711
9468	9469	0.00137711
7452	9470	0.00137138
9469	9470	0.00137138
47	9471	0.00137043
9470	9471	0.00137043
3537	9472	0.00136471
9471	9472	0.00136471
7440	9473	0.00136184
9472	9473	0.00136184
3406	9474	0.0013504
9473	9474	0.0013504
541	9475	0.00133705
9474	9475	0.00133705
651	9476	0.00133133
9475	9476	0.00133133
9416	9477	0.00132657
4259	9477	0.00132657
9476	9477	0.00132657
8762	9478	0.00132179
9477	9478	0.00132179
4499	9479	0.00131226
9478	9479	0.00131226
4899	9480	0.00130367
957	9480	0.00130367
9479	9480	0.00130367
834	9481	0.00128078
3009	9481	0.00128078
3051	9482	0.001297
9480	9482	0.001297
7297	9483	0.00129319
9482	9483	0.00129319
776	9484	0.00128841
9483	9484	0.00128841
302	9485	0.00127983
9484	9485	0.00127983
7510	9486	0.00127411
9485	9486	0.00127411
8760	9487	0.00126934
9486	9487	0.00126934
1106	9488	0.00126362
9487	9488	0.00126362
3714	9489	0.00126171
9488	9489	0.00126171
2981	9490	0.00125313
9415	9490	0.00125313
9489	9490	0.00125313
9481	9491	0.00125218
9490	9491	0.00125218
3300	9492	0.00125026
9491	9492	0.00125026
4966	9493	0.00124932
9492	9493	0.00124932
8758	9494	0.00124646
9493	9494	0.00124646
2762	9495	0.00123883
4654	9495	0.00123883
4674	9495	0.00123883
9494	9495	0.00123883
4713	9496	0.00123311
9495	9496	0.00123311
8750	9497	0.00122547
9496	9497	0.00122547
5067	9498	0.00121976
9497	9498	0.00121976
160	9499	0.00121402
9498	9499	0.00121402
2498	9500	0.00121307
9499	9500	0.00121307
1965	9501	0.000949858
2702	9501	0.000949858
4913	9502	0.00114823
1844	9502	0.00114823
9502	9503	0.00107385
3951	9503	0.00107385
3777	9504	0.00120545
9500	9504	0.00120545
468	9505	0.00119495
9504	9505	0.00119495
2568	9506	0.0011816
9505	9506	0.0011816
4376	9507	0.00117969
7174	9507	0.00117969
9506	9507	0.00117969
3653	9508	0.00117875
9507	9508	0.00117875
3591	9509	0.00117778
9508	9509	0.00117778
8757	9510	0.00117684
9509	9510	0.00117684
2215	9511	0.00117207
9510	9511	0.00117207
2495	9512	0.00115967
9511	9512	0.00115967
1493	9513	0.00115871
9512	9513	0.00115871
3809	9514	0.00115681
9513	9514	0.00115681
2118	9515	0.00115204
9514	9515	0.00115204
1020	9516	0.00114154
9515	9516	0.00114154
990	9517	0.00113963
4232	9517	0.00113963
9516	9517	0.00113963
276	9518	0.00113869
9517	9518	0.00113869
2034	9519	0.00113583
9518	9519	0.00113583
7320	9520	0.00113201
9519	9520	0.00113201
3811	9521	0.00112726
9520	9521	0.00112726
917	9522	0.00112534
9521	9522	0.00112534
4931	9523	0.00112247
9522	9523	0.00112247
1498	9524	0.00111294
9523	9524	0.00111294
4985	9525	0.00110626
9524	9525	0.00110626
3334	9526	0.0010996
9525	9526	0.0010996
570	9527	0.00109481
2439	9527	0.00109481
9526	9527	0.00109481
7427	9528	0.00108622
9527	9528	0.00108622
4469	9529	0.00108337
9528	9529	0.00108337
7461	9530	0.00108147
9529	9530	0.00108147
3866	9531	0.0010767
3329	9531	0.0010767
9530	9531	0.0010767
3475	9532	0.00106335
9531	9532	0.00106335
8766	9533	0.00105953
9532	9533	0.00105953
4323	9534	0.00105667
9533	9534	0.00105667
4756	9535	0.0010519
9534	9535	0.0010519
4037	9536	0.00105
9535	9536	0.00105
502	9537	0.00104904
9536	9537	0.00104904
3849	9538	0.00104618
9537	9538	0.00104618
4162	9539	0.00104523
9538	9539	0.00104523
898	9540	0.00103855
9539	9540	0.00103855
9319	9541	0.00103761
3427	9541	0.00103761
9540	9541	0.00103761
1688	9542	0.00103569
9541	9542	0.00103569
291	9543	0.00103473
9542	9543	0.00103473
3482	9544	0.00103283
9543	9544	0.00103283
1878	9545	0.00102521
9544	9545	0.00102521
4783	9546	0.00101471
4365	9546	0.00101471
9545	9546	0.00101471
1966	9547	0.00101376
9546	9547	0.00101376
3896	9548	0.0010109
9547	9548	0.0010109
3772	9549	0.00100804
9548	9549	0.00100804
3493	9550	0.000995637
2862	9550	0.000995637
9549	9550	0.000995637
9503	9551	0.000988962
4957	9551	0.000988962
9551	9552	0.000978472
4486	9552	0.000978472
4949	9553	0.00098801
9550	9553	0.00098801
4665	9554	0.000986101
9553	9554	0.000986101
4612	9555	0.000985146
9554	9555	0.000985146
3687	9556	0.000975608
3943	9556	0.000975608
9555	9556	0.000975608
2583	9557	0.000974654
9556	9557	0.000974654
4532	9558	0.000970842
9557	9558	0.000970842
2505	9559	0.000969887
9558	9559	0.000969887
9552	9560	0.00096798
4419	9560	0.00096798
4823	9560	0.00096798
1555	9560	0.00096798
2475	9560	0.00096798
2928	9560	0.00096798
3400	9560	0.00096798
3930	9560	0.00096798
4129	9560	0.00096798
4467	9560	0.00096798
4547	9560	0.00096798
4550	9560	0.00096798
4653	9560	0.00096798
4754	9560	0.00096798
4757	9560	0.00096798
4950	9560	0.00096798
1786	9560	0.00096798
2977	9560	0.00096798
3929	9560	0.00096798
4351	9560	0.00096798
4454	9560	0.00096798
4472	9560	0.00096798
1451	9560	0.00096798
1804	9560	0.00096798
3919	9560	0.00096798
4191	9560	0.00096798
4225	9560	0.00096798
4466	9560	0.00096798
4540	9560	0.00096798
4662	9560	0.00096798
4953	9560	0.00096798
4344	9560	0.00096798
4359	9560	0.00096798
9559	9560	0.00096798
4543	9560	0.00096798
1818	9561	0.000966074
9560	9561	0.000966074
4005	9562	0.000965129
9561	9562	0.000965129
8764	9563	0.00095653
9562	9563	0.00095653
3906	9564	0.000953679
9563	9564	0.000953679
2684	9565	0.000948903
9564	9565	0.000948903
9565	9566	0.000944138
4029	9566	0.000944138
3421	9567	0.00087452
3961	9567	0.00087452
9566	9568	0.000937464
4484	9568	0.000937464
9320	9569	0.000936508
9568	9569	0.000936508
638	9570	0.000934596
9569	9570	0.000934596
2922	9571	0.000928881
9570	9571	0.000928881
2938	9572	0.000921244
9571	9572	0.000921244
4477	9573	0.000917434
9572	9573	0.000917434
5062	9574	0.000910761
9573	9574	0.000910761
9574	9575	0.000908856
3942	9575	0.000908856
2166	9576	0.00088692
9575	9576	0.00088692
4896	9577	0.000880245
9576	9577	0.000880245
3597	9578	0.000879286
4204	9578	0.000879286
9577	9578	0.000879286
7468	9579	0.00086784
9578	9579	0.00086784
3515	9580	0.000860215
9579	9580	0.000860215
3864	9581	0.000847817
9580	9581	0.000847817
4925	9582	0.000843048
9581	9582	0.000843048
4320	9583	0.000832557
9582	9583	0.000832557
3558	9584	0.000818247
9583	9584	0.000818247
7418	9585	0.000817292
9584	9585	0.000817292
2106	9586	0.000813485
9585	9586	0.000813485
4306	9587	0.000811567
8759	9587	0.000811567
9586	9587	0.000811567
1735	9588	0.000804901
9587	9588	0.000804901
4416	9589	0.000802989
9588	9589	0.000802989
2544	9590	0.000801086
9589	9590	0.000801086
4982	9591	0.000795363
9590	9591	0.000795363
1054	9592	0.000790594
9591	9592	0.000790594
4595	9593	0.000782973
9592	9593	0.000782973
3839	9594	0.000775341
9593	9594	0.000775341
2134	9595	0.000771522
9594	9595	0.000771522
5186	9596	0.000769615
9595	9596	0.000769615
4186	9597	0.000767708
9596	9597	0.000767708
4819	9598	0.000758173
9597	9598	0.000758173
3405	9599	0.000751495
9598	9599	0.000751495
4671	9600	0.000750538
9599	9600	0.000750538
9501	9601	0.000744819
9600	9601	0.000744819
1138	9602	0.000741959
9601	9602	0.000741959
3508	9603	0.000739095
9602	9603	0.000739095
3242	9604	0.00073719
446	9604	0.00073719
9603	9604	0.00073719
1839	9605	0.000726701
9604	9605	0.000726701
4845	9606	0.000720023
9605	9606	0.000720023
3706	9607	0.000719073
4438	9607	0.000719073
9606	9607	0.000719073
286	9608	0.000718116
9607	9608	0.000718116
2042	9609	0.000715256
9608	9609	0.000715256
1629	9610	0.000708578
9609	9610	0.000708578
3315	9611	0.000700945
9610	9611	0.000700945
4013	9612	0.000695227
9611	9612	0.000695227
9567	9613	0.0006876
9612	9613	0.0006876
3739	9614	0.000685697
9613	9614	0.000685697
2659	9615	0.000677109
9614	9615	0.000677109
9315	9616	0.00065899
9615	9616	0.00065899
4689	9617	0.000652308
9616	9617	0.000652308
7442	9618	0.000648497
9617	9618	0.000648497
9316	9619	0.000640868
9618	9619	0.000640868
3437	9620	0.000639915
3174	9620	0.000639915
9619	9620	0.000639915
9318	9621	0.000632286
9620	9621	0.000632286
2484	9622	0.000631335
9621	9622	0.000631335
4509	9623	0.000629424
9622	9623	0.000629424
222	9624	0.000624658
9623	9624	0.000624658
3047	9625	0.000609396
9624	9625	0.000609396
2322	9626	0.000606537
9625	9626	0.000606537
1306	9627	0.000605587
9626	9627	0.000605587
2276	9628	0.000602722
9627	9628	0.000602722
4617	9629	0.000597954
4194	9629	0.000597954
9628	9629	0.000597954
2797	9630	0.000591278
4293	9630	0.000591278
9629	9630	0.000591278
4676	9631	0.000585556
9630	9631	0.000585556
3589	9632	0.000584603
757	9632	0.000584603
9631	9632	0.000584603
236	9633	0.000566481
9632	9633	0.000566481
4461	9634	0.000562668
9633	9634	0.000562668
2705	9635	0.000561714
9634	9635	0.000561714
2885	9636	0.000556947
9635	9636	0.000556947
3286	9637	0.000555992
9636	9637	0.000555992
2894	9638	0.000549316
9637	9638	0.000549316
171	9639	0.000543595
9638	9639	0.000543595
4730	9640	0.000540733
9639	9640	0.000540733
4404	9641	0.000518799
9640	9641	0.000518799
4908	9642	0.000514031
9641	9642	0.000514031
3394	9643	0.000513077
9642	9643	0.000513077
3928	9644	0.000511172
9643	9644	0.000511172
1976	9645	0.000503541
9644	9645	0.000503541
1173	9646	0.000497819
9645	9646	0.000497819
2671	9647	0.000496864
9646	9647	0.000496864
934	9648	0.00049591
9647	9648	0.00049591
1901	9649	0.000494004
9648	9649	0.000494004
7393	9650	0.000493049
9649	9650	0.000493049
83	9651	0.000491142
9650	9651	0.000491142
4388	9652	0.000489235
9651	9652	0.000489235
2729	9653	0.000480652
9652	9653	0.000480652
3481	9654	0.000478745
9653	9654	0.000478745
1814	9655	0.000475885
9654	9655	0.000475885
4083	9656	0.000473976
9655	9656	0.000473976
3559	9657	0.000472069
9656	9657	0.000472069
331	9658	0.000470162
9657	9658	0.000470162
2972	9659	0.000468254
9658	9659	0.000468254
2970	9660	0.000442504
9659	9660	0.000442504
4697	9661	0.000441551
9660	9661	0.000441551
4573	9662	0.000434877
3428	9662	0.000434877
9661	9662	0.000434877
3277	9663	0.000422478
560	9663	0.000422478
9662	9663	0.000422478
186	9664	0.000419617
9663	9664	0.000419617
739	9665	0.000416755
9664	9665	0.000416755
3363	9666	0.000415802
2584	9666	0.000415802
9665	9666	0.000415802
761	9667	0.000413895
9666	9667	0.000413895
4463	9668	0.000404358
54	9668	0.000404358
9667	9668	0.000404358
1043	9669	0.000403404
9668	9669	0.000403404
4802	9670	0.000398635
9669	9670	0.000398635
3205	9671	0.000393868
9670	9671	0.000393868
1051	9672	0.000391007
9671	9672	0.000391007
4926	9673	0.000385282
9672	9673	0.000385282
600	9674	0.000379562
9673	9674	0.000379562
8756	9675	0.000376702
2388	9675	0.000376702
9674	9675	0.000376702
2787	9676	0.000369072
9675	9676	0.000369072
9676	9677	0.000367165
3838	9677	0.000367165
4329	9678	0.000362396
9677	9678	0.000362396
1187	9679	0.000353813
9678	9679	0.000353813
2471	9680	0.000350952
9679	9680	0.000350952
1534	9681	0.000336648
9680	9681	0.000336648
3646	9682	0.000335693
9681	9682	0.000335693
4322	9683	0.000328064
9682	9683	0.000328064
3979	9684	0.000325203
9683	9684	0.000325203
2052	9685	0.000324249
9684	9685	0.000324249
3252	9686	0.00031662
9685	9686	0.00031662
3703	9687	0.000312806
9686	9687	0.000312806
3352	9688	0.000307083
9687	9688	0.000307083
4401	9689	0.000301361
9688	9689	0.000301361
3289	9690	0.000288963
9689	9690	0.000288963
3372	9691	0.000288009
9690	9691	0.000288009
970	9692	0.000286103
9691	9692	0.000286103
978	9693	0.000282287
9692	9693	0.000282287
2741	9694	0.000279427
9693	9694	0.000279427
3727	9695	0.000272751
7471	9695	0.000272751
9694	9695	0.000272751
3922	9696	0.000248909
9695	9696	0.000248909
2373	9697	0.000238419
9696	9697	0.000238419
3622	9698	0.000232697
9697	9698	0.000232697
2503	9699	0.000221252
9698	9699	0.000221252
4202	9700	0.000220299
9699	9700	0.000220299
4040	9701	0.000218391
9700	9701	0.000218391
4092	9702	0.000207901
9701	9702	0.000207901
5057	9703	0.000178337
9702	9703	0.000178337
2733	9704	0.000159263
9703	9704	0.000159263
2255	9705	0.00015831
9704	9705	0.00015831
4636	9706	0.000147819
9705	9706	0.000147819
2844	9707	0.000143051
9706	9707	0.000143051
4307	9708	0.000110626
9707	9708	0.000110626
7480	9709	8.58307e-05
9708	9709	8.58307e-05
4047	9710	3.8147e-05
9709	9710	3.8147e-05