1	5058	0.107589
3100	5058	0.107589
3795	5059	0.0831022
2102	5059	0.0831022
3529	5060	0.0687664
5059	5060	0.0687664
3341	5061	0.0314077
3997	5061	0.0314077
4295	5062	0.0283852
198	5062	0.0283852
648	5063	0.287592
893	5063	0.287592
5063	5064	0.143562
1073	5064	0.143562
3177	5065	0.0184977
1678	5065	0.0184977
3059	5066	0.31443
92	5066	0.31443
5066	5067	0.085733
2424	5067	0.085733
3017	5068	0.0744519
5067	5068	0.0744519
3164	5069	0.0326846
55	5069	0.0326846
3889	5070	0.295778
3344	5070	0.295778
3411	5071	0.0210641
5070	5071	0.0210641
2212	5072	0.0707399
224	5072	0.0707399
5012	5073	0.0498806
1600	5073	0.0498806
5073	5074	0.0316808
4426	5074	0.0316808
2189	5075	0.239687
4061	5075	0.239687
1860	5076	0.0778461
2899	5076	0.0778461
2730	5077	0.177558
347	5077	0.177558
2321	5078	0.0423507
5077	5078	0.0423507
4841	5079	0.0675339
1694	5079	0.0675339
4304	5080	0.0217517
1288	5080	0.0217517
3194	5081	0.500746
1579	5081	0.500746
1779	5082	0.0232526
3561	5082	0.0232526
1337	5083	0.0247929
2033	5083	0.0247929
349	5084	0.254719
3977	5084	0.254719
373	5084	0.254719
5084	5085	0.0296257
1916	5085	0.0296257
5085	5086	0.02281
1125	5086	0.02281
4882	5087	0.0222876
5086	5087	0.0222876
4895	5088	0.338463
932	5088	0.338463
2144	5089	0.11713
1400	5089	0.11713
1203	5090	0.0316302
1621	5090	0.0316302
2526	5091	0.0807004
1041	5091	0.0807004
4393	5092	0.0967926
1684	5092	0.0967926
1418	5093	0.016654
5092	5093	0.016654
1785	5094	0.0568295
356	5094	0.0568295
5094	5095	0.05309
4424	5095	0.05309
2966	5096	0.0237502
2117	5096	0.0237502
5095	5097	0.0223507
5096	5097	0.0223507
4870	5098	0.0497095
1104	5098	0.0497095
2146	5099	0.0226964
3579	5099	0.0226964
4967	5100	0.0167499
476	5100	0.0167499
394	5101	0.0963354
2043	5101	0.0963354
587	5102	0.0837397
5101	5102	0.0837397
5102	5103	0.0801985
1769	5103	0.0801985
1774	5104	0.0247116
5103	5104	0.0247116
2136	5105	0.0231666
1768	5105	0.0231666
989	5106	0.101438
4803	5106	0.101438
5030	5107	0.099702
5106	5107	0.099702
2301	5108	0.050855
2433	5108	0.050855
3368	5109	0.083992
4374	5109	0.083992
4954	5110	0.147737
3256	5110	0.147737
5110	5111	0.0567772
3257	5111	0.0567772
5111	5112	0.0379987
4848	5112	0.0379987
5109	5113	0.0299509
1604	5113	0.0299509
5113	5114	0.0235328
5112	5114	0.0235328
2372	5115	0.0180016
5114	5115	0.0180016
5046	5116	0.132508
1770	5116	0.132508
3018	5117	0.0626364
4447	5117	0.0626364
787	5118	0.0467673
432	5118	0.0467673
5118	5119	0.0290471
180	5119	0.0290471
212	5120	0.0251325
3755	5120	0.0251325
377	5121	0.0977399
2717	5121	0.0977399
658	5122	0.0923421
3473	5122	0.0923421
4785	5123	0.104908
1821	5123	0.104908
4694	5124	0.045396
841	5124	0.045396
5123	5125	0.0413926
5124	5125	0.0413926
5121	5126	0.0339453
1394	5126	0.0339453
5125	5127	0.025178
5003	5127	0.025178
3725	5128	0.0216252
3712	5128	0.0216252
5122	5129	0.0214497
3625	5129	0.0214497
5127	5130	0.020332
5129	5130	0.020332
5130	5131	0.0202485
5128	5131	0.0202485
5131	5132	0.0200013
2001	5132	0.0200013
5126	5133	0.0183152
5132	5133	0.0183152
5133	5134	0.0176706
233	5134	0.0176706
2002	5135	0.0322095
3021	5135	0.0322095
4647	5136	0.0527552
456	5136	0.0527552
5136	5137	0.0447613
1198	5137	0.0447613
5137	5138	0.0424039
4618	5138	0.0424039
5138	5139	0.0371269
1843	5139	0.0371269
5139	5140	0.0237735
37	5140	0.0237735
5140	5141	0.0235083
4223	5141	0.0235083
3153	5142	0.0435759
3031	5142	0.0435759
4878	5143	0.032716
2851	5143	0.032716
2891	5144	0.0315609
2892	5144	0.0315609
5144	5145	0.0304699
2889	5145	0.0304699
3528	5146	0.0276262
5145	5146	0.0276262
1668	5147	0.0177094
1413	5147	0.0177094
621	5148	0.0395318
1956	5148	0.0395318
2648	5149	0.272264
4240	5149	0.272264
362	5150	0.0177914
2656	5150	0.0177914
2116	5151	0.0303112
1213	5151	0.0303112
2122	5152	0.0567842
1516	5152	0.0567842
3741	5153	0.0763478
3738	5153	0.0763478
5153	5154	0.021619
2522	5154	0.021619
4042	5155	0.0199125
5154	5155	0.0199125
4192	5156	0.019905
5155	5156	0.019905
2645	5157	0.208022
264	5157	0.208022
3218	5158	0.0376606
5157	5158	0.0376606
2975	5159	0.0936185
2248	5159	0.0936185
4958	5160	0.252797
1049	5160	0.252797
1401	5161	0.23594
5160	5161	0.23594
3152	5162	0.0424515
714	5162	0.0424515
2925	5163	0.0210247
4391	5163	0.0210247
4946	5164	0.198624
3403	5164	0.198624
4251	5165	0.0744108
2901	5165	0.0744108
4	5166	0.0588129
5165	5166	0.0588129
3402	5167	0.425311
1233	5167	0.425311
5167	5168	0.0780102
655	5168	0.0780102
1322	5169	0.0288497
3435	5169	0.0288497
5169	5170	0.0207348
374	5170	0.0207348
3743	5171	0.0525847
4759	5171	0.0525847
5171	5172	0.0273616
3858	5172	0.0273616
5172	5173	0.0187016
3762	5173	0.0187016
2587	5174	0.0613507
2898	5174	0.0613507
4423	5175	0.0276262
5174	5175	0.0276262
2186	5176	0.0731721
832	5176	0.0731721
5176	5177	0.0351072
4640	5177	0.0351072
3037	5178	0.0344209
5177	5178	0.0344209
5178	5179	0.0241302
568	5179	0.0241302
5179	5180	0.022989
1177	5180	0.022989
1876	5181	0.0218681
5180	5181	0.0218681
5181	5182	0.0191748
228	5182	0.0191748
5182	5183	0.0170555
4888	5183	0.0170555
2468	5184	0.0166767
4130	5184	0.0166767
1463	5185	0.114437
1792	5185	0.114437
1529	5186	0.0213926
148	5186	0.0213926
538	5187	0.797761
2895	5187	0.797761
5187	5188	0.232402
3131	5188	0.232402
2634	5189	0.15098
3484	5189	0.15098
5189	5190	0.15049
3232	5190	0.15049
866	5191	0.035191
1171	5191	0.035191
2699	5192	0.0357134
1928	5192	0.0357134
2434	5193	0.0241593
5191	5193	0.0241593
5192	5194	0.0173201
5193	5194	0.0173201
2976	5195	0.0170583
3842	5195	0.0170583
3259	5196	0.0242519
2379	5196	0.0242519
3771	5197	0.0185445
5196	5197	0.0185445
2553	5198	0.0168016
5197	5198	0.0168016
4681	5199	0.0386186
3425	5199	0.0386186
2661	5200	0.0188252
5199	5200	0.0188252
2614	5201	0.121827
4473	5201	0.121827
5201	5202	0.0853039
244	5202	0.0853039
3330	5203	0.0225571
5202	5203	0.0225571
4297	5204	0.0255214
933	5204	0.0255214
3958	5205	0.0819511
1616	5205	0.0819511
5205	5206	0.0284473
2342	5206	0.0284473
2412	5207	0.0420257
4545	5207	0.0420257
5207	5208	0.019205
1245	5208	0.019205
1635	5209	0.462078
408	5209	0.462078
2408	5210	0.0204175
5209	5210	0.0204175
4553	5211	0.295781
1411	5211	0.295781
1348	5212	0.0499846
606	5212	0.0499846
1732	5213	0.12117
3294	5213	0.12117
5213	5214	0.0425951
3757	5214	0.0425951
2633	5215	0.139638
1502	5215	0.139638
5215	5216	0.0774262
3296	5216	0.0774262
460	5217	0.063463
5216	5217	0.063463
3438	5218	0.0583752
5217	5218	0.0583752
1851	5219	0.0391436
5218	5219	0.0391436
5219	5220	0.0379734
4487	5220	0.0379734
5220	5221	0.0378304
4262	5221	0.0378304
3007	5222	0.0520161
2655	5222	0.0520161
620	5223	0.177467
1325	5223	0.177467
5223	5224	0.098884
1674	5224	0.098884
5224	5225	0.083966
3621	5225	0.083966
5225	5226	0.083892
2716	5226	0.083892
4988	5227	0.0937309
2220	5227	0.0937309
5226	5228	0.0611196
2086	5228	0.0611196
1162	5229	0.0502307
2835	5229	0.0502307
5227	5230	0.0815706
4739	5230	0.0815706
4340	5231	0.0456569
5228	5231	0.0456569
5230	5232	0.0454104
4500	5232	0.0454104
5229	5233	0.043952
5232	5233	0.043952
5231	5234	0.0408188
5233	5234	0.0408188
5234	5235	0.0381497
307	5235	0.0381497
1819	5236	0.0857079
229	5236	0.0857079
4506	5237	0.063939
4890	5237	0.063939
3326	5238	0.0615554
5237	5238	0.0615554
4312	5239	0.0979572
3155	5239	0.0979572
5239	5240	0.071985
31	5240	0.071985
710	5241	0.0649221
5240	5241	0.0649221
1560	5242	0.0922787
892	5242	0.0922787
1257	5243	0.0738875
5242	5243	0.0738875
5243	5244	0.0671068
1845	5244	0.0671068
2864	5245	0.0634388
172	5245	0.0634388
1286	5246	0.0621507
5245	5246	0.0621507
2145	5247	0.133551
3980	5247	0.133551
2235	5248	0.0656161
515	5248	0.0656161
712	5249	0.0658692
3586	5249	0.0658692
5236	5250	0.0530521
1640	5250	0.0530521
311	5251	0.0518477
3415	5251	0.0518477
5250	5252	0.0492009
5251	5252	0.0492009
5241	5253	0.0571112
520	5253	0.0571112
5249	5254	0.0499347
3078	5254	0.0499347
5253	5255	0.0495792
5254	5255	0.0495792
5238	5256	0.0540303
1654	5256	0.0540303
5246	5257	0.0610513
1868	5257	0.0610513
5257	5258	0.0532982
3468	5258	0.0532982
895	5259	0.0512468
2163	5259	0.0512468
5259	5260	0.0507431
185	5260	0.0507431
1726	5261	0.0593293
5248	5261	0.0593293
5247	5262	0.057273
5261	5262	0.057273
5262	5263	0.0506311
3338	5263	0.0506311
399	5264	0.0493427
5263	5264	0.0493427
5258	5265	0.0471821
5264	5265	0.0471821
5244	5266	0.0466451
5265	5266	0.0466451
1301	5267	0.0434806
5266	5267	0.0434806
5252	5268	0.0463555
1581	5268	0.0463555
4891	5269	0.0481288
3692	5269	0.0481288
5256	5270	0.0480088
5269	5270	0.0480088
5255	5271	0.0456314
5270	5271	0.0456314
3766	5272	0.04506
5271	5272	0.04506
3266	5273	0.044706
5272	5273	0.044706
5273	5274	0.0445974
4497	5274	0.0445974
5268	5275	0.0436261
5274	5275	0.0436261
3	5275	0.0436261
5275	5276	0.0435557
1393	5276	0.0435557
3419	5277	0.0466629
4413	5277	0.0466629
2466	5278	0.0431158
5267	5278	0.0431158
4321	5279	0.0431078
5278	5279	0.0431078
5279	5280	0.0430417
5276	5280	0.0430417
5280	5281	0.0423868
5260	5281	0.0423868
5277	5282	0.0421393
5281	5282	0.0421393
1871	5283	0.0415129
5282	5283	0.0415129
5283	5284	0.0407153
676	5284	0.0407153
5284	5285	0.0405435
1869	5285	0.0405435
5285	5286	0.040319
5	5286	0.040319
2769	5287	0.0399303
5286	5287	0.0399303
5287	5288	0.0383357
3355	5288	0.0383357
4661	5289	0.0378537
5288	5289	0.0378537
5289	5290	0.0362546
3418	5290	0.0362546
948	5291	0.138459
2284	5291	0.138459
5291	5292	0.131467
3599	5292	0.131467
2897	5293	0.129031
5292	5293	0.129031
5293	5294	0.108733
1205	5294	0.108733
461	5295	0.0824079
5294	5295	0.0824079
5295	5296	0.0487853
2961	5296	0.0487853
5296	5297	0.0460087
6	5297	0.0460087
1853	5298	0.0870132
2209	5298	0.0870132
3660	5299	0.118514
3661	5299	0.118514
5299	5300	0.0652445
3629	5300	0.0652445
313	5301	0.0477235
5300	5301	0.0477235
5298	5302	0.0403948
5301	5302	0.0403948
4659	5303	0.400783
1642	5303	0.400783
4780	5304	0.221626
929	5304	0.221626
5304	5305	0.212235
3644	5305	0.212235
3311	5306	0.106413
707	5306	0.106413
5305	5307	0.101897
5306	5307	0.101897
5303	5308	0.0977027
5307	5308	0.0977027
927	5309	0.0916433
2448	5309	0.0916433
5309	5310	0.054225
1255	5310	0.054225
5308	5311	0.0533963
5310	5311	0.0533963
3693	5312	0.0425231
3106	5312	0.0425231
1490	5313	0.0376473
5312	5313	0.0376473
5313	5314	0.0368349
2724	5314	0.0368349
2768	5315	0.044829
4096	5315	0.044829
4719	5316	0.102411
1226	5316	0.102411
5316	5317	0.0724855
3346	5317	0.0724855
3026	5318	0.0510471
5317	5318	0.0510471
3046	5319	0.107924
1318	5319	0.107924
5319	5320	0.102088
615	5320	0.102088
3292	5321	0.0987257
5320	5321	0.0987257
4735	5322	0.0933286
4132	5322	0.0933286
5321	5323	0.0846143
5322	5323	0.0846143
141	5324	0.0837761
5323	5324	0.0837761
5324	5325	0.077079
1132	5325	0.077079
270	5326	0.0769291
5325	5326	0.0769291
2719	5327	0.137039
2352	5327	0.137039
2446	5328	0.0781508
1892	5328	0.0781508
5327	5329	0.0700464
5328	5329	0.0700464
851	5330	0.16404
4563	5330	0.16404
4143	5331	0.30883
1723	5331	0.30883
5331	5332	0.126269
1099	5332	0.126269
5332	5333	0.119859
2154	5333	0.119859
4861	5334	0.118052
5333	5334	0.118052
5334	5335	0.115
1830	5335	0.115
5335	5336	0.0881063
1828	5336	0.0881063
1881	5337	0.115279
2467	5337	0.115279
1365	5338	0.0952323
5337	5338	0.0952323
5330	5339	0.0686951
1606	5339	0.0686951
5339	5340	0.0562848
3413	5340	0.0562848
5340	5341	0.0524673
4997	5341	0.0524673
5336	5342	0.0629365
2092	5342	0.0629365
5342	5343	0.057316
3243	5343	0.057316
2989	5344	0.0557774
5038	5344	0.0557774
5343	5345	0.0513321
4398	5345	0.0513321
5344	5346	0.0509879
5345	5346	0.0509879
7	5347	0.0473226
5346	5347	0.0473226
5326	5348	0.0475784
2632	5348	0.0475784
5329	5349	0.0513154
3886	5349	0.0513154
5349	5350	0.0501238
809	5350	0.0501238
1536	5351	0.0493074
5350	5351	0.0493074
5338	5352	0.0498401
1880	5352	0.0498401
4706	5353	0.0455703
5347	5353	0.0455703
5341	5354	0.0450843
5353	5354	0.0450843
5348	5355	0.0403757
1264	5355	0.0403757
5355	5356	0.0399715
1265	5356	0.0399715
1773	5357	0.0429143
2628	5357	0.0429143
5351	5358	0.0427017
5357	5358	0.0427017
4041	5359	0.0404894
5358	5359	0.0404894
2198	5360	0.0419915
1344	5360	0.0419915
961	5361	0.0406092
5360	5361	0.0406092
3201	5362	0.0400256
3583	5362	0.0400256
5354	5363	0.0374222
3717	5363	0.0374222
5363	5364	0.0372376
2384	5364	0.0372376
5356	5365	0.03808
5359	5365	0.03808
5362	5366	0.0366437
5364	5366	0.0366437
5365	5367	0.0363008
5352	5367	0.0363008
2269	5367	0.0363008
5361	5368	0.0360404
5367	5368	0.0360404
5366	5369	0.0358513
5368	5369	0.0358513
1592	5370	0.0387535
8	5370	0.0387535
191	5371	0.0382291
5370	5371	0.0382291
1917	5372	0.131291
1646	5372	0.131291
4720	5373	0.0637868
772	5373	0.0637868
5373	5374	0.0563777
2148	5374	0.0563777
499	5375	0.0456407
5374	5375	0.0456407
5375	5376	0.0374068
1453	5376	0.0374068
2599	5377	0.147498
1398	5377	0.147498
5377	5378	0.139771
20	5378	0.139771
3247	5379	0.0397758
1194	5379	0.0397758
5378	5380	0.0383205
5379	5380	0.0383205
1738	5381	0.0693297
40	5381	0.0693297
23	5382	0.0486705
4313	5382	0.0486705
2119	5383	0.0478198
5381	5383	0.0478198
4782	5384	0.0455393
5383	5384	0.0455393
510	5385	0.0454801
5384	5385	0.0454801
5385	5386	0.0392041
1268	5386	0.0392041
5382	5387	0.037353
5386	5387	0.037353
2577	5388	0.128041
3361	5388	0.128041
799	5389	0.106171
427	5389	0.106171
4144	5390	0.139808
26	5390	0.139808
5390	5391	0.0946549
2218	5391	0.0946549
3903	5392	0.240916
1465	5392	0.240916
1626	5393	0.0557796
1630	5393	0.0557796
5391	5394	0.0632079
1718	5394	0.0632079
3306	5395	0.0598211
5394	5395	0.0598211
5395	5396	0.0561577
942	5396	0.0561577
5396	5397	0.0540388
4580	5397	0.0540388
5393	5398	0.0507071
5397	5398	0.0507071
5392	5399	0.0504064
2149	5399	0.0504064
5399	5400	0.0387063
5398	5400	0.0387063
5400	5401	0.0360312
727	5401	0.0360312
1214	5402	0.194063
259	5402	0.194063
1781	5403	0.149249
2462	5403	0.149249
5403	5404	0.0874886
250	5404	0.0874886
5402	5405	0.0872305
5404	5405	0.0872305
3240	5406	0.0515257
3432	5406	0.0515257
4683	5407	0.0420979
3551	5407	0.0420979
63	5408	0.0471364
874	5408	0.0471364
5408	5409	0.0360713
605	5409	0.0360713
3183	5410	0.0416112
351	5410	0.0416112
785	5411	0.042554
39	5411	0.042554
909	5412	0.075719
901	5412	0.075719
4352	5413	0.0743882
5412	5413	0.0743882
5413	5414	0.0601488
2554	5414	0.0601488
4504	5415	0.0631536
1950	5415	0.0631536
170	5416	0.0412767
2329	5416	0.0412767
5415	5417	0.0595256
1636	5417	0.0595256
4638	5418	0.0565285
5417	5418	0.0565285
3765	5419	0.044575
5418	5419	0.044575
3827	5420	0.0526773
5414	5420	0.0526773
3041	5420	0.0526773
5420	5421	0.0434156
3913	5421	0.0434156
2513	5422	0.0395721
5416	5422	0.0395721
2109	5423	0.0395468
5422	5423	0.0395468
1267	5424	0.0386186
5423	5424	0.0386186
5421	5425	0.04053
4089	5425	0.04053
612	5426	0.0380897
5424	5426	0.0380897
5419	5427	0.0373249
5425	5427	0.0373249
5426	5428	0.0369574
3562	5428	0.0369574
5428	5429	0.0368873
5427	5429	0.0368873
818	5430	0.0545786
3027	5430	0.0545786
1153	5431	0.0526107
5430	5431	0.0526107
2807	5432	0.0518455
5431	5432	0.0518455
5432	5433	0.0515372
2842	5433	0.0515372
5433	5434	0.0425371
4345	5434	0.0425371
125	5435	0.0418813
5434	5435	0.0418813
3212	5436	0.0402137
1444	5436	0.0402137
5435	5437	0.0386208
5436	5437	0.0386208
5437	5438	0.0361788
1936	5438	0.0361788
5438	5439	0.0358991
3549	5439	0.0358991
1420	5440	0.140457
4036	5440	0.140457
5440	5441	0.117901
1591	5441	0.117901
3371	5442	0.0965869
5441	5442	0.0965869
3759	5443	0.042972
3424	5443	0.042972
5442	5444	0.0388955
2323	5444	0.0388955
5443	5445	0.0381297
5444	5445	0.0381297
50	5446	0.0379348
5445	5446	0.0379348
1889	5447	0.0610562
1034	5447	0.0610562
5447	5448	0.0482246
53	5448	0.0482246
5448	5449	0.039794
4542	5449	0.039794
4015	5450	0.0959262
3408	5450	0.0959262
5450	5451	0.0818929
57	5451	0.0818929
1884	5452	0.0702386
5451	5452	0.0702386
1875	5453	0.0622459
5452	5453	0.0622459
5453	5454	0.0569735
1469	5454	0.0569735
1100	5455	0.0398759
3028	5455	0.0398759
1029	5456	0.0441489
1108	5456	0.0441489
3060	5457	0.0473099
2826	5457	0.0473099
1207	5458	0.0377897
76	5458	0.0377897
5457	5459	0.0368372
5458	5459	0.0368372
754	5460	0.0361566
5459	5460	0.0361566
3525	5461	0.0383496
4131	5461	0.0383496
5461	5462	0.0358047
3324	5462	0.0358047
543	5463	0.0990009
2608	5463	0.0990009
5463	5464	0.0871982
821	5464	0.0871982
5464	5465	0.0597114
2738	5465	0.0597114
1191	5466	0.0605835
2621	5466	0.0605835
4053	5467	0.0572165
5466	5467	0.0572165
2588	5468	0.057031
5467	5468	0.057031
78	5469	0.0564087
5468	5469	0.0564087
5469	5470	0.0507038
1649	5470	0.0507038
4921	5471	0.0461275
3003	5471	0.0461275
4940	5472	0.0457211
64	5472	0.0457211
3122	5473	0.0644915
67	5473	0.0644915
1235	5474	0.0483953
70	5474	0.0483953
4460	5475	0.0647311
1954	5475	0.0647311
5475	5476	0.0529152
3883	5476	0.0529152
86	5477	0.0571239
1056	5477	0.0571239
5477	5478	0.0442624
1466	5478	0.0442624
5478	5479	0.0364677
4597	5479	0.0364677
950	5480	0.0488404
90	5480	0.0488404
4017	5481	0.0474344
2915	5481	0.0474344
5481	5482	0.0402469
849	5482	0.0402469
3506	5483	0.0376373
5482	5483	0.0376373
2638	5484	0.0422025
4872	5484	0.0422025
940	5485	0.11155
1941	5485	0.11155
4197	5486	0.0641689
4335	5486	0.0641689
2934	5487	0.0594428
2935	5487	0.0594428
5487	5488	0.0572647
5486	5488	0.0572647
3011	5489	0.056955
5488	5489	0.056955
4422	5490	0.0567419
5489	5490	0.0567419
261	5491	0.0565968
5490	5491	0.0565968
870	5492	0.0565901
5491	5492	0.0565901
3288	5493	0.0516463
3875	5493	0.0516463
4310	5494	0.0462556
5493	5494	0.0462556
5494	5495	0.04076
1176	5495	0.04076
5485	5496	0.0388009
5495	5496	0.0388009
5492	5497	0.0382593
5496	5497	0.0382593
865	5498	0.0467653
1969	5498	0.0467653
5498	5499	0.0398171
2604	5499	0.0398171
5499	5500	0.0391316
2841	5500	0.0391316
5500	5501	0.0363978
4740	5501	0.0363978
3563	5502	0.0408869
4283	5502	0.0408869
2653	5503	0.177985
4303	5503	0.177985
5503	5504	0.132572
838	5504	0.132572
5504	5505	0.0826677
4414	5505	0.0826677
1806	5506	0.0649221
5505	5506	0.0649221
5506	5507	0.0533208
481	5507	0.0533208
5507	5508	0.0467821
136	5508	0.0467821
2250	5509	0.0368181
5508	5509	0.0368181
128	5510	0.0375522
2174	5510	0.0375522
3879	5511	0.0373706
5510	5511	0.0373706
527	5512	0.052411
1549	5512	0.052411
5037	5513	0.0536382
3995	5513	0.0536382
1449	5514	0.0752709
3066	5514	0.0752709
1775	5515	0.124884
1730	5515	0.124884
1294	5516	0.110075
5515	5516	0.110075
5516	5517	0.0536668
3302	5517	0.0536668
5517	5518	0.0520545
3651	5518	0.0520545
5518	5519	0.0460654
1228	5519	0.0460654
1421	5519	0.0460654
2798	5520	0.0396231
2399	5520	0.0396231
1763	5521	0.0400345
5519	5521	0.0400345
3965	5522	0.038642
5520	5522	0.038642
5522	5523	0.0379932
5521	5523	0.0379932
5523	5524	0.0374058
3519	5524	0.0374058
3320	5525	0.089731
1614	5525	0.089731
2784	5526	0.104792
4632	5526	0.104792
5526	5527	0.0947391
3735	5527	0.0947391
5527	5528	0.0896202
3541	5528	0.0896202
5528	5529	0.0879958
140	5529	0.0879958
5529	5530	0.075741
3697	5530	0.075741
1543	5531	0.0626812
4302	5531	0.0626812
5530	5532	0.0687243
2397	5532	0.0687243
5525	5533	0.0653549
5532	5533	0.0653549
5531	5534	0.0618707
5533	5534	0.0618707
5534	5535	0.0563426
3878	5535	0.0563426
5535	5536	0.0489442
1062	5536	0.0489442
5536	5537	0.0472517
847	5537	0.0472517
420	5538	0.0459948
5537	5538	0.0459948
2870	5539	0.0454855
5538	5539	0.0454855
5539	5540	0.0407153
1023	5540	0.0407153
169	5541	0.0624388
3545	5541	0.0624388
1685	5542	0.0612296
5541	5542	0.0612296
2325	5543	0.0484061
5542	5543	0.0484061
5543	5544	0.0359642
153	5544	0.0359642
985	5545	0.0561945
155	5545	0.0561945
5545	5546	0.043901
2739	5546	0.043901
3447	5547	0.0428944
5546	5547	0.0428944
5547	5548	0.0398074
4301	5548	0.0398074
5548	5549	0.0377652
748	5549	0.0377652
1915	5550	0.0377388
288	5550	0.0377388
1356	5551	0.0690877
2570	5551	0.0690877
2138	5552	0.0704747
886	5552	0.0704747
189	5553	0.0525774
3390	5553	0.0525774
5552	5554	0.0521336
5553	5554	0.0521336
1144	5555	0.0507134
5554	5555	0.0507134
5551	5556	0.0465816
4382	5556	0.0465816
5556	5557	0.0462453
494	5557	0.0462453
5555	5558	0.0439493
3680	5558	0.0439493
5557	5559	0.0377883
5558	5559	0.0377883
5559	5560	0.0371382
2774	5560	0.0371382
1076	5561	0.0361007
5560	5561	0.0361007
2463	5562	0.0894119
190	5562	0.0894119
5562	5563	0.046396
2992	5563	0.046396
3314	5564	0.0429859
5563	5564	0.0429859
5564	5565	0.0364038
4847	5565	0.0364038
711	5566	0.126706
4968	5566	0.126706
2046	5567	0.0399913
405	5567	0.0399913
1366	5568	0.185221
357	5568	0.185221
5568	5569	0.10704
971	5569	0.10704
2936	5570	0.140311
2940	5570	0.140311
5570	5571	0.11057
813	5571	0.11057
5571	5572	0.110128
3220	5572	0.110128
202	5573	0.0990009
5572	5573	0.0990009
5573	5574	0.0816309
268	5574	0.0816309
5569	5575	0.0836153
3395	5575	0.0836153
5574	5576	0.064217
532	5576	0.064217
5576	5577	0.0598856
5575	5577	0.0598856
1048	5578	0.049061
3633	5578	0.049061
5577	5579	0.0486621
5578	5579	0.0486621
1417	5580	0.301944
4256	5580	0.301944
5580	5581	0.271335
2171	5581	0.271335
1540	5582	0.114258
4951	5582	0.114258
5582	5583	0.0767803
3440	5583	0.0767803
2781	5584	0.0667142
216	5584	0.0667142
2617	5585	0.0668845
1240	5585	0.0668845
1749	5586	0.0637885
5585	5586	0.0637885
5583	5587	0.0626538
5586	5587	0.0626538
5587	5588	0.0617797
1083	5588	0.0617797
1066	5589	0.0614555
5588	5589	0.0614555
5589	5590	0.0536975
5584	5590	0.0536975
5590	5591	0.0397309
876	5591	0.0397309
231	5592	0.0437349
1178	5592	0.0437349
943	5593	0.219803
4115	5593	0.219803
5593	5594	0.0598121
4733	5594	0.0598121
4734	5595	0.0492887
5594	5595	0.0492887
3900	5596	0.0779629
4530	5596	0.0779629
5596	5597	0.0535488
3667	5597	0.0535488
5597	5598	0.0461869
2415	5598	0.0461869
3076	5599	0.0950595
3138	5599	0.0950595
5598	5600	0.0425954
3630	5600	0.0425954
5600	5601	0.0400966
666	5601	0.0400966
1042	5602	0.0385674
5601	5602	0.0385674
5599	5603	0.0399573
3805	5603	0.0399573
5602	5604	0.0385355
1704	5604	0.0385355
5603	5605	0.0382463
5604	5605	0.0382463
2927	5606	0.222766
3087	5606	0.222766
5606	5607	0.0856321
3831	5607	0.0856321
5607	5608	0.0833004
3524	5608	0.0833004
5608	5609	0.083012
1181	5609	0.083012
5609	5610	0.0438347
263	5610	0.0438347
1336	5611	0.0494538
3994	5611	0.0494538
3534	5612	0.0692082
4016	5612	0.0692082
5612	5613	0.0513642
2261	5613	0.0513642
3234	5614	0.0633559
3616	5614	0.0633559
2688	5615	0.0499516
5613	5615	0.0499516
5614	5616	0.0467395
2318	5616	0.0467395
5615	5617	0.0455468
5616	5617	0.0455468
5617	5618	0.0441815
1680	5618	0.0441815
2232	5619	0.0362663
3614	5619	0.0362663
2582	5620	0.0361235
5619	5620	0.0361235
4298	5621	0.121294
3645	5621	0.121294
5621	5622	0.103215
1202	5622	0.103215
3859	5623	0.0920027
5622	5623	0.0920027
5623	5624	0.0676706
306	5624	0.0676706
5624	5625	0.0519365
1508	5625	0.0519365
2317	5626	0.0513535
5625	5626	0.0513535
2836	5627	0.0489686
1361	5627	0.0489686
4513	5628	0.046642
5627	5628	0.046642
5626	5629	0.0457191
5628	5629	0.0457191
5629	5630	0.0380651
4693	5630	0.0380651
486	5631	0.0368121
5630	5631	0.0368121
1504	5632	0.0493415
316	5632	0.0493415
5632	5633	0.0477252
3075	5633	0.0477252
320	5634	0.0463922
735	5634	0.0463922
1561	5635	0.0410182
344	5635	0.0410182
5635	5636	0.0375085
1787	5636	0.0375085
5634	5637	0.0371455
5636	5637	0.0371455
321	5638	0.0407242
525	5638	0.0407242
5638	5639	0.0383419
2507	5639	0.0383419
5639	5640	0.037344
2387	5640	0.037344
326	5641	0.0864093
2289	5641	0.0864093
5641	5642	0.0357816
4014	5642	0.0357816
338	5643	0.0727454
1249	5643	0.0727454
1519	5644	0.0376746
4420	5644	0.0376746
5643	5645	0.0369747
5644	5645	0.0369747
2863	5646	0.0598915
3672	5646	0.0598915
5646	5647	0.0456154
2913	5647	0.0456154
381	5648	0.0450919
5647	5648	0.0450919
4384	5649	0.115565
4522	5649	0.115565
5649	5650	0.0718986
361	5650	0.0718986
5650	5651	0.0533092
3301	5651	0.0533092
2783	5652	0.0543964
1004	5652	0.0543964
5652	5653	0.0505398
3881	5653	0.0505398
4267	5654	0.0418369
378	5654	0.0418369
562	5655	0.0473526
402	5655	0.0473526
4459	5655	0.0473526
3603	5656	0.102383
1146	5656	0.102383
4278	5657	0.101243
5656	5657	0.101243
2242	5658	0.0883539
958	5658	0.0883539
2654	5659	0.0694358
5658	5659	0.0694358
2031	5660	0.0583205
2280	5660	0.0583205
3373	5661	0.0562067
3854	5661	0.0562067
5660	5661	0.0562067
1272	5662	0.0556425
3079	5662	0.0556425
5661	5663	0.0548657
5662	5663	0.0548657
2431	5664	0.0531462
5663	5664	0.0531462
3225	5665	0.0521915
5664	5665	0.0521915
2066	5666	0.0559122
5659	5666	0.0559122
5657	5667	0.0513265
5666	5667	0.0513265
553	5668	0.0509236
5667	5668	0.0509236
726	5669	0.0476666
1464	5669	0.0476666
5665	5670	0.0466009
1427	5670	0.0466009
3119	5671	0.0477115
5668	5671	0.0477115
5008	5672	0.0463368
5671	5672	0.0463368
5670	5673	0.0460406
5672	5673	0.0460406
1419	5674	0.0449208
5673	5674	0.0449208
5669	5675	0.0407052
5674	5675	0.0407052
3268	5676	0.0978578
899	5676	0.0978578
5676	5677	0.0851072
3323	5677	0.0851072
5677	5678	0.0634133
4923	5678	0.0634133
920	5679	0.0774957
921	5679	0.0774957
5679	5680	0.0728402
3573	5680	0.0728402
5680	5681	0.05716
1423	5681	0.05716
5681	5682	0.0570997
1503	5682	0.0570997
4001	5683	0.0490866
2208	5683	0.0490866
4786	5684	0.0418775
5682	5684	0.0418775
2406	5685	0.0473266
4215	5685	0.0473266
1929	5685	0.0473266
5683	5686	0.0428828
5685	5686	0.0428828
5684	5687	0.0416223
3729	5687	0.0416223
5678	5688	0.0382272
5686	5688	0.0382272
5687	5689	0.0365812
5688	5689	0.0365812
644	5690	0.0663381
3619	5690	0.0663381
4250	5691	0.060292
4752	5691	0.060292
5690	5692	0.0614383
3914	5692	0.0614383
2529	5693	0.0490285
5692	5693	0.0490285
5691	5694	0.0404169
5693	5694	0.0404169
3358	5695	0.0390497
5694	5695	0.0390497
422	5696	0.0776819
2237	5696	0.0776819
4094	5697	0.0712359
5696	5697	0.0712359
3083	5698	0.0768147
1229	5698	0.0768147
5698	5699	0.0617752
5697	5699	0.0617752
3055	5700	0.0552306
5699	5700	0.0552306
5700	5701	0.0529812
4108	5701	0.0529812
5701	5702	0.0371572
1475	5702	0.0371572
425	5703	0.0742721
972	5703	0.0742721
2987	5704	0.0761139
2675	5704	0.0761139
5704	5705	0.0584746
3924	5705	0.0584746
3139	5706	0.0575866
4155	5706	0.0575866
2177	5707	0.0525316
5706	5707	0.0525316
1601	5708	0.0479732
5707	5708	0.0479732
5708	5709	0.0366382
774	5709	0.0366382
3787	5710	0.123242
1906	5710	0.123242
1703	5711	0.0510344
753	5711	0.0510344
3308	5712	0.0425338
984	5712	0.0425338
4526	5713	0.0676926
4797	5713	0.0676926
4724	5714	0.187572
4975	5714	0.187572
5714	5715	0.1172
4474	5715	0.1172
5715	5716	0.058633
493	5716	0.058633
5716	5717	0.0557031
3774	5717	0.0557031
1102	5718	0.0631272
503	5718	0.0631272
5718	5719	0.0476576
1103	5719	0.0476576
2041	5720	0.0446326
5719	5720	0.0446326
4892	5721	0.0605974
4854	5721	0.0605974
4863	5722	0.0446342
5721	5722	0.0446342
5722	5723	0.0404415
2821	5723	0.0404415
2734	5724	0.0701795
4801	5724	0.0701795
2808	5725	0.0595755
5724	5725	0.0595755
5725	5726	0.0424
4804	5726	0.0424
4435	5727	0.045972
517	5727	0.045972
5727	5728	0.0419589
2531	5728	0.0419589
4633	5729	0.182566
3640	5729	0.182566
5729	5730	0.0764437
2298	5730	0.0764437
524	5731	0.061908
836	5731	0.061908
5731	5732	0.0617572
2374	5732	0.0617572
5732	5733	0.0541311
3701	5733	0.0541311
4235	5734	0.0374237
5733	5734	0.0374237
530	5735	0.0768191
3032	5735	0.0768191
2578	5736	0.0631673
5735	5736	0.0631673
1715	5737	0.0630618
5736	5737	0.0630618
1825	5738	0.0593167
5737	5738	0.0593167
5738	5739	0.0402377
2334	5739	0.0402377
1795	5740	0.0364626
531	5740	0.0364626
1496	5741	0.147189
2642	5741	0.147189
1805	5742	0.0708406
2636	5742	0.0708406
3222	5743	0.0715911
2143	5743	0.0715911
5742	5744	0.06093
779	5744	0.06093
5744	5745	0.0576498
545	5745	0.0576498
5743	5746	0.0465669
5745	5746	0.0465669
4379	5747	0.110902
956	5747	0.110902
574	5748	0.058678
3987	5748	0.058678
4343	5749	0.0513331
4453	5749	0.0513331
3149	5750	0.0763616
2123	5750	0.0763616
5750	5751	0.0534794
582	5751	0.0534794
585	5752	0.0463816
1470	5752	0.0463816
1972	5753	0.0461739
5752	5753	0.0461739
590	5754	0.0673789
3901	5754	0.0673789
5754	5755	0.0659357
4430	5755	0.0659357
2023	5756	0.0716021
1597	5756	0.0716021
5756	5757	0.0646509
596	5757	0.0646509
5757	5758	0.0598253
2678	5758	0.0598253
5758	5759	0.0595402
3197	5759	0.0595402
5759	5760	0.0559128
1572	5760	0.0559128
5760	5761	0.0520781
3756	5761	0.0520781
1303	5762	0.0417959
604	5762	0.0417959
2592	5763	0.194006
2376	5763	0.194006
5763	5764	0.165263
4103	5764	0.165263
2018	5765	0.150484
5764	5765	0.150484
5765	5766	0.0665753
1002	5766	0.0665753
3821	5767	0.0585287
5766	5767	0.0585287
5767	5768	0.0550755
609	5768	0.0550755
4505	5769	0.194729
4031	5769	0.194729
5769	5770	0.073111
2598	5770	0.073111
2307	5771	0.0575678
5770	5771	0.0575678
3417	5772	0.164898
614	5772	0.164898
3800	5773	0.165706
3602	5773	0.165706
5773	5774	0.14077
1377	5774	0.14077
5774	5775	0.0907471
625	5775	0.0907471
5775	5776	0.0362584
4415	5776	0.0362584
2838	5777	0.0725755
632	5777	0.0725755
2770	5778	0.0663441
5777	5778	0.0663441
4253	5779	0.0619031
635	5779	0.0619031
1999	5780	0.123541
637	5780	0.123541
4394	5781	0.0863593
4055	5781	0.0863593
5781	5782	0.0804331
1857	5782	0.0804331
5782	5783	0.0392075
3364	5783	0.0392075
662	5784	0.048921
810	5784	0.048921
5784	5785	0.0421855
817	5785	0.0421855
3416	5786	0.0407013
5785	5786	0.0407013
3523	5787	0.0397908
5786	5787	0.0397908
1677	5788	0.0503416
1355	5788	0.0503416
3450	5789	0.0363164
4992	5789	0.0363164
4189	5790	0.0472388
2854	5790	0.0472388
5790	5791	0.0409645
679	5791	0.0409645
5791	5792	0.0402433
1374	5792	0.0402433
5792	5793	0.0393627
1523	5793	0.0393627
3778	5794	0.126494
1313	5794	0.126494
5794	5795	0.10012
4116	5795	0.10012
5795	5796	0.072634
2698	5796	0.072634
4007	5797	0.0852326
3367	5797	0.0852326
3510	5798	0.0580787
1833	5798	0.0580787
695	5799	0.0358347
5798	5799	0.0358347
706	5800	0.0560856
3490	5800	0.0560856
1559	5801	0.0468079
718	5801	0.0468079
1789	5802	0.0764106
856	5802	0.0764106
5802	5803	0.0365151
1224	5803	0.0365151
2651	5804	0.0722944
723	5804	0.0722944
1307	5805	0.129693
738	5805	0.129693
750	5806	0.102253
2810	5806	0.102253
3732	5807	0.0761925
1126	5807	0.0761925
5807	5808	0.0683241
2903	5808	0.0683241
5806	5809	0.0650591
5808	5809	0.0650591
3934	5810	0.0556958
4288	5810	0.0556958
3970	5811	0.0826598
1582	5811	0.0826598
5811	5812	0.0583752
3161	5812	0.0583752
755	5813	0.0395071
5812	5813	0.0395071
3284	5814	0.136075
825	5814	0.136075
805	5815	0.0684641
4852	5815	0.0684641
5815	5816	0.0479866
1142	5816	0.0479866
3184	5817	0.0829929
4695	5817	0.0829929
5817	5818	0.0453899
1357	5818	0.0453899
4020	5819	0.0575919
2277	5819	0.0575919
4787	5820	0.0928497
1835	5820	0.0928497
5820	5821	0.0832906
845	5821	0.0832906
5821	5822	0.0610331
4822	5822	0.0610331
2606	5823	0.131156
2251	5823	0.131156
859	5824	0.127654
4788	5824	0.127654
5824	5825	0.123116
5823	5825	0.123116
2423	5826	0.12303
5825	5826	0.12303
3175	5827	0.12727
1414	5827	0.12727
5826	5828	0.12286
5827	5828	0.12286
2557	5829	0.0460102
5828	5829	0.0460102
4078	5830	0.0969498
930	5830	0.0969498
5830	5831	0.0513373
2430	5831	0.0513373
4109	5832	0.0796418
2211	5832	0.0796418
2558	5833	0.0635934
974	5833	0.0635934
980	5834	0.218218
2292	5834	0.218218
4776	5835	0.0578148
993	5835	0.0578148
3947	5836	0.054388
5835	5836	0.054388
4710	5837	0.0597142
1014	5837	0.0597142
1489	5838	0.0736747
4437	5838	0.0736747
1039	5839	0.043768
2613	5839	0.043768
3908	5840	0.0538218
3522	5840	0.0538218
2228	5841	0.0829886
4860	5841	0.0829886
1095	5842	0.197515
4095	5842	0.197515
2151	5843	0.037687
3495	5843	0.037687
1925	5844	0.0931975
1160	5844	0.0931975
1172	5845	0.0782487
4258	5845	0.0782487
3013	5846	0.0760718
5845	5846	0.0760718
4495	5847	0.0746733
5846	5847	0.0746733
5847	5848	0.0409939
4760	5848	0.0409939
1840	5849	0.0367893
1197	5849	0.0367893
1232	5850	0.0385687
4266	5850	0.0385687
5850	5851	0.0359079
4839	5851	0.0359079
3685	5852	0.0381265
1309	5852	0.0381265
4574	5853	0.101377
1347	5853	0.101377
4751	5854	0.0528698
1754	5854	0.0528698
4572	5855	0.0700777
4175	5855	0.0700777
1380	5856	0.0468355
4576	5856	0.0468355
3389	5857	0.0736454
1935	5857	0.0736454
5857	5858	0.0433038
4743	5858	0.0433038
1448	5859	0.0878295
3918	5859	0.0878295
2253	5860	0.0530233
3521	5860	0.0530233
4887	5861	0.0407631
4033	5861	0.0407631
4795	5862	0.0451971
2192	5862	0.0451971
2562	5863	0.175209
4405	5863	0.175209
4944	5864	0.152126
2457	5864	0.152126
5864	5865	0.149582
4099	5865	0.149582
4181	5866	0.0943249
4672	5866	0.0943249
5866	5867	0.0587876
1991	5867	0.0587876
1992	5868	0.0428295
2141	5868	0.0428295
2038	5869	0.049618
4569	5869	0.049618
4421	5870	0.0435202
5869	5870	0.0435202
2817	5871	0.0455525
4128	5871	0.0455525
4408	5872	0.0546149
2756	5872	0.0546149
2900	5873	0.0470881
4203	5873	0.0470881
3882	5874	0.0414565
5044	5874	0.0414565
3826	5875	0.0411275
5874	5875	0.0411275
4793	5876	0.0442664
3063	5876	0.0442664
3182	5877	0.058102
4664	5877	0.058102
3731	5878	0.0452217
3593	5878	0.0452217
5878	5879	0.0399998
4218	5879	0.0399998
4163	5880	0.0565647
4534	5880	0.0565647
4960	5881	0.132181
4955	5881	0.132181
4843	5882	0.128013
5881	5882	0.128013
3422	5883	0.0284712
5297	5883	0.0284712
5645	5884	0.028708
873	5884	0.028708
5566	5885	0.030298
5567	5885	0.030298
5834	5886	0.0299999
5885	5886	0.0299999
1275	5887	0.029406
5886	5887	0.029406
3359	5888	0.0293965
2837	5888	0.0293965
622	5889	0.0265397
5888	5889	0.0265397
5411	5890	0.032116
2115	5890	0.032116
1333	5891	0.0314964
521	5891	0.0314964
2464	5892	0.0348578
611	5892	0.0348578
5751	5893	0.0335076
5892	5893	0.0335076
5893	5894	0.0279399
2090	5894	0.0279399
5749	5895	0.0260087
5894	5895	0.0260087
5890	5896	0.0246159
4877	5896	0.0246159
5891	5897	0.0239627
5896	5897	0.0239627
5895	5898	0.0235225
5897	5898	0.0235225
5592	5899	0.0297672
232	5899	0.0297672
2685	5900	0.0259022
5899	5900	0.0259022
1521	5901	0.0249768
5900	5901	0.0249768
897	5902	0.0316363
4938	5902	0.0316363
1440	5903	0.0254525
5902	5903	0.0254525
4873	5904	0.0335881
5748	5904	0.0335881
5822	5905	0.0342935
5839	5905	0.0342935
5579	5906	0.0310643
1796	5906	0.0310643
5904	5907	0.028944
5906	5907	0.028944
5905	5908	0.0276348
5907	5908	0.0276348
5771	5909	0.0328366
5772	5909	0.0328366
777	5910	0.0352398
5591	5910	0.0352398
5800	5911	0.0345974
1022	5911	0.0345974
3202	5912	0.0302809
5911	5912	0.0302809
5910	5913	0.0298422
5912	5913	0.0298422
5913	5914	0.0290315
3608	5914	0.0290315
2948	5915	0.0276287
5914	5915	0.0276287
887	5916	0.0264771
5915	5916	0.0264771
5916	5917	0.0262481
3720	5917	0.0262481
5405	5918	0.034231
30	5918	0.034231
5484	5919	0.0348005
4086	5919	0.0348005
5654	5920	0.0347445
5919	5920	0.0347445
1743	5921	0.0318057
1700	5921	0.0318057
5921	5922	0.0316136
3744	5922	0.0316136
3208	5923	0.0297773
5922	5923	0.0297773
5920	5924	0.0283154
5923	5924	0.0283154
5924	5925	0.0266806
2139	5925	0.0266806
5925	5926	0.026384
2625	5926	0.026384
891	5927	0.0252572
5926	5927	0.0252572
38	5928	0.0244591
2362	5928	0.0244591
5927	5929	0.0242937
5928	5929	0.0242937
2219	5930	0.0353133
248	5930	0.0353133
5930	5931	0.0332926
3709	5931	0.0332926
4337	5932	0.0286973
5931	5932	0.0286973
1799	5933	0.0253455
5932	5933	0.0253455
3808	5934	0.0253227
5933	5934	0.0253227
2912	5935	0.024745
5934	5935	0.024745
1141	5936	0.0245819
5935	5936	0.0245819
5936	5937	0.024149
4432	5937	0.024149
4490	5938	0.0331066
205	5938	0.0331066
3228	5939	0.0334208
4106	5939	0.0334208
5809	5940	0.0329956
5939	5940	0.0329956
5940	5941	0.0324595
4367	5941	0.0324595
5938	5942	0.0322275
5941	5942	0.0322275
5221	5943	0.030073
5876	5943	0.030073
3509	5944	0.029242
5943	5944	0.029242
5235	5945	0.0330375
4972	5945	0.0330375
5460	5946	0.0346121
1691	5946	0.0346121
5946	5947	0.0338752
2007	5947	0.0338752
5618	5948	0.0338634
5947	5948	0.0338634
5739	5949	0.0325084
5740	5949	0.0325084
5949	5950	0.0295709
203	5950	0.0295709
1037	5951	0.0347157
5409	5951	0.0347157
1727	5952	0.0336905
5951	5952	0.0336905
5406	5953	0.033137
5952	5953	0.033137
5372	5954	0.0346085
5376	5954	0.0346085
5954	5955	0.0331582
5380	5955	0.0331582
5549	5956	0.0343164
5565	5956	0.0343164
5956	5957	0.0306894
4147	5957	0.0306894
5957	5958	0.0295598
2243	5958	0.0295598
1227	5959	0.0342331
5858	5959	0.0342331
5959	5960	0.033058
5776	5960	0.033058
1905	5961	0.0324357
3548	5961	0.0324357
4842	5962	0.0330341
4610	5962	0.0330341
5961	5963	0.0316181
3904	5963	0.0316181
5960	5964	0.0313492
5963	5964	0.0313492
1778	5965	0.0318614
5962	5965	0.0318614
5964	5966	0.0305036
5965	5966	0.0305036
5966	5967	0.0301143
3169	5967	0.0301143
5967	5968	0.0292564
1386	5968	0.0292564
5311	5969	0.0335007
2425	5969	0.0335007
5388	5970	0.0329912
5969	5970	0.0329912
1441	5971	0.032278
5970	5971	0.032278
2667	5972	0.0354518
1315	5972	0.0354518
5514	5973	0.0357025
5851	5973	0.0357025
4247	5974	0.0342331
5973	5974	0.0342331
3734	5975	0.0337973
5974	5975	0.0337973
5290	5976	0.0351933
782	5976	0.0351933
1050	5977	0.0354146
5524	5977	0.0354146
5315	5978	0.0356834
5369	5978	0.0356834
5978	5979	0.0354027
2607	5979	0.0354027
5314	5980	0.0353047
5979	5980	0.0353047
5980	5981	0.0352646
3414	5981	0.0352646
5981	5982	0.035142
5852	5982	0.035142
5788	5983	0.035067
5982	5983	0.035067
3433	5984	0.0348609
5983	5984	0.0348609
5977	5985	0.0346892
2886	5985	0.0346892
5984	5986	0.0347164
4125	5986	0.0347164
1064	5987	0.0346899
5986	5987	0.0346899
4224	5988	0.0346219
5987	5988	0.0346219
5454	5989	0.0344784
3728	5989	0.0344784
5976	5990	0.0344671
5985	5990	0.0344671
5988	5990	0.0344671
5989	5991	0.0342592
5990	5991	0.0342592
5429	5991	0.0342592
3577	5991	0.0342592
5513	5992	0.0331636
219	5992	0.0331636
5212	5993	0.0342439
5991	5993	0.0342439
5318	5994	0.034002
5993	5994	0.034002
5994	5995	0.0338452
840	5995	0.0338452
5995	5996	0.033746
1340	5996	0.033746
5996	5997	0.0336213
4644	5997	0.0336213
5997	5998	0.0335833
4358	5998	0.0335833
5709	5999	0.0337353
2812	5999	0.0337353
5998	6000	0.0330973
3107	6000	0.0330973
5992	6001	0.0329553
6000	6001	0.0329553
6001	6002	0.0326576
1547	6002	0.0326576
6002	6003	0.0326023
2089	6003	0.0326023
6003	6004	0.0325948
1263	6004	0.0325948
6004	6005	0.0325234
675	6005	0.0325234
6005	6006	0.032329
5999	6006	0.032329
6006	6007	0.0322934
2869	6007	0.0322934
5389	6008	0.0350273
5401	6008	0.0350273
6008	6009	0.0341783
2497	6009	0.0341783
6009	6010	0.0331599
1221	6010	0.0331599
5455	6011	0.0346464
5462	6011	0.0346464
4067	6012	0.0340646
102	6012	0.0340646
5620	6013	0.0355101
285	6013	0.0355101
6013	6014	0.0343851
424	6014	0.0343851
6014	6015	0.0340051
2402	6015	0.0340051
310	6016	0.0332439
2758	6016	0.0332439
1741	6017	0.032488
4366	6017	0.032488
5842	6018	0.0327832
4372	6018	0.0327832
6007	6019	0.0320891
4228	6019	0.0320891
5972	6020	0.031873
6019	6020	0.031873
5971	6021	0.0317828
6020	6021	0.0317828
5778	6022	0.0317455
6021	6022	0.0317455
6022	6023	0.0315829
3935	6023	0.0315829
506	6024	0.0319051
6010	6024	0.0319051
5637	6025	0.0321366
5793	6025	0.0321366
3316	6026	0.032072
6025	6026	0.032072
5789	6027	0.0318815
6026	6027	0.0318815
6011	6028	0.0318445
59	6028	0.0318445
2867	6029	0.0315773
6016	6029	0.0315773
3873	6030	0.0315501
6023	6030	0.0315501
6030	6031	0.0313749
5640	6031	0.0313749
6031	6032	0.0313558
6024	6032	0.0313558
157	6033	0.0315049
6028	6033	0.0315049
6027	6034	0.0314401
6033	6034	0.0314401
6034	6035	0.0313985
3786	6035	0.0313985
4098	6036	0.0313309
6032	6036	0.0313309
6036	6037	0.0312427
1149	6037	0.0312427
4646	6038	0.0311316
6037	6038	0.0311316
6038	6039	0.0311035
6035	6039	0.0311035
2857	6040	0.0310892
6039	6040	0.0310892
6040	6041	0.0310838
6029	6041	0.0310838
6015	6042	0.0319821
2200	6042	0.0319821
5867	6043	0.0322535
4289	6043	0.0322535
6041	6044	0.031071
3044	6044	0.031071
2879	6045	0.0308977
6044	6045	0.0308977
888	6046	0.0308138
6045	6046	0.0308138
5302	6047	0.0307503
6046	6047	0.0307503
5975	6048	0.0306721
6047	6048	0.0306721
4209	6049	0.0309565
6042	6049	0.0309565
6048	6050	0.0306569
6049	6050	0.0306569
6050	6051	0.0306333
3628	6051	0.0306333
6051	6052	0.0306203
3466	6052	0.0306203
6052	6053	0.0304308
1331	6053	0.0304308
6053	6054	0.0302948
5605	6054	0.0302948
6054	6055	0.0300988
6043	6055	0.0300988
1557	6056	0.0300156
6055	6056	0.0300156
6056	6057	0.0298586
4883	6057	0.0298586
6057	6058	0.0298005
3128	6058	0.0298005
6058	6059	0.0296714
3945	6059	0.0296714
6059	6060	0.0295243
4403	6060	0.0295243
3615	6061	0.0295011
6060	6061	0.0295011
5861	6062	0.0294817
6061	6062	0.0294817
6062	6063	0.0294124
6012	6063	0.0294124
6063	6064	0.0293515
6018	6064	0.0293515
1437	6065	0.0291473
6064	6065	0.0291473
6065	6066	0.0290037
6017	6066	0.0290037
1746	6067	0.0312092
4531	6067	0.0312092
5439	6068	0.0337133
4377	6068	0.0337133
87	6069	0.0343351
1815	6069	0.0343351
6069	6070	0.0334969
4058	6070	0.0334969
6070	6071	0.0296764
3824	6071	0.0296764
1284	6072	0.0349462
5497	6072	0.0349462
4167	6073	0.0336276
6072	6073	0.0336276
6073	6074	0.0316269
5651	6074	0.0316269
2037	6074	0.0316269
5512	6075	0.0326369
1681	6075	0.0326369
4261	6076	0.035659
5544	6076	0.035659
3750	6077	0.0354364
6076	6077	0.0354364
2690	6078	0.0350331
6077	6078	0.0350331
2132	6079	0.0356742
5813	6079	0.0356742
6079	6080	0.0351293
1009	6080	0.0351293
6078	6081	0.0328305
6080	6081	0.0328305
182	6082	0.0323307
6081	6082	0.0323307
3794	6083	0.032422
1442	6083	0.032422
6083	6084	0.031455
168	6084	0.031455
4465	6085	0.0310907
959	6085	0.0310907
3291	6086	0.0290048
6085	6086	0.0290048
249	6087	0.0353957
5689	6087	0.0353957
1719	6088	0.0331276
6087	6088	0.0331276
6088	6089	0.0318181
2085	6089	0.0318181
3865	6090	0.0310049
6089	6090	0.0310049
6090	6091	0.0297709
404	6091	0.0297709
1545	6092	0.0349671
5695	6092	0.0349671
589	6093	0.030446
1087	6093	0.030446
5761	6094	0.0307541
3847	6094	0.0307541
5762	6095	0.0319715
2986	6095	0.0319715
2494	6096	0.0332154
2202	6096	0.0332154
5799	6097	0.0320278
6096	6097	0.0320278
5843	6098	0.031703
1259	6098	0.031703
6098	6099	0.0292488
4190	6099	0.0292488
3767	6100	0.0330253
1482	6100	0.0330253
2548	6101	0.0297609
2259	6101	0.0297609
465	6102	0.0266715
3004	6102	0.0266715
5222	6103	0.0283791
960	6103	0.0283791
5561	6104	0.0284285
6095	6104	0.0284285
6104	6105	0.0281541
3267	6105	0.0281541
5945	6106	0.0287447
4356	6106	0.0287447
5948	6107	0.0287319
1031	6107	0.0287319
592	6108	0.0289603
6066	6108	0.0289603
3261	6109	0.028854
6108	6109	0.028854
6107	6110	0.0287171
6109	6110	0.0287171
764	6111	0.0286173
6110	6111	0.0286173
6111	6112	0.0286035
2706	6112	0.0286035
5953	6113	0.0285013
6112	6113	0.0285013
6084	6113	0.0285013
6113	6114	0.0284355
3565	6114	0.0284355
4897	6115	0.0282813
6114	6115	0.0282813
6115	6116	0.02821
5013	6116	0.02821
3635	6117	0.0282001
6116	6117	0.0282001
147	6118	0.0281963
6117	6118	0.0281963
6118	6119	0.0281759
680	6119	0.0281759
4621	6120	0.0278513
6119	6120	0.0278513
423	6121	0.0277463
6120	6121	0.0277463
6121	6122	0.0277265
2624	6122	0.0277265
6122	6123	0.0276739
4156	6123	0.0276739
4607	6123	0.0276739
4901	6123	0.0276739
6106	6124	0.0276487
6123	6124	0.0276487
6124	6125	0.0276167
1059	6125	0.0276167
6092	6126	0.0272918
419	6126	0.0272918
1018	6127	0.027812
1670	6127	0.027812
6125	6128	0.0271575
1360	6128	0.0271575
5595	6129	0.0270958
6128	6129	0.0270958
5955	6130	0.0270397
6129	6130	0.0270397
5968	6131	0.0269718
6130	6131	0.0269718
6131	6132	0.0269631
4255	6132	0.0269631
792	6133	0.0267945
6132	6133	0.0267945
6133	6134	0.0267572
112	6134	0.0267572
6134	6135	0.0267341
6094	6135	0.0267341
1641	6136	0.0267168
6135	6136	0.0267168
5950	6137	0.0266755
6136	6137	0.0266755
2818	6138	0.0266625
6137	6138	0.0266625
2377	6139	0.0266235
6138	6139	0.0266235
6139	6140	0.0266141
5035	6140	0.0266141
6140	6141	0.0265874
4064	6141	0.0265874
511	6142	0.0265384
2009	6142	0.0265384
4133	6142	0.0265384
6141	6142	0.0265384
6142	6143	0.0265122
3895	6143	0.0265122
6143	6144	0.0264205
6127	6144	0.0264205
6103	6145	0.0264015
6144	6145	0.0264015
6105	6146	0.0263924
6145	6146	0.0263924
4245	6147	0.0263241
6146	6147	0.0263241
6147	6148	0.0263127
1330	6148	0.0263127
6148	6149	0.0263038
6126	6149	0.0263038
82	6150	0.0262754
6149	6150	0.0262754
6150	6151	0.0262264
904	6151	0.0262264
2368	6152	0.0261843
6151	6152	0.0261843
6067	6153	0.027682
178	6153	0.027682
2365	6154	0.026916
305	6154	0.026916
6068	6155	0.0286156
581	6155	0.0286156
3885	6156	0.0280553
6099	6156	0.0280553
2068	6157	0.027632
6156	6157	0.027632
6155	6158	0.0267559
6100	6158	0.0267559
6158	6159	0.0262158
6157	6159	0.0262158
6159	6160	0.0261221
3991	6160	0.0261221
5474	6161	0.0285548
3091	6161	0.0285548
5859	6162	0.0275047
3790	6162	0.0275047
6162	6163	0.0261955
6071	6163	0.0261955
6074	6164	0.0284615
6101	6164	0.0284615
2061	6165	0.0282015
5712	6165	0.0282015
6165	6166	0.027843
441	6166	0.027843
6082	6167	0.0267493
894	6167	0.0267493
5836	6168	0.0277475
1633	6168	0.0277475
5675	6169	0.0284203
4455	6169	0.0284203
6169	6170	0.027996
815	6170	0.027996
376	6171	0.0273011
6170	6171	0.0273011
6171	6172	0.0269135
1655	6172	0.0269135
6172	6173	0.0268691
6086	6173	0.0268691
6173	6174	0.0261394
1282	6174	0.0261394
217	6175	0.0272771
6091	6175	0.0272771
4748	6176	0.0276366
275	6176	0.0276366
2824	6177	0.0276967
1870	6177	0.0276967
3043	6178	0.0257009
4651	6178	0.0257009
1624	6179	0.0256024
6178	6179	0.0256024
6152	6180	0.026118
4010	6180	0.026118
6180	6181	0.0259615
4904	6181	0.0259615
6181	6182	0.0257987
6154	6182	0.0257987
6160	6182	0.0257987
6161	6182	0.0257987
1262	6182	0.0257987
3392	6183	0.0256834
6182	6183	0.0256834
2020	6184	0.0255715
6183	6184	0.0255715
6184	6185	0.0255585
3530	6185	0.0255585
5780	6186	0.0258742
6163	6186	0.0258742
6186	6187	0.025856
6093	6187	0.025856
6185	6188	0.025545
1908	6188	0.025545
1938	6189	0.0254755
6188	6189	0.0254755
2535	6190	0.0253858
6189	6190	0.0253858
3123	6190	0.0253858
6190	6191	0.0252792
6187	6191	0.0252792
3159	6192	0.0252394
6191	6192	0.0252394
5783	6193	0.0251867
6192	6193	0.0251867
6102	6194	0.0251732
6193	6194	0.0251732
6194	6195	0.0251641
3982	6195	0.0251641
6174	6196	0.0260595
6175	6196	0.0260595
6168	6197	0.0258679
6196	6197	0.0258679
6197	6198	0.0254515
3698	6198	0.0254515
5371	6199	0.0253266
6198	6199	0.0253266
6177	6200	0.025403
3388	6200	0.025403
6195	6201	0.0251531
390	6201	0.0251531
5944	6202	0.0251244
6201	6202	0.0251244
6202	6203	0.0251208
1098	6203	0.0251208
2175	6204	0.025095
6203	6204	0.025095
6204	6205	0.0250777
1979	6205	0.0250777
6205	6206	0.0250683
6166	6206	0.0250683
6199	6206	0.0250683
5726	6207	0.0250213
6206	6207	0.0250213
6207	6208	0.0250033
196	6208	0.0250033
5611	6209	0.0249768
6208	6209	0.0249768
6209	6210	0.0249679
2315	6210	0.0249679
1522	6211	0.0249622
6210	6211	0.0249622
6211	6212	0.0248931
129	6212	0.0248931
6075	6213	0.0248386
6212	6213	0.0248386
2880	6214	0.0248271
6213	6214	0.0248271
549	6215	0.024822
6214	6215	0.024822
5804	6216	0.0248184
6215	6216	0.0248184
6216	6217	0.024811
3916	6217	0.024811
6217	6218	0.0248054
6200	6218	0.0248054
6218	6219	0.024748
2603	6219	0.024748
2016	6220	0.0247461
6219	6220	0.0247461
6220	6221	0.0247042
4675	6221	0.0247042
6153	6222	0.0245744
6221	6222	0.0245744
6164	6222	0.0245744
6222	6223	0.0245735
433	6223	0.0245735
6223	6224	0.0245638
1855	6224	0.0245638
72	6225	0.0246808
4149	6225	0.0246808
6224	6226	0.0244974
6225	6226	0.0244974
5214	6227	0.0244905
6226	6227	0.0244905
3726	6227	0.0244905
6227	6228	0.0244731
797	6228	0.0244731
6228	6229	0.0244597
4073	6229	0.0244597
6097	6230	0.0245835
992	6230	0.0245835
6229	6231	0.024452
1951	6231	0.024452
6231	6232	0.0244209
6230	6232	0.0244209
5483	6233	0.0244168
6232	6233	0.0244168
4397	6234	0.024398
6233	6234	0.024398
3710	6235	0.0243971
6234	6235	0.0243971
6235	6236	0.0243102
2029	6236	0.0243102
824	6237	0.0242236
6236	6237	0.0242236
6237	6238	0.0242051
1515	6238	0.0242051
6238	6239	0.0241471
105	6239	0.0241471
175	6240	0.0241423
6239	6240	0.0241423
1758	6241	0.0241316
6240	6241	0.0241316
6241	6242	0.0241089
3663	6242	0.0241089
766	6243	0.0240716
6242	6243	0.0240716
6167	6244	0.0240382
6243	6244	0.0240382
6244	6245	0.0239848
4183	6245	0.0239848
2153	6246	0.0239799
6245	6246	0.0239799
6246	6247	0.0239499
445	6247	0.0239499
6247	6248	0.0239112
6176	6248	0.0239112
2794	6249	0.0237789
6248	6249	0.0237789
16	6250	0.0237667
6249	6250	0.0237667
6179	6251	0.0237539
6250	6251	0.0237539
6251	6252	0.0236522
3894	6252	0.0236522
5502	6253	0.0235992
6252	6253	0.0235992
6253	6254	0.0235924
5024	6254	0.0235924
4068	6255	0.0235147
6254	6255	0.0235147
3135	6256	0.02341
6255	6256	0.02341
5958	6257	0.0233928
6256	6257	0.0233928
6257	6258	0.0233913
5047	6258	0.0233913
3340	6259	0.023388
6258	6259	0.023388
752	6260	0.0233724
6259	6260	0.0233724
3568	6261	0.0233488
6260	6261	0.0233488
6261	6262	0.0233273
46	6262	0.0233273
5387	6263	0.0284075
1468	6263	0.0284075
6263	6264	0.0281374
2121	6264	0.0281374
6264	6265	0.0263081
1867	6265	0.0263081
6265	6266	0.0256233
4996	6266	0.0256233
29	6267	0.0320278
4742	6267	0.0320278
2330	6268	0.0319552
2831	6268	0.0319552
6268	6269	0.0279786
34	6269	0.0279786
2736	6270	0.0275704
2567	6270	0.0275704
5753	6271	0.0265045
6270	6271	0.0265045
6271	6272	0.0261416
2071	6272	0.0261416
1248	6273	0.0261955
43	6273	0.0261955
5720	6274	0.0251809
2030	6274	0.0251809
5446	6275	0.0246106
6274	6275	0.0246106
4501	6276	0.0329096
544	6276	0.0329096
5449	6277	0.0314382
6276	6277	0.0314382
6277	6278	0.0241623
3988	6278	0.0241623
6278	6279	0.0237672
2957	6279	0.0237672
3721	6280	0.0338694
2676	6280	0.0338694
6280	6281	0.0265663
3677	6281	0.0265663
6281	6282	0.0239989
2550	6282	0.0239989
2847	6283	0.0350408
61	6283	0.0350408
5465	6284	0.0348659
6283	6284	0.0348659
6284	6285	0.0346307
281	6285	0.0346307
5471	6286	0.0304683
1619	6286	0.0304683
385	6287	0.0299274
6286	6287	0.0299274
5470	6288	0.029856
6287	6288	0.029856
6288	6289	0.0292357
6285	6289	0.0292357
6289	6290	0.0241912
2552	6290	0.0241912
6290	6291	0.0235315
1182	6291	0.0235315
5472	6292	0.0257176
3249	6292	0.0257176
577	6293	0.0349711
3470	6293	0.0349711
5476	6294	0.0356902
5479	6294	0.0356902
3486	6295	0.0286942
4174	6295	0.0286942
5875	6296	0.0285167
6295	6296	0.0285167
6294	6297	0.0280381
6296	6297	0.0280381
1537	6298	0.027644
1794	6298	0.027644
6297	6299	0.0267514
6298	6299	0.0267514
3068	6300	0.0247252
6299	6300	0.0247252
5642	6301	0.0245772
3556	6301	0.0245772
6300	6302	0.0242181
6301	6302	0.0242181
6302	6303	0.0236634
1078	6303	0.0236634
5480	6304	0.0237081
1753	6304	0.0237081
3764	6305	0.0345648
346	6305	0.0345648
6305	6306	0.025705
98	6306	0.025705
5501	6307	0.0353329
108	6307	0.0353329
6307	6308	0.0291271
4138	6308	0.0291271
6308	6309	0.0264035
938	6309	0.0264035
6309	6310	0.0257559
3151	6310	0.0257559
6310	6311	0.0244426
271	6311	0.0244426
6311	6312	0.0244209
3260	6312	0.0244209
6312	6313	0.0236686
2701	6313	0.0236686
4152	6314	0.0274767
111	6314	0.0274767
931	6315	0.0295647
2959	6315	0.0295647
5509	6316	0.0292702
6315	6316	0.0292702
3618	6317	0.0270512
6316	6317	0.0270512
636	6318	0.0340877
5511	6318	0.0340877
3295	6319	0.0327434
740	6319	0.0327434
5540	6320	0.030487
6319	6320	0.030487
5796	6321	0.0293366
6320	6321	0.0293366
5550	6322	0.0321435
2035	6322	0.0321435
2421	6323	0.0309797
6322	6323	0.0309797
1990	6324	0.0290922
6323	6324	0.0290922
428	6325	0.0292934
4627	6325	0.0292934
6325	6326	0.025519
1791	6326	0.025519
6326	6327	0.0250683
240	6327	0.0250683
6327	6328	0.0233648
4626	6328	0.0233648
2737	6329	0.0339956
5801	6329	0.0339956
2627	6330	0.0304854
3253	6330	0.0304854
269	6331	0.0233551
1657	6331	0.0233551
2297	6332	0.03446
5631	6332	0.03446
4349	6333	0.0254848
3498	6333	0.0254848
1594	6334	0.0311126
3678	6334	0.0311126
6332	6335	0.0242992
2187	6335	0.0242992
6333	6336	0.0252729
6334	6336	0.0252729
6336	6337	0.024611
435	6337	0.024611
1136	6338	0.0239882
6335	6338	0.0239882
6337	6339	0.0241991
3527	6339	0.0241991
6338	6340	0.0239518
6339	6340	0.0239518
1218	6341	0.024875
327	6341	0.024875
5702	6342	0.0248258
3204	6342	0.0248258
5705	6343	0.0312787
2354	6343	0.0312787
1354	6344	0.0239264
2610	6344	0.0239264
6343	6345	0.0235862
6344	6345	0.0235862
751	6346	0.0247581
812	6346	0.0247581
5713	6347	0.0235028
467	6347	0.0235028
3820	6348	0.0309934
5734	6348	0.0309934
5730	6349	0.0280401
6348	6349	0.0280401
3962	6350	0.0252338
6349	6350	0.0252338
5832	6351	0.02341
1627	6351	0.02341
5723	6352	0.027244
1542	6352	0.027244
6352	6353	0.025353
5728	6353	0.025353
5746	6354	0.0321703
784	6354	0.0321703
559	6355	0.0277396
1404	6355	0.0277396
5879	6356	0.0351222
3423	6356	0.0351222
6356	6357	0.0336113
4678	6357	0.0336113
6357	6358	0.0313203
4677	6358	0.0313203
6358	6359	0.0306184
4244	6359	0.0306184
3649	6360	0.0276763
6359	6360	0.0276763
6360	6361	0.0264546
1015	6361	0.0264546
6361	6362	0.0254597
3594	6362	0.0254597
6362	6363	0.024499
4660	6363	0.024499
5877	6364	0.0238653
6363	6364	0.0238653
5755	6365	0.0320327
3248	6365	0.0320327
5768	6366	0.0279016
1982	6366	0.0279016
6366	6367	0.0262503
3505	6367	0.0262503
5779	6368	0.0330894
4789	6368	0.0330894
6368	6369	0.0245191
4902	6369	0.0245191
6369	6370	0.02372
4369	6370	0.02372
696	6371	0.0279786
3620	6371	0.0279786
5803	6372	0.0327459
1759	6372	0.0327459
5805	6373	0.0283424
6372	6373	0.0283424
6373	6374	0.0254764
1790	6374	0.0254764
6374	6375	0.0241912
1363	6375	0.0241912
5863	6376	0.0234258
6375	6376	0.0234258
6376	6377	0.0232675
2075	6377	0.0232675
5029	6378	0.0333101
3876	6378	0.0333101
1722	6379	0.0357366
4173	6379	0.0357366
6379	6380	0.0275528
4565	6380	0.0275528
6380	6381	0.0237362
4630	6381	0.0237362
829	6382	0.0283838
4091	6382	0.0283838
5818	6383	0.0280245
833	6383	0.0280245
6383	6384	0.0257176
1364	6384	0.0257176
5838	6385	0.0247917
4502	6385	0.0247917
3815	6386	0.0312787
1035	6386	0.0312787
1492	6387	0.0355963
4134	6387	0.0355963
6387	6388	0.0327657
4353	6388	0.0327657
6388	6389	0.0299912
3763	6389	0.0299912
6389	6390	0.0271011
1154	6390	0.0271011
6390	6391	0.0264867
1256	6391	0.0264867
6391	6392	0.024867
3362	6392	0.024867
5856	6393	0.0236642
4561	6393	0.0236642
2855	6394	0.0236414
1546	6394	0.0236414
3317	6395	0.029848
1571	6395	0.029848
6395	6396	0.026905
2003	6396	0.026905
3634	6397	0.0239518
2130	6397	0.0239518
3751	6398	0.0241538
1695	6398	0.0241538
1863	6399	0.0262129
2785	6399	0.0262129
5868	6400	0.027447
3262	6400	0.027447
4161	6401	0.0276785
2740	6401	0.0276785
6401	6402	0.0259415
4179	6402	0.0259415
2884	6403	0.0261903
2765	6403	0.0261903
5873	6404	0.0243482
4066	6404	0.0243482
3804	6405	0.0229171
1712	6405	0.0229171
6321	6406	0.0219482
2541	6406	0.0219482
5937	6407	0.0217596
1578	6407	0.0217596
2316	6408	0.0216653
6407	6408	0.0216653
6303	6409	0.0215229
1610	6409	0.0215229
1854	6410	0.022007
926	6410	0.022007
6266	6411	0.0220586
303	6411	0.0220586
5837	6412	0.0220808
5929	6412	0.0220808
5883	6413	0.0227456
6365	6413	0.0227456
6262	6414	0.0231905
4884	6414	0.0231905
6414	6415	0.0231801
4107	6415	0.0231801
6415	6416	0.0231098
4737	6416	0.0231098
5917	6417	0.0231047
6416	6417	0.0231047
3258	6418	0.023064
6331	6418	0.023064
5898	6419	0.0229759
6417	6419	0.0229759
6419	6420	0.0229571
2752	6420	0.0229571
6420	6421	0.0229312
6418	6421	0.0229312
149	6422	0.0228471
6421	6422	0.0228471
6422	6423	0.0227159
2670	6423	0.0227159
6423	6424	0.0227033
4731	6424	0.0227033
6424	6425	0.022696
6402	6425	0.022696
6425	6426	0.0226907
2839	6426	0.0226907
6426	6427	0.0226865
4792	6427	0.0226865
3637	6428	0.0226831
6427	6428	0.0226831
1359	6428	0.0226831
5703	6429	0.0226211
6428	6429	0.0226211
6429	6430	0.0226007
4796	6430	0.0226007
2319	6431	0.0229674
6340	6431	0.0229674
6350	6432	0.0230745
6353	6432	0.0230745
4918	6433	0.0227911
4784	6433	0.0227911
2691	6434	0.0225998
6430	6434	0.0225998
6434	6435	0.0225571
5026	6435	0.0225571
6435	6436	0.0225301
6433	6436	0.0225301
1525	6437	0.0224723
4198	6437	0.0224723
6436	6437	0.0224723
2056	6438	0.0224707
6437	6438	0.0224707
6438	6439	0.0224222
6394	6439	0.0224222
6439	6440	0.0224206
820	6440	0.0224206
6440	6441	0.0223692
6431	6441	0.0223692
6351	6441	0.0223692
6432	6441	0.0223692
5901	6442	0.0223608
6441	6442	0.0223608
5884	6443	0.0223567
6442	6443	0.0223567
6443	6444	0.0223266
5001	6444	0.0223266
6444	6445	0.0223243
6378	6445	0.0223243
2700	6446	0.0222453
6445	6446	0.0222453
6446	6447	0.0222141
4442	6447	0.0222141
2104	6448	0.0221807
6447	6448	0.0221807
5797	6449	0.0221463
6448	6449	0.0221463
6449	6450	0.0220953
2714	6450	0.0220953
6450	6451	0.0220816
35	6451	0.0220816
25	6452	0.0229944
1829	6452	0.0229944
5871	6453	0.0223485
6272	6453	0.0223485
6291	6454	0.0220319
2983	6454	0.0220319
2518	6455	0.0223756
3742	6455	0.0223756
2093	6456	0.0223187
6455	6456	0.0223187
2227	6457	0.0222739
6456	6457	0.0222739
1006	6458	0.0220177
6451	6458	0.0220177
692	6459	0.02196
6458	6459	0.02196
6459	6460	0.0218855
998	6460	0.0218855
6460	6461	0.0218374
6269	6461	0.0218374
3173	6461	0.0218374
6461	6462	0.0218287
928	6462	0.0218287
6462	6463	0.0218255
3237	6463	0.0218255
6463	6464	0.0218208
3129	6464	0.0218208
6464	6465	0.02181
6282	6465	0.02181
6454	6465	0.02181
6465	6466	0.0218081
280	6466	0.0218081
6453	6467	0.0219353
6457	6467	0.0219353
5862	6468	0.0217932
6467	6468	0.0217932
5787	6469	0.0219722
4445	6469	0.0219722
6377	6470	0.0218378
2096	6470	0.0218378
6466	6471	0.0217885
4153	6471	0.0217885
6471	6472	0.0217835
6468	6472	0.0217835
6470	6472	0.0217835
1957	6472	0.0217835
2871	6472	0.0217835
6472	6473	0.0217783
372	6473	0.0217783
4150	6473	0.0217783
6473	6474	0.0217675
1462	6474	0.0217675
5844	6475	0.0217503
6474	6475	0.0217503
5865	6476	0.0217487
6475	6476	0.0217487
6469	6476	0.0217487
1926	6476	0.0217487
6476	6477	0.0216762
2693	6477	0.0216762
6477	6478	0.0216685
1312	6478	0.0216685
704	6479	0.021663
6478	6479	0.021663
4608	6480	0.0216489
6479	6480	0.0216489
3191	6481	0.0216466
6480	6481	0.0216466
9	6482	0.0218773
6341	6482	0.0218773
1010	6483	0.0216004
6481	6483	0.0216004
5710	6484	0.021599
6483	6484	0.021599
2711	6485	0.021598
6484	6485	0.021598
6485	6486	0.0215836
4448	6486	0.0215836
6486	6487	0.0215783
4885	6487	0.0215783
6397	6488	0.0215246
6487	6488	0.0215246
6488	6489	0.0215193
2183	6489	0.0215193
6489	6490	0.0215121
1334	6490	0.0215121
4539	6491	0.0215031
6490	6491	0.0215031
1124	6492	0.021482
6491	6492	0.021482
6492	6493	0.021474
6452	6493	0.021474
6493	6494	0.0214383
1075	6494	0.0214383
6494	6495	0.0214091
6384	6495	0.0214091
6495	6496	0.0213885
4524	6496	0.0213885
3560	6496	0.0213885
6342	6497	0.0214379
3064	6497	0.0214379
6496	6498	0.0213738
1164	6498	0.0213738
6413	6499	0.0213727
6498	6499	0.0213727
6497	6499	0.0213727
6499	6500	0.0213707
6482	6500	0.0213707
1208	6501	0.0213568
6500	6501	0.0213568
6501	6502	0.0213128
1622	6502	0.0213128
6502	6503	0.0212085
2713	6503	0.0212085
3798	6503	0.0212085
5908	6504	0.0212058
6503	6504	0.0212058
144	6505	0.0211785
6504	6505	0.0211785
5648	6506	0.022399
358	6506	0.022399
365	6507	0.0229281
4778	6507	0.0229281
758	6508	0.0213453
2246	6508	0.0213453
5831	6509	0.022414
5849	6509	0.022414
3120	6510	0.023161
4670	6510	0.023161
6510	6511	0.0215585
4019	6511	0.0215585
5853	6512	0.021615
1319	6512	0.021615
5880	6513	0.0227296
6404	6513	0.0227296
2918	6514	0.0226279
4062	6514	0.0226279
6411	6515	0.0209747
120	6515	0.0209747
6505	6516	0.0211658
2779	6516	0.0211658
6516	6517	0.02116
6512	6517	0.02116
6517	6518	0.0211579
773	6518	0.0211579
6518	6519	0.0211085
6354	6519	0.0211085
2324	6519	0.0211085
6519	6520	0.0210724
1155	6520	0.0210724
6520	6521	0.0210466
6509	6521	0.0210466
6521	6522	0.0210268
4910	6522	0.0210268
3170	6523	0.0210143
6522	6523	0.0210143
1961	6523	0.0210143
1369	6524	0.0210067
6523	6524	0.0210067
1317	6525	0.0209701
6524	6525	0.0209701
6525	6526	0.0209675
6513	6526	0.0209675
6526	6527	0.020939
1632	6527	0.020939
5711	6528	0.0209376
6527	6528	0.0209376
6528	6529	0.0209054
6355	6529	0.0209054
4362	6529	0.0209054
6529	6530	0.0208903
6313	6530	0.0208903
6412	6531	0.0208817
6530	6531	0.0208817
6531	6532	0.0208655
6370	6532	0.0208655
6532	6533	0.0208569
6507	6533	0.0208569
6533	6534	0.0208454
4350	6534	0.0208454
6534	6535	0.0208187
6398	6535	0.0208187
4260	6536	0.0208147
6535	6536	0.0208147
3695	6537	0.0208134
6536	6537	0.0208134
882	6538	0.0207975
6537	6538	0.0207975
5882	6539	0.0207604
6538	6539	0.0207604
839	6540	0.0207338
6539	6540	0.0207338
5870	6541	0.0206932
367	6541	0.0206932
6540	6541	0.0206932
3452	6542	0.0206828
6541	6542	0.0206828
6542	6543	0.0206763
4616	6543	0.0206763
6543	6544	0.0206481
5022	6544	0.0206481
6544	6545	0.0205964
719	6545	0.0205964
6545	6546	0.0205736
2858	6546	0.0205736
2674	6547	0.0205658
6546	6547	0.0205658
6547	6548	0.0205271
163	6548	0.0205271
6548	6549	0.0205236
1299	6549	0.0205236
6549	6550	0.0204763
3972	6550	0.0204763
5653	6551	0.0204647
6550	6551	0.0204647
6551	6552	0.0204513
6306	6552	0.0204513
6552	6553	0.0204294
4024	6553	0.0204294
6553	6554	0.0204228
6273	6554	0.0204228
6554	6555	0.020398
4237	6555	0.020398
6555	6556	0.0203915
2216	6556	0.0203915
6556	6557	0.0203885
1783	6557	0.0203885
5909	6558	0.0203615
6557	6558	0.0203615
5889	6559	0.0203222
6558	6559	0.0203222
6410	6560	0.0203084
6559	6560	0.0203084
6560	6561	0.0202865
2813	6561	0.0202865
6561	6562	0.0202683
1615	6562	0.0202683
6562	6563	0.020261
509	6563	0.020261
694	6564	0.0209967
266	6564	0.0209967
3375	6565	0.0208598
6508	6565	0.0208598
5633	6566	0.0199373
6565	6566	0.0199373
5942	6567	0.0202341
6563	6567	0.0202341
6567	6568	0.0202083
846	6568	0.0202083
5456	6569	0.0201942
6568	6569	0.0201942
576	6570	0.0201778
6569	6570	0.0201778
6570	6571	0.0201749
417	6571	0.0201749
3181	6572	0.020154
6571	6572	0.020154
6506	6573	0.0201447
6572	6573	0.0201447
1967	6574	0.0201439
6573	6574	0.0201439
32	6575	0.0201338
6574	6575	0.0201338
2451	6576	0.020215
6511	6576	0.020215
5903	6577	0.0201071
6575	6577	0.0201071
6396	6577	0.0201071
583	6578	0.02007
6577	6578	0.02007
6515	6579	0.0200368
6578	6579	0.0200368
4548	6579	0.0200368
2341	6579	0.0200368
6579	6580	0.0200234
1590	6580	0.0200234
6580	6581	0.0200214
6576	6581	0.0200214
2641	6582	0.019982
6581	6582	0.019982
6582	6583	0.0199784
6347	6583	0.0199784
6583	6584	0.0199747
1512	6584	0.0199747
1445	6585	0.0199731
6584	6585	0.0199731
6585	6586	0.0199475
2453	6586	0.0199475
4217	6587	0.0199166
6586	6587	0.0199166
6330	6588	0.0199662
6564	6588	0.0199662
3542	6589	0.0199125
6587	6589	0.0199125
6589	6590	0.0199026
4999	6590	0.0199026
6304	6591	0.019896
6590	6591	0.019896
3271	6592	0.0198782
6591	6592	0.0198782
4339	6593	0.0198623
6592	6593	0.0198623
6593	6594	0.0198583
4429	6594	0.0198583
6594	6595	0.0198548
3187	6595	0.0198548
5840	6596	0.0198482
6595	6596	0.0198482
6596	6597	0.019829
6588	6597	0.019829
861	6598	0.0197831
6597	6598	0.0197831
6399	6599	0.0198114
1810	6599	0.0198114
6598	6600	0.0197688
6599	6600	0.0197688
4641	6600	0.0197688
6267	6601	0.0197667
6600	6601	0.0197667
5407	6602	0.0197482
4711	6602	0.0197482
5855	6602	0.0197482
6601	6602	0.0197482
4054	6603	0.0197328
6602	6603	0.0197328
6603	6604	0.0197296
33	6604	0.0197296
6566	6605	0.0196809
6604	6605	0.0196809
2575	6605	0.0196809
2382	6606	0.0196791
6605	6606	0.0196791
6606	6607	0.0196703
6514	6607	0.0196703
4692	6608	0.0196623
6607	6608	0.0196623
2239	6609	0.0196526
6608	6609	0.0196526
6609	6610	0.0196514
3001	6610	0.0196514
6279	6611	0.0196177
869	6611	0.0196177
6292	6612	0.021644
2238	6612	0.021644
6314	6613	0.0225159
6381	6613	0.0225159
2849	6614	0.0196857
195	6614	0.0196857
6329	6615	0.0208921
2184	6615	0.0208921
1841	6616	0.0213765
4777	6616	0.0213765
387	6617	0.0204739
6616	6617	0.0204739
5810	6618	0.0202551
2753	6618	0.0202551
6345	6619	0.0231289
2126	6619	0.0231289
6346	6620	0.0218561
6619	6620	0.0218561
1607	6621	0.0224791
5829	6621	0.0224791
1874	6621	0.0224791
4976	6622	0.0212095
6364	6622	0.0212095
6622	6623	0.0207786
4284	6623	0.0207786
6623	6624	0.0203476
4285	6624	0.0203476
6624	6625	0.0197118
3652	6625	0.0197118
2888	6626	0.0208799
691	6626	0.0208799
756	6627	0.0201749
745	6627	0.0201749
6392	6628	0.0213138
1460	6628	0.0213138
6628	6629	0.0212478
4441	6629	0.0212478
551	6630	0.0189105
2014	6630	0.0189105
3893	6631	0.0186836
6630	6631	0.0186836
133	6632	0.0186322
6631	6632	0.0186322
6408	6633	0.0195216
2795	6633	0.0195216
1696	6634	0.0195866
6610	6634	0.0195866
656	6635	0.0195824
6634	6635	0.0195824
6293	6636	0.01952
6635	6636	0.01952
1895	6636	0.01952
6636	6637	0.0195161
689	6637	0.0195161
3775	6637	0.0195161
2990	6638	0.0194982
6637	6638	0.0194982
6638	6639	0.0194728
1446	6639	0.0194728
3179	6640	0.0194688
6639	6640	0.0194688
6640	6641	0.0194683
4835	6641	0.0194683
5819	6642	0.0194547
6641	6642	0.0194547
6642	6643	0.0194179
1852	6643	0.0194179
6643	6644	0.0194148
3792	6644	0.0194148
6324	6645	0.0193665
6644	6645	0.0193665
6645	6646	0.0193282
438	6646	0.0193282
6646	6647	0.019304
1071	6647	0.019304
5814	6648	0.0193006
6647	6648	0.0193006
2828	6649	0.0192878
6648	6649	0.0192878
3332	6650	0.0192605
6649	6650	0.0192605
5473	6651	0.019249
6650	6651	0.019249
6651	6652	0.0192135
2440	6652	0.0192135
6611	6653	0.019367
1096	6653	0.019367
579	6654	0.0192118
6653	6654	0.0192118
5918	6655	0.0192061
6652	6655	0.0192061
3975	6655	0.0192061
6633	6656	0.0192043
6655	6656	0.0192043
1276	6656	0.0192043
572	6657	0.0191984
2268	6657	0.0191984
2573	6657	0.0191984
4868	6657	0.0191984
6656	6657	0.0191984
2571	6658	0.0191678
6657	6658	0.0191678
6658	6659	0.019151
811	6659	0.019151
1428	6659	0.019151
6659	6660	0.0190498
1252	6660	0.0190498
6660	6661	0.019035
6654	6661	0.019035
2072	6662	0.0189915
6661	6662	0.0189915
6662	6663	0.018985
2755	6663	0.018985
703	6664	0.018981
6663	6664	0.018981
6625	6665	0.019068
1003	6665	0.019068
2264	6666	0.0189561
6664	6666	0.0189561
6666	6667	0.018884
1456	6667	0.018884
872	6668	0.0188735
6667	6668	0.0188735
6275	6669	0.0188637
6668	6669	0.0188637
6665	6670	0.0188785
3648	6670	0.0188785
6669	6671	0.0188248
6670	6671	0.0188248
1977	6671	0.0188248
2799	6672	0.0188156
6671	6672	0.0188156
1548	6673	0.0187676
6672	6673	0.0187676
5410	6674	0.0187646
6673	6674	0.0187646
1809	6675	0.0193773
6617	6675	0.0193773
5841	6676	0.0192661
6675	6676	0.0192661
5655	6677	0.0189637
6385	6677	0.0189637
6620	6678	0.0189054
2660	6678	0.0189054
1097	6679	0.0188608
2602	6679	0.0188608
3952	6680	0.018975
3856	6680	0.018975
6679	6681	0.0188236
6680	6681	0.0188236
6674	6682	0.0187599
2062	6682	0.0187599
2652	6683	0.0187338
6682	6683	0.0187338
2537	6684	0.0187318
6683	6684	0.0187318
3921	6685	0.0187209
6684	6685	0.0187209
6685	6686	0.0187195
3117	6686	0.0187195
2657	6687	0.0187143
6686	6687	0.0187143
5747	6688	0.018711
6687	6688	0.018711
6405	6689	0.0187102
6688	6689	0.0187102
2351	6690	0.0186546
6689	6690	0.0186546
6690	6691	0.0186253
1793	6691	0.0186253
6691	6692	0.0186235
282	6692	0.0186235
2203	6693	0.0186206
6692	6693	0.0186206
154	6694	0.0186146
6693	6694	0.0186146
6694	6695	0.018606
641	6695	0.018606
6695	6696	0.0186042
1883	6696	0.0186042
6409	6697	0.0185977
6696	6697	0.0185977
6697	6698	0.018573
6612	6698	0.018573
3086	6698	0.018573
519	6699	0.01857
6698	6699	0.01857
3312	6699	0.01857
6699	6700	0.0185669
6613	6700	0.0185669
6700	6701	0.0185654
1406	6701	0.0185654
5741	6702	0.0185317
6701	6702	0.0185317
6702	6703	0.0185299
6681	6703	0.0185299
6703	6704	0.0185233
6614	6704	0.0185233
6704	6705	0.0185172
4798	6705	0.0185172
6627	6705	0.0185172
6677	6706	0.0186921
1701	6706	0.0186921
6705	6707	0.0185136
6706	6707	0.0185136
3899	6707	0.0185136
6707	6708	0.0184612
2469	6708	0.0184612
1424	6708	0.0184612
6708	6709	0.0184528
6367	6709	0.0184528
6709	6710	0.0184403
1077	6710	0.0184403
6710	6711	0.0184259
540	6711	0.0184259
6711	6712	0.0184174
6400	6712	0.0184174
6712	6713	0.0184165
400	6713	0.0184165
6713	6714	0.0184072
1827	6714	0.0184072
1476	6715	0.0183556
6714	6715	0.0183556
2375	6716	0.0183486
548	6716	0.0183486
3412	6716	0.0183486
6715	6716	0.0183486
6626	6716	0.0183486
6678	6717	0.0184987
1517	6717	0.0184987
6676	6718	0.0184451
6717	6718	0.0184451
6403	6719	0.0183351
6716	6719	0.0183351
6618	6720	0.0183268
6719	6720	0.0183268
6718	6720	0.0183268
6720	6721	0.0182955
1001	6721	0.0182955
6721	6722	0.0182923
687	6722	0.0182923
6722	6723	0.0182809
1261	6723	0.0182809
6371	6724	0.0182696
6723	6724	0.0182696
6724	6725	0.018264
2905	6725	0.018264
3925	6726	0.0182518
6725	6726	0.0182518
6726	6727	0.0181943
4282	6727	0.0181943
6727	6728	0.0181874
2585	6728	0.0181874
6728	6729	0.0181809
2815	6729	0.0181809
6328	6730	0.0192909
4450	6730	0.0192909
603	6731	0.0193999
289	6731	0.0193999
6731	6732	0.0188873
2620	6732	0.0188873
490	6733	0.0185557
2956	6733	0.0185557
6393	6734	0.0191471
4263	6734	0.0191471
1553	6735	0.0192887
3683	6735	0.0192887
2190	6736	0.0193139
4937	6736	0.0193139
6736	6737	0.0189484
2140	6737	0.0189484
2843	6738	0.0176194
6621	6738	0.0176194
6729	6739	0.0181645
649	6739	0.0181645
6739	6740	0.0181577
6732	6740	0.0181577
2350	6741	0.018147
2449	6741	0.018147
6740	6741	0.018147
6741	6742	0.0180827
6734	6742	0.0180827
881	6743	0.0180722
6742	6743	0.0180722
6743	6744	0.0180543
2856	6744	0.0180543
6744	6745	0.0180506
1709	6745	0.0180506
2103	6746	0.0180405
6745	6746	0.0180405
5887	6747	0.0180395
6746	6747	0.0180395
3590	6748	0.0180265
6747	6748	0.0180265
3049	6749	0.0179936
6748	6749	0.0179936
6749	6750	0.0179892
431	6750	0.0179892
1217	6751	0.0179669
6750	6751	0.0179669
2179	6752	0.017966
6751	6752	0.017966
6752	6753	0.0179531
6386	6753	0.0179531
6753	6754	0.0179492
1210	6754	0.0179492
6754	6755	0.0179222
79	6755	0.0179222
3960	6755	0.0179222
6755	6756	0.0178945
2745	6756	0.0178945
1639	6757	0.0178343
6756	6757	0.0178343
3526	6758	0.0178274
6757	6758	0.0178274
2929	6759	0.0178222
6758	6759	0.0178222
4869	6760	0.017802
6759	6760	0.017802
1230	6761	0.017786
6760	6761	0.017786
5816	6762	0.0177049
6632	6762	0.0177049
6761	6763	0.0177722
1384	6763	0.0177722
6763	6764	0.0177213
564	6764	0.0177213
6764	6765	0.0176873
1185	6765	0.0176873
5581	6766	0.0176754
4417	6766	0.0176754
6765	6766	0.0176754
6766	6767	0.017668
3255	6767	0.017668
6406	6768	0.017665
6767	6768	0.017665
4145	6769	0.0176642
6768	6769	0.0176642
955	6770	0.0176316
6769	6770	0.0176316
947	6771	0.0176121
6770	6771	0.0176121
1196	6772	0.0176114
6771	6772	0.0176114
5854	6773	0.0175898
6772	6773	0.0175898
1258	6774	0.0175797
6773	6774	0.0175797
3126	6775	0.0175768
6774	6775	0.0175768
6775	6776	0.0175726
6382	6776	0.0175726
6776	6777	0.0175661
4159	6777	0.0175661
6777	6778	0.0175381
6317	6778	0.0175381
6318	6778	0.0175381
1706	6778	0.0175381
6778	6779	0.0175151
2778	6779	0.0175151
6779	6780	0.0175048
6615	6780	0.0175048
1281	6780	0.0175048
6762	6781	0.0174485
6780	6781	0.0174485
6781	6782	0.01742
1933	6782	0.01742
6782	6783	0.0173729
963	6783	0.0173729
6629	6784	0.0178158
5050	6784	0.0178158
6783	6785	0.0173617
6730	6785	0.0173617
6785	6786	0.0173586
1479	6786	0.0173586
6786	6787	0.0173546
3219	6787	0.0173546
3171	6788	0.0173411
6787	6788	0.0173411
5848	6789	0.0173086
6788	6789	0.0173086
2790	6789	0.0173086
4243	6790	0.0172786
6789	6790	0.0172786
6790	6791	0.0172638
337	6791	0.0172638
3835	6792	0.0172559
6791	6792	0.0172559
6792	6793	0.0172037
6735	6793	0.0172037
6738	6794	0.0171949
6793	6794	0.0171949
6794	6795	0.0171941
4043	6795	0.0171941
2112	6796	0.0171804
6795	6796	0.0171804
6796	6797	0.0171592
1656	6797	0.0171592
6797	6798	0.0171574
3200	6798	0.0171574
6798	6799	0.0171403
3304	6799	0.0171403
6799	6800	0.0171101
6784	6800	0.0171101
6800	6801	0.0171026
2904	6801	0.0171026
6801	6802	0.0170474
4124	6802	0.0170474
6802	6803	0.0170457
1143	6803	0.0170457
6803	6804	0.0170305
193	6804	0.0170305
6804	6805	0.0170078
253	6805	0.0170078
6805	6806	0.0170064
3278	6806	0.0170064
2618	6807	0.0169917
6806	6807	0.0169917
6807	6808	0.0169287
4136	6808	0.0169287
6808	6809	0.0169248
1439	6809	0.0169248
6809	6810	0.0169232
1644	6810	0.0169232
2566	6811	0.0168781
6810	6811	0.0168781
6811	6812	0.016875
3305	6812	0.016875
1912	6813	0.0168678
6812	6813	0.0168678
6813	6814	0.0168514
1862	6814	0.0168514
6814	6815	0.0168428
6737	6815	0.0168428
6815	6816	0.0168094
1608	6816	0.0168094
6816	6817	0.0167857
6733	6817	0.0167857
2704	6818	0.0167736
6817	6818	0.0167736
1092	6818	0.0167736
5833	6819	0.016755
6818	6819	0.016755
5860	6820	0.0167499
6819	6820	0.0167499
3196	6821	0.0167491
6820	6821	0.0167491
6821	6822	0.016737
1538	6822	0.016737
2460	6823	0.0167238
6822	6823	0.0167238
5872	6824	0.0167151
6823	6824	0.0167151
6824	6825	0.0167066
5717	6825	0.0167066
6825	6826	0.0166695
3398	6826	0.0166695
5610	6827	0.0166673
6826	6827	0.0166673
161	6828	0.0166492
6827	6828	0.0166492
6828	6829	0.0166206
4439	6829	0.0166206
10	6830	0.0930704
122	6830	0.0930704
1200	6831	0.141154
1199	6831	0.141154
6830	6832	0.0330592
6831	6832	0.0330592
3140	6833	0.12219
2164	6833	0.12219
6833	6834	0.0405161
1984	6834	0.0405161
4338	6835	0.0401829
6834	6835	0.0401829
1574	6836	0.0348444
1067	6836	0.0348444
6835	6837	0.0330536
6836	6837	0.0330536
3574	6838	0.0324897
6837	6838	0.0324897
6838	6839	0.0305022
2953	6839	0.0305022
298	6840	0.039541
3039	6840	0.039541
485	6841	0.0496386
2873	6841	0.0496386
2004	6842	0.0476666
6841	6842	0.0476666
6842	6843	0.0303556
1879	6843	0.0303556
1118	6844	0.0232407
227	6844	0.0232407
1310	6845	0.0221795
6844	6845	0.0221795
6843	6846	0.0253858
2281	6846	0.0253858
6846	6847	0.0251172
4775	6847	0.0251172
6840	6848	0.0208388
6845	6848	0.0208388
2483	6849	0.019506
6848	6849	0.019506
6849	6850	0.0179492
6847	6850	0.0179492
1212	6850	0.0179492
1383	6850	0.0179492
6850	6851	0.017763
3926	6851	0.017763
6851	6852	0.0170116
1742	6852	0.0170116
1524	6853	0.0290142
3907	6853	0.0290142
414	6854	0.024376
6853	6854	0.024376
3569	6855	0.0523316
287	6855	0.0523316
21	6856	0.0500603
6855	6856	0.0500603
2679	6857	0.0422814
6856	6857	0.0422814
1739	6858	0.340178
22	6858	0.340178
27	6859	0.0196057
4049	6859	0.0196057
317	6860	0.0344561
28	6860	0.0344561
174	6861	0.0324788
6860	6861	0.0324788
3585	6862	0.0320764
6861	6862	0.0320764
6862	6863	0.0283202
2244	6863	0.0283202
256	6864	0.027285
6863	6864	0.027285
4296	6865	0.021368
3378	6865	0.021368
3874	6866	0.0256224
1705	6866	0.0256224
2236	6867	0.0214972
2668	6867	0.0214972
2866	6868	0.0183897
6867	6868	0.0183897
6866	6869	0.0170663
6868	6869	0.0170663
1296	6870	0.0424812
463	6870	0.0424812
902	6871	0.031179
996	6871	0.031179
2452	6872	0.0264942
325	6872	0.0264942
3209	6873	0.0769858
1027	6873	0.0769858
3442	6874	0.0753144
1544	6874	0.0753144
6874	6875	0.0479025
2809	6875	0.0479025
6873	6876	0.0370025
6875	6876	0.0370025
593	6877	0.0431803
3746	6877	0.0431803
3754	6878	0.0461678
369	6878	0.0461678
6877	6879	0.0416476
6878	6879	0.0416476
6879	6880	0.0334286
3639	6880	0.0334286
6880	6881	0.0308112
3852	6881	0.0308112
6876	6882	0.0294828
6881	6882	0.0294828
6882	6883	0.0228433
3238	6883	0.0228433
3504	6884	0.0833973
4523	6884	0.0833973
1367	6885	0.0718467
2806	6885	0.0718467
2893	6886	0.0508331
3036	6886	0.0508331
6885	6887	0.0508159
6886	6887	0.0508159
6887	6888	0.0502239
166	6888	0.0502239
6888	6889	0.0492488
2696	6889	0.0492488
6889	6890	0.0443729
1389	6890	0.0443729
6890	6891	0.039097
3968	6891	0.039097
56	6892	0.0328702
6891	6892	0.0328702
6892	6893	0.032473
4328	6893	0.032473
6893	6894	0.0321895
1222	6894	0.0321895
6894	6895	0.0316515
1510	6895	0.0316515
6895	6896	0.030347
477	6896	0.030347
4231	6897	0.0300636
6896	6897	0.0300636
907	6898	0.0263261
6897	6898	0.0263261
977	6899	0.0621989
3451	6899	0.0621989
262	6900	0.0801792
660	6900	0.0801792
6900	6901	0.0762739
4715	6901	0.0762739
6901	6902	0.0713845
1930	6902	0.0713845
6902	6903	0.0461897
1931	6903	0.0461897
4609	6904	0.0216429
6903	6904	0.0216429
1952	6905	0.0357828
68	6905	0.0357828
3976	6906	0.0326636
6905	6906	0.0326636
6906	6907	0.0242731
1631	6907	0.0242731
6907	6908	0.0205685
2097	6908	0.0205685
2793	6909	0.0698234
392	6909	0.0698234
3054	6910	0.0681175
6909	6910	0.0681175
69	6911	0.0673636
6910	6911	0.0673636
74	6912	0.0284319
3042	6912	0.0284319
983	6913	0.168899
5045	6913	0.168899
4961	6914	0.0231616
114	6914	0.0231616
386	6915	0.0326213
1958	6915	0.0326213
167	6916	0.0258436
6915	6916	0.0258436
2750	6917	0.0258102
6916	6917	0.0258102
6917	6918	0.0203675
81	6918	0.0203675
790	6919	0.0915126
2776	6919	0.0915126
6919	6920	0.0565515
3487	6920	0.0565515
2874	6921	0.0599648
1140	6921	0.0599648
3485	6922	0.0576825
6921	6922	0.0576825
4606	6923	0.0561723
4956	6923	0.0561723
6923	6924	0.044489
6922	6924	0.044489
514	6925	0.0424139
6924	6925	0.0424139
6925	6926	0.0282711
677	6926	0.0282711
440	6927	0.026797
6926	6927	0.026797
6927	6928	0.0193203
1110	6928	0.0193203
6920	6929	0.0189718
6928	6929	0.0189718
3386	6930	0.0200883
2951	6930	0.0200883
4912	6931	0.0994369
4916	6931	0.0994369
442	6932	0.0795648
6931	6932	0.0795648
4922	6933	0.0785585
6932	6933	0.0785585
6933	6934	0.0649995
4663	6934	0.0649995
4832	6935	0.0591557
6934	6935	0.0591557
4909	6936	0.0552482
6935	6936	0.0552482
925	6937	0.0189718
1584	6937	0.0189718
1980	6938	0.0598224
4305	6938	0.0598224
2725	6939	0.0589131
6938	6939	0.0589131
1513	6940	0.0248007
95	6940	0.0248007
6940	6941	0.0197247
1890	6941	0.0197247
3409	6942	0.111262
388	6942	0.111262
1156	6943	0.107658
6942	6943	0.107658
359	6944	0.107192
6943	6944	0.107192
627	6945	0.0974779
4165	6945	0.0974779
6945	6946	0.0218464
1000	6946	0.0218464
1955	6947	0.110011
1072	6947	0.110011
806	6948	0.109441
6947	6948	0.109441
4248	6949	0.0400509
1609	6949	0.0400509
6949	6950	0.0395125
4418	6950	0.0395125
6950	6951	0.0289763
1777	6951	0.0289763
6951	6952	0.028673
2150	6952	0.028673
6952	6953	0.025487
274	6953	0.025487
6953	6954	0.0246434
3056	6954	0.0246434
6954	6955	0.0241729
505	6955	0.0241729
6955	6956	0.0230353
1474	6956	0.0230353
6956	6957	0.0209701
3198	6957	0.0209701
6957	6958	0.0200243
4826	6958	0.0200243
6958	6959	0.0170555
3456	6959	0.0170555
6959	6960	0.0168952
2266	6960	0.0168952
965	6961	0.164338
966	6961	0.164338
2962	6962	0.0228673
855	6962	0.0228673
2911	6963	0.0213001
6962	6963	0.0213001
2008	6964	0.0426295
3195	6964	0.0426295
6964	6965	0.020482
1157	6965	0.020482
4765	6966	0.025468
4051	6966	0.025468
6966	6967	0.0223723
3823	6967	0.0223723
4213	6968	0.0205312
3656	6968	0.0205312
3172	6969	0.0199843
3822	6969	0.0199843
6968	6970	0.0194908
2288	6970	0.0194908
6970	6971	0.0189569
3244	6971	0.0189569
6971	6972	0.0184412
6969	6972	0.0184412
6972	6973	0.0180124
1019	6973	0.0180124
6973	6974	0.017299
4642	6974	0.017299
3898	6975	0.0355971
3507	6975	0.0355971
6975	6976	0.0250549
3915	6976	0.0250549
843	6977	0.0268286
109	6977	0.0268286
1174	6978	0.0265058
6977	6978	0.0265058
6978	6979	0.0248688
2438	6979	0.0248688
6979	6980	0.0241871
968	6980	0.0241871
2443	6981	0.0270208
116	6981	0.0270208
117	6982	0.267057
2137	6982	0.267057
4336	6983	0.256979
3905	6983	0.256979
3426	6984	0.03157
598	6984	0.03157
3768	6985	0.0250836
3160	6985	0.0250836
2257	6986	0.0271929
4794	6986	0.0271929
124	6987	0.0269999
2985	6987	0.0269999
6987	6988	0.0251377
6986	6988	0.0251377
3659	6989	0.177115
1882	6989	0.177115
6989	6990	0.119953
852	6990	0.119953
3115	6991	0.0460779
796	6991	0.0460779
6991	6992	0.0267813
3553	6992	0.0267813
6990	6993	0.0283033
130	6993	0.0283033
6992	6994	0.0259148
6993	6994	0.0259148
6994	6995	0.0220281
788	6995	0.0220281
4079	6996	0.0296088
132	6996	0.0296088
401	6997	0.0783438
1736	6997	0.0783438
6997	6998	0.0641655
3814	6998	0.0641655
2539	6999	0.0343989
2082	6999	0.0343989
910	7000	0.0320497
6999	7000	0.0320497
4774	7001	0.0319583
7000	7001	0.0319583
135	7002	0.0286009
7001	7002	0.0286009
7002	7003	0.0275028
328	7003	0.0275028
7003	7004	0.0244786
657	7004	0.0244786
7004	7005	0.0233239
3636	7005	0.0233239
7005	7006	0.022132
4056	7006	0.022132
7006	7007	0.0204654
2405	7007	0.0204654
4593	7007	0.0204654
4233	7007	0.0204654
701	7008	0.0190519
7007	7008	0.0190519
1887	7009	0.0187941
7008	7009	0.0187941
1129	7010	0.0177855
7009	7010	0.0177855
7010	7011	0.0169678
1215	7011	0.0169678
7011	7012	0.0169394
3385	7012	0.0169394
2359	7013	0.0216004
2345	7013	0.0216004
7013	7014	0.0173391
137	7014	0.0173391
3641	7015	0.166007
2420	7015	0.166007
3457	7016	0.150369
152	7016	0.150369
729	7017	0.0231367
2226	7017	0.0231367
237	7018	0.0180871
162	7018	0.0180871
4166	7019	0.0254745
4817	7019	0.0254745
7019	7020	0.0238842
459	7020	0.0238842
7020	7021	0.0225294
3844	7021	0.0225294
7021	7022	0.0224698
3840	7022	0.0224698
7022	7023	0.019658
896	7023	0.019658
7023	7024	0.0191163
2579	7024	0.0191163
1387	7025	0.0943045
368	7025	0.0943045
1913	7026	0.118896
3420	7026	0.118896
7026	7027	0.0264142
2390	7027	0.0264142
439	7028	0.0194387
4148	7028	0.0194387
7027	7029	0.0174913
7028	7029	0.0174913
853	7030	0.0744422
4481	7030	0.0744422
7030	7031	0.0223187
4850	7031	0.0223187
3275	7032	0.0205582
7031	7032	0.0205582
720	7033	0.0394423
1710	7033	0.0394423
7033	7034	0.0343621
330	7034	0.0343621
7034	7035	0.0213603
2743	7035	0.0213603
7035	7036	0.0207489
986	7036	0.0207489
7036	7037	0.0184059
436	7037	0.0184059
410	7038	0.0191074
3601	7038	0.0191074
3780	7039	0.0186394
7038	7039	0.0186394
7037	7040	0.0174359
7039	7040	0.0174359
7040	7041	0.0171374
2271	7041	0.0171374
2715	7042	0.0855411
2401	7042	0.0855411
1080	7043	0.0851705
7042	7043	0.0851705
1945	7044	0.0823735
4614	7044	0.0823735
7044	7045	0.0783328
3015	7045	0.0783328
279	7046	0.0730805
7043	7046	0.0730805
7045	7047	0.0741621
2532	7047	0.0741621
7047	7048	0.0718355
2305	7048	0.0718355
7048	7049	0.0684933
1877	7049	0.0684933
3074	7050	0.06012
7049	7050	0.06012
7046	7051	0.0341837
7050	7051	0.0341837
335	7052	0.0444527
210	7052	0.0444527
1329	7053	0.0441773
7052	7053	0.0441773
647	7054	0.0437653
7053	7054	0.0437653
2435	7055	0.027481
3293	7055	0.027481
7055	7056	0.0237293
177	7056	0.0237293
4708	7057	0.0205964
7056	7057	0.0205964
7057	7058	0.0197934
803	7058	0.0197934
2346	7059	0.037974
4280	7059	0.037974
7059	7060	0.0265338
181	7060	0.0265338
3214	7061	0.0252829
7060	7061	0.0252829
184	7062	0.19321
3783	7062	0.19321
1415	7063	0.0452855
4226	7063	0.0452855
3298	7064	0.0371182
7063	7064	0.0371182
7064	7065	0.0326516
1416	7065	0.0326516
4402	7066	0.0172238
2744	7066	0.0172238
472	7067	0.030661
4480	7067	0.030661
3480	7068	0.0193636
211	7068	0.0193636
7068	7069	0.0182073
4431	7069	0.0182073
1750	7070	0.0739998
492	7070	0.0739998
4178	7071	0.0636675
7070	7071	0.0636675
2694	7072	0.0804493
1277	7072	0.0804493
7072	7073	0.0384414
2786	7073	0.0384414
230	7074	0.0460217
2395	7074	0.0460217
1551	7075	0.059983
2524	7075	0.059983
3588	7076	0.056858
7075	7076	0.056858
242	7077	0.0651998
3877	7077	0.0651998
7077	7078	0.0549187
634	7078	0.0549187
7078	7079	0.0378139
4025	7079	0.0378139
7079	7080	0.0337353
379	7080	0.0337353
1724	7081	0.0302229
7080	7081	0.0302229
537	7082	0.0300285
7081	7082	0.0300285
7082	7083	0.0270387
1811	7083	0.0270387
7083	7084	0.0215193
3216	7084	0.0215193
3365	7085	0.0290559
3224	7085	0.0290559
3455	7086	0.0264205
7085	7086	0.0264205
7086	7087	0.023215
1813	7087	0.023215
7087	7088	0.0194665
4216	7088	0.0194665
3353	7089	0.0768438
2759	7089	0.0768438
4269	7090	0.0864776
4252	7090	0.0864776
7090	7091	0.068815
4270	7091	0.068815
3010	7092	0.0630448
1962	7092	0.0630448
7091	7093	0.0532466
7092	7093	0.0532466
4048	7094	0.0372091
1509	7094	0.0372091
7093	7095	0.0303943
5002	7095	0.0303943
7095	7096	0.024349
4242	7096	0.024349
7096	7097	0.0239464
1134	7097	0.0239464
7097	7098	0.0229852
4590	7098	0.0229852
7094	7099	0.0211219
7098	7099	0.0211219
3880	7100	0.0204126
7099	7100	0.0204126
7100	7101	0.0173121
2971	7101	0.0173121
4400	7102	0.168834
245	7102	0.168834
255	7103	0.154407
333	7103	0.154407
1425	7104	0.0351126
278	7104	0.0351126
283	7105	0.0457675
2005	7105	0.0457675
1550	7106	0.0464142
292	7106	0.0464142
2482	7107	0.0379974
2686	7107	0.0379974
366	7108	0.0370025
7107	7108	0.0370025
2011	7109	0.0366727
7108	7109	0.0366727
1934	7110	0.0366367
7109	7110	0.0366367
1751	7111	0.036601
7110	7111	0.036601
3459	7112	0.0277001
4634	7112	0.0277001
2370	7113	0.02472
7112	7113	0.02472
7111	7114	0.0246145
7113	7114	0.0246145
2049	7115	0.0346271
1940	7115	0.0346271
4170	7116	0.0269396
1491	7116	0.0269396
7115	7117	0.0258532
7116	7117	0.0258532
7117	7118	0.0191715
1109	7118	0.0191715
3376	7119	0.018016
7118	7119	0.018016
7119	7120	0.0169962
3345	7120	0.0169962
2124	7121	0.0167363
1167	7121	0.0167363
3722	7122	0.103613
296	7122	0.103613
3399	7123	0.061061
769	7123	0.061061
1894	7124	0.0537931
7123	7124	0.0537931
4444	7125	0.0517507
4496	7125	0.0517507
7125	7126	0.0427942
297	7126	0.0427942
7124	7127	0.039235
3162	7127	0.039235
7127	7128	0.0256272
7126	7128	0.0256272
7128	7129	0.0236634
1713	7129	0.0236634
7129	7130	0.0211307
911	7130	0.0211307
7130	7131	0.019179
4315	7131	0.019179
2902	7132	0.0190543
315	7132	0.0190543
3006	7133	0.0485656
318	7133	0.0485656
324	7134	0.0963737
2861	7134	0.0963737
7134	7135	0.0534794
2472	7135	0.0534794
2611	7136	0.0427194
7135	7136	0.0427194
7136	7137	0.0297943
2950	7137	0.0297943
329	7138	0.0258728
1450	7138	0.0258728
7138	7139	0.0214511
1130	7139	0.0214511
7139	7140	0.0208735
1159	7140	0.0208735
7140	7141	0.0201506
4281	7141	0.0201506
7141	7142	0.0193862
3872	7142	0.0193862
3436	7143	0.0270823
345	7143	0.0270823
2059	7144	0.0167363
7143	7144	0.0167363
2663	7145	0.0525914
747	7145	0.0525914
7145	7146	0.0289432
563	7146	0.0289432
7146	7147	0.020916
3319	7147	0.020916
7147	7148	0.0195709
4324	7148	0.0195709
7148	7149	0.0190601
3781	7149	0.0190601
3571	7150	0.0870114
3111	7150	0.0870114
7150	7151	0.0665545
2309	7151	0.0665545
5032	7152	0.0662593
7151	7152	0.0662593
2263	7153	0.0178945
355	7153	0.0178945
3000	7154	0.0384452
363	7154	0.0384452
4824	7155	0.0277165
857	7155	0.0277165
3816	7156	0.0178666
2396	7156	0.0178666
7155	7157	0.0172807
7156	7157	0.0172807
3335	7158	0.0327586
371	7158	0.0327586
2997	7159	0.0214423
1612	7159	0.0214423
393	7160	0.0177286
3950	7160	0.0177286
743	7161	0.0401744
397	7161	0.0401744
4772	7162	0.0177667
3674	7162	0.0177667
412	7163	0.1237
1074	7163	0.1237
2601	7164	0.1272
1220	7164	0.1272
1091	7165	0.0634547
3207	7165	0.0634547
415	7166	0.0624302
7165	7166	0.0624302
2594	7167	0.0262749
429	7167	0.0262749
7167	7168	0.0207539
1243	7168	0.0207539
5021	7169	0.0520247
1902	7169	0.0520247
7169	7170	0.0350892
4537	7170	0.0350892
7170	7171	0.0326121
4829	7171	0.0326121
2474	7172	0.0225336
7171	7172	0.0225336
3985	7173	0.0872528
4052	7173	0.0872528
2349	7174	0.0844438
7173	7174	0.0844438
3782	7175	0.0747374
4475	7175	0.0747374
7175	7176	0.0688535
578	7176	0.0688535
7174	7177	0.0640955
7176	7177	0.0640955
7177	7178	0.0620423
1959	7178	0.0620423
3609	7179	0.0477005
7178	7179	0.0477005
3052	7180	0.0463701
7179	7180	0.0463701
1033	7181	0.0937317
4586	7181	0.0937317
2274	7182	0.0294724
783	7182	0.0294724
1886	7183	0.0884758
4050	7183	0.0884758
7183	7184	0.0665059
443	7184	0.0665059
7184	7185	0.0537505
808	7185	0.0537505
7185	7186	0.0482159
1368	7186	0.0482159
2820	7187	0.0267031
1690	7187	0.0267031
2273	7188	0.0396419
466	7188	0.0396419
2683	7189	0.0296937
7188	7189	0.0296937
7189	7190	0.0290983
3749	7190	0.0290983
4268	7190	0.0290983
3715	7190	0.0290983
2600	7191	0.0836427
4361	7191	0.0836427
7191	7192	0.0709304
1920	7192	0.0709304
7192	7193	0.0406018
474	7193	0.0406018
1699	7194	0.125539
1576	7194	0.125539
7194	7195	0.0994685
2201	7195	0.0994685
1057	7196	0.0546679
2113	7196	0.0546679
489	7197	0.0544569
7196	7197	0.0544569
7197	7198	0.0459995
645	7198	0.0459995
5039	7199	0.0220262
1596	7199	0.0220262
3555	7200	0.0197953
4989	7200	0.0197953
495	7201	0.0484741
2631	7201	0.0484741
2032	7202	0.0677397
496	7202	0.0677397
2520	7203	0.0675768
7202	7203	0.0675768
3023	7204	0.0261738
498	7204	0.0261738
793	7205	0.0461319
4905	7205	0.0461319
7205	7206	0.0384682
3014	7206	0.0384682
4973	7207	0.031807
7206	7207	0.031807
7207	7208	0.0226801
2065	7208	0.0226801
1283	7209	0.0992295
1375	7209	0.0992295
3733	7210	0.0901116
7209	7210	0.0901116
1943	7211	0.050174
1981	7211	0.050174
1242	7212	0.0451755
973	7212	0.0451755
3154	7213	0.024914
7212	7213	0.024914
3861	7214	0.016707
7213	7214	0.016707
2210	7215	0.0407591
4764	7215	0.0407591
4273	7216	0.0171754
801	7216	0.0171754
3430	7217	0.0316013
4613	7217	0.0316013
7217	7218	0.020877
547	7218	0.020877
7218	7219	0.0200853
1554	7219	0.0200853
3770	7220	0.0396829
4766	7220	0.0396829
7220	7221	0.0392411
2949	7221	0.0392411
7221	7222	0.0334398
4292	7222	0.0334398
7222	7223	0.0317581
3349	7223	0.0317581
7223	7224	0.0256668
556	7224	0.0256668
7224	7225	0.0252076
4117	7225	0.0252076
7225	7226	0.0234402
4979	7226	0.0234402
7226	7227	0.0233791
3978	7227	0.0233791
7227	7228	0.0222993
1708	7228	0.0222993
7228	7229	0.0212657
4705	7229	0.0212657
7229	7230	0.0208913
2637	7230	0.0208913
7230	7231	0.0171265
3707	7231	0.0171265
7231	7232	0.0170033
4767	7232	0.0170033
7232	7233	0.0169095
2761	7233	0.0169095
1290	7234	0.0268488
3287	7234	0.0268488
3274	7235	0.0224084
7234	7235	0.0224084
7235	7236	0.0199546
1101	7236	0.0199546
2036	7237	0.0198697
3199	7237	0.0198697
591	7238	0.0379251
4738	7238	0.0379251
608	7239	0.108228
3351	7239	0.108228
919	7240	0.232868
618	7240	0.232868
3964	7241	0.0369242
2110	7241	0.0369242
7241	7242	0.033599
2516	7242	0.033599
7242	7243	0.0237447
631	7243	0.0237447
2296	7244	0.0469614
639	7244	0.0469614
7244	7245	0.0410307
867	7245	0.0410307
2749	7246	0.142432
650	7246	0.142432
1873	7247	0.104534
999	7247	0.104534
4230	7248	0.0975868
7247	7248	0.0975868
7246	7249	0.0597852
7248	7249	0.0597852
4668	7250	0.0520263
653	7250	0.0520263
2314	7251	0.0256507
2673	7251	0.0256507
7251	7252	0.0185076
842	7252	0.0185076
7252	7253	0.0166954
2511	7253	0.0166954
2629	7254	0.0454517
3797	7254	0.0454517
7254	7255	0.0329732
671	7255	0.0329732
7255	7256	0.0184165
4857	7256	0.0184165
7256	7257	0.0182343
4699	7257	0.0182343
2336	7258	0.0183111
945	7258	0.0183111
4667	7259	0.0175468
7258	7259	0.0175468
906	7260	0.0435072
713	7260	0.0435072
2630	7261	0.0421873
7260	7261	0.0421873
3492	7262	0.061945
1922	7262	0.061945
7262	7263	0.0356999
2845	7263	0.0356999
2519	7264	0.0229886
728	7264	0.0229886
4528	7265	0.0212877
7264	7265	0.0212877
2027	7266	0.0183337
7265	7266	0.0183337
2682	7267	0.0891903
730	7267	0.0891903
4866	7268	0.0201778
736	7268	0.0201778
1086	7269	0.0327036
3098	7269	0.0327036
4008	7270	0.0264761
3145	7270	0.0264761
7269	7271	0.0249462
7270	7271	0.0249462
1371	7272	0.0235217
7271	7272	0.0235217
7272	7273	0.0208655
1379	7273	0.0208655
7273	7274	0.0196782
741	7274	0.0196782
7274	7275	0.0181398
1598	7275	0.0181398
4726	7276	0.0170267
7275	7276	0.0170267
3578	7277	0.0729224
3702	7277	0.0729224
7277	7278	0.0424498
4464	7278	0.0424498
742	7279	0.0285338
7278	7279	0.0285338
5000	7280	0.394006
830	7280	0.394006
4698	7281	0.0751558
4696	7281	0.0751558
7281	7282	0.0745002
1032	7282	0.0745002
2413	7283	0.0179641
1721	7283	0.0179641
4113	7284	0.0953187
828	7284	0.0953187
2127	7285	0.0988978
3471	7285	0.0988978
7285	7286	0.0233387
2732	7286	0.0233387
2816	7287	0.0322392
3192	7287	0.0322392
4100	7288	0.0325447
3265	7288	0.0325447
4314	7289	0.0312802
7288	7289	0.0312802
7289	7290	0.0298057
3531	7290	0.0298057
3740	7291	0.0810152
922	7291	0.0810152
4093	7292	0.0584632
946	7292	0.0584632
4512	7293	0.0270134
7292	7293	0.0270134
4894	7294	0.0689021
1707	7294	0.0689021
4458	7295	0.0194902
1137	7295	0.0194902
2493	7296	0.0814529
1139	7296	0.0814529
1731	7297	0.135879
995	7297	0.135879
4446	7298	0.105076
7297	7298	0.105076
2525	7299	0.078381
2162	7299	0.078381
7299	7300	0.0777871
3986	7300	0.0777871
7300	7301	0.0738397
2954	7301	0.0738397
7301	7302	0.0608593
3350	7302	0.0608593
7302	7303	0.0380552
1008	7303	0.0380552
7303	7304	0.0294307
3841	7304	0.0294307
1012	7305	0.0437232
4658	7305	0.0437232
2720	7306	0.236258
1045	7306	0.236258
7306	7307	0.117055
3850	7307	0.117055
3444	7308	0.101793
3439	7308	0.101793
1053	7309	0.0945466
7308	7309	0.0945466
2409	7310	0.0185059
2534	7310	0.0185059
3071	7311	0.0181732
3377	7311	0.0181732
3598	7312	0.052615
2754	7312	0.052615
3654	7313	0.288362
2804	7313	0.288362
4952	7314	0.0320952
1467	7314	0.0320952
7314	7315	0.0303344
4945	7315	0.0303344
7315	7316	0.0225661
4701	7316	0.0225661
7316	7317	0.0198687
1671	7317	0.0198687
4898	7318	0.051375
4650	7318	0.051375
1820	7319	0.102552
2662	7319	0.102552
1151	7320	0.0560211
1651	7320	0.0560211
4436	7321	0.0220602
1163	7321	0.0220602
1166	7322	0.0181824
1910	7322	0.0181824
1170	7323	0.0314876
4987	7323	0.0314876
2447	7324	0.0823943
2304	7324	0.0823943
3045	7325	0.0173777
3747	7325	0.0173777
4021	7326	0.0341526
1293	7326	0.0341526
4600	7327	0.0318432
7326	7327	0.0318432
2338	7328	0.303702
3536	7328	0.303702
7328	7329	0.0230785
3576	7329	0.0230785
3103	7330	0.0185813
4299	7330	0.0185813
1532	7331	0.360635
2767	7331	0.360635
7331	7332	0.150058
1239	7332	0.150058
3871	7333	0.152462
1246	7333	0.152462
3061	7334	0.0355985
3807	7334	0.0355985
7334	7335	0.0201883
4889	7335	0.0201883
4768	7336	0.109894
1260	7336	0.109894
1280	7337	0.0235632
2353	7337	0.0235632
1339	7338	0.0769146
3273	7338	0.0769146
1345	7338	0.0769146
3745	7339	0.0823186
1341	7339	0.0823186
2695	7340	0.0604105
3479	7340	0.0604105
7340	7341	0.0540719
1634	7341	0.0540719
7341	7342	0.0300099
1983	7342	0.0300099
7342	7343	0.0255327
1395	7343	0.0255327
7343	7344	0.0224707
4707	7344	0.0224707
1429	7345	0.0179384
2616	7345	0.0179384
3168	7346	0.0558087
4188	7346	0.0558087
7346	7347	0.0496202
1816	7347	0.0496202
4529	7348	0.402172
4443	7348	0.402172
7348	7349	0.338264
4327	7349	0.338264
7349	7350	0.306278
4907	7350	0.306278
7350	7351	0.182195
3736	7351	0.182195
7351	7352	0.0282288
1494	7352	0.0282288
4185	7353	0.0234584
7352	7353	0.0234584
1535	7354	0.0335409
4182	7354	0.0335409
7354	7355	0.0293484
4546	7355	0.0293484
1587	7356	0.0248635
1568	7356	0.0248635
4088	7357	0.0592344
1585	7357	0.0592344
2193	7358	0.289002
1664	7358	0.289002
1682	7359	0.0685209
2780	7359	0.0685209
3211	7360	0.0425766
2860	7360	0.0425766
7360	7361	0.0195637
2386	7361	0.0195637
3572	7362	0.0639881
1771	7362	0.0639881
2195	7363	0.0378829
2152	7363	0.0378829
7363	7364	0.0366567
2131	7364	0.0366567
1725	7365	0.0171327
3932	7365	0.0171327
3279	7366	0.0427643
1766	7366	0.0427643
1767	7367	0.0208803
2394	7367	0.0208803
1797	7368	0.0940802
3690	7368	0.0940802
4081	7369	0.100257
4234	7369	0.100257
4557	7370	0.0490758
1858	7370	0.0490758
3488	7371	0.0184213
2087	7371	0.0184213
1899	7372	0.0790201
4210	7372	0.0790201
4274	7373	0.0750922
7372	7373	0.0750922
4643	7374	0.0971171
1918	7374	0.0971171
4381	7375	0.0997385
1946	7375	0.0997385
3983	7376	0.073225
7375	7376	0.073225
7376	7377	0.0169962
3053	7377	0.0169962
2053	7378	0.150373
2773	7378	0.150373
4184	7379	0.103261
2076	7379	0.103261
2159	7380	0.0172225
7379	7380	0.0172225
2229	7381	0.0176365
4483	7381	0.0176365
3033	7382	0.243282
2176	7382	0.243282
2224	7383	0.266112
2937	7383	0.266112
5014	7384	0.050253
7383	7384	0.050253
3379	7385	0.0367266
3467	7385	0.0367266
4790	7386	0.0252678
2217	7386	0.0252678
3948	7387	0.0517207
2221	7387	0.0517207
2963	7388	0.0281098
3664	7388	0.0281098
4493	7389	0.0649202
3673	7389	0.0649202
4222	7390	0.0728386
3967	7390	0.0728386
3971	7391	0.0673374
7390	7391	0.0673374
3241	7392	0.0721956
2294	7392	0.0721956
2965	7393	0.105553
2343	7393	0.105553
2357	7394	0.230523
3148	7394	0.230523
7394	7395	0.0227903
4176	7395	0.0227903
4142	7396	0.0241936
4399	7396	0.0241936
7396	7397	0.0235775
2369	7397	0.0235775
2490	7398	0.0290269
2436	7398	0.0290269
3431	7399	0.15669
2672	7399	0.15669
3310	7400	0.0822701
2595	7400	0.0822701
4006	7401	0.231325
2697	7401	0.231325
7401	7402	0.0383809
4317	7402	0.0383809
4514	7403	0.116565
2722	7403	0.116565
3264	7404	0.0723043
2939	7404	0.0723043
4865	7405	0.113164
3019	7405	0.113164
3848	7406	0.101466
3185	7406	0.101466
4026	7407	0.0265238
3233	7407	0.0265238
3299	7408	0.166418
4704	7408	0.166418
3357	7409	0.0167238
4623	7409	0.0167238
4628	7410	0.0172639
4808	7410	0.0172639
3410	7411	0.101566
4392	7411	0.101566
3689	7412	0.150165
4114	7412	0.150165
7412	7413	0.107831
3489	7413	0.107831
3518	7414	0.146257
3538	7414	0.146257
4723	7414	0.146257
4057	7415	0.433872
3566	7415	0.433872
3670	7416	0.0842587
3851	7416	0.0842587
3760	7417	0.0705453
5006	7417	0.0705453
4449	7418	0.0191755
4825	7418	0.0191755
4489	7419	0.018834
4906	7419	0.018834
4830	7420	0.0256094
4622	7420	0.0256094
4805	7421	0.0343534
4812	7421	0.0343534
4934	7422	0.025095
4928	7422	0.025095
2432	7423	0.00914571
5058	7423	0.00914571
3503	7424	0.00733281
11	7424	0.00733281
277	7425	0.0148486
4279	7425	0.0148486
2710	7426	0.00843138
7161	7426	0.00843138
18	7427	0.0120524
580	7427	0.0120524
6983	7428	0.00763322
1105	7428	0.00763322
1038	7429	0.0149356
426	7429	0.0149356
3623	7430	0.00952331
2646	7430	0.00952331
5075	7431	0.00691686
975	7431	0.00691686
4807	7432	0.0068092
795	7432	0.0068092
3384	7433	0.0131008
4316	7433	0.0131008
7159	7434	0.0158895
1481	7434	0.0158895
7434	7435	0.0136479
389	7435	0.0136479
1472	7436	0.0102892
7435	7436	0.0102892
1729	7437	0.00883002
7436	7437	0.00883002
3884	7438	0.00692277
709	7438	0.00692277
3497	7439	0.0144121
2366	7439	0.0144121
3753	7440	0.00907736
7296	7440	0.00907736
3748	7441	0.00892261
3236	7441	0.00892261
3944	7442	0.0113639
4330	7442	0.0113639
3070	7443	0.0133983
2669	7443	0.0133983
2941	7444	0.0164754
768	7444	0.0164754
1060	7445	0.0124898
3791	7445	0.0124898
7249	7446	0.00986727
528	7446	0.00986727
2640	7447	0.00996217
7284	7447	0.00996217
3892	7448	0.00985903
7447	7448	0.00985903
800	7449	0.0140287
3132	7449	0.0140287
3285	7450	0.0154781
4410	7450	0.0154781
2025	7451	0.0133294
2098	7451	0.0133294
7451	7452	0.010989
3065	7452	0.010989
5135	7453	0.0115217
5195	7453	0.0115217
1390	7454	0.014715
2310	7454	0.014715
4059	7455	0.0131663
1046	7455	0.0131663
4655	7456	0.014506
3843	7456	0.014506
7456	7457	0.0131158
2241	7457	0.0131158
7257	7458	0.0124386
3125	7458	0.0124386
3441	7459	0.0127173
4893	7459	0.0127173
7458	7460	0.0113576
7459	7460	0.0113576
4818	7461	0.0112154
7460	7461	0.0112154
3369	7462	0.0127685
5185	7462	0.0127685
7409	7463	0.0165986
4773	7463	0.0165986
2337	7464	0.0111782
7463	7464	0.0111782
3803	7465	0.0132837
4046	7465	0.0132837
5060	7466	0.0139227
2411	7466	0.0139227
722	7467	0.0144025
2822	7467	0.0144025
2169	7468	0.0141961
7467	7468	0.0141961
3607	7469	0.0151845
7309	7469	0.0151845
4508	7470	0.0157069
5141	7470	0.0157069
2647	7471	0.0150473
294	7471	0.0150473
7114	7472	0.0149773
7417	7472	0.0149773
5134	7473	0.0165142
5184	7473	0.0165142
6829	7474	0.0165654
6929	7474	0.0165654
7474	7475	0.0165304
3380	7475	0.0165304
1963	7476	0.0164929
7475	7476	0.0164929
2775	7477	0.0164557
7476	7477	0.0164557
7477	7478	0.0164529
7327	7478	0.0164529
1370	7478	0.0164529
2591	7478	0.0164529
1689	7478	0.0164529
7478	7479	0.0164497
7381	7479	0.0164497
7479	7480	0.0164392
2320	7480	0.0164392
7480	7481	0.0164257
1013	7481	0.0164257
7481	7482	0.0164216
1834	7482	0.0164216
7482	7483	0.0164108
238	7483	0.0164108
2865	7484	0.0163918
7483	7484	0.0163918
7484	7485	0.0163822
1618	7485	0.0163822
7158	7485	0.0163822
2024	7485	0.0163822
7024	7486	0.016376
674	7486	0.016376
5156	7487	0.0163244
7485	7487	0.0163244
342	7487	0.0163244
7486	7487	0.0163244
4065	7488	0.0163184
7487	7488	0.0163184
1007	7489	0.0163003
7488	7489	0.0163003
7489	7490	0.0162497
1122	7490	0.0162497
7215	7491	0.0162497
7216	7491	0.0162497
7490	7492	0.0162364
7491	7492	0.0162364
7492	7493	0.0162306
1948	7493	0.0162306
7493	7494	0.0162191
4102	7494	0.0162191
7494	7495	0.0162049
407	7495	0.0162049
7495	7496	0.016181
194	7496	0.016181
5170	7497	0.0161762
7496	7497	0.0161762
7497	7498	0.0161679
4169	7498	0.0161679
3658	7499	0.0161348
1888	7499	0.0161348
7498	7500	0.0161527
7325	7500	0.0161527
7500	7501	0.0161141
2546	7501	0.0161141
7501	7502	0.0161061
4718	7502	0.0161061
7499	7503	0.0161049
7502	7503	0.0161049
7503	7504	0.016099
2157	7504	0.016099
3281	7505	0.0160977
7504	7505	0.0160977
7505	7506	0.0160887
7144	7506	0.0160887
5152	7507	0.0160782
7506	7507	0.0160782
7507	7508	0.0160581
1324	7508	0.0160581
2829	7508	0.0160581
3845	7508	0.0160581
5148	7509	0.0160556
7508	7509	0.0160556
7509	7510	0.0159701
2456	7510	0.0159701
7510	7511	0.0159647
382	7511	0.0159647
7511	7512	0.0159502
4687	7512	0.0159502
7512	7513	0.0159418
6852	7513	0.0159418
7513	7514	0.0159409
1665	7514	0.0159409
300	7515	0.0159331
7514	7515	0.0159331
5159	7516	0.0159299
7515	7516	0.0159299
5083	7517	0.0159152
7516	7517	0.0159152
7517	7518	0.0159072
14	7518	0.0159072
7518	7519	0.0158998
7084	7519	0.0158998
4911	7520	0.01589
7519	7520	0.01589
7520	7521	0.0158822
4763	7521	0.0158822
7521	7522	0.0158635
3464	7522	0.0158635
115	7523	0.0158473
7522	7523	0.0158473
4781	7524	0.015844
7523	7524	0.015844
3005	7525	0.0158411
7524	7525	0.0158411
7473	7526	0.0158233
7525	7526	0.0158233
7526	7527	0.0157986
4146	7527	0.0157986
254	7528	0.0157962
7527	7528	0.0157962
3533	7529	0.0157727
7528	7529	0.0157727
7529	7530	0.0157498
487	7530	0.0157498
2916	7531	0.0157469
7530	7531	0.0157469
7531	7532	0.0157355
164	7532	0.0157355
7532	7533	0.0157347
145	7533	0.0157347
7533	7534	0.0157288
2887	7534	0.0157288
7534	7535	0.0157139
4309	7535	0.0157139
1117	7535	0.0157139
7535	7536	0.0157049
350	7536	0.0157049
5204	7537	0.0156939
7536	7537	0.0156939
7537	7538	0.0156595
7287	7538	0.0156595
7290	7538	0.0156595
4510	7538	0.0156595
7538	7539	0.0156203
2952	7539	0.0156203
7539	7540	0.0156154
1147	7540	0.0156154
4196	7541	0.0155951
7540	7541	0.0155951
7541	7542	0.0155906
1158	7542	0.0155906
7542	7543	0.0155813
7160	7543	0.0155813
5097	7544	0.0155763
3020	7544	0.0155763
7543	7544	0.0155763
2859	7544	0.0155763
7544	7545	0.0155599
1628	7545	0.0155599
699	7546	0.0155459
7545	7546	0.0155459
6864	7547	0.0160113
1052	7547	0.0160113
6869	7548	0.0158135
7418	7548	0.0158135
6883	7549	0.0162799
3941	7549	0.0162799
7355	7550	0.0157116
7549	7550	0.0157116
6872	7551	0.016438
1353	7551	0.016438
6899	7552	0.0163951
3290	7552	0.0163951
7157	7553	0.0163888
2689	7553	0.0163888
2788	7553	0.0163888
2559	7554	0.0159969
7553	7554	0.0159969
1438	7555	0.0155575
7554	7555	0.0155575
7120	7556	0.0163383
480	7556	0.0163383
6960	7557	0.0165329
421	7557	0.0165329
2984	7557	0.0165329
7121	7557	0.0165329
7557	7558	0.0155797
497	7558	0.0155797
6995	7559	0.0160769
879	7559	0.0160769
7012	7560	0.0155575
4800	7560	0.0155575
7131	7561	0.0160924
3263	7561	0.0160924
7295	7562	0.0160251
7561	7562	0.0160251
5183	7563	0.0153655
106	7563	0.0153655
131	7564	0.015542
7546	7564	0.015542
7564	7565	0.0155344
1084	7565	0.0155344
2312	7566	0.0155269
7565	7566	0.0155269
6839	7567	0.0155221
7566	7567	0.0155221
732	7568	0.015517
7567	7568	0.015517
3189	7569	0.0154982
7568	7569	0.0154982
5147	7570	0.0154904
7569	7570	0.0154904
7570	7571	0.0154888
2846	7571	0.0154888
7233	7571	0.0154888
7571	7572	0.0154807
104	7572	0.0154807
5158	7573	0.01548
7572	7573	0.01548
913	7574	0.0154685
7573	7574	0.0154685
7574	7575	0.0154581
7559	7575	0.0154581
7214	7575	0.0154581
7575	7576	0.0154473
2664	7576	0.0154473
5076	7577	0.0154468
7576	7577	0.0154468
7577	7578	0.0154341
1974	7578	0.0154341
7578	7579	0.0154211
4700	7579	0.0154211
7579	7580	0.0154189
7061	7580	0.0154189
7580	7581	0.0153973
7199	7581	0.0153973
7550	7581	0.0153973
7551	7581	0.0153973
7581	7582	0.015396
4395	7582	0.015396
7555	7583	0.0155028
5016	7583	0.0155028
7582	7584	0.0153711
100	7584	0.0153711
5173	7585	0.0153598
7584	7585	0.0153598
5005	7586	0.0153582
7585	7586	0.0153582
7586	7587	0.0153491
6913	7587	0.0153491
7587	7588	0.0153452
7562	7588	0.0153452
7588	7589	0.0153142
7419	7589	0.0153142
7589	7590	0.0153104
7552	7590	0.0153104
7590	7591	0.0153064
7583	7591	0.0153064
3512	7591	0.0153064
7556	7591	0.0153064
7558	7592	0.0153436
340	7592	0.0153436
7279	7593	0.0153047
7591	7593	0.0153047
7593	7594	0.0152884
536	7594	0.0152884
7594	7595	0.0152866
3779	7595	0.0152866
7595	7596	0.0152824
2000	7596	0.0152824
7548	7597	0.0152918
4227	7597	0.0152918
7596	7598	0.0152789
4978	7598	0.0152789
7598	7599	0.0152591
7592	7599	0.0152591
7599	7600	0.0152444
7597	7600	0.0152444
7600	7601	0.0152427
1392	7601	0.0152427
1801	7602	0.0153791
7560	7602	0.0153791
7601	7603	0.0152375
3483	7603	0.0152375
6930	7603	0.0152375
571	7604	0.0152103
7603	7604	0.0152103
7604	7605	0.0152016
3462	7605	0.0152016
7605	7606	0.0151908
1507	7606	0.0151908
7606	7607	0.0151901
2480	7607	0.0151901
7607	7608	0.015189
3870	7608	0.015189
994	7609	0.0151829
7608	7609	0.0151829
4813	7610	0.0151683
7609	7610	0.0151683
1565	7611	0.0151445
7610	7611	0.0151445
2930	7612	0.0151329
7611	7612	0.0151329
7612	7613	0.0151167
2328	7613	0.0151167
7613	7614	0.0151148
2533	7614	0.0151148
5090	7615	0.015113
7614	7615	0.015113
7615	7616	0.0150995
5034	7616	0.0150995
7616	7617	0.0150862
2942	7617	0.0150862
7617	7618	0.0150845
1304	7618	0.0150845
7618	7619	0.0150804
4592	7619	0.0150804
2586	7620	0.0150768
7619	7620	0.0150768
334	7621	0.015071
7620	7621	0.015071
7621	7622	0.0150585
4544	7622	0.0150585
7622	7623	0.0150534
617	7623	0.0150534
7623	7624	0.015043
4018	7624	0.015043
7624	7625	0.0150423
2155	7625	0.0150423
7625	7626	0.0150221
7602	7626	0.0150221
7563	7627	0.0150196
7626	7627	0.0150196
7627	7628	0.0150185
3096	7628	0.0150185
7628	7629	0.0150067
2147	7629	0.0150067
3297	7630	0.0149892
7629	7630	0.0149892
7630	7631	0.0149882
3813	7631	0.0149882
1586	7632	0.0150067
2393	7632	0.0150067
7631	7633	0.0149827
2735	7633	0.0149827
5098	7634	0.014975
7633	7634	0.014975
7634	7635	0.0149648
314	7635	0.0149648
5142	7636	0.0149638
7635	7636	0.0149638
7636	7637	0.0149573
7632	7637	0.0149573
5104	7638	0.0149555
7637	7638	0.0149555
7638	7639	0.014949
4554	7639	0.014949
7547	7640	0.0149449
7639	7640	0.0149449
7640	7641	0.0149413
3836	7641	0.0149413
6857	7642	0.0165056
4853	7642	0.0165056
7014	7643	0.0165045
1859	7643	0.0165045
2760	7644	0.0158433
6974	7644	0.0158433
6965	7645	0.0152591
7644	7645	0.0152591
7643	7646	0.0152191
7645	7646	0.0152191
7041	7647	0.0159291
1566	7647	0.0159291
7029	7648	0.0157861
7647	7648	0.0157861
7648	7649	0.0157573
4555	7649	0.0157573
2852	7650	0.0165401
7101	7650	0.0165401
7650	7651	0.0164327
4702	7651	0.0164327
7088	7652	0.0162954
7651	7652	0.0162954
7132	7653	0.0151253
1975	7653	0.0151253
7133	7654	0.0161219
7208	7654	0.0161219
7219	7655	0.0152148
2665	7655	0.0152148
7655	7656	0.0150107
1385	7656	0.0150107
7243	7657	0.0151949
4605	7657	0.0151949
1971	7658	0.0149413
7253	7658	0.0149413
1563	7659	0.0163633
1316	7659	0.0163633
7344	7660	0.0149573
2896	7660	0.0149573
7641	7661	0.0149361
4491	7661	0.0149361
7661	7662	0.0149335
3888	7662	0.0149335
7662	7663	0.0149206
4980	7663	0.0149206
7663	7664	0.0149173
7658	7664	0.0149173
7664	7665	0.0149003
75	7665	0.0149003
218	7666	0.0148896
7665	7666	0.0148896
1311	7666	0.0148896
663	7667	0.014885
7666	7667	0.014885
7667	7668	0.0148753
51	7668	0.0148753
7668	7669	0.0148656
770	7669	0.0148656
5208	7670	0.0148397
7669	7670	0.0148397
7670	7671	0.0148325
2561	7671	0.0148325
7671	7672	0.0148143
3604	7672	0.0148143
7318	7673	0.0147912
7672	7673	0.0147912
7673	7674	0.014782
7657	7674	0.014782
3802	7675	0.0147803
7674	7675	0.0147803
1539	7676	0.0148039
2437	7676	0.0148039
7675	7677	0.0147772
2303	7677	0.0147772
7677	7678	0.0147749
7676	7678	0.0147749
7678	7679	0.0147739
7646	7679	0.0147739
2442	7679	0.0147739
5206	7680	0.0147734
7679	7680	0.0147734
7660	7680	0.0147734
2048	7681	0.0147705
7680	7681	0.0147705
7681	7682	0.0147628
626	7682	0.0147628
7682	7683	0.0147622
4598	7683	0.0147622
3705	7684	0.0147524
7683	7684	0.0147524
1660	7685	0.0147391
7684	7685	0.0147391
3136	7686	0.0147372
7685	7686	0.0147372
4983	7687	0.0147228
7686	7687	0.0147228
3539	7687	0.0147228
7687	7688	0.0147192
2022	7688	0.0147192
3188	7689	0.0146974
7688	7689	0.0146974
967	7690	0.0146961
7689	7690	0.0146961
7690	7691	0.0146883
2348	7691	0.0146883
7691	7692	0.0146857
1914	7692	0.0146857
7692	7693	0.0146734
1036	7693	0.0146734
7693	7694	0.0146658
1179	7694	0.0146658
7694	7695	0.0146563
3937	7695	0.0146563
7695	7696	0.0146508
3544	7696	0.0146508
5087	7697	0.0146456
7696	7697	0.0146456
3891	7697	0.0146456
7697	7698	0.0146399
7654	7698	0.0146399
5108	7699	0.0146179
7698	7699	0.0146179
7699	7700	0.0146128
4030	7700	0.0146128
2908	7701	0.0146734
7142	7701	0.0146734
693	7702	0.0146149
7659	7702	0.0146149
1897	7703	0.0144977
513	7703	0.0144977
3867	7704	0.0146083
3643	7704	0.0146083
7700	7704	0.0146083
7704	7705	0.0146051
7702	7705	0.0146051
3830	7705	0.0146051
7705	7706	0.0145967
2556	7706	0.0145967
2010	7706	0.0145967
4080	7706	0.0145967
5194	7707	0.0145905
7706	7707	0.0145905
3085	7708	0.0145847
7707	7708	0.0145847
7335	7709	0.014578
7708	7709	0.014578
7709	7710	0.0145651
284	7710	0.0145651
1165	7711	0.0145439
7710	7711	0.0145439
19	7712	0.0145272
7711	7712	0.0145272
7712	7713	0.0145237
1430	7713	0.0145237
7713	7714	0.014514
4977	7714	0.014514
7649	7714	0.014514
3785	7714	0.014514
7714	7715	0.0144828
7018	7715	0.0144828
7715	7716	0.0144768
44	7716	0.0144768
3110	7717	0.0144729
7716	7717	0.0144729
7717	7718	0.0144652
507	7718	0.0144652
4520	7719	0.0144472
7718	7719	0.0144472
7719	7720	0.0144459
3543	7720	0.0144459
3176	7721	0.0144339
7720	7721	0.0144339
7721	7722	0.0144311
2988	7722	0.0144311
1302	7723	0.0144145
7722	7723	0.0144145
1942	7724	0.0144091
7723	7724	0.0144091
3381	7725	0.0144072
7724	7725	0.0144072
7725	7726	0.0144043
7656	7726	0.0144043
4276	7727	0.0144032
7726	7727	0.0144032
3230	7728	0.0144014
7727	7728	0.0144014
7204	7729	0.0143949
7266	7729	0.0143949
7728	7729	0.0143949
7729	7730	0.0143912
698	7730	0.0143912
3150	7731	0.014387
7730	7731	0.014387
7731	7732	0.0143851
336	7732	0.0143851
4199	7733	0.0144121
4348	7733	0.0144121
7703	7734	0.0143569
7732	7734	0.0143569
2099	7735	0.0143452
7734	7735	0.0143452
2800	7736	0.0143317
7735	7736	0.0143317
7701	7736	0.0143317
7736	7737	0.014331
1133	7737	0.014331
7737	7738	0.0143279
1410	7738	0.0143279
7738	7739	0.0143269
4409	7739	0.0143269
3476	7739	0.0143269
6911	7740	0.0143262
7739	7740	0.0143262
7740	7741	0.014321
7104	7741	0.014321
7733	7741	0.014321
7741	7742	0.0143032
1270	7742	0.0143032
7742	7743	0.0142929
7153	7743	0.0142929
936	7743	0.0142929
7017	7744	0.0142909
7743	7744	0.0142909
7652	7745	0.014492
2811	7745	0.014492
7745	7746	0.0143297
4570	7746	0.0143297
7294	7747	0.0145123
4836	7747	0.0145123
3758	7748	0.0143527
4604	7748	0.0143527
7472	7749	0.0139193
7333	7749	0.0139193
7744	7750	0.0142717
4673	7750	0.0142717
6967	7751	0.0142665
7750	7751	0.0142665
7751	7752	0.014261
3769	7752	0.014261
7748	7752	0.014261
7752	7753	0.0142563
4105	7753	0.0142563
7753	7754	0.0142203
1204	7754	0.0142203
5200	7755	0.0142144
5203	7755	0.0142144
7106	7755	0.0142144
7754	7755	0.0142144
7755	7756	0.0141954
2979	7756	0.0141954
5091	7757	0.014182
5093	7757	0.014182
7756	7757	0.014182
7757	7758	0.0141726
1997	7758	0.0141726
4485	7759	0.0141551
7758	7759	0.0141551
7759	7760	0.0141351
1480	7760	0.0141351
7746	7761	0.0141364
3927	7761	0.0141364
5117	7762	0.0141322
7760	7762	0.0141322
7762	7763	0.0141298
557	7763	0.0141298
7763	7764	0.0141212
7761	7764	0.0141212
7764	7765	0.0141174
1116	7765	0.0141174
7765	7766	0.0141106
3681	7766	0.0141106
7766	7767	0.0141055
2270	7767	0.0141055
7767	7768	0.0140978
1968	7768	0.0140978
7768	7769	0.0140862
1891	7769	0.0140862
5188	7770	0.0140757
7769	7770	0.0140757
3186	7771	0.0140665
7770	7771	0.0140665
7771	7772	0.0140616
2718	7772	0.0140616
7058	7773	0.0141336
7642	7773	0.0141336
4560	7774	0.0140591
7772	7774	0.0140591
7385	7775	0.0140503
7774	7775	0.0140503
7775	7776	0.0140381
4101	7776	0.0140381
7776	7777	0.0140144
4525	7777	0.0140144
7777	7778	0.0140014
1745	7778	0.0140014
5146	7779	0.0139998
7778	7779	0.0139998
7065	7780	0.0139924
7779	7780	0.0139924
4318	7780	0.0139924
7780	7781	0.0139887
4566	7781	0.0139887
7781	7782	0.0139713
2355	7782	0.0139713
1455	7783	0.0139623
7782	7783	0.0139623
4507	7784	0.0139619
304	7784	0.0139619
7783	7785	0.0139452
7773	7785	0.0139452
4363	7786	0.0139333
7785	7786	0.0139333
7786	7787	0.0138853
734	7787	0.0138853
7787	7788	0.0138778
2615	7788	0.0138778
3246	7789	0.0138742
7788	7789	0.0138742
7789	7790	0.0138731
1486	7790	0.0138731
7790	7791	0.0138664
7747	7791	0.0138664
969	7791	0.0138664
7054	7792	0.0138634
7791	7792	0.0138634
7792	7793	0.0138403
4631	7793	0.0138403
2947	7793	0.0138403
7793	7794	0.0138348
7784	7794	0.0138348
2723	7794	0.0138348
3272	7794	0.0138348
3917	7795	0.0138302
7794	7795	0.0138302
2910	7796	0.0139581
3069	7796	0.0139581
5082	7797	0.0136594
601	7797	0.0136594
6884	7798	0.0138104
7795	7798	0.0138104
7798	7799	0.0138034
2649	7799	0.0138034
1478	7800	0.0137872
7799	7800	0.0137872
7471	7801	0.0137863
7800	7801	0.0137863
7801	7802	0.0137769
573	7802	0.0137769
3679	7803	0.0137624
7802	7803	0.0137624
6937	7804	0.0137443
7803	7804	0.0137443
6941	7804	0.0137443
7804	7805	0.0137252
1183	7805	0.0137252
7805	7806	0.0136854
3801	7806	0.0136854
1911	7807	0.0136839
7806	7807	0.0136839
2403	7808	0.0136784
7807	7808	0.0136784
3713	7809	0.0136713
7808	7809	0.0136713
2454	7810	0.0136658
7809	7810	0.0136658
7810	7811	0.0136451
3477	7811	0.0136451
7811	7812	0.0136433
2840	7812	0.0136433
798	7813	0.0136339
7812	7813	0.0136339
619	7814	0.0136292
7813	7814	0.0136292
4986	7815	0.0136051
7814	7815	0.0136051
7815	7816	0.0135911
1328	7816	0.0135911
7816	7817	0.013589
2249	7817	0.013589
7817	7818	0.0135779
5010	7818	0.0135779
7653	7819	0.0135724
2240	7819	0.0135724
7818	7820	0.0135612
2326	7820	0.0135612
2973	7821	0.0135606
7820	7821	0.0135606
7821	7822	0.0135585
4815	7822	0.0135585
6871	7823	0.0135499
7822	7823	0.0135499
7823	7824	0.0135283
45	7824	0.0135283
7824	7825	0.0135268
241	7825	0.0135268
7825	7826	0.0135189
2461	7826	0.0135189
4744	7827	0.0135156
7826	7827	0.0135156
2100	7827	0.0135156
7470	7828	0.0135126
7827	7828	0.0135126
7828	7829	0.0135103
7819	7829	0.0135103
1898	7830	0.01351
7829	7830	0.01351
7830	7831	0.0135092
2496	7831	0.0135092
7831	7832	0.0135079
1279	7832	0.0135079
7797	7833	0.0135004
7832	7833	0.0135004
885	7834	0.0134868
7833	7834	0.0134868
3016	7834	0.0134868
7834	7835	0.013485
588	7835	0.013485
2789	7836	0.0134801
7835	7836	0.0134801
7749	7837	0.0134772
7836	7837	0.0134772
7837	7838	0.0134755
4599	7838	0.0134755
3215	7839	0.0134746
7838	7839	0.0134746
7839	7840	0.013473
7796	7840	0.013473
871	7841	0.0139589
58	7841	0.0139589
88	7842	0.0138552
1135	7842	0.0138552
7149	7843	0.0155344
352	7843	0.0155344
3581	7844	0.0147793
2191	7844	0.0147793
597	7845	0.0142817
7843	7845	0.0142817
7845	7846	0.013734
7844	7846	0.013734
7846	7847	0.0137063
552	7847	0.0137063
7847	7848	0.0135499
1107	7848	0.0135499
7162	7849	0.0150917
2205	7849	0.0150917
7849	7850	0.0145893
398	7850	0.0145893
7850	7851	0.0140353
4406	7851	0.0140353
7201	7852	0.0165967
827	7852	0.0165967
7852	7853	0.0156162
3269	7853	0.0156162
2712	7854	0.0149077
7276	7854	0.0149077
2974	7855	0.0139739
878	7855	0.0139739
3453	7856	0.0158932
4876	7856	0.0158932
7856	7857	0.0143703
1686	7857	0.0143703
2508	7858	0.01436
2073	7858	0.01436
5036	7859	0.0140936
4511	7859	0.0140936
3354	7860	0.0145057
2407	7860	0.0145057
3022	7861	0.0134563
7840	7861	0.0134563
4300	7862	0.0134496
7861	7862	0.0134496
4849	7863	0.0134409
7862	7863	0.0134409
7863	7864	0.0134325
4440	7864	0.0134325
7864	7865	0.0134285
877	7865	0.0134285
7865	7866	0.0134246
2945	7866	0.0134246
7866	7867	0.0134094
1188	7867	0.0134094
7152	7868	0.0134053
7867	7868	0.0134053
7868	7869	0.0133906
1351	7869	0.0133906
4212	7870	0.0133628
7869	7870	0.0133628
7366	7870	0.0133628
2792	7870	0.0133628
1849	7871	0.0133608
7870	7871	0.0133608
7871	7872	0.0133561
2882	7872	0.0133561
7872	7873	0.0133504
2340	7873	0.0133504
7238	7874	0.0133419
7873	7874	0.0133419
5163	7875	0.0133314
7874	7875	0.0133314
4380	7876	0.0133276
7875	7876	0.0133276
7876	7877	0.0133162
4716	7877	0.0133162
7877	7878	0.0132997
7841	7878	0.0132997
7878	7879	0.0132912
4325	7879	0.0132912
1613	7880	0.0132771
7879	7880	0.0132771
3227	7881	0.0132682
7880	7881	0.0132682
7881	7882	0.0132675
1526	7882	0.0132675
567	7883	0.013258
7882	7883	0.013258
5119	7884	0.0132454
7883	7884	0.0132454
2470	7885	0.0132447
7884	7885	0.0132447
7885	7886	0.0132381
1837	7886	0.0132381
7886	7887	0.0132321
1461	7887	0.0132321
5175	7888	0.013215
7887	7888	0.013215
5149	7889	0.0132143
7187	7889	0.0132143
7888	7889	0.0132143
2426	7890	0.0132123
7889	7890	0.0132123
7890	7891	0.0131989
1459	7891	0.0131989
7891	7892	0.01319
197	7892	0.01319
7892	7893	0.0131826
4180	7893	0.0131826
7893	7894	0.0131817
1740	7894	0.0131817
7894	7895	0.0131757
4833	7895	0.0131757
484	7896	0.0131645
7895	7896	0.0131645
1483	7897	0.0131603
7896	7897	0.0131603
7897	7898	0.013139
159	7898	0.013139
6939	7899	0.0131331
7898	7899	0.0131331
2510	7900	0.0131216
7899	7900	0.0131216
7900	7901	0.0131094
2262	7901	0.0131094
4515	7901	0.0131094
7901	7902	0.013093
1079	7902	0.013093
7902	7903	0.0130751
1090	7903	0.0130751
7848	7904	0.0132697
3496	7904	0.0132697
501	7905	0.0130721
7903	7905	0.0130721
7905	7906	0.0130682
1611	7906	0.0130682
7906	7907	0.0130575
7855	7907	0.0130575
1580	7908	0.0130415
7907	7908	0.0130415
7908	7909	0.01303
4140	7909	0.01303
3617	7910	0.0130263
7909	7910	0.0130263
4930	7911	0.0130242
7910	7911	0.0130242
7911	7912	0.0130149
1850	7912	0.0130149
1452	7913	0.0130101
7912	7913	0.0130101
7913	7914	0.0130061
99	7914	0.0130061
7904	7914	0.0130061
7914	7915	0.0130043
7286	7915	0.0130043
862	7915	0.0130043
3094	7916	0.0130023
7915	7916	0.0130023
121	7916	0.0130023
7916	7917	0.0129995
7842	7917	0.0129995
7917	7918	0.0129926
2331	7918	0.0129926
7918	7919	0.0129909
7858	7919	0.0129909
6996	7920	0.0129872
7919	7920	0.0129872
3513	7921	0.0129803
7920	7921	0.0129803
2476	7922	0.0129796
900	7922	0.0129796
7921	7922	0.0129796
7466	7923	0.0129765
7922	7923	0.0129765
48	7923	0.0129765
1998	7923	0.0129765
4396	7924	0.0129757
7923	7924	0.0129757
1927	7925	0.0129745
7924	7925	0.0129745
4690	7926	0.0129681
7925	7926	0.0129681
7926	7927	0.0129574
1026	7927	0.0129574
451	7928	0.0129558
7927	7928	0.0129558
7928	7929	0.0129538
1175	7929	0.0129538
7929	7930	0.0129412
3516	7930	0.0129412
7930	7931	0.0129222
2173	7931	0.0129222
7931	7932	0.0129203
1186	7932	0.0129203
5186	7933	0.0129183
7932	7933	0.0129183
7933	7934	0.0129174
2803	7934	0.0129174
7934	7935	0.0129003
3231	7935	0.0129003
7935	7936	0.0128907
1381	7936	0.0128907
7936	7937	0.0128841
4527	7937	0.0128841
7937	7938	0.0128813
1300	7938	0.0128813
7938	7939	0.0128696
1121	7939	0.0128696
7939	7940	0.0128562
4375	7940	0.0128562
7940	7941	0.0128498
1817	7941	0.0128498
3217	7942	0.0128422
7941	7942	0.0128422
3401	7943	0.0128249
7942	7943	0.0128249
2380	7944	0.0128144
7943	7944	0.0128144
7944	7945	0.0128069
1605	7945	0.0128069
4903	7945	0.0128069
7211	7946	0.0127989
7945	7946	0.0127989
5105	7947	0.0127876
7946	7947	0.0127876
6988	7948	0.0127803
7947	7948	0.0127803
3328	7949	0.0131398
4022	7949	0.0131398
7854	7950	0.0131834
3108	7950	0.0131834
7948	7951	0.0127718
7268	7951	0.0127718
5062	7952	0.0127685
7951	7952	0.0127685
3716	7953	0.0127659
7952	7953	0.0127659
7953	7954	0.0127528
1021	7954	0.0127528
7954	7955	0.0127467
1237	7955	0.0127467
7955	7956	0.0127402
5027	7956	0.0127402
7956	7957	0.0127372
383	7957	0.0127372
7957	7958	0.0127304
3699	7958	0.0127304
7958	7959	0.0127276
2707	7959	0.0127276
7959	7960	0.0127215
7949	7960	0.0127215
7960	7961	0.0127154
2256	7961	0.0127154
7961	7962	0.0127022
1388	7962	0.0127022
819	7963	0.0126991
7962	7963	0.0126991
3180	7964	0.0126904
7963	7964	0.0126904
7964	7965	0.0126896
1241	7965	0.0126896
4075	7966	0.0126763
7965	7966	0.0126763
260	7967	0.0126721
3642	7967	0.0126721
7966	7967	0.0126721
7967	7968	0.0126705
2306	7968	0.0126705
2890	7969	0.0126559
7968	7969	0.0126559
7969	7970	0.0126455
6898	7970	0.0126455
7853	7970	0.0126455
1530	7970	0.0126455
7970	7971	0.0126446
3996	7971	0.0126446
7971	7972	0.0126398
1679	7972	0.0126398
3434	7973	0.0126369
7972	7973	0.0126369
4722	7974	0.0126307
7973	7974	0.0126307
716	7975	0.0126283
7974	7975	0.0126283
2070	7976	0.012623
7975	7976	0.012623
7976	7977	0.0126183
1541	7977	0.0126183
257	7978	0.012598
7977	7978	0.012598
6998	7979	0.0125974
7978	7979	0.0125974
2609	7980	0.012596
7979	7980	0.012596
7980	7981	0.0125945
1409	7981	0.0125945
4615	7982	0.0125922
7981	7982	0.0125922
7982	7983	0.0125893
533	7983	0.0125893
7983	7984	0.0125847
7860	7984	0.0125847
3890	7985	0.0125693
7984	7985	0.0125693
7985	7986	0.0125626
200	7986	0.0125626
7986	7987	0.0125417
1089	7987	0.0125417
5004	7988	0.0125284
7987	7988	0.0125284
7988	7989	0.0125277
3158	7989	0.0125277
1169	7989	0.0125277
7989	7990	0.0125218
4154	7990	0.0125218
4286	7991	0.0125046
7990	7991	0.0125046
7991	7992	0.0125028
988	7992	0.0125028
7992	7993	0.0124875
2069	7993	0.0124875
7993	7994	0.0124569
3974	7994	0.0124569
2502	7995	0.0126183
118	7995	0.0126183
5074	7996	0.0124234
7994	7996	0.0124234
3819	7997	0.0124139
7996	7997	0.0124139
7859	7998	0.0124549
5040	7998	0.0124549
7997	7999	0.0124121
554	7999	0.0124121
7999	8000	0.0124061
6963	8000	0.0124061
4456	8000	0.0124061
7998	8000	0.0124061
8000	8001	0.0124032
2045	8001	0.0124032
2230	8002	0.0123911
8001	8002	0.0123911
8002	8003	0.0123884
775	8003	0.0123884
8003	8004	0.0123842
7950	8004	0.0123842
3600	8004	0.0123842
6944	8005	0.0123471
8004	8005	0.0123471
8005	8006	0.0123459
1826	8006	0.0123459
3730	8007	0.0123253
8006	8007	0.0123253
8007	8008	0.0123166
3700	8008	0.0123166
2876	8009	0.0123071
4942	8009	0.0123071
8008	8009	0.0123071
684	8009	0.0123071
1672	8010	0.0123049
8009	8010	0.0123049
8010	8011	0.0122985
4741	8011	0.0122985
8011	8012	0.0122836
3587	8012	0.0122836
8012	8013	0.0122766
1192	8013	0.0122766
1953	8014	0.0122707
8013	8014	0.0122707
804	8015	0.0122537
8014	8015	0.0122537
2444	8015	0.0122537
8015	8016	0.0122496
1278	8016	0.0122496
7857	8017	0.0123802
3793	8017	0.0123802
1114	8017	0.0123802
8016	8018	0.0122421
3461	8018	0.0122421
7032	8019	0.0122013
8018	8019	0.0122013
1070	8019	0.0122013
8019	8020	0.0121908
2158	8020	0.0121908
595	8021	0.0121845
8020	8021	0.0121845
4935	8021	0.0121845
6870	8022	0.0121774
8021	8022	0.0121774
8022	8023	0.0121735
1904	8023	0.0121735
8023	8024	0.012167
2728	8024	0.012167
3067	8024	0.012167
1458	8024	0.012167
8017	8024	0.012167
1231	8024	0.012167
4265	8024	0.012167
8024	8025	0.0121413
488	8025	0.0121413
8025	8026	0.0121375
2709	8026	0.0121375
3909	8027	0.0121296
8026	8027	0.0121296
3024	8028	0.0121234
8027	8028	0.0121234
2999	8029	0.0121213
8028	8029	0.0121213
6984	8030	0.0121001
8029	8030	0.0121001
7995	8030	0.0121001
8030	8031	0.0120908
2996	8031	0.0120908
683	8032	0.012081
8031	8032	0.012081
8032	8033	0.0120804
3676	8033	0.0120804
816	8033	0.0120804
8033	8034	0.0120784
4074	8034	0.0120784
3331	8035	0.0120629
8034	8035	0.0120629
8035	8036	0.0120286
2129	8036	0.0120286
915	8037	0.0123694
123	8037	0.0123694
860	8038	0.0124198
3837	8038	0.0124198
5078	8039	0.011718
3469	8039	0.011718
5164	8040	0.012022
5190	8040	0.012022
2764	8040	0.012022
8036	8040	0.012022
8040	8041	0.0120076
700	8041	0.0120076
8041	8042	0.0119987
4591	8042	0.0119987
4373	8043	0.0119963
8042	8043	0.0119963
8043	8044	0.0119821
3580	8044	0.0119821
5161	8045	0.0119784
8044	8045	0.0119784
4838	8046	0.0119524
8045	8046	0.0119524
65	8047	0.0119157
8046	8047	0.0119157
3366	8048	0.0119141
8047	8048	0.0119141
4601	8049	0.0119113
8048	8049	0.0119113
628	8049	0.0119113
4519	8050	0.0118957
8049	8050	0.0118957
8050	8051	0.0118934
1643	8051	0.0118934
8051	8052	0.0118926
2751	8052	0.0118926
2455	8052	0.0118926
8037	8052	0.0118926
8052	8053	0.0118797
1457	8053	0.0118797
8053	8054	0.0118785
4837	8054	0.0118785
8054	8055	0.0118683
607	8055	0.0118683
4428	8056	0.0118597
8055	8056	0.0118597
987	8057	0.0118534
8056	8057	0.0118534
8057	8058	0.0118523
4686	8058	0.0118523
7468	8059	0.0118293
8058	8059	0.0118293
5116	8060	0.0118247
7469	8060	0.0118247
8059	8060	0.0118247
3347	8061	0.011824
8060	8061	0.011824
4072	8062	0.0118046
8061	8062	0.0118046
2283	8063	0.0117902
8062	8063	0.0117902
7172	8064	0.0117675
8063	8064	0.0117675
8064	8065	0.0117548
516	8065	0.0117548
8065	8066	0.0117365
916	8066	0.0117365
4171	8067	0.0117327
8066	8067	0.0117327
2626	8068	0.0117228
8067	8068	0.0117228
2980	8069	0.0117139
8068	8069	0.0117139
8069	8070	0.0117026
3112	8070	0.0117026
2381	8071	0.0116913
8070	8071	0.0116913
8071	8072	0.0116839
546	8072	0.0116839
8072	8073	0.0116806
2199	8073	0.0116806
1985	8074	0.0116743
8073	8074	0.0116743
8074	8075	0.0116669
4229	8075	0.0116669
3133	8076	0.0116654
8075	8076	0.0116654
923	8077	0.0116586
8076	8077	0.0116586
8077	8078	0.0116566
8038	8078	0.0116566
8078	8079	0.0116559
4433	8079	0.0116559
8079	8080	0.01165
3460	8080	0.01165
1648	8081	0.0116481
8080	8081	0.0116481
2931	8082	0.0116255
8081	8082	0.0116255
8082	8083	0.0116209
4039	8083	0.0116209
8083	8084	0.0115519
4886	8084	0.0115519
8084	8085	0.011528
4648	8085	0.011528
8085	8086	0.0115261
2635	8086	0.0115261
8086	8087	0.0115154
3724	8087	0.0115154
4581	8088	0.0115146
8087	8088	0.0115146
214	8089	0.0115062
8088	8089	0.0115062
981	8090	0.0114937
8089	8090	0.0114937
8090	8091	0.0114834
1947	8091	0.0114834
8091	8092	0.0114637
3134	8092	0.0114637
8092	8093	0.0114424
66	8093	0.0114424
91	8094	0.0114353
8093	8094	0.0114353
4275	8095	0.0114286
1189	8095	0.0114286
8094	8095	0.0114286
6980	8096	0.0114088
8095	8096	0.0114088
6946	8097	0.0114058
8096	8097	0.0114058
4948	8098	0.0113939
8097	8098	0.0113939
8098	8099	0.0113924
2077	8099	0.0113924
3109	8100	0.0113995
7851	8100	0.0113995
354	8101	0.011568
664	8101	0.011568
8099	8102	0.0113851
290	8102	0.0113851
918	8103	0.0113839
8102	8103	0.0113839
3624	8104	0.0113782
8103	8104	0.0113782
7239	8105	0.0113762
8104	8105	0.0113762
8105	8106	0.0113708
113	8106	0.0113708
8106	8107	0.0113392
4219	8107	0.0113392
8107	8108	0.0113315
3339	8108	0.0113315
4939	8109	0.0113162
8108	8109	0.0113162
8109	8110	0.0113154
2207	8110	0.0113154
8110	8111	0.0113135
8100	8111	0.0113135
8111	8112	0.0113041
13	8112	0.0113041
2742	8113	0.0112776
8112	8113	0.0112776
4457	8114	0.0112757
8113	8114	0.0112757
8039	8115	0.0112716
8114	8115	0.0112716
7163	8116	0.0112679
8115	8116	0.0112679
8116	8117	0.0112667
3327	8117	0.0112667
8117	8118	0.0112409
469	8118	0.0112409
3973	8119	0.0112251
8118	8119	0.0112251
8119	8120	0.0112239
1373	8120	0.0112239
3012	8120	0.0112239
2107	8121	0.01122
8120	8121	0.01122
8121	8122	0.011217
3221	8122	0.011217
8122	8123	0.011197
1662	8123	0.011197
8123	8124	0.0111913
3773	8124	0.0111913
2361	8125	0.0111904
8124	8125	0.0111904
8125	8126	0.011183
584	8126	0.011183
8126	8127	0.011179
4594	8127	0.011179
2287	8128	0.0111737
8127	8128	0.0111737
4981	8129	0.0111692
8128	8129	0.0111692
8129	8130	0.0111663
3514	8130	0.0111663
8130	8131	0.0111599
3397	8131	0.0111599
8131	8132	0.0111542
2188	8132	0.0111542
850	8133	0.0111391
8132	8133	0.0111391
8133	8134	0.011118
4900	8134	0.011118
204	8135	0.0110665
8134	8135	0.0110665
8135	8136	0.0110654
2560	8136	0.0110654
1518	8137	0.0110254
8101	8137	0.0110254
8136	8138	0.0110299
2523	8138	0.0110299
8138	8139	0.0110217
4828	8139	0.0110217
2644	8140	0.0110157
8139	8140	0.0110157
4272	8141	0.0110103
8140	8141	0.0110103
8141	8142	0.0110006
3694	8142	0.0110006
8142	8143	0.0109874
690	8143	0.0109874
7321	8144	0.0109806
8143	8144	0.0109806
8144	8145	0.0109725
884	8145	0.0109725
8145	8146	0.0109674
94	8146	0.0109674
8146	8147	0.0109609
3382	8147	0.0109609
5166	8148	0.0109575
8147	8148	0.0109575
8148	8149	0.0109452
3463	8149	0.0109452
8137	8150	0.0109338
8149	8150	0.0109338
8150	8151	0.0109264
1297	8151	0.0109264
2721	8152	0.0109137
8151	8152	0.0109137
7388	8153	0.0109071
8152	8153	0.0109071
8153	8154	0.0109015
1436	8154	0.0109015
8154	8155	0.0108921
3050	8155	0.0108921
2385	8156	0.0108843
8155	8156	0.0108843
5107	8157	0.0108834
4929	8157	0.0108834
4371	8157	0.0108834
8156	8157	0.0108834
8157	8158	0.0108707
1599	8158	0.0108707
8158	8159	0.0108623
1308	8159	0.0108623
2563	8160	0.0108529
8159	8160	0.0108529
7370	8161	0.0108411
8160	8161	0.0108411
802	8162	0.0108347
8161	8162	0.0108347
8162	8163	0.010832
1335	8163	0.010832
8163	8164	0.0108128
2827	8164	0.0108128
8164	8165	0.0108069
2371	8165	0.0108069
8165	8166	0.0107809
1025	8166	0.0107809
7291	8167	0.0107807
8166	8167	0.0107807
8167	8168	0.0107763
1447	8168	0.0107763
2114	8169	0.010766
8168	8169	0.010766
3333	8170	0.0140047
6859	8170	0.0140047
6904	8171	0.0122942
6908	8171	0.0122942
6914	8172	0.0125778
3846	8172	0.0125778
8172	8173	0.0111458
2486	8173	0.0111458
8173	8174	0.0108728
654	8174	0.0108728
2907	8175	0.0148069
143	8175	0.0148069
235	8176	0.015665
1848	8176	0.015665
4657	8177	0.014037
4012	8177	0.014037
8177	8178	0.0133983
1866	8178	0.0133983
2356	8179	0.0132837
2060	8179	0.0132837
8179	8180	0.0125609
3696	8180	0.0125609
8178	8181	0.012352
8180	8181	0.012352
8181	8182	0.0115377
3723	8182	0.0115377
8182	8183	0.0109977
4032	8183	0.0109977
1506	8184	0.0108781
8183	8184	0.0108781
252	8185	0.0121774
1939	8185	0.0121774
343	8186	0.0124435
835	8186	0.0124435
7180	8187	0.0129695
1623	8187	0.0129695
854	8188	0.0159595
1343	8188	0.0159595
2763	8189	0.0130788
1305	8189	0.0130788
8189	8190	0.012598
3546	8190	0.012598
686	8191	0.0129995
725	8191	0.0129995
7259	8192	0.0148013
1728	8192	0.0148013
2194	8193	0.0119715
1454	8193	0.0119715
3933	8194	0.0130677
2991	8194	0.0130677
1473	8195	0.0125522
1195	8195	0.0125522
1558	8196	0.0123369
1273	8196	0.0123369
1872	8197	0.0116559
2378	8197	0.0116559
4587	8198	0.0108331
8197	8198	0.0108331
2499	8199	0.011549
1702	8199	0.011549
7361	8200	0.010916
8199	8200	0.010916
1714	8201	0.0129431
2039	8201	0.0129431
2142	8202	0.0119468
1782	8202	0.0119468
4862	8203	0.0113782
8202	8203	0.0113782
2677	8204	0.0108901
2185	8204	0.0108901
2528	8205	0.0111062
2921	8205	0.0111062
4875	8206	0.0131795
4920	8206	0.0131795
4932	8207	0.0140651
4924	8207	0.0140651
7422	8208	0.0115597
8207	8208	0.0115597
8208	8209	0.010973
4933	8209	0.010973
5019	8210	0.0103077
1112	8210	0.0103077
1327	8211	0.00988588
7089	8211	0.00988588
322	8212	0.009096
952	8212	0.009096
2565	8213	0.0089474
5162	8213	0.0089474
2998	8214	0.0103519
4238	8214	0.0103519
7408	8215	0.0100012
1932	8215	0.0100012
1190	8216	0.010714
8169	8216	0.010714
526	8217	0.0107123
8216	8217	0.0107123
2	8218	0.0106991
8217	8218	0.0106991
2547	8219	0.0106842
2530	8219	0.0106842
8218	8219	0.0106842
1531	8219	0.0106842
3494	8220	0.0106746
8219	8220	0.0106746
4111	8221	0.010664
8220	8221	0.010664
7074	8222	0.0106524
8221	8222	0.0106524
8222	8223	0.0106494
3832	8223	0.0106494
4492	8224	0.0106341
3491	8224	0.0106341
8223	8224	0.0106341
8224	8225	0.0106212
3080	8225	0.0106212
5065	8226	0.0106191
1716	8226	0.0106191
3989	8226	0.0106191
8225	8226	0.0106191
8226	8227	0.0106153
4811	8227	0.0106153
8227	8228	0.0106041
3669	8228	0.0106041
7103	8229	0.010602
8228	8229	0.010602
8229	8230	0.010563
2058	8230	0.010563
6948	8231	0.0105444
8230	8231	0.0105444
8231	8232	0.0105419
5023	8232	0.0105419
3955	8233	0.0105364
8232	8233	0.0105364
2404	8234	0.0105286
8233	8234	0.0105286
8188	8235	0.0106831
3788	8235	0.0106831
8190	8236	0.0106868
4470	8236	0.0106868
8236	8237	0.0106191
665	8237	0.0106191
8234	8238	0.0105275
3309	8238	0.0105275
8238	8239	0.0105239
997	8239	0.0105239
8239	8240	0.0105161
678	8240	0.0105161
8240	8241	0.010494
2013	8241	0.010494
8241	8242	0.0104809
2231	8242	0.0104809
8242	8243	0.010476
1776	8243	0.010476
8243	8244	0.0104247
2181	8244	0.0104247
8235	8245	0.0104236
8237	8245	0.0104236
8244	8246	0.0104208
8245	8246	0.0104208
8246	8247	0.010419
7182	8247	0.010419
437	8247	0.010419
1832	8248	0.0103987
8247	8248	0.0103987
1761	8249	0.0103936
8248	8249	0.0103936
4691	8249	0.0103936
7067	8250	0.0103848
8249	8250	0.0103848
4177	8251	0.010381
8250	8251	0.010381
8251	8252	0.0103788
3584	8252	0.0103788
8252	8253	0.0103702
60	8253	0.0103702
4712	8254	0.0103665
8253	8254	0.0103665
8254	8255	0.0103617
2850	8255	0.0103617
8255	8256	0.0103579
2414	8256	0.0103579
7166	8257	0.0103342
8256	8257	0.0103342
8184	8258	0.0105819
1823	8258	0.0105819
7181	8259	0.0103226
8257	8259	0.0103226
8259	8260	0.0103207
2825	8260	0.0103207
3393	8261	0.010309
8260	8261	0.010309
8261	8262	0.0103045
444	8262	0.0103045
868	8263	0.0102965
8262	8263	0.0102965
8263	8264	0.0102847
1244	8264	0.0102847
3118	8265	0.0102832
8264	8265	0.0102832
8265	8266	0.01028
4656	8266	0.01028
8266	8267	0.0102775
101	8267	0.0102775
8267	8268	0.0102566
7404	8268	0.0102566
1564	8268	0.0102566
1994	8269	0.0102252
8268	8269	0.0102252
8269	8270	0.0102149
7337	8270	0.0102149
3969	8271	0.0102071
8270	8271	0.0102071
4027	8272	0.0102063
8271	8272	0.0102063
8272	8273	0.0101722
1638	8273	0.0101722
8273	8274	0.0101651
1937	8274	0.0101651
8274	8275	0.0101606
8175	8275	0.0101606
8275	8276	0.0101367
2197	8276	0.0101367
8276	8277	0.0101339
206	8277	0.0101339
8277	8278	0.0101319
1669	8278	0.0101319
935	8279	0.0101492
2367	8279	0.0101492
8278	8280	0.010127
3869	8280	0.010127
375	8280	0.010127
8280	8281	0.0101052
380	8281	0.0101052
2478	8282	0.0101119
1407	8282	0.0101119
8281	8283	0.0101033
4552	8283	0.0101033
8279	8283	0.0101033
452	8284	0.0100928
8283	8284	0.0100928
8284	8285	0.0100909
8258	8285	0.0100909
8282	8285	0.0100909
4562	8286	0.0100785
8285	8286	0.0100785
8286	8287	0.0100778
4071	8287	0.0100778
4620	8288	0.010068
8287	8288	0.010068
3868	8289	0.0100614
8288	8289	0.0100614
8289	8290	0.0100558
2111	8290	0.0100558
8200	8290	0.0100558
2772	8291	0.0100548
8290	8291	0.0100548
8291	8292	0.0100345
1298	8292	0.0100345
4779	8293	0.0100339
8292	8293	0.0100339
8293	8294	0.0100329
2564	8294	0.0100329
8294	8295	0.0100251
3853	8295	0.0100251
4583	8296	0.0100241
8295	8296	0.0100241
8296	8297	0.0100173
8186	8297	0.0100173
2459	8298	0.0100107
8297	8298	0.0100107
8298	8299	0.0100002
746	8299	0.0100002
475	8300	0.00999358
8299	8300	0.00999358
8300	8301	0.00997193
8185	8301	0.00997193
4551	8302	0.00996689
8301	8302	0.00996689
8302	8303	0.00996283
1024	8303	0.00996283
6936	8304	0.00995994
8303	8304	0.00995994
8209	8304	0.00995994
3957	8305	0.00994986
8304	8305	0.00994986
8305	8306	0.0099468
8174	8306	0.0099468
2597	8307	0.00994607
8306	8307	0.00994607
8195	8307	0.00994607
8307	8308	0.00993739
7263	8308	0.00993739
1247	8308	0.00993739
464	8309	0.00992967
8308	8309	0.00992967
7210	8310	0.00992416
8309	8310	0.00992416
8310	8311	0.00991701
1088	8311	0.00991701
7025	8312	0.00990952
8311	8312	0.00990952
8312	8313	0.00990885
4791	8313	0.00990885
8313	8314	0.00990777
4582	8314	0.00990777
8314	8315	0.00990581
8203	8315	0.00990581
8315	8316	0.00990009
1152	8316	0.00990009
826	8317	0.00988952
8316	8317	0.00988952
8317	8318	0.00986892
2083	8318	0.00986892
3501	8319	0.00985807
780	8319	0.00985807
8318	8319	0.00985807
4993	8320	0.0099436
3478	8320	0.0099436
8319	8321	0.00985341
226	8321	0.00985341
2782	8322	0.00984005
8321	8322	0.00984005
8322	8323	0.00983804
3547	8323	0.00983804
1989	8324	0.00983713
2182	8324	0.00983713
8323	8324	0.00983713
5072	8325	0.00980701
8324	8325	0.00980701
8325	8326	0.00979452
3550	8326	0.00979452
8326	8327	0.00977326
890	8327	0.00977326
8327	8328	0.00976956
8320	8328	0.00976956
4137	8329	0.00975535
8328	8329	0.00975535
7076	8330	0.00975134
8329	8330	0.00975134
8330	8331	0.00973427
3203	8331	0.00973427
8331	8332	0.00973104
146	8332	0.00973104
8332	8333	0.00972822
3613	8333	0.00972822
7347	8334	0.00971603
8333	8334	0.00971603
8334	8335	0.00970373
8193	8335	0.00970373
8335	8336	0.00969314
3130	8336	0.00969314
348	8337	0.00968823
8336	8337	0.00968823
8337	8338	0.0096835
4728	8338	0.0096835
84	8339	0.0096819
8338	8339	0.0096819
7305	8340	0.00967138
8339	8340	0.00967138
523	8341	0.00997193
223	8341	0.00997193
8340	8342	0.00966934
8341	8342	0.00966934
7317	8343	0.00965862
8342	8343	0.00965862
119	8344	0.00965687
8343	8344	0.00965687
8344	8345	0.00965485
1500	8345	0.00965485
8345	8346	0.00965394
4577	8346	0.00965394
4494	8347	0.00963485
8346	8347	0.00963485
1434	8348	0.00963218
8347	8348	0.00963218
8348	8349	0.00962453
3090	8349	0.00962453
765	8350	0.00961293
8349	8350	0.00961293
4880	8350	0.00961293
8350	8351	0.00961105
3210	8351	0.00961105
4341	8352	0.00960665
8351	8352	0.00960665
8352	8353	0.00960253
246	8353	0.00960253
8353	8354	0.0095921
7364	8354	0.0095921
2204	8354	0.0095921
7454	8355	0.00959039
8354	8355	0.00959039
8355	8356	0.00956927
3280	8356	0.00956927
8356	8357	0.00956411
1569	8357	0.00956411
8357	8358	0.00955522
3099	8358	0.00955522
8358	8359	0.00954924
1986	8359	0.00954924
7464	8360	0.00952063
8359	8360	0.00952063
8360	8361	0.00949657
1973	8361	0.00949657
8361	8362	0.0094919
2639	8362	0.0094919
8362	8363	0.00947363
2125	8363	0.00947363
8363	8364	0.00947015
814	8364	0.00947015
8364	8365	0.00946726
1896	8365	0.00946726
4139	8366	0.00944925
8365	8366	0.00944925
8366	8367	0.00944229
8191	8367	0.00944229
3097	8368	0.00942073
8367	8368	0.00942073
1748	8369	0.00941725
8368	8369	0.00941725
8369	8370	0.00941194
3662	8370	0.00941194
4214	8370	0.00941194
3040	8371	0.00941085
8370	8371	0.00941085
8371	8372	0.00940705
4141	8372	0.00940705
7323	8373	0.00940609
8372	8373	0.00940609
8373	8374	0.00940229
905	8374	0.00940229
4994	8375	0.00938881
6918	8375	0.00938881
8374	8375	0.00938881
2064	8376	0.00938491
8375	8376	0.00938491
8376	8377	0.0093797
561	8377	0.0093797
8377	8378	0.009366
2026	8378	0.009366
8378	8379	0.00936395
8201	8379	0.00936395
2285	8380	0.009366
42	8380	0.009366
8192	8381	0.0097977
672	8381	0.0097977
939	8382	0.00957366
2823	8382	0.00957366
4639	8383	0.00955195
1065	8383	0.00955195
4207	8384	0.00934624
8379	8384	0.00934624
8384	8385	0.00933932
450	8385	0.00933932
2960	8386	0.00933815
8385	8386	0.00933815
8386	8387	0.00933441
8187	8387	0.00933441
8387	8388	0.00933069
681	8388	0.00933069
8204	8389	0.00932875
2569	8389	0.00932875
2047	8390	0.00932222
8388	8390	0.00932222
8390	8391	0.00931655
518	8391	0.00931655
8391	8392	0.00931373
4755	8392	0.00931373
8392	8393	0.00930506
8389	8393	0.00930506
2501	8394	0.0093022
8393	8394	0.0093022
8394	8395	0.00929424
447	8395	0.00929424
8395	8396	0.00928304
2944	8396	0.00928304
8396	8397	0.00926983
2091	8397	0.00926983
8397	8398	0.00926707
8205	8398	0.00926707
2450	8399	0.00926088
8398	8399	0.00926088
8399	8400	0.00925542
558	8400	0.00925542
8400	8401	0.00925327
77	8401	0.00925327
7250	8402	0.00925154
8401	8402	0.00925154
3058	8403	0.00925053
8402	8403	0.00925053
8403	8404	0.00924872
762	8404	0.00924872
8206	8405	0.00935007
4867	8405	0.00935007
1658	8406	0.00924295
8404	8406	0.00924295
8406	8407	0.00924027
3322	8407	0.00924027
1219	8408	0.00923436
8407	8408	0.00923436
3206	8409	0.00922694
8408	8409	0.00922694
8409	8410	0.00921339
1005	8410	0.00921339
8410	8411	0.00919814
3282	8411	0.00919814
8411	8412	0.00919271
4629	8412	0.00919271
3147	8413	0.00918289
8412	8413	0.00918289
8413	8414	0.00918088
1372	8414	0.00918088
1856	8415	0.00916179
8414	8415	0.00916179
7386	8416	0.00915528
8415	8416	0.00915528
8416	8417	0.00915336
4038	8417	0.00915336
3668	8418	0.00914687
8417	8418	0.00914687
4158	8419	0.00914571
8418	8419	0.00914571
8419	8420	0.0091411
3356	8420	0.0091411
8420	8421	0.00913904
569	8421	0.00913904
2344	8422	0.00912495
8421	8422	0.00912495
8422	8423	0.0091132
8405	8423	0.0091132
8423	8424	0.00909913
2081	8424	0.00909913
150	8425	0.00909236
8424	8425	0.00909236
3448	8426	0.00908944
8425	8426	0.00908944
7329	8427	0.0090866
8426	8427	0.0090866
2067	8428	0.0090829
8427	8428	0.0090829
4749	8429	0.0090781
8428	8429	0.0090781
8429	8430	0.00907315
659	8430	0.00907315
8430	8431	0.00905887
220	8431	0.00905887
8431	8432	0.0090581
2050	8432	0.0090581
4703	8433	0.00905433
8432	8433	0.00905433
8433	8434	0.00905244
2481	8434	0.00905244
8434	8435	0.00904771
2796	8435	0.00904771
8435	8436	0.00904558
1397	8436	0.00904558
127	8437	0.00903234
8436	8437	0.00903234
8437	8438	0.00903108
8381	8438	0.00903108
7452	8439	0.00902752
5011	8439	0.00902752
8438	8439	0.00902752
2383	8439	0.00902752
2515	8440	0.00902191
8439	8440	0.00902191
3156	8441	0.00900946
8440	8441	0.00900946
3704	8442	0.00899501
8441	8442	0.00899501
2094	8443	0.00898075
8442	8443	0.00898075
8443	8444	0.00897473
3902	8444	0.00897473
7380	8445	0.00896835
8444	8445	0.00896835
685	8446	0.00896653
8445	8446	0.00896653
8446	8447	0.00895961
4294	8447	0.00895961
7137	8448	0.0089465
8447	8448	0.0089465
2170	8449	0.00894177
8448	8449	0.00894177
669	8449	0.00894177
8449	8450	0.00892708
3666	8450	0.00892708
215	8451	0.00892543
8450	8451	0.00892543
1527	8452	0.00892261
8451	8452	0.00892261
8452	8453	0.00890186
5033	8453	0.00890186
3082	8453	0.00890186
3166	8453	0.00890186
3737	8453	0.00890186
8453	8454	0.00889714
875	8454	0.00889714
8454	8455	0.00889286
2692	8455	0.00889286
8455	8456	0.00887462
8171	8456	0.00887462
3517	8456	0.00887462
8380	8456	0.00887462
1216	8457	0.00887217
8456	8457	0.00887217
1338	8458	0.00886631
8457	8458	0.00886631
8458	8459	0.00885256
1567	8459	0.00885256
8459	8460	0.00885197
1352	8460	0.00885197
8460	8461	0.00884444
8382	8461	0.00884444
4809	8461	0.00884444
908	8462	0.00884063
8461	8462	0.00884063
3165	8463	0.00883571
8462	8463	0.00883571
7293	8464	0.00882623
8463	8464	0.00882623
8464	8465	0.00881996
3502	8465	0.00881996
8465	8466	0.00881309
982	8466	0.00881309
3084	8467	0.00880819
8466	8467	0.00880819
8467	8468	0.00880511
705	8468	0.00880511
8176	8469	0.00879956
8468	8469	0.00879956
8469	8470	0.00879578
2225	8470	0.00879578
8470	8471	0.00878699
759	8471	0.00878699
1405	8472	0.00877938
8471	8472	0.00877938
1266	8473	0.00877775
8472	8473	0.00877775
2658	8474	0.00877573
8473	8474	0.00877573
8474	8475	0.0087729
535	8475	0.0087729
1349	8476	0.00876137
8475	8476	0.00876137
8476	8477	0.00875858
93	8477	0.00875858
8477	8478	0.00875481
3632	8478	0.00875481
8478	8479	0.0087501
4721	8479	0.0087501
8479	8480	0.00874609
4736	8480	0.00874609
462	8481	0.00874433
8480	8481	0.00874433
1687	8482	0.00874013
8481	8482	0.00874013
4097	8483	0.00872688
8482	8483	0.00872688
7339	8484	0.00871567
8483	8484	0.00871567
8484	8485	0.00870707
1206	8485	0.00870707
2868	8486	0.00869938
8485	8486	0.00869938
5068	8487	0.0086964
8486	8487	0.0086964
8487	8488	0.00869551
4864	8488	0.00869551
3520	8489	0.00866981
8488	8489	0.00866981
8489	8490	0.00866329
3092	8490	0.00866329
4635	8490	0.00866329
8490	8491	0.00865754
760	8491	0.00865754
8215	8492	0.00865166
8491	8492	0.00865166
8492	8493	0.00864501
4969	8493	0.00864501
8493	8494	0.00863561
370	8494	0.00863561
2040	8495	0.00862599
8494	8495	0.00862599
8495	8496	0.00862101
642	8496	0.00862101
8496	8497	0.00861728
724	8497	0.00861728
2538	8498	0.00861181
8497	8498	0.00861181
1484	8499	0.00860994
8498	8499	0.00860994
8499	8500	0.00860297
2946	8500	0.00860297
3688	8501	0.00858004
8500	8501	0.00858004
2278	8502	0.00857941
8501	8502	0.00857941
97	8503	0.00857736
8502	8503	0.00857736
4727	8504	0.0085734
8503	8504	0.0085734
8504	8505	0.00857277
565	8505	0.00857277
586	8506	0.00865754
17	8506	0.00865754
8383	8507	0.00863665
3465	8507	0.00863665
7455	8508	0.0085619
8505	8508	0.0085619
1321	8509	0.00855273
8508	8509	0.00855273
8509	8510	0.00855082
2214	8510	0.00855082
8510	8511	0.0085467
183	8511	0.0085467
4533	8512	0.00854555
8511	8512	0.00854555
3665	8512	0.00854555
4585	8513	0.00851924
8512	8513	0.00851924
8513	8514	0.00851533
1993	8514	0.00851533
8514	8515	0.00851449
2726	8515	0.00851449
7400	8516	0.00850775
8515	8516	0.00850775
8194	8516	0.00850775
8516	8517	0.00849931
4355	8517	0.00849931
4009	8518	0.00848388
8517	8518	0.00848388
8518	8519	0.00847608
3817	8519	0.00847608
1391	8520	0.00847542
8519	8520	0.00847542
7203	8521	0.00847343
8520	8521	0.00847343
8521	8522	0.00846959
2612	8522	0.00846959
4389	8523	0.00846691
8522	8523	0.00846691
8523	8524	0.00846093
2572	8524	0.00846093
4220	8525	0.00845901
8524	8525	0.00845901
8525	8526	0.00845624
3142	8526	0.00845624
8526	8527	0.00845433
522	8527	0.00845433
8198	8528	0.00845039
1511	8528	0.00845039
8527	8529	0.00843543
8528	8529	0.00843543
3146	8529	0.00843543
201	8530	0.0084247
8529	8530	0.0084247
8530	8531	0.0084239
3812	8531	0.0084239
3671	8532	0.008423
1909	8532	0.008423
8531	8532	0.008423
8532	8533	0.00842067
6854	8533	0.00842067
8506	8533	0.00842067
8533	8534	0.00842005
512	8534	0.00842005
599	8535	0.00840501
8534	8535	0.00840501
8535	8536	0.00840186
1040	8536	0.00840186
2019	8537	0.00839616
8536	8537	0.00839616
8537	8538	0.0083807
473	8538	0.0083807
8507	8538	0.0083807
2504	8539	0.00838038
8538	8539	0.00838038
7324	8540	0.00837821
3981	8540	0.00837821
8539	8540	0.00837821
8170	8541	0.00837398
8540	8541	0.00837398
4468	8542	0.00835414
8541	8542	0.00835414
2400	8543	0.00835318
7461	8543	0.00835318
8542	8543	0.00835318
7168	8544	0.00835212
8543	8544	0.00835212
107	8545	0.0083447
8544	8545	0.0083447
3761	8545	0.0083447
8545	8546	0.00834289
2955	8546	0.00834289
8546	8547	0.00834168
8196	8547	0.00834168
682	8548	0.00828932
2347	8548	0.00828932
3303	8549	0.00788406
781	8549	0.00788406
8547	8550	0.00833903
4810	8550	0.00833903
5064	8551	0.00832738
8550	8551	0.00832738
1346	8552	0.00832564
8551	8552	0.00832564
4571	8553	0.00832085
8552	8553	0.00832085
4434	8554	0.00831284
8553	8554	0.00831284
1274	8555	0.00830073
8554	8555	0.00830073
8555	8556	0.00829992
4488	8556	0.00829992
8556	8557	0.00829704
2074	8557	0.00829704
7236	8558	0.0082789
8557	8558	0.0082789
8558	8559	0.0082731
188	8559	0.0082731
652	8559	0.0082731
3105	8559	0.0082731
4516	8559	0.0082731
4326	8559	0.0082731
449	8560	0.00827032
8559	8560	0.00827032
5015	8561	0.00826192
8560	8561	0.00826192
8561	8562	0.00823595
566	8562	0.00823595
8562	8563	0.00823499
1127	8563	0.00823499
8563	8564	0.00822812
312	8564	0.00822812
4936	8565	0.00822537
8564	8565	0.00822537
8565	8566	0.00821875
962	8566	0.00821875
8566	8567	0.00819605
4206	8567	0.00819605
8567	8568	0.00817674
1342	8568	0.00817674
8568	8569	0.0081674
823	8569	0.0081674
8569	8570	0.00816451
353	8570	0.00816451
5099	8571	0.00815907
8570	8571	0.00815907
8571	8572	0.00815376
2196	8572	0.00815376
8572	8573	0.00815197
944	8573	0.00815197
8573	8574	0.00814059
4914	8574	0.00814059
1209	8575	0.00813966
8574	8575	0.00813966
2133	8576	0.0081301
8575	8576	0.0081301
924	8577	0.0081292
8576	8577	0.0081292
8577	8578	0.00812073
708	8578	0.00812073
2605	8579	0.00810905
8578	8579	0.00810905
3806	8580	0.00810817
8579	8580	0.00810817
8580	8581	0.00809934
3387	8581	0.00809934
5081	8582	0.0080757
8581	8582	0.0080757
8582	8583	0.00807195
1254	8583	0.00807195
4076	8584	0.00807004
8583	8584	0.00807004
8584	8585	0.00806897
3610	8585	0.00806897
8212	8586	0.00804903
8585	8586	0.00804903
8586	8587	0.00804653
2021	8587	0.00804653
8587	8588	0.00803946
5028	8588	0.00803946
8588	8589	0.00803727
4311	8589	0.00803727
2063	8590	0.00802812
8589	8590	0.00802812
2906	8591	0.00802311
8590	8591	0.00802311
8591	8592	0.00802128
2389	8592	0.00802128
8592	8593	0.0080023
1396	8593	0.0080023
187	8594	0.00799639
8593	8594	0.00799639
8594	8595	0.00799187
1017	8595	0.00799187
8595	8596	0.00798626
7345	8596	0.00798626
2275	8596	0.00798626
8596	8597	0.00798042
4970	8597	0.00798042
8597	8598	0.0079718
4482	8598	0.0079718
8598	8599	0.00796479
1378	8599	0.00796479
4974	8600	0.00794977
8599	8600	0.00794977
8600	8601	0.00794501
1588	8601	0.00794501
2576	8602	0.00793552
8601	8602	0.00793552
8602	8603	0.00792983
2708	8603	0.00792983
8603	8604	0.00791075
138	8604	0.00791075
3370	8605	0.00795323
3959	8605	0.00795323
5061	8606	0.00790891
7195	8606	0.00790891
5079	8607	0.00790891
8604	8607	0.00790891
4729	8608	0.0078973
8607	8608	0.0078973
4556	8608	0.0078973
3887	8609	0.00789626
8608	8609	0.00789626
8609	8610	0.00789455
199	8610	0.00789455
8214	8611	0.0078936
8610	8611	0.0078936
8611	8612	0.00788889
979	8612	0.00788889
8612	8613	0.00788013
7200	8613	0.00788013
491	8613	0.00788013
7237	8614	0.00785262
8613	8614	0.00785262
3334	8615	0.00784893
8614	8615	0.00784893
8615	8616	0.00781841
89	8616	0.00781841
4077	8617	0.00781626
8616	8617	0.00781626
3035	8618	0.00781175
8617	8618	0.00781175
8618	8619	0.0078012
2333	8619	0.0078012
8606	8620	0.00779537
8619	8620	0.00779537
2994	8621	0.00779345
8620	8621	0.00779345
7453	8622	0.00778279
8621	8622	0.00778279
2180	8623	0.00777034
8622	8623	0.00777034
8623	8624	0.00776866
3719	8624	0.00776866
8624	8625	0.0077324
2441	8625	0.0077324
208	8626	0.00772562
8625	8626	0.00772562
384	8627	0.0077141
8626	8627	0.0077141
7102	8628	0.00771317
8627	8628	0.00771317
7073	8629	0.0077115
8628	8629	0.0077115
8211	8630	0.00770656
8629	8630	0.00770656
6832	8631	0.00770405
8630	8631	0.00770405
7406	8632	0.00767616
8631	8632	0.00767616
8632	8633	0.00766496
471	8633	0.00766496
5150	8634	0.00766172
8633	8634	0.00766172
1093	8634	0.00766172
8634	8635	0.00765622
1362	8635	0.00765622
8635	8636	0.00765036
1295	8636	0.00765036
8636	8637	0.00764667
702	8637	0.00764667
1412	8638	0.00763704
8637	8638	0.00763704
4688	8639	0.00763205
8638	8639	0.00763205
6985	8640	0.0076275
8639	8640	0.0076275
8640	8641	0.00761944
8605	8641	0.00761944
8641	8642	0.0076135
4476	8642	0.0076135
991	8643	0.0075942
8642	8643	0.0075942
2917	8644	0.0075852
8643	8644	0.0075852
7391	8645	0.00755385
8644	8645	0.00755385
2282	8646	0.00755316
8645	8646	0.00755316
3511	8647	0.00754554
8646	8647	0.00754554
479	8648	0.00754168
8647	8648	0.00754168
3254	8649	0.00753307
8648	8649	0.00753307
8649	8650	0.00752459
319	8650	0.00752459
8650	8651	0.00752262
4758	8651	0.00752262
8651	8652	0.00751612
1236	8652	0.00751612
8652	8653	0.00751494
3030	8653	0.00751494
5048	8653	0.00751494
458	8654	0.00749791
8653	8654	0.00749791
4619	8655	0.00748805
8654	8655	0.00748805
3458	8656	0.00747864
8655	8656	0.00747864
8656	8657	0.00747504
1944	8657	0.00747504
667	8658	0.00744917
8657	8658	0.00744917
8658	8659	0.0074451
2254	8659	0.0074451
8659	8660	0.0074425
2057	8660	0.0074425
6858	8661	0.00714119
3318	8661	0.00714119
4383	8662	0.00742243
1422	8662	0.00742243
8660	8663	0.00741768
2427	8663	0.00741768
8663	8664	0.00741654
1094	8664	0.00741654
8210	8665	0.00741493
8664	8665	0.00741493
4211	8666	0.00741384
8665	8666	0.00741384
1756	8667	0.00740521
8666	8667	0.00740521
8667	8668	0.00739933
1836	8668	0.00739933
8668	8669	0.00738834
2391	8669	0.00738834
8669	8670	0.00738612
2589	8670	0.00738612
3611	8671	0.00738058
8670	8671	0.00738058
8671	8672	0.00737964
2477	8672	0.00737964
8672	8673	0.00737762
2247	8673	0.00737762
2299	8673	0.00737762
156	8674	0.00737366
8673	8674	0.00737366
8674	8675	0.00737278
2881	8675	0.00737278
8675	8676	0.00737165
4104	8676	0.00737165
2771	8677	0.00736877
8676	8677	0.00736877
8677	8678	0.00735826
1683	8678	0.00735826
332	8679	0.00735759
8678	8679	0.00735759
508	8680	0.00735656
8679	8680	0.00735656
3956	8681	0.00734602
8680	8681	0.00734602
8681	8682	0.00733381
1602	8682	0.00733381
7462	8683	0.00731757
8682	8683	0.00731757
1433	8684	0.00730393
8683	8684	0.00730393
2581	8685	0.00730324
8684	8685	0.00730324
1358	8686	0.00727754
8685	8686	0.00727754
4535	8687	0.00727445
8686	8687	0.00727445
8549	8688	0.00727369
8687	8688	0.00727369
8688	8689	0.00727087
1533	8689	0.00727087
8689	8690	0.00726318
1692	8690	0.00726318
8690	8691	0.0072557
4927	8691	0.0072557
8691	8692	0.00723362
1960	8692	0.00723362
2465	8693	0.00722616
8692	8693	0.00722616
8693	8694	0.00721749
2619	8694	0.00721749
3445	8695	0.00721647
8694	8695	0.00721647
1485	8695	0.00721647
8695	8696	0.00721075
12	8696	0.00721075
8662	8697	0.00720817
8696	8697	0.00720817
8697	8698	0.0072032
4518	8698	0.0072032
2540	8699	0.00719447
8698	8699	0.00719447
8699	8700	0.00718209
4478	8700	0.00718209
1161	8701	0.00718024
8700	8701	0.00718024
2830	8702	0.0071677
8701	8702	0.0071677
4035	8703	0.00716498
8702	8703	0.00716498
7410	8704	0.00713165
8703	8704	0.00713165
8548	8705	0.00712384
8704	8705	0.00712384
8705	8706	0.007122
1426	8706	0.007122
8706	8707	0.0071209
1061	8707	0.0071209
3193	8708	0.00711437
8707	8708	0.00711437
4011	8709	0.00711153
8708	8709	0.00711153
126	8710	0.00710112
8709	8710	0.00710112
4390	8711	0.00707831
8710	8711	0.00707831
541	8712	0.00707359
8711	8712	0.00707359
4964	8713	0.00706871
8712	8713	0.00706871
8713	8714	0.00706379
1150	8714	0.00706379
2422	8715	0.0070544
8714	8715	0.0070544
5069	8716	0.00703997
8715	8716	0.00703997
4069	8717	0.00703892
8716	8717	0.00703892
8717	8718	0.00702102
2514	8718	0.00702102
15	8719	0.00701915
8718	8719	0.00701915
3655	8720	0.00700943
8719	8720	0.00700943
2258	8720	0.00700943
8661	8721	0.00700857
8720	8721	0.00700857
8721	8722	0.00700469
976	8722	0.00700469
8722	8723	0.00699218
1082	8723	0.00699218
1238	8723	0.00699218
4645	8724	0.00699134
8723	8724	0.00699134
7465	8725	0.00698182
8724	8725	0.00698182
409	8726	0.00697595
8725	8726	0.00697595
8726	8727	0.00696631
3342	8727	0.00696631
295	8727	0.00696631
864	8728	0.00694943
8727	8728	0.00694943
4770	8729	0.00694843
5053	8729	0.00694843
8728	8729	0.00694843
8729	8730	0.00693137
3472	8730	0.00693137
1180	8731	0.00692277
8730	8731	0.00692277
8731	8732	0.00689019
4208	8732	0.00689019
8732	8733	0.00685776
1251	8733	0.00685776
434	8734	0.00685223
8733	8734	0.00685223
3073	8735	0.00684746
8734	8735	0.00684746
1119	8736	0.00684449
8735	8736	0.00684449
8736	8737	0.00684347
3229	8737	0.00684347
8737	8738	0.00684073
2777	8738	0.00684073
3810	8739	0.00683798
8738	8739	0.00683798
5049	8740	0.00683298
8739	8740	0.00683298
8740	8741	0.00683122
4990	8741	0.00683122
8213	8742	0.00682633
8741	8742	0.00682633
3855	8743	0.00681788
8742	8743	0.00681788
2802	8744	0.00681681
8743	8744	0.00681681
8744	8745	0.0068092
1058	8745	0.0068092
4087	8746	0.00680828
8745	8746	0.00680828
2650	8747	0.00679968
8746	8747	0.00679968
717	8748	0.0067912
8747	8748	0.0067912
4187	8749	0.00677865
8748	8749	0.00677865
8749	8750	0.00676918
2512	8750	0.00676918
7069	8751	0.00676537
8750	8751	0.00676537
8751	8752	0.00674915
3940	8752	0.00674915
1285	8753	0.00674153
8752	8753	0.00674153
2555	8753	0.00674153
1842	8754	0.00673484
7457	8754	0.00673484
8753	8754	0.00673484
848	8755	0.0067301
8754	8755	0.0067301
1800	8756	0.00672732
8755	8756	0.00672732
8756	8757	0.00671193
1864	8757	0.00671193
8757	8758	0.00670629
594	8758	0.00670629
4385	8759	0.00670531
8758	8759	0.00670531
8759	8760	0.00669888
1784	8760	0.00669888
643	8761	0.00894927
7193	8761	0.00894927
2410	8762	0.00783914
8761	8762	0.00783914
7016	8763	0.00901069
323	8763	0.00901069
542	8764	0.0104007
4717	8764	0.0104007
2801	8765	0.0153408
7283	8765	0.0153408
8765	8766	0.00912667
1964	8766	0.00912667
1326	8767	0.00687405
1752	8767	0.00687405
7357	8768	0.0128859
4332	8768	0.0128859
7365	8769	0.0101375
3931	8769	0.0101375
4549	8770	0.0134591
7374	8770	0.0134591
4246	8771	0.0158465
3443	8771	0.0158465
4564	8772	0.00940609
4602	8772	0.00940609
5020	8773	0.0079117
5025	8773	0.0079117
2487	8774	0.00426958
418	8774	0.00426958
8774	8775	0.00264929
457	8775	0.00264929
1661	8776	0.00567048
3348	8776	0.00567048
4769	8777	0.00411981
1650	8777	0.00411981
2814	8778	0.00549316
3116	8778	0.00549316
8778	8779	0.00350475
24	8779	0.00350475
2622	8780	0.00648207
341	8780	0.00648207
470	8781	0.00464362
3818	8781	0.00464362
4536	8782	0.00474545
3708	8782	0.00474545
4236	8783	0.00463485
455	8783	0.00463485
5080	8784	0.00371638
2078	8784	0.00371638
610	8785	0.0050563
4160	8785	0.0050563
3963	8786	0.00339224
364	8786	0.00339224
4120	8787	0.00455948
534	8787	0.00455948
1223	8788	0.00620557
4568	8788	0.00620557
2875	8789	0.00457667
1970	8789	0.00457667
1131	8790	0.00270077
4271	8790	0.00270077
7071	8791	0.00606832
213	8791	0.00606832
4971	8792	0.00516993
4045	8792	0.00516993
1676	8793	0.005331
151	8793	0.005331
4915	8794	0.00458716
2492	8794	0.00458716
4816	8795	0.00444407
3691	8795	0.00444407
6865	8796	0.00473017
1757	8796	0.00473017
7280	8797	0.00454141
4498	8797	0.00454141
1501	8798	0.00457954
1323	8798	0.00457954
3245	8799	0.00635532
7445	8799	0.00635532
5211	8800	0.00619301
1593	8800	0.00619301
7431	8801	0.00564203
7186	8801	0.00564203
396	8802	0.00586418
4387	8802	0.00586418
5056	8803	0.00558569
7304	8803	0.00558569
1807	8804	0.00603019
3089	8804	0.00603019
4963	8805	0.00596423
2993	8805	0.00596423
2479	8806	0.00668025
8760	8806	0.00668025
1772	8807	0.00667763
8806	8807	0.00667763
8807	8808	0.00663673
1988	8808	0.00663673
8808	8809	0.0066279
2156	8809	0.0066279
8809	8810	0.00661853
165	8810	0.00661853
8810	8811	0.00661569
2834	8811	0.00661569
3446	8812	0.00661472
8811	8812	0.00661472
3776	8813	0.0066128
8812	8813	0.0066128
3657	8814	0.00660321
8813	8814	0.00660321
7319	8815	0.00659945
8814	8815	0.00659945
4277	8816	0.0065937
8815	8816	0.0065937
7424	8817	0.00659281
8816	8817	0.00659281
863	8818	0.00658895
8817	8818	0.00658895
3095	8819	0.00656797
8818	8819	0.00656797
1505	8820	0.00655362
8819	8820	0.00655362
8820	8821	0.00654691
2172	8821	0.00654691
7371	8822	0.006546
8821	8822	0.006546
8822	8823	0.00654509
8762	8823	0.00654509
8772	8823	0.00654509
7395	8824	0.0065393
8823	8824	0.0065393
8824	8825	0.00652316
273	8825	0.00652316
8825	8826	0.00652039
1111	8826	0.00652039
8826	8827	0.00651826
1193	8827	0.00651826
807	8828	0.00651643
8827	8828	0.00651643
8828	8829	0.00651341
1382	8829	0.00651341
7154	8830	0.00650995
8829	8830	0.00650995
4637	8831	0.00650213
8830	8831	0.00650213
8831	8832	0.006501
4855	8832	0.006501
4831	8833	0.00646974
7282	8833	0.00646974
3711	8834	0.00650027
8832	8834	0.00650027
4578	8835	0.00649733
8834	8835	0.00649733
1603	8836	0.00648495
8835	8836	0.00648495
8836	8837	0.00648207
8764	8837	0.00648207
3626	8838	0.00646974
8837	8838	0.00646974
1663	8838	0.00646974
8838	8839	0.00646597
391	8839	0.00646597
4122	8840	0.00645268
8839	8840	0.00645268
1123	8841	0.00644779
8840	8841	0.00644779
8841	8842	0.00644491
243	8842	0.00644491
7440	8843	0.00643262
8842	8843	0.00643262
8843	8844	0.00640967
1617	8844	0.00640967
2417	8845	0.00640656
8844	8845	0.00640656
2428	8846	0.00639139
8845	8846	0.00639139
3684	8847	0.00638903
8846	8847	0.00638903
8847	8848	0.00638379
2178	8848	0.00638379
8848	8849	0.00637533
258	8849	0.00637533
8849	8850	0.00636474
1514	8850	0.00636474
7245	8851	0.00634302
8850	8851	0.00634302
2279	8852	0.00634014
8851	8852	0.00634014
8852	8853	0.00632659
1184	8853	0.00632659
8853	8854	0.00631614
2872	8854	0.00631614
134	8855	0.00629909
8854	8855	0.00629909
4308	8856	0.00627221
2419	8856	0.00627221
8855	8856	0.00627221
2335	8857	0.00626845
8856	8857	0.00626845
2680	8857	0.00626845
8857	8858	0.00626474
3141	8858	0.00626474
8833	8859	0.00626078
8858	8859	0.00626078
1595	8860	0.00635648
2458	8860	0.00635648
8859	8861	0.00624474
272	8861	0.00624474
8861	8862	0.00623994
4157	8862	0.00623994
8862	8863	0.00623297
36	8863	0.00623297
880	8864	0.00622569
8863	8864	0.00622569
8864	8865	0.00622272
1924	8865	0.00622272
7397	8866	0.00621711
8865	8866	0.00621711
8866	8867	0.00621613
1675	8867	0.00621613
737	8867	0.00621613
3999	8867	0.00621613
7330	8868	0.00620945
8867	8868	0.00620945
2542	8869	0.0062087
8868	8869	0.0062087
8869	8870	0.00620746
8773	8870	0.00620746
8870	8871	0.00620367
4084	8871	0.00620367
7449	8872	0.00619893
8871	8872	0.00619893
1589	8873	0.0062304
176	8873	0.0062304
7322	8874	0.00618919
8872	8874	0.00618919
4682	8875	0.00618839
8874	8875	0.00618839
2593	8876	0.00618546
4806	8876	0.00618546
8875	8876	0.00618546
8876	8877	0.00616546
8860	8877	0.00616546
8877	8878	0.00615596
3682	8878	0.00615596
7426	8879	0.00615311
8878	8879	0.00615311
7051	8880	0.00615117
8879	8880	0.00615117
4290	8880	0.00615117
8880	8881	0.0061436
8873	8881	0.0061436
2286	8881	0.0061436
8881	8882	0.00611728
1798	8882	0.00611728
4471	8883	0.00610056
8882	8883	0.00610056
7421	8884	0.00609682
8883	8884	0.00609682
8884	8885	0.00607984
3270	8885	0.00607984
4193	8886	0.00606633
8885	8886	0.00606633
8886	8887	0.00606441
4652	8887	0.00606441
3998	8888	0.00605592
8887	8888	0.00605592
3383	8889	0.00603291
8888	8889	0.00603291
8889	8890	0.00600823
4725	8890	0.00600823
2545	8891	0.00600528
8890	8891	0.00600528
1011	8892	0.0060005
8891	8892	0.0060005
7427	8893	0.00598722
8892	8893	0.00598722
5115	8894	0.005973
8893	8894	0.005973
4753	8895	0.00595754
8894	8895	0.00595754
2968	8896	0.00595666
7377	8896	0.00595666
8895	8896	0.00595666
7312	8897	0.00588707
7437	8897	0.00588707
7198	8897	0.00588707
360	8897	0.00588707
3799	8897	0.00588707
8896	8897	0.00588707
3407	8898	0.00587656
8897	8898	0.00587656
8898	8899	0.00587365
2967	8899	0.00587365
1673	8900	0.00587285
8899	8900	0.00587285
2926	8901	0.00587091
8900	8901	0.00587091
1314	8902	0.00586995
8901	8902	0.00586995
6912	8903	0.00585571
8902	8903	0.00585571
4745	8904	0.00584682
8903	8904	0.00584682
8904	8905	0.00584487
3936	8905	0.00584487
1733	8906	0.005827
8905	8906	0.005827
110	8907	0.00582125
8906	8907	0.00582125
2527	8908	0.00581549
8907	8908	0.00581549
8908	8909	0.00580218
1755	8909	0.00580218
1861	8910	0.00577827
8909	8910	0.00577827
8910	8911	0.00576216
3321	8911	0.00576216
8911	8912	0.00574274
1487	8912	0.00574274
6976	8913	0.00571248
8805	8913	0.00571248
5089	8913	0.00571248
8912	8913	0.00571248
4070	8914	0.00570582
8913	8914	0.00570582
629	8915	0.00569092
8914	8915	0.00569092
4919	8916	0.00568873
7015	8916	0.00568873
8915	8916	0.00568873
3833	8917	0.00566287
8916	8917	0.00566287
8917	8918	0.00565806
630	8918	0.00565806
8918	8919	0.00565719
1234	8919	0.00565719
3912	8920	0.00565341
8919	8920	0.00565341
8920	8921	0.00565149
2095	8921	0.00565149
1812	8922	0.00564888
8921	8922	0.00564888
3627	8923	0.00564658
8922	8923	0.00564658
8923	8924	0.0056448
791	8924	0.0056448
3954	8925	0.00563807
8924	8925	0.00563807
4941	8926	0.00563237
8925	8926	0.00563237
8804	8927	0.00562858
8926	8927	0.00562858
5018	8927	0.00562858
4360	8928	0.0056258
8927	8928	0.0056258
8928	8929	0.00562288
1693	8929	0.00562288
8929	8930	0.00561799
8769	8930	0.00561799
2747	8930	0.00561799
2500	8930	0.00561799
3535	8931	0.00560667
8930	8931	0.00560667
247	8932	0.00559338
8931	8932	0.00559338
2509	8933	0.00559237
8932	8933	0.00559237
5100	8934	0.0055799
7450	8934	0.0055799
8933	8934	0.0055799
8934	8935	0.0055724
504	8935	0.0055724
4732	8936	0.00556377
8935	8936	0.00556377
8936	8937	0.00556168
4984	8937	0.00556168
3137	8938	0.00555417
8937	8938	0.00555417
8938	8939	0.00554947
1575	8939	0.00554947
8939	8940	0.00554381
4588	8940	0.00554381
8940	8941	0.00553442
3834	8941	0.00553442
8941	8942	0.0055047
2536	8942	0.0055047
8942	8943	0.00549984
1332	8943	0.00549984
3567	8944	0.00549316
8943	8944	0.00549316
8944	8945	0.00549227
4264	8945	0.00549227
2853	8946	0.00549116
8945	8946	0.00549116
8946	8947	0.00548066
1044	8947	0.00548066
3564	8948	0.00547219
8947	8948	0.00547219
1885	8949	0.00547022
8948	8949	0.00547022
8949	8950	0.00544457
1744	8950	0.00544457
8950	8951	0.00543789
4364	8951	0.00543789
8951	8952	0.00543203
2398	8952	0.00543203
2392	8953	0.00541593
8952	8953	0.00541593
2252	8953	0.00541593
3251	8954	0.00540828
8953	8954	0.00540828
1822	8955	0.00540341
8954	8955	0.00540341
2105	8956	0.00539973
8955	8956	0.00539973
8956	8957	0.00539293
2051	8957	0.00539293
8957	8958	0.00538729
1113	8958	0.00538729
7062	8959	0.00538545
8958	8959	0.00538545
500	8960	0.00538445
8959	8960	0.00538445
7261	8961	0.00538348
8960	8961	0.00538348
8961	8962	0.00538252
4834	8962	0.00538252
4411	8963	0.00536348
8962	8963	0.00536348
8963	8964	0.00534735
1120	8964	0.00534735
8964	8965	0.00534629
5041	8965	0.00534629
8965	8966	0.00532529
3532	8966	0.00532529
7164	8967	0.00531959
8966	8967	0.00531959
7310	8968	0.00530523
1495	8968	0.00530523
8967	8968	0.00530523
837	8969	0.0052958
8968	8969	0.0052958
8969	8970	0.00529289
85	8970	0.00529289
3949	8971	0.00525664
7356	8971	0.00525664
8970	8971	0.00525664
8971	8972	0.00525375
1659	8972	0.00525375
7439	8973	0.00525097
8972	8973	0.00525097
8973	8974	0.00525005
207	8974	0.00525005
8974	8975	0.00524898
3121	8975	0.00524898
8975	8976	0.00524062
1520	8976	0.00524062
2549	8976	0.00524062
1528	8977	0.00523567
8976	8977	0.00523567
2731	8978	0.00522712
8977	8978	0.00522712
7442	8979	0.00521947
8978	8979	0.00521947
3283	8980	0.00521384
8979	8980	0.00521384
5168	8981	0.00520505
8980	8981	0.00520505
8981	8982	0.0051888
1720	8982	0.0051888
3077	8983	0.00518032
8982	8983	0.00518032
4709	8984	0.00517849
8983	8984	0.00517849
8984	8985	0.00517552
4239	8985	0.00517552
3650	8986	0.00517465
8985	8986	0.00517465
8986	8987	0.00515546
5007	8987	0.00515546
8766	8988	0.00633149
2429	8988	0.00633149
8988	8989	0.00574096
4714	8989	0.00574096
1923	8990	0.00538166
3582	8990	0.00538166
4567	8991	0.00543486
3337	8991	0.00543486
2358	8992	0.00471117
416	8992	0.00471117
8987	8993	0.0051451
1168	8993	0.0051451
1838	8994	0.00512783
8993	8994	0.00512783
5042	8994	0.00512783
8994	8995	0.00512308
1846	8995	0.00512308
8995	8996	0.00511933
2883	8996	0.00511933
142	8997	0.00509834
8996	8997	0.00509834
8997	8998	0.00508785
949	8998	0.00508785
8998	8999	0.00507151
2964	8999	0.00507151
8999	9000	0.00506212
1949	9000	0.00506212
1403	9001	0.00505543
9000	9001	0.00505543
2757	9002	0.00505174
9001	9002	0.00505174
2580	9003	0.00504876
2308	9003	0.00504876
9002	9003	0.00504876
9003	9004	0.00504776
7402	9004	0.00504776
3570	9004	0.00504776
103	9004	0.00504776
4119	9005	0.00504189
9004	9005	0.00504189
1653	9006	0.00503537
9005	9006	0.00503537
4684	9007	0.00503436
62	9007	0.00503436
9006	9007	0.00503436
9007	9008	0.0050334
2543	9008	0.0050334
9008	9009	0.00502492
3863	9009	0.00502492
9009	9010	0.00500973
2517	9010	0.00500973
623	9011	0.00500297
9010	9011	0.00500297
9011	9012	0.00500106
8989	9012	0.00500106
7338	9013	0.00500012
9012	9013	0.00500012
9013	9014	0.00499726
2363	9014	0.00499726
2267	9015	0.00499245
9014	9015	0.00499245
9015	9016	0.00498008
4462	9016	0.00498008
9016	9017	0.0049601
2933	9017	0.0049601
9017	9018	0.00494957
2590	9018	0.00494957
9018	9019	0.00494371
733	9019	0.00494371
9019	9020	0.0049352
2088	9020	0.0049352
9020	9021	0.00493429
2160	9021	0.00493429
3374	9022	0.00492573
3557	9022	0.00492573
9021	9022	0.00492573
7432	9023	0.00492192
9022	9023	0.00492192
1408	9024	0.00491892
9023	9024	0.00491892
7398	9025	0.00491516
9024	9025	0.00491516
406	9026	0.00490857
9025	9026	0.00490857
822	9027	0.00489612
9026	9027	0.00489612
1477	9028	0.00489237
9027	9028	0.00489237
2491	9029	0.00488849
9028	9029	0.00488849
2165	9030	0.00487805
9029	9030	0.00487805
9030	9031	0.00482772
4851	9031	0.00482772
1762	9032	0.0048256
1996	9032	0.0048256
9031	9032	0.0048256
2084	9033	0.00481893
9032	9033	0.00481893
4874	9034	0.00481117
9033	9034	0.00481117
9034	9035	0.004803
4881	9035	0.004803
2995	9035	0.004803
1577	9036	0.00479795
9035	9036	0.00479795
2364	9037	0.00479313
9036	9037	0.00479313
2161	9038	0.00479125
9037	9038	0.00479125
4799	9039	0.00478172
9038	9039	0.00478172
7444	9040	0.00477788
9039	9040	0.00477788
4331	9041	0.00477217
9040	9041	0.00477217
4425	9042	0.00476928
9041	9042	0.00476928
9042	9043	0.00476837
3675	9043	0.00476837
9043	9044	0.00476648
1802	9044	0.00476648
9044	9045	0.00476461
1081	9045	0.00476461
1697	9046	0.00476078
9045	9046	0.00476078
4679	9047	0.00475692
9046	9047	0.00475692
7438	9048	0.00474645
9047	9048	0.00474645
4538	9049	0.00474262
9048	9049	0.00474262
9049	9050	0.00474072
858	9050	0.00474072
1717	9051	0.00472544
9050	9051	0.00472544
2272	9051	0.00472544
2878	9052	0.00471979
9051	9052	0.00471979
4844	9053	0.00471585
9052	9053	0.00471585
9053	9054	0.00470925
2293	9054	0.00470925
7443	9055	0.00470552
9054	9055	0.00470552
5198	9056	0.00468919
9055	9056	0.00468919
9056	9057	0.00468434
889	9057	0.00468434
9057	9058	0.00467784
8991	9058	0.00467784
7425	9059	0.00467397
9058	9059	0.00467397
179	9060	0.00466626
9059	9060	0.00466626
3048	9061	0.00464627
9060	9061	0.00464627
4378	9062	0.00447465
4596	9062	0.00447465
9061	9063	0.00463294
8990	9063	0.00463294
4611	9064	0.00463005
9063	9064	0.00463005
1788	9065	0.00459672
9064	9065	0.00459672
446	9066	0.00459471
9065	9066	0.00459471
8992	9067	0.00458333
9066	9067	0.00458333
3143	9068	0.00457954
778	9068	0.00457954
9067	9068	0.00457954
3343	9069	0.00457382
9068	9069	0.00457382
1432	9070	0.00457107
9069	9070	0.00457107
1292	9071	0.00456904
9070	9071	0.00456904
9071	9072	0.00456716
1652	9072	0.00456716
715	9073	0.00456613
9072	9073	0.00456613
2332	9074	0.00455568
9073	9074	0.00455568
7448	9075	0.00454803
9074	9075	0.00454803
954	9076	0.00453284
9075	9076	0.00453284
4947	9077	0.00452024
9076	9077	0.00452024
9077	9078	0.00451758
4291	9078	0.00451758
9078	9079	0.00451663
5052	9079	0.00451663
49	9080	0.00450989
9079	9080	0.00450989
2473	9081	0.00450802
9080	9081	0.00450802
239	9082	0.00450614
9081	9082	0.00450614
640	9083	0.00449288
9082	9083	0.00449288
9083	9084	0.00447083
2687	9084	0.00447083
3226	9084	0.00447083
9084	9085	0.00446977
139	9085	0.00446977
7311	9086	0.00446418
2445	9086	0.00446418
9085	9086	0.00446418
4998	9087	0.00445458
9086	9087	0.00445458
3002	9088	0.00443836
9087	9088	0.00443836
9088	9089	0.00443467
3860	9089	0.00443467
9089	9090	0.00443269
937	9090	0.00443269
7423	9091	0.00442887
9090	9091	0.00442887
7368	9092	0.00441841
9091	9092	0.00441841
9092	9093	0.00440785
2291	9093	0.00440785
9093	9094	0.00440501
1069	9094	0.00440501
9094	9095	0.00439169
3360	9095	0.00439169
5143	9096	0.00438792
9095	9096	0.00438792
4962	9097	0.00438405
9096	9097	0.00438405
2167	9098	0.00437844
9097	9098	0.00437844
8801	9099	0.00437738
8768	9099	0.00437738
9098	9099	0.00437738
3157	9100	0.00437238
9099	9100	0.00437238
7429	9101	0.0043573
9100	9101	0.0043573
7190	9101	0.0043573
2978	9102	0.00435447
9101	9102	0.00435447
3104	9102	0.00435447
7105	9103	0.00434683
9102	9103	0.00434683
9103	9104	0.0043392
1562	9104	0.0043392
3235	9104	0.0043392
3920	9104	0.0043392
4333	9105	0.00430584
209	9105	0.00430584
9104	9105	0.00430584
9105	9106	0.00427814
1289	9106	0.00427814
7441	9107	0.00427343
9106	9107	0.00427343
4110	9108	0.00426478
2213	9108	0.00426478
9107	9108	0.00426478
3862	9109	0.00426192
9108	9109	0.00426192
9109	9110	0.0042552
158	9110	0.0042552
8802	9111	0.00424953
9110	9111	0.00424953
2055	9111	0.00424953
3910	9112	0.00424194
9111	9112	0.00424194
9112	9113	0.00423335
3911	9113	0.00423335
9062	9114	0.00422955
9113	9114	0.00422955
8803	9115	0.00421908
9114	9115	0.00421908
2877	9116	0.00421248
9115	9116	0.00421248
1552	9117	0.0042047
9116	9117	0.0042047
453	9118	0.0041961
9117	9118	0.0041961
3454	9119	0.00418283
9118	9119	0.00418283
5071	9120	0.00417812
9119	9120	0.00417812
4123	9121	0.00417521
7362	9121	0.00417521
9120	9121	0.00417521
8767	9121	0.00417521
4603	9122	0.00417233
9121	9122	0.00417233
1201	9123	0.00512783
1016	9123	0.00512783
8798	9124	0.00389951
4063	9124	0.00389951
1435	9125	0.00414529
9122	9125	0.00414529
8795	9126	0.00414373
9125	9126	0.00414373
4000	9126	0.00414373
5031	9127	0.00413416
9126	9127	0.00413416
2260	9128	0.00412937
9127	9128	0.00412937
771	9129	0.00411798
9128	9129	0.00411798
7313	9130	0.00411705
9129	9130	0.00411705
9130	9131	0.00411227
3938	9131	0.00411227
308	9132	0.00411032
9131	9132	0.00411032
2234	9133	0.00408655
9132	9133	0.00408655
2681	9134	0.0040732
9133	9134	0.0040732
3595	9135	0.00406541
9134	9135	0.00406541
4346	9136	0.00405314
9135	9136	0.00405314
7353	9137	0.00403977
9136	9137	0.00403977
9137	9138	0.00403406
4452	9138	0.00403406
4060	9139	0.00402641
9138	9139	0.00402641
7307	9140	0.00401299
9139	9140	0.00401299
9140	9141	0.00400828
4044	9141	0.00400828
9141	9142	0.0040016
3114	9142	0.0040016
9142	9143	0.00399402
539	9143	0.00399402
4879	9144	0.00399307
9143	9144	0.00399307
4082	9145	0.00396629
9144	9145	0.00396629
9145	9146	0.00396252
2909	9146	0.00396252
5055	9147	0.00395396
9146	9147	0.00395396
7267	9148	0.00394531
9147	9148	0.00394531
9148	9149	0.0039436
3213	9149	0.0039436
9149	9150	0.00393964
225	9150	0.00393964
9150	9151	0.00393388
912	9151	0.00393388
2748	9152	0.00392725
9151	9152	0.00392725
413	9153	0.00392063
9152	9153	0.00392063
4859	9154	0.00388525
9153	9154	0.00388525
668	9155	0.00385952
9154	9155	0.00385952
763	9156	0.00385285
9155	9156	0.00385285
9156	9157	0.00385089
5017	9157	0.00385089
454	9158	0.00382805
9157	9158	0.00382805
9158	9159	0.00382047
2914	9159	0.00382047
1831	9160	0.00380703
9159	9160	0.00380703
1808	9161	0.00380422
4151	9161	0.00380422
9160	9161	0.00380422
2223	9162	0.00379183
9161	9162	0.00379183
2727	9163	0.00378416
9162	9163	0.00378416
1488	9164	0.00376517
9163	9164	0.00376517
4517	9165	0.00376324
9164	9165	0.00376324
9165	9166	0.0037554
9123	9166	0.0037554
5051	9167	0.00374025
9166	9167	0.00374025
2766	9168	0.00373741
9167	9168	0.00373741
3606	9169	0.00373651
9168	9169	0.00373651
9169	9170	0.00372693
1865	9170	0.00372693
4135	9171	0.00372122
9170	9171	0.00372122
1499	9172	0.00371265
9171	9172	0.00371265
8771	9173	0.00370408
9172	9173	0.00370408
7433	9174	0.00367926
9173	9174	0.00367926
9174	9175	0.00367356
3953	9175	0.00367356
2703	9176	0.00365834
9175	9176	0.00365834
4368	9177	0.0036516
9176	9177	0.0036516
1919	9178	0.00362599
9177	9178	0.00362599
3029	9179	0.00362206
9178	9179	0.00362206
1893	9180	0.00361823
9179	9180	0.00361823
646	9181	0.00361061
9180	9181	0.00361061
1573	9182	0.00358686
9181	9182	0.00358686
96	9183	0.00357051
9182	9183	0.00357051
964	9184	0.00356479
9183	9184	0.00356479
1847	9184	0.00356479
2574	9185	0.00356192
9184	9185	0.00356192
9185	9186	0.00355718
4479	9186	0.00355718
2485	9187	0.00355145
9186	9187	0.00355145
80	9188	0.00354967
9187	9188	0.00354967
3554	9189	0.00353819
9188	9189	0.00353819
4625	9190	0.00353336
9189	9190	0.00353336
9190	9191	0.00348668
1747	9191	0.00348668
3612	9192	0.00348183
9191	9192	0.00348183
411	9192	0.00348183
1376	9193	0.00347329
9192	9193	0.00347329
299	9194	0.00346087
9193	9194	0.00346087
9194	9195	0.00344753
1737	9195	0.00344753
1734	9196	0.00343706
9195	9196	0.00343706
2128	9197	0.00343615
9196	9197	0.00343615
1764	9198	0.00343321
9197	9198	0.00343321
4221	9199	0.00343227
9198	9199	0.00343227
1471	9199	0.00343227
9199	9200	0.00341511
4814	9200	0.00341511
2488	9201	0.00341131
9200	9201	0.00341131
3336	9202	0.0033998
9201	9202	0.0033998
5120	9203	0.00339896
9202	9203	0.00339896
9203	9204	0.00339509
4028	9204	0.00339509
1291	9205	0.00335214
9204	9205	0.00335214
4499	9206	0.00335116
9205	9206	0.00335116
8796	9207	0.00334935
9206	9207	0.00334935
4747	9208	0.00334358
9207	9208	0.00334358
9208	9209	0.00332635
3718	9209	0.00332635
9124	9210	0.00331598
9209	9210	0.00331598
9210	9211	0.00331394
1253	9211	0.00331394
403	9212	0.00330838
9211	9212	0.00330838
8800	9213	0.00330543
9212	9213	0.00330543
831	9214	0.00329017
9213	9214	0.00329017
4205	9215	0.00328638
9214	9215	0.00328638
9215	9216	0.0032806
4164	9216	0.0032806
7430	9217	0.00327109
9216	9217	0.00327109
3250	9218	0.00325869
9217	9218	0.00325869
5210	9219	0.00325775
9218	9219	0.00325775
9219	9220	0.0032549
3127	9220	0.0032549
3552	9221	0.00325013
9220	9221	0.00325013
265	9222	0.00324816
9221	9222	0.00324816
602	9223	0.00323107
9222	9223	0.00323107
9223	9224	0.0032301
1666	9224	0.0032301
3167	9225	0.00322914
9224	9225	0.00322914
4746	9226	0.0029001
2233	9226	0.0029001
2418	9227	0.00320052
3939	9227	0.00320052
2943	9228	0.00322627
9225	9228	0.00322627
9228	9229	0.00321677
2080	9229	0.00321677
9229	9230	0.00320816
2245	9230	0.00320816
3124	9231	0.00319864
9230	9231	0.00319864
2833	9232	0.00319769
9231	9232	0.00319769
786	9233	0.00319576
9232	9233	0.00319576
1921	9234	0.00318897
9233	9234	0.00318897
776	9235	0.00318336
9234	9235	0.00318336
9235	9236	0.00318242
749	9236	0.00318242
8797	9237	0.00316144
9236	9237	0.00316144
673	9238	0.00315002
9237	9238	0.00315002
448	9238	0.00315002
9238	9239	0.00314236
550	9239	0.00314236
2206	9239	0.00314236
1320	9240	0.00314043
9239	9240	0.00314043
3429	9241	0.00313382
9240	9241	0.00313382
1803	9242	0.00312994
9241	9242	0.00312994
1047	9243	0.00310898
9242	9243	0.00310898
3144	9244	0.00308036
1839	9244	0.00308036
9243	9244	0.00308036
8770	9245	0.00307851
9244	9245	0.00307851
2666	9246	0.00306701
9245	9246	0.00306701
9246	9247	0.00306417
555	9247	0.00306417
9247	9248	0.00305745
1824	9248	0.00305745
4871	9249	0.00304223
9248	9249	0.00304223
3592	9250	0.00304126
9249	9250	0.00304126
9250	9251	0.00302982
3605	9251	0.00302982
651	9252	0.00302793
2360	9252	0.00302793
9251	9252	0.00302793
4386	9253	0.00302518
9252	9253	0.00302518
7066	9254	0.00301166
9253	9254	0.00301166
9254	9255	0.0029783
2982	9255	0.0029783
4995	9256	0.00297452
9255	9256	0.00297452
2168	9257	0.00296113
9256	9257	0.00296113
4965	9258	0.00295734
9257	9258	0.00295734
3093	9259	0.00294781
9258	9259	0.00294781
6961	9260	0.00294204
9259	9260	0.00294204
7428	9261	0.00294026
9260	9261	0.00294026
7367	9262	0.00293354
9261	9262	0.00293354
9227	9263	0.00292682
9262	9263	0.00292682
1211	9264	0.00291348
9263	9264	0.00291348
3752	9265	0.00290965
9264	9265	0.00290965
9265	9266	0.00290871
7416	9266	0.00290871
3062	9267	0.00290105
9266	9267	0.00290105
7399	9268	0.00287435
9267	9268	0.00287435
1760	9269	0.0028706
9268	9269	0.0028706
1068	9270	0.00286769
8794	9270	0.00286769
9269	9270	0.00286769
2015	9271	0.0028611
9270	9271	0.0028611
9271	9272	0.00285149
4856	9272	0.00285149
4287	9272	0.00285149
430	9272	0.00285149
3474	9273	0.00285053
9272	9273	0.00285053
6981	9274	0.00284671
9273	9274	0.00284671
3190	9275	0.00281524
9274	9275	0.00281524
529	9276	0.00280473
9275	9276	0.00280473
2805	9277	0.00279712
9276	9277	0.00279712
789	9278	0.00279235
9277	9278	0.00279235
9278	9279	0.00278951
1128	9279	0.00278951
1637	9280	0.00278088
9279	9280	0.00278088
3038	9281	0.00273703
9280	9281	0.00273703
9281	9282	0.00272084
3313	9282	0.00272084
9282	9283	0.00271988
1780	9283	0.00271988
794	9283	0.00271988
638	9284	0.00270652
5043	9284	0.00270652
9283	9284	0.00270652
4200	9285	0.00270267
9284	9285	0.00270267
9285	9286	0.00269795
3897	9286	0.00269795
9226	9287	0.002697
670	9287	0.002697
9286	9287	0.002697
7389	9288	0.00268936
9287	9288	0.00268936
395	9288	0.00268936
4407	9289	0.00268556
9288	9289	0.00268556
2498	9290	0.00268459
9289	9290	0.00268459
234	9291	0.00268078
9290	9291	0.00268078
613	9292	0.00267315
9291	9292	0.00267315
4090	9293	0.00266833
9292	9293	0.00266833
4003	9294	0.0026646
9293	9294	0.0026646
2489	9295	0.00265216
9294	9295	0.00265216
2932	9296	0.00264549
9295	9296	0.00264549
1765	9297	0.00263881
9296	9297	0.00263881
1907	9298	0.00262833
9297	9298	0.00262833
7320	9299	0.0026235
9298	9299	0.0026235
267	9299	0.0026235
3946	9300	0.0026169
9299	9300	0.0026169
71	9301	0.00261591
9300	9301	0.00261591
3391	9302	0.00261117
9301	9302	0.00261117
2919	9303	0.00259204
4319	9303	0.00259204
9302	9303	0.00259204
3508	9304	0.00258446
9303	9304	0.00258446
570	9305	0.00258352
9304	9305	0.00258352
2222	9306	0.00258158
9305	9306	0.00258158
4004	9307	0.00257779
4827	9307	0.00257779
9306	9307	0.00257779
9307	9308	0.00257683
941	9308	0.00257683
7378	9309	0.00257397
9308	9309	0.00257397
757	9310	0.00256634
9309	9310	0.00256634
3596	9311	0.00255967
9310	9311	0.00255967
3102	9312	0.00254252
9311	9312	0.00254252
8799	9313	0.00254053
9312	9313	0.00254053
3178	9314	0.00253679
9313	9314	0.00253679
2416	9315	0.00348183
624	9315	0.00348183
4685	9316	0.00175472
52	9316	0.00175472
9316	9317	0.00154305
2848	9317	0.00154305
2120	9318	0.000791549
173	9318	0.000791549
2920	9319	0.00164414
192	9319	0.00164414
2981	9320	0.00106621
9319	9320	0.00106621
3421	9321	0.000874521
3961	9321	0.000874521
661	9322	0.00137711
3396	9322	0.00137711
4451	9323	0.0016365
953	9323	0.0016365
1443	9324	0.0025015
1055	9324	0.0025015
3163	9325	0.0025158
3992	9325	0.0025158
844	9326	0.00251865
1148	9326	0.00251865
9326	9327	0.00220681
3829	9327	0.00220681
3686	9328	0.0021095
1028	9328	0.0021095
293	9329	0.00245954
3984	9329	0.00245954
2623	9330	0.00209236
3088	9330	0.00209236
903	9331	0.00226022
4241	9331	0.00226022
73	9332	0.00252915
9314	9332	0.00252915
4771	9333	0.00252155
9332	9333	0.00252155
9333	9334	0.00251294
3500	9334	0.00251294
2290	9334	0.00251294
7387	9335	0.00251196
9334	9335	0.00251196
9335	9336	0.00250723
1620	9336	0.00250723
2596	9337	0.00248523
9336	9337	0.00248523
3223	9338	0.0024824
9337	9338	0.0024824
2439	9339	0.00247191
9338	9339	0.00247191
4365	9340	0.00247098
9339	9340	0.00247098
8775	9341	0.00246145
9340	9341	0.00246145
9341	9342	0.00245763
616	9342	0.00245763
575	9343	0.00245002
9342	9343	0.00245002
2832	9344	0.0024452
9343	9344	0.0024452
9344	9345	0.00243853
914	9345	0.00243853
2295	9346	0.00243759
9345	9346	0.00243759
3404	9347	0.00242901
9346	9347	0.00242901
2012	9348	0.00242424
9347	9348	0.00242424
9348	9349	0.00241375
2135	9349	0.00241375
7413	9350	0.00241089
9349	9350	0.00241089
3008	9351	0.00240039
9350	9351	0.00240039
9351	9352	0.00239942
1570	9352	0.00239942
3449	9353	0.00239564
9352	9353	0.00239564
2311	9354	0.00239367
9353	9354	0.00239367
731	9355	0.00232982
1556	9355	0.00232982
1900	9356	0.00238229
9354	9356	0.00238229
4846	9357	0.00236799
9356	9357	0.00236799
4896	9358	0.00236226
9357	9358	0.00236226
9358	9359	0.00235173
2302	9359	0.00235173
4347	9360	0.00233841
9359	9360	0.00233841
8780	9361	0.00232792
9360	9361	0.00232792
4334	9362	0.00232316
9361	9362	0.00232316
1498	9363	0.0023222
9362	9363	0.0023222
3825	9364	0.00232127
9363	9364	0.00232127
3034	9365	0.00232031
9364	9365	0.00232031
3857	9366	0.0023174
9365	9366	0.0023174
3540	9367	0.00230598
9366	9367	0.00230598
2006	9368	0.0022936
9367	9368	0.0022936
1645	9369	0.00228978
9368	9369	0.00228978
9369	9370	0.00228595
4840	9370	0.00228595
4991	9371	0.0022812
302	9371	0.0022812
9370	9371	0.0022812
9371	9372	0.00227451
7407	9372	0.00227451
8791	9373	0.0022688
9372	9373	0.0022688
9355	9374	0.0022545
9373	9374	0.0022545
2551	9375	0.00224878
4121	9375	0.00224878
7359	9375	0.00224878
7392	9375	0.00224878
9374	9375	0.00224878
2044	9376	0.00224209
9375	9376	0.00224209
633	9377	0.00223063
9376	9377	0.00223063
9315	9377	0.00223063
9377	9378	0.00221349
4023	9378	0.00221349
4257	9379	0.00219629
9378	9379	0.00219629
4127	9380	0.00219348
9379	9380	0.00219348
8783	9381	0.00219151
9380	9381	0.00219151
483	9382	0.00218869
9381	9382	0.00218869
4354	9383	0.00218296
9382	9383	0.00218296
3828	9384	0.00217154
9383	9384	0.00217154
4783	9385	0.0021658
9384	9385	0.0021658
478	9386	0.00216479
9385	9386	0.00216479
9331	9387	0.0021639
4680	9387	0.0021639
9386	9387	0.0021639
1173	9388	0.00215718
9387	9388	0.00215718
3784	9389	0.00215149
9388	9389	0.00215149
2339	9390	0.00215054
9389	9390	0.00215054
2819	9391	0.00214674
9390	9391	0.00214674
1287	9392	0.00214581
4085	9392	0.00214581
9391	9392	0.00214581
2791	9393	0.0021438
9392	9393	0.0021438
3796	9394	0.002141
9393	9394	0.002141
1250	9395	0.00213812
9394	9395	0.00213812
9395	9396	0.0021019
2684	9396	0.0021019
4558	9397	0.00208951
9396	9397	0.00208951
3325	9398	0.00208378
9397	9398	0.00208378
2108	9399	0.00207999
9398	9399	0.00207999
3276	9400	0.00206472
9399	9400	0.00206472
2958	9401	0.00206188
9400	9401	0.00206188
4943	9402	0.00205994
9401	9402	0.00205994
4669	9403	0.00205136
4750	9403	0.00205136
9402	9403	0.00205136
4666	9404	0.0020504
9403	9404	0.0020504
251	9405	0.00204658
9404	9405	0.00204658
8763	9406	0.00201891
9405	9406	0.00201891
8779	9407	0.00201415
9406	9407	0.00201415
4858	9408	0.00197029
9407	9408	0.00197029
291	9409	0.00196743
9408	9409	0.00196743
2521	9410	0.00196074
9409	9410	0.00196074
9410	9411	0.00195217
4126	9411	0.00195217
2568	9412	0.00194932
9411	9412	0.00194932
4259	9413	0.00191878
9412	9413	0.00191878
4820	9414	0.00190352
9413	9414	0.00190352
4477	9415	0.0019016
9414	9415	0.0019016
1903	9416	0.00189018
9415	9416	0.00189018
1271	9417	0.00188924
9416	9417	0.00188924
2924	9418	0.00188637
9417	9418	0.00188637
2969	9419	0.0018692
9418	9419	0.0018692
1063	9420	0.00186157
9419	9420	0.00186157
4541	9421	0.00185298
9420	9421	0.00185298
4762	9422	0.00184917
9421	9422	0.00184917
4370	9423	0.00184823
9422	9423	0.00184823
4917	9424	0.00183295
9423	9424	0.00183295
688	9425	0.00182724
9424	9425	0.00182724
3906	9426	0.00182342
9425	9426	0.00182342
9327	9427	0.00182151
2313	9427	0.00182151
9426	9427	0.00182151
1978	9428	0.00180816
9427	9428	0.00180816
4624	9429	0.00180529
9428	9429	0.00180529
1711	9430	0.0017958
9429	9430	0.0017958
3811	9431	0.00179385
9430	9431	0.00179385
9328	9432	0.001791
41	9432	0.001791
9431	9432	0.001791
9329	9433	0.00177762
9432	9433	0.00177762
1667	9434	0.00176907
767	9434	0.00176907
9433	9434	0.00176907
4559	9435	0.00176716
9434	9435	0.00176716
2034	9436	0.00176047
9435	9436	0.00176047
951	9437	0.00175666
9436	9437	0.00175666
3113	9438	0.00173475
9437	9438	0.00173475
8787	9439	0.00173187
9438	9439	0.00173187
309	9440	0.00170994
9439	9440	0.00170994
8777	9441	0.00169181
9440	9441	0.00169181
2300	9442	0.00169087
9441	9442	0.00169087
3896	9443	0.00168323
9442	9443	0.00168323
2922	9444	0.00168228
9443	9444	0.00168228
4665	9445	0.00167752
9444	9445	0.00167752
3406	9446	0.0016737
9445	9446	0.0016737
3239	9447	0.00166036
9446	9447	0.00166036
502	9448	0.00165844
9447	9448	0.00165844
1225	9449	0.00165653
9448	9449	0.00165653
4168	9450	0.00164699
9449	9450	0.00164699
4112	9451	0.0016422
9450	9451	0.0016422
3966	9452	0.0016365
4584	9452	0.0016365
9451	9452	0.0016365
2054	9453	0.00163175
9452	9453	0.00163175
4172	9454	0.00162412
9453	9454	0.00162412
1647	9455	0.00162029
9454	9455	0.00162029
3515	9456	0.00161935
9455	9456	0.00161935
7298	9457	0.00161743
9456	9457	0.00161743
8776	9458	0.00161551
9457	9458	0.00161551
3647	9459	0.00161362
9458	9459	0.00161362
3777	9460	0.00160408
9459	9460	0.00160408
4427	9461	0.00160217
9460	9461	0.00160217
1106	9462	0.00159456
3081	9462	0.00159456
9461	9462	0.00159456
1085	9463	0.00159264
9462	9463	0.00159264
4416	9464	0.00158881
9463	9464	0.00158881
1625	9465	0.00158786
9464	9465	0.00158786
2643	9466	0.00158501
9465	9466	0.00158501
4761	9467	0.00158121
9466	9467	0.00158121
9330	9468	0.00157073
1818	9468	0.00157073
9467	9468	0.00157073
4005	9469	0.00156879
9468	9469	0.00156879
4118	9469	0.00156879
1995	9470	0.00156688
9469	9470	0.00156688
3025	9471	0.00156404
8789	9471	0.00156404
9470	9471	0.00156404
4521	9472	0.00155544
9471	9472	0.00155544
7446	9473	0.00155068
9472	9473	0.00155068
1987	9474	0.0015478
9473	9474	0.0015478
482	9475	0.00153924
8793	9475	0.00153924
9474	9475	0.00153924
1145	9476	0.00152301
9475	9476	0.00152301
721	9477	0.00152018
9476	9477	0.00152018
1688	9478	0.00151729
9477	9478	0.00151729
47	9479	0.00151634
9478	9479	0.00151634
8784	9480	0.00151253
9479	9480	0.00151253
2101	9481	0.00151062
9480	9481	0.00151062
171	9482	0.00150682
9481	9482	0.00150682
1698	9483	0.00150013
3051	9483	0.00150013
9482	9483	0.00150013
5009	9484	0.00148867
9483	9484	0.00148867
4201	9485	0.00147342
9484	9485	0.00147342
7122	9486	0.00146676
9485	9486	0.00146676
4357	9487	0.00146198
9486	9487	0.00146198
4195	9488	0.00144291
9487	9488	0.00144291
883	9489	0.0014286
9488	9489	0.0014286
7336	9490	0.00142765
9489	9490	0.00142765
7358	9491	0.00142193
9490	9491	0.00142193
3789	9492	0.00141333
9491	9492	0.00141333
2327	9493	0.00141145
9492	9493	0.00141145
1115	9494	0.00140857
9493	9494	0.00140857
697	9495	0.0014
9494	9495	0.0014
3307	9496	0.00139904
9495	9496	0.00139904
7405	9497	0.00139713
2506	9497	0.00139713
9496	9497	0.00139713
4913	9498	0.00114823
1844	9498	0.00114823
9498	9499	0.00107384
3951	9499	0.00107384
834	9500	0.00128079
3009	9500	0.00128079
3537	9501	0.0013647
2797	9501	0.0013647
4162	9501	0.0013647
9497	9501	0.0013647
1497	9502	0.00135899
9501	9502	0.00135899
1583	9503	0.001358
9502	9503	0.001358
4342	9504	0.0013571
9503	9504	0.0013571
4899	9505	0.00135422
9504	9505	0.00135422
4002	9506	0.00134851
4756	9506	0.00134851
9505	9506	0.00134851
2215	9507	0.00134564
9506	9507	0.00134564
4931	9508	0.00134278
9507	9508	0.00134278
3072	9509	0.00134181
9508	9509	0.00134181
5088	9510	0.0013361
9509	9510	0.0013361
3057	9511	0.00133323
9510	9511	0.00133323
560	9512	0.00133038
9511	9512	0.00133038
3101	9513	0.00132656
9512	9513	0.00132656
8781	9514	0.00132466
9513	9514	0.00132466
7373	9515	0.00131321
9514	9515	0.00131321
1269	9516	0.00128555
9515	9516	0.00128555
3286	9517	0.00127698
9516	9517	0.00127698
3923	9518	0.00127411
9517	9518	0.00127411
9323	9519	0.00126457
9518	9519	0.00126457
3714	9520	0.00126171
9519	9520	0.00126171
6982	9521	0.00126076
9520	9521	0.00126076
4959	9522	0.00124838
9521	9522	0.00124838
1493	9523	0.00121689
9522	9523	0.00121689
3739	9524	0.00121498
9523	9524	0.00121498
3809	9525	0.00121308
9524	9525	0.00121308
1402	9526	0.00121117
9525	9526	0.00121117
1030	9527	0.00121021
9526	9527	0.00121021
2862	9528	0.00120926
9527	9528	0.00120926
2118	9529	0.0012083
9528	9529	0.0012083
4985	9530	0.00120735
9529	9530	0.00120735
9325	9531	0.0012064
2495	9531	0.0012064
9530	9531	0.0012064
2671	9532	0.00120259
9531	9532	0.00120259
744	9533	0.00120068
9532	9533	0.00120068
4819	9534	0.001194
9533	9534	0.001194
9324	9535	0.00119304
9534	9535	0.00119304
4186	9536	0.00119018
9535	9536	0.00119018
4376	9537	0.0011797
9536	9537	0.0011797
1350	9538	0.00117588
9537	9538	0.00117588
3993	9539	0.00117398
9538	9539	0.00117398
990	9540	0.00116348
9539	9540	0.00116348
7415	9541	0.00115776
9540	9541	0.00115776
1138	9542	0.00115109
9541	9542	0.00115109
2484	9543	0.00113297
9542	9543	0.00113297
3772	9544	0.00112915
301	9544	0.00112915
9543	9544	0.00112915
339	9545	0.00112534
9544	9545	0.00112534
7393	9546	0.00110817
9545	9546	0.00110817
3363	9547	0.00110721
9546	9547	0.00110721
7403	9548	0.00109291
9547	9548	0.00109291
4575	9549	0.0010891
9548	9549	0.0010891
7369	9550	0.00108814
9549	9550	0.00108814
2787	9551	0.00108433
9550	9551	0.00108433
9500	9552	0.00108337
9551	9552	0.00108337
2923	9553	0.00108053
3329	9553	0.00108053
9552	9553	0.00108053
3990	9554	0.0010786
9553	9554	0.0010786
3866	9555	0.0010767
9554	9555	0.0010767
3242	9556	0.00104617
9555	9556	0.00104617
4254	9557	0.00104237
9556	9557	0.00104237
4821	9558	0.0010376
9557	9558	0.0010376
4461	9559	0.00103284
9558	9559	0.00103284
4232	9560	0.00102902
9559	9560	0.00102902
3638	9561	0.00102425
9560	9561	0.00102425
7411	9562	0.00102329
9561	9562	0.00102329
4320	9563	0.00102139
9562	9563	0.00102139
9499	9564	0.000988957
4957	9564	0.000988957
9564	9565	0.00097847
4486	9565	0.00097847
9565	9566	0.000931742
4823	9566	0.000931742
1965	9567	0.000949855
2702	9567	0.000949855
2265	9568	0.00100517
9563	9568	0.00100517
8792	9569	0.000999448
9568	9569	0.000999448
4713	9570	0.000995635
9569	9570	0.000995635
898	9571	0.00099182
9570	9571	0.00099182
4612	9572	0.00097847
9571	9572	0.00097847
5151	9573	0.000965121
9572	9573	0.000965121
8788	9574	0.000960352
7382	9574	0.000960352
9573	9574	0.000960352
5054	9575	0.000957486
9574	9575	0.000957486
957	9576	0.000949855
9575	9576	0.000949855
3864	9577	0.000944138
9576	9577	0.000944138
3300	9578	0.000939373
9577	9578	0.000939373
2970	9579	0.000938411
9578	9579	0.000938411
9579	9580	0.000937462
4484	9580	0.000937462
3493	9581	0.000936508
3706	9581	0.000936508
9580	9581	0.000936508
4412	9582	0.00093365
9581	9582	0.00093365
3558	9583	0.000928881
9582	9583	0.000928881
3475	9584	0.000922203
4388	9584	0.000922203
9583	9584	0.000922203
3591	9585	0.000919342
9584	9585	0.000919342
9567	9586	0.000915529
9585	9586	0.000915529
8790	9587	0.000909795
9586	9587	0.000909795
917	9588	0.000907895
9587	9588	0.000907895
4438	9589	0.000905989
9588	9589	0.000905989
2544	9590	0.000904084
9589	9590	0.000904084
4649	9591	0.000899317
9590	9591	0.000899317
8786	9592	0.000893591
9591	9592	0.000893591
1735	9593	0.000891684
2106	9593	0.000891684
9592	9593	0.000891684
9566	9594	0.000875468
4419	9594	0.000875468
9594	9595	0.000830649
4757	9595	0.000830649
2166	9596	0.000886914
9593	9596	0.000886914
4982	9597	0.000879286
9596	9597	0.000879286
4463	9598	0.000877382
9597	9598	0.000877382
3575	9599	0.000872608
3499	9599	0.000872608
9598	9599	0.000872608
8782	9600	0.000869752
9599	9600	0.000869752
1976	9601	0.000859265
9600	9601	0.000859265
2938	9602	0.00085068
9601	9602	0.00085068
4469	9603	0.00084591
9602	9603	0.00084591
2505	9604	0.000844
9603	9604	0.000844
4249	9605	0.000843049
9604	9605	0.000843049
4589	9606	0.000841142
9605	9606	0.000841142
1629	9607	0.000839235
3482	9607	0.000839235
9606	9607	0.000839235
9595	9608	0.000809671
4467	9608	0.000809671
4966	9609	0.000823021
9607	9609	0.000823021
4037	9610	0.00081825
9609	9610	0.00081825
4306	9611	0.000811576
9610	9611	0.000811576
4845	9612	0.000808714
9611	9612	0.000808714
4949	9613	0.000801085
9612	9613	0.000801085
2746	9614	0.000798226
9613	9614	0.000798226
9322	9615	0.000793458
9614	9615	0.000793458
2583	9616	0.000792502
9615	9616	0.000792502
3687	9617	0.000791549
3943	9617	0.000791549
9616	9617	0.000791549
1054	9618	0.000790596
9617	9618	0.000790596
2079	9619	0.000785828
3849	9619	0.000785828
4532	9619	0.000785828
9618	9619	0.000785828
1555	9620	0.000782967
9619	9620	0.000782967
9608	9621	0.000782014
4129	9621	0.000782014
2475	9621	0.000782014
3930	9621	0.000782014
4547	9621	0.000782014
4550	9621	0.000782014
4653	9621	0.000782014
4754	9621	0.000782014
4950	9621	0.000782014
1786	9621	0.000782014
2928	9621	0.000782014
2977	9621	0.000782014
3400	9621	0.000782014
3929	9621	0.000782014
4225	9621	0.000782014
4351	9621	0.000782014
4454	9621	0.000782014
4472	9621	0.000782014
4540	9621	0.000782014
4662	9621	0.000782014
4953	9621	0.000782014
1451	9621	0.000782014
1804	9621	0.000782014
3919	9621	0.000782014
3942	9621	0.000782014
4029	9621	0.000782014
4191	9621	0.000782014
4344	9621	0.000782014
4359	9621	0.000782014
4466	9621	0.000782014
4543	9621	0.000782014
9620	9621	0.000782014
4925	9622	0.000777248
9621	9622	0.000777248
1306	9623	0.00077629
9622	9623	0.00077629
1020	9624	0.000775336
9623	9624	0.000775336
4401	9625	0.000761984
9624	9625	0.000761984
2017	9626	0.000759125
9625	9626	0.000759125
4194	9627	0.000756264
9626	9627	0.000756264
4671	9628	0.000750542
9627	9628	0.000750542
222	9629	0.000749586
9628	9629	0.000749586
3427	9630	0.000744823
9629	9630	0.000744823
1431	9631	0.000742914
9630	9631	0.000742914
160	9632	0.000739099
9631	9632	0.000739099
286	9633	0.000734331
9632	9633	0.000734331
4083	9634	0.000732424
4697	9634	0.000732424
9633	9634	0.000732424
4323	9635	0.000723836
9634	9635	0.000723836
9320	9636	0.000714302
9635	9636	0.000714302
7384	9637	0.000713348
9636	9637	0.000713348
4034	9638	0.000711442
9637	9638	0.000711442
4509	9639	0.000710487
9638	9639	0.000710487
4503	9640	0.000707624
9639	9640	0.000707624
4674	9641	0.000705715
2762	9641	0.000705715
4654	9641	0.000705715
9640	9641	0.000705715
4013	9642	0.000695226
9641	9642	0.000695226
934	9643	0.000692366
9642	9643	0.000692366
3589	9644	0.000687599
9643	9644	0.000687599
4579	9645	0.000684739
9644	9645	0.000684739
9318	9646	0.000681878
9645	9646	0.000681878
2741	9647	0.000680924
9646	9647	0.000680924
3437	9648	0.000679969
3174	9648	0.000679969
9647	9648	0.000679969
4202	9649	0.000673296
9648	9649	0.000673296
2729	9650	0.000671389
9649	9650	0.000671389
3315	9651	0.000659942
9650	9651	0.000659942
2659	9652	0.000658989
9651	9652	0.000658989
4204	9653	0.000649452
9652	9653	0.000649452
3703	9654	0.000648498
3405	9654	0.000648498
9653	9654	0.000648498
1399	9655	0.000644685
3653	9655	0.000644685
9654	9655	0.000644685
9317	9656	0.000632285
9655	9656	0.000632285
2028	9657	0.000629426
3205	9657	0.000629426
9656	9657	0.000629426
7332	9658	0.000628471
9657	9658	0.000628471
3559	9659	0.000626563
9658	9659	0.000626563
3047	9660	0.00062275
9659	9660	0.00062275
4926	9661	0.000606539
9660	9661	0.000606539
83	9662	0.000603676
9661	9662	0.000603676
1814	9663	0.000597954
9662	9663	0.000597954
2042	9664	0.000597001
4404	9664	0.000597001
9663	9664	0.000597001
236	9665	0.000593185
9664	9665	0.000593185
1878	9666	0.00058651
9665	9666	0.00058651
4676	9667	0.000585555
9666	9667	0.000585555
1966	9668	0.000584602
9667	9668	0.000584602
4293	9669	0.000547409
9668	9669	0.000547409
4730	9670	0.000540733
9669	9670	0.000540733
221	9671	0.000532151
9670	9671	0.000532151
600	9672	0.000530243
9671	9672	0.000530243
2134	9673	0.000528337
9672	9673	0.000528337
2276	9674	0.00052452
9673	9674	0.00052452
4617	9675	0.000522613
9674	9675	0.000522613
4689	9676	0.00051403
9675	9676	0.00051403
3928	9677	0.00051117
9676	9677	0.00051117
1051	9678	0.000505449
9677	9678	0.000505449
1043	9679	0.000499726
9678	9679	0.000499726
1901	9680	0.000494003
9679	9680	0.000494003
468	9681	0.000486374
3839	9681	0.000486374
9680	9681	0.000486374
4322	9682	0.00048542
9681	9682	0.00048542
2885	9683	0.000483513
9682	9683	0.000483513
4573	9684	0.000482559
9683	9684	0.000482559
2972	9685	0.000468253
9684	9685	0.000468253
2894	9686	0.000466347
331	9686	0.000466347
9685	9686	0.000466347
9321	9687	0.000462532
9686	9687	0.000462532
3277	9688	0.000453949
9687	9688	0.000453949
3428	9689	0.000434876
9688	9689	0.000434876
3597	9690	0.000431061
9689	9690	0.000431061
7240	9691	0.0004282
9690	9691	0.0004282
2503	9692	0.000419616
9691	9692	0.000419616
739	9693	0.000416756
9692	9693	0.000416756
2705	9694	0.00041008
9693	9694	0.00041008
54	9695	0.000404358
9694	9695	0.000404358
276	9696	0.000394821
9695	9696	0.000394821
3289	9697	0.000391006
9696	9697	0.000391006
2322	9698	0.000389099
9697	9698	0.000389099
3922	9699	0.000388145
4908	9699	0.000388145
9698	9699	0.000388145
3372	9700	0.000387191
9699	9700	0.000387191
761	9701	0.000377655
9700	9701	0.000377655
8785	9702	0.000376702
9701	9702	0.000376702
3622	9703	0.000367165
9702	9703	0.000367165
3838	9703	0.000367165
3631	9704	0.000365257
9703	9704	0.000365257
4329	9705	0.000356674
9704	9705	0.000356674
978	9706	0.000353812
9705	9706	0.000353812
3394	9707	0.000352859
9706	9707	0.000352859
3352	9708	0.000338554
9707	9708	0.000338554
3481	9709	0.000331879
9708	9709	0.000331879
2584	9710	0.000329972
9709	9710	0.000329972
3727	9711	0.000328066
9710	9711	0.000328066
2052	9712	0.000324249
9711	9712	0.000324249
970	9713	0.000292778
9712	9713	0.000292778
1187	9714	0.00028038
9713	9714	0.00028038
2373	9715	0.000271797
9714	9715	0.000271797
2388	9716	0.000265122
9715	9716	0.000265122
2471	9717	0.000264168
9716	9717	0.000264168
2255	9718	0.000261307
9717	9718	0.000261307
4636	9719	0.000244141
9718	9719	0.000244141
186	9720	0.000227928
9719	9720	0.000227928
3979	9721	0.000218392
9720	9721	0.000218392
4595	9722	0.000212669
9721	9722	0.000212669
5057	9723	0.000210762
9722	9723	0.000210762
4092	9724	0.000207901
9723	9724	0.000207901
1534	9725	0.000204087
9724	9725	0.000204087
7414	9726	0.000192642
9725	9726	0.000192642
3252	9727	0.000191688
9726	9727	0.000191688
3646	9728	0.000185013
9727	9728	0.000185013
4307	9729	0.000183105
9728	9729	0.000183105
4040	9730	0.000159264
9729	9730	0.000159264
4802	9731	0.000149727
9730	9731	0.000149727
2844	9732	0.000136375
9731	9732	0.000136375
2733	9733	0.000127792
9732	9733	0.000127792
7420	9734	7.9155e-05
9733	9734	7.9155e-05
4047	9735	5.05447e-05
9734	9735	5.05447e-05