"gene","p.projection","q.projection"
"AKT1",0,0
"CBFB",0,0
"CDKN1B",0,0
"FOXA1",0,0
"GATA3",0,0
"MAP2K4",0,0
"PIK3CA",0,0
"PIK3R1",0,0
"PTEN",0,0
"RUNX1",0,0
"TBX3",0,0
"TP53",0,0
"CDH1",6.21724893790088e-15,7.17374877450101e-15
"MAP3K1",1.0991207943789e-14,1.17762942254883e-14
"NCOR1",7.80431275160254e-12,7.80431275160254e-12
