"gene","p.ct","q.ct"
"AKT1",0,0
"CBFB",0,0
"CDH1",0,0
"GATA3",0,0
"MAP2K4",0,0
"MAP3K1",0,0
"NCOR1",0,0
"PIK3CA",0,0
"PIK3R1",0,0
"PTEN",0,0
"RUNX1",0,0
"TBX3",0,0
"TP53",0,0
"CDKN1B",4.50310605931811e-18,6.06697046363272e-15
"FOXA1",1.21472199287556e-12,1.52747241530792e-09
